Realization	utility	week	infra.
0	0	887	29
0	0	1774	30
1	0	887	29
2	0	782	30
3	0	1200	30
4	0	730	30
5	0	574	29
6	0	678	30
7	0	1043	30
8	0	991	30
10	0	521	29
10	0	1043	30
12	0	1878	30
13	0	1826	30
14	0	469	29
14	0	991	30
15	0	521	29
15	0	2191	30
16	0	574	29
16	0	1878	30
17	0	574	29
17	0	1095	30
18	0	574	29
19	0	1878	30
20	0	678	30
21	0	469	29
21	0	991	30
22	0	1148	30
23	0	521	29
23	0	1095	30
24	0	521	29
24	0	1043	30
25	0	1565	30
26	0	730	30
27	0	574	29
27	0	1878	30
28	0	991	30
29	0	1095	30
30	0	1304	30
31	0	782	30
32	0	1148	30
33	0	730	30
34	0	1043	30
35	0	574	29
35	0	1878	30
36	0	574	29
37	0	887	30
38	0	834	30
39	0	574	29
39	0	2139	30
40	0	574	29
40	0	1095	30
41	0	887	30
42	0	991	30
43	0	574	29
43	0	1930	30
45	0	1304	29
45	0	2295	30
46	0	521	29
47	0	1252	30
48	0	2295	30
49	0	574	29
49	0	1826	30
50	0	1669	30
51	0	1878	30
52	0	2035	30
53	0	521	29
53	0	1095	30
55	0	834	30
56	0	1408	30
57	0	521	29
57	0	1043	30
58	0	782	30
59	0	521	29
59	0	1043	30
60	0	1826	30
61	0	1304	29
62	0	574	29
62	0	1826	30
63	0	782	30
64	0	1982	30
65	0	626	30
66	0	1252	30
67	0	834	30
68	0	1513	30
69	0	1095	30
70	0	678	30
71	0	1148	30
73	0	1826	30
74	0	1826	30
75	0	939	29
76	0	1513	30
77	0	1774	30
78	0	1513	30
79	0	834	30
80	0	1200	29
81	0	626	30
82	0	782	30
83	0	1200	30
84	0	782	30
86	0	1356	30
87	0	469	29
87	0	991	30
88	0	834	30
89	0	991	30
90	0	1252	30
91	0	782	30
92	0	521	29
92	0	1043	30
93	0	1513	30
94	0	2035	30
95	0	1722	30
96	0	1148	30
97	0	1461	30
98	0	1826	30
99	0	1200	30
100	0	1722	30
101	0	887	30
102	0	834	30
103	0	1043	30
104	0	626	30
106	0	939	30
107	0	574	29
107	0	1095	30
108	0	574	29
109	0	1461	30
110	0	574	29
110	0	1774	30
111	0	834	30
112	0	834	30
113	0	469	29
113	0	991	30
114	0	782	30
115	0	1513	30
116	0	1408	30
117	0	1513	30
118	0	1200	30
119	0	1200	30
120	0	1043	30
121	0	1408	30
122	0	939	29
122	0	1826	30
123	0	2139	30
124	0	887	29
124	0	1930	30
125	0	730	30
126	0	574	30
127	0	574	29
127	0	1095	30
128	0	521	29
128	0	1043	30
129	0	1148	30
130	0	626	30
131	0	730	30
132	0	574	29
133	0	782	30
134	0	1043	30
135	0	574	29
135	0	1930	30
136	0	469	29
136	0	991	30
137	0	834	30
138	0	574	29
138	0	1095	30
139	0	939	29
139	0	1826	30
140	0	1930	30
141	0	521	29
141	0	1043	30
142	0	1252	30
143	0	1252	30
145	0	1200	30
146	0	730	30
147	0	887	30
148	0	1356	30
149	0	574	29
149	0	1095	30
150	0	574	29
150	0	1982	30
151	0	1356	30
152	0	730	30
153	0	991	30
154	0	574	29
154	0	1095	30
155	0	521	29
155	0	1043	30
156	0	521	29
156	0	1043	30
158	0	626	30
159	0	574	29
159	0	1095	30
160	0	887	30
161	0	1826	30
162	0	1043	30
163	0	1617	30
164	0	574	29
165	0	730	30
166	0	1826	30
167	0	1617	30
169	0	887	29
170	0	574	29
170	0	1095	30
171	0	1461	30
172	0	1148	30
173	0	1408	30
174	0	1043	30
175	0	834	30
176	0	521	29
177	0	1722	30
178	0	2139	30
179	0	730	30
180	0	2191	30
181	0	521	29
181	0	1043	30
182	0	887	30
183	0	574	30
184	0	1617	30
185	0	730	30
186	0	2191	30
187	0	991	30
188	0	1826	30
189	0	1043	30
190	0	1200	30
191	0	887	29
192	0	782	30
193	0	678	30
194	0	730	30
196	0	469	29
196	0	991	30
198	0	730	30
199	0	521	29
199	0	1043	30
200	0	1200	30
201	0	1878	30
202	0	1148	30
203	0	991	30
204	0	574	29
204	0	1878	30
205	0	1408	30
206	0	521	29
206	0	1043	30
207	0	574	29
207	0	1095	30
208	0	521	29
208	0	2139	30
210	0	730	30
211	0	1669	30
212	0	1095	30
213	0	1617	30
215	0	1304	30
216	0	2191	30
217	0	1148	30
218	0	834	30
219	0	2295	30
220	0	1617	30
221	0	834	30
222	0	1878	30
223	0	1669	30
224	0	1200	30
225	0	574	29
225	0	1095	30
226	0	574	30
227	0	887	30
228	0	521	29
228	0	1043	30
229	0	1043	30
230	0	469	29
230	0	991	30
231	0	469	29
231	0	991	30
232	0	574	29
232	0	1095	30
233	0	1252	30
235	0	1669	30
236	0	1826	30
237	0	1356	30
239	0	1408	30
240	0	574	29
240	0	1095	30
241	0	991	30
242	0	834	30
243	0	469	29
243	0	991	30
244	0	521	29
244	0	1043	30
245	0	1304	30
248	0	521	29
248	0	1043	30
249	0	521	29
249	0	1043	30
250	0	521	29
250	0	1043	30
251	0	887	30
252	0	1878	30
253	0	1356	30
255	0	1148	30
256	0	1095	30
257	0	1252	30
258	0	887	29
258	0	2087	30
259	0	521	29
259	0	1043	30
260	0	521	29
262	0	991	30
263	0	2139	30
264	0	574	29
265	0	1200	29
266	0	574	29
266	0	2139	30
267	0	521	29
267	0	1043	30
268	0	1043	30
269	0	1043	29
269	0	1930	30
270	0	991	30
271	0	782	30
272	0	521	29
272	0	1043	30
274	0	1304	30
275	0	1878	30
277	0	1930	30
278	0	1669	30
279	0	1252	30
280	0	1304	30
282	0	1669	30
283	0	1200	30
284	0	574	29
284	0	1095	30
285	0	1148	30
286	0	521	29
286	0	1043	30
287	0	1304	30
288	0	1252	29
289	0	2191	30
291	0	834	30
292	0	1774	30
293	0	521	29
293	0	1043	30
294	0	574	29
295	0	1356	30
296	0	521	29
297	0	2139	30
298	0	1148	30
299	0	574	29
300	0	417	29
301	0	521	29
301	0	1043	30
302	0	1200	29
302	0	2087	30
303	0	469	29
303	0	991	30
304	0	521	29
304	0	1043	30
306	0	469	29
306	0	991	30
307	0	939	30
308	0	887	30
309	0	521	29
309	0	1043	30
310	0	782	30
311	0	1669	30
312	0	1304	30
313	0	1095	30
314	0	1304	30
315	0	887	30
317	0	1252	30
318	0	1722	30
319	0	1826	30
320	0	1200	30
321	0	887	29
322	0	521	30
323	0	1878	30
324	0	1356	30
325	0	1304	30
326	0	574	29
327	0	1095	30
328	0	1408	30
329	0	1669	30
330	0	991	30
331	0	887	29
332	0	730	30
333	0	574	29
333	0	1095	30
334	0	1304	30
335	0	574	29
335	0	1095	30
336	0	574	29
336	0	2087	30
337	0	1513	30
338	0	1930	30
339	0	887	29
340	0	1200	30
341	0	1148	30
342	0	521	29
342	0	1043	30
343	0	574	29
343	0	1095	30
344	0	2191	30
345	0	887	30
346	0	730	30
347	0	1304	29
348	0	574	29
348	0	1878	30
349	0	574	29
349	0	1095	30
350	0	2191	30
351	0	730	30
352	0	782	30
353	0	574	29
354	0	469	29
354	0	991	30
355	0	1200	29
356	0	1095	30
357	0	678	30
358	0	1148	30
360	0	887	30
361	0	678	30
362	0	2087	30
364	0	574	29
365	0	1930	30
366	0	991	30
367	0	574	29
368	0	574	29
368	0	1095	30
369	0	678	30
371	0	521	29
371	0	2295	30
372	0	1043	30
374	0	1669	30
375	0	1408	30
376	0	834	30
377	0	1304	30
378	0	1148	30
379	0	1304	29
380	0	834	30
381	0	782	30
382	0	1200	29
383	0	1408	30
384	0	1200	29
385	0	939	30
386	0	678	30
387	0	782	30
388	0	2087	30
389	0	574	29
390	0	521	29
390	0	1043	30
391	0	626	30
392	0	1826	30
393	0	521	29
393	0	1043	30
394	0	782	30
395	0	991	30
396	0	574	29
396	0	1095	30
397	0	1148	30
398	0	887	30
399	0	469	29
399	0	991	30
400	0	678	30
401	0	2243	30
402	0	782	30
403	0	1982	30
404	0	1095	30
405	0	1252	30
406	0	574	29
407	0	1200	30
409	0	1513	30
410	0	1304	30
411	0	521	29
411	0	1043	30
412	0	887	29
412	0	1774	30
413	0	574	29
413	0	1095	30
414	0	730	30
415	0	1252	29
415	0	1930	30
416	0	1826	30
417	0	678	30
418	0	678	30
419	0	521	29
419	0	1095	30
420	0	991	30
421	0	2035	30
422	0	1461	30
423	0	1095	30
424	0	521	29
424	0	1043	30
425	0	834	30
426	0	1043	30
427	0	2087	30
428	0	521	29
429	0	887	30
430	0	574	29
431	0	521	29
431	0	1043	30
432	0	730	30
433	0	887	30
434	0	991	29
434	0	1878	30
435	0	469	29
435	0	991	30
436	0	574	29
436	0	1095	30
437	0	521	29
438	0	939	30
439	0	1304	30
440	0	730	30
442	0	1043	30
443	0	1043	30
444	0	1774	30
445	0	574	29
445	0	2087	30
446	0	1304	30
447	0	1774	30
448	0	2191	30
449	0	2139	30
450	0	2243	30
451	0	1043	30
452	0	782	30
453	0	521	29
453	0	1043	30
454	0	1461	30
455	0	1200	30
456	0	1252	30
457	0	782	30
459	0	1930	30
460	0	574	29
461	0	521	29
461	0	1095	30
462	0	939	30
463	0	730	30
464	0	1095	30
465	0	574	29
466	0	521	29
466	0	1043	30
467	0	521	29
468	0	574	29
469	0	521	29
469	0	1043	30
470	0	1982	30
471	0	1356	30
472	0	521	29
472	0	2191	30
473	0	1043	30
474	0	574	29
474	0	1095	30
475	0	1617	30
476	0	1565	30
478	0	939	30
480	0	939	30
481	0	730	30
482	0	782	30
483	0	1669	30
484	0	2035	30
485	0	1356	30
486	0	1304	30
487	0	574	29
488	0	1304	30
489	0	574	29
489	0	1095	30
490	0	1043	30
491	0	1304	29
492	0	1095	30
494	0	574	29
495	0	1043	30
496	0	991	30
497	0	521	29
498	0	730	30
499	0	730	30
500	0	521	29
500	0	1043	30
501	0	1408	30
502	0	1043	30
503	0	574	29
503	0	1095	30
505	0	1513	30
506	0	1095	30
507	0	2035	30
508	0	939	29
508	0	1826	30
510	0	1930	30
512	0	1095	30
513	0	1095	30
514	0	730	30
515	0	521	29
515	0	1043	30
516	0	1461	30
517	0	1356	30
518	0	991	30
519	0	574	29
519	0	1878	30
520	0	574	29
521	0	574	29
521	0	1095	30
522	0	991	30
523	0	574	29
523	0	1095	30
524	0	2295	30
525	0	730	30
526	0	1982	30
527	0	469	29
527	0	991	30
528	0	574	29
528	0	1095	30
529	0	887	29
529	0	1774	30
530	0	1252	30
531	0	1148	30
532	0	1095	30
533	0	2087	30
534	0	887	29
534	0	1774	30
535	0	1982	30
536	0	1408	30
537	0	834	30
538	0	469	29
538	0	991	30
539	0	574	29
540	0	1982	30
541	0	521	29
542	0	991	30
543	0	1148	30
544	0	626	30
545	0	1669	30
546	0	1200	30
547	0	887	30
548	0	1722	30
549	0	1304	30
550	0	521	29
550	0	1043	30
551	0	521	29
551	0	1043	30
552	0	1408	30
553	0	1095	30
554	0	469	29
554	0	991	30
555	0	469	29
555	0	991	30
556	0	991	30
557	0	1930	30
558	0	574	29
559	0	1043	30
560	0	1617	30
561	0	1095	30
562	0	1148	30
563	0	939	30
564	0	1461	30
565	0	574	29
565	0	1095	30
566	0	574	29
567	0	782	30
568	0	521	29
568	0	1043	30
569	0	1148	30
570	0	1200	30
571	0	521	29
571	0	1095	30
572	0	1408	30
573	0	2243	30
574	0	991	30
575	0	521	29
575	0	1043	30
576	0	1148	30
577	0	887	29
577	0	1774	30
578	0	1200	30
579	0	939	30
581	0	1200	30
582	0	1043	30
583	0	887	29
583	0	1774	30
584	0	521	29
585	0	521	29
585	0	1043	30
586	0	887	30
587	0	469	29
587	0	991	30
588	0	678	30
589	0	626	30
590	0	574	29
590	0	1878	30
591	0	1774	30
593	0	834	30
594	0	1095	30
595	0	574	29
595	0	1095	30
596	0	991	30
597	0	991	30
598	0	521	29
598	0	1043	30
599	0	574	29
599	0	1095	30
600	0	1826	30
601	0	730	30
602	0	1408	30
603	0	887	30
604	0	1043	30
605	0	1252	30
606	0	991	30
607	0	574	30
608	0	574	29
608	0	1878	30
610	0	2139	30
611	0	991	30
612	0	1148	30
613	0	1461	30
614	0	1200	30
615	0	1095	30
616	0	1148	30
617	0	1982	30
619	0	1461	30
620	0	574	29
621	0	1095	30
622	0	469	29
622	0	991	30
623	0	1565	30
624	0	574	29
625	0	1200	30
626	0	730	30
627	0	730	30
628	0	939	30
629	0	1461	30
630	0	1043	30
631	0	887	30
632	0	574	29
632	0	1095	30
633	0	1617	30
634	0	1200	30
635	0	1461	30
638	0	1930	30
639	0	574	29
639	0	1095	30
640	0	1930	30
641	0	939	30
642	0	1252	30
644	0	782	30
645	0	1095	30
646	0	574	29
646	0	1095	30
647	0	2243	30
648	0	1095	30
649	0	574	29
649	0	1878	30
650	0	1617	30
651	0	1200	29
652	0	939	30
653	0	730	30
654	0	1148	30
655	0	991	30
656	0	887	30
657	0	574	29
658	0	730	30
659	0	1148	30
660	0	1878	30
661	0	574	29
661	0	1930	30
662	0	834	30
663	0	1148	30
664	0	574	29
664	0	1774	30
665	0	939	29
666	0	574	29
666	0	1095	30
667	0	521	29
668	0	1200	30
669	0	1095	30
670	0	1148	30
671	0	1669	30
672	0	939	30
673	0	1200	30
674	0	1043	30
675	0	1148	30
676	0	574	29
676	0	1095	30
677	0	991	30
678	0	574	29
678	0	2191	30
679	0	1461	30
680	0	1095	30
681	0	1252	30
682	0	626	30
683	0	1356	30
684	0	1043	30
685	0	678	30
686	0	574	29
687	0	1513	30
688	0	1408	30
689	0	1200	30
690	0	887	30
691	0	1200	29
691	0	1774	30
692	0	834	30
693	0	834	30
694	0	834	30
695	0	521	29
695	0	1043	30
696	0	1252	30
697	0	521	29
697	0	1878	30
698	0	1722	30
699	0	939	30
700	0	887	30
701	0	1043	30
702	0	834	30
703	0	469	29
703	0	1774	30
705	0	1200	30
706	0	521	29
706	0	1043	30
707	0	730	30
708	0	1200	30
709	0	782	30
710	0	730	30
711	0	1095	30
712	0	1148	30
714	0	887	29
714	0	2087	30
715	0	991	30
716	0	574	29
716	0	1095	30
717	0	1148	30
718	0	574	29
718	0	1774	30
719	0	1408	30
720	0	2243	30
721	0	991	30
722	0	469	29
722	0	991	30
723	0	782	30
724	0	1878	30
725	0	782	30
726	0	991	30
727	0	1513	30
728	0	1878	30
729	0	1252	29
730	0	1095	30
731	0	521	29
731	0	1043	30
732	0	1252	29
733	0	574	29
733	0	1826	30
734	0	469	29
734	0	991	30
735	0	2035	30
736	0	1148	30
737	0	574	29
737	0	1826	30
738	0	678	30
739	0	1148	30
741	0	834	30
742	0	574	29
742	0	1095	30
743	0	521	29
743	0	1043	30
744	0	1200	30
745	0	1878	30
746	0	1252	30
747	0	887	30
748	0	2087	30
749	0	1774	30
750	0	1200	29
751	0	2243	30
752	0	1148	30
753	0	521	29
753	0	1043	30
754	0	574	29
754	0	1095	30
755	0	574	29
755	0	2243	30
756	0	574	29
756	0	1095	30
757	0	1774	30
758	0	574	29
758	0	1095	30
759	0	1513	30
760	0	1043	30
761	0	1043	30
762	0	834	30
763	0	1304	30
764	0	887	30
765	0	521	29
766	0	574	29
767	0	1252	30
768	0	1669	30
769	0	1774	30
770	0	2035	30
771	0	1148	30
772	0	1252	30
773	0	1513	30
774	0	521	29
774	0	1043	30
775	0	1461	30
776	0	469	29
776	0	991	30
777	0	2087	30
778	0	1252	29
779	0	1982	30
780	0	939	30
781	0	782	30
782	0	834	30
783	0	1669	30
784	0	521	29
785	0	730	30
786	0	1252	30
787	0	1513	30
788	0	730	30
789	0	1095	30
790	0	1095	30
791	0	1513	30
792	0	730	30
793	0	521	29
793	0	1043	30
794	0	521	29
795	0	1878	30
796	0	1513	30
797	0	574	29
798	0	1200	30
800	0	1461	30
801	0	1356	30
802	0	834	30
803	0	887	30
804	0	730	30
806	0	1461	30
807	0	887	29
807	0	1774	30
808	0	1982	30
809	0	1826	30
810	0	469	29
810	0	991	30
811	0	521	29
811	0	1043	30
812	0	521	29
812	0	1095	30
813	0	887	30
814	0	1095	30
815	0	521	30
816	0	1148	30
817	0	2243	30
818	0	939	30
819	0	1617	30
820	0	782	30
821	0	1148	30
822	0	521	29
822	0	1043	30
823	0	887	29
823	0	1774	30
824	0	1095	30
825	0	1043	30
826	0	1095	30
827	0	1774	30
828	0	1252	30
829	0	1982	30
830	0	1148	30
831	0	626	30
832	0	991	29
832	0	1878	30
833	0	1252	30
834	0	574	29
834	0	1774	30
835	0	782	30
836	0	2087	30
837	0	1461	30
838	0	417	29
838	0	939	30
839	0	1408	30
840	0	469	29
840	0	991	30
841	0	626	30
842	0	939	30
843	0	574	29
843	0	1095	30
844	0	1513	30
845	0	1252	30
846	0	1513	30
847	0	1200	30
848	0	469	29
848	0	991	30
849	0	2035	30
850	0	521	29
850	0	1095	30
853	0	1513	30
854	0	1148	30
855	0	678	30
856	0	1252	29
857	0	1669	30
858	0	887	30
860	0	1513	30
861	0	1304	29
862	0	1461	30
863	0	574	30
864	0	521	29
864	0	1043	30
865	0	521	29
865	0	2191	30
866	0	574	29
866	0	1095	30
867	0	730	30
868	0	574	29
868	0	2191	30
869	0	1043	30
870	0	1148	30
871	0	1200	30
873	0	521	29
873	0	1043	30
875	0	730	30
876	0	521	29
877	0	521	29
877	0	1043	30
878	0	1252	30
879	0	782	30
880	0	887	29
880	0	1774	30
882	0	1356	30
883	0	1982	30
884	0	574	29
885	0	991	29
885	0	1878	30
886	0	1461	30
887	0	887	30
888	0	1982	30
889	0	1513	30
890	0	1252	30
891	0	574	29
892	0	1565	30
893	0	730	30
894	0	834	30
895	0	730	30
896	0	1200	29
897	0	626	30
898	0	469	29
898	0	1095	30
899	0	521	29
899	0	1043	30
900	0	1200	30
901	0	574	29
901	0	1095	30
902	0	1043	30
903	0	574	29
903	0	1774	30
905	0	1356	30
906	0	521	29
907	0	2191	30
908	0	574	29
908	0	1826	30
909	0	1982	30
910	0	1200	30
911	0	1982	30
912	0	574	29
913	0	1356	30
914	0	991	30
915	0	1356	30
916	0	574	29
916	0	1826	30
917	0	782	30
918	0	1200	30
919	0	1565	30
920	0	1356	30
921	0	939	30
922	0	887	30
923	0	1408	30
924	0	574	29
924	0	1095	30
925	0	574	29
926	0	834	30
927	0	887	30
929	0	1252	29
929	0	2139	30
931	0	521	29
931	0	1043	30
932	0	1252	30
933	0	1252	30
934	0	1200	30
935	0	521	29
936	0	939	30
937	0	1826	30
938	0	417	29
939	0	1461	30
940	0	782	30
941	0	521	29
941	0	1043	30
942	0	521	30
943	0	2243	30
944	0	834	30
945	0	1826	30
946	0	939	30
947	0	574	29
947	0	1095	30
948	0	574	29
948	0	2295	30
949	0	469	29
949	0	991	30
950	0	887	29
950	0	1774	30
953	0	991	29
953	0	1878	30
954	0	469	29
954	0	991	30
956	0	991	30
958	0	1617	30
960	0	939	30
961	0	834	30
962	0	2035	30
963	0	574	29
964	0	521	29
964	0	1043	30
965	0	1095	30
966	0	521	29
966	0	2087	30
967	0	2139	30
968	0	678	30
969	0	730	30
971	0	574	29
971	0	1982	30
972	0	521	29
972	0	1043	30
973	0	782	30
974	0	782	30
975	0	1356	30
976	0	782	30
977	0	1982	30
978	0	574	29
978	0	1826	30
979	0	1304	30
980	0	1930	30
981	0	991	30
982	0	678	30
983	0	521	29
984	0	1148	30
985	0	1148	30
986	0	2295	30
987	0	1304	30
988	0	730	30
989	0	521	29
989	0	1043	30
990	0	1826	30
994	0	2087	30
995	0	521	29
995	0	1043	30
996	0	1200	30
997	0	2243	30
998	0	782	30
999	0	1617	30
0	1	887	29
0	1	1774	30
1	1	887	29
2	1	782	30
3	1	1200	30
4	1	730	30
5	1	574	29
6	1	678	30
7	1	1043	30
8	1	991	30
10	1	521	29
10	1	1043	30
12	1	1878	30
13	1	1826	30
14	1	469	29
14	1	991	30
15	1	521	29
15	1	2191	30
16	1	574	29
16	1	1878	30
17	1	574	29
17	1	1095	30
18	1	574	29
19	1	1878	30
20	1	678	30
21	1	469	29
21	1	991	30
22	1	1148	30
23	1	521	29
23	1	1095	30
24	1	521	29
24	1	1043	30
25	1	1565	30
26	1	730	30
27	1	574	29
27	1	1878	30
28	1	991	30
29	1	1095	30
30	1	1304	30
31	1	782	30
32	1	1148	30
33	1	730	30
34	1	1043	30
35	1	574	29
35	1	1878	30
36	1	574	29
37	1	887	30
38	1	834	30
39	1	574	29
39	1	2139	30
40	1	574	29
40	1	1095	30
41	1	887	30
42	1	991	30
43	1	574	29
43	1	1930	30
45	1	1304	29
45	1	2295	30
46	1	521	29
47	1	1252	30
48	1	2295	30
49	1	574	29
49	1	1826	30
50	1	1669	30
51	1	1878	30
52	1	2035	30
53	1	521	29
53	1	1095	30
55	1	834	30
56	1	1408	30
57	1	521	29
57	1	1043	30
58	1	782	30
59	1	521	29
59	1	1043	30
60	1	1826	30
61	1	1304	29
62	1	574	29
62	1	1826	30
63	1	782	30
64	1	1982	30
65	1	626	30
66	1	1252	30
67	1	834	30
68	1	1513	30
69	1	1095	30
70	1	678	30
71	1	1148	30
73	1	1826	30
74	1	1826	30
75	1	939	29
76	1	1513	30
77	1	1774	30
78	1	1513	30
79	1	834	30
80	1	1200	29
81	1	626	30
82	1	782	30
83	1	1200	30
84	1	782	30
86	1	1356	30
87	1	469	29
87	1	991	30
88	1	834	30
89	1	991	30
90	1	1252	30
91	1	782	30
92	1	521	29
92	1	1043	30
93	1	1513	30
94	1	2035	30
95	1	1722	30
96	1	1148	30
97	1	1461	30
98	1	1826	30
99	1	1200	30
100	1	1722	30
101	1	887	30
102	1	834	30
103	1	1043	30
104	1	626	30
106	1	939	30
107	1	574	29
107	1	1095	30
108	1	574	29
109	1	1461	30
110	1	574	29
110	1	1774	30
111	1	834	30
112	1	834	30
113	1	469	29
113	1	991	30
114	1	782	30
115	1	1513	30
116	1	1408	30
117	1	1513	30
118	1	1200	30
119	1	1200	30
120	1	1043	30
121	1	1408	30
122	1	939	29
122	1	1826	30
123	1	2139	30
124	1	887	29
124	1	1930	30
125	1	730	30
126	1	574	30
127	1	574	29
127	1	1095	30
128	1	521	29
128	1	1043	30
129	1	1148	30
130	1	626	30
131	1	730	30
132	1	574	29
133	1	782	30
134	1	1043	30
135	1	574	29
135	1	1930	30
136	1	469	29
136	1	991	30
137	1	834	30
138	1	574	29
138	1	1095	30
139	1	939	29
139	1	1826	30
140	1	1930	30
141	1	521	29
141	1	1043	30
142	1	1252	30
143	1	1252	30
145	1	1200	30
146	1	730	30
147	1	887	30
148	1	1356	30
149	1	574	29
149	1	1095	30
150	1	574	29
150	1	1982	30
151	1	1356	30
152	1	730	30
153	1	991	30
154	1	574	29
154	1	1095	30
155	1	521	29
155	1	1043	30
156	1	521	29
156	1	1043	30
158	1	626	30
159	1	574	29
159	1	1095	30
160	1	887	30
161	1	1826	30
162	1	1043	30
163	1	1617	30
164	1	574	29
165	1	730	30
166	1	1826	30
167	1	1617	30
169	1	887	29
170	1	574	29
170	1	1095	30
171	1	1461	30
172	1	1148	30
173	1	1408	30
174	1	1043	30
175	1	834	30
176	1	521	29
177	1	1722	30
178	1	2139	30
179	1	730	30
180	1	2191	30
181	1	521	29
181	1	1043	30
182	1	887	30
183	1	574	30
184	1	1617	30
185	1	730	30
186	1	2191	30
187	1	991	30
188	1	1826	30
189	1	1043	30
190	1	1200	30
191	1	887	29
192	1	782	30
193	1	678	30
194	1	730	30
196	1	469	29
196	1	991	30
198	1	730	30
199	1	521	29
199	1	1043	30
200	1	1200	30
201	1	1878	30
202	1	1148	30
203	1	991	30
204	1	574	29
204	1	1878	30
205	1	1408	30
206	1	521	29
206	1	1043	30
207	1	574	29
207	1	1095	30
208	1	521	29
208	1	2139	30
210	1	730	30
211	1	1669	30
212	1	1095	30
213	1	1617	30
215	1	1304	30
216	1	2191	30
217	1	1148	30
218	1	834	30
219	1	2295	30
220	1	1617	30
221	1	834	30
222	1	1878	30
223	1	1669	30
224	1	1200	30
225	1	574	29
225	1	1095	30
226	1	574	30
227	1	887	30
228	1	521	29
228	1	1043	30
229	1	1043	30
230	1	469	29
230	1	991	30
231	1	469	29
231	1	991	30
232	1	574	29
232	1	1095	30
233	1	1252	30
235	1	1669	30
236	1	1826	30
237	1	1356	30
239	1	1408	30
240	1	574	29
240	1	1095	30
241	1	991	30
242	1	834	30
243	1	469	29
243	1	991	30
244	1	521	29
244	1	1043	30
245	1	1304	30
248	1	521	29
248	1	1043	30
249	1	521	29
249	1	1043	30
250	1	521	29
250	1	1043	30
251	1	887	30
252	1	1878	30
253	1	1356	30
255	1	1148	30
256	1	1095	30
257	1	1252	30
258	1	887	29
258	1	2087	30
259	1	521	29
259	1	1043	30
260	1	521	29
262	1	991	30
263	1	2139	30
264	1	574	29
265	1	1200	29
266	1	574	29
266	1	2139	30
267	1	521	29
267	1	1043	30
268	1	1043	30
269	1	1043	29
269	1	1930	30
270	1	991	30
271	1	782	30
272	1	521	29
272	1	1043	30
274	1	1304	30
275	1	1878	30
277	1	1930	30
278	1	1669	30
279	1	1252	30
280	1	1304	30
282	1	1669	30
283	1	1200	30
284	1	574	29
284	1	1095	30
285	1	1148	30
286	1	521	29
286	1	1043	30
287	1	1304	30
288	1	1252	29
289	1	2191	30
291	1	834	30
292	1	1774	30
293	1	521	29
293	1	1043	30
294	1	574	29
295	1	1356	30
296	1	521	29
297	1	2139	30
298	1	1148	30
299	1	574	29
300	1	417	29
301	1	521	29
301	1	1043	30
302	1	1200	29
302	1	2087	30
303	1	469	29
303	1	991	30
304	1	521	29
304	1	1043	30
306	1	469	29
306	1	991	30
307	1	939	30
308	1	887	30
309	1	521	29
309	1	1043	30
310	1	782	30
311	1	1669	30
312	1	1304	30
313	1	1095	30
314	1	1304	30
315	1	887	30
317	1	1252	30
318	1	1722	30
319	1	1826	30
320	1	1200	30
321	1	887	29
322	1	521	30
323	1	1878	30
324	1	1356	30
325	1	1304	30
326	1	574	29
327	1	1095	30
328	1	1408	30
329	1	1669	30
330	1	991	30
331	1	887	29
332	1	730	30
333	1	574	29
333	1	1095	30
334	1	1304	30
335	1	574	29
335	1	1095	30
336	1	574	29
336	1	2087	30
337	1	1513	30
338	1	1930	30
339	1	887	29
340	1	1200	30
341	1	1148	30
342	1	521	29
342	1	1043	30
343	1	574	29
343	1	1095	30
344	1	2191	30
345	1	887	30
346	1	730	30
347	1	1304	29
348	1	574	29
348	1	1878	30
349	1	574	29
349	1	1095	30
350	1	2191	30
351	1	730	30
352	1	782	30
353	1	574	29
354	1	469	29
354	1	991	30
355	1	1200	29
356	1	1095	30
357	1	678	30
358	1	1148	30
360	1	887	30
361	1	678	30
362	1	2087	30
364	1	574	29
365	1	1930	30
366	1	991	30
367	1	574	29
368	1	574	29
368	1	1095	30
369	1	678	30
371	1	521	29
371	1	2295	30
372	1	1043	30
374	1	1669	30
375	1	1408	30
376	1	834	30
377	1	1304	30
378	1	1148	30
379	1	1304	29
380	1	834	30
381	1	782	30
382	1	1200	29
383	1	1408	30
384	1	1200	29
385	1	939	30
386	1	678	30
387	1	782	30
388	1	2087	30
389	1	574	29
390	1	521	29
390	1	1043	30
391	1	626	30
392	1	1826	30
393	1	521	29
393	1	1043	30
394	1	782	30
395	1	991	30
396	1	574	29
396	1	1095	30
397	1	1148	30
398	1	887	30
399	1	469	29
399	1	991	30
400	1	678	30
401	1	2243	30
402	1	782	30
403	1	1982	30
404	1	1095	30
405	1	1252	30
406	1	574	29
407	1	1200	30
409	1	1513	30
410	1	1304	30
411	1	521	29
411	1	1043	30
412	1	887	29
412	1	1774	30
413	1	574	29
413	1	1095	30
414	1	730	30
415	1	1252	29
415	1	1930	30
416	1	1826	30
417	1	678	30
418	1	678	30
419	1	521	29
419	1	1095	30
420	1	991	30
421	1	2035	30
422	1	1461	30
423	1	1095	30
424	1	521	29
424	1	1043	30
425	1	834	30
426	1	1043	30
427	1	2087	30
428	1	521	29
429	1	887	30
430	1	574	29
431	1	521	29
431	1	1043	30
432	1	730	30
433	1	887	30
434	1	991	29
434	1	1878	30
435	1	469	29
435	1	991	30
436	1	574	29
436	1	1095	30
437	1	521	29
438	1	939	30
439	1	1304	30
440	1	730	30
442	1	1043	30
443	1	1043	30
444	1	1774	30
445	1	574	29
445	1	2087	30
446	1	1304	30
447	1	1774	30
448	1	2191	30
449	1	2139	30
450	1	2243	30
451	1	1043	30
452	1	782	30
453	1	521	29
453	1	1043	30
454	1	1461	30
455	1	1200	30
456	1	1252	30
457	1	782	30
459	1	1930	30
460	1	574	29
461	1	521	29
461	1	1095	30
462	1	939	30
463	1	730	30
464	1	1095	30
465	1	574	29
466	1	521	29
466	1	1043	30
467	1	521	29
468	1	574	29
469	1	521	29
469	1	1043	30
470	1	1982	30
471	1	1356	30
472	1	521	29
472	1	2191	30
473	1	1043	30
474	1	574	29
474	1	1095	30
475	1	1617	30
476	1	1565	30
478	1	939	30
480	1	939	30
481	1	730	30
482	1	782	30
483	1	1669	30
484	1	2035	30
485	1	1356	30
486	1	1304	30
487	1	574	29
488	1	1304	30
489	1	574	29
489	1	1095	30
490	1	1043	30
491	1	1304	29
492	1	1095	30
494	1	574	29
495	1	1043	30
496	1	991	30
497	1	521	29
498	1	730	30
499	1	730	30
500	1	521	29
500	1	1043	30
501	1	1408	30
502	1	1043	30
503	1	574	29
503	1	1095	30
505	1	1513	30
506	1	1095	30
507	1	2035	30
508	1	939	29
508	1	1826	30
510	1	1930	30
512	1	1095	30
513	1	1095	30
514	1	730	30
515	1	521	29
515	1	1043	30
516	1	1461	30
517	1	1356	30
518	1	991	30
519	1	574	29
519	1	1878	30
520	1	574	29
521	1	574	29
521	1	1095	30
522	1	991	30
523	1	574	29
523	1	1095	30
524	1	2295	30
525	1	730	30
526	1	1982	30
527	1	469	29
527	1	991	30
528	1	574	29
528	1	1095	30
529	1	887	29
529	1	1774	30
530	1	1252	30
531	1	1148	30
532	1	1095	30
533	1	2087	30
534	1	887	29
534	1	1774	30
535	1	1982	30
536	1	1408	30
537	1	834	30
538	1	469	29
538	1	991	30
539	1	574	29
540	1	1982	30
541	1	521	29
542	1	991	30
543	1	1148	30
544	1	626	30
545	1	1669	30
546	1	1200	30
547	1	887	30
548	1	1722	30
549	1	1304	30
550	1	521	29
550	1	1043	30
551	1	521	29
551	1	1043	30
552	1	1408	30
553	1	1095	30
554	1	469	29
554	1	991	30
555	1	469	29
555	1	991	30
556	1	991	30
557	1	1930	30
558	1	574	29
559	1	1043	30
560	1	1617	30
561	1	1095	30
562	1	1148	30
563	1	939	30
564	1	1461	30
565	1	574	29
565	1	1095	30
566	1	574	29
567	1	782	30
568	1	521	29
568	1	1043	30
569	1	1148	30
570	1	1200	30
571	1	521	29
571	1	1095	30
572	1	1408	30
573	1	2243	30
574	1	991	30
575	1	521	29
575	1	1043	30
576	1	1148	30
577	1	887	29
577	1	1774	30
578	1	1200	30
579	1	939	30
581	1	1200	30
582	1	1043	30
583	1	887	29
583	1	1774	30
584	1	521	29
585	1	521	29
585	1	1043	30
586	1	887	30
587	1	469	29
587	1	991	30
588	1	678	30
589	1	626	30
590	1	574	29
590	1	1878	30
591	1	1774	30
593	1	834	30
594	1	1095	30
595	1	574	29
595	1	1095	30
596	1	991	30
597	1	991	30
598	1	521	29
598	1	1043	30
599	1	574	29
599	1	1095	30
600	1	1826	30
601	1	730	30
602	1	1408	30
603	1	887	30
604	1	1043	30
605	1	1252	30
606	1	991	30
607	1	574	30
608	1	574	29
608	1	1878	30
610	1	2139	30
611	1	991	30
612	1	1148	30
613	1	1461	30
614	1	1200	30
615	1	1095	30
616	1	1148	30
617	1	1982	30
619	1	1461	30
620	1	574	29
621	1	1095	30
622	1	469	29
622	1	991	30
623	1	1565	30
624	1	574	29
625	1	1200	30
626	1	730	30
627	1	730	30
628	1	939	30
629	1	1461	30
630	1	1043	30
631	1	887	30
632	1	574	29
632	1	1095	30
633	1	1617	30
634	1	1200	30
635	1	1461	30
638	1	1930	30
639	1	574	29
639	1	1095	30
640	1	1930	30
641	1	939	30
642	1	1252	30
644	1	782	30
645	1	1095	30
646	1	574	29
646	1	1095	30
647	1	2243	30
648	1	1095	30
649	1	574	29
649	1	1878	30
650	1	1617	30
651	1	1200	29
652	1	939	30
653	1	730	30
654	1	1148	30
655	1	991	30
656	1	887	30
657	1	574	29
658	1	730	30
659	1	1148	30
660	1	1878	30
661	1	574	29
661	1	1930	30
662	1	834	30
663	1	1148	30
664	1	574	29
664	1	1774	30
665	1	939	29
666	1	574	29
666	1	1095	30
667	1	521	29
668	1	1200	30
669	1	1095	30
670	1	1148	30
671	1	1669	30
672	1	939	30
673	1	1200	30
674	1	1043	30
675	1	1148	30
676	1	574	29
676	1	1095	30
677	1	991	30
678	1	574	29
678	1	2191	30
679	1	1461	30
680	1	1095	30
681	1	1252	30
682	1	626	30
683	1	1356	30
684	1	1043	30
685	1	678	30
686	1	574	29
687	1	1513	30
688	1	1408	30
689	1	1200	30
690	1	887	30
691	1	1200	29
691	1	1774	30
692	1	834	30
693	1	834	30
694	1	834	30
695	1	521	29
695	1	1043	30
696	1	1252	30
697	1	521	29
697	1	1878	30
698	1	1722	30
699	1	939	30
700	1	887	30
701	1	1043	30
702	1	834	30
703	1	469	29
703	1	1774	30
705	1	1200	30
706	1	521	29
706	1	1043	30
707	1	730	30
708	1	1200	30
709	1	782	30
710	1	730	30
711	1	1095	30
712	1	1148	30
714	1	887	29
714	1	2087	30
715	1	991	30
716	1	574	29
716	1	1095	30
717	1	1148	30
718	1	574	29
718	1	1774	30
719	1	1408	30
720	1	2243	30
721	1	991	30
722	1	469	29
722	1	991	30
723	1	782	30
724	1	1878	30
725	1	782	30
726	1	991	30
727	1	1513	30
728	1	1878	30
729	1	1252	29
730	1	1095	30
731	1	521	29
731	1	1043	30
732	1	1252	29
733	1	574	29
733	1	1826	30
734	1	469	29
734	1	991	30
735	1	2035	30
736	1	1148	30
737	1	574	29
737	1	1826	30
738	1	678	30
739	1	1148	30
741	1	834	30
742	1	574	29
742	1	1095	30
743	1	521	29
743	1	1043	30
744	1	1200	30
745	1	1878	30
746	1	1252	30
747	1	887	30
748	1	2087	30
749	1	1774	30
750	1	1200	29
751	1	2243	30
752	1	1148	30
753	1	521	29
753	1	1043	30
754	1	574	29
754	1	1095	30
755	1	574	29
755	1	2243	30
756	1	574	29
756	1	1095	30
757	1	1774	30
758	1	574	29
758	1	1095	30
759	1	1513	30
760	1	1043	30
761	1	1043	30
762	1	834	30
763	1	1304	30
764	1	887	30
765	1	521	29
766	1	574	29
767	1	1252	30
768	1	1669	30
769	1	1774	30
770	1	2035	30
771	1	1148	30
772	1	1252	30
773	1	1513	30
774	1	521	29
774	1	1043	30
775	1	1461	30
776	1	469	29
776	1	991	30
777	1	2087	30
778	1	1252	29
779	1	1982	30
780	1	939	30
781	1	782	30
782	1	834	30
783	1	1669	30
784	1	521	29
785	1	730	30
786	1	1252	30
787	1	1513	30
788	1	730	30
789	1	1095	30
790	1	1095	30
791	1	1513	30
792	1	730	30
793	1	521	29
793	1	1043	30
794	1	521	29
795	1	1878	30
796	1	1513	30
797	1	574	29
798	1	1200	30
800	1	1461	30
801	1	1356	30
802	1	834	30
803	1	887	30
804	1	730	30
806	1	1461	30
807	1	887	29
807	1	1774	30
808	1	1982	30
809	1	1826	30
810	1	469	29
810	1	991	30
811	1	521	29
811	1	1043	30
812	1	521	29
812	1	1095	30
813	1	887	30
814	1	1095	30
815	1	521	30
816	1	1148	30
817	1	2243	30
818	1	939	30
819	1	1617	30
820	1	782	30
821	1	1148	30
822	1	521	29
822	1	1043	30
823	1	887	29
823	1	1774	30
824	1	1095	30
825	1	1043	30
826	1	1095	30
827	1	1774	30
828	1	1252	30
829	1	1982	30
830	1	1148	30
831	1	626	30
832	1	991	29
832	1	1878	30
833	1	1252	30
834	1	574	29
834	1	1774	30
835	1	782	30
836	1	2087	30
837	1	1461	30
838	1	417	29
838	1	939	30
839	1	1408	30
840	1	469	29
840	1	991	30
841	1	626	30
842	1	939	30
843	1	574	29
843	1	1095	30
844	1	1513	30
845	1	1252	30
846	1	1513	30
847	1	1200	30
848	1	469	29
848	1	991	30
849	1	2035	30
850	1	521	29
850	1	1095	30
853	1	1513	30
854	1	1148	30
855	1	678	30
856	1	1252	29
857	1	1669	30
858	1	887	30
860	1	1513	30
861	1	1304	29
862	1	1461	30
863	1	574	30
864	1	521	29
864	1	1043	30
865	1	521	29
865	1	2191	30
866	1	574	29
866	1	1095	30
867	1	730	30
868	1	574	29
868	1	2191	30
869	1	1043	30
870	1	1148	30
871	1	1200	30
873	1	521	29
873	1	1043	30
875	1	730	30
876	1	521	29
877	1	521	29
877	1	1043	30
878	1	1252	30
879	1	782	30
880	1	887	29
880	1	1774	30
882	1	1356	30
883	1	1982	30
884	1	574	29
885	1	991	29
885	1	1878	30
886	1	1461	30
887	1	887	30
888	1	1982	30
889	1	1513	30
890	1	1252	30
891	1	574	29
892	1	1565	30
893	1	730	30
894	1	834	30
895	1	730	30
896	1	1200	29
897	1	626	30
898	1	469	29
898	1	1095	30
899	1	521	29
899	1	1043	30
900	1	1200	30
901	1	574	29
901	1	1095	30
902	1	1043	30
903	1	574	29
903	1	1774	30
905	1	1356	30
906	1	521	29
907	1	2191	30
908	1	574	29
908	1	1826	30
909	1	1982	30
910	1	1200	30
911	1	1982	30
912	1	574	29
913	1	1356	30
914	1	991	30
915	1	1356	30
916	1	574	29
916	1	1826	30
917	1	782	30
918	1	1200	30
919	1	1565	30
920	1	1356	30
921	1	939	30
922	1	887	30
923	1	1408	30
924	1	574	29
924	1	1095	30
925	1	574	29
926	1	834	30
927	1	887	30
929	1	1252	29
929	1	2139	30
931	1	521	29
931	1	1043	30
932	1	1252	30
933	1	1252	30
934	1	1200	30
935	1	521	29
936	1	939	30
937	1	1826	30
938	1	417	29
939	1	1461	30
940	1	782	30
941	1	521	29
941	1	1043	30
942	1	521	30
943	1	2243	30
944	1	834	30
945	1	1826	30
946	1	939	30
947	1	574	29
947	1	1095	30
948	1	574	29
948	1	2295	30
949	1	469	29
949	1	991	30
950	1	887	29
950	1	1774	30
953	1	991	29
953	1	1878	30
954	1	469	29
954	1	991	30
956	1	991	30
958	1	1617	30
960	1	939	30
961	1	834	30
962	1	2035	30
963	1	574	29
964	1	521	29
964	1	1043	30
965	1	1095	30
966	1	521	29
966	1	2087	30
967	1	2139	30
968	1	678	30
969	1	730	30
971	1	574	29
971	1	1982	30
972	1	521	29
972	1	1043	30
973	1	782	30
974	1	782	30
975	1	1356	30
976	1	782	30
977	1	1982	30
978	1	574	29
978	1	1826	30
979	1	1304	30
980	1	1930	30
981	1	991	30
982	1	678	30
983	1	521	29
984	1	1148	30
985	1	1148	30
986	1	2295	30
987	1	1304	30
988	1	730	30
989	1	521	29
989	1	1043	30
990	1	1826	30
994	1	2087	30
995	1	521	29
995	1	1043	30
996	1	1200	30
997	1	2243	30
998	1	782	30
999	1	1617	30
0	2	313	26
0	2	574	33
0	2	1200	13
1	2	313	26
1	2	626	33
1	2	1200	13
2	2	313	26
2	2	939	33
3	2	313	26
3	2	1669	33
4	2	313	26
4	2	834	33
4	2	1200	13
5	2	313	26
5	2	730	33
6	2	313	26
6	2	834	33
6	2	1930	13
7	2	313	26
7	2	1408	33
8	2	313	26
8	2	1043	33
8	2	1408	13
9	2	313	26
10	2	313	26
10	2	626	33
10	2	1200	13
11	2	313	26
12	2	313	26
13	2	313	26
14	2	313	26
14	2	626	33
14	2	1200	13
15	2	313	26
15	2	730	33
15	2	1200	13
16	2	313	26
16	2	730	33
16	2	1200	13
17	2	313	26
17	2	626	33
17	2	1200	13
18	2	313	26
18	2	678	33
18	2	1200	13
19	2	313	26
20	2	313	26
20	2	939	33
20	2	1461	13
21	2	313	26
21	2	626	33
21	2	1200	13
22	2	313	26
22	2	1722	33
23	2	313	26
23	2	678	33
23	2	1200	13
24	2	313	26
24	2	678	33
24	2	1200	13
25	2	313	26
26	2	313	26
26	2	1200	33
26	2	1722	13
27	2	313	26
27	2	730	33
27	2	1200	13
28	2	313	26
28	2	1095	33
28	2	1461	13
29	2	313	26
30	2	313	26
31	2	313	26
31	2	834	33
32	2	313	26
32	2	1617	33
33	2	313	26
33	2	1356	33
34	2	313	26
34	2	1252	33
34	2	1722	13
35	2	313	26
35	2	730	33
35	2	1200	13
36	2	313	26
36	2	730	33
36	2	1200	13
37	2	313	26
37	2	991	33
38	2	313	26
38	2	939	33
39	2	313	26
39	2	887	33
39	2	1565	13
40	2	313	26
40	2	626	33
40	2	1200	13
41	2	313	26
41	2	1252	33
41	2	1669	13
42	2	313	26
42	2	1200	33
42	2	1565	13
43	2	313	26
43	2	730	33
43	2	1200	13
44	2	313	26
45	2	313	26
45	2	1095	33
45	2	1774	13
46	2	313	26
46	2	730	33
46	2	2035	13
47	2	313	26
47	2	1669	33
48	2	313	26
49	2	313	26
49	2	782	33
49	2	1252	13
50	2	313	26
51	2	313	26
52	2	313	26
53	2	313	26
53	2	730	33
53	2	1200	13
54	2	313	26
55	2	313	26
55	2	887	33
56	2	313	26
57	2	313	26
57	2	626	33
57	2	1200	13
58	2	313	26
58	2	939	33
58	2	1304	13
59	2	313	26
59	2	678	33
59	2	1200	13
60	2	313	26
61	2	313	26
61	2	887	33
62	2	313	26
62	2	782	33
62	2	1252	13
63	2	313	26
63	2	1095	33
63	2	1565	13
64	2	313	26
65	2	313	26
65	2	1356	33
66	2	313	26
67	2	313	26
67	2	1200	33
67	2	1513	13
68	2	313	26
69	2	313	26
69	2	1408	33
69	2	1774	13
70	2	313	26
71	2	313	26
71	2	1617	33
72	2	313	26
73	2	313	26
74	2	313	26
75	2	313	26
75	2	678	33
75	2	1200	13
76	2	313	26
77	2	313	26
78	2	313	26
79	2	313	26
79	2	1461	33
80	2	313	26
80	2	782	33
80	2	2191	13
81	2	313	26
81	2	887	33
82	2	313	26
82	2	2035	33
83	2	313	26
84	2	313	26
84	2	782	33
85	2	313	26
86	2	313	26
87	2	313	26
87	2	626	33
87	2	1200	13
88	2	313	26
88	2	1148	33
88	2	1565	13
89	2	313	26
89	2	1408	33
90	2	313	26
91	2	313	26
91	2	939	33
92	2	313	26
92	2	678	33
92	2	1200	13
93	2	313	26
94	2	313	26
95	2	313	26
96	2	313	26
96	2	1617	33
97	2	313	26
98	2	313	26
99	2	313	26
100	2	313	26
101	2	313	26
101	2	1304	33
102	2	313	26
102	2	1043	33
102	2	2295	13
103	2	313	26
104	2	313	26
104	2	887	33
104	2	1356	13
105	2	313	26
106	2	313	26
106	2	1095	33
106	2	1461	13
107	2	313	26
107	2	626	33
107	2	1200	13
108	2	313	26
108	2	730	33
108	2	1513	13
109	2	313	26
110	2	313	26
110	2	730	33
110	2	1200	13
111	2	313	26
111	2	939	33
112	2	313	26
113	2	313	26
113	2	626	33
113	2	1200	13
114	2	313	26
114	2	939	33
115	2	313	26
116	2	313	26
117	2	313	26
118	2	313	26
118	2	1722	33
119	2	313	26
120	2	313	26
120	2	1669	33
121	2	313	26
122	2	313	26
122	2	678	33
122	2	1200	13
123	2	313	26
124	2	313	26
124	2	678	33
124	2	1200	13
125	2	313	26
125	2	834	33
125	2	1200	13
126	2	313	26
126	2	678	33
126	2	1200	13
127	2	313	26
127	2	678	33
127	2	1200	13
128	2	313	26
128	2	626	33
128	2	1200	13
129	2	313	26
130	2	313	26
130	2	834	33
131	2	313	26
131	2	1095	33
131	2	1408	13
132	2	313	26
132	2	626	33
132	2	1200	13
133	2	313	26
133	2	887	33
133	2	1722	13
134	2	313	26
134	2	1617	33
135	2	313	26
135	2	730	33
135	2	1200	13
136	2	313	26
136	2	574	33
136	2	1200	13
137	2	313	26
137	2	1200	33
137	2	1722	13
138	2	313	26
138	2	626	33
138	2	1200	13
139	2	313	26
139	2	730	33
139	2	1200	13
140	2	313	26
141	2	313	26
141	2	730	33
141	2	1200	13
142	2	313	26
143	2	313	26
144	2	313	26
145	2	313	26
145	2	1617	33
146	2	313	26
146	2	887	33
146	2	1461	13
147	2	313	26
147	2	887	33
147	2	1617	13
148	2	313	26
149	2	313	26
149	2	626	33
149	2	1200	13
150	2	313	26
150	2	782	33
150	2	1356	13
151	2	313	26
151	2	2191	33
152	2	313	26
152	2	939	33
152	2	1408	13
153	2	313	26
153	2	2243	33
154	2	313	26
154	2	730	33
154	2	1200	13
155	2	313	26
155	2	626	33
155	2	1200	13
156	2	313	26
156	2	678	33
156	2	1200	13
157	2	313	26
158	2	313	26
158	2	834	33
158	2	1304	13
159	2	313	26
159	2	574	33
159	2	1200	13
160	2	313	26
160	2	1148	33
160	2	1617	13
161	2	313	26
162	2	313	26
162	2	1356	33
162	2	1722	13
163	2	313	26
164	2	313	26
164	2	730	33
164	2	2295	13
165	2	313	26
165	2	834	33
165	2	1252	13
166	2	313	26
167	2	313	26
168	2	313	26
169	2	313	26
169	2	678	33
169	2	2243	13
170	2	313	26
170	2	678	33
170	2	1200	13
171	2	313	26
172	2	313	26
172	2	1461	33
173	2	313	26
174	2	313	26
174	2	1408	33
175	2	313	26
175	2	939	33
175	2	1461	13
176	2	313	26
176	2	730	33
176	2	2191	13
177	2	313	26
178	2	313	26
179	2	313	26
179	2	834	33
179	2	1304	13
180	2	313	26
181	2	313	26
181	2	678	33
181	2	1200	13
182	2	313	26
183	2	313	26
183	2	730	33
183	2	1200	13
184	2	313	26
185	2	313	26
185	2	887	33
185	2	1252	13
186	2	313	26
187	2	313	26
187	2	1252	33
187	2	1722	13
188	2	313	26
189	2	313	26
189	2	1148	33
189	2	1565	13
190	2	313	26
191	2	313	26
191	2	678	33
192	2	313	26
192	2	939	33
192	2	1408	13
193	2	313	26
193	2	939	33
193	2	1722	13
194	2	313	26
195	2	313	26
196	2	313	26
196	2	626	33
196	2	1200	13
197	2	313	26
198	2	313	26
198	2	1095	33
198	2	1461	13
199	2	313	26
199	2	678	33
199	2	1200	13
200	2	313	26
200	2	1617	33
201	2	313	26
202	2	313	26
202	2	1408	33
203	2	313	26
203	2	1356	33
204	2	313	26
204	2	782	33
204	2	1304	13
205	2	313	26
206	2	313	26
206	2	626	33
206	2	1200	13
207	2	313	26
207	2	678	33
207	2	1200	13
208	2	313	26
208	2	834	33
208	2	1408	13
209	2	313	26
210	2	313	26
210	2	887	33
210	2	1565	13
211	2	313	26
212	2	313	26
212	2	1565	33
213	2	313	26
214	2	313	26
215	2	313	26
216	2	313	26
217	2	313	26
217	2	1669	33
218	2	313	26
218	2	1200	33
218	2	1617	13
219	2	313	26
220	2	313	26
221	2	313	26
221	2	1252	33
221	2	1774	13
222	2	313	26
223	2	313	26
224	2	313	26
224	2	1565	33
225	2	313	26
225	2	678	33
225	2	1200	13
226	2	313	26
226	2	782	33
226	2	1200	13
227	2	313	26
227	2	2243	33
228	2	313	26
228	2	678	33
228	2	1200	13
229	2	313	26
229	2	1252	33
229	2	1669	13
230	2	313	26
230	2	626	33
230	2	1200	13
231	2	313	26
231	2	626	33
231	2	1200	13
232	2	313	26
232	2	678	33
232	2	1200	13
233	2	313	26
234	2	313	26
235	2	313	26
236	2	313	26
237	2	313	26
238	2	313	26
239	2	313	26
240	2	313	26
240	2	730	33
240	2	1200	13
241	2	313	26
241	2	1148	33
241	2	1565	13
242	2	313	26
242	2	939	33
242	2	1461	13
243	2	313	26
243	2	626	33
243	2	1200	13
244	2	313	26
244	2	678	33
244	2	1200	13
245	2	313	26
246	2	313	26
247	2	313	26
248	2	313	26
248	2	626	33
248	2	1200	13
249	2	313	26
249	2	626	33
249	2	1200	13
250	2	313	26
250	2	626	33
250	2	1200	13
251	2	313	26
251	2	887	33
251	2	1669	13
252	2	313	26
253	2	313	26
254	2	313	26
255	2	313	26
256	2	313	26
256	2	1304	33
256	2	1774	13
257	2	313	26
257	2	1669	33
258	2	313	26
258	2	574	33
258	2	1200	13
259	2	313	26
259	2	626	33
259	2	1200	13
260	2	313	26
260	2	782	33
260	2	1669	13
261	2	313	26
262	2	313	26
262	2	1304	33
262	2	1669	13
263	2	313	26
264	2	313	26
264	2	834	33
264	2	1982	13
265	2	313	26
265	2	834	33
266	2	313	26
266	2	939	33
266	2	1669	13
267	2	313	26
267	2	626	33
267	2	1200	13
268	2	313	26
268	2	1408	33
268	2	1774	13
269	2	313	26
269	2	782	33
269	2	1356	13
270	2	313	26
271	2	313	26
271	2	1043	33
271	2	1461	13
272	2	313	26
272	2	678	33
272	2	1200	13
273	2	313	26
274	2	313	26
275	2	313	26
276	2	313	26
277	2	313	26
278	2	313	26
279	2	313	26
280	2	313	26
280	2	2191	33
281	2	313	26
282	2	313	26
283	2	313	26
283	2	1617	33
284	2	313	26
284	2	626	33
284	2	1200	13
285	2	313	26
285	2	1565	33
286	2	313	26
286	2	730	33
286	2	1200	13
287	2	313	26
288	2	313	26
288	2	782	33
289	2	313	26
290	2	313	26
291	2	313	26
292	2	313	26
293	2	313	26
293	2	574	33
293	2	1200	13
294	2	313	26
294	2	730	33
295	2	313	26
296	2	313	26
296	2	678	33
296	2	1200	13
297	2	313	26
298	2	313	26
298	2	1408	33
299	2	313	26
299	2	678	33
300	2	313	26
301	2	313	26
301	2	626	33
301	2	1200	13
302	2	313	26
302	2	887	33
302	2	1669	13
303	2	313	26
303	2	626	33
303	2	1200	13
304	2	313	26
304	2	678	33
304	2	1200	13
305	2	313	26
306	2	313	26
306	2	626	33
306	2	1200	13
307	2	313	26
308	2	313	26
309	2	313	26
309	2	626	33
309	2	1200	13
310	2	313	26
310	2	834	33
310	2	1200	13
311	2	313	26
312	2	313	26
313	2	313	26
314	2	313	26
315	2	313	26
315	2	1095	33
315	2	1565	13
316	2	313	26
317	2	313	26
318	2	313	26
319	2	313	26
320	2	313	26
321	2	313	26
321	2	678	33
321	2	1200	13
322	2	313	26
322	2	782	33
322	2	2243	13
323	2	313	26
324	2	313	26
325	2	313	26
326	2	313	26
326	2	626	33
326	2	1200	13
327	2	313	26
327	2	1513	33
328	2	313	26
329	2	313	26
330	2	313	26
330	2	1148	33
330	2	1565	13
331	2	313	26
331	2	678	33
331	2	1200	13
332	2	313	26
332	2	939	33
332	2	1356	13
333	2	313	26
333	2	626	33
333	2	1200	13
334	2	313	26
335	2	313	26
335	2	574	33
335	2	1200	13
336	2	313	26
336	2	834	33
336	2	1565	13
337	2	313	26
338	2	313	26
339	2	313	26
339	2	730	33
340	2	313	26
340	2	1669	33
341	2	313	26
341	2	1669	33
342	2	313	26
342	2	678	33
342	2	1200	13
343	2	313	26
343	2	574	33
343	2	1200	13
344	2	313	26
345	2	313	26
345	2	991	33
345	2	1356	13
346	2	313	26
346	2	887	33
346	2	1252	13
347	2	313	26
347	2	991	33
348	2	313	26
348	2	730	33
348	2	1252	13
349	2	313	26
349	2	730	33
349	2	1200	13
350	2	313	26
351	2	313	26
351	2	887	33
352	2	313	26
352	2	991	33
352	2	1565	13
353	2	313	26
353	2	730	33
353	2	1200	13
354	2	313	26
354	2	574	33
354	2	1200	13
355	2	313	26
355	2	834	33
356	2	313	26
356	2	1513	33
357	2	313	26
357	2	887	33
358	2	313	26
358	2	1513	33
359	2	313	26
360	2	313	26
361	2	313	26
361	2	834	33
361	2	1722	13
362	2	313	26
363	2	313	26
364	2	313	26
364	2	678	33
365	2	313	26
366	2	313	26
366	2	1304	33
366	2	1722	13
367	2	313	26
367	2	834	33
368	2	313	26
368	2	626	33
368	2	1200	13
369	2	313	26
369	2	834	33
369	2	1200	13
370	2	313	26
371	2	313	26
371	2	782	33
371	2	1200	13
372	2	313	26
372	2	1513	33
373	2	313	26
374	2	313	26
375	2	313	26
376	2	313	26
376	2	939	33
377	2	313	26
378	2	313	26
378	2	1669	33
379	2	313	26
379	2	1095	33
380	2	313	26
380	2	939	33
381	2	313	26
381	2	2035	33
382	2	313	26
382	2	782	33
383	2	313	26
384	2	313	26
384	2	834	33
384	2	1826	13
385	2	313	26
385	2	1617	33
386	2	313	26
386	2	834	33
387	2	313	26
387	2	834	33
387	2	1200	13
388	2	313	26
389	2	313	26
389	2	678	33
389	2	1461	13
390	2	313	26
390	2	574	33
390	2	1200	13
391	2	313	26
391	2	782	33
391	2	1252	13
392	2	313	26
393	2	313	26
393	2	626	33
393	2	1200	13
394	2	313	26
394	2	1617	33
395	2	313	26
396	2	313	26
396	2	626	33
396	2	1200	13
397	2	313	26
397	2	1722	33
398	2	313	26
398	2	939	33
399	2	313	26
399	2	678	33
399	2	1200	13
400	2	313	26
400	2	834	33
400	2	2243	13
401	2	313	26
402	2	313	26
402	2	939	33
402	2	1513	13
403	2	313	26
404	2	313	26
404	2	1722	33
405	2	313	26
406	2	313	26
406	2	834	33
406	2	1356	13
407	2	313	26
407	2	1565	33
408	2	313	26
409	2	313	26
410	2	313	26
411	2	313	26
411	2	678	33
411	2	1200	13
412	2	313	26
412	2	678	33
412	2	1200	13
413	2	313	26
413	2	626	33
413	2	1200	13
414	2	313	26
414	2	939	33
414	2	1461	13
415	2	313	26
415	2	782	33
415	2	1513	13
416	2	313	26
417	2	313	26
417	2	782	33
417	2	1722	13
418	2	313	26
418	2	887	33
418	2	1304	13
419	2	313	26
419	2	782	33
419	2	1200	13
420	2	313	26
420	2	1565	33
421	2	313	26
422	2	313	26
423	2	313	26
423	2	1461	33
424	2	313	26
424	2	730	33
424	2	1200	13
425	2	313	26
425	2	939	33
426	2	313	26
426	2	1461	33
426	2	2243	13
427	2	313	26
428	2	313	26
428	2	678	33
429	2	313	26
429	2	991	33
429	2	1461	13
430	2	313	26
430	2	782	33
430	2	1565	13
431	2	313	26
431	2	626	33
431	2	1200	13
432	2	313	26
432	2	782	33
432	2	1200	13
433	2	313	26
433	2	1148	33
433	2	1722	13
434	2	313	26
434	2	730	33
434	2	1200	13
435	2	313	26
435	2	626	33
435	2	1200	13
436	2	313	26
436	2	678	33
436	2	1200	13
437	2	313	26
437	2	678	33
437	2	1930	13
438	2	313	26
438	2	1148	33
438	2	1513	13
439	2	313	26
440	2	313	26
440	2	1513	33
441	2	313	26
442	2	313	26
442	2	1148	33
442	2	2295	13
443	2	313	26
444	2	313	26
445	2	313	26
445	2	626	33
445	2	1200	13
446	2	313	26
447	2	313	26
448	2	313	26
449	2	313	26
450	2	313	26
451	2	313	26
451	2	1148	33
451	2	1513	13
452	2	313	26
452	2	834	33
453	2	313	26
453	2	626	33
453	2	1200	13
454	2	313	26
455	2	313	26
455	2	1617	33
456	2	313	26
457	2	313	26
457	2	1408	33
458	2	313	26
459	2	313	26
460	2	313	26
460	2	678	33
460	2	1930	13
461	2	313	26
461	2	678	33
461	2	1200	13
462	2	313	26
462	2	939	33
463	2	313	26
463	2	887	33
463	2	1252	13
464	2	313	26
464	2	1461	33
465	2	313	26
465	2	730	33
465	2	1878	13
466	2	313	26
466	2	678	33
466	2	1200	13
467	2	313	26
467	2	678	33
467	2	1200	13
468	2	313	26
468	2	678	33
468	2	1200	13
469	2	313	26
469	2	626	33
469	2	1200	13
470	2	313	26
471	2	313	26
472	2	313	26
472	2	730	33
472	2	1461	13
473	2	313	26
473	2	1356	33
473	2	2139	13
474	2	313	26
474	2	730	33
474	2	1200	13
475	2	313	26
476	2	313	26
477	2	313	26
478	2	313	26
479	2	313	26
480	2	313	26
481	2	313	26
481	2	834	33
481	2	1200	13
482	2	313	26
482	2	939	33
483	2	313	26
484	2	313	26
485	2	313	26
486	2	313	26
487	2	313	26
487	2	626	33
487	2	1200	13
488	2	313	26
489	2	313	26
489	2	574	33
489	2	1200	13
490	2	313	26
490	2	1200	33
490	2	1565	13
491	2	313	26
491	2	1304	33
492	2	313	26
492	2	1461	33
493	2	313	26
494	2	313	26
494	2	782	33
495	2	313	26
495	2	1252	33
495	2	1617	13
496	2	313	26
496	2	1095	33
496	2	1513	13
497	2	313	26
497	2	730	33
497	2	2295	13
498	2	313	26
498	2	939	33
499	2	313	26
499	2	887	33
500	2	313	26
500	2	626	33
500	2	1200	13
501	2	313	26
502	2	313	26
502	2	1408	33
503	2	313	26
503	2	626	33
503	2	1200	13
504	2	313	26
505	2	313	26
506	2	313	26
507	2	313	26
508	2	313	26
508	2	730	33
508	2	1200	13
509	2	313	26
510	2	313	26
511	2	313	26
512	2	313	26
512	2	1304	33
512	2	1669	13
513	2	313	26
513	2	1461	33
514	2	313	26
514	2	834	33
514	2	1617	13
515	2	313	26
515	2	626	33
515	2	1200	13
516	2	313	26
517	2	313	26
518	2	313	26
518	2	1513	33
519	2	313	26
519	2	834	33
519	2	1200	13
520	2	313	26
520	2	939	33
521	2	313	26
521	2	626	33
521	2	1200	13
522	2	313	26
522	2	1148	33
522	2	1513	13
523	2	313	26
523	2	730	33
523	2	1200	13
524	2	313	26
525	2	313	26
525	2	887	33
525	2	1252	13
526	2	313	26
527	2	313	26
527	2	626	33
527	2	1200	13
528	2	313	26
528	2	626	33
528	2	1200	13
529	2	313	26
529	2	678	33
529	2	1200	13
530	2	313	26
531	2	313	26
531	2	1408	33
532	2	313	26
532	2	1669	33
533	2	313	26
534	2	313	26
534	2	626	33
534	2	1200	13
535	2	313	26
536	2	313	26
537	2	313	26
537	2	939	33
537	2	1513	13
538	2	313	26
538	2	626	33
538	2	1200	13
539	2	313	26
539	2	626	33
539	2	1200	13
540	2	313	26
541	2	313	26
541	2	782	33
541	2	1982	13
542	2	313	26
542	2	1669	33
543	2	313	26
543	2	1617	33
544	2	313	26
544	2	887	33
544	2	1304	13
545	2	313	26
546	2	313	26
546	2	1722	33
547	2	313	26
547	2	939	33
547	2	1356	13
548	2	313	26
549	2	313	26
550	2	313	26
550	2	678	33
550	2	1200	13
551	2	313	26
551	2	678	33
551	2	1200	13
552	2	313	26
553	2	313	26
553	2	1461	33
554	2	313	26
554	2	574	33
554	2	1200	13
555	2	313	26
555	2	626	33
555	2	1200	13
556	2	313	26
556	2	1252	33
556	2	1617	13
557	2	313	26
558	2	313	26
558	2	730	33
558	2	2191	13
559	2	313	26
559	2	1513	33
560	2	313	26
561	2	313	26
562	2	313	26
562	2	1461	33
563	2	313	26
563	2	1148	33
563	2	1461	13
564	2	313	26
565	2	313	26
565	2	730	33
565	2	1200	13
566	2	313	26
566	2	730	33
566	2	1722	13
567	2	313	26
567	2	1617	33
568	2	313	26
568	2	678	33
568	2	1200	13
569	2	313	26
569	2	1461	33
570	2	313	26
571	2	313	26
571	2	626	33
571	2	1200	13
572	2	313	26
573	2	313	26
574	2	313	26
575	2	313	26
575	2	626	33
575	2	1200	13
576	2	313	26
576	2	1774	33
577	2	313	26
577	2	626	33
577	2	1200	13
578	2	313	26
579	2	313	26
580	2	313	26
581	2	313	26
581	2	1565	33
582	2	313	26
582	2	1565	33
583	2	313	26
583	2	626	33
583	2	1200	13
584	2	313	26
584	2	730	33
584	2	2139	13
585	2	313	26
585	2	626	33
585	2	1200	13
586	2	313	26
586	2	1148	33
586	2	1461	13
587	2	313	26
587	2	574	33
587	2	1200	13
588	2	313	26
588	2	887	33
588	2	1513	13
589	2	313	26
589	2	887	33
589	2	1356	13
590	2	313	26
590	2	730	33
590	2	1200	13
591	2	313	26
592	2	313	26
593	2	313	26
594	2	313	26
594	2	1930	33
595	2	313	26
595	2	730	33
595	2	1200	13
596	2	313	26
596	2	1200	33
596	2	1669	13
597	2	313	26
598	2	313	26
598	2	626	33
598	2	1200	13
599	2	313	26
599	2	626	33
599	2	1200	13
600	2	313	26
601	2	313	26
601	2	782	33
601	2	1878	13
602	2	313	26
603	2	313	26
604	2	313	26
604	2	1408	33
604	2	2295	13
605	2	313	26
605	2	1722	33
606	2	313	26
606	2	1200	33
606	2	1513	13
607	2	313	26
607	2	678	33
607	2	1200	13
608	2	313	26
608	2	834	33
608	2	1356	13
609	2	313	26
610	2	313	26
611	2	313	26
611	2	1565	33
612	2	313	26
612	2	1565	33
613	2	313	26
614	2	313	26
614	2	1722	33
615	2	313	26
615	2	1722	33
616	2	313	26
616	2	1617	33
617	2	313	26
618	2	313	26
619	2	313	26
620	2	313	26
620	2	730	33
621	2	313	26
621	2	1356	33
621	2	1774	13
622	2	313	26
622	2	626	33
622	2	1200	13
623	2	313	26
624	2	313	26
624	2	782	33
625	2	313	26
625	2	1513	33
626	2	313	26
626	2	834	33
626	2	1304	13
627	2	313	26
627	2	887	33
627	2	1513	13
628	2	313	26
628	2	1200	33
628	2	1669	13
629	2	313	26
630	2	313	26
630	2	1617	33
631	2	313	26
631	2	1095	33
631	2	1513	13
632	2	313	26
632	2	574	33
632	2	1200	13
633	2	313	26
634	2	313	26
634	2	1722	33
635	2	313	26
636	2	313	26
637	2	313	26
638	2	313	26
639	2	313	26
639	2	782	33
639	2	1200	13
640	2	313	26
641	2	313	26
642	2	313	26
643	2	313	26
644	2	313	26
644	2	834	33
645	2	313	26
645	2	1200	33
645	2	1669	13
646	2	313	26
646	2	730	33
646	2	1200	13
647	2	313	26
648	2	313	26
648	2	1356	33
649	2	313	26
649	2	834	33
649	2	1356	13
650	2	313	26
651	2	313	26
651	2	887	33
652	2	313	26
652	2	939	33
652	2	1617	13
653	2	313	26
653	2	939	33
653	2	1617	13
654	2	313	26
655	2	313	26
655	2	1408	33
656	2	313	26
656	2	1095	33
656	2	1669	13
657	2	313	26
657	2	782	33
658	2	313	26
658	2	834	33
658	2	1200	13
659	2	313	26
659	2	1669	33
660	2	313	26
661	2	313	26
661	2	782	33
661	2	1200	13
662	2	313	26
662	2	1148	33
662	2	1617	13
663	2	313	26
664	2	313	26
664	2	782	33
664	2	1200	13
665	2	313	26
665	2	678	33
665	2	1200	13
666	2	313	26
666	2	678	33
666	2	1200	13
667	2	313	26
667	2	730	33
668	2	313	26
668	2	1722	33
669	2	313	26
669	2	1513	33
670	2	313	26
670	2	1565	33
671	2	313	26
672	2	313	26
673	2	313	26
673	2	1669	33
674	2	313	26
674	2	1304	33
674	2	1722	13
675	2	313	26
675	2	1461	33
675	2	1774	13
676	2	313	26
676	2	678	33
676	2	1200	13
677	2	313	26
677	2	1252	33
677	2	1669	13
678	2	313	26
678	2	782	33
678	2	1617	13
679	2	313	26
680	2	313	26
680	2	1408	33
680	2	1774	13
681	2	313	26
682	2	313	26
682	2	887	33
683	2	313	26
684	2	313	26
684	2	1408	33
684	2	1774	13
685	2	313	26
685	2	2139	33
686	2	313	26
686	2	782	33
687	2	313	26
688	2	313	26
689	2	313	26
690	2	313	26
691	2	313	26
691	2	782	33
691	2	1252	13
692	2	313	26
692	2	991	33
692	2	1356	13
693	2	313	26
693	2	1043	33
693	2	1461	13
694	2	313	26
694	2	887	33
694	2	1565	13
695	2	313	26
695	2	574	33
695	2	1200	13
696	2	313	26
697	2	313	26
697	2	782	33
697	2	1200	13
698	2	313	26
699	2	313	26
699	2	1252	33
699	2	1774	13
700	2	313	26
701	2	313	26
701	2	1356	33
701	2	1669	13
702	2	313	26
703	2	313	26
703	2	782	33
703	2	1200	13
704	2	313	26
705	2	313	26
705	2	1826	33
706	2	313	26
706	2	626	33
706	2	1200	13
707	2	313	26
707	2	887	33
708	2	313	26
708	2	1513	33
709	2	313	26
709	2	834	33
709	2	1356	13
710	2	313	26
710	2	834	33
710	2	1252	13
711	2	313	26
711	2	1617	33
712	2	313	26
712	2	1513	33
713	2	313	26
714	2	313	26
714	2	678	33
714	2	1200	13
715	2	313	26
715	2	1513	33
716	2	313	26
716	2	574	33
716	2	1200	13
717	2	313	26
717	2	1408	33
717	2	1774	13
718	2	313	26
718	2	730	33
718	2	1200	13
719	2	313	26
720	2	313	26
721	2	313	26
721	2	1200	33
721	2	1669	13
722	2	313	26
722	2	626	33
722	2	1200	13
723	2	313	26
724	2	313	26
725	2	313	26
725	2	887	33
725	2	1304	13
726	2	313	26
726	2	1095	33
726	2	1461	13
727	2	313	26
728	2	313	26
729	2	313	26
729	2	834	33
730	2	313	26
730	2	1356	33
731	2	313	26
731	2	626	33
731	2	1200	13
732	2	313	26
732	2	887	33
733	2	313	26
733	2	782	33
733	2	1200	13
734	2	313	26
734	2	678	33
734	2	1200	13
735	2	313	26
736	2	313	26
737	2	313	26
737	2	782	33
737	2	1304	13
738	2	313	26
738	2	834	33
738	2	1304	13
739	2	313	26
739	2	1617	33
740	2	313	26
741	2	313	26
741	2	939	33
742	2	313	26
742	2	626	33
742	2	1200	13
743	2	313	26
743	2	678	33
743	2	1200	13
744	2	313	26
744	2	1669	33
745	2	313	26
746	2	313	26
747	2	313	26
747	2	1669	33
748	2	313	26
749	2	313	26
750	2	313	26
750	2	939	33
751	2	313	26
752	2	313	26
752	2	1356	33
752	2	1774	13
753	2	313	26
753	2	730	33
753	2	1200	13
754	2	313	26
754	2	678	33
754	2	1200	13
755	2	313	26
755	2	678	33
755	2	1200	13
756	2	313	26
756	2	730	33
756	2	1200	13
757	2	313	26
758	2	313	26
758	2	574	33
758	2	1200	13
759	2	313	26
760	2	313	26
761	2	313	26
761	2	1669	33
762	2	313	26
762	2	939	33
762	2	1669	13
763	2	313	26
763	2	2243	33
764	2	313	26
765	2	313	26
765	2	730	33
765	2	1200	13
766	2	313	26
766	2	782	33
767	2	313	26
767	2	2243	33
768	2	313	26
769	2	313	26
770	2	313	26
771	2	313	26
771	2	1722	33
772	2	313	26
773	2	313	26
774	2	313	26
774	2	678	33
774	2	1200	13
775	2	313	26
776	2	313	26
776	2	626	33
776	2	1200	13
777	2	313	26
778	2	313	26
778	2	834	33
779	2	313	26
780	2	313	26
781	2	313	26
781	2	939	33
781	2	1461	13
782	2	313	26
782	2	2035	33
783	2	313	26
784	2	313	26
784	2	678	33
784	2	1200	13
785	2	313	26
785	2	939	33
786	2	313	26
787	2	313	26
788	2	313	26
788	2	834	33
788	2	1565	13
789	2	313	26
789	2	1513	33
790	2	313	26
790	2	1669	33
791	2	313	26
792	2	313	26
792	2	887	33
793	2	313	26
793	2	626	33
793	2	1200	13
794	2	313	26
794	2	626	33
794	2	2035	13
795	2	313	26
796	2	313	26
797	2	313	26
797	2	678	33
797	2	2243	13
798	2	313	26
799	2	313	26
800	2	313	26
801	2	313	26
802	2	313	26
802	2	939	33
802	2	1617	13
803	2	313	26
803	2	991	33
803	2	1461	13
804	2	313	26
804	2	991	33
805	2	313	26
806	2	313	26
807	2	313	26
807	2	626	33
807	2	1200	13
808	2	313	26
809	2	313	26
810	2	313	26
810	2	626	33
810	2	1200	13
811	2	313	26
811	2	626	33
811	2	1200	13
812	2	313	26
812	2	730	33
812	2	1200	13
813	2	313	26
813	2	1408	33
814	2	313	26
815	2	313	26
815	2	678	33
816	2	313	26
816	2	1722	33
817	2	313	26
818	2	313	26
818	2	1148	33
818	2	1669	13
819	2	313	26
820	2	313	26
821	2	313	26
822	2	313	26
822	2	626	33
822	2	1200	13
823	2	313	26
823	2	626	33
823	2	1200	13
824	2	313	26
824	2	1513	33
825	2	313	26
825	2	1461	33
826	2	313	26
826	2	1461	33
827	2	313	26
828	2	313	26
829	2	313	26
830	2	313	26
831	2	313	26
831	2	834	33
831	2	1200	13
832	2	313	26
832	2	730	33
832	2	1200	13
833	2	313	26
834	2	313	26
834	2	782	33
834	2	1200	13
835	2	313	26
835	2	1513	33
836	2	313	26
837	2	313	26
838	2	313	26
838	2	678	33
838	2	1200	13
839	2	313	26
840	2	313	26
840	2	574	33
840	2	1200	13
841	2	313	26
841	2	887	33
842	2	313	26
842	2	1356	33
842	2	1774	13
843	2	313	26
843	2	678	33
843	2	1200	13
844	2	313	26
845	2	313	26
846	2	313	26
847	2	313	26
847	2	1774	33
848	2	313	26
848	2	574	33
848	2	1200	13
849	2	313	26
850	2	313	26
850	2	782	33
850	2	1200	13
851	2	313	26
852	2	313	26
853	2	313	26
854	2	313	26
854	2	1513	33
854	2	1826	13
855	2	313	26
855	2	887	33
856	2	313	26
856	2	2295	33
857	2	313	26
858	2	313	26
858	2	1200	33
858	2	1669	13
859	2	313	26
860	2	313	26
861	2	313	26
861	2	730	33
862	2	313	26
863	2	313	26
863	2	782	33
863	2	1200	13
864	2	313	26
864	2	678	33
864	2	1200	13
865	2	313	26
865	2	782	33
865	2	1513	13
866	2	313	26
866	2	626	33
866	2	1200	13
867	2	313	26
867	2	1669	33
868	2	313	26
868	2	782	33
868	2	1617	13
869	2	313	26
869	2	1356	33
869	2	1669	13
870	2	313	26
870	2	1669	33
871	2	313	26
871	2	1722	33
872	2	313	26
873	2	313	26
873	2	626	33
873	2	1200	13
874	2	313	26
875	2	313	26
875	2	887	33
875	2	1461	13
876	2	313	26
876	2	730	33
877	2	313	26
877	2	574	33
877	2	1200	13
878	2	313	26
879	2	313	26
879	2	1669	33
880	2	313	26
880	2	626	33
880	2	1200	13
881	2	313	26
882	2	313	26
883	2	313	26
884	2	313	26
884	2	730	33
884	2	2243	13
885	2	313	26
885	2	678	33
885	2	1200	13
886	2	313	26
887	2	313	26
887	2	1252	33
888	2	313	26
889	2	313	26
890	2	313	26
891	2	313	26
891	2	782	33
891	2	1722	13
892	2	313	26
893	2	313	26
893	2	834	33
894	2	313	26
894	2	939	33
895	2	313	26
895	2	1722	33
896	2	313	26
896	2	782	33
897	2	313	26
897	2	730	33
897	2	1252	13
898	2	313	26
898	2	782	33
898	2	1200	13
899	2	313	26
899	2	730	33
899	2	1200	13
900	2	313	26
900	2	1722	33
901	2	313	26
901	2	626	33
901	2	1200	13
902	2	313	26
902	2	1304	33
902	2	1617	13
903	2	313	26
903	2	782	33
903	2	1200	13
904	2	313	26
905	2	313	26
906	2	313	26
906	2	730	33
907	2	313	26
908	2	313	26
908	2	730	33
908	2	1200	13
909	2	313	26
910	2	313	26
910	2	1722	33
911	2	313	26
912	2	313	26
912	2	834	33
913	2	313	26
914	2	313	26
914	2	1252	33
914	2	1617	13
915	2	313	26
916	2	313	26
916	2	834	33
916	2	1200	13
917	2	313	26
917	2	2139	33
918	2	313	26
919	2	313	26
920	2	313	26
921	2	313	26
922	2	313	26
922	2	1878	33
923	2	313	26
924	2	313	26
924	2	834	33
924	2	1200	13
925	2	313	26
925	2	730	33
926	2	313	26
926	2	887	33
926	2	1356	13
927	2	313	26
927	2	1356	33
928	2	313	26
929	2	313	26
929	2	834	33
929	2	1513	13
930	2	313	26
931	2	313	26
931	2	678	33
931	2	1200	13
932	2	313	26
932	2	2139	33
933	2	313	26
934	2	313	26
934	2	1722	33
935	2	313	26
935	2	782	33
935	2	1513	13
936	2	313	26
937	2	313	26
938	2	313	26
938	2	1617	33
939	2	313	26
940	2	313	26
940	2	991	33
940	2	1513	13
941	2	313	26
941	2	678	33
941	2	1200	13
942	2	313	26
942	2	678	33
942	2	1200	13
943	2	313	26
944	2	313	26
944	2	1513	33
945	2	313	26
946	2	313	26
946	2	1461	33
947	2	313	26
947	2	730	33
947	2	1200	13
948	2	313	26
948	2	678	33
948	2	1200	13
949	2	313	26
949	2	574	33
949	2	1200	13
950	2	313	26
950	2	626	33
950	2	1200	13
951	2	313	26
952	2	313	26
953	2	313	26
953	2	678	33
953	2	1200	13
954	2	313	26
954	2	626	33
954	2	1200	13
955	2	313	26
956	2	313	26
957	2	313	26
958	2	313	26
959	2	313	26
960	2	313	26
960	2	1148	33
960	2	1669	13
961	2	313	26
961	2	939	33
961	2	1617	13
962	2	313	26
963	2	313	26
963	2	782	33
964	2	313	26
964	2	730	33
964	2	1200	13
965	2	313	26
965	2	1513	33
966	2	313	26
966	2	730	33
966	2	1304	13
967	2	313	26
968	2	313	26
968	2	1408	33
969	2	313	26
969	2	1148	33
969	2	1669	13
970	2	313	26
971	2	313	26
971	2	782	33
971	2	1304	13
972	2	313	26
972	2	626	33
972	2	1200	13
973	2	313	26
974	2	313	26
974	2	939	33
975	2	313	26
976	2	313	26
976	2	939	33
976	2	1408	13
977	2	313	26
978	2	313	26
978	2	730	33
978	2	1200	13
979	2	313	26
980	2	313	26
981	2	313	26
981	2	1304	33
981	2	1669	13
982	2	313	26
982	2	887	33
983	2	313	26
983	2	678	33
983	2	1200	13
984	2	313	26
984	2	1513	33
985	2	313	26
985	2	1617	33
986	2	313	26
987	2	313	26
988	2	313	26
988	2	887	33
989	2	313	26
989	2	678	33
989	2	2139	13
990	2	313	26
991	2	313	26
992	2	313	26
993	2	313	26
994	2	313	26
995	2	313	26
995	2	574	33
995	2	1200	13
996	2	313	26
997	2	313	26
998	2	313	26
998	2	939	33
998	2	1304	13
999	2	313	26
0	3	626	20
0	3	887	29
0	3	1200	9
0	3	1513	12
0	3	1774	30
1	3	626	20
1	3	887	29
1	3	1200	9
2	3	678	20
2	3	782	30
3	3	1200	30
3	3	1774	9
3	3	2087	12
4	3	626	20
4	3	730	30
4	3	1200	9
4	3	1513	12
5	3	574	29
5	3	834	20
5	3	2139	9
6	3	626	20
6	3	678	30
6	3	1826	9
6	3	2139	12
7	3	1043	30
7	3	1304	20
7	3	1617	9
8	3	730	20
8	3	991	30
8	3	1304	9
8	3	1617	12
10	3	521	29
10	3	782	20
10	3	1043	30
10	3	1461	9
10	3	1930	12
12	3	1878	30
12	3	2139	20
13	3	1722	20
13	3	1826	30
14	3	469	29
14	3	730	20
14	3	991	30
14	3	1304	9
14	3	1617	12
15	3	521	29
15	3	782	20
15	3	1513	9
15	3	1930	12
15	3	2191	30
16	3	574	29
16	3	834	20
16	3	1304	9
16	3	1617	12
16	3	1878	30
17	3	574	29
17	3	834	20
17	3	1095	30
17	3	1408	9
17	3	1878	12
18	3	574	29
18	3	834	20
18	3	1826	9
18	3	2139	12
19	3	1878	30
19	3	2139	20
20	3	626	20
20	3	678	30
20	3	1408	9
20	3	1722	12
21	3	469	29
21	3	730	20
21	3	991	30
21	3	1356	9
21	3	2035	12
22	3	1043	20
22	3	1148	30
22	3	2295	9
23	3	521	29
23	3	782	20
23	3	1095	30
23	3	1408	9
23	3	1722	12
24	3	521	29
24	3	782	20
24	3	1043	30
24	3	1356	9
24	3	1669	12
25	3	1565	30
25	3	2035	20
26	3	730	30
26	3	991	20
26	3	1513	9
26	3	1930	12
27	3	574	29
27	3	834	20
27	3	1252	9
27	3	1617	12
27	3	1878	30
28	3	887	20
28	3	991	30
28	3	1356	9
28	3	1669	12
29	3	1095	30
29	3	1356	20
29	3	2295	9
30	3	1304	30
30	3	2139	9
31	3	626	20
31	3	782	30
31	3	2087	9
32	3	1148	30
32	3	1408	20
32	3	1722	9
32	3	2139	12
33	3	730	30
33	3	2035	9
34	3	887	20
34	3	1043	30
34	3	1513	9
34	3	1826	12
35	3	574	29
35	3	834	20
35	3	1200	9
35	3	1617	12
35	3	1878	30
36	3	574	29
36	3	834	20
36	3	1304	9
36	3	1617	12
37	3	782	20
37	3	887	30
38	3	730	20
38	3	834	30
39	3	574	29
39	3	834	20
39	3	1565	9
39	3	1878	12
39	3	2139	30
40	3	574	29
40	3	834	20
40	3	1095	30
40	3	1408	9
40	3	1722	12
41	3	834	20
41	3	887	30
41	3	1513	9
41	3	1826	12
42	3	939	20
42	3	991	30
42	3	1461	9
42	3	1774	12
43	3	574	29
43	3	834	20
43	3	1356	9
43	3	1669	12
43	3	1930	30
45	3	782	20
45	3	1304	29
45	3	1617	9
45	3	1930	12
45	3	2295	30
46	3	521	29
46	3	782	20
46	3	1930	9
46	3	2243	12
47	3	1200	20
47	3	1252	30
48	3	2295	30
49	3	574	29
49	3	834	20
49	3	1252	9
49	3	1565	12
49	3	1826	30
50	3	1669	30
51	3	1878	30
52	3	2035	30
52	3	2295	20
53	3	521	29
53	3	782	20
53	3	1095	30
53	3	1408	9
53	3	1722	12
55	3	626	20
55	3	834	30
56	3	1408	30
57	3	521	29
57	3	782	20
57	3	1043	30
57	3	1356	9
57	3	1669	12
58	3	678	20
58	3	782	30
58	3	1252	9
58	3	1565	12
59	3	521	29
59	3	782	20
59	3	1043	30
59	3	1356	9
59	3	1669	12
60	3	1722	20
60	3	1826	30
61	3	678	20
61	3	1304	29
62	3	574	29
62	3	834	20
62	3	1252	9
62	3	1565	12
62	3	1826	30
63	3	782	30
63	3	1043	20
63	3	1461	9
63	3	1774	12
64	3	1982	30
64	3	2243	20
65	3	626	30
65	3	939	20
65	3	1878	9
65	3	2191	12
66	3	1252	30
66	3	1513	20
66	3	2087	9
67	3	834	30
67	3	1461	9
67	3	1774	12
68	3	1513	30
69	3	1043	20
69	3	1095	30
69	3	1565	9
69	3	1878	12
70	3	678	30
70	3	939	20
71	3	1148	30
71	3	1774	9
73	3	1826	30
73	3	2139	20
74	3	1826	30
75	3	626	20
75	3	939	29
75	3	1408	9
76	3	1513	30
77	3	1774	30
77	3	2035	20
78	3	1513	30
79	3	834	30
79	3	1095	20
79	3	1878	9
79	3	2191	12
80	3	626	20
80	3	1200	29
80	3	1774	9
80	3	2087	12
81	3	626	30
81	3	887	20
81	3	2139	9
82	3	782	30
82	3	1043	20
82	3	2191	9
83	3	1200	30
83	3	1461	20
84	3	626	20
84	3	782	30
84	3	2087	9
86	3	1356	30
86	3	1617	20
87	3	469	29
87	3	730	20
87	3	991	30
87	3	1304	9
87	3	1617	12
88	3	834	30
88	3	1461	9
88	3	1774	12
89	3	991	30
89	3	1669	9
89	3	2139	12
90	3	1252	30
90	3	1513	20
91	3	782	30
92	3	521	29
92	3	782	20
92	3	1043	30
92	3	1356	9
92	3	1826	12
93	3	1513	30
94	3	2035	30
94	3	2295	20
95	3	1461	20
95	3	1722	30
95	3	2295	9
96	3	1148	30
96	3	1878	9
96	3	2191	12
97	3	1461	30
97	3	1722	20
98	3	1826	30
98	3	2087	20
99	3	1200	30
99	3	1461	20
99	3	2139	9
100	3	1722	30
101	3	782	20
101	3	887	30
102	3	730	20
102	3	834	30
102	3	1722	9
102	3	2087	12
103	3	1043	30
103	3	1304	20
104	3	626	30
104	3	1304	9
104	3	1617	12
106	3	834	20
106	3	939	30
106	3	1356	9
106	3	1669	12
107	3	574	29
107	3	834	20
107	3	1095	30
107	3	1408	9
107	3	1722	12
108	3	574	29
108	3	834	20
108	3	1617	9
109	3	1461	30
110	3	574	29
110	3	834	20
110	3	1200	9
110	3	1513	12
110	3	1774	30
111	3	678	20
111	3	834	30
111	3	2191	9
112	3	834	30
112	3	1095	20
113	3	469	29
113	3	730	20
113	3	991	30
113	3	1304	9
113	3	1617	12
114	3	782	30
115	3	1513	30
116	3	1408	30
116	3	1722	20
116	3	2295	9
117	3	1513	30
117	3	1774	20
118	3	1200	30
119	3	1200	30
119	3	1461	20
119	3	1982	9
119	3	2295	12
120	3	991	20
120	3	1043	30
121	3	1408	30
121	3	1930	20
122	3	626	20
122	3	939	29
122	3	1252	9
122	3	1565	12
122	3	1826	30
123	3	2139	30
124	3	626	20
124	3	887	29
124	3	1200	9
124	3	1669	12
124	3	1930	30
125	3	626	20
125	3	730	30
125	3	1252	9
125	3	1565	12
126	3	574	30
126	3	834	20
126	3	1200	9
126	3	1513	12
127	3	574	29
127	3	834	20
127	3	1095	30
127	3	1408	9
127	3	1722	12
128	3	521	29
128	3	782	20
128	3	1043	30
128	3	1356	9
128	3	1669	12
129	3	1148	30
129	3	1408	20
130	3	626	30
130	3	887	20
131	3	730	30
131	3	991	20
131	3	1304	9
131	3	1617	12
132	3	574	29
132	3	834	20
132	3	2035	9
133	3	626	20
133	3	782	30
133	3	1565	9
134	3	1043	30
134	3	1930	9
134	3	2243	12
135	3	574	29
135	3	834	20
135	3	1356	9
135	3	1669	12
135	3	1930	30
136	3	469	29
136	3	730	20
136	3	991	30
136	3	1304	9
136	3	1617	12
137	3	834	30
137	3	1617	9
137	3	1930	12
138	3	574	29
138	3	834	20
138	3	1095	30
138	3	1408	9
138	3	1722	12
139	3	626	20
139	3	939	29
139	3	1252	9
139	3	1565	12
139	3	1826	30
140	3	1930	30
140	3	2295	20
141	3	521	29
141	3	782	20
141	3	1043	30
141	3	1356	9
141	3	1669	12
142	3	1252	30
143	3	1252	30
143	3	1513	20
143	3	2139	9
145	3	1200	30
145	3	1774	9
145	3	2295	12
146	3	678	20
146	3	730	30
146	3	1461	9
146	3	1774	12
147	3	782	20
147	3	887	30
147	3	1565	9
147	3	1878	12
148	3	1356	30
148	3	1617	20
149	3	574	29
149	3	834	20
149	3	1095	30
149	3	1408	9
149	3	1722	12
150	3	574	29
150	3	834	20
150	3	1356	9
150	3	1722	12
150	3	1982	30
151	3	1252	20
151	3	1356	30
151	3	2087	9
152	3	678	20
152	3	730	30
152	3	1304	9
152	3	1617	12
153	3	834	20
153	3	991	30
154	3	574	29
154	3	834	20
154	3	1095	30
154	3	1408	9
154	3	1722	12
155	3	521	29
155	3	782	20
155	3	1043	30
155	3	1356	9
155	3	1669	12
156	3	521	29
156	3	782	20
156	3	1043	30
156	3	1356	9
156	3	1669	12
158	3	626	30
158	3	1304	9
158	3	1617	12
159	3	574	29
159	3	834	20
159	3	1095	30
159	3	1408	9
159	3	1722	12
160	3	782	20
160	3	887	30
160	3	1461	9
160	3	1774	12
161	3	1826	30
161	3	2087	20
162	3	1043	30
162	3	1304	20
162	3	1617	9
162	3	2139	12
163	3	1617	30
163	3	1878	20
164	3	574	29
164	3	834	20
164	3	1982	9
164	3	2295	12
165	3	626	20
165	3	730	30
165	3	1252	9
165	3	1565	12
166	3	1826	30
166	3	2087	20
167	3	1565	20
167	3	1617	30
169	3	626	20
169	3	887	29
169	3	2035	9
170	3	574	29
170	3	834	20
170	3	1095	30
170	3	1408	9
170	3	1722	12
171	3	1461	30
171	3	1722	20
172	3	1148	30
172	3	1669	9
172	3	1982	12
173	3	1408	30
173	3	1669	20
174	3	991	20
174	3	1043	30
174	3	1617	9
174	3	1930	12
175	3	730	20
175	3	834	30
175	3	1408	9
175	3	1722	12
176	3	521	29
176	3	782	20
176	3	1930	9
176	3	2295	12
177	3	1722	30
178	3	2139	30
179	3	626	20
179	3	730	30
179	3	1356	9
179	3	1669	12
180	3	2191	30
181	3	521	29
181	3	782	20
181	3	1043	30
181	3	2035	9
182	3	887	30
182	3	1304	20
183	3	574	30
183	3	834	20
183	3	1408	9
183	3	1722	12
184	3	1565	20
184	3	1617	30
185	3	678	20
185	3	730	30
185	3	1252	9
185	3	1565	12
186	3	2191	30
187	3	834	20
187	3	991	30
187	3	1513	9
187	3	1826	12
188	3	1774	20
188	3	1826	30
189	3	939	20
189	3	1043	30
189	3	1461	9
189	3	1774	12
190	3	1200	30
191	3	626	20
191	3	887	29
192	3	678	20
192	3	782	30
192	3	1356	9
192	3	1669	12
193	3	678	30
193	3	1565	9
193	3	1878	12
194	3	730	30
194	3	991	20
196	3	469	29
196	3	730	20
196	3	991	30
196	3	1304	9
196	3	1617	12
198	3	730	30
198	3	991	20
198	3	1356	9
198	3	1669	12
199	3	521	29
199	3	782	20
199	3	1043	30
199	3	1356	9
199	3	1669	12
200	3	1200	30
200	3	1774	9
200	3	2087	12
201	3	1878	30
201	3	2139	20
202	3	1095	20
202	3	1148	30
202	3	1669	9
202	3	2243	12
203	3	991	30
203	3	1617	9
203	3	1930	12
204	3	574	29
204	3	834	20
204	3	1252	9
204	3	1617	12
204	3	1878	30
205	3	1408	30
205	3	2087	9
206	3	521	29
206	3	782	20
206	3	1043	30
206	3	1356	9
206	3	1669	12
207	3	574	29
207	3	834	20
207	3	1095	30
207	3	1408	9
207	3	1722	12
208	3	521	29
208	3	782	20
208	3	1408	9
208	3	1722	12
208	3	2139	30
210	3	626	20
210	3	730	30
210	3	1565	9
211	3	1669	30
212	3	1043	20
212	3	1095	30
213	3	1617	30
213	3	1930	20
215	3	1304	30
216	3	2191	30
217	3	1148	30
217	3	1408	20
217	3	1774	9
218	3	834	30
218	3	1461	9
218	3	1774	12
219	3	2243	20
219	3	2295	30
220	3	1565	20
220	3	1617	30
221	3	834	30
221	3	1617	9
221	3	2139	12
222	3	1878	30
222	3	2139	20
223	3	1669	30
223	3	1930	20
224	3	1043	20
224	3	1200	30
224	3	1878	9
224	3	2191	12
225	3	574	29
225	3	834	20
225	3	1095	30
225	3	1408	9
225	3	1722	12
226	3	574	30
226	3	834	20
226	3	1252	9
226	3	1565	12
227	3	782	20
227	3	887	30
227	3	2295	9
228	3	521	29
228	3	782	20
228	3	1043	30
228	3	1356	9
228	3	1669	12
229	3	887	20
229	3	1043	30
229	3	1461	9
229	3	1774	12
230	3	469	29
230	3	730	20
230	3	991	30
230	3	1930	9
230	3	2243	12
231	3	469	29
231	3	730	20
231	3	991	30
231	3	1878	9
231	3	2191	12
232	3	574	29
232	3	834	20
232	3	1095	30
232	3	1408	9
232	3	1722	12
233	3	1252	30
233	3	1513	20
233	3	2035	9
235	3	1669	30
235	3	1930	20
236	3	1774	20
236	3	1826	30
237	3	1356	30
237	3	1617	20
239	3	1408	30
240	3	574	29
240	3	834	20
240	3	1095	30
240	3	1408	9
240	3	1722	12
241	3	834	20
241	3	991	30
241	3	1408	9
241	3	1722	12
242	3	782	20
242	3	834	30
242	3	1356	9
242	3	1669	12
243	3	469	29
243	3	730	20
243	3	991	30
243	3	1304	9
243	3	1617	12
244	3	521	29
244	3	782	20
244	3	1043	30
244	3	1356	9
244	3	1669	12
245	3	1304	30
245	3	1565	20
245	3	2087	9
248	3	521	29
248	3	782	20
248	3	1043	30
248	3	1356	9
248	3	1826	12
249	3	521	29
249	3	782	20
249	3	1043	30
249	3	1356	9
249	3	2243	12
250	3	521	29
250	3	782	20
250	3	1043	30
250	3	1356	9
250	3	1669	12
251	3	678	20
251	3	887	30
251	3	1513	9
251	3	1878	12
252	3	1878	30
253	3	1252	20
253	3	1356	30
253	3	2139	9
255	3	1148	30
255	3	1408	20
256	3	991	20
256	3	1095	30
256	3	1617	9
256	3	1930	12
257	3	1252	30
257	3	1930	9
257	3	2295	12
258	3	626	20
258	3	887	29
258	3	1200	9
258	3	1826	12
258	3	2087	30
259	3	521	29
259	3	782	20
259	3	1043	30
259	3	1722	9
259	3	2035	12
260	3	521	29
260	3	782	20
260	3	1826	9
260	3	2139	12
262	3	991	30
262	3	1252	20
262	3	1565	9
262	3	1878	12
263	3	939	20
263	3	2139	30
264	3	574	29
264	3	834	20
264	3	1878	9
264	3	2191	12
265	3	626	20
265	3	1200	29
266	3	574	29
266	3	834	20
266	3	1565	9
266	3	1878	12
266	3	2139	30
267	3	521	29
267	3	782	20
267	3	1043	30
267	3	1982	9
267	3	2295	12
268	3	1043	30
268	3	1304	20
268	3	1617	9
268	3	1930	12
269	3	626	20
269	3	1043	29
269	3	1356	9
269	3	1669	12
269	3	1930	30
270	3	939	20
270	3	991	30
271	3	730	20
271	3	782	30
271	3	1408	9
271	3	1722	12
272	3	521	29
272	3	782	20
272	3	1043	30
272	3	1356	9
272	3	1669	12
274	3	1252	20
274	3	1304	30
275	3	1878	30
275	3	2139	20
277	3	834	20
277	3	1930	30
278	3	1669	30
278	3	1982	20
279	3	1252	30
279	3	1513	20
280	3	1043	20
280	3	1304	30
280	3	2139	9
282	3	1669	30
282	3	1930	20
283	3	1200	30
283	3	1774	9
283	3	2295	12
284	3	574	29
284	3	834	20
284	3	1095	30
284	3	1408	9
284	3	1722	12
285	3	1148	30
285	3	1408	20
285	3	1722	9
286	3	521	29
286	3	782	20
286	3	1043	30
286	3	1356	9
286	3	1669	12
287	3	1304	30
287	3	1565	20
288	3	626	20
288	3	1252	29
288	3	1774	9
289	3	2191	30
291	3	782	20
291	3	834	30
292	3	1774	30
292	3	2035	20
293	3	521	29
293	3	782	20
293	3	1043	30
293	3	1356	9
293	3	1669	12
294	3	574	29
294	3	834	20
294	3	2295	9
295	3	1252	20
295	3	1356	30
295	3	2139	9
296	3	521	29
296	3	782	20
296	3	1200	9
296	3	1669	12
297	3	2139	30
298	3	1043	20
298	3	1148	30
298	3	1722	9
299	3	574	29
299	3	834	20
300	3	417	29
300	3	1826	20
301	3	521	29
301	3	782	20
301	3	1043	30
301	3	1356	9
301	3	1669	12
302	3	626	20
302	3	1200	29
302	3	1513	9
302	3	1826	12
302	3	2087	30
303	3	469	29
303	3	730	20
303	3	991	30
303	3	1304	9
303	3	1617	12
304	3	521	29
304	3	782	20
304	3	1043	30
304	3	1356	9
304	3	1930	12
306	3	469	29
306	3	730	20
306	3	991	30
306	3	1304	9
306	3	1617	12
307	3	834	20
307	3	939	30
308	3	834	20
308	3	887	30
309	3	521	29
309	3	782	20
309	3	1043	30
309	3	1356	9
309	3	1669	12
310	3	678	20
310	3	782	30
310	3	1200	9
310	3	1513	12
311	3	1669	30
311	3	1930	20
312	3	1252	20
312	3	1304	30
312	3	2087	9
313	3	887	20
313	3	1095	30
314	3	1304	30
314	3	1565	20
315	3	782	20
315	3	887	30
315	3	1461	9
315	3	1774	12
317	3	1252	30
317	3	1513	20
318	3	1722	30
318	3	1982	20
319	3	1826	30
319	3	2087	20
320	3	1200	30
320	3	1461	20
321	3	626	20
321	3	887	29
322	3	521	30
322	3	782	20
322	3	1930	9
322	3	2243	12
323	3	1878	30
323	3	2139	20
324	3	1356	30
324	3	1617	20
325	3	1304	30
325	3	1565	20
326	3	574	29
326	3	834	20
326	3	1826	9
326	3	2139	12
327	3	1095	30
327	3	1356	20
327	3	1669	9
327	3	2035	12
328	3	939	20
328	3	1408	30
329	3	1669	30
329	3	1930	20
330	3	939	20
330	3	991	30
330	3	1408	9
330	3	1722	12
331	3	626	20
331	3	887	29
331	3	1878	9
331	3	2191	12
332	3	730	30
332	3	991	20
332	3	1356	9
332	3	1669	12
333	3	574	29
333	3	834	20
333	3	1095	30
333	3	1408	9
333	3	1774	12
334	3	1304	30
334	3	1565	20
335	3	574	29
335	3	834	20
335	3	1095	30
335	3	1408	9
335	3	1722	12
336	3	574	29
336	3	834	20
336	3	1513	9
336	3	1826	12
336	3	2087	30
337	3	1304	20
337	3	1513	30
338	3	1878	20
338	3	1930	30
339	3	626	20
339	3	887	29
339	3	1930	9
339	3	2243	12
340	3	1200	30
340	3	1774	9
341	3	1148	30
341	3	1408	20
341	3	1722	9
341	3	2087	12
342	3	521	29
342	3	782	20
342	3	1043	30
342	3	1356	9
342	3	1669	12
343	3	574	29
343	3	834	20
343	3	1095	30
343	3	1408	9
343	3	1722	12
344	3	2191	30
345	3	730	20
345	3	887	30
345	3	1304	9
345	3	1617	12
346	3	626	20
346	3	730	30
346	3	1200	9
346	3	1513	12
347	3	782	20
347	3	1304	29
347	3	1774	9
348	3	574	29
348	3	834	20
348	3	1304	9
348	3	1617	12
348	3	1878	30
349	3	574	29
349	3	834	20
349	3	1095	30
349	3	1408	9
349	3	1722	12
350	3	2191	30
351	3	678	20
351	3	730	30
352	3	782	30
352	3	1513	9
352	3	1826	12
353	3	574	29
353	3	834	20
353	3	1461	9
354	3	469	29
354	3	730	20
354	3	991	30
354	3	1304	9
354	3	1617	12
355	3	626	20
355	3	1200	29
356	3	1043	20
356	3	1095	30
356	3	1878	9
356	3	2191	12
357	3	678	30
357	3	939	20
358	3	1148	30
358	3	1722	9
358	3	2035	12
360	3	834	20
360	3	887	30
360	3	2295	9
361	3	626	20
361	3	678	30
361	3	1513	9
361	3	1878	12
362	3	2087	30
364	3	574	29
364	3	834	20
364	3	2035	9
365	3	1930	30
366	3	939	20
366	3	991	30
366	3	1565	9
366	3	1878	12
367	3	574	29
367	3	834	20
367	3	2035	9
368	3	574	29
368	3	834	20
368	3	1095	30
368	3	1408	9
368	3	1722	12
369	3	626	20
369	3	678	30
369	3	1200	9
369	3	1513	12
371	3	521	29
371	3	782	20
371	3	1513	9
371	3	2035	12
371	3	2295	30
372	3	1043	30
372	3	1722	9
374	3	1669	30
374	3	1930	20
375	3	1356	20
375	3	1408	30
376	3	678	20
376	3	834	30
376	3	2191	9
377	3	1304	30
377	3	1565	20
377	3	2295	9
378	3	1148	30
378	3	1408	20
379	3	782	20
379	3	1304	29
379	3	1617	9
380	3	678	20
380	3	834	30
381	3	782	30
381	3	1043	20
381	3	2191	9
382	3	626	20
382	3	1200	29
382	3	1982	9
382	3	2295	12
383	3	1408	30
384	3	626	20
384	3	1200	29
384	3	1513	9
385	3	834	20
385	3	939	30
386	3	678	30
387	3	626	20
387	3	782	30
387	3	1200	9
387	3	1513	12
388	3	2087	30
389	3	574	29
389	3	834	20
390	3	521	29
390	3	782	20
390	3	1043	30
390	3	1356	9
390	3	1722	12
391	3	626	30
391	3	1304	9
391	3	1617	12
392	3	1774	20
392	3	1826	30
393	3	521	29
393	3	782	20
393	3	1043	30
393	3	1356	9
393	3	1669	12
394	3	782	30
395	3	834	20
395	3	991	30
396	3	574	29
396	3	834	20
396	3	1095	30
396	3	1408	9
396	3	1722	12
397	3	1148	30
397	3	1408	20
397	3	1774	9
397	3	2087	12
398	3	730	20
398	3	887	30
399	3	469	29
399	3	730	20
399	3	991	30
399	3	1304	9
399	3	1617	12
400	3	678	30
400	3	1774	9
401	3	2243	30
402	3	678	20
402	3	782	30
402	3	1461	9
402	3	1774	12
403	3	1982	30
403	3	2243	20
404	3	1043	20
404	3	1095	30
404	3	2035	9
405	3	1252	30
405	3	1513	20
406	3	574	29
406	3	834	20
406	3	1356	9
406	3	1669	12
407	3	1148	20
407	3	1200	30
407	3	1722	9
409	3	1513	30
409	3	1774	20
410	3	1304	30
410	3	1565	20
410	3	2191	9
411	3	521	29
411	3	782	20
411	3	1043	30
411	3	1356	9
411	3	1669	12
412	3	626	20
412	3	887	29
412	3	1200	9
412	3	1513	12
412	3	1774	30
413	3	574	29
413	3	834	20
413	3	1095	30
413	3	1408	9
413	3	1722	12
414	3	678	20
414	3	730	30
414	3	1356	9
414	3	1669	12
415	3	626	20
415	3	1200	9
415	3	1252	29
415	3	1669	12
415	3	1930	30
416	3	1774	20
416	3	1826	30
417	3	626	20
417	3	678	30
417	3	1722	9
417	3	2035	12
418	3	678	30
418	3	1252	9
418	3	1565	12
419	3	521	29
419	3	782	20
419	3	1095	30
419	3	1408	9
419	3	1722	12
420	3	991	30
420	3	1252	20
420	3	1774	9
420	3	2139	12
421	3	2035	30
422	3	1408	20
422	3	1461	30
423	3	1095	30
423	3	1617	9
423	3	1930	12
424	3	521	29
424	3	782	20
424	3	1043	30
424	3	1356	9
424	3	1669	12
425	3	626	20
425	3	834	30
425	3	2035	9
426	3	1043	30
426	3	1304	20
426	3	1617	9
426	3	1930	12
427	3	2087	30
428	3	521	29
428	3	782	20
429	3	626	20
429	3	887	30
429	3	1408	9
429	3	1722	12
430	3	574	29
430	3	834	20
430	3	1461	9
431	3	521	29
431	3	782	20
431	3	1043	30
431	3	1356	9
431	3	1669	12
432	3	626	20
432	3	730	30
432	3	1200	9
432	3	1513	12
433	3	782	20
433	3	887	30
433	3	1565	9
433	3	1878	12
434	3	626	20
434	3	991	29
434	3	1304	9
434	3	1617	12
434	3	1878	30
435	3	469	29
435	3	730	20
435	3	991	30
435	3	1304	9
435	3	1617	12
436	3	574	29
436	3	834	20
436	3	1095	30
436	3	1408	9
436	3	1722	12
437	3	521	29
437	3	782	20
437	3	1930	9
437	3	2243	12
438	3	834	20
438	3	939	30
438	3	1356	9
438	3	1669	12
439	3	1304	30
440	3	730	30
440	3	991	20
440	3	2139	9
442	3	834	20
442	3	1043	30
442	3	1826	9
442	3	2139	12
443	3	991	20
443	3	1043	30
444	3	1774	30
445	3	574	29
445	3	834	20
445	3	1461	9
445	3	1826	12
445	3	2087	30
446	3	939	20
446	3	1304	30
446	3	2243	9
447	3	1774	30
447	3	2035	20
448	3	1930	20
448	3	2191	30
449	3	2139	30
450	3	2243	30
451	3	939	20
451	3	1043	30
451	3	1408	9
451	3	1722	12
452	3	626	20
452	3	782	30
452	3	2035	9
453	3	521	29
453	3	782	20
453	3	1043	30
453	3	1356	9
453	3	1669	12
454	3	1461	30
454	3	1722	20
455	3	1200	30
455	3	1774	9
455	3	2087	12
456	3	1252	30
456	3	1513	20
457	3	782	30
457	3	1043	20
459	3	1930	30
459	3	2191	20
460	3	574	29
460	3	834	20
460	3	1774	9
460	3	2087	12
461	3	521	29
461	3	782	20
461	3	1095	30
461	3	1408	9
461	3	1722	12
462	3	678	20
462	3	939	30
462	3	1826	9
462	3	2139	12
463	3	678	20
463	3	730	30
463	3	1200	9
463	3	1513	12
464	3	1043	20
464	3	1095	30
464	3	1617	9
464	3	2139	12
465	3	574	29
465	3	834	20
465	3	1878	9
465	3	2191	12
466	3	521	29
466	3	782	20
466	3	1043	30
466	3	1356	9
466	3	1669	12
467	3	521	29
467	3	782	20
467	3	1826	9
467	3	2139	12
468	3	574	29
468	3	834	20
468	3	1878	9
468	3	2191	12
469	3	521	29
469	3	782	20
469	3	1043	30
469	3	1356	9
469	3	1669	12
470	3	1982	30
471	3	1356	30
471	3	1617	20
471	3	2243	9
472	3	521	29
472	3	782	20
472	3	1565	9
472	3	1930	12
472	3	2191	30
473	3	887	20
473	3	1043	30
473	3	1669	9
473	3	2035	12
474	3	574	29
474	3	834	20
474	3	1095	30
474	3	1408	9
474	3	1722	12
475	3	1408	20
475	3	1617	30
475	3	2295	9
476	3	1565	30
476	3	2035	20
478	3	834	20
478	3	939	30
480	3	887	20
480	3	939	30
481	3	626	20
481	3	730	30
481	3	1200	9
481	3	1513	12
482	3	730	20
482	3	782	30
482	3	2087	9
483	3	1669	30
484	3	2035	30
484	3	2295	20
485	3	1356	30
485	3	1617	20
486	3	1304	30
486	3	1565	20
486	3	2087	9
487	3	574	29
487	3	834	20
487	3	1826	9
487	3	2139	12
488	3	1304	30
488	3	1565	20
489	3	574	29
489	3	834	20
489	3	1095	30
489	3	1408	9
489	3	1722	12
490	3	991	20
490	3	1043	30
490	3	1461	9
490	3	1774	12
491	3	782	20
491	3	1304	29
491	3	1826	9
491	3	2139	12
492	3	1095	30
492	3	1356	20
492	3	1669	9
492	3	1982	12
493	3	887	20
494	3	574	29
494	3	834	20
495	3	991	20
495	3	1043	30
495	3	1513	9
495	3	1826	12
496	3	834	20
496	3	991	30
496	3	1408	9
496	3	1722	12
497	3	521	29
497	3	782	20
498	3	626	20
498	3	730	30
498	3	1930	9
499	3	678	20
499	3	730	30
500	3	521	29
500	3	782	20
500	3	1043	30
500	3	1356	9
500	3	1669	12
501	3	1408	30
501	3	1669	20
501	3	2295	9
502	3	939	20
502	3	1043	30
502	3	1774	9
503	3	574	29
503	3	834	20
503	3	1095	30
503	3	1408	9
503	3	1722	12
505	3	1461	20
505	3	1513	30
506	3	1095	30
506	3	1356	20
507	3	2035	30
508	3	626	20
508	3	939	29
508	3	1252	9
508	3	1565	12
508	3	1826	30
510	3	1930	30
510	3	2191	20
512	3	1043	20
512	3	1095	30
512	3	1513	9
512	3	1826	12
513	3	1043	20
513	3	1095	30
513	3	1774	9
514	3	626	20
514	3	730	30
514	3	1565	9
514	3	1878	12
515	3	521	29
515	3	782	20
515	3	1043	30
515	3	1356	9
515	3	1669	12
516	3	1461	30
516	3	1722	20
516	3	2295	9
517	3	1356	30
517	3	1617	20
517	3	2087	9
518	3	991	30
518	3	1252	20
518	3	1774	9
519	3	574	29
519	3	834	20
519	3	1304	9
519	3	1617	12
519	3	1878	30
520	3	574	29
520	3	834	20
520	3	2139	9
521	3	574	29
521	3	834	20
521	3	1095	30
521	3	1408	9
521	3	1722	12
522	3	834	20
522	3	991	30
522	3	1408	9
522	3	1722	12
523	3	574	29
523	3	834	20
523	3	1095	30
523	3	1408	9
523	3	1722	12
524	3	2295	30
525	3	678	20
525	3	730	30
525	3	1200	9
525	3	1513	12
526	3	1982	30
526	3	2243	20
527	3	469	29
527	3	730	20
527	3	991	30
527	3	1930	9
527	3	2243	12
528	3	574	29
528	3	834	20
528	3	1095	30
528	3	1408	9
528	3	1722	12
529	3	626	20
529	3	887	29
529	3	1200	9
529	3	1513	12
529	3	1774	30
530	3	1252	30
530	3	1878	9
530	3	2191	12
531	3	1148	30
531	3	1669	9
531	3	1982	12
532	3	1095	30
533	3	2087	30
534	3	626	20
534	3	887	29
534	3	1200	9
534	3	1513	12
534	3	1774	30
535	3	1982	30
536	3	1408	30
536	3	1722	20
537	3	782	20
537	3	834	30
537	3	1513	9
537	3	1826	12
538	3	469	29
538	3	730	20
538	3	991	30
538	3	1304	9
538	3	1617	12
539	3	574	29
539	3	834	20
539	3	1982	9
540	3	1982	30
540	3	2243	20
541	3	521	29
541	3	782	20
541	3	1930	9
541	3	2243	12
542	3	991	30
542	3	1252	20
543	3	1148	30
543	3	1669	9
543	3	1982	12
544	3	626	30
544	3	887	20
544	3	1252	9
544	3	1565	12
545	3	1356	20
545	3	1669	30
546	3	1200	30
546	3	1461	20
546	3	1774	9
547	3	730	20
547	3	887	30
547	3	1304	9
547	3	1617	12
548	3	1722	30
549	3	1304	30
549	3	1565	20
550	3	521	29
550	3	782	20
550	3	1043	30
550	3	1356	9
550	3	1669	12
551	3	521	29
551	3	782	20
551	3	1043	30
551	3	1356	9
551	3	1669	12
552	3	1408	30
552	3	1669	20
553	3	991	20
553	3	1095	30
553	3	1774	9
554	3	469	29
554	3	730	20
554	3	991	30
554	3	1304	9
554	3	1617	12
555	3	469	29
555	3	730	20
555	3	991	30
555	3	1304	9
555	3	1617	12
556	3	991	30
556	3	1461	9
556	3	1774	12
557	3	1930	30
557	3	2243	20
558	3	574	29
558	3	834	20
558	3	2035	9
559	3	1043	30
559	3	1304	20
559	3	1669	9
559	3	2035	12
560	3	1565	20
560	3	1617	30
561	3	1095	30
561	3	1356	20
562	3	1095	20
562	3	1148	30
562	3	1617	9
562	3	2035	12
563	3	782	20
563	3	939	30
563	3	1356	9
563	3	1669	12
564	3	1461	30
564	3	1722	20
565	3	574	29
565	3	834	20
565	3	1095	30
565	3	1408	9
565	3	1722	12
566	3	574	29
566	3	834	20
566	3	1722	9
567	3	782	30
568	3	521	29
568	3	782	20
568	3	1043	30
568	3	1356	9
568	3	1669	12
569	3	1095	20
569	3	1148	30
569	3	1669	9
570	3	1200	30
570	3	1461	20
571	3	521	29
571	3	782	20
571	3	1095	30
571	3	1408	9
571	3	1826	12
572	3	1408	30
572	3	1722	20
573	3	2243	30
574	3	782	20
574	3	991	30
575	3	521	29
575	3	782	20
575	3	1043	30
575	3	1356	9
575	3	1669	12
576	3	1148	30
576	3	1408	20
577	3	626	20
577	3	887	29
577	3	1200	9
577	3	1513	12
577	3	1774	30
578	3	1200	30
578	3	1461	20
578	3	2295	9
579	3	887	20
579	3	939	30
581	3	1095	20
581	3	1200	30
581	3	1722	9
581	3	2035	12
582	3	939	20
582	3	1043	30
582	3	1982	9
582	3	2295	12
583	3	626	20
583	3	887	29
583	3	1200	9
583	3	1513	12
583	3	1774	30
584	3	521	29
584	3	782	20
584	3	1930	9
584	3	2243	12
585	3	521	29
585	3	782	20
585	3	1043	30
585	3	1356	9
585	3	1669	12
586	3	887	30
586	3	1356	9
586	3	1669	12
587	3	469	29
587	3	730	20
587	3	991	30
587	3	1304	9
587	3	1617	12
588	3	678	30
588	3	1513	9
588	3	1826	12
589	3	626	30
589	3	887	20
589	3	1304	9
589	3	1617	12
590	3	574	29
590	3	834	20
590	3	1200	9
590	3	1617	12
590	3	1878	30
591	3	1774	30
591	3	2035	20
593	3	834	30
594	3	991	20
594	3	1095	30
594	3	2035	9
595	3	574	29
595	3	834	20
595	3	1095	30
595	3	1408	9
595	3	1722	12
596	3	887	20
596	3	991	30
596	3	1513	9
596	3	1826	12
597	3	834	20
597	3	991	30
598	3	521	29
598	3	782	20
598	3	1043	30
598	3	1356	9
598	3	1878	12
599	3	574	29
599	3	834	20
599	3	1095	30
599	3	1408	9
599	3	1826	12
600	3	1826	30
600	3	2087	20
601	3	678	20
601	3	730	30
602	3	1408	30
602	3	1722	20
603	3	887	30
604	3	939	20
604	3	1043	30
604	3	1617	9
604	3	1930	12
605	3	1200	20
605	3	1252	30
606	3	834	20
606	3	991	30
606	3	1461	9
606	3	1774	12
607	3	574	30
607	3	834	20
607	3	1252	9
607	3	1565	12
608	3	574	29
608	3	834	20
608	3	1304	9
608	3	1617	12
608	3	1878	30
610	3	2139	30
611	3	939	20
611	3	991	30
611	3	1930	9
611	3	2243	12
612	3	1148	30
612	3	1774	9
612	3	2191	12
613	3	1461	30
613	3	2087	20
614	3	1200	30
614	3	1774	9
615	3	1095	30
616	3	1095	20
616	3	1148	30
616	3	1774	9
617	3	1982	30
617	3	2243	20
619	3	1408	20
619	3	1461	30
620	3	574	29
620	3	834	20
620	3	2243	9
621	3	1095	30
621	3	1565	9
621	3	1878	12
622	3	469	29
622	3	730	20
622	3	991	30
623	3	1408	20
623	3	1565	30
624	3	574	29
624	3	834	20
625	3	1148	20
625	3	1200	30
625	3	1669	9
626	3	626	20
626	3	730	30
626	3	1356	9
626	3	1669	12
627	3	678	20
627	3	730	30
627	3	1513	9
627	3	1826	12
628	3	782	20
628	3	939	30
628	3	1617	9
628	3	1930	12
629	3	1304	20
629	3	1461	30
629	3	2295	9
630	3	991	20
630	3	1043	30
630	3	2035	9
631	3	782	20
631	3	887	30
631	3	1408	9
631	3	1722	12
632	3	574	29
632	3	834	20
632	3	1095	30
632	3	1408	9
632	3	1722	12
633	3	1617	30
633	3	2035	20
634	3	1200	30
634	3	1461	20
634	3	1774	9
635	3	1408	20
635	3	1461	30
638	3	1930	30
638	3	2191	20
639	3	574	29
639	3	834	20
639	3	1095	30
639	3	1408	9
639	3	1722	12
640	3	1930	30
640	3	2191	20
641	3	834	20
641	3	939	30
642	3	1252	30
642	3	1513	20
644	3	626	20
644	3	782	30
645	3	834	20
645	3	1095	30
645	3	1461	9
645	3	1774	12
646	3	574	29
646	3	834	20
646	3	1095	30
646	3	1408	9
646	3	1722	12
647	3	2243	30
648	3	991	20
648	3	1095	30
648	3	1669	9
649	3	574	29
649	3	834	20
649	3	1304	9
649	3	1617	12
649	3	1878	30
650	3	1617	30
650	3	1878	20
651	3	678	20
651	3	1200	29
652	3	782	20
652	3	939	30
652	3	1565	9
652	3	1878	12
653	3	730	30
653	3	991	20
653	3	1513	9
653	3	1878	12
654	3	1148	30
654	3	1513	20
655	3	887	20
655	3	991	30
655	3	1669	9
655	3	1982	12
656	3	834	20
656	3	887	30
656	3	1565	9
656	3	2087	12
657	3	574	29
657	3	834	20
658	3	626	20
658	3	730	30
658	3	1200	9
658	3	1513	12
659	3	1148	30
659	3	1408	20
659	3	1774	9
660	3	1565	20
660	3	1878	30
661	3	574	29
661	3	834	20
661	3	1356	9
661	3	1669	12
661	3	1930	30
662	3	834	30
662	3	1095	20
662	3	1513	9
662	3	1826	12
663	3	1148	30
663	3	1408	20
664	3	574	29
664	3	834	20
664	3	1200	9
664	3	1513	12
664	3	1774	30
665	3	626	20
665	3	939	29
665	3	1461	9
665	3	1774	12
666	3	574	29
666	3	834	20
666	3	1095	30
666	3	1461	9
666	3	1878	12
667	3	521	29
667	3	782	20
668	3	1148	20
668	3	1200	30
668	3	1982	9
668	3	2295	12
669	3	1043	20
669	3	1095	30
669	3	1774	9
669	3	2087	12
670	3	1095	20
670	3	1148	30
670	3	1826	9
670	3	2191	12
671	3	1669	30
672	3	939	30
672	3	1356	20
673	3	991	20
673	3	1200	30
674	3	939	20
674	3	1043	30
674	3	1513	9
674	3	1826	12
675	3	1095	20
675	3	1148	30
675	3	1565	9
676	3	574	29
676	3	834	20
676	3	1095	30
676	3	1408	9
676	3	1722	12
677	3	991	30
677	3	1252	20
677	3	1565	9
677	3	1878	12
678	3	574	29
678	3	834	20
678	3	1617	9
678	3	1930	12
678	3	2191	30
679	3	1252	20
679	3	1461	30
680	3	1095	30
680	3	1565	9
680	3	1878	12
681	3	1252	30
681	3	1513	20
682	3	626	30
682	3	887	20
682	3	1982	9
682	3	2295	12
683	3	1356	30
683	3	1617	20
684	3	1043	30
684	3	1304	20
684	3	1617	9
684	3	1930	12
685	3	678	30
685	3	2243	9
686	3	574	29
686	3	834	20
687	3	1513	30
687	3	1774	20
688	3	1408	30
688	3	1669	20
688	3	2295	9
689	3	1200	30
690	3	782	20
690	3	887	30
691	3	626	20
691	3	1200	29
691	3	1513	12
691	3	1774	30
692	3	782	20
692	3	834	30
692	3	1304	9
692	3	1617	12
693	3	782	20
693	3	834	30
693	3	1356	9
693	3	1669	12
694	3	678	20
694	3	834	30
694	3	1461	9
694	3	1774	12
695	3	521	29
695	3	782	20
695	3	1043	30
695	3	1461	9
695	3	1930	12
696	3	1148	20
696	3	1252	30
697	3	521	29
697	3	782	20
697	3	1304	9
697	3	1617	12
697	3	1878	30
698	3	1722	30
698	3	1982	20
698	3	2295	9
699	3	834	20
699	3	939	30
699	3	1617	9
700	3	678	20
700	3	887	30
701	3	1043	30
701	3	1513	9
701	3	1826	12
702	3	834	30
702	3	1095	20
703	3	469	29
703	3	730	20
703	3	1200	9
703	3	1513	12
703	3	1774	30
705	3	1095	20
705	3	1200	30
705	3	1930	9
705	3	2243	12
706	3	521	29
706	3	782	20
706	3	1043	30
706	3	1826	9
706	3	2139	12
707	3	626	20
707	3	730	30
707	3	1930	9
708	3	1200	30
708	3	1722	9
709	3	626	20
709	3	782	30
709	3	1252	9
709	3	1565	12
710	3	626	20
710	3	730	30
710	3	1200	9
710	3	1513	12
711	3	1095	30
711	3	1356	20
711	3	1774	9
711	3	2087	12
712	3	1043	20
712	3	1148	30
712	3	1774	9
714	3	626	20
714	3	887	29
714	3	1200	9
714	3	1826	12
714	3	2087	30
715	3	887	20
715	3	991	30
715	3	2087	9
716	3	574	29
716	3	834	20
716	3	1095	30
716	3	1408	9
716	3	1722	12
717	3	1095	20
717	3	1148	30
717	3	1513	9
717	3	1826	12
718	3	574	29
718	3	834	20
718	3	1200	9
718	3	1513	12
718	3	1774	30
719	3	1356	20
719	3	1408	30
720	3	2243	30
721	3	887	20
721	3	991	30
721	3	1513	9
721	3	1826	12
722	3	469	29
722	3	730	20
722	3	991	30
722	3	1304	9
722	3	1617	12
723	3	782	30
723	3	1043	20
724	3	1878	30
725	3	626	20
725	3	782	30
725	3	1356	9
725	3	1669	12
726	3	887	20
726	3	991	30
726	3	1408	9
726	3	1722	12
727	3	1513	30
728	3	1878	30
728	3	2139	20
729	3	626	20
729	3	1252	29
729	3	2139	9
730	3	887	20
730	3	1095	30
730	3	1774	9
731	3	521	29
731	3	782	20
731	3	1043	30
731	3	1878	9
731	3	2191	12
732	3	730	20
732	3	1252	29
733	3	574	29
733	3	834	20
733	3	1252	9
733	3	1565	12
733	3	1826	30
734	3	469	29
734	3	730	20
734	3	991	30
734	3	1304	9
734	3	1774	12
735	3	2035	30
735	3	2295	20
736	3	1148	30
736	3	1408	20
737	3	574	29
737	3	834	20
737	3	1252	9
737	3	1565	12
737	3	1826	30
738	3	626	20
738	3	678	30
738	3	1200	9
738	3	1513	12
739	3	1148	30
739	3	1408	20
739	3	1722	9
741	3	782	20
741	3	834	30
742	3	574	29
742	3	834	20
742	3	1095	30
742	3	1408	9
742	3	1722	12
743	3	521	29
743	3	782	20
743	3	1043	30
743	3	1513	9
743	3	1878	12
744	3	1200	30
744	3	1461	20
744	3	1774	9
744	3	2087	12
745	3	1722	20
745	3	1878	30
746	3	1252	30
746	3	1513	20
747	3	834	20
747	3	887	30
748	3	2087	30
749	3	1252	20
749	3	1774	30
750	3	678	20
750	3	1200	29
750	3	2295	9
751	3	2191	20
751	3	2243	30
752	3	1043	20
752	3	1148	30
752	3	1617	9
752	3	1930	12
753	3	521	29
753	3	782	20
753	3	1043	30
753	3	1356	9
753	3	1669	12
754	3	574	29
754	3	834	20
754	3	1095	30
754	3	1408	9
754	3	1722	12
755	3	574	29
755	3	834	20
755	3	1461	9
755	3	1982	12
755	3	2243	30
756	3	574	29
756	3	834	20
756	3	1095	30
756	3	1408	9
756	3	1722	12
757	3	1774	30
757	3	2035	20
758	3	574	29
758	3	834	20
758	3	1095	30
758	3	1408	9
758	3	1722	12
759	3	1513	30
760	3	834	20
760	3	1043	30
761	3	834	20
761	3	1043	30
761	3	1982	9
761	3	2295	12
762	3	678	20
762	3	834	30
762	3	1513	9
762	3	1826	12
763	3	1252	20
763	3	1304	30
763	3	1826	9
763	3	2139	12
764	3	834	20
764	3	887	30
765	3	521	29
765	3	782	20
765	3	1826	9
765	3	2139	12
766	3	574	29
766	3	834	20
767	3	1252	30
767	3	2035	9
768	3	1669	30
768	3	1982	20
769	3	1774	30
770	3	2035	30
771	3	1148	30
771	3	1408	20
772	3	1252	30
772	3	1774	20
773	3	1513	30
774	3	521	29
774	3	782	20
774	3	1043	30
774	3	1356	9
774	3	1669	12
775	3	1461	30
775	3	1722	20
776	3	469	29
776	3	730	20
776	3	991	30
776	3	1304	9
776	3	1617	12
777	3	2087	30
778	3	626	20
778	3	1252	29
778	3	1982	9
778	3	2295	12
779	3	1982	30
780	3	730	20
780	3	939	30
781	3	730	20
781	3	782	30
781	3	1356	9
781	3	1669	12
782	3	730	20
782	3	834	30
782	3	2191	9
783	3	1669	30
783	3	1930	20
784	3	521	29
784	3	782	20
784	3	1826	9
784	3	2139	12
785	3	626	20
785	3	730	30
785	3	2243	9
786	3	1252	30
786	3	2243	20
787	3	1513	30
787	3	2243	9
788	3	626	20
788	3	730	30
788	3	1565	9
789	3	1095	30
789	3	1356	20
789	3	1722	9
789	3	2035	12
790	3	1095	30
790	3	1930	9
791	3	1513	30
791	3	1826	20
792	3	626	20
792	3	730	30
793	3	521	29
793	3	782	20
793	3	1043	30
793	3	1356	9
793	3	1826	12
794	3	521	29
794	3	782	20
794	3	1982	9
794	3	2295	12
795	3	1878	30
796	3	1461	20
796	3	1513	30
797	3	574	29
797	3	834	20
797	3	1982	9
798	3	1200	30
798	3	2087	9
800	3	1461	30
800	3	1722	20
801	3	1356	30
801	3	1617	20
801	3	2139	9
802	3	678	20
802	3	834	30
802	3	1565	9
803	3	678	20
803	3	887	30
803	3	1200	9
803	3	1565	12
804	3	730	30
804	3	1878	9
804	3	2191	12
806	3	1461	30
806	3	1722	20
807	3	626	20
807	3	887	29
807	3	1200	9
807	3	1513	12
807	3	1774	30
808	3	1982	30
809	3	1826	30
809	3	2087	20
810	3	469	29
810	3	730	20
810	3	991	30
810	3	1304	9
810	3	1617	12
811	3	521	29
811	3	782	20
811	3	1043	30
811	3	1878	9
811	3	2191	12
812	3	521	29
812	3	782	20
812	3	1095	30
812	3	1408	9
812	3	1722	12
813	3	782	20
813	3	887	30
814	3	782	20
814	3	1095	30
815	3	521	30
815	3	782	20
816	3	1148	30
816	3	1878	9
817	3	2243	30
818	3	782	20
818	3	939	30
818	3	1617	9
818	3	1930	12
819	3	1617	30
819	3	1878	20
820	3	782	30
821	3	1148	30
821	3	1408	20
821	3	2191	9
822	3	521	29
822	3	782	20
822	3	1043	30
822	3	1356	9
822	3	1774	12
823	3	626	20
823	3	887	29
823	3	1200	9
823	3	1513	12
823	3	1774	30
824	3	1095	30
824	3	1617	9
824	3	1930	12
825	3	1043	30
825	3	1304	20
825	3	1617	9
826	3	1095	30
826	3	1722	9
827	3	1774	30
827	3	2035	20
828	3	1252	30
828	3	1513	20
828	3	2139	9
829	3	1982	30
829	3	2243	20
830	3	1148	30
830	3	1408	20
831	3	626	30
831	3	887	20
831	3	1200	9
831	3	1513	12
832	3	626	20
832	3	991	29
832	3	1304	9
832	3	1617	12
832	3	1878	30
833	3	1252	30
833	3	1513	20
834	3	574	29
834	3	834	20
834	3	1200	9
834	3	1513	12
834	3	1774	30
835	3	730	20
835	3	782	30
835	3	2295	9
836	3	2087	30
837	3	1461	30
837	3	2295	9
838	3	417	29
838	3	678	20
838	3	939	30
838	3	1252	9
838	3	1565	12
839	3	1408	30
839	3	1669	20
839	3	2243	9
840	3	469	29
840	3	730	20
840	3	991	30
840	3	1304	9
840	3	1617	12
841	3	626	30
842	3	939	30
842	3	1617	9
842	3	1930	12
843	3	574	29
843	3	834	20
843	3	1095	30
843	3	1408	9
843	3	1722	12
844	3	1513	30
845	3	1252	30
845	3	1513	20
846	3	1513	30
847	3	1200	30
847	3	1461	20
847	3	1826	9
847	3	2139	12
848	3	469	29
848	3	730	20
848	3	991	30
848	3	1304	9
848	3	1617	12
849	3	2035	30
850	3	521	29
850	3	782	20
850	3	1095	30
850	3	1408	9
850	3	1722	12
853	3	1513	30
853	3	1774	20
853	3	2191	9
854	3	1095	20
854	3	1148	30
854	3	1565	9
854	3	1878	12
855	3	626	20
855	3	678	30
856	3	834	20
856	3	1252	29
857	3	1669	30
857	3	1930	20
858	3	834	20
858	3	887	30
858	3	1513	9
858	3	1826	12
860	3	1513	30
861	3	626	20
861	3	1304	29
862	3	1461	30
862	3	1774	20
863	3	574	30
863	3	834	20
863	3	1200	9
863	3	1513	12
864	3	521	29
864	3	782	20
864	3	1043	30
864	3	1356	9
864	3	1669	12
865	3	521	29
865	3	782	20
865	3	1513	9
865	3	1930	12
865	3	2191	30
866	3	574	29
866	3	834	20
866	3	1095	30
866	3	1408	9
866	3	1878	12
867	3	730	30
867	3	991	20
868	3	574	29
868	3	834	20
868	3	1565	9
868	3	1930	12
868	3	2191	30
869	3	1043	30
869	3	1565	9
869	3	1878	12
870	3	1148	30
870	3	1408	20
870	3	1774	9
871	3	1200	30
871	3	1826	9
873	3	521	29
873	3	782	20
873	3	1043	30
873	3	1356	9
873	3	1669	12
875	3	678	20
875	3	730	30
875	3	1513	9
876	3	521	29
876	3	782	20
877	3	521	29
877	3	782	20
877	3	1043	30
877	3	1356	9
877	3	1669	12
878	3	1252	30
878	3	1513	20
878	3	2139	9
879	3	730	20
879	3	782	30
879	3	2191	9
880	3	626	20
880	3	887	29
880	3	1200	9
880	3	1513	12
880	3	1774	30
882	3	1356	30
883	3	1982	30
884	3	574	29
884	3	834	20
884	3	2035	9
885	3	626	20
885	3	991	29
885	3	1304	9
885	3	1617	12
885	3	1878	30
886	3	1200	20
886	3	1461	30
887	3	834	20
887	3	887	30
887	3	1774	9
888	3	1982	30
888	3	2243	20
889	3	1513	30
890	3	1252	30
890	3	1513	20
890	3	1982	9
890	3	2295	12
891	3	574	29
891	3	834	20
891	3	1826	9
892	3	1565	30
892	3	1826	20
893	3	626	20
893	3	730	30
894	3	678	20
894	3	834	30
894	3	2243	9
895	3	730	30
895	3	991	20
895	3	1930	9
895	3	2243	12
896	3	626	20
896	3	1200	29
897	3	626	30
897	3	1304	9
897	3	1617	12
898	3	469	29
898	3	730	20
898	3	1095	30
898	3	1408	9
898	3	1722	12
899	3	521	29
899	3	782	20
899	3	1043	30
899	3	1356	9
899	3	1669	12
900	3	1148	20
900	3	1200	30
900	3	2035	9
901	3	574	29
901	3	834	20
901	3	1095	30
901	3	1982	9
901	3	2295	12
902	3	991	20
902	3	1043	30
902	3	1461	9
902	3	1774	12
903	3	574	29
903	3	834	20
903	3	1200	9
903	3	1513	12
903	3	1774	30
905	3	1356	30
905	3	1617	20
906	3	521	29
906	3	782	20
907	3	2191	30
908	3	574	29
908	3	834	20
908	3	1200	9
908	3	1565	12
908	3	1826	30
909	3	1982	30
909	3	2243	20
910	3	1200	30
910	3	1826	9
911	3	1982	30
911	3	2243	20
912	3	574	29
912	3	834	20
913	3	1356	30
913	3	1617	20
913	3	2035	9
914	3	939	20
914	3	991	30
914	3	1565	9
914	3	1878	12
915	3	1304	20
915	3	1356	30
916	3	574	29
916	3	834	20
916	3	1252	9
916	3	1565	12
916	3	1826	30
917	3	782	30
917	3	1043	20
917	3	2191	9
918	3	1200	30
918	3	1461	20
919	3	1461	20
919	3	1565	30
920	3	1252	20
920	3	1356	30
921	3	939	30
921	3	2295	20
922	3	782	20
922	3	887	30
922	3	1982	9
922	3	2295	12
923	3	1408	30
924	3	574	29
924	3	834	20
924	3	1095	30
924	3	1408	9
924	3	1722	12
925	3	574	29
925	3	834	20
926	3	678	20
926	3	834	30
926	3	1356	9
926	3	1669	12
927	3	887	30
927	3	1148	20
927	3	1669	9
929	3	626	20
929	3	1252	29
929	3	1565	9
929	3	1878	12
929	3	2139	30
931	3	521	29
931	3	782	20
931	3	1043	30
931	3	1356	9
931	3	1669	12
932	3	1200	20
932	3	1252	30
932	3	1930	9
932	3	2243	12
933	3	1252	30
933	3	1513	20
933	3	1826	9
933	3	2191	12
934	3	1148	20
934	3	1200	30
935	3	521	29
935	3	782	20
935	3	1565	9
936	3	887	20
936	3	939	30
936	3	2243	9
937	3	1826	30
938	3	417	29
938	3	1200	20
938	3	1982	9
939	3	1461	30
940	3	782	30
940	3	1356	9
940	3	1669	12
941	3	521	29
941	3	782	20
941	3	1043	30
941	3	1356	9
941	3	1669	12
942	3	521	30
942	3	782	20
942	3	1200	9
942	3	1513	12
943	3	939	20
943	3	2243	30
944	3	834	30
944	3	1095	20
944	3	1930	9
944	3	2243	12
945	3	1826	30
946	3	887	20
946	3	939	30
946	3	1774	9
946	3	2087	12
947	3	574	29
947	3	834	20
947	3	1095	30
947	3	1408	9
947	3	1722	12
948	3	574	29
948	3	834	20
948	3	1356	9
948	3	1774	12
948	3	2295	30
949	3	469	29
949	3	730	20
949	3	991	30
949	3	1304	9
949	3	1617	12
950	3	626	20
950	3	887	29
950	3	1200	9
950	3	1513	12
950	3	1774	30
953	3	626	20
953	3	991	29
953	3	1304	9
953	3	1617	12
953	3	1878	30
954	3	469	29
954	3	730	20
954	3	991	30
954	3	1304	9
954	3	1617	12
956	3	939	20
956	3	991	30
958	3	1565	20
958	3	1617	30
960	3	834	20
960	3	939	30
960	3	1565	9
961	3	678	20
961	3	834	30
961	3	1461	9
961	3	1826	12
962	3	2035	30
962	3	2295	20
963	3	574	29
963	3	834	20
963	3	2035	9
964	3	521	29
964	3	782	20
964	3	1043	30
964	3	1356	9
964	3	1669	12
965	3	1043	20
965	3	1095	30
965	3	1669	9
966	3	521	29
966	3	782	20
966	3	1513	9
966	3	1826	12
966	3	2087	30
967	3	2139	30
968	3	678	30
968	3	939	20
968	3	1982	9
968	3	2295	12
969	3	730	30
969	3	991	20
969	3	1565	9
969	3	1878	12
971	3	574	29
971	3	834	20
971	3	1408	9
971	3	1722	12
971	3	1982	30
972	3	521	29
972	3	782	20
972	3	1043	30
972	3	1356	9
972	3	1669	12
973	3	782	30
974	3	626	20
974	3	782	30
975	3	1356	30
975	3	1617	20
976	3	730	20
976	3	782	30
976	3	1356	9
976	3	1669	12
977	3	1982	30
978	3	574	29
978	3	834	20
978	3	1252	9
978	3	1565	12
978	3	1826	30
979	3	1304	30
979	3	1565	20
979	3	2035	9
980	3	1930	30
980	3	2191	20
981	3	991	30
981	3	1252	20
981	3	1565	9
981	3	1878	12
982	3	678	30
983	3	521	29
983	3	782	20
983	3	1774	9
984	3	1095	20
984	3	1148	30
984	3	1669	9
985	3	1148	30
985	3	1408	20
985	3	1722	9
985	3	2035	12
986	3	2295	30
987	3	1304	30
987	3	1565	20
988	3	678	20
988	3	730	30
988	3	2035	9
989	3	521	29
989	3	782	20
989	3	1043	30
989	3	1930	9
989	3	2295	12
990	3	1826	30
990	3	2087	20
994	3	2087	30
995	3	521	29
995	3	782	20
995	3	1043	30
995	3	1356	9
995	3	1774	12
996	3	1200	30
996	3	1461	20
997	3	2243	30
998	3	730	20
998	3	782	30
998	3	1252	9
998	3	1565	12
999	3	1617	30
0	4	678	27
0	4	887	29
0	4	1774	30
1	4	678	27
1	4	887	29
2	4	782	30
3	4	1200	30
3	4	1826	28
4	4	730	30
4	4	1304	28
5	4	574	29
5	4	2139	28
6	4	678	30
6	4	1878	28
7	4	1043	30
7	4	1722	28
8	4	991	30
8	4	1408	28
10	4	521	29
10	4	1043	30
12	4	1878	30
13	4	1826	30
14	4	469	29
14	4	939	28
14	4	991	30
15	4	521	29
15	4	1669	28
15	4	2191	30
16	4	574	29
16	4	1356	28
16	4	1878	30
17	4	574	29
17	4	1095	30
18	4	574	29
18	4	1826	28
19	4	1878	30
20	4	678	30
20	4	1617	28
21	4	469	29
21	4	939	28
21	4	991	30
22	4	1148	30
23	4	521	29
23	4	1095	30
24	4	521	29
24	4	1043	30
25	4	1565	30
26	4	730	30
26	4	1878	28
27	4	574	29
27	4	1408	28
27	4	1878	30
28	4	991	30
28	4	1461	28
29	4	1095	30
30	4	1304	30
30	4	2191	28
31	4	782	30
31	4	2191	28
32	4	1148	30
32	4	1774	28
33	4	730	30
33	4	2191	28
34	4	1043	30
34	4	1722	28
35	4	574	29
35	4	1356	28
35	4	1878	30
36	4	574	29
36	4	1408	28
37	4	887	30
38	4	834	30
39	4	574	29
39	4	1565	28
39	4	2139	30
40	4	574	29
40	4	939	28
40	4	1095	30
41	4	887	30
41	4	1669	28
42	4	991	30
42	4	1513	28
43	4	574	29
43	4	1356	28
43	4	1930	30
45	4	782	27
45	4	1043	28
45	4	1304	29
45	4	2295	30
46	4	521	29
46	4	1930	28
47	4	1252	30
48	4	2295	30
49	4	574	29
49	4	1304	28
49	4	1826	30
50	4	1669	30
51	4	1878	30
52	4	2035	30
53	4	521	29
53	4	1095	30
53	4	1982	28
55	4	834	30
56	4	1408	30
57	4	521	29
57	4	1043	30
58	4	782	30
58	4	1408	28
59	4	521	29
59	4	1043	30
60	4	1826	30
61	4	782	27
61	4	1043	28
61	4	1304	29
62	4	574	29
62	4	1304	28
62	4	1826	30
63	4	782	30
63	4	1617	28
64	4	1982	30
65	4	626	30
65	4	2035	28
66	4	1252	30
66	4	2139	28
67	4	834	30
67	4	1513	28
68	4	1513	30
69	4	1095	30
69	4	1669	28
70	4	678	30
71	4	1148	30
71	4	2087	28
73	4	1826	30
74	4	1826	30
75	4	678	27
75	4	939	29
76	4	1513	30
77	4	1774	30
78	4	1513	30
79	4	834	30
79	4	1930	28
80	4	678	27
80	4	939	28
80	4	1200	29
81	4	626	30
81	4	2295	28
82	4	782	30
82	4	2243	28
83	4	1200	30
84	4	782	30
86	4	1356	30
87	4	469	29
87	4	991	30
87	4	2035	28
88	4	834	30
88	4	1565	28
89	4	991	30
89	4	1878	28
90	4	1252	30
91	4	782	30
92	4	521	29
92	4	1043	30
93	4	1513	30
94	4	2035	30
95	4	1722	30
95	4	2295	28
96	4	1148	30
96	4	1930	28
97	4	1461	30
98	4	1826	30
99	4	1200	30
99	4	2191	28
100	4	1722	30
101	4	887	30
102	4	834	30
102	4	1982	28
103	4	1043	30
104	4	626	30
104	4	1461	28
106	4	939	30
106	4	1461	28
107	4	574	29
107	4	1095	30
107	4	2191	28
108	4	574	29
108	4	1669	28
109	4	1461	30
110	4	574	29
110	4	1200	28
110	4	1774	30
111	4	834	30
111	4	2243	28
112	4	834	30
113	4	469	29
113	4	991	30
114	4	782	30
115	4	1513	30
116	4	1408	30
116	4	2243	28
117	4	1513	30
118	4	1200	30
119	4	1200	30
119	4	2035	28
120	4	1043	30
121	4	1408	30
122	4	678	27
122	4	939	29
122	4	1826	30
123	4	2139	30
124	4	730	27
124	4	887	29
124	4	1930	30
125	4	730	30
125	4	1356	28
126	4	574	30
126	4	1304	28
127	4	574	29
127	4	1095	30
128	4	521	29
128	4	991	28
128	4	1043	30
129	4	1148	30
130	4	626	30
131	4	730	30
131	4	1461	28
132	4	574	29
132	4	2035	28
133	4	782	30
134	4	1043	30
134	4	2087	28
135	4	574	29
135	4	1408	28
135	4	1930	30
136	4	469	29
136	4	939	28
136	4	991	30
137	4	834	30
137	4	1722	28
138	4	574	29
138	4	939	28
138	4	1095	30
139	4	730	27
139	4	939	29
139	4	1826	30
139	4	2087	28
140	4	1930	30
141	4	521	29
141	4	1043	30
142	4	1252	30
143	4	1252	30
143	4	2139	28
145	4	1200	30
145	4	2035	28
146	4	730	30
146	4	1617	28
147	4	887	30
148	4	1356	30
149	4	574	29
149	4	1043	28
149	4	1095	30
150	4	574	29
150	4	1461	28
150	4	1982	30
151	4	1356	30
151	4	2139	28
152	4	730	30
152	4	1461	28
153	4	991	30
154	4	574	29
154	4	1095	30
155	4	521	29
155	4	1043	30
155	4	2191	28
156	4	521	29
156	4	1043	30
158	4	626	30
158	4	1513	28
159	4	574	29
159	4	1095	30
159	4	2139	28
160	4	887	30
160	4	1669	28
161	4	1826	30
162	4	1043	30
162	4	1669	28
163	4	1617	30
164	4	574	29
164	4	1982	28
165	4	730	30
165	4	1356	28
166	4	1826	30
167	4	1617	30
169	4	678	27
169	4	887	29
170	4	574	29
170	4	1043	28
170	4	1095	30
171	4	1461	30
172	4	1148	30
172	4	1722	28
173	4	1408	30
174	4	1043	30
174	4	1774	28
175	4	834	30
175	4	1565	28
176	4	521	29
176	4	1982	28
177	4	1722	30
178	4	2139	30
179	4	730	30
179	4	1565	28
180	4	2191	30
181	4	521	29
181	4	1043	30
182	4	887	30
183	4	574	30
183	4	1617	28
184	4	1617	30
185	4	730	30
185	4	1408	28
186	4	2191	30
187	4	991	30
187	4	1722	28
188	4	1826	30
189	4	1043	30
189	4	1565	28
190	4	1200	30
191	4	678	27
191	4	887	29
192	4	782	30
192	4	1513	28
193	4	678	30
193	4	1826	28
194	4	730	30
196	4	469	29
196	4	991	30
198	4	730	30
198	4	1513	28
199	4	521	29
199	4	1043	30
199	4	2243	28
200	4	1200	30
200	4	1878	28
201	4	1878	30
202	4	1148	30
202	4	1930	28
203	4	991	30
203	4	1722	28
204	4	574	29
204	4	1408	28
204	4	1878	30
205	4	1408	30
205	4	2087	28
206	4	521	29
206	4	939	28
206	4	1043	30
207	4	574	29
207	4	1095	30
207	4	2243	28
208	4	521	29
208	4	1408	28
208	4	2139	30
210	4	730	30
211	4	1669	30
212	4	1095	30
213	4	1617	30
215	4	1304	30
216	4	2191	30
217	4	1148	30
218	4	834	30
218	4	1617	28
219	4	2295	30
220	4	1617	30
221	4	834	30
221	4	1826	28
222	4	1878	30
223	4	1669	30
224	4	1200	30
224	4	1930	28
225	4	574	29
225	4	1043	28
225	4	1095	30
226	4	574	30
226	4	1356	28
227	4	887	30
227	4	2295	28
228	4	521	29
228	4	1043	30
229	4	1043	30
229	4	1669	28
230	4	469	29
230	4	991	30
231	4	469	29
231	4	939	28
231	4	991	30
232	4	574	29
232	4	1095	30
233	4	1252	30
233	4	1982	28
235	4	1669	30
236	4	1826	30
237	4	1356	30
239	4	1408	30
240	4	574	29
240	4	1095	30
240	4	2087	28
241	4	991	30
241	4	1513	28
242	4	834	30
242	4	1513	28
243	4	469	29
243	4	939	28
243	4	991	30
244	4	521	29
244	4	1043	30
245	4	1304	30
245	4	2087	28
248	4	521	29
248	4	1043	30
249	4	521	29
249	4	1043	30
250	4	521	29
250	4	1043	30
251	4	887	30
252	4	1878	30
253	4	1356	30
253	4	2243	28
255	4	1148	30
256	4	1095	30
256	4	1774	28
257	4	1252	30
257	4	2035	28
258	4	678	27
258	4	887	29
258	4	2087	30
259	4	521	29
259	4	1043	30
260	4	521	29
260	4	1826	28
262	4	991	30
262	4	1565	28
263	4	2139	30
264	4	574	29
264	4	1878	28
265	4	678	27
265	4	939	28
265	4	1200	29
266	4	574	29
266	4	1617	28
266	4	2139	30
267	4	521	29
267	4	1043	30
268	4	1043	30
268	4	1669	28
269	4	730	27
269	4	991	28
269	4	1043	29
269	4	1930	30
270	4	991	30
271	4	782	30
271	4	1513	28
272	4	521	29
272	4	1043	30
272	4	1774	28
274	4	1304	30
275	4	1878	30
277	4	1930	30
278	4	1669	30
279	4	1252	30
280	4	1304	30
280	4	2191	28
282	4	1669	30
283	4	1200	30
283	4	1982	28
284	4	574	29
284	4	991	28
284	4	1095	30
285	4	1148	30
285	4	1722	28
286	4	521	29
286	4	1043	30
286	4	2035	28
287	4	1304	30
288	4	730	27
288	4	991	28
288	4	1252	29
289	4	2191	30
291	4	834	30
292	4	1774	30
293	4	521	29
293	4	939	28
293	4	1043	30
294	4	574	29
294	4	2295	28
295	4	1356	30
295	4	2139	28
296	4	521	29
296	4	1408	28
297	4	2139	30
298	4	1148	30
299	4	574	29
300	4	417	29
300	4	2243	28
301	4	521	29
301	4	939	28
301	4	1043	30
302	4	678	27
302	4	939	28
302	4	1200	29
302	4	2087	30
303	4	469	29
303	4	939	28
303	4	991	30
304	4	521	29
304	4	1043	30
306	4	469	29
306	4	991	30
307	4	939	30
308	4	887	30
309	4	521	29
309	4	939	28
309	4	1043	30
310	4	782	30
310	4	1356	28
311	4	1669	30
312	4	1304	30
312	4	2139	28
313	4	1095	30
314	4	1304	30
315	4	887	30
315	4	1617	28
317	4	1252	30
318	4	1722	30
319	4	1826	30
320	4	1200	30
321	4	678	27
321	4	887	29
322	4	521	30
322	4	1982	28
323	4	1878	30
324	4	1356	30
325	4	1304	30
326	4	574	29
326	4	1826	28
327	4	1095	30
327	4	1722	28
328	4	1408	30
329	4	1669	30
330	4	991	30
330	4	1565	28
331	4	730	27
331	4	887	29
332	4	730	30
332	4	1461	28
333	4	574	29
333	4	1095	30
334	4	1304	30
335	4	574	29
335	4	1095	30
336	4	574	29
336	4	1565	28
336	4	2087	30
337	4	1513	30
338	4	1930	30
339	4	678	27
339	4	887	29
340	4	1200	30
341	4	1148	30
341	4	1826	28
342	4	521	29
342	4	1043	30
343	4	574	29
343	4	1095	30
344	4	2191	30
345	4	887	30
345	4	1461	28
346	4	730	30
346	4	1356	28
347	4	782	27
347	4	1043	28
347	4	1304	29
348	4	574	29
348	4	1356	28
348	4	1878	30
349	4	574	29
349	4	1095	30
350	4	2191	30
351	4	730	30
352	4	782	30
352	4	1617	28
353	4	574	29
353	4	1669	28
354	4	469	29
354	4	991	30
355	4	678	27
355	4	939	28
355	4	1200	29
356	4	1095	30
356	4	1982	28
357	4	678	30
358	4	1148	30
358	4	1826	28
360	4	887	30
361	4	678	30
361	4	1826	28
362	4	2087	30
364	4	574	29
364	4	2139	28
365	4	1930	30
366	4	991	30
366	4	1722	28
367	4	574	29
367	4	1982	28
368	4	574	29
368	4	939	28
368	4	1095	30
369	4	678	30
369	4	1356	28
371	4	521	29
371	4	1722	28
371	4	2295	30
372	4	1043	30
374	4	1669	30
374	4	2295	28
375	4	1408	30
376	4	834	30
377	4	1304	30
377	4	2243	28
378	4	1148	30
379	4	782	27
379	4	1043	28
379	4	1304	29
380	4	834	30
381	4	782	30
381	4	2191	28
382	4	678	27
382	4	939	28
382	4	1200	29
383	4	1408	30
384	4	678	27
384	4	939	28
384	4	1200	29
385	4	939	30
386	4	678	30
387	4	782	30
387	4	1356	28
388	4	2087	30
389	4	574	29
390	4	521	29
390	4	939	28
390	4	1043	30
391	4	626	30
391	4	1513	28
392	4	1826	30
392	4	2243	28
393	4	521	29
393	4	939	28
393	4	1043	30
394	4	782	30
395	4	991	30
396	4	574	29
396	4	991	28
396	4	1095	30
397	4	1148	30
397	4	1878	28
398	4	887	30
399	4	469	29
399	4	991	30
400	4	678	30
400	4	2295	28
401	4	2243	30
402	4	782	30
402	4	1617	28
403	4	1982	30
404	4	1095	30
404	4	2191	28
405	4	1252	30
406	4	574	29
406	4	1356	28
407	4	1200	30
409	4	1513	30
410	4	1304	30
410	4	2191	28
411	4	521	29
411	4	1043	30
412	4	678	27
412	4	887	29
412	4	1774	30
412	4	2035	28
413	4	574	29
413	4	939	28
413	4	1095	30
414	4	730	30
414	4	1565	28
415	4	730	27
415	4	991	28
415	4	1252	29
415	4	1930	30
416	4	1826	30
417	4	678	30
417	4	1878	28
418	4	678	30
418	4	1356	28
419	4	521	29
419	4	1095	30
420	4	991	30
420	4	1982	28
421	4	2035	30
422	4	1461	30
423	4	1095	30
423	4	1669	28
424	4	521	29
424	4	1043	30
424	4	1878	28
425	4	834	30
425	4	2087	28
426	4	1043	30
426	4	1722	28
427	4	2087	30
428	4	521	29
429	4	887	30
429	4	1565	28
430	4	574	29
430	4	1565	28
431	4	521	29
431	4	939	28
431	4	1043	30
432	4	730	30
432	4	1356	28
433	4	887	30
433	4	1774	28
434	4	678	27
434	4	939	28
434	4	991	29
434	4	1878	30
435	4	469	29
435	4	991	30
436	4	574	29
436	4	1043	28
436	4	1095	30
437	4	521	29
437	4	1878	28
438	4	939	30
438	4	1565	28
439	4	1304	30
440	4	730	30
442	4	1043	30
442	4	1930	28
443	4	1043	30
444	4	1774	30
445	4	574	29
445	4	1617	28
445	4	2087	30
446	4	1304	30
446	4	2295	28
447	4	1774	30
448	4	2191	30
449	4	2139	30
450	4	2243	30
451	4	1043	30
451	4	1513	28
452	4	782	30
452	4	2243	28
453	4	521	29
453	4	991	28
453	4	1043	30
454	4	1461	30
455	4	1200	30
455	4	1826	28
456	4	1252	30
457	4	782	30
459	4	1930	30
460	4	574	29
460	4	1930	28
461	4	521	29
461	4	1095	30
462	4	939	30
463	4	730	30
463	4	1356	28
464	4	1095	30
464	4	1826	28
465	4	574	29
465	4	1826	28
466	4	521	29
466	4	1043	30
467	4	521	29
467	4	1826	28
468	4	574	29
468	4	1878	28
469	4	521	29
469	4	939	28
469	4	1043	30
470	4	1982	30
471	4	1356	30
471	4	2243	28
472	4	521	29
472	4	1774	28
472	4	2191	30
473	4	1043	30
473	4	1826	28
474	4	574	29
474	4	1095	30
475	4	1617	30
475	4	2295	28
476	4	1565	30
478	4	939	30
480	4	939	30
481	4	730	30
481	4	1304	28
482	4	782	30
483	4	1669	30
484	4	2035	30
485	4	1356	30
486	4	1304	30
486	4	2087	28
487	4	574	29
487	4	1826	28
488	4	1304	30
489	4	574	29
489	4	1095	30
490	4	1043	30
490	4	1513	28
491	4	782	27
491	4	1043	28
491	4	1304	29
492	4	1095	30
492	4	1722	28
494	4	574	29
495	4	1043	30
495	4	1565	28
496	4	991	30
496	4	1565	28
497	4	521	29
498	4	730	30
499	4	730	30
500	4	521	29
500	4	991	28
500	4	1043	30
501	4	1408	30
501	4	2295	28
502	4	1043	30
502	4	2243	28
503	4	574	29
503	4	939	28
503	4	1095	30
505	4	1513	30
506	4	1095	30
507	4	2035	30
508	4	678	27
508	4	939	29
508	4	1826	30
510	4	1930	30
512	4	1095	30
512	4	1617	28
513	4	1095	30
514	4	730	30
514	4	1826	28
515	4	521	29
515	4	991	28
515	4	1043	30
516	4	1461	30
516	4	2243	28
517	4	1356	30
517	4	2139	28
518	4	991	30
519	4	574	29
519	4	1304	28
519	4	1878	30
520	4	574	29
520	4	2035	28
521	4	574	29
521	4	1095	30
522	4	991	30
522	4	1513	28
523	4	574	29
523	4	1095	30
524	4	2295	30
525	4	730	30
525	4	1304	28
526	4	1982	30
527	4	469	29
527	4	991	30
528	4	574	29
528	4	1043	28
528	4	1095	30
529	4	678	27
529	4	887	29
529	4	1774	30
529	4	2139	28
530	4	1252	30
530	4	1930	28
531	4	1148	30
531	4	1669	28
532	4	1095	30
533	4	2087	30
534	4	678	27
534	4	887	29
534	4	1774	30
535	4	1982	30
536	4	1408	30
537	4	834	30
537	4	1617	28
538	4	469	29
538	4	991	30
539	4	574	29
539	4	939	28
540	4	1982	30
541	4	521	29
541	4	1878	28
542	4	991	30
543	4	1148	30
543	4	1774	28
544	4	626	30
544	4	1356	28
545	4	1669	30
546	4	1200	30
547	4	887	30
547	4	1408	28
548	4	1722	30
549	4	1304	30
550	4	521	29
550	4	1043	30
551	4	521	29
551	4	1043	30
551	4	2243	28
552	4	1408	30
553	4	1095	30
553	4	2139	28
554	4	469	29
554	4	939	28
554	4	991	30
555	4	469	29
555	4	991	30
555	4	1669	28
556	4	991	30
556	4	1565	28
557	4	1930	30
558	4	574	29
558	4	1982	28
559	4	1043	30
559	4	1774	28
560	4	1617	30
561	4	1095	30
562	4	1148	30
562	4	1774	28
563	4	939	30
563	4	1461	28
564	4	1461	30
565	4	574	29
565	4	1095	30
565	4	1930	28
566	4	574	29
566	4	2243	28
567	4	782	30
568	4	521	29
568	4	1043	30
569	4	1148	30
570	4	1200	30
571	4	521	29
571	4	1095	30
572	4	1408	30
573	4	2243	30
574	4	991	30
575	4	521	29
575	4	939	28
575	4	1043	30
576	4	1148	30
577	4	678	27
577	4	887	29
577	4	1774	30
578	4	1200	30
579	4	939	30
581	4	1200	30
581	4	1774	28
582	4	1043	30
582	4	2035	28
583	4	678	27
583	4	887	29
583	4	1774	30
584	4	521	29
584	4	1930	28
585	4	521	29
585	4	939	28
585	4	1043	30
586	4	887	30
586	4	1461	28
587	4	469	29
587	4	939	28
587	4	991	30
588	4	678	30
588	4	1722	28
589	4	626	30
589	4	1513	28
590	4	574	29
590	4	1408	28
590	4	1878	30
591	4	1774	30
593	4	834	30
594	4	1095	30
594	4	2087	28
595	4	574	29
595	4	1095	30
596	4	991	30
596	4	1617	28
597	4	991	30
598	4	521	29
598	4	939	28
598	4	1043	30
599	4	574	29
599	4	939	28
599	4	1095	30
600	4	1826	30
601	4	730	30
602	4	1408	30
603	4	887	30
604	4	1043	30
604	4	1774	28
605	4	1252	30
606	4	991	30
606	4	1565	28
607	4	574	30
607	4	1461	28
608	4	574	29
608	4	1408	28
608	4	1878	30
610	4	2139	30
611	4	991	30
611	4	2087	28
612	4	1148	30
612	4	1982	28
613	4	1461	30
614	4	1200	30
615	4	1095	30
616	4	1148	30
617	4	1982	30
619	4	1461	30
620	4	574	29
620	4	2191	28
621	4	1095	30
621	4	1617	28
622	4	469	29
622	4	991	30
623	4	1565	30
624	4	574	29
625	4	1200	30
626	4	730	30
626	4	1513	28
627	4	730	30
627	4	1617	28
628	4	939	30
628	4	1774	28
629	4	1461	30
630	4	1043	30
630	4	2087	28
631	4	887	30
631	4	1565	28
632	4	574	29
632	4	1095	30
633	4	1617	30
634	4	1200	30
635	4	1461	30
638	4	1930	30
639	4	574	29
639	4	1095	30
640	4	1930	30
641	4	939	30
642	4	1252	30
644	4	782	30
645	4	1095	30
645	4	1617	28
646	4	574	29
646	4	1095	30
647	4	2243	30
648	4	1095	30
649	4	574	29
649	4	1461	28
649	4	1878	30
650	4	1617	30
650	4	2295	28
651	4	678	27
651	4	939	28
651	4	1200	29
652	4	939	30
653	4	730	30
653	4	1722	28
654	4	1148	30
655	4	991	30
655	4	1826	28
656	4	887	30
656	4	1774	28
657	4	574	29
658	4	730	30
658	4	1408	28
659	4	1148	30
660	4	1878	30
661	4	574	29
661	4	1408	28
661	4	1930	30
662	4	834	30
662	4	1617	28
663	4	1148	30
664	4	574	29
664	4	1252	28
664	4	1774	30
665	4	678	27
665	4	939	29
666	4	574	29
666	4	1095	30
667	4	521	29
668	4	1200	30
668	4	1982	28
669	4	1095	30
669	4	1878	28
670	4	1148	30
670	4	2035	28
671	4	1669	30
672	4	939	30
673	4	1200	30
674	4	1043	30
674	4	1669	28
675	4	1148	30
675	4	1669	28
676	4	574	29
676	4	1095	30
676	4	2191	28
677	4	991	30
677	4	1565	28
678	4	574	29
678	4	1774	28
678	4	2191	30
679	4	1461	30
680	4	1095	30
680	4	1669	28
681	4	1252	30
682	4	626	30
682	4	2035	28
683	4	1356	30
684	4	1043	30
684	4	1669	28
685	4	678	30
686	4	574	29
687	4	1513	30
688	4	1408	30
688	4	2295	28
689	4	1200	30
690	4	887	30
691	4	678	27
691	4	939	28
691	4	1200	29
691	4	1774	30
692	4	834	30
692	4	1356	28
693	4	834	30
693	4	1513	28
694	4	834	30
694	4	1722	28
695	4	521	29
695	4	939	28
695	4	1043	30
696	4	1252	30
697	4	521	29
697	4	1356	28
697	4	1878	30
698	4	1722	30
698	4	2295	28
699	4	939	30
700	4	887	30
701	4	1043	30
701	4	1617	28
702	4	834	30
703	4	469	29
703	4	1304	28
703	4	1774	30
705	4	1200	30
705	4	1982	28
706	4	521	29
706	4	1043	30
707	4	730	30
708	4	1200	30
708	4	2191	28
709	4	782	30
709	4	1461	28
710	4	730	30
710	4	1356	28
711	4	1095	30
711	4	1826	28
712	4	1148	30
714	4	678	27
714	4	887	29
714	4	2087	30
715	4	991	30
715	4	2295	28
716	4	574	29
716	4	1095	30
717	4	1148	30
717	4	1617	28
718	4	574	29
718	4	1252	28
718	4	1774	30
719	4	1408	30
720	4	2243	30
721	4	991	30
721	4	1669	28
722	4	469	29
722	4	939	28
722	4	991	30
723	4	782	30
724	4	1878	30
725	4	782	30
725	4	1513	28
726	4	991	30
726	4	1461	28
727	4	1513	30
728	4	1878	30
729	4	730	27
729	4	991	28
729	4	1252	29
730	4	1095	30
731	4	521	29
731	4	939	28
731	4	1043	30
732	4	730	27
732	4	991	28
732	4	1252	29
733	4	574	29
733	4	1304	28
733	4	1826	30
734	4	469	29
734	4	991	30
735	4	2035	30
736	4	1148	30
737	4	574	29
737	4	1356	28
737	4	1826	30
738	4	678	30
738	4	1356	28
739	4	1148	30
741	4	834	30
742	4	574	29
742	4	991	28
742	4	1095	30
743	4	521	29
743	4	1043	30
744	4	1200	30
744	4	1826	28
745	4	1878	30
746	4	1252	30
747	4	887	30
748	4	2087	30
749	4	1774	30
750	4	678	27
750	4	939	28
750	4	1200	29
751	4	2243	30
752	4	1148	30
752	4	1722	28
753	4	521	29
753	4	1043	30
753	4	2035	28
754	4	574	29
754	4	1095	30
755	4	574	29
755	4	1774	28
755	4	2243	30
756	4	574	29
756	4	1095	30
756	4	2087	28
757	4	1774	30
758	4	574	29
758	4	1095	30
759	4	1513	30
760	4	1043	30
761	4	1043	30
761	4	2087	28
762	4	834	30
762	4	2087	28
763	4	1304	30
763	4	1930	28
764	4	887	30
765	4	521	29
765	4	1826	28
766	4	574	29
767	4	1252	30
767	4	2035	28
768	4	1669	30
769	4	1774	30
770	4	2035	30
771	4	1148	30
772	4	1252	30
773	4	1513	30
774	4	521	29
774	4	1043	30
775	4	1461	30
776	4	469	29
776	4	991	30
777	4	2087	30
778	4	730	27
778	4	991	28
778	4	1252	29
779	4	1982	30
780	4	939	30
781	4	782	30
781	4	1565	28
782	4	834	30
782	4	2295	28
783	4	1669	30
784	4	521	29
784	4	1826	28
785	4	730	30
786	4	1252	30
787	4	1513	30
787	4	2243	28
788	4	730	30
788	4	2035	28
789	4	1095	30
789	4	1774	28
790	4	1095	30
790	4	2139	28
791	4	1513	30
792	4	730	30
793	4	521	29
793	4	1043	30
794	4	521	29
794	4	1930	28
795	4	1878	30
796	4	1513	30
797	4	574	29
797	4	2035	28
798	4	1200	30
798	4	2087	28
800	4	1461	30
801	4	1356	30
801	4	2139	28
802	4	834	30
803	4	887	30
803	4	1565	28
804	4	730	30
804	4	1982	28
806	4	1461	30
807	4	678	27
807	4	887	29
807	4	1774	30
808	4	1982	30
809	4	1826	30
810	4	469	29
810	4	991	30
811	4	521	29
811	4	1043	30
812	4	521	29
812	4	1095	30
812	4	2139	28
813	4	887	30
814	4	1095	30
815	4	521	30
816	4	1148	30
817	4	2243	30
818	4	939	30
818	4	1826	28
819	4	1617	30
820	4	782	30
821	4	1148	30
821	4	2243	28
822	4	521	29
822	4	991	28
822	4	1043	30
823	4	678	27
823	4	887	29
823	4	1774	30
823	4	2087	28
824	4	1095	30
824	4	1722	28
825	4	1043	30
825	4	1722	28
826	4	1095	30
827	4	1774	30
828	4	1252	30
828	4	2191	28
829	4	1982	30
830	4	1148	30
831	4	626	30
831	4	1356	28
832	4	730	27
832	4	991	29
832	4	1878	30
833	4	1252	30
834	4	574	29
834	4	1200	28
834	4	1774	30
835	4	782	30
836	4	2087	30
837	4	1461	30
837	4	2243	28
838	4	417	29
838	4	939	30
838	4	2191	28
839	4	1408	30
839	4	2191	28
840	4	469	29
840	4	939	28
840	4	991	30
841	4	626	30
842	4	939	30
842	4	1774	28
843	4	574	29
843	4	1043	28
843	4	1095	30
844	4	1513	30
845	4	1252	30
846	4	1513	30
847	4	1200	30
847	4	1930	28
848	4	469	29
848	4	939	28
848	4	991	30
849	4	2035	30
850	4	521	29
850	4	1095	30
850	4	2295	28
853	4	1513	30
854	4	1148	30
854	4	1669	28
855	4	678	30
856	4	730	27
856	4	991	28
856	4	1252	29
857	4	1669	30
858	4	887	30
858	4	1669	28
860	4	1513	30
861	4	782	27
861	4	1043	28
861	4	1304	29
862	4	1461	30
863	4	574	30
863	4	1356	28
864	4	521	29
864	4	1043	30
864	4	1982	28
865	4	521	29
865	4	1669	28
865	4	2191	30
866	4	574	29
866	4	1095	30
867	4	730	30
868	4	574	29
868	4	1669	28
868	4	2191	30
869	4	1043	30
869	4	1617	28
870	4	1148	30
871	4	1200	30
871	4	2087	28
873	4	521	29
873	4	1043	30
875	4	730	30
876	4	521	29
877	4	521	29
877	4	939	28
877	4	1043	30
878	4	1252	30
878	4	2191	28
879	4	782	30
879	4	2295	28
880	4	678	27
880	4	887	29
880	4	1774	30
882	4	1356	30
883	4	1982	30
884	4	574	29
884	4	1982	28
885	4	730	27
885	4	991	29
885	4	1878	30
886	4	1461	30
887	4	887	30
888	4	1982	30
889	4	1513	30
890	4	1252	30
890	4	1982	28
891	4	574	29
891	4	2087	28
892	4	1565	30
893	4	730	30
894	4	834	30
895	4	730	30
895	4	1982	28
896	4	678	27
896	4	939	28
896	4	1200	29
897	4	626	30
897	4	1461	28
898	4	469	29
898	4	1095	30
899	4	521	29
899	4	1043	30
900	4	1200	30
900	4	2191	28
901	4	574	29
901	4	939	28
901	4	1095	30
902	4	1043	30
902	4	1565	28
903	4	574	29
903	4	1304	28
903	4	1774	30
905	4	1356	30
906	4	521	29
907	4	2191	30
908	4	574	29
908	4	1408	28
908	4	1826	30
909	4	1982	30
910	4	1200	30
910	4	2243	28
911	4	1982	30
912	4	574	29
913	4	1356	30
913	4	2139	28
914	4	991	30
914	4	1617	28
915	4	1356	30
916	4	574	29
916	4	1200	28
916	4	1826	30
917	4	782	30
917	4	2191	28
918	4	1200	30
919	4	1565	30
920	4	1356	30
921	4	939	30
922	4	887	30
922	4	2035	28
923	4	1408	30
924	4	574	29
924	4	1095	30
925	4	574	29
926	4	834	30
926	4	1513	28
927	4	887	30
927	4	1774	28
929	4	730	27
929	4	991	28
929	4	1252	29
929	4	2139	30
931	4	521	29
931	4	1043	30
932	4	1252	30
932	4	1930	28
933	4	1252	30
933	4	1982	28
934	4	1200	30
935	4	521	29
935	4	1722	28
936	4	939	30
936	4	2295	28
937	4	1826	30
938	4	417	29
938	4	1826	28
939	4	1461	30
940	4	782	30
940	4	1461	28
941	4	521	29
941	4	1043	30
941	4	2191	28
942	4	521	30
942	4	1200	28
943	4	2243	30
944	4	834	30
944	4	2035	28
945	4	1826	30
946	4	939	30
946	4	1930	28
947	4	574	29
947	4	1095	30
948	4	574	29
948	4	1408	28
948	4	2295	30
949	4	469	29
949	4	939	28
949	4	991	30
950	4	678	27
950	4	887	29
950	4	1774	30
953	4	678	27
953	4	939	28
953	4	991	29
953	4	1878	30
954	4	469	29
954	4	939	28
954	4	991	30
956	4	991	30
958	4	1617	30
960	4	939	30
960	4	1722	28
961	4	834	30
961	4	1722	28
962	4	2035	30
963	4	574	29
963	4	1982	28
964	4	521	29
964	4	1043	30
964	4	2035	28
965	4	1095	30
966	4	521	29
966	4	1669	28
966	4	2087	30
967	4	2139	30
968	4	678	30
968	4	2035	28
969	4	730	30
969	4	1669	28
971	4	574	29
971	4	1408	28
971	4	1982	30
972	4	521	29
972	4	991	28
972	4	1043	30
973	4	782	30
974	4	782	30
975	4	1356	30
976	4	782	30
976	4	1513	28
977	4	1982	30
978	4	574	29
978	4	1304	28
978	4	1826	30
979	4	1304	30
979	4	1982	28
980	4	1930	30
981	4	991	30
981	4	1565	28
982	4	678	30
983	4	521	29
983	4	2191	28
984	4	1148	30
984	4	2139	28
985	4	1148	30
985	4	1774	28
986	4	2295	30
987	4	1304	30
988	4	730	30
988	4	2139	28
989	4	521	29
989	4	1043	30
990	4	1826	30
994	4	2087	30
995	4	521	29
995	4	939	28
995	4	1043	30
996	4	1200	30
997	4	2243	30
998	4	782	30
998	4	1356	28
999	4	1617	30
0	5	365	24
0	5	678	27
0	5	887	29
0	5	1774	30
1	5	365	24
1	5	678	27
1	5	887	29
2	5	469	24
2	5	782	30
3	5	365	24
3	5	1200	30
3	5	1826	28
4	5	469	24
4	5	730	30
4	5	1304	28
4	5	2243	25
5	5	417	24
5	5	574	29
5	5	2139	28
6	5	469	24
6	5	678	30
6	5	1878	28
7	5	365	24
7	5	1043	30
7	5	1722	28
8	5	469	24
8	5	991	30
8	5	1408	28
9	5	365	24
10	5	365	24
10	5	521	29
10	5	1043	30
11	5	2035	24
12	5	365	24
12	5	1878	30
13	5	574	24
13	5	1826	30
14	5	469	29
14	5	939	28
14	5	991	30
15	5	469	24
15	5	521	29
15	5	1669	28
15	5	2191	30
16	5	469	24
16	5	574	29
16	5	1356	28
16	5	1878	30
17	5	469	24
17	5	574	29
17	5	1095	30
18	5	469	24
18	5	574	29
18	5	1826	28
19	5	365	24
19	5	1878	30
20	5	365	24
20	5	678	30
20	5	1617	28
21	5	365	24
21	5	469	29
21	5	939	28
21	5	991	30
22	5	417	24
22	5	1148	30
23	5	365	24
23	5	521	29
23	5	1095	30
24	5	469	24
24	5	521	29
24	5	1043	30
25	5	1252	24
25	5	1565	30
26	5	365	24
26	5	730	30
26	5	1878	28
27	5	469	24
27	5	574	29
27	5	1408	28
27	5	1878	30
28	5	365	24
28	5	991	30
28	5	1461	28
29	5	365	24
29	5	1095	30
30	5	365	24
30	5	1304	30
30	5	2191	28
31	5	469	24
31	5	782	30
31	5	2191	28
32	5	365	24
32	5	1148	30
32	5	1774	28
33	5	365	24
33	5	730	30
33	5	2191	28
34	5	365	24
34	5	1043	30
34	5	1722	28
35	5	365	24
35	5	574	29
35	5	1356	28
35	5	1878	30
36	5	365	24
36	5	574	29
36	5	1408	28
37	5	365	24
37	5	887	30
38	5	417	24
38	5	834	30
39	5	469	24
39	5	574	29
39	5	1565	28
39	5	2139	30
40	5	365	24
40	5	574	29
40	5	939	28
40	5	1095	30
41	5	365	24
41	5	887	30
41	5	1669	28
42	5	365	24
42	5	991	30
42	5	1513	28
43	5	417	24
43	5	574	29
43	5	1356	28
43	5	1930	30
44	5	1252	24
45	5	365	24
45	5	782	27
45	5	1043	28
45	5	1304	29
45	5	2295	30
46	5	365	24
46	5	521	29
46	5	1930	28
47	5	626	24
47	5	1252	30
48	5	417	24
48	5	2295	30
49	5	365	24
49	5	574	29
49	5	1304	28
49	5	1826	30
50	5	417	24
50	5	1669	30
51	5	417	24
51	5	1878	30
52	5	365	24
52	5	2035	30
53	5	469	24
53	5	521	29
53	5	1095	30
53	5	1982	28
53	5	2295	25
54	5	365	24
55	5	365	24
55	5	834	30
56	5	782	24
56	5	1408	30
57	5	469	24
57	5	521	29
57	5	1043	30
58	5	469	24
58	5	782	30
58	5	1408	28
59	5	469	24
59	5	521	29
59	5	1043	30
60	5	574	24
60	5	1826	30
61	5	365	24
61	5	782	27
61	5	1043	28
61	5	1304	29
62	5	365	24
62	5	574	29
62	5	1304	28
62	5	1826	30
63	5	365	24
63	5	782	30
63	5	1617	28
64	5	1669	24
64	5	1982	30
65	5	365	24
65	5	626	30
65	5	2035	28
66	5	365	24
66	5	1252	30
66	5	2139	28
67	5	417	24
67	5	834	30
67	5	1513	28
68	5	365	24
68	5	1513	30
69	5	469	24
69	5	1095	30
69	5	1669	28
70	5	365	24
70	5	678	30
71	5	365	24
71	5	1148	30
71	5	2087	28
72	5	365	24
73	5	365	24
73	5	1826	30
74	5	365	24
74	5	1826	30
75	5	417	24
75	5	678	27
75	5	939	29
76	5	417	24
76	5	1513	30
77	5	1043	24
77	5	1774	30
78	5	991	24
78	5	1513	30
79	5	365	24
79	5	834	30
79	5	1930	28
80	5	417	24
80	5	678	27
80	5	939	28
80	5	1200	29
81	5	469	24
81	5	626	30
81	5	2295	28
82	5	469	24
82	5	782	30
82	5	2243	28
83	5	365	24
83	5	1200	30
84	5	365	24
84	5	782	30
85	5	365	24
86	5	365	24
86	5	1356	30
87	5	469	29
87	5	991	30
87	5	2035	28
88	5	469	24
88	5	834	30
88	5	1565	28
89	5	417	24
89	5	991	30
89	5	1878	28
90	5	365	24
90	5	1252	30
91	5	469	24
91	5	782	30
92	5	469	24
92	5	521	29
92	5	1043	30
93	5	1043	24
93	5	1513	30
94	5	417	24
94	5	2035	30
95	5	365	24
95	5	1722	30
95	5	2295	28
96	5	469	24
96	5	1148	30
96	5	1930	28
97	5	365	24
97	5	1461	30
98	5	365	24
98	5	1826	30
99	5	365	24
99	5	1200	30
99	5	2191	28
100	5	365	24
100	5	1722	30
101	5	469	24
101	5	887	30
102	5	365	24
102	5	834	30
102	5	1982	28
103	5	469	24
103	5	1043	30
104	5	469	24
104	5	626	30
104	5	1461	28
105	5	887	24
106	5	469	24
106	5	939	30
106	5	1461	28
107	5	365	24
107	5	574	29
107	5	1095	30
107	5	2191	28
108	5	365	24
108	5	574	29
108	5	1669	28
109	5	417	24
109	5	1461	30
110	5	365	24
110	5	574	29
110	5	1200	28
110	5	1774	30
111	5	469	24
111	5	834	30
111	5	2243	28
112	5	469	24
112	5	834	30
113	5	469	29
113	5	991	30
114	5	365	24
114	5	782	30
115	5	365	24
115	5	1513	30
116	5	365	24
116	5	1408	30
116	5	2243	28
117	5	365	24
117	5	1513	30
118	5	365	24
118	5	1200	30
119	5	365	24
119	5	1200	30
119	5	2035	28
120	5	469	24
120	5	1043	30
121	5	417	24
121	5	1408	30
122	5	365	24
122	5	678	27
122	5	939	29
122	5	1826	30
123	5	417	24
123	5	2139	30
124	5	469	24
124	5	730	27
124	5	887	29
124	5	1930	30
125	5	365	24
125	5	730	30
125	5	1356	28
126	5	365	24
126	5	574	30
126	5	1304	28
127	5	365	24
127	5	574	29
127	5	1095	30
128	5	417	24
128	5	521	29
128	5	991	28
128	5	1043	30
129	5	574	24
129	5	1148	30
130	5	365	24
130	5	626	30
131	5	417	24
131	5	730	30
131	5	1461	28
132	5	365	24
132	5	574	29
132	5	2035	28
133	5	469	24
133	5	782	30
134	5	469	24
134	5	1043	30
134	5	2087	28
135	5	469	24
135	5	574	29
135	5	1408	28
135	5	1930	30
136	5	469	29
136	5	939	28
136	5	991	30
137	5	417	24
137	5	834	30
137	5	1722	28
138	5	417	24
138	5	574	29
138	5	939	28
138	5	1095	30
139	5	365	24
139	5	730	27
139	5	939	29
139	5	1826	30
139	5	2087	28
140	5	1095	24
140	5	1930	30
141	5	365	24
141	5	521	29
141	5	1043	30
142	5	365	24
142	5	1252	30
143	5	365	24
143	5	1252	30
143	5	2139	28
144	5	417	24
145	5	365	24
145	5	1200	30
145	5	2035	28
146	5	365	24
146	5	730	30
146	5	1617	28
147	5	365	24
147	5	887	30
148	5	365	24
148	5	1356	30
149	5	365	24
149	5	574	29
149	5	1043	28
149	5	1095	30
150	5	365	24
150	5	574	29
150	5	1461	28
150	5	1982	30
151	5	365	24
151	5	1356	30
151	5	2139	28
152	5	469	24
152	5	730	30
152	5	1461	28
153	5	365	24
153	5	991	30
154	5	469	24
154	5	574	29
154	5	1095	30
155	5	469	24
155	5	521	29
155	5	1043	30
155	5	2191	28
156	5	417	24
156	5	521	29
156	5	1043	30
158	5	365	24
158	5	626	30
158	5	1513	28
159	5	365	24
159	5	574	29
159	5	1095	30
159	5	2139	28
160	5	469	24
160	5	887	30
160	5	1669	28
161	5	365	24
161	5	1826	30
162	5	365	24
162	5	1043	30
162	5	1669	28
163	5	365	24
163	5	1617	30
164	5	365	24
164	5	574	29
164	5	1982	28
165	5	365	24
165	5	730	30
165	5	1356	28
166	5	365	24
166	5	1826	30
167	5	365	24
167	5	1617	30
168	5	2087	24
169	5	365	24
169	5	678	27
169	5	887	29
170	5	365	24
170	5	574	29
170	5	1043	28
170	5	1095	30
171	5	365	24
171	5	1461	30
172	5	365	24
172	5	1148	30
172	5	1722	28
173	5	1043	24
173	5	1408	30
174	5	469	24
174	5	1043	30
174	5	1774	28
175	5	469	24
175	5	834	30
175	5	1565	28
176	5	469	24
176	5	521	29
176	5	1982	28
177	5	365	24
177	5	1722	30
178	5	365	24
178	5	2139	30
179	5	365	24
179	5	730	30
179	5	1565	28
180	5	678	24
180	5	2191	30
181	5	417	24
181	5	521	29
181	5	1043	30
182	5	417	24
182	5	887	30
183	5	417	24
183	5	574	30
183	5	1617	28
184	5	574	24
184	5	1617	30
185	5	365	24
185	5	730	30
185	5	1408	28
186	5	365	24
186	5	2191	30
187	5	365	24
187	5	991	30
187	5	1722	28
188	5	521	24
188	5	1826	30
189	5	417	24
189	5	1043	30
189	5	1565	28
190	5	626	24
190	5	1200	30
191	5	365	24
191	5	678	27
191	5	887	29
192	5	469	24
192	5	782	30
192	5	1513	28
193	5	365	24
193	5	678	30
193	5	1826	28
194	5	365	24
194	5	730	30
196	5	365	24
196	5	469	29
196	5	991	30
196	5	2035	25
197	5	417	24
198	5	417	24
198	5	730	30
198	5	1513	28
199	5	365	24
199	5	521	29
199	5	1043	30
199	5	2243	28
200	5	887	24
200	5	1200	30
200	5	1878	28
201	5	365	24
201	5	1878	30
202	5	417	24
202	5	1148	30
202	5	1930	28
203	5	417	24
203	5	991	30
203	5	1722	28
204	5	365	24
204	5	574	29
204	5	1408	28
204	5	1878	30
205	5	417	24
205	5	1408	30
205	5	2087	28
206	5	365	24
206	5	521	29
206	5	939	28
206	5	1043	30
206	5	1930	25
207	5	365	24
207	5	574	29
207	5	1095	30
207	5	2243	28
208	5	469	24
208	5	521	29
208	5	1408	28
208	5	2139	30
209	5	365	24
210	5	365	24
210	5	730	30
211	5	417	24
211	5	1669	30
212	5	365	24
212	5	1095	30
213	5	365	24
213	5	1617	30
214	5	469	24
215	5	365	24
215	5	1304	30
216	5	521	24
216	5	2191	30
217	5	365	24
217	5	1148	30
218	5	365	24
218	5	834	30
218	5	1617	28
219	5	365	24
219	5	2295	30
220	5	365	24
220	5	1617	30
221	5	469	24
221	5	834	30
221	5	1826	28
222	5	365	24
222	5	1878	30
223	5	469	24
223	5	1669	30
224	5	469	24
224	5	1200	30
224	5	1930	28
225	5	365	24
225	5	574	29
225	5	1043	28
225	5	1095	30
226	5	417	24
226	5	574	30
226	5	1356	28
227	5	417	24
227	5	887	30
227	5	2295	28
228	5	365	24
228	5	521	29
228	5	1043	30
229	5	469	24
229	5	1043	30
229	5	1669	28
230	5	365	24
230	5	469	29
230	5	991	30
231	5	365	24
231	5	469	29
231	5	939	28
231	5	991	30
232	5	469	24
232	5	574	29
232	5	1095	30
233	5	365	24
233	5	1252	30
233	5	1982	28
234	5	365	24
235	5	365	24
235	5	1669	30
236	5	365	24
236	5	1826	30
237	5	417	24
237	5	1356	30
238	5	365	24
239	5	365	24
239	5	1408	30
240	5	469	24
240	5	574	29
240	5	1095	30
240	5	2087	28
241	5	469	24
241	5	991	30
241	5	1513	28
242	5	365	24
242	5	834	30
242	5	1513	28
243	5	365	24
243	5	469	29
243	5	939	28
243	5	991	30
244	5	365	24
244	5	521	29
244	5	1043	30
245	5	782	24
245	5	1304	30
245	5	2087	28
246	5	365	24
247	5	991	24
248	5	469	24
248	5	521	29
248	5	1043	30
249	5	469	24
249	5	521	29
249	5	1043	30
250	5	469	24
250	5	521	29
250	5	1043	30
251	5	365	24
251	5	887	30
252	5	678	24
252	5	1878	30
253	5	365	24
253	5	1356	30
253	5	2243	28
254	5	365	24
255	5	417	24
255	5	1148	30
256	5	469	24
256	5	1095	30
256	5	1774	28
257	5	365	24
257	5	1252	30
257	5	2035	28
258	5	365	24
258	5	678	27
258	5	887	29
258	5	2087	30
259	5	365	24
259	5	521	29
259	5	1043	30
260	5	365	24
260	5	521	29
260	5	1826	28
261	5	365	24
262	5	469	24
262	5	991	30
262	5	1565	28
263	5	365	24
263	5	2139	30
264	5	469	24
264	5	574	29
264	5	1878	28
265	5	365	24
265	5	678	27
265	5	939	28
265	5	1200	29
266	5	469	24
266	5	574	29
266	5	1617	28
266	5	2139	30
267	5	469	24
267	5	521	29
267	5	1043	30
268	5	417	24
268	5	1043	30
268	5	1669	28
269	5	417	24
269	5	730	27
269	5	991	28
269	5	1043	29
269	5	1930	30
270	5	365	24
270	5	991	30
271	5	417	24
271	5	782	30
271	5	1513	28
272	5	365	24
272	5	521	29
272	5	1043	30
272	5	1774	28
272	5	2139	25
273	5	365	24
274	5	365	24
274	5	1304	30
275	5	1095	24
275	5	1878	30
276	5	365	24
277	5	365	24
277	5	1930	30
278	5	1148	24
278	5	1669	30
279	5	991	24
279	5	1252	30
280	5	469	24
280	5	1304	30
280	5	2191	28
281	5	365	24
282	5	365	24
282	5	1669	30
283	5	417	24
283	5	1200	30
283	5	1982	28
284	5	469	24
284	5	574	29
284	5	991	28
284	5	1095	30
285	5	365	24
285	5	1148	30
285	5	1722	28
286	5	365	24
286	5	521	29
286	5	1043	30
286	5	2035	28
287	5	365	24
287	5	1304	30
288	5	469	24
288	5	730	27
288	5	991	28
288	5	1252	29
289	5	365	24
289	5	2191	30
290	5	1930	24
291	5	469	24
291	5	834	30
292	5	365	24
292	5	1774	30
293	5	365	24
293	5	521	29
293	5	939	28
293	5	1043	30
294	5	417	24
294	5	574	29
294	5	2295	28
295	5	417	24
295	5	1356	30
295	5	2139	28
296	5	469	24
296	5	521	29
296	5	1408	28
297	5	365	24
297	5	2139	30
298	5	417	24
298	5	1148	30
299	5	469	24
299	5	574	29
300	5	365	24
300	5	417	29
300	5	2243	28
301	5	469	24
301	5	521	29
301	5	939	28
301	5	1043	30
302	5	365	24
302	5	678	27
302	5	939	28
302	5	1200	29
302	5	2087	30
303	5	365	24
303	5	469	29
303	5	939	28
303	5	991	30
304	5	469	24
304	5	521	29
304	5	1043	30
305	5	365	24
306	5	365	24
306	5	469	29
306	5	991	30
307	5	469	24
307	5	939	30
308	5	365	24
308	5	887	30
309	5	365	24
309	5	521	29
309	5	939	28
309	5	1043	30
309	5	2295	25
310	5	365	24
310	5	782	30
310	5	1356	28
310	5	2295	25
311	5	365	24
311	5	1669	30
312	5	574	24
312	5	1304	30
312	5	2139	28
313	5	469	24
313	5	1095	30
314	5	417	24
314	5	1304	30
315	5	365	24
315	5	887	30
315	5	1617	28
316	5	365	24
317	5	365	24
317	5	1252	30
318	5	365	24
318	5	1722	30
319	5	782	24
319	5	1826	30
320	5	1095	24
320	5	1200	30
321	5	469	24
321	5	678	27
321	5	887	29
322	5	469	24
322	5	521	30
322	5	1982	28
323	5	365	24
323	5	1878	30
324	5	1095	24
324	5	1356	30
325	5	365	24
325	5	1304	30
326	5	365	24
326	5	574	29
326	5	1826	28
327	5	782	24
327	5	1095	30
327	5	1722	28
328	5	469	24
328	5	1408	30
329	5	365	24
329	5	1669	30
330	5	365	24
330	5	991	30
330	5	1565	28
331	5	365	24
331	5	730	27
331	5	887	29
332	5	365	24
332	5	730	30
332	5	1461	28
333	5	365	24
333	5	574	29
333	5	1095	30
334	5	365	24
334	5	1304	30
335	5	417	24
335	5	574	29
335	5	1095	30
336	5	469	24
336	5	574	29
336	5	1565	28
336	5	2087	30
337	5	469	24
337	5	1513	30
338	5	417	24
338	5	1930	30
339	5	365	24
339	5	678	27
339	5	887	29
340	5	365	24
340	5	1200	30
341	5	991	24
341	5	1148	30
341	5	1826	28
342	5	365	24
342	5	521	29
342	5	1043	30
343	5	469	24
343	5	574	29
343	5	1095	30
344	5	1565	24
344	5	2191	30
345	5	365	24
345	5	887	30
345	5	1461	28
346	5	365	24
346	5	730	30
346	5	1356	28
347	5	365	24
347	5	782	27
347	5	1043	28
347	5	1304	29
348	5	417	24
348	5	574	29
348	5	1356	28
348	5	1878	30
349	5	469	24
349	5	574	29
349	5	1095	30
350	5	417	24
350	5	2191	30
351	5	365	24
351	5	730	30
352	5	469	24
352	5	782	30
352	5	1617	28
353	5	469	24
353	5	574	29
353	5	1669	28
354	5	365	24
354	5	469	29
354	5	991	30
355	5	365	24
355	5	678	27
355	5	939	28
355	5	1200	29
356	5	365	24
356	5	1095	30
356	5	1982	28
357	5	365	24
357	5	678	30
358	5	574	24
358	5	1148	30
358	5	1826	28
359	5	2139	24
360	5	469	24
360	5	887	30
361	5	365	24
361	5	678	30
361	5	1826	28
362	5	365	24
362	5	2087	30
363	5	365	24
364	5	365	24
364	5	574	29
364	5	2139	28
365	5	365	24
365	5	1930	30
366	5	417	24
366	5	991	30
366	5	1722	28
367	5	365	24
367	5	574	29
367	5	1982	28
368	5	469	24
368	5	574	29
368	5	939	28
368	5	1095	30
369	5	365	24
369	5	678	30
369	5	1356	28
370	5	469	24
371	5	417	24
371	5	521	29
371	5	1722	28
371	5	2295	30
372	5	469	24
372	5	1043	30
373	5	521	24
374	5	365	24
374	5	1669	30
374	5	2295	28
375	5	417	24
375	5	1408	30
376	5	469	24
376	5	834	30
377	5	1043	24
377	5	1304	30
377	5	2243	28
378	5	574	24
378	5	1148	30
379	5	417	24
379	5	782	27
379	5	1043	28
379	5	1304	29
380	5	469	24
380	5	834	30
381	5	469	24
381	5	782	30
381	5	2191	28
382	5	469	24
382	5	678	27
382	5	939	28
382	5	1200	29
383	5	1043	24
383	5	1408	30
384	5	469	24
384	5	678	27
384	5	939	28
384	5	1200	29
385	5	365	24
385	5	939	30
386	5	365	24
386	5	678	30
387	5	365	24
387	5	782	30
387	5	1356	28
388	5	365	24
388	5	2087	30
389	5	417	24
389	5	574	29
390	5	365	24
390	5	521	29
390	5	939	28
390	5	1043	30
391	5	417	24
391	5	626	30
391	5	1513	28
392	5	521	24
392	5	1826	30
392	5	2243	28
393	5	469	24
393	5	521	29
393	5	939	28
393	5	1043	30
394	5	469	24
394	5	782	30
395	5	365	24
395	5	991	30
396	5	365	24
396	5	574	29
396	5	991	28
396	5	1095	30
397	5	1043	24
397	5	1148	30
397	5	1878	28
398	5	365	24
398	5	887	30
399	5	365	24
399	5	469	29
399	5	991	30
400	5	469	24
400	5	678	30
400	5	2295	28
401	5	417	24
401	5	2243	30
402	5	365	24
402	5	782	30
402	5	1617	28
403	5	365	24
403	5	1982	30
404	5	365	24
404	5	1095	30
404	5	2191	28
405	5	626	24
405	5	1252	30
406	5	365	24
406	5	574	29
406	5	1356	28
407	5	365	24
407	5	1200	30
409	5	365	24
409	5	1513	30
410	5	365	24
410	5	1304	30
410	5	2191	28
411	5	417	24
411	5	521	29
411	5	1043	30
412	5	365	24
412	5	678	27
412	5	887	29
412	5	1774	30
412	5	2035	28
412	5	2295	25
413	5	365	24
413	5	574	29
413	5	939	28
413	5	1095	30
414	5	365	24
414	5	730	30
414	5	1565	28
415	5	365	24
415	5	730	27
415	5	991	28
415	5	1252	29
415	5	1930	30
416	5	991	24
416	5	1826	30
417	5	365	24
417	5	678	30
417	5	1878	28
418	5	365	24
418	5	678	30
418	5	1356	28
419	5	365	24
419	5	521	29
419	5	1095	30
420	5	365	24
420	5	991	30
420	5	1982	28
421	5	1774	24
421	5	2035	30
422	5	365	24
422	5	1461	30
423	5	365	24
423	5	1095	30
423	5	1669	28
424	5	469	24
424	5	521	29
424	5	1043	30
424	5	1878	28
424	5	2191	25
425	5	469	24
425	5	834	30
425	5	2087	28
426	5	365	24
426	5	1043	30
426	5	1722	28
427	5	365	24
427	5	2087	30
428	5	365	24
428	5	521	29
429	5	365	24
429	5	887	30
429	5	1565	28
430	5	365	24
430	5	574	29
430	5	1565	28
431	5	365	24
431	5	521	29
431	5	939	28
431	5	1043	30
432	5	469	24
432	5	730	30
432	5	1356	28
433	5	365	24
433	5	887	30
433	5	1774	28
434	5	417	24
434	5	678	27
434	5	939	28
434	5	991	29
434	5	1878	30
434	5	2243	25
435	5	365	24
435	5	469	29
435	5	991	30
436	5	469	24
436	5	574	29
436	5	1043	28
436	5	1095	30
437	5	365	24
437	5	521	29
437	5	1878	28
438	5	365	24
438	5	939	30
438	5	1565	28
439	5	365	24
439	5	1304	30
440	5	469	24
440	5	730	30
441	5	1200	24
442	5	417	24
442	5	1043	30
442	5	1930	28
443	5	365	24
443	5	1043	30
444	5	365	24
444	5	1774	30
445	5	469	24
445	5	574	29
445	5	1617	28
445	5	2087	30
446	5	365	24
446	5	1304	30
446	5	2295	28
447	5	1148	24
447	5	1774	30
448	5	574	24
448	5	2191	30
449	5	365	24
449	5	2139	30
450	5	1982	24
450	5	2243	30
451	5	469	24
451	5	1043	30
451	5	1513	28
452	5	417	24
452	5	782	30
452	5	2243	28
453	5	365	24
453	5	521	29
453	5	991	28
453	5	1043	30
454	5	991	24
454	5	1461	30
455	5	365	24
455	5	1200	30
455	5	1826	28
456	5	365	24
456	5	1252	30
457	5	469	24
457	5	782	30
458	5	365	24
459	5	469	24
459	5	1930	30
460	5	469	24
460	5	574	29
460	5	1930	28
461	5	469	24
461	5	521	29
461	5	1095	30
462	5	417	24
462	5	939	30
463	5	365	24
463	5	730	30
463	5	1356	28
464	5	469	24
464	5	1095	30
464	5	1826	28
465	5	365	24
465	5	574	29
465	5	1826	28
466	5	365	24
466	5	521	29
466	5	1043	30
467	5	469	24
467	5	521	29
467	5	1826	28
468	5	469	24
468	5	574	29
468	5	1878	28
469	5	365	24
469	5	521	29
469	5	939	28
469	5	1043	30
470	5	365	24
470	5	1982	30
471	5	417	24
471	5	1356	30
471	5	2243	28
472	5	469	24
472	5	521	29
472	5	1774	28
472	5	2191	30
473	5	469	24
473	5	1043	30
473	5	1826	28
474	5	365	24
474	5	574	29
474	5	1095	30
475	5	365	24
475	5	1617	30
475	5	2295	28
476	5	939	24
476	5	1565	30
477	5	365	24
478	5	417	24
478	5	939	30
480	5	469	24
480	5	939	30
481	5	469	24
481	5	730	30
481	5	1304	28
482	5	365	24
482	5	782	30
483	5	365	24
483	5	1669	30
484	5	417	24
484	5	2035	30
485	5	730	24
485	5	1356	30
486	5	365	24
486	5	1304	30
486	5	2087	28
487	5	417	24
487	5	574	29
487	5	1826	28
488	5	365	24
488	5	1304	30
489	5	365	24
489	5	574	29
489	5	1095	30
490	5	469	24
490	5	1043	30
490	5	1513	28
491	5	469	24
491	5	782	27
491	5	1043	28
491	5	1304	29
492	5	521	24
492	5	1095	30
492	5	1722	28
493	5	365	24
494	5	469	24
494	5	574	29
495	5	469	24
495	5	1043	30
495	5	1565	28
496	5	469	24
496	5	991	30
496	5	1565	28
497	5	417	24
497	5	521	29
498	5	365	24
498	5	730	30
499	5	365	24
499	5	730	30
500	5	469	24
500	5	521	29
500	5	991	28
500	5	1043	30
501	5	365	24
501	5	1408	30
501	5	2295	28
502	5	469	24
502	5	1043	30
502	5	2243	28
503	5	365	24
503	5	574	29
503	5	939	28
503	5	1095	30
503	5	2139	25
504	5	1200	24
505	5	1043	24
505	5	1513	30
506	5	365	24
506	5	1095	30
507	5	365	24
507	5	2035	30
508	5	365	24
508	5	678	27
508	5	939	29
508	5	1826	30
508	5	2295	25
509	5	365	24
510	5	1774	24
510	5	1930	30
511	5	365	24
512	5	469	24
512	5	1095	30
512	5	1617	28
513	5	521	24
513	5	1095	30
514	5	365	24
514	5	730	30
514	5	1826	28
515	5	365	24
515	5	521	29
515	5	991	28
515	5	1043	30
516	5	1095	24
516	5	1461	30
516	5	2243	28
517	5	1095	24
517	5	1356	30
517	5	2139	28
518	5	365	24
518	5	991	30
519	5	469	24
519	5	574	29
519	5	1304	28
519	5	1878	30
520	5	469	24
520	5	574	29
520	5	2035	28
521	5	469	24
521	5	574	29
521	5	1095	30
522	5	417	24
522	5	991	30
522	5	1513	28
523	5	365	24
523	5	574	29
523	5	1095	30
524	5	1826	24
524	5	2295	30
525	5	365	24
525	5	730	30
525	5	1304	28
526	5	365	24
526	5	1982	30
527	5	365	24
527	5	469	29
527	5	991	30
528	5	469	24
528	5	574	29
528	5	1043	28
528	5	1095	30
529	5	365	24
529	5	678	27
529	5	887	29
529	5	1774	30
529	5	2139	28
530	5	365	24
530	5	1252	30
530	5	1930	28
531	5	365	24
531	5	1148	30
531	5	1669	28
532	5	365	24
532	5	1095	30
533	5	365	24
533	5	2087	30
534	5	365	24
534	5	678	27
534	5	887	29
534	5	1774	30
535	5	365	24
535	5	1982	30
536	5	991	24
536	5	1408	30
537	5	365	24
537	5	834	30
537	5	1617	28
538	5	417	24
538	5	469	29
538	5	991	30
539	5	469	24
539	5	574	29
539	5	939	28
540	5	417	24
540	5	1982	30
541	5	365	24
541	5	521	29
541	5	1878	28
542	5	417	24
542	5	991	30
543	5	365	24
543	5	1148	30
543	5	1774	28
544	5	469	24
544	5	626	30
544	5	1356	28
545	5	365	24
545	5	1669	30
546	5	365	24
546	5	1200	30
547	5	365	24
547	5	887	30
547	5	1408	28
548	5	991	24
548	5	1722	30
549	5	1095	24
549	5	1304	30
550	5	417	24
550	5	521	29
550	5	1043	30
551	5	365	24
551	5	521	29
551	5	1043	30
551	5	2243	28
552	5	1095	24
552	5	1408	30
553	5	365	24
553	5	1095	30
553	5	2139	28
554	5	365	24
554	5	469	29
554	5	939	28
554	5	991	30
555	5	469	29
555	5	991	30
555	5	1669	28
555	5	2191	25
556	5	417	24
556	5	991	30
556	5	1565	28
557	5	626	24
557	5	1930	30
558	5	469	24
558	5	574	29
558	5	1982	28
559	5	521	24
559	5	1043	30
559	5	1774	28
560	5	1043	24
560	5	1617	30
561	5	469	24
561	5	1095	30
562	5	365	24
562	5	1148	30
562	5	1774	28
563	5	469	24
563	5	939	30
563	5	1461	28
564	5	417	24
564	5	1461	30
565	5	365	24
565	5	574	29
565	5	1095	30
565	5	1930	28
565	5	2243	25
566	5	365	24
566	5	574	29
566	5	2243	28
567	5	417	24
567	5	782	30
568	5	469	24
568	5	521	29
568	5	1043	30
569	5	365	24
569	5	1148	30
570	5	365	24
570	5	1200	30
571	5	365	24
571	5	521	29
571	5	1095	30
572	5	365	24
572	5	1408	30
573	5	365	24
573	5	2243	30
574	5	365	24
574	5	991	30
575	5	417	24
575	5	521	29
575	5	939	28
575	5	1043	30
576	5	939	24
576	5	1148	30
577	5	365	24
577	5	678	27
577	5	887	29
577	5	1774	30
578	5	365	24
578	5	1200	30
579	5	365	24
579	5	939	30
580	5	365	24
581	5	365	24
581	5	1200	30
581	5	1774	28
582	5	417	24
582	5	1043	30
582	5	2035	28
583	5	469	24
583	5	678	27
583	5	887	29
583	5	1774	30
584	5	469	24
584	5	521	29
584	5	1930	28
585	5	469	24
585	5	521	29
585	5	939	28
585	5	1043	30
586	5	365	24
586	5	887	30
586	5	1461	28
587	5	469	29
587	5	939	28
587	5	991	30
588	5	469	24
588	5	678	30
588	5	1722	28
589	5	365	24
589	5	626	30
589	5	1513	28
590	5	469	24
590	5	574	29
590	5	1408	28
590	5	1878	30
591	5	1148	24
591	5	1774	30
593	5	365	24
593	5	834	30
594	5	365	24
594	5	1095	30
594	5	2087	28
595	5	469	24
595	5	574	29
595	5	1095	30
596	5	365	24
596	5	991	30
596	5	1617	28
597	5	365	24
597	5	991	30
598	5	469	24
598	5	521	29
598	5	939	28
598	5	1043	30
599	5	469	24
599	5	574	29
599	5	939	28
599	5	1095	30
600	5	1095	24
600	5	1826	30
601	5	469	24
601	5	730	30
602	5	834	24
602	5	1408	30
603	5	469	24
603	5	887	30
604	5	365	24
604	5	1043	30
604	5	1774	28
605	5	365	24
605	5	1252	30
606	5	469	24
606	5	991	30
606	5	1565	28
607	5	365	24
607	5	574	30
607	5	1461	28
608	5	469	24
608	5	574	29
608	5	1408	28
608	5	1878	30
609	5	365	24
610	5	365	24
610	5	2139	30
611	5	365	24
611	5	991	30
611	5	2087	28
612	5	417	24
612	5	1148	30
612	5	1982	28
613	5	417	24
613	5	1461	30
614	5	991	24
614	5	1200	30
615	5	365	24
615	5	1095	30
616	5	574	24
616	5	1148	30
617	5	417	24
617	5	1982	30
618	5	365	24
619	5	365	24
619	5	1461	30
620	5	365	24
620	5	574	29
620	5	2191	28
621	5	365	24
621	5	1095	30
621	5	1617	28
622	5	365	24
622	5	469	29
622	5	991	30
623	5	365	24
623	5	1565	30
624	5	469	24
624	5	574	29
625	5	365	24
625	5	1200	30
626	5	365	24
626	5	730	30
626	5	1513	28
627	5	469	24
627	5	730	30
627	5	1617	28
628	5	417	24
628	5	939	30
628	5	1774	28
629	5	469	24
629	5	1461	30
630	5	365	24
630	5	1043	30
630	5	2087	28
631	5	365	24
631	5	887	30
631	5	1565	28
632	5	469	24
632	5	574	29
632	5	1095	30
633	5	365	24
633	5	1617	30
634	5	365	24
634	5	1200	30
635	5	365	24
635	5	1461	30
636	5	365	24
637	5	365	24
638	5	365	24
638	5	1930	30
639	5	365	24
639	5	574	29
639	5	1095	30
640	5	469	24
640	5	1930	30
641	5	365	24
641	5	939	30
642	5	365	24
642	5	1252	30
643	5	365	24
644	5	469	24
644	5	782	30
645	5	469	24
645	5	1095	30
645	5	1617	28
646	5	365	24
646	5	574	29
646	5	1095	30
647	5	417	24
647	5	2243	30
648	5	469	24
648	5	1095	30
649	5	469	24
649	5	574	29
649	5	1461	28
649	5	1878	30
650	5	365	24
650	5	1617	30
650	5	2295	28
651	5	365	24
651	5	678	27
651	5	939	28
651	5	1200	29
652	5	365	24
652	5	939	30
653	5	365	24
653	5	730	30
653	5	1722	28
654	5	365	24
654	5	1148	30
655	5	365	24
655	5	991	30
655	5	1826	28
656	5	469	24
656	5	887	30
656	5	1774	28
657	5	365	24
657	5	574	29
658	5	469	24
658	5	730	30
658	5	1408	28
659	5	365	24
659	5	1148	30
660	5	417	24
660	5	1878	30
661	5	417	24
661	5	574	29
661	5	1408	28
661	5	1930	30
662	5	365	24
662	5	834	30
662	5	1617	28
663	5	365	24
663	5	1148	30
664	5	469	24
664	5	574	29
664	5	1252	28
664	5	1774	30
665	5	365	24
665	5	678	27
665	5	939	29
666	5	365	24
666	5	574	29
666	5	1095	30
667	5	365	24
667	5	521	29
668	5	521	24
668	5	1200	30
668	5	1982	28
669	5	469	24
669	5	1095	30
669	5	1878	28
670	5	417	24
670	5	1148	30
670	5	2035	28
671	5	365	24
671	5	1669	30
672	5	469	24
672	5	939	30
673	5	365	24
673	5	1200	30
674	5	365	24
674	5	1043	30
674	5	1669	28
675	5	365	24
675	5	1148	30
675	5	1669	28
676	5	469	24
676	5	574	29
676	5	1095	30
676	5	2191	28
677	5	365	24
677	5	991	30
677	5	1565	28
678	5	365	24
678	5	574	29
678	5	1774	28
678	5	2191	30
679	5	730	24
679	5	1461	30
680	5	521	24
680	5	1095	30
680	5	1669	28
681	5	365	24
681	5	1252	30
682	5	469	24
682	5	626	30
682	5	2035	28
683	5	365	24
683	5	1356	30
684	5	365	24
684	5	1043	30
684	5	1669	28
685	5	417	24
685	5	678	30
686	5	365	24
686	5	574	29
687	5	417	24
687	5	1513	30
688	5	991	24
688	5	1408	30
688	5	2295	28
689	5	991	24
689	5	1200	30
690	5	365	24
690	5	887	30
691	5	365	24
691	5	678	27
691	5	939	28
691	5	1200	29
691	5	1774	30
692	5	417	24
692	5	834	30
692	5	1356	28
693	5	469	24
693	5	834	30
693	5	1513	28
694	5	417	24
694	5	834	30
694	5	1722	28
695	5	365	24
695	5	521	29
695	5	939	28
695	5	1043	30
696	5	469	24
696	5	1252	30
697	5	365	24
697	5	521	29
697	5	1356	28
697	5	1878	30
698	5	1148	24
698	5	1722	30
698	5	2295	28
699	5	365	24
699	5	939	30
700	5	365	24
700	5	887	30
701	5	365	24
701	5	1043	30
701	5	1617	28
702	5	365	24
702	5	834	30
703	5	417	24
703	5	469	29
703	5	1304	28
703	5	1774	30
704	5	1513	24
705	5	521	24
705	5	1200	30
705	5	1982	28
706	5	365	24
706	5	521	29
706	5	1043	30
707	5	365	24
707	5	730	30
708	5	365	24
708	5	1200	30
708	5	2191	28
709	5	417	24
709	5	782	30
709	5	1461	28
710	5	417	24
710	5	730	30
710	5	1356	28
711	5	365	24
711	5	1095	30
711	5	1826	28
712	5	417	24
712	5	1148	30
713	5	365	24
714	5	365	24
714	5	678	27
714	5	887	29
714	5	2087	30
715	5	469	24
715	5	991	30
715	5	2295	28
716	5	417	24
716	5	574	29
716	5	1095	30
717	5	417	24
717	5	1148	30
717	5	1617	28
718	5	365	24
718	5	574	29
718	5	1252	28
718	5	1774	30
719	5	365	24
719	5	1408	30
720	5	887	24
720	5	2243	30
721	5	365	24
721	5	991	30
721	5	1669	28
722	5	365	24
722	5	469	29
722	5	939	28
722	5	991	30
723	5	365	24
723	5	782	30
724	5	365	24
724	5	1878	30
725	5	365	24
725	5	782	30
725	5	1513	28
726	5	365	24
726	5	991	30
726	5	1461	28
727	5	365	24
727	5	1513	30
728	5	1461	24
728	5	1878	30
729	5	365	24
729	5	730	27
729	5	991	28
729	5	1252	29
730	5	365	24
730	5	1095	30
731	5	469	24
731	5	521	29
731	5	939	28
731	5	1043	30
732	5	469	24
732	5	730	27
732	5	991	28
732	5	1252	29
733	5	469	24
733	5	574	29
733	5	1304	28
733	5	1826	30
734	5	469	29
734	5	991	30
735	5	417	24
735	5	2035	30
736	5	521	24
736	5	1148	30
737	5	365	24
737	5	574	29
737	5	1356	28
737	5	1826	30
738	5	365	24
738	5	678	30
738	5	1356	28
738	5	2295	25
739	5	417	24
739	5	1148	30
740	5	2035	24
741	5	365	24
741	5	834	30
742	5	469	24
742	5	574	29
742	5	991	28
742	5	1095	30
742	5	2295	25
743	5	417	24
743	5	521	29
743	5	1043	30
744	5	991	24
744	5	1200	30
744	5	1826	28
745	5	521	24
745	5	1878	30
746	5	365	24
746	5	1252	30
747	5	365	24
747	5	887	30
748	5	1774	24
748	5	2087	30
749	5	365	24
749	5	1774	30
750	5	365	24
750	5	678	27
750	5	939	28
750	5	1200	29
751	5	417	24
751	5	2243	30
752	5	469	24
752	5	1148	30
752	5	1722	28
753	5	365	24
753	5	521	29
753	5	1043	30
753	5	2035	28
754	5	365	24
754	5	574	29
754	5	1095	30
755	5	365	24
755	5	574	29
755	5	1774	28
755	5	2243	30
756	5	365	24
756	5	574	29
756	5	1095	30
756	5	2087	28
757	5	1095	24
757	5	1774	30
758	5	365	24
758	5	574	29
758	5	1095	30
759	5	417	24
759	5	1513	30
760	5	469	24
760	5	1043	30
761	5	365	24
761	5	1043	30
761	5	2087	28
762	5	365	24
762	5	834	30
762	5	2087	28
763	5	417	24
763	5	1304	30
763	5	1930	28
764	5	365	24
764	5	887	30
765	5	365	24
765	5	521	29
765	5	1826	28
766	5	469	24
766	5	574	29
767	5	417	24
767	5	1252	30
767	5	2035	28
768	5	1148	24
768	5	1669	30
769	5	365	24
769	5	1774	30
770	5	365	24
770	5	2035	30
771	5	365	24
771	5	1148	30
772	5	365	24
772	5	1252	30
773	5	365	24
773	5	1513	30
774	5	365	24
774	5	521	29
774	5	1043	30
775	5	365	24
775	5	1461	30
776	5	469	29
776	5	991	30
777	5	365	24
777	5	2087	30
778	5	365	24
778	5	730	27
778	5	991	28
778	5	1252	29
779	5	365	24
779	5	1982	30
780	5	365	24
780	5	939	30
781	5	365	24
781	5	782	30
781	5	1565	28
782	5	469	24
782	5	834	30
782	5	2295	28
783	5	417	24
783	5	1669	30
784	5	417	24
784	5	521	29
784	5	1826	28
785	5	469	24
785	5	730	30
786	5	417	24
786	5	1252	30
787	5	1095	24
787	5	1513	30
787	5	2243	28
788	5	469	24
788	5	730	30
788	5	2035	28
789	5	365	24
789	5	1095	30
789	5	1774	28
790	5	469	24
790	5	1095	30
790	5	2139	28
791	5	1043	24
791	5	1513	30
792	5	469	24
792	5	730	30
793	5	365	24
793	5	521	29
793	5	1043	30
794	5	365	24
794	5	521	29
794	5	1930	28
795	5	365	24
795	5	1878	30
796	5	365	24
796	5	1513	30
797	5	469	24
797	5	574	29
797	5	2035	28
798	5	521	24
798	5	1200	30
798	5	2087	28
799	5	417	24
800	5	1043	24
800	5	1461	30
801	5	365	24
801	5	1356	30
801	5	2139	28
802	5	365	24
802	5	834	30
803	5	365	24
803	5	887	30
803	5	1565	28
804	5	365	24
804	5	730	30
804	5	1982	28
805	5	365	24
806	5	365	24
806	5	1461	30
807	5	417	24
807	5	678	27
807	5	887	29
807	5	1774	30
808	5	1826	24
808	5	1982	30
809	5	365	24
809	5	1826	30
810	5	365	24
810	5	469	29
810	5	991	30
811	5	365	24
811	5	521	29
811	5	1043	30
812	5	365	24
812	5	521	29
812	5	1095	30
812	5	2139	28
813	5	365	24
813	5	887	30
814	5	365	24
814	5	1095	30
815	5	469	24
815	5	521	30
816	5	626	24
816	5	1148	30
817	5	365	24
817	5	2243	30
818	5	469	24
818	5	939	30
818	5	1826	28
819	5	417	24
819	5	1617	30
820	5	469	24
820	5	782	30
821	5	417	24
821	5	1148	30
821	5	2243	28
822	5	469	24
822	5	521	29
822	5	991	28
822	5	1043	30
823	5	365	24
823	5	678	27
823	5	887	29
823	5	1774	30
823	5	2087	28
824	5	574	24
824	5	1095	30
824	5	1722	28
825	5	365	24
825	5	1043	30
825	5	1722	28
826	5	365	24
826	5	1095	30
827	5	469	24
827	5	1774	30
828	5	365	24
828	5	1252	30
828	5	2191	28
829	5	417	24
829	5	1982	30
830	5	626	24
830	5	1148	30
831	5	469	24
831	5	626	30
831	5	1356	28
831	5	2295	25
832	5	469	24
832	5	730	27
832	5	991	29
832	5	1878	30
832	5	2295	25
833	5	417	24
833	5	1252	30
834	5	365	24
834	5	574	29
834	5	1200	28
834	5	1774	30
835	5	469	24
835	5	782	30
836	5	365	24
836	5	2087	30
837	5	782	24
837	5	1461	30
837	5	2243	28
838	5	417	29
838	5	939	30
838	5	2191	28
839	5	1148	24
839	5	1408	30
839	5	2191	28
840	5	469	29
840	5	939	28
840	5	991	30
841	5	365	24
841	5	626	30
842	5	365	24
842	5	939	30
842	5	1774	28
843	5	469	24
843	5	574	29
843	5	1043	28
843	5	1095	30
843	5	2191	25
844	5	365	24
844	5	1513	30
845	5	365	24
845	5	1252	30
846	5	1148	24
846	5	1513	30
847	5	365	24
847	5	1200	30
847	5	1930	28
848	5	365	24
848	5	469	29
848	5	939	28
848	5	991	30
849	5	365	24
849	5	2035	30
850	5	365	24
850	5	521	29
850	5	1095	30
850	5	2295	28
851	5	365	24
852	5	365	24
853	5	1043	24
853	5	1513	30
854	5	678	24
854	5	1148	30
854	5	1669	28
855	5	365	24
855	5	678	30
856	5	365	24
856	5	730	27
856	5	991	28
856	5	1252	29
857	5	1043	24
857	5	1669	30
858	5	469	24
858	5	887	30
858	5	1669	28
859	5	417	24
860	5	1200	24
860	5	1513	30
861	5	365	24
861	5	782	27
861	5	1043	28
861	5	1304	29
862	5	365	24
862	5	1461	30
863	5	365	24
863	5	574	30
863	5	1356	28
864	5	469	24
864	5	521	29
864	5	1043	30
864	5	1982	28
865	5	417	24
865	5	521	29
865	5	1669	28
865	5	2191	30
866	5	365	24
866	5	574	29
866	5	1095	30
867	5	469	24
867	5	730	30
868	5	365	24
868	5	574	29
868	5	1669	28
868	5	2191	30
869	5	574	24
869	5	1043	30
869	5	1617	28
870	5	730	24
870	5	1148	30
871	5	834	24
871	5	1200	30
871	5	2087	28
872	5	365	24
873	5	469	24
873	5	521	29
873	5	1043	30
875	5	469	24
875	5	730	30
876	5	469	24
876	5	521	29
877	5	417	24
877	5	521	29
877	5	939	28
877	5	1043	30
878	5	365	24
878	5	1252	30
878	5	2191	28
879	5	365	24
879	5	782	30
879	5	2295	28
880	5	365	24
880	5	678	27
880	5	887	29
880	5	1774	30
881	5	469	24
882	5	365	24
882	5	1356	30
883	5	365	24
883	5	1982	30
884	5	365	24
884	5	574	29
884	5	1982	28
885	5	365	24
885	5	730	27
885	5	991	29
885	5	1878	30
886	5	469	24
886	5	1461	30
887	5	365	24
887	5	887	30
888	5	521	24
888	5	1982	30
889	5	365	24
889	5	1513	30
890	5	365	24
890	5	1252	30
890	5	1982	28
891	5	365	24
891	5	574	29
891	5	2087	28
892	5	365	24
892	5	1565	30
893	5	365	24
893	5	730	30
894	5	365	24
894	5	834	30
895	5	469	24
895	5	730	30
895	5	1982	28
896	5	365	24
896	5	678	27
896	5	939	28
896	5	1200	29
897	5	469	24
897	5	626	30
897	5	1461	28
898	5	365	24
898	5	469	29
898	5	1095	30
899	5	365	24
899	5	521	29
899	5	1043	30
900	5	469	24
900	5	1200	30
900	5	2191	28
901	5	365	24
901	5	574	29
901	5	939	28
901	5	1095	30
902	5	469	24
902	5	1043	30
902	5	1565	28
903	5	365	24
903	5	574	29
903	5	1304	28
903	5	1774	30
904	5	365	24
905	5	365	24
905	5	1356	30
906	5	365	24
906	5	521	29
907	5	365	24
907	5	2191	30
908	5	365	24
908	5	574	29
908	5	1408	28
908	5	1826	30
909	5	1617	24
909	5	1982	30
910	5	365	24
910	5	1200	30
910	5	2243	28
911	5	365	24
911	5	1982	30
912	5	365	24
912	5	574	29
913	5	417	24
913	5	1356	30
913	5	2139	28
914	5	365	24
914	5	991	30
914	5	1617	28
915	5	417	24
915	5	1356	30
916	5	417	24
916	5	574	29
916	5	1200	28
916	5	1826	30
917	5	365	24
917	5	782	30
917	5	2191	28
918	5	1043	24
918	5	1200	30
919	5	365	24
919	5	1565	30
920	5	469	24
920	5	1356	30
921	5	365	24
921	5	939	30
922	5	365	24
922	5	887	30
922	5	2035	28
923	5	991	24
923	5	1408	30
924	5	365	24
924	5	574	29
924	5	1095	30
925	5	469	24
925	5	574	29
926	5	365	24
926	5	834	30
926	5	1513	28
927	5	365	24
927	5	887	30
927	5	1774	28
928	5	365	24
929	5	365	24
929	5	730	27
929	5	991	28
929	5	1252	29
929	5	2139	30
930	5	521	24
931	5	365	24
931	5	521	29
931	5	1043	30
932	5	678	24
932	5	1252	30
932	5	1930	28
933	5	417	24
933	5	1252	30
933	5	1982	28
934	5	574	24
934	5	1200	30
935	5	417	24
935	5	521	29
935	5	1722	28
936	5	365	24
936	5	939	30
936	5	2295	28
937	5	417	24
937	5	1826	30
938	5	365	24
938	5	417	29
938	5	1826	28
939	5	365	24
939	5	1461	30
940	5	365	24
940	5	782	30
940	5	1461	28
941	5	469	24
941	5	521	29
941	5	1043	30
941	5	2191	28
942	5	417	24
942	5	521	30
942	5	1200	28
943	5	365	24
943	5	2243	30
944	5	469	24
944	5	834	30
944	5	2035	28
945	5	365	24
945	5	1826	30
946	5	365	24
946	5	939	30
946	5	1930	28
947	5	365	24
947	5	574	29
947	5	1095	30
948	5	365	24
948	5	574	29
948	5	1408	28
948	5	2295	30
949	5	365	24
949	5	469	29
949	5	939	28
949	5	991	30
950	5	469	24
950	5	678	27
950	5	887	29
950	5	1774	30
951	5	417	24
952	5	365	24
953	5	365	24
953	5	678	27
953	5	939	28
953	5	991	29
953	5	1878	30
954	5	365	24
954	5	469	29
954	5	939	28
954	5	991	30
955	5	365	24
956	5	417	24
956	5	991	30
957	5	365	24
958	5	521	24
958	5	1617	30
959	5	365	24
960	5	365	24
960	5	939	30
960	5	1722	28
961	5	469	24
961	5	834	30
961	5	1722	28
962	5	365	24
962	5	2035	30
963	5	365	24
963	5	574	29
963	5	1982	28
964	5	365	24
964	5	521	29
964	5	1043	30
964	5	2035	28
965	5	469	24
965	5	1095	30
966	5	469	24
966	5	521	29
966	5	1669	28
966	5	2087	30
967	5	365	24
967	5	2139	30
968	5	365	24
968	5	678	30
968	5	2035	28
969	5	417	24
969	5	730	30
969	5	1669	28
970	5	365	24
971	5	365	24
971	5	574	29
971	5	1408	28
971	5	1982	30
972	5	417	24
972	5	521	29
972	5	991	28
972	5	1043	30
973	5	365	24
973	5	782	30
974	5	365	24
974	5	782	30
975	5	991	24
975	5	1356	30
976	5	417	24
976	5	782	30
976	5	1513	28
977	5	1252	24
977	5	1982	30
978	5	365	24
978	5	574	29
978	5	1304	28
978	5	1826	30
979	5	1095	24
979	5	1304	30
979	5	1982	28
980	5	365	24
980	5	1930	30
981	5	469	24
981	5	991	30
981	5	1565	28
982	5	365	24
982	5	678	30
983	5	469	24
983	5	521	29
983	5	2191	28
984	5	365	24
984	5	1148	30
984	5	2139	28
985	5	365	24
985	5	1148	30
985	5	1774	28
986	5	1982	24
986	5	2295	30
987	5	365	24
987	5	1304	30
988	5	469	24
988	5	730	30
988	5	2139	28
989	5	365	24
989	5	521	29
989	5	1043	30
990	5	365	24
990	5	1826	30
991	5	365	24
992	5	365	24
993	5	417	24
994	5	365	24
994	5	2087	30
995	5	365	24
995	5	521	29
995	5	939	28
995	5	1043	30
996	5	365	24
996	5	1200	30
997	5	365	24
997	5	2243	30
998	5	417	24
998	5	782	30
998	5	1356	28
999	5	365	24
999	5	1617	30
