Realization	utility	week	infra.
0	0	730	30
1	0	730	29
3	0	1304	30
4	0	1513	30
5	0	782	30
6	0	1252	30
7	0	1565	30
8	0	1356	30
9	0	1408	30
10	0	678	30
14	0	626	30
15	0	1408	30
16	0	1461	30
17	0	730	30
18	0	1408	30
19	0	2087	30
20	0	991	30
21	0	730	30
22	0	1461	30
23	0	1356	30
24	0	730	30
25	0	2087	30
26	0	1461	30
27	0	782	30
28	0	1408	30
29	0	1513	30
30	0	1513	30
31	0	1513	30
32	0	1513	30
33	0	1722	30
34	0	1148	30
35	0	1408	30
36	0	1461	30
37	0	2139	30
38	0	1200	30
39	0	939	30
40	0	730	30
41	0	1461	30
42	0	1461	30
43	0	1461	30
44	0	1565	30
45	0	1408	30
46	0	1461	30
47	0	1722	30
49	0	834	30
51	0	1513	30
52	0	2243	30
53	0	1461	30
55	0	2139	30
56	0	1461	30
57	0	782	30
58	0	991	30
59	0	1356	30
61	0	939	30
62	0	1513	30
63	0	1095	30
64	0	2035	30
65	0	1565	30
66	0	1408	30
67	0	1408	30
69	0	1148	30
71	0	1461	30
72	0	1826	30
73	0	1513	30
74	0	1982	30
75	0	1408	30
76	0	1722	30
77	0	1356	30
79	0	1617	30
80	0	834	30
81	0	1982	30
82	0	2035	30
83	0	1252	30
84	0	1252	30
86	0	1774	30
87	0	1356	30
88	0	1408	30
89	0	1513	30
90	0	1617	30
92	0	1356	30
93	0	1356	30
94	0	1461	30
95	0	2139	30
96	0	1356	30
97	0	2139	30
98	0	1617	30
99	0	1722	30
100	0	2191	30
101	0	1200	30
102	0	1043	30
103	0	1826	30
104	0	1252	30
106	0	1095	30
107	0	678	30
108	0	1461	30
109	0	1304	30
110	0	1408	30
111	0	1826	30
112	0	1930	30
113	0	1356	30
114	0	2087	30
116	0	1722	30
117	0	1774	30
118	0	1356	30
119	0	1826	30
120	0	1722	30
122	0	782	29
124	0	730	29
125	0	1513	30
126	0	1356	30
127	0	1408	30
128	0	678	30
129	0	1878	30
130	0	1252	30
131	0	1043	30
132	0	1356	30
133	0	1304	30
134	0	1774	30
135	0	1461	30
136	0	730	30
137	0	1461	30
138	0	678	30
139	0	1408	30
140	0	1461	30
141	0	1408	30
142	0	1722	30
143	0	1408	30
144	0	2035	30
145	0	1408	30
146	0	1252	30
147	0	1356	30
148	0	1408	30
149	0	782	30
150	0	1513	30
151	0	1617	30
152	0	1304	30
153	0	1982	30
154	0	1461	30
155	0	730	30
156	0	730	30
158	0	939	30
159	0	678	29
160	0	1461	30
162	0	1565	30
163	0	1252	30
164	0	1408	30
165	0	1252	30
166	0	2139	30
167	0	1878	30
169	0	1356	30
170	0	730	30
171	0	2243	30
172	0	1252	30
173	0	1356	30
174	0	1513	30
175	0	1356	30
176	0	1408	30
177	0	1669	30
178	0	2139	30
179	0	1252	30
181	0	730	30
183	0	1408	30
185	0	887	30
187	0	1461	30
188	0	1982	30
189	0	1461	30
190	0	1826	30
191	0	782	29
192	0	1304	30
193	0	1408	30
196	0	678	30
198	0	1095	30
199	0	1356	30
200	0	1304	30
201	0	2087	30
202	0	1252	30
203	0	1513	30
204	0	1461	30
205	0	1617	30
206	0	678	30
207	0	1408	30
208	0	1513	30
210	0	1252	30
212	0	1669	30
213	0	1565	30
215	0	1356	30
217	0	1304	30
218	0	1461	30
221	0	1461	30
222	0	2035	30
224	0	1669	30
225	0	1356	30
226	0	887	30
227	0	1826	30
228	0	1408	30
229	0	1461	30
230	0	782	30
231	0	1304	30
232	0	1408	30
233	0	1461	30
235	0	1930	30
236	0	2243	30
239	0	1774	30
240	0	782	30
241	0	1408	30
242	0	1356	30
243	0	678	30
244	0	730	30
245	0	1461	30
247	0	1356	30
248	0	782	30
249	0	678	30
250	0	678	30
251	0	887	30
253	0	2087	30
255	0	1878	30
256	0	1148	30
257	0	1722	30
258	0	1304	30
259	0	730	30
260	0	1461	30
262	0	1200	30
264	0	1513	30
265	0	834	30
266	0	1356	30
267	0	1356	30
268	0	1200	30
269	0	1461	30
270	0	1878	30
271	0	1356	30
272	0	1408	30
274	0	1878	30
275	0	1461	30
277	0	1982	30
278	0	2191	30
279	0	1982	30
280	0	2087	30
282	0	1461	30
283	0	1304	30
284	0	730	29
285	0	1304	30
286	0	1408	30
287	0	1304	30
288	0	1513	30
290	0	2243	30
292	0	1878	30
293	0	678	30
294	0	1408	30
295	0	574	30
296	0	1461	30
298	0	1200	30
299	0	782	30
300	0	1930	30
301	0	730	30
302	0	1252	30
303	0	678	30
304	0	782	30
306	0	1356	30
307	0	1982	30
308	0	2035	30
309	0	678	30
310	0	1252	30
312	0	1669	30
314	0	1356	30
315	0	1408	30
317	0	1408	30
318	0	1408	30
319	0	2243	30
320	0	1408	30
321	0	1356	30
322	0	1461	30
323	0	1774	30
324	0	1669	30
325	0	1356	30
326	0	782	30
327	0	1304	30
328	0	1826	30
330	0	1148	30
331	0	1408	30
332	0	1356	30
333	0	1356	30
334	0	1930	30
335	0	678	29
336	0	1513	30
337	0	2087	30
339	0	1408	30
340	0	1356	30
341	0	1669	30
342	0	1356	30
343	0	678	29
344	0	1878	30
345	0	1356	30
346	0	1252	30
347	0	1461	30
348	0	1461	30
349	0	1408	30
352	0	1356	30
353	0	1408	30
354	0	1304	30
355	0	1513	30
356	0	1669	30
357	0	1252	30
358	0	1304	30
360	0	2191	30
361	0	1252	30
362	0	1304	30
364	0	1408	30
366	0	1148	30
367	0	1513	30
368	0	782	30
369	0	1513	30
371	0	1461	30
372	0	1617	30
374	0	1513	30
375	0	1617	30
376	0	1043	30
377	0	1878	30
378	0	1722	30
379	0	1461	30
380	0	1878	30
381	0	2035	30
382	0	834	30
383	0	1356	30
384	0	1252	30
385	0	1826	30
387	0	1513	30
388	0	2243	30
389	0	782	30
390	0	678	30
391	0	1461	30
392	0	2191	30
393	0	626	30
394	0	1722	30
396	0	1356	30
397	0	1408	30
399	0	730	30
400	0	1252	30
402	0	1043	30
403	0	2243	30
404	0	1826	30
405	0	1565	30
406	0	1513	30
407	0	1669	30
409	0	2295	30
410	0	2139	30
411	0	1356	30
412	0	1356	30
413	0	730	30
414	0	1043	30
415	0	834	30
416	0	1356	30
417	0	1252	30
418	0	939	30
419	0	834	30
420	0	1617	30
421	0	2087	30
423	0	1252	30
424	0	1461	30
425	0	1774	30
426	0	1252	30
427	0	2139	30
428	0	1408	30
429	0	1043	30
430	0	1461	30
431	0	678	30
432	0	1513	30
433	0	1461	30
434	0	782	30
435	0	1356	30
436	0	730	30
437	0	1408	30
438	0	1043	30
439	0	1878	30
440	0	1669	30
441	0	1565	30
442	0	1565	30
445	0	1408	30
446	0	1878	30
447	0	1513	30
450	0	2295	30
451	0	1095	30
452	0	1513	30
453	0	730	30
454	0	2139	30
455	0	1513	30
456	0	1408	30
457	0	1200	30
458	0	1513	30
459	0	2087	30
460	0	782	30
461	0	730	30
462	0	1356	30
463	0	1252	30
464	0	1200	30
465	0	1408	30
466	0	782	30
467	0	1408	30
468	0	730	30
469	0	678	30
470	0	2243	30
471	0	2087	30
472	0	1461	30
473	0	1200	30
474	0	1408	30
475	0	2139	30
477	0	521	30
478	0	2035	30
480	0	2243	30
481	0	1252	30
482	0	1408	30
483	0	1617	30
484	0	2243	30
485	0	1565	30
486	0	1408	30
487	0	1356	30
488	0	1408	30
489	0	1304	30
490	0	1461	30
491	0	1565	30
492	0	1565	30
494	0	1461	30
495	0	1148	30
496	0	1408	30
497	0	626	30
498	0	1461	30
499	0	2191	30
500	0	1356	30
501	0	2087	30
502	0	1565	30
503	0	730	30
504	0	1513	30
505	0	1356	30
506	0	1513	30
507	0	2295	30
508	0	1356	30
510	0	2191	30
512	0	1200	30
513	0	1304	30
514	0	1513	30
515	0	678	30
516	0	1408	30
517	0	1408	30
518	0	1304	30
519	0	1513	30
520	0	2087	30
521	0	1408	30
522	0	1408	30
523	0	1408	30
524	0	2139	30
525	0	1304	30
526	0	2191	30
527	0	1356	30
528	0	730	29
529	0	1356	30
530	0	1826	30
531	0	1252	30
532	0	1669	30
534	0	678	29
536	0	1304	30
537	0	1356	30
538	0	782	30
539	0	678	30
541	0	1461	30
542	0	1408	30
543	0	1252	30
544	0	1304	30
546	0	1408	30
547	0	1304	30
549	0	1408	30
550	0	1356	30
551	0	1408	30
552	0	1408	30
553	0	1565	30
554	0	1304	30
555	0	1356	30
556	0	1461	30
557	0	1304	30
558	0	1408	30
559	0	1617	30
560	0	1408	30
561	0	1826	30
562	0	1304	30
563	0	1408	30
564	0	1774	30
565	0	1461	30
566	0	1461	30
567	0	1408	30
568	0	730	30
569	0	1565	30
570	0	1565	30
571	0	730	30
572	0	1461	30
575	0	1304	30
576	0	1304	30
577	0	1356	30
578	0	1513	30
581	0	1304	30
582	0	1252	30
583	0	782	29
584	0	1408	30
585	0	1304	30
586	0	1408	30
587	0	1304	30
588	0	1252	30
589	0	834	30
590	0	1461	30
591	0	1982	30
593	0	2243	30
594	0	1826	30
595	0	1408	30
596	0	1095	30
597	0	1617	30
598	0	678	30
599	0	730	30
600	0	1408	30
601	0	1252	30
604	0	1565	30
605	0	1252	30
606	0	1095	30
607	0	1408	30
608	0	1513	30
611	0	1356	30
612	0	1669	30
614	0	1408	30
615	0	1722	30
616	0	1356	30
617	0	2191	30
619	0	1826	30
620	0	782	30
621	0	1200	30
622	0	1304	30
623	0	1774	30
624	0	1513	30
625	0	1304	30
626	0	1513	30
627	0	1304	30
628	0	1095	30
629	0	1878	30
630	0	1669	30
631	0	1408	30
632	0	678	30
633	0	1513	30
634	0	1304	30
635	0	1669	30
637	0	574	30
638	0	2087	30
639	0	834	30
642	0	1774	30
644	0	1252	30
645	0	1461	30
646	0	730	30
648	0	1252	30
649	0	1513	30
650	0	2191	30
651	0	2243	30
652	0	1356	30
653	0	1043	30
654	0	1826	30
655	0	1565	30
656	0	1408	30
657	0	1513	30
658	0	1252	30
659	0	1722	30
661	0	1461	30
662	0	1148	30
663	0	1826	30
664	0	1513	30
665	0	1408	30
666	0	1356	30
667	0	730	30
668	0	1356	30
669	0	1617	30
670	0	1669	30
672	0	1461	30
673	0	1722	30
674	0	1461	30
675	0	1252	30
676	0	1408	30
677	0	1148	30
678	0	887	30
679	0	1356	30
680	0	1252	30
682	0	1461	30
683	0	1304	30
684	0	1200	30
685	0	2191	30
686	0	1513	30
688	0	1304	30
689	0	1513	30
691	0	834	30
692	0	1304	30
693	0	1043	30
694	0	1252	30
695	0	678	30
696	0	1669	30
697	0	1461	30
698	0	1826	30
699	0	1513	30
700	0	2139	30
701	0	1200	30
703	0	1461	30
704	0	1826	30
705	0	1774	30
706	0	782	30
707	0	1252	30
708	0	1252	30
709	0	1252	30
710	0	1513	30
711	0	1669	30
712	0	1200	30
714	0	730	29
715	0	1669	30
716	0	730	29
717	0	1252	30
718	0	1461	30
720	0	1356	30
721	0	1461	30
722	0	678	30
723	0	1826	30
724	0	1982	30
725	0	887	30
726	0	1095	30
728	0	1774	30
729	0	887	30
730	0	1200	30
731	0	1304	30
732	0	1461	30
733	0	834	30
734	0	1356	30
735	0	2139	30
736	0	1826	30
737	0	1513	30
738	0	1252	30
739	0	1304	30
741	0	1043	30
742	0	1356	30
743	0	1356	30
744	0	1304	30
746	0	1878	30
747	0	1722	30
748	0	2087	30
749	0	1408	30
750	0	2191	30
751	0	1252	30
752	0	1513	30
753	0	730	30
754	0	1408	30
755	0	782	30
756	0	834	30
757	0	1982	30
758	0	730	29
760	0	2295	30
761	0	1722	30
762	0	1356	30
763	0	1304	30
765	0	1408	30
766	0	1513	30
767	0	1304	30
768	0	1461	30
770	0	2087	30
771	0	1461	30
772	0	2243	30
773	0	1722	30
774	0	730	30
776	0	730	30
778	0	1252	30
779	0	1408	30
780	0	1930	30
781	0	1304	30
782	0	2035	30
783	0	1408	30
784	0	1408	30
785	0	1878	30
787	0	1774	30
788	0	1513	30
789	0	1408	30
790	0	1722	30
791	0	2243	30
792	0	887	30
793	0	1304	30
794	0	730	30
795	0	2295	30
796	0	1826	30
797	0	1408	30
798	0	1669	30
799	0	2295	30
800	0	1356	30
801	0	1774	30
802	0	1356	30
803	0	1356	30
804	0	1617	30
806	0	2191	30
807	0	730	30
808	0	2139	30
809	0	2035	30
810	0	730	30
811	0	730	30
812	0	1461	30
813	0	1617	30
815	0	1408	30
816	0	1304	30
818	0	1461	30
819	0	1930	30
820	0	2243	30
821	0	1461	30
822	0	678	30
823	0	782	29
824	0	1252	30
825	0	1565	30
826	0	1565	30
827	0	2139	30
828	0	1408	30
829	0	2191	30
830	0	1252	30
831	0	1252	30
832	0	834	30
833	0	1513	30
834	0	834	30
835	0	1461	30
836	0	2191	30
837	0	2087	30
838	0	1408	30
839	0	1461	30
840	0	678	30
841	0	782	30
842	0	1252	30
843	0	730	30
844	0	2191	30
845	0	1513	30
846	0	1461	30
847	0	1774	30
848	0	626	30
850	0	1461	30
853	0	1356	30
854	0	1304	30
855	0	1252	30
856	0	1982	30
857	0	2035	30
858	0	1461	30
860	0	1565	30
861	0	834	30
862	0	1513	30
863	0	1461	30
864	0	730	30
865	0	1461	30
866	0	730	30
867	0	1826	30
868	0	1513	30
869	0	574	30
870	0	1461	30
871	0	1252	30
873	0	1356	30
875	0	1252	30
876	0	1408	30
877	0	782	30
878	0	1461	30
879	0	1513	30
880	0	782	29
882	0	1461	30
883	0	1513	30
884	0	1461	30
885	0	1408	30
886	0	2087	30
887	0	1513	30
889	0	2087	30
890	0	1408	30
891	0	1461	30
892	0	1878	30
893	0	1252	30
894	0	1617	30
895	0	1408	30
896	0	1513	30
897	0	1461	30
898	0	1461	30
899	0	1408	30
900	0	1774	30
901	0	730	29
902	0	1148	30
903	0	1513	30
905	0	1982	30
906	0	730	30
908	0	1408	30
909	0	1930	30
910	0	1461	30
912	0	1513	30
913	0	1408	30
914	0	1148	30
915	0	1565	30
916	0	1513	30
917	0	2087	30
918	0	1356	30
919	0	2243	30
920	0	2139	30
922	0	1930	30
923	0	1304	30
924	0	1513	30
925	0	834	30
926	0	991	30
927	0	1565	30
929	0	1252	30
931	0	782	30
932	0	1408	30
933	0	1461	30
934	0	1356	30
935	0	1461	30
936	0	2087	30
937	0	2243	30
938	0	521	30
940	0	1356	30
941	0	1356	30
942	0	678	30
944	0	1669	30
945	0	1461	30
946	0	1565	30
947	0	1408	30
948	0	1408	30
949	0	782	30
950	0	782	29
951	0	1826	30
953	0	1408	30
954	0	1304	30
959	0	1930	30
960	0	1408	30
961	0	1043	30
962	0	2139	30
963	0	1461	30
964	0	1461	30
965	0	1304	30
966	0	730	30
967	0	1304	30
968	0	1669	30
969	0	1148	30
971	0	1513	30
972	0	678	29
974	0	939	30
975	0	2191	30
976	0	991	30
977	0	1617	30
978	0	1461	30
979	0	1461	30
980	0	2191	30
981	0	1200	30
982	0	1252	30
983	0	1356	30
984	0	574	30
985	0	1304	30
986	0	2295	30
987	0	2191	30
988	0	1722	30
989	0	1356	30
990	0	1617	30
995	0	730	30
996	0	1722	30
998	0	1304	30
999	0	1461	30
0	1	730	30
1	1	730	29
3	1	1304	30
4	1	1513	30
5	1	782	30
6	1	1252	30
7	1	1565	30
8	1	1356	30
9	1	1408	30
10	1	678	30
14	1	626	30
15	1	1408	30
16	1	1461	30
17	1	730	30
18	1	1408	30
19	1	2087	30
20	1	991	30
21	1	730	30
22	1	1461	30
23	1	1356	30
24	1	730	30
25	1	2087	30
26	1	1461	30
27	1	782	30
28	1	1408	30
29	1	1513	30
30	1	1513	30
31	1	1513	30
32	1	1513	30
33	1	1722	30
34	1	1148	30
35	1	1408	30
36	1	1461	30
37	1	2139	30
38	1	1200	30
39	1	939	30
40	1	730	30
41	1	1461	30
42	1	1461	30
43	1	1461	30
44	1	1565	30
45	1	1408	30
46	1	1461	30
47	1	1722	30
49	1	834	30
51	1	1513	30
52	1	2243	30
53	1	1461	30
55	1	2139	30
56	1	1461	30
57	1	782	30
58	1	991	30
59	1	1356	30
61	1	939	30
62	1	1513	30
63	1	1095	30
64	1	2035	30
65	1	1565	30
66	1	1408	30
67	1	1408	30
69	1	1148	30
71	1	1461	30
72	1	1826	30
73	1	1513	30
74	1	1982	30
75	1	1408	30
76	1	1722	30
77	1	1356	30
79	1	1617	30
80	1	834	30
81	1	1982	30
82	1	2035	30
83	1	1252	30
84	1	1252	30
86	1	1774	30
87	1	1356	30
88	1	1408	30
89	1	1513	30
90	1	1617	30
92	1	1356	30
93	1	1356	30
94	1	1461	30
95	1	2139	30
96	1	1356	30
97	1	2139	30
98	1	1617	30
99	1	1722	30
100	1	2191	30
101	1	1200	30
102	1	1043	30
103	1	1826	30
104	1	1252	30
106	1	1095	30
107	1	678	30
108	1	1461	30
109	1	1304	30
110	1	1408	30
111	1	1826	30
112	1	1930	30
113	1	1356	30
114	1	2087	30
116	1	1722	30
117	1	1774	30
118	1	1356	30
119	1	1826	30
120	1	1722	30
122	1	782	29
124	1	730	29
125	1	1513	30
126	1	1356	30
127	1	1408	30
128	1	678	30
129	1	1878	30
130	1	1252	30
131	1	1043	30
132	1	1356	30
133	1	1304	30
134	1	1774	30
135	1	1461	30
136	1	730	30
137	1	1461	30
138	1	678	30
139	1	1408	30
140	1	1461	30
141	1	1408	30
142	1	1722	30
143	1	1408	30
144	1	2035	30
145	1	1408	30
146	1	1252	30
147	1	1356	30
148	1	1408	30
149	1	782	30
150	1	1513	30
151	1	1617	30
152	1	1304	30
153	1	1982	30
154	1	1461	30
155	1	730	30
156	1	730	30
158	1	939	30
159	1	678	29
160	1	1461	30
162	1	1565	30
163	1	1252	30
164	1	1408	30
165	1	1252	30
166	1	2139	30
167	1	1878	30
169	1	1356	30
170	1	730	30
171	1	2243	30
172	1	1252	30
173	1	1356	30
174	1	1513	30
175	1	1356	30
176	1	1408	30
177	1	1669	30
178	1	2139	30
179	1	1252	30
181	1	730	30
183	1	1408	30
185	1	887	30
187	1	1461	30
188	1	1982	30
189	1	1461	30
190	1	1826	30
191	1	782	29
192	1	1304	30
193	1	1408	30
196	1	678	30
198	1	1095	30
199	1	1356	30
200	1	1304	30
201	1	2087	30
202	1	1252	30
203	1	1513	30
204	1	1461	30
205	1	1617	30
206	1	678	30
207	1	1408	30
208	1	1513	30
210	1	1252	30
212	1	1669	30
213	1	1565	30
215	1	1356	30
217	1	1304	30
218	1	1461	30
221	1	1461	30
222	1	2035	30
224	1	1669	30
225	1	1356	30
226	1	887	30
227	1	1826	30
228	1	1408	30
229	1	1461	30
230	1	782	30
231	1	1304	30
232	1	1408	30
233	1	1461	30
235	1	1930	30
236	1	2243	30
239	1	1774	30
240	1	782	30
241	1	1408	30
242	1	1356	30
243	1	678	30
244	1	730	30
245	1	1461	30
247	1	1356	30
248	1	782	30
249	1	678	30
250	1	678	30
251	1	887	30
253	1	2087	30
255	1	1878	30
256	1	1148	30
257	1	1722	30
258	1	1304	30
259	1	730	30
260	1	1461	30
262	1	1200	30
264	1	1513	30
265	1	834	30
266	1	1356	30
267	1	1356	30
268	1	1200	30
269	1	1461	30
270	1	1878	30
271	1	1356	30
272	1	1408	30
274	1	1878	30
275	1	1461	30
277	1	1982	30
278	1	2191	30
279	1	1982	30
280	1	2087	30
282	1	1461	30
283	1	1304	30
284	1	730	29
285	1	1304	30
286	1	1408	30
287	1	1304	30
288	1	1513	30
290	1	2243	30
292	1	1878	30
293	1	678	30
294	1	1408	30
295	1	574	30
296	1	1461	30
298	1	1200	30
299	1	782	30
300	1	1930	30
301	1	730	30
302	1	1252	30
303	1	678	30
304	1	782	30
306	1	1356	30
307	1	1982	30
308	1	2035	30
309	1	678	30
310	1	1252	30
312	1	1669	30
314	1	1356	30
315	1	1408	30
317	1	1408	30
318	1	1408	30
319	1	2243	30
320	1	1408	30
321	1	1356	30
322	1	1461	30
323	1	1774	30
324	1	1669	30
325	1	1356	30
326	1	782	30
327	1	1304	30
328	1	1826	30
330	1	1148	30
331	1	1408	30
332	1	1356	30
333	1	1356	30
334	1	1930	30
335	1	678	29
336	1	1513	30
337	1	2087	30
339	1	1408	30
340	1	1356	30
341	1	1669	30
342	1	1356	30
343	1	678	29
344	1	1878	30
345	1	1356	30
346	1	1252	30
347	1	1461	30
348	1	1461	30
349	1	1408	30
352	1	1356	30
353	1	1408	30
354	1	1304	30
355	1	1513	30
356	1	1669	30
357	1	1252	30
358	1	1304	30
360	1	2191	30
361	1	1252	30
362	1	1304	30
364	1	1408	30
366	1	1148	30
367	1	1513	30
368	1	782	30
369	1	1513	30
371	1	1461	30
372	1	1617	30
374	1	1513	30
375	1	1617	30
376	1	1043	30
377	1	1878	30
378	1	1722	30
379	1	1461	30
380	1	1878	30
381	1	2035	30
382	1	834	30
383	1	1356	30
384	1	1252	30
385	1	1826	30
387	1	1513	30
388	1	2243	30
389	1	782	30
390	1	678	30
391	1	1461	30
392	1	2191	30
393	1	626	30
394	1	1722	30
396	1	1356	30
397	1	1408	30
399	1	730	30
400	1	1252	30
402	1	1043	30
403	1	2243	30
404	1	1826	30
405	1	1565	30
406	1	1513	30
407	1	1669	30
409	1	2295	30
410	1	2139	30
411	1	1356	30
412	1	1356	30
413	1	730	30
414	1	1043	30
415	1	834	30
416	1	1356	30
417	1	1252	30
418	1	939	30
419	1	834	30
420	1	1617	30
421	1	2087	30
423	1	1252	30
424	1	1461	30
425	1	1774	30
426	1	1252	30
427	1	2139	30
428	1	1408	30
429	1	1043	30
430	1	1461	30
431	1	678	30
432	1	1513	30
433	1	1461	30
434	1	782	30
435	1	1356	30
436	1	730	30
437	1	1408	30
438	1	1043	30
439	1	1878	30
440	1	1669	30
441	1	1565	30
442	1	1565	30
445	1	1408	30
446	1	1878	30
447	1	1513	30
450	1	2295	30
451	1	1095	30
452	1	1513	30
453	1	730	30
454	1	2139	30
455	1	1513	30
456	1	1408	30
457	1	1200	30
458	1	1513	30
459	1	2087	30
460	1	782	30
461	1	730	30
462	1	1356	30
463	1	1252	30
464	1	1200	30
465	1	1408	30
466	1	782	30
467	1	1408	30
468	1	730	30
469	1	678	30
470	1	2243	30
471	1	2087	30
472	1	1461	30
473	1	1200	30
474	1	1408	30
475	1	2139	30
477	1	521	30
478	1	2035	30
480	1	2243	30
481	1	1252	30
482	1	1408	30
483	1	1617	30
484	1	2243	30
485	1	1565	30
486	1	1408	30
487	1	1356	30
488	1	1408	30
489	1	1304	30
490	1	1461	30
491	1	1565	30
492	1	1565	30
494	1	1461	30
495	1	1148	30
496	1	1408	30
497	1	626	30
498	1	1461	30
499	1	2191	30
500	1	1356	30
501	1	2087	30
502	1	1565	30
503	1	730	30
504	1	1513	30
505	1	1356	30
506	1	1513	30
507	1	2295	30
508	1	1356	30
510	1	2191	30
512	1	1200	30
513	1	1304	30
514	1	1513	30
515	1	678	30
516	1	1408	30
517	1	1408	30
518	1	1304	30
519	1	1513	30
520	1	2087	30
521	1	1408	30
522	1	1408	30
523	1	1408	30
524	1	2139	30
525	1	1304	30
526	1	2191	30
527	1	1356	30
528	1	730	29
529	1	1356	30
530	1	1826	30
531	1	1252	30
532	1	1669	30
534	1	678	29
536	1	1304	30
537	1	1356	30
538	1	782	30
539	1	678	30
541	1	1461	30
542	1	1408	30
543	1	1252	30
544	1	1304	30
546	1	1408	30
547	1	1304	30
549	1	1408	30
550	1	1356	30
551	1	1408	30
552	1	1408	30
553	1	1565	30
554	1	1304	30
555	1	1356	30
556	1	1461	30
557	1	1304	30
558	1	1408	30
559	1	1617	30
560	1	1408	30
561	1	1826	30
562	1	1304	30
563	1	1408	30
564	1	1774	30
565	1	1461	30
566	1	1461	30
567	1	1408	30
568	1	730	30
569	1	1565	30
570	1	1565	30
571	1	730	30
572	1	1461	30
575	1	1304	30
576	1	1304	30
577	1	1356	30
578	1	1513	30
581	1	1304	30
582	1	1252	30
583	1	782	29
584	1	1408	30
585	1	1304	30
586	1	1408	30
587	1	1304	30
588	1	1252	30
589	1	834	30
590	1	1461	30
591	1	1982	30
593	1	2243	30
594	1	1826	30
595	1	1408	30
596	1	1095	30
597	1	1617	30
598	1	678	30
599	1	730	30
600	1	1408	30
601	1	1252	30
604	1	1565	30
605	1	1252	30
606	1	1095	30
607	1	1408	30
608	1	1513	30
611	1	1356	30
612	1	1669	30
614	1	1408	30
615	1	1722	30
616	1	1356	30
617	1	2191	30
619	1	1826	30
620	1	782	30
621	1	1200	30
622	1	1304	30
623	1	1774	30
624	1	1513	30
625	1	1304	30
626	1	1513	30
627	1	1304	30
628	1	1095	30
629	1	1878	30
630	1	1669	30
631	1	1408	30
632	1	678	30
633	1	1513	30
634	1	1304	30
635	1	1669	30
637	1	574	30
638	1	2087	30
639	1	834	30
642	1	1774	30
644	1	1252	30
645	1	1461	30
646	1	730	30
648	1	1252	30
649	1	1513	30
650	1	2191	30
651	1	2243	30
652	1	1356	30
653	1	1043	30
654	1	1826	30
655	1	1565	30
656	1	1408	30
657	1	1513	30
658	1	1252	30
659	1	1722	30
661	1	1461	30
662	1	1148	30
663	1	1826	30
664	1	1513	30
665	1	1408	30
666	1	1356	30
667	1	730	30
668	1	1356	30
669	1	1617	30
670	1	1669	30
672	1	1461	30
673	1	1722	30
674	1	1461	30
675	1	1252	30
676	1	1408	30
677	1	1148	30
678	1	887	30
679	1	1356	30
680	1	1252	30
682	1	1461	30
683	1	1304	30
684	1	1200	30
685	1	2191	30
686	1	1513	30
688	1	1304	30
689	1	1513	30
691	1	834	30
692	1	1304	30
693	1	1043	30
694	1	1252	30
695	1	678	30
696	1	1669	30
697	1	1461	30
698	1	1826	30
699	1	1513	30
700	1	2139	30
701	1	1200	30
703	1	1461	30
704	1	1826	30
705	1	1774	30
706	1	782	30
707	1	1252	30
708	1	1252	30
709	1	1252	30
710	1	1513	30
711	1	1669	30
712	1	1200	30
714	1	730	29
715	1	1669	30
716	1	730	29
717	1	1252	30
718	1	1461	30
720	1	1356	30
721	1	1461	30
722	1	678	30
723	1	1826	30
724	1	1982	30
725	1	887	30
726	1	1095	30
728	1	1774	30
729	1	887	30
730	1	1200	30
731	1	1304	30
732	1	1461	30
733	1	834	30
734	1	1356	30
735	1	2139	30
736	1	1826	30
737	1	1513	30
738	1	1252	30
739	1	1304	30
741	1	1043	30
742	1	1356	30
743	1	1356	30
744	1	1304	30
746	1	1878	30
747	1	1722	30
748	1	2087	30
749	1	1408	30
750	1	2191	30
751	1	1252	30
752	1	1513	30
753	1	730	30
754	1	1408	30
755	1	782	30
756	1	834	30
757	1	1982	30
758	1	730	29
760	1	2295	30
761	1	1722	30
762	1	1356	30
763	1	1304	30
765	1	1408	30
766	1	1513	30
767	1	1304	30
768	1	1461	30
770	1	2087	30
771	1	1461	30
772	1	2243	30
773	1	1722	30
774	1	730	30
776	1	730	30
778	1	1252	30
779	1	1408	30
780	1	1930	30
781	1	1304	30
782	1	2035	30
783	1	1408	30
784	1	1408	30
785	1	1878	30
787	1	1774	30
788	1	1513	30
789	1	1408	30
790	1	1722	30
791	1	2243	30
792	1	887	30
793	1	1304	30
794	1	730	30
795	1	2295	30
796	1	1826	30
797	1	1408	30
798	1	1669	30
799	1	2295	30
800	1	1356	30
801	1	1774	30
802	1	1356	30
803	1	1356	30
804	1	1617	30
806	1	2191	30
807	1	730	30
808	1	2139	30
809	1	2035	30
810	1	730	30
811	1	730	30
812	1	1461	30
813	1	1617	30
815	1	1408	30
816	1	1304	30
818	1	1461	30
819	1	1930	30
820	1	2243	30
821	1	1461	30
822	1	678	30
823	1	782	29
824	1	1252	30
825	1	1565	30
826	1	1565	30
827	1	2139	30
828	1	1408	30
829	1	2191	30
830	1	1252	30
831	1	1252	30
832	1	834	30
833	1	1513	30
834	1	834	30
835	1	1461	30
836	1	2191	30
837	1	2087	30
838	1	1408	30
839	1	1461	30
840	1	678	30
841	1	782	30
842	1	1252	30
843	1	730	30
844	1	2191	30
845	1	1513	30
846	1	1461	30
847	1	1774	30
848	1	626	30
850	1	1461	30
853	1	1356	30
854	1	1304	30
855	1	1252	30
856	1	1982	30
857	1	2035	30
858	1	1461	30
860	1	1565	30
861	1	834	30
862	1	1513	30
863	1	1461	30
864	1	730	30
865	1	1461	30
866	1	730	30
867	1	1826	30
868	1	1513	30
869	1	574	30
870	1	1461	30
871	1	1252	30
873	1	1356	30
875	1	1252	30
876	1	1408	30
877	1	782	30
878	1	1461	30
879	1	1513	30
880	1	782	29
882	1	1461	30
883	1	1513	30
884	1	1461	30
885	1	1408	30
886	1	2087	30
887	1	1513	30
889	1	2087	30
890	1	1408	30
891	1	1461	30
892	1	1878	30
893	1	1252	30
894	1	1617	30
895	1	1408	30
896	1	1513	30
897	1	1461	30
898	1	1461	30
899	1	1408	30
900	1	1774	30
901	1	730	29
902	1	1148	30
903	1	1513	30
905	1	1982	30
906	1	730	30
908	1	1408	30
909	1	1930	30
910	1	1461	30
912	1	1513	30
913	1	1408	30
914	1	1148	30
915	1	1565	30
916	1	1513	30
917	1	2087	30
918	1	1356	30
919	1	2243	30
920	1	2139	30
922	1	1930	30
923	1	1304	30
924	1	1513	30
925	1	834	30
926	1	991	30
927	1	1565	30
929	1	1252	30
931	1	782	30
932	1	1408	30
933	1	1461	30
934	1	1356	30
935	1	1461	30
936	1	2087	30
937	1	2243	30
938	1	521	30
940	1	1356	30
941	1	1356	30
942	1	678	30
944	1	1669	30
945	1	1461	30
946	1	1565	30
947	1	1408	30
948	1	1408	30
949	1	782	30
950	1	782	29
951	1	1826	30
953	1	1408	30
954	1	1304	30
959	1	1930	30
960	1	1408	30
961	1	1043	30
962	1	2139	30
963	1	1461	30
964	1	1461	30
965	1	1304	30
966	1	730	30
967	1	1304	30
968	1	1669	30
969	1	1148	30
971	1	1513	30
972	1	678	29
974	1	939	30
975	1	2191	30
976	1	991	30
977	1	1617	30
978	1	1461	30
979	1	1461	30
980	1	2191	30
981	1	1200	30
982	1	1252	30
983	1	1356	30
984	1	574	30
985	1	1304	30
986	1	2295	30
987	1	2191	30
988	1	1722	30
989	1	1356	30
990	1	1617	30
995	1	730	30
996	1	1722	30
998	1	1304	30
999	1	1461	30
0	2	313	26
0	2	678	33
0	2	1148	13
1	2	313	26
1	2	678	33
1	2	1148	13
2	2	313	26
2	2	991	33
3	2	313	26
3	2	1722	13
4	2	313	26
4	2	887	33
4	2	1148	13
5	2	313	26
5	2	782	33
6	2	313	26
6	2	991	33
6	2	1930	13
7	2	313	26
7	2	1513	13
8	2	313	26
8	2	1148	33
8	2	1617	13
9	2	313	26
10	2	313	26
10	2	678	33
10	2	1148	13
11	2	313	26
12	2	313	26
13	2	313	26
14	2	313	26
14	2	678	33
14	2	1148	13
15	2	313	26
15	2	782	33
15	2	1148	13
16	2	313	26
16	2	834	33
16	2	1148	13
17	2	313	26
17	2	678	33
17	2	1148	13
18	2	313	26
18	2	782	33
18	2	1148	13
19	2	313	26
20	2	313	26
20	2	991	33
20	2	1513	13
21	2	313	26
21	2	678	33
21	2	1148	13
22	2	313	26
22	2	1722	13
23	2	313	26
23	2	730	33
23	2	1148	13
24	2	313	26
24	2	782	33
24	2	1148	13
25	2	313	26
26	2	313	26
26	2	1304	13
27	2	313	26
27	2	782	33
27	2	1148	13
28	2	313	26
28	2	1148	33
28	2	1461	13
29	2	313	26
30	2	313	26
31	2	313	26
31	2	939	33
32	2	313	26
32	2	1617	13
33	2	313	26
33	2	1565	13
34	2	313	26
34	2	1356	13
35	2	313	26
35	2	782	33
35	2	1148	13
36	2	313	26
36	2	834	33
36	2	1304	13
37	2	313	26
37	2	2295	13
38	2	313	26
38	2	1408	13
39	2	313	26
39	2	939	33
39	2	1513	13
40	2	313	26
40	2	678	33
40	2	1148	13
41	2	313	26
41	2	1252	13
42	2	313	26
42	2	1252	13
43	2	313	26
43	2	834	33
43	2	1200	13
44	2	313	26
45	2	313	26
45	2	1148	33
45	2	1461	13
46	2	313	26
46	2	834	33
46	2	2191	13
47	2	313	26
48	2	313	26
49	2	313	26
49	2	887	33
49	2	1200	13
50	2	313	26
51	2	313	26
52	2	313	26
53	2	313	26
53	2	782	33
53	2	1148	13
54	2	313	26
55	2	313	26
55	2	991	33
56	2	313	26
57	2	313	26
57	2	730	33
57	2	1148	13
58	2	313	26
58	2	991	33
58	2	1252	13
59	2	313	26
59	2	730	33
59	2	1148	13
60	2	313	26
61	2	313	26
61	2	991	33
62	2	313	26
62	2	834	33
62	2	1200	13
63	2	313	26
63	2	1148	33
63	2	1565	13
64	2	313	26
65	2	313	26
65	2	1408	13
66	2	313	26
67	2	313	26
67	2	1200	13
68	2	313	26
69	2	313	26
69	2	1408	13
70	2	313	26
71	2	313	26
71	2	1669	13
72	2	313	26
73	2	313	26
74	2	313	26
75	2	313	26
75	2	730	33
75	2	1200	13
76	2	313	26
77	2	313	26
78	2	313	26
79	2	313	26
79	2	1461	13
80	2	313	26
80	2	834	33
80	2	1617	13
81	2	313	26
81	2	991	33
82	2	313	26
82	2	2035	13
83	2	313	26
84	2	313	26
84	2	939	33
85	2	313	26
86	2	313	26
87	2	313	26
87	2	730	33
87	2	1148	13
88	2	313	26
88	2	1148	13
88	2	1565	33
89	2	313	26
89	2	1408	13
90	2	313	26
91	2	313	26
92	2	313	26
92	2	730	33
92	2	1148	13
93	2	313	26
94	2	313	26
95	2	313	26
96	2	313	26
96	2	1617	13
97	2	313	26
98	2	313	26
99	2	313	26
100	2	313	26
101	2	313	26
101	2	1408	13
102	2	313	26
102	2	1304	13
103	2	313	26
104	2	313	26
104	2	939	33
104	2	1356	13
105	2	313	26
106	2	313	26
106	2	1148	13
106	2	1513	33
107	2	313	26
107	2	730	33
107	2	1148	13
108	2	313	26
108	2	782	33
108	2	1461	13
109	2	313	26
110	2	313	26
110	2	782	33
110	2	1148	13
111	2	313	26
111	2	2191	13
112	2	313	26
113	2	313	26
113	2	678	33
113	2	1148	13
114	2	313	26
114	2	991	33
115	2	313	26
116	2	313	26
117	2	313	26
118	2	313	26
119	2	313	26
120	2	313	26
120	2	1722	13
121	2	313	26
122	2	313	26
122	2	730	33
122	2	1148	13
123	2	313	26
124	2	313	26
124	2	730	33
124	2	1148	13
125	2	313	26
125	2	887	33
125	2	1200	13
126	2	313	26
126	2	730	33
126	2	1148	13
127	2	313	26
127	2	730	33
127	2	1148	13
128	2	313	26
128	2	678	33
128	2	1148	13
129	2	313	26
130	2	313	26
130	2	887	33
131	2	313	26
131	2	1148	33
131	2	1617	13
132	2	313	26
132	2	678	33
132	2	1930	13
133	2	313	26
133	2	939	33
133	2	1669	13
134	2	313	26
134	2	1722	13
135	2	313	26
135	2	782	33
135	2	1148	13
136	2	313	26
136	2	678	33
136	2	1148	13
137	2	313	26
137	2	1252	13
138	2	313	26
138	2	678	33
138	2	1148	13
139	2	313	26
139	2	782	33
139	2	1148	13
140	2	313	26
141	2	313	26
141	2	782	33
141	2	1148	13
142	2	313	26
143	2	313	26
144	2	313	26
145	2	313	26
145	2	1722	13
146	2	313	26
146	2	939	33
146	2	1461	13
147	2	313	26
147	2	1095	33
147	2	1565	13
148	2	313	26
149	2	313	26
149	2	730	33
149	2	1148	13
150	2	313	26
150	2	834	33
150	2	1304	13
151	2	313	26
151	2	2295	13
152	2	313	26
152	2	1043	33
152	2	1356	13
153	2	313	26
154	2	313	26
154	2	834	33
154	2	1148	13
155	2	313	26
155	2	678	33
155	2	1148	13
156	2	313	26
156	2	730	33
156	2	1148	13
157	2	313	26
158	2	313	26
158	2	887	33
158	2	1356	13
159	2	313	26
159	2	678	33
159	2	1148	13
160	2	313	26
160	2	1148	13
160	2	1774	33
161	2	313	26
162	2	313	26
162	2	1461	13
163	2	313	26
164	2	313	26
164	2	782	33
164	2	2243	13
165	2	313	26
165	2	887	33
165	2	1200	13
166	2	313	26
167	2	313	26
168	2	313	26
169	2	313	26
169	2	730	33
170	2	313	26
170	2	730	33
170	2	1148	13
171	2	313	26
172	2	313	26
172	2	1513	13
173	2	313	26
174	2	313	26
174	2	1461	13
175	2	313	26
175	2	1043	33
175	2	1408	13
176	2	313	26
176	2	782	33
176	2	2139	13
177	2	313	26
178	2	313	26
179	2	313	26
179	2	887	33
179	2	1304	13
180	2	313	26
181	2	313	26
181	2	730	33
181	2	1148	13
182	2	313	26
183	2	313	26
183	2	782	33
183	2	1148	13
184	2	313	26
185	2	313	26
185	2	939	33
185	2	1252	13
186	2	313	26
187	2	313	26
187	2	1356	13
188	2	313	26
189	2	313	26
189	2	1200	13
189	2	1617	33
190	2	313	26
191	2	313	26
191	2	782	33
192	2	313	26
192	2	991	33
192	2	1356	13
193	2	313	26
193	2	991	33
193	2	1669	13
194	2	313	26
195	2	313	26
196	2	313	26
196	2	678	33
196	2	1148	13
197	2	313	26
198	2	313	26
198	2	1148	33
198	2	1461	13
199	2	313	26
199	2	730	33
199	2	1148	13
200	2	313	26
200	2	1722	13
201	2	313	26
202	2	313	26
202	2	1513	13
203	2	313	26
203	2	1356	13
204	2	313	26
204	2	834	33
204	2	1356	13
205	2	313	26
206	2	313	26
206	2	678	33
206	2	1148	13
207	2	313	26
207	2	782	33
207	2	1148	13
208	2	313	26
208	2	887	33
208	2	1408	13
209	2	313	26
210	2	313	26
210	2	991	33
210	2	1669	13
211	2	313	26
212	2	313	26
212	2	1565	13
213	2	313	26
214	2	313	26
215	2	313	26
216	2	313	26
217	2	313	26
217	2	1669	13
218	2	313	26
218	2	1200	13
218	2	1669	33
219	2	313	26
220	2	313	26
221	2	313	26
221	2	1304	13
222	2	313	26
223	2	313	26
224	2	313	26
224	2	1565	13
225	2	313	26
225	2	730	33
225	2	1148	13
226	2	313	26
226	2	887	33
226	2	1148	13
227	2	313	26
228	2	313	26
228	2	730	33
228	2	1148	13
229	2	313	26
229	2	1304	13
230	2	313	26
230	2	678	33
230	2	1148	13
231	2	313	26
231	2	678	33
231	2	1148	13
232	2	313	26
232	2	782	33
232	2	1148	13
233	2	313	26
234	2	313	26
235	2	313	26
236	2	313	26
237	2	313	26
238	2	313	26
239	2	313	26
240	2	313	26
240	2	782	33
240	2	1148	13
241	2	313	26
241	2	1200	13
242	2	313	26
242	2	1095	33
242	2	1408	13
243	2	313	26
243	2	678	33
243	2	1148	13
244	2	313	26
244	2	730	33
244	2	1148	13
245	2	313	26
246	2	313	26
247	2	313	26
248	2	313	26
248	2	730	33
248	2	1148	13
249	2	313	26
249	2	678	33
249	2	1148	13
250	2	313	26
250	2	730	33
250	2	1148	13
251	2	313	26
251	2	939	33
251	2	1617	13
252	2	313	26
253	2	313	26
254	2	313	26
255	2	313	26
256	2	313	26
256	2	1304	13
257	2	313	26
257	2	1774	13
258	2	313	26
258	2	678	33
258	2	1148	13
259	2	313	26
259	2	730	33
259	2	1148	13
260	2	313	26
260	2	834	33
260	2	1722	13
261	2	313	26
262	2	313	26
262	2	1304	13
263	2	313	26
264	2	313	26
264	2	887	33
264	2	2243	13
265	2	313	26
265	2	887	33
266	2	313	26
266	2	991	33
266	2	1669	13
267	2	313	26
267	2	678	33
267	2	1148	13
268	2	313	26
268	2	1408	13
269	2	313	26
269	2	834	33
269	2	1148	13
270	2	313	26
271	2	313	26
271	2	1095	33
271	2	1408	13
272	2	313	26
272	2	730	33
272	2	1148	13
273	2	313	26
274	2	313	26
275	2	313	26
276	2	313	26
277	2	313	26
278	2	313	26
279	2	313	26
280	2	313	26
280	2	2191	13
281	2	313	26
282	2	313	26
283	2	313	26
283	2	1722	13
284	2	313	26
284	2	678	33
284	2	1148	13
285	2	313	26
285	2	1617	13
286	2	313	26
286	2	782	33
286	2	1148	13
287	2	313	26
288	2	313	26
288	2	887	33
288	2	1722	13
289	2	313	26
290	2	313	26
291	2	313	26
292	2	313	26
293	2	313	26
293	2	678	33
293	2	1148	13
294	2	313	26
294	2	834	33
295	2	313	26
296	2	313	26
296	2	782	33
296	2	1148	13
297	2	313	26
298	2	313	26
298	2	1461	13
299	2	313	26
299	2	730	33
300	2	313	26
301	2	313	26
301	2	678	33
301	2	1148	13
302	2	313	26
302	2	939	33
302	2	1461	13
303	2	313	26
303	2	678	33
303	2	1148	13
304	2	313	26
304	2	730	33
304	2	1148	13
305	2	313	26
306	2	313	26
306	2	730	33
306	2	1148	13
307	2	313	26
308	2	313	26
309	2	313	26
309	2	730	33
309	2	1148	13
310	2	313	26
310	2	939	33
310	2	1200	13
311	2	313	26
312	2	313	26
313	2	313	26
314	2	313	26
315	2	313	26
315	2	1148	33
315	2	1513	13
316	2	313	26
317	2	313	26
318	2	313	26
319	2	313	26
320	2	313	26
321	2	313	26
321	2	730	33
321	2	1148	13
322	2	313	26
322	2	834	33
322	2	2243	13
323	2	313	26
324	2	313	26
325	2	313	26
326	2	313	26
326	2	678	33
326	2	1148	13
327	2	313	26
327	2	1513	13
328	2	313	26
329	2	313	26
330	2	313	26
330	2	1252	13
331	2	313	26
331	2	782	33
331	2	1148	13
332	2	313	26
332	2	1043	33
332	2	1356	13
333	2	313	26
333	2	730	33
333	2	1148	13
334	2	313	26
335	2	313	26
335	2	678	33
335	2	1148	13
336	2	313	26
336	2	887	33
336	2	1513	13
337	2	313	26
338	2	313	26
339	2	313	26
339	2	782	33
339	2	2139	13
340	2	313	26
340	2	1722	13
341	2	313	26
341	2	1669	13
342	2	313	26
342	2	782	33
342	2	1148	13
343	2	313	26
343	2	678	33
343	2	1148	13
344	2	313	26
345	2	313	26
345	2	1043	33
345	2	1356	13
346	2	313	26
346	2	939	33
346	2	1200	13
347	2	313	26
347	2	1252	13
348	2	313	26
348	2	834	33
348	2	1252	13
349	2	313	26
349	2	782	33
349	2	1148	13
350	2	313	26
351	2	313	26
351	2	1043	33
352	2	313	26
352	2	1043	33
352	2	1513	13
353	2	313	26
353	2	834	33
353	2	1408	13
354	2	313	26
354	2	678	33
354	2	1148	13
355	2	313	26
355	2	887	33
356	2	313	26
356	2	1669	13
357	2	313	26
357	2	939	33
358	2	313	26
358	2	1513	13
359	2	313	26
360	2	313	26
361	2	313	26
361	2	939	33
361	2	1722	13
362	2	313	26
363	2	313	26
364	2	313	26
364	2	782	33
365	2	313	26
366	2	313	26
366	2	1304	13
367	2	313	26
367	2	887	33
368	2	313	26
368	2	678	33
368	2	1148	13
369	2	313	26
369	2	887	33
369	2	1148	13
370	2	313	26
371	2	313	26
371	2	834	33
371	2	1565	13
372	2	313	26
372	2	1565	13
373	2	313	26
374	2	313	26
375	2	313	26
376	2	313	26
376	2	991	33
377	2	313	26
378	2	313	26
378	2	1722	13
379	2	313	26
379	2	1200	13
379	2	1722	33
380	2	313	26
381	2	313	26
381	2	2035	13
382	2	313	26
382	2	834	33
382	2	2191	13
383	2	313	26
384	2	313	26
384	2	887	33
384	2	1617	13
385	2	313	26
385	2	1669	13
386	2	313	26
386	2	939	33
387	2	313	26
387	2	887	33
387	2	1200	13
388	2	313	26
389	2	313	26
389	2	730	33
389	2	1617	13
390	2	313	26
390	2	626	33
390	2	1148	13
391	2	313	26
391	2	834	33
391	2	1252	13
392	2	313	26
393	2	313	26
393	2	678	33
393	2	1148	13
394	2	313	26
394	2	1669	13
395	2	313	26
396	2	313	26
396	2	730	33
396	2	1148	13
397	2	313	26
397	2	2139	13
398	2	313	26
399	2	313	26
399	2	730	33
399	2	1148	13
400	2	313	26
400	2	939	33
401	2	313	26
402	2	313	26
402	2	1095	33
402	2	1513	13
403	2	313	26
404	2	313	26
404	2	2243	13
405	2	313	26
406	2	313	26
406	2	887	33
406	2	1304	13
407	2	313	26
407	2	1617	13
408	2	313	26
409	2	313	26
410	2	313	26
411	2	313	26
411	2	730	33
411	2	1148	13
412	2	313	26
412	2	730	33
412	2	1148	13
413	2	313	26
413	2	730	33
413	2	1148	13
414	2	313	26
414	2	991	33
414	2	1461	13
415	2	313	26
415	2	887	33
415	2	1356	13
416	2	313	26
417	2	313	26
417	2	939	33
417	2	1878	13
418	2	313	26
418	2	991	33
418	2	1252	13
419	2	313	26
419	2	887	33
419	2	1200	13
420	2	313	26
420	2	1565	13
421	2	313	26
422	2	313	26
423	2	313	26
423	2	1461	13
424	2	313	26
424	2	782	33
424	2	1148	13
425	2	313	26
425	2	1043	33
426	2	313	26
426	2	1513	13
427	2	313	26
428	2	313	26
428	2	782	33
429	2	313	26
429	2	1043	33
429	2	1461	13
430	2	313	26
430	2	834	33
430	2	1513	13
431	2	313	26
431	2	678	33
431	2	1148	13
432	2	313	26
432	2	887	33
432	2	1148	13
433	2	313	26
433	2	1148	13
433	2	2295	33
434	2	313	26
434	2	782	33
434	2	1148	13
435	2	313	26
435	2	730	33
435	2	1148	13
436	2	313	26
436	2	730	33
436	2	1148	13
437	2	313	26
437	2	782	33
437	2	1930	13
438	2	313	26
438	2	1200	13
438	2	1669	33
439	2	313	26
440	2	313	26
440	2	1722	13
441	2	313	26
442	2	313	26
442	2	1304	13
443	2	313	26
444	2	313	26
445	2	313	26
445	2	730	33
445	2	1148	13
446	2	313	26
447	2	313	26
448	2	313	26
449	2	313	26
450	2	313	26
451	2	313	26
451	2	1252	13
451	2	1565	33
452	2	313	26
452	2	887	33
453	2	313	26
453	2	678	33
453	2	1148	13
454	2	313	26
455	2	313	26
455	2	1617	13
456	2	313	26
457	2	313	26
457	2	1513	13
458	2	313	26
459	2	313	26
460	2	313	26
460	2	782	33
460	2	1982	13
461	2	313	26
461	2	730	33
461	2	1148	13
462	2	313	26
462	2	991	33
463	2	313	26
463	2	939	33
463	2	1200	13
464	2	313	26
464	2	1461	13
465	2	313	26
465	2	782	33
465	2	1878	13
466	2	313	26
466	2	730	33
466	2	1148	13
467	2	313	26
467	2	782	33
467	2	1148	13
468	2	313	26
468	2	730	33
468	2	1148	13
469	2	313	26
469	2	678	33
469	2	1148	13
470	2	313	26
471	2	313	26
472	2	313	26
472	2	782	33
472	2	1461	13
473	2	313	26
473	2	1356	13
474	2	313	26
474	2	782	33
474	2	1148	13
475	2	313	26
476	2	313	26
477	2	313	26
478	2	313	26
479	2	313	26
480	2	313	26
481	2	313	26
481	2	887	33
481	2	1148	13
482	2	313	26
482	2	1461	13
483	2	313	26
484	2	313	26
485	2	313	26
486	2	313	26
487	2	313	26
487	2	730	33
487	2	1148	13
488	2	313	26
489	2	313	26
489	2	678	33
489	2	1148	13
490	2	313	26
490	2	1252	13
491	2	313	26
491	2	1461	13
492	2	313	26
492	2	1565	13
493	2	313	26
494	2	313	26
494	2	887	33
495	2	313	26
495	2	1304	13
496	2	313	26
496	2	1148	33
496	2	1461	13
497	2	313	26
497	2	782	33
498	2	313	26
498	2	1043	33
499	2	313	26
499	2	939	33
500	2	313	26
500	2	678	33
500	2	1148	13
501	2	313	26
502	2	313	26
502	2	1461	13
503	2	313	26
503	2	678	33
503	2	1148	13
504	2	313	26
505	2	313	26
506	2	313	26
507	2	313	26
508	2	313	26
508	2	782	33
508	2	1148	13
509	2	313	26
510	2	313	26
511	2	313	26
512	2	313	26
512	2	1356	13
513	2	313	26
513	2	1461	13
514	2	313	26
514	2	887	33
514	2	1669	13
515	2	313	26
515	2	730	33
515	2	1148	13
516	2	313	26
517	2	313	26
518	2	313	26
518	2	1513	13
519	2	313	26
519	2	887	33
519	2	1148	13
520	2	313	26
520	2	1043	33
521	2	313	26
521	2	730	33
521	2	1148	13
522	2	313	26
522	2	1148	13
522	2	1617	33
523	2	313	26
523	2	782	33
523	2	1148	13
524	2	313	26
525	2	313	26
525	2	939	33
525	2	1252	13
526	2	313	26
527	2	313	26
527	2	678	33
527	2	1148	13
528	2	313	26
528	2	678	33
528	2	1148	13
529	2	313	26
529	2	730	33
529	2	1148	13
530	2	313	26
531	2	313	26
531	2	1461	13
532	2	313	26
532	2	1669	13
533	2	313	26
534	2	313	26
534	2	678	33
534	2	1148	13
535	2	313	26
536	2	313	26
537	2	313	26
537	2	1095	33
537	2	1513	13
538	2	313	26
538	2	730	33
538	2	1148	13
539	2	313	26
539	2	678	33
539	2	1148	13
540	2	313	26
541	2	313	26
541	2	834	33
541	2	2087	13
542	2	313	26
542	2	1722	13
543	2	313	26
543	2	1669	13
544	2	313	26
544	2	991	33
544	2	1304	13
545	2	313	26
546	2	313	26
547	2	313	26
547	2	1095	33
547	2	1669	13
548	2	313	26
549	2	313	26
550	2	313	26
550	2	730	33
550	2	1148	13
551	2	313	26
551	2	782	33
551	2	1148	13
552	2	313	26
553	2	313	26
553	2	1513	13
554	2	313	26
554	2	678	33
554	2	1148	13
555	2	313	26
555	2	730	33
555	2	1148	13
556	2	313	26
556	2	1304	13
557	2	313	26
558	2	313	26
558	2	782	33
558	2	2139	13
559	2	313	26
559	2	1513	13
560	2	313	26
561	2	313	26
562	2	313	26
562	2	1461	13
563	2	313	26
563	2	1148	13
563	2	1513	33
564	2	313	26
565	2	313	26
565	2	782	33
565	2	1148	13
566	2	313	26
566	2	834	33
566	2	1669	13
567	2	313	26
567	2	1774	13
568	2	313	26
568	2	730	33
568	2	1148	13
569	2	313	26
569	2	1461	13
570	2	313	26
571	2	313	26
571	2	782	33
571	2	1148	13
572	2	313	26
573	2	313	26
574	2	313	26
575	2	313	26
575	2	678	33
575	2	1148	13
576	2	313	26
577	2	313	26
577	2	730	33
577	2	1148	13
578	2	313	26
579	2	313	26
580	2	313	26
581	2	313	26
581	2	1565	13
582	2	313	26
582	2	1669	13
583	2	313	26
583	2	730	33
583	2	1148	13
584	2	313	26
584	2	782	33
584	2	2139	13
585	2	313	26
585	2	678	33
585	2	1148	13
586	2	313	26
586	2	1200	13
587	2	313	26
587	2	678	33
587	2	1148	13
588	2	313	26
588	2	939	33
588	2	1565	13
589	2	313	26
589	2	939	33
589	2	1356	13
590	2	313	26
590	2	834	33
590	2	1148	13
591	2	313	26
592	2	313	26
593	2	313	26
594	2	313	26
594	2	1930	13
595	2	313	26
595	2	782	33
595	2	1148	13
596	2	313	26
596	2	1304	13
596	2	1774	33
597	2	313	26
598	2	313	26
598	2	678	33
598	2	1148	13
599	2	313	26
599	2	678	33
599	2	1148	13
600	2	313	26
601	2	313	26
601	2	887	33
602	2	313	26
603	2	313	26
604	2	313	26
604	2	1513	13
605	2	313	26
606	2	313	26
606	2	1252	13
607	2	313	26
607	2	782	33
607	2	1148	13
608	2	313	26
608	2	887	33
608	2	1304	13
609	2	313	26
610	2	313	26
611	2	313	26
611	2	1669	13
612	2	313	26
612	2	1669	13
613	2	313	26
614	2	313	26
614	2	1722	13
615	2	313	26
615	2	1722	13
616	2	313	26
616	2	1617	13
617	2	313	26
618	2	313	26
619	2	313	26
620	2	313	26
620	2	834	33
621	2	313	26
621	2	1408	13
622	2	313	26
622	2	678	33
623	2	313	26
624	2	313	26
624	2	834	33
625	2	313	26
625	2	1617	13
626	2	313	26
626	2	887	33
626	2	1356	13
627	2	313	26
627	2	939	33
627	2	1461	13
628	2	313	26
628	2	1304	13
628	2	2295	33
629	2	313	26
630	2	313	26
630	2	1669	13
631	2	313	26
631	2	1148	33
631	2	1565	13
632	2	313	26
632	2	678	33
632	2	1148	13
633	2	313	26
634	2	313	26
634	2	1722	13
635	2	313	26
636	2	313	26
637	2	313	26
638	2	313	26
639	2	313	26
639	2	834	33
639	2	1148	13
640	2	313	26
641	2	313	26
642	2	313	26
643	2	313	26
644	2	313	26
644	2	887	33
645	2	313	26
645	2	1304	13
646	2	313	26
646	2	782	33
646	2	1148	13
647	2	313	26
648	2	313	26
648	2	1408	13
649	2	313	26
649	2	887	33
649	2	1356	13
650	2	313	26
651	2	313	26
651	2	991	33
652	2	313	26
652	2	1148	33
653	2	313	26
653	2	1095	33
653	2	1617	13
654	2	313	26
655	2	313	26
655	2	1408	13
656	2	313	26
656	2	1200	13
657	2	313	26
657	2	887	33
658	2	313	26
658	2	939	33
658	2	1252	13
659	2	313	26
659	2	1669	13
660	2	313	26
661	2	313	26
661	2	834	33
661	2	1148	13
662	2	313	26
662	2	1252	13
663	2	313	26
664	2	313	26
664	2	834	33
664	2	1148	13
665	2	313	26
665	2	730	33
665	2	1148	13
666	2	313	26
666	2	730	33
666	2	1148	13
667	2	313	26
667	2	834	33
668	2	313	26
668	2	1774	13
669	2	313	26
669	2	1513	13
670	2	313	26
670	2	1565	13
671	2	313	26
672	2	313	26
673	2	313	26
673	2	1722	13
674	2	313	26
674	2	1356	13
675	2	313	26
675	2	1461	13
676	2	313	26
676	2	782	33
676	2	1148	13
677	2	313	26
677	2	1304	13
678	2	313	26
678	2	887	33
678	2	1722	13
679	2	313	26
680	2	313	26
680	2	1461	13
681	2	313	26
682	2	313	26
682	2	939	33
683	2	313	26
684	2	313	26
684	2	1461	13
685	2	313	26
686	2	313	26
686	2	887	33
687	2	313	26
688	2	313	26
689	2	313	26
690	2	313	26
691	2	313	26
691	2	834	33
691	2	1148	13
692	2	313	26
692	2	1043	33
692	2	1356	13
693	2	313	26
693	2	1148	33
693	2	1408	13
694	2	313	26
694	2	991	33
694	2	1513	13
695	2	313	26
695	2	678	33
695	2	1148	13
696	2	313	26
697	2	313	26
697	2	834	33
697	2	1304	13
698	2	313	26
699	2	313	26
699	2	1356	13
700	2	313	26
701	2	313	26
701	2	1356	13
702	2	313	26
703	2	313	26
703	2	834	33
703	2	1148	13
704	2	313	26
705	2	313	26
705	2	1982	13
706	2	313	26
706	2	730	33
706	2	1148	13
707	2	313	26
707	2	939	33
708	2	313	26
708	2	1617	13
709	2	313	26
709	2	939	33
709	2	1304	13
710	2	313	26
710	2	887	33
710	2	1200	13
711	2	313	26
711	2	1669	13
712	2	313	26
712	2	1565	13
713	2	313	26
714	2	313	26
714	2	730	33
714	2	1148	13
715	2	313	26
715	2	1565	13
716	2	313	26
716	2	678	33
716	2	1148	13
717	2	313	26
717	2	1408	13
718	2	313	26
718	2	834	33
718	2	1148	13
719	2	313	26
720	2	313	26
721	2	313	26
721	2	1252	13
722	2	313	26
722	2	678	33
722	2	1148	13
723	2	313	26
724	2	313	26
725	2	313	26
725	2	939	33
725	2	1356	13
726	2	313	26
726	2	1148	33
726	2	1461	13
727	2	313	26
728	2	313	26
729	2	313	26
729	2	887	33
730	2	313	26
730	2	1356	13
731	2	313	26
731	2	678	33
731	2	1148	13
732	2	313	26
732	2	939	33
733	2	313	26
733	2	887	33
733	2	1252	13
734	2	313	26
734	2	730	33
734	2	1148	13
735	2	313	26
736	2	313	26
737	2	313	26
737	2	887	33
737	2	1252	13
738	2	313	26
738	2	939	33
738	2	1252	13
739	2	313	26
739	2	1669	13
740	2	313	26
741	2	313	26
741	2	1095	33
742	2	313	26
742	2	678	33
742	2	1148	13
743	2	313	26
743	2	730	33
743	2	1148	13
744	2	313	26
744	2	1669	13
745	2	313	26
746	2	313	26
747	2	313	26
747	2	1669	13
748	2	313	26
749	2	313	26
750	2	313	26
750	2	991	33
751	2	313	26
752	2	313	26
752	2	1356	13
753	2	313	26
753	2	782	33
753	2	1148	13
754	2	313	26
754	2	782	33
754	2	1148	13
755	2	313	26
755	2	730	33
755	2	1148	13
756	2	313	26
756	2	834	33
756	2	1148	13
757	2	313	26
758	2	313	26
758	2	626	33
758	2	1148	13
759	2	313	26
760	2	313	26
761	2	313	26
761	2	1722	13
762	2	313	26
762	2	991	33
762	2	1617	13
763	2	313	26
763	2	2295	13
764	2	313	26
765	2	313	26
765	2	782	33
765	2	1148	13
766	2	313	26
766	2	887	33
767	2	313	26
768	2	313	26
769	2	313	26
770	2	313	26
771	2	313	26
771	2	1722	13
772	2	313	26
773	2	313	26
774	2	313	26
774	2	730	33
774	2	1148	13
775	2	313	26
776	2	313	26
776	2	678	33
776	2	1148	13
777	2	313	26
778	2	313	26
778	2	939	33
779	2	313	26
780	2	313	26
781	2	313	26
781	2	1043	33
781	2	1408	13
782	2	313	26
782	2	2139	13
783	2	313	26
784	2	313	26
784	2	782	33
784	2	1148	13
785	2	313	26
785	2	991	33
786	2	313	26
787	2	313	26
788	2	313	26
788	2	887	33
788	2	1513	13
789	2	313	26
789	2	1565	13
790	2	313	26
790	2	1722	13
791	2	313	26
792	2	313	26
792	2	939	33
793	2	313	26
793	2	730	33
793	2	1148	13
794	2	313	26
794	2	730	33
794	2	1982	13
795	2	313	26
796	2	313	26
797	2	313	26
797	2	782	33
797	2	2295	13
798	2	313	26
799	2	313	26
800	2	313	26
801	2	313	26
802	2	313	26
802	2	991	33
802	2	1565	13
803	2	313	26
803	2	1043	33
803	2	1461	13
804	2	313	26
804	2	1513	13
805	2	313	26
806	2	313	26
807	2	313	26
807	2	678	33
807	2	1148	13
808	2	313	26
809	2	313	26
810	2	313	26
810	2	678	33
810	2	1148	13
811	2	313	26
811	2	678	33
811	2	1148	13
812	2	313	26
812	2	834	33
812	2	1148	13
813	2	313	26
813	2	1461	13
814	2	313	26
815	2	313	26
815	2	730	33
816	2	313	26
816	2	1722	13
817	2	313	26
818	2	313	26
818	2	1252	13
819	2	313	26
820	2	313	26
821	2	313	26
822	2	313	26
822	2	730	33
822	2	1148	13
823	2	313	26
823	2	678	33
823	2	1148	13
824	2	313	26
824	2	1513	13
825	2	313	26
825	2	1461	13
826	2	313	26
826	2	1513	13
827	2	313	26
828	2	313	26
829	2	313	26
830	2	313	26
831	2	313	26
831	2	939	33
831	2	1252	13
832	2	313	26
832	2	782	33
832	2	1148	13
833	2	313	26
834	2	313	26
834	2	834	33
834	2	1148	13
835	2	313	26
835	2	1669	13
836	2	313	26
837	2	313	26
838	2	313	26
838	2	730	33
838	2	1148	13
839	2	313	26
840	2	313	26
840	2	678	33
840	2	1148	13
841	2	313	26
841	2	939	33
842	2	313	26
842	2	1356	13
843	2	313	26
843	2	730	33
843	2	1148	13
844	2	313	26
845	2	313	26
846	2	313	26
847	2	313	26
847	2	2295	13
848	2	313	26
848	2	678	33
848	2	1148	13
849	2	313	26
850	2	313	26
850	2	887	33
850	2	1148	13
851	2	313	26
852	2	313	26
853	2	313	26
854	2	313	26
854	2	1513	13
855	2	313	26
855	2	939	33
856	2	313	26
857	2	313	26
858	2	313	26
858	2	1252	13
859	2	313	26
860	2	313	26
861	2	313	26
861	2	834	33
862	2	313	26
863	2	313	26
863	2	834	33
863	2	1148	13
864	2	313	26
864	2	730	33
864	2	1148	13
865	2	313	26
865	2	834	33
865	2	1513	13
866	2	313	26
866	2	730	33
866	2	1148	13
867	2	313	26
868	2	313	26
868	2	887	33
868	2	1722	13
869	2	313	26
869	2	1356	13
870	2	313	26
870	2	1722	13
871	2	313	26
871	2	1722	13
872	2	313	26
873	2	313	26
873	2	730	33
873	2	1148	13
874	2	313	26
875	2	313	26
875	2	939	33
875	2	1461	13
876	2	313	26
876	2	782	33
877	2	313	26
877	2	678	33
877	2	1148	13
878	2	313	26
879	2	313	26
879	2	1878	13
880	2	313	26
880	2	678	33
880	2	1148	13
881	2	313	26
882	2	313	26
883	2	313	26
884	2	313	26
884	2	834	33
885	2	313	26
885	2	730	33
885	2	1148	13
886	2	313	26
887	2	313	26
887	2	1304	13
888	2	313	26
889	2	313	26
890	2	313	26
891	2	313	26
891	2	834	33
891	2	1774	13
892	2	313	26
893	2	313	26
893	2	939	33
894	2	313	26
894	2	991	33
895	2	313	26
895	2	1722	13
896	2	313	26
896	2	887	33
897	2	313	26
897	2	834	33
897	2	1252	13
898	2	313	26
898	2	887	33
898	2	1200	13
899	2	313	26
899	2	782	33
899	2	1148	13
900	2	313	26
900	2	1722	13
901	2	313	26
901	2	678	33
901	2	1148	13
902	2	313	26
902	2	1304	13
903	2	313	26
903	2	834	33
903	2	1148	13
904	2	313	26
905	2	313	26
906	2	313	26
906	2	782	33
907	2	313	26
908	2	313	26
908	2	782	33
908	2	1148	13
909	2	313	26
910	2	313	26
911	2	313	26
912	2	313	26
912	2	887	33
913	2	313	26
914	2	313	26
914	2	1304	13
915	2	313	26
916	2	313	26
916	2	887	33
916	2	1148	13
917	2	313	26
917	2	2243	13
918	2	313	26
919	2	313	26
920	2	313	26
921	2	313	26
922	2	313	26
922	2	1930	13
923	2	313	26
924	2	313	26
924	2	887	33
924	2	1148	13
925	2	313	26
925	2	834	33
926	2	313	26
926	2	939	33
926	2	1408	13
927	2	313	26
927	2	1408	13
928	2	313	26
929	2	313	26
929	2	887	33
929	2	1408	13
930	2	313	26
931	2	313	26
931	2	730	33
931	2	1148	13
932	2	313	26
932	2	2191	13
933	2	313	26
934	2	313	26
934	2	1722	13
935	2	313	26
935	2	834	33
935	2	1513	13
936	2	313	26
937	2	313	26
938	2	313	26
938	2	1669	13
939	2	313	26
940	2	313	26
940	2	1095	33
940	2	1461	13
941	2	313	26
941	2	730	33
941	2	1148	13
942	2	313	26
942	2	730	33
942	2	1148	13
943	2	313	26
944	2	313	26
944	2	1513	13
945	2	313	26
946	2	313	26
946	2	1461	13
947	2	313	26
947	2	782	33
947	2	1148	13
948	2	313	26
948	2	782	33
948	2	1148	13
949	2	313	26
949	2	678	33
949	2	1148	13
950	2	313	26
950	2	678	33
950	2	1148	13
951	2	313	26
952	2	313	26
953	2	313	26
953	2	782	33
953	2	1148	13
954	2	313	26
954	2	678	33
954	2	1148	13
955	2	313	26
956	2	313	26
957	2	313	26
958	2	313	26
959	2	313	26
960	2	313	26
960	2	1148	13
961	2	313	26
961	2	991	33
961	2	1722	13
962	2	313	26
963	2	313	26
963	2	834	33
964	2	313	26
964	2	782	33
964	2	1148	13
965	2	313	26
965	2	1565	13
966	2	313	26
966	2	782	33
966	2	1461	13
967	2	313	26
968	2	313	26
968	2	1565	13
969	2	313	26
969	2	1252	13
970	2	313	26
971	2	313	26
971	2	834	33
971	2	1304	13
972	2	313	26
972	2	678	33
972	2	1148	13
973	2	313	26
974	2	313	26
974	2	991	33
975	2	313	26
976	2	313	26
976	2	1095	33
976	2	1356	13
977	2	313	26
978	2	313	26
978	2	782	33
978	2	1148	13
979	2	313	26
980	2	313	26
981	2	313	26
981	2	1304	13
982	2	313	26
982	2	939	33
983	2	313	26
983	2	730	33
983	2	1148	13
984	2	313	26
984	2	1513	13
985	2	313	26
985	2	1617	13
986	2	313	26
987	2	313	26
988	2	313	26
988	2	991	33
989	2	313	26
989	2	730	33
989	2	2087	13
990	2	313	26
991	2	313	26
992	2	313	26
993	2	313	26
994	2	313	26
995	2	313	26
995	2	730	33
995	2	1148	13
996	2	313	26
997	2	313	26
998	2	313	26
998	2	991	33
998	2	1252	13
999	2	313	26
0	3	730	30
0	3	1043	20
1	3	730	29
1	3	1043	20
3	3	1304	30
3	3	1774	9
4	3	1148	9
4	3	1513	30
4	3	2035	12
5	3	782	30
6	3	1252	30
6	3	2191	9
7	3	1461	9
7	3	1565	30
8	3	1200	9
8	3	1356	30
8	3	1669	20
9	3	1408	30
10	3	678	30
10	3	991	20
14	3	626	30
14	3	939	20
15	3	1408	30
16	3	1461	30
17	3	730	30
17	3	1043	20
18	3	1408	30
18	3	2035	9
19	3	2087	30
20	3	991	30
20	3	1617	9
20	3	2139	20
21	3	730	30
21	3	1043	20
22	3	1461	30
23	3	1043	20
23	3	1356	30
24	3	730	30
24	3	1043	20
25	3	2087	30
26	3	1461	30
27	3	782	30
27	3	1565	9
28	3	1304	9
28	3	1408	30
28	3	1722	20
29	3	1513	30
30	3	1513	30
31	3	1513	30
32	3	1513	30
32	3	1774	9
33	3	1722	30
34	3	1148	30
34	3	1722	9
35	3	1148	9
35	3	1408	30
35	3	2139	20
36	3	1148	9
36	3	1461	30
37	3	2139	30
38	3	1200	30
39	3	939	30
40	3	730	30
40	3	1043	20
40	3	1565	9
40	3	2087	12
41	3	1461	30
41	3	2191	20
42	3	1461	30
42	3	1722	9
43	3	1200	9
43	3	1461	30
44	3	1565	30
45	3	1356	9
45	3	1408	30
46	3	1461	30
47	3	1722	30
49	3	834	30
49	3	1148	9
49	3	1617	20
51	3	1513	30
52	3	2243	30
53	3	1356	9
53	3	1461	30
53	3	1774	20
53	3	2295	12
55	3	2139	30
56	3	1461	30
57	3	782	30
57	3	1095	20
57	3	1513	9
58	3	991	30
58	3	1356	9
58	3	1774	20
59	3	991	20
59	3	1356	30
61	3	939	30
62	3	1200	9
62	3	1513	30
62	3	1826	20
63	3	1095	30
63	3	1408	9
64	3	2035	30
65	3	1565	30
66	3	1408	30
67	3	1304	9
67	3	1408	30
69	3	1148	30
71	3	1461	30
72	3	1826	30
73	3	1513	30
74	3	1982	30
75	3	991	20
75	3	1408	30
76	3	1722	30
77	3	1356	30
79	3	1617	30
80	3	834	30
81	3	1982	30
82	3	2035	30
83	3	1252	30
84	3	1252	30
84	3	2295	9
86	3	1774	30
87	3	939	20
87	3	1356	30
87	3	1617	9
87	3	2243	12
88	3	1408	30
88	3	1669	9
89	3	1513	30
90	3	1617	30
92	3	939	20
92	3	1356	30
93	3	1356	30
94	3	1461	30
95	3	2139	30
96	3	1356	30
96	3	2191	9
97	3	2139	30
98	3	1617	30
99	3	1722	30
100	3	2191	30
101	3	1200	30
102	3	1043	30
102	3	2087	9
103	3	1826	30
104	3	1252	30
104	3	1565	9
106	3	1095	30
106	3	1356	9
106	3	1774	20
107	3	678	30
107	3	991	20
108	3	1461	30
109	3	1304	30
110	3	1043	20
110	3	1408	30
111	3	1826	30
112	3	1930	30
113	3	939	20
113	3	1356	30
114	3	2087	30
116	3	1722	30
117	3	1774	30
118	3	1356	30
119	3	1826	30
119	3	2295	9
120	3	1722	30
122	3	782	29
122	3	1095	20
122	3	2087	9
124	3	730	29
124	3	1043	20
125	3	1356	9
125	3	1513	30
126	3	939	20
126	3	1356	30
127	3	1043	20
127	3	1408	30
128	3	678	30
128	3	991	20
128	3	1722	9
129	3	1878	30
130	3	1252	30
131	3	1043	30
131	3	1461	9
131	3	1774	20
132	3	939	20
132	3	1356	30
133	3	1304	30
134	3	1774	30
134	3	2243	9
135	3	991	20
135	3	1461	30
136	3	730	30
136	3	1043	20
136	3	1304	9
136	3	1565	12
137	3	1461	30
137	3	1774	9
138	3	678	30
138	3	991	20
138	3	1617	9
138	3	2295	12
139	3	1043	20
139	3	1408	30
139	3	1722	12
140	3	1461	30
141	3	1043	20
141	3	1408	30
141	3	1669	9
142	3	1722	30
143	3	1408	30
144	3	2035	30
145	3	1408	30
146	3	1252	30
146	3	1513	9
147	3	1356	30
147	3	1722	9
148	3	1408	30
149	3	782	30
149	3	1095	20
150	3	1513	30
150	3	1774	9
151	3	1617	30
152	3	1252	9
152	3	1304	30
152	3	1982	20
153	3	1982	30
154	3	1148	20
154	3	1461	30
155	3	730	30
155	3	1043	20
155	3	2087	9
156	3	730	30
156	3	1095	20
156	3	2191	9
158	3	939	30
158	3	1408	9
158	3	1774	20
159	3	678	29
159	3	991	20
159	3	1930	9
159	3	2295	12
160	3	1408	9
160	3	1461	30
162	3	1565	30
163	3	1252	30
164	3	1408	30
164	3	2295	9
165	3	1252	30
165	3	1513	9
165	3	1826	20
166	3	2139	30
167	3	1878	30
169	3	939	20
169	3	1356	30
170	3	730	30
170	3	1043	20
170	3	1461	9
171	3	2243	30
172	3	1252	30
172	3	1722	9
173	3	1356	30
174	3	1513	30
174	3	2035	9
175	3	1356	30
175	3	1617	9
175	3	2087	20
176	3	1408	30
177	3	1669	30
178	3	2139	30
179	3	1200	9
179	3	1252	30
179	3	2191	20
181	3	730	30
181	3	1043	20
183	3	1408	30
183	3	1722	9
185	3	887	30
185	3	1252	9
185	3	1617	20
187	3	1461	30
188	3	1982	30
189	3	1408	9
189	3	1461	30
189	3	2035	20
190	3	1826	30
191	3	782	29
192	3	1200	9
192	3	1304	30
193	3	1408	30
193	3	1878	9
193	3	2191	20
196	3	678	30
196	3	991	20
196	3	1356	9
196	3	1617	12
198	3	1095	30
198	3	1565	9
199	3	939	20
199	3	1356	30
199	3	2035	9
200	3	1304	30
201	3	2087	30
202	3	1252	30
203	3	1513	30
204	3	1200	9
204	3	1461	30
205	3	1617	30
206	3	678	30
206	3	991	20
206	3	1252	9
206	3	1513	12
207	3	1408	30
207	3	1722	9
207	3	2191	20
208	3	1356	9
208	3	1513	30
210	3	1252	30
210	3	1513	9
212	3	1669	30
213	3	1565	30
215	3	1356	30
217	3	1304	30
218	3	1408	9
218	3	1461	30
221	3	1461	30
221	3	1722	9
222	3	2035	30
224	3	1669	30
224	3	2191	9
225	3	939	20
225	3	1356	30
225	3	1669	9
226	3	887	30
226	3	1200	9
226	3	1565	20
227	3	1826	30
228	3	1043	20
228	3	1408	30
228	3	1669	9
229	3	1408	9
229	3	1461	30
230	3	782	30
231	3	887	20
231	3	1304	30
232	3	1043	20
232	3	1408	30
233	3	1461	30
235	3	1930	30
236	3	2243	30
239	3	1774	30
240	3	782	30
240	3	1356	9
240	3	1878	20
241	3	1408	30
241	3	1722	9
242	3	1356	30
242	3	1617	9
243	3	678	30
243	3	991	20
243	3	1565	9
244	3	730	30
244	3	1043	20
245	3	1461	30
247	3	1356	30
248	3	782	30
248	3	1095	20
249	3	678	30
249	3	991	20
250	3	678	30
250	3	991	20
250	3	1565	9
250	3	2295	12
251	3	887	30
251	3	2035	9
253	3	2087	30
255	3	1878	30
256	3	1148	30
256	3	1565	9
257	3	1722	30
258	3	887	20
258	3	1304	30
259	3	730	30
259	3	2087	9
260	3	1461	30
260	3	2035	9
262	3	1200	30
262	3	1565	9
264	3	1513	30
265	3	834	30
266	3	1356	30
266	3	2139	9
267	3	939	20
267	3	1356	30
268	3	1200	30
269	3	1148	9
269	3	1461	30
270	3	1878	30
271	3	1356	30
271	3	2035	20
272	3	1043	20
272	3	1408	30
272	3	1722	12
274	3	1878	30
275	3	1461	30
277	3	1982	30
278	3	2191	30
279	3	1982	30
280	3	2087	30
282	3	1461	30
283	3	1304	30
284	3	730	29
284	3	1043	20
284	3	1408	9
285	3	1304	30
285	3	1565	9
286	3	991	20
286	3	1408	30
286	3	1774	9
286	3	2087	12
287	3	1304	30
288	3	1513	30
290	3	2243	30
292	3	1878	30
293	3	678	30
293	3	991	20
293	3	1513	9
294	3	1408	30
295	3	574	30
295	3	2295	9
296	3	1148	9
296	3	1461	30
298	3	1200	30
298	3	1722	9
299	3	782	30
300	3	1930	30
301	3	730	30
301	3	1043	20
302	3	1252	30
302	3	1826	9
303	3	678	30
303	3	991	20
303	3	1408	9
303	3	2139	12
304	3	782	30
306	3	887	20
306	3	1356	30
307	3	1982	30
308	3	2035	30
309	3	678	30
309	3	991	20
309	3	1461	9
309	3	2191	12
310	3	1148	9
310	3	1252	30
310	3	1565	20
310	3	2295	12
312	3	1669	30
314	3	1356	30
315	3	1408	30
315	3	1669	9
315	3	2243	20
317	3	1408	30
318	3	1408	30
319	3	2243	30
320	3	1408	30
321	3	939	20
321	3	1356	30
322	3	1461	30
322	3	2191	9
323	3	1774	30
324	3	1669	30
325	3	1356	30
326	3	782	30
326	3	1095	20
327	3	1304	30
327	3	2191	9
328	3	1826	30
330	3	1148	30
330	3	1408	9
331	3	939	20
331	3	1408	30
332	3	1356	30
333	3	939	20
333	3	1356	30
333	3	2243	9
334	3	1930	30
335	3	678	29
335	3	991	20
336	3	1461	9
336	3	1513	30
337	3	2087	30
339	3	1408	30
340	3	1356	30
341	3	1669	30
341	3	2035	9
342	3	991	20
342	3	1356	30
343	3	678	29
343	3	991	20
344	3	1878	30
345	3	1356	30
345	3	1617	9
346	3	1148	9
346	3	1252	30
346	3	1617	20
347	3	1461	30
347	3	1722	9
348	3	1252	9
348	3	1461	30
349	3	1043	20
349	3	1408	30
349	3	1722	12
352	3	1356	30
352	3	1669	9
353	3	1408	30
354	3	834	20
354	3	1304	30
354	3	1565	9
355	3	1513	30
356	3	1669	30
357	3	1252	30
358	3	1304	30
358	3	2139	9
360	3	2191	30
361	3	1252	30
361	3	1513	9
362	3	1304	30
364	3	991	20
364	3	1408	30
366	3	1148	30
367	3	1513	30
368	3	782	30
368	3	1095	20
368	3	1356	9
368	3	2035	12
369	3	1148	9
369	3	1513	30
371	3	1461	30
372	3	1617	30
374	3	1513	30
375	3	1617	30
376	3	1043	30
377	3	1878	30
378	3	1722	30
379	3	1408	9
379	3	1461	30
380	3	1878	30
381	3	2035	30
382	3	834	30
383	3	1356	30
384	3	1252	30
384	3	1722	9
385	3	1826	30
387	3	1148	20
387	3	1461	9
387	3	1513	30
388	3	2243	30
389	3	782	30
390	3	678	30
390	3	991	20
391	3	1461	30
391	3	1722	9
391	3	2191	20
392	3	2191	30
393	3	626	30
393	3	939	20
394	3	1722	30
396	3	887	20
396	3	1304	9
396	3	1356	30
396	3	1669	12
397	3	1408	30
397	3	2295	9
399	3	730	30
399	3	1043	20
400	3	1252	30
402	3	1043	30
402	3	1461	9
403	3	2243	30
404	3	1826	30
405	3	1565	30
406	3	1304	9
406	3	1513	30
407	3	1669	30
409	3	2295	30
410	3	2139	30
411	3	991	20
411	3	1356	30
411	3	1617	9
412	3	939	20
412	3	1304	9
412	3	1356	30
412	3	1617	12
413	3	730	30
413	3	1043	20
413	3	1304	9
413	3	1565	12
414	3	1043	30
414	3	1565	9
414	3	2087	20
415	3	834	30
415	3	1148	9
416	3	1356	30
417	3	1252	30
417	3	1878	9
418	3	939	30
418	3	1200	9
418	3	1513	20
419	3	834	30
419	3	1148	20
420	3	1617	30
421	3	2087	30
423	3	1252	30
423	3	1565	9
424	3	991	20
424	3	1356	9
424	3	1461	30
424	3	1826	12
425	3	1774	30
426	3	1252	30
426	3	1878	9
427	3	2139	30
428	3	1408	30
429	3	1043	30
429	3	1408	9
430	3	1461	30
431	3	678	30
431	3	991	20
432	3	1304	9
432	3	1513	30
432	3	1826	20
433	3	1461	30
433	3	2087	9
434	3	782	30
434	3	1148	9
434	3	1513	20
434	3	1982	12
435	3	939	20
435	3	1356	30
436	3	730	30
436	3	1043	20
436	3	1722	9
437	3	1408	30
437	3	2035	9
438	3	1043	30
438	3	1304	9
438	3	1826	20
439	3	1878	30
440	3	1669	30
441	3	1565	30
442	3	1565	30
442	3	2191	9
445	3	939	20
445	3	1408	30
445	3	2295	9
446	3	1878	30
447	3	1513	30
450	3	2295	30
451	3	1095	30
451	3	1565	9
451	3	1982	20
452	3	1513	30
453	3	730	30
453	3	1043	20
453	3	1461	9
454	3	2139	30
455	3	1513	30
455	3	2087	9
456	3	1408	30
457	3	1200	30
458	3	1513	30
459	3	2087	30
460	3	782	30
460	3	2295	9
461	3	730	30
461	3	1043	20
462	3	1356	30
463	3	1148	9
463	3	1252	30
463	3	1669	20
464	3	1200	30
464	3	1722	9
465	3	1408	30
466	3	782	30
466	3	1095	20
467	3	991	20
467	3	1408	30
468	3	730	30
468	3	1095	20
469	3	678	30
469	3	991	20
469	3	2087	9
470	3	2243	30
471	3	2087	30
472	3	1461	30
473	3	1200	30
473	3	1982	9
474	3	1095	20
474	3	1408	30
475	3	2139	30
477	3	521	30
478	3	2035	30
480	3	2243	30
481	3	1148	20
481	3	1252	30
481	3	1513	9
482	3	1408	30
483	3	1617	30
484	3	2243	30
485	3	1565	30
486	3	1408	30
487	3	939	20
487	3	1356	30
488	3	1408	30
489	3	887	20
489	3	1304	30
489	3	1722	9
490	3	1408	9
490	3	1461	30
490	3	1774	20
491	3	1565	30
491	3	2191	9
492	3	1565	30
492	3	2191	20
494	3	1461	30
495	3	1148	30
495	3	1565	9
496	3	1356	9
496	3	1408	30
496	3	1722	20
497	3	626	30
498	3	1461	30
499	3	2191	30
500	3	939	20
500	3	1304	9
500	3	1356	30
500	3	1617	12
501	3	2087	30
502	3	1565	30
503	3	730	30
503	3	1043	20
503	3	1304	9
503	3	1722	12
504	3	1513	30
505	3	1356	30
506	3	1513	30
507	3	2295	30
508	3	991	20
508	3	1356	30
508	3	1930	9
510	3	2191	30
512	3	1200	30
512	3	1565	9
513	3	1304	30
514	3	1513	30
515	3	678	30
515	3	991	20
515	3	2087	9
516	3	1408	30
517	3	1408	30
518	3	1304	30
519	3	1408	9
519	3	1513	30
520	3	2087	30
521	3	991	20
521	3	1408	30
522	3	1408	30
522	3	1669	9
523	3	1408	30
523	3	1826	9
524	3	2139	30
525	3	1200	9
525	3	1304	30
525	3	1617	20
526	3	2191	30
527	3	887	20
527	3	1356	30
528	3	730	29
528	3	1043	20
529	3	939	20
529	3	1356	30
529	3	1722	12
530	3	1826	30
530	3	2295	9
531	3	1252	30
531	3	1669	9
532	3	1669	30
534	3	678	29
534	3	991	20
534	3	1565	9
536	3	1304	30
537	3	1356	30
537	3	1878	9
538	3	782	30
538	3	1095	20
539	3	678	30
539	3	991	20
541	3	1461	30
541	3	2087	9
542	3	1408	30
543	3	1252	30
543	3	1774	9
544	3	1148	9
544	3	1304	30
544	3	1617	20
544	3	2295	12
546	3	1408	30
547	3	1252	9
547	3	1304	30
547	3	1617	20
549	3	1408	30
550	3	991	20
550	3	1356	30
550	3	1617	9
550	3	2295	12
551	3	991	20
551	3	1408	30
551	3	1722	12
552	3	1408	30
553	3	1565	30
554	3	887	20
554	3	1304	30
555	3	939	20
555	3	1304	9
555	3	1356	30
555	3	1617	12
556	3	1408	9
556	3	1461	30
557	3	1304	30
558	3	1408	30
559	3	1617	30
559	3	2191	9
560	3	1408	30
561	3	1826	30
562	3	1304	30
563	3	1408	30
564	3	1774	30
565	3	1043	20
565	3	1461	30
565	3	1722	9
565	3	2139	12
566	3	1461	30
567	3	1408	30
568	3	730	30
568	3	1043	20
568	3	1565	9
569	3	1565	30
570	3	1565	30
571	3	730	30
571	3	1043	20
572	3	1461	30
575	3	887	20
575	3	1304	30
575	3	1565	9
576	3	1304	30
577	3	887	20
577	3	1356	30
578	3	1513	30
581	3	1304	30
581	3	1722	9
582	3	1252	30
583	3	782	29
583	3	1095	20
583	3	1356	9
584	3	1408	30
585	3	834	20
585	3	1200	9
585	3	1304	30
585	3	1565	12
586	3	1304	9
586	3	1408	30
587	3	887	20
587	3	1304	30
587	3	1565	9
588	3	1252	30
589	3	834	30
589	3	1408	9
590	3	1408	9
590	3	1461	30
591	3	1982	30
593	3	2243	30
594	3	1826	30
595	3	1043	20
595	3	1408	30
595	3	1669	9
596	3	1095	30
596	3	1565	9
597	3	1617	30
598	3	678	30
598	3	991	20
599	3	730	30
599	3	1043	20
600	3	1408	30
601	3	1252	30
604	3	1565	30
604	3	1878	9
605	3	1252	30
606	3	1095	30
606	3	1513	9
607	3	1148	20
607	3	1408	30
608	3	1513	30
608	3	1774	9
611	3	1356	30
612	3	1669	30
614	3	1408	30
615	3	1722	30
616	3	1356	30
617	3	2191	30
619	3	1826	30
620	3	782	30
621	3	1200	30
621	3	1565	9
622	3	887	20
622	3	1304	30
623	3	1774	30
624	3	1513	30
625	3	1304	30
626	3	1356	9
626	3	1513	30
627	3	1304	30
627	3	1878	9
628	3	1095	30
628	3	1722	9
629	3	1878	30
630	3	1669	30
630	3	2295	9
631	3	1408	30
631	3	1669	9
631	3	2035	20
632	3	678	30
632	3	991	20
633	3	1513	30
634	3	1304	30
635	3	1669	30
637	3	574	30
638	3	2087	30
639	3	834	30
639	3	1356	9
639	3	1722	20
642	3	1774	30
644	3	1252	30
645	3	1461	30
645	3	1722	9
646	3	730	30
646	3	1095	20
646	3	1722	9
648	3	1252	30
649	3	1513	30
649	3	1774	9
650	3	2191	30
651	3	2243	30
652	3	1356	30
652	3	1722	9
653	3	1043	30
653	3	1617	9
654	3	1826	30
655	3	1565	30
655	3	2087	9
656	3	1408	30
657	3	1513	30
658	3	1148	20
658	3	1252	30
658	3	2087	9
659	3	1722	30
661	3	1356	9
661	3	1461	30
662	3	1148	30
662	3	1461	9
663	3	1826	30
664	3	1148	20
664	3	1513	30
664	3	1774	9
664	3	2295	12
665	3	1148	9
665	3	1408	30
666	3	939	20
666	3	1356	30
667	3	730	30
668	3	1356	30
668	3	2191	9
669	3	1617	30
669	3	1982	9
670	3	1669	30
670	3	2035	9
672	3	1461	30
673	3	1722	30
674	3	1461	30
675	3	1252	30
675	3	1722	9
676	3	939	20
676	3	1408	30
676	3	2295	9
677	3	1148	30
677	3	1513	9
678	3	887	30
678	3	1774	9
679	3	1356	30
680	3	1252	30
680	3	1774	9
682	3	1461	30
682	3	2295	9
683	3	1304	30
684	3	1200	30
684	3	1722	9
685	3	2191	30
686	3	1513	30
688	3	1304	30
689	3	1513	30
691	3	834	30
691	3	1304	9
691	3	1617	20
691	3	2243	12
692	3	1148	9
692	3	1304	30
692	3	1617	20
693	3	1043	30
693	3	1461	9
693	3	2191	20
694	3	1252	30
695	3	678	30
695	3	991	20
696	3	1669	30
697	3	1148	9
697	3	1461	30
697	3	2139	20
698	3	1826	30
699	3	1513	30
700	3	2139	30
701	3	1200	30
701	3	1722	9
703	3	1095	20
703	3	1461	30
704	3	1826	30
705	3	1774	30
705	3	2087	9
706	3	782	30
706	3	2035	9
707	3	1252	30
708	3	1252	30
709	3	1200	9
709	3	1252	30
709	3	2087	20
710	3	1148	20
710	3	1513	30
710	3	1774	9
711	3	1669	30
711	3	2087	9
712	3	1200	30
714	3	730	29
714	3	1043	20
715	3	1669	30
716	3	730	29
716	3	1043	20
717	3	1252	30
717	3	1669	9
717	3	2191	20
718	3	991	20
718	3	1461	30
718	3	1722	9
720	3	1356	30
721	3	1461	30
721	3	1774	9
722	3	678	30
722	3	991	20
722	3	1461	9
723	3	1826	30
724	3	1982	30
725	3	887	30
725	3	1617	9
726	3	1095	30
726	3	1356	9
728	3	1774	30
729	3	887	30
730	3	1200	30
731	3	887	20
731	3	1304	30
732	3	1461	30
733	3	834	30
733	3	1408	9
734	3	991	20
734	3	1356	30
734	3	2295	9
735	3	2139	30
736	3	1826	30
737	3	1513	30
737	3	2139	20
738	3	1200	9
738	3	1252	30
738	3	1722	20
738	3	2243	12
739	3	1304	30
741	3	1043	30
742	3	887	20
742	3	1356	30
742	3	1774	9
742	3	2243	12
743	3	939	20
743	3	1356	30
744	3	1304	30
744	3	2139	9
746	3	1878	30
747	3	1722	30
748	3	2087	30
749	3	1408	30
750	3	2191	30
751	3	1252	30
752	3	1513	30
753	3	730	30
753	3	1043	20
753	3	1722	9
753	3	2087	12
754	3	1408	30
754	3	1669	9
755	3	782	30
755	3	1095	20
756	3	834	30
756	3	1148	20
756	3	1461	9
757	3	1982	30
758	3	730	29
758	3	1043	20
760	3	2295	30
761	3	1722	30
762	3	1356	30
763	3	1304	30
763	3	2191	9
765	3	1408	30
765	3	2035	9
766	3	1513	30
767	3	1304	30
768	3	1461	30
770	3	2087	30
771	3	1461	30
772	3	2243	30
773	3	1722	30
774	3	730	30
774	3	1043	20
776	3	730	30
776	3	1043	20
776	3	1826	9
776	3	2243	12
778	3	1252	30
779	3	1408	30
780	3	1930	30
781	3	1304	30
781	3	1565	9
781	3	2243	20
782	3	2035	30
783	3	1408	30
784	3	1043	20
784	3	1408	30
785	3	1878	30
787	3	1774	30
788	3	1513	30
789	3	1408	30
789	3	1774	9
790	3	1722	30
791	3	2243	30
792	3	887	30
793	3	939	20
793	3	1304	30
794	3	730	30
794	3	1043	20
795	3	2295	30
796	3	1826	30
797	3	991	20
797	3	1408	30
798	3	1669	30
798	3	2295	9
799	3	2295	30
800	3	1356	30
801	3	1774	30
802	3	1356	30
802	3	1722	9
803	3	1200	9
803	3	1356	30
803	3	1722	20
804	3	1617	30
804	3	2035	9
806	3	2191	30
807	3	730	30
807	3	1043	20
807	3	1356	9
807	3	1722	12
808	3	2139	30
809	3	2035	30
810	3	730	30
810	3	1043	20
811	3	730	30
811	3	1043	20
812	3	1095	20
812	3	1461	30
812	3	1878	9
813	3	1617	30
815	3	939	20
815	3	1408	30
816	3	1304	30
818	3	1461	30
818	3	1774	9
819	3	1930	30
820	3	2243	30
821	3	1461	30
822	3	678	30
822	3	991	20
823	3	782	29
823	3	1095	20
823	3	1774	9
823	3	2243	12
824	3	1252	30
824	3	2087	9
825	3	1565	30
826	3	1565	30
827	3	2139	30
828	3	1408	30
829	3	2191	30
830	3	1252	30
831	3	1148	9
831	3	1252	30
831	3	1565	20
831	3	1878	12
832	3	834	30
832	3	1148	9
832	3	1513	20
832	3	2191	12
833	3	1513	30
834	3	834	30
834	3	1252	9
834	3	1565	20
834	3	2295	12
835	3	1461	30
836	3	2191	30
837	3	2087	30
838	3	991	20
838	3	1408	30
838	3	2295	9
839	3	1461	30
840	3	678	30
840	3	991	20
840	3	1252	9
840	3	1565	12
841	3	782	30
842	3	1252	30
842	3	1878	9
843	3	730	30
843	3	1043	20
843	3	1408	9
843	3	1930	12
844	3	2191	30
845	3	1513	30
846	3	1461	30
847	3	1774	30
847	3	2295	9
848	3	626	30
848	3	939	20
848	3	1565	9
850	3	1095	20
850	3	1461	30
853	3	1356	30
854	3	1304	30
854	3	1565	9
855	3	1252	30
856	3	1982	30
857	3	2035	30
858	3	1461	30
860	3	1565	30
861	3	834	30
862	3	1513	30
863	3	1148	9
863	3	1461	30
864	3	730	30
864	3	1043	20
864	3	1669	9
864	3	2139	12
865	3	1461	30
866	3	730	30
866	3	1043	20
867	3	1826	30
868	3	1513	30
869	3	574	30
869	3	1722	9
870	3	1461	30
871	3	1252	30
873	3	887	20
873	3	1356	30
873	3	1722	9
875	3	1252	30
876	3	1408	30
877	3	782	30
877	3	1095	20
877	3	1408	9
877	3	1722	12
878	3	1461	30
878	3	2295	9
879	3	1513	30
880	3	782	29
880	3	1095	20
882	3	1461	30
883	3	1513	30
884	3	1461	30
885	3	1043	20
885	3	1408	30
886	3	2087	30
887	3	1513	30
889	3	2087	30
890	3	1408	30
891	3	1461	30
892	3	1878	30
893	3	1252	30
894	3	1617	30
895	3	1408	30
896	3	1513	30
897	3	1200	9
897	3	1461	30
898	3	1252	9
898	3	1461	30
898	3	1774	20
899	3	1043	20
899	3	1408	30
900	3	1774	30
901	3	730	29
901	3	1043	20
902	3	1148	30
902	3	1461	9
903	3	1461	9
903	3	1513	30
903	3	1930	20
905	3	1982	30
906	3	730	30
908	3	1148	9
908	3	1408	30
909	3	1930	30
910	3	1461	30
912	3	1513	30
913	3	1408	30
914	3	1148	30
914	3	1513	9
915	3	1565	30
916	3	1200	9
916	3	1513	30
917	3	2087	30
918	3	1356	30
919	3	2243	30
920	3	2139	30
922	3	1930	30
922	3	2295	9
923	3	1304	30
924	3	1200	9
924	3	1513	30
925	3	834	30
926	3	991	30
926	3	1461	9
926	3	2087	20
927	3	1565	30
929	3	1252	30
929	3	1669	9
931	3	782	30
931	3	1095	20
931	3	1461	9
931	3	1722	12
932	3	1408	30
932	3	2087	9
933	3	1461	30
934	3	1356	30
935	3	1461	30
936	3	2087	30
937	3	2243	30
938	3	521	30
938	3	2035	9
940	3	1304	9
940	3	1356	30
940	3	2035	20
941	3	939	20
941	3	1356	30
941	3	1774	9
942	3	678	30
942	3	991	20
942	3	1722	9
944	3	1669	30
945	3	1461	30
946	3	1565	30
947	3	1043	20
947	3	1408	30
947	3	1669	9
948	3	991	20
948	3	1408	30
949	3	782	30
949	3	1095	20
949	3	1356	9
949	3	1722	12
950	3	782	29
950	3	1095	20
951	3	1826	30
953	3	1043	20
953	3	1408	30
954	3	887	20
954	3	1304	30
959	3	1930	30
960	3	1408	30
960	3	1669	9
961	3	1043	30
961	3	1722	9
962	3	2139	30
963	3	1461	30
964	3	1095	20
964	3	1461	30
964	3	1774	9
965	3	1304	30
966	3	730	30
966	3	1930	9
967	3	1304	30
968	3	1669	30
969	3	1148	30
969	3	1461	9
971	3	1408	9
971	3	1513	30
972	3	678	29
972	3	991	20
972	3	1408	9
972	3	1669	12
974	3	939	30
975	3	2191	30
976	3	991	30
976	3	1408	9
976	3	2035	20
977	3	1617	30
978	3	1148	20
978	3	1461	30
978	3	2295	9
979	3	1461	30
980	3	2191	30
981	3	1200	30
981	3	1513	9
982	3	1252	30
983	3	939	20
983	3	1356	30
984	3	574	30
985	3	1304	30
985	3	1774	9
986	3	2295	30
987	3	2191	30
988	3	1722	30
989	3	991	20
989	3	1356	30
990	3	1617	30
995	3	730	30
995	3	1043	20
996	3	1722	30
998	3	1148	9
998	3	1304	30
998	3	1617	20
998	3	2087	12
999	3	1461	30
0	4	730	30
0	4	782	27
1	4	730	29
3	4	1043	28
3	4	1304	30
4	4	939	27
4	4	1252	28
4	4	1513	30
5	4	782	30
5	4	834	27
6	4	991	28
6	4	1252	30
7	4	1304	28
7	4	1565	30
8	4	1095	28
8	4	1356	30
9	4	834	27
9	4	1148	28
9	4	1408	30
10	4	678	30
10	4	730	27
13	4	2087	28
14	4	626	30
14	4	939	27
15	4	834	27
15	4	1148	28
15	4	1408	30
16	4	887	27
16	4	1200	28
16	4	1461	30
17	4	730	30
18	4	834	27
18	4	1148	28
18	4	1408	30
19	4	2087	30
20	4	991	30
20	4	2295	28
21	4	730	30
22	4	1461	30
22	4	1513	28
23	4	782	27
23	4	1095	28
23	4	1356	30
24	4	730	30
24	4	1095	28
25	4	2087	30
26	4	1200	28
26	4	1461	30
27	4	782	30
27	4	834	27
28	4	1148	28
28	4	1408	30
29	4	1513	30
29	4	2035	28
30	4	1513	30
30	4	1565	28
31	4	939	27
31	4	1252	28
31	4	1513	30
32	4	939	27
32	4	1252	28
32	4	1513	30
33	4	1461	28
33	4	1722	30
34	4	1148	30
34	4	1200	28
35	4	834	27
35	4	1148	28
35	4	1408	30
36	4	887	27
36	4	1200	28
36	4	1461	30
37	4	1878	28
37	4	2139	30
38	4	1200	30
39	4	939	30
39	4	991	28
40	4	730	30
40	4	1930	28
41	4	1200	28
41	4	1461	30
42	4	1200	28
42	4	1461	30
43	4	887	27
43	4	1200	28
43	4	1461	30
44	4	1304	28
44	4	1565	30
45	4	1148	28
45	4	1408	30
46	4	887	27
46	4	1200	28
46	4	1461	30
47	4	1461	28
47	4	1722	30
49	4	834	30
49	4	1252	28
51	4	939	27
51	4	1252	28
51	4	1513	30
52	4	2243	30
53	4	887	27
53	4	1200	28
53	4	1461	30
55	4	1878	28
55	4	2139	30
56	4	887	27
56	4	1200	28
56	4	1461	30
57	4	782	30
57	4	834	27
58	4	991	30
58	4	1043	28
59	4	782	27
59	4	1095	28
59	4	1356	30
61	4	939	30
61	4	991	28
62	4	939	27
62	4	1252	28
62	4	1513	30
63	4	1095	30
63	4	1148	28
64	4	1774	28
64	4	2035	30
65	4	1304	28
65	4	1565	30
66	4	1148	28
66	4	1408	30
67	4	1148	28
67	4	1408	30
69	4	1148	30
69	4	1513	28
71	4	887	27
71	4	1200	28
71	4	1461	30
72	4	1565	28
72	4	1826	30
73	4	1252	28
73	4	1513	30
74	4	1982	30
74	4	2035	28
75	4	834	27
75	4	1148	28
75	4	1408	30
76	4	1722	30
76	4	1774	28
77	4	1095	28
77	4	1356	30
79	4	1356	28
79	4	1617	30
80	4	834	30
80	4	887	27
81	4	1722	28
81	4	1982	30
82	4	1774	28
82	4	2035	30
83	4	678	27
83	4	991	28
83	4	1252	30
84	4	991	28
84	4	1252	30
86	4	1774	30
86	4	1826	28
87	4	782	27
87	4	1095	28
87	4	1356	30
88	4	1148	28
88	4	1408	30
89	4	1252	28
89	4	1513	30
90	4	1617	30
92	4	782	27
92	4	1095	28
92	4	1356	30
93	4	1095	28
93	4	1356	30
94	4	1200	28
94	4	1461	30
95	4	1878	28
95	4	2139	30
96	4	1356	30
96	4	1408	28
97	4	2139	30
97	4	2191	28
98	4	1356	28
98	4	1617	30
99	4	1722	30
99	4	1774	28
100	4	2191	30
100	4	2243	28
101	4	1200	30
102	4	1043	30
102	4	1617	28
103	4	1565	28
103	4	1826	30
104	4	991	28
104	4	1252	30
106	4	1095	30
106	4	1148	28
107	4	678	30
107	4	991	28
108	4	887	27
108	4	1200	28
108	4	1461	30
109	4	1043	28
109	4	1304	30
110	4	834	27
110	4	1148	28
110	4	1408	30
111	4	1826	30
111	4	1878	28
112	4	1669	28
112	4	1930	30
113	4	782	27
113	4	1095	28
113	4	1356	30
114	4	1826	28
114	4	2087	30
116	4	1722	30
116	4	2087	28
117	4	1774	30
117	4	1826	28
118	4	1356	30
118	4	1722	28
119	4	1565	28
119	4	1826	30
120	4	1461	28
120	4	1722	30
122	4	782	29
122	4	2191	28
124	4	730	29
124	4	1043	28
125	4	939	27
125	4	1252	28
125	4	1513	30
126	4	782	27
126	4	1095	28
126	4	1356	30
127	4	834	27
127	4	1148	28
127	4	1408	30
128	4	678	30
128	4	991	28
129	4	1617	28
129	4	1878	30
130	4	991	28
130	4	1252	30
131	4	1043	30
131	4	1095	28
132	4	782	27
132	4	1095	28
132	4	1356	30
133	4	1043	28
133	4	1304	30
134	4	1513	28
134	4	1774	30
135	4	887	27
135	4	1200	28
135	4	1461	30
136	4	730	30
136	4	1617	28
137	4	1200	28
137	4	1461	30
138	4	678	30
138	4	991	28
139	4	834	27
139	4	1148	28
139	4	1408	30
140	4	1200	28
140	4	1461	30
141	4	834	27
141	4	1148	28
141	4	1408	30
142	4	1722	30
142	4	2087	28
143	4	1148	28
143	4	1408	30
144	4	1774	28
144	4	2035	30
145	4	1408	30
145	4	1461	28
146	4	991	28
146	4	1252	30
147	4	1095	28
147	4	1356	30
148	4	1148	28
148	4	1408	30
149	4	782	30
149	4	834	27
150	4	939	27
150	4	1252	28
150	4	1513	30
151	4	1617	30
151	4	1982	28
152	4	1043	28
152	4	1304	30
153	4	1722	28
153	4	1982	30
154	4	887	27
154	4	1200	28
154	4	1461	30
155	4	730	30
155	4	2139	28
156	4	730	30
156	4	1043	28
158	4	939	30
158	4	991	28
159	4	678	29
159	4	991	28
160	4	1200	28
160	4	1461	30
161	4	2295	28
162	4	1304	28
162	4	1565	30
163	4	678	27
163	4	991	28
163	4	1252	30
164	4	834	27
164	4	1148	28
164	4	1408	30
165	4	991	28
165	4	1252	30
166	4	2139	30
166	4	2191	28
167	4	1878	30
167	4	1930	28
168	4	2139	28
169	4	782	27
169	4	1095	28
169	4	1356	30
170	4	730	30
170	4	782	27
171	4	1982	28
171	4	2243	30
172	4	1252	30
172	4	1304	28
173	4	1095	28
173	4	1356	30
174	4	1252	28
174	4	1513	30
175	4	1095	28
175	4	1356	30
176	4	834	27
176	4	1148	28
176	4	1408	30
177	4	1408	28
177	4	1669	30
178	4	1878	28
178	4	2139	30
179	4	991	28
179	4	1252	30
181	4	730	30
181	4	1043	28
183	4	834	27
183	4	1148	28
183	4	1408	30
185	4	887	30
185	4	939	27
187	4	1200	28
187	4	1461	30
188	4	1982	30
188	4	2035	28
189	4	1200	28
189	4	1461	30
190	4	1565	28
190	4	1826	30
191	4	782	29
192	4	1043	28
192	4	1304	30
193	4	1148	28
193	4	1408	30
196	4	678	30
196	4	991	28
197	4	2191	28
198	4	1095	30
198	4	1148	28
199	4	782	27
199	4	1095	28
199	4	1356	30
200	4	1043	28
200	4	1304	30
201	4	2087	30
202	4	1252	30
202	4	1565	28
203	4	1252	28
203	4	1513	30
204	4	887	27
204	4	1200	28
204	4	1461	30
205	4	1617	30
205	4	1669	28
206	4	678	30
206	4	730	27
206	4	1722	28
207	4	834	27
207	4	1148	28
207	4	1408	30
208	4	939	27
208	4	1252	28
208	4	1513	30
210	4	991	28
210	4	1252	30
212	4	1408	28
212	4	1669	30
213	4	1304	28
213	4	1565	30
215	4	1356	30
215	4	1722	28
217	4	1304	30
217	4	1617	28
218	4	1200	28
218	4	1461	30
220	4	2295	28
221	4	1200	28
221	4	1461	30
222	4	2035	30
223	4	2295	28
224	4	1408	28
224	4	1669	30
225	4	782	27
225	4	1095	28
225	4	1356	30
226	4	887	30
226	4	939	27
227	4	1826	30
227	4	1878	28
228	4	834	27
228	4	1148	28
228	4	1408	30
229	4	1200	28
229	4	1461	30
230	4	782	30
230	4	834	27
231	4	730	27
231	4	1043	28
231	4	1304	30
232	4	834	27
232	4	1148	28
232	4	1408	30
233	4	1461	30
233	4	1826	28
235	4	1930	30
235	4	1982	28
236	4	1982	28
236	4	2243	30
239	4	1774	30
239	4	1826	28
240	4	782	30
240	4	834	27
240	4	2243	28
241	4	1148	28
241	4	1408	30
242	4	1095	28
242	4	1356	30
243	4	678	30
243	4	991	28
244	4	730	30
244	4	782	27
245	4	1461	30
245	4	1930	28
247	4	1095	28
247	4	1356	30
248	4	782	30
248	4	834	27
249	4	678	30
249	4	991	28
250	4	678	30
250	4	991	28
251	4	887	30
251	4	1565	28
253	4	1826	28
253	4	2087	30
255	4	1617	28
255	4	1878	30
256	4	1148	30
256	4	1565	28
257	4	1461	28
257	4	1722	30
258	4	730	27
258	4	1043	28
258	4	1304	30
259	4	730	30
259	4	1043	28
260	4	887	27
260	4	1200	28
260	4	1461	30
262	4	1200	30
262	4	1252	28
264	4	939	27
264	4	1252	28
264	4	1513	30
265	4	834	30
265	4	2191	28
266	4	1095	28
266	4	1356	30
267	4	782	27
267	4	1095	28
267	4	1356	30
268	4	1200	30
268	4	1513	28
269	4	887	27
269	4	1200	28
269	4	1461	30
270	4	1878	30
270	4	1930	28
271	4	1095	28
271	4	1356	30
272	4	834	27
272	4	1148	28
272	4	1408	30
274	4	1617	28
274	4	1878	30
275	4	1200	28
275	4	1461	30
277	4	1982	30
277	4	2035	28
278	4	2191	30
278	4	2243	28
279	4	1722	28
279	4	1982	30
280	4	1826	28
280	4	2087	30
282	4	1200	28
282	4	1461	30
283	4	1043	28
283	4	1304	30
284	4	730	29
284	4	1722	28
285	4	1304	30
285	4	1617	28
286	4	834	27
286	4	1148	28
286	4	1408	30
287	4	1043	28
287	4	1304	30
288	4	939	27
288	4	1252	28
288	4	1513	30
290	4	1982	28
290	4	2243	30
291	4	2191	28
292	4	1878	30
292	4	2191	28
293	4	678	30
293	4	991	28
294	4	834	27
294	4	1148	28
294	4	1408	30
295	4	574	30
295	4	1408	28
296	4	887	27
296	4	1200	28
296	4	1461	30
298	4	1200	30
298	4	1617	28
299	4	782	30
299	4	834	27
300	4	1930	30
300	4	1982	28
301	4	730	30
301	4	782	27
302	4	991	28
302	4	1252	30
303	4	678	30
303	4	991	28
304	4	782	30
304	4	834	27
306	4	782	27
306	4	1095	28
306	4	1356	30
307	4	1982	30
307	4	2035	28
308	4	1774	28
308	4	2035	30
309	4	678	30
309	4	730	27
309	4	1982	28
310	4	991	28
310	4	1252	30
312	4	1669	30
312	4	1722	28
314	4	1095	28
314	4	1356	30
315	4	1148	28
315	4	1408	30
317	4	1148	28
317	4	1408	30
318	4	1148	28
318	4	1408	30
319	4	2243	30
320	4	1148	28
320	4	1408	30
321	4	782	27
321	4	1095	28
321	4	1356	30
322	4	887	27
322	4	1200	28
322	4	1461	30
323	4	1513	28
323	4	1774	30
324	4	1669	30
324	4	1722	28
325	4	1095	28
325	4	1356	30
326	4	782	30
326	4	834	27
327	4	1304	30
327	4	1356	28
328	4	1826	30
328	4	2191	28
329	4	2191	28
330	4	1148	30
330	4	1200	28
331	4	834	27
331	4	1148	28
331	4	1408	30
332	4	1095	28
332	4	1356	30
333	4	782	27
333	4	1095	28
333	4	1356	30
334	4	1669	28
334	4	1930	30
335	4	678	29
335	4	991	28
336	4	939	27
336	4	1252	28
336	4	1513	30
337	4	1826	28
337	4	2087	30
338	4	2191	28
339	4	834	27
339	4	1148	28
339	4	1408	30
340	4	1356	30
340	4	1408	28
341	4	1408	28
341	4	1669	30
342	4	782	27
342	4	1095	28
342	4	1356	30
343	4	678	29
343	4	991	28
344	4	1617	28
344	4	1878	30
345	4	1095	28
345	4	1356	30
346	4	991	28
346	4	1252	30
347	4	1200	28
347	4	1461	30
348	4	887	27
348	4	1200	28
348	4	1461	30
349	4	834	27
349	4	1148	28
349	4	1408	30
352	4	1095	28
352	4	1356	30
353	4	834	27
353	4	1148	28
353	4	1408	30
354	4	730	27
354	4	1043	28
354	4	1304	30
355	4	939	27
355	4	1252	28
355	4	1513	30
356	4	1408	28
356	4	1669	30
357	4	991	28
357	4	1252	30
358	4	1304	30
358	4	1356	28
359	4	2191	28
360	4	1930	28
360	4	2191	30
361	4	991	28
361	4	1252	30
362	4	730	27
362	4	1043	28
362	4	1304	30
364	4	834	27
364	4	1148	28
364	4	1408	30
366	4	1148	30
366	4	1513	28
367	4	939	27
367	4	1252	28
367	4	1513	30
368	4	782	30
368	4	834	27
368	4	2087	28
369	4	939	27
369	4	1252	28
369	4	1513	30
371	4	887	27
371	4	1200	28
371	4	1461	30
372	4	1356	28
372	4	1617	30
374	4	1252	28
374	4	1513	30
375	4	1617	30
375	4	1669	28
376	4	1043	30
377	4	1617	28
377	4	1878	30
378	4	1461	28
378	4	1722	30
379	4	1200	28
379	4	1461	30
380	4	1878	30
381	4	1774	28
381	4	2035	30
382	4	834	30
382	4	887	27
383	4	1095	28
383	4	1356	30
384	4	991	28
384	4	1252	30
385	4	1565	28
385	4	1826	30
387	4	939	27
387	4	1252	28
387	4	1513	30
388	4	2243	30
389	4	782	30
389	4	834	27
390	4	678	30
391	4	887	27
391	4	1200	28
391	4	1461	30
392	4	1930	28
392	4	2191	30
393	4	626	30
393	4	939	27
394	4	1461	28
394	4	1722	30
396	4	782	27
396	4	1095	28
396	4	1356	30
397	4	1408	30
397	4	1461	28
399	4	730	30
399	4	782	27
400	4	991	28
400	4	1252	30
402	4	1043	30
402	4	1095	28
403	4	2243	30
403	4	2295	28
404	4	1565	28
404	4	1826	30
405	4	1565	30
405	4	2087	28
406	4	939	27
406	4	1252	28
406	4	1513	30
407	4	1408	28
407	4	1669	30
409	4	2295	30
410	4	1878	28
410	4	2139	30
411	4	782	27
411	4	1095	28
411	4	1356	30
412	4	782	27
412	4	1095	28
412	4	1356	30
413	4	730	30
413	4	1043	28
414	4	1043	30
414	4	1095	28
415	4	834	30
415	4	1304	28
416	4	1095	28
416	4	1356	30
417	4	991	28
417	4	1252	30
418	4	939	30
418	4	1252	28
419	4	834	30
419	4	1200	28
420	4	1356	28
420	4	1617	30
421	4	1826	28
421	4	2087	30
422	4	2087	28
423	4	1252	30
423	4	1304	28
424	4	887	27
424	4	1200	28
424	4	1461	30
425	4	1513	28
425	4	1774	30
426	4	1252	30
426	4	1304	28
427	4	1878	28
427	4	2139	30
428	4	834	27
428	4	1148	28
428	4	1408	30
429	4	1043	30
429	4	1095	28
430	4	887	27
430	4	1200	28
430	4	1461	30
431	4	678	30
431	4	730	27
432	4	939	27
432	4	1252	28
432	4	1513	30
433	4	1200	28
433	4	1461	30
434	4	782	30
434	4	1095	28
435	4	782	27
435	4	1095	28
435	4	1356	30
436	4	730	30
436	4	782	27
437	4	834	27
437	4	1148	28
437	4	1408	30
438	4	1043	30
438	4	1356	28
439	4	1878	30
439	4	1930	28
440	4	1408	28
440	4	1669	30
441	4	1304	28
441	4	1565	30
442	4	1304	28
442	4	1565	30
445	4	834	27
445	4	1148	28
445	4	1408	30
446	4	1878	30
446	4	1930	28
447	4	1252	28
447	4	1513	30
450	4	2035	28
450	4	2295	30
451	4	1095	30
451	4	1408	28
452	4	939	27
452	4	1252	28
452	4	1513	30
453	4	730	30
453	4	1722	28
454	4	2139	30
455	4	939	27
455	4	1252	28
455	4	1513	30
456	4	1148	28
456	4	1408	30
457	4	1200	30
457	4	1722	28
458	4	939	27
458	4	1252	28
458	4	1513	30
459	4	2087	30
460	4	782	30
460	4	834	27
461	4	730	30
462	4	1095	28
462	4	1356	30
463	4	991	28
463	4	1252	30
464	4	1200	30
464	4	1617	28
465	4	834	27
465	4	1148	28
465	4	1408	30
466	4	782	30
466	4	834	27
467	4	834	27
467	4	1148	28
467	4	1408	30
468	4	730	30
468	4	782	27
469	4	678	30
469	4	991	28
470	4	2243	30
470	4	2295	28
471	4	1826	28
471	4	2087	30
472	4	887	27
472	4	1200	28
472	4	1461	30
473	4	1200	30
473	4	1252	28
474	4	834	27
474	4	1148	28
474	4	1408	30
475	4	1878	28
475	4	2139	30
477	4	521	30
478	4	1774	28
478	4	2035	30
480	4	1982	28
480	4	2243	30
481	4	991	28
481	4	1252	30
482	4	1408	30
482	4	2035	28
483	4	1356	28
483	4	1617	30
484	4	2243	30
485	4	1565	30
485	4	2139	28
486	4	1148	28
486	4	1408	30
487	4	782	27
487	4	1095	28
487	4	1356	30
488	4	1148	28
488	4	1408	30
489	4	730	27
489	4	1043	28
489	4	1304	30
490	4	1200	28
490	4	1461	30
491	4	1304	28
491	4	1565	30
492	4	1304	28
492	4	1565	30
494	4	887	27
494	4	1200	28
494	4	1461	30
495	4	1148	30
495	4	1200	28
496	4	1148	28
496	4	1408	30
497	4	626	30
498	4	1200	28
498	4	1461	30
499	4	1930	28
499	4	2191	30
500	4	782	27
500	4	1095	28
500	4	1356	30
501	4	1826	28
501	4	2087	30
502	4	1304	28
502	4	1565	30
503	4	730	30
503	4	1669	28
504	4	1252	28
504	4	1513	30
505	4	1095	28
505	4	1356	30
506	4	1513	30
506	4	1565	28
507	4	2295	30
508	4	782	27
508	4	1095	28
508	4	1356	30
510	4	2191	30
512	4	1200	30
512	4	1252	28
513	4	1304	30
513	4	1356	28
514	4	939	27
514	4	1252	28
514	4	1513	30
515	4	678	30
515	4	730	27
516	4	1148	28
516	4	1408	30
517	4	1148	28
517	4	1408	30
518	4	1304	30
518	4	1356	28
519	4	939	27
519	4	1252	28
519	4	1513	30
520	4	1826	28
520	4	2087	30
521	4	834	27
521	4	1148	28
521	4	1408	30
522	4	1148	28
522	4	1408	30
523	4	834	27
523	4	1148	28
523	4	1408	30
524	4	1878	28
524	4	2139	30
525	4	1043	28
525	4	1304	30
526	4	2191	30
527	4	782	27
527	4	1095	28
527	4	1356	30
528	4	730	29
529	4	782	27
529	4	1095	28
529	4	1356	30
530	4	1565	28
530	4	1826	30
531	4	1252	30
531	4	1304	28
532	4	1408	28
532	4	1669	30
534	4	678	29
534	4	991	28
536	4	1043	28
536	4	1304	30
537	4	1095	28
537	4	1356	30
538	4	782	30
538	4	834	27
539	4	678	30
539	4	730	27
541	4	887	27
541	4	1200	28
541	4	1461	30
542	4	1408	30
542	4	1461	28
543	4	1252	30
543	4	1617	28
544	4	1043	28
544	4	1304	30
546	4	1408	30
546	4	1461	28
547	4	1043	28
547	4	1304	30
549	4	1148	28
549	4	1408	30
550	4	782	27
550	4	1095	28
550	4	1356	30
551	4	834	27
551	4	1148	28
551	4	1408	30
552	4	1148	28
552	4	1408	30
553	4	1304	28
553	4	1565	30
554	4	730	27
554	4	1043	28
554	4	1304	30
555	4	782	27
555	4	1095	28
555	4	1356	30
556	4	1200	28
556	4	1461	30
557	4	730	27
557	4	1043	28
557	4	1304	30
558	4	834	27
558	4	1148	28
558	4	1408	30
559	4	1356	28
559	4	1617	30
560	4	1148	28
560	4	1408	30
561	4	1826	30
562	4	1304	30
562	4	1356	28
563	4	1148	28
563	4	1408	30
564	4	1774	30
564	4	2087	28
565	4	887	27
565	4	1200	28
565	4	1461	30
566	4	887	27
566	4	1200	28
566	4	1461	30
567	4	1408	30
567	4	1461	28
568	4	730	30
568	4	1043	28
569	4	1304	28
569	4	1565	30
570	4	1565	30
570	4	1617	28
571	4	730	30
571	4	782	27
572	4	1200	28
572	4	1461	30
575	4	730	27
575	4	1043	28
575	4	1304	30
576	4	1043	28
576	4	1304	30
577	4	782	27
577	4	1095	28
577	4	1356	30
578	4	1513	30
578	4	2087	28
581	4	1304	30
581	4	1356	28
582	4	1252	30
582	4	1826	28
583	4	782	29
583	4	1669	28
584	4	834	27
584	4	1148	28
584	4	1408	30
585	4	730	27
585	4	1043	28
585	4	1304	30
586	4	1148	28
586	4	1408	30
587	4	730	27
587	4	1043	28
587	4	1304	30
588	4	991	28
588	4	1252	30
589	4	834	30
589	4	1304	28
590	4	887	27
590	4	1200	28
590	4	1461	30
591	4	1982	30
591	4	2035	28
593	4	1982	28
593	4	2243	30
594	4	1565	28
594	4	1826	30
595	4	834	27
595	4	1148	28
595	4	1408	30
596	4	1095	30
596	4	1461	28
597	4	1617	30
598	4	678	30
598	4	991	28
599	4	730	30
600	4	1148	28
600	4	1408	30
601	4	991	28
601	4	1252	30
604	4	1304	28
604	4	1565	30
605	4	678	27
605	4	991	28
605	4	1252	30
606	4	1095	30
606	4	1148	28
607	4	834	27
607	4	1148	28
607	4	1408	30
608	4	939	27
608	4	1252	28
608	4	1513	30
611	4	1356	30
611	4	1408	28
612	4	1408	28
612	4	1669	30
614	4	1408	30
614	4	1461	28
615	4	1461	28
615	4	1722	30
616	4	1356	30
616	4	1408	28
617	4	2191	30
619	4	1826	30
620	4	782	30
620	4	834	27
621	4	1200	30
621	4	1252	28
622	4	730	27
622	4	1043	28
622	4	1304	30
623	4	1774	30
623	4	1826	28
624	4	939	27
624	4	1252	28
624	4	1513	30
625	4	1304	30
625	4	1356	28
626	4	939	27
626	4	1252	28
626	4	1513	30
627	4	1043	28
627	4	1304	30
628	4	1095	30
628	4	1513	28
629	4	1878	30
629	4	1930	28
630	4	1408	28
630	4	1669	30
631	4	1148	28
631	4	1408	30
632	4	678	30
632	4	991	28
633	4	1252	28
633	4	1513	30
634	4	1304	30
634	4	1722	28
635	4	1669	30
637	4	574	30
638	4	2087	30
639	4	834	30
639	4	887	27
640	4	2243	28
642	4	1513	28
642	4	1774	30
644	4	991	28
644	4	1252	30
645	4	1200	28
645	4	1461	30
646	4	730	30
646	4	1095	28
648	4	1252	30
648	4	1304	28
649	4	939	27
649	4	1252	28
649	4	1513	30
650	4	1930	28
650	4	2191	30
651	4	1982	28
651	4	2243	30
652	4	1095	28
652	4	1356	30
653	4	1043	30
653	4	1095	28
654	4	1826	30
654	4	2295	28
655	4	1304	28
655	4	1565	30
656	4	1148	28
656	4	1408	30
657	4	939	27
657	4	1252	28
657	4	1513	30
658	4	991	28
658	4	1252	30
659	4	1461	28
659	4	1722	30
660	4	2243	28
661	4	887	27
661	4	1200	28
661	4	1461	30
662	4	1148	30
662	4	1200	28
663	4	1565	28
663	4	1826	30
664	4	939	27
664	4	1252	28
664	4	1513	30
665	4	834	27
665	4	1148	28
665	4	1408	30
666	4	782	27
666	4	1095	28
666	4	1356	30
667	4	730	30
668	4	1356	30
668	4	1826	28
669	4	1356	28
669	4	1617	30
670	4	1408	28
670	4	1669	30
672	4	1461	30
672	4	2035	28
673	4	1461	28
673	4	1722	30
674	4	1200	28
674	4	1461	30
675	4	1252	30
675	4	1304	28
676	4	834	27
676	4	1148	28
676	4	1408	30
677	4	1148	30
677	4	1200	28
678	4	887	30
678	4	939	27
679	4	782	27
679	4	1095	28
679	4	1356	30
680	4	1252	30
680	4	1304	28
682	4	1200	28
682	4	1461	30
683	4	1043	28
683	4	1304	30
684	4	1200	30
684	4	1513	28
685	4	1930	28
685	4	2191	30
686	4	939	27
686	4	1252	28
686	4	1513	30
688	4	1043	28
688	4	1304	30
689	4	1513	30
689	4	1565	28
690	4	2295	28
691	4	834	30
691	4	2035	28
692	4	1043	28
692	4	1304	30
693	4	1043	30
693	4	1356	28
694	4	991	28
694	4	1252	30
695	4	678	30
695	4	730	27
696	4	1669	30
697	4	887	27
697	4	1200	28
697	4	1461	30
698	4	1826	30
698	4	2139	28
699	4	1252	28
699	4	1513	30
700	4	2139	30
700	4	2191	28
701	4	1200	30
701	4	1252	28
703	4	887	27
703	4	1200	28
703	4	1461	30
704	4	1565	28
704	4	1826	30
705	4	1513	28
705	4	1774	30
706	4	782	30
706	4	834	27
707	4	991	28
707	4	1252	30
708	4	1252	30
708	4	1565	28
709	4	991	28
709	4	1252	30
710	4	939	27
710	4	1252	28
710	4	1513	30
711	4	1408	28
711	4	1669	30
712	4	1200	30
712	4	1669	28
714	4	730	29
714	4	1043	28
715	4	1408	28
715	4	1669	30
716	4	730	29
717	4	1252	30
717	4	1304	28
718	4	887	27
718	4	1200	28
718	4	1461	30
720	4	1095	28
720	4	1356	30
721	4	1200	28
721	4	1461	30
722	4	678	30
722	4	730	27
723	4	1826	30
724	4	1982	30
725	4	887	30
725	4	1252	28
726	4	1095	30
726	4	1148	28
728	4	1513	28
728	4	1774	30
729	4	887	30
729	4	939	27
730	4	1200	30
730	4	1252	28
731	4	730	27
731	4	1043	28
731	4	1304	30
732	4	1461	30
733	4	834	30
733	4	887	27
734	4	782	27
734	4	1095	28
734	4	1356	30
735	4	1878	28
735	4	2139	30
736	4	1565	28
736	4	1826	30
737	4	939	27
737	4	1252	28
737	4	1513	30
738	4	991	28
738	4	1252	30
739	4	1304	30
739	4	1669	28
741	4	1043	30
742	4	782	27
742	4	1095	28
742	4	1356	30
743	4	782	27
743	4	1095	28
743	4	1356	30
744	4	1043	28
744	4	1304	30
745	4	2087	28
746	4	1617	28
746	4	1878	30
747	4	1461	28
747	4	1722	30
748	4	1826	28
748	4	2087	30
749	4	834	27
749	4	1148	28
749	4	1408	30
750	4	1930	28
750	4	2191	30
751	4	678	27
751	4	991	28
751	4	1252	30
752	4	1252	28
752	4	1513	30
753	4	730	30
753	4	1043	28
754	4	834	27
754	4	1148	28
754	4	1408	30
755	4	782	30
755	4	834	27
756	4	834	30
756	4	887	27
756	4	2243	28
757	4	1982	30
757	4	2035	28
758	4	730	29
760	4	2035	28
760	4	2295	30
761	4	1461	28
761	4	1722	30
762	4	1095	28
762	4	1356	30
763	4	1043	28
763	4	1304	30
765	4	834	27
765	4	1148	28
765	4	1408	30
766	4	939	27
766	4	1252	28
766	4	1513	30
767	4	1304	30
767	4	1774	28
768	4	1200	28
768	4	1461	30
770	4	1826	28
770	4	2087	30
771	4	1461	30
771	4	1513	28
772	4	1982	28
772	4	2243	30
773	4	1722	30
774	4	730	30
774	4	1043	28
775	4	2191	28
776	4	730	30
776	4	2035	28
778	4	991	28
778	4	1252	30
779	4	834	27
779	4	1148	28
779	4	1408	30
780	4	1930	30
780	4	1982	28
781	4	1043	28
781	4	1304	30
782	4	1774	28
782	4	2035	30
783	4	1148	28
783	4	1408	30
784	4	834	27
784	4	1148	28
784	4	1408	30
785	4	1878	30
787	4	1774	30
787	4	2087	28
788	4	939	27
788	4	1252	28
788	4	1513	30
789	4	834	27
789	4	1148	28
789	4	1408	30
790	4	1461	28
790	4	1722	30
791	4	1982	28
791	4	2243	30
792	4	887	30
793	4	730	27
793	4	1043	28
793	4	1304	30
794	4	730	30
794	4	782	27
795	4	2035	28
795	4	2295	30
796	4	1826	30
797	4	834	27
797	4	1148	28
797	4	1408	30
798	4	1669	30
798	4	1722	28
799	4	2035	28
799	4	2295	30
800	4	1095	28
800	4	1356	30
801	4	1774	30
801	4	1826	28
802	4	1095	28
802	4	1356	30
803	4	1095	28
803	4	1356	30
804	4	1356	28
804	4	1617	30
805	4	2139	28
806	4	1930	28
806	4	2191	30
807	4	730	30
807	4	1669	28
808	4	1878	28
808	4	2139	30
809	4	2035	30
810	4	730	30
810	4	782	27
811	4	730	30
811	4	782	27
812	4	887	27
812	4	1200	28
812	4	1461	30
813	4	1356	28
813	4	1617	30
815	4	834	27
815	4	1148	28
815	4	1408	30
816	4	730	27
816	4	1043	28
816	4	1304	30
818	4	1200	28
818	4	1461	30
819	4	1930	30
819	4	1982	28
820	4	1982	28
820	4	2243	30
821	4	1461	30
821	4	1513	28
822	4	678	30
822	4	991	28
823	4	782	29
823	4	2087	28
824	4	678	27
824	4	991	28
824	4	1252	30
825	4	1304	28
825	4	1565	30
826	4	1304	28
826	4	1565	30
827	4	2139	30
827	4	2191	28
828	4	1148	28
828	4	1408	30
829	4	2191	30
830	4	678	27
830	4	991	28
830	4	1252	30
831	4	991	28
831	4	1252	30
832	4	834	30
832	4	887	27
832	4	2035	28
833	4	1513	30
833	4	1565	28
834	4	834	30
834	4	887	27
834	4	2191	28
835	4	1461	30
835	4	1513	28
836	4	1930	28
836	4	2191	30
837	4	1826	28
837	4	2087	30
838	4	834	27
838	4	1148	28
838	4	1408	30
839	4	1200	28
839	4	1461	30
840	4	678	30
840	4	991	28
841	4	782	30
842	4	1252	30
842	4	1304	28
843	4	730	30
843	4	1043	28
844	4	1930	28
844	4	2191	30
845	4	1513	30
846	4	1200	28
846	4	1461	30
847	4	1513	28
847	4	1774	30
848	4	626	30
848	4	939	27
850	4	887	27
850	4	1200	28
850	4	1461	30
853	4	1095	28
853	4	1356	30
854	4	730	27
854	4	1043	28
854	4	1304	30
855	4	991	28
855	4	1252	30
856	4	1722	28
856	4	1982	30
857	4	2035	30
857	4	2087	28
858	4	1200	28
858	4	1461	30
860	4	1304	28
860	4	1565	30
861	4	834	30
861	4	887	27
862	4	1252	28
862	4	1513	30
863	4	887	27
863	4	1200	28
863	4	1461	30
864	4	730	30
864	4	1043	28
865	4	887	27
865	4	1200	28
865	4	1461	30
866	4	730	30
866	4	782	27
867	4	1565	28
867	4	1826	30
868	4	939	27
868	4	1252	28
868	4	1513	30
869	4	574	30
869	4	1148	28
870	4	887	27
870	4	1200	28
870	4	1461	30
871	4	991	28
871	4	1252	30
873	4	782	27
873	4	1095	28
873	4	1356	30
875	4	991	28
875	4	1252	30
876	4	834	27
876	4	1148	28
876	4	1408	30
877	4	782	30
877	4	834	27
878	4	1461	30
878	4	1930	28
879	4	1513	30
879	4	2035	28
880	4	782	29
882	4	1461	30
883	4	1252	28
883	4	1513	30
884	4	887	27
884	4	1200	28
884	4	1461	30
885	4	834	27
885	4	1148	28
885	4	1408	30
886	4	1826	28
886	4	2087	30
887	4	1252	28
887	4	1513	30
889	4	1826	28
889	4	2087	30
890	4	1148	28
890	4	1408	30
891	4	887	27
891	4	1200	28
891	4	1461	30
892	4	1878	30
892	4	1930	28
893	4	991	28
893	4	1252	30
894	4	1356	28
894	4	1617	30
895	4	1408	30
895	4	1878	28
896	4	939	27
896	4	1252	28
896	4	1513	30
897	4	887	27
897	4	1200	28
897	4	1461	30
898	4	887	27
898	4	1200	28
898	4	1461	30
899	4	834	27
899	4	1148	28
899	4	1408	30
900	4	1513	28
900	4	1774	30
901	4	730	29
902	4	1148	30
902	4	1200	28
903	4	939	27
903	4	1252	28
903	4	1513	30
905	4	1722	28
905	4	1982	30
906	4	730	30
908	4	834	27
908	4	1148	28
908	4	1408	30
909	4	1669	28
909	4	1930	30
910	4	887	27
910	4	1200	28
910	4	1461	30
912	4	939	27
912	4	1252	28
912	4	1513	30
913	4	1148	28
913	4	1408	30
914	4	1148	30
914	4	1200	28
915	4	1565	30
915	4	1617	28
916	4	939	27
916	4	1252	28
916	4	1513	30
917	4	1826	28
917	4	2087	30
918	4	1095	28
918	4	1356	30
919	4	1982	28
919	4	2243	30
920	4	1878	28
920	4	2139	30
922	4	1669	28
922	4	1930	30
923	4	1043	28
923	4	1304	30
924	4	939	27
924	4	1252	28
924	4	1513	30
925	4	834	30
925	4	887	27
926	4	991	30
926	4	1043	28
927	4	1304	28
927	4	1565	30
929	4	991	28
929	4	1252	30
931	4	782	30
931	4	834	27
932	4	1408	30
932	4	1826	28
933	4	1461	30
933	4	1513	28
934	4	1356	30
934	4	1774	28
935	4	887	27
935	4	1200	28
935	4	1461	30
936	4	1826	28
936	4	2087	30
937	4	1982	28
937	4	2243	30
938	4	521	30
938	4	1252	28
940	4	1095	28
940	4	1356	30
941	4	782	27
941	4	1095	28
941	4	1356	30
942	4	678	30
942	4	991	28
944	4	1408	28
944	4	1669	30
945	4	1200	28
945	4	1461	30
946	4	1304	28
946	4	1565	30
947	4	834	27
947	4	1148	28
947	4	1408	30
948	4	834	27
948	4	1148	28
948	4	1408	30
949	4	782	30
949	4	834	27
950	4	782	29
951	4	1565	28
951	4	1826	30
953	4	834	27
953	4	1148	28
953	4	1408	30
954	4	730	27
954	4	1043	28
954	4	1304	30
958	4	2139	28
959	4	1669	28
959	4	1930	30
960	4	1148	28
960	4	1408	30
961	4	1043	30
961	4	1095	28
962	4	2139	30
963	4	887	27
963	4	1200	28
963	4	1461	30
964	4	887	27
964	4	1200	28
964	4	1461	30
965	4	1304	30
965	4	1356	28
966	4	730	30
966	4	1408	28
967	4	730	27
967	4	1043	28
967	4	1304	30
968	4	1408	28
968	4	1669	30
969	4	1148	30
969	4	1200	28
971	4	939	27
971	4	1252	28
971	4	1513	30
972	4	678	29
972	4	991	28
974	4	939	30
975	4	1930	28
975	4	2191	30
976	4	991	30
976	4	1304	28
977	4	1356	28
977	4	1617	30
978	4	887	27
978	4	1200	28
978	4	1461	30
979	4	1200	28
979	4	1461	30
980	4	2191	30
981	4	1200	30
981	4	1252	28
982	4	991	28
982	4	1252	30
983	4	782	27
983	4	1095	28
983	4	1356	30
984	4	574	30
984	4	1200	28
985	4	1043	28
985	4	1304	30
986	4	2035	28
986	4	2295	30
987	4	1930	28
987	4	2191	30
988	4	1461	28
988	4	1722	30
989	4	782	27
989	4	1095	28
989	4	1356	30
990	4	1356	28
990	4	1617	30
995	4	730	30
995	4	1043	28
996	4	1722	30
996	4	1774	28
998	4	1043	28
998	4	1304	30
999	4	1200	28
999	4	1461	30
0	5	469	24
0	5	730	30
0	5	782	27
1	5	417	24
1	5	730	29
2	5	469	24
3	5	1043	28
3	5	1304	30
4	5	417	24
4	5	939	27
4	5	1252	28
4	5	1513	30
4	5	2243	25
5	5	521	24
5	5	782	30
5	5	834	27
6	5	417	24
6	5	991	28
6	5	1252	30
7	5	417	24
7	5	1304	28
7	5	1565	30
8	5	521	24
8	5	1095	28
8	5	1356	30
9	5	834	27
9	5	1148	28
9	5	1408	30
10	5	417	24
10	5	678	30
10	5	730	27
11	5	417	24
12	5	626	24
13	5	626	24
13	5	2087	28
14	5	521	24
14	5	626	30
14	5	939	27
15	5	417	24
15	5	834	27
15	5	1148	28
15	5	1408	30
16	5	521	24
16	5	887	27
16	5	1200	28
16	5	1461	30
17	5	521	24
17	5	730	30
18	5	417	24
18	5	834	27
18	5	1148	28
18	5	1408	30
19	5	469	24
19	5	2087	30
20	5	469	24
20	5	991	30
20	5	2295	28
21	5	521	24
21	5	730	30
22	5	417	24
22	5	1461	30
22	5	1513	28
23	5	417	24
23	5	782	27
23	5	1095	28
23	5	1356	30
24	5	521	24
24	5	730	30
24	5	1095	28
25	5	417	24
25	5	2087	30
26	5	417	24
26	5	1200	28
26	5	1461	30
27	5	417	24
27	5	782	30
27	5	834	27
28	5	521	24
28	5	1148	28
28	5	1408	30
29	5	521	24
29	5	1513	30
29	5	2035	28
30	5	469	24
30	5	1513	30
30	5	1565	28
31	5	417	24
31	5	939	27
31	5	1252	28
31	5	1513	30
32	5	939	27
32	5	1252	28
32	5	1513	30
33	5	521	24
33	5	1461	28
33	5	1722	30
34	5	417	24
34	5	1148	30
34	5	1200	28
35	5	417	24
35	5	834	27
35	5	1148	28
35	5	1408	30
36	5	417	24
36	5	887	27
36	5	1200	28
36	5	1461	30
37	5	417	24
37	5	1878	28
37	5	2139	30
38	5	469	24
38	5	1200	30
39	5	521	24
39	5	939	30
39	5	991	28
40	5	521	24
40	5	730	30
40	5	1930	28
41	5	469	24
41	5	1200	28
41	5	1461	30
41	5	2295	25
42	5	417	24
42	5	1200	28
42	5	1461	30
43	5	417	24
43	5	887	27
43	5	1200	28
43	5	1461	30
44	5	1304	28
44	5	1565	30
45	5	521	24
45	5	1148	28
45	5	1408	30
46	5	417	24
46	5	887	27
46	5	1200	28
46	5	1461	30
47	5	469	24
47	5	1461	28
47	5	1722	30
48	5	469	24
49	5	521	24
49	5	834	30
49	5	1252	28
50	5	417	24
51	5	939	27
51	5	1252	28
51	5	1513	30
52	5	417	24
52	5	2243	30
53	5	417	24
53	5	887	27
53	5	1200	28
53	5	1461	30
53	5	2295	25
54	5	417	24
55	5	521	24
55	5	1878	28
55	5	2139	30
56	5	887	27
56	5	1200	28
56	5	1461	30
57	5	521	24
57	5	782	30
57	5	834	27
58	5	521	24
58	5	991	30
58	5	1043	28
59	5	417	24
59	5	782	27
59	5	1095	28
59	5	1356	30
60	5	417	24
61	5	521	24
61	5	939	30
61	5	991	28
62	5	469	24
62	5	939	27
62	5	1252	28
62	5	1513	30
63	5	417	24
63	5	1095	30
63	5	1148	28
64	5	1774	28
64	5	2035	30
65	5	417	24
65	5	1304	28
65	5	1565	30
66	5	1148	28
66	5	1408	30
67	5	521	24
67	5	1148	28
67	5	1408	30
68	5	469	24
69	5	521	24
69	5	1148	30
69	5	1513	28
70	5	417	24
71	5	887	27
71	5	1200	28
71	5	1461	30
72	5	1565	28
72	5	1826	30
73	5	1252	28
73	5	1513	30
74	5	417	24
74	5	1982	30
74	5	2035	28
75	5	521	24
75	5	834	27
75	5	1148	28
75	5	1408	30
76	5	469	24
76	5	1722	30
76	5	1774	28
77	5	1095	28
77	5	1356	30
78	5	417	24
79	5	521	24
79	5	1356	28
79	5	1617	30
80	5	521	24
80	5	834	30
80	5	887	27
81	5	417	24
81	5	1722	28
81	5	1982	30
82	5	417	24
82	5	1774	28
82	5	2035	30
83	5	678	27
83	5	991	28
83	5	1252	30
84	5	417	24
84	5	991	28
84	5	1252	30
85	5	417	24
86	5	469	24
86	5	1774	30
86	5	1826	28
87	5	469	24
87	5	782	27
87	5	1095	28
87	5	1356	30
88	5	521	24
88	5	1148	28
88	5	1408	30
89	5	417	24
89	5	1252	28
89	5	1513	30
90	5	469	24
90	5	1617	30
91	5	417	24
92	5	417	24
92	5	782	27
92	5	1095	28
92	5	1356	30
93	5	1095	28
93	5	1356	30
94	5	1200	28
94	5	1461	30
95	5	417	24
95	5	1878	28
95	5	2139	30
96	5	574	24
96	5	1356	30
96	5	1408	28
97	5	417	24
97	5	2139	30
97	5	2191	28
98	5	1356	28
98	5	1617	30
99	5	417	24
99	5	1722	30
99	5	1774	28
100	5	417	24
100	5	2191	30
100	5	2243	28
101	5	521	24
101	5	1200	30
102	5	417	24
102	5	1043	30
102	5	1617	28
103	5	417	24
103	5	1565	28
103	5	1826	30
104	5	521	24
104	5	991	28
104	5	1252	30
105	5	417	24
106	5	417	24
106	5	1095	30
106	5	1148	28
106	5	2035	25
107	5	417	24
107	5	678	30
107	5	991	28
108	5	521	24
108	5	887	27
108	5	1200	28
108	5	1461	30
109	5	1043	28
109	5	1304	30
110	5	417	24
110	5	834	27
110	5	1148	28
110	5	1408	30
111	5	417	24
111	5	1826	30
111	5	1878	28
112	5	521	24
112	5	1669	28
112	5	1930	30
113	5	417	24
113	5	782	27
113	5	1095	28
113	5	1356	30
114	5	521	24
114	5	1826	28
114	5	2087	30
115	5	417	24
116	5	469	24
116	5	1722	30
116	5	2087	28
117	5	417	24
117	5	1774	30
117	5	1826	28
118	5	417	24
118	5	1356	30
118	5	1722	28
119	5	417	24
119	5	1565	28
119	5	1826	30
120	5	521	24
120	5	1461	28
120	5	1722	30
121	5	417	24
122	5	521	24
122	5	782	29
122	5	2191	28
123	5	417	24
124	5	521	24
124	5	730	29
124	5	1043	28
125	5	521	24
125	5	939	27
125	5	1252	28
125	5	1513	30
126	5	417	24
126	5	782	27
126	5	1095	28
126	5	1356	30
127	5	521	24
127	5	834	27
127	5	1148	28
127	5	1408	30
128	5	521	24
128	5	678	30
128	5	991	28
129	5	469	24
129	5	1617	28
129	5	1878	30
130	5	417	24
130	5	991	28
130	5	1252	30
131	5	417	24
131	5	1043	30
131	5	1095	28
131	5	2087	25
132	5	417	24
132	5	782	27
132	5	1095	28
132	5	1356	30
133	5	521	24
133	5	1043	28
133	5	1304	30
134	5	417	24
134	5	1513	28
134	5	1774	30
135	5	521	24
135	5	887	27
135	5	1200	28
135	5	1461	30
136	5	521	24
136	5	730	30
136	5	1617	28
137	5	417	24
137	5	1200	28
137	5	1461	30
138	5	469	24
138	5	678	30
138	5	991	28
139	5	469	24
139	5	834	27
139	5	1148	28
139	5	1408	30
139	5	2087	25
140	5	1200	28
140	5	1461	30
141	5	521	24
141	5	834	27
141	5	1148	28
141	5	1408	30
142	5	469	24
142	5	1722	30
142	5	2087	28
143	5	1148	28
143	5	1408	30
144	5	1774	28
144	5	2035	30
145	5	417	24
145	5	1408	30
145	5	1461	28
146	5	521	24
146	5	991	28
146	5	1252	30
147	5	469	24
147	5	1095	28
147	5	1356	30
148	5	1148	28
148	5	1408	30
149	5	521	24
149	5	782	30
149	5	834	27
150	5	417	24
150	5	939	27
150	5	1252	28
150	5	1513	30
151	5	521	24
151	5	1617	30
151	5	1982	28
152	5	521	24
152	5	1043	28
152	5	1304	30
153	5	417	24
153	5	1722	28
153	5	1982	30
154	5	521	24
154	5	887	27
154	5	1200	28
154	5	1461	30
155	5	521	24
155	5	730	30
155	5	2139	28
156	5	521	24
156	5	730	30
156	5	1043	28
158	5	521	24
158	5	939	30
158	5	991	28
159	5	521	24
159	5	678	29
159	5	991	28
160	5	521	24
160	5	1200	28
160	5	1461	30
161	5	417	24
161	5	2295	28
162	5	417	24
162	5	1304	28
162	5	1565	30
163	5	678	27
163	5	991	28
163	5	1252	30
164	5	417	24
164	5	834	27
164	5	1148	28
164	5	1408	30
165	5	521	24
165	5	991	28
165	5	1252	30
166	5	417	24
166	5	2139	30
166	5	2191	28
167	5	469	24
167	5	1878	30
167	5	1930	28
168	5	2139	28
169	5	417	24
169	5	782	27
169	5	1095	28
169	5	1356	30
170	5	417	24
170	5	730	30
170	5	782	27
171	5	417	24
171	5	1982	28
171	5	2243	30
172	5	417	24
172	5	1252	30
172	5	1304	28
173	5	1095	28
173	5	1356	30
174	5	417	24
174	5	1252	28
174	5	1513	30
175	5	417	24
175	5	1095	28
175	5	1356	30
176	5	521	24
176	5	834	27
176	5	1148	28
176	5	1408	30
177	5	1408	28
177	5	1669	30
178	5	1878	28
178	5	2139	30
179	5	417	24
179	5	991	28
179	5	1252	30
180	5	417	24
181	5	521	24
181	5	730	30
181	5	1043	28
182	5	521	24
183	5	521	24
183	5	834	27
183	5	1148	28
183	5	1408	30
184	5	626	24
185	5	417	24
185	5	887	30
185	5	939	27
186	5	417	24
187	5	417	24
187	5	1200	28
187	5	1461	30
188	5	469	24
188	5	1982	30
188	5	2035	28
189	5	521	24
189	5	1200	28
189	5	1461	30
189	5	2243	25
190	5	417	24
190	5	1565	28
190	5	1826	30
191	5	417	24
191	5	782	29
192	5	521	24
192	5	1043	28
192	5	1304	30
193	5	469	24
193	5	1148	28
193	5	1408	30
194	5	417	24
195	5	417	24
196	5	469	24
196	5	678	30
196	5	991	28
196	5	2087	25
197	5	2191	28
198	5	417	24
198	5	1095	30
198	5	1148	28
199	5	417	24
199	5	782	27
199	5	1095	28
199	5	1356	30
200	5	1043	28
200	5	1304	30
201	5	417	24
201	5	2087	30
202	5	417	24
202	5	1252	30
202	5	1565	28
203	5	521	24
203	5	1252	28
203	5	1513	30
204	5	417	24
204	5	887	27
204	5	1200	28
204	5	1461	30
205	5	417	24
205	5	1617	30
205	5	1669	28
206	5	417	24
206	5	678	30
206	5	730	27
206	5	1722	28
206	5	2035	25
207	5	417	24
207	5	834	27
207	5	1148	28
207	5	1408	30
208	5	521	24
208	5	939	27
208	5	1252	28
208	5	1513	30
209	5	469	24
210	5	417	24
210	5	991	28
210	5	1252	30
211	5	417	24
212	5	417	24
212	5	1408	28
212	5	1669	30
213	5	1304	28
213	5	1565	30
214	5	417	24
215	5	417	24
215	5	1356	30
215	5	1722	28
216	5	574	24
217	5	417	24
217	5	1304	30
217	5	1617	28
218	5	521	24
218	5	1200	28
218	5	1461	30
219	5	417	24
220	5	469	24
220	5	2295	28
221	5	417	24
221	5	1200	28
221	5	1461	30
222	5	417	24
222	5	2035	30
223	5	417	24
223	5	2295	28
224	5	521	24
224	5	1408	28
224	5	1669	30
225	5	417	24
225	5	782	27
225	5	1095	28
225	5	1356	30
226	5	417	24
226	5	887	30
226	5	939	27
227	5	417	24
227	5	1826	30
227	5	1878	28
228	5	469	24
228	5	834	27
228	5	1148	28
228	5	1408	30
229	5	417	24
229	5	1200	28
229	5	1461	30
230	5	521	24
230	5	782	30
230	5	834	27
231	5	417	24
231	5	730	27
231	5	1043	28
231	5	1304	30
232	5	521	24
232	5	834	27
232	5	1148	28
232	5	1408	30
233	5	417	24
233	5	1461	30
233	5	1826	28
235	5	469	24
235	5	1930	30
235	5	1982	28
236	5	574	24
236	5	1982	28
236	5	2243	30
237	5	521	24
238	5	417	24
239	5	417	24
239	5	1774	30
239	5	1826	28
240	5	521	24
240	5	782	30
240	5	834	27
240	5	2243	28
241	5	417	24
241	5	1148	28
241	5	1408	30
242	5	417	24
242	5	1095	28
242	5	1356	30
243	5	521	24
243	5	678	30
243	5	991	28
244	5	469	24
244	5	730	30
244	5	782	27
245	5	417	24
245	5	1461	30
245	5	1930	28
246	5	469	24
247	5	1095	28
247	5	1356	30
248	5	521	24
248	5	782	30
248	5	834	27
249	5	521	24
249	5	678	30
249	5	991	28
250	5	469	24
250	5	678	30
250	5	991	28
251	5	417	24
251	5	887	30
251	5	1565	28
252	5	417	24
253	5	417	24
253	5	1826	28
253	5	2087	30
254	5	469	24
255	5	521	24
255	5	1617	28
255	5	1878	30
256	5	521	24
256	5	1148	30
256	5	1565	28
257	5	417	24
257	5	1461	28
257	5	1722	30
258	5	417	24
258	5	730	27
258	5	1043	28
258	5	1304	30
259	5	521	24
259	5	730	30
259	5	1043	28
260	5	417	24
260	5	887	27
260	5	1200	28
260	5	1461	30
261	5	469	24
262	5	417	24
262	5	1200	30
262	5	1252	28
263	5	521	24
264	5	521	24
264	5	939	27
264	5	1252	28
264	5	1513	30
265	5	417	24
265	5	834	30
265	5	2191	28
266	5	521	24
266	5	1095	28
266	5	1356	30
267	5	417	24
267	5	782	27
267	5	1095	28
267	5	1356	30
268	5	417	24
268	5	1200	30
268	5	1513	28
269	5	469	24
269	5	887	27
269	5	1200	28
269	5	1461	30
270	5	417	24
270	5	1878	30
270	5	1930	28
271	5	521	24
271	5	1095	28
271	5	1356	30
272	5	521	24
272	5	834	27
272	5	1148	28
272	5	1408	30
272	5	2139	25
273	5	469	24
274	5	417	24
274	5	1617	28
274	5	1878	30
275	5	1200	28
275	5	1461	30
276	5	469	24
277	5	417	24
277	5	1982	30
277	5	2035	28
278	5	417	24
278	5	2191	30
278	5	2243	28
279	5	417	24
279	5	1722	28
279	5	1982	30
280	5	521	24
280	5	1826	28
280	5	2087	30
281	5	417	24
282	5	1200	28
282	5	1461	30
283	5	1043	28
283	5	1304	30
284	5	521	24
284	5	730	29
284	5	1722	28
285	5	417	24
285	5	1304	30
285	5	1617	28
286	5	417	24
286	5	834	27
286	5	1148	28
286	5	1408	30
287	5	1043	28
287	5	1304	30
288	5	521	24
288	5	939	27
288	5	1252	28
288	5	1513	30
289	5	417	24
290	5	1982	28
290	5	2243	30
291	5	521	24
291	5	2191	28
292	5	417	24
292	5	1878	30
292	5	2191	28
293	5	521	24
293	5	678	30
293	5	991	28
294	5	417	24
294	5	834	27
294	5	1148	28
294	5	1408	30
295	5	574	30
295	5	1408	28
296	5	521	24
296	5	887	27
296	5	1200	28
296	5	1461	30
297	5	417	24
298	5	417	24
298	5	1200	30
298	5	1617	28
299	5	521	24
299	5	782	30
299	5	834	27
300	5	469	24
300	5	1930	30
300	5	1982	28
301	5	469	24
301	5	730	30
301	5	782	27
302	5	521	24
302	5	991	28
302	5	1252	30
303	5	521	24
303	5	678	30
303	5	991	28
304	5	521	24
304	5	782	30
304	5	834	27
305	5	469	24
306	5	469	24
306	5	782	27
306	5	1095	28
306	5	1356	30
307	5	521	24
307	5	1982	30
307	5	2035	28
308	5	521	24
308	5	1774	28
308	5	2035	30
309	5	417	24
309	5	678	30
309	5	730	27
309	5	1982	28
309	5	2295	25
310	5	521	24
310	5	991	28
310	5	1252	30
310	5	2295	25
311	5	417	24
312	5	626	24
312	5	1669	30
312	5	1722	28
313	5	417	24
314	5	1095	28
314	5	1356	30
315	5	521	24
315	5	1148	28
315	5	1408	30
316	5	417	24
317	5	1148	28
317	5	1408	30
318	5	1148	28
318	5	1408	30
319	5	417	24
319	5	2243	30
320	5	1148	28
320	5	1408	30
321	5	417	24
321	5	782	27
321	5	1095	28
321	5	1356	30
322	5	521	24
322	5	887	27
322	5	1200	28
322	5	1461	30
323	5	1513	28
323	5	1774	30
324	5	417	24
324	5	1669	30
324	5	1722	28
325	5	1095	28
325	5	1356	30
326	5	521	24
326	5	782	30
326	5	834	27
327	5	417	24
327	5	1304	30
327	5	1356	28
328	5	521	24
328	5	1826	30
328	5	2191	28
329	5	417	24
329	5	2191	28
330	5	417	24
330	5	1148	30
330	5	1200	28
331	5	417	24
331	5	834	27
331	5	1148	28
331	5	1408	30
332	5	417	24
332	5	1095	28
332	5	1356	30
333	5	417	24
333	5	782	27
333	5	1095	28
333	5	1356	30
334	5	469	24
334	5	1669	28
334	5	1930	30
335	5	469	24
335	5	678	29
335	5	991	28
336	5	521	24
336	5	939	27
336	5	1252	28
336	5	1513	30
337	5	417	24
337	5	1826	28
337	5	2087	30
338	5	417	24
338	5	2191	28
339	5	417	24
339	5	834	27
339	5	1148	28
339	5	1408	30
340	5	417	24
340	5	1356	30
340	5	1408	28
341	5	417	24
341	5	1408	28
341	5	1669	30
342	5	469	24
342	5	782	27
342	5	1095	28
342	5	1356	30
343	5	417	24
343	5	678	29
343	5	991	28
344	5	1617	28
344	5	1878	30
345	5	417	24
345	5	1095	28
345	5	1356	30
346	5	521	24
346	5	991	28
346	5	1252	30
347	5	417	24
347	5	1200	28
347	5	1461	30
348	5	521	24
348	5	887	27
348	5	1200	28
348	5	1461	30
349	5	521	24
349	5	834	27
349	5	1148	28
349	5	1408	30
350	5	417	24
351	5	521	24
352	5	521	24
352	5	1095	28
352	5	1356	30
353	5	417	24
353	5	834	27
353	5	1148	28
353	5	1408	30
354	5	417	24
354	5	730	27
354	5	1043	28
354	5	1304	30
355	5	417	24
355	5	939	27
355	5	1252	28
355	5	1513	30
356	5	521	24
356	5	1408	28
356	5	1669	30
357	5	417	24
357	5	991	28
357	5	1252	30
358	5	417	24
358	5	1304	30
358	5	1356	28
359	5	2191	28
360	5	521	24
360	5	1930	28
360	5	2191	30
361	5	417	24
361	5	991	28
361	5	1252	30
362	5	730	27
362	5	1043	28
362	5	1304	30
363	5	469	24
364	5	417	24
364	5	834	27
364	5	1148	28
364	5	1408	30
365	5	469	24
366	5	417	24
366	5	1148	30
366	5	1513	28
367	5	521	24
367	5	939	27
367	5	1252	28
367	5	1513	30
368	5	521	24
368	5	782	30
368	5	834	27
368	5	2087	28
369	5	417	24
369	5	939	27
369	5	1252	28
369	5	1513	30
370	5	417	24
371	5	521	24
371	5	887	27
371	5	1200	28
371	5	1461	30
372	5	521	24
372	5	1356	28
372	5	1617	30
373	5	417	24
374	5	1252	28
374	5	1513	30
375	5	417	24
375	5	1617	30
375	5	1669	28
376	5	521	24
376	5	1043	30
377	5	417	24
377	5	1617	28
377	5	1878	30
378	5	417	24
378	5	1461	28
378	5	1722	30
379	5	417	24
379	5	1200	28
379	5	1461	30
380	5	417	24
380	5	1878	30
381	5	417	24
381	5	1774	28
381	5	2035	30
382	5	521	24
382	5	834	30
382	5	887	27
383	5	1095	28
383	5	1356	30
384	5	521	24
384	5	991	28
384	5	1252	30
385	5	417	24
385	5	1565	28
385	5	1826	30
386	5	417	24
387	5	521	24
387	5	939	27
387	5	1252	28
387	5	1513	30
388	5	417	24
388	5	2243	30
389	5	521	24
389	5	782	30
389	5	834	27
390	5	469	24
390	5	678	30
391	5	417	24
391	5	887	27
391	5	1200	28
391	5	1461	30
392	5	574	24
392	5	1930	28
392	5	2191	30
393	5	417	24
393	5	626	30
393	5	939	27
394	5	417	24
394	5	1461	28
394	5	1722	30
395	5	469	24
396	5	417	24
396	5	782	27
396	5	1095	28
396	5	1356	30
397	5	417	24
397	5	1408	30
397	5	1461	28
398	5	417	24
399	5	417	24
399	5	730	30
399	5	782	27
400	5	521	24
400	5	991	28
400	5	1252	30
401	5	417	24
402	5	417	24
402	5	1043	30
402	5	1095	28
403	5	417	24
403	5	2243	30
403	5	2295	28
404	5	417	24
404	5	1565	28
404	5	1826	30
405	5	469	24
405	5	1565	30
405	5	2087	28
406	5	417	24
406	5	939	27
406	5	1252	28
406	5	1513	30
407	5	417	24
407	5	1408	28
407	5	1669	30
409	5	417	24
409	5	2295	30
410	5	417	24
410	5	1878	28
410	5	2139	30
411	5	417	24
411	5	782	27
411	5	1095	28
411	5	1356	30
412	5	417	24
412	5	782	27
412	5	1095	28
412	5	1356	30
412	5	2087	25
413	5	521	24
413	5	730	30
413	5	1043	28
414	5	417	24
414	5	1043	30
414	5	1095	28
415	5	469	24
415	5	834	30
415	5	1304	28
416	5	1095	28
416	5	1356	30
417	5	417	24
417	5	991	28
417	5	1252	30
418	5	521	24
418	5	939	30
418	5	1252	28
419	5	521	24
419	5	834	30
419	5	1200	28
420	5	417	24
420	5	1356	28
420	5	1617	30
421	5	1826	28
421	5	2087	30
422	5	521	24
422	5	2087	28
423	5	417	24
423	5	1252	30
423	5	1304	28
424	5	521	24
424	5	887	27
424	5	1200	28
424	5	1461	30
424	5	2191	25
425	5	417	24
425	5	1513	28
425	5	1774	30
426	5	417	24
426	5	1252	30
426	5	1304	28
427	5	1878	28
427	5	2139	30
428	5	521	24
428	5	834	27
428	5	1148	28
428	5	1408	30
429	5	417	24
429	5	1043	30
429	5	1095	28
430	5	417	24
430	5	887	27
430	5	1200	28
430	5	1461	30
431	5	417	24
431	5	678	30
431	5	730	27
432	5	521	24
432	5	939	27
432	5	1252	28
432	5	1513	30
433	5	417	24
433	5	1200	28
433	5	1461	30
434	5	469	24
434	5	782	30
434	5	1095	28
434	5	2243	25
435	5	469	24
435	5	782	27
435	5	1095	28
435	5	1356	30
436	5	469	24
436	5	730	30
436	5	782	27
437	5	469	24
437	5	834	27
437	5	1148	28
437	5	1408	30
438	5	417	24
438	5	1043	30
438	5	1356	28
439	5	574	24
439	5	1878	30
439	5	1930	28
440	5	521	24
440	5	1408	28
440	5	1669	30
441	5	1304	28
441	5	1565	30
442	5	469	24
442	5	1304	28
442	5	1565	30
443	5	417	24
444	5	417	24
445	5	521	24
445	5	834	27
445	5	1148	28
445	5	1408	30
446	5	417	24
446	5	1878	30
446	5	1930	28
447	5	1252	28
447	5	1513	30
448	5	626	24
449	5	417	24
450	5	2035	28
450	5	2295	30
451	5	417	24
451	5	1095	30
451	5	1408	28
451	5	2139	25
452	5	469	24
452	5	939	27
452	5	1252	28
452	5	1513	30
453	5	521	24
453	5	730	30
453	5	1722	28
454	5	417	24
454	5	2139	30
455	5	939	27
455	5	1252	28
455	5	1513	30
456	5	1148	28
456	5	1408	30
457	5	417	24
457	5	1200	30
457	5	1722	28
458	5	939	27
458	5	1252	28
458	5	1513	30
459	5	417	24
459	5	2087	30
460	5	521	24
460	5	782	30
460	5	834	27
461	5	469	24
461	5	730	30
462	5	521	24
462	5	1095	28
462	5	1356	30
463	5	521	24
463	5	991	28
463	5	1252	30
464	5	521	24
464	5	1200	30
464	5	1617	28
465	5	417	24
465	5	834	27
465	5	1148	28
465	5	1408	30
466	5	521	24
466	5	782	30
466	5	834	27
467	5	521	24
467	5	834	27
467	5	1148	28
467	5	1408	30
468	5	417	24
468	5	730	30
468	5	782	27
469	5	469	24
469	5	678	30
469	5	991	28
470	5	417	24
470	5	2243	30
470	5	2295	28
471	5	417	24
471	5	1826	28
471	5	2087	30
472	5	521	24
472	5	887	27
472	5	1200	28
472	5	1461	30
473	5	417	24
473	5	1200	30
473	5	1252	28
474	5	417	24
474	5	834	27
474	5	1148	28
474	5	1408	30
475	5	521	24
475	5	1878	28
475	5	2139	30
476	5	417	24
477	5	521	30
478	5	417	24
478	5	1774	28
478	5	2035	30
479	5	417	24
480	5	521	24
480	5	1982	28
480	5	2243	30
481	5	417	24
481	5	991	28
481	5	1252	30
482	5	469	24
482	5	1408	30
482	5	2035	28
483	5	1356	28
483	5	1617	30
484	5	417	24
484	5	2243	30
485	5	417	24
485	5	1565	30
485	5	2139	28
486	5	1148	28
486	5	1408	30
487	5	417	24
487	5	782	27
487	5	1095	28
487	5	1356	30
488	5	1148	28
488	5	1408	30
489	5	417	24
489	5	730	27
489	5	1043	28
489	5	1304	30
490	5	417	24
490	5	1200	28
490	5	1461	30
490	5	2191	25
491	5	417	24
491	5	1304	28
491	5	1565	30
492	5	574	24
492	5	1304	28
492	5	1565	30
493	5	521	24
494	5	469	24
494	5	887	27
494	5	1200	28
494	5	1461	30
495	5	417	24
495	5	1148	30
495	5	1200	28
496	5	521	24
496	5	1148	28
496	5	1408	30
497	5	417	24
497	5	626	30
498	5	521	24
498	5	1200	28
498	5	1461	30
499	5	417	24
499	5	1930	28
499	5	2191	30
500	5	417	24
500	5	782	27
500	5	1095	28
500	5	1356	30
501	5	417	24
501	5	1826	28
501	5	2087	30
502	5	417	24
502	5	1304	28
502	5	1565	30
503	5	521	24
503	5	730	30
503	5	1669	28
503	5	2139	25
504	5	1252	28
504	5	1513	30
505	5	1095	28
505	5	1356	30
506	5	417	24
506	5	1513	30
506	5	1565	28
507	5	417	24
507	5	2295	30
508	5	417	24
508	5	782	27
508	5	1095	28
508	5	1356	30
508	5	2295	25
510	5	417	24
510	5	2191	30
511	5	469	24
512	5	521	24
512	5	1200	30
512	5	1252	28
513	5	417	24
513	5	1304	30
513	5	1356	28
514	5	417	24
514	5	939	27
514	5	1252	28
514	5	1513	30
515	5	417	24
515	5	678	30
515	5	730	27
516	5	1148	28
516	5	1408	30
517	5	1148	28
517	5	1408	30
518	5	417	24
518	5	1304	30
518	5	1356	28
519	5	469	24
519	5	939	27
519	5	1252	28
519	5	1513	30
520	5	521	24
520	5	1826	28
520	5	2087	30
521	5	521	24
521	5	834	27
521	5	1148	28
521	5	1408	30
522	5	417	24
522	5	1148	28
522	5	1408	30
523	5	417	24
523	5	834	27
523	5	1148	28
523	5	1408	30
524	5	1878	28
524	5	2139	30
525	5	417	24
525	5	1043	28
525	5	1304	30
526	5	417	24
526	5	2191	30
527	5	417	24
527	5	782	27
527	5	1095	28
527	5	1356	30
528	5	521	24
528	5	730	29
529	5	417	24
529	5	782	27
529	5	1095	28
529	5	1356	30
530	5	417	24
530	5	1565	28
530	5	1826	30
531	5	417	24
531	5	1252	30
531	5	1304	28
532	5	521	24
532	5	1408	28
532	5	1669	30
533	5	417	24
534	5	469	24
534	5	678	29
534	5	991	28
535	5	417	24
536	5	1043	28
536	5	1304	30
537	5	469	24
537	5	1095	28
537	5	1356	30
538	5	521	24
538	5	782	30
538	5	834	27
539	5	417	24
539	5	678	30
539	5	730	27
540	5	417	24
541	5	417	24
541	5	887	27
541	5	1200	28
541	5	1461	30
542	5	417	24
542	5	1408	30
542	5	1461	28
543	5	417	24
543	5	1252	30
543	5	1617	28
544	5	521	24
544	5	1043	28
544	5	1304	30
545	5	417	24
546	5	417	24
546	5	1408	30
546	5	1461	28
547	5	521	24
547	5	1043	28
547	5	1304	30
548	5	417	24
549	5	1148	28
549	5	1408	30
550	5	417	24
550	5	782	27
550	5	1095	28
550	5	1356	30
551	5	417	24
551	5	834	27
551	5	1148	28
551	5	1408	30
552	5	1148	28
552	5	1408	30
553	5	469	24
553	5	1304	28
553	5	1565	30
554	5	417	24
554	5	730	27
554	5	1043	28
554	5	1304	30
555	5	469	24
555	5	782	27
555	5	1095	28
555	5	1356	30
555	5	2191	25
556	5	417	24
556	5	1200	28
556	5	1461	30
557	5	730	27
557	5	1043	28
557	5	1304	30
558	5	521	24
558	5	834	27
558	5	1148	28
558	5	1408	30
559	5	574	24
559	5	1356	28
559	5	1617	30
560	5	1148	28
560	5	1408	30
561	5	417	24
561	5	1826	30
562	5	417	24
562	5	1304	30
562	5	1356	28
563	5	417	24
563	5	1148	28
563	5	1408	30
564	5	469	24
564	5	1774	30
564	5	2087	28
565	5	417	24
565	5	887	27
565	5	1200	28
565	5	1461	30
565	5	2243	25
566	5	417	24
566	5	887	27
566	5	1200	28
566	5	1461	30
567	5	521	24
567	5	1408	30
567	5	1461	28
568	5	521	24
568	5	730	30
568	5	1043	28
569	5	469	24
569	5	1304	28
569	5	1565	30
570	5	417	24
570	5	1565	30
570	5	1617	28
571	5	417	24
571	5	730	30
571	5	782	27
572	5	1200	28
572	5	1461	30
573	5	417	24
574	5	417	24
575	5	417	24
575	5	730	27
575	5	1043	28
575	5	1304	30
576	5	1043	28
576	5	1304	30
577	5	417	24
577	5	782	27
577	5	1095	28
577	5	1356	30
578	5	417	24
578	5	1513	30
578	5	2087	28
579	5	521	24
580	5	417	24
581	5	626	24
581	5	1304	30
581	5	1356	28
582	5	417	24
582	5	1252	30
582	5	1826	28
583	5	521	24
583	5	782	29
583	5	1669	28
584	5	521	24
584	5	834	27
584	5	1148	28
584	5	1408	30
585	5	417	24
585	5	730	27
585	5	1043	28
585	5	1304	30
586	5	521	24
586	5	1148	28
586	5	1408	30
587	5	417	24
587	5	730	27
587	5	1043	28
587	5	1304	30
588	5	417	24
588	5	991	28
588	5	1252	30
589	5	521	24
589	5	834	30
589	5	1304	28
590	5	521	24
590	5	887	27
590	5	1200	28
590	5	1461	30
591	5	417	24
591	5	1982	30
591	5	2035	28
593	5	417	24
593	5	1982	28
593	5	2243	30
594	5	521	24
594	5	1565	28
594	5	1826	30
595	5	417	24
595	5	834	27
595	5	1148	28
595	5	1408	30
596	5	417	24
596	5	1095	30
596	5	1461	28
597	5	417	24
597	5	1617	30
598	5	521	24
598	5	678	30
598	5	991	28
599	5	521	24
599	5	730	30
600	5	1148	28
600	5	1408	30
601	5	417	24
601	5	991	28
601	5	1252	30
602	5	417	24
603	5	417	24
604	5	521	24
604	5	1304	28
604	5	1565	30
605	5	678	27
605	5	991	28
605	5	1252	30
606	5	417	24
606	5	1095	30
606	5	1148	28
607	5	521	24
607	5	834	27
607	5	1148	28
607	5	1408	30
608	5	521	24
608	5	939	27
608	5	1252	28
608	5	1513	30
609	5	469	24
610	5	417	24
611	5	521	24
611	5	1356	30
611	5	1408	28
612	5	417	24
612	5	1408	28
612	5	1669	30
613	5	417	24
614	5	417	24
614	5	1408	30
614	5	1461	28
615	5	521	24
615	5	1461	28
615	5	1722	30
616	5	626	24
616	5	1356	30
616	5	1408	28
617	5	417	24
617	5	2191	30
618	5	417	24
619	5	417	24
619	5	1826	30
620	5	417	24
620	5	782	30
620	5	834	27
621	5	521	24
621	5	1200	30
621	5	1252	28
622	5	417	24
622	5	730	27
622	5	1043	28
622	5	1304	30
623	5	417	24
623	5	1774	30
623	5	1826	28
624	5	521	24
624	5	939	27
624	5	1252	28
624	5	1513	30
625	5	417	24
625	5	1304	30
625	5	1356	28
626	5	521	24
626	5	939	27
626	5	1252	28
626	5	1513	30
627	5	417	24
627	5	1043	28
627	5	1304	30
628	5	417	24
628	5	1095	30
628	5	1513	28
629	5	521	24
629	5	1878	30
629	5	1930	28
630	5	417	24
630	5	1408	28
630	5	1669	30
631	5	469	24
631	5	1148	28
631	5	1408	30
632	5	521	24
632	5	678	30
632	5	991	28
633	5	1252	28
633	5	1513	30
634	5	417	24
634	5	1304	30
634	5	1722	28
635	5	417	24
635	5	1669	30
636	5	417	24
637	5	574	30
638	5	469	24
638	5	2087	30
639	5	521	24
639	5	834	30
639	5	887	27
640	5	469	24
640	5	2243	28
641	5	521	24
642	5	469	24
642	5	1513	28
642	5	1774	30
643	5	417	24
644	5	417	24
644	5	991	28
644	5	1252	30
645	5	417	24
645	5	1200	28
645	5	1461	30
646	5	417	24
646	5	730	30
646	5	1095	28
647	5	417	24
648	5	521	24
648	5	1252	30
648	5	1304	28
649	5	469	24
649	5	939	27
649	5	1252	28
649	5	1513	30
650	5	417	24
650	5	1930	28
650	5	2191	30
651	5	469	24
651	5	1982	28
651	5	2243	30
652	5	417	24
652	5	1095	28
652	5	1356	30
653	5	417	24
653	5	1043	30
653	5	1095	28
654	5	417	24
654	5	1826	30
654	5	2295	28
655	5	521	24
655	5	1304	28
655	5	1565	30
656	5	521	24
656	5	1148	28
656	5	1408	30
657	5	469	24
657	5	939	27
657	5	1252	28
657	5	1513	30
658	5	417	24
658	5	991	28
658	5	1252	30
659	5	469	24
659	5	1461	28
659	5	1722	30
660	5	417	24
660	5	2243	28
661	5	469	24
661	5	887	27
661	5	1200	28
661	5	1461	30
662	5	417	24
662	5	1148	30
662	5	1200	28
663	5	417	24
663	5	1565	28
663	5	1826	30
664	5	521	24
664	5	939	27
664	5	1252	28
664	5	1513	30
665	5	417	24
665	5	834	27
665	5	1148	28
665	5	1408	30
666	5	417	24
666	5	782	27
666	5	1095	28
666	5	1356	30
667	5	417	24
667	5	730	30
668	5	574	24
668	5	1356	30
668	5	1826	28
669	5	521	24
669	5	1356	28
669	5	1617	30
670	5	521	24
670	5	1408	28
670	5	1669	30
671	5	417	24
672	5	521	24
672	5	1461	30
672	5	2035	28
673	5	521	24
673	5	1461	28
673	5	1722	30
674	5	417	24
674	5	1200	28
674	5	1461	30
675	5	417	24
675	5	1252	30
675	5	1304	28
676	5	417	24
676	5	834	27
676	5	1148	28
676	5	1408	30
677	5	521	24
677	5	1148	30
677	5	1200	28
678	5	521	24
678	5	887	30
678	5	939	27
679	5	782	27
679	5	1095	28
679	5	1356	30
680	5	626	24
680	5	1252	30
680	5	1304	28
681	5	417	24
682	5	417	24
682	5	1200	28
682	5	1461	30
683	5	1043	28
683	5	1304	30
684	5	469	24
684	5	1200	30
684	5	1513	28
685	5	417	24
685	5	1930	28
685	5	2191	30
686	5	417	24
686	5	939	27
686	5	1252	28
686	5	1513	30
687	5	469	24
688	5	1043	28
688	5	1304	30
689	5	469	24
689	5	1513	30
689	5	1565	28
690	5	469	24
690	5	2295	28
691	5	521	24
691	5	834	30
691	5	2035	28
692	5	469	24
692	5	1043	28
692	5	1304	30
693	5	521	24
693	5	1043	30
693	5	1356	28
694	5	417	24
694	5	991	28
694	5	1252	30
695	5	417	24
695	5	678	30
695	5	730	27
696	5	521	24
696	5	1669	30
697	5	417	24
697	5	887	27
697	5	1200	28
697	5	1461	30
698	5	469	24
698	5	1826	30
698	5	2139	28
699	5	521	24
699	5	1252	28
699	5	1513	30
700	5	417	24
700	5	2139	30
700	5	2191	28
701	5	574	24
701	5	1200	30
701	5	1252	28
702	5	521	24
703	5	417	24
703	5	887	27
703	5	1200	28
703	5	1461	30
704	5	1565	28
704	5	1826	30
705	5	417	24
705	5	1513	28
705	5	1774	30
706	5	521	24
706	5	782	30
706	5	834	27
707	5	417	24
707	5	991	28
707	5	1252	30
708	5	417	24
708	5	1252	30
708	5	1565	28
709	5	521	24
709	5	991	28
709	5	1252	30
710	5	417	24
710	5	939	27
710	5	1252	28
710	5	1513	30
711	5	417	24
711	5	1408	28
711	5	1669	30
712	5	521	24
712	5	1200	30
712	5	1669	28
713	5	469	24
714	5	521	24
714	5	730	29
714	5	1043	28
715	5	417	24
715	5	1408	28
715	5	1669	30
716	5	417	24
716	5	730	29
717	5	469	24
717	5	1252	30
717	5	1304	28
717	5	2295	25
718	5	469	24
718	5	887	27
718	5	1200	28
718	5	1461	30
719	5	417	24
720	5	1095	28
720	5	1356	30
721	5	417	24
721	5	1200	28
721	5	1461	30
722	5	417	24
722	5	678	30
722	5	730	27
723	5	521	24
723	5	1826	30
724	5	417	24
724	5	1982	30
725	5	469	24
725	5	887	30
725	5	1252	28
726	5	521	24
726	5	1095	30
726	5	1148	28
727	5	469	24
728	5	1513	28
728	5	1774	30
729	5	417	24
729	5	887	30
729	5	939	27
730	5	521	24
730	5	1200	30
730	5	1252	28
731	5	417	24
731	5	730	27
731	5	1043	28
731	5	1304	30
732	5	521	24
732	5	1461	30
733	5	469	24
733	5	834	30
733	5	887	27
734	5	417	24
734	5	782	27
734	5	1095	28
734	5	1356	30
735	5	1878	28
735	5	2139	30
736	5	626	24
736	5	1565	28
736	5	1826	30
737	5	521	24
737	5	939	27
737	5	1252	28
737	5	1513	30
738	5	521	24
738	5	991	28
738	5	1252	30
739	5	469	24
739	5	1304	30
739	5	1669	28
740	5	469	24
741	5	417	24
741	5	1043	30
742	5	469	24
742	5	782	27
742	5	1095	28
742	5	1356	30
742	5	2295	25
743	5	417	24
743	5	782	27
743	5	1095	28
743	5	1356	30
744	5	1043	28
744	5	1304	30
745	5	469	24
745	5	2087	28
746	5	469	24
746	5	1617	28
746	5	1878	30
747	5	417	24
747	5	1461	28
747	5	1722	30
748	5	1826	28
748	5	2087	30
749	5	834	27
749	5	1148	28
749	5	1408	30
750	5	469	24
750	5	1930	28
750	5	2191	30
751	5	678	27
751	5	991	28
751	5	1252	30
752	5	521	24
752	5	1252	28
752	5	1513	30
753	5	521	24
753	5	730	30
753	5	1043	28
754	5	417	24
754	5	834	27
754	5	1148	28
754	5	1408	30
755	5	417	24
755	5	782	30
755	5	834	27
756	5	521	24
756	5	834	30
756	5	887	27
756	5	2243	28
757	5	469	24
757	5	1982	30
757	5	2035	28
758	5	417	24
758	5	730	29
759	5	417	24
760	5	521	24
760	5	2035	28
760	5	2295	30
761	5	417	24
761	5	1461	28
761	5	1722	30
762	5	417	24
762	5	1095	28
762	5	1356	30
763	5	1043	28
763	5	1304	30
764	5	417	24
765	5	521	24
765	5	834	27
765	5	1148	28
765	5	1408	30
766	5	521	24
766	5	939	27
766	5	1252	28
766	5	1513	30
767	5	417	24
767	5	1304	30
767	5	1774	28
768	5	1200	28
768	5	1461	30
769	5	417	24
770	5	1826	28
770	5	2087	30
771	5	417	24
771	5	1461	30
771	5	1513	28
772	5	521	24
772	5	1982	28
772	5	2243	30
773	5	417	24
773	5	1722	30
774	5	469	24
774	5	730	30
774	5	1043	28
775	5	417	24
775	5	2191	28
776	5	521	24
776	5	730	30
776	5	2035	28
777	5	417	24
778	5	417	24
778	5	991	28
778	5	1252	30
779	5	834	27
779	5	1148	28
779	5	1408	30
780	5	521	24
780	5	1930	30
780	5	1982	28
781	5	417	24
781	5	1043	28
781	5	1304	30
782	5	417	24
782	5	1774	28
782	5	2035	30
783	5	1148	28
783	5	1408	30
784	5	521	24
784	5	834	27
784	5	1148	28
784	5	1408	30
785	5	417	24
785	5	1878	30
786	5	417	24
787	5	417	24
787	5	1774	30
787	5	2087	28
788	5	469	24
788	5	939	27
788	5	1252	28
788	5	1513	30
789	5	834	27
789	5	1148	28
789	5	1408	30
790	5	417	24
790	5	1461	28
790	5	1722	30
791	5	417	24
791	5	1982	28
791	5	2243	30
792	5	521	24
792	5	887	30
793	5	417	24
793	5	730	27
793	5	1043	28
793	5	1304	30
794	5	417	24
794	5	730	30
794	5	782	27
795	5	417	24
795	5	2035	28
795	5	2295	30
796	5	417	24
796	5	1826	30
797	5	521	24
797	5	834	27
797	5	1148	28
797	5	1408	30
798	5	626	24
798	5	1669	30
798	5	1722	28
799	5	2035	28
799	5	2295	30
800	5	1095	28
800	5	1356	30
801	5	417	24
801	5	1774	30
801	5	1826	28
802	5	521	24
802	5	1095	28
802	5	1356	30
803	5	521	24
803	5	1095	28
803	5	1356	30
804	5	417	24
804	5	1356	28
804	5	1617	30
805	5	2139	28
806	5	417	24
806	5	1930	28
806	5	2191	30
807	5	521	24
807	5	730	30
807	5	1669	28
808	5	1878	28
808	5	2139	30
809	5	417	24
809	5	2035	30
810	5	417	24
810	5	730	30
810	5	782	27
811	5	469	24
811	5	730	30
811	5	782	27
812	5	521	24
812	5	887	27
812	5	1200	28
812	5	1461	30
813	5	417	24
813	5	1356	28
813	5	1617	30
814	5	417	24
815	5	521	24
815	5	834	27
815	5	1148	28
815	5	1408	30
816	5	730	27
816	5	1043	28
816	5	1304	30
817	5	417	24
818	5	521	24
818	5	1200	28
818	5	1461	30
819	5	417	24
819	5	1930	30
819	5	1982	28
820	5	417	24
820	5	1982	28
820	5	2243	30
821	5	417	24
821	5	1461	30
821	5	1513	28
822	5	469	24
822	5	678	30
822	5	991	28
823	5	417	24
823	5	782	29
823	5	2087	28
824	5	678	27
824	5	991	28
824	5	1252	30
825	5	574	24
825	5	1304	28
825	5	1565	30
826	5	417	24
826	5	1304	28
826	5	1565	30
827	5	417	24
827	5	2139	30
827	5	2191	28
828	5	1148	28
828	5	1408	30
829	5	417	24
829	5	2191	30
830	5	678	27
830	5	991	28
830	5	1252	30
831	5	417	24
831	5	991	28
831	5	1252	30
831	5	2295	25
832	5	521	24
832	5	834	30
832	5	887	27
832	5	2035	28
833	5	417	24
833	5	1513	30
833	5	1565	28
834	5	521	24
834	5	834	30
834	5	887	27
834	5	2191	28
835	5	417	24
835	5	1461	30
835	5	1513	28
836	5	1930	28
836	5	2191	30
837	5	417	24
837	5	1826	28
837	5	2087	30
838	5	417	24
838	5	834	27
838	5	1148	28
838	5	1408	30
839	5	1200	28
839	5	1461	30
840	5	521	24
840	5	678	30
840	5	991	28
841	5	417	24
841	5	782	30
842	5	417	24
842	5	1252	30
842	5	1304	28
843	5	521	24
843	5	730	30
843	5	1043	28
843	5	2191	25
844	5	417	24
844	5	1930	28
844	5	2191	30
845	5	417	24
845	5	1513	30
846	5	1200	28
846	5	1461	30
847	5	417	24
847	5	1513	28
847	5	1774	30
848	5	521	24
848	5	626	30
848	5	939	27
849	5	417	24
850	5	417	24
850	5	887	27
850	5	1200	28
850	5	1461	30
851	5	417	24
852	5	469	24
853	5	1095	28
853	5	1356	30
854	5	730	27
854	5	1043	28
854	5	1304	30
855	5	417	24
855	5	991	28
855	5	1252	30
856	5	417	24
856	5	1722	28
856	5	1982	30
857	5	417	24
857	5	2035	30
857	5	2087	28
858	5	417	24
858	5	1200	28
858	5	1461	30
859	5	417	24
860	5	1304	28
860	5	1565	30
861	5	417	24
861	5	834	30
861	5	887	27
862	5	1252	28
862	5	1513	30
863	5	417	24
863	5	887	27
863	5	1200	28
863	5	1461	30
864	5	521	24
864	5	730	30
864	5	1043	28
865	5	417	24
865	5	887	27
865	5	1200	28
865	5	1461	30
866	5	417	24
866	5	730	30
866	5	782	27
867	5	521	24
867	5	1565	28
867	5	1826	30
868	5	417	24
868	5	939	27
868	5	1252	28
868	5	1513	30
869	5	574	30
869	5	1148	28
870	5	887	27
870	5	1200	28
870	5	1461	30
871	5	991	28
871	5	1252	30
872	5	417	24
873	5	417	24
873	5	782	27
873	5	1095	28
873	5	1356	30
875	5	417	24
875	5	991	28
875	5	1252	30
876	5	417	24
876	5	834	27
876	5	1148	28
876	5	1408	30
877	5	521	24
877	5	782	30
877	5	834	27
878	5	417	24
878	5	1461	30
878	5	1930	28
879	5	417	24
879	5	1513	30
879	5	2035	28
880	5	417	24
880	5	782	29
881	5	521	24
882	5	417	24
882	5	1461	30
883	5	1252	28
883	5	1513	30
884	5	417	24
884	5	887	27
884	5	1200	28
884	5	1461	30
885	5	469	24
885	5	834	27
885	5	1148	28
885	5	1408	30
886	5	417	24
886	5	1826	28
886	5	2087	30
887	5	417	24
887	5	1252	28
887	5	1513	30
888	5	626	24
889	5	417	24
889	5	1826	28
889	5	2087	30
890	5	1148	28
890	5	1408	30
891	5	469	24
891	5	887	27
891	5	1200	28
891	5	1461	30
892	5	417	24
892	5	1878	30
892	5	1930	28
893	5	521	24
893	5	991	28
893	5	1252	30
894	5	469	24
894	5	1356	28
894	5	1617	30
895	5	521	24
895	5	1408	30
895	5	1878	28
896	5	521	24
896	5	939	27
896	5	1252	28
896	5	1513	30
897	5	417	24
897	5	887	27
897	5	1200	28
897	5	1461	30
898	5	417	24
898	5	887	27
898	5	1200	28
898	5	1461	30
899	5	417	24
899	5	834	27
899	5	1148	28
899	5	1408	30
900	5	521	24
900	5	1513	28
900	5	1774	30
901	5	417	24
901	5	730	29
902	5	521	24
902	5	1148	30
902	5	1200	28
903	5	469	24
903	5	939	27
903	5	1252	28
903	5	1513	30
904	5	417	24
905	5	417	24
905	5	1722	28
905	5	1982	30
906	5	417	24
906	5	730	30
907	5	417	24
908	5	417	24
908	5	834	27
908	5	1148	28
908	5	1408	30
909	5	1669	28
909	5	1930	30
910	5	887	27
910	5	1200	28
910	5	1461	30
911	5	521	24
912	5	417	24
912	5	939	27
912	5	1252	28
912	5	1513	30
913	5	1148	28
913	5	1408	30
914	5	521	24
914	5	1148	30
914	5	1200	28
915	5	417	24
915	5	1565	30
915	5	1617	28
916	5	521	24
916	5	939	27
916	5	1252	28
916	5	1513	30
917	5	417	24
917	5	1826	28
917	5	2087	30
918	5	1095	28
918	5	1356	30
919	5	417	24
919	5	1982	28
919	5	2243	30
920	5	521	24
920	5	1878	28
920	5	2139	30
921	5	417	24
922	5	417	24
922	5	1669	28
922	5	1930	30
923	5	1043	28
923	5	1304	30
924	5	417	24
924	5	939	27
924	5	1252	28
924	5	1513	30
925	5	417	24
925	5	834	30
925	5	887	27
926	5	417	24
926	5	991	30
926	5	1043	28
927	5	469	24
927	5	1304	28
927	5	1565	30
929	5	521	24
929	5	991	28
929	5	1252	30
930	5	626	24
931	5	417	24
931	5	782	30
931	5	834	27
932	5	417	24
932	5	1408	30
932	5	1826	28
933	5	417	24
933	5	1461	30
933	5	1513	28
934	5	626	24
934	5	1356	30
934	5	1774	28
935	5	521	24
935	5	887	27
935	5	1200	28
935	5	1461	30
936	5	521	24
936	5	1826	28
936	5	2087	30
937	5	521	24
937	5	1982	28
937	5	2243	30
938	5	521	30
938	5	1252	28
939	5	417	24
940	5	417	24
940	5	1095	28
940	5	1356	30
941	5	469	24
941	5	782	27
941	5	1095	28
941	5	1356	30
942	5	417	24
942	5	678	30
942	5	991	28
943	5	521	24
944	5	469	24
944	5	1408	28
944	5	1669	30
945	5	1200	28
945	5	1461	30
946	5	521	24
946	5	1304	28
946	5	1565	30
947	5	521	24
947	5	834	27
947	5	1148	28
947	5	1408	30
948	5	469	24
948	5	834	27
948	5	1148	28
948	5	1408	30
949	5	521	24
949	5	782	30
949	5	834	27
950	5	417	24
950	5	782	29
951	5	1565	28
951	5	1826	30
952	5	417	24
953	5	521	24
953	5	834	27
953	5	1148	28
953	5	1408	30
954	5	417	24
954	5	730	27
954	5	1043	28
954	5	1304	30
955	5	417	24
956	5	469	24
957	5	417	24
958	5	574	24
958	5	2139	28
959	5	1669	28
959	5	1930	30
960	5	521	24
960	5	1148	28
960	5	1408	30
961	5	469	24
961	5	1043	30
961	5	1095	28
962	5	469	24
962	5	2139	30
963	5	521	24
963	5	887	27
963	5	1200	28
963	5	1461	30
964	5	417	24
964	5	887	27
964	5	1200	28
964	5	1461	30
965	5	574	24
965	5	1304	30
965	5	1356	28
966	5	417	24
966	5	730	30
966	5	1408	28
967	5	730	27
967	5	1043	28
967	5	1304	30
968	5	417	24
968	5	1408	28
968	5	1669	30
969	5	417	24
969	5	1148	30
969	5	1200	28
970	5	469	24
971	5	521	24
971	5	939	27
971	5	1252	28
971	5	1513	30
972	5	521	24
972	5	678	29
972	5	991	28
973	5	521	24
974	5	417	24
974	5	939	30
975	5	417	24
975	5	1930	28
975	5	2191	30
976	5	521	24
976	5	991	30
976	5	1304	28
977	5	1356	28
977	5	1617	30
978	5	521	24
978	5	887	27
978	5	1200	28
978	5	1461	30
979	5	1200	28
979	5	1461	30
980	5	417	24
980	5	2191	30
981	5	417	24
981	5	1200	30
981	5	1252	28
982	5	469	24
982	5	991	28
982	5	1252	30
983	5	469	24
983	5	782	27
983	5	1095	28
983	5	1356	30
984	5	574	30
984	5	1200	28
985	5	1043	28
985	5	1304	30
986	5	2035	28
986	5	2295	30
987	5	417	24
987	5	1930	28
987	5	2191	30
988	5	521	24
988	5	1461	28
988	5	1722	30
989	5	417	24
989	5	782	27
989	5	1095	28
989	5	1356	30
990	5	1356	28
990	5	1617	30
991	5	417	24
992	5	417	24
993	5	521	24
994	5	417	24
995	5	521	24
995	5	730	30
995	5	1043	28
996	5	417	24
996	5	1722	30
996	5	1774	28
997	5	417	24
998	5	417	24
998	5	1043	28
998	5	1304	30
999	5	1200	28
999	5	1461	30
