Realization	utility	week	infra.
0	0	939	29
1	0	939	29
2	0	521	29
3	0	1356	29
4	0	626	29
4	0	2191	30
5	0	1982	29
6	0	521	29
7	0	1095	29
8	0	1252	29
9	0	2139	29
10	0	574	29
12	0	1200	29
13	0	1200	29
14	0	521	29
15	0	521	29
16	0	1200	29
17	0	626	29
18	0	469	29
19	0	2087	29
20	0	1356	29
21	0	469	29
22	0	1043	29
23	0	991	29
24	0	521	29
25	0	1774	29
26	0	574	29
27	0	521	29
28	0	626	29
28	0	2295	30
29	0	939	29
30	0	1461	29
31	0	1982	29
32	0	1304	29
33	0	574	29
34	0	626	29
34	0	2295	30
35	0	1200	29
36	0	1252	29
37	0	2139	29
39	0	1408	29
40	0	626	29
40	0	2087	30
41	0	1461	29
41	0	2295	30
42	0	1356	29
43	0	469	29
44	0	1774	29
45	0	1356	29
46	0	521	29
47	0	1304	29
48	0	2139	29
49	0	521	29
50	0	1669	29
51	0	1722	29
52	0	1095	29
53	0	521	29
53	0	2243	30
56	0	1356	29
57	0	521	29
58	0	521	29
59	0	626	29
60	0	1252	29
61	0	2035	29
62	0	626	29
63	0	574	29
64	0	2087	29
65	0	626	29
66	0	1461	29
67	0	626	29
68	0	1617	29
69	0	991	29
70	0	574	29
71	0	1304	29
73	0	1774	29
74	0	991	29
75	0	1304	29
76	0	1565	29
77	0	1565	29
78	0	1461	29
79	0	939	29
80	0	1565	29
81	0	1982	29
82	0	1982	29
83	0	1148	29
84	0	1930	29
85	0	1774	29
86	0	1252	29
87	0	469	29
87	0	2087	30
88	0	574	29
89	0	939	29
90	0	1513	29
92	0	939	29
93	0	1408	29
94	0	1878	29
95	0	991	29
96	0	1148	29
97	0	1356	29
98	0	1826	29
99	0	1200	29
100	0	1461	29
101	0	1774	29
102	0	574	29
103	0	991	29
104	0	469	29
106	0	626	29
106	0	1878	30
107	0	626	29
108	0	626	29
109	0	1356	29
110	0	626	29
111	0	2035	29
112	0	626	29
113	0	521	29
114	0	2087	29
115	0	1617	29
116	0	1565	29
117	0	1513	29
118	0	1356	29
119	0	1408	29
120	0	991	29
121	0	1356	29
122	0	991	29
123	0	2087	29
124	0	991	29
125	0	521	29
126	0	521	29
127	0	991	29
128	0	626	29
129	0	1252	29
130	0	521	29
131	0	1252	29
131	0	2087	30
132	0	626	29
133	0	1513	29
134	0	939	29
135	0	1200	29
136	0	521	29
136	0	1878	30
137	0	574	29
138	0	626	29
138	0	2191	30
139	0	1043	29
139	0	2035	30
140	0	1826	29
141	0	574	29
142	0	939	29
143	0	1408	29
145	0	1356	29
146	0	626	29
147	0	1356	29
148	0	1513	29
149	0	991	29
150	0	521	29
151	0	991	29
152	0	521	29
153	0	574	29
154	0	1095	29
155	0	574	29
156	0	574	29
158	0	521	29
159	0	626	29
160	0	574	29
161	0	1722	29
162	0	1148	29
163	0	1200	29
164	0	521	29
165	0	521	29
166	0	1982	29
167	0	1304	29
169	0	991	29
170	0	991	29
171	0	1043	29
172	0	1252	29
173	0	1461	29
174	0	939	29
175	0	1356	29
175	0	2295	30
176	0	574	29
177	0	1826	29
178	0	2191	29
179	0	626	29
180	0	2087	29
181	0	574	29
182	0	626	29
183	0	521	29
184	0	1148	29
185	0	1200	29
187	0	626	29
188	0	1200	29
189	0	1356	29
189	0	2243	30
190	0	1304	29
191	0	991	29
192	0	1304	29
193	0	1513	29
194	0	574	29
196	0	521	29
196	0	1878	30
198	0	1304	29
199	0	574	29
200	0	1356	29
201	0	1930	29
202	0	1043	29
203	0	939	29
204	0	626	29
205	0	1461	29
206	0	574	29
206	0	1826	30
207	0	1200	29
208	0	521	29
210	0	469	29
211	0	1669	29
212	0	939	29
213	0	1774	29
214	0	991	29
215	0	1408	29
216	0	1095	29
217	0	1356	29
218	0	626	29
220	0	1565	29
221	0	574	29
222	0	2087	29
223	0	991	29
224	0	991	29
225	0	626	29
226	0	521	29
227	0	2087	29
228	0	521	29
229	0	626	29
230	0	521	29
231	0	521	29
232	0	626	29
233	0	1461	29
235	0	1565	29
236	0	1095	29
237	0	991	29
238	0	1252	29
239	0	1356	29
240	0	626	29
241	0	574	29
242	0	1304	29
243	0	521	29
243	0	2191	30
244	0	469	29
245	0	1304	29
246	0	2191	29
248	0	574	29
249	0	939	29
250	0	574	29
251	0	521	29
252	0	1408	29
253	0	991	29
255	0	1043	29
256	0	939	29
257	0	1304	29
258	0	939	29
259	0	626	29
260	0	521	29
262	0	991	29
263	0	626	29
264	0	1774	29
265	0	2191	29
266	0	626	29
267	0	574	29
268	0	1148	29
269	0	1200	29
270	0	626	29
271	0	1304	29
271	0	2243	30
272	0	521	29
272	0	2035	30
274	0	1304	29
275	0	1669	29
276	0	2295	29
277	0	626	29
278	0	1669	29
279	0	1356	29
280	0	626	29
282	0	1669	29
283	0	1356	29
284	0	626	29
284	0	2087	30
285	0	1304	29
286	0	521	29
286	0	2243	30
287	0	1356	29
288	0	1617	29
289	0	1200	29
292	0	1617	29
293	0	574	29
294	0	626	29
295	0	1200	29
296	0	626	29
297	0	1461	29
298	0	991	29
299	0	626	29
300	0	1148	29
301	0	574	29
302	0	1356	29
303	0	521	29
303	0	1982	30
304	0	574	29
306	0	521	29
307	0	574	29
308	0	574	29
309	0	574	29
309	0	2139	30
310	0	1200	29
310	0	2295	30
311	0	1043	29
312	0	1148	29
313	0	626	29
314	0	1408	29
315	0	1356	29
316	0	2243	29
317	0	1408	29
318	0	1565	29
319	0	1356	29
320	0	1408	29
321	0	939	29
322	0	521	29
323	0	2035	29
324	0	1513	29
325	0	1408	29
326	0	939	29
327	0	1304	29
328	0	939	29
329	0	1461	29
330	0	939	29
331	0	991	29
332	0	1252	29
333	0	626	29
334	0	1356	29
335	0	626	29
336	0	1408	29
337	0	991	29
338	0	1200	29
339	0	1826	29
340	0	1304	29
341	0	1356	29
342	0	521	29
343	0	626	29
344	0	2139	29
345	0	521	29
346	0	469	29
347	0	1565	29
348	0	626	29
349	0	1043	29
350	0	2139	29
351	0	626	29
352	0	521	29
353	0	1408	29
354	0	521	29
356	0	939	29
357	0	1617	29
358	0	1148	29
360	0	574	29
361	0	1461	29
362	0	1252	29
364	0	626	29
365	0	1722	29
366	0	939	29
367	0	626	29
368	0	626	29
368	0	1930	30
369	0	626	29
370	0	991	29
371	0	521	29
372	0	939	29
373	0	1043	29
374	0	1617	29
375	0	1408	29
376	0	626	29
377	0	1408	29
378	0	1252	29
379	0	1461	29
381	0	574	29
382	0	1878	29
383	0	1461	29
384	0	1461	29
385	0	574	29
386	0	469	29
387	0	1200	29
388	0	2243	29
389	0	991	29
390	0	626	29
391	0	1200	29
392	0	1043	29
393	0	574	29
394	0	2035	29
396	0	626	29
396	0	1878	30
397	0	1356	29
398	0	521	29
399	0	521	29
400	0	1669	29
402	0	1408	29
403	0	2139	29
404	0	991	29
405	0	1252	29
406	0	626	29
407	0	1304	29
409	0	1200	29
410	0	1043	29
411	0	469	29
411	0	2295	30
412	0	991	29
412	0	1982	30
413	0	626	29
413	0	1878	30
414	0	521	29
415	0	1304	29
416	0	1461	29
417	0	1617	29
418	0	626	29
419	0	469	29
420	0	1043	29
421	0	2139	29
422	0	991	29
423	0	1095	29
424	0	574	29
424	0	2087	30
425	0	1878	29
426	0	1304	29
426	0	2191	30
427	0	2243	29
428	0	626	29
429	0	521	29
430	0	626	29
431	0	574	29
432	0	1148	29
433	0	1513	29
434	0	1095	29
434	0	2139	30
435	0	521	29
436	0	991	29
437	0	574	29
438	0	574	29
439	0	1095	29
440	0	574	29
441	0	1826	29
442	0	1722	29
443	0	626	29
444	0	1722	29
445	0	626	29
446	0	2087	29
447	0	1669	29
448	0	1095	29
449	0	2243	29
451	0	939	29
451	0	1982	30
452	0	521	29
453	0	574	29
454	0	1461	29
455	0	1304	29
455	0	2295	30
456	0	1461	29
457	0	626	29
458	0	1669	29
459	0	1043	29
460	0	626	29
461	0	521	29
462	0	521	29
463	0	1200	29
464	0	1043	29
465	0	1722	29
466	0	991	29
467	0	521	29
468	0	626	29
469	0	574	29
470	0	1565	29
471	0	1304	29
472	0	521	29
473	0	574	29
474	0	574	29
475	0	1095	29
476	0	1461	29
477	0	1095	29
478	0	2295	29
480	0	574	29
481	0	1148	29
482	0	2035	29
483	0	1826	29
484	0	2243	29
485	0	1356	29
486	0	1461	29
487	0	626	29
488	0	1408	29
489	0	626	29
490	0	939	29
490	0	2035	30
491	0	1722	29
492	0	1095	29
492	0	2191	30
493	0	626	29
494	0	2035	29
495	0	991	29
496	0	521	29
497	0	521	29
498	0	1722	29
500	0	626	29
500	0	2035	30
501	0	1408	29
502	0	626	29
503	0	626	29
503	0	1878	30
504	0	2087	29
505	0	1408	29
506	0	1200	29
507	0	1774	29
508	0	991	29
510	0	2139	29
512	0	1095	29
512	0	2139	30
513	0	1095	29
514	0	1408	29
515	0	626	29
516	0	1513	29
517	0	1461	29
518	0	1095	29
519	0	521	29
520	0	626	29
521	0	626	29
522	0	1356	29
523	0	1252	29
524	0	2243	29
525	0	1148	29
526	0	2139	29
527	0	521	29
528	0	626	29
529	0	939	29
529	0	1930	30
530	0	1408	29
531	0	1304	29
532	0	1095	29
533	0	2139	29
534	0	939	29
535	0	1722	29
536	0	1461	29
537	0	1408	29
538	0	521	29
539	0	626	29
540	0	2139	29
541	0	521	29
542	0	1148	29
543	0	1304	29
544	0	521	29
544	0	2295	30
545	0	939	29
546	0	1356	29
547	0	1252	29
548	0	1461	29
549	0	1461	29
550	0	521	29
550	0	2139	30
551	0	521	29
551	0	2139	30
552	0	1513	29
553	0	626	29
554	0	521	29
555	0	521	29
555	0	1930	30
556	0	626	29
557	0	1565	29
558	0	469	29
559	0	1148	29
560	0	1513	29
561	0	991	29
562	0	1095	29
563	0	626	29
564	0	1461	29
565	0	626	29
565	0	2295	30
566	0	521	29
567	0	626	29
568	0	626	29
569	0	1043	29
570	0	1513	29
571	0	574	29
572	0	1565	29
575	0	574	29
576	0	1304	29
577	0	939	29
578	0	1148	29
579	0	939	29
580	0	2035	29
581	0	1252	29
581	0	2243	30
582	0	626	29
583	0	939	29
584	0	1878	29
585	0	626	29
585	0	1878	30
586	0	574	29
587	0	521	29
588	0	1356	29
589	0	521	29
590	0	1252	29
591	0	1669	29
593	0	574	29
594	0	939	29
595	0	626	29
595	0	2139	30
596	0	574	29
598	0	574	29
599	0	626	29
600	0	1722	29
601	0	1617	29
602	0	1356	29
603	0	939	29
604	0	991	29
604	0	2243	30
605	0	1304	29
606	0	626	29
607	0	521	29
608	0	521	29
611	0	626	29
612	0	1304	29
613	0	1408	29
614	0	1356	29
615	0	1043	29
616	0	1200	29
617	0	2139	29
618	0	2191	29
619	0	1043	29
620	0	626	29
621	0	1095	29
622	0	521	29
623	0	1304	29
624	0	521	29
625	0	1304	29
626	0	469	29
627	0	1356	29
628	0	1513	29
629	0	1043	29
630	0	939	29
631	0	574	29
632	0	626	29
633	0	1669	29
634	0	1356	29
635	0	1565	29
637	0	1148	29
638	0	2087	29
639	0	521	29
640	0	939	29
641	0	521	29
642	0	1356	29
644	0	2243	29
645	0	939	29
646	0	626	29
647	0	1565	29
648	0	939	29
649	0	1304	29
650	0	1669	29
652	0	1461	29
653	0	1408	29
654	0	991	29
655	0	626	29
656	0	574	29
657	0	521	29
658	0	1200	29
659	0	1356	29
660	0	991	29
661	0	1252	29
662	0	574	29
663	0	1200	29
664	0	1200	29
665	0	1200	29
666	0	939	29
667	0	521	29
668	0	1095	29
669	0	991	29
670	0	1043	29
671	0	1200	29
672	0	939	29
673	0	939	29
674	0	626	29
675	0	1252	29
676	0	626	29
677	0	991	29
678	0	626	29
679	0	1304	29
680	0	1148	29
681	0	1095	29
682	0	521	29
683	0	1356	29
684	0	1252	29
685	0	521	29
686	0	626	29
687	0	1565	29
688	0	1356	29
689	0	1356	29
690	0	574	29
691	0	1148	29
692	0	521	29
693	0	574	29
694	0	1356	29
695	0	574	29
696	0	1043	29
697	0	574	29
698	0	1617	29
699	0	574	29
700	0	521	29
701	0	1043	29
701	0	2191	30
702	0	574	29
703	0	521	29
704	0	2139	29
705	0	1095	29
706	0	521	29
707	0	626	29
708	0	1304	29
709	0	521	29
710	0	521	29
711	0	1252	29
711	0	2295	30
712	0	939	29
713	0	1722	29
714	0	991	29
715	0	939	29
716	0	626	29
717	0	1252	29
717	0	2139	30
718	0	521	29
719	0	1043	29
720	0	2139	29
721	0	626	29
722	0	521	29
723	0	939	29
724	0	626	29
725	0	1252	29
726	0	574	29
727	0	1356	29
728	0	2087	29
729	0	2035	29
730	0	1617	29
731	0	626	29
732	0	1982	29
733	0	626	29
734	0	521	29
735	0	2139	29
736	0	1200	29
737	0	1252	29
738	0	574	29
739	0	1304	29
741	0	521	29
742	0	939	29
743	0	574	29
744	0	1356	29
745	0	1095	29
746	0	1461	29
748	0	2139	29
749	0	1356	29
750	0	2139	29
751	0	1200	29
752	0	991	29
752	0	2191	30
753	0	626	29
753	0	2295	30
754	0	626	29
755	0	626	29
756	0	626	29
757	0	1669	29
758	0	626	29
759	0	1461	29
760	0	574	29
761	0	626	29
762	0	574	29
763	0	1356	29
765	0	521	29
767	0	1304	29
768	0	1565	29
769	0	939	29
770	0	2139	29
771	0	1304	29
772	0	991	29
773	0	1617	29
774	0	521	29
775	0	1304	29
776	0	521	29
776	0	2243	30
777	0	2139	29
778	0	1826	29
779	0	2139	29
780	0	2191	29
781	0	574	29
782	0	521	29
783	0	1617	29
784	0	521	29
785	0	2139	29
786	0	626	29
787	0	1461	29
788	0	521	29
789	0	1304	29
789	0	2295	30
790	0	991	29
791	0	1461	29
793	0	521	29
794	0	574	29
795	0	1513	29
796	0	1461	29
797	0	1878	29
798	0	1095	29
800	0	1408	29
801	0	1513	29
802	0	521	29
803	0	1356	29
804	0	521	29
806	0	1565	29
807	0	939	29
807	0	1930	30
808	0	2139	29
809	0	1930	29
810	0	521	29
811	0	939	29
812	0	469	29
815	0	469	29
816	0	1304	29
817	0	2295	29
818	0	574	29
819	0	1565	29
820	0	574	29
821	0	1356	29
822	0	574	29
823	0	939	29
823	0	2191	30
824	0	1252	29
825	0	1095	29
826	0	1043	29
827	0	991	29
828	0	1408	29
829	0	2139	29
830	0	1200	29
831	0	521	29
831	0	2243	30
832	0	1095	29
832	0	2139	30
833	0	1356	29
834	0	1148	29
835	0	1982	29
836	0	2243	29
837	0	1304	29
838	0	469	29
839	0	1565	29
840	0	469	29
840	0	1878	30
841	0	521	29
842	0	939	29
842	0	2295	30
843	0	991	29
843	0	2035	30
844	0	1304	29
845	0	1408	29
846	0	1565	29
847	0	1356	29
848	0	521	29
849	0	2087	29
850	0	574	29
852	0	991	29
853	0	1461	29
854	0	1304	29
855	0	521	29
857	0	1408	29
858	0	1408	29
859	0	939	29
860	0	1722	29
862	0	1669	29
863	0	521	29
864	0	521	29
864	0	2295	30
865	0	521	29
866	0	626	29
867	0	626	29
868	0	521	29
869	0	1095	29
870	0	1304	29
871	0	1356	29
873	0	991	29
875	0	469	29
877	0	574	29
878	0	1356	29
879	0	574	29
880	0	939	29
881	0	1043	29
882	0	1461	29
883	0	1774	29
884	0	626	29
885	0	991	29
886	0	1043	29
887	0	1617	29
888	0	1095	29
889	0	1513	29
890	0	1461	29
891	0	1669	29
892	0	1669	29
894	0	1982	29
895	0	574	29
897	0	521	29
898	0	521	29
899	0	1095	29
900	0	1043	29
901	0	991	29
902	0	939	29
902	0	2243	30
903	0	469	29
905	0	1304	29
906	0	521	29
907	0	2139	29
908	0	1200	29
909	0	2139	29
910	0	1304	29
911	0	1043	29
912	0	521	29
913	0	1461	29
914	0	939	29
915	0	1356	29
916	0	626	29
917	0	626	29
918	0	1408	29
919	0	1408	29
920	0	939	29
921	0	626	29
922	0	574	29
923	0	1356	29
924	0	521	29
926	0	1304	29
927	0	991	29
929	0	1304	29
930	0	1200	29
931	0	626	29
932	0	1304	29
933	0	1408	29
934	0	1148	29
935	0	469	29
936	0	626	29
937	0	991	29
938	0	1148	29
939	0	1304	29
940	0	521	29
941	0	521	29
942	0	521	29
943	0	626	29
944	0	574	29
945	0	1565	29
946	0	626	29
947	0	1043	29
947	0	2035	30
948	0	1200	29
949	0	469	29
949	0	1982	30
950	0	939	29
951	0	2191	29
952	0	2087	29
953	0	1095	29
954	0	521	29
955	0	1722	29
956	0	626	29
957	0	1513	29
958	0	1095	29
960	0	1461	29
961	0	1461	29
962	0	2191	29
963	0	1930	29
964	0	521	29
965	0	1043	29
966	0	574	29
967	0	1408	29
968	0	521	29
969	0	574	29
969	0	2295	30
971	0	626	29
972	0	574	29
972	0	2035	30
973	0	574	29
974	0	521	29
975	0	1408	29
976	0	521	29
977	0	1930	29
978	0	521	29
979	0	1513	29
980	0	1774	29
981	0	1095	29
982	0	521	29
983	0	574	29
984	0	1148	29
985	0	1304	29
987	0	1304	29
988	0	1878	29
989	0	574	29
990	0	1826	29
992	0	1930	29
993	0	991	29
994	0	2139	29
995	0	626	29
996	0	1356	29
998	0	521	29
998	0	2243	30
999	0	1513	29
0	1	939	29
1	1	939	29
2	1	521	29
3	1	1356	29
4	1	626	29
4	1	2191	30
5	1	1982	29
6	1	521	29
7	1	1095	29
8	1	1252	29
9	1	2139	29
10	1	574	29
12	1	1200	29
13	1	1200	29
14	1	521	29
15	1	521	29
16	1	1200	29
17	1	626	29
18	1	469	29
19	1	2087	29
20	1	1356	29
21	1	469	29
22	1	1043	29
23	1	991	29
24	1	521	29
25	1	1774	29
26	1	574	29
27	1	521	29
28	1	626	29
28	1	2295	30
29	1	939	29
30	1	1461	29
31	1	1982	29
32	1	1304	29
33	1	574	29
34	1	626	29
34	1	2295	30
35	1	1200	29
36	1	1252	29
37	1	2139	29
39	1	1408	29
40	1	626	29
40	1	2087	30
41	1	1461	29
41	1	2295	30
42	1	1356	29
43	1	469	29
44	1	1774	29
45	1	1356	29
46	1	521	29
47	1	1304	29
48	1	2139	29
49	1	521	29
50	1	1669	29
51	1	1722	29
52	1	1095	29
53	1	521	29
53	1	2243	30
56	1	1356	29
57	1	521	29
58	1	521	29
59	1	626	29
60	1	1252	29
61	1	2035	29
62	1	626	29
63	1	574	29
64	1	2087	29
65	1	626	29
66	1	1461	29
67	1	626	29
68	1	1617	29
69	1	991	29
70	1	574	29
71	1	1304	29
73	1	1774	29
74	1	991	29
75	1	1304	29
76	1	1565	29
77	1	1565	29
78	1	1461	29
79	1	939	29
80	1	1565	29
81	1	1982	29
82	1	1982	29
83	1	1148	29
84	1	1930	29
85	1	1774	29
86	1	1252	29
87	1	469	29
87	1	2087	30
88	1	574	29
89	1	939	29
90	1	1513	29
92	1	939	29
93	1	1408	29
94	1	1878	29
95	1	991	29
96	1	1148	29
97	1	1356	29
98	1	1826	29
99	1	1200	29
100	1	1461	29
101	1	1774	29
102	1	574	29
103	1	991	29
104	1	469	29
106	1	626	29
106	1	1878	30
107	1	626	29
108	1	626	29
109	1	1356	29
110	1	626	29
111	1	2035	29
112	1	626	29
113	1	521	29
114	1	2087	29
115	1	1617	29
116	1	1565	29
117	1	1513	29
118	1	1356	29
119	1	1408	29
120	1	991	29
121	1	1356	29
122	1	991	29
123	1	2087	29
124	1	991	29
125	1	521	29
126	1	521	29
127	1	991	29
128	1	626	29
129	1	1252	29
130	1	521	29
131	1	1252	29
131	1	2087	30
132	1	626	29
133	1	1513	29
134	1	939	29
135	1	1200	29
136	1	521	29
136	1	1878	30
137	1	574	29
138	1	626	29
138	1	2191	30
139	1	1043	29
139	1	2035	30
140	1	1826	29
141	1	574	29
142	1	939	29
143	1	1408	29
145	1	1356	29
146	1	626	29
147	1	1356	29
148	1	1513	29
149	1	991	29
150	1	521	29
151	1	991	29
152	1	521	29
153	1	574	29
154	1	1095	29
155	1	574	29
156	1	574	29
158	1	521	29
159	1	626	29
160	1	574	29
161	1	1722	29
162	1	1148	29
163	1	1200	29
164	1	521	29
165	1	521	29
166	1	1982	29
167	1	1304	29
169	1	991	29
170	1	991	29
171	1	1043	29
172	1	1252	29
173	1	1461	29
174	1	939	29
175	1	1356	29
175	1	2295	30
176	1	574	29
177	1	1826	29
178	1	2191	29
179	1	626	29
180	1	2087	29
181	1	574	29
182	1	626	29
183	1	521	29
184	1	1148	29
185	1	1200	29
187	1	626	29
188	1	1200	29
189	1	1356	29
189	1	2243	30
190	1	1304	29
191	1	991	29
192	1	1304	29
193	1	1513	29
194	1	574	29
196	1	521	29
196	1	1878	30
198	1	1304	29
199	1	574	29
200	1	1356	29
201	1	1930	29
202	1	1043	29
203	1	939	29
204	1	626	29
205	1	1461	29
206	1	574	29
206	1	1826	30
207	1	1200	29
208	1	521	29
210	1	469	29
211	1	1669	29
212	1	939	29
213	1	1774	29
214	1	991	29
215	1	1408	29
216	1	1095	29
217	1	1356	29
218	1	626	29
220	1	1565	29
221	1	574	29
222	1	2087	29
223	1	991	29
224	1	991	29
225	1	626	29
226	1	521	29
227	1	2087	29
228	1	521	29
229	1	626	29
230	1	521	29
231	1	521	29
232	1	626	29
233	1	1461	29
235	1	1565	29
236	1	1095	29
237	1	991	29
238	1	1252	29
239	1	1356	29
240	1	626	29
241	1	574	29
242	1	1304	29
243	1	521	29
243	1	2191	30
244	1	469	29
245	1	1304	29
246	1	2191	29
248	1	574	29
249	1	939	29
250	1	574	29
251	1	521	29
252	1	1408	29
253	1	991	29
255	1	1043	29
256	1	939	29
257	1	1304	29
258	1	939	29
259	1	626	29
260	1	521	29
262	1	991	29
263	1	626	29
264	1	1774	29
265	1	2191	29
266	1	626	29
267	1	574	29
268	1	1148	29
269	1	1200	29
270	1	626	29
271	1	1304	29
271	1	2243	30
272	1	521	29
272	1	2035	30
274	1	1304	29
275	1	1669	29
276	1	2295	29
277	1	626	29
278	1	1669	29
279	1	1356	29
280	1	626	29
282	1	1669	29
283	1	1356	29
284	1	626	29
284	1	2087	30
285	1	1304	29
286	1	521	29
286	1	2243	30
287	1	1356	29
288	1	1617	29
289	1	1200	29
292	1	1617	29
293	1	574	29
294	1	626	29
295	1	1200	29
296	1	626	29
297	1	1461	29
298	1	991	29
299	1	626	29
300	1	1148	29
301	1	574	29
302	1	1356	29
303	1	521	29
303	1	1982	30
304	1	574	29
306	1	521	29
307	1	574	29
308	1	574	29
309	1	574	29
309	1	2139	30
310	1	1200	29
310	1	2295	30
311	1	1043	29
312	1	1148	29
313	1	626	29
314	1	1408	29
315	1	1356	29
316	1	2243	29
317	1	1408	29
318	1	1565	29
319	1	1356	29
320	1	1408	29
321	1	939	29
322	1	521	29
323	1	2035	29
324	1	1513	29
325	1	1408	29
326	1	939	29
327	1	1304	29
328	1	939	29
329	1	1461	29
330	1	939	29
331	1	991	29
332	1	1252	29
333	1	626	29
334	1	1356	29
335	1	626	29
336	1	1408	29
337	1	991	29
338	1	1200	29
339	1	1826	29
340	1	1304	29
341	1	1356	29
342	1	521	29
343	1	626	29
344	1	2139	29
345	1	521	29
346	1	469	29
347	1	1565	29
348	1	626	29
349	1	1043	29
350	1	2139	29
351	1	626	29
352	1	521	29
353	1	1408	29
354	1	521	29
356	1	939	29
357	1	1617	29
358	1	1148	29
360	1	574	29
361	1	1461	29
362	1	1252	29
364	1	626	29
365	1	1722	29
366	1	939	29
367	1	626	29
368	1	626	29
368	1	1930	30
369	1	626	29
370	1	991	29
371	1	521	29
372	1	939	29
373	1	1043	29
374	1	1617	29
375	1	1408	29
376	1	626	29
377	1	1408	29
378	1	1252	29
379	1	1461	29
381	1	574	29
382	1	1878	29
383	1	1461	29
384	1	1461	29
385	1	574	29
386	1	469	29
387	1	1200	29
388	1	2243	29
389	1	991	29
390	1	626	29
391	1	1200	29
392	1	1043	29
393	1	574	29
394	1	2035	29
396	1	626	29
396	1	1878	30
397	1	1356	29
398	1	521	29
399	1	521	29
400	1	1669	29
402	1	1408	29
403	1	2139	29
404	1	991	29
405	1	1252	29
406	1	626	29
407	1	1304	29
409	1	1200	29
410	1	1043	29
411	1	469	29
411	1	2295	30
412	1	991	29
412	1	1982	30
413	1	626	29
413	1	1878	30
414	1	521	29
415	1	1304	29
416	1	1461	29
417	1	1617	29
418	1	626	29
419	1	469	29
420	1	1043	29
421	1	2139	29
422	1	991	29
423	1	1095	29
424	1	574	29
424	1	2087	30
425	1	1878	29
426	1	1304	29
426	1	2191	30
427	1	2243	29
428	1	626	29
429	1	521	29
430	1	626	29
431	1	574	29
432	1	1148	29
433	1	1513	29
434	1	1095	29
434	1	2139	30
435	1	521	29
436	1	991	29
437	1	574	29
438	1	574	29
439	1	1095	29
440	1	574	29
441	1	1826	29
442	1	1722	29
443	1	626	29
444	1	1722	29
445	1	626	29
446	1	2087	29
447	1	1669	29
448	1	1095	29
449	1	2243	29
451	1	939	29
451	1	1982	30
452	1	521	29
453	1	574	29
454	1	1461	29
455	1	1304	29
455	1	2295	30
456	1	1461	29
457	1	626	29
458	1	1669	29
459	1	1043	29
460	1	626	29
461	1	521	29
462	1	521	29
463	1	1200	29
464	1	1043	29
465	1	1722	29
466	1	991	29
467	1	521	29
468	1	626	29
469	1	574	29
470	1	1565	29
471	1	1304	29
472	1	521	29
473	1	574	29
474	1	574	29
475	1	1095	29
476	1	1461	29
477	1	1095	29
478	1	2295	29
480	1	574	29
481	1	1148	29
482	1	2035	29
483	1	1826	29
484	1	2243	29
485	1	1356	29
486	1	1461	29
487	1	626	29
488	1	1408	29
489	1	626	29
490	1	939	29
490	1	2035	30
491	1	1722	29
492	1	1095	29
492	1	2191	30
493	1	626	29
494	1	2035	29
495	1	991	29
496	1	521	29
497	1	521	29
498	1	1722	29
500	1	626	29
500	1	2035	30
501	1	1408	29
502	1	626	29
503	1	626	29
503	1	1878	30
504	1	2087	29
505	1	1408	29
506	1	1200	29
507	1	1774	29
508	1	991	29
510	1	2139	29
512	1	1095	29
512	1	2139	30
513	1	1095	29
514	1	1408	29
515	1	626	29
516	1	1513	29
517	1	1461	29
518	1	1095	29
519	1	521	29
520	1	626	29
521	1	626	29
522	1	1356	29
523	1	1252	29
524	1	2243	29
525	1	1148	29
526	1	2139	29
527	1	521	29
528	1	626	29
529	1	939	29
529	1	1930	30
530	1	1408	29
531	1	1304	29
532	1	1095	29
533	1	2139	29
534	1	939	29
535	1	1722	29
536	1	1461	29
537	1	1408	29
538	1	521	29
539	1	626	29
540	1	2139	29
541	1	521	29
542	1	1148	29
543	1	1304	29
544	1	521	29
544	1	2295	30
545	1	939	29
546	1	1356	29
547	1	1252	29
548	1	1461	29
549	1	1461	29
550	1	521	29
550	1	2139	30
551	1	521	29
551	1	2139	30
552	1	1513	29
553	1	626	29
554	1	521	29
555	1	521	29
555	1	1930	30
556	1	626	29
557	1	1565	29
558	1	469	29
559	1	1148	29
560	1	1513	29
561	1	991	29
562	1	1095	29
563	1	626	29
564	1	1461	29
565	1	626	29
565	1	2295	30
566	1	521	29
567	1	626	29
568	1	626	29
569	1	1043	29
570	1	1513	29
571	1	574	29
572	1	1565	29
575	1	574	29
576	1	1304	29
577	1	939	29
578	1	1148	29
579	1	939	29
580	1	2035	29
581	1	1252	29
581	1	2243	30
582	1	626	29
583	1	939	29
584	1	1878	29
585	1	626	29
585	1	1878	30
586	1	574	29
587	1	521	29
588	1	1356	29
589	1	521	29
590	1	1252	29
591	1	1669	29
593	1	574	29
594	1	939	29
595	1	626	29
595	1	2139	30
596	1	574	29
598	1	574	29
599	1	626	29
600	1	1722	29
601	1	1617	29
602	1	1356	29
603	1	939	29
604	1	991	29
604	1	2243	30
605	1	1304	29
606	1	626	29
607	1	521	29
608	1	521	29
611	1	626	29
612	1	1304	29
613	1	1408	29
614	1	1356	29
615	1	1043	29
616	1	1200	29
617	1	2139	29
618	1	2191	29
619	1	1043	29
620	1	626	29
621	1	1095	29
622	1	521	29
623	1	1304	29
624	1	521	29
625	1	1304	29
626	1	469	29
627	1	1356	29
628	1	1513	29
629	1	1043	29
630	1	939	29
631	1	574	29
632	1	626	29
633	1	1669	29
634	1	1356	29
635	1	1565	29
637	1	1148	29
638	1	2087	29
639	1	521	29
640	1	939	29
641	1	521	29
642	1	1356	29
644	1	2243	29
645	1	939	29
646	1	626	29
647	1	1565	29
648	1	939	29
649	1	1304	29
650	1	1669	29
652	1	1461	29
653	1	1408	29
654	1	991	29
655	1	626	29
656	1	574	29
657	1	521	29
658	1	1200	29
659	1	1356	29
660	1	991	29
661	1	1252	29
662	1	574	29
663	1	1200	29
664	1	1200	29
665	1	1200	29
666	1	939	29
667	1	521	29
668	1	1095	29
669	1	991	29
670	1	1043	29
671	1	1200	29
672	1	939	29
673	1	939	29
674	1	626	29
675	1	1252	29
676	1	626	29
677	1	991	29
678	1	626	29
679	1	1304	29
680	1	1148	29
681	1	1095	29
682	1	521	29
683	1	1356	29
684	1	1252	29
685	1	521	29
686	1	626	29
687	1	1565	29
688	1	1356	29
689	1	1356	29
690	1	574	29
691	1	1148	29
692	1	521	29
693	1	574	29
694	1	1356	29
695	1	574	29
696	1	1043	29
697	1	574	29
698	1	1617	29
699	1	574	29
700	1	521	29
701	1	1043	29
701	1	2191	30
702	1	574	29
703	1	521	29
704	1	2139	29
705	1	1095	29
706	1	521	29
707	1	626	29
708	1	1304	29
709	1	521	29
710	1	521	29
711	1	1252	29
711	1	2295	30
712	1	939	29
713	1	1722	29
714	1	991	29
715	1	939	29
716	1	626	29
717	1	1252	29
717	1	2139	30
718	1	521	29
719	1	1043	29
720	1	2139	29
721	1	626	29
722	1	521	29
723	1	939	29
724	1	626	29
725	1	1252	29
726	1	574	29
727	1	1356	29
728	1	2087	29
729	1	2035	29
730	1	1617	29
731	1	626	29
732	1	1982	29
733	1	626	29
734	1	521	29
735	1	2139	29
736	1	1200	29
737	1	1252	29
738	1	574	29
739	1	1304	29
741	1	521	29
742	1	939	29
743	1	574	29
744	1	1356	29
745	1	1095	29
746	1	1461	29
748	1	2139	29
749	1	1356	29
750	1	2139	29
751	1	1200	29
752	1	991	29
752	1	2191	30
753	1	626	29
753	1	2295	30
754	1	626	29
755	1	626	29
756	1	626	29
757	1	1669	29
758	1	626	29
759	1	1461	29
760	1	574	29
761	1	626	29
762	1	574	29
763	1	1356	29
765	1	521	29
767	1	1304	29
768	1	1565	29
769	1	939	29
770	1	2139	29
771	1	1304	29
772	1	991	29
773	1	1617	29
774	1	521	29
775	1	1304	29
776	1	521	29
776	1	2243	30
777	1	2139	29
778	1	1826	29
779	1	2139	29
780	1	2191	29
781	1	574	29
782	1	521	29
783	1	1617	29
784	1	521	29
785	1	2139	29
786	1	626	29
787	1	1461	29
788	1	521	29
789	1	1304	29
789	1	2295	30
790	1	991	29
791	1	1461	29
793	1	521	29
794	1	574	29
795	1	1513	29
796	1	1461	29
797	1	1878	29
798	1	1095	29
800	1	1408	29
801	1	1513	29
802	1	521	29
803	1	1356	29
804	1	521	29
806	1	1565	29
807	1	939	29
807	1	1930	30
808	1	2139	29
809	1	1930	29
810	1	521	29
811	1	939	29
812	1	469	29
815	1	469	29
816	1	1304	29
817	1	2295	29
818	1	574	29
819	1	1565	29
820	1	574	29
821	1	1356	29
822	1	574	29
823	1	939	29
823	1	2191	30
824	1	1252	29
825	1	1095	29
826	1	1043	29
827	1	991	29
828	1	1408	29
829	1	2139	29
830	1	1200	29
831	1	521	29
831	1	2243	30
832	1	1095	29
832	1	2139	30
833	1	1356	29
834	1	1148	29
835	1	1982	29
836	1	2243	29
837	1	1304	29
838	1	469	29
839	1	1565	29
840	1	469	29
840	1	1878	30
841	1	521	29
842	1	939	29
842	1	2295	30
843	1	991	29
843	1	2035	30
844	1	1304	29
845	1	1408	29
846	1	1565	29
847	1	1356	29
848	1	521	29
849	1	2087	29
850	1	574	29
852	1	991	29
853	1	1461	29
854	1	1304	29
855	1	521	29
857	1	1408	29
858	1	1408	29
859	1	939	29
860	1	1722	29
862	1	1669	29
863	1	521	29
864	1	521	29
864	1	2295	30
865	1	521	29
866	1	626	29
867	1	626	29
868	1	521	29
869	1	1095	29
870	1	1304	29
871	1	1356	29
873	1	991	29
875	1	469	29
877	1	574	29
878	1	1356	29
879	1	574	29
880	1	939	29
881	1	1043	29
882	1	1461	29
883	1	1774	29
884	1	626	29
885	1	991	29
886	1	1043	29
887	1	1617	29
888	1	1095	29
889	1	1513	29
890	1	1461	29
891	1	1669	29
892	1	1669	29
894	1	1982	29
895	1	574	29
897	1	521	29
898	1	521	29
899	1	1095	29
900	1	1043	29
901	1	991	29
902	1	939	29
902	1	2243	30
903	1	469	29
905	1	1304	29
906	1	521	29
907	1	2139	29
908	1	1200	29
909	1	2139	29
910	1	1304	29
911	1	1043	29
912	1	521	29
913	1	1461	29
914	1	939	29
915	1	1356	29
916	1	626	29
917	1	626	29
918	1	1408	29
919	1	1408	29
920	1	939	29
921	1	626	29
922	1	574	29
923	1	1356	29
924	1	521	29
926	1	1304	29
927	1	991	29
929	1	1304	29
930	1	1200	29
931	1	626	29
932	1	1304	29
933	1	1408	29
934	1	1148	29
935	1	469	29
936	1	626	29
937	1	991	29
938	1	1148	29
939	1	1304	29
940	1	521	29
941	1	521	29
942	1	521	29
943	1	626	29
944	1	574	29
945	1	1565	29
946	1	626	29
947	1	1043	29
947	1	2035	30
948	1	1200	29
949	1	469	29
949	1	1982	30
950	1	939	29
951	1	2191	29
952	1	2087	29
953	1	1095	29
954	1	521	29
955	1	1722	29
956	1	626	29
957	1	1513	29
958	1	1095	29
960	1	1461	29
961	1	1461	29
962	1	2191	29
963	1	1930	29
964	1	521	29
965	1	1043	29
966	1	574	29
967	1	1408	29
968	1	521	29
969	1	574	29
969	1	2295	30
971	1	626	29
972	1	574	29
972	1	2035	30
973	1	574	29
974	1	521	29
975	1	1408	29
976	1	521	29
977	1	1930	29
978	1	521	29
979	1	1513	29
980	1	1774	29
981	1	1095	29
982	1	521	29
983	1	574	29
984	1	1148	29
985	1	1304	29
987	1	1304	29
988	1	1878	29
989	1	574	29
990	1	1826	29
992	1	1930	29
993	1	991	29
994	1	2139	29
995	1	626	29
996	1	1356	29
998	1	521	29
998	1	2243	30
999	1	1513	29
0	2	313	26
0	2	730	33
0	2	1200	13
1	2	313	26
1	2	730	33
1	2	1617	13
2	2	313	26
3	2	313	26
3	2	1774	13
4	2	313	26
4	2	939	33
4	2	1252	13
5	2	313	26
5	2	834	33
6	2	313	26
6	2	991	33
6	2	2191	13
7	2	313	26
7	2	1617	13
8	2	313	26
8	2	1252	13
8	2	1565	33
9	2	313	26
10	2	313	26
10	2	730	33
10	2	1200	13
11	2	313	26
12	2	313	26
13	2	313	26
14	2	313	26
14	2	730	33
14	2	1200	13
15	2	313	26
15	2	782	33
15	2	1669	13
16	2	313	26
16	2	887	33
16	2	1408	13
17	2	313	26
17	2	730	33
17	2	1200	13
18	2	313	26
18	2	782	33
18	2	1565	13
19	2	313	26
20	2	313	26
20	2	1148	33
20	2	1774	13
21	2	313	26
21	2	730	33
21	2	1200	13
22	2	313	26
23	2	313	26
23	2	782	33
23	2	1461	13
24	2	313	26
24	2	834	33
24	2	1356	13
25	2	313	26
26	2	313	26
26	2	1408	13
27	2	313	26
27	2	834	33
27	2	1252	13
28	2	313	26
28	2	1304	13
28	2	1617	33
29	2	313	26
30	2	313	26
31	2	313	26
31	2	991	33
32	2	313	26
32	2	1774	13
33	2	313	26
33	2	1617	13
34	2	313	26
34	2	1408	13
35	2	313	26
35	2	834	33
35	2	1513	13
36	2	313	26
36	2	887	33
36	2	1617	13
37	2	313	26
38	2	313	26
38	2	1669	13
39	2	313	26
39	2	991	33
40	2	313	26
40	2	730	33
40	2	1200	13
41	2	313	26
41	2	1461	13
42	2	313	26
42	2	1304	13
43	2	313	26
43	2	887	33
43	2	1356	13
44	2	313	26
45	2	313	26
45	2	1200	13
45	2	1774	33
46	2	313	26
46	2	939	33
46	2	2295	13
47	2	313	26
48	2	313	26
49	2	313	26
49	2	991	33
49	2	1408	13
50	2	313	26
51	2	313	26
52	2	313	26
53	2	313	26
53	2	834	33
53	2	1252	13
54	2	313	26
55	2	313	26
56	2	313	26
57	2	313	26
57	2	730	33
57	2	1200	13
58	2	313	26
58	2	1095	33
58	2	1408	13
59	2	313	26
59	2	782	33
59	2	1200	13
60	2	313	26
61	2	313	26
61	2	991	33
62	2	313	26
62	2	939	33
62	2	1304	13
63	2	313	26
63	2	1304	13
63	2	1722	33
64	2	313	26
65	2	313	26
65	2	1461	13
66	2	313	26
67	2	313	26
67	2	1408	13
67	2	1722	33
68	2	313	26
69	2	313	26
69	2	1565	13
70	2	313	26
71	2	313	26
71	2	1722	13
72	2	313	26
73	2	313	26
74	2	313	26
75	2	313	26
75	2	834	33
75	2	1722	13
76	2	313	26
77	2	313	26
78	2	313	26
79	2	313	26
79	2	1669	13
80	2	313	26
80	2	887	33
81	2	313	26
81	2	2139	13
82	2	313	26
83	2	313	26
84	2	313	26
84	2	991	33
85	2	313	26
86	2	313	26
87	2	313	26
87	2	782	33
87	2	1200	13
88	2	313	26
88	2	1252	13
88	2	1617	33
89	2	313	26
89	2	1461	13
90	2	313	26
91	2	313	26
92	2	313	26
92	2	782	33
92	2	1565	13
93	2	313	26
94	2	313	26
95	2	313	26
96	2	313	26
96	2	1722	13
97	2	313	26
98	2	313	26
99	2	313	26
100	2	313	26
101	2	313	26
101	2	1565	13
102	2	313	26
102	2	1356	13
103	2	313	26
104	2	313	26
104	2	1095	33
104	2	1461	13
105	2	313	26
106	2	313	26
106	2	1200	13
106	2	1565	33
107	2	313	26
107	2	782	33
107	2	1200	13
108	2	313	26
108	2	887	33
108	2	1617	13
109	2	313	26
110	2	313	26
110	2	834	33
110	2	1200	13
111	2	313	26
111	2	2243	13
112	2	313	26
113	2	313	26
113	2	782	33
113	2	1200	13
114	2	313	26
114	2	2191	13
115	2	313	26
116	2	313	26
117	2	313	26
118	2	313	26
119	2	313	26
120	2	313	26
121	2	313	26
122	2	313	26
122	2	782	33
122	2	1304	13
123	2	313	26
124	2	313	26
124	2	782	33
124	2	1565	13
125	2	313	26
125	2	939	33
125	2	1356	13
126	2	313	26
126	2	782	33
126	2	1200	13
127	2	313	26
127	2	834	33
127	2	1356	13
128	2	313	26
128	2	730	33
128	2	1200	13
129	2	313	26
130	2	313	26
131	2	313	26
131	2	1200	13
131	2	1669	33
132	2	313	26
132	2	730	33
132	2	1982	13
133	2	313	26
133	2	991	33
134	2	313	26
134	2	2191	13
135	2	313	26
135	2	939	33
135	2	1669	13
136	2	313	26
136	2	730	33
136	2	1200	13
137	2	313	26
137	2	1304	13
138	2	313	26
138	2	678	33
138	2	1200	13
139	2	313	26
139	2	834	33
139	2	1200	13
140	2	313	26
141	2	313	26
141	2	782	33
141	2	1200	13
142	2	313	26
143	2	313	26
144	2	313	26
145	2	313	26
146	2	313	26
146	2	1148	33
146	2	1669	13
147	2	313	26
147	2	1252	13
148	2	313	26
149	2	313	26
149	2	782	33
149	2	1200	13
150	2	313	26
150	2	939	33
150	2	1461	13
151	2	313	26
152	2	313	26
152	2	1095	33
152	2	1408	13
153	2	313	26
154	2	313	26
154	2	939	33
154	2	1304	13
155	2	313	26
155	2	782	33
155	2	1200	13
156	2	313	26
156	2	782	33
156	2	1200	13
157	2	313	26
158	2	313	26
158	2	939	33
158	2	1408	13
159	2	313	26
159	2	730	33
159	2	1200	13
160	2	313	26
160	2	1408	13
161	2	313	26
162	2	313	26
162	2	1617	13
163	2	313	26
164	2	313	26
164	2	834	33
165	2	313	26
165	2	939	33
165	2	1304	13
166	2	313	26
167	2	313	26
168	2	313	26
169	2	313	26
169	2	834	33
170	2	313	26
170	2	730	33
170	2	1200	13
171	2	313	26
172	2	313	26
172	2	1565	13
173	2	313	26
174	2	313	26
174	2	1513	13
175	2	313	26
175	2	1200	13
175	2	1774	33
176	2	313	26
176	2	834	33
176	2	2191	13
177	2	313	26
178	2	313	26
179	2	313	26
179	2	991	33
179	2	1513	13
180	2	313	26
181	2	313	26
181	2	782	33
181	2	2243	13
182	2	313	26
183	2	313	26
183	2	887	33
183	2	1356	13
184	2	313	26
185	2	313	26
185	2	939	33
185	2	1461	13
186	2	313	26
187	2	313	26
187	2	1461	13
188	2	313	26
189	2	313	26
189	2	1252	13
189	2	1774	33
190	2	313	26
191	2	313	26
191	2	782	33
192	2	313	26
192	2	1200	13
192	2	1722	33
193	2	313	26
193	2	1304	13
194	2	313	26
195	2	313	26
196	2	313	26
196	2	730	33
196	2	1200	13
197	2	313	26
198	2	313	26
198	2	1200	13
198	2	1774	33
199	2	313	26
199	2	834	33
199	2	1200	13
200	2	313	26
200	2	1774	13
201	2	313	26
202	2	313	26
202	2	1617	13
203	2	313	26
203	2	1408	13
204	2	313	26
204	2	939	33
204	2	1461	13
205	2	313	26
206	2	313	26
206	2	730	33
206	2	1200	13
207	2	313	26
207	2	887	33
207	2	1513	13
208	2	313	26
208	2	939	33
208	2	1461	13
209	2	313	26
210	2	313	26
210	2	1252	13
211	2	313	26
212	2	313	26
212	2	1826	13
213	2	313	26
214	2	313	26
215	2	313	26
216	2	313	26
217	2	313	26
218	2	313	26
218	2	1356	13
218	2	1774	33
219	2	313	26
220	2	313	26
221	2	313	26
221	2	1356	13
222	2	313	26
223	2	313	26
224	2	313	26
224	2	1774	13
225	2	313	26
225	2	782	33
225	2	1200	13
226	2	313	26
226	2	939	33
226	2	1252	13
227	2	313	26
228	2	313	26
228	2	887	33
228	2	1200	13
229	2	313	26
229	2	1356	13
229	2	1774	33
230	2	313	26
230	2	782	33
230	2	2243	13
231	2	313	26
231	2	678	33
231	2	1565	13
232	2	313	26
232	2	782	33
232	2	1200	13
233	2	313	26
234	2	313	26
235	2	313	26
236	2	313	26
237	2	313	26
238	2	313	26
239	2	313	26
240	2	313	26
240	2	834	33
240	2	1252	13
241	2	313	26
241	2	1304	13
241	2	1669	33
242	2	313	26
242	2	1200	13
242	2	1774	33
243	2	313	26
243	2	730	33
243	2	1200	13
244	2	313	26
244	2	730	33
244	2	1252	13
245	2	313	26
246	2	313	26
247	2	313	26
248	2	313	26
248	2	782	33
248	2	1252	13
249	2	313	26
249	2	782	33
249	2	1722	13
250	2	313	26
250	2	730	33
250	2	1200	13
251	2	313	26
251	2	1200	13
251	2	2191	33
252	2	313	26
253	2	313	26
254	2	313	26
255	2	313	26
256	2	313	26
256	2	1565	13
257	2	313	26
257	2	2139	13
258	2	313	26
258	2	730	33
258	2	1356	13
259	2	313	26
259	2	782	33
259	2	1200	13
260	2	313	26
260	2	887	33
260	2	1930	13
261	2	313	26
262	2	313	26
262	2	1408	13
263	2	313	26
264	2	313	26
264	2	939	33
265	2	313	26
265	2	939	33
266	2	313	26
266	2	1252	13
267	2	313	26
267	2	782	33
267	2	2087	13
268	2	313	26
268	2	1617	13
269	2	313	26
269	2	887	33
269	2	1408	13
270	2	313	26
271	2	313	26
271	2	1200	13
271	2	1669	33
272	2	313	26
272	2	834	33
272	2	1200	13
273	2	313	26
274	2	313	26
275	2	313	26
276	2	313	26
277	2	313	26
278	2	313	26
279	2	313	26
280	2	313	26
281	2	313	26
282	2	313	26
283	2	313	26
284	2	313	26
284	2	730	33
284	2	1200	13
285	2	313	26
285	2	1669	13
286	2	313	26
286	2	834	33
286	2	1252	13
287	2	313	26
288	2	313	26
288	2	887	33
289	2	313	26
290	2	313	26
291	2	313	26
292	2	313	26
293	2	313	26
293	2	730	33
293	2	1200	13
294	2	313	26
294	2	834	33
295	2	313	26
296	2	313	26
296	2	887	33
296	2	1408	13
297	2	313	26
298	2	313	26
298	2	1617	13
299	2	313	26
299	2	782	33
300	2	313	26
301	2	313	26
301	2	782	33
301	2	1200	13
302	2	313	26
302	2	991	33
302	2	1878	13
303	2	313	26
303	2	730	33
303	2	1200	13
304	2	313	26
304	2	730	33
304	2	1356	13
305	2	313	26
306	2	313	26
306	2	730	33
306	2	1200	13
307	2	313	26
308	2	313	26
309	2	313	26
309	2	730	33
309	2	1200	13
310	2	313	26
310	2	991	33
310	2	1408	13
311	2	313	26
312	2	313	26
313	2	313	26
314	2	313	26
315	2	313	26
315	2	1304	13
315	2	1774	33
316	2	313	26
317	2	313	26
318	2	313	26
319	2	313	26
320	2	313	26
321	2	313	26
321	2	782	33
322	2	313	26
322	2	887	33
322	2	2295	13
323	2	313	26
324	2	313	26
325	2	313	26
326	2	313	26
326	2	782	33
326	2	1774	13
327	2	313	26
327	2	1669	13
328	2	313	26
329	2	313	26
330	2	313	26
330	2	1356	13
331	2	313	26
331	2	834	33
332	2	313	26
332	2	1095	33
332	2	1565	13
333	2	313	26
333	2	782	33
333	2	1200	13
334	2	313	26
335	2	313	26
335	2	730	33
335	2	1200	13
336	2	313	26
336	2	939	33
336	2	2087	13
337	2	313	26
338	2	313	26
339	2	313	26
339	2	834	33
340	2	313	26
340	2	1774	13
341	2	313	26
342	2	313	26
342	2	834	33
342	2	1200	13
343	2	313	26
343	2	730	33
343	2	1200	13
344	2	313	26
345	2	313	26
345	2	1095	33
345	2	1408	13
346	2	313	26
346	2	1043	33
346	2	1356	13
347	2	313	26
347	2	1356	13
348	2	313	26
348	2	887	33
348	2	1461	13
349	2	313	26
349	2	887	33
349	2	1200	13
350	2	313	26
351	2	313	26
352	2	313	26
352	2	1304	13
352	2	1774	33
353	2	313	26
353	2	834	33
354	2	313	26
354	2	782	33
354	2	1200	13
355	2	313	26
355	2	991	33
356	2	313	26
356	2	1774	13
357	2	313	26
357	2	991	33
358	2	313	26
358	2	1722	13
359	2	313	26
360	2	313	26
361	2	313	26
361	2	1252	13
362	2	313	26
363	2	313	26
364	2	313	26
364	2	834	33
365	2	313	26
366	2	313	26
366	2	1513	13
367	2	313	26
367	2	939	33
368	2	313	26
368	2	678	33
368	2	1200	13
369	2	313	26
369	2	939	33
369	2	1356	13
370	2	313	26
371	2	313	26
371	2	887	33
371	2	1722	13
372	2	313	26
372	2	1617	13
373	2	313	26
374	2	313	26
375	2	313	26
376	2	313	26
376	2	1982	13
377	2	313	26
378	2	313	26
379	2	313	26
379	2	1304	13
380	2	313	26
381	2	313	26
381	2	2191	13
382	2	313	26
382	2	887	33
383	2	313	26
384	2	313	26
384	2	991	33
385	2	313	26
386	2	313	26
387	2	313	26
387	2	991	33
387	2	1408	13
388	2	313	26
389	2	313	26
389	2	782	33
390	2	313	26
390	2	730	33
390	2	1200	13
391	2	313	26
391	2	939	33
391	2	1565	13
392	2	313	26
393	2	313	26
393	2	730	33
393	2	1200	13
394	2	313	26
394	2	1826	13
395	2	313	26
396	2	313	26
396	2	730	33
396	2	1200	13
397	2	313	26
398	2	313	26
399	2	313	26
399	2	730	33
399	2	1200	13
400	2	313	26
400	2	1304	13
401	2	313	26
402	2	313	26
402	2	1200	13
403	2	313	26
404	2	313	26
405	2	313	26
406	2	313	26
406	2	939	33
406	2	1408	13
407	2	313	26
408	2	313	26
409	2	313	26
410	2	313	26
411	2	313	26
411	2	782	33
411	2	1200	13
412	2	313	26
412	2	782	33
412	2	1200	13
413	2	313	26
413	2	730	33
413	2	1200	13
414	2	313	26
414	2	1148	33
414	2	1513	13
415	2	313	26
415	2	887	33
415	2	1669	13
416	2	313	26
417	2	313	26
417	2	991	33
418	2	313	26
418	2	1043	33
418	2	1356	13
419	2	313	26
419	2	939	33
419	2	1356	13
420	2	313	26
420	2	1722	13
421	2	313	26
422	2	313	26
423	2	313	26
423	2	1565	13
424	2	313	26
424	2	887	33
424	2	1200	13
425	2	313	26
425	2	1982	13
426	2	313	26
426	2	1565	13
427	2	313	26
428	2	313	26
428	2	834	33
429	2	313	26
429	2	1304	13
429	2	1669	33
430	2	313	26
430	2	887	33
430	2	1669	13
431	2	313	26
431	2	730	33
431	2	1200	13
432	2	313	26
432	2	939	33
432	2	1408	13
433	2	313	26
433	2	1408	13
434	2	313	26
434	2	887	33
434	2	1304	13
435	2	313	26
435	2	782	33
435	2	1200	13
436	2	313	26
436	2	782	33
436	2	1200	13
437	2	313	26
437	2	834	33
437	2	1982	13
438	2	313	26
438	2	1304	13
438	2	1722	33
439	2	313	26
440	2	313	26
440	2	1774	13
441	2	313	26
442	2	313	26
442	2	1565	13
443	2	313	26
444	2	313	26
445	2	313	26
445	2	782	33
445	2	1304	13
446	2	313	26
447	2	313	26
448	2	313	26
449	2	313	26
450	2	313	26
451	2	313	26
451	2	1304	13
451	2	1774	33
452	2	313	26
452	2	991	33
453	2	313	26
453	2	782	33
453	2	1200	13
454	2	313	26
455	2	313	26
455	2	1774	13
456	2	313	26
457	2	313	26
457	2	1565	13
458	2	313	26
459	2	313	26
460	2	313	26
460	2	782	33
460	2	2139	13
461	2	313	26
461	2	834	33
461	2	1200	13
462	2	313	26
462	2	1356	13
463	2	313	26
463	2	991	33
463	2	1408	13
464	2	313	26
464	2	1669	13
465	2	313	26
465	2	834	33
466	2	313	26
466	2	782	33
466	2	1356	13
467	2	313	26
467	2	834	33
467	2	1200	13
468	2	313	26
468	2	782	33
468	2	1669	13
469	2	313	26
469	2	678	33
469	2	1200	13
470	2	313	26
471	2	313	26
472	2	313	26
472	2	887	33
472	2	1722	13
473	2	313	26
473	2	1461	13
474	2	313	26
474	2	834	33
474	2	1200	13
475	2	313	26
476	2	313	26
477	2	313	26
478	2	313	26
479	2	313	26
480	2	313	26
481	2	313	26
481	2	991	33
481	2	1408	13
482	2	313	26
482	2	1774	13
483	2	313	26
484	2	313	26
485	2	313	26
486	2	313	26
487	2	313	26
487	2	782	33
487	2	1565	13
488	2	313	26
489	2	313	26
489	2	730	33
489	2	1200	13
490	2	313	26
490	2	1461	13
490	2	2191	33
491	2	313	26
491	2	1513	13
492	2	313	26
492	2	1617	13
493	2	313	26
494	2	313	26
494	2	939	33
495	2	313	26
495	2	1356	13
496	2	313	26
496	2	1304	13
496	2	1669	33
497	2	313	26
497	2	834	33
498	2	313	26
498	2	1461	13
499	2	313	26
500	2	313	26
500	2	782	33
500	2	1200	13
501	2	313	26
502	2	313	26
502	2	1617	13
503	2	313	26
503	2	730	33
503	2	1200	13
504	2	313	26
505	2	313	26
506	2	313	26
507	2	313	26
508	2	313	26
508	2	782	33
508	2	1252	13
509	2	313	26
510	2	313	26
511	2	313	26
512	2	313	26
512	2	1513	13
513	2	313	26
513	2	1565	13
514	2	313	26
514	2	991	33
514	2	2243	13
515	2	313	26
515	2	730	33
515	2	1200	13
516	2	313	26
517	2	313	26
518	2	313	26
518	2	1669	13
519	2	313	26
519	2	887	33
519	2	1304	13
520	2	313	26
520	2	2139	13
521	2	313	26
521	2	782	33
521	2	1200	13
522	2	313	26
522	2	1304	13
522	2	1774	33
523	2	313	26
523	2	834	33
523	2	1565	13
524	2	313	26
525	2	313	26
525	2	939	33
525	2	1408	13
526	2	313	26
527	2	313	26
527	2	730	33
527	2	1252	13
528	2	313	26
528	2	730	33
528	2	1200	13
529	2	313	26
529	2	782	33
529	2	1200	13
530	2	313	26
531	2	313	26
531	2	1669	13
532	2	313	26
532	2	1722	13
533	2	313	26
534	2	313	26
534	2	730	33
534	2	1200	13
535	2	313	26
536	2	313	26
537	2	313	26
537	2	1252	13
537	2	2139	33
538	2	313	26
538	2	730	33
538	2	1200	13
539	2	313	26
539	2	730	33
539	2	1200	13
540	2	313	26
541	2	313	26
541	2	887	33
541	2	1982	13
542	2	313	26
543	2	313	26
543	2	1774	13
544	2	313	26
544	2	1043	33
544	2	1408	13
545	2	313	26
546	2	313	26
547	2	313	26
547	2	1148	33
547	2	1565	13
548	2	313	26
549	2	313	26
550	2	313	26
550	2	730	33
550	2	1200	13
551	2	313	26
551	2	834	33
551	2	1200	13
552	2	313	26
553	2	313	26
553	2	1565	13
554	2	313	26
554	2	730	33
554	2	1200	13
555	2	313	26
555	2	782	33
555	2	1200	13
556	2	313	26
556	2	1356	13
556	2	1722	33
557	2	313	26
558	2	313	26
558	2	834	33
559	2	313	26
559	2	1617	13
560	2	313	26
561	2	313	26
562	2	313	26
562	2	1669	13
563	2	313	26
563	2	1304	13
563	2	1617	33
564	2	313	26
565	2	313	26
565	2	834	33
565	2	1200	13
566	2	313	26
566	2	887	33
567	2	313	26
568	2	313	26
568	2	834	33
568	2	1200	13
569	2	313	26
569	2	1669	13
570	2	313	26
571	2	313	26
571	2	782	33
571	2	1252	13
572	2	313	26
573	2	313	26
574	2	313	26
575	2	313	26
575	2	730	33
575	2	1200	13
576	2	313	26
577	2	313	26
577	2	782	33
577	2	1304	13
578	2	313	26
579	2	313	26
580	2	313	26
581	2	313	26
581	2	1722	13
582	2	313	26
582	2	1774	13
583	2	313	26
583	2	782	33
583	2	1200	13
584	2	313	26
584	2	887	33
585	2	313	26
585	2	730	33
585	2	1200	13
586	2	313	26
586	2	1304	13
586	2	1617	33
587	2	313	26
587	2	678	33
587	2	1200	13
588	2	313	26
588	2	991	33
589	2	313	26
589	2	1200	13
589	2	1565	33
590	2	313	26
590	2	939	33
590	2	1617	13
591	2	313	26
592	2	313	26
593	2	313	26
594	2	313	26
594	2	1982	13
595	2	313	26
595	2	834	33
595	2	1200	13
596	2	313	26
596	2	1356	13
596	2	1774	33
597	2	313	26
598	2	313	26
598	2	730	33
598	2	1200	13
599	2	313	26
599	2	730	33
599	2	1200	13
600	2	313	26
601	2	313	26
601	2	1043	33
602	2	313	26
603	2	313	26
604	2	313	26
604	2	1617	13
605	2	313	26
606	2	313	26
606	2	1356	13
606	2	1826	33
607	2	313	26
607	2	834	33
607	2	1252	13
608	2	313	26
608	2	939	33
608	2	1461	13
609	2	313	26
610	2	313	26
611	2	313	26
611	2	1774	13
612	2	313	26
612	2	2243	13
613	2	313	26
614	2	313	26
615	2	313	26
616	2	313	26
616	2	1722	13
617	2	313	26
618	2	313	26
619	2	313	26
620	2	313	26
620	2	834	33
621	2	313	26
621	2	1513	13
622	2	313	26
622	2	730	33
623	2	313	26
624	2	313	26
624	2	834	33
625	2	313	26
625	2	1774	13
626	2	313	26
626	2	991	33
626	2	1408	13
627	2	313	26
627	2	1200	13
627	2	2191	33
628	2	313	26
628	2	1408	13
629	2	313	26
630	2	313	26
630	2	1722	13
631	2	313	26
631	2	1304	13
631	2	1669	33
632	2	313	26
632	2	678	33
632	2	1200	13
633	2	313	26
634	2	313	26
635	2	313	26
636	2	313	26
637	2	313	26
638	2	313	26
639	2	313	26
639	2	939	33
639	2	1252	13
640	2	313	26
641	2	313	26
642	2	313	26
643	2	313	26
644	2	313	26
644	2	991	33
645	2	313	26
645	2	1408	13
646	2	313	26
646	2	834	33
646	2	1200	13
647	2	313	26
648	2	313	26
648	2	1617	13
649	2	313	26
649	2	939	33
649	2	1722	13
650	2	313	26
651	2	313	26
652	2	313	26
652	2	1304	13
653	2	313	26
653	2	1304	13
654	2	313	26
655	2	313	26
655	2	1617	13
656	2	313	26
656	2	1408	13
657	2	313	26
657	2	939	33
658	2	313	26
658	2	991	33
658	2	1461	13
659	2	313	26
660	2	313	26
661	2	313	26
661	2	834	33
661	2	1669	13
662	2	313	26
662	2	1461	13
663	2	313	26
664	2	313	26
664	2	939	33
664	2	1356	13
665	2	313	26
665	2	834	33
665	2	1461	13
666	2	313	26
666	2	782	33
666	2	1930	13
667	2	313	26
667	2	887	33
668	2	313	26
668	2	2035	13
669	2	313	26
669	2	1617	13
670	2	313	26
670	2	1774	13
671	2	313	26
672	2	313	26
673	2	313	26
674	2	313	26
674	2	1408	13
675	2	313	26
675	2	1617	13
676	2	313	26
676	2	782	33
676	2	1200	13
677	2	313	26
677	2	1461	13
678	2	313	26
678	2	939	33
678	2	1930	13
679	2	313	26
680	2	313	26
680	2	1565	13
681	2	313	26
682	2	313	26
682	2	991	33
683	2	313	26
684	2	313	26
684	2	1565	13
685	2	313	26
686	2	313	26
686	2	991	33
687	2	313	26
688	2	313	26
689	2	313	26
690	2	313	26
691	2	313	26
691	2	887	33
691	2	1304	13
692	2	313	26
692	2	1148	33
692	2	1461	13
693	2	313	26
693	2	1252	13
693	2	1669	33
694	2	313	26
694	2	1043	33
694	2	2295	13
695	2	313	26
695	2	730	33
695	2	1252	13
696	2	313	26
697	2	313	26
697	2	887	33
697	2	1408	13
698	2	313	26
699	2	313	26
699	2	1461	13
700	2	313	26
701	2	313	26
701	2	1513	13
702	2	313	26
703	2	313	26
703	2	834	33
703	2	1252	13
704	2	313	26
705	2	313	26
705	2	2243	13
706	2	313	26
706	2	834	33
706	2	1722	13
707	2	313	26
707	2	991	33
708	2	313	26
708	2	1722	13
709	2	313	26
709	2	991	33
709	2	1461	13
710	2	313	26
710	2	939	33
710	2	1304	13
711	2	313	26
711	2	1774	13
712	2	313	26
712	2	1669	13
713	2	313	26
714	2	313	26
714	2	730	33
714	2	1565	13
715	2	313	26
715	2	1826	13
716	2	313	26
716	2	730	33
716	2	1200	13
717	2	313	26
717	2	1565	13
718	2	313	26
718	2	939	33
718	2	1304	13
719	2	313	26
720	2	313	26
721	2	313	26
721	2	1356	13
722	2	313	26
722	2	782	33
722	2	1200	13
723	2	313	26
724	2	313	26
725	2	313	26
725	2	1095	33
725	2	1617	13
726	2	313	26
726	2	1304	13
726	2	1617	33
727	2	313	26
728	2	313	26
729	2	313	26
729	2	939	33
730	2	313	26
730	2	1565	13
731	2	313	26
731	2	782	33
731	2	1200	13
732	2	313	26
732	2	1513	13
733	2	313	26
733	2	887	33
733	2	1356	13
734	2	313	26
734	2	782	33
734	2	1252	13
735	2	313	26
736	2	313	26
737	2	313	26
737	2	939	33
737	2	1565	13
738	2	313	26
738	2	991	33
738	2	1304	13
739	2	313	26
740	2	313	26
741	2	313	26
741	2	1461	13
742	2	313	26
742	2	730	33
742	2	1200	13
743	2	313	26
743	2	782	33
743	2	1408	13
744	2	313	26
744	2	1774	13
745	2	313	26
746	2	313	26
747	2	313	26
747	2	1722	13
748	2	313	26
749	2	313	26
750	2	313	26
751	2	313	26
752	2	313	26
752	2	1565	13
753	2	313	26
753	2	782	33
753	2	1200	13
754	2	313	26
754	2	834	33
754	2	1356	13
755	2	313	26
755	2	782	33
755	2	1565	13
756	2	313	26
756	2	834	33
756	2	1200	13
757	2	313	26
758	2	313	26
758	2	730	33
758	2	1200	13
759	2	313	26
760	2	313	26
761	2	313	26
761	2	2191	13
762	2	313	26
762	2	1252	13
763	2	313	26
764	2	313	26
765	2	313	26
765	2	782	33
765	2	1826	13
766	2	313	26
766	2	939	33
767	2	313	26
768	2	313	26
769	2	313	26
770	2	313	26
771	2	313	26
772	2	313	26
773	2	313	26
774	2	313	26
774	2	834	33
774	2	1200	13
775	2	313	26
776	2	313	26
776	2	730	33
776	2	1200	13
777	2	313	26
778	2	313	26
778	2	991	33
779	2	313	26
780	2	313	26
781	2	313	26
781	2	1148	33
781	2	1513	13
782	2	313	26
782	2	2243	13
783	2	313	26
784	2	313	26
784	2	782	33
784	2	1669	13
785	2	313	26
786	2	313	26
787	2	313	26
788	2	313	26
788	2	939	33
788	2	1774	13
789	2	313	26
789	2	1669	13
790	2	313	26
790	2	2295	13
791	2	313	26
792	2	313	26
793	2	313	26
793	2	730	33
793	2	1200	13
794	2	313	26
794	2	782	33
794	2	2139	13
795	2	313	26
796	2	313	26
797	2	313	26
797	2	834	33
798	2	313	26
799	2	313	26
800	2	313	26
801	2	313	26
802	2	313	26
802	2	1148	33
802	2	1669	13
803	2	313	26
803	2	1200	13
803	2	1774	33
804	2	313	26
804	2	1565	13
805	2	313	26
806	2	313	26
807	2	313	26
807	2	730	33
807	2	1200	13
808	2	313	26
809	2	313	26
810	2	313	26
810	2	782	33
810	2	1200	13
811	2	313	26
811	2	730	33
811	2	2087	13
812	2	313	26
812	2	887	33
812	2	1304	13
813	2	313	26
813	2	1669	13
814	2	313	26
815	2	313	26
815	2	834	33
816	2	313	26
817	2	313	26
818	2	313	26
818	2	1408	13
819	2	313	26
820	2	313	26
821	2	313	26
822	2	313	26
822	2	730	33
822	2	1200	13
823	2	313	26
823	2	782	33
823	2	1200	13
824	2	313	26
824	2	1617	13
825	2	313	26
825	2	1669	13
826	2	313	26
826	2	1617	13
827	2	313	26
828	2	313	26
829	2	313	26
830	2	313	26
831	2	313	26
831	2	991	33
831	2	1304	13
832	2	313	26
832	2	834	33
832	2	1252	13
833	2	313	26
834	2	313	26
834	2	887	33
834	2	1356	13
835	2	313	26
835	2	1930	13
836	2	313	26
837	2	313	26
838	2	313	26
838	2	887	33
838	2	1200	13
839	2	313	26
840	2	313	26
840	2	730	33
840	2	1200	13
841	2	313	26
841	2	991	33
842	2	313	26
842	2	1461	13
843	2	313	26
843	2	782	33
843	2	1200	13
844	2	313	26
845	2	313	26
846	2	313	26
847	2	313	26
848	2	313	26
848	2	730	33
848	2	1200	13
849	2	313	26
850	2	313	26
850	2	887	33
850	2	1252	13
851	2	313	26
852	2	313	26
853	2	313	26
854	2	313	26
854	2	1617	13
855	2	313	26
856	2	313	26
857	2	313	26
858	2	313	26
858	2	1408	13
859	2	313	26
860	2	313	26
861	2	313	26
861	2	887	33
862	2	313	26
863	2	313	26
863	2	939	33
863	2	1252	13
864	2	313	26
864	2	782	33
864	2	1200	13
865	2	313	26
865	2	887	33
865	2	1565	13
866	2	313	26
866	2	782	33
866	2	1200	13
867	2	313	26
868	2	313	26
868	2	939	33
868	2	1774	13
869	2	313	26
869	2	1513	13
870	2	313	26
871	2	313	26
872	2	313	26
873	2	313	26
873	2	782	33
873	2	1200	13
874	2	313	26
875	2	313	26
875	2	991	33
875	2	1669	13
876	2	313	26
876	2	834	33
877	2	313	26
877	2	730	33
877	2	1200	13
878	2	313	26
879	2	313	26
879	2	2139	13
880	2	313	26
880	2	730	33
880	2	1200	13
881	2	313	26
882	2	313	26
883	2	313	26
884	2	313	26
884	2	939	33
885	2	313	26
885	2	782	33
885	2	1200	13
886	2	313	26
887	2	313	26
887	2	1356	13
888	2	313	26
889	2	313	26
890	2	313	26
891	2	313	26
891	2	887	33
892	2	313	26
893	2	313	26
893	2	991	33
894	2	313	26
894	2	1669	13
895	2	313	26
895	2	1774	13
896	2	313	26
896	2	887	33
897	2	313	26
897	2	939	33
897	2	1304	13
898	2	313	26
898	2	887	33
898	2	1252	13
899	2	313	26
899	2	887	33
899	2	1252	13
900	2	313	26
901	2	313	26
901	2	730	33
902	2	313	26
902	2	1408	13
903	2	313	26
903	2	939	33
903	2	1408	13
904	2	313	26
905	2	313	26
906	2	313	26
906	2	887	33
907	2	313	26
908	2	313	26
908	2	887	33
908	2	1617	13
909	2	313	26
910	2	313	26
911	2	313	26
912	2	313	26
912	2	887	33
913	2	313	26
914	2	313	26
914	2	1356	13
915	2	313	26
916	2	313	26
916	2	939	33
916	2	1304	13
917	2	313	26
918	2	313	26
919	2	313	26
920	2	313	26
921	2	313	26
922	2	313	26
922	2	2035	13
923	2	313	26
924	2	313	26
924	2	939	33
924	2	1252	13
925	2	313	26
925	2	887	33
926	2	313	26
926	2	1043	33
926	2	1617	13
927	2	313	26
927	2	1669	13
928	2	313	26
929	2	313	26
929	2	991	33
929	2	1722	13
930	2	313	26
931	2	313	26
931	2	834	33
931	2	1200	13
932	2	313	26
933	2	313	26
934	2	313	26
935	2	313	26
935	2	939	33
935	2	1669	13
936	2	313	26
937	2	313	26
938	2	313	26
938	2	2243	13
939	2	313	26
940	2	313	26
940	2	1252	13
940	2	1565	33
941	2	313	26
941	2	834	33
941	2	1200	13
942	2	313	26
942	2	834	33
942	2	1200	13
943	2	313	26
944	2	313	26
944	2	1774	13
945	2	313	26
946	2	313	26
946	2	1669	13
947	2	313	26
947	2	887	33
947	2	1200	13
948	2	313	26
948	2	834	33
948	2	1461	13
949	2	313	26
949	2	730	33
949	2	1200	13
950	2	313	26
950	2	730	33
950	2	1252	13
951	2	313	26
952	2	313	26
953	2	313	26
953	2	782	33
953	2	1408	13
954	2	313	26
954	2	730	33
954	2	1200	13
955	2	313	26
956	2	313	26
957	2	313	26
958	2	313	26
959	2	313	26
960	2	313	26
960	2	1408	13
961	2	313	26
961	2	1304	13
962	2	313	26
963	2	313	26
963	2	887	33
964	2	313	26
964	2	939	33
964	2	1252	13
965	2	313	26
965	2	1669	13
966	2	313	26
966	2	782	33
966	2	1669	13
967	2	313	26
968	2	313	26
968	2	1669	13
969	2	313	26
969	2	1356	13
969	2	2139	33
970	2	313	26
971	2	313	26
971	2	939	33
971	2	1356	13
972	2	313	26
972	2	730	33
972	2	1200	13
973	2	313	26
974	2	313	26
974	2	991	33
975	2	313	26
976	2	313	26
976	2	1252	13
976	2	1617	33
977	2	313	26
978	2	313	26
978	2	834	33
978	2	1252	13
979	2	313	26
980	2	313	26
981	2	313	26
981	2	1408	13
982	2	313	26
982	2	991	33
983	2	313	26
983	2	782	33
983	2	1565	13
984	2	313	26
984	2	1722	13
985	2	313	26
985	2	1722	13
986	2	313	26
987	2	313	26
988	2	313	26
988	2	1617	13
989	2	313	26
989	2	834	33
989	2	2243	13
990	2	313	26
991	2	313	26
992	2	313	26
993	2	313	26
994	2	313	26
995	2	313	26
995	2	730	33
995	2	1200	13
996	2	313	26
997	2	313	26
998	2	313	26
998	2	1095	33
998	2	1408	13
999	2	313	26
0	3	834	20
0	3	939	29
1	3	887	20
1	3	939	29
2	3	521	29
3	3	1356	29
3	3	1722	20
4	3	626	29
4	3	1148	20
4	3	1565	9
4	3	1878	12
4	3	2191	30
5	3	991	20
5	3	1982	29
6	3	521	29
6	3	2035	20
7	3	1095	29
7	3	1461	20
8	3	1200	20
8	3	1252	29
8	3	1617	9
9	3	2139	29
10	3	574	29
10	3	887	20
12	3	1200	29
13	3	1200	29
14	3	521	29
14	3	887	20
15	3	521	29
15	3	1513	20
16	3	1200	29
17	3	626	29
17	3	939	20
18	3	469	29
18	3	939	20
19	3	2087	29
20	3	1252	20
20	3	1356	29
20	3	1930	9
21	3	469	29
21	3	834	20
22	3	1043	29
23	3	991	29
24	3	521	29
24	3	939	20
24	3	2139	9
25	3	1774	29
26	3	574	29
26	3	1669	20
27	3	521	29
27	3	1043	20
28	3	626	29
28	3	1356	20
28	3	1722	9
28	3	2295	30
29	3	939	29
30	3	1461	29
30	3	2087	20
31	3	1982	29
32	3	1304	29
32	3	1722	20
33	3	574	29
34	3	626	29
34	3	1461	20
34	3	2295	30
35	3	939	20
35	3	1200	29
35	3	2295	9
36	3	991	20
36	3	1252	29
37	3	2139	29
39	3	1408	29
40	3	626	29
40	3	939	20
40	3	1461	9
40	3	1774	12
40	3	2087	30
41	3	1461	29
41	3	1774	20
41	3	2295	30
42	3	1356	29
42	3	1669	20
43	3	469	29
43	3	1252	20
44	3	1774	29
45	3	1356	29
45	3	1669	20
46	3	521	29
47	3	1304	29
48	3	2139	29
49	3	521	29
49	3	1200	20
49	3	1774	9
50	3	1669	29
51	3	1722	29
52	3	1095	29
53	3	521	29
53	3	1148	20
53	3	1617	9
53	3	2191	12
53	3	2243	30
56	3	1356	29
57	3	521	29
57	3	939	20
57	3	1408	9
57	3	2139	12
58	3	521	29
58	3	1200	20
58	3	1669	9
59	3	626	29
59	3	991	20
59	3	1930	9
60	3	1252	29
61	3	2035	29
62	3	626	29
62	3	1148	20
62	3	1826	9
63	3	574	29
63	3	1356	20
64	3	2087	29
65	3	626	29
66	3	1461	29
67	3	626	29
67	3	1356	20
68	3	1617	29
69	3	991	29
69	3	1565	20
70	3	574	29
71	3	1304	29
71	3	1774	20
73	3	1774	29
74	3	991	29
75	3	991	20
75	3	1304	29
76	3	1565	29
77	3	1565	29
78	3	1461	29
79	3	939	29
79	3	2191	20
80	3	1565	29
81	3	1982	29
82	3	1982	29
83	3	1148	29
84	3	1930	29
84	3	2295	20
85	3	1774	29
86	3	1252	29
87	3	469	29
87	3	939	20
87	3	1461	9
87	3	1774	12
87	3	2087	30
88	3	574	29
88	3	1461	20
89	3	939	29
89	3	1722	20
90	3	1513	29
92	3	887	20
92	3	939	29
92	3	2191	9
93	3	1408	29
94	3	1878	29
95	3	991	29
96	3	1148	29
96	3	1513	20
97	3	1356	29
98	3	1826	29
99	3	1200	29
99	3	2191	20
100	3	1461	29
101	3	1774	29
102	3	574	29
102	3	1722	20
103	3	991	29
104	3	469	29
104	3	1252	20
106	3	626	29
106	3	1252	20
106	3	1722	9
106	3	1878	30
107	3	626	29
107	3	939	20
107	3	1774	9
108	3	626	29
108	3	1565	20
109	3	1356	29
110	3	626	29
110	3	991	20
110	3	1826	9
111	3	2035	29
112	3	626	29
113	3	521	29
113	3	887	20
114	3	2087	29
115	3	1617	29
116	3	1565	29
117	3	1513	29
118	3	1356	29
119	3	1408	29
120	3	991	29
121	3	1356	29
122	3	939	20
122	3	991	29
122	3	1565	9
123	3	2087	29
124	3	939	20
124	3	991	29
125	3	521	29
125	3	1252	20
125	3	1826	9
126	3	521	29
126	3	939	20
126	3	1669	9
127	3	991	29
127	3	1774	9
128	3	626	29
128	3	939	20
128	3	1669	9
129	3	1252	29
130	3	521	29
131	3	1252	29
131	3	1774	9
131	3	2087	30
132	3	626	29
132	3	939	20
133	3	1513	29
133	3	1826	20
134	3	939	29
134	3	1826	20
135	3	991	20
135	3	1200	29
136	3	521	29
136	3	834	20
136	3	1252	9
136	3	1565	12
136	3	1878	30
137	3	574	29
137	3	1461	20
138	3	626	29
138	3	939	20
138	3	1461	9
138	3	1878	12
138	3	2191	30
139	3	991	20
139	3	1043	29
139	3	1408	9
139	3	1722	12
139	3	2035	30
140	3	1826	29
141	3	574	29
141	3	1043	20
141	3	1461	9
141	3	1774	12
142	3	939	29
143	3	1408	29
145	3	1356	29
145	3	2087	20
146	3	626	29
146	3	1461	20
147	3	1356	29
147	3	1669	20
148	3	1513	29
149	3	887	20
149	3	991	29
149	3	1565	9
150	3	521	29
150	3	1356	20
151	3	991	29
152	3	521	29
152	3	1304	20
152	3	1774	9
153	3	574	29
154	3	1043	20
154	3	1095	29
154	3	1565	9
155	3	574	29
155	3	991	20
155	3	1826	9
156	3	574	29
156	3	1095	20
156	3	1774	9
158	3	521	29
158	3	1252	20
158	3	1774	9
159	3	626	29
159	3	939	20
159	3	1565	9
160	3	574	29
160	3	1513	20
161	3	1722	29
162	3	1148	29
162	3	1513	20
163	3	1200	29
164	3	521	29
164	3	991	20
165	3	521	29
165	3	1200	20
165	3	1722	9
166	3	1982	29
167	3	1304	29
169	3	939	20
169	3	991	29
170	3	887	20
170	3	991	29
170	3	1513	9
171	3	1043	29
172	3	1252	29
172	3	1617	20
173	3	1461	29
174	3	939	29
174	3	1774	20
175	3	1252	20
175	3	1356	29
175	3	1878	9
175	3	2295	30
176	3	574	29
176	3	991	20
177	3	1826	29
178	3	2191	29
179	3	626	29
179	3	1252	20
180	3	2087	29
181	3	574	29
181	3	939	20
182	3	626	29
183	3	521	29
183	3	1252	20
184	3	1148	29
185	3	1200	29
185	3	1617	9
187	3	626	29
187	3	1565	20
188	3	1200	29
189	3	1356	29
189	3	1669	20
189	3	2035	9
189	3	2243	30
190	3	1304	29
190	3	2087	20
191	3	939	20
191	3	991	29
192	3	1200	20
192	3	1304	29
193	3	1513	29
193	3	1826	20
193	3	2191	9
194	3	574	29
196	3	521	29
196	3	887	20
196	3	1252	9
196	3	1565	12
196	3	1878	30
198	3	1304	29
198	3	1617	20
198	3	2191	9
199	3	574	29
199	3	939	20
199	3	1826	9
200	3	1356	29
200	3	1826	20
201	3	1930	29
202	3	1043	29
202	3	1513	20
203	3	939	29
203	3	1617	20
204	3	626	29
204	3	1148	20
205	3	1461	29
206	3	574	29
206	3	887	20
206	3	1200	9
206	3	1513	12
206	3	1826	30
207	3	991	20
207	3	1200	29
208	3	521	29
208	3	1304	20
210	3	469	29
210	3	1565	20
211	3	1669	29
212	3	939	29
212	3	1774	20
213	3	1774	29
214	3	991	29
215	3	1408	29
216	3	1095	29
217	3	1356	29
217	3	2243	20
218	3	626	29
218	3	1461	20
220	3	1565	29
221	3	574	29
221	3	1617	20
222	3	2087	29
223	3	991	29
224	3	991	29
224	3	2087	20
225	3	626	29
225	3	939	20
225	3	1408	9
225	3	1774	12
226	3	521	29
226	3	1252	20
226	3	1617	9
227	3	2087	29
228	3	521	29
228	3	991	20
228	3	1513	9
229	3	626	29
229	3	1461	20
230	3	521	29
230	3	887	20
231	3	521	29
231	3	887	20
232	3	626	29
232	3	1043	20
232	3	1617	9
233	3	1461	29
235	3	1565	29
236	3	1095	29
237	3	991	29
238	3	1252	29
239	3	1356	29
240	3	626	29
240	3	1043	20
240	3	2035	9
241	3	574	29
241	3	1461	20
242	3	1304	29
242	3	1617	20
243	3	521	29
243	3	887	20
243	3	1513	9
243	3	1878	12
243	3	2191	30
244	3	469	29
244	3	939	20
245	3	1304	29
246	3	2191	29
248	3	574	29
248	3	887	20
249	3	887	20
249	3	939	29
250	3	574	29
250	3	939	20
250	3	1461	9
250	3	2139	12
251	3	521	29
251	3	1513	20
252	3	1408	29
253	3	991	29
255	3	1043	29
256	3	939	29
256	3	1513	20
257	3	1304	29
258	3	834	20
258	3	939	29
259	3	626	29
259	3	939	20
260	3	521	29
260	3	1930	20
262	3	991	29
262	3	1461	20
263	3	626	29
264	3	1774	29
265	3	2191	29
266	3	626	29
266	3	1565	20
267	3	574	29
267	3	939	20
268	3	1148	29
268	3	1513	20
269	3	1095	20
269	3	1200	29
269	3	1774	9
270	3	626	29
271	3	1252	20
271	3	1304	29
271	3	1826	9
271	3	2243	30
272	3	521	29
272	3	1043	20
272	3	1408	9
272	3	1722	12
272	3	2035	30
274	3	1304	29
275	3	1669	29
276	3	2295	29
277	3	626	29
278	3	1669	29
279	3	1356	29
280	3	626	29
280	3	2191	20
282	3	1669	29
283	3	1356	29
283	3	2295	20
284	3	626	29
284	3	939	20
284	3	1356	9
284	3	1669	12
284	3	2087	30
285	3	1304	29
285	3	1617	20
286	3	521	29
286	3	991	20
286	3	1617	9
286	3	1930	12
286	3	2243	30
287	3	1356	29
288	3	1617	29
289	3	1200	29
292	3	1617	29
293	3	574	29
293	3	887	20
293	3	1408	9
293	3	2139	12
294	3	626	29
295	3	1200	29
295	3	2191	20
296	3	626	29
296	3	991	20
297	3	1461	29
298	3	991	29
298	3	1722	20
299	3	626	29
299	3	939	20
300	3	1148	29
301	3	574	29
301	3	887	20
302	3	1356	29
302	3	1669	20
303	3	521	29
303	3	887	20
303	3	1356	9
303	3	1669	12
303	3	1982	30
304	3	574	29
304	3	991	20
306	3	521	29
306	3	887	20
306	3	1617	9
307	3	574	29
308	3	574	29
309	3	574	29
309	3	887	20
309	3	1356	9
309	3	1826	12
309	3	2139	30
310	3	1200	29
310	3	1617	9
310	3	1930	12
310	3	2295	30
311	3	1043	29
312	3	1148	29
313	3	626	29
314	3	1408	29
315	3	1356	29
315	3	1669	20
316	3	2243	29
317	3	1408	29
318	3	1565	29
319	3	1356	29
320	3	1408	29
321	3	834	20
321	3	939	29
322	3	521	29
322	3	2191	20
323	3	2035	29
324	3	1513	29
325	3	1408	29
326	3	887	20
326	3	939	29
327	3	1304	29
327	3	1774	20
328	3	939	29
329	3	1461	29
330	3	939	29
330	3	1408	20
331	3	939	20
331	3	991	29
332	3	1252	29
333	3	626	29
333	3	939	20
333	3	2243	9
334	3	1356	29
335	3	626	29
335	3	939	20
336	3	1304	20
336	3	1408	29
337	3	991	29
338	3	1200	29
339	3	939	20
339	3	1826	29
340	3	1304	29
340	3	1774	20
341	3	1356	29
341	3	1774	20
342	3	521	29
342	3	991	20
342	3	1461	9
343	3	626	29
343	3	939	20
343	3	1826	9
344	3	2139	29
345	3	521	29
345	3	1252	20
346	3	469	29
346	3	1148	20
346	3	1617	9
347	3	1565	29
348	3	626	29
348	3	1252	20
349	3	991	20
349	3	1043	29
349	3	1461	9
349	3	1774	12
350	3	2139	29
351	3	626	29
352	3	521	29
352	3	1408	20
353	3	991	20
353	3	1408	29
354	3	521	29
354	3	834	20
354	3	1356	9
354	3	1669	12
356	3	939	29
356	3	2087	20
357	3	1617	29
358	3	1148	29
358	3	2191	20
360	3	574	29
361	3	1356	20
361	3	1461	29
362	3	1252	29
364	3	626	29
364	3	991	20
365	3	1722	29
366	3	939	29
366	3	1565	20
367	3	626	29
368	3	626	29
368	3	939	20
368	3	1304	9
368	3	1617	12
368	3	1930	30
369	3	626	29
369	3	1095	20
369	3	1722	9
370	3	991	29
371	3	521	29
371	3	991	20
372	3	939	29
372	3	1722	20
373	3	1043	29
374	3	1617	29
375	3	1408	29
376	3	626	29
377	3	1408	29
377	3	2295	20
378	3	1252	29
379	3	1461	29
381	3	574	29
382	3	1878	29
382	3	2295	20
383	3	1461	29
384	3	1356	20
384	3	1461	29
385	3	574	29
386	3	469	29
387	3	1148	20
387	3	1200	29
387	3	1513	9
387	3	1826	12
388	3	2243	29
389	3	939	20
389	3	991	29
390	3	626	29
390	3	939	20
391	3	1200	29
392	3	1043	29
393	3	574	29
393	3	887	20
394	3	2035	29
396	3	626	29
396	3	939	20
396	3	1252	9
396	3	1565	12
396	3	1878	30
397	3	1356	29
397	3	2139	20
398	3	521	29
399	3	521	29
399	3	939	20
400	3	1617	20
400	3	1669	29
402	3	1408	29
403	3	2139	29
404	3	991	29
405	3	1252	29
406	3	626	29
406	3	1356	20
407	3	1304	29
407	3	1722	20
409	3	1200	29
410	3	1043	29
411	3	469	29
411	3	939	20
411	3	1408	9
411	3	1722	12
411	3	2295	30
412	3	939	20
412	3	991	29
412	3	1356	9
412	3	1669	12
412	3	1982	30
413	3	626	29
413	3	939	20
413	3	1252	9
413	3	1565	12
413	3	1878	30
414	3	521	29
414	3	1408	20
414	3	2087	9
415	3	1200	20
415	3	1304	29
415	3	2191	9
416	3	1461	29
417	3	1461	20
417	3	1617	29
418	3	626	29
418	3	1200	20
418	3	1565	9
419	3	469	29
419	3	1095	20
419	3	1669	9
420	3	1043	29
420	3	1722	20
421	3	2139	29
422	3	991	29
423	3	1095	29
423	3	1565	20
424	3	574	29
424	3	991	20
424	3	1408	9
424	3	1774	12
424	3	2087	30
425	3	1878	29
426	3	1304	29
426	3	1617	20
426	3	2191	30
427	3	2243	29
428	3	626	29
429	3	521	29
429	3	1304	20
430	3	626	29
430	3	1461	20
431	3	574	29
431	3	887	20
432	3	1148	29
432	3	1669	9
433	3	1513	29
433	3	1826	20
434	3	1043	20
434	3	1095	29
434	3	1513	9
434	3	1826	12
434	3	2139	30
435	3	521	29
435	3	939	20
435	3	1774	9
436	3	939	20
436	3	991	29
436	3	1461	9
436	3	1826	12
437	3	574	29
437	3	1878	20
438	3	574	29
438	3	1356	20
439	3	1095	29
440	3	574	29
440	3	2191	20
441	3	1826	29
442	3	1617	20
442	3	1722	29
443	3	626	29
444	3	1722	29
445	3	626	29
445	3	939	20
445	3	1982	9
446	3	2087	29
447	3	1669	29
448	3	1095	29
449	3	2243	29
451	3	939	29
451	3	1461	20
451	3	1774	9
451	3	1982	30
452	3	521	29
453	3	574	29
453	3	939	20
453	3	1408	9
453	3	1722	12
454	3	1461	29
455	3	1304	29
455	3	2035	20
455	3	2295	30
456	3	1461	29
457	3	626	29
458	3	1669	29
459	3	1043	29
460	3	626	29
460	3	939	20
461	3	521	29
461	3	991	20
461	3	1930	9
462	3	521	29
462	3	2191	20
463	3	1148	20
463	3	1200	29
463	3	1617	9
464	3	1043	29
464	3	1565	20
465	3	991	20
465	3	1722	29
466	3	887	20
466	3	991	29
467	3	521	29
467	3	991	20
468	3	626	29
468	3	939	20
469	3	574	29
469	3	887	20
469	3	1513	9
469	3	2191	12
470	3	1565	29
471	3	1304	29
471	3	2243	20
472	3	521	29
472	3	1565	20
473	3	574	29
473	3	1513	20
474	3	574	29
474	3	1095	20
474	3	1617	9
475	3	1095	29
476	3	1461	29
477	3	1095	29
478	3	2295	29
480	3	574	29
481	3	1095	20
481	3	1148	29
481	3	1565	9
482	3	2035	29
483	3	1826	29
484	3	2243	29
485	3	1356	29
486	3	1461	29
486	3	2295	20
487	3	626	29
487	3	939	20
488	3	1408	29
489	3	626	29
489	3	939	20
489	3	1408	9
489	3	1774	12
490	3	939	29
490	3	1461	20
490	3	1774	9
490	3	2035	30
491	3	1722	29
491	3	2139	20
492	3	1095	29
492	3	1565	20
492	3	2191	30
493	3	626	29
494	3	2035	29
495	3	991	29
495	3	1513	20
496	3	521	29
496	3	1408	20
496	3	2035	9
497	3	521	29
497	3	991	20
498	3	1722	29
500	3	626	29
500	3	939	20
500	3	1356	9
500	3	1669	12
500	3	2035	30
501	3	1408	29
502	3	626	29
502	3	1617	20
503	3	626	29
503	3	939	20
503	3	1252	9
503	3	1565	12
503	3	1878	30
504	3	2087	29
505	3	1408	29
506	3	1200	29
507	3	1774	29
508	3	991	29
508	3	1565	9
508	3	2191	12
510	3	2139	29
512	3	1095	29
512	3	1513	20
512	3	2139	30
513	3	1095	29
513	3	1774	20
514	3	1408	29
514	3	1774	20
515	3	626	29
515	3	939	20
515	3	1774	9
515	3	2191	12
516	3	1513	29
517	3	1461	29
517	3	2139	20
518	3	1095	29
518	3	1774	20
519	3	521	29
519	3	1252	20
519	3	1774	9
520	3	626	29
520	3	2191	20
521	3	626	29
521	3	991	20
521	3	1513	9
522	3	1356	29
522	3	1669	20
523	3	1043	20
523	3	1252	29
524	3	2243	29
525	3	1148	29
525	3	1461	20
525	3	1774	9
526	3	2139	29
527	3	521	29
527	3	887	20
528	3	626	29
528	3	939	20
529	3	887	20
529	3	939	29
529	3	1304	9
529	3	1617	12
529	3	1930	30
530	3	1408	29
530	3	1774	20
531	3	1304	29
531	3	1669	20
532	3	1095	29
533	3	2139	29
534	3	939	29
534	3	1565	9
534	3	2191	12
535	3	1722	29
536	3	1461	29
537	3	1408	29
537	3	1722	20
538	3	521	29
538	3	939	20
539	3	626	29
539	3	939	20
540	3	2139	29
541	3	521	29
541	3	1930	20
542	3	1148	29
543	3	1304	29
543	3	1617	20
543	3	2191	9
544	3	521	29
544	3	1200	20
544	3	1669	9
544	3	2139	12
544	3	2295	30
545	3	939	29
546	3	1356	29
547	3	1200	20
547	3	1252	29
547	3	1722	9
548	3	1461	29
549	3	1461	29
550	3	521	29
550	3	991	20
550	3	1408	9
550	3	1722	12
550	3	2139	30
551	3	521	29
551	3	991	20
551	3	1461	9
551	3	1774	12
551	3	2139	30
552	3	1513	29
553	3	626	29
553	3	2191	20
554	3	521	29
554	3	887	20
554	3	1722	9
555	3	521	29
555	3	887	20
555	3	1304	9
555	3	1617	12
555	3	1930	30
556	3	626	29
556	3	1461	20
557	3	1565	29
558	3	469	29
559	3	1148	29
559	3	1669	20
560	3	1513	29
561	3	991	29
562	3	1095	29
562	3	1617	20
563	3	626	29
563	3	1408	20
564	3	1461	29
565	3	626	29
565	3	1043	20
565	3	1565	9
565	3	2139	12
565	3	2295	30
566	3	521	29
566	3	1513	20
567	3	626	29
568	3	626	29
568	3	939	20
568	3	1565	9
569	3	1043	29
570	3	1513	29
571	3	574	29
571	3	939	20
572	3	1565	29
575	3	574	29
575	3	887	20
575	3	1304	9
575	3	1722	12
576	3	1304	29
577	3	887	20
577	3	939	29
578	3	1148	29
579	3	939	29
580	3	2035	29
581	3	1252	29
581	3	1722	20
581	3	2243	30
582	3	626	29
583	3	887	20
583	3	939	29
583	3	1356	9
583	3	1669	12
584	3	1878	29
584	3	2295	20
585	3	626	29
585	3	939	20
585	3	1252	9
585	3	1565	12
585	3	1878	30
586	3	574	29
586	3	1356	20
586	3	1774	9
587	3	521	29
587	3	834	20
587	3	1356	9
587	3	1722	12
588	3	1356	29
588	3	1669	20
589	3	521	29
589	3	1304	20
590	3	1200	20
590	3	1252	29
591	3	1669	29
593	3	574	29
594	3	939	29
595	3	626	29
595	3	1043	20
595	3	1513	9
595	3	1826	12
595	3	2139	30
596	3	574	29
596	3	1461	20
598	3	574	29
598	3	887	20
599	3	626	29
599	3	939	20
600	3	1722	29
601	3	1617	29
602	3	1356	29
603	3	939	29
604	3	991	29
604	3	1774	20
604	3	2243	30
605	3	1304	29
606	3	626	29
606	3	1408	20
606	3	1982	9
607	3	521	29
607	3	1148	20
607	3	2243	9
608	3	521	29
608	3	1304	20
611	3	626	29
612	3	1304	29
613	3	1408	29
614	3	1356	29
614	3	1774	20
615	3	1043	29
616	3	1200	29
616	3	1774	20
617	3	2139	29
618	3	2191	29
619	3	1043	29
620	3	626	29
621	3	1095	29
621	3	1565	20
622	3	521	29
622	3	887	20
623	3	1304	29
624	3	521	29
625	3	1304	29
625	3	1617	20
626	3	469	29
626	3	1356	20
627	3	1356	29
627	3	1669	20
628	3	1513	29
628	3	1826	20
629	3	1043	29
630	3	939	29
630	3	2191	20
631	3	574	29
631	3	1461	20
631	3	1826	9
632	3	626	29
632	3	939	20
633	3	1669	29
634	3	1356	29
635	3	1565	29
637	3	1148	29
638	3	2087	29
639	3	521	29
639	3	1148	20
639	3	1565	9
640	3	939	29
641	3	521	29
642	3	1356	29
644	3	2243	29
645	3	939	29
645	3	1408	20
646	3	626	29
646	3	991	20
646	3	1513	9
647	3	1565	29
648	3	939	29
648	3	1669	20
649	3	1304	29
650	3	1669	29
652	3	1461	29
652	3	1774	20
653	3	1408	29
653	3	1722	20
654	3	991	29
655	3	626	29
655	3	1826	20
656	3	574	29
656	3	1513	20
657	3	521	29
658	3	1148	20
658	3	1200	29
658	3	1722	9
659	3	1356	29
660	3	991	29
661	3	991	20
661	3	1252	29
662	3	574	29
662	3	1513	20
663	3	1200	29
664	3	1148	20
664	3	1200	29
664	3	1617	9
664	3	2139	12
665	3	991	20
665	3	1200	29
666	3	939	29
666	3	2295	9
667	3	521	29
667	3	991	20
668	3	1095	29
668	3	1826	20
669	3	991	29
669	3	1774	20
670	3	1043	29
670	3	1826	20
671	3	1200	29
672	3	939	29
673	3	939	29
674	3	626	29
674	3	1513	20
675	3	1252	29
675	3	1565	20
676	3	626	29
676	3	939	20
676	3	1617	9
677	3	991	29
677	3	1408	20
678	3	626	29
678	3	1513	20
679	3	1304	29
680	3	1148	29
680	3	1617	20
681	3	1095	29
682	3	521	29
682	3	2139	20
683	3	1356	29
684	3	1252	29
684	3	1565	20
685	3	521	29
686	3	626	29
687	3	1565	29
688	3	1356	29
689	3	1356	29
690	3	574	29
691	3	1148	29
691	3	1461	20
691	3	1774	9
691	3	2087	12
692	3	521	29
692	3	1148	20
692	3	1565	9
693	3	574	29
693	3	1408	20
694	3	1356	29
695	3	574	29
695	3	887	20
696	3	1043	29
697	3	574	29
697	3	1200	20
697	3	1930	9
698	3	1617	29
699	3	574	29
699	3	1669	20
700	3	521	29
701	3	1043	29
701	3	1513	20
701	3	2191	30
702	3	574	29
703	3	521	29
703	3	991	20
703	3	1826	9
704	3	2139	29
705	3	1095	29
705	3	1878	20
706	3	521	29
706	3	939	20
707	3	626	29
708	3	1304	29
708	3	1617	20
709	3	521	29
709	3	1252	20
709	3	1774	9
710	3	521	29
710	3	1148	20
710	3	1669	9
711	3	1252	29
711	3	1826	20
711	3	2295	30
712	3	939	29
712	3	1774	20
713	3	1722	29
714	3	887	20
714	3	991	29
715	3	939	29
716	3	626	29
716	3	939	20
716	3	1513	9
717	3	1252	29
717	3	1565	20
717	3	2139	30
718	3	521	29
718	3	1148	20
718	3	1722	9
719	3	1043	29
720	3	2139	29
721	3	626	29
721	3	1513	20
722	3	521	29
722	3	939	20
722	3	1356	9
722	3	1774	12
723	3	939	29
724	3	626	29
725	3	1252	29
725	3	1565	20
726	3	574	29
726	3	1408	20
726	3	1774	9
727	3	1356	29
728	3	2087	29
729	3	2035	29
730	3	1617	29
731	3	626	29
731	3	939	20
732	3	1982	29
733	3	626	29
733	3	991	20
734	3	521	29
734	3	991	20
734	3	2139	9
735	3	2139	29
736	3	1200	29
737	3	1200	20
737	3	1252	29
737	3	2191	9
738	3	574	29
738	3	1200	20
738	3	1722	9
738	3	2191	12
739	3	1304	29
741	3	521	29
742	3	887	20
742	3	939	29
742	3	1461	9
742	3	2035	12
743	3	574	29
743	3	939	20
744	3	1356	29
744	3	1722	20
745	3	1095	29
746	3	1461	29
748	3	2139	29
749	3	1356	29
750	3	2139	29
751	3	1200	29
752	3	991	29
752	3	1513	20
752	3	2191	30
753	3	626	29
753	3	939	20
753	3	1669	9
753	3	1982	12
753	3	2295	30
754	3	626	29
754	3	1200	20
755	3	626	29
755	3	939	20
756	3	626	29
756	3	1043	20
756	3	1513	9
756	3	1826	12
757	3	1669	29
758	3	626	29
758	3	939	20
759	3	1461	29
760	3	574	29
761	3	626	29
761	3	1982	20
762	3	574	29
762	3	1513	20
763	3	1356	29
763	3	1826	20
765	3	521	29
765	3	939	20
767	3	1304	29
768	3	1565	29
769	3	939	29
770	3	2139	29
771	3	1304	29
772	3	991	29
773	3	1617	29
774	3	521	29
774	3	991	20
774	3	1565	9
775	3	1304	29
776	3	521	29
776	3	887	20
776	3	1513	9
776	3	1930	12
776	3	2243	30
777	3	2139	29
778	3	1826	29
778	3	2139	20
779	3	2139	29
780	3	2191	29
781	3	574	29
781	3	1461	20
782	3	521	29
782	3	2191	20
783	3	1617	29
784	3	521	29
784	3	991	20
785	3	2139	29
786	3	626	29
787	3	1461	29
788	3	521	29
788	3	1513	20
789	3	1304	29
789	3	1669	20
789	3	2295	30
790	3	991	29
791	3	1461	29
793	3	521	29
793	3	834	20
793	3	1930	9
794	3	574	29
794	3	887	20
795	3	1513	29
796	3	1461	29
797	3	939	20
797	3	1878	29
798	3	1095	29
798	3	1982	20
800	3	1408	29
801	3	1513	29
802	3	521	29
802	3	1565	20
803	3	1200	20
803	3	1356	29
803	3	2035	9
804	3	521	29
804	3	1826	20
806	3	1565	29
807	3	834	20
807	3	939	29
807	3	1304	9
807	3	1617	12
807	3	1930	30
808	3	2139	29
809	3	1930	29
810	3	521	29
810	3	834	20
811	3	887	20
811	3	939	29
812	3	469	29
812	3	1095	20
812	3	1774	9
812	3	2295	12
815	3	469	29
815	3	939	20
816	3	1304	29
817	3	2295	29
818	3	574	29
818	3	1513	20
819	3	1565	29
820	3	574	29
821	3	1356	29
822	3	574	29
822	3	887	20
823	3	887	20
823	3	939	29
823	3	1461	9
823	3	1826	12
823	3	2191	30
824	3	1252	29
824	3	1617	20
825	3	1095	29
825	3	1565	20
826	3	1043	29
826	3	1617	20
827	3	991	29
828	3	1408	29
829	3	2139	29
830	3	1200	29
831	3	521	29
831	3	1148	20
831	3	1513	9
831	3	1930	12
831	3	2243	30
832	3	991	20
832	3	1095	29
832	3	1513	9
832	3	1826	12
832	3	2139	30
833	3	1356	29
834	3	1148	29
834	3	1461	20
834	3	1774	9
834	3	2191	12
835	3	1982	29
836	3	2243	29
837	3	1304	29
838	3	469	29
838	3	1148	20
838	3	2191	9
839	3	1565	29
840	3	469	29
840	3	834	20
840	3	1252	9
840	3	1565	12
840	3	1878	30
841	3	521	29
842	3	939	29
842	3	1617	20
842	3	2295	30
843	3	939	20
843	3	991	29
843	3	1408	9
843	3	1722	12
843	3	2035	30
844	3	1304	29
845	3	1408	29
846	3	1565	29
847	3	1356	29
847	3	2243	20
848	3	521	29
848	3	887	20
848	3	1565	9
849	3	2087	29
850	3	574	29
850	3	1095	20
850	3	1461	9
850	3	1774	12
852	3	991	29
853	3	1461	29
854	3	1304	29
854	3	1617	20
855	3	521	29
857	3	1408	29
858	3	1408	29
859	3	939	29
860	3	1722	29
862	3	1669	29
863	3	521	29
863	3	1200	20
863	3	1617	9
864	3	521	29
864	3	991	20
864	3	1461	9
864	3	2035	12
864	3	2295	30
865	3	521	29
865	3	1408	20
866	3	626	29
866	3	939	20
867	3	626	29
868	3	521	29
868	3	1513	20
869	3	1095	29
869	3	1565	20
870	3	1304	29
871	3	1356	29
873	3	887	20
873	3	991	29
873	3	1408	9
875	3	469	29
875	3	1513	20
876	3	991	20
877	3	574	29
877	3	887	20
877	3	1356	9
877	3	1774	12
878	3	1356	29
878	3	2087	20
879	3	574	29
880	3	887	20
880	3	939	29
880	3	1878	9
881	3	1043	29
882	3	1461	29
883	3	1774	29
884	3	626	29
885	3	939	20
885	3	991	29
885	3	1408	9
885	3	1774	12
886	3	1043	29
887	3	1617	29
888	3	1095	29
889	3	1513	29
890	3	1461	29
891	3	1669	29
892	3	1669	29
894	3	1982	29
895	3	574	29
895	3	2243	20
897	3	521	29
897	3	1252	20
898	3	521	29
898	3	1148	20
898	3	1617	9
899	3	991	20
899	3	1095	29
899	3	1617	9
900	3	1043	29
901	3	887	20
901	3	991	29
902	3	939	29
902	3	1461	20
902	3	2243	30
903	3	469	29
903	3	1200	20
903	3	1774	9
905	3	1304	29
906	3	521	29
907	3	2139	29
908	3	991	20
908	3	1200	29
909	3	2139	29
910	3	1304	29
911	3	1043	29
912	3	521	29
913	3	1461	29
914	3	939	29
914	3	1461	20
915	3	1356	29
916	3	626	29
916	3	1148	20
916	3	1774	9
917	3	626	29
918	3	1408	29
919	3	1408	29
920	3	939	29
921	3	626	29
922	3	574	29
922	3	1982	20
923	3	1356	29
924	3	521	29
924	3	1200	20
924	3	1565	9
926	3	1252	20
926	3	1304	29
926	3	2087	9
927	3	991	29
927	3	1565	20
929	3	1304	29
929	3	1617	20
930	3	1200	29
931	3	626	29
931	3	991	20
931	3	1356	9
931	3	1722	12
932	3	1304	29
932	3	1930	20
933	3	1408	29
933	3	1826	20
934	3	1148	29
934	3	1722	20
935	3	469	29
935	3	1565	20
936	3	626	29
937	3	991	29
938	3	1148	29
938	3	1617	20
939	3	1304	29
940	3	521	29
940	3	1356	20
940	3	1774	9
941	3	521	29
941	3	939	20
941	3	1617	9
941	3	2139	12
942	3	521	29
942	3	939	20
942	3	1513	9
943	3	626	29
944	3	574	29
944	3	2139	20
945	3	1565	29
946	3	626	29
946	3	2191	20
947	3	939	20
947	3	1043	29
947	3	1408	9
947	3	1722	12
947	3	2035	30
948	3	991	20
948	3	1200	29
949	3	469	29
949	3	887	20
949	3	1356	9
949	3	1669	12
949	3	1982	30
950	3	887	20
950	3	939	29
951	3	2191	29
952	3	2087	29
953	3	1043	20
953	3	1095	29
953	3	1774	9
954	3	521	29
954	3	887	20
955	3	1722	29
956	3	626	29
957	3	1513	29
958	3	1095	29
960	3	1356	20
960	3	1461	29
961	3	1461	29
961	3	1774	20
962	3	2191	29
963	3	1930	29
964	3	521	29
964	3	1148	20
964	3	1513	9
965	3	1043	29
966	3	574	29
966	3	1043	20
967	3	1408	29
968	3	521	29
968	3	2243	20
969	3	574	29
969	3	1461	20
969	3	2295	30
971	3	626	29
971	3	1304	20
972	3	574	29
972	3	887	20
972	3	1304	9
972	3	1722	12
972	3	2035	30
973	3	574	29
974	3	521	29
975	3	1408	29
976	3	521	29
976	3	1356	20
976	3	2139	9
977	3	1930	29
978	3	521	29
978	3	1148	20
978	3	2191	9
979	3	1513	29
980	3	1774	29
981	3	1095	29
981	3	1461	20
982	3	521	29
983	3	574	29
983	3	939	20
984	3	1148	29
984	3	1669	20
985	3	1304	29
985	3	1722	20
987	3	1304	29
988	3	1878	29
989	3	574	29
989	3	939	20
990	3	1826	29
992	3	1930	29
993	3	991	29
994	3	2139	29
995	3	626	29
995	3	939	20
996	3	1356	29
998	3	521	29
998	3	1200	20
998	3	1565	9
998	3	1930	12
998	3	2243	30
999	3	1513	29
0	4	626	27
0	4	939	29
1	4	626	27
1	4	939	29
2	4	521	29
3	4	1043	27
3	4	1356	29
4	4	626	29
4	4	1669	27
4	4	2191	30
5	4	626	27
5	4	1982	29
6	4	521	29
6	4	2035	27
7	4	782	27
7	4	1095	29
8	4	834	27
8	4	1252	29
9	4	1826	27
9	4	2139	29
10	4	574	29
10	4	2295	27
11	4	2243	27
12	4	887	27
12	4	1200	29
13	4	887	27
13	4	1200	29
14	4	521	29
14	4	1722	27
15	4	521	29
15	4	2139	27
16	4	626	27
16	4	1200	29
17	4	626	29
17	4	2191	27
18	4	469	29
18	4	2035	27
19	4	1774	27
19	4	2087	29
20	4	678	27
20	4	1356	29
21	4	469	29
22	4	730	27
22	4	1043	29
23	4	626	27
23	4	991	29
24	4	521	29
24	4	1826	27
25	4	1461	27
25	4	1774	29
26	4	574	29
26	4	2243	27
27	4	521	29
27	4	1878	27
28	4	626	29
28	4	1565	27
28	4	2295	30
29	4	626	27
29	4	939	29
30	4	1148	27
30	4	1461	29
31	4	626	27
31	4	1982	29
32	4	991	27
32	4	1304	29
33	4	574	29
34	4	626	29
34	4	1878	27
34	4	2295	30
35	4	626	27
35	4	1200	29
36	4	678	27
36	4	1252	29
37	4	678	27
37	4	2139	29
38	4	626	27
39	4	626	27
39	4	1408	29
40	4	626	29
40	4	1774	27
40	4	2087	30
41	4	887	27
41	4	1461	29
41	4	2295	30
42	4	991	27
42	4	1356	29
43	4	469	29
43	4	1774	27
44	4	1461	27
44	4	1774	29
45	4	730	27
45	4	1356	29
46	4	521	29
46	4	2243	27
47	4	991	27
47	4	1304	29
48	4	1826	27
48	4	2139	29
49	4	521	29
49	4	1617	27
50	4	1356	27
50	4	1669	29
51	4	1408	27
51	4	1722	29
52	4	782	27
52	4	1095	29
53	4	521	29
53	4	1513	27
53	4	2243	30
55	4	678	27
56	4	1043	27
56	4	1356	29
57	4	521	29
57	4	1304	27
58	4	521	29
58	4	1565	27
59	4	626	29
59	4	2087	27
60	4	939	27
60	4	1252	29
61	4	626	27
61	4	2035	29
62	4	626	29
62	4	1982	27
63	4	574	29
64	4	1774	27
64	4	2087	29
65	4	626	29
65	4	2243	27
66	4	1148	27
66	4	1461	29
67	4	626	29
67	4	1669	27
68	4	1304	27
68	4	1617	29
69	4	678	27
69	4	991	29
70	4	574	29
71	4	991	27
71	4	1304	29
73	4	1461	27
73	4	1774	29
74	4	678	27
74	4	991	29
75	4	626	27
75	4	1304	29
76	4	1252	27
76	4	1565	29
77	4	1252	27
77	4	1565	29
78	4	1148	27
78	4	1461	29
79	4	626	27
79	4	939	29
80	4	678	27
80	4	1565	29
81	4	626	27
81	4	1982	29
82	4	834	27
82	4	1982	29
83	4	834	27
83	4	1148	29
84	4	626	27
84	4	1930	29
85	4	1461	27
85	4	1774	29
86	4	939	27
86	4	1252	29
87	4	469	29
87	4	1408	27
87	4	2087	30
88	4	574	29
88	4	1722	27
89	4	626	27
89	4	939	29
90	4	1200	27
90	4	1513	29
91	4	782	27
92	4	626	27
92	4	939	29
93	4	1095	27
93	4	1408	29
94	4	1565	27
94	4	1878	29
95	4	678	27
95	4	991	29
96	4	834	27
96	4	1148	29
97	4	1043	27
97	4	1356	29
98	4	1513	27
98	4	1826	29
99	4	887	27
99	4	1200	29
100	4	1148	27
100	4	1461	29
101	4	730	27
101	4	1774	29
102	4	574	29
102	4	2191	27
103	4	678	27
103	4	991	29
104	4	469	29
104	4	1617	27
105	4	2035	27
106	4	626	29
106	4	1565	27
106	4	1878	30
107	4	626	29
107	4	1982	27
108	4	626	29
109	4	1043	27
109	4	1356	29
110	4	626	29
111	4	730	27
111	4	2035	29
112	4	626	29
113	4	521	29
113	4	1669	27
114	4	782	27
114	4	2087	29
115	4	1304	27
115	4	1617	29
116	4	1252	27
116	4	1565	29
117	4	1200	27
117	4	1513	29
118	4	1043	27
118	4	1356	29
119	4	1095	27
119	4	1408	29
120	4	678	27
120	4	991	29
121	4	1043	27
121	4	1356	29
122	4	626	27
122	4	991	29
123	4	1774	27
123	4	2087	29
124	4	678	27
124	4	991	29
125	4	521	29
125	4	1513	27
126	4	521	29
126	4	1461	27
127	4	626	27
127	4	991	29
128	4	626	29
129	4	939	27
129	4	1252	29
130	4	521	29
131	4	887	27
131	4	1252	29
131	4	2087	30
132	4	626	29
133	4	730	27
133	4	1513	29
134	4	626	27
134	4	939	29
135	4	678	27
135	4	1200	29
136	4	521	29
136	4	1200	27
136	4	1878	30
137	4	574	29
137	4	2191	27
138	4	626	29
138	4	1826	27
138	4	2191	30
139	4	626	27
139	4	1043	29
139	4	2035	30
139	4	2295	28
140	4	1513	27
140	4	1826	29
141	4	574	29
141	4	1565	27
142	4	626	27
142	4	939	29
143	4	1095	27
143	4	1408	29
145	4	1043	27
145	4	1356	29
146	4	626	29
146	4	2243	27
147	4	782	27
147	4	1356	29
148	4	1200	27
148	4	1513	29
149	4	626	27
149	4	991	29
150	4	521	29
150	4	1826	27
151	4	678	27
151	4	991	29
152	4	521	29
152	4	1617	27
153	4	574	29
154	4	626	27
154	4	1095	29
155	4	574	29
155	4	1982	27
156	4	574	29
156	4	2139	27
158	4	521	29
158	4	1669	27
159	4	626	29
159	4	1878	27
160	4	574	29
161	4	1408	27
161	4	1722	29
162	4	834	27
162	4	1148	29
163	4	887	27
163	4	1200	29
164	4	521	29
164	4	2191	27
165	4	521	29
165	4	1461	27
166	4	1669	27
166	4	1982	29
167	4	991	27
167	4	1304	29
169	4	626	27
169	4	991	29
170	4	626	27
170	4	991	29
171	4	730	27
171	4	1043	29
172	4	939	27
172	4	1252	29
173	4	1148	27
173	4	1461	29
174	4	626	27
174	4	939	29
175	4	782	27
175	4	1356	29
175	4	2295	30
176	4	574	29
177	4	1513	27
177	4	1826	29
178	4	1878	27
178	4	2191	29
179	4	626	29
180	4	1774	27
180	4	2087	29
181	4	574	29
182	4	626	29
183	4	521	29
183	4	1774	27
184	4	834	27
184	4	1148	29
185	4	730	27
185	4	1200	29
186	4	2035	27
187	4	626	29
188	4	887	27
188	4	1200	29
189	4	1043	27
189	4	1356	29
189	4	2243	30
190	4	991	27
190	4	1304	29
191	4	678	27
191	4	991	29
192	4	782	27
192	4	1304	29
193	4	678	27
193	4	1513	29
194	4	574	29
196	4	521	29
196	4	1200	27
196	4	1878	30
196	4	2139	28
197	4	2295	27
198	4	730	27
198	4	1304	29
199	4	574	29
199	4	1982	27
200	4	1043	27
200	4	1356	29
201	4	1617	27
201	4	1930	29
202	4	730	27
202	4	1043	29
203	4	626	27
203	4	939	29
204	4	626	29
205	4	1148	27
205	4	1461	29
206	4	574	29
206	4	1408	27
206	4	1826	30
206	4	2087	28
207	4	626	27
207	4	1200	29
208	4	521	29
209	4	2087	27
210	4	469	29
211	4	1356	27
211	4	1669	29
212	4	626	27
212	4	939	29
213	4	1461	27
213	4	1774	29
214	4	678	27
214	4	991	29
215	4	1095	27
215	4	1408	29
216	4	782	27
216	4	1095	29
217	4	1043	27
217	4	1356	29
218	4	626	29
219	4	2035	27
220	4	1252	27
220	4	1565	29
221	4	574	29
221	4	2191	27
222	4	1774	27
222	4	2087	29
223	4	678	27
223	4	991	29
224	4	678	27
224	4	991	29
225	4	626	29
225	4	1669	27
226	4	521	29
226	4	1565	27
227	4	782	27
227	4	2087	29
228	4	521	29
228	4	1461	27
229	4	626	29
230	4	521	29
231	4	521	29
231	4	2087	27
232	4	626	29
232	4	1982	27
233	4	1148	27
233	4	1461	29
235	4	1252	27
235	4	1565	29
236	4	782	27
236	4	1095	29
237	4	678	27
237	4	991	29
238	4	939	27
238	4	1252	29
239	4	1043	27
239	4	1356	29
240	4	626	29
240	4	1878	27
241	4	574	29
241	4	1669	27
242	4	834	27
242	4	1304	29
243	4	521	29
243	4	1356	27
243	4	2191	30
244	4	469	29
244	4	1878	27
245	4	991	27
245	4	1304	29
246	4	1878	27
246	4	2191	29
248	4	574	29
249	4	626	27
249	4	939	29
250	4	574	29
250	4	1774	27
251	4	521	29
251	4	1982	27
252	4	1095	27
252	4	1408	29
253	4	678	27
253	4	991	29
255	4	730	27
255	4	1043	29
256	4	626	27
256	4	939	29
257	4	991	27
257	4	1304	29
258	4	626	27
258	4	939	29
259	4	626	29
260	4	521	29
260	4	1982	27
262	4	678	27
262	4	991	29
263	4	626	29
264	4	678	27
264	4	1774	29
265	4	626	27
265	4	2191	29
266	4	626	29
267	4	574	29
268	4	834	27
268	4	1148	29
269	4	678	27
269	4	1200	29
270	4	626	29
271	4	730	27
271	4	1304	29
271	4	2243	30
272	4	521	29
272	4	1304	27
272	4	2035	30
272	4	2295	28
273	4	2139	27
274	4	991	27
274	4	1304	29
275	4	1356	27
275	4	1669	29
276	4	1982	27
276	4	2295	29
277	4	626	29
278	4	1356	27
278	4	1669	29
279	4	1043	27
279	4	1356	29
280	4	626	29
282	4	1356	27
282	4	1669	29
283	4	1043	27
283	4	1356	29
284	4	626	29
284	4	1513	27
284	4	2087	30
285	4	991	27
285	4	1304	29
286	4	521	29
286	4	1565	27
286	4	2243	30
287	4	1043	27
287	4	1356	29
288	4	782	27
288	4	1617	29
289	4	887	27
289	4	1200	29
291	4	730	27
292	4	1304	27
292	4	1617	29
293	4	574	29
293	4	1669	27
294	4	626	29
295	4	887	27
295	4	1200	29
296	4	626	29
297	4	1148	27
297	4	1461	29
298	4	678	27
298	4	991	29
299	4	626	29
300	4	834	27
300	4	1148	29
301	4	574	29
302	4	626	27
302	4	1356	29
303	4	521	29
303	4	1252	27
303	4	1982	30
304	4	574	29
306	4	521	29
306	4	1565	27
307	4	574	29
308	4	574	29
309	4	574	29
309	4	1617	27
309	4	2139	30
310	4	782	27
310	4	1200	29
310	4	2295	30
311	4	730	27
311	4	1043	29
312	4	834	27
312	4	1148	29
313	4	626	29
314	4	1095	27
314	4	1408	29
315	4	782	27
315	4	1356	29
316	4	1930	27
316	4	2243	29
317	4	1095	27
317	4	1408	29
318	4	1252	27
318	4	1565	29
319	4	1043	27
319	4	1356	29
320	4	1095	27
320	4	1408	29
321	4	626	27
321	4	939	29
322	4	521	29
322	4	2139	27
323	4	1722	27
323	4	2035	29
324	4	1200	27
324	4	1513	29
325	4	1095	27
325	4	1408	29
326	4	626	27
326	4	939	29
327	4	991	27
327	4	1304	29
328	4	626	27
328	4	939	29
329	4	1148	27
329	4	1461	29
330	4	626	27
330	4	939	29
331	4	626	27
331	4	991	29
332	4	834	27
332	4	1252	29
333	4	626	29
333	4	2139	27
334	4	1043	27
334	4	1356	29
335	4	626	29
335	4	2295	27
336	4	626	27
336	4	1408	29
337	4	678	27
337	4	991	29
338	4	887	27
338	4	1200	29
339	4	678	27
339	4	1826	29
340	4	991	27
340	4	1304	29
341	4	1043	27
341	4	1356	29
342	4	521	29
342	4	1356	27
343	4	626	29
343	4	2139	27
344	4	1826	27
344	4	2139	29
345	4	521	29
345	4	1617	27
346	4	469	29
346	4	1513	27
347	4	678	27
347	4	1565	29
348	4	626	29
349	4	678	27
349	4	1043	29
350	4	1826	27
350	4	2139	29
351	4	626	29
352	4	521	29
353	4	626	27
353	4	1408	29
354	4	521	29
354	4	1252	27
355	4	730	27
356	4	626	27
356	4	939	29
357	4	678	27
357	4	1617	29
358	4	834	27
358	4	1148	29
360	4	574	29
361	4	678	27
361	4	1461	29
362	4	939	27
362	4	1252	29
364	4	626	29
365	4	1408	27
365	4	1722	29
366	4	626	27
366	4	939	29
367	4	626	29
368	4	626	29
368	4	1617	27
368	4	1930	30
369	4	626	29
369	4	2295	27
370	4	678	27
370	4	991	29
371	4	521	29
372	4	626	27
372	4	939	29
373	4	730	27
373	4	1043	29
374	4	1304	27
374	4	1617	29
375	4	1095	27
375	4	1408	29
376	4	626	29
377	4	1095	27
377	4	1408	29
378	4	939	27
378	4	1252	29
379	4	730	27
379	4	1461	29
380	4	730	27
381	4	574	29
382	4	626	27
382	4	1878	29
383	4	1148	27
383	4	1461	29
384	4	626	27
384	4	1461	29
385	4	574	29
386	4	469	29
387	4	730	27
387	4	1200	29
388	4	1930	27
388	4	2243	29
389	4	626	27
389	4	991	29
390	4	626	29
390	4	2243	27
391	4	626	27
391	4	1200	29
392	4	730	27
392	4	1043	29
393	4	574	29
394	4	782	27
394	4	2035	29
395	4	887	27
396	4	626	29
396	4	1461	27
396	4	1878	30
397	4	1043	27
397	4	1356	29
398	4	521	29
399	4	521	29
400	4	678	27
400	4	1669	29
401	4	2035	27
402	4	730	27
402	4	1408	29
403	4	1826	27
403	4	2139	29
404	4	678	27
404	4	991	29
405	4	939	27
405	4	1252	29
406	4	626	29
407	4	991	27
407	4	1304	29
409	4	887	27
409	4	1200	29
410	4	730	27
410	4	1043	29
411	4	469	29
411	4	1356	27
411	4	2295	30
412	4	626	27
412	4	991	29
412	4	1982	30
412	4	2243	28
413	4	626	29
413	4	1513	27
413	4	1878	30
414	4	521	29
414	4	1774	27
415	4	678	27
415	4	1304	29
416	4	1148	27
416	4	1461	29
417	4	678	27
417	4	1617	29
418	4	626	29
418	4	1722	27
419	4	469	29
419	4	1565	27
420	4	730	27
420	4	1043	29
421	4	1826	27
421	4	2139	29
422	4	678	27
422	4	991	29
423	4	782	27
423	4	1095	29
424	4	574	29
424	4	1669	27
424	4	2087	30
425	4	730	27
425	4	1878	29
426	4	991	27
426	4	1304	29
426	4	2191	30
427	4	1930	27
427	4	2243	29
428	4	626	29
429	4	521	29
429	4	1722	27
430	4	626	29
431	4	574	29
432	4	730	27
432	4	1148	29
433	4	730	27
433	4	1513	29
434	4	626	27
434	4	1095	29
434	4	2139	30
435	4	521	29
435	4	1565	27
436	4	626	27
436	4	991	29
437	4	574	29
438	4	574	29
438	4	1669	27
439	4	782	27
439	4	1095	29
440	4	574	29
441	4	1513	27
441	4	1826	29
442	4	678	27
442	4	1722	29
443	4	626	29
444	4	1408	27
444	4	1722	29
445	4	626	29
445	4	2139	27
446	4	1304	27
446	4	2087	29
447	4	1356	27
447	4	1669	29
448	4	782	27
448	4	1095	29
449	4	1930	27
449	4	2243	29
450	4	2087	27
451	4	626	27
451	4	939	29
451	4	1982	30
452	4	521	29
453	4	574	29
453	4	1565	27
454	4	1148	27
454	4	1461	29
455	4	991	27
455	4	1304	29
455	4	2295	30
456	4	1148	27
456	4	1461	29
457	4	626	29
458	4	1356	27
458	4	1669	29
459	4	730	27
459	4	1043	29
460	4	626	29
461	4	521	29
461	4	1617	27
462	4	521	29
462	4	2191	27
463	4	730	27
463	4	1200	29
464	4	730	27
464	4	1043	29
465	4	626	27
465	4	1722	29
466	4	626	27
466	4	991	29
467	4	521	29
467	4	2139	27
468	4	626	29
469	4	574	29
469	4	1878	27
470	4	1252	27
470	4	1565	29
471	4	991	27
471	4	1304	29
472	4	521	29
472	4	2087	27
473	4	574	29
473	4	1982	27
474	4	574	29
475	4	782	27
475	4	1095	29
476	4	1148	27
476	4	1461	29
477	4	782	27
477	4	1095	29
478	4	834	27
478	4	2295	29
480	4	574	29
481	4	626	27
481	4	1148	29
482	4	782	27
482	4	2035	29
483	4	1513	27
483	4	1826	29
484	4	1930	27
484	4	2243	29
485	4	1043	27
485	4	1356	29
486	4	1148	27
486	4	1461	29
487	4	626	29
488	4	1095	27
488	4	1408	29
489	4	626	29
489	4	1669	27
490	4	626	27
490	4	939	29
490	4	2035	30
490	4	2295	28
491	4	730	27
491	4	1722	29
492	4	782	27
492	4	1095	29
492	4	2191	30
493	4	626	29
494	4	626	27
494	4	2035	29
495	4	678	27
495	4	991	29
496	4	521	29
496	4	1722	27
497	4	521	29
498	4	730	27
498	4	1722	29
499	4	730	27
500	4	626	29
500	4	1565	27
500	4	2035	30
501	4	1095	27
501	4	1408	29
502	4	626	29
503	4	626	29
503	4	1513	27
503	4	1878	30
503	4	2243	28
504	4	1774	27
504	4	2087	29
505	4	1095	27
505	4	1408	29
506	4	887	27
506	4	1200	29
507	4	1461	27
507	4	1774	29
508	4	678	27
508	4	991	29
510	4	1826	27
510	4	2139	29
512	4	782	27
512	4	1095	29
512	4	2139	30
513	4	782	27
513	4	1095	29
514	4	626	27
514	4	1408	29
515	4	626	29
515	4	2087	27
516	4	1200	27
516	4	1513	29
517	4	1148	27
517	4	1461	29
518	4	782	27
518	4	1095	29
519	4	521	29
519	4	1669	27
520	4	626	29
521	4	626	29
522	4	991	27
522	4	1356	29
523	4	678	27
523	4	1252	29
524	4	1930	27
524	4	2243	29
525	4	678	27
525	4	1148	29
526	4	1826	27
526	4	2139	29
527	4	521	29
528	4	626	29
529	4	626	27
529	4	939	29
529	4	1930	30
530	4	1095	27
530	4	1408	29
531	4	991	27
531	4	1304	29
532	4	782	27
532	4	1095	29
533	4	1826	27
533	4	2139	29
534	4	626	27
534	4	939	29
535	4	1408	27
535	4	1722	29
536	4	1148	27
536	4	1461	29
537	4	678	27
537	4	1408	29
538	4	521	29
539	4	626	29
540	4	1826	27
540	4	2139	29
541	4	521	29
541	4	2139	27
542	4	834	27
542	4	1148	29
543	4	991	27
543	4	1304	29
544	4	521	29
544	4	1513	27
544	4	2295	30
545	4	626	27
545	4	939	29
546	4	1043	27
546	4	1356	29
547	4	887	27
547	4	1252	29
548	4	1148	27
548	4	1461	29
549	4	1148	27
549	4	1461	29
550	4	521	29
550	4	1304	27
550	4	2139	30
551	4	521	29
551	4	1356	27
551	4	2139	30
552	4	1200	27
552	4	1513	29
553	4	626	29
554	4	521	29
554	4	1617	27
555	4	521	29
555	4	1252	27
555	4	1930	30
555	4	2191	28
556	4	626	29
556	4	1722	27
557	4	1252	27
557	4	1565	29
558	4	469	29
559	4	834	27
559	4	1148	29
560	4	1200	27
560	4	1513	29
561	4	678	27
561	4	991	29
562	4	782	27
562	4	1095	29
563	4	626	29
563	4	1617	27
564	4	1148	27
564	4	1461	29
565	4	626	29
565	4	1669	27
565	4	2295	30
566	4	521	29
567	4	626	29
568	4	626	29
569	4	730	27
569	4	1043	29
570	4	1200	27
570	4	1513	29
571	4	574	29
572	4	1252	27
572	4	1565	29
573	4	2191	27
574	4	834	27
575	4	574	29
575	4	1513	27
576	4	991	27
576	4	1304	29
577	4	626	27
577	4	939	29
578	4	834	27
578	4	1148	29
579	4	626	27
579	4	939	29
580	4	1722	27
580	4	2035	29
581	4	939	27
581	4	1252	29
581	4	2243	30
582	4	626	29
582	4	2243	27
583	4	626	27
583	4	939	29
584	4	626	27
584	4	1878	29
585	4	626	29
585	4	1461	27
585	4	1878	30
586	4	574	29
586	4	1617	27
587	4	521	29
587	4	1304	27
588	4	678	27
588	4	1356	29
589	4	521	29
589	4	1669	27
590	4	678	27
590	4	1252	29
591	4	1356	27
591	4	1669	29
593	4	574	29
594	4	626	27
594	4	939	29
595	4	626	29
595	4	1669	27
595	4	2139	30
596	4	574	29
597	4	678	27
598	4	574	29
599	4	626	29
599	4	2243	27
600	4	1408	27
600	4	1722	29
601	4	730	27
601	4	1617	29
602	4	1043	27
602	4	1356	29
603	4	626	27
603	4	939	29
604	4	678	27
604	4	991	29
604	4	2243	30
605	4	991	27
605	4	1304	29
606	4	626	29
607	4	521	29
607	4	1722	27
608	4	521	29
608	4	1722	27
610	4	2087	27
611	4	626	29
611	4	2295	27
612	4	991	27
612	4	1304	29
613	4	1095	27
613	4	1408	29
614	4	1043	27
614	4	1356	29
615	4	730	27
615	4	1043	29
616	4	887	27
616	4	1200	29
617	4	1826	27
617	4	2139	29
618	4	1878	27
618	4	2191	29
619	4	730	27
619	4	1043	29
620	4	626	29
621	4	782	27
621	4	1095	29
622	4	521	29
623	4	991	27
623	4	1304	29
624	4	521	29
625	4	991	27
625	4	1304	29
626	4	469	29
626	4	1617	27
627	4	730	27
627	4	1356	29
628	4	782	27
628	4	1513	29
629	4	730	27
629	4	1043	29
630	4	626	27
630	4	939	29
631	4	574	29
631	4	1669	27
632	4	626	29
632	4	2087	27
633	4	1356	27
633	4	1669	29
634	4	1043	27
634	4	1356	29
635	4	1252	27
635	4	1565	29
636	4	2035	27
637	4	834	27
637	4	1148	29
638	4	1774	27
638	4	2087	29
639	4	521	29
639	4	1461	27
640	4	626	27
640	4	939	29
641	4	521	29
642	4	1043	27
642	4	1356	29
643	4	2139	27
644	4	678	27
644	4	2243	29
645	4	626	27
645	4	939	29
646	4	626	29
647	4	1252	27
647	4	1565	29
648	4	626	27
648	4	939	29
649	4	782	27
649	4	1304	29
650	4	1356	27
650	4	1669	29
651	4	626	27
652	4	939	27
652	4	1461	29
653	4	730	27
653	4	1408	29
654	4	678	27
654	4	991	29
655	4	626	29
655	4	2035	27
656	4	574	29
656	4	2295	27
657	4	521	29
658	4	730	27
658	4	1200	29
659	4	1043	27
659	4	1356	29
660	4	678	27
660	4	991	29
661	4	626	27
661	4	1252	29
662	4	574	29
662	4	1930	27
663	4	887	27
663	4	1200	29
664	4	626	27
664	4	1200	29
665	4	626	27
665	4	1200	29
666	4	626	27
666	4	939	29
667	4	521	29
668	4	782	27
668	4	1095	29
669	4	678	27
669	4	991	29
670	4	730	27
670	4	1043	29
671	4	887	27
671	4	1200	29
672	4	626	27
672	4	939	29
673	4	626	27
673	4	939	29
674	4	626	29
675	4	939	27
675	4	1252	29
676	4	626	29
676	4	1878	27
677	4	678	27
677	4	991	29
678	4	626	29
679	4	991	27
679	4	1304	29
680	4	834	27
680	4	1148	29
681	4	782	27
681	4	1095	29
682	4	521	29
682	4	2191	27
683	4	1043	27
683	4	1356	29
684	4	939	27
684	4	1252	29
685	4	521	29
686	4	626	29
687	4	1252	27
687	4	1565	29
688	4	1043	27
688	4	1356	29
689	4	1043	27
689	4	1356	29
690	4	574	29
691	4	626	27
691	4	1148	29
692	4	521	29
692	4	1461	27
693	4	574	29
693	4	1669	27
694	4	834	27
694	4	1356	29
695	4	574	29
695	4	2243	27
696	4	730	27
696	4	1043	29
697	4	574	29
697	4	2139	27
698	4	1304	27
698	4	1617	29
699	4	574	29
700	4	521	29
701	4	730	27
701	4	1043	29
701	4	2191	30
702	4	574	29
703	4	521	29
703	4	1669	27
704	4	1826	27
704	4	2139	29
705	4	782	27
705	4	1095	29
706	4	521	29
706	4	2139	27
707	4	626	29
708	4	991	27
708	4	1304	29
709	4	521	29
709	4	1617	27
710	4	521	29
710	4	1461	27
711	4	939	27
711	4	1252	29
711	4	2295	30
712	4	626	27
712	4	939	29
713	4	1408	27
713	4	1722	29
714	4	678	27
714	4	991	29
715	4	626	27
715	4	939	29
716	4	626	29
716	4	1722	27
717	4	939	27
717	4	1252	29
717	4	2139	30
718	4	521	29
718	4	1565	27
719	4	730	27
719	4	1043	29
720	4	1826	27
720	4	2139	29
721	4	626	29
721	4	1878	27
722	4	521	29
722	4	1252	27
723	4	626	27
723	4	939	29
724	4	626	29
725	4	782	27
725	4	1252	29
726	4	574	29
726	4	1617	27
727	4	1043	27
727	4	1356	29
728	4	1774	27
728	4	2087	29
729	4	678	27
729	4	2035	29
730	4	1043	27
730	4	1617	29
731	4	626	29
732	4	678	27
732	4	1982	29
733	4	626	29
734	4	521	29
734	4	1826	27
735	4	1826	27
735	4	2139	29
736	4	887	27
736	4	1200	29
737	4	626	27
737	4	1252	29
738	4	574	29
738	4	1774	27
739	4	991	27
739	4	1304	29
741	4	521	29
742	4	626	27
742	4	939	29
743	4	574	29
743	4	2295	27
744	4	1043	27
744	4	1356	29
745	4	782	27
745	4	1095	29
746	4	1148	27
746	4	1461	29
747	4	887	27
748	4	1826	27
748	4	2139	29
749	4	1043	27
749	4	1356	29
750	4	626	27
750	4	2139	29
751	4	887	27
751	4	1200	29
752	4	678	27
752	4	991	29
752	4	2191	30
753	4	626	29
753	4	1826	27
753	4	2295	30
754	4	626	29
755	4	626	29
756	4	626	29
756	4	1669	27
757	4	1356	27
757	4	1669	29
758	4	626	29
759	4	1148	27
759	4	1461	29
760	4	574	29
761	4	626	29
761	4	2243	27
762	4	574	29
763	4	1043	27
763	4	1356	29
764	4	834	27
765	4	521	29
765	4	2087	27
766	4	626	27
767	4	991	27
767	4	1304	29
768	4	1252	27
768	4	1565	29
769	4	626	27
769	4	939	29
770	4	1826	27
770	4	2139	29
771	4	991	27
771	4	1304	29
772	4	678	27
772	4	991	29
773	4	1304	27
773	4	1617	29
774	4	521	29
774	4	1408	27
775	4	991	27
775	4	1304	29
776	4	521	29
776	4	1408	27
776	4	2243	30
777	4	1826	27
777	4	2139	29
778	4	678	27
778	4	1826	29
779	4	1826	27
779	4	2139	29
780	4	887	27
780	4	2191	29
781	4	574	29
781	4	2139	27
782	4	521	29
783	4	1304	27
783	4	1617	29
784	4	521	29
784	4	2035	27
785	4	730	27
785	4	2139	29
786	4	626	29
787	4	1148	27
787	4	1461	29
788	4	521	29
789	4	991	27
789	4	1304	29
789	4	2295	30
790	4	678	27
790	4	991	29
791	4	1148	27
791	4	1461	29
792	4	730	27
793	4	521	29
793	4	1826	27
794	4	574	29
795	4	1200	27
795	4	1513	29
796	4	1148	27
796	4	1461	29
797	4	730	27
797	4	1878	29
798	4	782	27
798	4	1095	29
799	4	2243	27
800	4	1095	27
800	4	1408	29
801	4	1200	27
801	4	1513	29
802	4	521	29
803	4	834	27
803	4	1356	29
804	4	521	29
804	4	2087	27
805	4	2243	27
806	4	1252	27
806	4	1565	29
807	4	626	27
807	4	939	29
807	4	1930	30
808	4	1826	27
808	4	2139	29
809	4	1617	27
809	4	1930	29
810	4	521	29
810	4	1826	27
811	4	626	27
811	4	939	29
812	4	469	29
812	4	1617	27
813	4	834	27
814	4	887	27
815	4	469	29
816	4	991	27
816	4	1304	29
817	4	1982	27
817	4	2295	29
818	4	574	29
818	4	1982	27
819	4	1252	27
819	4	1565	29
820	4	574	29
821	4	1043	27
821	4	1356	29
822	4	574	29
822	4	2243	27
823	4	626	27
823	4	939	29
823	4	2191	30
824	4	939	27
824	4	1252	29
825	4	782	27
825	4	1095	29
826	4	730	27
826	4	1043	29
827	4	678	27
827	4	991	29
828	4	1095	27
828	4	1408	29
829	4	1826	27
829	4	2139	29
830	4	887	27
830	4	1200	29
831	4	521	29
831	4	1461	27
831	4	2243	30
832	4	678	27
832	4	1095	29
832	4	2139	30
833	4	1043	27
833	4	1356	29
834	4	678	27
834	4	1148	29
835	4	887	27
835	4	1982	29
836	4	1930	27
836	4	2243	29
837	4	991	27
837	4	1304	29
838	4	469	29
838	4	1669	27
839	4	1252	27
839	4	1565	29
840	4	469	29
840	4	1200	27
840	4	1878	30
841	4	521	29
842	4	626	27
842	4	939	29
842	4	2295	30
843	4	626	27
843	4	991	29
843	4	2035	30
843	4	2295	28
844	4	991	27
844	4	1304	29
845	4	1095	27
845	4	1408	29
846	4	1252	27
846	4	1565	29
847	4	1043	27
847	4	1356	29
848	4	521	29
848	4	1408	27
849	4	1774	27
849	4	2087	29
850	4	574	29
850	4	1617	27
851	4	2035	27
852	4	678	27
852	4	991	29
853	4	1148	27
853	4	1461	29
854	4	991	27
854	4	1304	29
855	4	521	29
856	4	678	27
857	4	1095	27
857	4	1408	29
858	4	834	27
858	4	1408	29
859	4	626	27
859	4	939	29
860	4	1408	27
860	4	1722	29
861	4	626	27
862	4	1356	27
862	4	1669	29
863	4	521	29
863	4	1513	27
864	4	521	29
864	4	1408	27
864	4	2295	30
865	4	521	29
865	4	2243	27
866	4	626	29
867	4	626	29
868	4	521	29
868	4	2087	27
869	4	782	27
869	4	1095	29
870	4	991	27
870	4	1304	29
871	4	1043	27
871	4	1356	29
873	4	626	27
873	4	991	29
875	4	469	29
876	4	626	27
877	4	574	29
877	4	1565	27
878	4	1043	27
878	4	1356	29
879	4	574	29
880	4	626	27
880	4	939	29
881	4	730	27
881	4	1043	29
882	4	1148	27
882	4	1461	29
883	4	1461	27
883	4	1774	29
884	4	626	29
885	4	678	27
885	4	991	29
886	4	730	27
886	4	1043	29
887	4	730	27
887	4	1617	29
888	4	782	27
888	4	1095	29
889	4	1200	27
889	4	1513	29
890	4	1148	27
890	4	1461	29
891	4	782	27
891	4	1669	29
892	4	1356	27
892	4	1669	29
893	4	678	27
894	4	678	27
894	4	1982	29
895	4	574	29
895	4	2139	27
896	4	626	27
897	4	521	29
897	4	1722	27
898	4	521	29
898	4	1408	27
899	4	626	27
899	4	1095	29
900	4	730	27
900	4	1043	29
901	4	678	27
901	4	991	29
902	4	626	27
902	4	939	29
902	4	2243	30
903	4	469	29
903	4	1617	27
905	4	991	27
905	4	1304	29
906	4	521	29
907	4	1826	27
907	4	2139	29
908	4	626	27
908	4	1200	29
909	4	1826	27
909	4	2139	29
910	4	991	27
910	4	1304	29
911	4	730	27
911	4	1043	29
912	4	521	29
913	4	1148	27
913	4	1461	29
914	4	626	27
914	4	939	29
915	4	1043	27
915	4	1356	29
916	4	626	29
917	4	626	29
918	4	1095	27
918	4	1408	29
919	4	1095	27
919	4	1408	29
920	4	626	27
920	4	939	29
921	4	626	29
922	4	574	29
922	4	2191	27
923	4	1043	27
923	4	1356	29
924	4	521	29
924	4	1408	27
925	4	626	27
926	4	678	27
926	4	1304	29
927	4	678	27
927	4	991	29
929	4	626	27
929	4	1304	29
930	4	887	27
930	4	1200	29
931	4	626	29
931	4	1565	27
932	4	991	27
932	4	1304	29
933	4	1095	27
933	4	1408	29
934	4	834	27
934	4	1148	29
935	4	469	29
936	4	626	29
937	4	678	27
937	4	991	29
938	4	834	27
938	4	1148	29
939	4	991	27
939	4	1304	29
940	4	521	29
940	4	1617	27
941	4	521	29
941	4	1513	27
942	4	521	29
942	4	1408	27
943	4	626	29
944	4	574	29
944	4	2191	27
945	4	1252	27
945	4	1565	29
946	4	626	29
946	4	2139	27
947	4	678	27
947	4	1043	29
947	4	2035	30
948	4	626	27
948	4	1200	29
949	4	469	29
949	4	1252	27
949	4	1982	30
950	4	626	27
950	4	939	29
951	4	1878	27
951	4	2191	29
952	4	1774	27
952	4	2087	29
953	4	678	27
953	4	1095	29
954	4	521	29
954	4	1617	27
955	4	1408	27
955	4	1722	29
956	4	626	29
957	4	1200	27
957	4	1513	29
958	4	782	27
958	4	1095	29
959	4	2087	27
960	4	834	27
960	4	1461	29
961	4	834	27
961	4	1461	29
962	4	1878	27
962	4	2191	29
963	4	678	27
963	4	1930	29
964	4	521	29
964	4	1461	27
965	4	730	27
965	4	1043	29
966	4	574	29
966	4	2191	27
967	4	1095	27
967	4	1408	29
968	4	521	29
968	4	2243	27
969	4	574	29
969	4	1878	27
969	4	2295	30
971	4	626	29
971	4	2139	27
972	4	574	29
972	4	1565	27
972	4	2035	30
973	4	574	29
974	4	521	29
975	4	1095	27
975	4	1408	29
976	4	521	29
976	4	1617	27
977	4	1617	27
977	4	1930	29
978	4	521	29
978	4	1669	27
979	4	1200	27
979	4	1513	29
980	4	1461	27
980	4	1774	29
981	4	782	27
981	4	1095	29
982	4	521	29
983	4	574	29
984	4	834	27
984	4	1148	29
985	4	991	27
985	4	1304	29
986	4	2139	27
987	4	991	27
987	4	1304	29
988	4	626	27
988	4	1878	29
989	4	574	29
990	4	1513	27
990	4	1826	29
992	4	1617	27
992	4	1930	29
993	4	678	27
993	4	991	29
994	4	1826	27
994	4	2139	29
995	4	626	29
995	4	2295	27
996	4	1043	27
996	4	1356	29
997	4	2191	27
998	4	521	29
998	4	1513	27
998	4	2243	30
999	4	1200	27
999	4	1513	29
0	5	521	25
0	5	626	27
0	5	939	29
1	5	521	25
1	5	626	27
1	5	939	29
2	5	521	29
3	5	1043	27
3	5	1356	29
4	5	521	25
4	5	626	29
4	5	1669	27
4	5	2191	30
5	5	521	25
5	5	626	27
5	5	1982	29
6	5	521	29
6	5	2035	27
7	5	782	27
7	5	1095	29
8	5	574	25
8	5	834	27
8	5	1252	29
9	5	1826	27
9	5	2139	29
10	5	521	25
10	5	574	29
10	5	2295	27
11	5	2243	27
12	5	887	27
12	5	1200	29
13	5	887	27
13	5	1200	29
14	5	521	29
14	5	1722	27
15	5	521	29
15	5	2139	27
16	5	521	25
16	5	626	27
16	5	1200	29
17	5	521	25
17	5	626	29
17	5	2191	27
18	5	469	29
18	5	2035	27
19	5	1774	27
19	5	2087	29
20	5	521	25
20	5	678	27
20	5	1356	29
21	5	469	29
22	5	730	27
22	5	1043	29
23	5	521	25
23	5	626	27
23	5	991	29
24	5	521	29
24	5	1826	27
25	5	1461	27
25	5	1774	29
26	5	574	29
26	5	2243	27
27	5	521	29
27	5	1878	27
28	5	626	29
28	5	1565	27
28	5	2295	30
29	5	626	27
29	5	939	29
30	5	1148	27
30	5	1461	29
31	5	521	25
31	5	626	27
31	5	1982	29
32	5	991	27
32	5	1304	29
33	5	521	25
33	5	574	29
34	5	626	29
34	5	1878	27
34	5	2295	30
35	5	521	25
35	5	626	27
35	5	1200	29
36	5	521	25
36	5	678	27
36	5	1252	29
37	5	521	25
37	5	678	27
37	5	2139	29
38	5	521	25
38	5	626	27
39	5	521	25
39	5	626	27
39	5	1408	29
40	5	521	25
40	5	626	29
40	5	1774	27
40	5	2087	30
41	5	574	25
41	5	887	27
41	5	1461	29
41	5	2295	30
42	5	626	25
42	5	991	27
42	5	1356	29
43	5	469	29
43	5	1774	27
44	5	1461	27
44	5	1774	29
45	5	574	25
45	5	730	27
45	5	1356	29
46	5	521	29
46	5	2243	27
47	5	991	27
47	5	1304	29
48	5	1826	27
48	5	2139	29
49	5	521	29
49	5	1617	27
50	5	1356	27
50	5	1669	29
51	5	1408	27
51	5	1722	29
52	5	782	27
52	5	1095	29
53	5	521	29
53	5	1513	27
53	5	2243	30
55	5	521	25
55	5	678	27
56	5	1043	27
56	5	1356	29
57	5	521	29
57	5	1304	27
58	5	521	29
58	5	1565	27
59	5	521	25
59	5	626	29
59	5	2087	27
60	5	939	27
60	5	1252	29
61	5	521	25
61	5	626	27
61	5	2035	29
62	5	521	25
62	5	626	29
62	5	1982	27
63	5	574	29
64	5	1774	27
64	5	2087	29
65	5	626	29
65	5	2243	27
66	5	1148	27
66	5	1461	29
67	5	626	29
67	5	1669	27
68	5	1304	27
68	5	1617	29
69	5	678	27
69	5	991	29
70	5	574	29
71	5	991	27
71	5	1304	29
73	5	1461	27
73	5	1774	29
74	5	678	27
74	5	991	29
75	5	521	25
75	5	626	27
75	5	1304	29
76	5	1252	27
76	5	1565	29
77	5	1252	27
77	5	1565	29
78	5	1148	27
78	5	1461	29
79	5	626	27
79	5	939	29
80	5	521	25
80	5	678	27
80	5	1565	29
81	5	521	25
81	5	626	27
81	5	1982	29
82	5	521	25
82	5	834	27
82	5	1982	29
83	5	834	27
83	5	1148	29
84	5	521	25
84	5	626	27
84	5	1930	29
85	5	1461	27
85	5	1774	29
86	5	939	27
86	5	1252	29
87	5	469	29
87	5	1408	27
87	5	2087	30
88	5	574	29
88	5	1722	27
89	5	626	27
89	5	939	29
90	5	1200	27
90	5	1513	29
91	5	521	25
91	5	782	27
92	5	521	25
92	5	626	27
92	5	939	29
93	5	1095	27
93	5	1408	29
94	5	1565	27
94	5	1878	29
95	5	678	27
95	5	991	29
96	5	834	27
96	5	1148	29
97	5	1043	27
97	5	1356	29
98	5	1513	27
98	5	1826	29
99	5	887	27
99	5	1200	29
100	5	1148	27
100	5	1461	29
101	5	521	25
101	5	730	27
101	5	1774	29
102	5	574	29
102	5	2191	27
103	5	678	27
103	5	991	29
104	5	469	29
104	5	1617	27
105	5	2035	27
106	5	626	29
106	5	1565	27
106	5	1878	30
107	5	521	25
107	5	626	29
107	5	1982	27
108	5	521	25
108	5	626	29
109	5	1043	27
109	5	1356	29
110	5	521	25
110	5	626	29
111	5	521	25
111	5	730	27
111	5	2035	29
112	5	626	29
113	5	521	29
113	5	1669	27
114	5	521	25
114	5	782	27
114	5	2087	29
115	5	1304	27
115	5	1617	29
116	5	1252	27
116	5	1565	29
117	5	1200	27
117	5	1513	29
118	5	1043	27
118	5	1356	29
119	5	1095	27
119	5	1408	29
120	5	678	27
120	5	991	29
121	5	1043	27
121	5	1356	29
122	5	521	25
122	5	626	27
122	5	991	29
123	5	1774	27
123	5	2087	29
124	5	521	25
124	5	678	27
124	5	991	29
125	5	521	29
125	5	1513	27
126	5	521	29
126	5	1461	27
127	5	521	25
127	5	626	27
127	5	991	29
128	5	521	25
128	5	626	29
129	5	939	27
129	5	1252	29
130	5	521	29
131	5	574	25
131	5	887	27
131	5	1252	29
131	5	2087	30
132	5	521	25
132	5	626	29
133	5	521	25
133	5	730	27
133	5	1513	29
134	5	626	27
134	5	939	29
135	5	521	25
135	5	678	27
135	5	1200	29
136	5	521	29
136	5	1200	27
136	5	1878	30
137	5	574	29
137	5	2191	27
138	5	521	25
138	5	626	29
138	5	1826	27
138	5	2191	30
139	5	521	25
139	5	626	27
139	5	1043	29
139	5	2035	30
139	5	2295	28
140	5	1513	27
140	5	1826	29
141	5	521	25
141	5	574	29
141	5	1565	27
142	5	626	27
142	5	939	29
143	5	1095	27
143	5	1408	29
145	5	1043	27
145	5	1356	29
146	5	521	25
146	5	626	29
146	5	2243	27
147	5	521	25
147	5	782	27
147	5	1356	29
148	5	1200	27
148	5	1513	29
149	5	521	25
149	5	626	27
149	5	991	29
150	5	521	29
150	5	1826	27
151	5	678	27
151	5	991	29
152	5	521	29
152	5	1617	27
153	5	574	29
154	5	521	25
154	5	626	27
154	5	1095	29
155	5	521	25
155	5	574	29
155	5	1982	27
156	5	521	25
156	5	574	29
156	5	2139	27
158	5	521	29
158	5	1669	27
159	5	521	25
159	5	626	29
159	5	1878	27
160	5	574	29
161	5	1408	27
161	5	1722	29
162	5	834	27
162	5	1148	29
163	5	887	27
163	5	1200	29
164	5	521	29
164	5	2191	27
165	5	521	29
165	5	1461	27
166	5	1669	27
166	5	1982	29
167	5	991	27
167	5	1304	29
169	5	521	25
169	5	626	27
169	5	991	29
170	5	521	25
170	5	626	27
170	5	991	29
171	5	730	27
171	5	1043	29
172	5	939	27
172	5	1252	29
173	5	1148	27
173	5	1461	29
174	5	626	27
174	5	939	29
175	5	521	25
175	5	782	27
175	5	1356	29
175	5	2295	30
176	5	521	25
176	5	574	29
177	5	1513	27
177	5	1826	29
178	5	1878	27
178	5	2191	29
179	5	521	25
179	5	626	29
180	5	1774	27
180	5	2087	29
181	5	521	25
181	5	574	29
182	5	626	29
183	5	521	29
183	5	1774	27
184	5	834	27
184	5	1148	29
185	5	521	25
185	5	730	27
185	5	1200	29
186	5	2035	27
187	5	626	29
188	5	887	27
188	5	1200	29
189	5	574	25
189	5	1043	27
189	5	1356	29
189	5	2243	30
190	5	991	27
190	5	1304	29
191	5	521	25
191	5	678	27
191	5	991	29
192	5	521	25
192	5	782	27
192	5	1304	29
193	5	521	25
193	5	678	27
193	5	1513	29
194	5	574	29
196	5	521	29
196	5	1200	27
196	5	1878	30
196	5	2139	28
197	5	2295	27
198	5	574	25
198	5	730	27
198	5	1304	29
199	5	521	25
199	5	574	29
199	5	1982	27
200	5	1043	27
200	5	1356	29
201	5	1617	27
201	5	1930	29
202	5	730	27
202	5	1043	29
203	5	626	27
203	5	939	29
204	5	521	25
204	5	626	29
205	5	1148	27
205	5	1461	29
206	5	521	25
206	5	574	29
206	5	1408	27
206	5	1826	30
206	5	2087	28
207	5	521	25
207	5	626	27
207	5	1200	29
208	5	521	29
209	5	2087	27
210	5	469	29
211	5	1356	27
211	5	1669	29
212	5	626	27
212	5	939	29
213	5	1461	27
213	5	1774	29
214	5	678	27
214	5	991	29
215	5	1095	27
215	5	1408	29
216	5	782	27
216	5	1095	29
217	5	1043	27
217	5	1356	29
218	5	626	29
219	5	2035	27
220	5	1252	27
220	5	1565	29
221	5	574	29
221	5	2191	27
222	5	1774	27
222	5	2087	29
223	5	678	27
223	5	991	29
224	5	678	27
224	5	991	29
225	5	521	25
225	5	626	29
225	5	1669	27
226	5	521	29
226	5	1565	27
227	5	574	25
227	5	782	27
227	5	2087	29
228	5	521	29
228	5	1461	27
229	5	626	29
230	5	521	29
231	5	521	29
231	5	2087	27
232	5	521	25
232	5	626	29
232	5	1982	27
233	5	1148	27
233	5	1461	29
235	5	1252	27
235	5	1565	29
236	5	782	27
236	5	1095	29
237	5	678	27
237	5	991	29
238	5	939	27
238	5	1252	29
239	5	1043	27
239	5	1356	29
240	5	521	25
240	5	626	29
240	5	1878	27
241	5	574	29
241	5	1669	27
242	5	521	25
242	5	834	27
242	5	1304	29
243	5	521	29
243	5	1356	27
243	5	2191	30
244	5	469	29
244	5	1878	27
245	5	991	27
245	5	1304	29
246	5	1878	27
246	5	2191	29
248	5	521	25
248	5	574	29
249	5	521	25
249	5	626	27
249	5	939	29
250	5	521	25
250	5	574	29
250	5	1774	27
251	5	521	29
251	5	1982	27
252	5	1095	27
252	5	1408	29
253	5	678	27
253	5	991	29
255	5	730	27
255	5	1043	29
256	5	626	27
256	5	939	29
257	5	991	27
257	5	1304	29
258	5	521	25
258	5	626	27
258	5	939	29
259	5	521	25
259	5	626	29
260	5	521	29
260	5	1982	27
262	5	678	27
262	5	991	29
263	5	626	29
264	5	521	25
264	5	678	27
264	5	1774	29
265	5	521	25
265	5	626	27
265	5	2191	29
266	5	521	25
266	5	626	29
267	5	521	25
267	5	574	29
268	5	834	27
268	5	1148	29
269	5	521	25
269	5	678	27
269	5	1200	29
270	5	626	29
271	5	521	25
271	5	730	27
271	5	1304	29
271	5	2243	30
272	5	521	29
272	5	1304	27
272	5	2035	30
272	5	2295	28
273	5	2139	27
274	5	991	27
274	5	1304	29
275	5	1356	27
275	5	1669	29
276	5	1982	27
276	5	2295	29
277	5	626	29
278	5	1356	27
278	5	1669	29
279	5	1043	27
279	5	1356	29
280	5	626	29
282	5	1356	27
282	5	1669	29
283	5	1043	27
283	5	1356	29
284	5	521	25
284	5	626	29
284	5	1513	27
284	5	2087	30
285	5	991	27
285	5	1304	29
286	5	521	29
286	5	1565	27
286	5	2243	30
287	5	1043	27
287	5	1356	29
288	5	521	25
288	5	782	27
288	5	1617	29
289	5	887	27
289	5	1200	29
291	5	521	25
291	5	730	27
292	5	1304	27
292	5	1617	29
293	5	521	25
293	5	574	29
293	5	1669	27
294	5	521	25
294	5	626	29
295	5	887	27
295	5	1200	29
296	5	521	25
296	5	626	29
297	5	1148	27
297	5	1461	29
298	5	678	27
298	5	991	29
299	5	521	25
299	5	626	29
300	5	834	27
300	5	1148	29
301	5	521	25
301	5	574	29
302	5	521	25
302	5	626	27
302	5	1356	29
303	5	521	29
303	5	1252	27
303	5	1982	30
304	5	521	25
304	5	574	29
306	5	521	29
306	5	1565	27
307	5	574	29
308	5	574	29
309	5	521	25
309	5	574	29
309	5	1617	27
309	5	2139	30
310	5	521	25
310	5	782	27
310	5	1200	29
310	5	2295	30
311	5	730	27
311	5	1043	29
312	5	834	27
312	5	1148	29
313	5	626	29
314	5	1095	27
314	5	1408	29
315	5	521	25
315	5	782	27
315	5	1356	29
316	5	1930	27
316	5	2243	29
317	5	1095	27
317	5	1408	29
318	5	1252	27
318	5	1565	29
319	5	1043	27
319	5	1356	29
320	5	1095	27
320	5	1408	29
321	5	521	25
321	5	626	27
321	5	939	29
322	5	521	29
322	5	2139	27
323	5	1722	27
323	5	2035	29
324	5	1200	27
324	5	1513	29
325	5	1095	27
325	5	1408	29
326	5	521	25
326	5	626	27
326	5	939	29
327	5	991	27
327	5	1304	29
328	5	626	27
328	5	939	29
329	5	1148	27
329	5	1461	29
330	5	626	27
330	5	939	29
331	5	521	25
331	5	626	27
331	5	991	29
332	5	521	25
332	5	834	27
332	5	1252	29
333	5	521	25
333	5	626	29
333	5	2139	27
334	5	1043	27
334	5	1356	29
335	5	521	25
335	5	626	29
335	5	2295	27
336	5	521	25
336	5	626	27
336	5	1408	29
337	5	678	27
337	5	991	29
338	5	887	27
338	5	1200	29
339	5	521	25
339	5	678	27
339	5	1826	29
340	5	991	27
340	5	1304	29
341	5	1043	27
341	5	1356	29
342	5	521	29
342	5	1356	27
343	5	521	25
343	5	626	29
343	5	2139	27
344	5	1826	27
344	5	2139	29
345	5	521	29
345	5	1617	27
346	5	469	29
346	5	1513	27
347	5	521	25
347	5	678	27
347	5	1565	29
348	5	521	25
348	5	626	29
349	5	521	25
349	5	678	27
349	5	1043	29
350	5	1826	27
350	5	2139	29
351	5	521	25
351	5	626	29
352	5	521	29
353	5	521	25
353	5	626	27
353	5	1408	29
354	5	521	29
354	5	1252	27
355	5	521	25
355	5	730	27
356	5	626	27
356	5	939	29
357	5	521	25
357	5	678	27
357	5	1617	29
358	5	834	27
358	5	1148	29
360	5	574	29
361	5	521	25
361	5	678	27
361	5	1461	29
362	5	939	27
362	5	1252	29
364	5	521	25
364	5	626	29
365	5	1408	27
365	5	1722	29
366	5	626	27
366	5	939	29
367	5	521	25
367	5	626	29
368	5	521	25
368	5	626	29
368	5	1617	27
368	5	1930	30
369	5	521	25
369	5	626	29
369	5	2295	27
370	5	678	27
370	5	991	29
371	5	521	29
372	5	626	27
372	5	939	29
373	5	730	27
373	5	1043	29
374	5	1304	27
374	5	1617	29
375	5	1095	27
375	5	1408	29
376	5	521	25
376	5	626	29
377	5	1095	27
377	5	1408	29
378	5	939	27
378	5	1252	29
379	5	574	25
379	5	730	27
379	5	1461	29
380	5	574	25
380	5	730	27
381	5	574	29
382	5	521	25
382	5	626	27
382	5	1878	29
383	5	1148	27
383	5	1461	29
384	5	521	25
384	5	626	27
384	5	1461	29
385	5	574	29
386	5	469	29
387	5	521	25
387	5	730	27
387	5	1200	29
388	5	1930	27
388	5	2243	29
389	5	521	25
389	5	626	27
389	5	991	29
390	5	521	25
390	5	626	29
390	5	2243	27
391	5	521	25
391	5	626	27
391	5	1200	29
392	5	730	27
392	5	1043	29
393	5	521	25
393	5	574	29
394	5	574	25
394	5	782	27
394	5	2035	29
395	5	574	25
395	5	887	27
396	5	521	25
396	5	626	29
396	5	1461	27
396	5	1878	30
397	5	1043	27
397	5	1356	29
398	5	521	29
399	5	521	29
400	5	521	25
400	5	678	27
400	5	1669	29
401	5	2035	27
402	5	521	25
402	5	730	27
402	5	1408	29
403	5	1826	27
403	5	2139	29
404	5	678	27
404	5	991	29
405	5	939	27
405	5	1252	29
406	5	521	25
406	5	626	29
407	5	991	27
407	5	1304	29
409	5	887	27
409	5	1200	29
410	5	730	27
410	5	1043	29
411	5	469	29
411	5	1356	27
411	5	2295	30
412	5	521	25
412	5	626	27
412	5	991	29
412	5	1982	30
412	5	2243	28
413	5	521	25
413	5	626	29
413	5	1513	27
413	5	1878	30
414	5	521	29
414	5	1774	27
415	5	521	25
415	5	678	27
415	5	1304	29
416	5	1148	27
416	5	1461	29
417	5	521	25
417	5	678	27
417	5	1617	29
418	5	521	25
418	5	626	29
418	5	1722	27
419	5	469	29
419	5	1565	27
420	5	730	27
420	5	1043	29
421	5	1826	27
421	5	2139	29
422	5	678	27
422	5	991	29
423	5	782	27
423	5	1095	29
424	5	521	25
424	5	574	29
424	5	1669	27
424	5	2087	30
425	5	521	25
425	5	730	27
425	5	1878	29
426	5	991	27
426	5	1304	29
426	5	2191	30
427	5	1930	27
427	5	2243	29
428	5	521	25
428	5	626	29
429	5	521	29
429	5	1722	27
430	5	521	25
430	5	626	29
431	5	521	25
431	5	574	29
432	5	521	25
432	5	730	27
432	5	1148	29
433	5	521	25
433	5	730	27
433	5	1513	29
434	5	521	25
434	5	626	27
434	5	1095	29
434	5	2139	30
435	5	521	29
435	5	1565	27
436	5	521	25
436	5	626	27
436	5	991	29
437	5	521	25
437	5	574	29
438	5	574	29
438	5	1669	27
439	5	782	27
439	5	1095	29
440	5	574	29
441	5	1513	27
441	5	1826	29
442	5	574	25
442	5	678	27
442	5	1722	29
443	5	626	29
444	5	1408	27
444	5	1722	29
445	5	521	25
445	5	626	29
445	5	2139	27
446	5	626	25
446	5	1304	27
446	5	2087	29
447	5	1356	27
447	5	1669	29
448	5	782	27
448	5	1095	29
449	5	1930	27
449	5	2243	29
450	5	2087	27
451	5	626	27
451	5	939	29
451	5	1982	30
452	5	521	29
453	5	521	25
453	5	574	29
453	5	1565	27
454	5	1148	27
454	5	1461	29
455	5	991	27
455	5	1304	29
455	5	2295	30
456	5	1148	27
456	5	1461	29
457	5	626	29
458	5	1356	27
458	5	1669	29
459	5	730	27
459	5	1043	29
460	5	521	25
460	5	626	29
461	5	521	29
461	5	1617	27
462	5	521	29
462	5	2191	27
463	5	521	25
463	5	730	27
463	5	1200	29
464	5	730	27
464	5	1043	29
465	5	521	25
465	5	626	27
465	5	1722	29
466	5	521	25
466	5	626	27
466	5	991	29
467	5	521	29
467	5	2139	27
468	5	521	25
468	5	626	29
469	5	521	25
469	5	574	29
469	5	1878	27
470	5	1252	27
470	5	1565	29
471	5	991	27
471	5	1304	29
472	5	521	29
472	5	2087	27
473	5	574	29
473	5	1982	27
474	5	521	25
474	5	574	29
475	5	782	27
475	5	1095	29
476	5	1148	27
476	5	1461	29
477	5	782	27
477	5	1095	29
478	5	574	25
478	5	834	27
478	5	2295	29
480	5	574	29
481	5	521	25
481	5	626	27
481	5	1148	29
482	5	521	25
482	5	782	27
482	5	2035	29
483	5	1513	27
483	5	1826	29
484	5	1930	27
484	5	2243	29
485	5	1043	27
485	5	1356	29
486	5	1148	27
486	5	1461	29
487	5	521	25
487	5	626	29
488	5	1095	27
488	5	1408	29
489	5	521	25
489	5	626	29
489	5	1669	27
490	5	626	27
490	5	939	29
490	5	2035	30
490	5	2295	28
491	5	574	25
491	5	730	27
491	5	1722	29
492	5	782	27
492	5	1095	29
492	5	2191	30
493	5	626	29
494	5	521	25
494	5	626	27
494	5	2035	29
495	5	678	27
495	5	991	29
496	5	521	29
496	5	1722	27
497	5	521	29
498	5	521	25
498	5	730	27
498	5	1722	29
499	5	521	25
499	5	730	27
500	5	521	25
500	5	626	29
500	5	1565	27
500	5	2035	30
501	5	1095	27
501	5	1408	29
502	5	626	29
503	5	521	25
503	5	626	29
503	5	1513	27
503	5	1878	30
503	5	2243	28
504	5	1774	27
504	5	2087	29
505	5	1095	27
505	5	1408	29
506	5	887	27
506	5	1200	29
507	5	1461	27
507	5	1774	29
508	5	521	25
508	5	678	27
508	5	991	29
510	5	1826	27
510	5	2139	29
512	5	782	27
512	5	1095	29
512	5	2139	30
513	5	782	27
513	5	1095	29
514	5	521	25
514	5	626	27
514	5	1408	29
515	5	521	25
515	5	626	29
515	5	2087	27
516	5	1200	27
516	5	1513	29
517	5	1148	27
517	5	1461	29
518	5	782	27
518	5	1095	29
519	5	521	29
519	5	1669	27
520	5	521	25
520	5	626	29
521	5	521	25
521	5	626	29
522	5	574	25
522	5	991	27
522	5	1356	29
523	5	521	25
523	5	678	27
523	5	1252	29
524	5	1930	27
524	5	2243	29
525	5	521	25
525	5	678	27
525	5	1148	29
526	5	1826	27
526	5	2139	29
527	5	521	29
528	5	521	25
528	5	626	29
529	5	521	25
529	5	626	27
529	5	939	29
529	5	1930	30
530	5	1095	27
530	5	1408	29
531	5	991	27
531	5	1304	29
532	5	782	27
532	5	1095	29
533	5	1826	27
533	5	2139	29
534	5	521	25
534	5	626	27
534	5	939	29
535	5	1408	27
535	5	1722	29
536	5	1148	27
536	5	1461	29
537	5	521	25
537	5	678	27
537	5	1408	29
538	5	521	29
539	5	521	25
539	5	626	29
540	5	1826	27
540	5	2139	29
541	5	521	29
541	5	2139	27
542	5	834	27
542	5	1148	29
543	5	991	27
543	5	1304	29
544	5	521	29
544	5	1513	27
544	5	2295	30
545	5	626	27
545	5	939	29
546	5	1043	27
546	5	1356	29
547	5	521	25
547	5	887	27
547	5	1252	29
548	5	1148	27
548	5	1461	29
549	5	1148	27
549	5	1461	29
550	5	521	29
550	5	1304	27
550	5	2139	30
551	5	521	29
551	5	1356	27
551	5	2139	30
552	5	1200	27
552	5	1513	29
553	5	626	29
554	5	521	29
554	5	1617	27
555	5	521	29
555	5	1252	27
555	5	1930	30
555	5	2191	28
556	5	626	29
556	5	1722	27
557	5	1252	27
557	5	1565	29
558	5	469	29
559	5	834	27
559	5	1148	29
560	5	1200	27
560	5	1513	29
561	5	678	27
561	5	991	29
562	5	782	27
562	5	1095	29
563	5	626	29
563	5	1617	27
564	5	1148	27
564	5	1461	29
565	5	521	25
565	5	626	29
565	5	1669	27
565	5	2295	30
566	5	521	29
567	5	626	29
568	5	521	25
568	5	626	29
569	5	730	27
569	5	1043	29
570	5	1200	27
570	5	1513	29
571	5	521	25
571	5	574	29
572	5	1252	27
572	5	1565	29
573	5	2191	27
574	5	521	25
574	5	834	27
575	5	521	25
575	5	574	29
575	5	1513	27
576	5	991	27
576	5	1304	29
577	5	521	25
577	5	626	27
577	5	939	29
578	5	834	27
578	5	1148	29
579	5	626	27
579	5	939	29
580	5	1722	27
580	5	2035	29
581	5	939	27
581	5	1252	29
581	5	2243	30
582	5	626	29
582	5	2243	27
583	5	521	25
583	5	626	27
583	5	939	29
584	5	521	25
584	5	626	27
584	5	1878	29
585	5	521	25
585	5	626	29
585	5	1461	27
585	5	1878	30
586	5	574	29
586	5	1617	27
587	5	521	29
587	5	1304	27
588	5	521	25
588	5	678	27
588	5	1356	29
589	5	521	29
589	5	1669	27
590	5	521	25
590	5	678	27
590	5	1252	29
591	5	1356	27
591	5	1669	29
593	5	574	29
594	5	626	27
594	5	939	29
595	5	521	25
595	5	626	29
595	5	1669	27
595	5	2139	30
596	5	574	29
597	5	626	25
597	5	678	27
598	5	521	25
598	5	574	29
599	5	521	25
599	5	626	29
599	5	2243	27
600	5	1408	27
600	5	1722	29
601	5	521	25
601	5	730	27
601	5	1617	29
602	5	1043	27
602	5	1356	29
603	5	626	27
603	5	939	29
604	5	678	27
604	5	991	29
604	5	2243	30
605	5	991	27
605	5	1304	29
606	5	574	25
606	5	626	29
607	5	521	29
607	5	1722	27
608	5	521	29
608	5	1722	27
610	5	2087	27
611	5	626	29
611	5	2295	27
612	5	991	27
612	5	1304	29
613	5	1095	27
613	5	1408	29
614	5	1043	27
614	5	1356	29
615	5	730	27
615	5	1043	29
616	5	887	27
616	5	1200	29
617	5	1826	27
617	5	2139	29
618	5	1878	27
618	5	2191	29
619	5	730	27
619	5	1043	29
620	5	521	25
620	5	626	29
621	5	782	27
621	5	1095	29
622	5	521	29
623	5	991	27
623	5	1304	29
624	5	521	29
625	5	991	27
625	5	1304	29
626	5	469	29
626	5	1617	27
627	5	521	25
627	5	730	27
627	5	1356	29
628	5	521	25
628	5	782	27
628	5	1513	29
629	5	730	27
629	5	1043	29
630	5	626	27
630	5	939	29
631	5	574	29
631	5	1669	27
632	5	521	25
632	5	626	29
632	5	2087	27
633	5	1356	27
633	5	1669	29
634	5	1043	27
634	5	1356	29
635	5	1252	27
635	5	1565	29
636	5	2035	27
637	5	834	27
637	5	1148	29
638	5	1774	27
638	5	2087	29
639	5	521	29
639	5	1461	27
640	5	626	27
640	5	939	29
641	5	521	29
642	5	1043	27
642	5	1356	29
643	5	2139	27
644	5	521	25
644	5	678	27
644	5	2243	29
645	5	626	27
645	5	939	29
646	5	521	25
646	5	626	29
647	5	1252	27
647	5	1565	29
648	5	626	27
648	5	939	29
649	5	521	25
649	5	782	27
649	5	1304	29
650	5	1356	27
650	5	1669	29
651	5	521	25
651	5	626	27
652	5	521	25
652	5	939	27
652	5	1461	29
653	5	521	25
653	5	730	27
653	5	1408	29
654	5	678	27
654	5	991	29
655	5	626	29
655	5	2035	27
656	5	574	29
656	5	2295	27
657	5	521	29
658	5	521	25
658	5	730	27
658	5	1200	29
659	5	1043	27
659	5	1356	29
660	5	678	27
660	5	991	29
661	5	521	25
661	5	626	27
661	5	1252	29
662	5	574	29
662	5	1930	27
663	5	887	27
663	5	1200	29
664	5	521	25
664	5	626	27
664	5	1200	29
665	5	521	25
665	5	626	27
665	5	1200	29
666	5	521	25
666	5	626	27
666	5	939	29
667	5	521	29
668	5	782	27
668	5	1095	29
669	5	678	27
669	5	991	29
670	5	730	27
670	5	1043	29
671	5	887	27
671	5	1200	29
672	5	626	27
672	5	939	29
673	5	626	27
673	5	939	29
674	5	626	29
675	5	939	27
675	5	1252	29
676	5	521	25
676	5	626	29
676	5	1878	27
677	5	678	27
677	5	991	29
678	5	521	25
678	5	626	29
679	5	991	27
679	5	1304	29
680	5	834	27
680	5	1148	29
681	5	782	27
681	5	1095	29
682	5	521	29
682	5	2191	27
683	5	1043	27
683	5	1356	29
684	5	939	27
684	5	1252	29
685	5	521	29
686	5	521	25
686	5	626	29
687	5	1252	27
687	5	1565	29
688	5	1043	27
688	5	1356	29
689	5	1043	27
689	5	1356	29
690	5	574	29
691	5	521	25
691	5	626	27
691	5	1148	29
692	5	521	29
692	5	1461	27
693	5	574	29
693	5	1669	27
694	5	521	25
694	5	834	27
694	5	1356	29
695	5	521	25
695	5	574	29
695	5	2243	27
696	5	730	27
696	5	1043	29
697	5	521	25
697	5	574	29
697	5	2139	27
698	5	1304	27
698	5	1617	29
699	5	574	29
700	5	521	29
701	5	730	27
701	5	1043	29
701	5	2191	30
702	5	574	29
703	5	521	29
703	5	1669	27
704	5	1826	27
704	5	2139	29
705	5	782	27
705	5	1095	29
706	5	521	29
706	5	2139	27
707	5	521	25
707	5	626	29
708	5	991	27
708	5	1304	29
709	5	521	29
709	5	1617	27
710	5	521	29
710	5	1461	27
711	5	939	27
711	5	1252	29
711	5	2295	30
712	5	626	27
712	5	939	29
713	5	1408	27
713	5	1722	29
714	5	521	25
714	5	678	27
714	5	991	29
715	5	626	27
715	5	939	29
716	5	521	25
716	5	626	29
716	5	1722	27
717	5	939	27
717	5	1252	29
717	5	2139	30
718	5	521	29
718	5	1565	27
719	5	730	27
719	5	1043	29
720	5	1826	27
720	5	2139	29
721	5	626	29
721	5	1878	27
722	5	521	29
722	5	1252	27
723	5	626	27
723	5	939	29
724	5	626	29
725	5	521	25
725	5	782	27
725	5	1252	29
726	5	574	29
726	5	1617	27
727	5	1043	27
727	5	1356	29
728	5	1774	27
728	5	2087	29
729	5	521	25
729	5	678	27
729	5	2035	29
730	5	574	25
730	5	1043	27
730	5	1617	29
731	5	521	25
731	5	626	29
732	5	521	25
732	5	678	27
732	5	1982	29
733	5	521	25
733	5	626	29
734	5	521	29
734	5	1826	27
735	5	1826	27
735	5	2139	29
736	5	887	27
736	5	1200	29
737	5	521	25
737	5	626	27
737	5	1252	29
738	5	521	25
738	5	574	29
738	5	1774	27
739	5	991	27
739	5	1304	29
741	5	521	29
742	5	521	25
742	5	626	27
742	5	939	29
743	5	521	25
743	5	574	29
743	5	2295	27
744	5	1043	27
744	5	1356	29
745	5	782	27
745	5	1095	29
746	5	1148	27
746	5	1461	29
747	5	574	25
747	5	887	27
748	5	1826	27
748	5	2139	29
749	5	1043	27
749	5	1356	29
750	5	521	25
750	5	626	27
750	5	2139	29
751	5	887	27
751	5	1200	29
752	5	678	27
752	5	991	29
752	5	2191	30
753	5	521	25
753	5	626	29
753	5	1826	27
753	5	2295	30
754	5	521	25
754	5	626	29
755	5	521	25
755	5	626	29
756	5	521	25
756	5	626	29
756	5	1669	27
757	5	1356	27
757	5	1669	29
758	5	521	25
758	5	626	29
759	5	1148	27
759	5	1461	29
760	5	574	29
761	5	626	29
761	5	2243	27
762	5	521	25
762	5	574	29
763	5	1043	27
763	5	1356	29
764	5	574	25
764	5	834	27
765	5	521	29
765	5	2087	27
766	5	521	25
766	5	626	27
767	5	991	27
767	5	1304	29
768	5	1252	27
768	5	1565	29
769	5	626	27
769	5	939	29
770	5	1826	27
770	5	2139	29
771	5	991	27
771	5	1304	29
772	5	678	27
772	5	991	29
773	5	1304	27
773	5	1617	29
774	5	521	29
774	5	1408	27
775	5	991	27
775	5	1304	29
776	5	521	29
776	5	1408	27
776	5	2243	30
777	5	1826	27
777	5	2139	29
778	5	521	25
778	5	678	27
778	5	1826	29
779	5	1826	27
779	5	2139	29
780	5	521	25
780	5	887	27
780	5	2191	29
781	5	521	25
781	5	574	29
781	5	2139	27
782	5	521	29
783	5	1304	27
783	5	1617	29
784	5	521	29
784	5	2035	27
785	5	521	25
785	5	730	27
785	5	2139	29
786	5	626	29
787	5	1148	27
787	5	1461	29
788	5	521	29
789	5	991	27
789	5	1304	29
789	5	2295	30
790	5	678	27
790	5	991	29
791	5	1148	27
791	5	1461	29
792	5	521	25
792	5	730	27
793	5	521	29
793	5	1826	27
794	5	521	25
794	5	574	29
795	5	1200	27
795	5	1513	29
796	5	1148	27
796	5	1461	29
797	5	521	25
797	5	730	27
797	5	1878	29
798	5	782	27
798	5	1095	29
799	5	2243	27
800	5	1095	27
800	5	1408	29
801	5	1200	27
801	5	1513	29
802	5	521	29
803	5	521	25
803	5	834	27
803	5	1356	29
804	5	521	29
804	5	2087	27
805	5	2243	27
806	5	1252	27
806	5	1565	29
807	5	521	25
807	5	626	27
807	5	939	29
807	5	1930	30
808	5	1826	27
808	5	2139	29
809	5	1617	27
809	5	1930	29
810	5	521	29
810	5	1826	27
811	5	521	25
811	5	626	27
811	5	939	29
812	5	469	29
812	5	1617	27
813	5	521	25
813	5	834	27
814	5	574	25
814	5	887	27
815	5	469	29
816	5	991	27
816	5	1304	29
817	5	1982	27
817	5	2295	29
818	5	574	29
818	5	1982	27
819	5	1252	27
819	5	1565	29
820	5	574	29
821	5	1043	27
821	5	1356	29
822	5	521	25
822	5	574	29
822	5	2243	27
823	5	521	25
823	5	626	27
823	5	939	29
823	5	2191	30
824	5	939	27
824	5	1252	29
825	5	782	27
825	5	1095	29
826	5	730	27
826	5	1043	29
827	5	678	27
827	5	991	29
828	5	1095	27
828	5	1408	29
829	5	1826	27
829	5	2139	29
830	5	887	27
830	5	1200	29
831	5	521	29
831	5	1461	27
831	5	2243	30
832	5	521	25
832	5	678	27
832	5	1095	29
832	5	2139	30
833	5	1043	27
833	5	1356	29
834	5	521	25
834	5	678	27
834	5	1148	29
835	5	521	25
835	5	887	27
835	5	1982	29
836	5	1930	27
836	5	2243	29
837	5	991	27
837	5	1304	29
838	5	469	29
838	5	1669	27
839	5	1252	27
839	5	1565	29
840	5	469	29
840	5	1200	27
840	5	1878	30
841	5	521	29
842	5	626	27
842	5	939	29
842	5	2295	30
843	5	521	25
843	5	626	27
843	5	991	29
843	5	2035	30
843	5	2295	28
844	5	991	27
844	5	1304	29
845	5	1095	27
845	5	1408	29
846	5	1252	27
846	5	1565	29
847	5	1043	27
847	5	1356	29
848	5	521	29
848	5	1408	27
849	5	1774	27
849	5	2087	29
850	5	521	25
850	5	574	29
850	5	1617	27
851	5	2035	27
852	5	678	27
852	5	991	29
853	5	1148	27
853	5	1461	29
854	5	991	27
854	5	1304	29
855	5	521	29
856	5	574	25
856	5	678	27
857	5	1095	27
857	5	1408	29
858	5	626	25
858	5	834	27
858	5	1408	29
859	5	626	27
859	5	939	29
860	5	1408	27
860	5	1722	29
861	5	521	25
861	5	626	27
862	5	1356	27
862	5	1669	29
863	5	521	29
863	5	1513	27
864	5	521	29
864	5	1408	27
864	5	2295	30
865	5	521	29
865	5	2243	27
866	5	521	25
866	5	626	29
867	5	626	29
868	5	521	29
868	5	2087	27
869	5	782	27
869	5	1095	29
870	5	991	27
870	5	1304	29
871	5	1043	27
871	5	1356	29
873	5	521	25
873	5	626	27
873	5	991	29
875	5	469	29
876	5	521	25
876	5	626	27
877	5	521	25
877	5	574	29
877	5	1565	27
878	5	1043	27
878	5	1356	29
879	5	574	29
880	5	521	25
880	5	626	27
880	5	939	29
881	5	730	27
881	5	1043	29
882	5	1148	27
882	5	1461	29
883	5	1461	27
883	5	1774	29
884	5	521	25
884	5	626	29
885	5	521	25
885	5	678	27
885	5	991	29
886	5	730	27
886	5	1043	29
887	5	521	25
887	5	730	27
887	5	1617	29
888	5	782	27
888	5	1095	29
889	5	1200	27
889	5	1513	29
890	5	1148	27
890	5	1461	29
891	5	521	25
891	5	782	27
891	5	1669	29
892	5	1356	27
892	5	1669	29
893	5	521	25
893	5	678	27
894	5	521	25
894	5	678	27
894	5	1982	29
895	5	574	29
895	5	2139	27
896	5	521	25
896	5	626	27
897	5	521	29
897	5	1722	27
898	5	521	29
898	5	1408	27
899	5	521	25
899	5	626	27
899	5	1095	29
900	5	730	27
900	5	1043	29
901	5	521	25
901	5	678	27
901	5	991	29
902	5	626	27
902	5	939	29
902	5	2243	30
903	5	469	29
903	5	1617	27
905	5	991	27
905	5	1304	29
906	5	521	29
907	5	1826	27
907	5	2139	29
908	5	521	25
908	5	626	27
908	5	1200	29
909	5	1826	27
909	5	2139	29
910	5	991	27
910	5	1304	29
911	5	730	27
911	5	1043	29
912	5	521	29
913	5	1148	27
913	5	1461	29
914	5	626	27
914	5	939	29
915	5	1043	27
915	5	1356	29
916	5	521	25
916	5	626	29
917	5	626	29
918	5	1095	27
918	5	1408	29
919	5	1095	27
919	5	1408	29
920	5	626	27
920	5	939	29
921	5	626	29
922	5	574	29
922	5	2191	27
923	5	1043	27
923	5	1356	29
924	5	521	29
924	5	1408	27
925	5	521	25
925	5	626	27
926	5	521	25
926	5	678	27
926	5	1304	29
927	5	678	27
927	5	991	29
929	5	521	25
929	5	626	27
929	5	1304	29
930	5	887	27
930	5	1200	29
931	5	521	25
931	5	626	29
931	5	1565	27
932	5	991	27
932	5	1304	29
933	5	1095	27
933	5	1408	29
934	5	834	27
934	5	1148	29
935	5	469	29
936	5	626	29
937	5	678	27
937	5	991	29
938	5	834	27
938	5	1148	29
939	5	991	27
939	5	1304	29
940	5	521	29
940	5	1617	27
941	5	521	29
941	5	1513	27
942	5	521	29
942	5	1408	27
943	5	626	29
944	5	574	29
944	5	2191	27
945	5	1252	27
945	5	1565	29
946	5	626	29
946	5	2139	27
947	5	521	25
947	5	678	27
947	5	1043	29
947	5	2035	30
948	5	521	25
948	5	626	27
948	5	1200	29
949	5	469	29
949	5	1252	27
949	5	1982	30
950	5	521	25
950	5	626	27
950	5	939	29
951	5	1878	27
951	5	2191	29
952	5	1774	27
952	5	2087	29
953	5	521	25
953	5	678	27
953	5	1095	29
954	5	521	29
954	5	1617	27
955	5	1408	27
955	5	1722	29
956	5	626	29
957	5	1200	27
957	5	1513	29
958	5	782	27
958	5	1095	29
959	5	2087	27
960	5	574	25
960	5	834	27
960	5	1461	29
961	5	521	25
961	5	834	27
961	5	1461	29
962	5	1878	27
962	5	2191	29
963	5	521	25
963	5	678	27
963	5	1930	29
964	5	521	29
964	5	1461	27
965	5	730	27
965	5	1043	29
966	5	521	25
966	5	574	29
966	5	2191	27
967	5	1095	27
967	5	1408	29
968	5	521	29
968	5	2243	27
969	5	574	29
969	5	1878	27
969	5	2295	30
971	5	521	25
971	5	626	29
971	5	2139	27
972	5	521	25
972	5	574	29
972	5	1565	27
972	5	2035	30
973	5	574	29
974	5	521	29
975	5	1095	27
975	5	1408	29
976	5	521	29
976	5	1617	27
977	5	1617	27
977	5	1930	29
978	5	521	29
978	5	1669	27
979	5	1200	27
979	5	1513	29
980	5	1461	27
980	5	1774	29
981	5	782	27
981	5	1095	29
982	5	521	29
983	5	521	25
983	5	574	29
984	5	834	27
984	5	1148	29
985	5	991	27
985	5	1304	29
986	5	2139	27
987	5	991	27
987	5	1304	29
988	5	521	25
988	5	626	27
988	5	1878	29
989	5	521	25
989	5	574	29
990	5	1513	27
990	5	1826	29
992	5	1617	27
992	5	1930	29
993	5	678	27
993	5	991	29
994	5	1826	27
994	5	2139	29
995	5	521	25
995	5	626	29
995	5	2295	27
996	5	1043	27
996	5	1356	29
997	5	2191	27
998	5	521	29
998	5	1513	27
998	5	2243	30
999	5	1200	27
999	5	1513	29
