Realization	utility	week	infra.
0	0	730	29
0	0	2243	30
1	0	730	29
2	0	730	29
3	0	1095	29
4	0	730	29
4	0	1826	30
5	0	730	29
6	0	730	29
7	0	730	29
8	0	730	29
9	0	887	29
10	0	730	29
11	0	2243	29
12	0	730	29
13	0	730	29
14	0	991	29
15	0	730	29
16	0	730	29
17	0	730	29
18	0	730	29
19	0	1669	29
20	0	730	29
20	0	2191	30
21	0	730	29
22	0	730	29
23	0	730	29
24	0	730	29
24	0	2295	30
25	0	1408	29
26	0	730	29
27	0	730	29
28	0	730	29
29	0	730	29
30	0	1200	29
31	0	730	29
32	0	1043	29
33	0	730	29
34	0	730	29
35	0	730	29
35	0	2243	30
36	0	730	29
37	0	730	29
38	0	730	29
39	0	730	29
40	0	730	29
40	0	1826	30
41	0	730	29
41	0	2243	30
42	0	730	29
43	0	730	29
44	0	1408	29
45	0	730	29
46	0	730	29
47	0	887	29
48	0	834	29
49	0	730	29
49	0	2191	30
50	0	1356	29
51	0	1148	29
52	0	730	29
53	0	730	29
53	0	1930	30
55	0	730	29
56	0	991	29
57	0	730	29
57	0	1722	30
58	0	730	29
59	0	730	29
59	0	2191	30
60	0	782	29
61	0	730	29
62	0	730	29
62	0	2087	30
63	0	730	29
64	0	1774	29
65	0	730	29
66	0	1252	29
67	0	730	29
68	0	1304	29
69	0	730	29
70	0	730	29
71	0	1043	29
72	0	1669	29
73	0	1408	29
74	0	730	29
75	0	730	29
76	0	1304	29
77	0	1148	29
78	0	1148	29
79	0	730	29
80	0	730	29
81	0	730	29
82	0	730	29
83	0	782	29
84	0	730	29
85	0	1356	29
86	0	782	29
87	0	730	29
87	0	1878	30
88	0	730	29
89	0	730	29
90	0	1252	29
91	0	730	29
92	0	730	29
93	0	1148	29
94	0	1252	29
95	0	730	29
96	0	730	29
97	0	834	29
98	0	1461	29
99	0	730	29
100	0	1043	29
101	0	730	29
102	0	730	29
103	0	730	29
104	0	730	29
105	0	2035	29
106	0	730	29
106	0	1982	30
107	0	730	29
107	0	2087	30
108	0	730	29
109	0	1095	29
110	0	730	29
111	0	730	29
112	0	730	29
113	0	730	29
114	0	730	29
115	0	1304	29
116	0	1304	29
117	0	1252	29
118	0	1095	29
119	0	1095	29
120	0	730	29
121	0	887	29
122	0	730	29
122	0	2035	30
123	0	1617	29
124	0	730	29
125	0	730	29
126	0	730	29
127	0	730	29
128	0	730	29
129	0	834	29
130	0	730	29
131	0	730	29
131	0	1982	30
132	0	730	29
133	0	730	29
134	0	730	29
135	0	730	29
136	0	730	29
136	0	1617	30
137	0	730	29
138	0	730	29
138	0	1878	30
139	0	730	29
139	0	1722	30
140	0	1304	29
141	0	730	29
141	0	1722	30
142	0	730	29
143	0	1200	29
145	0	1095	29
146	0	730	29
147	0	730	29
148	0	1252	29
149	0	730	29
149	0	1982	30
150	0	730	29
150	0	2243	30
151	0	730	29
152	0	730	29
152	0	2087	30
153	0	730	29
154	0	730	29
155	0	730	29
155	0	2087	30
156	0	730	29
156	0	2243	30
158	0	730	29
159	0	991	29
159	0	1930	30
160	0	730	29
161	0	1356	29
162	0	730	29
163	0	782	29
164	0	730	29
165	0	730	29
166	0	1513	29
167	0	939	29
168	0	2243	29
169	0	730	29
170	0	730	29
171	0	730	29
172	0	782	29
173	0	1148	29
174	0	730	29
175	0	730	29
175	0	2139	30
176	0	730	29
177	0	1513	29
178	0	1878	29
179	0	730	29
180	0	834	29
181	0	730	29
182	0	730	29
183	0	730	29
183	0	2191	30
184	0	782	29
185	0	730	29
186	0	2035	29
187	0	730	29
188	0	782	29
189	0	730	29
189	0	2139	30
190	0	834	29
191	0	730	29
192	0	730	29
193	0	730	29
193	0	2295	30
194	0	730	29
196	0	730	29
196	0	1513	30
197	0	2295	29
198	0	730	29
198	0	2295	30
199	0	730	29
199	0	2087	30
200	0	1043	29
201	0	1408	29
202	0	730	29
203	0	730	29
204	0	730	29
205	0	1148	29
206	0	730	29
206	0	1513	30
207	0	730	29
207	0	2139	30
208	0	730	29
209	0	2035	29
210	0	730	29
211	0	1356	29
212	0	730	29
213	0	1461	29
214	0	730	29
215	0	1148	29
216	0	730	29
217	0	1095	29
218	0	730	29
219	0	1930	29
220	0	1200	29
221	0	730	29
222	0	887	29
223	0	730	29
224	0	730	29
225	0	730	29
225	0	1774	30
226	0	730	29
227	0	730	29
228	0	730	29
229	0	730	29
230	0	730	29
231	0	730	29
232	0	730	29
232	0	2191	30
233	0	1200	29
235	0	1304	29
236	0	730	29
237	0	730	29
238	0	782	29
239	0	991	29
240	0	730	29
240	0	1982	30
241	0	730	29
242	0	730	29
242	0	2191	30
243	0	730	29
243	0	1826	30
244	0	730	29
245	0	991	29
246	0	1878	29
247	0	1356	29
248	0	730	29
249	0	730	29
250	0	730	29
250	0	1878	30
251	0	730	29
252	0	834	29
253	0	730	29
255	0	730	29
256	0	730	29
257	0	939	29
258	0	730	29
259	0	730	29
260	0	730	29
262	0	730	29
263	0	730	29
264	0	730	29
265	0	730	29
266	0	730	29
267	0	730	29
268	0	730	29
269	0	730	29
270	0	730	29
271	0	730	29
271	0	2087	30
272	0	730	29
272	0	1722	30
273	0	2087	29
274	0	991	29
275	0	1252	29
276	0	1982	29
277	0	730	29
278	0	1304	29
279	0	1043	29
280	0	730	29
282	0	1252	29
283	0	1095	29
284	0	730	29
284	0	1669	30
285	0	1043	29
286	0	730	29
286	0	1982	30
287	0	1095	29
288	0	730	29
289	0	730	29
290	0	2087	29
291	0	730	29
292	0	1252	29
293	0	730	29
293	0	1722	30
294	0	730	29
295	0	782	29
296	0	730	29
297	0	991	29
298	0	730	29
299	0	730	29
300	0	730	29
301	0	730	29
302	0	730	29
302	0	2243	30
303	0	730	29
303	0	1669	30
304	0	730	29
306	0	730	29
307	0	730	29
308	0	730	29
309	0	730	29
309	0	1669	30
310	0	730	29
310	0	1930	30
311	0	730	29
312	0	730	29
313	0	730	29
314	0	1148	29
315	0	730	29
315	0	2243	30
316	0	1930	29
317	0	1148	29
318	0	1252	29
319	0	939	29
320	0	1200	29
321	0	730	29
322	0	730	29
323	0	1617	29
324	0	1252	29
325	0	1095	29
326	0	730	29
327	0	991	29
328	0	730	29
329	0	1200	29
330	0	730	29
331	0	730	29
332	0	730	29
333	0	730	29
333	0	2243	30
334	0	1095	29
335	0	730	29
336	0	730	29
337	0	730	29
338	0	730	29
339	0	730	29
340	0	1043	29
341	0	1095	29
342	0	730	29
342	0	1774	30
343	0	730	29
343	0	2243	30
344	0	1774	29
345	0	730	29
345	0	2191	30
346	0	730	29
346	0	1930	30
347	0	730	29
348	0	730	29
349	0	730	29
349	0	1774	30
350	0	1878	29
351	0	730	29
352	0	730	29
353	0	730	29
354	0	730	29
354	0	1617	30
355	0	730	29
356	0	730	29
357	0	730	29
358	0	782	29
360	0	730	29
361	0	730	29
362	0	834	29
364	0	730	29
365	0	1304	29
366	0	730	29
367	0	730	29
368	0	730	29
368	0	1722	30
369	0	730	29
370	0	730	29
371	0	730	29
372	0	730	29
373	0	730	29
374	0	1304	29
375	0	1200	29
376	0	730	29
377	0	1200	29
378	0	730	29
379	0	730	29
380	0	730	29
381	0	730	29
382	0	730	29
383	0	1148	29
384	0	730	29
385	0	730	29
386	0	730	29
387	0	730	29
387	0	2243	30
388	0	1930	29
389	0	730	29
390	0	730	29
390	0	2295	30
391	0	730	29
391	0	2139	30
392	0	730	29
393	0	730	29
394	0	730	29
395	0	730	29
396	0	730	29
396	0	1617	30
397	0	1148	29
398	0	730	29
399	0	730	29
400	0	730	29
401	0	2035	29
402	0	730	29
403	0	991	29
404	0	730	29
405	0	834	29
406	0	730	29
407	0	1043	29
409	0	782	29
410	0	730	29
411	0	730	29
411	0	1774	30
412	0	730	29
412	0	1669	30
413	0	730	29
413	0	1669	30
414	0	730	29
414	0	2139	30
415	0	730	29
416	0	1148	29
417	0	730	29
418	0	730	29
419	0	730	29
420	0	730	29
421	0	1878	29
422	0	730	29
423	0	782	29
424	0	730	29
424	0	1826	30
425	0	730	29
426	0	834	29
426	0	2243	30
427	0	1982	29
428	0	730	29
429	0	730	29
430	0	730	29
431	0	730	29
432	0	730	29
432	0	1982	30
433	0	730	29
434	0	730	29
434	0	1826	30
435	0	730	29
436	0	730	29
436	0	1826	30
437	0	730	29
438	0	730	29
439	0	730	29
440	0	730	29
441	0	1408	29
442	0	730	29
443	0	730	29
444	0	1356	29
445	0	730	29
445	0	2295	30
446	0	730	29
447	0	1304	29
448	0	730	29
449	0	1930	29
450	0	2139	29
451	0	730	29
451	0	2087	30
452	0	730	29
453	0	730	29
453	0	1722	30
454	0	1095	29
455	0	1043	29
456	0	1200	29
457	0	730	29
458	0	1043	29
459	0	730	29
460	0	730	29
461	0	730	29
462	0	730	29
463	0	730	29
463	0	1930	30
464	0	730	29
465	0	730	29
466	0	730	29
467	0	730	29
468	0	730	29
469	0	730	29
469	0	2035	30
470	0	1043	29
471	0	782	29
472	0	730	29
473	0	730	29
474	0	730	29
475	0	730	29
476	0	1095	29
477	0	730	29
478	0	730	29
480	0	730	29
481	0	730	29
481	0	1826	30
482	0	730	29
483	0	1513	29
484	0	1982	29
485	0	939	29
486	0	1200	29
487	0	730	29
488	0	1200	29
489	0	730	29
489	0	1878	30
490	0	730	29
490	0	2087	30
491	0	730	29
492	0	730	29
492	0	2295	30
493	0	730	29
494	0	730	29
495	0	730	29
496	0	730	29
496	0	2191	30
497	0	730	29
498	0	730	29
499	0	730	29
500	0	730	29
500	0	1722	30
501	0	1148	29
502	0	730	29
503	0	730	29
503	0	1669	30
504	0	1461	29
505	0	1148	29
506	0	782	29
507	0	1461	29
508	0	730	29
508	0	1826	30
510	0	1878	29
512	0	730	29
512	0	2191	30
513	0	730	29
514	0	730	29
515	0	730	29
515	0	2139	30
516	0	1200	29
517	0	1200	29
518	0	730	29
519	0	730	29
520	0	730	29
521	0	730	29
522	0	730	29
522	0	2191	30
523	0	730	29
523	0	2295	30
524	0	1930	29
525	0	730	29
525	0	1878	30
526	0	991	29
527	0	730	29
528	0	730	29
529	0	730	29
529	0	1669	30
530	0	1200	29
531	0	834	29
532	0	730	29
533	0	1878	29
534	0	730	29
534	0	1930	30
535	0	1356	29
536	0	1095	29
537	0	730	29
537	0	2295	30
538	0	730	29
539	0	730	29
540	0	887	29
541	0	730	29
542	0	730	29
543	0	1043	29
544	0	730	29
544	0	1930	30
545	0	730	29
546	0	1148	29
547	0	730	29
547	0	1982	30
548	0	1095	29
549	0	1200	29
550	0	730	29
550	0	1722	30
551	0	730	29
551	0	1774	30
552	0	1252	29
553	0	730	29
554	0	730	29
555	0	730	29
555	0	1669	30
556	0	730	29
557	0	834	29
558	0	730	29
559	0	730	29
560	0	1200	29
561	0	730	29
562	0	730	29
563	0	730	29
564	0	1200	29
565	0	730	29
565	0	1826	30
566	0	730	29
567	0	730	29
568	0	730	29
569	0	730	29
570	0	1252	29
571	0	730	29
572	0	1252	29
573	0	1930	29
574	0	730	29
575	0	730	29
575	0	1669	30
576	0	1043	29
577	0	730	29
578	0	782	29
579	0	730	29
580	0	1513	29
581	0	782	29
582	0	730	29
583	0	730	29
583	0	1669	30
584	0	730	29
585	0	730	29
585	0	1617	30
586	0	730	29
587	0	730	29
587	0	1722	30
588	0	730	29
589	0	730	29
590	0	730	29
591	0	1252	29
593	0	730	29
594	0	730	29
595	0	730	29
595	0	1774	30
596	0	730	29
597	0	730	29
598	0	730	29
599	0	730	29
600	0	1252	29
601	0	730	29
602	0	939	29
603	0	730	29
604	0	730	29
604	0	2295	30
605	0	834	29
606	0	730	29
607	0	730	29
607	0	2243	30
608	0	730	29
609	0	2191	29
610	0	2139	29
611	0	730	29
612	0	1043	29
613	0	1043	29
614	0	1043	29
615	0	730	29
616	0	782	29
617	0	939	29
618	0	1356	29
619	0	730	29
620	0	730	29
621	0	730	29
622	0	730	29
623	0	782	29
624	0	730	29
625	0	887	29
626	0	730	29
627	0	730	29
628	0	730	29
629	0	730	29
630	0	730	29
631	0	730	29
631	0	2087	30
632	0	730	29
632	0	2191	30
633	0	1356	29
634	0	1095	29
635	0	1304	29
636	0	2035	29
637	0	782	29
638	0	991	29
639	0	730	29
639	0	2035	30
640	0	730	29
641	0	730	29
642	0	1095	29
643	0	2139	29
644	0	730	29
645	0	730	29
646	0	730	29
647	0	1095	29
648	0	730	29
649	0	730	29
650	0	1252	29
651	0	730	29
652	0	730	29
653	0	730	29
654	0	730	29
655	0	730	29
656	0	730	29
657	0	730	29
658	0	730	29
658	0	1982	30
659	0	1043	29
660	0	730	29
661	0	730	29
662	0	730	29
663	0	730	29
664	0	730	29
664	0	1982	30
665	0	730	29
666	0	730	29
667	0	730	29
668	0	730	29
669	0	730	29
670	0	730	29
671	0	782	29
672	0	730	29
673	0	730	29
674	0	730	29
675	0	782	29
676	0	730	29
676	0	1982	30
677	0	730	29
678	0	730	29
679	0	887	29
680	0	730	29
681	0	730	29
682	0	730	29
683	0	1043	29
684	0	782	29
685	0	730	29
686	0	730	29
687	0	1252	29
688	0	1095	29
689	0	1043	29
690	0	730	29
691	0	730	29
691	0	1930	30
692	0	730	29
693	0	730	29
693	0	2243	30
694	0	730	29
695	0	730	29
696	0	730	29
697	0	730	29
697	0	2191	30
698	0	1304	29
699	0	730	29
700	0	730	29
701	0	730	29
701	0	2243	30
702	0	730	29
703	0	730	29
703	0	2295	30
704	0	1722	29
705	0	730	29
706	0	730	29
707	0	730	29
708	0	991	29
709	0	730	29
709	0	2087	30
710	0	730	29
711	0	887	29
712	0	730	29
713	0	939	29
714	0	730	29
715	0	730	29
716	0	730	29
717	0	782	29
717	0	2191	30
718	0	730	29
718	0	2191	30
719	0	730	29
720	0	1513	29
721	0	730	29
722	0	730	29
722	0	1669	30
723	0	730	29
724	0	730	29
725	0	730	29
726	0	730	29
727	0	991	29
728	0	1669	29
729	0	730	29
730	0	730	29
731	0	730	29
732	0	730	29
733	0	730	29
734	0	730	29
734	0	2295	30
735	0	1930	29
736	0	730	29
737	0	730	29
737	0	2087	30
738	0	730	29
738	0	1930	30
739	0	1043	29
740	0	2243	29
741	0	730	29
742	0	730	29
742	0	1826	30
743	0	730	29
744	0	1095	29
745	0	730	29
746	0	1200	29
747	0	730	29
748	0	1878	29
749	0	939	29
750	0	730	29
751	0	782	29
752	0	730	29
752	0	2295	30
753	0	730	29
753	0	1930	30
754	0	730	29
755	0	730	29
756	0	730	29
756	0	1826	30
757	0	1200	29
758	0	730	29
759	0	1200	29
760	0	730	29
761	0	730	29
762	0	730	29
763	0	1095	29
764	0	730	29
765	0	730	29
766	0	730	29
767	0	1043	29
768	0	1252	29
769	0	730	29
770	0	1826	29
771	0	1043	29
772	0	730	29
773	0	1304	29
774	0	730	29
775	0	834	29
776	0	730	29
776	0	1930	30
777	0	1878	29
778	0	730	29
779	0	991	29
780	0	730	29
781	0	730	29
781	0	2243	30
782	0	730	29
783	0	1200	29
784	0	730	29
785	0	730	29
786	0	730	29
787	0	1200	29
788	0	730	29
789	0	991	29
790	0	730	29
791	0	1148	29
792	0	730	29
793	0	730	29
793	0	2243	30
794	0	730	29
795	0	887	29
796	0	1200	29
797	0	730	29
798	0	730	29
799	0	2191	29
800	0	1148	29
801	0	1252	29
802	0	730	29
803	0	730	29
803	0	2295	30
804	0	730	29
805	0	2243	29
806	0	1200	29
807	0	730	29
807	0	1617	30
808	0	1878	29
809	0	1513	29
810	0	730	29
811	0	730	29
812	0	730	29
812	0	2035	30
813	0	730	29
814	0	730	29
815	0	730	29
816	0	887	29
817	0	1982	29
818	0	730	29
819	0	1304	29
820	0	730	29
821	0	1043	29
822	0	730	29
823	0	730	29
823	0	1826	30
824	0	782	29
825	0	730	29
826	0	730	29
827	0	730	29
828	0	1200	29
829	0	1930	29
830	0	782	29
831	0	730	29
831	0	1878	30
832	0	730	29
832	0	1826	30
833	0	1095	29
834	0	730	29
834	0	1930	30
835	0	730	29
836	0	1982	29
837	0	991	29
838	0	730	29
838	0	2087	30
839	0	1304	29
840	0	730	29
840	0	1565	30
841	0	730	29
842	0	730	29
843	0	730	29
843	0	1722	30
844	0	939	29
845	0	1095	29
846	0	1304	29
847	0	1095	29
848	0	730	29
849	0	887	29
850	0	730	29
850	0	1774	30
851	0	2035	29
852	0	730	29
853	0	1148	29
854	0	939	29
855	0	730	29
856	0	730	29
857	0	1148	29
858	0	730	29
859	0	730	29
860	0	1408	29
861	0	730	29
862	0	1304	29
863	0	730	29
864	0	730	29
864	0	1774	30
865	0	730	29
866	0	730	29
867	0	730	29
868	0	730	29
869	0	730	29
870	0	939	29
871	0	1043	29
873	0	730	29
873	0	2139	30
875	0	730	29
876	0	730	29
877	0	730	29
877	0	1669	30
878	0	1095	29
879	0	730	29
880	0	730	29
880	0	2243	30
881	0	730	29
882	0	1200	29
883	0	1356	29
884	0	730	29
885	0	730	29
885	0	1722	30
886	0	730	29
887	0	730	29
888	0	730	29
889	0	1200	29
890	0	1200	29
891	0	730	29
892	0	1356	29
893	0	730	29
894	0	730	29
895	0	730	29
896	0	730	29
897	0	730	29
898	0	730	29
899	0	730	29
899	0	2035	30
900	0	730	29
901	0	730	29
902	0	730	29
902	0	2295	30
903	0	730	29
903	0	2035	30
905	0	887	29
906	0	730	29
907	0	1826	29
908	0	730	29
909	0	1774	29
910	0	991	29
911	0	730	29
912	0	730	29
913	0	1200	29
914	0	730	29
915	0	1148	29
916	0	730	29
917	0	730	29
918	0	1148	29
919	0	1095	29
920	0	730	29
921	0	730	29
922	0	730	29
923	0	1095	29
924	0	730	29
925	0	730	29
926	0	730	29
926	0	2087	30
927	0	730	29
929	0	730	29
930	0	782	29
931	0	730	29
931	0	1722	30
932	0	834	29
933	0	1200	29
934	0	730	29
935	0	730	29
936	0	730	29
937	0	730	29
938	0	730	29
939	0	887	29
940	0	730	29
940	0	2087	30
941	0	730	29
941	0	1982	30
942	0	730	29
942	0	1930	30
943	0	730	29
944	0	730	29
945	0	1252	29
946	0	730	29
947	0	730	29
947	0	1774	30
948	0	730	29
949	0	730	29
949	0	1669	30
950	0	730	29
951	0	1617	29
952	0	1617	29
953	0	730	29
954	0	730	29
954	0	2243	30
955	0	834	29
956	0	730	29
957	0	1043	29
958	0	782	29
959	0	1774	29
960	0	730	29
961	0	730	29
962	0	1930	29
963	0	730	29
964	0	730	29
964	0	1878	30
965	0	730	29
966	0	730	29
967	0	887	29
968	0	730	29
969	0	730	29
971	0	730	29
971	0	2295	30
972	0	991	29
972	0	1669	30
973	0	730	29
974	0	730	29
975	0	1095	29
976	0	730	29
976	0	2087	30
977	0	1461	29
978	0	730	29
979	0	1252	29
980	0	1252	29
981	0	730	29
982	0	730	29
983	0	730	29
984	0	730	29
985	0	1043	29
986	0	2139	29
987	0	834	29
988	0	730	29
989	0	730	29
990	0	1461	29
991	0	887	29
992	0	1461	29
993	0	730	29
994	0	1826	29
995	0	730	29
996	0	1043	29
997	0	2139	29
998	0	730	29
998	0	1878	30
999	0	1252	29
0	1	730	29
0	1	2243	30
1	1	730	29
2	1	730	29
3	1	1095	29
4	1	730	29
4	1	1826	30
5	1	730	29
6	1	730	29
7	1	730	29
8	1	730	29
9	1	887	29
10	1	730	29
11	1	2243	29
12	1	730	29
13	1	730	29
14	1	991	29
15	1	730	29
16	1	730	29
17	1	730	29
18	1	730	29
19	1	1669	29
20	1	730	29
20	1	2191	30
21	1	730	29
22	1	730	29
23	1	730	29
24	1	730	29
24	1	2295	30
25	1	1408	29
26	1	730	29
27	1	730	29
28	1	730	29
29	1	730	29
30	1	1200	29
31	1	730	29
32	1	1043	29
33	1	730	29
34	1	730	29
35	1	730	29
35	1	2243	30
36	1	730	29
37	1	730	29
38	1	730	29
39	1	730	29
40	1	730	29
40	1	1826	30
41	1	730	29
41	1	2243	30
42	1	730	29
43	1	730	29
44	1	1408	29
45	1	730	29
46	1	730	29
47	1	887	29
48	1	834	29
49	1	730	29
49	1	2191	30
50	1	1356	29
51	1	1148	29
52	1	730	29
53	1	730	29
53	1	1930	30
55	1	730	29
56	1	991	29
57	1	730	29
57	1	1722	30
58	1	730	29
59	1	730	29
59	1	2191	30
60	1	782	29
61	1	730	29
62	1	730	29
62	1	2087	30
63	1	730	29
64	1	1774	29
65	1	730	29
66	1	1252	29
67	1	730	29
68	1	1304	29
69	1	730	29
70	1	730	29
71	1	1043	29
72	1	1669	29
73	1	1408	29
74	1	730	29
75	1	730	29
76	1	1304	29
77	1	1148	29
78	1	1148	29
79	1	730	29
80	1	730	29
81	1	730	29
82	1	730	29
83	1	782	29
84	1	730	29
85	1	1356	29
86	1	782	29
87	1	730	29
87	1	1878	30
88	1	730	29
89	1	730	29
90	1	1252	29
91	1	730	29
92	1	730	29
93	1	1148	29
94	1	1252	29
95	1	730	29
96	1	730	29
97	1	834	29
98	1	1461	29
99	1	730	29
100	1	1043	29
101	1	730	29
102	1	730	29
103	1	730	29
104	1	730	29
105	1	2035	29
106	1	730	29
106	1	1982	30
107	1	730	29
107	1	2087	30
108	1	730	29
109	1	1095	29
110	1	730	29
111	1	730	29
112	1	730	29
113	1	730	29
114	1	730	29
115	1	1304	29
116	1	1304	29
117	1	1252	29
118	1	1095	29
119	1	1095	29
120	1	730	29
121	1	887	29
122	1	730	29
122	1	2035	30
123	1	1617	29
124	1	730	29
125	1	730	29
126	1	730	29
127	1	730	29
128	1	730	29
129	1	834	29
130	1	730	29
131	1	730	29
131	1	1982	30
132	1	730	29
133	1	730	29
134	1	730	29
135	1	730	29
136	1	730	29
136	1	1617	30
137	1	730	29
138	1	730	29
138	1	1878	30
139	1	730	29
139	1	1722	30
140	1	1304	29
141	1	730	29
141	1	1722	30
142	1	730	29
143	1	1200	29
145	1	1095	29
146	1	730	29
147	1	730	29
148	1	1252	29
149	1	730	29
149	1	1982	30
150	1	730	29
150	1	2243	30
151	1	730	29
152	1	730	29
152	1	2087	30
153	1	730	29
154	1	730	29
155	1	730	29
155	1	2087	30
156	1	730	29
156	1	2243	30
158	1	730	29
159	1	991	29
159	1	1930	30
160	1	730	29
161	1	1356	29
162	1	730	29
163	1	782	29
164	1	730	29
165	1	730	29
166	1	1513	29
167	1	939	29
168	1	2243	29
169	1	730	29
170	1	730	29
171	1	730	29
172	1	782	29
173	1	1148	29
174	1	730	29
175	1	730	29
175	1	2139	30
176	1	730	29
177	1	1513	29
178	1	1878	29
179	1	730	29
180	1	834	29
181	1	730	29
182	1	730	29
183	1	730	29
183	1	2191	30
184	1	782	29
185	1	730	29
186	1	2035	29
187	1	730	29
188	1	782	29
189	1	730	29
189	1	2139	30
190	1	834	29
191	1	730	29
192	1	730	29
193	1	730	29
193	1	2295	30
194	1	730	29
196	1	730	29
196	1	1513	30
197	1	2295	29
198	1	730	29
198	1	2295	30
199	1	730	29
199	1	2087	30
200	1	1043	29
201	1	1408	29
202	1	730	29
203	1	730	29
204	1	730	29
205	1	1148	29
206	1	730	29
206	1	1513	30
207	1	730	29
207	1	2139	30
208	1	730	29
209	1	2035	29
210	1	730	29
211	1	1356	29
212	1	730	29
213	1	1461	29
214	1	730	29
215	1	1148	29
216	1	730	29
217	1	1095	29
218	1	730	29
219	1	1930	29
220	1	1200	29
221	1	730	29
222	1	887	29
223	1	730	29
224	1	730	29
225	1	730	29
225	1	1774	30
226	1	730	29
227	1	730	29
228	1	730	29
229	1	730	29
230	1	730	29
231	1	730	29
232	1	730	29
232	1	2191	30
233	1	1200	29
235	1	1304	29
236	1	730	29
237	1	730	29
238	1	782	29
239	1	991	29
240	1	730	29
240	1	1982	30
241	1	730	29
242	1	730	29
242	1	2191	30
243	1	730	29
243	1	1826	30
244	1	730	29
245	1	991	29
246	1	1878	29
247	1	1356	29
248	1	730	29
249	1	730	29
250	1	730	29
250	1	1878	30
251	1	730	29
252	1	834	29
253	1	730	29
255	1	730	29
256	1	730	29
257	1	939	29
258	1	730	29
259	1	730	29
260	1	730	29
262	1	730	29
263	1	730	29
264	1	730	29
265	1	730	29
266	1	730	29
267	1	730	29
268	1	730	29
269	1	730	29
270	1	730	29
271	1	730	29
271	1	2087	30
272	1	730	29
272	1	1722	30
273	1	2087	29
274	1	991	29
275	1	1252	29
276	1	1982	29
277	1	730	29
278	1	1304	29
279	1	1043	29
280	1	730	29
282	1	1252	29
283	1	1095	29
284	1	730	29
284	1	1669	30
285	1	1043	29
286	1	730	29
286	1	1982	30
287	1	1095	29
288	1	730	29
289	1	730	29
290	1	2087	29
291	1	730	29
292	1	1252	29
293	1	730	29
293	1	1722	30
294	1	730	29
295	1	782	29
296	1	730	29
297	1	991	29
298	1	730	29
299	1	730	29
300	1	730	29
301	1	730	29
302	1	730	29
302	1	2243	30
303	1	730	29
303	1	1669	30
304	1	730	29
306	1	730	29
307	1	730	29
308	1	730	29
309	1	730	29
309	1	1669	30
310	1	730	29
310	1	1930	30
311	1	730	29
312	1	730	29
313	1	730	29
314	1	1148	29
315	1	730	29
315	1	2243	30
316	1	1930	29
317	1	1148	29
318	1	1252	29
319	1	939	29
320	1	1200	29
321	1	730	29
322	1	730	29
323	1	1617	29
324	1	1252	29
325	1	1095	29
326	1	730	29
327	1	991	29
328	1	730	29
329	1	1200	29
330	1	730	29
331	1	730	29
332	1	730	29
333	1	730	29
333	1	2243	30
334	1	1095	29
335	1	730	29
336	1	730	29
337	1	730	29
338	1	730	29
339	1	730	29
340	1	1043	29
341	1	1095	29
342	1	730	29
342	1	1774	30
343	1	730	29
343	1	2243	30
344	1	1774	29
345	1	730	29
345	1	2191	30
346	1	730	29
346	1	1930	30
347	1	730	29
348	1	730	29
349	1	730	29
349	1	1774	30
350	1	1878	29
351	1	730	29
352	1	730	29
353	1	730	29
354	1	730	29
354	1	1617	30
355	1	730	29
356	1	730	29
357	1	730	29
358	1	782	29
360	1	730	29
361	1	730	29
362	1	834	29
364	1	730	29
365	1	1304	29
366	1	730	29
367	1	730	29
368	1	730	29
368	1	1722	30
369	1	730	29
370	1	730	29
371	1	730	29
372	1	730	29
373	1	730	29
374	1	1304	29
375	1	1200	29
376	1	730	29
377	1	1200	29
378	1	730	29
379	1	730	29
380	1	730	29
381	1	730	29
382	1	730	29
383	1	1148	29
384	1	730	29
385	1	730	29
386	1	730	29
387	1	730	29
387	1	2243	30
388	1	1930	29
389	1	730	29
390	1	730	29
390	1	2295	30
391	1	730	29
391	1	2139	30
392	1	730	29
393	1	730	29
394	1	730	29
395	1	730	29
396	1	730	29
396	1	1617	30
397	1	1148	29
398	1	730	29
399	1	730	29
400	1	730	29
401	1	2035	29
402	1	730	29
403	1	991	29
404	1	730	29
405	1	834	29
406	1	730	29
407	1	1043	29
409	1	782	29
410	1	730	29
411	1	730	29
411	1	1774	30
412	1	730	29
412	1	1669	30
413	1	730	29
413	1	1669	30
414	1	730	29
414	1	2139	30
415	1	730	29
416	1	1148	29
417	1	730	29
418	1	730	29
419	1	730	29
420	1	730	29
421	1	1878	29
422	1	730	29
423	1	782	29
424	1	730	29
424	1	1826	30
425	1	730	29
426	1	834	29
426	1	2243	30
427	1	1982	29
428	1	730	29
429	1	730	29
430	1	730	29
431	1	730	29
432	1	730	29
432	1	1982	30
433	1	730	29
434	1	730	29
434	1	1826	30
435	1	730	29
436	1	730	29
436	1	1826	30
437	1	730	29
438	1	730	29
439	1	730	29
440	1	730	29
441	1	1408	29
442	1	730	29
443	1	730	29
444	1	1356	29
445	1	730	29
445	1	2295	30
446	1	730	29
447	1	1304	29
448	1	730	29
449	1	1930	29
450	1	2139	29
451	1	730	29
451	1	2087	30
452	1	730	29
453	1	730	29
453	1	1722	30
454	1	1095	29
455	1	1043	29
456	1	1200	29
457	1	730	29
458	1	1043	29
459	1	730	29
460	1	730	29
461	1	730	29
462	1	730	29
463	1	730	29
463	1	1930	30
464	1	730	29
465	1	730	29
466	1	730	29
467	1	730	29
468	1	730	29
469	1	730	29
469	1	2035	30
470	1	1043	29
471	1	782	29
472	1	730	29
473	1	730	29
474	1	730	29
475	1	730	29
476	1	1095	29
477	1	730	29
478	1	730	29
480	1	730	29
481	1	730	29
481	1	1826	30
482	1	730	29
483	1	1513	29
484	1	1982	29
485	1	939	29
486	1	1200	29
487	1	730	29
488	1	1200	29
489	1	730	29
489	1	1878	30
490	1	730	29
490	1	2087	30
491	1	730	29
492	1	730	29
492	1	2295	30
493	1	730	29
494	1	730	29
495	1	730	29
496	1	730	29
496	1	2191	30
497	1	730	29
498	1	730	29
499	1	730	29
500	1	730	29
500	1	1722	30
501	1	1148	29
502	1	730	29
503	1	730	29
503	1	1669	30
504	1	1461	29
505	1	1148	29
506	1	782	29
507	1	1461	29
508	1	730	29
508	1	1826	30
510	1	1878	29
512	1	730	29
512	1	2191	30
513	1	730	29
514	1	730	29
515	1	730	29
515	1	2139	30
516	1	1200	29
517	1	1200	29
518	1	730	29
519	1	730	29
520	1	730	29
521	1	730	29
522	1	730	29
522	1	2191	30
523	1	730	29
523	1	2295	30
524	1	1930	29
525	1	730	29
525	1	1878	30
526	1	991	29
527	1	730	29
528	1	730	29
529	1	730	29
529	1	1669	30
530	1	1200	29
531	1	834	29
532	1	730	29
533	1	1878	29
534	1	730	29
534	1	1930	30
535	1	1356	29
536	1	1095	29
537	1	730	29
537	1	2295	30
538	1	730	29
539	1	730	29
540	1	887	29
541	1	730	29
542	1	730	29
543	1	1043	29
544	1	730	29
544	1	1930	30
545	1	730	29
546	1	1148	29
547	1	730	29
547	1	1982	30
548	1	1095	29
549	1	1200	29
550	1	730	29
550	1	1722	30
551	1	730	29
551	1	1774	30
552	1	1252	29
553	1	730	29
554	1	730	29
555	1	730	29
555	1	1669	30
556	1	730	29
557	1	834	29
558	1	730	29
559	1	730	29
560	1	1200	29
561	1	730	29
562	1	730	29
563	1	730	29
564	1	1200	29
565	1	730	29
565	1	1826	30
566	1	730	29
567	1	730	29
568	1	730	29
569	1	730	29
570	1	1252	29
571	1	730	29
572	1	1252	29
573	1	1930	29
574	1	730	29
575	1	730	29
575	1	1669	30
576	1	1043	29
577	1	730	29
578	1	782	29
579	1	730	29
580	1	1513	29
581	1	782	29
582	1	730	29
583	1	730	29
583	1	1669	30
584	1	730	29
585	1	730	29
585	1	1617	30
586	1	730	29
587	1	730	29
587	1	1722	30
588	1	730	29
589	1	730	29
590	1	730	29
591	1	1252	29
593	1	730	29
594	1	730	29
595	1	730	29
595	1	1774	30
596	1	730	29
597	1	730	29
598	1	730	29
599	1	730	29
600	1	1252	29
601	1	730	29
602	1	939	29
603	1	730	29
604	1	730	29
604	1	2295	30
605	1	834	29
606	1	730	29
607	1	730	29
607	1	2243	30
608	1	730	29
609	1	2191	29
610	1	2139	29
611	1	730	29
612	1	1043	29
613	1	1043	29
614	1	1043	29
615	1	730	29
616	1	782	29
617	1	939	29
618	1	1356	29
619	1	730	29
620	1	730	29
621	1	730	29
622	1	730	29
623	1	782	29
624	1	730	29
625	1	887	29
626	1	730	29
627	1	730	29
628	1	730	29
629	1	730	29
630	1	730	29
631	1	730	29
631	1	2087	30
632	1	730	29
632	1	2191	30
633	1	1356	29
634	1	1095	29
635	1	1304	29
636	1	2035	29
637	1	782	29
638	1	991	29
639	1	730	29
639	1	2035	30
640	1	730	29
641	1	730	29
642	1	1095	29
643	1	2139	29
644	1	730	29
645	1	730	29
646	1	730	29
647	1	1095	29
648	1	730	29
649	1	730	29
650	1	1252	29
651	1	730	29
652	1	730	29
653	1	730	29
654	1	730	29
655	1	730	29
656	1	730	29
657	1	730	29
658	1	730	29
658	1	1982	30
659	1	1043	29
660	1	730	29
661	1	730	29
662	1	730	29
663	1	730	29
664	1	730	29
664	1	1982	30
665	1	730	29
666	1	730	29
667	1	730	29
668	1	730	29
669	1	730	29
670	1	730	29
671	1	782	29
672	1	730	29
673	1	730	29
674	1	730	29
675	1	782	29
676	1	730	29
676	1	1982	30
677	1	730	29
678	1	730	29
679	1	887	29
680	1	730	29
681	1	730	29
682	1	730	29
683	1	1043	29
684	1	782	29
685	1	730	29
686	1	730	29
687	1	1252	29
688	1	1095	29
689	1	1043	29
690	1	730	29
691	1	730	29
691	1	1930	30
692	1	730	29
693	1	730	29
693	1	2243	30
694	1	730	29
695	1	730	29
696	1	730	29
697	1	730	29
697	1	2191	30
698	1	1304	29
699	1	730	29
700	1	730	29
701	1	730	29
701	1	2243	30
702	1	730	29
703	1	730	29
703	1	2295	30
704	1	1722	29
705	1	730	29
706	1	730	29
707	1	730	29
708	1	991	29
709	1	730	29
709	1	2087	30
710	1	730	29
711	1	887	29
712	1	730	29
713	1	939	29
714	1	730	29
715	1	730	29
716	1	730	29
717	1	782	29
717	1	2191	30
718	1	730	29
718	1	2191	30
719	1	730	29
720	1	1513	29
721	1	730	29
722	1	730	29
722	1	1669	30
723	1	730	29
724	1	730	29
725	1	730	29
726	1	730	29
727	1	991	29
728	1	1669	29
729	1	730	29
730	1	730	29
731	1	730	29
732	1	730	29
733	1	730	29
734	1	730	29
734	1	2295	30
735	1	1930	29
736	1	730	29
737	1	730	29
737	1	2087	30
738	1	730	29
738	1	1930	30
739	1	1043	29
740	1	2243	29
741	1	730	29
742	1	730	29
742	1	1826	30
743	1	730	29
744	1	1095	29
745	1	730	29
746	1	1200	29
747	1	730	29
748	1	1878	29
749	1	939	29
750	1	730	29
751	1	782	29
752	1	730	29
752	1	2295	30
753	1	730	29
753	1	1930	30
754	1	730	29
755	1	730	29
756	1	730	29
756	1	1826	30
757	1	1200	29
758	1	730	29
759	1	1200	29
760	1	730	29
761	1	730	29
762	1	730	29
763	1	1095	29
764	1	730	29
765	1	730	29
766	1	730	29
767	1	1043	29
768	1	1252	29
769	1	730	29
770	1	1826	29
771	1	1043	29
772	1	730	29
773	1	1304	29
774	1	730	29
775	1	834	29
776	1	730	29
776	1	1930	30
777	1	1878	29
778	1	730	29
779	1	991	29
780	1	730	29
781	1	730	29
781	1	2243	30
782	1	730	29
783	1	1200	29
784	1	730	29
785	1	730	29
786	1	730	29
787	1	1200	29
788	1	730	29
789	1	991	29
790	1	730	29
791	1	1148	29
792	1	730	29
793	1	730	29
793	1	2243	30
794	1	730	29
795	1	887	29
796	1	1200	29
797	1	730	29
798	1	730	29
799	1	2191	29
800	1	1148	29
801	1	1252	29
802	1	730	29
803	1	730	29
803	1	2295	30
804	1	730	29
805	1	2243	29
806	1	1200	29
807	1	730	29
807	1	1617	30
808	1	1878	29
809	1	1513	29
810	1	730	29
811	1	730	29
812	1	730	29
812	1	2035	30
813	1	730	29
814	1	730	29
815	1	730	29
816	1	887	29
817	1	1982	29
818	1	730	29
819	1	1304	29
820	1	730	29
821	1	1043	29
822	1	730	29
823	1	730	29
823	1	1826	30
824	1	782	29
825	1	730	29
826	1	730	29
827	1	730	29
828	1	1200	29
829	1	1930	29
830	1	782	29
831	1	730	29
831	1	1878	30
832	1	730	29
832	1	1826	30
833	1	1095	29
834	1	730	29
834	1	1930	30
835	1	730	29
836	1	1982	29
837	1	991	29
838	1	730	29
838	1	2087	30
839	1	1304	29
840	1	730	29
840	1	1565	30
841	1	730	29
842	1	730	29
843	1	730	29
843	1	1722	30
844	1	939	29
845	1	1095	29
846	1	1304	29
847	1	1095	29
848	1	730	29
849	1	887	29
850	1	730	29
850	1	1774	30
851	1	2035	29
852	1	730	29
853	1	1148	29
854	1	939	29
855	1	730	29
856	1	730	29
857	1	1148	29
858	1	730	29
859	1	730	29
860	1	1408	29
861	1	730	29
862	1	1304	29
863	1	730	29
864	1	730	29
864	1	1774	30
865	1	730	29
866	1	730	29
867	1	730	29
868	1	730	29
869	1	730	29
870	1	939	29
871	1	1043	29
873	1	730	29
873	1	2139	30
875	1	730	29
876	1	730	29
877	1	730	29
877	1	1669	30
878	1	1095	29
879	1	730	29
880	1	730	29
880	1	2243	30
881	1	730	29
882	1	1200	29
883	1	1356	29
884	1	730	29
885	1	730	29
885	1	1722	30
886	1	730	29
887	1	730	29
888	1	730	29
889	1	1200	29
890	1	1200	29
891	1	730	29
892	1	1356	29
893	1	730	29
894	1	730	29
895	1	730	29
896	1	730	29
897	1	730	29
898	1	730	29
899	1	730	29
899	1	2035	30
900	1	730	29
901	1	730	29
902	1	730	29
902	1	2295	30
903	1	730	29
903	1	2035	30
905	1	887	29
906	1	730	29
907	1	1826	29
908	1	730	29
909	1	1774	29
910	1	991	29
911	1	730	29
912	1	730	29
913	1	1200	29
914	1	730	29
915	1	1148	29
916	1	730	29
917	1	730	29
918	1	1148	29
919	1	1095	29
920	1	730	29
921	1	730	29
922	1	730	29
923	1	1095	29
924	1	730	29
925	1	730	29
926	1	730	29
926	1	2087	30
927	1	730	29
929	1	730	29
930	1	782	29
931	1	730	29
931	1	1722	30
932	1	834	29
933	1	1200	29
934	1	730	29
935	1	730	29
936	1	730	29
937	1	730	29
938	1	730	29
939	1	887	29
940	1	730	29
940	1	2087	30
941	1	730	29
941	1	1982	30
942	1	730	29
942	1	1930	30
943	1	730	29
944	1	730	29
945	1	1252	29
946	1	730	29
947	1	730	29
947	1	1774	30
948	1	730	29
949	1	730	29
949	1	1669	30
950	1	730	29
951	1	1617	29
952	1	1617	29
953	1	730	29
954	1	730	29
954	1	2243	30
955	1	834	29
956	1	730	29
957	1	1043	29
958	1	782	29
959	1	1774	29
960	1	730	29
961	1	730	29
962	1	1930	29
963	1	730	29
964	1	730	29
964	1	1878	30
965	1	730	29
966	1	730	29
967	1	887	29
968	1	730	29
969	1	730	29
971	1	730	29
971	1	2295	30
972	1	991	29
972	1	1669	30
973	1	730	29
974	1	730	29
975	1	1095	29
976	1	730	29
976	1	2087	30
977	1	1461	29
978	1	730	29
979	1	1252	29
980	1	1252	29
981	1	730	29
982	1	730	29
983	1	730	29
984	1	730	29
985	1	1043	29
986	1	2139	29
987	1	834	29
988	1	730	29
989	1	730	29
990	1	1461	29
991	1	887	29
992	1	1461	29
993	1	730	29
994	1	1826	29
995	1	730	29
996	1	1043	29
997	1	2139	29
998	1	730	29
998	1	1878	30
999	1	1252	29
0	2	313	26
1	2	313	26
2	2	313	26
3	2	313	26
4	2	313	26
5	2	313	26
6	2	313	26
7	2	313	26
8	2	313	26
9	2	313	26
10	2	313	26
11	2	313	26
12	2	313	26
13	2	313	26
14	2	313	26
15	2	313	26
16	2	313	26
17	2	313	26
18	2	313	26
19	2	313	26
20	2	313	26
21	2	313	26
22	2	313	26
23	2	313	26
24	2	313	26
25	2	313	26
26	2	313	26
27	2	313	26
28	2	313	26
29	2	313	26
30	2	313	26
31	2	313	26
32	2	313	26
33	2	313	26
34	2	313	26
35	2	313	26
36	2	313	26
37	2	313	26
38	2	313	26
39	2	313	26
40	2	313	26
41	2	313	26
42	2	313	26
43	2	313	26
44	2	313	26
45	2	313	26
46	2	313	26
47	2	313	26
48	2	313	26
49	2	313	26
50	2	313	26
51	2	313	26
52	2	313	26
53	2	313	26
54	2	313	26
55	2	313	26
56	2	313	26
57	2	313	26
58	2	313	26
59	2	313	26
60	2	313	26
61	2	313	26
62	2	313	26
63	2	313	26
64	2	313	26
65	2	313	26
66	2	313	26
67	2	313	26
68	2	313	26
69	2	313	26
70	2	313	26
71	2	313	26
72	2	313	26
73	2	313	26
74	2	313	26
75	2	313	26
76	2	313	26
77	2	313	26
78	2	313	26
79	2	313	26
80	2	313	26
81	2	313	26
82	2	313	26
83	2	313	26
84	2	313	26
85	2	313	26
86	2	313	26
87	2	313	26
88	2	313	26
89	2	313	26
90	2	313	26
91	2	313	26
92	2	313	26
93	2	313	26
94	2	313	26
95	2	313	26
96	2	313	26
97	2	313	26
98	2	313	26
99	2	313	26
100	2	313	26
101	2	313	26
102	2	313	26
103	2	313	26
104	2	313	26
105	2	313	26
106	2	313	26
107	2	313	26
108	2	313	26
109	2	313	26
110	2	313	26
111	2	313	26
112	2	313	26
113	2	313	26
114	2	313	26
115	2	313	26
116	2	313	26
117	2	313	26
118	2	313	26
119	2	313	26
120	2	313	26
121	2	313	26
122	2	313	26
123	2	313	26
124	2	313	26
125	2	313	26
126	2	313	26
127	2	313	26
128	2	313	26
129	2	313	26
130	2	313	26
131	2	313	26
132	2	313	26
133	2	313	26
134	2	313	26
135	2	313	26
136	2	313	26
137	2	313	26
138	2	313	26
139	2	313	26
140	2	313	26
141	2	313	26
142	2	313	26
143	2	313	26
144	2	313	26
145	2	313	26
146	2	313	26
147	2	313	26
148	2	313	26
149	2	313	26
150	2	313	26
151	2	313	26
152	2	313	26
153	2	313	26
154	2	313	26
155	2	313	26
156	2	313	26
157	2	313	26
158	2	313	26
159	2	313	26
160	2	313	26
161	2	313	26
162	2	313	26
163	2	313	26
164	2	313	26
165	2	313	26
166	2	313	26
167	2	313	26
168	2	313	26
169	2	313	26
170	2	313	26
171	2	313	26
172	2	313	26
173	2	313	26
174	2	313	26
175	2	313	26
176	2	313	26
177	2	313	26
178	2	313	26
179	2	313	26
180	2	313	26
181	2	313	26
182	2	313	26
183	2	313	26
184	2	313	26
185	2	313	26
186	2	313	26
187	2	313	26
188	2	313	26
189	2	313	26
190	2	313	26
191	2	313	26
192	2	313	26
193	2	313	26
194	2	313	26
195	2	313	26
196	2	313	26
197	2	313	26
198	2	313	26
199	2	313	26
200	2	313	26
201	2	313	26
202	2	313	26
203	2	313	26
204	2	313	26
205	2	313	26
206	2	313	26
207	2	313	26
208	2	313	26
209	2	313	26
210	2	313	26
211	2	313	26
212	2	313	26
213	2	313	26
214	2	313	26
215	2	313	26
216	2	313	26
217	2	313	26
218	2	313	26
219	2	313	26
220	2	313	26
221	2	313	26
222	2	313	26
223	2	313	26
224	2	313	26
225	2	313	26
226	2	313	26
227	2	313	26
228	2	313	26
229	2	313	26
230	2	313	26
231	2	313	26
232	2	313	26
233	2	313	26
234	2	313	26
235	2	313	26
236	2	313	26
237	2	313	26
238	2	313	26
239	2	313	26
240	2	313	26
241	2	313	26
242	2	313	26
243	2	313	26
244	2	313	26
245	2	313	26
246	2	313	26
247	2	313	26
248	2	313	26
249	2	313	26
250	2	313	26
251	2	313	26
252	2	313	26
253	2	313	26
254	2	313	26
255	2	313	26
256	2	313	26
257	2	313	26
258	2	313	26
259	2	313	26
260	2	313	26
261	2	313	26
262	2	313	26
263	2	313	26
264	2	313	26
265	2	313	26
266	2	313	26
267	2	313	26
268	2	313	26
269	2	313	26
270	2	313	26
271	2	313	26
272	2	313	26
273	2	313	26
274	2	313	26
275	2	313	26
276	2	313	26
277	2	313	26
278	2	313	26
279	2	313	26
280	2	313	26
281	2	313	26
282	2	313	26
283	2	313	26
284	2	313	26
285	2	313	26
286	2	313	26
287	2	313	26
288	2	313	26
289	2	313	26
290	2	313	26
291	2	313	26
292	2	313	26
293	2	313	26
294	2	313	26
295	2	313	26
296	2	313	26
297	2	313	26
298	2	313	26
299	2	313	26
300	2	313	26
301	2	313	26
302	2	313	26
303	2	313	26
304	2	313	26
305	2	313	26
306	2	313	26
307	2	313	26
308	2	313	26
309	2	313	26
310	2	313	26
311	2	313	26
312	2	313	26
313	2	313	26
314	2	313	26
315	2	313	26
316	2	313	26
317	2	313	26
318	2	313	26
319	2	313	26
320	2	313	26
321	2	313	26
322	2	313	26
323	2	313	26
324	2	313	26
325	2	313	26
326	2	313	26
327	2	313	26
328	2	313	26
329	2	313	26
330	2	313	26
331	2	313	26
332	2	313	26
333	2	313	26
334	2	313	26
335	2	313	26
336	2	313	26
337	2	313	26
338	2	313	26
339	2	313	26
340	2	313	26
341	2	313	26
342	2	313	26
343	2	313	26
344	2	313	26
345	2	313	26
346	2	313	26
347	2	313	26
348	2	313	26
349	2	313	26
350	2	313	26
351	2	313	26
352	2	313	26
353	2	313	26
354	2	313	26
355	2	313	26
356	2	313	26
357	2	313	26
358	2	313	26
359	2	313	26
360	2	313	26
361	2	313	26
362	2	313	26
363	2	313	26
364	2	313	26
365	2	313	26
366	2	313	26
367	2	313	26
368	2	313	26
369	2	313	26
370	2	313	26
371	2	313	26
372	2	313	26
373	2	313	26
374	2	313	26
375	2	313	26
376	2	313	26
377	2	313	26
378	2	313	26
379	2	313	26
380	2	313	26
381	2	313	26
382	2	313	26
383	2	313	26
384	2	313	26
385	2	313	26
386	2	313	26
387	2	313	26
388	2	313	26
389	2	313	26
390	2	313	26
391	2	313	26
392	2	313	26
393	2	313	26
394	2	313	26
395	2	313	26
396	2	313	26
397	2	313	26
398	2	313	26
399	2	313	26
400	2	313	26
401	2	313	26
402	2	313	26
403	2	313	26
404	2	313	26
405	2	313	26
406	2	313	26
407	2	313	26
408	2	313	26
409	2	313	26
410	2	313	26
411	2	313	26
412	2	313	26
413	2	313	26
414	2	313	26
415	2	313	26
416	2	313	26
417	2	313	26
418	2	313	26
419	2	313	26
420	2	313	26
421	2	313	26
422	2	313	26
423	2	313	26
424	2	313	26
425	2	313	26
426	2	313	26
427	2	313	26
428	2	313	26
429	2	313	26
430	2	313	26
431	2	313	26
432	2	313	26
433	2	313	26
434	2	313	26
435	2	313	26
436	2	313	26
437	2	313	26
438	2	313	26
439	2	313	26
440	2	313	26
441	2	313	26
442	2	313	26
443	2	313	26
444	2	313	26
445	2	313	26
446	2	313	26
447	2	313	26
448	2	313	26
449	2	313	26
450	2	313	26
451	2	313	26
452	2	313	26
453	2	313	26
454	2	313	26
455	2	313	26
456	2	313	26
457	2	313	26
458	2	313	26
459	2	313	26
460	2	313	26
461	2	313	26
462	2	313	26
463	2	313	26
464	2	313	26
465	2	313	26
466	2	313	26
467	2	313	26
468	2	313	26
469	2	313	26
470	2	313	26
471	2	313	26
472	2	313	26
473	2	313	26
474	2	313	26
475	2	313	26
476	2	313	26
477	2	313	26
478	2	313	26
479	2	313	26
480	2	313	26
481	2	313	26
482	2	313	26
483	2	313	26
484	2	313	26
485	2	313	26
486	2	313	26
487	2	313	26
488	2	313	26
489	2	313	26
490	2	313	26
491	2	313	26
492	2	313	26
493	2	313	26
494	2	313	26
495	2	313	26
496	2	313	26
497	2	313	26
498	2	313	26
499	2	313	26
500	2	313	26
501	2	313	26
502	2	313	26
503	2	313	26
504	2	313	26
505	2	313	26
506	2	313	26
507	2	313	26
508	2	313	26
509	2	313	26
510	2	313	26
511	2	313	26
512	2	313	26
513	2	313	26
514	2	313	26
515	2	313	26
516	2	313	26
517	2	313	26
518	2	313	26
519	2	313	26
520	2	313	26
521	2	313	26
522	2	313	26
523	2	313	26
524	2	313	26
525	2	313	26
526	2	313	26
527	2	313	26
528	2	313	26
529	2	313	26
530	2	313	26
531	2	313	26
532	2	313	26
533	2	313	26
534	2	313	26
535	2	313	26
536	2	313	26
537	2	313	26
538	2	313	26
539	2	313	26
540	2	313	26
541	2	313	26
542	2	313	26
543	2	313	26
544	2	313	26
545	2	313	26
546	2	313	26
547	2	313	26
548	2	313	26
549	2	313	26
550	2	313	26
551	2	313	26
552	2	313	26
553	2	313	26
554	2	313	26
555	2	313	26
556	2	313	26
557	2	313	26
558	2	313	26
559	2	313	26
560	2	313	26
561	2	313	26
562	2	313	26
563	2	313	26
564	2	313	26
565	2	313	26
566	2	313	26
567	2	313	26
568	2	313	26
569	2	313	26
570	2	313	26
571	2	313	26
572	2	313	26
573	2	313	26
574	2	313	26
575	2	313	26
576	2	313	26
577	2	313	26
578	2	313	26
579	2	313	26
580	2	313	26
581	2	313	26
582	2	313	26
583	2	313	26
584	2	313	26
585	2	313	26
586	2	313	26
587	2	313	26
588	2	313	26
589	2	313	26
590	2	313	26
591	2	313	26
592	2	313	26
593	2	313	26
594	2	313	26
595	2	313	26
596	2	313	26
597	2	313	26
598	2	313	26
599	2	313	26
600	2	313	26
601	2	313	26
602	2	313	26
603	2	313	26
604	2	313	26
605	2	313	26
606	2	313	26
607	2	313	26
608	2	313	26
609	2	313	26
610	2	313	26
611	2	313	26
612	2	313	26
613	2	313	26
614	2	313	26
615	2	313	26
616	2	313	26
617	2	313	26
618	2	313	26
619	2	313	26
620	2	313	26
621	2	313	26
622	2	313	26
623	2	313	26
624	2	313	26
625	2	313	26
626	2	313	26
627	2	313	26
628	2	313	26
629	2	313	26
630	2	313	26
631	2	313	26
632	2	313	26
633	2	313	26
634	2	313	26
635	2	313	26
636	2	313	26
637	2	313	26
638	2	313	26
639	2	313	26
640	2	313	26
641	2	313	26
642	2	313	26
643	2	313	26
644	2	313	26
645	2	313	26
646	2	313	26
647	2	313	26
648	2	313	26
649	2	313	26
650	2	313	26
651	2	313	26
652	2	313	26
653	2	313	26
654	2	313	26
655	2	313	26
656	2	313	26
657	2	313	26
658	2	313	26
659	2	313	26
660	2	313	26
661	2	313	26
662	2	313	26
663	2	313	26
664	2	313	26
665	2	313	26
666	2	313	26
667	2	313	26
668	2	313	26
669	2	313	26
670	2	313	26
671	2	313	26
672	2	313	26
673	2	313	26
674	2	313	26
675	2	313	26
676	2	313	26
677	2	313	26
678	2	313	26
679	2	313	26
680	2	313	26
681	2	313	26
682	2	313	26
683	2	313	26
684	2	313	26
685	2	313	26
686	2	313	26
687	2	313	26
688	2	313	26
689	2	313	26
690	2	313	26
691	2	313	26
692	2	313	26
693	2	313	26
694	2	313	26
695	2	313	26
696	2	313	26
697	2	313	26
698	2	313	26
699	2	313	26
700	2	313	26
701	2	313	26
702	2	313	26
703	2	313	26
704	2	313	26
705	2	313	26
706	2	313	26
707	2	313	26
708	2	313	26
709	2	313	26
710	2	313	26
711	2	313	26
712	2	313	26
713	2	313	26
714	2	313	26
715	2	313	26
716	2	313	26
717	2	313	26
718	2	313	26
719	2	313	26
720	2	313	26
721	2	313	26
722	2	313	26
723	2	313	26
724	2	313	26
725	2	313	26
726	2	313	26
727	2	313	26
728	2	313	26
729	2	313	26
730	2	313	26
731	2	313	26
732	2	313	26
733	2	313	26
734	2	313	26
735	2	313	26
736	2	313	26
737	2	313	26
738	2	313	26
739	2	313	26
740	2	313	26
741	2	313	26
742	2	313	26
743	2	313	26
744	2	313	26
745	2	313	26
746	2	313	26
747	2	313	26
748	2	313	26
749	2	313	26
750	2	313	26
751	2	313	26
752	2	313	26
753	2	313	26
754	2	313	26
755	2	313	26
756	2	313	26
757	2	313	26
758	2	313	26
759	2	313	26
760	2	313	26
761	2	313	26
762	2	313	26
763	2	313	26
764	2	313	26
765	2	313	26
766	2	313	26
767	2	313	26
768	2	313	26
769	2	313	26
770	2	313	26
771	2	313	26
772	2	313	26
773	2	313	26
774	2	313	26
775	2	313	26
776	2	313	26
777	2	313	26
778	2	313	26
779	2	313	26
780	2	313	26
781	2	313	26
782	2	313	26
783	2	313	26
784	2	313	26
785	2	313	26
786	2	313	26
787	2	313	26
788	2	313	26
789	2	313	26
790	2	313	26
791	2	313	26
792	2	313	26
793	2	313	26
794	2	313	26
795	2	313	26
796	2	313	26
797	2	313	26
798	2	313	26
799	2	313	26
800	2	313	26
801	2	313	26
802	2	313	26
803	2	313	26
804	2	313	26
805	2	313	26
806	2	313	26
807	2	313	26
808	2	313	26
809	2	313	26
810	2	313	26
811	2	313	26
812	2	313	26
813	2	313	26
814	2	313	26
815	2	313	26
816	2	313	26
817	2	313	26
818	2	313	26
819	2	313	26
820	2	313	26
821	2	313	26
822	2	313	26
823	2	313	26
824	2	313	26
825	2	313	26
826	2	313	26
827	2	313	26
828	2	313	26
829	2	313	26
830	2	313	26
831	2	313	26
832	2	313	26
833	2	313	26
834	2	313	26
835	2	313	26
836	2	313	26
837	2	313	26
838	2	313	26
839	2	313	26
840	2	313	26
841	2	313	26
842	2	313	26
843	2	313	26
844	2	313	26
845	2	313	26
846	2	313	26
847	2	313	26
848	2	313	26
849	2	313	26
850	2	313	26
851	2	313	26
852	2	313	26
853	2	313	26
854	2	313	26
855	2	313	26
856	2	313	26
857	2	313	26
858	2	313	26
859	2	313	26
860	2	313	26
861	2	313	26
862	2	313	26
863	2	313	26
864	2	313	26
865	2	313	26
866	2	313	26
867	2	313	26
868	2	313	26
869	2	313	26
870	2	313	26
871	2	313	26
872	2	313	26
873	2	313	26
874	2	313	26
875	2	313	26
876	2	313	26
877	2	313	26
878	2	313	26
879	2	313	26
880	2	313	26
881	2	313	26
882	2	313	26
883	2	313	26
884	2	313	26
885	2	313	26
886	2	313	26
887	2	313	26
888	2	313	26
889	2	313	26
890	2	313	26
891	2	313	26
892	2	313	26
893	2	313	26
894	2	313	26
895	2	313	26
896	2	313	26
897	2	313	26
898	2	313	26
899	2	313	26
900	2	313	26
901	2	313	26
902	2	313	26
903	2	313	26
904	2	313	26
905	2	313	26
906	2	313	26
907	2	313	26
908	2	313	26
909	2	313	26
910	2	313	26
911	2	313	26
912	2	313	26
913	2	313	26
914	2	313	26
915	2	313	26
916	2	313	26
917	2	313	26
918	2	313	26
919	2	313	26
920	2	313	26
921	2	313	26
922	2	313	26
923	2	313	26
924	2	313	26
925	2	313	26
926	2	313	26
927	2	313	26
928	2	313	26
929	2	313	26
930	2	313	26
931	2	313	26
932	2	313	26
933	2	313	26
934	2	313	26
935	2	313	26
936	2	313	26
937	2	313	26
938	2	313	26
939	2	313	26
940	2	313	26
941	2	313	26
942	2	313	26
943	2	313	26
944	2	313	26
945	2	313	26
946	2	313	26
947	2	313	26
948	2	313	26
949	2	313	26
950	2	313	26
951	2	313	26
952	2	313	26
953	2	313	26
954	2	313	26
955	2	313	26
956	2	313	26
957	2	313	26
958	2	313	26
959	2	313	26
960	2	313	26
961	2	313	26
962	2	313	26
963	2	313	26
964	2	313	26
965	2	313	26
966	2	313	26
967	2	313	26
968	2	313	26
969	2	313	26
970	2	313	26
971	2	313	26
972	2	313	26
973	2	313	26
974	2	313	26
975	2	313	26
976	2	313	26
977	2	313	26
978	2	313	26
979	2	313	26
980	2	313	26
981	2	313	26
982	2	313	26
983	2	313	26
984	2	313	26
985	2	313	26
986	2	313	26
987	2	313	26
988	2	313	26
989	2	313	26
990	2	313	26
991	2	313	26
992	2	313	26
993	2	313	26
994	2	313	26
995	2	313	26
996	2	313	26
997	2	313	26
998	2	313	26
999	2	313	26
0	3	730	29
0	3	2243	30
1	3	730	29
2	3	730	29
3	3	1095	29
4	3	730	29
4	3	1826	30
5	3	730	29
6	3	730	29
7	3	730	29
8	3	730	29
9	3	887	29
10	3	730	29
11	3	2243	29
12	3	730	29
13	3	730	29
14	3	991	29
15	3	730	29
16	3	730	29
17	3	730	29
18	3	730	29
19	3	1669	29
20	3	730	29
20	3	2191	30
21	3	730	29
22	3	730	29
23	3	730	29
24	3	730	29
24	3	2295	30
25	3	1408	29
26	3	730	29
27	3	730	29
28	3	730	29
29	3	730	29
30	3	1200	29
31	3	730	29
32	3	1043	29
33	3	730	29
34	3	730	29
35	3	730	29
35	3	2243	30
36	3	730	29
37	3	730	29
38	3	730	29
39	3	730	29
40	3	730	29
40	3	1826	30
40	3	2087	9
41	3	730	29
41	3	2243	30
42	3	730	29
43	3	730	29
44	3	1408	29
45	3	730	29
46	3	730	29
47	3	887	29
48	3	834	29
49	3	730	29
49	3	2191	30
50	3	1356	29
51	3	1148	29
52	3	730	29
53	3	730	29
53	3	1930	30
55	3	730	29
56	3	991	29
57	3	730	29
57	3	1722	30
58	3	730	29
59	3	730	29
59	3	2191	30
60	3	782	29
61	3	730	29
62	3	730	29
62	3	2087	30
63	3	730	29
64	3	1774	29
65	3	730	29
66	3	1252	29
67	3	730	29
68	3	1304	29
69	3	730	29
70	3	730	29
71	3	1043	29
72	3	1669	29
73	3	1408	29
74	3	730	29
75	3	730	29
76	3	1304	29
77	3	1148	29
78	3	1148	29
79	3	730	29
80	3	730	29
81	3	730	29
82	3	730	29
83	3	782	29
84	3	730	29
85	3	1356	29
86	3	782	29
87	3	730	29
87	3	1878	30
88	3	730	29
89	3	730	29
90	3	1252	29
91	3	730	29
92	3	730	29
93	3	1148	29
94	3	1252	29
95	3	730	29
96	3	730	29
97	3	834	29
98	3	1461	29
99	3	730	29
100	3	1043	29
101	3	730	29
102	3	730	29
103	3	730	29
104	3	730	29
105	3	2035	29
106	3	730	29
106	3	1982	30
107	3	730	29
107	3	2087	30
108	3	730	29
109	3	1095	29
110	3	730	29
111	3	730	29
112	3	730	29
113	3	730	29
114	3	730	29
115	3	1304	29
116	3	1304	29
117	3	1252	29
118	3	1095	29
119	3	1095	29
120	3	730	29
121	3	887	29
122	3	730	29
122	3	2035	30
122	3	2295	9
123	3	1617	29
124	3	730	29
125	3	730	29
126	3	730	29
127	3	730	29
128	3	730	29
129	3	834	29
130	3	730	29
131	3	730	29
131	3	1982	30
132	3	730	29
133	3	730	29
134	3	730	29
135	3	730	29
136	3	730	29
136	3	1356	9
136	3	1617	30
137	3	730	29
138	3	730	29
138	3	1878	30
138	3	2191	9
139	3	730	29
139	3	1513	9
139	3	1722	30
139	3	2139	12
140	3	1304	29
141	3	730	29
141	3	1722	30
142	3	730	29
143	3	1200	29
145	3	1095	29
146	3	730	29
147	3	730	29
148	3	1252	29
149	3	730	29
149	3	1982	30
150	3	730	29
150	3	2243	30
151	3	730	29
152	3	730	29
152	3	2087	30
153	3	730	29
154	3	730	29
155	3	730	29
155	3	2087	30
156	3	730	29
156	3	2243	30
158	3	730	29
159	3	991	29
159	3	1930	30
159	3	2243	9
160	3	730	29
161	3	1356	29
162	3	730	29
163	3	782	29
164	3	730	29
165	3	730	29
166	3	1513	29
167	3	939	29
168	3	2243	29
169	3	730	29
170	3	730	29
171	3	730	29
172	3	782	29
173	3	1148	29
174	3	730	29
175	3	730	29
175	3	2139	30
176	3	730	29
177	3	1513	29
178	3	1878	29
179	3	730	29
180	3	834	29
181	3	730	29
182	3	730	29
183	3	730	29
183	3	2191	30
184	3	782	29
185	3	730	29
186	3	2035	29
187	3	730	29
188	3	782	29
189	3	730	29
189	3	2139	30
190	3	834	29
191	3	730	29
192	3	730	29
193	3	730	29
193	3	2295	30
194	3	730	29
196	3	730	29
196	3	1513	30
197	3	2295	29
198	3	730	29
198	3	2295	30
199	3	730	29
199	3	2087	30
200	3	1043	29
201	3	1408	29
202	3	730	29
203	3	730	29
204	3	730	29
205	3	1148	29
206	3	730	29
206	3	1304	9
206	3	1513	30
206	3	1878	12
206	3	2139	20
207	3	730	29
207	3	2139	30
208	3	730	29
209	3	2035	29
210	3	730	29
211	3	1356	29
212	3	730	29
213	3	1461	29
214	3	730	29
215	3	1148	29
216	3	730	29
217	3	1095	29
218	3	730	29
219	3	1930	29
220	3	1200	29
221	3	730	29
222	3	887	29
223	3	730	29
224	3	730	29
225	3	730	29
225	3	1774	30
225	3	2139	9
226	3	730	29
227	3	730	29
228	3	730	29
228	3	1722	9
229	3	730	29
230	3	730	29
231	3	730	29
232	3	730	29
232	3	2191	30
233	3	1200	29
235	3	1304	29
236	3	730	29
237	3	730	29
238	3	782	29
239	3	991	29
240	3	730	29
240	3	1982	30
240	3	2243	9
241	3	730	29
242	3	730	29
242	3	2191	30
243	3	730	29
243	3	1826	30
243	3	2295	9
244	3	730	29
245	3	991	29
246	3	1878	29
247	3	1356	29
248	3	730	29
249	3	730	29
250	3	730	29
250	3	1878	30
250	3	2295	9
251	3	730	29
252	3	834	29
253	3	730	29
255	3	730	29
256	3	730	29
257	3	939	29
258	3	730	29
259	3	730	29
260	3	730	29
262	3	730	29
263	3	730	29
264	3	730	29
265	3	730	29
266	3	730	29
267	3	730	29
268	3	730	29
269	3	730	29
270	3	730	29
271	3	730	29
271	3	2087	30
272	3	730	29
272	3	1513	9
272	3	1722	30
272	3	2139	12
273	3	2087	29
274	3	991	29
275	3	1252	29
276	3	1982	29
277	3	730	29
278	3	1304	29
279	3	1043	29
280	3	730	29
282	3	1252	29
283	3	1095	29
284	3	730	29
284	3	1669	30
285	3	1043	29
286	3	730	29
286	3	1878	9
286	3	1982	30
287	3	1095	29
288	3	730	29
289	3	730	29
290	3	2087	29
291	3	730	29
292	3	1252	29
293	3	730	29
293	3	1722	30
294	3	730	29
295	3	782	29
296	3	730	29
297	3	991	29
298	3	730	29
299	3	730	29
300	3	730	29
301	3	730	29
302	3	730	29
302	3	2243	30
303	3	730	29
303	3	1669	30
303	3	1930	9
304	3	730	29
306	3	730	29
307	3	730	29
308	3	730	29
309	3	730	29
309	3	1669	30
309	3	2087	9
310	3	730	29
310	3	1930	30
311	3	730	29
312	3	730	29
313	3	730	29
314	3	1148	29
315	3	730	29
315	3	2243	30
316	3	1930	29
317	3	1148	29
318	3	1252	29
319	3	939	29
320	3	1200	29
321	3	730	29
322	3	730	29
323	3	1617	29
324	3	1252	29
325	3	1095	29
326	3	730	29
327	3	991	29
328	3	730	29
329	3	1200	29
330	3	730	29
331	3	730	29
332	3	730	29
333	3	730	29
333	3	2243	30
334	3	1095	29
335	3	730	29
336	3	730	29
337	3	730	29
338	3	730	29
339	3	730	29
340	3	1043	29
341	3	1095	29
342	3	730	29
342	3	1774	30
343	3	730	29
343	3	2243	30
344	3	1774	29
345	3	730	29
345	3	2191	30
346	3	730	29
346	3	1930	30
347	3	730	29
348	3	730	29
349	3	730	29
349	3	1722	9
349	3	1774	30
350	3	1878	29
351	3	730	29
352	3	730	29
353	3	730	29
354	3	730	29
354	3	1461	9
354	3	1617	30
355	3	730	29
356	3	730	29
357	3	730	29
358	3	782	29
360	3	730	29
361	3	730	29
362	3	834	29
364	3	730	29
365	3	1304	29
366	3	730	29
367	3	730	29
368	3	730	29
368	3	1722	30
368	3	2087	9
369	3	730	29
370	3	730	29
371	3	730	29
372	3	730	29
373	3	730	29
374	3	1304	29
375	3	1200	29
376	3	730	29
377	3	1200	29
378	3	730	29
379	3	730	29
380	3	730	29
381	3	730	29
382	3	730	29
383	3	1148	29
384	3	730	29
385	3	730	29
386	3	730	29
387	3	730	29
387	3	1774	9
387	3	2243	30
388	3	1930	29
389	3	730	29
390	3	730	29
390	3	2295	30
391	3	730	29
391	3	2139	30
392	3	730	29
393	3	730	29
394	3	730	29
395	3	730	29
396	3	730	29
396	3	1617	30
397	3	1148	29
398	3	730	29
399	3	730	29
400	3	730	29
401	3	2035	29
402	3	730	29
403	3	991	29
404	3	730	29
405	3	834	29
406	3	730	29
407	3	1043	29
409	3	782	29
410	3	730	29
411	3	730	29
411	3	1513	9
411	3	1774	30
412	3	730	29
412	3	1461	9
412	3	1669	30
412	3	2243	12
413	3	730	29
413	3	1408	9
413	3	1669	30
413	3	2087	12
414	3	730	29
414	3	2139	30
415	3	730	29
416	3	1148	29
417	3	730	29
418	3	730	29
418	3	1722	9
419	3	730	29
420	3	730	29
421	3	1878	29
422	3	730	29
423	3	782	29
424	3	730	29
424	3	1513	9
424	3	1826	30
425	3	730	29
426	3	834	29
426	3	2243	30
427	3	1982	29
428	3	730	29
429	3	730	29
430	3	730	29
431	3	730	29
432	3	730	29
432	3	1982	30
433	3	730	29
434	3	730	29
434	3	1826	30
434	3	2087	9
435	3	730	29
436	3	730	29
436	3	1826	30
437	3	730	29
438	3	730	29
439	3	730	29
440	3	730	29
441	3	1408	29
442	3	730	29
443	3	730	29
444	3	1356	29
445	3	730	29
445	3	2295	30
446	3	730	29
447	3	1304	29
448	3	730	29
449	3	1930	29
450	3	2139	29
451	3	730	29
451	3	2087	30
452	3	730	29
453	3	730	29
453	3	1722	30
454	3	1095	29
455	3	1043	29
456	3	1200	29
457	3	730	29
458	3	1043	29
459	3	730	29
460	3	730	29
461	3	730	29
462	3	730	29
463	3	730	29
463	3	1930	30
464	3	730	29
465	3	730	29
466	3	730	29
467	3	730	29
468	3	730	29
469	3	730	29
469	3	2035	30
470	3	1043	29
471	3	782	29
472	3	730	29
473	3	730	29
474	3	730	29
475	3	730	29
476	3	1095	29
477	3	730	29
478	3	730	29
480	3	730	29
481	3	730	29
481	3	1669	9
481	3	1826	30
482	3	730	29
483	3	1513	29
484	3	1982	29
485	3	939	29
486	3	1200	29
487	3	730	29
488	3	1200	29
489	3	730	29
489	3	1878	30
490	3	730	29
490	3	2087	30
491	3	730	29
492	3	730	29
492	3	2295	30
493	3	730	29
494	3	730	29
495	3	730	29
496	3	730	29
496	3	2191	30
497	3	730	29
498	3	730	29
499	3	730	29
500	3	730	29
500	3	1722	30
501	3	1148	29
502	3	730	29
503	3	730	29
503	3	1408	9
503	3	1669	30
504	3	1461	29
505	3	1148	29
506	3	782	29
507	3	1461	29
508	3	730	29
508	3	1826	30
510	3	1878	29
512	3	730	29
512	3	2191	30
513	3	730	29
514	3	730	29
515	3	730	29
515	3	2139	30
516	3	1200	29
517	3	1200	29
518	3	730	29
519	3	730	29
520	3	730	29
521	3	730	29
522	3	730	29
522	3	2191	30
523	3	730	29
523	3	2295	30
524	3	1930	29
525	3	730	29
525	3	1722	9
525	3	1878	30
526	3	991	29
527	3	730	29
528	3	730	29
529	3	730	29
529	3	1669	30
530	3	1200	29
531	3	834	29
532	3	730	29
533	3	1878	29
534	3	730	29
534	3	1930	30
535	3	1356	29
536	3	1095	29
537	3	730	29
537	3	2295	30
538	3	730	29
539	3	730	29
540	3	887	29
541	3	730	29
542	3	730	29
543	3	1043	29
544	3	730	29
544	3	1930	30
544	3	2191	9
545	3	730	29
546	3	1148	29
547	3	730	29
547	3	1982	30
547	3	2295	9
548	3	1095	29
549	3	1200	29
550	3	730	29
550	3	1722	30
550	3	2087	9
551	3	730	29
551	3	1565	9
551	3	1774	30
552	3	1252	29
553	3	730	29
554	3	730	29
555	3	730	29
555	3	1461	9
555	3	1669	30
556	3	730	29
557	3	834	29
558	3	730	29
559	3	730	29
560	3	1200	29
561	3	730	29
562	3	730	29
563	3	730	29
564	3	1200	29
565	3	730	29
565	3	1826	30
565	3	2087	9
566	3	730	29
567	3	730	29
568	3	730	29
569	3	730	29
570	3	1252	29
571	3	730	29
572	3	1252	29
573	3	1930	29
574	3	730	29
575	3	730	29
575	3	1617	9
575	3	1669	30
576	3	1043	29
577	3	730	29
578	3	782	29
579	3	730	29
580	3	1513	29
581	3	782	29
582	3	730	29
583	3	730	29
583	3	1617	9
583	3	1669	30
584	3	730	29
585	3	730	29
585	3	1513	9
585	3	1617	30
586	3	730	29
587	3	730	29
587	3	1669	9
587	3	1722	30
588	3	730	29
589	3	730	29
590	3	730	29
591	3	1252	29
593	3	730	29
594	3	730	29
595	3	730	29
595	3	1774	30
595	3	2139	9
596	3	730	29
597	3	730	29
598	3	730	29
599	3	730	29
600	3	1252	29
601	3	730	29
602	3	939	29
603	3	730	29
604	3	730	29
604	3	2295	30
605	3	834	29
606	3	730	29
607	3	730	29
607	3	2243	30
608	3	730	29
609	3	2191	29
610	3	2139	29
611	3	730	29
612	3	1043	29
613	3	1043	29
614	3	1043	29
615	3	730	29
616	3	782	29
617	3	939	29
618	3	1356	29
619	3	730	29
620	3	730	29
621	3	730	29
622	3	730	29
623	3	782	29
624	3	730	29
625	3	887	29
626	3	730	29
627	3	730	29
628	3	730	29
629	3	730	29
630	3	730	29
631	3	730	29
631	3	2087	30
632	3	730	29
632	3	2191	30
633	3	1356	29
634	3	1095	29
635	3	1304	29
636	3	2035	29
637	3	782	29
638	3	991	29
639	3	730	29
639	3	2035	30
640	3	730	29
641	3	730	29
642	3	1095	29
643	3	2139	29
644	3	730	29
645	3	730	29
646	3	730	29
647	3	1095	29
648	3	730	29
649	3	730	29
650	3	1252	29
651	3	730	29
652	3	730	29
653	3	730	29
654	3	730	29
655	3	730	29
656	3	730	29
657	3	730	29
658	3	730	29
658	3	1982	30
659	3	1043	29
660	3	730	29
661	3	730	29
662	3	730	29
663	3	730	29
664	3	730	29
664	3	1722	9
664	3	1982	30
665	3	730	29
666	3	730	29
667	3	730	29
668	3	730	29
669	3	730	29
670	3	730	29
671	3	782	29
672	3	730	29
673	3	730	29
674	3	730	29
675	3	782	29
676	3	730	29
676	3	1982	30
677	3	730	29
678	3	730	29
679	3	887	29
680	3	730	29
681	3	730	29
682	3	730	29
683	3	1043	29
684	3	782	29
685	3	730	29
686	3	730	29
687	3	1252	29
688	3	1095	29
689	3	1043	29
690	3	730	29
691	3	730	29
691	3	1930	30
692	3	730	29
693	3	730	29
693	3	2243	30
694	3	730	29
695	3	730	29
696	3	730	29
697	3	730	29
697	3	2191	30
698	3	1304	29
699	3	730	29
700	3	730	29
701	3	730	29
701	3	2243	30
702	3	730	29
703	3	730	29
703	3	2295	30
704	3	1722	29
705	3	730	29
706	3	730	29
707	3	730	29
708	3	991	29
709	3	730	29
709	3	2087	30
710	3	730	29
711	3	887	29
712	3	730	29
713	3	939	29
714	3	730	29
715	3	730	29
716	3	730	29
717	3	782	29
717	3	2191	30
718	3	730	29
718	3	2191	30
719	3	730	29
720	3	1513	29
721	3	730	29
722	3	730	29
722	3	1669	30
723	3	730	29
724	3	730	29
725	3	730	29
726	3	730	29
727	3	991	29
728	3	1669	29
729	3	730	29
730	3	730	29
731	3	730	29
732	3	730	29
733	3	730	29
734	3	730	29
734	3	2295	30
735	3	1930	29
736	3	730	29
737	3	730	29
737	3	2087	30
738	3	730	29
738	3	1930	30
738	3	2243	9
739	3	1043	29
740	3	2243	29
741	3	730	29
742	3	730	29
742	3	1826	30
742	3	2087	9
743	3	730	29
744	3	1095	29
745	3	730	29
746	3	1200	29
747	3	730	29
748	3	1878	29
749	3	939	29
750	3	730	29
751	3	782	29
752	3	730	29
752	3	2295	30
753	3	730	29
753	3	1930	30
754	3	730	29
755	3	730	29
756	3	730	29
756	3	1826	30
757	3	1200	29
758	3	730	29
759	3	1200	29
760	3	730	29
761	3	730	29
762	3	730	29
763	3	1095	29
764	3	730	29
765	3	730	29
766	3	730	29
767	3	1043	29
768	3	1252	29
769	3	730	29
770	3	1826	29
771	3	1043	29
772	3	730	29
773	3	1304	29
774	3	730	29
775	3	834	29
776	3	730	29
776	3	1669	9
776	3	1930	30
777	3	1878	29
778	3	730	29
779	3	991	29
780	3	730	29
781	3	730	29
781	3	2243	30
782	3	730	29
783	3	1200	29
784	3	730	29
785	3	730	29
786	3	730	29
787	3	1200	29
788	3	730	29
789	3	991	29
790	3	730	29
791	3	1148	29
792	3	730	29
793	3	730	29
793	3	2243	30
794	3	730	29
795	3	887	29
796	3	1200	29
797	3	730	29
798	3	730	29
799	3	2191	29
800	3	1148	29
801	3	1252	29
802	3	730	29
803	3	730	29
803	3	2295	30
804	3	730	29
805	3	2243	29
806	3	1200	29
807	3	730	29
807	3	1617	30
808	3	1878	29
809	3	1513	29
810	3	730	29
811	3	730	29
812	3	730	29
812	3	2035	30
813	3	730	29
814	3	730	29
815	3	730	29
816	3	887	29
817	3	1982	29
818	3	730	29
819	3	1304	29
820	3	730	29
821	3	1043	29
822	3	730	29
823	3	730	29
823	3	1826	30
824	3	782	29
825	3	730	29
826	3	730	29
827	3	730	29
828	3	1200	29
829	3	1930	29
830	3	782	29
831	3	730	29
831	3	1878	30
831	3	2295	9
832	3	730	29
832	3	1722	9
832	3	1826	30
833	3	1095	29
834	3	730	29
834	3	1930	30
835	3	730	29
836	3	1982	29
837	3	991	29
838	3	730	29
838	3	2087	30
839	3	1304	29
840	3	730	29
840	3	1565	30
841	3	730	29
842	3	730	29
843	3	730	29
843	3	1722	30
843	3	1982	9
844	3	939	29
845	3	1095	29
846	3	1304	29
847	3	1095	29
848	3	730	29
849	3	887	29
850	3	730	29
850	3	1774	30
851	3	2035	29
852	3	730	29
853	3	1148	29
854	3	939	29
855	3	730	29
856	3	730	29
857	3	1148	29
858	3	730	29
859	3	730	29
860	3	1408	29
861	3	730	29
862	3	1304	29
863	3	730	29
864	3	730	29
864	3	1617	9
864	3	1774	30
865	3	730	29
866	3	730	29
867	3	730	29
868	3	730	29
869	3	730	29
870	3	939	29
871	3	1043	29
873	3	730	29
873	3	2139	30
875	3	730	29
876	3	730	29
877	3	730	29
877	3	1408	9
877	3	1669	30
878	3	1095	29
879	3	730	29
880	3	730	29
880	3	2243	30
881	3	730	29
882	3	1200	29
883	3	1356	29
884	3	730	29
885	3	730	29
885	3	1722	30
886	3	730	29
887	3	730	29
888	3	730	29
889	3	1200	29
890	3	1200	29
891	3	730	29
892	3	1356	29
893	3	730	29
894	3	730	29
895	3	730	29
896	3	730	29
897	3	730	29
898	3	730	29
899	3	730	29
899	3	2035	30
900	3	730	29
901	3	730	29
902	3	730	29
902	3	2295	30
903	3	730	29
903	3	2035	30
905	3	887	29
906	3	730	29
907	3	1826	29
908	3	730	29
909	3	1774	29
910	3	991	29
911	3	730	29
912	3	730	29
913	3	1200	29
914	3	730	29
915	3	1148	29
916	3	730	29
917	3	730	29
918	3	1148	29
919	3	1095	29
920	3	730	29
921	3	730	29
922	3	730	29
923	3	1095	29
924	3	730	29
924	3	1722	9
925	3	730	29
926	3	730	29
926	3	2087	30
927	3	730	29
929	3	730	29
930	3	782	29
931	3	730	29
931	3	1722	30
932	3	834	29
933	3	1200	29
934	3	730	29
935	3	730	29
936	3	730	29
937	3	730	29
938	3	730	29
939	3	887	29
940	3	730	29
940	3	2087	30
941	3	730	29
941	3	1774	9
941	3	1982	30
942	3	730	29
942	3	1930	30
943	3	730	29
944	3	730	29
945	3	1252	29
946	3	730	29
947	3	730	29
947	3	1774	30
948	3	730	29
949	3	730	29
949	3	1565	9
949	3	1669	30
950	3	730	29
951	3	1617	29
952	3	1617	29
953	3	730	29
954	3	730	29
954	3	2243	30
955	3	834	29
956	3	730	29
957	3	1043	29
958	3	782	29
959	3	1774	29
960	3	730	29
961	3	730	29
962	3	1930	29
963	3	730	29
964	3	730	29
964	3	1878	30
965	3	730	29
966	3	730	29
967	3	887	29
968	3	730	29
969	3	730	29
971	3	730	29
971	3	2295	30
972	3	991	29
972	3	1669	30
972	3	1930	9
973	3	730	29
974	3	730	29
975	3	1095	29
976	3	730	29
976	3	2087	30
977	3	1461	29
978	3	730	29
979	3	1252	29
980	3	1252	29
981	3	730	29
982	3	730	29
983	3	730	29
984	3	730	29
985	3	1043	29
986	3	2139	29
987	3	834	29
988	3	730	29
989	3	730	29
990	3	1461	29
991	3	887	29
992	3	1461	29
993	3	730	29
994	3	1826	29
995	3	730	29
996	3	1043	29
997	3	2139	29
998	3	730	29
998	3	1878	30
999	3	1252	29
0	4	730	29
0	4	2243	30
1	4	730	29
2	4	730	29
3	4	1095	29
3	4	2191	27
4	4	730	29
4	4	1565	27
4	4	1826	30
5	4	730	29
6	4	730	29
6	4	2191	27
7	4	730	29
8	4	730	29
8	4	1722	27
9	4	887	29
10	4	730	29
11	4	2243	29
12	4	730	29
13	4	730	29
14	4	678	27
14	4	991	29
15	4	730	29
15	4	2295	27
16	4	730	29
16	4	1982	27
17	4	730	29
17	4	2087	27
18	4	730	29
18	4	2191	27
19	4	1669	29
20	4	730	29
20	4	1930	27
20	4	2191	30
21	4	730	29
22	4	730	29
23	4	730	29
23	4	2139	27
24	4	730	29
24	4	1982	27
24	4	2295	30
25	4	1408	29
26	4	730	29
27	4	730	29
27	4	2087	27
28	4	730	29
28	4	1722	27
29	4	730	29
30	4	1200	29
31	4	730	29
32	4	1043	29
32	4	2295	27
33	4	730	29
34	4	730	29
34	4	2035	27
35	4	730	29
35	4	1930	27
35	4	2243	30
36	4	730	29
37	4	730	29
38	4	730	29
39	4	730	29
40	4	730	29
40	4	1565	27
40	4	1826	30
41	4	730	29
41	4	1982	27
41	4	2243	30
42	4	730	29
42	4	1878	27
43	4	730	29
43	4	1930	27
44	4	1408	29
45	4	730	29
46	4	730	29
47	4	887	29
48	4	834	29
49	4	730	29
49	4	1774	27
49	4	2191	30
50	4	1356	29
51	4	1148	29
52	4	730	29
53	4	730	29
53	4	1669	27
53	4	1930	30
55	4	730	29
56	4	991	29
57	4	730	29
57	4	1461	27
57	4	1722	30
58	4	730	29
58	4	1722	27
59	4	730	29
59	4	1878	27
59	4	2191	30
60	4	782	29
61	4	730	29
62	4	730	29
62	4	1826	27
62	4	2087	30
63	4	730	29
64	4	1774	29
65	4	730	29
66	4	1252	29
67	4	730	29
68	4	1304	29
69	4	730	29
70	4	730	29
71	4	1043	29
72	4	1669	29
73	4	1408	29
74	4	730	29
75	4	730	29
76	4	1304	29
77	4	1148	29
78	4	1148	29
79	4	730	29
79	4	2191	27
80	4	730	29
80	4	2243	27
81	4	730	29
82	4	730	29
83	4	782	29
84	4	730	29
85	4	1356	29
86	4	782	29
87	4	730	29
87	4	1565	27
87	4	1878	30
88	4	730	29
88	4	1982	27
89	4	730	29
90	4	1252	29
91	4	730	29
92	4	730	29
92	4	2087	27
93	4	1148	29
94	4	1252	29
95	4	730	29
96	4	730	29
96	4	2243	27
97	4	834	29
98	4	1461	29
99	4	730	29
100	4	1043	29
101	4	730	29
102	4	730	29
103	4	730	29
104	4	730	29
104	4	1774	27
105	4	2035	29
106	4	730	29
106	4	1722	27
106	4	1982	30
107	4	730	29
107	4	2087	30
108	4	730	29
109	4	1095	29
110	4	730	29
110	4	1774	27
111	4	730	29
112	4	730	29
113	4	730	29
114	4	730	29
115	4	1304	29
116	4	1304	29
117	4	1252	29
118	4	1095	29
119	4	1095	29
119	4	2295	27
120	4	730	29
121	4	887	29
122	4	730	29
122	4	1669	27
122	4	2035	30
123	4	1617	29
124	4	730	29
125	4	730	29
125	4	1669	27
126	4	730	29
126	4	1617	27
127	4	730	29
127	4	1774	27
128	4	730	29
129	4	834	29
130	4	730	29
131	4	730	29
131	4	1722	27
131	4	1982	30
132	4	730	29
133	4	730	29
134	4	730	29
135	4	730	29
135	4	2191	27
136	4	730	29
136	4	1356	27
136	4	1617	30
136	4	2191	28
137	4	730	29
138	4	730	29
138	4	1565	27
138	4	1878	30
139	4	730	29
139	4	1461	27
139	4	1722	30
139	4	2295	28
140	4	1304	29
141	4	730	29
141	4	1461	27
141	4	1722	30
142	4	730	29
143	4	1200	29
145	4	1095	29
146	4	730	29
146	4	1982	27
147	4	730	29
147	4	2035	27
148	4	1252	29
149	4	730	29
149	4	1565	27
149	4	1982	30
150	4	730	29
150	4	1982	27
150	4	2243	30
151	4	730	29
152	4	730	29
152	4	1774	27
152	4	2087	30
153	4	730	29
154	4	730	29
154	4	1565	27
155	4	730	29
155	4	1826	27
155	4	2087	30
156	4	730	29
156	4	1774	27
156	4	2243	30
158	4	730	29
158	4	2035	27
159	4	678	27
159	4	991	29
159	4	1930	30
160	4	730	29
161	4	1356	29
162	4	730	29
163	4	782	29
164	4	730	29
165	4	730	29
165	4	1617	27
166	4	1513	29
167	4	939	29
168	4	2243	29
169	4	730	29
170	4	730	29
170	4	1513	27
171	4	730	29
172	4	782	29
172	4	2139	27
173	4	1148	29
174	4	730	29
174	4	2139	27
175	4	730	29
175	4	1878	27
175	4	2139	30
176	4	730	29
177	4	1513	29
178	4	1878	29
179	4	730	29
179	4	1982	27
180	4	834	29
181	4	730	29
182	4	730	29
183	4	730	29
183	4	1930	27
183	4	2191	30
184	4	782	29
185	4	730	29
185	4	1722	27
186	4	2035	29
187	4	730	29
188	4	782	29
189	4	730	29
189	4	1878	27
189	4	2139	30
190	4	834	29
191	4	730	29
192	4	730	29
193	4	730	29
193	4	2035	27
193	4	2295	30
194	4	730	29
196	4	730	29
196	4	1513	30
196	4	2087	28
197	4	2295	29
198	4	730	29
198	4	1826	27
198	4	2295	30
199	4	730	29
199	4	1826	27
199	4	2087	30
200	4	1043	29
200	4	2295	27
201	4	1408	29
202	4	730	29
203	4	730	29
203	4	2295	27
204	4	730	29
205	4	1148	29
206	4	730	29
206	4	1513	30
206	4	2087	28
207	4	730	29
207	4	1878	27
207	4	2139	30
208	4	730	29
209	4	2035	29
210	4	730	29
211	4	1356	29
212	4	730	29
213	4	1461	29
214	4	730	29
215	4	1148	29
216	4	730	29
217	4	1095	29
218	4	730	29
219	4	1930	29
220	4	1200	29
221	4	730	29
222	4	887	29
223	4	730	29
224	4	730	29
224	4	2295	27
225	4	730	29
225	4	1513	27
225	4	1774	30
226	4	730	29
226	4	1669	27
227	4	730	29
228	4	730	29
228	4	1617	27
229	4	730	29
230	4	730	29
231	4	730	29
231	4	2243	27
232	4	730	29
232	4	1617	27
232	4	2191	30
233	4	1200	29
233	4	2295	27
235	4	1304	29
236	4	730	29
237	4	730	29
238	4	782	29
239	4	991	29
240	4	730	29
240	4	1722	27
240	4	1982	30
241	4	730	29
241	4	1826	27
242	4	730	29
242	4	1826	27
242	4	2191	30
243	4	730	29
243	4	1826	30
244	4	730	29
244	4	2087	27
245	4	991	29
246	4	1878	29
247	4	1356	29
248	4	730	29
249	4	730	29
250	4	730	29
250	4	1878	30
251	4	730	29
251	4	2139	27
252	4	834	29
253	4	730	29
255	4	730	29
256	4	730	29
256	4	2139	27
257	4	939	29
258	4	730	29
258	4	2087	27
259	4	730	29
259	4	2295	27
260	4	730	29
260	4	2139	27
262	4	730	29
262	4	1982	27
263	4	730	29
264	4	730	29
265	4	730	29
266	4	730	29
266	4	2139	27
267	4	730	29
268	4	730	29
269	4	730	29
269	4	1722	27
270	4	730	29
271	4	730	29
271	4	1826	27
271	4	2087	30
272	4	730	29
272	4	1461	27
272	4	1722	30
272	4	2295	28
273	4	2087	29
274	4	991	29
275	4	1252	29
276	4	1982	29
277	4	730	29
278	4	1304	29
279	4	1043	29
280	4	730	29
282	4	1252	29
283	4	1095	29
284	4	730	29
284	4	1408	27
284	4	1669	30
284	4	2243	28
285	4	1043	29
286	4	730	29
286	4	1722	27
286	4	1982	30
287	4	1095	29
288	4	730	29
289	4	730	29
290	4	2087	29
291	4	730	29
292	4	1252	29
293	4	730	29
293	4	1722	30
294	4	730	29
295	4	782	29
296	4	730	29
297	4	991	29
298	4	730	29
299	4	730	29
300	4	730	29
301	4	730	29
301	4	2243	27
302	4	730	29
302	4	1982	27
302	4	2243	30
303	4	730	29
303	4	1669	30
303	4	2295	28
304	4	730	29
306	4	730	29
306	4	1774	27
307	4	730	29
308	4	730	29
309	4	730	29
309	4	1669	30
309	4	2243	28
310	4	730	29
310	4	1669	27
310	4	1930	30
311	4	730	29
312	4	730	29
313	4	730	29
314	4	1148	29
315	4	730	29
315	4	1930	27
315	4	2243	30
316	4	1930	29
317	4	1148	29
318	4	1252	29
319	4	939	29
320	4	1200	29
321	4	730	29
322	4	730	29
322	4	2295	27
323	4	1617	29
324	4	1252	29
325	4	1095	29
326	4	730	29
326	4	2139	27
327	4	991	29
327	4	2139	27
328	4	730	29
329	4	1200	29
330	4	730	29
331	4	730	29
332	4	730	29
332	4	1774	27
333	4	730	29
333	4	1982	27
333	4	2243	30
334	4	1095	29
335	4	730	29
335	4	2035	27
336	4	730	29
336	4	2087	27
337	4	730	29
338	4	730	29
339	4	730	29
340	4	1043	29
341	4	1095	29
341	4	2243	27
342	4	730	29
342	4	1513	27
342	4	1774	30
343	4	730	29
343	4	1774	27
343	4	2243	30
344	4	1774	29
345	4	730	29
345	4	1774	27
345	4	2191	30
346	4	730	29
346	4	1669	27
346	4	1930	30
347	4	730	29
348	4	730	29
348	4	2295	27
349	4	730	29
349	4	1513	27
349	4	1774	30
350	4	1878	29
351	4	730	29
352	4	730	29
353	4	730	29
354	4	730	29
354	4	1617	30
355	4	730	29
356	4	730	29
356	4	2295	27
357	4	730	29
358	4	782	29
358	4	2191	27
360	4	730	29
361	4	730	29
361	4	2191	27
362	4	834	29
364	4	730	29
365	4	1304	29
366	4	730	29
366	4	2243	27
367	4	730	29
368	4	730	29
368	4	1461	27
368	4	1722	30
368	4	2295	28
369	4	730	29
369	4	1722	27
370	4	730	29
371	4	730	29
372	4	730	29
373	4	730	29
374	4	1304	29
375	4	1200	29
376	4	730	29
377	4	1200	29
378	4	730	29
379	4	730	29
380	4	730	29
381	4	730	29
382	4	730	29
383	4	1148	29
384	4	730	29
385	4	730	29
386	4	730	29
387	4	730	29
387	4	1669	27
387	4	2243	30
388	4	1930	29
389	4	730	29
390	4	730	29
390	4	2295	30
391	4	730	29
391	4	1878	27
391	4	2139	30
392	4	730	29
393	4	730	29
394	4	730	29
395	4	730	29
396	4	730	29
396	4	1356	27
396	4	1617	30
397	4	1148	29
397	4	2191	27
398	4	730	29
399	4	730	29
400	4	730	29
401	4	2035	29
402	4	730	29
403	4	991	29
404	4	730	29
405	4	834	29
406	4	730	29
407	4	1043	29
409	4	782	29
410	4	730	29
411	4	730	29
411	4	1513	27
411	4	1774	30
412	4	730	29
412	4	1408	27
412	4	1669	30
412	4	2243	28
413	4	730	29
413	4	1408	27
413	4	1669	30
413	4	2243	28
414	4	730	29
414	4	1878	27
414	4	2139	30
415	4	730	29
415	4	2035	27
416	4	1148	29
417	4	730	29
417	4	2139	27
418	4	730	29
418	4	1617	27
419	4	730	29
419	4	1722	27
420	4	730	29
421	4	1878	29
422	4	730	29
423	4	782	29
423	4	2087	27
424	4	730	29
424	4	1565	27
424	4	1826	30
425	4	730	29
426	4	834	29
426	4	1982	27
426	4	2243	30
427	4	1982	29
428	4	730	29
429	4	730	29
430	4	730	29
431	4	730	29
431	4	1774	27
432	4	730	29
432	4	1617	27
432	4	1982	30
433	4	730	29
433	4	2139	27
434	4	730	29
434	4	1565	27
434	4	1826	30
435	4	730	29
435	4	1722	27
436	4	730	29
436	4	1513	27
436	4	1826	30
437	4	730	29
437	4	2243	27
438	4	730	29
439	4	730	29
440	4	730	29
441	4	1408	29
442	4	730	29
442	4	2243	27
443	4	730	29
444	4	1356	29
445	4	730	29
445	4	2035	27
445	4	2295	30
446	4	730	29
447	4	1304	29
448	4	730	29
449	4	1930	29
450	4	2139	29
451	4	730	29
451	4	1826	27
451	4	2087	30
452	4	730	29
453	4	730	29
453	4	1461	27
453	4	1722	30
454	4	1095	29
455	4	1043	29
455	4	2139	27
456	4	1200	29
457	4	730	29
458	4	1043	29
459	4	730	29
460	4	730	29
461	4	730	29
461	4	1826	27
462	4	730	29
463	4	730	29
463	4	1617	27
463	4	1930	30
464	4	730	29
465	4	730	29
465	4	2295	27
466	4	730	29
466	4	2087	27
467	4	730	29
467	4	2243	27
468	4	730	29
468	4	2295	27
469	4	730	29
469	4	2035	30
470	4	1043	29
471	4	782	29
472	4	730	29
472	4	2243	27
473	4	730	29
473	4	2191	27
474	4	730	29
474	4	1669	27
475	4	730	29
476	4	1095	29
477	4	730	29
478	4	730	29
480	4	730	29
481	4	730	29
481	4	1565	27
481	4	1826	30
482	4	730	29
483	4	1513	29
484	4	1982	29
485	4	939	29
486	4	1200	29
487	4	730	29
488	4	1200	29
489	4	730	29
489	4	1513	27
489	4	1878	30
490	4	730	29
490	4	1826	27
490	4	2087	30
491	4	730	29
491	4	2243	27
492	4	730	29
492	4	2035	27
492	4	2295	30
493	4	730	29
494	4	730	29
495	4	730	29
495	4	2243	27
496	4	730	29
496	4	1878	27
496	4	2191	30
497	4	730	29
498	4	730	29
499	4	730	29
500	4	730	29
500	4	1461	27
500	4	1722	30
501	4	1148	29
502	4	730	29
503	4	730	29
503	4	1408	27
503	4	1669	30
503	4	2243	28
504	4	1461	29
505	4	1148	29
506	4	782	29
507	4	1461	29
508	4	730	29
508	4	1565	27
508	4	1826	30
510	4	1878	29
512	4	730	29
512	4	1930	27
512	4	2191	30
513	4	730	29
514	4	730	29
514	4	2139	27
515	4	730	29
515	4	2139	30
516	4	1200	29
517	4	1200	29
518	4	730	29
519	4	730	29
519	4	1774	27
520	4	730	29
521	4	730	29
521	4	1565	27
522	4	730	29
522	4	1826	27
522	4	2191	30
523	4	730	29
523	4	2035	27
523	4	2295	30
524	4	1930	29
525	4	730	29
525	4	1617	27
525	4	1878	30
526	4	991	29
527	4	730	29
528	4	730	29
529	4	730	29
529	4	1408	27
529	4	1669	30
529	4	2243	28
530	4	1200	29
530	4	2243	27
531	4	834	29
531	4	2139	27
532	4	730	29
533	4	1878	29
534	4	730	29
534	4	1565	27
534	4	1930	30
535	4	1356	29
536	4	1095	29
537	4	730	29
537	4	1982	27
537	4	2295	30
538	4	730	29
539	4	730	29
540	4	887	29
541	4	730	29
542	4	730	29
543	4	1043	29
543	4	2139	27
544	4	730	29
544	4	1669	27
544	4	1930	30
545	4	730	29
546	4	1148	29
547	4	730	29
547	4	1722	27
547	4	1982	30
548	4	1095	29
549	4	1200	29
550	4	730	29
550	4	1461	27
550	4	1722	30
550	4	2295	28
551	4	730	29
551	4	1513	27
551	4	1774	30
552	4	1252	29
553	4	730	29
554	4	730	29
555	4	730	29
555	4	1408	27
555	4	1669	30
555	4	2243	28
556	4	730	29
556	4	2295	27
557	4	834	29
558	4	730	29
559	4	730	29
559	4	2243	27
560	4	1200	29
561	4	730	29
562	4	730	29
562	4	2295	27
563	4	730	29
563	4	1774	27
564	4	1200	29
565	4	730	29
565	4	1565	27
565	4	1826	30
566	4	730	29
567	4	730	29
568	4	730	29
568	4	1565	27
569	4	730	29
570	4	1252	29
571	4	730	29
571	4	2139	27
572	4	1252	29
573	4	1930	29
574	4	730	29
575	4	730	29
575	4	1408	27
575	4	1669	30
575	4	2295	28
576	4	1043	29
577	4	730	29
578	4	782	29
579	4	730	29
580	4	1513	29
581	4	782	29
581	4	2087	27
582	4	730	29
583	4	730	29
583	4	1408	27
583	4	1669	30
584	4	730	29
585	4	730	29
585	4	1356	27
585	4	1617	30
585	4	2243	28
586	4	730	29
586	4	1722	27
587	4	730	29
587	4	1408	27
587	4	1722	30
588	4	730	29
589	4	730	29
589	4	1878	27
590	4	730	29
591	4	1252	29
593	4	730	29
594	4	730	29
595	4	730	29
595	4	1513	27
595	4	1774	30
596	4	730	29
597	4	730	29
598	4	730	29
599	4	730	29
599	4	2087	27
600	4	1252	29
601	4	730	29
602	4	939	29
603	4	730	29
604	4	730	29
604	4	2035	27
604	4	2295	30
605	4	834	29
606	4	730	29
606	4	1982	27
607	4	730	29
607	4	1878	27
607	4	2243	30
608	4	730	29
608	4	2087	27
609	4	2191	29
610	4	2139	29
611	4	730	29
612	4	1043	29
613	4	1043	29
614	4	1043	29
615	4	730	29
616	4	782	29
617	4	939	29
618	4	1356	29
619	4	730	29
620	4	730	29
621	4	730	29
622	4	730	29
623	4	782	29
624	4	730	29
625	4	887	29
626	4	730	29
627	4	730	29
627	4	2139	27
628	4	730	29
628	4	2139	27
629	4	730	29
630	4	730	29
631	4	730	29
631	4	1826	27
631	4	2087	30
632	4	730	29
632	4	2191	30
633	4	1356	29
634	4	1095	29
635	4	1304	29
636	4	2035	29
637	4	782	29
638	4	991	29
639	4	730	29
639	4	1617	27
639	4	2035	30
640	4	730	29
641	4	730	29
642	4	1095	29
643	4	2139	29
644	4	730	29
645	4	730	29
646	4	730	29
646	4	1617	27
647	4	1095	29
648	4	730	29
649	4	730	29
649	4	2139	27
650	4	1252	29
651	4	730	29
652	4	730	29
652	4	2035	27
653	4	730	29
653	4	2191	27
654	4	730	29
655	4	730	29
655	4	2191	27
656	4	730	29
657	4	730	29
658	4	730	29
658	4	1722	27
658	4	1982	30
659	4	1043	29
660	4	730	29
661	4	730	29
661	4	2139	27
662	4	730	29
662	4	2087	27
663	4	730	29
664	4	730	29
664	4	1722	27
664	4	1982	30
665	4	730	29
666	4	730	29
666	4	2139	27
667	4	730	29
668	4	730	29
668	4	2295	27
669	4	730	29
669	4	2191	27
670	4	730	29
671	4	782	29
672	4	730	29
673	4	730	29
674	4	730	29
675	4	782	29
676	4	730	29
676	4	1617	27
676	4	1982	30
677	4	730	29
677	4	1930	27
678	4	730	29
678	4	2243	27
679	4	887	29
680	4	730	29
680	4	2139	27
681	4	730	29
682	4	730	29
683	4	1043	29
684	4	782	29
684	4	2243	27
685	4	730	29
686	4	730	29
687	4	1252	29
688	4	1095	29
689	4	1043	29
690	4	730	29
691	4	730	29
691	4	1669	27
691	4	1930	30
692	4	730	29
692	4	1617	27
693	4	730	29
693	4	1878	27
693	4	2243	30
694	4	730	29
695	4	730	29
696	4	730	29
697	4	730	29
697	4	1930	27
697	4	2191	30
698	4	1304	29
699	4	730	29
700	4	730	29
701	4	730	29
701	4	1930	27
701	4	2243	30
702	4	730	29
703	4	730	29
703	4	1774	27
703	4	2295	30
704	4	1722	29
705	4	730	29
705	4	2243	27
706	4	730	29
706	4	2295	27
707	4	730	29
708	4	991	29
709	4	730	29
709	4	1774	27
709	4	2087	30
710	4	730	29
710	4	1669	27
711	4	887	29
711	4	2139	27
712	4	730	29
713	4	939	29
714	4	730	29
714	4	2087	27
715	4	730	29
716	4	730	29
717	4	782	29
717	4	1930	27
717	4	2191	30
718	4	730	29
718	4	1774	27
718	4	2191	30
719	4	730	29
720	4	1513	29
721	4	730	29
721	4	2035	27
722	4	730	29
722	4	1408	27
722	4	1669	30
723	4	730	29
724	4	730	29
725	4	730	29
725	4	1982	27
726	4	730	29
726	4	1774	27
727	4	991	29
728	4	1669	29
729	4	730	29
730	4	730	29
731	4	730	29
731	4	2295	27
732	4	730	29
733	4	730	29
733	4	1826	27
734	4	730	29
734	4	1982	27
734	4	2295	30
735	4	1930	29
736	4	730	29
737	4	730	29
737	4	1826	27
737	4	2087	30
738	4	730	29
738	4	1669	27
738	4	1930	30
739	4	1043	29
740	4	2243	29
741	4	730	29
742	4	730	29
742	4	1565	27
742	4	1826	30
743	4	730	29
743	4	2139	27
744	4	1095	29
744	4	2139	27
745	4	730	29
746	4	1200	29
747	4	730	29
748	4	1878	29
749	4	939	29
750	4	730	29
751	4	782	29
752	4	730	29
752	4	2035	27
752	4	2295	30
753	4	730	29
753	4	1669	27
753	4	1930	30
754	4	730	29
755	4	730	29
755	4	2243	27
756	4	730	29
756	4	1565	27
756	4	1826	30
757	4	1200	29
758	4	730	29
759	4	1200	29
760	4	730	29
761	4	730	29
762	4	730	29
763	4	1095	29
763	4	2243	27
764	4	730	29
765	4	730	29
765	4	2243	27
766	4	730	29
767	4	1043	29
768	4	1252	29
769	4	730	29
770	4	1826	29
771	4	1043	29
772	4	730	29
773	4	1304	29
774	4	730	29
774	4	1617	27
775	4	834	29
776	4	730	29
776	4	1617	27
776	4	1930	30
777	4	1878	29
778	4	730	29
779	4	991	29
780	4	730	29
781	4	730	29
781	4	1878	27
781	4	2243	30
782	4	730	29
783	4	1200	29
784	4	730	29
784	4	2191	27
785	4	730	29
786	4	730	29
787	4	1200	29
788	4	730	29
789	4	991	29
789	4	2087	27
790	4	730	29
791	4	1148	29
792	4	730	29
793	4	730	29
793	4	1982	27
793	4	2243	30
794	4	730	29
795	4	887	29
796	4	1200	29
797	4	730	29
798	4	730	29
799	4	2191	29
800	4	1148	29
801	4	1252	29
802	4	730	29
803	4	730	29
803	4	1930	27
803	4	2295	30
804	4	730	29
804	4	2243	27
805	4	2243	29
806	4	1200	29
807	4	730	29
807	4	1356	27
807	4	1617	30
808	4	1878	29
809	4	1513	29
810	4	730	29
810	4	1930	27
811	4	730	29
811	4	2243	27
812	4	730	29
812	4	1774	27
812	4	2035	30
813	4	730	29
814	4	730	29
815	4	730	29
816	4	887	29
817	4	1982	29
818	4	730	29
818	4	2139	27
819	4	1304	29
820	4	730	29
821	4	1043	29
822	4	730	29
822	4	2035	27
823	4	730	29
823	4	1513	27
823	4	1826	30
824	4	782	29
824	4	2087	27
825	4	730	29
826	4	730	29
827	4	730	29
828	4	1200	29
829	4	1930	29
830	4	782	29
831	4	730	29
831	4	1617	27
831	4	1878	30
832	4	730	29
832	4	1565	27
832	4	1826	30
833	4	1095	29
834	4	730	29
834	4	1669	27
834	4	1930	30
835	4	730	29
836	4	1982	29
837	4	991	29
838	4	730	29
838	4	1826	27
838	4	2087	30
839	4	1304	29
840	4	730	29
840	4	1565	30
841	4	730	29
842	4	730	29
842	4	2087	27
843	4	730	29
843	4	1461	27
843	4	1722	30
843	4	2295	28
844	4	939	29
845	4	1095	29
846	4	1304	29
847	4	1095	29
847	4	2243	27
848	4	730	29
849	4	887	29
850	4	730	29
850	4	1513	27
850	4	1774	30
851	4	2035	29
852	4	730	29
853	4	1148	29
854	4	939	29
855	4	730	29
856	4	730	29
857	4	1148	29
858	4	730	29
859	4	730	29
860	4	1408	29
861	4	730	29
862	4	1304	29
863	4	730	29
863	4	1669	27
864	4	730	29
864	4	1513	27
864	4	1774	30
865	4	730	29
866	4	730	29
866	4	2139	27
867	4	730	29
868	4	730	29
868	4	2243	27
869	4	730	29
870	4	939	29
871	4	1043	29
873	4	730	29
873	4	1513	27
873	4	2139	30
875	4	730	29
876	4	730	29
877	4	730	29
877	4	1408	27
877	4	1669	30
878	4	1095	29
879	4	730	29
880	4	730	29
880	4	1878	27
880	4	2243	30
881	4	730	29
882	4	1200	29
883	4	1356	29
884	4	730	29
885	4	730	29
885	4	1461	27
885	4	1722	30
886	4	730	29
887	4	730	29
888	4	730	29
889	4	1200	29
890	4	1200	29
890	4	2295	27
891	4	730	29
892	4	1356	29
893	4	730	29
894	4	730	29
895	4	730	29
895	4	2295	27
896	4	730	29
897	4	730	29
898	4	730	29
898	4	1565	27
899	4	730	29
899	4	1669	27
899	4	2035	30
900	4	730	29
901	4	730	29
902	4	730	29
902	4	1878	27
902	4	2295	30
903	4	730	29
903	4	1774	27
903	4	2035	30
905	4	887	29
906	4	730	29
907	4	1826	29
908	4	730	29
908	4	2295	27
909	4	1774	29
910	4	991	29
911	4	730	29
912	4	730	29
913	4	1200	29
914	4	730	29
915	4	1148	29
916	4	730	29
916	4	1669	27
917	4	730	29
918	4	1148	29
919	4	1095	29
920	4	730	29
921	4	730	29
922	4	730	29
923	4	1095	29
924	4	730	29
924	4	1565	27
925	4	730	29
926	4	730	29
926	4	1826	27
926	4	2087	30
927	4	730	29
929	4	730	29
929	4	2035	27
930	4	782	29
931	4	730	29
931	4	1461	27
931	4	1722	30
932	4	834	29
932	4	2243	27
933	4	1200	29
933	4	2295	27
934	4	730	29
935	4	730	29
936	4	730	29
937	4	730	29
938	4	730	29
939	4	887	29
940	4	730	29
940	4	1774	27
940	4	2087	30
941	4	730	29
941	4	1669	27
941	4	1982	30
942	4	730	29
942	4	1513	27
942	4	1930	30
943	4	730	29
944	4	730	29
945	4	1252	29
946	4	730	29
946	4	2295	27
947	4	730	29
947	4	1513	27
947	4	1774	30
948	4	730	29
949	4	730	29
949	4	1408	27
949	4	1669	30
950	4	730	29
950	4	2035	27
951	4	1617	29
952	4	1617	29
953	4	730	29
953	4	1774	27
954	4	730	29
954	4	1774	27
954	4	2243	30
955	4	834	29
956	4	730	29
957	4	1043	29
958	4	782	29
959	4	1774	29
960	4	730	29
961	4	730	29
961	4	2191	27
962	4	1930	29
963	4	730	29
964	4	730	29
964	4	1565	27
964	4	1878	30
965	4	730	29
966	4	730	29
966	4	2087	27
967	4	887	29
968	4	730	29
969	4	730	29
969	4	2035	27
971	4	730	29
971	4	1930	27
971	4	2295	30
972	4	678	27
972	4	991	29
972	4	1669	30
972	4	2295	28
973	4	730	29
974	4	730	29
975	4	1095	29
976	4	730	29
976	4	1826	27
976	4	2087	30
977	4	1461	29
978	4	730	29
978	4	1878	27
979	4	1252	29
979	4	2295	27
980	4	1252	29
981	4	730	29
981	4	1930	27
982	4	730	29
983	4	730	29
984	4	730	29
985	4	1043	29
985	4	2139	27
986	4	2139	29
987	4	834	29
988	4	730	29
989	4	730	29
990	4	1461	29
991	4	887	29
992	4	1461	29
993	4	730	29
994	4	1826	29
995	4	730	29
995	4	2035	27
996	4	1043	29
997	4	2139	29
998	4	730	29
998	4	1617	27
998	4	1878	30
999	4	1252	29
0	5	417	24
0	5	730	29
0	5	2243	30
1	5	417	24
1	5	730	29
2	5	417	24
2	5	730	29
3	5	417	24
3	5	1095	29
3	5	2191	27
4	5	417	24
4	5	730	29
4	5	1565	27
4	5	1826	30
4	5	2087	25
5	5	417	24
5	5	730	29
6	5	417	24
6	5	730	29
6	5	2191	27
7	5	417	24
7	5	730	29
8	5	417	24
8	5	730	29
8	5	1722	27
9	5	417	24
9	5	887	29
10	5	417	24
10	5	730	29
11	5	417	24
11	5	2243	29
12	5	417	24
12	5	730	29
13	5	417	24
13	5	730	29
14	5	417	24
14	5	678	27
14	5	991	29
15	5	417	24
15	5	730	29
15	5	2295	27
16	5	417	24
16	5	730	29
16	5	1982	27
17	5	417	24
17	5	730	29
17	5	2087	27
18	5	417	24
18	5	730	29
18	5	2191	27
19	5	417	24
19	5	1669	29
20	5	417	24
20	5	730	29
20	5	1930	27
20	5	2191	30
21	5	417	24
21	5	730	29
22	5	417	24
22	5	730	29
23	5	417	24
23	5	730	29
23	5	2139	27
24	5	417	24
24	5	730	29
24	5	1982	27
24	5	2295	30
25	5	417	24
25	5	1408	29
26	5	417	24
26	5	730	29
27	5	417	24
27	5	730	29
27	5	2087	27
28	5	417	24
28	5	730	29
28	5	1722	27
29	5	417	24
29	5	730	29
30	5	417	24
30	5	1200	29
31	5	417	24
31	5	730	29
32	5	417	24
32	5	1043	29
32	5	2295	27
33	5	417	24
33	5	730	29
34	5	417	24
34	5	730	29
34	5	2035	27
35	5	417	24
35	5	730	29
35	5	1930	27
35	5	2243	30
36	5	417	24
36	5	730	29
37	5	417	24
37	5	730	29
38	5	417	24
38	5	730	29
39	5	417	24
39	5	730	29
40	5	417	24
40	5	730	29
40	5	1565	27
40	5	1826	30
40	5	2087	25
41	5	417	24
41	5	730	29
41	5	1982	27
41	5	2243	30
42	5	417	24
42	5	730	29
42	5	1878	27
43	5	417	24
43	5	730	29
43	5	1930	27
44	5	417	24
44	5	1408	29
45	5	417	24
45	5	730	29
46	5	417	24
46	5	730	29
47	5	417	24
47	5	887	29
48	5	417	24
48	5	834	29
49	5	417	24
49	5	730	29
49	5	1774	27
49	5	2191	30
50	5	417	24
50	5	1356	29
51	5	417	24
51	5	1148	29
52	5	417	24
52	5	730	29
53	5	417	24
53	5	730	29
53	5	1669	27
53	5	1930	30
53	5	2191	25
54	5	417	24
55	5	417	24
55	5	730	29
56	5	417	24
56	5	991	29
57	5	417	24
57	5	730	29
57	5	1461	27
57	5	1722	30
57	5	2139	25
58	5	417	24
58	5	730	29
58	5	1722	27
59	5	417	24
59	5	730	29
59	5	1878	27
59	5	2191	30
60	5	417	24
60	5	782	29
61	5	417	24
61	5	730	29
62	5	417	24
62	5	730	29
62	5	1826	27
62	5	2087	30
63	5	417	24
63	5	730	29
64	5	417	24
64	5	1774	29
65	5	417	24
65	5	730	29
66	5	417	24
66	5	1252	29
67	5	417	24
67	5	730	29
68	5	417	24
68	5	1304	29
69	5	417	24
69	5	730	29
70	5	417	24
70	5	730	29
71	5	417	24
71	5	1043	29
72	5	417	24
72	5	1669	29
73	5	417	24
73	5	1408	29
74	5	417	24
74	5	730	29
75	5	417	24
75	5	730	29
76	5	417	24
76	5	1304	29
77	5	417	24
77	5	1148	29
78	5	417	24
78	5	1148	29
79	5	417	24
79	5	730	29
79	5	2191	27
80	5	417	24
80	5	730	29
80	5	2243	27
81	5	417	24
81	5	730	29
82	5	417	24
82	5	730	29
83	5	417	24
83	5	782	29
84	5	417	24
84	5	730	29
85	5	417	24
85	5	1356	29
86	5	417	24
86	5	782	29
87	5	417	24
87	5	730	29
87	5	1565	27
87	5	1878	30
87	5	2139	25
88	5	417	24
88	5	730	29
88	5	1982	27
89	5	417	24
89	5	730	29
90	5	417	24
90	5	1252	29
91	5	417	24
91	5	730	29
92	5	417	24
92	5	730	29
92	5	2087	27
93	5	417	24
93	5	1148	29
94	5	417	24
94	5	1252	29
95	5	417	24
95	5	730	29
96	5	417	24
96	5	730	29
96	5	2243	27
97	5	417	24
97	5	834	29
98	5	417	24
98	5	1461	29
99	5	417	24
99	5	730	29
100	5	417	24
100	5	1043	29
101	5	417	24
101	5	730	29
102	5	417	24
102	5	730	29
103	5	417	24
103	5	730	29
104	5	417	24
104	5	730	29
104	5	1774	27
105	5	417	24
105	5	2035	29
106	5	417	24
106	5	730	29
106	5	1722	27
106	5	1982	30
106	5	2243	25
107	5	417	24
107	5	730	29
107	5	2087	30
108	5	417	24
108	5	730	29
109	5	417	24
109	5	1095	29
110	5	417	24
110	5	730	29
110	5	1774	27
111	5	417	24
111	5	730	29
112	5	417	24
112	5	730	29
113	5	417	24
113	5	730	29
114	5	417	24
114	5	730	29
115	5	417	24
115	5	1304	29
116	5	417	24
116	5	1304	29
117	5	417	24
117	5	1252	29
118	5	417	24
118	5	1095	29
119	5	417	24
119	5	1095	29
119	5	2295	27
120	5	417	24
120	5	730	29
121	5	417	24
121	5	887	29
122	5	417	24
122	5	730	29
122	5	1669	27
122	5	2035	30
123	5	417	24
123	5	1617	29
124	5	417	24
124	5	730	29
125	5	417	24
125	5	730	29
125	5	1669	27
126	5	417	24
126	5	730	29
126	5	1617	27
127	5	417	24
127	5	730	29
127	5	1774	27
128	5	417	24
128	5	730	29
129	5	417	24
129	5	834	29
130	5	417	24
130	5	730	29
131	5	417	24
131	5	730	29
131	5	1722	27
131	5	1982	30
131	5	2243	25
132	5	417	24
132	5	730	29
133	5	417	24
133	5	730	29
134	5	417	24
134	5	730	29
135	5	417	24
135	5	730	29
135	5	2191	27
136	5	417	24
136	5	730	29
136	5	1356	27
136	5	1617	30
136	5	1878	25
136	5	2191	28
137	5	417	24
137	5	730	29
138	5	417	24
138	5	730	29
138	5	1565	27
138	5	1878	30
138	5	2139	25
139	5	417	24
139	5	730	29
139	5	1461	27
139	5	1722	30
139	5	1982	25
139	5	2295	28
140	5	417	24
140	5	1304	29
141	5	417	24
141	5	730	29
141	5	1461	27
141	5	1722	30
142	5	417	24
142	5	730	29
143	5	417	24
143	5	1200	29
144	5	417	24
145	5	417	24
145	5	1095	29
146	5	417	24
146	5	730	29
146	5	1982	27
147	5	417	24
147	5	730	29
147	5	2035	27
148	5	417	24
148	5	1252	29
149	5	417	24
149	5	730	29
149	5	1565	27
149	5	1982	30
150	5	417	24
150	5	730	29
150	5	1982	27
150	5	2243	30
151	5	417	24
151	5	730	29
152	5	417	24
152	5	730	29
152	5	1774	27
152	5	2087	30
153	5	417	24
153	5	730	29
154	5	417	24
154	5	730	29
154	5	1565	27
155	5	417	24
155	5	730	29
155	5	1826	27
155	5	2087	30
156	5	417	24
156	5	730	29
156	5	1774	27
156	5	2243	30
157	5	417	24
158	5	417	24
158	5	730	29
158	5	2035	27
159	5	417	24
159	5	678	27
159	5	991	29
159	5	1930	30
159	5	2191	25
160	5	417	24
160	5	730	29
161	5	417	24
161	5	1356	29
162	5	417	24
162	5	730	29
163	5	417	24
163	5	782	29
164	5	417	24
164	5	730	29
165	5	417	24
165	5	730	29
165	5	1617	27
166	5	417	24
166	5	1513	29
167	5	417	24
167	5	939	29
168	5	417	24
168	5	2243	29
169	5	417	24
169	5	730	29
170	5	417	24
170	5	730	29
170	5	1513	27
171	5	417	24
171	5	730	29
172	5	417	24
172	5	782	29
172	5	2139	27
173	5	417	24
173	5	1148	29
174	5	417	24
174	5	730	29
174	5	2139	27
175	5	417	24
175	5	730	29
175	5	1878	27
175	5	2139	30
176	5	417	24
176	5	730	29
177	5	417	24
177	5	1513	29
178	5	417	24
178	5	1878	29
179	5	417	24
179	5	730	29
179	5	1982	27
180	5	417	24
180	5	834	29
181	5	417	24
181	5	730	29
182	5	417	24
182	5	730	29
183	5	417	24
183	5	730	29
183	5	1930	27
183	5	2191	30
184	5	417	24
184	5	782	29
185	5	417	24
185	5	730	29
185	5	1722	27
186	5	417	24
186	5	2035	29
187	5	417	24
187	5	730	29
188	5	417	24
188	5	782	29
189	5	417	24
189	5	730	29
189	5	1878	27
189	5	2139	30
190	5	417	24
190	5	834	29
191	5	417	24
191	5	730	29
192	5	417	24
192	5	730	29
193	5	417	24
193	5	730	29
193	5	2035	27
193	5	2295	30
194	5	417	24
194	5	730	29
195	5	417	24
196	5	417	24
196	5	730	29
196	5	1513	30
196	5	1774	25
196	5	2087	28
197	5	417	24
197	5	2295	29
198	5	417	24
198	5	730	29
198	5	1826	27
198	5	2295	30
199	5	417	24
199	5	730	29
199	5	1826	27
199	5	2087	30
200	5	417	24
200	5	1043	29
200	5	2295	27
201	5	417	24
201	5	1408	29
202	5	417	24
202	5	730	29
203	5	417	24
203	5	730	29
203	5	2295	27
204	5	417	24
204	5	730	29
205	5	417	24
205	5	1148	29
206	5	417	24
206	5	730	29
206	5	1513	30
206	5	1774	25
206	5	2087	28
207	5	417	24
207	5	730	29
207	5	1878	27
207	5	2139	30
208	5	417	24
208	5	730	29
209	5	417	24
209	5	2035	29
210	5	417	24
210	5	730	29
211	5	417	24
211	5	1356	29
212	5	417	24
212	5	730	29
213	5	417	24
213	5	1461	29
214	5	417	24
214	5	730	29
215	5	417	24
215	5	1148	29
216	5	417	24
216	5	730	29
217	5	417	24
217	5	1095	29
218	5	417	24
218	5	730	29
219	5	417	24
219	5	1930	29
220	5	417	24
220	5	1200	29
221	5	417	24
221	5	730	29
222	5	417	24
222	5	887	29
223	5	417	24
223	5	730	29
224	5	417	24
224	5	730	29
224	5	2295	27
225	5	417	24
225	5	730	29
225	5	1513	27
225	5	1774	30
225	5	2035	25
226	5	417	24
226	5	730	29
226	5	1669	27
227	5	417	24
227	5	730	29
228	5	417	24
228	5	730	29
228	5	1617	27
229	5	417	24
229	5	730	29
230	5	417	24
230	5	730	29
231	5	417	24
231	5	730	29
231	5	2243	27
232	5	417	24
232	5	730	29
232	5	1617	27
232	5	2191	30
233	5	417	24
233	5	1200	29
233	5	2295	27
234	5	417	24
235	5	417	24
235	5	1304	29
236	5	417	24
236	5	730	29
237	5	417	24
237	5	730	29
238	5	417	24
238	5	782	29
239	5	417	24
239	5	991	29
240	5	417	24
240	5	730	29
240	5	1722	27
240	5	1982	30
240	5	2243	25
241	5	417	24
241	5	730	29
241	5	1826	27
242	5	417	24
242	5	730	29
242	5	1826	27
242	5	2191	30
243	5	417	24
243	5	730	29
243	5	1826	30
243	5	2087	25
244	5	417	24
244	5	730	29
244	5	2087	27
245	5	417	24
245	5	991	29
246	5	417	24
246	5	1878	29
247	5	417	24
247	5	1356	29
248	5	417	24
248	5	730	29
249	5	417	24
249	5	730	29
250	5	417	24
250	5	730	29
250	5	1878	30
250	5	2139	25
251	5	417	24
251	5	730	29
251	5	2139	27
252	5	417	24
252	5	834	29
253	5	417	24
253	5	730	29
254	5	417	24
255	5	417	24
255	5	730	29
256	5	417	24
256	5	730	29
256	5	2139	27
257	5	417	24
257	5	939	29
258	5	417	24
258	5	730	29
258	5	2087	27
259	5	417	24
259	5	730	29
259	5	2295	27
260	5	417	24
260	5	730	29
260	5	2139	27
261	5	417	24
262	5	417	24
262	5	730	29
262	5	1982	27
263	5	417	24
263	5	730	29
264	5	417	24
264	5	730	29
265	5	417	24
265	5	730	29
266	5	417	24
266	5	730	29
266	5	2139	27
267	5	417	24
267	5	730	29
268	5	417	24
268	5	730	29
269	5	417	24
269	5	730	29
269	5	1722	27
270	5	417	24
270	5	730	29
271	5	417	24
271	5	730	29
271	5	1826	27
271	5	2087	30
272	5	417	24
272	5	730	29
272	5	1461	27
272	5	1722	30
272	5	1982	25
272	5	2295	28
273	5	417	24
273	5	2087	29
274	5	417	24
274	5	991	29
275	5	417	24
275	5	1252	29
276	5	417	24
276	5	1982	29
277	5	417	24
277	5	730	29
278	5	417	24
278	5	1304	29
279	5	417	24
279	5	1043	29
280	5	417	24
280	5	730	29
281	5	417	24
282	5	417	24
282	5	1252	29
283	5	417	24
283	5	1095	29
284	5	417	24
284	5	730	29
284	5	1408	27
284	5	1669	30
284	5	1930	25
284	5	2243	28
285	5	417	24
285	5	1043	29
286	5	417	24
286	5	730	29
286	5	1722	27
286	5	1982	30
286	5	2243	25
287	5	417	24
287	5	1095	29
288	5	417	24
288	5	730	29
289	5	417	24
289	5	730	29
290	5	417	24
290	5	2087	29
291	5	417	24
291	5	730	29
292	5	417	24
292	5	1252	29
293	5	417	24
293	5	730	29
293	5	1722	30
293	5	2035	25
294	5	417	24
294	5	730	29
295	5	417	24
295	5	782	29
296	5	417	24
296	5	730	29
297	5	417	24
297	5	991	29
298	5	417	24
298	5	730	29
299	5	417	24
299	5	730	29
300	5	417	24
300	5	730	29
301	5	417	24
301	5	730	29
301	5	2243	27
302	5	417	24
302	5	730	29
302	5	1982	27
302	5	2243	30
303	5	417	24
303	5	730	29
303	5	1669	30
303	5	1982	25
303	5	2295	28
304	5	417	24
304	5	730	29
305	5	417	24
306	5	417	24
306	5	730	29
306	5	1774	27
307	5	417	24
307	5	730	29
308	5	417	24
308	5	730	29
309	5	417	24
309	5	730	29
309	5	1669	30
309	5	1930	25
309	5	2243	28
310	5	417	24
310	5	730	29
310	5	1669	27
310	5	1930	30
310	5	2191	25
311	5	417	24
311	5	730	29
312	5	417	24
312	5	730	29
313	5	417	24
313	5	730	29
314	5	417	24
314	5	1148	29
315	5	417	24
315	5	730	29
315	5	1930	27
315	5	2243	30
316	5	417	24
316	5	1930	29
317	5	417	24
317	5	1148	29
318	5	417	24
318	5	1252	29
319	5	417	24
319	5	939	29
320	5	417	24
320	5	1200	29
321	5	417	24
321	5	730	29
322	5	417	24
322	5	730	29
322	5	2295	27
323	5	417	24
323	5	1617	29
324	5	417	24
324	5	1252	29
325	5	417	24
325	5	1095	29
326	5	417	24
326	5	730	29
326	5	2139	27
327	5	417	24
327	5	991	29
327	5	2139	27
328	5	417	24
328	5	730	29
329	5	417	24
329	5	1200	29
330	5	417	24
330	5	730	29
331	5	417	24
331	5	730	29
332	5	417	24
332	5	730	29
332	5	1774	27
333	5	417	24
333	5	730	29
333	5	1982	27
333	5	2243	30
334	5	417	24
334	5	1095	29
335	5	417	24
335	5	730	29
335	5	2035	27
336	5	417	24
336	5	730	29
336	5	2087	27
337	5	417	24
337	5	730	29
338	5	417	24
338	5	730	29
339	5	417	24
339	5	730	29
340	5	417	24
340	5	1043	29
341	5	417	24
341	5	1095	29
341	5	2243	27
342	5	417	24
342	5	730	29
342	5	1513	27
342	5	1774	30
343	5	417	24
343	5	730	29
343	5	1774	27
343	5	2243	30
344	5	417	24
344	5	1774	29
345	5	417	24
345	5	730	29
345	5	1774	27
345	5	2191	30
346	5	417	24
346	5	730	29
346	5	1669	27
346	5	1930	30
346	5	2191	25
347	5	417	24
347	5	730	29
348	5	417	24
348	5	730	29
348	5	2295	27
349	5	417	24
349	5	730	29
349	5	1513	27
349	5	1774	30
350	5	417	24
350	5	1878	29
351	5	417	24
351	5	730	29
352	5	417	24
352	5	730	29
353	5	417	24
353	5	730	29
354	5	417	24
354	5	730	29
354	5	1617	30
355	5	417	24
355	5	730	29
356	5	417	24
356	5	730	29
356	5	2295	27
357	5	417	24
357	5	730	29
358	5	417	24
358	5	782	29
358	5	2191	27
359	5	417	24
360	5	417	24
360	5	730	29
361	5	417	24
361	5	730	29
361	5	2191	27
362	5	417	24
362	5	834	29
363	5	417	24
364	5	417	24
364	5	730	29
365	5	417	24
365	5	1304	29
366	5	417	24
366	5	730	29
366	5	2243	27
367	5	417	24
367	5	730	29
368	5	417	24
368	5	730	29
368	5	1461	27
368	5	1722	30
368	5	1982	25
368	5	2295	28
369	5	417	24
369	5	730	29
369	5	1722	27
370	5	417	24
370	5	730	29
371	5	417	24
371	5	730	29
372	5	417	24
372	5	730	29
373	5	417	24
373	5	730	29
374	5	417	24
374	5	1304	29
375	5	417	24
375	5	1200	29
376	5	417	24
376	5	730	29
377	5	417	24
377	5	1200	29
378	5	417	24
378	5	730	29
379	5	417	24
379	5	730	29
380	5	417	24
380	5	730	29
381	5	417	24
381	5	730	29
382	5	417	24
382	5	730	29
383	5	417	24
383	5	1148	29
384	5	417	24
384	5	730	29
385	5	417	24
385	5	730	29
386	5	417	24
386	5	730	29
387	5	417	24
387	5	730	29
387	5	1669	27
387	5	2243	30
388	5	417	24
388	5	1930	29
389	5	417	24
389	5	730	29
390	5	417	24
390	5	730	29
390	5	2295	30
391	5	417	24
391	5	730	29
391	5	1878	27
391	5	2139	30
392	5	417	24
392	5	730	29
393	5	417	24
393	5	730	29
394	5	417	24
394	5	730	29
395	5	417	24
395	5	730	29
396	5	417	24
396	5	730	29
396	5	1356	27
396	5	1617	30
397	5	417	24
397	5	1148	29
397	5	2191	27
398	5	417	24
398	5	730	29
399	5	417	24
399	5	730	29
400	5	417	24
400	5	730	29
401	5	417	24
401	5	2035	29
402	5	417	24
402	5	730	29
403	5	417	24
403	5	991	29
404	5	417	24
404	5	730	29
405	5	417	24
405	5	834	29
406	5	417	24
406	5	730	29
407	5	417	24
407	5	1043	29
408	5	417	24
409	5	417	24
409	5	782	29
410	5	417	24
410	5	730	29
411	5	417	24
411	5	730	29
411	5	1513	27
411	5	1774	30
411	5	2243	25
412	5	417	24
412	5	730	29
412	5	1408	27
412	5	1669	30
412	5	1930	25
412	5	2243	28
413	5	417	24
413	5	730	29
413	5	1408	27
413	5	1669	30
413	5	1930	25
413	5	2243	28
414	5	417	24
414	5	730	29
414	5	1878	27
414	5	2139	30
415	5	417	24
415	5	730	29
415	5	2035	27
416	5	417	24
416	5	1148	29
417	5	417	24
417	5	730	29
417	5	2139	27
418	5	417	24
418	5	730	29
418	5	1617	27
419	5	417	24
419	5	730	29
419	5	1722	27
420	5	417	24
420	5	730	29
421	5	417	24
421	5	1878	29
422	5	417	24
422	5	730	29
423	5	417	24
423	5	782	29
423	5	2087	27
424	5	417	24
424	5	730	29
424	5	1565	27
424	5	1826	30
424	5	2087	25
425	5	417	24
425	5	730	29
426	5	417	24
426	5	834	29
426	5	1982	27
426	5	2243	30
427	5	417	24
427	5	1982	29
428	5	417	24
428	5	730	29
429	5	417	24
429	5	730	29
430	5	417	24
430	5	730	29
431	5	417	24
431	5	730	29
431	5	1774	27
432	5	417	24
432	5	730	29
432	5	1617	27
432	5	1982	30
432	5	2295	25
433	5	417	24
433	5	730	29
433	5	2139	27
434	5	417	24
434	5	730	29
434	5	1565	27
434	5	1826	30
434	5	2087	25
435	5	417	24
435	5	730	29
435	5	1722	27
436	5	417	24
436	5	730	29
436	5	1513	27
436	5	1826	30
437	5	417	24
437	5	730	29
437	5	2243	27
438	5	417	24
438	5	730	29
439	5	417	24
439	5	730	29
440	5	417	24
440	5	730	29
441	5	417	24
441	5	1408	29
442	5	417	24
442	5	730	29
442	5	2243	27
443	5	417	24
443	5	730	29
444	5	417	24
444	5	1356	29
445	5	417	24
445	5	730	29
445	5	2035	27
445	5	2295	30
446	5	417	24
446	5	730	29
447	5	417	24
447	5	1304	29
448	5	417	24
448	5	730	29
449	5	417	24
449	5	1930	29
450	5	417	24
450	5	2139	29
451	5	417	24
451	5	730	29
451	5	1826	27
451	5	2087	30
452	5	417	24
452	5	730	29
453	5	417	24
453	5	730	29
453	5	1461	27
453	5	1722	30
454	5	417	24
454	5	1095	29
455	5	417	24
455	5	1043	29
455	5	2139	27
456	5	417	24
456	5	1200	29
457	5	417	24
457	5	730	29
458	5	417	24
458	5	1043	29
459	5	417	24
459	5	730	29
460	5	417	24
460	5	730	29
461	5	417	24
461	5	730	29
461	5	1826	27
462	5	417	24
462	5	730	29
463	5	417	24
463	5	730	29
463	5	1617	27
463	5	1930	30
463	5	2243	25
464	5	417	24
464	5	730	29
465	5	417	24
465	5	730	29
465	5	2295	27
466	5	417	24
466	5	730	29
466	5	2087	27
467	5	417	24
467	5	730	29
467	5	2243	27
468	5	417	24
468	5	730	29
468	5	2295	27
469	5	417	24
469	5	730	29
469	5	2035	30
470	5	417	24
470	5	1043	29
471	5	417	24
471	5	782	29
472	5	417	24
472	5	730	29
472	5	2243	27
473	5	417	24
473	5	730	29
473	5	2191	27
474	5	417	24
474	5	730	29
474	5	1669	27
475	5	417	24
475	5	730	29
476	5	417	24
476	5	1095	29
477	5	417	24
477	5	730	29
478	5	417	24
478	5	730	29
479	5	417	24
480	5	417	24
480	5	730	29
481	5	417	24
481	5	730	29
481	5	1565	27
481	5	1826	30
481	5	2139	25
482	5	417	24
482	5	730	29
483	5	417	24
483	5	1513	29
484	5	417	24
484	5	1982	29
485	5	417	24
485	5	939	29
486	5	417	24
486	5	1200	29
487	5	417	24
487	5	730	29
488	5	417	24
488	5	1200	29
489	5	417	24
489	5	730	29
489	5	1513	27
489	5	1878	30
490	5	417	24
490	5	730	29
490	5	1826	27
490	5	2087	30
491	5	417	24
491	5	730	29
491	5	2243	27
492	5	417	24
492	5	730	29
492	5	2035	27
492	5	2295	30
493	5	417	24
493	5	730	29
494	5	417	24
494	5	730	29
495	5	417	24
495	5	730	29
495	5	2243	27
496	5	417	24
496	5	730	29
496	5	1878	27
496	5	2191	30
497	5	417	24
497	5	730	29
498	5	417	24
498	5	730	29
499	5	417	24
499	5	730	29
500	5	417	24
500	5	730	29
500	5	1461	27
500	5	1722	30
501	5	417	24
501	5	1148	29
502	5	417	24
502	5	730	29
503	5	417	24
503	5	730	29
503	5	1408	27
503	5	1669	30
503	5	1930	25
503	5	2243	28
504	5	417	24
504	5	1461	29
505	5	417	24
505	5	1148	29
506	5	417	24
506	5	782	29
507	5	417	24
507	5	1461	29
508	5	417	24
508	5	730	29
508	5	1565	27
508	5	1826	30
508	5	2087	25
509	5	417	24
510	5	417	24
510	5	1878	29
511	5	417	24
512	5	417	24
512	5	730	29
512	5	1930	27
512	5	2191	30
513	5	417	24
513	5	730	29
514	5	417	24
514	5	730	29
514	5	2139	27
515	5	417	24
515	5	730	29
515	5	2139	30
516	5	417	24
516	5	1200	29
517	5	417	24
517	5	1200	29
518	5	417	24
518	5	730	29
519	5	417	24
519	5	730	29
519	5	1774	27
520	5	417	24
520	5	730	29
521	5	417	24
521	5	730	29
521	5	1565	27
522	5	417	24
522	5	730	29
522	5	1826	27
522	5	2191	30
523	5	417	24
523	5	730	29
523	5	2035	27
523	5	2295	30
524	5	417	24
524	5	1930	29
525	5	417	24
525	5	730	29
525	5	1617	27
525	5	1878	30
525	5	2295	25
526	5	417	24
526	5	991	29
527	5	417	24
527	5	730	29
528	5	417	24
528	5	730	29
529	5	417	24
529	5	730	29
529	5	1408	27
529	5	1669	30
529	5	1930	25
529	5	2243	28
530	5	417	24
530	5	1200	29
530	5	2243	27
531	5	417	24
531	5	834	29
531	5	2139	27
532	5	417	24
532	5	730	29
533	5	417	24
533	5	1878	29
534	5	417	24
534	5	730	29
534	5	1565	27
534	5	1930	30
534	5	2295	25
535	5	417	24
535	5	1356	29
536	5	417	24
536	5	1095	29
537	5	417	24
537	5	730	29
537	5	1982	27
537	5	2295	30
538	5	417	24
538	5	730	29
539	5	417	24
539	5	730	29
540	5	417	24
540	5	887	29
541	5	417	24
541	5	730	29
542	5	417	24
542	5	730	29
543	5	417	24
543	5	1043	29
543	5	2139	27
544	5	417	24
544	5	730	29
544	5	1669	27
544	5	1930	30
544	5	2191	25
545	5	417	24
545	5	730	29
546	5	417	24
546	5	1148	29
547	5	417	24
547	5	730	29
547	5	1722	27
547	5	1982	30
547	5	2243	25
548	5	417	24
548	5	1095	29
549	5	417	24
549	5	1200	29
550	5	417	24
550	5	730	29
550	5	1461	27
550	5	1722	30
550	5	1982	25
550	5	2295	28
551	5	417	24
551	5	730	29
551	5	1513	27
551	5	1774	30
551	5	2243	25
552	5	417	24
552	5	1252	29
553	5	417	24
553	5	730	29
554	5	417	24
554	5	730	29
555	5	417	24
555	5	730	29
555	5	1408	27
555	5	1669	30
555	5	1930	25
555	5	2243	28
556	5	417	24
556	5	730	29
556	5	2295	27
557	5	417	24
557	5	834	29
558	5	417	24
558	5	730	29
559	5	417	24
559	5	730	29
559	5	2243	27
560	5	417	24
560	5	1200	29
561	5	417	24
561	5	730	29
562	5	417	24
562	5	730	29
562	5	2295	27
563	5	417	24
563	5	730	29
563	5	1774	27
564	5	417	24
564	5	1200	29
565	5	417	24
565	5	730	29
565	5	1565	27
565	5	1826	30
565	5	2087	25
566	5	417	24
566	5	730	29
567	5	417	24
567	5	730	29
568	5	417	24
568	5	730	29
568	5	1565	27
569	5	417	24
569	5	730	29
570	5	417	24
570	5	1252	29
571	5	417	24
571	5	730	29
571	5	2139	27
572	5	417	24
572	5	1252	29
573	5	417	24
573	5	1930	29
574	5	417	24
574	5	730	29
575	5	417	24
575	5	730	29
575	5	1408	27
575	5	1669	30
575	5	1930	25
575	5	2295	28
576	5	417	24
576	5	1043	29
577	5	417	24
577	5	730	29
578	5	417	24
578	5	782	29
579	5	417	24
579	5	730	29
580	5	417	24
580	5	1513	29
581	5	417	24
581	5	782	29
581	5	2087	27
582	5	417	24
582	5	730	29
583	5	417	24
583	5	730	29
583	5	1408	27
583	5	1669	30
584	5	417	24
584	5	730	29
585	5	417	24
585	5	730	29
585	5	1356	27
585	5	1617	30
585	5	1878	25
585	5	2243	28
586	5	417	24
586	5	730	29
586	5	1722	27
587	5	417	24
587	5	730	29
587	5	1408	27
587	5	1722	30
588	5	417	24
588	5	730	29
589	5	417	24
589	5	730	29
589	5	1878	27
590	5	417	24
590	5	730	29
591	5	417	24
591	5	1252	29
592	5	417	24
593	5	417	24
593	5	730	29
594	5	417	24
594	5	730	29
595	5	417	24
595	5	730	29
595	5	1513	27
595	5	1774	30
595	5	2035	25
596	5	417	24
596	5	730	29
597	5	417	24
597	5	730	29
598	5	417	24
598	5	730	29
599	5	417	24
599	5	730	29
599	5	2087	27
600	5	417	24
600	5	1252	29
601	5	417	24
601	5	730	29
602	5	417	24
602	5	939	29
603	5	417	24
603	5	730	29
604	5	417	24
604	5	730	29
604	5	2035	27
604	5	2295	30
605	5	417	24
605	5	834	29
606	5	417	24
606	5	730	29
606	5	1982	27
607	5	417	24
607	5	730	29
607	5	1878	27
607	5	2243	30
608	5	417	24
608	5	730	29
608	5	2087	27
609	5	417	24
609	5	2191	29
610	5	417	24
610	5	2139	29
611	5	417	24
611	5	730	29
612	5	417	24
612	5	1043	29
613	5	417	24
613	5	1043	29
614	5	417	24
614	5	1043	29
615	5	417	24
615	5	730	29
616	5	417	24
616	5	782	29
617	5	417	24
617	5	939	29
618	5	417	24
618	5	1356	29
619	5	417	24
619	5	730	29
620	5	417	24
620	5	730	29
621	5	417	24
621	5	730	29
622	5	417	24
622	5	730	29
623	5	417	24
623	5	782	29
624	5	417	24
624	5	730	29
625	5	417	24
625	5	887	29
626	5	417	24
626	5	730	29
627	5	417	24
627	5	730	29
627	5	2139	27
628	5	417	24
628	5	730	29
628	5	2139	27
629	5	417	24
629	5	730	29
630	5	417	24
630	5	730	29
631	5	417	24
631	5	730	29
631	5	1826	27
631	5	2087	30
632	5	417	24
632	5	730	29
632	5	2191	30
633	5	417	24
633	5	1356	29
634	5	417	24
634	5	1095	29
635	5	417	24
635	5	1304	29
636	5	417	24
636	5	2035	29
637	5	417	24
637	5	782	29
638	5	417	24
638	5	991	29
639	5	417	24
639	5	730	29
639	5	1617	27
639	5	2035	30
640	5	417	24
640	5	730	29
641	5	417	24
641	5	730	29
642	5	417	24
642	5	1095	29
643	5	417	24
643	5	2139	29
644	5	417	24
644	5	730	29
645	5	417	24
645	5	730	29
646	5	417	24
646	5	730	29
646	5	1617	27
647	5	417	24
647	5	1095	29
648	5	417	24
648	5	730	29
649	5	417	24
649	5	730	29
649	5	2139	27
650	5	417	24
650	5	1252	29
651	5	417	24
651	5	730	29
652	5	417	24
652	5	730	29
652	5	2035	27
653	5	417	24
653	5	730	29
653	5	2191	27
654	5	417	24
654	5	730	29
655	5	417	24
655	5	730	29
655	5	2191	27
656	5	417	24
656	5	730	29
657	5	417	24
657	5	730	29
658	5	417	24
658	5	730	29
658	5	1722	27
658	5	1982	30
658	5	2243	25
659	5	417	24
659	5	1043	29
660	5	417	24
660	5	730	29
661	5	417	24
661	5	730	29
661	5	2139	27
662	5	417	24
662	5	730	29
662	5	2087	27
663	5	417	24
663	5	730	29
664	5	417	24
664	5	730	29
664	5	1722	27
664	5	1982	30
664	5	2243	25
665	5	417	24
665	5	730	29
666	5	417	24
666	5	730	29
666	5	2139	27
667	5	417	24
667	5	730	29
668	5	417	24
668	5	730	29
668	5	2295	27
669	5	417	24
669	5	730	29
669	5	2191	27
670	5	417	24
670	5	730	29
671	5	417	24
671	5	782	29
672	5	417	24
672	5	730	29
673	5	417	24
673	5	730	29
674	5	417	24
674	5	730	29
675	5	417	24
675	5	782	29
676	5	417	24
676	5	730	29
676	5	1617	27
676	5	1982	30
676	5	2243	25
677	5	417	24
677	5	730	29
677	5	1930	27
678	5	417	24
678	5	730	29
678	5	2243	27
679	5	417	24
679	5	887	29
680	5	417	24
680	5	730	29
680	5	2139	27
681	5	417	24
681	5	730	29
682	5	417	24
682	5	730	29
683	5	417	24
683	5	1043	29
684	5	417	24
684	5	782	29
684	5	2243	27
685	5	417	24
685	5	730	29
686	5	417	24
686	5	730	29
687	5	417	24
687	5	1252	29
688	5	417	24
688	5	1095	29
689	5	417	24
689	5	1043	29
690	5	417	24
690	5	730	29
691	5	417	24
691	5	730	29
691	5	1669	27
691	5	1930	30
691	5	2191	25
692	5	417	24
692	5	730	29
692	5	1617	27
693	5	417	24
693	5	730	29
693	5	1878	27
693	5	2243	30
694	5	417	24
694	5	730	29
695	5	417	24
695	5	730	29
696	5	417	24
696	5	730	29
697	5	417	24
697	5	730	29
697	5	1930	27
697	5	2191	30
698	5	417	24
698	5	1304	29
699	5	417	24
699	5	730	29
700	5	417	24
700	5	730	29
701	5	417	24
701	5	730	29
701	5	1930	27
701	5	2243	30
702	5	417	24
702	5	730	29
703	5	417	24
703	5	730	29
703	5	1774	27
703	5	2295	30
704	5	417	24
704	5	1722	29
705	5	417	24
705	5	730	29
705	5	2243	27
706	5	417	24
706	5	730	29
706	5	2295	27
707	5	417	24
707	5	730	29
708	5	417	24
708	5	991	29
709	5	417	24
709	5	730	29
709	5	1774	27
709	5	2087	30
710	5	417	24
710	5	730	29
710	5	1669	27
711	5	417	24
711	5	887	29
711	5	2139	27
712	5	417	24
712	5	730	29
713	5	417	24
713	5	939	29
714	5	417	24
714	5	730	29
714	5	2087	27
715	5	417	24
715	5	730	29
716	5	417	24
716	5	730	29
717	5	417	24
717	5	782	29
717	5	1930	27
717	5	2191	30
718	5	417	24
718	5	730	29
718	5	1774	27
718	5	2191	30
719	5	417	24
719	5	730	29
720	5	417	24
720	5	1513	29
721	5	417	24
721	5	730	29
721	5	2035	27
722	5	417	24
722	5	730	29
722	5	1408	27
722	5	1669	30
723	5	417	24
723	5	730	29
724	5	417	24
724	5	730	29
725	5	417	24
725	5	730	29
725	5	1982	27
726	5	417	24
726	5	730	29
726	5	1774	27
727	5	417	24
727	5	991	29
728	5	417	24
728	5	1669	29
729	5	417	24
729	5	730	29
730	5	417	24
730	5	730	29
731	5	417	24
731	5	730	29
731	5	2295	27
732	5	417	24
732	5	730	29
733	5	417	24
733	5	730	29
733	5	1826	27
734	5	417	24
734	5	730	29
734	5	1982	27
734	5	2295	30
735	5	417	24
735	5	1930	29
736	5	417	24
736	5	730	29
737	5	417	24
737	5	730	29
737	5	1826	27
737	5	2087	30
738	5	417	24
738	5	730	29
738	5	1669	27
738	5	1930	30
738	5	2191	25
739	5	417	24
739	5	1043	29
740	5	417	24
740	5	2243	29
741	5	417	24
741	5	730	29
742	5	417	24
742	5	730	29
742	5	1565	27
742	5	1826	30
742	5	2087	25
743	5	417	24
743	5	730	29
743	5	2139	27
744	5	417	24
744	5	1095	29
744	5	2139	27
745	5	417	24
745	5	730	29
746	5	417	24
746	5	1200	29
747	5	417	24
747	5	730	29
748	5	417	24
748	5	1878	29
749	5	417	24
749	5	939	29
750	5	417	24
750	5	730	29
751	5	417	24
751	5	782	29
752	5	417	24
752	5	730	29
752	5	2035	27
752	5	2295	30
753	5	417	24
753	5	730	29
753	5	1669	27
753	5	1930	30
753	5	2191	25
754	5	417	24
754	5	730	29
755	5	417	24
755	5	730	29
755	5	2243	27
756	5	417	24
756	5	730	29
756	5	1565	27
756	5	1826	30
756	5	2139	25
757	5	417	24
757	5	1200	29
758	5	417	24
758	5	730	29
759	5	417	24
759	5	1200	29
760	5	417	24
760	5	730	29
761	5	417	24
761	5	730	29
762	5	417	24
762	5	730	29
763	5	417	24
763	5	1095	29
763	5	2243	27
764	5	417	24
764	5	730	29
765	5	417	24
765	5	730	29
765	5	2243	27
766	5	417	24
766	5	730	29
767	5	417	24
767	5	1043	29
768	5	417	24
768	5	1252	29
769	5	417	24
769	5	730	29
770	5	417	24
770	5	1826	29
771	5	417	24
771	5	1043	29
772	5	417	24
772	5	730	29
773	5	417	24
773	5	1304	29
774	5	417	24
774	5	730	29
774	5	1617	27
775	5	417	24
775	5	834	29
776	5	417	24
776	5	730	29
776	5	1617	27
776	5	1930	30
776	5	2191	25
777	5	417	24
777	5	1878	29
778	5	417	24
778	5	730	29
779	5	417	24
779	5	991	29
780	5	417	24
780	5	730	29
781	5	417	24
781	5	730	29
781	5	1878	27
781	5	2243	30
782	5	417	24
782	5	730	29
783	5	417	24
783	5	1200	29
784	5	417	24
784	5	730	29
784	5	2191	27
785	5	417	24
785	5	730	29
786	5	417	24
786	5	730	29
787	5	417	24
787	5	1200	29
788	5	417	24
788	5	730	29
789	5	417	24
789	5	991	29
789	5	2087	27
790	5	417	24
790	5	730	29
791	5	417	24
791	5	1148	29
792	5	417	24
792	5	730	29
793	5	417	24
793	5	730	29
793	5	1982	27
793	5	2243	30
794	5	417	24
794	5	730	29
795	5	417	24
795	5	887	29
796	5	417	24
796	5	1200	29
797	5	417	24
797	5	730	29
798	5	417	24
798	5	730	29
799	5	417	24
799	5	2191	29
800	5	417	24
800	5	1148	29
801	5	417	24
801	5	1252	29
802	5	417	24
802	5	730	29
803	5	417	24
803	5	730	29
803	5	1930	27
803	5	2295	30
804	5	417	24
804	5	730	29
804	5	2243	27
805	5	417	24
805	5	2243	29
806	5	417	24
806	5	1200	29
807	5	417	24
807	5	730	29
807	5	1356	27
807	5	1617	30
807	5	1878	25
808	5	417	24
808	5	1878	29
809	5	417	24
809	5	1513	29
810	5	417	24
810	5	730	29
810	5	1930	27
811	5	417	24
811	5	730	29
811	5	2243	27
812	5	417	24
812	5	730	29
812	5	1774	27
812	5	2035	30
812	5	2295	25
813	5	417	24
813	5	730	29
814	5	417	24
814	5	730	29
815	5	417	24
815	5	730	29
816	5	417	24
816	5	887	29
817	5	417	24
817	5	1982	29
818	5	417	24
818	5	730	29
818	5	2139	27
819	5	417	24
819	5	1304	29
820	5	417	24
820	5	730	29
821	5	417	24
821	5	1043	29
822	5	417	24
822	5	730	29
822	5	2035	27
823	5	417	24
823	5	730	29
823	5	1513	27
823	5	1826	30
823	5	2087	25
824	5	417	24
824	5	782	29
824	5	2087	27
825	5	417	24
825	5	730	29
826	5	417	24
826	5	730	29
827	5	417	24
827	5	730	29
828	5	417	24
828	5	1200	29
829	5	417	24
829	5	1930	29
830	5	417	24
830	5	782	29
831	5	417	24
831	5	730	29
831	5	1617	27
831	5	1878	30
831	5	2139	25
832	5	417	24
832	5	730	29
832	5	1565	27
832	5	1826	30
832	5	2087	25
833	5	417	24
833	5	1095	29
834	5	417	24
834	5	730	29
834	5	1669	27
834	5	1930	30
834	5	2191	25
835	5	417	24
835	5	730	29
836	5	417	24
836	5	1982	29
837	5	417	24
837	5	991	29
838	5	417	24
838	5	730	29
838	5	1826	27
838	5	2087	30
839	5	417	24
839	5	1304	29
840	5	417	24
840	5	730	29
840	5	1565	30
841	5	417	24
841	5	730	29
842	5	417	24
842	5	730	29
842	5	2087	27
843	5	417	24
843	5	730	29
843	5	1461	27
843	5	1722	30
843	5	1982	25
843	5	2295	28
844	5	417	24
844	5	939	29
845	5	417	24
845	5	1095	29
846	5	417	24
846	5	1304	29
847	5	417	24
847	5	1095	29
847	5	2243	27
848	5	417	24
848	5	730	29
849	5	417	24
849	5	887	29
850	5	417	24
850	5	730	29
850	5	1513	27
850	5	1774	30
850	5	2295	25
851	5	417	24
851	5	2035	29
852	5	417	24
852	5	730	29
853	5	417	24
853	5	1148	29
854	5	417	24
854	5	939	29
855	5	417	24
855	5	730	29
856	5	417	24
856	5	730	29
857	5	417	24
857	5	1148	29
858	5	417	24
858	5	730	29
859	5	417	24
859	5	730	29
860	5	417	24
860	5	1408	29
861	5	417	24
861	5	730	29
862	5	417	24
862	5	1304	29
863	5	417	24
863	5	730	29
863	5	1669	27
864	5	417	24
864	5	730	29
864	5	1513	27
864	5	1774	30
864	5	2035	25
865	5	417	24
865	5	730	29
866	5	417	24
866	5	730	29
866	5	2139	27
867	5	417	24
867	5	730	29
868	5	417	24
868	5	730	29
868	5	2243	27
869	5	417	24
869	5	730	29
870	5	417	24
870	5	939	29
871	5	417	24
871	5	1043	29
872	5	417	24
873	5	417	24
873	5	730	29
873	5	1513	27
873	5	2139	30
874	5	417	24
875	5	417	24
875	5	730	29
876	5	417	24
876	5	730	29
877	5	417	24
877	5	730	29
877	5	1408	27
877	5	1669	30
877	5	2191	25
878	5	417	24
878	5	1095	29
879	5	417	24
879	5	730	29
880	5	417	24
880	5	730	29
880	5	1878	27
880	5	2243	30
881	5	417	24
881	5	730	29
882	5	417	24
882	5	1200	29
883	5	417	24
883	5	1356	29
884	5	417	24
884	5	730	29
885	5	417	24
885	5	730	29
885	5	1461	27
885	5	1722	30
886	5	417	24
886	5	730	29
887	5	417	24
887	5	730	29
888	5	417	24
888	5	730	29
889	5	417	24
889	5	1200	29
890	5	417	24
890	5	1200	29
890	5	2295	27
891	5	417	24
891	5	730	29
892	5	417	24
892	5	1356	29
893	5	417	24
893	5	730	29
894	5	417	24
894	5	730	29
895	5	417	24
895	5	730	29
895	5	2295	27
896	5	417	24
896	5	730	29
897	5	417	24
897	5	730	29
898	5	417	24
898	5	730	29
898	5	1565	27
899	5	417	24
899	5	730	29
899	5	1669	27
899	5	2035	30
900	5	417	24
900	5	730	29
901	5	417	24
901	5	730	29
902	5	417	24
902	5	730	29
902	5	1878	27
902	5	2295	30
903	5	417	24
903	5	730	29
903	5	1774	27
903	5	2035	30
903	5	2295	25
904	5	417	24
905	5	417	24
905	5	887	29
906	5	417	24
906	5	730	29
907	5	417	24
907	5	1826	29
908	5	417	24
908	5	730	29
908	5	2295	27
909	5	417	24
909	5	1774	29
910	5	417	24
910	5	991	29
911	5	417	24
911	5	730	29
912	5	417	24
912	5	730	29
913	5	417	24
913	5	1200	29
914	5	417	24
914	5	730	29
915	5	417	24
915	5	1148	29
916	5	417	24
916	5	730	29
916	5	1669	27
917	5	417	24
917	5	730	29
918	5	417	24
918	5	1148	29
919	5	417	24
919	5	1095	29
920	5	417	24
920	5	730	29
921	5	417	24
921	5	730	29
922	5	417	24
922	5	730	29
923	5	417	24
923	5	1095	29
924	5	417	24
924	5	730	29
924	5	1565	27
925	5	417	24
925	5	730	29
926	5	417	24
926	5	730	29
926	5	1826	27
926	5	2087	30
927	5	417	24
927	5	730	29
928	5	417	24
929	5	417	24
929	5	730	29
929	5	2035	27
930	5	417	24
930	5	782	29
931	5	417	24
931	5	730	29
931	5	1461	27
931	5	1722	30
931	5	2087	25
932	5	417	24
932	5	834	29
932	5	2243	27
933	5	417	24
933	5	1200	29
933	5	2295	27
934	5	417	24
934	5	730	29
935	5	417	24
935	5	730	29
936	5	417	24
936	5	730	29
937	5	417	24
937	5	730	29
938	5	417	24
938	5	730	29
939	5	417	24
939	5	887	29
940	5	417	24
940	5	730	29
940	5	1774	27
940	5	2087	30
941	5	417	24
941	5	730	29
941	5	1669	27
941	5	1982	30
941	5	2295	25
942	5	417	24
942	5	730	29
942	5	1513	27
942	5	1930	30
943	5	417	24
943	5	730	29
944	5	417	24
944	5	730	29
945	5	417	24
945	5	1252	29
946	5	417	24
946	5	730	29
946	5	2295	27
947	5	417	24
947	5	730	29
947	5	1513	27
947	5	1774	30
947	5	2035	25
948	5	417	24
948	5	730	29
949	5	417	24
949	5	730	29
949	5	1408	27
949	5	1669	30
950	5	417	24
950	5	730	29
950	5	2035	27
951	5	417	24
951	5	1617	29
952	5	417	24
952	5	1617	29
953	5	417	24
953	5	730	29
953	5	1774	27
954	5	417	24
954	5	730	29
954	5	1774	27
954	5	2243	30
955	5	417	24
955	5	834	29
956	5	417	24
956	5	730	29
957	5	417	24
957	5	1043	29
958	5	417	24
958	5	782	29
959	5	417	24
959	5	1774	29
960	5	417	24
960	5	730	29
961	5	417	24
961	5	730	29
961	5	2191	27
962	5	417	24
962	5	1930	29
963	5	417	24
963	5	730	29
964	5	417	24
964	5	730	29
964	5	1565	27
964	5	1878	30
964	5	2139	25
965	5	417	24
965	5	730	29
966	5	417	24
966	5	730	29
966	5	2087	27
967	5	417	24
967	5	887	29
968	5	417	24
968	5	730	29
969	5	417	24
969	5	730	29
969	5	2035	27
970	5	417	24
971	5	417	24
971	5	730	29
971	5	1930	27
971	5	2295	30
972	5	417	24
972	5	678	27
972	5	991	29
972	5	1669	30
972	5	1982	25
972	5	2295	28
973	5	417	24
973	5	730	29
974	5	417	24
974	5	730	29
975	5	417	24
975	5	1095	29
976	5	417	24
976	5	730	29
976	5	1826	27
976	5	2087	30
977	5	417	24
977	5	1461	29
978	5	417	24
978	5	730	29
978	5	1878	27
979	5	417	24
979	5	1252	29
979	5	2295	27
980	5	417	24
980	5	1252	29
981	5	417	24
981	5	730	29
981	5	1930	27
982	5	417	24
982	5	730	29
983	5	417	24
983	5	730	29
984	5	417	24
984	5	730	29
985	5	417	24
985	5	1043	29
985	5	2139	27
986	5	417	24
986	5	2139	29
987	5	417	24
987	5	834	29
988	5	417	24
988	5	730	29
989	5	417	24
989	5	730	29
990	5	417	24
990	5	1461	29
991	5	417	24
991	5	887	29
992	5	417	24
992	5	1461	29
993	5	417	24
993	5	730	29
994	5	417	24
994	5	1826	29
995	5	417	24
995	5	730	29
995	5	2035	27
996	5	417	24
996	5	1043	29
997	5	417	24
997	5	2139	29
998	5	417	24
998	5	730	29
998	5	1617	27
998	5	1878	30
998	5	2139	25
999	5	417	24
999	5	1252	29
