Realization	utility	week	infra.
0	0	626	29
0	0	991	30
1	0	626	29
1	0	991	30
2	0	782	29
3	0	1200	29
4	0	782	29
4	0	2035	30
5	0	678	29
6	0	834	29
7	0	1148	29
8	0	991	29
8	0	2035	30
10	0	521	29
12	0	1930	29
13	0	1826	29
14	0	469	29
15	0	730	29
16	0	678	29
17	0	574	29
18	0	678	29
19	0	1878	29
20	0	782	29
21	0	574	29
22	0	1148	29
23	0	678	29
24	0	678	29
24	0	2243	30
25	0	1565	29
26	0	939	29
27	0	626	29
28	0	991	29
28	0	2035	30
29	0	1513	29
30	0	1304	29
31	0	782	29
32	0	1148	29
33	0	1043	29
34	0	1095	29
35	0	730	29
35	0	2243	30
36	0	730	29
37	0	991	29
38	0	887	29
39	0	834	29
40	0	574	29
40	0	1826	30
41	0	1043	29
42	0	1043	29
43	0	417	29
45	0	887	29
46	0	730	29
47	0	1304	29
49	0	678	29
49	0	2087	30
51	0	1878	29
52	0	2035	29
53	0	730	29
53	0	1982	30
55	0	834	29
56	0	1513	29
57	0	521	29
57	0	1148	30
58	0	782	29
58	0	1826	30
59	0	782	29
59	0	2139	30
60	0	2087	29
61	0	782	29
62	0	574	29
62	0	2087	30
63	0	417	29
64	0	1982	29
65	0	991	29
66	0	1252	29
67	0	1043	29
67	0	2295	30
68	0	1669	29
69	0	1095	29
70	0	939	29
71	0	1148	29
73	0	1930	29
74	0	1826	29
75	0	678	29
76	0	1513	29
77	0	1930	29
79	0	1148	29
80	0	730	29
81	0	887	29
82	0	1252	29
83	0	1252	29
84	0	782	29
86	0	1461	29
87	0	574	29
87	0	1826	30
88	0	991	29
89	0	1043	29
90	0	1461	29
91	0	939	29
92	0	574	29
93	0	1513	29
94	0	2139	29
95	0	1774	29
96	0	1148	29
97	0	1461	29
98	0	1826	29
99	0	1356	29
100	0	2035	29
101	0	887	29
102	0	834	29
103	0	1200	29
104	0	626	29
104	0	2295	30
106	0	939	29
106	0	1982	30
107	0	574	29
107	0	2139	30
108	0	678	29
109	0	1513	29
110	0	626	29
110	0	1878	30
111	0	887	29
112	0	1043	29
113	0	574	29
114	0	887	29
115	0	1513	29
116	0	1617	29
117	0	1669	29
118	0	1200	29
119	0	1252	29
120	0	1200	29
121	0	1565	29
122	0	678	29
122	0	1043	30
123	0	2139	29
124	0	678	29
125	0	730	29
125	0	1982	30
126	0	574	29
127	0	626	29
127	0	2191	30
128	0	574	29
128	0	2191	30
129	0	1304	29
130	0	417	29
131	0	887	29
131	0	2139	30
132	0	574	29
133	0	887	29
134	0	1252	29
135	0	678	29
136	0	521	29
136	0	1148	30
137	0	1043	29
138	0	574	29
138	0	1826	30
139	0	678	29
139	0	1826	30
140	0	2035	29
141	0	626	29
141	0	1148	30
142	0	1252	29
143	0	1304	29
145	0	1252	29
146	0	730	29
147	0	887	29
148	0	1513	29
149	0	574	29
149	0	1826	30
150	0	626	29
151	0	417	29
152	0	782	29
152	0	2087	30
153	0	1408	29
154	0	678	29
154	0	1930	30
155	0	521	29
155	0	2191	30
156	0	626	29
156	0	2035	30
158	0	834	29
158	0	2087	30
159	0	574	29
159	0	1878	30
160	0	1095	29
161	0	1930	29
162	0	1200	29
163	0	1669	29
164	0	782	29
165	0	834	29
166	0	1982	29
167	0	1617	29
169	0	626	29
170	0	574	29
170	0	1826	30
171	0	1826	29
172	0	1148	29
173	0	1408	29
174	0	1148	29
175	0	834	29
175	0	2243	30
176	0	626	29
178	0	2295	29
179	0	782	29
181	0	574	29
182	0	417	29
183	0	678	29
184	0	1669	29
185	0	782	29
185	0	2139	30
187	0	1148	29
188	0	1826	29
189	0	1043	29
189	0	2243	30
190	0	1200	29
191	0	678	29
192	0	782	29
193	0	939	29
194	0	2035	29
196	0	521	29
196	0	1148	30
198	0	887	29
198	0	2191	30
199	0	521	29
199	0	1148	30
200	0	1200	29
201	0	1930	29
202	0	1200	29
203	0	1043	29
204	0	834	29
205	0	1461	29
206	0	521	29
206	0	1148	30
207	0	626	29
207	0	2191	30
208	0	626	29
210	0	834	29
211	0	1669	29
212	0	1200	29
213	0	1826	29
215	0	1304	29
216	0	2191	29
217	0	1148	29
218	0	991	29
220	0	1826	29
221	0	1043	29
222	0	1930	29
223	0	2035	29
224	0	1252	29
225	0	574	29
225	0	1826	30
226	0	574	29
226	0	1930	30
227	0	939	29
228	0	626	29
228	0	1878	30
229	0	1043	29
230	0	574	29
231	0	574	29
232	0	574	29
232	0	1982	30
233	0	1252	29
235	0	1774	29
236	0	1878	29
239	0	1408	29
240	0	626	29
240	0	2035	30
241	0	991	29
242	0	939	29
242	0	2191	30
243	0	521	29
243	0	1148	30
244	0	678	29
245	0	1461	29
248	0	521	29
249	0	574	29
250	0	574	29
250	0	1826	30
251	0	887	29
252	0	2087	29
253	0	1356	29
255	0	1252	29
256	0	1095	29
257	0	1304	29
258	0	626	29
258	0	991	30
259	0	574	29
260	0	730	29
262	0	1095	29
264	0	678	29
265	0	678	29
266	0	939	29
267	0	574	29
268	0	1043	29
269	0	678	29
269	0	1930	30
270	0	991	29
271	0	782	29
271	0	2243	30
272	0	626	29
272	0	1878	30
274	0	1461	29
275	0	2191	29
277	0	1982	29
278	0	1669	29
279	0	1304	29
280	0	1774	29
282	0	1982	29
283	0	1200	29
284	0	574	29
284	0	1826	30
285	0	1148	29
286	0	521	29
286	0	1982	30
287	0	1408	29
288	0	834	29
289	0	2243	29
291	0	991	29
292	0	1826	29
293	0	574	29
293	0	1826	30
294	0	678	29
295	0	1356	29
296	0	678	29
297	0	2139	29
298	0	1148	29
299	0	574	29
300	0	1774	29
301	0	521	29
302	0	626	29
303	0	574	29
303	0	1826	30
304	0	521	29
306	0	574	29
307	0	1930	29
308	0	417	29
309	0	574	29
309	0	1826	30
310	0	782	29
310	0	1982	30
311	0	2087	29
312	0	1461	29
313	0	1461	29
314	0	1669	29
315	0	991	29
317	0	1252	29
318	0	2035	29
319	0	2035	29
320	0	1408	29
321	0	626	29
322	0	521	29
323	0	2035	29
324	0	1408	29
325	0	1304	29
326	0	626	29
327	0	1095	29
328	0	1826	29
329	0	1669	29
330	0	1043	29
331	0	678	29
332	0	834	29
333	0	574	29
334	0	1356	29
335	0	574	29
336	0	678	29
336	0	2191	30
337	0	1565	29
338	0	1982	29
339	0	730	29
340	0	1252	29
341	0	1200	29
342	0	574	29
342	0	1826	30
343	0	574	29
343	0	2035	30
344	0	2243	29
345	0	939	29
345	0	2191	30
346	0	417	29
346	0	1982	30
347	0	782	29
348	0	678	29
349	0	678	29
349	0	1826	30
350	0	2295	29
351	0	887	29
352	0	834	29
353	0	678	29
354	0	521	29
354	0	1148	30
355	0	730	29
356	0	1148	29
357	0	887	29
358	0	1148	29
360	0	1878	29
361	0	887	29
361	0	2191	30
362	0	2191	29
364	0	574	29
365	0	2295	29
366	0	991	29
367	0	626	29
368	0	574	29
368	0	1826	30
369	0	782	29
369	0	2295	30
371	0	730	29
372	0	1200	29
374	0	1722	29
375	0	1408	29
376	0	887	29
377	0	1356	29
378	0	1408	29
379	0	1043	29
380	0	1826	29
381	0	834	29
382	0	730	29
383	0	1930	29
384	0	834	29
385	0	1043	29
386	0	417	29
387	0	782	29
387	0	1878	30
388	0	2139	29
389	0	626	29
390	0	574	29
391	0	626	29
391	0	2243	30
392	0	1826	29
393	0	521	29
394	0	939	29
395	0	991	29
396	0	574	29
396	0	1826	30
397	0	1252	29
398	0	2139	29
399	0	574	29
400	0	834	29
401	0	2295	29
402	0	939	29
403	0	2087	29
404	0	1095	29
405	0	1461	29
406	0	782	29
407	0	1200	29
409	0	1617	29
410	0	1722	29
411	0	574	29
411	0	1826	30
412	0	730	29
412	0	1095	30
413	0	574	29
413	0	1826	30
414	0	730	29
414	0	2243	30
415	0	678	29
416	0	1878	29
417	0	678	29
418	0	834	29
418	0	2087	30
419	0	521	29
419	0	1148	30
420	0	1200	29
421	0	2087	29
422	0	1930	29
423	0	1148	29
424	0	626	29
424	0	1043	30
425	0	991	29
426	0	1148	29
427	0	2139	29
428	0	678	29
429	0	417	29
430	0	730	29
431	0	521	29
431	0	1148	30
432	0	834	29
432	0	1982	30
433	0	939	29
434	0	782	29
434	0	1826	30
435	0	521	29
435	0	2035	30
436	0	574	29
436	0	1826	30
437	0	626	29
438	0	417	29
439	0	1722	29
440	0	730	29
442	0	1095	29
445	0	574	29
446	0	1774	29
447	0	1774	29
448	0	2295	29
449	0	2295	29
451	0	1043	29
451	0	2191	30
452	0	834	29
453	0	574	29
453	0	1826	30
454	0	1774	29
455	0	1200	29
456	0	1461	29
457	0	1148	29
459	0	417	29
460	0	574	29
461	0	626	29
462	0	1148	29
463	0	887	29
463	0	1982	30
464	0	1148	29
465	0	626	29
466	0	678	29
467	0	626	29
468	0	574	29
469	0	521	29
469	0	1148	30
470	0	2087	29
471	0	1774	29
472	0	834	29
473	0	1043	29
474	0	678	29
474	0	2243	30
475	0	1826	29
476	0	1669	29
478	0	1304	29
480	0	1774	29
481	0	730	29
481	0	1982	30
482	0	887	29
484	0	2035	29
485	0	1356	29
486	0	1356	29
487	0	678	29
488	0	1408	29
489	0	574	29
489	0	1826	30
490	0	1095	29
490	0	2243	30
491	0	887	29
492	0	1148	29
492	0	2243	30
494	0	521	29
495	0	1095	29
496	0	1043	29
496	0	2243	30
497	0	626	29
498	0	730	29
499	0	834	29
500	0	574	29
500	0	1826	30
501	0	1461	29
502	0	1095	29
503	0	574	29
503	0	1826	30
505	0	1565	29
506	0	1304	29
507	0	2087	29
508	0	678	29
508	0	1826	30
510	0	2087	29
512	0	1095	29
513	0	1095	29
514	0	834	29
515	0	574	29
515	0	2139	30
516	0	1461	29
517	0	1356	29
518	0	1200	29
519	0	730	29
519	0	2191	30
520	0	939	29
521	0	626	29
521	0	1878	30
522	0	1043	29
522	0	2139	30
523	0	730	29
524	0	2295	29
525	0	730	29
525	0	1982	30
526	0	1982	29
527	0	574	29
528	0	574	29
529	0	626	29
529	0	1043	30
530	0	1304	29
531	0	1148	29
532	0	1304	29
533	0	2139	29
534	0	626	29
534	0	1095	30
535	0	2295	29
536	0	1513	29
537	0	1043	29
538	0	678	29
539	0	626	29
539	0	991	30
540	0	2087	29
541	0	626	29
542	0	1200	29
543	0	1252	29
544	0	730	29
544	0	2035	30
546	0	1200	29
547	0	887	29
547	0	2087	30
548	0	1722	29
549	0	1356	29
550	0	678	29
550	0	1095	30
551	0	626	29
551	0	1878	30
552	0	1513	29
553	0	1148	29
554	0	521	29
554	0	1148	30
555	0	521	29
555	0	1148	30
556	0	991	29
557	0	2087	29
558	0	417	29
559	0	1043	29
560	0	1826	29
561	0	1461	29
562	0	1148	29
563	0	1043	29
564	0	1617	29
565	0	730	29
565	0	1043	30
566	0	574	29
567	0	782	29
568	0	678	29
568	0	1148	30
569	0	1148	29
570	0	1356	29
571	0	521	29
572	0	1774	29
574	0	991	29
575	0	521	29
575	0	1148	30
576	0	1304	29
577	0	626	29
577	0	991	30
578	0	1356	29
581	0	1252	29
582	0	1095	29
583	0	678	29
583	0	991	30
584	0	626	29
585	0	574	29
585	0	1826	30
586	0	991	29
587	0	521	29
587	0	1148	30
588	0	887	29
589	0	834	29
590	0	678	29
591	0	1774	29
593	0	1930	29
594	0	1304	29
595	0	678	29
595	0	1930	30
596	0	991	29
597	0	1461	29
598	0	521	29
599	0	574	29
600	0	1878	29
601	0	730	29
602	0	1722	29
603	0	939	29
604	0	1148	29
605	0	1304	29
606	0	991	29
606	0	2295	30
607	0	626	29
607	0	2295	30
608	0	834	29
610	0	2295	29
611	0	1148	29
612	0	1200	29
613	0	1669	29
614	0	1200	29
615	0	1200	29
616	0	1200	29
617	0	1982	29
619	0	1513	29
620	0	678	29
621	0	1095	29
622	0	574	29
623	0	1565	29
624	0	782	29
625	0	1200	29
626	0	887	29
627	0	887	29
628	0	939	29
629	0	1774	29
630	0	1148	29
631	0	991	29
631	0	2243	30
632	0	574	29
632	0	2191	30
633	0	1826	29
634	0	1304	29
635	0	1513	29
638	0	1930	29
639	0	730	29
639	0	1930	30
640	0	2035	29
641	0	991	29
642	0	1408	29
644	0	834	29
645	0	1148	29
646	0	626	29
646	0	1878	30
648	0	1095	29
649	0	834	29
650	0	1774	29
651	0	834	29
652	0	991	29
653	0	887	29
654	0	1148	29
655	0	1043	29
656	0	939	29
657	0	887	29
658	0	834	29
658	0	1982	30
659	0	1148	29
660	0	2035	29
661	0	626	29
662	0	991	29
663	0	1252	29
664	0	730	29
664	0	2035	30
665	0	782	29
666	0	626	29
667	0	678	29
668	0	1304	29
669	0	1148	29
670	0	1252	29
672	0	1252	29
673	0	1200	29
674	0	1095	29
675	0	1148	29
676	0	574	29
676	0	1826	30
677	0	991	29
678	0	678	29
679	0	1565	29
680	0	1148	29
681	0	1669	29
682	0	678	29
683	0	1461	29
684	0	1095	29
685	0	834	29
686	0	730	29
687	0	1669	29
688	0	1408	29
689	0	1304	29
690	0	939	29
691	0	678	29
691	0	2035	30
692	0	939	29
692	0	2191	30
693	0	417	29
693	0	2191	30
694	0	887	29
695	0	521	29
696	0	1669	29
697	0	626	29
697	0	2243	30
698	0	1774	29
699	0	939	29
700	0	991	29
701	0	1043	29
702	0	939	29
703	0	782	29
703	0	2087	30
705	0	1304	29
706	0	574	29
707	0	730	29
708	0	1200	29
709	0	834	29
709	0	2139	30
710	0	887	29
711	0	1200	29
712	0	1148	29
714	0	678	29
715	0	1095	29
716	0	574	29
716	0	1826	30
717	0	1148	29
718	0	782	29
718	0	2087	30
719	0	1565	29
720	0	2243	29
721	0	1095	29
722	0	469	29
722	0	1095	30
723	0	417	29
724	0	1982	29
725	0	782	29
726	0	991	29
727	0	1617	29
728	0	1982	29
729	0	782	29
730	0	1095	29
731	0	574	29
732	0	834	29
733	0	626	29
734	0	678	29
734	0	2139	30
735	0	2035	29
736	0	1461	29
737	0	678	29
737	0	2191	30
738	0	678	29
738	0	1982	30
739	0	1200	29
741	0	834	29
742	0	574	29
742	0	1826	30
743	0	626	29
743	0	2295	30
744	0	1200	29
745	0	1878	29
746	0	417	29
747	0	1095	29
748	0	2139	29
749	0	2087	29
750	0	939	29
752	0	1148	29
753	0	730	29
753	0	1982	30
754	0	574	29
755	0	574	29
756	0	730	29
756	0	1878	30
757	0	1930	29
758	0	574	29
759	0	1617	29
760	0	1043	29
761	0	1043	29
762	0	1043	29
763	0	1304	29
765	0	730	29
766	0	782	29
767	0	1304	29
768	0	1669	29
769	0	1930	29
770	0	2035	29
771	0	1304	29
772	0	1774	29
773	0	1565	29
774	0	678	29
774	0	1878	30
775	0	1826	29
776	0	574	29
776	0	1826	30
777	0	2139	29
778	0	887	29
779	0	417	29
780	0	1826	29
781	0	782	29
781	0	2191	30
782	0	887	29
783	0	1722	29
784	0	678	29
785	0	730	29
786	0	2035	29
787	0	1513	29
788	0	730	29
789	0	1200	29
790	0	1095	29
791	0	1826	29
792	0	834	29
793	0	574	29
793	0	2191	30
794	0	521	29
795	0	1878	29
796	0	1617	29
797	0	782	29
798	0	1200	29
800	0	1565	29
801	0	1461	29
802	0	887	29
803	0	887	29
803	0	1930	30
804	0	1043	29
806	0	1513	29
807	0	626	29
807	0	991	30
808	0	2139	29
809	0	1930	29
810	0	574	29
810	0	2243	30
811	0	626	29
812	0	782	29
812	0	2087	30
813	0	1304	29
814	0	2295	29
815	0	521	29
816	0	1200	29
817	0	2243	29
818	0	939	29
819	0	1774	29
820	0	1826	29
821	0	1252	29
822	0	521	29
823	0	626	29
823	0	991	30
824	0	1148	29
825	0	1148	29
826	0	1095	29
827	0	1982	29
828	0	1252	29
829	0	1982	29
830	0	1461	29
831	0	939	29
831	0	2035	30
832	0	834	29
832	0	1826	30
833	0	1304	29
834	0	678	29
834	0	2035	30
835	0	991	29
836	0	2139	29
837	0	1565	29
838	0	417	29
838	0	2087	30
839	0	1408	29
840	0	521	29
840	0	1148	30
841	0	782	29
842	0	1095	29
843	0	626	29
843	0	1148	30
844	0	1617	29
845	0	1356	29
846	0	1513	29
847	0	1356	29
848	0	469	29
848	0	1095	30
849	0	2243	29
850	0	521	29
850	0	1826	30
853	0	1878	29
854	0	1200	29
855	0	782	29
856	0	991	29
857	0	1722	29
858	0	991	29
860	0	1878	29
861	0	730	29
862	0	1669	29
863	0	782	29
864	0	574	29
864	0	1826	30
865	0	678	29
866	0	574	29
867	0	1148	29
868	0	730	29
869	0	417	29
870	0	1148	29
871	0	1200	29
873	0	574	29
873	0	1826	30
875	0	417	29
876	0	678	29
877	0	574	29
877	0	1826	30
878	0	1408	29
879	0	1043	29
880	0	626	29
880	0	2035	30
882	0	1356	29
883	0	2035	29
884	0	730	29
885	0	678	29
885	0	1826	30
886	0	1513	29
887	0	887	29
888	0	2139	29
889	0	1513	29
890	0	1252	29
891	0	834	29
892	0	1669	29
893	0	782	29
894	0	834	29
895	0	1200	29
896	0	626	29
897	0	730	29
898	0	782	29
898	0	1930	30
899	0	626	29
899	0	1930	30
900	0	1200	29
901	0	574	29
902	0	1095	29
902	0	2191	30
903	0	626	29
903	0	2087	30
905	0	1461	29
906	0	626	29
907	0	2243	29
908	0	730	29
909	0	2035	29
910	0	1200	29
911	0	2139	29
912	0	834	29
913	0	1356	29
914	0	1095	29
915	0	1356	29
916	0	626	29
917	0	782	29
918	0	1200	29
919	0	1669	29
920	0	1617	29
922	0	1043	29
923	0	1408	29
924	0	834	29
924	0	1982	30
925	0	678	29
926	0	834	29
926	0	2191	30
927	0	1043	29
929	0	678	29
931	0	574	29
931	0	1826	30
932	0	1252	29
933	0	1252	29
934	0	1200	29
935	0	417	29
936	0	1252	29
937	0	1826	29
938	0	1252	29
939	0	1669	29
940	0	1095	29
940	0	2191	30
941	0	626	29
941	0	1930	30
942	0	574	29
942	0	1826	30
944	0	887	29
946	0	417	29
947	0	678	29
947	0	1095	30
948	0	678	29
949	0	469	29
949	0	1095	30
950	0	626	29
953	0	626	29
954	0	574	29
954	0	2087	30
956	0	1930	29
957	0	417	29
958	0	1826	29
960	0	939	29
961	0	834	29
962	0	2035	29
963	0	678	29
964	0	834	29
964	0	1930	30
965	0	1200	29
966	0	521	29
968	0	834	29
969	0	939	29
971	0	887	29
972	0	521	29
972	0	1148	30
973	0	834	29
974	0	939	29
975	0	1356	29
976	0	991	29
976	0	2139	30
977	0	2243	29
978	0	782	29
979	0	1356	29
980	0	1982	29
981	0	1095	29
982	0	834	29
983	0	521	29
984	0	1252	29
985	0	1200	29
987	0	1722	29
988	0	834	29
989	0	574	29
990	0	1826	29
994	0	2139	29
995	0	574	29
996	0	1356	29
998	0	991	29
998	0	1982	30
999	0	1617	29
0	1	626	29
0	1	991	30
1	1	626	29
1	1	991	30
2	1	782	29
3	1	1200	29
4	1	782	29
4	1	2035	30
5	1	678	29
6	1	834	29
7	1	1148	29
8	1	991	29
8	1	2035	30
10	1	521	29
12	1	1930	29
13	1	1826	29
14	1	469	29
15	1	730	29
16	1	678	29
17	1	574	29
18	1	678	29
19	1	1878	29
20	1	782	29
21	1	574	29
22	1	1148	29
23	1	678	29
24	1	678	29
24	1	2243	30
25	1	1565	29
26	1	939	29
27	1	626	29
28	1	991	29
28	1	2035	30
29	1	1513	29
30	1	1304	29
31	1	782	29
32	1	1148	29
33	1	1043	29
34	1	1095	29
35	1	730	29
35	1	2243	30
36	1	730	29
37	1	991	29
38	1	887	29
39	1	834	29
40	1	574	29
40	1	1826	30
41	1	1043	29
42	1	1043	29
43	1	417	29
45	1	887	29
46	1	730	29
47	1	1304	29
49	1	678	29
49	1	2087	30
51	1	1878	29
52	1	2035	29
53	1	730	29
53	1	1982	30
55	1	834	29
56	1	1513	29
57	1	521	29
57	1	1148	30
58	1	782	29
58	1	1826	30
59	1	782	29
59	1	887	21
59	1	2139	30
60	1	2087	29
61	1	782	29
62	1	574	29
62	1	2087	30
63	1	417	29
64	1	1982	29
65	1	991	29
66	1	1252	29
67	1	1043	29
67	1	2295	30
68	1	1669	29
69	1	1095	29
70	1	939	29
71	1	1148	29
73	1	1930	29
74	1	1826	29
75	1	678	29
76	1	1513	29
77	1	1930	29
79	1	1148	29
80	1	730	29
81	1	887	29
82	1	1252	29
83	1	1252	29
84	1	782	29
86	1	1461	29
87	1	574	29
87	1	1826	30
88	1	991	29
89	1	1043	29
90	1	1461	29
91	1	939	29
92	1	574	29
93	1	1513	29
94	1	2139	29
95	1	1774	29
96	1	1148	29
97	1	1461	29
98	1	1826	29
99	1	1356	29
100	1	2035	29
101	1	887	29
102	1	834	29
103	1	1200	29
104	1	626	29
104	1	2295	30
106	1	939	29
106	1	1982	30
107	1	574	29
107	1	2139	30
108	1	678	29
109	1	1513	29
110	1	626	29
110	1	1878	30
111	1	887	29
112	1	1043	29
113	1	574	29
114	1	887	29
115	1	1513	29
116	1	1617	29
117	1	1669	29
118	1	1200	29
119	1	1252	29
120	1	1200	29
121	1	1565	29
122	1	678	29
122	1	1043	30
123	1	2139	29
124	1	678	29
125	1	730	29
125	1	1982	30
126	1	574	29
127	1	626	29
127	1	2191	30
128	1	574	29
128	1	2191	30
129	1	1304	29
130	1	417	29
131	1	887	29
131	1	2139	30
132	1	574	29
133	1	887	29
134	1	1252	29
135	1	678	29
136	1	521	29
136	1	1148	30
137	1	1043	29
138	1	574	29
138	1	1826	30
139	1	678	29
139	1	1826	30
140	1	2035	29
141	1	626	29
141	1	1148	30
142	1	1252	29
143	1	1304	29
145	1	1252	29
146	1	730	29
147	1	887	29
148	1	1513	29
149	1	574	29
149	1	1826	30
150	1	626	29
151	1	417	29
152	1	782	29
152	1	2087	30
153	1	1408	29
154	1	678	29
154	1	1930	30
155	1	521	29
155	1	2191	30
156	1	626	29
156	1	2035	30
158	1	834	29
158	1	2087	30
159	1	574	29
159	1	1878	30
160	1	1095	29
161	1	1930	29
162	1	1200	29
163	1	1669	29
164	1	782	29
165	1	834	29
166	1	1982	29
167	1	1617	29
169	1	626	29
170	1	574	29
170	1	1826	30
171	1	1826	29
172	1	1148	29
173	1	1408	29
174	1	1148	29
175	1	834	29
175	1	2243	30
176	1	626	29
178	1	2295	29
179	1	782	29
181	1	574	29
182	1	417	29
183	1	678	29
184	1	1669	29
185	1	782	29
185	1	2139	30
187	1	1148	29
188	1	1826	29
189	1	1043	29
189	1	2243	30
190	1	1200	29
191	1	678	29
192	1	782	29
193	1	939	29
194	1	2035	29
196	1	521	29
196	1	1148	30
198	1	887	29
198	1	2191	30
199	1	521	29
199	1	1148	30
200	1	1200	29
201	1	1930	29
202	1	1200	29
203	1	1043	29
204	1	834	29
205	1	1461	29
206	1	521	29
206	1	1148	30
207	1	626	29
207	1	2191	30
208	1	626	29
210	1	834	29
210	1	887	21
211	1	1669	29
212	1	1200	29
213	1	1826	29
215	1	1304	29
216	1	2191	29
217	1	1148	29
218	1	991	29
220	1	1826	29
221	1	1043	29
222	1	1930	29
223	1	2035	29
224	1	1252	29
225	1	574	29
225	1	1826	30
226	1	574	29
226	1	1930	30
227	1	939	29
228	1	626	29
228	1	1878	30
229	1	1043	29
229	1	1095	21
230	1	574	29
231	1	574	29
232	1	574	29
232	1	1982	30
233	1	1252	29
235	1	1774	29
236	1	1878	29
239	1	1408	29
240	1	626	29
240	1	2035	30
241	1	991	29
242	1	939	29
242	1	2191	30
243	1	521	29
243	1	1148	30
244	1	678	29
245	1	1461	29
248	1	521	29
249	1	574	29
250	1	574	29
250	1	1826	30
251	1	887	29
252	1	2087	29
253	1	1356	29
255	1	1252	29
256	1	1095	29
257	1	1304	29
258	1	626	29
258	1	991	30
259	1	574	29
260	1	730	29
262	1	1095	29
264	1	678	29
265	1	678	29
266	1	939	29
267	1	574	29
268	1	1043	29
269	1	678	29
269	1	1930	30
270	1	991	29
271	1	782	29
271	1	2243	30
272	1	626	29
272	1	1878	30
274	1	1461	29
275	1	2191	29
277	1	1982	29
278	1	1669	29
279	1	1304	29
280	1	1774	29
282	1	1982	29
283	1	1200	29
284	1	574	29
284	1	1826	30
285	1	1148	29
286	1	521	29
286	1	1982	30
287	1	1408	29
288	1	834	29
289	1	2243	29
291	1	991	29
292	1	1826	29
293	1	574	29
293	1	1826	30
294	1	678	29
295	1	1356	29
296	1	678	29
297	1	2139	29
298	1	1148	29
299	1	574	29
300	1	1774	29
301	1	521	29
302	1	626	29
303	1	574	29
303	1	1826	30
304	1	521	29
306	1	574	29
307	1	1930	29
308	1	417	29
309	1	574	29
309	1	1826	30
310	1	782	29
310	1	1982	30
311	1	2087	29
312	1	1461	29
313	1	1461	29
314	1	1669	29
315	1	991	29
317	1	1252	29
318	1	2035	29
319	1	2035	29
320	1	1408	29
321	1	626	29
322	1	521	29
323	1	2035	29
324	1	1408	29
325	1	1304	29
326	1	626	29
327	1	1095	29
328	1	1826	29
329	1	1669	29
330	1	1043	29
331	1	678	29
332	1	834	29
333	1	574	29
334	1	1356	29
335	1	574	29
336	1	678	29
336	1	2191	30
337	1	1565	29
338	1	1982	29
339	1	730	29
340	1	1252	29
341	1	1200	29
342	1	574	29
342	1	1826	30
343	1	574	29
343	1	2035	30
344	1	2243	29
345	1	939	29
345	1	2191	30
346	1	417	29
346	1	1982	30
347	1	782	29
348	1	678	29
349	1	678	29
349	1	1826	30
350	1	2295	29
351	1	887	29
352	1	834	29
353	1	678	29
354	1	521	29
354	1	1148	30
355	1	730	29
356	1	1148	29
357	1	887	29
358	1	1148	29
360	1	1878	29
361	1	887	29
361	1	2191	30
362	1	2191	29
364	1	574	29
365	1	2295	29
366	1	991	29
367	1	626	29
368	1	574	29
368	1	1826	30
369	1	782	29
369	1	2295	30
371	1	730	29
372	1	1200	29
374	1	1722	29
375	1	1408	29
376	1	887	29
377	1	1356	29
378	1	1408	29
379	1	1043	29
380	1	1826	29
381	1	834	29
382	1	730	29
383	1	1930	29
384	1	834	29
385	1	1043	29
386	1	417	29
387	1	782	29
387	1	1878	30
388	1	2139	29
389	1	626	29
390	1	574	29
391	1	626	29
391	1	2243	30
392	1	1826	29
393	1	521	29
394	1	939	29
395	1	991	29
396	1	574	29
396	1	1826	30
397	1	1252	29
398	1	2139	29
399	1	574	29
400	1	834	29
401	1	2295	29
402	1	939	29
403	1	2087	29
404	1	1095	29
405	1	1461	29
406	1	782	29
407	1	1200	29
409	1	1617	29
410	1	1722	29
411	1	574	29
411	1	1826	30
412	1	730	29
412	1	1095	30
413	1	574	29
413	1	1826	30
414	1	730	29
414	1	2243	30
415	1	678	29
416	1	1878	29
417	1	678	29
418	1	834	29
418	1	2087	30
419	1	521	29
419	1	1148	30
420	1	1200	29
421	1	2087	29
422	1	1930	29
423	1	1148	29
424	1	626	29
424	1	1043	30
425	1	991	29
426	1	1148	29
427	1	2139	29
428	1	678	29
429	1	417	29
430	1	730	29
431	1	521	29
431	1	1148	30
432	1	834	29
432	1	1982	30
433	1	939	29
434	1	782	29
434	1	1826	30
435	1	521	29
435	1	2035	30
436	1	574	29
436	1	1826	30
437	1	626	29
438	1	417	29
439	1	1722	29
440	1	730	29
442	1	1095	29
445	1	574	29
446	1	1774	29
447	1	1774	29
448	1	2295	29
449	1	2295	29
451	1	1043	29
451	1	2191	30
452	1	834	29
452	1	887	21
453	1	574	29
453	1	1826	30
454	1	1774	29
455	1	1200	29
456	1	1461	29
457	1	1148	29
459	1	417	29
460	1	574	29
461	1	626	29
462	1	1148	29
463	1	887	29
463	1	1982	30
464	1	1148	29
465	1	626	29
466	1	678	29
467	1	626	29
468	1	574	29
469	1	521	29
469	1	1148	30
470	1	2087	29
471	1	1774	29
472	1	834	29
473	1	1043	29
474	1	678	29
474	1	2243	30
475	1	1826	29
476	1	1669	29
478	1	1304	29
480	1	1774	29
481	1	730	29
481	1	1982	30
482	1	887	29
484	1	2035	29
485	1	1356	29
486	1	1356	29
487	1	678	29
487	1	730	21
488	1	1408	29
489	1	574	29
489	1	1826	30
490	1	1095	29
490	1	2243	30
491	1	887	29
492	1	1148	29
492	1	2243	30
494	1	521	29
495	1	1095	29
496	1	1043	29
496	1	1095	21
496	1	2243	30
497	1	626	29
498	1	730	29
499	1	834	29
500	1	574	29
500	1	1826	30
501	1	1461	29
502	1	1095	29
503	1	574	29
503	1	1826	30
505	1	1565	29
506	1	1304	29
507	1	2087	29
508	1	678	29
508	1	1826	30
510	1	2087	29
512	1	1095	29
513	1	1095	29
514	1	834	29
515	1	574	29
515	1	2139	30
516	1	1461	29
517	1	1356	29
518	1	1200	29
519	1	730	29
519	1	2191	30
520	1	939	29
521	1	626	29
521	1	1878	30
522	1	1043	29
522	1	2139	30
523	1	730	29
524	1	2295	29
525	1	730	29
525	1	1982	30
526	1	1982	29
527	1	574	29
528	1	574	29
529	1	626	29
529	1	1043	30
530	1	1304	29
531	1	1148	29
532	1	1304	29
533	1	2139	29
534	1	626	29
534	1	1095	30
535	1	2295	29
536	1	1513	29
537	1	1043	29
538	1	678	29
539	1	626	29
539	1	991	30
540	1	2087	29
541	1	626	29
542	1	1200	29
543	1	1252	29
544	1	730	29
544	1	2035	30
546	1	1200	29
547	1	887	29
547	1	2087	30
548	1	1722	29
549	1	1356	29
550	1	678	29
550	1	1095	30
551	1	626	29
551	1	1878	30
552	1	1513	29
553	1	1148	29
554	1	521	29
554	1	1148	30
555	1	521	29
555	1	1148	30
556	1	991	29
557	1	2087	29
558	1	417	29
559	1	1043	29
560	1	1826	29
561	1	1461	29
562	1	1148	29
563	1	1043	29
564	1	1617	29
565	1	730	29
565	1	1043	30
566	1	574	29
567	1	782	29
568	1	678	29
568	1	1148	30
569	1	1148	29
570	1	1356	29
571	1	521	29
572	1	1774	29
574	1	991	29
575	1	521	29
575	1	1148	30
576	1	1304	29
577	1	626	29
577	1	991	30
578	1	1356	29
581	1	1252	29
582	1	1095	29
583	1	678	29
583	1	991	30
584	1	626	29
585	1	574	29
585	1	1826	30
586	1	991	29
587	1	521	29
587	1	1148	30
588	1	887	29
589	1	834	29
590	1	678	29
591	1	1774	29
593	1	1930	29
594	1	1304	29
595	1	678	29
595	1	1930	30
596	1	991	29
597	1	1461	29
598	1	521	29
599	1	574	29
600	1	1878	29
601	1	730	29
602	1	1722	29
603	1	939	29
604	1	1148	29
605	1	1304	29
606	1	991	29
606	1	2295	30
607	1	626	29
607	1	2295	30
608	1	834	29
610	1	2295	29
611	1	1148	29
612	1	1200	29
613	1	1669	29
614	1	1200	29
615	1	1200	29
616	1	1200	29
617	1	1982	29
619	1	1513	29
620	1	678	29
621	1	1095	29
622	1	574	29
623	1	1565	29
624	1	782	29
624	1	887	21
625	1	1200	29
626	1	887	29
627	1	887	29
628	1	939	29
629	1	1774	29
630	1	1148	29
631	1	991	29
631	1	2243	30
632	1	574	29
632	1	2191	30
633	1	1826	29
634	1	1304	29
635	1	1513	29
638	1	1930	29
639	1	730	29
639	1	1930	30
640	1	2035	29
641	1	991	29
642	1	1408	29
644	1	834	29
645	1	1148	29
646	1	626	29
646	1	1878	30
648	1	1095	29
649	1	834	29
650	1	1774	29
651	1	834	29
652	1	991	29
653	1	887	29
654	1	1148	29
655	1	1043	29
656	1	939	29
657	1	887	29
658	1	834	29
658	1	1982	30
659	1	1148	29
660	1	2035	29
661	1	626	29
662	1	991	29
663	1	1252	29
664	1	730	29
664	1	2035	30
665	1	782	29
666	1	626	29
667	1	678	29
668	1	1304	29
669	1	1148	29
670	1	1252	29
672	1	1252	29
673	1	1200	29
674	1	1095	29
675	1	1148	29
676	1	574	29
676	1	1826	30
677	1	991	29
678	1	678	29
679	1	1565	29
680	1	1148	29
681	1	1669	29
682	1	678	29
683	1	1461	29
684	1	1095	29
685	1	834	29
686	1	730	29
687	1	1669	29
688	1	1408	29
689	1	1304	29
690	1	939	29
691	1	678	29
691	1	2035	30
692	1	939	29
692	1	2191	30
693	1	417	29
693	1	2191	30
694	1	887	29
695	1	521	29
696	1	1669	29
697	1	626	29
697	1	2243	30
698	1	1774	29
699	1	939	29
700	1	991	29
701	1	1043	29
702	1	939	29
703	1	782	29
703	1	2087	30
705	1	1304	29
706	1	574	29
707	1	730	29
708	1	1200	29
709	1	834	29
709	1	2139	30
710	1	887	29
711	1	1200	29
712	1	1148	29
714	1	678	29
715	1	1095	29
716	1	574	29
716	1	1826	30
717	1	1148	29
718	1	782	29
718	1	887	21
718	1	2087	30
719	1	1565	29
720	1	2243	29
721	1	1095	29
722	1	469	29
722	1	1095	30
723	1	417	29
724	1	1982	29
725	1	782	29
726	1	991	29
727	1	1617	29
728	1	1982	29
729	1	782	29
730	1	1095	29
731	1	574	29
732	1	834	29
733	1	626	29
734	1	678	29
734	1	2139	30
735	1	2035	29
736	1	1461	29
737	1	678	29
737	1	2191	30
738	1	678	29
738	1	1982	30
739	1	1200	29
741	1	834	29
742	1	574	29
742	1	1826	30
743	1	626	29
743	1	2295	30
744	1	1200	29
745	1	1878	29
746	1	417	29
747	1	1095	29
748	1	2139	29
749	1	2087	29
750	1	939	29
752	1	1148	29
753	1	730	29
753	1	1982	30
754	1	574	29
755	1	574	29
756	1	730	29
756	1	1878	30
757	1	1930	29
758	1	574	29
759	1	1617	29
760	1	1043	29
761	1	1043	29
762	1	991	21
762	1	1043	29
763	1	1304	29
765	1	730	29
766	1	782	29
767	1	1304	29
768	1	1669	29
769	1	1930	29
770	1	2035	29
771	1	1304	29
772	1	1774	29
773	1	1565	29
774	1	678	29
774	1	1878	30
775	1	1826	29
776	1	574	29
776	1	1826	30
777	1	2139	29
778	1	887	29
779	1	417	29
780	1	1826	29
781	1	782	29
781	1	2191	30
782	1	887	29
783	1	1722	29
784	1	678	29
785	1	730	29
786	1	2035	29
787	1	1513	29
788	1	730	29
789	1	1200	29
790	1	1095	29
791	1	1826	29
792	1	834	29
793	1	574	29
793	1	2191	30
794	1	521	29
795	1	1878	29
796	1	1617	29
797	1	782	29
798	1	1200	29
800	1	1565	29
801	1	1461	29
802	1	887	29
803	1	887	29
803	1	1930	30
804	1	1043	29
806	1	1513	29
807	1	626	29
807	1	991	30
808	1	2139	29
809	1	1930	29
810	1	574	29
810	1	2243	30
811	1	626	29
812	1	782	29
812	1	2087	30
813	1	1304	29
814	1	2295	29
815	1	521	29
816	1	1200	29
817	1	2243	29
818	1	939	29
819	1	1774	29
820	1	1826	29
821	1	1252	29
822	1	521	29
823	1	626	29
823	1	991	30
824	1	1148	29
825	1	1148	29
826	1	1095	29
827	1	1982	29
828	1	1252	29
829	1	1982	29
830	1	1461	29
831	1	939	29
831	1	991	21
831	1	2035	30
832	1	834	29
832	1	1826	30
833	1	1304	29
834	1	678	29
834	1	2035	30
835	1	991	29
836	1	2139	29
837	1	1565	29
838	1	417	29
838	1	2087	30
839	1	1408	29
840	1	521	29
840	1	1148	30
841	1	782	29
842	1	1095	29
843	1	626	29
843	1	1148	30
844	1	1617	29
845	1	1356	29
846	1	1513	29
847	1	1356	29
848	1	469	29
848	1	1095	30
849	1	2243	29
850	1	521	29
850	1	1826	30
853	1	1878	29
854	1	1200	29
855	1	782	29
856	1	991	29
857	1	1722	29
858	1	991	29
860	1	1878	29
861	1	730	29
862	1	1669	29
863	1	782	29
864	1	574	29
864	1	1826	30
865	1	678	29
866	1	574	29
867	1	1148	29
868	1	730	29
869	1	417	29
870	1	1148	29
871	1	1200	29
873	1	574	29
873	1	1826	30
875	1	417	29
876	1	678	29
877	1	574	29
877	1	1826	30
878	1	1408	29
879	1	1043	29
880	1	626	29
880	1	2035	30
882	1	1356	29
883	1	2035	29
884	1	730	29
885	1	678	29
885	1	1826	30
886	1	1513	29
887	1	887	29
888	1	2139	29
889	1	1513	29
890	1	1252	29
891	1	834	29
892	1	1669	29
893	1	782	29
894	1	834	29
895	1	1200	29
896	1	626	29
897	1	730	29
898	1	782	29
898	1	1930	30
899	1	626	29
899	1	1930	30
900	1	1200	29
901	1	574	29
902	1	1095	29
902	1	2191	30
903	1	626	29
903	1	2087	30
905	1	1461	29
906	1	626	29
907	1	2243	29
908	1	730	29
909	1	2035	29
910	1	1200	29
911	1	2139	29
912	1	834	29
913	1	1356	29
914	1	1095	29
915	1	1356	29
916	1	626	29
917	1	782	29
918	1	1200	29
919	1	1669	29
920	1	1617	29
922	1	1043	29
923	1	1408	29
924	1	834	29
924	1	1982	30
925	1	678	29
926	1	834	29
926	1	2191	30
927	1	1043	29
929	1	678	29
931	1	574	29
931	1	1826	30
932	1	1252	29
933	1	1252	29
934	1	1200	29
935	1	417	29
936	1	1252	29
937	1	1826	29
938	1	1252	29
939	1	1669	29
940	1	1095	29
940	1	2191	30
941	1	626	29
941	1	1930	30
942	1	574	29
942	1	1826	30
944	1	887	29
946	1	417	29
947	1	678	29
947	1	1095	30
948	1	678	29
949	1	469	29
949	1	1095	30
950	1	626	29
953	1	626	29
954	1	574	29
954	1	2087	30
956	1	1930	29
957	1	417	29
958	1	1826	29
960	1	939	29
961	1	834	29
962	1	2035	29
963	1	678	29
964	1	834	29
964	1	1930	30
965	1	1200	29
966	1	521	29
968	1	834	29
969	1	939	29
971	1	887	29
972	1	521	29
972	1	1148	30
973	1	834	29
974	1	939	29
975	1	1356	29
976	1	991	29
976	1	2139	30
977	1	2243	29
978	1	782	29
979	1	1356	29
980	1	1982	29
981	1	1095	29
982	1	834	29
983	1	521	29
984	1	1252	29
985	1	1200	29
987	1	1722	29
988	1	834	29
989	1	574	29
990	1	1826	29
994	1	2139	29
995	1	574	29
996	1	1356	29
998	1	991	29
998	1	1982	30
999	1	1617	29
0	2	261	26
0	2	574	33
0	2	1200	13
1	2	261	26
1	2	574	33
1	2	1200	13
2	2	261	26
2	2	939	33
3	2	261	26
3	2	1722	33
4	2	261	26
4	2	887	33
4	2	1200	13
5	2	261	26
5	2	730	33
6	2	261	26
6	2	887	33
6	2	1930	13
7	2	261	26
7	2	1461	33
8	2	261	26
8	2	991	33
8	2	1356	13
9	2	261	26
10	2	261	26
10	2	574	33
10	2	1200	13
11	2	261	26
12	2	261	26
13	2	261	26
14	2	261	26
14	2	574	33
14	2	1200	13
15	2	261	26
15	2	678	33
15	2	1200	13
16	2	261	26
16	2	730	33
16	2	1200	13
17	2	261	26
17	2	626	33
17	2	1200	13
18	2	261	26
18	2	678	33
18	2	1200	13
19	2	261	26
20	2	261	26
20	2	939	33
20	2	1461	13
21	2	261	26
21	2	574	33
21	2	1200	13
22	2	261	26
22	2	1722	33
23	2	261	26
23	2	678	33
23	2	1200	13
24	2	261	26
24	2	678	33
24	2	1200	13
25	2	261	26
26	2	261	26
26	2	1200	33
26	2	1722	13
27	2	261	26
27	2	678	33
27	2	1200	13
28	2	261	26
28	2	1148	33
28	2	1461	13
29	2	261	26
30	2	261	26
31	2	261	26
31	2	887	33
32	2	261	26
32	2	1617	33
33	2	261	26
33	2	1408	33
34	2	261	26
34	2	1252	33
34	2	1669	13
35	2	261	26
35	2	678	33
35	2	1200	13
36	2	261	26
36	2	730	33
36	2	1200	13
37	2	261	26
37	2	939	33
38	2	261	26
38	2	939	33
39	2	261	26
39	2	887	33
39	2	1565	13
40	2	261	26
40	2	574	33
40	2	1200	13
41	2	261	26
41	2	1252	33
41	2	1669	13
42	2	261	26
42	2	1200	33
42	2	1513	13
43	2	261	26
43	2	730	33
43	2	1200	13
44	2	261	26
45	2	261	26
45	2	991	33
45	2	1461	13
46	2	261	26
46	2	730	33
46	2	2139	13
47	2	261	26
47	2	1722	33
48	2	261	26
49	2	261	26
49	2	834	33
49	2	1252	13
50	2	261	26
51	2	261	26
52	2	261	26
53	2	261	26
53	2	730	33
53	2	1200	13
54	2	261	26
55	2	261	26
55	2	887	33
56	2	261	26
57	2	261	26
57	2	626	33
57	2	1200	13
58	2	261	26
58	2	887	33
58	2	1304	13
59	2	261	26
59	2	678	33
59	2	1200	13
60	2	261	26
61	2	261	26
61	2	834	33
62	2	261	26
62	2	834	33
62	2	1252	13
63	2	261	26
63	2	1148	33
63	2	1513	13
64	2	261	26
65	2	261	26
65	2	1461	33
66	2	261	26
67	2	261	26
67	2	1200	33
67	2	1513	13
68	2	261	26
69	2	261	26
69	2	1408	33
69	2	1774	13
70	2	261	26
71	2	261	26
71	2	1617	33
72	2	261	26
73	2	261	26
74	2	261	26
75	2	261	26
75	2	678	33
75	2	1200	13
76	2	261	26
77	2	261	26
78	2	261	26
79	2	261	26
79	2	1461	33
80	2	261	26
80	2	834	33
80	2	1513	13
81	2	261	26
81	2	887	33
82	2	261	26
82	2	2035	33
83	2	261	26
84	2	261	26
84	2	834	33
85	2	261	26
86	2	261	26
87	2	261	26
87	2	626	33
87	2	1200	13
88	2	261	26
88	2	1148	33
88	2	1565	13
89	2	261	26
89	2	1461	33
90	2	261	26
91	2	261	26
91	2	939	33
92	2	261	26
92	2	626	33
92	2	1200	13
93	2	261	26
94	2	261	26
95	2	261	26
96	2	261	26
96	2	1617	33
97	2	261	26
98	2	261	26
99	2	261	26
100	2	261	26
101	2	261	26
101	2	1304	33
102	2	261	26
102	2	1043	33
102	2	2295	13
103	2	261	26
104	2	261	26
104	2	887	33
104	2	1356	13
105	2	261	26
106	2	261	26
106	2	1148	33
106	2	1461	13
107	2	261	26
107	2	626	33
107	2	1200	13
108	2	261	26
108	2	730	33
108	2	1513	13
109	2	261	26
110	2	261	26
110	2	730	33
110	2	1200	13
111	2	261	26
111	2	939	33
112	2	261	26
113	2	261	26
113	2	574	33
113	2	1200	13
114	2	261	26
114	2	887	33
115	2	261	26
116	2	261	26
117	2	261	26
118	2	261	26
118	2	1722	33
119	2	261	26
120	2	261	26
120	2	1722	33
121	2	261	26
122	2	261	26
122	2	678	33
122	2	1200	13
123	2	261	26
124	2	261	26
124	2	678	33
124	2	1200	13
125	2	261	26
125	2	887	33
125	2	1200	13
126	2	261	26
126	2	574	33
126	2	1200	13
127	2	261	26
127	2	626	33
127	2	1200	13
128	2	261	26
128	2	626	33
128	2	1200	13
129	2	261	26
130	2	261	26
130	2	887	33
131	2	261	26
131	2	1043	33
131	2	1356	13
132	2	261	26
132	2	626	33
132	2	1200	13
133	2	261	26
133	2	887	33
133	2	1722	13
134	2	261	26
134	2	1617	33
135	2	261	26
135	2	730	33
135	2	1200	13
136	2	261	26
136	2	574	33
136	2	1200	13
137	2	261	26
137	2	1200	33
137	2	1722	13
138	2	261	26
138	2	574	33
138	2	1200	13
139	2	261	26
139	2	730	33
139	2	1200	13
140	2	261	26
141	2	261	26
141	2	730	33
141	2	1200	13
142	2	261	26
143	2	261	26
144	2	261	26
145	2	261	26
145	2	1617	33
146	2	261	26
146	2	887	33
146	2	1356	13
147	2	261	26
147	2	887	33
147	2	1565	13
148	2	261	26
149	2	261	26
149	2	626	33
149	2	1200	13
150	2	261	26
150	2	834	33
150	2	1356	13
151	2	261	26
151	2	2191	33
152	2	261	26
152	2	939	33
152	2	1304	13
153	2	261	26
154	2	261	26
154	2	730	33
154	2	1200	13
155	2	261	26
155	2	626	33
155	2	1200	13
156	2	261	26
156	2	678	33
156	2	1200	13
157	2	261	26
158	2	261	26
158	2	887	33
158	2	1304	13
159	2	261	26
159	2	574	33
159	2	1200	13
160	2	261	26
160	2	1148	33
160	2	1617	13
161	2	261	26
162	2	261	26
162	2	1408	33
162	2	1722	13
163	2	261	26
164	2	261	26
164	2	678	33
164	2	2295	13
165	2	261	26
165	2	887	33
165	2	1200	13
166	2	261	26
167	2	261	26
168	2	261	26
169	2	261	26
169	2	678	33
169	2	2243	13
170	2	261	26
170	2	626	33
170	2	1200	13
171	2	261	26
172	2	261	26
172	2	1461	33
172	2	1774	13
173	2	261	26
174	2	261	26
174	2	1408	33
174	2	1930	13
175	2	261	26
175	2	887	33
175	2	1461	13
176	2	261	26
176	2	678	33
176	2	2191	13
177	2	261	26
178	2	261	26
179	2	261	26
179	2	887	33
179	2	1252	13
180	2	261	26
181	2	261	26
181	2	626	33
181	2	1200	13
182	2	261	26
183	2	261	26
183	2	678	33
183	2	1200	13
184	2	261	26
185	2	261	26
185	2	834	33
185	2	1252	13
186	2	261	26
187	2	261	26
187	2	1148	33
187	2	1722	13
188	2	261	26
189	2	261	26
189	2	1148	33
189	2	1513	13
190	2	261	26
191	2	261	26
191	2	678	33
192	2	261	26
192	2	939	33
192	2	1408	13
193	2	261	26
193	2	939	33
193	2	1722	13
194	2	261	26
195	2	261	26
196	2	261	26
196	2	574	33
196	2	1200	13
197	2	261	26
198	2	261	26
198	2	1148	33
198	2	1461	13
199	2	261	26
199	2	678	33
199	2	1200	13
200	2	261	26
200	2	1617	33
201	2	261	26
202	2	261	26
202	2	1461	33
203	2	261	26
203	2	1408	33
203	2	1774	13
204	2	261	26
204	2	730	33
204	2	1304	13
205	2	261	26
206	2	261	26
206	2	626	33
206	2	1200	13
207	2	261	26
207	2	678	33
207	2	1200	13
208	2	261	26
208	2	834	33
208	2	1408	13
209	2	261	26
210	2	261	26
210	2	887	33
210	2	1565	13
211	2	261	26
212	2	261	26
212	2	1565	33
213	2	261	26
214	2	261	26
215	2	261	26
216	2	261	26
217	2	261	26
217	2	1565	33
218	2	261	26
218	2	1200	33
218	2	1565	13
219	2	261	26
220	2	261	26
221	2	261	26
221	2	1252	33
221	2	1722	13
222	2	261	26
223	2	261	26
224	2	261	26
224	2	1565	33
225	2	261	26
225	2	626	33
225	2	1200	13
226	2	261	26
226	2	730	33
226	2	1200	13
227	2	261	26
227	2	2295	33
228	2	261	26
228	2	678	33
228	2	1200	13
229	2	261	26
229	2	1252	33
229	2	1669	13
230	2	261	26
230	2	626	33
230	2	1200	13
231	2	261	26
231	2	574	33
231	2	1200	13
232	2	261	26
232	2	678	33
232	2	1200	13
233	2	261	26
234	2	261	26
235	2	261	26
236	2	261	26
237	2	261	26
238	2	261	26
239	2	261	26
240	2	261	26
240	2	678	33
240	2	1200	13
241	2	261	26
241	2	1148	33
241	2	1565	13
242	2	261	26
242	2	939	33
242	2	1461	13
243	2	261	26
243	2	574	33
243	2	1200	13
244	2	261	26
244	2	626	33
244	2	1200	13
245	2	261	26
246	2	261	26
247	2	261	26
248	2	261	26
248	2	574	33
248	2	1200	13
249	2	261	26
249	2	574	33
249	2	1200	13
250	2	261	26
250	2	626	33
250	2	1200	13
251	2	261	26
251	2	887	33
251	2	1669	13
252	2	261	26
253	2	261	26
254	2	261	26
255	2	261	26
256	2	261	26
256	2	1304	33
256	2	1774	13
257	2	261	26
257	2	1722	33
258	2	261	26
258	2	574	33
258	2	1200	13
259	2	261	26
259	2	626	33
259	2	1200	13
260	2	261	26
260	2	730	33
260	2	1669	13
261	2	261	26
262	2	261	26
262	2	1252	33
262	2	1617	13
263	2	261	26
264	2	261	26
264	2	834	33
264	2	1982	13
265	2	261	26
265	2	834	33
266	2	261	26
266	2	887	33
266	2	1669	13
267	2	261	26
267	2	626	33
267	2	1200	13
268	2	261	26
268	2	1408	33
268	2	1774	13
269	2	261	26
269	2	730	33
269	2	1200	13
270	2	261	26
271	2	261	26
271	2	991	33
271	2	1461	13
272	2	261	26
272	2	678	33
272	2	1200	13
273	2	261	26
274	2	261	26
275	2	261	26
276	2	261	26
277	2	261	26
278	2	261	26
279	2	261	26
280	2	261	26
280	2	2191	33
281	2	261	26
282	2	261	26
283	2	261	26
283	2	1617	33
284	2	261	26
284	2	574	33
284	2	1200	13
285	2	261	26
285	2	1565	33
286	2	261	26
286	2	626	33
286	2	1200	13
287	2	261	26
288	2	261	26
288	2	834	33
288	2	1774	13
289	2	261	26
290	2	261	26
291	2	261	26
292	2	261	26
293	2	261	26
293	2	574	33
293	2	1200	13
294	2	261	26
294	2	730	33
295	2	261	26
296	2	261	26
296	2	678	33
296	2	1200	13
297	2	261	26
298	2	261	26
298	2	1461	33
299	2	261	26
299	2	678	33
300	2	261	26
301	2	261	26
301	2	626	33
301	2	1200	13
302	2	261	26
302	2	887	33
302	2	1513	13
303	2	261	26
303	2	574	33
303	2	1200	13
304	2	261	26
304	2	626	33
304	2	1200	13
305	2	261	26
306	2	261	26
306	2	626	33
306	2	1200	13
307	2	261	26
308	2	261	26
309	2	261	26
309	2	574	33
309	2	1200	13
310	2	261	26
310	2	887	33
310	2	1200	13
311	2	261	26
312	2	261	26
313	2	261	26
314	2	261	26
315	2	261	26
315	2	1043	33
315	2	1565	13
316	2	261	26
317	2	261	26
318	2	261	26
319	2	261	26
320	2	261	26
321	2	261	26
321	2	626	33
321	2	1200	13
322	2	261	26
322	2	730	33
322	2	2243	13
323	2	261	26
324	2	261	26
325	2	261	26
326	2	261	26
326	2	626	33
326	2	1200	13
327	2	261	26
327	2	1513	33
328	2	261	26
329	2	261	26
330	2	261	26
330	2	1148	33
330	2	1513	13
331	2	261	26
331	2	678	33
331	2	1200	13
332	2	261	26
332	2	939	33
332	2	1356	13
333	2	261	26
333	2	626	33
333	2	1200	13
334	2	261	26
335	2	261	26
335	2	574	33
335	2	1200	13
336	2	261	26
336	2	730	33
336	2	1565	13
337	2	261	26
338	2	261	26
339	2	261	26
339	2	730	33
339	2	1982	13
340	2	261	26
340	2	1722	33
341	2	261	26
341	2	1565	33
342	2	261	26
342	2	678	33
342	2	1200	13
343	2	261	26
343	2	574	33
343	2	1200	13
344	2	261	26
345	2	261	26
345	2	939	33
345	2	1356	13
346	2	261	26
346	2	887	33
346	2	1200	13
347	2	261	26
347	2	991	33
348	2	261	26
348	2	730	33
348	2	1252	13
349	2	261	26
349	2	678	33
349	2	1200	13
350	2	261	26
351	2	261	26
351	2	887	33
352	2	261	26
352	2	991	33
352	2	1565	13
353	2	261	26
353	2	678	33
353	2	1200	13
354	2	261	26
354	2	574	33
354	2	1200	13
355	2	261	26
355	2	834	33
356	2	261	26
356	2	1513	33
357	2	261	26
357	2	887	33
358	2	261	26
358	2	1513	33
359	2	261	26
360	2	261	26
361	2	261	26
361	2	887	33
361	2	1722	13
362	2	261	26
363	2	261	26
364	2	261	26
364	2	678	33
365	2	261	26
366	2	261	26
366	2	1304	33
366	2	1669	13
367	2	261	26
367	2	887	33
368	2	261	26
368	2	574	33
368	2	1200	13
369	2	261	26
369	2	834	33
369	2	1200	13
370	2	261	26
371	2	261	26
371	2	678	33
371	2	1200	13
372	2	261	26
372	2	1513	33
373	2	261	26
374	2	261	26
375	2	261	26
376	2	261	26
376	2	887	33
377	2	261	26
378	2	261	26
378	2	1722	33
379	2	261	26
379	2	1148	33
379	2	1617	13
380	2	261	26
380	2	939	33
381	2	261	26
381	2	2035	33
382	2	261	26
382	2	730	33
382	2	2243	13
383	2	261	26
384	2	261	26
384	2	887	33
384	2	1669	13
385	2	261	26
385	2	1722	33
386	2	261	26
386	2	887	33
387	2	261	26
387	2	887	33
387	2	1200	13
388	2	261	26
389	2	261	26
389	2	678	33
389	2	1669	13
390	2	261	26
390	2	574	33
390	2	1200	13
391	2	261	26
391	2	834	33
391	2	1252	13
392	2	261	26
393	2	261	26
393	2	626	33
393	2	1200	13
394	2	261	26
394	2	1722	33
395	2	261	26
396	2	261	26
396	2	626	33
396	2	1200	13
397	2	261	26
397	2	1722	33
398	2	261	26
398	2	939	33
399	2	261	26
399	2	626	33
399	2	1200	13
400	2	261	26
400	2	887	33
401	2	261	26
402	2	261	26
402	2	939	33
402	2	1513	13
403	2	261	26
404	2	261	26
404	2	1722	33
405	2	261	26
406	2	261	26
406	2	834	33
406	2	1252	13
407	2	261	26
407	2	1565	33
408	2	261	26
409	2	261	26
410	2	261	26
411	2	261	26
411	2	626	33
411	2	1200	13
412	2	261	26
412	2	678	33
412	2	1200	13
413	2	261	26
413	2	626	33
413	2	1200	13
414	2	261	26
414	2	939	33
414	2	1461	13
415	2	261	26
415	2	834	33
415	2	1356	13
416	2	261	26
417	2	261	26
417	2	834	33
417	2	1722	13
418	2	261	26
418	2	887	33
418	2	1252	13
419	2	261	26
419	2	834	33
419	2	1200	13
420	2	261	26
420	2	1461	33
421	2	261	26
422	2	261	26
423	2	261	26
423	2	1461	33
424	2	261	26
424	2	678	33
424	2	1200	13
425	2	261	26
425	2	939	33
426	2	261	26
426	2	1461	33
426	2	2243	13
427	2	261	26
428	2	261	26
428	2	678	33
429	2	261	26
429	2	991	33
429	2	1461	13
430	2	261	26
430	2	730	33
430	2	1565	13
431	2	261	26
431	2	574	33
431	2	1200	13
432	2	261	26
432	2	834	33
432	2	1200	13
433	2	261	26
433	2	1148	33
433	2	1669	13
434	2	261	26
434	2	678	33
434	2	1200	13
435	2	261	26
435	2	626	33
435	2	1200	13
436	2	261	26
436	2	626	33
436	2	1200	13
437	2	261	26
437	2	678	33
437	2	1930	13
438	2	261	26
438	2	1148	33
438	2	1513	13
439	2	261	26
440	2	261	26
440	2	1513	33
441	2	261	26
442	2	261	26
442	2	1148	33
443	2	261	26
444	2	261	26
445	2	261	26
445	2	626	33
445	2	1200	13
446	2	261	26
447	2	261	26
448	2	261	26
449	2	261	26
450	2	261	26
451	2	261	26
451	2	1148	33
451	2	1513	13
452	2	261	26
452	2	834	33
453	2	261	26
453	2	626	33
453	2	1200	13
454	2	261	26
455	2	261	26
455	2	1617	33
456	2	261	26
457	2	261	26
457	2	1461	33
458	2	261	26
459	2	261	26
460	2	261	26
460	2	678	33
460	2	2035	13
461	2	261	26
461	2	678	33
461	2	1200	13
462	2	261	26
462	2	887	33
463	2	261	26
463	2	887	33
463	2	1200	13
464	2	261	26
464	2	1461	33
465	2	261	26
465	2	730	33
465	2	1878	13
466	2	261	26
466	2	626	33
466	2	1200	13
467	2	261	26
467	2	678	33
467	2	1200	13
468	2	261	26
468	2	626	33
468	2	1200	13
469	2	261	26
469	2	574	33
469	2	1200	13
470	2	261	26
471	2	261	26
472	2	261	26
472	2	730	33
472	2	1461	13
473	2	261	26
473	2	1408	33
473	2	2139	13
474	2	261	26
474	2	730	33
474	2	1200	13
475	2	261	26
476	2	261	26
477	2	261	26
478	2	261	26
479	2	261	26
480	2	261	26
481	2	261	26
481	2	887	33
481	2	1200	13
482	2	261	26
482	2	939	33
483	2	261	26
484	2	261	26
485	2	261	26
486	2	261	26
487	2	261	26
487	2	626	33
487	2	1200	13
488	2	261	26
489	2	261	26
489	2	574	33
489	2	1200	13
490	2	261	26
490	2	1200	33
490	2	1565	13
491	2	261	26
491	2	1461	33
492	2	261	26
492	2	1461	33
493	2	261	26
494	2	261	26
494	2	834	33
495	2	261	26
495	2	1252	33
495	2	1617	13
496	2	261	26
496	2	1148	33
496	2	1461	13
497	2	261	26
497	2	626	33
498	2	261	26
498	2	939	33
499	2	261	26
499	2	887	33
500	2	261	26
500	2	626	33
500	2	1200	13
501	2	261	26
502	2	261	26
502	2	1461	33
503	2	261	26
503	2	574	33
503	2	1200	13
504	2	261	26
505	2	261	26
506	2	261	26
507	2	261	26
508	2	261	26
508	2	678	33
508	2	1200	13
509	2	261	26
510	2	261	26
511	2	261	26
512	2	261	26
512	2	1304	33
512	2	1669	13
513	2	261	26
513	2	1461	33
514	2	261	26
514	2	887	33
514	2	1617	13
515	2	261	26
515	2	574	33
515	2	1200	13
516	2	261	26
517	2	261	26
518	2	261	26
518	2	1513	33
519	2	261	26
519	2	730	33
519	2	1200	13
520	2	261	26
520	2	939	33
521	2	261	26
521	2	626	33
521	2	1200	13
522	2	261	26
522	2	1148	33
522	2	1513	13
523	2	261	26
523	2	678	33
523	2	1200	13
524	2	261	26
525	2	261	26
525	2	887	33
525	2	1252	13
526	2	261	26
527	2	261	26
527	2	626	33
527	2	1200	13
528	2	261	26
528	2	626	33
528	2	1200	13
529	2	261	26
529	2	626	33
529	2	1200	13
530	2	261	26
531	2	261	26
531	2	1461	33
532	2	261	26
532	2	1722	33
533	2	261	26
534	2	261	26
534	2	626	33
534	2	1200	13
535	2	261	26
536	2	261	26
537	2	261	26
537	2	939	33
537	2	1513	13
538	2	261	26
538	2	626	33
538	2	1200	13
539	2	261	26
539	2	574	33
539	2	1200	13
540	2	261	26
541	2	261	26
541	2	730	33
541	2	2087	13
542	2	261	26
542	2	1722	33
543	2	261	26
543	2	1565	33
544	2	261	26
544	2	887	33
544	2	1252	13
545	2	261	26
546	2	261	26
546	2	1722	33
547	2	261	26
547	2	887	33
547	2	1356	13
548	2	261	26
549	2	261	26
550	2	261	26
550	2	678	33
550	2	1200	13
551	2	261	26
551	2	678	33
551	2	1200	13
552	2	261	26
553	2	261	26
553	2	1461	33
554	2	261	26
554	2	574	33
554	2	1200	13
555	2	261	26
555	2	626	33
555	2	1200	13
556	2	261	26
556	2	1252	33
556	2	1565	13
557	2	261	26
558	2	261	26
558	2	678	33
558	2	2191	13
559	2	261	26
559	2	1513	33
560	2	261	26
561	2	261	26
562	2	261	26
562	2	1461	33
563	2	261	26
563	2	1148	33
563	2	1461	13
564	2	261	26
565	2	261	26
565	2	678	33
565	2	1200	13
566	2	261	26
566	2	730	33
566	2	1722	13
567	2	261	26
567	2	1722	33
568	2	261	26
568	2	626	33
568	2	1200	13
569	2	261	26
569	2	1461	33
570	2	261	26
571	2	261	26
571	2	626	33
571	2	1200	13
572	2	261	26
573	2	261	26
574	2	261	26
575	2	261	26
575	2	574	33
575	2	1200	13
576	2	261	26
576	2	1774	33
577	2	261	26
577	2	626	33
577	2	1200	13
578	2	261	26
579	2	261	26
580	2	261	26
581	2	261	26
581	2	1565	33
582	2	261	26
582	2	1565	33
583	2	261	26
583	2	626	33
583	2	1200	13
584	2	261	26
584	2	730	33
584	2	2139	13
585	2	261	26
585	2	574	33
585	2	1200	13
586	2	261	26
586	2	1148	33
586	2	1461	13
587	2	261	26
587	2	574	33
587	2	1200	13
588	2	261	26
588	2	887	33
588	2	1513	13
589	2	261	26
589	2	887	33
589	2	1356	13
590	2	261	26
590	2	730	33
590	2	1200	13
591	2	261	26
592	2	261	26
593	2	261	26
594	2	261	26
594	2	1982	33
595	2	261	26
595	2	678	33
595	2	1200	13
596	2	261	26
596	2	1200	33
596	2	1669	13
597	2	261	26
598	2	261	26
598	2	574	33
598	2	1200	13
599	2	261	26
599	2	574	33
599	2	1200	13
600	2	261	26
601	2	261	26
601	2	834	33
602	2	261	26
603	2	261	26
604	2	261	26
604	2	1461	33
604	2	2295	13
605	2	261	26
605	2	1722	33
606	2	261	26
606	2	1148	33
606	2	1513	13
607	2	261	26
607	2	678	33
607	2	1200	13
608	2	261	26
608	2	887	33
608	2	1356	13
609	2	261	26
610	2	261	26
611	2	261	26
611	2	1565	33
612	2	261	26
612	2	1565	33
613	2	261	26
614	2	261	26
614	2	1722	33
615	2	261	26
615	2	1722	33
616	2	261	26
616	2	1617	33
617	2	261	26
618	2	261	26
619	2	261	26
620	2	261	26
620	2	678	33
621	2	261	26
621	2	1408	33
621	2	1722	13
622	2	261	26
622	2	626	33
622	2	1200	13
623	2	261	26
624	2	261	26
624	2	730	33
625	2	261	26
625	2	1513	33
626	2	261	26
626	2	887	33
626	2	1304	13
627	2	261	26
627	2	887	33
627	2	1513	13
628	2	261	26
628	2	1200	33
628	2	1669	13
629	2	261	26
630	2	261	26
630	2	1617	33
631	2	261	26
631	2	1148	33
631	2	1513	13
632	2	261	26
632	2	574	33
632	2	1200	13
633	2	261	26
634	2	261	26
634	2	1722	33
635	2	261	26
636	2	261	26
637	2	261	26
638	2	261	26
639	2	261	26
639	2	730	33
639	2	1200	13
640	2	261	26
641	2	261	26
642	2	261	26
643	2	261	26
644	2	261	26
644	2	834	33
645	2	261	26
645	2	1200	33
645	2	1669	13
646	2	261	26
646	2	730	33
646	2	1200	13
647	2	261	26
648	2	261	26
648	2	1408	33
649	2	261	26
649	2	834	33
649	2	1356	13
650	2	261	26
651	2	261	26
651	2	887	33
652	2	261	26
652	2	939	33
652	2	1617	13
653	2	261	26
653	2	887	33
653	2	1617	13
654	2	261	26
655	2	261	26
655	2	1461	33
656	2	261	26
656	2	1148	33
656	2	1669	13
657	2	261	26
657	2	834	33
658	2	261	26
658	2	834	33
658	2	1200	13
659	2	261	26
659	2	1722	33
660	2	261	26
661	2	261	26
661	2	730	33
661	2	1200	13
662	2	261	26
662	2	1148	33
662	2	1617	13
663	2	261	26
664	2	261	26
664	2	730	33
664	2	1200	13
665	2	261	26
665	2	678	33
665	2	1200	13
666	2	261	26
666	2	626	33
666	2	1200	13
667	2	261	26
667	2	730	33
668	2	261	26
668	2	1722	33
669	2	261	26
669	2	1513	33
670	2	261	26
670	2	1565	33
671	2	261	26
672	2	261	26
673	2	261	26
673	2	1722	33
674	2	261	26
674	2	1252	33
674	2	1722	13
675	2	261	26
675	2	1461	33
675	2	1774	13
676	2	261	26
676	2	626	33
676	2	1200	13
677	2	261	26
677	2	1252	33
677	2	1669	13
678	2	261	26
678	2	834	33
678	2	1617	13
679	2	261	26
680	2	261	26
680	2	1461	33
680	2	1774	13
681	2	261	26
682	2	261	26
682	2	887	33
683	2	261	26
684	2	261	26
684	2	1408	33
684	2	1722	13
685	2	261	26
685	2	887	33
686	2	261	26
686	2	834	33
687	2	261	26
688	2	261	26
689	2	261	26
690	2	261	26
691	2	261	26
691	2	834	33
691	2	1200	13
692	2	261	26
692	2	939	33
692	2	1252	13
693	2	261	26
693	2	1043	33
693	2	1461	13
694	2	261	26
694	2	887	33
694	2	1565	13
695	2	261	26
695	2	574	33
695	2	1200	13
696	2	261	26
697	2	261	26
697	2	730	33
697	2	1200	13
698	2	261	26
699	2	261	26
699	2	1252	33
699	2	1774	13
700	2	261	26
700	2	939	33
701	2	261	26
701	2	1304	33
701	2	1669	13
702	2	261	26
703	2	261	26
703	2	730	33
703	2	1200	13
704	2	261	26
705	2	261	26
705	2	1826	33
706	2	261	26
706	2	626	33
706	2	1200	13
707	2	261	26
707	2	834	33
708	2	261	26
708	2	1513	33
709	2	261	26
709	2	887	33
709	2	1356	13
710	2	261	26
710	2	887	33
710	2	1200	13
711	2	261	26
711	2	1617	33
712	2	261	26
712	2	1513	33
713	2	261	26
714	2	261	26
714	2	626	33
714	2	1200	13
715	2	261	26
715	2	1513	33
716	2	261	26
716	2	574	33
716	2	1200	13
717	2	261	26
717	2	1408	33
717	2	1722	13
718	2	261	26
718	2	730	33
718	2	1200	13
719	2	261	26
720	2	261	26
721	2	261	26
721	2	1200	33
721	2	1669	13
722	2	261	26
722	2	574	33
722	2	1200	13
723	2	261	26
724	2	261	26
725	2	261	26
725	2	834	33
725	2	1304	13
726	2	261	26
726	2	1148	33
726	2	1461	13
727	2	261	26
728	2	261	26
729	2	261	26
729	2	887	33
730	2	261	26
730	2	1408	33
731	2	261	26
731	2	574	33
731	2	1200	13
732	2	261	26
732	2	887	33
733	2	261	26
733	2	834	33
733	2	1200	13
734	2	261	26
734	2	678	33
734	2	1200	13
735	2	261	26
736	2	261	26
737	2	261	26
737	2	834	33
737	2	1304	13
738	2	261	26
738	2	887	33
738	2	1252	13
739	2	261	26
739	2	1617	33
740	2	261	26
741	2	261	26
741	2	887	33
742	2	261	26
742	2	626	33
742	2	1200	13
743	2	261	26
743	2	626	33
743	2	1200	13
744	2	261	26
744	2	1722	33
745	2	261	26
746	2	261	26
747	2	261	26
747	2	1722	33
748	2	261	26
749	2	261	26
750	2	261	26
750	2	939	33
751	2	261	26
752	2	261	26
752	2	1408	33
752	2	1774	13
753	2	261	26
753	2	678	33
753	2	1200	13
754	2	261	26
754	2	678	33
754	2	1200	13
755	2	261	26
755	2	678	33
755	2	1200	13
756	2	261	26
756	2	730	33
756	2	1200	13
757	2	261	26
758	2	261	26
758	2	574	33
758	2	1200	13
759	2	261	26
760	2	261	26
761	2	261	26
761	2	1722	33
762	2	261	26
762	2	939	33
762	2	1669	13
763	2	261	26
763	2	2295	33
764	2	261	26
765	2	261	26
765	2	678	33
765	2	1200	13
766	2	261	26
766	2	834	33
767	2	261	26
768	2	261	26
769	2	261	26
770	2	261	26
771	2	261	26
771	2	1722	33
772	2	261	26
773	2	261	26
774	2	261	26
774	2	626	33
774	2	1200	13
775	2	261	26
776	2	261	26
776	2	574	33
776	2	1200	13
777	2	261	26
778	2	261	26
778	2	834	33
779	2	261	26
780	2	261	26
781	2	261	26
781	2	887	33
781	2	1356	13
782	2	261	26
782	2	2035	33
783	2	261	26
784	2	261	26
784	2	678	33
784	2	1200	13
785	2	261	26
785	2	939	33
786	2	261	26
787	2	261	26
788	2	261	26
788	2	834	33
788	2	1565	13
789	2	261	26
789	2	1513	33
790	2	261	26
790	2	1722	33
791	2	261	26
792	2	261	26
792	2	887	33
793	2	261	26
793	2	626	33
793	2	1200	13
794	2	261	26
794	2	626	33
794	2	2035	13
795	2	261	26
796	2	261	26
797	2	261	26
797	2	678	33
798	2	261	26
799	2	261	26
800	2	261	26
801	2	261	26
802	2	261	26
802	2	887	33
802	2	1617	13
803	2	261	26
803	2	939	33
803	2	1461	13
804	2	261	26
804	2	991	33
805	2	261	26
806	2	261	26
807	2	261	26
807	2	626	33
807	2	1200	13
808	2	261	26
809	2	261	26
810	2	261	26
810	2	626	33
810	2	1200	13
811	2	261	26
811	2	574	33
811	2	1200	13
812	2	261	26
812	2	730	33
812	2	1200	13
813	2	261	26
813	2	1461	33
814	2	261	26
815	2	261	26
815	2	626	33
816	2	261	26
816	2	1722	33
817	2	261	26
818	2	261	26
818	2	991	33
818	2	1669	13
819	2	261	26
820	2	261	26
821	2	261	26
822	2	261	26
822	2	574	33
822	2	1200	13
823	2	261	26
823	2	574	33
823	2	1200	13
824	2	261	26
824	2	1513	33
825	2	261	26
825	2	1461	33
826	2	261	26
826	2	1461	33
827	2	261	26
828	2	261	26
829	2	261	26
830	2	261	26
831	2	261	26
831	2	887	33
831	2	1200	13
832	2	261	26
832	2	678	33
832	2	1200	13
833	2	261	26
834	2	261	26
834	2	730	33
834	2	1200	13
835	2	261	26
835	2	1513	33
836	2	261	26
837	2	261	26
838	2	261	26
838	2	678	33
838	2	1200	13
839	2	261	26
840	2	261	26
840	2	574	33
840	2	1200	13
841	2	261	26
841	2	887	33
842	2	261	26
842	2	1408	33
842	2	1774	13
843	2	261	26
843	2	626	33
843	2	1200	13
844	2	261	26
845	2	261	26
846	2	261	26
847	2	261	26
847	2	1774	33
848	2	261	26
848	2	574	33
848	2	1200	13
849	2	261	26
850	2	261	26
850	2	730	33
850	2	1200	13
851	2	261	26
852	2	261	26
853	2	261	26
854	2	261	26
854	2	1461	33
854	2	1774	13
855	2	261	26
855	2	887	33
856	2	261	26
857	2	261	26
858	2	261	26
858	2	1200	33
858	2	1617	13
859	2	261	26
860	2	261	26
861	2	261	26
861	2	730	33
862	2	261	26
863	2	261	26
863	2	834	33
863	2	1200	13
864	2	261	26
864	2	678	33
864	2	1200	13
865	2	261	26
865	2	678	33
865	2	1565	13
866	2	261	26
866	2	626	33
866	2	1200	13
867	2	261	26
867	2	1722	33
868	2	261	26
868	2	834	33
868	2	1617	13
869	2	261	26
869	2	1408	33
869	2	1722	13
870	2	261	26
870	2	1722	33
871	2	261	26
871	2	1617	33
872	2	261	26
873	2	261	26
873	2	626	33
873	2	1200	13
874	2	261	26
875	2	261	26
875	2	887	33
875	2	1408	13
876	2	261	26
876	2	730	33
877	2	261	26
877	2	574	33
877	2	1200	13
878	2	261	26
879	2	261	26
879	2	1722	33
880	2	261	26
880	2	626	33
880	2	1200	13
881	2	261	26
882	2	261	26
883	2	261	26
884	2	261	26
884	2	730	33
884	2	2243	13
885	2	261	26
885	2	678	33
885	2	1200	13
886	2	261	26
887	2	261	26
887	2	991	33
888	2	261	26
889	2	261	26
890	2	261	26
891	2	261	26
891	2	834	33
891	2	1722	13
892	2	261	26
893	2	261	26
893	2	887	33
894	2	261	26
894	2	939	33
895	2	261	26
895	2	1722	33
896	2	261	26
896	2	730	33
897	2	261	26
897	2	730	33
897	2	1252	13
898	2	261	26
898	2	834	33
898	2	1200	13
899	2	261	26
899	2	678	33
899	2	1200	13
900	2	261	26
900	2	1722	33
901	2	261	26
901	2	574	33
901	2	1200	13
902	2	261	26
902	2	1252	33
902	2	1617	13
903	2	261	26
903	2	834	33
903	2	1200	13
904	2	261	26
905	2	261	26
906	2	261	26
906	2	678	33
907	2	261	26
908	2	261	26
908	2	678	33
908	2	1200	13
909	2	261	26
910	2	261	26
910	2	1722	33
911	2	261	26
912	2	261	26
912	2	834	33
913	2	261	26
914	2	261	26
914	2	1252	33
914	2	1617	13
915	2	261	26
916	2	261	26
916	2	834	33
916	2	1200	13
917	2	261	26
917	2	2139	33
918	2	261	26
919	2	261	26
920	2	261	26
921	2	261	26
922	2	261	26
922	2	1982	33
923	2	261	26
924	2	261	26
924	2	887	33
924	2	1200	13
925	2	261	26
925	2	730	33
926	2	261	26
926	2	887	33
926	2	1356	13
927	2	261	26
927	2	1408	33
927	2	1774	13
928	2	261	26
929	2	261	26
929	2	887	33
929	2	1408	13
930	2	261	26
931	2	261	26
931	2	678	33
931	2	1200	13
932	2	261	26
932	2	2139	33
933	2	261	26
934	2	261	26
934	2	1722	33
935	2	261	26
935	2	730	33
935	2	1513	13
936	2	261	26
937	2	261	26
938	2	261	26
938	2	1617	33
939	2	261	26
940	2	261	26
940	2	991	33
940	2	1408	13
941	2	261	26
941	2	626	33
941	2	1200	13
942	2	261	26
942	2	678	33
942	2	1200	13
943	2	261	26
944	2	261	26
944	2	1513	33
945	2	261	26
946	2	261	26
946	2	1461	33
947	2	261	26
947	2	678	33
947	2	1200	13
948	2	261	26
948	2	626	33
948	2	1200	13
949	2	261	26
949	2	574	33
949	2	1200	13
950	2	261	26
950	2	626	33
950	2	1200	13
951	2	261	26
952	2	261	26
953	2	261	26
953	2	678	33
953	2	1200	13
954	2	261	26
954	2	626	33
954	2	1200	13
955	2	261	26
956	2	261	26
957	2	261	26
958	2	261	26
959	2	261	26
960	2	261	26
960	2	1043	33
960	2	1669	13
961	2	261	26
961	2	939	33
961	2	1617	13
962	2	261	26
963	2	261	26
963	2	834	33
964	2	261	26
964	2	730	33
964	2	1200	13
965	2	261	26
965	2	1513	33
966	2	261	26
966	2	678	33
966	2	1304	13
967	2	261	26
968	2	261	26
968	2	1513	33
969	2	261	26
969	2	1148	33
969	2	1617	13
970	2	261	26
971	2	261	26
971	2	834	33
971	2	1200	13
972	2	261	26
972	2	626	33
972	2	1200	13
973	2	261	26
973	2	939	33
974	2	261	26
974	2	887	33
975	2	261	26
976	2	261	26
976	2	939	33
976	2	1408	13
977	2	261	26
978	2	261	26
978	2	730	33
978	2	1200	13
979	2	261	26
980	2	261	26
981	2	261	26
981	2	1304	33
981	2	1617	13
982	2	261	26
982	2	887	33
983	2	261	26
983	2	678	33
983	2	1200	13
984	2	261	26
984	2	1513	33
985	2	261	26
985	2	1617	33
986	2	261	26
987	2	261	26
988	2	261	26
988	2	887	33
989	2	261	26
989	2	678	33
989	2	2139	13
990	2	261	26
991	2	261	26
992	2	261	26
993	2	261	26
994	2	261	26
995	2	261	26
995	2	574	33
995	2	1200	13
996	2	261	26
997	2	261	26
998	2	261	26
998	2	887	33
998	2	1304	13
999	2	261	26
0	3	626	29
0	3	678	20
0	3	991	30
0	3	1513	9
0	3	1826	12
1	3	626	29
1	3	678	20
1	3	991	30
1	3	1304	9
2	3	782	29
3	3	1200	29
3	3	1513	20
3	3	1826	9
3	3	2191	12
4	3	782	29
4	3	1095	20
4	3	1408	9
4	3	1722	12
4	3	2035	30
5	3	678	29
5	3	730	20
6	3	834	29
6	3	2035	9
7	3	1148	29
7	3	1200	20
7	3	1774	9
8	3	991	29
8	3	1043	20
8	3	1408	9
8	3	1722	12
8	3	2035	30
10	3	521	29
10	3	834	20
10	3	1930	9
10	3	2243	12
12	3	1930	29
12	3	2243	20
13	3	1826	29
14	3	469	29
14	3	782	20
14	3	1408	9
15	3	730	29
15	3	1930	9
16	3	678	29
16	3	991	20
16	3	1461	9
17	3	574	29
17	3	887	20
17	3	1878	9
17	3	2191	12
18	3	678	29
18	3	730	20
18	3	2087	9
19	3	1878	29
20	3	782	29
20	3	1095	20
20	3	1669	9
20	3	2087	12
21	3	574	29
21	3	887	20
21	3	2087	9
22	3	1148	29
22	3	1461	20
23	3	678	29
23	3	1565	9
23	3	2139	12
24	3	678	29
24	3	1461	9
24	3	1930	12
24	3	2243	30
25	3	1565	29
26	3	939	29
26	3	1252	20
27	3	626	29
27	3	939	20
27	3	1617	9
28	3	991	29
28	3	1043	20
28	3	1408	9
28	3	1722	12
28	3	2035	30
29	3	1513	29
29	3	1826	20
30	3	1304	29
30	3	1617	20
31	3	782	29
31	3	1095	20
32	3	1148	29
32	3	1461	20
33	3	991	20
33	3	1043	29
34	3	1095	29
34	3	1148	20
34	3	1617	9
34	3	2243	12
35	3	730	29
35	3	1513	9
35	3	1930	12
35	3	2243	30
36	3	730	29
36	3	782	20
36	3	1617	9
37	3	939	20
37	3	991	29
38	3	887	29
38	3	1200	20
39	3	834	29
39	3	1774	9
40	3	574	29
40	3	887	20
40	3	1200	9
40	3	1513	12
40	3	1826	30
41	3	1043	29
41	3	1356	20
41	3	1722	9
41	3	2087	12
42	3	1043	29
42	3	1356	20
42	3	1669	9
43	3	417	29
43	3	782	20
43	3	1565	9
43	3	2087	12
45	3	887	29
45	3	1200	20
45	3	1669	9
46	3	730	29
46	3	782	20
46	3	2035	9
47	3	1304	29
47	3	1617	20
49	3	678	29
49	3	991	20
49	3	1461	9
49	3	1774	12
49	3	2087	30
51	3	1878	29
52	3	2035	29
53	3	730	29
53	3	782	20
53	3	1356	9
53	3	1669	12
53	3	1982	30
55	3	834	29
55	3	887	20
56	3	1513	29
57	3	521	29
57	3	834	20
57	3	1148	30
57	3	1461	9
57	3	1774	12
58	3	730	20
58	3	782	29
58	3	1200	9
58	3	1513	12
58	3	1826	30
59	3	730	20
59	3	782	29
59	3	1461	9
59	3	1826	12
59	3	2139	30
60	3	2087	29
61	3	782	29
61	3	1095	20
62	3	574	29
62	3	887	20
62	3	1461	9
62	3	1774	12
62	3	2087	30
63	3	417	29
63	3	887	20
63	3	1356	9
64	3	1982	29
65	3	991	29
65	3	1304	20
65	3	1930	9
66	3	1252	29
66	3	1565	20
67	3	1043	29
67	3	1356	20
67	3	1669	9
67	3	1982	12
67	3	2295	30
68	3	1669	29
69	3	1095	29
69	3	1408	20
69	3	1722	9
70	3	939	29
71	3	1148	29
71	3	1461	20
73	3	1930	29
73	3	2243	20
74	3	1826	29
74	3	2139	20
75	3	678	29
75	3	730	20
75	3	1774	9
76	3	1513	29
77	3	1930	29
79	3	1148	29
79	3	1461	20
79	3	2087	9
80	3	730	29
80	3	1043	20
80	3	2139	9
81	3	887	29
82	3	1252	29
82	3	1669	20
83	3	1252	29
83	3	1565	20
84	3	678	20
84	3	782	29
84	3	2087	9
86	3	1461	29
86	3	1774	20
87	3	574	29
87	3	887	20
87	3	1200	9
87	3	1513	12
87	3	1826	30
88	3	991	29
88	3	1043	20
88	3	1617	9
88	3	2035	12
89	3	1043	29
89	3	1356	20
90	3	1461	29
90	3	1513	20
91	3	939	29
91	3	991	20
92	3	574	29
92	3	887	20
92	3	1826	9
92	3	2139	12
93	3	1513	29
93	3	1565	20
94	3	2139	29
95	3	1774	29
96	3	1148	29
96	3	1200	20
96	3	1774	9
96	3	2139	12
97	3	1461	29
97	3	2087	20
98	3	1826	29
99	3	1356	29
99	3	1774	20
99	3	2243	9
100	3	1722	20
100	3	2035	29
101	3	887	29
101	3	1304	20
102	3	834	29
102	3	1148	20
102	3	2139	9
103	3	1200	29
103	3	1565	20
104	3	626	29
104	3	939	20
104	3	1461	9
104	3	1774	12
104	3	2295	30
106	3	939	29
106	3	1356	9
106	3	1669	12
106	3	1982	30
107	3	574	29
107	3	887	20
107	3	1200	9
107	3	1826	12
107	3	2139	30
108	3	678	29
108	3	991	20
109	3	1513	29
109	3	1878	20
110	3	626	29
110	3	939	20
110	3	1252	9
110	3	1565	12
110	3	1878	30
111	3	887	29
111	3	1826	20
112	3	939	20
112	3	1043	29
113	3	574	29
113	3	887	20
113	3	1461	9
114	3	887	29
114	3	1565	20
115	3	1513	29
116	3	1617	29
116	3	1930	20
117	3	1669	29
117	3	2035	20
118	3	1200	29
118	3	1513	20
119	3	1252	29
119	3	1565	20
120	3	1200	29
120	3	1513	20
121	3	1565	29
122	3	678	29
122	3	730	20
122	3	1043	30
122	3	1356	9
122	3	1669	12
123	3	2139	29
124	3	678	29
124	3	1669	9
125	3	730	29
125	3	782	20
125	3	1356	9
125	3	1669	12
125	3	1982	30
126	3	574	29
126	3	887	20
126	3	1200	9
126	3	1669	12
127	3	626	29
127	3	678	20
127	3	1304	9
127	3	1617	12
127	3	2191	30
128	3	574	29
128	3	887	20
128	3	1200	9
128	3	1669	12
128	3	2191	30
129	3	1304	29
129	3	1617	20
130	3	417	29
130	3	887	20
131	3	887	29
131	3	1200	20
131	3	1513	9
131	3	1826	12
131	3	2139	30
132	3	574	29
132	3	887	20
132	3	2191	9
133	3	887	29
133	3	939	20
134	3	1252	29
134	3	1304	20
134	3	2087	9
135	3	678	29
135	3	730	20
135	3	1513	9
135	3	2243	12
136	3	521	29
136	3	834	20
136	3	1148	30
136	3	1461	9
136	3	1774	12
137	3	1043	29
137	3	1095	20
137	3	1774	9
138	3	574	29
138	3	887	20
138	3	1200	9
138	3	1513	12
138	3	1826	30
139	3	678	29
139	3	730	20
139	3	1200	9
139	3	1513	12
139	3	1826	30
140	3	2035	29
141	3	626	29
141	3	678	20
141	3	1148	30
141	3	1461	9
141	3	1774	12
142	3	1252	29
142	3	1774	20
143	3	1304	29
143	3	1669	20
145	3	1252	29
145	3	1565	20
146	3	730	29
146	3	1043	20
146	3	1669	9
146	3	2191	12
147	3	887	29
147	3	1200	20
147	3	1722	9
148	3	1513	29
149	3	574	29
149	3	887	20
149	3	1200	9
149	3	1513	12
149	3	1826	30
150	3	626	29
150	3	939	20
150	3	1774	9
150	3	2087	12
151	3	417	29
151	3	1722	20
151	3	2243	9
152	3	782	29
152	3	1095	20
152	3	1461	9
152	3	1774	12
152	3	2087	30
153	3	1200	20
153	3	1408	29
154	3	678	29
154	3	991	20
154	3	1304	9
154	3	1617	12
154	3	1930	30
155	3	521	29
155	3	834	20
155	3	1200	9
155	3	1878	12
155	3	2191	30
156	3	626	29
156	3	939	20
156	3	1408	9
156	3	1722	12
156	3	2035	30
158	3	834	29
158	3	1461	9
158	3	1774	12
158	3	2087	30
159	3	574	29
159	3	887	20
159	3	1200	9
159	3	1565	12
159	3	1878	30
160	3	1095	29
160	3	1774	9
161	3	1930	29
162	3	1200	29
162	3	1252	20
162	3	1774	9
163	3	1669	29
164	3	730	20
164	3	782	29
164	3	2139	9
165	3	834	29
165	3	887	20
165	3	1356	9
165	3	1669	12
166	3	1982	29
167	3	1617	29
167	3	1930	20
169	3	626	29
169	3	678	20
170	3	574	29
170	3	887	20
170	3	1200	9
170	3	1513	12
170	3	1826	30
171	3	1826	29
171	3	2191	20
172	3	1148	29
172	3	1461	20
172	3	1774	9
173	3	1408	29
173	3	1774	20
174	3	1148	29
174	3	1200	20
174	3	1722	9
174	3	2191	12
175	3	834	29
175	3	1148	20
175	3	1617	9
175	3	1930	12
175	3	2243	30
176	3	626	29
176	3	939	20
176	3	2243	9
178	3	2295	29
179	3	782	29
179	3	1095	20
179	3	1617	9
181	3	574	29
181	3	887	20
182	3	417	29
183	3	678	29
183	3	730	20
183	3	1669	9
183	3	2087	12
184	3	1669	29
185	3	782	29
185	3	834	20
185	3	1461	9
185	3	1774	12
185	3	2139	30
187	3	1148	29
187	3	1774	9
188	3	1826	29
188	3	2139	20
189	3	1043	29
189	3	1095	20
189	3	1617	9
189	3	1930	12
189	3	2243	30
190	3	1200	29
190	3	1513	20
191	3	678	29
192	3	782	29
192	3	1095	20
192	3	1461	9
192	3	1774	12
193	3	887	20
193	3	939	29
193	3	1878	9
193	3	2191	12
194	3	2035	29
196	3	521	29
196	3	834	20
196	3	1148	30
196	3	1461	9
196	3	1774	12
198	3	887	29
198	3	1200	20
198	3	1513	9
198	3	1826	12
198	3	2191	30
199	3	521	29
199	3	834	20
199	3	1148	30
199	3	1461	9
199	3	1774	12
200	3	1200	29
200	3	1513	20
200	3	2295	9
201	3	1930	29
202	3	1200	29
202	3	1252	20
202	3	2243	9
203	3	1043	29
203	3	1356	20
203	3	1774	9
204	3	730	20
204	3	834	29
204	3	1617	9
205	3	1461	29
205	3	1774	20
206	3	521	29
206	3	834	20
206	3	1148	30
206	3	1461	9
206	3	1774	12
207	3	626	29
207	3	939	20
207	3	1461	9
207	3	1878	12
207	3	2191	30
208	3	626	29
208	3	939	20
208	3	1722	9
210	3	834	29
210	3	887	20
211	3	1669	29
212	3	1200	29
212	3	1513	20
213	3	1826	29
215	3	1304	29
215	3	1617	20
216	3	2191	29
217	3	1148	29
217	3	1461	20
218	3	991	29
218	3	1304	20
218	3	1617	9
220	3	1826	29
221	3	1043	29
221	3	1356	20
222	3	1930	29
223	3	2035	29
224	3	1252	29
224	3	1565	20
224	3	2087	9
225	3	574	29
225	3	887	20
225	3	1200	9
225	3	1513	12
225	3	1826	30
226	3	574	29
226	3	887	20
226	3	1304	9
226	3	1617	12
226	3	1930	30
227	3	939	29
227	3	991	20
228	3	626	29
228	3	939	20
228	3	1252	9
228	3	1565	12
228	3	1878	30
229	3	1043	29
229	3	1356	20
229	3	1669	9
230	3	574	29
230	3	887	20
231	3	574	29
231	3	887	20
231	3	2139	9
232	3	574	29
232	3	887	20
232	3	1356	9
232	3	1669	12
232	3	1982	30
233	3	1252	29
233	3	1565	20
233	3	2087	9
235	3	1774	29
235	3	2191	20
236	3	1878	29
239	3	1408	29
239	3	1774	20
240	3	626	29
240	3	939	20
240	3	1408	9
240	3	1722	12
240	3	2035	30
241	3	991	29
241	3	1304	20
241	3	1617	9
242	3	939	29
242	3	1252	20
242	3	1565	9
242	3	1878	12
242	3	2191	30
243	3	521	29
243	3	834	20
243	3	1148	30
243	3	1461	9
243	3	1774	12
244	3	678	29
244	3	1669	9
245	3	1461	29
245	3	1774	20
248	3	521	29
248	3	834	20
248	3	1930	9
249	3	574	29
249	3	887	20
249	3	2035	9
250	3	574	29
250	3	887	20
250	3	1200	9
250	3	1513	12
250	3	1826	30
251	3	887	29
251	3	1878	9
252	3	2087	29
253	3	1356	29
253	3	1878	20
255	3	1252	29
255	3	1617	20
256	3	1043	20
256	3	1095	29
256	3	1669	9
256	3	2035	12
257	3	1304	29
257	3	1617	20
258	3	626	29
258	3	678	20
258	3	991	30
258	3	1826	9
258	3	2139	12
259	3	574	29
259	3	887	20
259	3	1982	9
260	3	730	29
260	3	782	20
260	3	1930	9
260	3	2243	12
262	3	1095	29
262	3	1408	20
262	3	1722	9
264	3	678	29
264	3	991	20
265	3	678	29
265	3	991	20
266	3	939	29
266	3	1878	9
267	3	574	29
267	3	887	20
267	3	2295	9
268	3	1043	29
268	3	1356	20
268	3	1774	9
269	3	678	29
269	3	991	20
269	3	1304	9
269	3	1617	12
269	3	1930	30
270	3	991	29
270	3	2191	20
271	3	782	29
271	3	1095	20
271	3	1617	9
271	3	1930	12
271	3	2243	30
272	3	626	29
272	3	939	20
272	3	1252	9
272	3	1565	12
272	3	1878	30
274	3	1461	29
274	3	1774	20
275	3	2191	29
277	3	1878	20
277	3	1982	29
278	3	1669	29
279	3	1304	29
279	3	1722	20
280	3	1774	29
280	3	1826	20
280	3	2139	9
282	3	1982	29
283	3	1200	29
283	3	1513	20
284	3	574	29
284	3	887	20
284	3	1200	9
284	3	1513	12
284	3	1826	30
285	3	1148	29
285	3	1461	20
285	3	1774	9
286	3	521	29
286	3	834	20
286	3	1356	9
286	3	1669	12
286	3	1982	30
287	3	1408	29
287	3	1722	20
288	3	834	29
289	3	2243	29
291	3	834	20
291	3	991	29
292	3	1826	29
292	3	2139	20
293	3	574	29
293	3	887	20
293	3	1200	9
293	3	1513	12
293	3	1826	30
294	3	678	29
294	3	730	20
294	3	2295	9
295	3	1356	29
295	3	1722	20
296	3	678	29
296	3	730	20
296	3	1669	9
297	3	2139	29
298	3	1148	29
298	3	1461	20
299	3	574	29
299	3	887	20
300	3	1774	29
300	3	2087	20
301	3	521	29
301	3	834	20
301	3	1669	9
302	3	626	29
302	3	939	20
302	3	1669	9
302	3	2087	12
303	3	574	29
303	3	887	20
303	3	1200	9
303	3	1513	12
303	3	1826	30
304	3	521	29
304	3	834	20
304	3	1930	9
306	3	574	29
306	3	887	20
306	3	1200	9
306	3	1669	12
307	3	991	20
307	3	1930	29
308	3	417	29
308	3	1617	20
309	3	574	29
309	3	887	20
309	3	1200	9
309	3	1513	12
309	3	1826	30
310	3	782	29
310	3	834	20
310	3	1356	9
310	3	1669	12
310	3	1982	30
311	3	2087	29
312	3	1461	29
312	3	1774	20
313	3	1461	29
314	3	1669	29
315	3	991	29
315	3	1043	20
315	3	1669	9
315	3	2035	12
317	3	1252	29
317	3	1565	20
318	3	1930	20
318	3	2035	29
319	3	2035	29
320	3	1408	29
320	3	1461	20
321	3	626	29
321	3	678	20
322	3	521	29
322	3	834	20
322	3	2191	9
323	3	2035	29
324	3	1408	29
324	3	1722	20
325	3	1304	29
325	3	1617	20
326	3	626	29
326	3	678	20
326	3	1930	9
326	3	2243	12
327	3	1095	29
327	3	1408	20
327	3	1774	9
328	3	1826	29
328	3	1878	20
329	3	1669	29
330	3	1043	29
330	3	1095	20
330	3	1565	9
331	3	678	29
331	3	2087	9
332	3	834	29
332	3	1148	20
332	3	1461	9
332	3	1774	12
333	3	574	29
333	3	887	20
333	3	1774	9
333	3	2139	12
334	3	1356	29
334	3	1669	20
335	3	574	29
335	3	887	20
335	3	1669	9
335	3	2295	12
336	3	678	29
336	3	991	20
336	3	1513	9
336	3	1878	12
336	3	2191	30
337	3	1565	29
337	3	1878	20
338	3	1982	29
339	3	730	29
339	3	2139	9
340	3	1252	29
340	3	1565	20
341	3	1200	29
341	3	1513	20
341	3	2243	9
342	3	574	29
342	3	887	20
342	3	1200	9
342	3	1513	12
342	3	1826	30
343	3	574	29
343	3	887	20
343	3	1200	9
343	3	1722	12
343	3	2035	30
344	3	2243	29
345	3	939	29
345	3	1252	20
345	3	1565	9
345	3	1878	12
345	3	2191	30
346	3	417	29
346	3	887	20
346	3	1356	9
346	3	1669	12
346	3	1982	30
347	3	782	29
347	3	1095	20
348	3	678	29
348	3	730	20
348	3	1617	9
349	3	678	29
349	3	730	20
349	3	1200	9
349	3	1513	12
349	3	1826	30
350	3	2295	29
351	3	887	29
351	3	939	20
352	3	834	29
352	3	1148	20
352	3	1722	9
353	3	678	29
353	3	730	20
354	3	521	29
354	3	834	20
354	3	1148	30
354	3	1461	9
354	3	1774	12
355	3	730	29
355	3	1043	20
356	3	1148	29
356	3	1461	20
356	3	2243	9
357	3	887	29
358	3	1148	29
358	3	1461	20
358	3	1930	9
360	3	1878	29
360	3	1930	20
361	3	887	29
361	3	1513	9
361	3	1878	12
361	3	2191	30
362	3	2191	29
364	3	574	29
364	3	887	20
364	3	2035	9
365	3	2295	29
366	3	991	29
366	3	1304	20
366	3	1722	9
367	3	626	29
367	3	939	20
367	3	2191	9
368	3	574	29
368	3	887	20
368	3	1200	9
368	3	1513	12
368	3	1826	30
369	3	782	29
369	3	834	20
369	3	1408	9
369	3	1722	12
369	3	2295	30
371	3	730	29
372	3	1095	20
372	3	1200	29
372	3	1722	9
374	3	1722	29
374	3	2087	20
375	3	1408	29
375	3	1722	20
376	3	887	29
377	3	1356	29
377	3	1669	20
377	3	2295	9
378	3	1408	29
378	3	1461	20
379	3	1043	29
379	3	1095	20
379	3	1461	9
379	3	1774	12
380	3	991	20
380	3	1826	29
381	3	834	29
381	3	1565	20
382	3	730	29
382	3	782	20
383	3	1930	29
384	3	834	29
384	3	887	20
385	3	939	20
385	3	1043	29
386	3	417	29
386	3	887	20
387	3	782	29
387	3	1252	9
387	3	1565	12
387	3	1878	30
388	3	2139	29
389	3	626	29
389	3	939	20
390	3	574	29
390	3	887	20
390	3	1565	9
390	3	2087	12
391	3	626	29
391	3	939	20
391	3	1617	9
391	3	1930	12
391	3	2243	30
392	3	1826	29
392	3	2139	20
393	3	521	29
393	3	834	20
393	3	1565	9
394	3	939	29
394	3	1461	20
395	3	991	29
396	3	574	29
396	3	887	20
396	3	1200	9
396	3	1513	12
396	3	1826	30
397	3	1252	29
397	3	1565	20
397	3	2191	9
398	3	991	20
398	3	2139	29
399	3	574	29
399	3	887	20
399	3	1461	9
400	3	834	29
400	3	887	20
400	3	2191	9
401	3	2295	29
402	3	939	29
402	3	991	20
402	3	1669	9
403	3	2087	29
404	3	1095	29
404	3	1513	20
404	3	2243	9
405	3	1461	29
405	3	1774	20
406	3	782	29
406	3	834	20
406	3	1565	9
407	3	1200	29
407	3	1513	20
409	3	1408	20
409	3	1617	29
410	3	1722	29
410	3	2035	20
411	3	574	29
411	3	887	20
411	3	1200	9
411	3	1513	12
411	3	1826	30
412	3	678	20
412	3	730	29
412	3	1095	30
412	3	1408	9
412	3	1722	12
413	3	574	29
413	3	887	20
413	3	1200	9
413	3	1513	12
413	3	1826	30
414	3	730	29
414	3	1043	20
414	3	1617	9
414	3	1930	12
414	3	2243	30
415	3	678	29
415	3	991	20
415	3	1565	9
416	3	1826	20
416	3	1878	29
417	3	678	29
417	3	991	20
417	3	1930	9
417	3	2295	12
418	3	834	29
418	3	1148	20
418	3	1461	9
418	3	1774	12
418	3	2087	30
419	3	521	29
419	3	834	20
419	3	1148	30
419	3	1461	9
419	3	1774	12
420	3	1200	29
420	3	1513	20
420	3	2035	9
421	3	2087	29
422	3	1930	29
423	3	1148	29
423	3	1461	20
423	3	1774	9
424	3	626	29
424	3	678	20
424	3	1043	30
424	3	1356	9
424	3	1669	12
425	3	991	29
426	3	1148	29
426	3	1461	20
426	3	1774	9
426	3	2243	12
427	3	2139	29
428	3	678	29
428	3	730	20
429	3	417	29
429	3	1043	20
429	3	1461	9
429	3	1774	12
430	3	730	29
430	3	1461	9
431	3	521	29
431	3	834	20
431	3	1148	30
431	3	1461	9
431	3	1774	12
432	3	834	29
432	3	1356	9
432	3	1669	12
432	3	1982	30
433	3	939	29
433	3	1252	20
433	3	1774	9
434	3	730	20
434	3	782	29
434	3	1200	9
434	3	1513	12
434	3	1826	30
435	3	521	29
435	3	834	20
435	3	1356	9
435	3	1722	12
435	3	2035	30
436	3	574	29
436	3	887	20
436	3	1200	9
436	3	1513	12
436	3	1826	30
437	3	626	29
437	3	939	20
437	3	1878	9
437	3	2295	12
438	3	417	29
438	3	1095	20
438	3	1565	9
439	3	1722	29
439	3	2035	20
440	3	730	29
440	3	1148	20
442	3	887	20
442	3	1095	29
442	3	1930	9
442	3	2243	12
445	3	574	29
445	3	887	20
445	3	1826	9
445	3	2139	12
446	3	1774	29
446	3	2087	20
447	3	1774	29
447	3	2243	20
448	3	2295	29
449	3	2295	29
451	3	1043	29
451	3	1095	20
451	3	1565	9
451	3	1878	12
451	3	2191	30
452	3	834	29
452	3	2035	9
453	3	574	29
453	3	887	20
453	3	1200	9
453	3	1513	12
453	3	1826	30
454	3	1774	29
455	3	1200	29
455	3	1513	20
455	3	1930	9
456	3	1461	29
456	3	1774	20
457	3	1148	29
457	3	1461	20
459	3	417	29
460	3	574	29
460	3	887	20
460	3	1930	9
460	3	2243	12
461	3	626	29
461	3	678	20
461	3	1461	9
461	3	1774	12
462	3	887	20
462	3	1148	29
462	3	2191	9
463	3	834	20
463	3	887	29
463	3	1356	9
463	3	1669	12
463	3	1982	30
464	3	1148	29
464	3	1200	20
464	3	1774	9
465	3	626	29
465	3	939	20
465	3	2191	9
466	3	678	29
466	3	1461	9
467	3	626	29
467	3	939	20
467	3	1982	9
468	3	574	29
468	3	887	20
468	3	2035	9
469	3	521	29
469	3	834	20
469	3	1148	30
469	3	1461	9
469	3	1774	12
470	3	2087	29
471	3	1774	29
471	3	2087	20
472	3	730	20
472	3	834	29
472	3	2087	9
473	3	1043	29
473	3	1095	20
473	3	1826	9
473	3	2139	12
474	3	678	29
474	3	730	20
474	3	1356	9
474	3	1669	12
474	3	2243	30
475	3	1826	29
475	3	2139	20
476	3	1669	29
478	3	1304	29
478	3	1669	20
480	3	1461	20
480	3	1774	29
481	3	730	29
481	3	1043	20
481	3	1356	9
481	3	1669	12
481	3	1982	30
482	3	887	29
482	3	1200	20
482	3	2295	9
484	3	2035	29
485	3	1356	29
485	3	1774	20
486	3	1356	29
486	3	1669	20
486	3	2087	9
487	3	678	29
487	3	730	20
487	3	1930	9
488	3	1408	29
488	3	1722	20
489	3	574	29
489	3	887	20
489	3	1200	9
489	3	1513	12
489	3	1826	30
490	3	1095	29
490	3	1148	20
490	3	1617	9
490	3	1930	12
490	3	2243	30
491	3	887	29
491	3	1200	20
491	3	2243	9
492	3	1148	29
492	3	1617	9
492	3	1930	12
492	3	2243	30
494	3	521	29
494	3	834	20
495	3	1095	29
495	3	1148	20
495	3	1565	9
496	3	1043	29
496	3	1095	20
496	3	1617	9
496	3	1930	12
496	3	2243	30
497	3	626	29
497	3	939	20
498	3	730	29
498	3	1043	20
499	3	834	29
499	3	887	20
500	3	574	29
500	3	887	20
500	3	1200	9
500	3	1513	12
500	3	1826	30
501	3	1461	29
501	3	1774	20
502	3	1095	29
502	3	1408	20
503	3	574	29
503	3	887	20
503	3	1200	9
503	3	1513	12
503	3	1826	30
505	3	1565	29
505	3	1878	20
506	3	1304	29
506	3	1356	20
507	3	2087	29
508	3	678	29
508	3	1200	9
508	3	1513	12
508	3	1826	30
510	3	2087	29
512	3	1095	29
512	3	1408	20
512	3	1722	9
512	3	2035	12
513	3	1095	29
513	3	1408	20
514	3	834	29
514	3	1878	9
515	3	574	29
515	3	887	20
515	3	1356	9
515	3	1826	12
515	3	2139	30
516	3	1461	29
516	3	1774	20
517	3	1356	29
517	3	1669	20
518	3	1200	29
518	3	1513	20
519	3	730	29
519	3	1043	20
519	3	1461	9
519	3	1774	12
519	3	2191	30
520	3	887	20
520	3	939	29
520	3	2087	9
521	3	626	29
521	3	939	20
521	3	1252	9
521	3	1565	12
521	3	1878	30
522	3	1043	29
522	3	1095	20
522	3	1513	9
522	3	1826	12
522	3	2139	30
523	3	678	20
523	3	730	29
523	3	1774	9
523	3	2243	12
524	3	2295	29
525	3	730	29
525	3	1043	20
525	3	1356	9
525	3	1669	12
525	3	1982	30
526	3	1982	29
527	3	574	29
527	3	887	20
527	3	2243	9
528	3	574	29
528	3	887	20
528	3	1513	9
529	3	626	29
529	3	678	20
529	3	1043	30
529	3	1356	9
529	3	1669	12
530	3	1304	29
530	3	1774	9
530	3	2295	12
531	3	1148	29
531	3	1461	20
531	3	1774	9
532	3	1304	29
533	3	2139	29
534	3	626	29
534	3	678	20
534	3	1095	30
534	3	1408	9
534	3	1722	12
535	3	2295	29
536	3	1513	29
536	3	1878	20
537	3	1043	29
537	3	1722	9
537	3	2243	12
538	3	678	29
538	3	1461	9
539	3	626	29
539	3	678	20
539	3	991	30
540	3	2087	29
541	3	626	29
541	3	939	20
541	3	2191	9
542	3	1200	29
542	3	1513	20
543	3	1252	29
543	3	1304	20
543	3	1826	9
543	3	2139	12
544	3	730	29
544	3	1043	20
544	3	1408	9
544	3	1722	12
544	3	2035	30
546	3	1200	29
546	3	1513	20
547	3	887	29
547	3	1461	9
547	3	1774	12
547	3	2087	30
548	3	1722	29
549	3	1356	29
549	3	1669	20
550	3	678	29
550	3	1095	30
550	3	1408	9
550	3	1722	12
551	3	626	29
551	3	939	20
551	3	1252	9
551	3	1565	12
551	3	1878	30
552	3	1461	20
552	3	1513	29
553	3	1148	29
553	3	1461	20
554	3	521	29
554	3	834	20
554	3	1148	30
554	3	1461	9
554	3	1774	12
555	3	521	29
555	3	834	20
555	3	1148	30
555	3	1461	9
555	3	1774	12
556	3	991	29
556	3	1304	20
556	3	1617	9
557	3	2087	29
558	3	417	29
558	3	730	20
559	3	1043	29
559	3	1356	20
559	3	1669	9
559	3	2243	12
560	3	1565	20
560	3	1826	29
561	3	1461	29
561	3	1774	20
562	3	1148	29
562	3	1461	20
562	3	1774	9
563	3	1043	29
563	3	1095	20
563	3	1461	9
563	3	1774	12
564	3	1617	29
564	3	1930	20
565	3	730	29
565	3	1043	30
565	3	1356	9
565	3	1669	12
566	3	574	29
566	3	887	20
566	3	1722	9
567	3	782	29
567	3	1095	20
568	3	678	29
568	3	1148	30
568	3	1461	9
568	3	1774	12
569	3	1148	29
569	3	1200	20
570	3	1356	29
570	3	1669	20
571	3	521	29
571	3	834	20
571	3	1826	9
572	3	1722	20
572	3	1774	29
574	3	991	29
575	3	521	29
575	3	834	20
575	3	1148	30
575	3	1461	9
575	3	1774	12
576	3	1304	29
576	3	1617	20
577	3	626	29
577	3	678	20
577	3	991	30
577	3	1356	9
577	3	2087	12
578	3	1356	29
578	3	1722	20
581	3	1252	29
581	3	1565	20
581	3	1878	9
582	3	1095	29
582	3	1408	20
583	3	678	29
583	3	991	30
583	3	1304	9
583	3	1617	12
584	3	626	29
584	3	939	20
584	3	2191	9
585	3	574	29
585	3	887	20
585	3	1200	9
585	3	1513	12
585	3	1826	30
586	3	991	29
586	3	1304	20
586	3	1617	9
587	3	521	29
587	3	834	20
587	3	1148	30
587	3	1461	9
587	3	1774	12
588	3	887	29
588	3	1722	9
589	3	834	29
589	3	887	20
589	3	1461	9
589	3	2243	12
590	3	678	29
590	3	730	20
590	3	1617	9
591	3	1774	29
593	3	1930	29
593	3	2243	20
594	3	1304	29
594	3	1617	20
595	3	678	29
595	3	730	20
595	3	1304	9
595	3	1617	12
595	3	1930	30
596	3	991	29
596	3	1304	20
596	3	1617	9
597	3	1461	29
597	3	2139	20
598	3	521	29
598	3	834	20
598	3	1930	9
598	3	2243	12
599	3	574	29
599	3	887	20
599	3	1826	9
599	3	2191	12
600	3	1878	29
600	3	2243	20
601	3	730	29
601	3	1043	20
602	3	1722	29
603	3	939	29
604	3	1148	29
604	3	1200	20
604	3	1878	9
604	3	2243	12
605	3	1304	29
605	3	1617	20
606	3	991	29
606	3	1304	20
606	3	1617	9
606	3	1982	12
606	3	2295	30
607	3	626	29
607	3	939	20
607	3	1461	9
607	3	1982	12
607	3	2295	30
608	3	782	20
608	3	834	29
608	3	1669	9
610	3	2295	29
611	3	1148	29
611	3	1200	20
612	3	1200	29
612	3	1513	20
613	3	1669	29
614	3	1200	29
614	3	1513	20
615	3	1200	29
615	3	1513	20
616	3	1200	29
616	3	1513	20
617	3	1982	29
617	3	2295	20
619	3	1513	29
619	3	1826	20
620	3	678	29
620	3	730	20
620	3	2243	9
621	3	1095	29
621	3	1408	20
621	3	1722	9
622	3	574	29
622	3	887	20
623	3	1565	29
623	3	1930	20
624	3	782	29
625	3	1200	29
625	3	1513	20
626	3	834	20
626	3	887	29
626	3	1513	9
627	3	887	29
627	3	1722	9
628	3	939	29
628	3	1252	20
628	3	1774	9
628	3	2295	12
629	3	1774	29
629	3	2087	20
630	3	1148	29
630	3	1461	20
631	3	991	29
631	3	1304	20
631	3	1617	9
631	3	1930	12
631	3	2243	30
632	3	574	29
632	3	887	20
632	3	1200	9
632	3	1878	12
632	3	2191	30
633	3	1826	29
633	3	2139	20
634	3	1304	29
634	3	1617	20
635	3	1513	29
635	3	1826	20
638	3	1930	29
639	3	730	29
639	3	1304	9
639	3	1617	12
639	3	1930	30
640	3	2035	29
641	3	991	29
642	3	1408	29
642	3	1722	20
644	3	834	29
645	3	1148	29
645	3	1669	9
646	3	626	29
646	3	939	20
646	3	1252	9
646	3	1565	12
646	3	1878	30
648	3	1095	29
648	3	1408	20
648	3	1826	9
649	3	834	29
649	3	1617	9
650	3	1774	29
650	3	1826	20
651	3	834	29
651	3	887	20
652	3	991	29
652	3	1774	9
652	3	2191	12
653	3	887	29
653	3	1200	20
653	3	1878	9
653	3	2191	12
654	3	1148	29
654	3	1930	20
655	3	1043	29
655	3	1356	20
655	3	2035	9
656	3	939	29
656	3	1252	20
657	3	834	20
657	3	887	29
658	3	834	29
658	3	887	20
658	3	1356	9
658	3	1669	12
658	3	1982	30
659	3	1148	29
659	3	1461	20
660	3	2035	29
661	3	626	29
661	3	939	20
661	3	1617	9
662	3	991	29
662	3	1304	20
662	3	1722	9
663	3	1252	29
663	3	1565	20
664	3	730	29
664	3	1043	20
664	3	1408	9
664	3	1722	12
664	3	2035	30
665	3	730	20
665	3	782	29
665	3	1774	9
666	3	626	29
666	3	678	20
666	3	1930	9
666	3	2295	12
667	3	678	29
667	3	730	20
668	3	1304	29
668	3	1617	20
668	3	2191	9
669	3	1148	29
669	3	1461	20
669	3	1982	9
669	3	2295	12
670	3	1252	29
670	3	1565	20
672	3	1252	29
672	3	1774	20
673	3	1200	29
673	3	1513	20
674	3	1095	29
674	3	1148	20
674	3	1669	9
675	3	1148	29
675	3	1461	20
675	3	1774	9
676	3	574	29
676	3	887	20
676	3	1200	9
676	3	1513	12
676	3	1826	30
677	3	991	29
677	3	1304	20
677	3	1617	9
678	3	678	29
678	3	991	20
678	3	2087	9
679	3	1513	20
679	3	1565	29
680	3	1148	29
680	3	1461	20
680	3	1774	9
681	3	1669	29
682	3	678	29
682	3	991	20
682	3	2035	9
683	3	1461	29
683	3	1774	20
684	3	1095	29
684	3	1408	20
684	3	1722	9
685	3	834	29
685	3	1878	20
686	3	730	29
686	3	1043	20
687	3	1669	29
688	3	1408	29
688	3	1722	20
688	3	2295	9
689	3	1304	29
690	3	939	29
690	3	2295	20
691	3	678	29
691	3	991	20
691	3	1408	9
691	3	1722	12
691	3	2035	30
692	3	939	29
692	3	1252	20
692	3	1565	9
692	3	1878	12
692	3	2191	30
693	3	417	29
693	3	1043	20
693	3	1565	9
693	3	1878	12
693	3	2191	30
694	3	730	20
694	3	887	29
694	3	1669	9
695	3	521	29
695	3	834	20
695	3	1930	9
695	3	2243	12
696	3	1669	29
697	3	626	29
697	3	939	20
697	3	1617	9
697	3	1930	12
697	3	2243	30
698	3	1774	29
698	3	2139	20
699	3	939	29
699	3	1252	20
700	3	939	20
700	3	991	29
701	3	1043	29
701	3	1356	20
701	3	1669	9
701	3	2243	12
702	3	939	29
703	3	678	20
703	3	782	29
703	3	1356	9
703	3	1774	12
703	3	2087	30
705	3	1304	29
705	3	1617	20
705	3	2139	9
706	3	574	29
706	3	887	20
706	3	1982	9
707	3	730	29
707	3	1043	20
708	3	1200	29
708	3	1513	20
709	3	834	29
709	3	887	20
709	3	1513	9
709	3	1826	12
709	3	2139	30
710	3	887	29
710	3	1356	9
710	3	1669	12
711	3	1200	29
711	3	1513	20
711	3	1930	9
711	3	2295	12
712	3	1148	29
712	3	1200	20
714	3	678	29
714	3	1878	9
714	3	2295	12
715	3	1095	29
715	3	1408	20
716	3	574	29
716	3	887	20
716	3	1200	9
716	3	1513	12
716	3	1826	30
717	3	1148	29
717	3	1461	20
717	3	1774	9
717	3	2087	12
718	3	782	29
718	3	1408	9
718	3	1722	12
718	3	2087	30
719	3	1461	20
719	3	1565	29
720	3	2243	29
721	3	1095	29
721	3	1148	20
721	3	1774	9
722	3	469	29
722	3	782	20
722	3	1095	30
722	3	1408	9
722	3	1722	12
723	3	417	29
723	3	939	20
724	3	1930	20
724	3	1982	29
725	3	782	29
725	3	1095	20
725	3	1565	9
725	3	2191	12
726	3	991	29
726	3	1304	20
726	3	1617	9
727	3	1617	29
728	3	1982	29
728	3	2295	20
729	3	782	29
729	3	2243	9
730	3	1095	29
730	3	1408	20
731	3	574	29
731	3	887	20
731	3	2035	9
732	3	834	29
732	3	1148	20
733	3	626	29
733	3	939	20
733	3	1461	9
733	3	1774	12
734	3	678	29
734	3	1513	9
734	3	1826	12
734	3	2139	30
735	3	2035	29
736	3	1461	29
737	3	678	29
737	3	991	20
737	3	1565	9
737	3	1878	12
737	3	2191	30
738	3	678	29
738	3	991	20
738	3	1356	9
738	3	1669	12
738	3	1982	30
739	3	1200	29
739	3	1513	20
741	3	834	29
741	3	1148	20
742	3	574	29
742	3	887	20
742	3	1200	9
742	3	1513	12
742	3	1826	30
743	3	626	29
743	3	678	20
743	3	1408	9
743	3	1982	12
743	3	2295	30
744	3	1200	29
744	3	1513	20
744	3	2035	9
745	3	1878	29
746	3	417	29
746	3	1565	20
747	3	1095	29
747	3	1408	20
748	3	2139	29
749	3	1826	20
749	3	2087	29
750	3	939	29
752	3	1148	29
752	3	1461	20
752	3	1774	9
752	3	2191	12
753	3	678	20
753	3	730	29
753	3	1356	9
753	3	1669	12
753	3	1982	30
754	3	574	29
754	3	887	20
754	3	1513	9
755	3	574	29
755	3	887	20
755	3	1826	9
755	3	2191	12
756	3	730	29
756	3	782	20
756	3	1252	9
756	3	1565	12
756	3	1878	30
757	3	1930	29
757	3	2243	20
758	3	574	29
758	3	887	20
758	3	1200	9
759	3	1617	29
760	3	1043	29
760	3	2087	20
761	3	1043	29
761	3	1356	20
761	3	2295	9
762	3	887	20
762	3	1043	29
763	3	1304	29
763	3	1617	20
763	3	2139	9
765	3	730	29
765	3	2035	9
766	3	782	29
766	3	834	20
767	3	1304	29
767	3	1617	20
768	3	1669	29
769	3	1930	29
769	3	2295	20
770	3	2035	29
771	3	1304	29
771	3	1617	20
772	3	1774	29
772	3	2139	20
773	3	1565	29
774	3	678	29
774	3	730	20
774	3	1200	9
774	3	1565	12
774	3	1878	30
775	3	1826	29
775	3	2295	20
776	3	574	29
776	3	887	20
776	3	1200	9
776	3	1513	12
776	3	1826	30
777	3	2139	29
778	3	834	20
778	3	887	29
778	3	2295	9
779	3	417	29
779	3	2087	20
780	3	939	20
780	3	1826	29
781	3	782	29
781	3	1095	20
781	3	1565	9
781	3	1878	12
781	3	2191	30
782	3	887	29
782	3	1669	20
783	3	1722	29
783	3	2087	20
784	3	678	29
784	3	1878	9
784	3	2191	12
785	3	730	29
785	3	1043	20
786	3	2035	29
787	3	1513	29
787	3	1878	20
788	3	730	29
788	3	1043	20
789	3	1200	29
789	3	1513	20
789	3	1878	9
790	3	1095	29
790	3	1461	20
791	3	1826	29
792	3	834	29
792	3	887	20
793	3	574	29
793	3	887	20
793	3	1200	9
793	3	1878	12
793	3	2191	30
794	3	521	29
794	3	834	20
794	3	1982	9
795	3	1878	29
795	3	2191	20
796	3	1617	29
796	3	2243	20
797	3	730	20
797	3	782	29
798	3	1200	29
798	3	1513	20
798	3	2035	9
800	3	1565	29
801	3	1461	29
801	3	1774	20
802	3	887	29
802	3	939	20
803	3	887	29
803	3	939	20
803	3	1304	9
803	3	1617	12
803	3	1930	30
804	3	887	20
804	3	1043	29
804	3	2035	9
806	3	1513	29
807	3	626	29
807	3	678	20
807	3	991	30
807	3	1304	9
807	3	1617	12
808	3	2139	29
809	3	1930	29
809	3	2295	20
810	3	574	29
810	3	887	20
810	3	1461	9
810	3	1930	12
810	3	2243	30
811	3	626	29
811	3	678	20
811	3	2035	9
812	3	782	29
812	3	1461	9
812	3	1774	12
812	3	2087	30
813	3	939	20
813	3	1304	29
814	3	2295	29
815	3	521	29
815	3	834	20
816	3	1200	29
816	3	1826	9
817	3	2243	29
818	3	939	29
818	3	1252	20
818	3	1930	9
818	3	2295	12
819	3	1774	29
820	3	1826	29
820	3	1878	20
821	3	1252	29
821	3	1565	20
822	3	521	29
822	3	834	20
822	3	1774	9
822	3	2087	12
823	3	626	29
823	3	678	20
823	3	991	30
823	3	1304	9
823	3	1617	12
824	3	1148	29
824	3	1461	20
824	3	1774	9
825	3	1148	29
825	3	1200	20
825	3	1669	9
826	3	1095	29
826	3	1408	20
827	3	1982	29
828	3	1252	29
828	3	1565	20
829	3	1982	29
830	3	1461	29
830	3	1513	20
831	3	887	20
831	3	939	29
831	3	1408	9
831	3	1722	12
831	3	2035	30
832	3	782	20
832	3	834	29
832	3	1200	9
832	3	1513	12
832	3	1826	30
833	3	1304	29
833	3	1617	20
834	3	678	29
834	3	991	20
834	3	1408	9
834	3	1722	12
834	3	2035	30
835	3	991	29
836	3	2139	29
837	3	1565	29
837	3	1878	20
838	3	417	29
838	3	730	20
838	3	1408	9
838	3	1774	12
838	3	2087	30
839	3	1408	29
839	3	1722	20
840	3	521	29
840	3	834	20
840	3	1148	30
840	3	1461	9
840	3	1774	12
841	3	730	20
841	3	782	29
842	3	1095	29
842	3	1408	20
842	3	1878	9
843	3	626	29
843	3	678	20
843	3	1148	30
843	3	1461	9
843	3	1774	12
844	3	1617	29
844	3	2243	20
845	3	1356	29
845	3	1669	20
846	3	1513	29
847	3	1356	29
847	3	1669	20
847	3	2243	9
848	3	469	29
848	3	782	20
848	3	1095	30
848	3	1408	9
848	3	1722	12
849	3	2243	29
850	3	521	29
850	3	834	20
850	3	1200	9
850	3	1513	12
850	3	1826	30
853	3	1722	20
853	3	1878	29
853	3	2191	9
854	3	1148	20
854	3	1200	29
854	3	1565	9
854	3	1878	12
855	3	782	29
855	3	2139	20
856	3	991	29
856	3	1408	20
857	3	1722	29
858	3	991	29
858	3	1043	20
858	3	1669	9
860	3	1878	29
861	3	730	29
861	3	782	20
862	3	1669	29
863	3	782	29
863	3	1356	9
863	3	1669	12
864	3	574	29
864	3	887	20
864	3	1200	9
864	3	1513	12
864	3	1826	30
865	3	678	29
865	3	730	20
865	3	2139	9
866	3	574	29
866	3	887	20
866	3	1878	9
867	3	1148	29
867	3	1461	20
868	3	730	29
868	3	1043	20
868	3	2087	9
869	3	417	29
869	3	1200	20
869	3	1669	9
870	3	1148	29
870	3	1461	20
871	3	1200	29
871	3	1513	20
873	3	574	29
873	3	887	20
873	3	1200	9
873	3	1513	12
873	3	1826	30
875	3	417	29
875	3	887	20
875	3	1722	9
876	3	678	29
876	3	730	20
877	3	574	29
877	3	887	20
877	3	1200	9
877	3	1513	12
877	3	1826	30
878	3	1408	29
878	3	1461	20
878	3	2087	9
879	3	991	20
879	3	1043	29
880	3	626	29
880	3	678	20
880	3	1356	9
880	3	1722	12
880	3	2035	30
882	3	1356	29
882	3	1669	20
883	3	2035	29
884	3	730	29
884	3	1043	20
885	3	678	29
885	3	1200	9
885	3	1513	12
885	3	1826	30
886	3	1513	29
886	3	1826	20
887	3	887	29
887	3	1200	20
888	3	2139	29
889	3	1513	29
889	3	2087	20
890	3	1252	29
890	3	1617	20
891	3	782	20
891	3	834	29
892	3	1669	29
892	3	2035	20
893	3	782	29
893	3	1095	20
894	3	834	29
894	3	1148	20
895	3	1200	29
895	3	1252	20
895	3	2243	9
896	3	626	29
896	3	939	20
897	3	730	29
897	3	1043	20
897	3	1461	9
898	3	782	29
898	3	1304	9
898	3	1617	12
898	3	1930	30
899	3	626	29
899	3	939	20
899	3	1304	9
899	3	1617	12
899	3	1930	30
900	3	1200	29
900	3	1513	20
901	3	574	29
901	3	887	20
902	3	1095	29
902	3	1148	20
902	3	1565	9
902	3	1878	12
902	3	2191	30
903	3	626	29
903	3	939	20
903	3	1461	9
903	3	1774	12
903	3	2087	30
905	3	1461	29
905	3	1774	20
906	3	626	29
906	3	939	20
907	3	2243	29
908	3	730	29
908	3	1617	9
909	3	2035	29
910	3	1200	29
910	3	1513	20
911	3	2139	29
912	3	730	20
912	3	834	29
913	3	1356	29
913	3	1669	20
914	3	1095	29
914	3	1148	20
914	3	1669	9
915	3	1356	29
915	3	1669	20
916	3	626	29
916	3	939	20
916	3	1356	9
916	3	1669	12
917	3	782	29
917	3	1826	20
918	3	1200	29
918	3	1513	20
919	3	1669	29
919	3	2295	20
920	3	1617	29
920	3	1930	20
922	3	1043	29
922	3	2191	9
923	3	1408	29
923	3	1774	20
924	3	834	29
924	3	1356	9
924	3	1669	12
924	3	1982	30
925	3	678	29
925	3	730	20
926	3	834	29
926	3	1148	20
926	3	1565	9
926	3	1878	12
926	3	2191	30
927	3	1043	29
927	3	1356	20
927	3	1774	9
929	3	678	29
929	3	991	20
929	3	1565	9
931	3	574	29
931	3	887	20
931	3	1200	9
931	3	1513	12
931	3	1826	30
932	3	1252	29
932	3	1565	20
932	3	2139	9
933	3	1252	29
933	3	1565	20
933	3	2035	9
934	3	1200	29
934	3	1513	20
935	3	417	29
935	3	730	20
936	3	1252	29
936	3	1774	20
937	3	1826	29
937	3	2139	20
938	3	1252	29
938	3	1565	20
938	3	2295	9
939	3	1669	29
940	3	991	20
940	3	1095	29
940	3	1565	9
940	3	1878	12
940	3	2191	30
941	3	626	29
941	3	678	20
941	3	1252	9
941	3	1617	12
941	3	1930	30
942	3	574	29
942	3	887	20
942	3	1200	9
942	3	1513	12
942	3	1826	30
944	3	887	29
944	3	1252	20
944	3	2139	9
946	3	417	29
946	3	1200	20
946	3	2191	9
947	3	678	29
947	3	730	20
947	3	1095	30
947	3	1408	9
947	3	1722	12
948	3	678	29
948	3	730	20
948	3	1461	9
949	3	469	29
949	3	782	20
949	3	1095	30
949	3	1408	9
949	3	1722	12
950	3	626	29
950	3	678	20
950	3	1408	9
953	3	626	29
953	3	939	20
953	3	1461	9
953	3	1774	12
954	3	574	29
954	3	887	20
954	3	1200	9
954	3	1774	12
954	3	2087	30
956	3	1930	29
957	3	417	29
958	3	1826	29
960	3	939	29
960	3	1252	20
961	3	834	29
961	3	1148	20
961	3	1878	9
962	3	2035	29
963	3	678	29
963	3	991	20
964	3	730	20
964	3	834	29
964	3	1304	9
964	3	1617	12
964	3	1930	30
965	3	1200	29
966	3	521	29
966	3	834	20
966	3	1878	9
966	3	2191	12
968	3	834	29
968	3	1304	20
969	3	939	29
969	3	1617	9
969	3	2035	12
971	3	834	20
971	3	887	29
971	3	1669	9
971	3	2191	12
972	3	521	29
972	3	834	20
972	3	1148	30
972	3	1461	9
972	3	1774	12
973	3	834	29
974	3	939	29
975	3	1356	29
975	3	1774	20
976	3	991	29
976	3	1513	9
976	3	1826	12
976	3	2139	30
977	3	2243	29
978	3	782	29
978	3	1461	9
979	3	1356	29
979	3	1669	20
980	3	1982	29
981	3	1095	29
981	3	1408	20
981	3	1722	9
982	3	834	29
982	3	887	20
983	3	521	29
983	3	834	20
984	3	1200	20
984	3	1252	29
984	3	1669	9
985	3	1200	29
985	3	1513	20
985	3	1826	9
987	3	1722	29
988	3	834	29
988	3	1200	20
988	3	2295	9
989	3	574	29
989	3	887	20
989	3	1982	9
990	3	1826	29
994	3	2139	29
995	3	574	29
995	3	887	20
995	3	1774	9
995	3	2295	12
996	3	1356	29
996	3	1774	20
998	3	939	20
998	3	991	29
998	3	1356	9
998	3	1669	12
998	3	1982	30
999	3	1617	29
0	4	626	29
0	4	991	30
1	4	626	29
1	4	991	30
2	4	782	29
3	4	1200	29
4	4	782	29
4	4	2035	30
4	4	2295	28
5	4	678	29
6	4	834	29
7	4	1148	29
8	4	991	29
8	4	2035	30
10	4	521	29
12	4	1930	29
13	4	1826	29
14	4	469	29
15	4	730	29
16	4	678	29
17	4	574	29
18	4	678	29
19	4	1878	29
20	4	782	29
21	4	574	29
22	4	1148	29
23	4	678	29
24	4	678	29
24	4	2243	30
25	4	1565	29
26	4	939	29
27	4	626	29
28	4	991	29
28	4	2035	30
29	4	1513	29
30	4	1304	29
31	4	782	29
32	4	1148	29
33	4	1043	29
34	4	1095	29
35	4	730	29
35	4	2243	30
36	4	730	29
37	4	991	29
38	4	887	29
39	4	834	29
40	4	574	29
40	4	1826	30
41	4	1043	29
42	4	1043	29
43	4	417	29
45	4	887	29
46	4	730	29
47	4	1304	29
49	4	678	29
49	4	2087	30
51	4	1878	29
52	4	2035	29
53	4	730	29
53	4	1982	30
55	4	834	29
56	4	1513	29
57	4	521	29
57	4	1148	30
58	4	782	29
58	4	1826	30
59	4	782	29
59	4	2139	30
60	4	2087	29
61	4	782	29
62	4	574	29
62	4	2087	30
63	4	417	29
64	4	1982	29
65	4	991	29
66	4	1252	29
67	4	1043	29
67	4	2295	30
68	4	1669	29
69	4	1095	29
70	4	939	29
71	4	1148	29
73	4	1930	29
74	4	1826	29
75	4	678	29
76	4	1513	29
77	4	1930	29
79	4	1148	29
80	4	730	29
81	4	887	29
82	4	1252	29
83	4	1252	29
84	4	782	29
86	4	1461	29
87	4	574	29
87	4	1826	30
88	4	991	29
89	4	1043	29
90	4	1461	29
91	4	939	29
92	4	574	29
93	4	1513	29
94	4	2139	29
95	4	1774	29
96	4	1148	29
97	4	1461	29
98	4	1826	29
99	4	1356	29
100	4	2035	29
101	4	887	29
102	4	834	29
103	4	1200	29
104	4	626	29
104	4	2295	30
106	4	939	29
106	4	1982	30
107	4	574	29
107	4	2139	30
108	4	678	29
109	4	1513	29
110	4	626	29
110	4	1878	30
111	4	887	29
112	4	1043	29
113	4	574	29
114	4	887	29
115	4	1513	29
116	4	1617	29
117	4	1669	29
118	4	1200	29
119	4	1252	29
120	4	1200	29
121	4	1565	29
122	4	678	29
122	4	1043	30
123	4	2139	29
124	4	678	29
125	4	730	29
125	4	1982	30
126	4	574	29
127	4	626	29
127	4	2191	30
128	4	574	29
128	4	2191	30
129	4	1304	29
130	4	417	29
131	4	887	29
131	4	2139	30
132	4	574	29
133	4	887	29
134	4	1252	29
135	4	678	29
136	4	521	29
136	4	1148	30
137	4	1043	29
138	4	574	29
138	4	1826	30
139	4	678	29
139	4	1826	30
139	4	2139	28
140	4	2035	29
141	4	626	29
141	4	1148	30
142	4	1252	29
143	4	1304	29
145	4	1252	29
146	4	730	29
147	4	887	29
148	4	1513	29
149	4	574	29
149	4	1826	30
150	4	626	29
151	4	417	29
152	4	782	29
152	4	2087	30
153	4	1408	29
154	4	678	29
154	4	1930	30
155	4	521	29
155	4	2191	30
156	4	626	29
156	4	2035	30
158	4	834	29
158	4	2087	30
159	4	574	29
159	4	1878	30
160	4	1095	29
161	4	1930	29
162	4	1200	29
163	4	1669	29
164	4	782	29
165	4	834	29
166	4	1982	29
167	4	1617	29
169	4	626	29
170	4	574	29
170	4	1826	30
171	4	1826	29
172	4	1148	29
173	4	1408	29
174	4	1148	29
175	4	834	29
175	4	2243	30
176	4	626	29
178	4	2295	29
179	4	782	29
181	4	574	29
182	4	417	29
183	4	678	29
184	4	1669	29
185	4	782	29
185	4	2139	30
187	4	1148	29
188	4	1826	29
189	4	1043	29
189	4	2243	30
190	4	1200	29
191	4	678	29
192	4	782	29
193	4	939	29
194	4	2035	29
196	4	521	29
196	4	1148	30
198	4	887	29
198	4	2191	30
199	4	521	29
199	4	1148	30
200	4	1200	29
201	4	1930	29
202	4	1200	29
203	4	1043	29
204	4	834	29
205	4	1461	29
206	4	521	29
206	4	1148	30
206	4	2191	28
207	4	626	29
207	4	2191	30
208	4	626	29
210	4	834	29
211	4	1669	29
212	4	1200	29
213	4	1826	29
215	4	1304	29
216	4	2191	29
217	4	1148	29
218	4	991	29
220	4	1826	29
221	4	1043	29
222	4	1930	29
223	4	2035	29
224	4	1252	29
225	4	574	29
225	4	1826	30
226	4	574	29
226	4	1930	30
227	4	939	29
228	4	626	29
228	4	1878	30
229	4	1043	29
230	4	574	29
231	4	574	29
232	4	574	29
232	4	1982	30
233	4	1252	29
235	4	1774	29
236	4	1878	29
239	4	1408	29
240	4	626	29
240	4	2035	30
241	4	991	29
242	4	939	29
242	4	2191	30
243	4	521	29
243	4	1148	30
244	4	678	29
245	4	1461	29
248	4	521	29
249	4	574	29
250	4	574	29
250	4	1826	30
251	4	887	29
252	4	2087	29
253	4	1356	29
255	4	1252	29
256	4	1095	29
257	4	1304	29
258	4	626	29
258	4	991	30
259	4	574	29
260	4	730	29
262	4	1095	29
264	4	678	29
265	4	678	29
266	4	939	29
267	4	574	29
268	4	1043	29
269	4	678	29
269	4	1930	30
270	4	991	29
271	4	782	29
271	4	2243	30
272	4	626	29
272	4	1878	30
272	4	2139	28
274	4	1461	29
275	4	2191	29
277	4	1982	29
278	4	1669	29
279	4	1304	29
280	4	1774	29
282	4	1982	29
283	4	1200	29
284	4	574	29
284	4	1826	30
285	4	1148	29
286	4	521	29
286	4	1982	30
287	4	1408	29
288	4	834	29
289	4	2243	29
291	4	991	29
292	4	1826	29
293	4	574	29
293	4	1826	30
294	4	678	29
295	4	1356	29
296	4	678	29
297	4	2139	29
298	4	1148	29
299	4	574	29
300	4	1774	29
301	4	521	29
302	4	626	29
303	4	574	29
303	4	1826	30
304	4	521	29
306	4	574	29
307	4	1930	29
308	4	417	29
309	4	574	29
309	4	1826	30
310	4	782	29
310	4	1982	30
311	4	2087	29
312	4	1461	29
313	4	1461	29
314	4	1669	29
315	4	991	29
317	4	1252	29
318	4	2035	29
319	4	2035	29
320	4	1408	29
321	4	626	29
322	4	521	29
323	4	2035	29
324	4	1408	29
325	4	1304	29
326	4	626	29
327	4	1095	29
328	4	1826	29
329	4	1669	29
330	4	1043	29
331	4	678	29
332	4	834	29
333	4	574	29
334	4	1356	29
335	4	574	29
336	4	678	29
336	4	2191	30
337	4	1565	29
338	4	1982	29
339	4	730	29
340	4	1252	29
341	4	1200	29
342	4	574	29
342	4	1826	30
343	4	574	29
343	4	2035	30
344	4	2243	29
345	4	939	29
345	4	2191	30
346	4	417	29
346	4	1982	30
347	4	782	29
348	4	678	29
349	4	678	29
349	4	1826	30
350	4	2295	29
351	4	887	29
352	4	834	29
353	4	678	29
354	4	521	29
354	4	1148	30
355	4	730	29
356	4	1148	29
357	4	887	29
358	4	1148	29
360	4	1878	29
361	4	887	29
361	4	2191	30
362	4	2191	29
364	4	574	29
365	4	2295	29
366	4	991	29
367	4	626	29
368	4	574	29
368	4	1826	30
369	4	782	29
369	4	2295	30
371	4	730	29
372	4	1200	29
374	4	1722	29
375	4	1408	29
376	4	887	29
377	4	1356	29
378	4	1408	29
379	4	1043	29
380	4	1826	29
381	4	834	29
382	4	730	29
383	4	1930	29
384	4	834	29
385	4	1043	29
386	4	417	29
387	4	782	29
387	4	1878	30
388	4	2139	29
389	4	626	29
390	4	574	29
391	4	626	29
391	4	2243	30
392	4	1826	29
393	4	521	29
394	4	939	29
395	4	991	29
396	4	574	29
396	4	1826	30
397	4	1252	29
398	4	2139	29
399	4	574	29
400	4	834	29
401	4	2295	29
402	4	939	29
403	4	2087	29
404	4	1095	29
405	4	1461	29
406	4	782	29
407	4	1200	29
409	4	1617	29
410	4	1722	29
411	4	574	29
411	4	1826	30
412	4	730	29
412	4	1095	30
413	4	574	29
413	4	1826	30
414	4	730	29
414	4	2243	30
415	4	678	29
416	4	1878	29
417	4	678	29
418	4	834	29
418	4	2087	30
419	4	521	29
419	4	1148	30
420	4	1200	29
421	4	2087	29
422	4	1930	29
423	4	1148	29
424	4	626	29
424	4	1043	30
425	4	991	29
426	4	1148	29
427	4	2139	29
428	4	678	29
429	4	417	29
430	4	730	29
431	4	521	29
431	4	1148	30
432	4	834	29
432	4	1982	30
433	4	939	29
434	4	782	29
434	4	1826	30
435	4	521	29
435	4	2035	30
436	4	574	29
436	4	1826	30
437	4	626	29
438	4	417	29
439	4	1722	29
440	4	730	29
442	4	1095	29
445	4	574	29
446	4	1774	29
447	4	1774	29
448	4	2295	29
449	4	2295	29
451	4	1043	29
451	4	2191	30
452	4	834	29
453	4	574	29
453	4	1826	30
454	4	1774	29
455	4	1200	29
456	4	1461	29
457	4	1148	29
459	4	417	29
460	4	574	29
461	4	626	29
462	4	1148	29
463	4	887	29
463	4	1982	30
464	4	1148	29
465	4	626	29
466	4	678	29
467	4	626	29
468	4	574	29
469	4	521	29
469	4	1148	30
470	4	2087	29
471	4	1774	29
472	4	834	29
473	4	1043	29
474	4	678	29
474	4	2243	30
475	4	1826	29
476	4	1669	29
478	4	1304	29
480	4	1774	29
481	4	730	29
481	4	1982	30
482	4	887	29
484	4	2035	29
485	4	1356	29
486	4	1356	29
487	4	678	29
488	4	1408	29
489	4	574	29
489	4	1826	30
490	4	1095	29
490	4	2243	30
491	4	887	29
492	4	1148	29
492	4	2243	30
494	4	521	29
495	4	1095	29
496	4	1043	29
496	4	2243	30
497	4	626	29
498	4	730	29
499	4	834	29
500	4	574	29
500	4	1826	30
501	4	1461	29
502	4	1095	29
503	4	574	29
503	4	1826	30
505	4	1565	29
506	4	1304	29
507	4	2087	29
508	4	678	29
508	4	1826	30
510	4	2087	29
512	4	1095	29
513	4	1095	29
514	4	834	29
515	4	574	29
515	4	2139	30
516	4	1461	29
517	4	1356	29
518	4	1200	29
519	4	730	29
519	4	2191	30
520	4	939	29
521	4	626	29
521	4	1878	30
522	4	1043	29
522	4	2139	30
523	4	730	29
524	4	2295	29
525	4	730	29
525	4	1982	30
526	4	1982	29
527	4	574	29
528	4	574	29
529	4	626	29
529	4	1043	30
530	4	1304	29
531	4	1148	29
532	4	1304	29
533	4	2139	29
534	4	626	29
534	4	1095	30
535	4	2295	29
536	4	1513	29
537	4	1043	29
538	4	678	29
539	4	626	29
539	4	991	30
540	4	2087	29
541	4	626	29
542	4	1200	29
543	4	1252	29
544	4	730	29
544	4	2035	30
546	4	1200	29
547	4	887	29
547	4	2087	30
548	4	1722	29
549	4	1356	29
550	4	678	29
550	4	1095	30
551	4	626	29
551	4	1878	30
552	4	1513	29
553	4	1148	29
554	4	521	29
554	4	1148	30
555	4	521	29
555	4	1148	30
556	4	991	29
557	4	2087	29
558	4	417	29
559	4	1043	29
560	4	1826	29
561	4	1461	29
562	4	1148	29
563	4	1043	29
564	4	1617	29
565	4	730	29
565	4	1043	30
566	4	574	29
567	4	782	29
568	4	678	29
568	4	1148	30
569	4	1148	29
570	4	1356	29
571	4	521	29
572	4	1774	29
574	4	991	29
575	4	521	29
575	4	1148	30
576	4	1304	29
577	4	626	29
577	4	991	30
578	4	1356	29
581	4	1252	29
582	4	1095	29
583	4	678	29
583	4	991	30
584	4	626	29
585	4	574	29
585	4	1826	30
586	4	991	29
587	4	521	29
587	4	1148	30
588	4	887	29
589	4	834	29
590	4	678	29
591	4	1774	29
593	4	1930	29
594	4	1304	29
595	4	678	29
595	4	1930	30
596	4	991	29
597	4	1461	29
598	4	521	29
599	4	574	29
600	4	1878	29
601	4	730	29
602	4	1722	29
603	4	939	29
604	4	1148	29
605	4	1304	29
606	4	991	29
606	4	2295	30
607	4	626	29
607	4	2295	30
608	4	834	29
610	4	2295	29
611	4	1148	29
612	4	1200	29
613	4	1669	29
614	4	1200	29
615	4	1200	29
616	4	1200	29
617	4	1982	29
619	4	1513	29
620	4	678	29
621	4	1095	29
622	4	574	29
623	4	1565	29
624	4	782	29
625	4	1200	29
626	4	887	29
627	4	887	29
628	4	939	29
629	4	1774	29
630	4	1148	29
631	4	991	29
631	4	2243	30
632	4	574	29
632	4	2191	30
633	4	1826	29
634	4	1304	29
635	4	1513	29
638	4	1930	29
639	4	730	29
639	4	1930	30
640	4	2035	29
641	4	991	29
642	4	1408	29
644	4	834	29
645	4	1148	29
646	4	626	29
646	4	1878	30
648	4	1095	29
649	4	834	29
650	4	1774	29
651	4	834	29
652	4	991	29
653	4	887	29
654	4	1148	29
655	4	1043	29
656	4	939	29
657	4	887	29
658	4	834	29
658	4	1982	30
659	4	1148	29
660	4	2035	29
661	4	626	29
662	4	991	29
663	4	1252	29
664	4	730	29
664	4	2035	30
665	4	782	29
666	4	626	29
667	4	678	29
668	4	1304	29
669	4	1148	29
670	4	1252	29
672	4	1252	29
673	4	1200	29
674	4	1095	29
675	4	1148	29
676	4	574	29
676	4	1826	30
677	4	991	29
678	4	678	29
679	4	1565	29
680	4	1148	29
681	4	1669	29
682	4	678	29
683	4	1461	29
684	4	1095	29
685	4	834	29
686	4	730	29
687	4	1669	29
688	4	1408	29
689	4	1304	29
690	4	939	29
691	4	678	29
691	4	2035	30
692	4	939	29
692	4	2191	30
693	4	417	29
693	4	2191	30
694	4	887	29
695	4	521	29
696	4	1669	29
697	4	626	29
697	4	2243	30
698	4	1774	29
699	4	939	29
700	4	991	29
701	4	1043	29
702	4	939	29
703	4	782	29
703	4	2087	30
705	4	1304	29
706	4	574	29
707	4	730	29
708	4	1200	29
709	4	834	29
709	4	2139	30
710	4	887	29
711	4	1200	29
712	4	1148	29
714	4	678	29
715	4	1095	29
716	4	574	29
716	4	1826	30
717	4	1148	29
718	4	782	29
718	4	2087	30
719	4	1565	29
720	4	2243	29
721	4	1095	29
722	4	469	29
722	4	1095	30
723	4	417	29
724	4	1982	29
725	4	782	29
726	4	991	29
727	4	1617	29
728	4	1982	29
729	4	782	29
730	4	1095	29
731	4	574	29
732	4	834	29
733	4	626	29
734	4	678	29
734	4	2139	30
735	4	2035	29
736	4	1461	29
737	4	678	29
737	4	2191	30
738	4	678	29
738	4	1982	30
739	4	1200	29
741	4	834	29
742	4	574	29
742	4	1826	30
743	4	626	29
743	4	2295	30
744	4	1200	29
745	4	1878	29
746	4	417	29
747	4	1095	29
748	4	2139	29
749	4	2087	29
750	4	939	29
752	4	1148	29
753	4	730	29
753	4	1982	30
754	4	574	29
755	4	574	29
756	4	730	29
756	4	1878	30
757	4	1930	29
758	4	574	29
759	4	1617	29
760	4	1043	29
761	4	1043	29
762	4	1043	29
763	4	1304	29
765	4	730	29
766	4	782	29
767	4	1304	29
768	4	1669	29
769	4	1930	29
770	4	2035	29
771	4	1304	29
772	4	1774	29
773	4	1565	29
774	4	678	29
774	4	1878	30
775	4	1826	29
776	4	574	29
776	4	1826	30
777	4	2139	29
778	4	887	29
779	4	417	29
780	4	1826	29
781	4	782	29
781	4	2191	30
782	4	887	29
783	4	1722	29
784	4	678	29
785	4	730	29
786	4	2035	29
787	4	1513	29
788	4	730	29
789	4	1200	29
790	4	1095	29
791	4	1826	29
792	4	834	29
793	4	574	29
793	4	2191	30
794	4	521	29
795	4	1878	29
796	4	1617	29
797	4	782	29
798	4	1200	29
800	4	1565	29
801	4	1461	29
802	4	887	29
803	4	887	29
803	4	1930	30
804	4	1043	29
806	4	1513	29
807	4	626	29
807	4	991	30
808	4	2139	29
809	4	1930	29
810	4	574	29
810	4	2243	30
811	4	626	29
812	4	782	29
812	4	2087	30
813	4	1304	29
814	4	2295	29
815	4	521	29
816	4	1200	29
817	4	2243	29
818	4	939	29
819	4	1774	29
820	4	1826	29
821	4	1252	29
822	4	521	29
823	4	626	29
823	4	991	30
824	4	1148	29
825	4	1148	29
826	4	1095	29
827	4	1982	29
828	4	1252	29
829	4	1982	29
830	4	1461	29
831	4	939	29
831	4	2035	30
832	4	834	29
832	4	1826	30
833	4	1304	29
834	4	678	29
834	4	2035	30
835	4	991	29
836	4	2139	29
837	4	1565	29
838	4	417	29
838	4	2087	30
839	4	1408	29
840	4	521	29
840	4	1148	30
841	4	782	29
842	4	1095	29
843	4	626	29
843	4	1148	30
844	4	1617	29
845	4	1356	29
846	4	1513	29
847	4	1356	29
848	4	469	29
848	4	1095	30
849	4	2243	29
850	4	521	29
850	4	1826	30
853	4	1878	29
854	4	1200	29
855	4	782	29
856	4	991	29
857	4	1722	29
858	4	991	29
860	4	1878	29
861	4	730	29
862	4	1669	29
863	4	782	29
864	4	574	29
864	4	1826	30
865	4	678	29
866	4	574	29
867	4	1148	29
868	4	730	29
869	4	417	29
870	4	1148	29
871	4	1200	29
873	4	574	29
873	4	1826	30
875	4	417	29
876	4	678	29
877	4	574	29
877	4	1826	30
878	4	1408	29
879	4	1043	29
880	4	626	29
880	4	2035	30
882	4	1356	29
883	4	2035	29
884	4	730	29
885	4	678	29
885	4	1826	30
886	4	1513	29
887	4	887	29
888	4	2139	29
889	4	1513	29
890	4	1252	29
891	4	834	29
892	4	1669	29
893	4	782	29
894	4	834	29
895	4	1200	29
896	4	626	29
897	4	730	29
898	4	782	29
898	4	1930	30
899	4	626	29
899	4	1930	30
900	4	1200	29
901	4	574	29
902	4	1095	29
902	4	2191	30
903	4	626	29
903	4	2087	30
905	4	1461	29
906	4	626	29
907	4	2243	29
908	4	730	29
909	4	2035	29
910	4	1200	29
911	4	2139	29
912	4	834	29
913	4	1356	29
914	4	1095	29
915	4	1356	29
916	4	626	29
917	4	782	29
918	4	1200	29
919	4	1669	29
920	4	1617	29
922	4	1043	29
923	4	1408	29
924	4	834	29
924	4	1982	30
925	4	678	29
926	4	834	29
926	4	2191	30
927	4	1043	29
929	4	678	29
931	4	574	29
931	4	1826	30
932	4	1252	29
933	4	1252	29
934	4	1200	29
935	4	417	29
936	4	1252	29
937	4	1826	29
938	4	1252	29
939	4	1669	29
940	4	1095	29
940	4	2191	30
941	4	626	29
941	4	1930	30
942	4	574	29
942	4	1826	30
944	4	887	29
946	4	417	29
947	4	678	29
947	4	1095	30
948	4	678	29
949	4	469	29
949	4	1095	30
950	4	626	29
953	4	626	29
954	4	574	29
954	4	2087	30
956	4	1930	29
957	4	417	29
958	4	1826	29
960	4	939	29
961	4	834	29
962	4	2035	29
963	4	678	29
964	4	834	29
964	4	1930	30
965	4	1200	29
966	4	521	29
968	4	834	29
969	4	939	29
971	4	887	29
972	4	521	29
972	4	1148	30
973	4	834	29
974	4	939	29
975	4	1356	29
976	4	991	29
976	4	2139	30
977	4	2243	29
978	4	782	29
979	4	1356	29
980	4	1982	29
981	4	1095	29
982	4	834	29
983	4	521	29
984	4	1252	29
985	4	1200	29
987	4	1722	29
988	4	834	29
989	4	574	29
990	4	1826	29
994	4	2139	29
995	4	574	29
996	4	1356	29
998	4	991	29
998	4	1982	30
999	4	1617	29
0	5	469	25
0	5	626	29
0	5	991	30
1	5	469	25
1	5	626	29
1	5	991	30
2	5	469	25
2	5	782	29
3	5	1095	25
3	5	1200	29
4	5	469	25
4	5	782	29
4	5	1722	27
4	5	2035	30
4	5	2295	28
5	5	469	25
5	5	678	29
6	5	469	25
6	5	834	29
7	5	834	25
7	5	1148	29
8	5	521	25
8	5	991	29
8	5	2035	30
9	5	1930	25
10	5	469	25
10	5	521	29
11	5	2295	25
12	5	1043	25
12	5	1930	29
13	5	991	25
13	5	1826	29
14	5	469	29
15	5	469	25
15	5	730	29
16	5	469	25
16	5	678	29
17	5	469	25
17	5	574	29
17	5	2243	27
18	5	469	25
18	5	678	29
19	5	1774	25
19	5	1878	29
20	5	469	25
20	5	782	29
20	5	2139	27
21	5	469	25
21	5	574	29
22	5	730	25
22	5	1148	29
23	5	469	25
23	5	678	29
24	5	469	25
24	5	678	29
24	5	2243	30
25	5	1513	25
25	5	1565	29
26	5	521	25
26	5	939	29
27	5	469	25
27	5	626	29
28	5	574	25
28	5	991	29
28	5	2035	30
29	5	678	25
29	5	1513	29
30	5	1148	25
30	5	1304	29
31	5	469	25
31	5	782	29
32	5	1043	25
32	5	1148	29
33	5	521	25
33	5	1043	29
34	5	574	25
34	5	1095	29
34	5	2295	27
35	5	469	25
35	5	730	29
35	5	2243	30
36	5	469	25
36	5	730	29
37	5	469	25
37	5	991	29
38	5	469	25
38	5	887	29
39	5	469	25
39	5	834	29
40	5	469	25
40	5	574	29
40	5	1826	30
41	5	574	25
41	5	1043	29
41	5	2139	27
42	5	626	25
42	5	1043	29
43	5	417	29
43	5	1826	25
44	5	1461	25
45	5	521	25
45	5	887	29
46	5	469	25
46	5	730	29
47	5	1043	25
47	5	1304	29
48	5	1930	25
49	5	469	25
49	5	678	29
49	5	2087	30
50	5	1461	25
51	5	1565	25
51	5	1878	29
52	5	834	25
52	5	2035	29
53	5	469	25
53	5	730	29
53	5	1982	30
53	5	2295	27
55	5	469	25
55	5	834	29
56	5	1043	25
56	5	1513	29
57	5	469	25
57	5	521	29
57	5	1148	30
58	5	469	25
58	5	782	29
58	5	1826	30
59	5	469	25
59	5	782	29
59	5	2139	30
60	5	991	25
60	5	2087	29
61	5	469	25
61	5	782	29
62	5	469	25
62	5	574	29
62	5	2035	27
62	5	2087	30
63	5	417	29
64	5	1826	25
64	5	1982	29
65	5	574	25
65	5	991	29
66	5	1200	25
66	5	1252	29
67	5	626	25
67	5	1043	29
67	5	2295	30
68	5	1304	25
68	5	1669	29
69	5	730	25
69	5	1095	29
70	5	521	25
70	5	939	29
71	5	1043	25
71	5	1148	29
73	5	1513	25
73	5	1930	29
74	5	730	25
74	5	1826	29
75	5	469	25
75	5	678	29
76	5	1252	25
76	5	1513	29
77	5	1304	25
77	5	1930	29
78	5	1200	25
79	5	626	25
79	5	1148	29
80	5	469	25
80	5	730	29
81	5	469	25
81	5	887	29
82	5	521	25
82	5	1252	29
83	5	939	25
83	5	1252	29
84	5	469	25
84	5	782	29
85	5	1565	25
86	5	991	25
86	5	1461	29
87	5	469	25
87	5	574	29
87	5	1774	27
87	5	1826	30
88	5	521	25
88	5	991	29
89	5	678	25
89	5	1043	29
90	5	1200	25
90	5	1461	29
91	5	521	25
91	5	939	29
92	5	469	25
92	5	574	29
93	5	1148	25
93	5	1513	29
94	5	1774	25
94	5	2139	29
95	5	782	25
95	5	1774	29
96	5	887	25
96	5	1148	29
97	5	1043	25
97	5	1461	29
98	5	1513	25
98	5	1826	29
99	5	991	25
99	5	1356	29
100	5	1200	25
100	5	2035	29
101	5	521	25
101	5	887	29
102	5	521	25
102	5	834	29
103	5	730	25
103	5	1200	29
104	5	469	25
104	5	626	29
104	5	2295	30
105	5	2139	25
106	5	574	25
106	5	939	29
106	5	1878	27
106	5	1982	30
107	5	469	25
107	5	574	29
107	5	2035	27
107	5	2139	30
108	5	469	25
108	5	678	29
109	5	1148	25
109	5	1513	29
110	5	469	25
110	5	626	29
110	5	1878	30
111	5	469	25
111	5	887	29
112	5	626	25
112	5	1043	29
113	5	469	25
113	5	574	29
114	5	521	25
114	5	887	29
115	5	1304	25
115	5	1513	29
116	5	1252	25
116	5	1617	29
117	5	1252	25
117	5	1669	29
118	5	1095	25
118	5	1200	29
119	5	1148	25
119	5	1252	29
120	5	678	25
120	5	1200	29
121	5	1200	25
121	5	1565	29
122	5	469	25
122	5	678	29
122	5	1043	30
123	5	1826	25
123	5	2139	29
124	5	469	25
124	5	678	29
125	5	469	25
125	5	730	29
125	5	1982	30
126	5	469	25
126	5	574	29
127	5	469	25
127	5	626	29
127	5	2191	30
128	5	469	25
128	5	574	29
128	5	2191	30
129	5	991	25
129	5	1304	29
130	5	417	29
131	5	521	25
131	5	887	29
131	5	1878	27
131	5	2139	30
132	5	469	25
132	5	574	29
133	5	469	25
133	5	887	29
134	5	678	25
134	5	1252	29
135	5	469	25
135	5	678	29
136	5	469	25
136	5	521	29
136	5	1148	30
137	5	521	25
137	5	1043	29
138	5	469	25
138	5	574	29
138	5	1826	30
139	5	469	25
139	5	678	29
139	5	1617	27
139	5	1826	30
139	5	2139	28
140	5	1774	25
140	5	2035	29
141	5	469	25
141	5	626	29
141	5	1148	30
142	5	730	25
142	5	1252	29
143	5	1148	25
143	5	1304	29
145	5	1095	25
145	5	1252	29
146	5	469	25
146	5	730	29
146	5	2295	27
147	5	469	25
147	5	887	29
148	5	1200	25
148	5	1513	29
149	5	469	25
149	5	574	29
149	5	1826	30
150	5	469	25
150	5	626	29
150	5	2191	27
151	5	417	29
151	5	2295	25
152	5	469	25
152	5	782	29
152	5	2035	27
152	5	2087	30
153	5	521	25
153	5	1408	29
154	5	469	25
154	5	678	29
154	5	1774	27
154	5	1930	30
155	5	469	25
155	5	521	29
155	5	2035	27
155	5	2191	30
156	5	469	25
156	5	626	29
156	5	2035	30
158	5	469	25
158	5	834	29
158	5	2087	30
159	5	469	25
159	5	574	29
159	5	1878	30
160	5	574	25
160	5	1095	29
161	5	1461	25
161	5	1930	29
162	5	939	25
162	5	1200	29
163	5	1043	25
163	5	1669	29
164	5	469	25
164	5	782	29
165	5	469	25
165	5	834	29
166	5	1722	25
166	5	1982	29
167	5	1095	25
167	5	1617	29
169	5	469	25
169	5	626	29
170	5	469	25
170	5	574	29
170	5	1774	27
170	5	1826	30
171	5	730	25
171	5	1826	29
172	5	991	25
172	5	1148	29
173	5	1200	25
173	5	1408	29
174	5	678	25
174	5	1148	29
175	5	469	25
175	5	834	29
175	5	2087	27
175	5	2243	30
176	5	469	25
176	5	626	29
177	5	1565	25
178	5	1930	25
178	5	2295	29
179	5	469	25
179	5	782	29
180	5	1878	25
181	5	469	25
181	5	574	29
182	5	417	29
183	5	469	25
183	5	678	29
184	5	991	25
184	5	1669	29
185	5	469	25
185	5	782	29
185	5	2139	30
186	5	2035	25
187	5	574	25
187	5	1148	29
188	5	1043	25
188	5	1826	29
189	5	574	25
189	5	1043	29
189	5	2035	27
189	5	2243	30
190	5	991	25
190	5	1200	29
191	5	469	25
191	5	678	29
192	5	469	25
192	5	782	29
193	5	469	25
193	5	939	29
194	5	574	25
194	5	2035	29
196	5	469	25
196	5	521	29
196	5	1148	30
196	5	2087	27
198	5	521	25
198	5	887	29
198	5	2191	30
199	5	469	25
199	5	521	29
199	5	1148	30
200	5	1043	25
200	5	1200	29
201	5	1722	25
201	5	1930	29
202	5	834	25
202	5	1200	29
203	5	626	25
203	5	1043	29
204	5	469	25
204	5	834	29
205	5	1148	25
205	5	1461	29
206	5	469	25
206	5	521	29
206	5	1148	30
206	5	1930	27
206	5	2191	28
207	5	469	25
207	5	626	29
207	5	2087	27
207	5	2191	30
208	5	469	25
208	5	626	29
209	5	2087	25
210	5	469	25
210	5	834	29
211	5	1356	25
211	5	1669	29
212	5	730	25
212	5	1200	29
213	5	1461	25
213	5	1826	29
214	5	678	25
215	5	1095	25
215	5	1304	29
216	5	834	25
216	5	2191	29
217	5	1095	25
217	5	1148	29
218	5	574	25
218	5	991	29
219	5	2035	25
220	5	1252	25
220	5	1826	29
221	5	574	25
221	5	1043	29
222	5	1774	25
222	5	1930	29
223	5	678	25
223	5	2035	29
224	5	730	25
224	5	1252	29
225	5	469	25
225	5	574	29
225	5	1722	27
225	5	1826	30
226	5	469	25
226	5	574	29
226	5	1930	30
227	5	521	25
227	5	939	29
228	5	469	25
228	5	626	29
228	5	1878	30
229	5	626	25
229	5	1043	29
230	5	469	25
230	5	574	29
231	5	469	25
231	5	574	29
232	5	469	25
232	5	574	29
232	5	1982	30
233	5	1148	25
233	5	1252	29
235	5	1356	25
235	5	1774	29
236	5	834	25
236	5	1878	29
237	5	730	25
239	5	1095	25
239	5	1408	29
240	5	469	25
240	5	626	29
240	5	1930	27
240	5	2035	30
241	5	574	25
241	5	991	29
242	5	469	25
242	5	939	29
242	5	2191	30
243	5	469	25
243	5	521	29
243	5	1148	30
244	5	469	25
244	5	678	29
245	5	1043	25
245	5	1461	29
246	5	1930	25
248	5	469	25
248	5	521	29
249	5	469	25
249	5	574	29
250	5	469	25
250	5	574	29
250	5	1826	30
251	5	469	25
251	5	887	29
252	5	1252	25
252	5	2087	29
253	5	730	25
253	5	1356	29
255	5	834	25
255	5	1252	29
256	5	626	25
256	5	1095	29
257	5	991	25
257	5	1304	29
258	5	469	25
258	5	626	29
258	5	991	30
259	5	469	25
259	5	574	29
260	5	469	25
260	5	730	29
262	5	782	25
262	5	1095	29
263	5	678	25
264	5	469	25
264	5	678	29
265	5	469	25
265	5	678	29
266	5	469	25
266	5	939	29
267	5	469	25
267	5	574	29
268	5	887	25
268	5	1043	29
269	5	469	25
269	5	678	29
269	5	1930	30
270	5	574	25
270	5	991	29
271	5	521	25
271	5	782	29
271	5	2035	27
271	5	2243	30
272	5	469	25
272	5	626	29
272	5	1617	27
272	5	1878	30
272	5	2139	28
273	5	2139	25
274	5	1095	25
274	5	1461	29
275	5	1513	25
275	5	2191	29
276	5	2087	25
277	5	626	25
277	5	1982	29
278	5	1356	25
278	5	1669	29
279	5	1095	25
279	5	1304	29
280	5	626	25
280	5	1774	29
282	5	1461	25
282	5	1982	29
283	5	1095	25
283	5	1200	29
284	5	469	25
284	5	574	29
284	5	1826	30
285	5	1043	25
285	5	1148	29
286	5	469	25
286	5	521	29
286	5	1930	27
286	5	1982	30
287	5	1095	25
287	5	1408	29
288	5	469	25
288	5	834	29
289	5	1878	25
289	5	2243	29
291	5	521	25
291	5	991	29
292	5	1356	25
292	5	1826	29
293	5	469	25
293	5	574	29
293	5	1826	30
294	5	469	25
294	5	678	29
295	5	991	25
295	5	1356	29
296	5	469	25
296	5	678	29
297	5	1252	25
297	5	2139	29
298	5	678	25
298	5	1148	29
299	5	469	25
299	5	574	29
300	5	939	25
300	5	1774	29
301	5	469	25
301	5	521	29
302	5	469	25
302	5	626	29
302	5	2139	27
303	5	469	25
303	5	574	29
303	5	1826	30
304	5	469	25
304	5	521	29
306	5	469	25
306	5	574	29
307	5	521	25
307	5	1930	29
308	5	417	29
309	5	469	25
309	5	574	29
309	5	1826	30
309	5	2295	27
310	5	469	25
310	5	782	29
310	5	1826	27
310	5	1982	30
311	5	730	25
311	5	2087	29
312	5	939	25
312	5	1461	29
313	5	626	25
313	5	1461	29
314	5	1148	25
314	5	1669	29
315	5	521	25
315	5	991	29
315	5	2191	27
316	5	1930	25
317	5	1148	25
317	5	1252	29
318	5	1304	25
318	5	2035	29
319	5	1669	25
319	5	2035	29
320	5	1148	25
320	5	1408	29
321	5	469	25
321	5	626	29
322	5	469	25
322	5	521	29
323	5	1722	25
323	5	2035	29
324	5	1200	25
324	5	1408	29
325	5	1148	25
325	5	1304	29
326	5	469	25
326	5	626	29
327	5	991	25
327	5	1095	29
328	5	678	25
328	5	1826	29
329	5	1304	25
329	5	1669	29
330	5	626	25
330	5	1043	29
331	5	469	25
331	5	678	29
332	5	469	25
332	5	834	29
333	5	469	25
333	5	574	29
333	5	2191	27
334	5	1148	25
334	5	1356	29
335	5	469	25
335	5	574	29
336	5	469	25
336	5	678	29
336	5	2191	30
337	5	782	25
337	5	1565	29
338	5	939	25
338	5	1982	29
339	5	469	25
339	5	730	29
340	5	1043	25
340	5	1252	29
341	5	1095	25
341	5	1200	29
342	5	469	25
342	5	574	29
342	5	1669	27
342	5	1826	30
343	5	469	25
343	5	574	29
343	5	2035	30
344	5	1878	25
344	5	2243	29
345	5	469	25
345	5	939	29
345	5	2191	30
346	5	417	29
346	5	1513	25
346	5	1982	30
347	5	521	25
347	5	782	29
348	5	469	25
348	5	678	29
349	5	469	25
349	5	678	29
349	5	1826	30
350	5	1930	25
350	5	2295	29
351	5	469	25
351	5	887	29
352	5	469	25
352	5	834	29
353	5	469	25
353	5	678	29
354	5	469	25
354	5	521	29
354	5	1148	30
355	5	469	25
355	5	730	29
356	5	678	25
356	5	1148	29
357	5	469	25
357	5	887	29
358	5	887	25
358	5	1148	29
360	5	574	25
360	5	1878	29
361	5	469	25
361	5	887	29
361	5	2191	30
362	5	1930	25
362	5	2191	29
364	5	469	25
364	5	574	29
365	5	1513	25
365	5	2295	29
366	5	626	25
366	5	991	29
367	5	469	25
367	5	626	29
368	5	469	25
368	5	574	29
368	5	1826	30
369	5	469	25
369	5	782	29
369	5	2295	30
370	5	730	25
371	5	469	25
371	5	730	29
372	5	678	25
372	5	1200	29
373	5	782	25
374	5	1304	25
374	5	1722	29
375	5	1148	25
375	5	1408	29
376	5	469	25
376	5	887	29
377	5	1148	25
377	5	1356	29
378	5	991	25
378	5	1408	29
379	5	574	25
379	5	1043	29
380	5	521	25
380	5	1826	29
381	5	521	25
381	5	834	29
382	5	469	25
382	5	730	29
383	5	1200	25
383	5	1930	29
384	5	469	25
384	5	834	29
385	5	521	25
385	5	1043	29
386	5	417	29
387	5	469	25
387	5	782	29
387	5	1878	30
388	5	1930	25
388	5	2139	29
389	5	469	25
389	5	626	29
390	5	469	25
390	5	574	29
391	5	469	25
391	5	626	29
391	5	2087	27
391	5	2243	30
392	5	834	25
392	5	1826	29
393	5	469	25
393	5	521	29
394	5	521	25
394	5	939	29
395	5	521	25
395	5	991	29
396	5	469	25
396	5	574	29
396	5	1513	27
396	5	1826	30
397	5	1095	25
397	5	1252	29
398	5	469	25
398	5	2139	29
399	5	469	25
399	5	574	29
400	5	469	25
400	5	834	29
401	5	2035	25
401	5	2295	29
402	5	469	25
402	5	939	29
403	5	1878	25
403	5	2087	29
404	5	678	25
404	5	1095	29
405	5	991	25
405	5	1461	29
406	5	469	25
406	5	782	29
407	5	1043	25
407	5	1200	29
409	5	939	25
409	5	1617	29
410	5	834	25
410	5	1722	29
411	5	469	25
411	5	574	29
411	5	1669	27
411	5	1826	30
412	5	469	25
412	5	730	29
412	5	1095	30
412	5	2087	27
413	5	469	25
413	5	574	29
413	5	1565	27
413	5	1826	30
414	5	469	25
414	5	730	29
414	5	2035	27
414	5	2243	30
415	5	469	25
415	5	678	29
416	5	1304	25
416	5	1878	29
417	5	469	25
417	5	678	29
418	5	469	25
418	5	834	29
418	5	1774	27
418	5	2087	30
419	5	469	25
419	5	521	29
419	5	1148	30
420	5	730	25
420	5	1200	29
421	5	1878	25
421	5	2087	29
422	5	782	25
422	5	1930	29
423	5	939	25
423	5	1148	29
424	5	469	25
424	5	626	29
424	5	1043	30
424	5	2191	27
425	5	469	25
425	5	991	29
426	5	991	25
426	5	1148	29
426	5	2191	27
427	5	1930	25
427	5	2139	29
428	5	469	25
428	5	678	29
429	5	417	29
430	5	469	25
430	5	730	29
431	5	469	25
431	5	521	29
431	5	1148	30
432	5	469	25
432	5	834	29
432	5	1982	30
433	5	521	25
433	5	939	29
434	5	469	25
434	5	782	29
434	5	1826	30
434	5	2243	27
435	5	469	25
435	5	521	29
435	5	2035	30
436	5	469	25
436	5	574	29
436	5	1722	27
436	5	1826	30
437	5	469	25
437	5	626	29
438	5	417	29
438	5	1722	25
439	5	834	25
439	5	1722	29
440	5	574	25
440	5	730	29
441	5	1669	25
442	5	521	25
442	5	1095	29
443	5	626	25
444	5	1461	25
445	5	469	25
445	5	574	29
445	5	2191	27
446	5	626	25
446	5	1774	29
447	5	1408	25
447	5	1774	29
448	5	887	25
448	5	2295	29
449	5	1930	25
449	5	2295	29
450	5	2087	25
451	5	626	25
451	5	1043	29
451	5	1982	27
451	5	2191	30
452	5	469	25
452	5	834	29
453	5	469	25
453	5	574	29
453	5	1617	27
453	5	1826	30
454	5	1200	25
454	5	1774	29
455	5	1043	25
455	5	1200	29
455	5	2295	27
456	5	1148	25
456	5	1461	29
457	5	574	25
457	5	1148	29
458	5	1669	25
459	5	417	29
460	5	469	25
460	5	574	29
461	5	469	25
461	5	626	29
462	5	469	25
462	5	1148	29
463	5	469	25
463	5	887	29
463	5	1982	30
464	5	782	25
464	5	1148	29
465	5	469	25
465	5	626	29
466	5	469	25
466	5	678	29
467	5	469	25
467	5	626	29
468	5	469	25
468	5	574	29
469	5	469	25
469	5	521	29
469	5	1148	30
470	5	1356	25
470	5	2087	29
471	5	1043	25
471	5	1774	29
472	5	469	25
472	5	834	29
473	5	574	25
473	5	1043	29
474	5	469	25
474	5	678	29
474	5	2243	30
475	5	834	25
475	5	1826	29
476	5	1200	25
476	5	1669	29
477	5	834	25
478	5	521	25
478	5	1304	29
480	5	574	25
480	5	1774	29
481	5	469	25
481	5	730	29
481	5	1722	27
481	5	1982	30
482	5	469	25
482	5	887	29
483	5	1565	25
484	5	1930	25
484	5	2035	29
485	5	1043	25
485	5	1356	29
486	5	1148	25
486	5	1356	29
487	5	469	25
487	5	678	29
488	5	1148	25
488	5	1408	29
489	5	469	25
489	5	574	29
489	5	1826	30
490	5	678	25
490	5	1095	29
490	5	1982	27
490	5	2243	30
491	5	521	25
491	5	887	29
492	5	887	25
492	5	1148	29
492	5	2191	27
492	5	2243	30
493	5	574	25
494	5	469	25
494	5	521	29
495	5	678	25
495	5	1095	29
496	5	574	25
496	5	1043	29
496	5	2139	27
496	5	2243	30
497	5	469	25
497	5	626	29
498	5	469	25
498	5	730	29
499	5	469	25
499	5	834	29
500	5	469	25
500	5	574	29
500	5	1617	27
500	5	1826	30
501	5	1148	25
501	5	1461	29
502	5	626	25
502	5	1095	29
503	5	469	25
503	5	574	29
503	5	1826	30
503	5	2139	27
505	5	1200	25
505	5	1565	29
506	5	991	25
506	5	1304	29
507	5	1513	25
507	5	2087	29
508	5	469	25
508	5	678	29
508	5	1826	30
508	5	2295	27
510	5	1878	25
510	5	2087	29
512	5	782	25
512	5	1095	29
512	5	2139	27
513	5	834	25
513	5	1095	29
514	5	469	25
514	5	834	29
515	5	469	25
515	5	574	29
515	5	2139	30
516	5	1200	25
516	5	1461	29
517	5	1148	25
517	5	1356	29
518	5	887	25
518	5	1200	29
519	5	469	25
519	5	730	29
519	5	2191	30
520	5	469	25
520	5	939	29
521	5	469	25
521	5	626	29
521	5	1878	30
522	5	574	25
522	5	1043	29
522	5	2139	30
523	5	469	25
523	5	730	29
524	5	1982	25
524	5	2295	29
525	5	469	25
525	5	730	29
525	5	1774	27
525	5	1982	30
526	5	1826	25
526	5	1982	29
527	5	469	25
527	5	574	29
528	5	469	25
528	5	574	29
529	5	469	25
529	5	626	29
529	5	1043	30
530	5	1148	25
530	5	1304	29
531	5	991	25
531	5	1148	29
532	5	782	25
532	5	1304	29
533	5	1930	25
533	5	2139	29
534	5	469	25
534	5	626	29
534	5	1095	30
535	5	1461	25
535	5	2295	29
536	5	1200	25
536	5	1513	29
537	5	521	25
537	5	1043	29
538	5	469	25
538	5	678	29
539	5	469	25
539	5	626	29
539	5	991	30
540	5	1878	25
540	5	2087	29
541	5	469	25
541	5	626	29
542	5	834	25
542	5	1200	29
543	5	1043	25
543	5	1252	29
544	5	469	25
544	5	730	29
544	5	1774	27
544	5	2035	30
545	5	626	25
546	5	1095	25
546	5	1200	29
547	5	469	25
547	5	887	29
547	5	2087	30
548	5	1200	25
548	5	1722	29
549	5	1148	25
549	5	1356	29
550	5	469	25
550	5	678	29
550	5	1095	30
551	5	469	25
551	5	626	29
551	5	1722	27
551	5	1878	30
552	5	1200	25
552	5	1513	29
553	5	626	25
553	5	1148	29
554	5	469	25
554	5	521	29
554	5	1148	30
555	5	469	25
555	5	521	29
555	5	1148	30
555	5	2191	27
556	5	678	25
556	5	991	29
557	5	1513	25
557	5	2087	29
558	5	417	29
559	5	887	25
559	5	1043	29
560	5	1200	25
560	5	1826	29
561	5	678	25
561	5	1461	29
562	5	887	25
562	5	1148	29
563	5	574	25
563	5	1043	29
564	5	1200	25
564	5	1617	29
565	5	469	25
565	5	730	29
565	5	1043	30
565	5	2243	27
566	5	469	25
566	5	574	29
567	5	626	25
567	5	782	29
568	5	469	25
568	5	678	29
568	5	1148	30
569	5	834	25
569	5	1148	29
570	5	1200	25
570	5	1356	29
571	5	469	25
571	5	521	29
572	5	1304	25
572	5	1774	29
573	5	2295	25
574	5	521	25
574	5	991	29
575	5	469	25
575	5	521	29
575	5	1148	30
576	5	1043	25
576	5	1304	29
577	5	469	25
577	5	626	29
577	5	991	30
578	5	939	25
578	5	1356	29
579	5	678	25
580	5	1878	25
581	5	991	25
581	5	1252	29
581	5	2243	27
582	5	574	25
582	5	1095	29
583	5	469	25
583	5	678	29
583	5	991	30
584	5	469	25
584	5	626	29
585	5	469	25
585	5	574	29
585	5	1826	30
586	5	574	25
586	5	991	29
587	5	469	25
587	5	521	29
587	5	1148	30
588	5	469	25
588	5	887	29
589	5	469	25
589	5	834	29
590	5	469	25
590	5	678	29
591	5	1356	25
591	5	1774	29
593	5	521	25
593	5	1930	29
594	5	626	25
594	5	1304	29
595	5	469	25
595	5	678	29
595	5	1930	30
596	5	626	25
596	5	991	29
597	5	574	25
597	5	1461	29
598	5	469	25
598	5	521	29
599	5	469	25
599	5	574	29
600	5	1513	25
600	5	1878	29
601	5	469	25
601	5	730	29
602	5	1148	25
602	5	1722	29
603	5	626	25
603	5	939	29
604	5	678	25
604	5	1148	29
604	5	2243	27
605	5	991	25
605	5	1304	29
606	5	574	25
606	5	991	29
606	5	2295	30
607	5	469	25
607	5	626	29
607	5	2191	27
607	5	2295	30
608	5	469	25
608	5	834	29
610	5	2087	25
610	5	2295	29
611	5	626	25
611	5	1148	29
612	5	1043	25
612	5	1200	29
613	5	1200	25
613	5	1669	29
614	5	1095	25
614	5	1200	29
615	5	782	25
615	5	1200	29
616	5	939	25
616	5	1200	29
617	5	1878	25
617	5	1982	29
618	5	1930	25
619	5	834	25
619	5	1513	29
620	5	469	25
620	5	678	29
621	5	834	25
621	5	1095	29
622	5	469	25
622	5	574	29
623	5	991	25
623	5	1565	29
624	5	469	25
624	5	782	29
625	5	991	25
625	5	1200	29
626	5	469	25
626	5	887	29
627	5	469	25
627	5	887	29
628	5	521	25
628	5	939	29
629	5	730	25
629	5	1774	29
630	5	730	25
630	5	1148	29
631	5	521	25
631	5	991	29
631	5	2035	27
631	5	2243	30
632	5	469	25
632	5	574	29
632	5	2191	30
633	5	1408	25
633	5	1826	29
634	5	1095	25
634	5	1304	29
635	5	1252	25
635	5	1513	29
636	5	2035	25
637	5	939	25
638	5	1774	25
638	5	1930	29
639	5	469	25
639	5	730	29
639	5	1930	30
640	5	678	25
640	5	2035	29
641	5	469	25
641	5	991	29
642	5	1095	25
642	5	1408	29
643	5	2191	25
644	5	469	25
644	5	834	29
645	5	626	25
645	5	1148	29
646	5	469	25
646	5	626	29
646	5	1878	30
647	5	1356	25
648	5	678	25
648	5	1095	29
649	5	469	25
649	5	834	29
650	5	1356	25
650	5	1774	29
651	5	469	25
651	5	834	29
652	5	469	25
652	5	991	29
653	5	469	25
653	5	887	29
654	5	730	25
654	5	1148	29
655	5	574	25
655	5	1043	29
656	5	521	25
656	5	939	29
657	5	469	25
657	5	887	29
658	5	469	25
658	5	834	29
658	5	1982	30
659	5	1043	25
659	5	1148	29
660	5	730	25
660	5	2035	29
661	5	469	25
661	5	626	29
662	5	574	25
662	5	991	29
663	5	887	25
663	5	1252	29
664	5	469	25
664	5	730	29
664	5	2035	30
665	5	469	25
665	5	782	29
666	5	469	25
666	5	626	29
667	5	469	25
667	5	678	29
668	5	887	25
668	5	1304	29
669	5	678	25
669	5	1148	29
670	5	730	25
670	5	1252	29
671	5	1252	25
672	5	730	25
672	5	1252	29
673	5	626	25
673	5	1200	29
674	5	574	25
674	5	1095	29
675	5	991	25
675	5	1148	29
676	5	469	25
676	5	574	29
676	5	1826	30
677	5	730	25
677	5	991	29
678	5	469	25
678	5	678	29
679	5	1095	25
679	5	1565	29
680	5	939	25
680	5	1148	29
681	5	834	25
681	5	1669	29
682	5	469	25
682	5	678	29
683	5	1095	25
683	5	1461	29
684	5	939	25
684	5	1095	29
685	5	469	25
685	5	834	29
686	5	469	25
686	5	730	29
687	5	1252	25
687	5	1669	29
688	5	1095	25
688	5	1408	29
689	5	1095	25
689	5	1304	29
690	5	521	25
690	5	939	29
691	5	469	25
691	5	678	29
691	5	1878	27
691	5	2035	30
692	5	469	25
692	5	939	29
692	5	2191	30
693	5	417	29
693	5	1722	25
693	5	2191	30
694	5	469	25
694	5	887	29
695	5	469	25
695	5	521	29
695	5	2295	27
696	5	782	25
696	5	1669	29
697	5	469	25
697	5	626	29
697	5	2191	27
697	5	2243	30
698	5	1304	25
698	5	1774	29
699	5	574	25
699	5	939	29
700	5	469	25
700	5	991	29
701	5	782	25
701	5	1043	29
701	5	2191	27
702	5	521	25
702	5	939	29
703	5	469	25
703	5	782	29
703	5	2087	30
704	5	1878	25
705	5	834	25
705	5	1304	29
706	5	469	25
706	5	574	29
707	5	469	25
707	5	730	29
708	5	1043	25
708	5	1200	29
709	5	469	25
709	5	834	29
709	5	2035	27
709	5	2139	30
710	5	469	25
710	5	887	29
711	5	991	25
711	5	1200	29
711	5	2295	27
712	5	678	25
712	5	1148	29
714	5	469	25
714	5	678	29
715	5	678	25
715	5	1095	29
716	5	469	25
716	5	574	29
716	5	1826	30
717	5	991	25
717	5	1148	29
717	5	2139	27
718	5	469	25
718	5	782	29
718	5	2087	30
719	5	782	25
719	5	1565	29
720	5	1878	25
720	5	2243	29
721	5	574	25
721	5	1095	29
722	5	469	29
722	5	1095	30
723	5	417	29
724	5	626	25
724	5	1982	29
725	5	469	25
725	5	782	29
726	5	574	25
726	5	991	29
727	5	1095	25
727	5	1617	29
728	5	1774	25
728	5	1982	29
729	5	469	25
729	5	782	29
730	5	574	25
730	5	1095	29
731	5	469	25
731	5	574	29
732	5	469	25
732	5	834	29
733	5	469	25
733	5	626	29
734	5	469	25
734	5	678	29
734	5	2139	30
735	5	1878	25
735	5	2035	29
736	5	939	25
736	5	1461	29
737	5	469	25
737	5	678	29
737	5	1982	27
737	5	2191	30
738	5	469	25
738	5	678	29
738	5	1826	27
738	5	1982	30
739	5	1043	25
739	5	1200	29
741	5	469	25
741	5	834	29
742	5	469	25
742	5	574	29
742	5	1826	30
743	5	469	25
743	5	626	29
743	5	2295	30
744	5	1095	25
744	5	1200	29
745	5	887	25
745	5	1878	29
746	5	417	29
747	5	574	25
747	5	1095	29
748	5	1930	25
748	5	2139	29
749	5	1148	25
749	5	2087	29
750	5	469	25
750	5	939	29
751	5	1043	25
752	5	782	25
752	5	1148	29
752	5	2191	27
753	5	469	25
753	5	730	29
753	5	1982	30
754	5	469	25
754	5	574	29
755	5	469	25
755	5	574	29
756	5	469	25
756	5	730	29
756	5	1878	30
757	5	1461	25
757	5	1930	29
758	5	469	25
758	5	574	29
759	5	1200	25
759	5	1617	29
760	5	574	25
760	5	1043	29
761	5	574	25
761	5	1043	29
762	5	469	25
762	5	1043	29
763	5	1095	25
763	5	1304	29
764	5	521	25
765	5	469	25
765	5	730	29
766	5	469	25
766	5	782	29
767	5	1043	25
767	5	1304	29
768	5	1304	25
768	5	1669	29
769	5	678	25
769	5	1930	29
770	5	1878	25
770	5	2035	29
771	5	1043	25
771	5	1304	29
772	5	730	25
772	5	1774	29
773	5	1304	25
773	5	1565	29
774	5	469	25
774	5	678	29
774	5	1878	30
775	5	1095	25
775	5	1826	29
776	5	469	25
776	5	574	29
776	5	1826	30
777	5	1930	25
777	5	2139	29
778	5	469	25
778	5	887	29
779	5	417	29
780	5	469	25
780	5	1826	29
781	5	469	25
781	5	782	29
781	5	2191	30
782	5	469	25
782	5	887	29
783	5	1304	25
783	5	1722	29
784	5	469	25
784	5	678	29
785	5	469	25
785	5	730	29
786	5	678	25
786	5	2035	29
787	5	1200	25
787	5	1513	29
788	5	469	25
788	5	730	29
789	5	991	25
789	5	1200	29
790	5	730	25
790	5	1095	29
791	5	1200	25
791	5	1826	29
792	5	469	25
792	5	834	29
793	5	469	25
793	5	574	29
793	5	2191	30
794	5	469	25
794	5	521	29
795	5	1565	25
795	5	1878	29
796	5	1200	25
796	5	1617	29
797	5	469	25
797	5	782	29
798	5	834	25
798	5	1200	29
799	5	2295	25
800	5	1148	25
800	5	1565	29
801	5	1200	25
801	5	1461	29
802	5	469	25
802	5	887	29
803	5	469	25
803	5	887	29
803	5	1930	30
804	5	469	25
804	5	1043	29
805	5	2243	25
806	5	1252	25
806	5	1513	29
807	5	469	25
807	5	626	29
807	5	991	30
808	5	1930	25
808	5	2139	29
809	5	1617	25
809	5	1930	29
810	5	469	25
810	5	574	29
810	5	2243	30
811	5	469	25
811	5	626	29
812	5	469	25
812	5	782	29
812	5	2087	30
813	5	521	25
813	5	1304	29
814	5	521	25
814	5	2295	29
815	5	469	25
815	5	521	29
816	5	991	25
816	5	1200	29
817	5	1982	25
817	5	2243	29
818	5	521	25
818	5	939	29
819	5	1304	25
819	5	1774	29
820	5	574	25
820	5	1826	29
821	5	1095	25
821	5	1252	29
822	5	469	25
822	5	521	29
822	5	2295	27
823	5	469	25
823	5	626	29
823	5	991	30
824	5	991	25
824	5	1148	29
825	5	887	25
825	5	1148	29
826	5	782	25
826	5	1095	29
827	5	678	25
827	5	1982	29
828	5	1148	25
828	5	1252	29
829	5	1930	25
829	5	1982	29
830	5	991	25
830	5	1461	29
831	5	469	25
831	5	939	29
831	5	2035	30
832	5	469	25
832	5	834	29
832	5	1826	30
833	5	1095	25
833	5	1304	29
834	5	469	25
834	5	678	29
834	5	1878	27
834	5	2035	30
835	5	521	25
835	5	991	29
836	5	1982	25
836	5	2139	29
837	5	1095	25
837	5	1565	29
838	5	417	29
838	5	1722	25
838	5	2087	30
839	5	1252	25
839	5	1408	29
840	5	469	25
840	5	521	29
840	5	1148	30
841	5	469	25
841	5	782	29
842	5	678	25
842	5	1095	29
842	5	2295	27
843	5	469	25
843	5	626	29
843	5	1148	30
843	5	2191	27
844	5	1095	25
844	5	1617	29
845	5	1148	25
845	5	1356	29
846	5	1252	25
846	5	1513	29
847	5	1095	25
847	5	1356	29
848	5	469	29
848	5	1095	30
849	5	1826	25
849	5	2243	29
850	5	469	25
850	5	521	29
850	5	1669	27
850	5	1826	30
851	5	2139	25
852	5	782	25
853	5	1252	25
853	5	1878	29
854	5	991	25
854	5	1200	29
855	5	469	25
855	5	782	29
856	5	521	25
856	5	991	29
857	5	1200	25
857	5	1722	29
858	5	574	25
858	5	991	29
859	5	626	25
860	5	1408	25
860	5	1878	29
861	5	469	25
861	5	730	29
862	5	1356	25
862	5	1669	29
863	5	469	25
863	5	782	29
864	5	469	25
864	5	574	29
864	5	1774	27
864	5	1826	30
865	5	469	25
865	5	678	29
866	5	469	25
866	5	574	29
867	5	574	25
867	5	1148	29
868	5	469	25
868	5	730	29
869	5	417	29
870	5	1043	25
870	5	1148	29
871	5	1043	25
871	5	1200	29
873	5	469	25
873	5	574	29
873	5	1722	27
873	5	1826	30
875	5	417	29
876	5	469	25
876	5	678	29
877	5	469	25
877	5	574	29
877	5	1826	30
878	5	1095	25
878	5	1408	29
879	5	521	25
879	5	1043	29
880	5	469	25
880	5	626	29
880	5	2035	30
881	5	782	25
882	5	1148	25
882	5	1356	29
883	5	1565	25
883	5	2035	29
884	5	469	25
884	5	730	29
885	5	469	25
885	5	678	29
885	5	1826	30
886	5	782	25
886	5	1513	29
887	5	469	25
887	5	887	29
888	5	939	25
888	5	2139	29
889	5	1200	25
889	5	1513	29
890	5	1148	25
890	5	1252	29
891	5	469	25
891	5	834	29
892	5	1356	25
892	5	1669	29
893	5	469	25
893	5	782	29
894	5	469	25
894	5	834	29
895	5	521	25
895	5	1200	29
896	5	469	25
896	5	626	29
897	5	469	25
897	5	730	29
898	5	469	25
898	5	782	29
898	5	1722	27
898	5	1930	30
899	5	469	25
899	5	626	29
899	5	1930	30
900	5	782	25
900	5	1200	29
901	5	469	25
901	5	574	29
902	5	730	25
902	5	1095	29
902	5	2191	30
903	5	469	25
903	5	626	29
903	5	1930	27
903	5	2087	30
905	5	1043	25
905	5	1461	29
906	5	469	25
906	5	626	29
907	5	1878	25
907	5	2243	29
908	5	469	25
908	5	730	29
909	5	1826	25
909	5	2035	29
910	5	1043	25
910	5	1200	29
911	5	782	25
911	5	2139	29
912	5	469	25
912	5	834	29
913	5	1148	25
913	5	1356	29
914	5	626	25
914	5	1095	29
915	5	1148	25
915	5	1356	29
916	5	469	25
916	5	626	29
917	5	574	25
917	5	782	29
918	5	1095	25
918	5	1200	29
919	5	1148	25
919	5	1669	29
920	5	626	25
920	5	1617	29
921	5	626	25
922	5	521	25
922	5	1043	29
923	5	1095	25
923	5	1408	29
924	5	469	25
924	5	834	29
924	5	1722	27
924	5	1982	30
925	5	469	25
925	5	678	29
926	5	469	25
926	5	834	29
926	5	2035	27
926	5	2191	30
927	5	730	25
927	5	1043	29
929	5	469	25
929	5	678	29
931	5	469	25
931	5	574	29
931	5	1617	27
931	5	1826	30
932	5	1043	25
932	5	1252	29
933	5	1148	25
933	5	1252	29
934	5	939	25
934	5	1200	29
935	5	417	29
936	5	626	25
936	5	1252	29
937	5	730	25
937	5	1826	29
938	5	887	25
938	5	1252	29
939	5	1095	25
939	5	1669	29
940	5	469	25
940	5	1095	29
940	5	2191	30
941	5	469	25
941	5	626	29
941	5	1930	30
942	5	469	25
942	5	574	29
942	5	1774	27
942	5	1826	30
943	5	626	25
944	5	574	25
944	5	887	29
945	5	1304	25
946	5	417	29
946	5	2191	25
947	5	469	25
947	5	678	29
947	5	1095	30
948	5	469	25
948	5	678	29
949	5	469	29
949	5	1095	30
950	5	469	25
950	5	626	29
951	5	2087	25
952	5	1878	25
953	5	469	25
953	5	626	29
954	5	469	25
954	5	574	29
954	5	2087	30
956	5	626	25
956	5	1930	29
957	5	417	29
958	5	939	25
958	5	1826	29
959	5	2243	25
960	5	521	25
960	5	939	29
961	5	469	25
961	5	834	29
962	5	1930	25
962	5	2035	29
963	5	469	25
963	5	678	29
964	5	469	25
964	5	834	29
964	5	1930	30
965	5	782	25
965	5	1200	29
966	5	469	25
966	5	521	29
966	5	2243	27
967	5	1200	25
968	5	469	25
968	5	834	29
969	5	574	25
969	5	939	29
969	5	2295	27
971	5	469	25
971	5	887	29
972	5	469	25
972	5	521	29
972	5	1148	30
973	5	521	25
973	5	834	29
974	5	469	25
974	5	939	29
975	5	1148	25
975	5	1356	29
976	5	521	25
976	5	991	29
976	5	2139	30
977	5	1669	25
977	5	2243	29
978	5	469	25
978	5	782	29
979	5	1200	25
979	5	1356	29
980	5	1617	25
980	5	1982	29
981	5	782	25
981	5	1095	29
982	5	469	25
982	5	834	29
983	5	469	25
983	5	521	29
984	5	939	25
984	5	1252	29
985	5	1043	25
985	5	1200	29
986	5	2139	25
987	5	1043	25
987	5	1722	29
988	5	469	25
988	5	834	29
989	5	469	25
989	5	574	29
990	5	1617	25
990	5	1826	29
992	5	1617	25
993	5	730	25
994	5	1878	25
994	5	2139	29
995	5	469	25
995	5	574	29
996	5	1095	25
996	5	1356	29
997	5	2191	25
998	5	469	25
998	5	991	29
998	5	1982	30
999	5	1252	25
999	5	1617	29
