Realization	utility	week	infra.
0	0	678	29
0	0	939	30
1	0	678	29
2	0	521	29
3	0	1043	30
4	0	626	29
4	0	1982	30
5	0	626	29
6	0	521	30
7	0	834	30
8	0	730	29
9	0	626	29
10	0	574	29
11	0	1982	30
12	0	1148	30
13	0	730	29
14	0	521	29
15	0	574	29
16	0	626	29
17	0	626	29
18	0	469	29
19	0	1200	30
20	0	574	29
21	0	469	29
22	0	574	29
23	0	574	29
24	0	521	29
25	0	1356	30
26	0	626	30
27	0	521	29
28	0	678	30
29	0	574	29
30	0	1095	30
31	0	626	29
32	0	1043	30
33	0	574	29
34	0	521	29
35	0	626	29
36	0	678	29
37	0	678	29
38	0	626	29
39	0	626	29
40	0	626	29
40	0	2295	30
41	0	626	29
42	0	678	29
43	0	469	29
44	0	1252	30
45	0	678	29
46	0	521	29
47	0	939	30
48	0	574	30
49	0	521	29
50	0	1148	30
51	0	730	29
52	0	626	29
53	0	521	29
53	0	2243	30
54	0	1878	30
55	0	626	29
56	0	1043	30
57	0	521	29
58	0	521	29
59	0	574	29
60	0	939	30
61	0	678	29
62	0	626	29
63	0	469	29
64	0	1513	30
65	0	521	29
66	0	1095	30
67	0	730	29
68	0	1252	30
69	0	626	30
70	0	574	30
71	0	1043	30
72	0	1565	30
73	0	1304	30
74	0	626	29
75	0	678	29
76	0	1095	30
77	0	834	30
78	0	1095	30
79	0	730	29
80	0	678	29
81	0	574	29
82	0	626	29
83	0	834	30
84	0	626	29
85	0	1461	30
86	0	574	30
87	0	469	29
87	0	2035	30
88	0	678	29
89	0	678	29
90	0	1095	30
91	0	574	29
92	0	574	29
93	0	1095	30
94	0	1565	30
95	0	730	29
96	0	626	30
97	0	834	30
98	0	1095	30
99	0	834	30
100	0	1095	30
101	0	574	29
102	0	574	29
103	0	574	29
104	0	469	29
105	0	834	30
106	0	626	30
107	0	626	29
108	0	626	29
109	0	991	30
110	0	626	29
111	0	626	29
112	0	521	29
113	0	521	29
114	0	626	29
115	0	1043	30
116	0	1095	30
117	0	1095	30
118	0	991	30
119	0	1095	30
120	0	730	29
121	0	678	30
122	0	678	29
123	0	1513	30
124	0	678	29
125	0	521	29
126	0	521	29
127	0	626	29
128	0	574	29
129	0	626	30
130	0	469	29
131	0	626	29
132	0	626	29
133	0	574	29
134	0	782	30
135	0	574	29
136	0	521	29
136	0	1095	30
137	0	521	29
138	0	626	29
138	0	2295	30
139	0	678	29
139	0	1878	30
140	0	1304	30
141	0	574	29
142	0	574	29
143	0	1095	30
144	0	1617	30
145	0	1043	30
146	0	626	29
147	0	626	29
148	0	1043	30
149	0	626	29
150	0	521	29
151	0	574	29
152	0	574	29
153	0	574	29
154	0	626	29
155	0	574	29
156	0	574	29
158	0	521	29
159	0	626	29
159	0	2243	30
160	0	626	29
161	0	1095	30
162	0	574	29
163	0	730	30
164	0	521	29
165	0	574	29
166	0	1200	30
167	0	626	29
168	0	2087	30
169	0	678	29
170	0	626	29
171	0	626	29
172	0	782	30
173	0	1043	30
174	0	574	29
175	0	574	29
176	0	574	29
177	0	1356	30
178	0	1878	30
179	0	574	29
180	0	730	29
181	0	574	29
182	0	469	29
183	0	521	29
184	0	730	29
185	0	678	29
186	0	1878	30
187	0	521	29
188	0	782	30
189	0	626	29
190	0	991	30
191	0	678	29
192	0	678	29
193	0	574	29
194	0	626	30
196	0	521	29
196	0	1722	30
197	0	2295	30
198	0	678	29
199	0	574	29
200	0	1095	30
201	0	1252	30
202	0	834	30
203	0	469	29
204	0	574	29
205	0	1095	30
206	0	574	29
206	0	1722	30
207	0	626	29
208	0	574	29
209	0	1878	30
210	0	521	29
211	0	1095	30
212	0	730	30
213	0	1200	30
214	0	521	29
215	0	1043	30
216	0	574	29
217	0	574	29
218	0	626	29
219	0	1930	30
220	0	991	30
221	0	521	29
222	0	834	30
223	0	574	29
224	0	626	29
225	0	626	29
225	0	2087	30
226	0	521	29
227	0	678	29
228	0	521	29
229	0	574	29
230	0	521	29
231	0	521	29
232	0	626	29
233	0	991	30
234	0	2191	30
235	0	678	30
236	0	574	29
237	0	574	29
238	0	834	30
239	0	834	30
240	0	574	29
241	0	521	29
242	0	678	29
243	0	521	29
243	0	2243	30
244	0	469	29
245	0	834	30
246	0	1826	30
247	0	1200	30
248	0	574	29
249	0	574	29
250	0	574	29
251	0	521	29
252	0	834	30
253	0	574	29
254	0	1513	30
255	0	730	30
256	0	521	29
257	0	887	30
258	0	678	29
259	0	574	29
260	0	521	30
262	0	574	29
263	0	626	29
264	0	626	29
265	0	678	29
266	0	574	29
267	0	574	29
268	0	834	30
269	0	678	29
270	0	574	29
271	0	678	30
272	0	521	29
272	0	1878	30
273	0	1930	30
274	0	991	30
275	0	939	30
276	0	939	30
277	0	730	30
278	0	1148	30
279	0	834	30
280	0	469	29
282	0	1200	30
283	0	991	30
284	0	626	29
284	0	1774	30
285	0	626	29
286	0	521	29
286	0	2139	30
287	0	782	30
288	0	678	29
289	0	574	30
290	0	1982	30
291	0	730	29
292	0	834	30
293	0	574	29
293	0	1878	30
294	0	626	29
295	0	574	29
296	0	574	29
297	0	626	29
298	0	730	30
299	0	626	29
300	0	626	30
301	0	574	29
302	0	626	29
303	0	521	29
303	0	1826	30
304	0	574	29
305	0	1982	30
306	0	521	30
307	0	521	29
308	0	521	29
309	0	574	29
309	0	2139	30
310	0	626	29
311	0	626	29
312	0	834	30
313	0	678	29
314	0	1095	30
315	0	574	29
316	0	1930	30
317	0	1043	30
318	0	1148	30
319	0	678	30
320	0	1095	30
321	0	678	29
322	0	521	29
323	0	1200	30
324	0	1043	30
325	0	1043	30
326	0	626	29
327	0	782	30
328	0	626	29
329	0	1148	30
330	0	626	30
331	0	678	29
332	0	678	29
333	0	626	29
334	0	1095	30
335	0	626	29
336	0	626	29
337	0	626	29
338	0	678	30
339	0	678	29
340	0	1095	30
341	0	1043	30
342	0	521	29
343	0	626	29
344	0	1826	30
345	0	574	29
346	0	469	29
347	0	730	29
348	0	626	29
349	0	626	29
350	0	1513	30
351	0	626	29
352	0	521	29
353	0	626	29
354	0	521	29
354	0	1774	30
355	0	678	29
356	0	574	29
357	0	626	29
358	0	574	30
359	0	2191	30
360	0	626	29
361	0	574	29
362	0	834	30
363	0	2139	30
364	0	626	29
365	0	1148	30
366	0	521	29
367	0	574	29
368	0	626	29
368	0	1930	30
369	0	626	29
370	0	521	29
371	0	521	29
372	0	678	29
373	0	678	29
374	0	1095	30
375	0	1095	30
376	0	626	29
377	0	1095	30
378	0	834	30
379	0	730	29
380	0	626	29
381	0	626	30
382	0	678	29
383	0	782	30
384	0	678	29
385	0	574	29
386	0	521	29
387	0	574	29
388	0	1774	30
389	0	626	29
390	0	574	29
391	0	574	29
392	0	574	29
393	0	574	29
394	0	626	29
395	0	678	29
396	0	626	29
396	0	1774	30
397	0	1095	30
398	0	521	29
399	0	521	29
400	0	574	29
401	0	1878	30
402	0	626	29
403	0	1878	30
404	0	678	29
405	0	991	30
406	0	626	29
407	0	730	29
409	0	678	30
410	0	730	29
411	0	469	29
411	0	1878	30
412	0	678	29
412	0	1826	30
413	0	626	29
413	0	1774	30
414	0	574	29
415	0	678	29
416	0	1148	30
417	0	574	29
418	0	574	29
419	0	469	29
420	0	887	30
421	0	1826	30
422	0	521	29
423	0	626	30
424	0	574	29
424	0	1878	30
425	0	574	29
426	0	834	30
427	0	1826	30
428	0	574	29
429	0	521	29
430	0	574	29
431	0	574	29
432	0	678	29
433	0	574	29
434	0	678	29
434	0	1982	30
435	0	521	29
436	0	626	29
437	0	574	29
438	0	626	30
439	0	626	29
440	0	626	30
441	0	1095	30
442	0	678	30
443	0	521	29
444	0	1461	30
445	0	626	29
446	0	730	29
447	0	1148	30
448	0	678	30
449	0	1878	30
450	0	521	29
451	0	521	29
452	0	521	29
453	0	574	29
454	0	1148	30
455	0	1043	30
456	0	1043	30
457	0	521	29
458	0	1200	30
459	0	626	30
460	0	626	29
461	0	521	29
462	0	521	29
463	0	574	29
464	0	782	30
465	0	626	29
466	0	574	29
467	0	521	29
468	0	626	29
469	0	574	29
470	0	782	30
471	0	626	30
472	0	521	29
473	0	574	29
474	0	574	29
475	0	730	30
476	0	574	29
477	0	626	30
478	0	678	29
480	0	626	30
481	0	574	29
481	0	2243	30
482	0	678	29
483	0	1095	30
484	0	730	30
485	0	887	30
486	0	1095	30
487	0	626	29
488	0	1095	30
489	0	626	29
490	0	574	29
491	0	678	29
492	0	887	30
493	0	574	29
494	0	574	29
495	0	626	29
496	0	521	29
497	0	521	29
498	0	626	29
499	0	574	29
500	0	574	29
500	0	1722	30
501	0	1095	30
502	0	678	29
503	0	626	29
503	0	1774	30
504	0	1513	30
505	0	1043	30
506	0	574	30
507	0	1148	30
508	0	678	29
508	0	2295	30
509	0	2191	30
510	0	1826	30
511	0	2087	30
512	0	730	30
513	0	626	30
514	0	678	29
515	0	574	29
516	0	1148	30
517	0	991	30
518	0	782	30
519	0	574	29
520	0	626	29
521	0	626	29
522	0	626	29
523	0	626	29
524	0	1982	30
525	0	574	29
526	0	1826	30
527	0	521	29
528	0	626	29
529	0	678	29
529	0	1826	30
530	0	1095	30
531	0	834	30
532	0	626	29
533	0	1722	30
534	0	678	29
535	0	1304	30
536	0	1252	30
537	0	574	29
538	0	521	29
539	0	626	29
540	0	678	30
541	0	521	29
542	0	730	29
543	0	991	30
544	0	521	29
545	0	678	29
546	0	1043	30
547	0	626	29
548	0	939	30
549	0	1043	30
550	0	521	29
550	0	1930	30
551	0	521	29
552	0	1200	30
553	0	521	29
554	0	521	29
555	0	521	29
555	0	1095	30
556	0	521	29
557	0	1304	30
558	0	469	29
559	0	730	30
560	0	1095	30
561	0	574	29
562	0	730	30
563	0	521	29
564	0	1252	30
565	0	574	29
565	0	2087	30
566	0	521	29
567	0	521	29
568	0	574	29
569	0	626	29
570	0	1095	30
571	0	574	29
572	0	1043	30
573	0	991	30
574	0	730	29
575	0	574	29
575	0	1774	30
576	0	1043	30
577	0	678	29
578	0	574	30
579	0	626	29
580	0	1722	30
581	0	939	30
582	0	678	29
583	0	678	29
584	0	574	29
585	0	574	29
585	0	1722	30
586	0	574	29
587	0	521	29
588	0	574	29
589	0	521	29
590	0	626	29
591	0	1356	30
593	0	574	29
594	0	521	29
595	0	626	29
595	0	1930	30
596	0	574	29
597	0	678	29
598	0	574	29
599	0	626	29
600	0	991	30
601	0	626	29
602	0	939	30
603	0	574	29
604	0	626	30
605	0	939	30
606	0	626	29
607	0	574	29
608	0	521	29
609	0	2087	30
610	0	1982	30
611	0	521	29
612	0	730	30
613	0	991	30
614	0	1095	30
615	0	626	29
616	0	730	30
617	0	1408	30
618	0	939	30
619	0	887	30
620	0	626	29
621	0	678	30
622	0	521	29
623	0	730	30
624	0	521	29
625	0	991	30
626	0	469	29
627	0	626	29
628	0	574	29
629	0	574	30
630	0	574	29
631	0	521	29
632	0	626	29
633	0	1095	30
634	0	991	30
635	0	1095	30
636	0	1878	30
637	0	574	30
638	0	678	29
639	0	521	29
640	0	521	29
641	0	574	29
642	0	1043	30
643	0	2087	30
644	0	678	29
645	0	678	29
646	0	626	29
647	0	1200	30
648	0	782	29
649	0	626	29
650	0	1095	30
651	0	574	29
652	0	626	29
653	0	626	29
654	0	521	29
655	0	521	29
656	0	521	30
657	0	521	29
658	0	626	29
659	0	887	30
660	0	574	29
661	0	626	29
662	0	574	29
663	0	939	30
664	0	574	29
665	0	678	29
666	0	626	29
667	0	521	30
668	0	574	29
669	0	678	29
670	0	626	29
671	0	991	30
672	0	730	29
673	0	521	29
674	0	730	30
675	0	782	30
676	0	626	29
677	0	574	29
678	0	626	29
679	0	834	30
680	0	782	30
681	0	626	29
682	0	521	29
683	0	1095	30
684	0	939	30
685	0	521	29
686	0	626	29
687	0	1095	30
688	0	1095	30
689	0	991	30
690	0	521	29
691	0	626	29
692	0	521	29
693	0	574	30
694	0	678	29
695	0	574	29
696	0	521	29
697	0	574	29
698	0	1148	30
699	0	574	30
700	0	521	29
701	0	626	29
702	0	626	30
703	0	521	29
704	0	1826	30
705	0	678	29
706	0	521	29
707	0	626	29
708	0	1043	30
709	0	521	29
710	0	521	29
711	0	887	30
712	0	626	29
713	0	939	30
714	0	678	29
715	0	626	29
716	0	626	29
717	0	782	30
718	0	521	29
719	0	574	29
720	0	1095	30
721	0	678	29
722	0	521	29
723	0	469	29
724	0	521	29
725	0	574	29
726	0	521	29
727	0	1043	30
728	0	1513	30
729	0	678	29
730	0	626	29
731	0	574	29
732	0	626	29
733	0	626	29
734	0	521	29
735	0	1826	30
736	0	678	29
737	0	626	29
738	0	574	29
738	0	2243	30
739	0	991	30
740	0	1930	30
741	0	574	29
742	0	626	29
742	0	2139	30
743	0	574	29
744	0	991	30
745	0	1095	29
746	0	1095	30
747	0	678	29
748	0	1617	30
749	0	626	29
750	0	678	29
751	0	678	29
752	0	678	30
753	0	574	29
753	0	2139	30
754	0	626	29
755	0	626	29
756	0	574	29
757	0	1304	30
758	0	626	29
759	0	991	30
760	0	626	30
761	0	521	29
762	0	574	29
763	0	991	30
764	0	678	29
765	0	521	29
766	0	626	29
767	0	834	30
768	0	1095	30
769	0	678	29
770	0	1878	30
771	0	1043	30
772	0	574	29
773	0	1095	30
774	0	574	29
775	0	574	29
776	0	521	29
776	0	2295	30
777	0	1826	30
778	0	626	29
779	0	991	30
780	0	626	29
781	0	574	29
782	0	521	29
783	0	1304	30
784	0	521	29
785	0	626	29
786	0	521	30
787	0	1148	30
788	0	521	29
789	0	887	30
790	0	574	29
791	0	991	30
792	0	678	29
793	0	521	29
794	0	574	29
795	0	730	30
796	0	1043	30
797	0	626	29
798	0	626	30
799	0	1930	30
800	0	991	30
801	0	1148	30
802	0	521	29
803	0	626	29
804	0	521	30
805	0	1878	30
806	0	1095	30
807	0	678	29
807	0	1826	30
808	0	1356	30
809	0	1304	30
810	0	521	29
811	0	574	29
812	0	469	29
813	0	678	29
814	0	626	29
815	0	469	29
816	0	887	30
817	0	939	30
818	0	626	29
819	0	1148	30
820	0	626	29
821	0	678	29
822	0	574	29
823	0	678	29
823	0	2295	30
824	0	730	30
825	0	574	29
826	0	730	30
827	0	574	29
828	0	991	30
829	0	1826	30
830	0	834	30
831	0	521	29
831	0	1982	30
832	0	678	29
832	0	2087	30
833	0	626	29
834	0	626	29
834	0	2295	30
835	0	574	29
836	0	1826	30
837	0	782	30
838	0	469	29
839	0	1095	30
840	0	469	29
840	0	1043	30
841	0	521	29
842	0	521	29
843	0	626	29
843	0	1774	30
844	0	626	30
845	0	730	29
846	0	1095	30
847	0	1043	30
848	0	521	29
849	0	1826	30
850	0	574	29
851	0	2139	30
852	0	678	29
853	0	1304	30
854	0	730	29
855	0	521	30
856	0	678	29
857	0	1148	30
858	0	730	29
859	0	574	29
860	0	1095	30
861	0	678	29
862	0	1252	30
863	0	521	29
864	0	521	29
864	0	2035	30
865	0	521	29
866	0	626	29
867	0	574	29
868	0	521	29
869	0	730	30
870	0	939	30
871	0	730	30
872	0	2243	30
873	0	574	29
874	0	730	30
875	0	521	30
876	0	574	29
877	0	574	29
877	0	1774	30
878	0	678	29
879	0	574	29
880	0	678	29
881	0	678	30
882	0	1148	30
883	0	626	29
884	0	626	29
885	0	678	29
886	0	626	29
887	0	574	29
888	0	730	30
889	0	1095	30
890	0	1043	30
891	0	626	29
892	0	1148	30
893	0	574	29
894	0	678	29
895	0	469	29
896	0	678	29
897	0	521	29
898	0	521	29
899	0	574	29
900	0	991	29
901	0	626	29
902	0	782	29
903	0	469	29
904	0	626	29
905	0	1095	30
906	0	521	29
907	0	1461	30
908	0	626	29
909	0	1722	30
910	0	678	30
911	0	626	29
912	0	521	29
913	0	1043	30
914	0	730	29
915	0	1043	30
916	0	574	29
917	0	626	29
918	0	1095	30
919	0	1200	30
920	0	678	29
921	0	626	30
922	0	574	29
923	0	1095	30
924	0	521	29
925	0	626	29
926	0	574	29
927	0	574	29
928	0	1982	30
929	0	626	29
930	0	887	30
931	0	574	29
932	0	730	30
933	0	1095	30
934	0	782	30
935	0	469	29
936	0	521	29
937	0	626	29
938	0	574	30
939	0	678	29
940	0	521	29
941	0	521	29
942	0	521	29
943	0	521	29
944	0	574	29
945	0	1304	30
946	0	469	29
947	0	626	29
947	0	1774	30
948	0	626	29
949	0	469	29
949	0	1095	30
950	0	678	29
951	0	1095	30
952	0	1513	30
953	0	678	29
954	0	521	29
955	0	991	30
956	0	574	29
957	0	782	30
958	0	782	30
959	0	1461	30
960	0	678	29
961	0	626	29
962	0	1774	30
963	0	626	29
964	0	521	29
965	0	730	29
966	0	574	29
967	0	730	30
968	0	521	29
969	0	574	29
970	0	2139	30
971	0	574	29
972	0	574	29
972	0	1722	30
973	0	574	30
974	0	521	29
975	0	834	30
976	0	521	29
977	0	1408	30
978	0	521	29
979	0	1095	30
980	0	1565	30
981	0	834	30
982	0	521	29
983	0	574	29
984	0	782	30
985	0	782	30
986	0	1878	30
987	0	939	30
988	0	574	29
989	0	574	29
990	0	1148	30
991	0	887	30
992	0	1252	30
993	0	678	30
994	0	1722	30
995	0	574	29
996	0	1043	30
997	0	1982	30
998	0	574	30
999	0	1095	30
0	1	678	29
0	1	939	30
1	1	678	29
2	1	521	29
3	1	1043	30
4	1	626	29
4	1	1982	30
5	1	626	29
6	1	521	30
7	1	834	30
8	1	730	29
9	1	626	29
10	1	574	29
11	1	1982	30
12	1	1148	30
13	1	730	29
14	1	521	29
15	1	574	29
16	1	626	29
17	1	626	29
18	1	469	29
19	1	1200	30
20	1	574	29
21	1	469	29
22	1	574	29
23	1	574	29
24	1	521	29
25	1	1356	30
26	1	626	30
27	1	521	29
28	1	678	30
29	1	574	29
30	1	1095	30
31	1	626	29
32	1	1043	30
33	1	574	29
34	1	521	29
35	1	626	29
36	1	678	29
37	1	678	29
38	1	626	29
39	1	626	29
40	1	626	29
40	1	2295	30
41	1	626	29
42	1	678	29
43	1	469	29
44	1	1252	30
45	1	678	29
46	1	521	29
47	1	939	30
48	1	574	30
49	1	521	29
50	1	1148	30
51	1	730	29
52	1	626	29
53	1	521	29
53	1	2243	30
54	1	1878	30
55	1	626	29
56	1	1043	30
57	1	521	29
58	1	521	29
59	1	574	29
60	1	939	30
61	1	678	29
62	1	626	29
63	1	469	29
64	1	1513	30
65	1	521	29
66	1	1095	30
67	1	730	29
68	1	1252	30
69	1	626	30
70	1	574	30
71	1	1043	30
72	1	1565	30
73	1	1304	30
74	1	626	29
75	1	678	29
76	1	1095	30
77	1	834	30
78	1	1095	30
79	1	730	29
80	1	678	29
81	1	574	29
82	1	626	29
83	1	834	30
84	1	626	29
85	1	1461	30
86	1	574	30
87	1	469	29
87	1	2035	30
88	1	678	29
89	1	678	29
90	1	1095	30
91	1	574	29
92	1	574	29
93	1	1095	30
94	1	1565	30
95	1	730	29
96	1	626	30
97	1	834	30
98	1	1095	30
99	1	834	30
100	1	1095	30
101	1	574	29
102	1	574	29
103	1	574	29
104	1	469	29
105	1	834	30
106	1	626	30
107	1	626	29
108	1	626	29
109	1	991	30
110	1	626	29
111	1	626	29
112	1	521	29
113	1	521	29
114	1	626	29
115	1	1043	30
116	1	1095	30
117	1	1095	30
118	1	991	30
119	1	1095	30
120	1	730	29
121	1	678	30
122	1	678	29
123	1	1513	30
124	1	678	29
125	1	521	29
126	1	521	29
127	1	626	29
128	1	574	29
129	1	626	30
130	1	469	29
131	1	626	29
132	1	626	29
133	1	574	29
134	1	782	30
135	1	574	29
136	1	521	29
136	1	1095	30
137	1	521	29
138	1	626	29
138	1	2295	30
139	1	678	29
139	1	1878	30
140	1	1304	30
141	1	574	29
142	1	574	29
143	1	1095	30
144	1	1617	30
145	1	1043	30
146	1	626	29
147	1	626	29
148	1	1043	30
149	1	626	29
150	1	521	29
151	1	574	29
152	1	574	29
153	1	574	29
154	1	626	29
155	1	574	29
156	1	574	29
158	1	521	29
159	1	626	29
159	1	2243	30
160	1	626	29
161	1	1095	30
162	1	574	29
163	1	730	30
164	1	521	29
165	1	574	29
166	1	1200	30
167	1	626	29
168	1	2087	30
169	1	678	29
170	1	626	29
171	1	626	29
172	1	782	30
173	1	1043	30
174	1	574	29
175	1	574	29
176	1	574	29
177	1	1356	30
178	1	1878	30
179	1	574	29
180	1	730	29
181	1	574	29
182	1	469	29
183	1	521	29
184	1	730	29
185	1	678	29
186	1	1878	30
187	1	521	29
188	1	782	30
189	1	626	29
190	1	991	30
191	1	678	29
192	1	678	29
193	1	574	29
194	1	626	30
196	1	521	29
196	1	1722	30
197	1	2295	30
198	1	678	29
199	1	574	29
200	1	1095	30
201	1	1252	30
202	1	834	30
203	1	469	29
204	1	574	29
205	1	1095	30
206	1	574	29
206	1	1722	30
207	1	626	29
208	1	574	29
209	1	1878	30
210	1	521	29
211	1	1095	30
212	1	730	30
213	1	1200	30
214	1	521	29
215	1	1043	30
216	1	574	29
217	1	574	29
218	1	626	29
219	1	1930	30
220	1	991	30
221	1	521	29
222	1	834	30
223	1	574	29
224	1	626	29
225	1	626	29
225	1	2087	30
226	1	521	29
227	1	678	29
228	1	521	29
229	1	574	29
230	1	521	29
231	1	521	29
232	1	626	29
233	1	991	30
234	1	2191	30
235	1	678	30
236	1	574	29
237	1	574	29
238	1	834	30
239	1	834	30
240	1	574	29
241	1	521	29
242	1	678	29
243	1	521	29
243	1	2243	30
244	1	469	29
245	1	834	30
246	1	1826	30
247	1	1200	30
248	1	574	29
249	1	574	29
250	1	574	29
251	1	521	29
252	1	834	30
253	1	574	29
254	1	1513	30
255	1	730	30
256	1	521	29
257	1	887	30
258	1	678	29
259	1	574	29
260	1	521	30
262	1	574	29
263	1	626	29
264	1	626	29
265	1	678	29
266	1	574	29
267	1	574	29
268	1	834	30
269	1	678	29
270	1	574	29
271	1	678	30
272	1	521	29
272	1	1878	30
273	1	1930	30
274	1	991	30
275	1	939	30
276	1	939	30
277	1	730	30
278	1	1148	30
279	1	834	30
280	1	469	29
282	1	1200	30
283	1	991	30
284	1	626	29
284	1	1774	30
285	1	626	29
286	1	521	29
286	1	2139	30
287	1	782	30
288	1	678	29
289	1	574	30
290	1	1982	30
291	1	730	29
292	1	834	30
293	1	574	29
293	1	1878	30
294	1	626	29
295	1	574	29
296	1	574	29
297	1	626	29
298	1	730	30
299	1	626	29
300	1	626	30
301	1	574	29
302	1	626	29
303	1	521	29
303	1	1826	30
304	1	574	29
305	1	1982	30
306	1	521	30
307	1	521	29
308	1	521	29
309	1	574	29
309	1	2139	30
310	1	626	29
311	1	626	29
312	1	834	30
313	1	678	29
314	1	1095	30
315	1	574	29
316	1	1930	30
317	1	1043	30
318	1	1148	30
319	1	678	30
320	1	1095	30
321	1	678	29
322	1	521	29
323	1	1200	30
324	1	1043	30
325	1	1043	30
326	1	626	29
327	1	782	30
328	1	626	29
329	1	1148	30
330	1	626	30
331	1	678	29
332	1	678	29
333	1	626	29
334	1	1095	30
335	1	626	29
336	1	626	29
337	1	626	29
338	1	678	30
339	1	678	29
340	1	1095	30
341	1	1043	30
342	1	521	29
343	1	626	29
344	1	1826	30
345	1	574	29
346	1	469	29
347	1	730	29
348	1	626	29
349	1	626	29
350	1	1513	30
351	1	626	29
352	1	521	29
353	1	626	29
354	1	521	29
354	1	1774	30
355	1	678	29
356	1	574	29
357	1	626	29
358	1	574	30
359	1	2191	30
360	1	626	29
361	1	574	29
362	1	834	30
363	1	2139	30
364	1	626	29
365	1	1148	30
366	1	521	29
367	1	574	29
368	1	626	29
368	1	1930	30
369	1	626	29
370	1	521	29
371	1	521	29
372	1	678	29
373	1	678	29
374	1	1095	30
375	1	1095	30
376	1	626	29
377	1	1095	30
378	1	834	30
379	1	730	29
380	1	626	29
381	1	626	30
382	1	678	29
383	1	782	30
384	1	678	29
385	1	574	29
386	1	521	29
387	1	574	29
388	1	1774	30
389	1	626	29
390	1	574	29
391	1	574	29
392	1	574	29
393	1	574	29
394	1	626	29
395	1	678	29
396	1	626	29
396	1	1774	30
397	1	1095	30
398	1	521	29
399	1	521	29
400	1	574	29
401	1	1878	30
402	1	626	29
403	1	1878	30
404	1	678	29
405	1	991	30
406	1	626	29
407	1	730	29
409	1	678	30
410	1	730	29
411	1	469	29
411	1	1878	30
412	1	678	29
412	1	1826	30
413	1	626	29
413	1	1774	30
414	1	574	29
415	1	678	29
416	1	1148	30
417	1	574	29
418	1	574	29
419	1	469	29
420	1	887	30
421	1	1826	30
422	1	521	29
423	1	626	30
424	1	574	29
424	1	1878	30
425	1	574	29
426	1	834	30
427	1	1826	30
428	1	574	29
429	1	521	29
430	1	574	29
431	1	574	29
432	1	678	29
433	1	574	29
434	1	678	29
434	1	1982	30
435	1	521	29
436	1	626	29
437	1	574	29
438	1	626	30
439	1	626	29
440	1	626	30
441	1	1095	30
442	1	678	30
443	1	521	29
444	1	1461	30
445	1	626	29
446	1	730	29
447	1	1148	30
448	1	678	30
449	1	1878	30
450	1	521	29
451	1	521	29
452	1	521	29
453	1	574	29
454	1	1148	30
455	1	1043	30
456	1	1043	30
457	1	521	29
458	1	1200	30
459	1	626	30
460	1	626	29
461	1	521	29
462	1	521	29
463	1	574	29
464	1	782	30
465	1	626	29
466	1	574	29
467	1	521	29
468	1	626	29
469	1	574	29
470	1	782	30
471	1	626	30
472	1	521	29
473	1	574	29
474	1	574	29
475	1	730	30
476	1	574	29
477	1	626	30
478	1	678	29
480	1	626	30
481	1	574	29
481	1	2243	30
482	1	678	29
483	1	1095	30
484	1	730	30
485	1	887	30
486	1	1095	30
487	1	626	29
488	1	1095	30
489	1	626	29
490	1	574	29
491	1	678	29
492	1	887	30
493	1	574	29
494	1	574	29
495	1	626	29
496	1	521	29
497	1	521	29
498	1	626	29
499	1	574	29
500	1	574	29
500	1	1722	30
501	1	1095	30
502	1	678	29
503	1	626	29
503	1	1774	30
504	1	1513	30
505	1	1043	30
506	1	574	30
507	1	1148	30
508	1	678	29
508	1	2295	30
509	1	2191	30
510	1	1826	30
511	1	2087	30
512	1	730	30
513	1	626	30
514	1	678	29
515	1	574	29
516	1	1148	30
517	1	991	30
518	1	782	30
519	1	574	29
520	1	626	29
521	1	626	29
522	1	626	29
523	1	626	29
524	1	1982	30
525	1	574	29
526	1	1826	30
527	1	521	29
528	1	626	29
529	1	678	29
529	1	1826	30
530	1	1095	30
531	1	834	30
532	1	626	29
533	1	1722	30
534	1	678	29
535	1	1304	30
536	1	1252	30
537	1	574	29
538	1	521	29
539	1	626	29
540	1	678	30
541	1	521	29
542	1	730	29
543	1	991	30
544	1	521	29
545	1	678	29
546	1	1043	30
547	1	626	29
548	1	939	30
549	1	1043	30
550	1	521	29
550	1	1930	30
551	1	521	29
552	1	1200	30
553	1	521	29
554	1	521	29
555	1	521	29
555	1	1095	30
556	1	521	29
557	1	1304	30
558	1	469	29
559	1	730	30
560	1	1095	30
561	1	574	29
562	1	730	30
563	1	521	29
564	1	1252	30
565	1	574	29
565	1	2087	30
566	1	521	29
567	1	521	29
568	1	574	29
569	1	626	29
570	1	1095	30
571	1	574	29
572	1	1043	30
573	1	991	30
574	1	730	29
575	1	574	29
575	1	1774	30
576	1	1043	30
577	1	678	29
578	1	574	30
579	1	626	29
580	1	1722	30
581	1	939	30
582	1	678	29
583	1	678	29
584	1	574	29
585	1	574	29
585	1	1722	30
586	1	574	29
587	1	521	29
588	1	574	29
589	1	521	29
590	1	626	29
591	1	1356	30
593	1	574	29
594	1	521	29
595	1	626	29
595	1	1930	30
596	1	574	29
597	1	678	29
598	1	574	29
599	1	626	29
600	1	991	30
601	1	626	29
602	1	939	30
603	1	574	29
604	1	626	30
605	1	939	30
606	1	626	29
607	1	574	29
608	1	521	29
609	1	2087	30
610	1	1982	30
611	1	521	29
612	1	730	30
613	1	991	30
614	1	1095	30
615	1	626	29
616	1	730	30
617	1	1408	30
618	1	939	30
619	1	887	30
620	1	626	29
621	1	678	30
622	1	521	29
623	1	730	30
624	1	521	29
625	1	991	30
626	1	469	29
627	1	626	29
628	1	574	29
629	1	574	30
630	1	574	29
631	1	521	29
632	1	626	29
633	1	1095	30
634	1	991	30
635	1	1095	30
636	1	1878	30
637	1	574	30
638	1	678	29
639	1	521	29
640	1	521	29
641	1	574	29
642	1	1043	30
643	1	2087	30
644	1	678	29
645	1	678	29
646	1	626	29
647	1	1200	30
648	1	782	29
649	1	626	29
650	1	1095	30
651	1	574	29
652	1	626	29
653	1	626	29
654	1	521	29
655	1	521	29
656	1	521	30
657	1	521	29
658	1	626	29
659	1	887	30
660	1	574	29
661	1	626	29
662	1	574	29
663	1	939	30
664	1	574	29
665	1	678	29
666	1	626	29
667	1	521	30
668	1	574	29
669	1	678	29
670	1	626	29
671	1	991	30
672	1	730	29
673	1	521	29
674	1	730	30
675	1	782	30
676	1	626	29
677	1	574	29
678	1	626	29
679	1	834	30
680	1	782	30
681	1	626	29
682	1	521	29
683	1	1095	30
684	1	939	30
685	1	521	29
686	1	626	29
687	1	1095	30
688	1	1095	30
689	1	991	30
690	1	521	29
691	1	626	29
692	1	521	29
693	1	574	30
694	1	678	29
695	1	574	29
696	1	521	29
697	1	574	29
698	1	1148	30
699	1	574	30
700	1	521	29
701	1	626	29
702	1	626	30
703	1	521	29
704	1	1826	30
705	1	678	29
706	1	521	29
707	1	626	29
708	1	1043	30
709	1	521	29
710	1	521	29
711	1	887	30
712	1	626	29
713	1	939	30
714	1	678	29
715	1	626	29
716	1	626	29
717	1	782	30
718	1	521	29
719	1	574	29
720	1	1095	30
721	1	678	29
722	1	521	29
723	1	469	29
724	1	521	29
725	1	574	29
726	1	521	29
727	1	1043	30
728	1	1513	30
729	1	678	29
730	1	626	29
731	1	574	29
732	1	626	29
733	1	626	29
734	1	521	29
735	1	1826	30
736	1	678	29
737	1	626	29
738	1	574	29
738	1	2243	30
739	1	991	30
740	1	1930	30
741	1	574	29
742	1	626	29
742	1	2139	30
743	1	574	29
744	1	991	30
745	1	1095	29
746	1	1095	30
747	1	678	29
748	1	1617	30
749	1	626	29
750	1	678	29
751	1	678	29
752	1	678	30
753	1	574	29
753	1	2139	30
754	1	626	29
755	1	626	29
756	1	574	29
757	1	1304	30
758	1	626	29
759	1	991	30
760	1	626	30
761	1	521	29
762	1	574	29
763	1	991	30
764	1	678	29
765	1	521	29
766	1	626	29
767	1	834	30
768	1	1095	30
769	1	678	29
770	1	1878	30
771	1	1043	30
772	1	574	29
773	1	1095	30
774	1	574	29
775	1	574	29
776	1	521	29
776	1	2295	30
777	1	1826	30
778	1	626	29
779	1	991	30
780	1	626	29
781	1	574	29
782	1	521	29
783	1	1304	30
784	1	521	29
785	1	626	29
786	1	521	30
787	1	1148	30
788	1	521	29
789	1	887	30
790	1	574	29
791	1	991	30
792	1	678	29
793	1	521	29
794	1	574	29
795	1	730	30
796	1	1043	30
797	1	626	29
798	1	626	30
799	1	1930	30
800	1	991	30
801	1	1148	30
802	1	521	29
803	1	626	29
804	1	521	30
805	1	1878	30
806	1	1095	30
807	1	678	29
807	1	1826	30
808	1	1356	30
809	1	1304	30
810	1	521	29
811	1	574	29
812	1	469	29
813	1	678	29
814	1	626	29
815	1	469	29
816	1	887	30
817	1	939	30
818	1	626	29
819	1	1148	30
820	1	626	29
821	1	678	29
822	1	574	29
823	1	678	29
823	1	2295	30
824	1	730	30
825	1	574	29
826	1	730	30
827	1	574	29
828	1	991	30
829	1	1826	30
830	1	834	30
831	1	521	29
831	1	1982	30
832	1	678	29
832	1	2087	30
833	1	626	29
834	1	626	29
834	1	2295	30
835	1	574	29
836	1	1826	30
837	1	782	30
838	1	469	29
839	1	1095	30
840	1	469	29
840	1	1043	30
841	1	521	29
842	1	521	29
843	1	626	29
843	1	1774	30
844	1	626	30
845	1	730	29
846	1	1095	30
847	1	1043	30
848	1	521	29
849	1	1826	30
850	1	574	29
851	1	2139	30
852	1	678	29
853	1	1304	30
854	1	730	29
855	1	521	30
856	1	678	29
857	1	1148	30
858	1	730	29
859	1	574	29
860	1	1095	30
861	1	678	29
862	1	1252	30
863	1	521	29
864	1	521	29
864	1	2035	30
865	1	521	29
866	1	626	29
867	1	574	29
868	1	521	29
869	1	730	30
870	1	939	30
871	1	730	30
872	1	2243	30
873	1	574	29
874	1	730	30
875	1	521	30
876	1	574	29
877	1	574	29
877	1	1774	30
878	1	678	29
879	1	574	29
880	1	678	29
881	1	678	30
882	1	1148	30
883	1	626	29
884	1	626	29
885	1	678	29
886	1	626	29
887	1	574	29
888	1	730	30
889	1	1095	30
890	1	1043	30
891	1	626	29
892	1	1148	30
893	1	574	29
894	1	678	29
895	1	469	29
896	1	678	29
897	1	521	29
898	1	521	29
899	1	574	29
900	1	991	29
901	1	626	29
902	1	782	29
903	1	469	29
904	1	626	29
905	1	1095	30
906	1	521	29
907	1	1461	30
908	1	626	29
909	1	1722	30
910	1	678	30
911	1	626	29
912	1	521	29
913	1	1043	30
914	1	730	29
915	1	1043	30
916	1	574	29
917	1	626	29
918	1	1095	30
919	1	1200	30
920	1	678	29
921	1	626	30
922	1	574	29
923	1	1095	30
924	1	521	29
925	1	626	29
926	1	574	29
927	1	574	29
928	1	1982	30
929	1	626	29
930	1	887	30
931	1	574	29
932	1	730	30
933	1	1095	30
934	1	782	30
935	1	469	29
936	1	521	29
937	1	626	29
938	1	574	30
939	1	678	29
940	1	521	29
941	1	521	29
942	1	521	29
943	1	521	29
944	1	574	29
945	1	1304	30
946	1	469	29
947	1	626	29
947	1	1774	30
948	1	626	29
949	1	469	29
949	1	1095	30
950	1	678	29
951	1	1095	30
952	1	1513	30
953	1	678	29
954	1	521	29
955	1	991	30
956	1	574	29
957	1	782	30
958	1	782	30
959	1	1461	30
960	1	678	29
961	1	626	29
962	1	1774	30
963	1	626	29
964	1	521	29
965	1	730	29
966	1	574	29
967	1	730	30
968	1	521	29
969	1	574	29
970	1	2139	30
971	1	574	29
972	1	574	29
972	1	1722	30
973	1	574	30
974	1	521	29
975	1	834	30
976	1	521	29
977	1	1408	30
978	1	521	29
979	1	1095	30
980	1	1565	30
981	1	834	30
982	1	521	29
983	1	574	29
984	1	782	30
985	1	782	30
986	1	1878	30
987	1	939	30
988	1	574	29
989	1	574	29
990	1	1148	30
991	1	887	30
992	1	1252	30
993	1	678	30
994	1	1722	30
995	1	574	29
996	1	1043	30
997	1	1982	30
998	1	574	30
999	1	1095	30
0	2	313	26
0	2	626	33
0	2	1148	13
1	2	313	26
1	2	626	33
1	2	1148	13
2	2	313	26
2	2	782	33
3	2	313	26
3	2	1408	33
4	2	313	26
4	2	626	33
4	2	1148	13
5	2	313	26
5	2	626	33
5	2	1982	13
6	2	313	26
6	2	678	33
6	2	1408	13
7	2	313	26
7	2	1252	33
7	2	1669	13
8	2	313	26
8	2	782	33
8	2	1148	13
9	2	313	26
10	2	313	26
10	2	626	33
10	2	1148	13
11	2	313	26
12	2	313	26
13	2	313	26
14	2	313	26
14	2	626	33
14	2	1148	13
15	2	313	26
15	2	626	33
15	2	1148	13
16	2	313	26
16	2	626	33
16	2	1148	13
17	2	313	26
17	2	626	33
17	2	1148	13
18	2	313	26
18	2	626	33
18	2	1148	13
19	2	313	26
20	2	313	26
20	2	730	33
20	2	1200	13
21	2	313	26
21	2	626	33
21	2	1148	13
22	2	313	26
22	2	1408	33
23	2	313	26
23	2	626	33
23	2	1148	13
24	2	313	26
24	2	626	33
24	2	1148	13
25	2	313	26
26	2	313	26
26	2	887	33
26	2	1408	13
27	2	313	26
27	2	626	33
27	2	1148	13
28	2	313	26
28	2	939	33
28	2	1200	13
29	2	313	26
29	2	1930	33
30	2	313	26
30	2	1722	33
31	2	313	26
31	2	678	33
31	2	2295	13
32	2	313	26
32	2	1461	33
33	2	313	26
33	2	782	33
34	2	313	26
34	2	939	33
34	2	1356	13
35	2	313	26
35	2	626	33
35	2	1148	13
36	2	313	26
36	2	626	33
36	2	1148	13
37	2	313	26
37	2	730	33
38	2	313	26
38	2	834	33
38	2	1617	13
39	2	313	26
39	2	626	33
39	2	1200	13
40	2	313	26
40	2	626	33
40	2	1148	13
41	2	313	26
41	2	991	33
41	2	1461	13
42	2	313	26
42	2	1043	33
42	2	1304	13
43	2	313	26
43	2	626	33
43	2	1148	13
44	2	313	26
45	2	313	26
45	2	782	33
45	2	1148	13
46	2	313	26
46	2	626	33
46	2	1513	13
47	2	313	26
47	2	1356	33
48	2	313	26
49	2	313	26
49	2	678	33
49	2	1148	13
50	2	313	26
51	2	313	26
52	2	313	26
53	2	313	26
53	2	626	33
53	2	1148	13
54	2	313	26
55	2	313	26
55	2	730	33
56	2	313	26
57	2	313	26
57	2	626	33
57	2	1148	13
58	2	313	26
58	2	730	33
58	2	1148	13
59	2	313	26
59	2	626	33
59	2	1148	13
60	2	313	26
61	2	313	26
61	2	678	33
61	2	2243	13
62	2	313	26
62	2	626	33
62	2	1148	13
63	2	313	26
63	2	834	33
63	2	1304	13
64	2	313	26
65	2	313	26
65	2	939	33
65	2	1461	13
66	2	313	26
66	2	1669	33
67	2	313	26
67	2	1043	33
67	2	1304	13
68	2	313	26
69	2	313	26
69	2	1148	33
69	2	1565	13
70	2	313	26
70	2	834	33
71	2	313	26
71	2	1408	33
71	2	1722	13
72	2	313	26
73	2	313	26
74	2	313	26
75	2	313	26
75	2	626	33
75	2	1148	13
76	2	313	26
77	2	313	26
78	2	313	26
79	2	313	26
79	2	1304	33
79	2	1930	13
80	2	313	26
80	2	626	33
80	2	1148	13
81	2	313	26
81	2	626	33
82	2	313	26
82	2	834	33
83	2	313	26
83	2	1669	33
84	2	313	26
84	2	678	33
85	2	313	26
86	2	313	26
86	2	1722	33
87	2	313	26
87	2	626	33
87	2	1148	13
88	2	313	26
88	2	834	33
88	2	1200	13
89	2	313	26
89	2	1095	33
89	2	1408	13
90	2	313	26
91	2	313	26
91	2	678	33
92	2	313	26
92	2	626	33
92	2	1148	13
93	2	313	26
94	2	313	26
95	2	313	26
95	2	2295	33
96	2	313	26
96	2	1252	33
96	2	1722	13
97	2	313	26
98	2	313	26
99	2	313	26
99	2	1774	33
100	2	313	26
101	2	313	26
101	2	887	33
102	2	313	26
102	2	834	33
102	2	1356	13
103	2	313	26
103	2	1356	33
104	2	313	26
104	2	678	33
104	2	1148	13
105	2	313	26
106	2	313	26
106	2	887	33
106	2	1148	13
107	2	313	26
107	2	626	33
107	2	1148	13
108	2	313	26
108	2	626	33
108	2	1148	13
109	2	313	26
110	2	313	26
110	2	626	33
110	2	1148	13
111	2	313	26
111	2	782	33
112	2	313	26
112	2	1617	33
113	2	313	26
113	2	626	33
113	2	1148	13
114	2	313	26
114	2	834	33
115	2	313	26
116	2	313	26
117	2	313	26
118	2	313	26
118	2	1565	33
119	2	313	26
119	2	1617	33
120	2	313	26
120	2	1095	33
121	2	313	26
122	2	313	26
122	2	626	33
122	2	1148	13
123	2	313	26
124	2	313	26
124	2	626	33
124	2	1148	13
125	2	313	26
125	2	678	33
125	2	1148	13
126	2	313	26
126	2	626	33
126	2	1148	13
127	2	313	26
127	2	626	33
127	2	1148	13
128	2	313	26
128	2	626	33
128	2	1148	13
129	2	313	26
129	2	1722	33
130	2	313	26
130	2	626	33
131	2	313	26
131	2	887	33
131	2	1148	13
132	2	313	26
132	2	626	33
132	2	1200	13
133	2	313	26
133	2	678	33
133	2	1252	13
134	2	313	26
134	2	1304	33
135	2	313	26
135	2	678	33
135	2	1148	13
136	2	313	26
136	2	626	33
136	2	1148	13
137	2	313	26
137	2	834	33
137	2	1304	13
138	2	313	26
138	2	626	33
138	2	1148	13
139	2	313	26
139	2	626	33
139	2	1148	13
140	2	313	26
141	2	313	26
141	2	626	33
141	2	1148	13
142	2	313	26
142	2	1774	33
143	2	313	26
143	2	1774	33
144	2	313	26
145	2	313	26
145	2	1408	33
146	2	313	26
146	2	730	33
146	2	1148	13
147	2	313	26
147	2	782	33
147	2	1148	13
148	2	313	26
149	2	313	26
149	2	626	33
149	2	1148	13
150	2	313	26
150	2	626	33
150	2	1200	13
151	2	313	26
151	2	1774	33
152	2	313	26
152	2	730	33
152	2	1148	13
153	2	313	26
153	2	939	33
154	2	313	26
154	2	626	33
154	2	1148	13
155	2	313	26
155	2	626	33
155	2	1148	13
156	2	313	26
156	2	626	33
156	2	1148	13
157	2	313	26
158	2	313	26
158	2	626	33
158	2	1148	13
159	2	313	26
159	2	626	33
159	2	1148	13
160	2	313	26
160	2	887	33
160	2	1252	13
161	2	313	26
162	2	313	26
162	2	1200	33
162	2	1565	13
163	2	313	26
164	2	313	26
164	2	626	33
164	2	1878	13
165	2	313	26
165	2	678	33
165	2	1148	13
166	2	313	26
167	2	313	26
168	2	313	26
169	2	313	26
169	2	626	33
169	2	1461	13
170	2	313	26
170	2	626	33
170	2	1148	13
171	2	313	26
172	2	313	26
172	2	1304	33
172	2	1565	13
173	2	313	26
174	2	313	26
174	2	1200	33
174	2	1513	13
175	2	313	26
175	2	782	33
175	2	1148	13
176	2	313	26
176	2	626	33
176	2	1774	13
177	2	313	26
178	2	313	26
179	2	313	26
179	2	626	33
179	2	1148	13
180	2	313	26
181	2	313	26
181	2	626	33
181	2	1148	13
182	2	313	26
182	2	991	33
183	2	313	26
183	2	626	33
183	2	1148	13
184	2	313	26
185	2	313	26
185	2	678	33
185	2	1148	13
186	2	313	26
187	2	313	26
187	2	939	33
187	2	1356	13
188	2	313	26
189	2	313	26
189	2	939	33
189	2	1252	13
190	2	313	26
190	2	1513	33
191	2	313	26
191	2	626	33
192	2	313	26
192	2	730	33
192	2	1200	13
193	2	313	26
193	2	730	33
193	2	1252	13
194	2	313	26
194	2	991	33
195	2	313	26
196	2	313	26
196	2	626	33
196	2	1148	13
197	2	313	26
198	2	313	26
198	2	834	33
198	2	1148	13
199	2	313	26
199	2	626	33
199	2	1148	13
200	2	313	26
200	2	1461	33
201	2	313	26
202	2	313	26
202	2	1252	33
202	2	1722	13
203	2	313	26
203	2	1148	33
203	2	1408	13
204	2	313	26
204	2	626	33
204	2	1148	13
205	2	313	26
205	2	1774	33
206	2	313	26
206	2	626	33
206	2	1148	13
207	2	313	26
207	2	626	33
207	2	1148	13
208	2	313	26
208	2	626	33
208	2	1148	13
209	2	313	26
210	2	313	26
210	2	626	33
210	2	1304	13
211	2	313	26
212	2	313	26
212	2	1461	33
213	2	313	26
214	2	313	26
215	2	313	26
215	2	1565	33
216	2	313	26
217	2	313	26
217	2	1408	33
218	2	313	26
218	2	887	33
218	2	1252	13
219	2	313	26
220	2	313	26
221	2	313	26
221	2	834	33
221	2	1356	13
222	2	313	26
223	2	313	26
224	2	313	26
224	2	1304	33
224	2	2139	13
225	2	313	26
225	2	626	33
225	2	1148	13
226	2	313	26
226	2	626	33
226	2	1148	13
227	2	313	26
227	2	887	33
228	2	313	26
228	2	626	33
228	2	1148	13
229	2	313	26
229	2	991	33
229	2	1304	13
230	2	313	26
230	2	626	33
230	2	1148	13
231	2	313	26
231	2	626	33
231	2	1148	13
232	2	313	26
232	2	626	33
232	2	1148	13
233	2	313	26
233	2	1669	33
234	2	313	26
235	2	313	26
236	2	313	26
237	2	313	26
238	2	313	26
239	2	313	26
240	2	313	26
240	2	626	33
240	2	1148	13
241	2	313	26
241	2	1043	33
241	2	1304	13
242	2	313	26
242	2	730	33
242	2	1148	13
243	2	313	26
243	2	626	33
243	2	1148	13
244	2	313	26
244	2	626	33
244	2	1148	13
245	2	313	26
245	2	1722	33
246	2	313	26
247	2	313	26
248	2	313	26
248	2	626	33
248	2	1148	13
249	2	313	26
249	2	626	33
249	2	1148	13
250	2	313	26
250	2	626	33
250	2	1148	13
251	2	313	26
251	2	678	33
251	2	1200	13
252	2	313	26
253	2	313	26
253	2	1930	33
254	2	313	26
255	2	313	26
255	2	1513	33
256	2	313	26
256	2	1095	33
256	2	1408	13
257	2	313	26
257	2	1513	33
258	2	313	26
258	2	626	33
258	2	1148	13
259	2	313	26
259	2	626	33
259	2	1148	13
260	2	313	26
260	2	626	33
260	2	1148	13
261	2	313	26
262	2	313	26
262	2	1095	33
262	2	1356	13
263	2	313	26
264	2	313	26
264	2	730	33
264	2	1304	13
265	2	313	26
265	2	626	33
266	2	313	26
266	2	678	33
266	2	1200	13
267	2	313	26
267	2	626	33
267	2	1148	13
268	2	313	26
268	2	1252	33
268	2	1617	13
269	2	313	26
269	2	626	33
269	2	1148	13
270	2	313	26
270	2	991	33
271	2	313	26
271	2	782	33
271	2	1148	13
272	2	313	26
272	2	626	33
272	2	1148	13
273	2	313	26
274	2	313	26
274	2	1722	33
275	2	313	26
276	2	313	26
277	2	313	26
277	2	991	33
278	2	313	26
279	2	313	26
280	2	313	26
280	2	939	33
281	2	313	26
282	2	313	26
283	2	313	26
283	2	1513	33
284	2	313	26
284	2	626	33
284	2	1148	13
285	2	313	26
285	2	1304	33
285	2	1617	13
286	2	313	26
286	2	626	33
286	2	1148	13
287	2	313	26
288	2	313	26
288	2	626	33
288	2	1408	13
289	2	313	26
290	2	313	26
291	2	313	26
291	2	834	33
292	2	313	26
293	2	313	26
293	2	626	33
293	2	1148	13
294	2	313	26
294	2	626	33
294	2	2087	13
295	2	313	26
295	2	1774	33
296	2	313	26
296	2	626	33
296	2	1148	13
297	2	313	26
298	2	313	26
298	2	1200	33
298	2	1461	13
299	2	313	26
299	2	626	33
299	2	1304	13
300	2	313	26
301	2	313	26
301	2	626	33
301	2	1148	13
302	2	313	26
302	2	730	33
302	2	1148	13
303	2	313	26
303	2	626	33
303	2	1148	13
304	2	313	26
304	2	626	33
304	2	1148	13
305	2	313	26
306	2	313	26
306	2	626	33
306	2	1148	13
307	2	313	26
307	2	887	33
308	2	313	26
308	2	834	33
309	2	313	26
309	2	626	33
309	2	1148	13
310	2	313	26
310	2	626	33
310	2	1148	13
311	2	313	26
312	2	313	26
312	2	1617	33
313	2	313	26
314	2	313	26
315	2	313	26
315	2	834	33
315	2	1252	13
316	2	313	26
317	2	313	26
317	2	1617	33
318	2	313	26
319	2	313	26
320	2	313	26
320	2	1722	33
321	2	313	26
321	2	626	33
321	2	1200	13
322	2	313	26
322	2	626	33
322	2	1774	13
323	2	313	26
324	2	313	26
325	2	313	26
326	2	313	26
326	2	626	33
326	2	1148	13
327	2	313	26
327	2	1252	33
327	2	1513	13
328	2	313	26
329	2	313	26
330	2	313	26
330	2	991	33
330	2	1252	13
331	2	313	26
331	2	626	33
331	2	1148	13
332	2	313	26
332	2	782	33
332	2	1148	13
333	2	313	26
333	2	626	33
333	2	1148	13
334	2	313	26
334	2	1774	33
335	2	313	26
335	2	626	33
335	2	1148	13
336	2	313	26
336	2	678	33
336	2	1148	13
337	2	313	26
337	2	1826	33
338	2	313	26
339	2	313	26
339	2	626	33
339	2	1304	13
340	2	313	26
340	2	1356	33
341	2	313	26
341	2	1461	33
342	2	313	26
342	2	626	33
342	2	1148	13
343	2	313	26
343	2	626	33
343	2	1148	13
344	2	313	26
345	2	313	26
345	2	782	33
345	2	1148	13
346	2	313	26
346	2	678	33
346	2	1148	13
347	2	313	26
347	2	782	33
347	2	1304	13
348	2	313	26
348	2	626	33
348	2	1148	13
349	2	313	26
349	2	626	33
349	2	1148	13
350	2	313	26
351	2	313	26
351	2	730	33
352	2	313	26
352	2	834	33
352	2	1252	13
353	2	313	26
353	2	626	33
353	2	1148	13
354	2	313	26
354	2	626	33
354	2	1148	13
355	2	313	26
355	2	626	33
356	2	313	26
356	2	1408	33
356	2	1722	13
357	2	313	26
357	2	730	33
357	2	1461	13
358	2	313	26
358	2	1356	33
358	2	1722	13
359	2	313	26
360	2	313	26
360	2	939	33
361	2	313	26
361	2	678	33
361	2	1252	13
362	2	313	26
363	2	313	26
364	2	313	26
364	2	626	33
364	2	1669	13
365	2	313	26
366	2	313	26
366	2	939	33
366	2	1304	13
367	2	313	26
367	2	626	33
367	2	1982	13
368	2	313	26
368	2	626	33
368	2	1148	13
369	2	313	26
369	2	626	33
369	2	1148	13
370	2	313	26
371	2	313	26
371	2	626	33
371	2	1148	13
372	2	313	26
372	2	1200	33
372	2	1565	13
373	2	313	26
374	2	313	26
375	2	313	26
375	2	1774	33
376	2	313	26
376	2	730	33
377	2	313	26
377	2	1774	33
378	2	313	26
378	2	1565	33
379	2	313	26
379	2	834	33
379	2	1304	13
380	2	313	26
380	2	834	33
381	2	313	26
381	2	730	33
382	2	313	26
382	2	626	33
382	2	1617	13
383	2	313	26
384	2	313	26
384	2	678	33
384	2	1304	13
385	2	313	26
385	2	834	33
386	2	313	26
386	2	730	33
387	2	313	26
387	2	626	33
387	2	1148	13
388	2	313	26
389	2	313	26
389	2	626	33
389	2	1148	13
390	2	313	26
390	2	626	33
390	2	1148	13
391	2	313	26
391	2	626	33
391	2	1148	13
392	2	313	26
393	2	313	26
393	2	626	33
393	2	1148	13
394	2	313	26
394	2	834	33
395	2	313	26
395	2	782	33
396	2	313	26
396	2	626	33
396	2	1148	13
397	2	313	26
397	2	1513	33
398	2	313	26
398	2	834	33
399	2	313	26
399	2	626	33
399	2	1148	13
400	2	313	26
400	2	678	33
400	2	1408	13
401	2	313	26
402	2	313	26
402	2	730	33
402	2	1148	13
403	2	313	26
404	2	313	26
404	2	1461	33
405	2	313	26
405	2	1669	33
406	2	313	26
406	2	678	33
406	2	1148	13
407	2	313	26
407	2	1304	33
407	2	1617	13
408	2	313	26
409	2	313	26
410	2	313	26
410	2	2191	33
411	2	313	26
411	2	626	33
411	2	1148	13
412	2	313	26
412	2	626	33
412	2	1148	13
413	2	313	26
413	2	626	33
413	2	1148	13
414	2	313	26
414	2	730	33
414	2	1148	13
415	2	313	26
415	2	626	33
415	2	1148	13
416	2	313	26
417	2	313	26
417	2	678	33
417	2	1356	13
418	2	313	26
418	2	730	33
418	2	1148	13
419	2	313	26
419	2	626	33
419	2	1148	13
420	2	313	26
420	2	1304	33
420	2	1669	13
421	2	313	26
422	2	313	26
423	2	313	26
423	2	1148	33
423	2	1513	13
424	2	313	26
424	2	626	33
424	2	1148	13
425	2	313	26
425	2	834	33
425	2	2295	13
426	2	313	26
426	2	1252	33
426	2	1565	13
427	2	313	26
428	2	313	26
428	2	626	33
429	2	313	26
429	2	782	33
429	2	1200	13
430	2	313	26
430	2	626	33
430	2	1148	13
431	2	313	26
431	2	626	33
431	2	1148	13
432	2	313	26
432	2	626	33
432	2	1148	13
433	2	313	26
433	2	782	33
433	2	1461	13
434	2	313	26
434	2	626	33
434	2	1148	13
435	2	313	26
435	2	626	33
435	2	1148	13
436	2	313	26
436	2	626	33
436	2	1148	13
437	2	313	26
437	2	626	33
437	2	1408	13
438	2	313	26
438	2	939	33
438	2	1252	13
439	2	313	26
439	2	1826	33
440	2	313	26
440	2	939	33
441	2	313	26
442	2	313	26
442	2	834	33
442	2	1617	13
443	2	313	26
443	2	991	33
444	2	313	26
445	2	313	26
445	2	626	33
445	2	1148	13
446	2	313	26
447	2	313	26
448	2	313	26
449	2	313	26
450	2	313	26
451	2	313	26
451	2	991	33
451	2	1252	13
452	2	313	26
452	2	626	33
453	2	313	26
453	2	626	33
453	2	1148	13
454	2	313	26
455	2	313	26
455	2	1408	33
456	2	313	26
456	2	1722	33
457	2	313	26
457	2	991	33
457	2	1722	13
458	2	313	26
459	2	313	26
460	2	313	26
460	2	626	33
460	2	1356	13
461	2	313	26
461	2	626	33
461	2	1148	13
462	2	313	26
462	2	678	33
462	2	1565	13
463	2	313	26
463	2	678	33
463	2	1148	13
464	2	313	26
464	2	1252	33
464	2	1617	13
465	2	313	26
465	2	626	33
465	2	1200	13
466	2	313	26
466	2	626	33
466	2	1148	13
467	2	313	26
467	2	626	33
467	2	1148	13
468	2	313	26
468	2	626	33
468	2	1148	13
469	2	313	26
469	2	626	33
469	2	1148	13
470	2	313	26
471	2	313	26
471	2	2243	33
472	2	313	26
472	2	626	33
472	2	1148	13
473	2	313	26
473	2	887	33
473	2	1461	13
474	2	313	26
474	2	626	33
474	2	1148	13
475	2	313	26
475	2	2087	33
476	2	313	26
477	2	313	26
478	2	313	26
478	2	1043	33
479	2	313	26
480	2	313	26
480	2	939	33
481	2	313	26
481	2	678	33
481	2	1148	13
482	2	313	26
482	2	782	33
483	2	313	26
484	2	313	26
485	2	313	26
486	2	313	26
486	2	1774	33
487	2	313	26
487	2	626	33
487	2	1148	13
488	2	313	26
488	2	1722	33
489	2	313	26
489	2	626	33
489	2	1148	13
490	2	313	26
490	2	1095	33
490	2	1356	13
491	2	313	26
491	2	782	33
491	2	1513	13
492	2	313	26
492	2	1304	33
492	2	1617	13
493	2	313	26
493	2	991	33
494	2	313	26
494	2	626	33
494	2	1774	13
495	2	313	26
495	2	1095	33
495	2	1356	13
496	2	313	26
496	2	939	33
496	2	1252	13
497	2	313	26
497	2	626	33
497	2	1304	13
498	2	313	26
498	2	782	33
498	2	1461	13
499	2	313	26
499	2	782	33
500	2	313	26
500	2	626	33
500	2	1148	13
501	2	313	26
502	2	313	26
502	2	991	33
502	2	1617	13
503	2	313	26
503	2	626	33
503	2	1148	13
504	2	313	26
505	2	313	26
506	2	313	26
506	2	1722	33
507	2	313	26
508	2	313	26
508	2	626	33
508	2	1148	13
509	2	313	26
510	2	313	26
511	2	313	26
512	2	313	26
512	2	1148	33
512	2	1565	13
513	2	313	26
513	2	1252	33
513	2	1722	13
514	2	313	26
514	2	678	33
514	2	1148	13
515	2	313	26
515	2	626	33
515	2	1148	13
516	2	313	26
517	2	313	26
517	2	1774	33
518	2	313	26
518	2	1304	33
518	2	1617	13
519	2	313	26
519	2	626	33
519	2	1148	13
520	2	313	26
520	2	678	33
521	2	313	26
521	2	626	33
521	2	1148	13
522	2	313	26
522	2	991	33
522	2	1252	13
523	2	313	26
523	2	626	33
523	2	1148	13
524	2	313	26
525	2	313	26
525	2	678	33
525	2	1148	13
526	2	313	26
527	2	313	26
527	2	626	33
527	2	1200	13
528	2	313	26
528	2	626	33
528	2	1148	13
529	2	313	26
529	2	626	33
529	2	1148	13
530	2	313	26
530	2	1722	33
531	2	313	26
531	2	1252	33
531	2	1513	13
532	2	313	26
532	2	1408	33
532	2	1722	13
533	2	313	26
534	2	313	26
534	2	626	33
534	2	1148	13
535	2	313	26
536	2	313	26
537	2	313	26
537	2	834	33
537	2	1304	13
538	2	313	26
538	2	626	33
538	2	1148	13
539	2	313	26
539	2	626	33
539	2	1148	13
540	2	313	26
541	2	313	26
541	2	626	33
541	2	1356	13
542	2	313	26
542	2	1461	33
543	2	313	26
543	2	1408	33
544	2	313	26
544	2	626	33
544	2	1148	13
545	2	313	26
546	2	313	26
546	2	1461	33
547	2	313	26
547	2	730	33
547	2	1148	13
548	2	313	26
549	2	313	26
549	2	1669	33
550	2	313	26
550	2	626	33
550	2	1148	13
551	2	313	26
551	2	626	33
551	2	1148	13
552	2	313	26
553	2	313	26
553	2	1043	33
553	2	1513	13
554	2	313	26
554	2	626	33
554	2	1148	13
555	2	313	26
555	2	626	33
555	2	1148	13
556	2	313	26
556	2	1043	33
556	2	1304	13
557	2	313	26
558	2	313	26
558	2	626	33
558	2	1722	13
559	2	313	26
559	2	1252	33
559	2	1617	13
560	2	313	26
561	2	313	26
561	2	1461	33
562	2	313	26
562	2	1252	33
562	2	1722	13
563	2	313	26
563	2	834	33
563	2	1148	13
564	2	313	26
565	2	313	26
565	2	626	33
565	2	1148	13
566	2	313	26
566	2	626	33
566	2	1148	13
567	2	313	26
567	2	1252	33
568	2	313	26
568	2	626	33
568	2	1148	13
569	2	313	26
569	2	1200	33
569	2	1461	13
570	2	313	26
570	2	1722	33
571	2	313	26
571	2	626	33
571	2	1148	13
572	2	313	26
573	2	313	26
574	2	313	26
574	2	834	33
575	2	313	26
575	2	626	33
575	2	1148	13
576	2	313	26
576	2	1513	33
577	2	313	26
577	2	626	33
577	2	1148	13
578	2	313	26
578	2	1774	33
579	2	313	26
580	2	313	26
581	2	313	26
581	2	1304	33
581	2	1722	13
582	2	313	26
582	2	1043	33
583	2	313	26
583	2	626	33
583	2	1148	13
584	2	313	26
584	2	626	33
584	2	1878	13
585	2	313	26
585	2	626	33
585	2	1148	13
586	2	313	26
586	2	939	33
586	2	1200	13
587	2	313	26
587	2	626	33
587	2	1148	13
588	2	313	26
588	2	678	33
588	2	1200	13
589	2	313	26
589	2	730	33
589	2	1148	13
590	2	313	26
590	2	626	33
590	2	1148	13
591	2	313	26
592	2	313	26
593	2	313	26
593	2	782	33
594	2	313	26
594	2	1356	33
595	2	313	26
595	2	626	33
595	2	1148	13
596	2	313	26
596	2	991	33
596	2	1304	13
597	2	313	26
597	2	939	33
598	2	313	26
598	2	626	33
598	2	1148	13
599	2	313	26
599	2	626	33
599	2	1148	13
600	2	313	26
601	2	313	26
601	2	678	33
601	2	1356	13
602	2	313	26
603	2	313	26
603	2	991	33
604	2	313	26
604	2	1252	33
604	2	1565	13
605	2	313	26
605	2	1513	33
606	2	313	26
606	2	991	33
606	2	1304	13
607	2	313	26
607	2	626	33
607	2	1148	13
608	2	313	26
608	2	626	33
608	2	1148	13
609	2	313	26
610	2	313	26
611	2	313	26
611	2	991	33
612	2	313	26
612	2	1408	33
612	2	1669	13
613	2	313	26
614	2	313	26
614	2	1565	33
615	2	313	26
615	2	1408	33
616	2	313	26
616	2	1356	33
616	2	1722	13
617	2	313	26
618	2	313	26
619	2	313	26
620	2	313	26
620	2	626	33
620	2	2295	13
621	2	313	26
621	2	1148	33
621	2	1461	13
622	2	313	26
622	2	626	33
622	2	1304	13
623	2	313	26
624	2	313	26
624	2	678	33
624	2	1461	13
625	2	313	26
625	2	1356	33
626	2	313	26
626	2	730	33
626	2	1148	13
627	2	313	26
627	2	730	33
627	2	1200	13
628	2	313	26
628	2	887	33
628	2	1408	13
629	2	313	26
630	2	313	26
630	2	1304	33
630	2	1722	13
631	2	313	26
631	2	939	33
631	2	1252	13
632	2	313	26
632	2	626	33
632	2	1148	13
633	2	313	26
634	2	313	26
634	2	1565	33
635	2	313	26
636	2	313	26
637	2	313	26
638	2	313	26
639	2	313	26
639	2	626	33
639	2	1148	13
640	2	313	26
641	2	313	26
641	2	887	33
642	2	313	26
642	2	1513	33
643	2	313	26
644	2	313	26
644	2	678	33
645	2	313	26
645	2	991	33
645	2	1356	13
646	2	313	26
646	2	626	33
646	2	1148	13
647	2	313	26
648	2	313	26
648	2	1252	33
648	2	1565	13
649	2	313	26
649	2	626	33
649	2	1148	13
650	2	313	26
651	2	313	26
651	2	678	33
652	2	313	26
652	2	730	33
652	2	1252	13
653	2	313	26
653	2	730	33
653	2	1252	13
654	2	313	26
655	2	313	26
655	2	1043	33
655	2	1617	13
656	2	313	26
656	2	939	33
656	2	1356	13
657	2	313	26
657	2	626	33
658	2	313	26
658	2	626	33
658	2	1148	13
659	2	313	26
659	2	1513	33
660	2	313	26
661	2	313	26
661	2	626	33
661	2	1148	13
662	2	313	26
662	2	834	33
662	2	1252	13
663	2	313	26
663	2	1565	33
664	2	313	26
664	2	626	33
664	2	1148	13
665	2	313	26
665	2	626	33
665	2	1148	13
666	2	313	26
666	2	626	33
666	2	1148	13
667	2	313	26
667	2	626	33
668	2	313	26
668	2	1356	33
669	2	313	26
669	2	1095	33
669	2	1565	13
670	2	313	26
670	2	1408	33
670	2	1669	13
671	2	313	26
672	2	313	26
672	2	1669	33
673	2	313	26
673	2	1304	33
674	2	313	26
674	2	991	33
674	2	1356	13
675	2	313	26
675	2	1252	33
675	2	1565	13
676	2	313	26
676	2	626	33
676	2	1148	13
677	2	313	26
677	2	1095	33
677	2	1356	13
678	2	313	26
678	2	626	33
678	2	1356	13
679	2	313	26
680	2	313	26
680	2	1200	33
680	2	1513	13
681	2	313	26
682	2	313	26
682	2	678	33
682	2	1774	13
683	2	313	26
684	2	313	26
684	2	1148	33
684	2	1565	13
685	2	313	26
685	2	834	33
686	2	313	26
686	2	678	33
687	2	313	26
688	2	313	26
688	2	1722	33
689	2	313	26
689	2	1617	33
690	2	313	26
690	2	730	33
691	2	313	26
691	2	626	33
691	2	1148	13
692	2	313	26
692	2	782	33
692	2	1148	13
693	2	313	26
693	2	782	33
693	2	1200	13
694	2	313	26
694	2	730	33
694	2	1252	13
695	2	313	26
695	2	626	33
695	2	1148	13
696	2	313	26
696	2	1617	33
697	2	313	26
697	2	626	33
697	2	1148	13
698	2	313	26
699	2	313	26
699	2	887	33
699	2	1408	13
700	2	313	26
700	2	834	33
701	2	313	26
701	2	1095	33
701	2	1356	13
702	2	313	26
702	2	887	33
703	2	313	26
703	2	626	33
703	2	1148	13
704	2	313	26
705	2	313	26
705	2	1461	33
706	2	313	26
706	2	626	33
706	2	1200	13
707	2	313	26
707	2	678	33
707	2	1565	13
708	2	313	26
708	2	1304	33
708	2	1722	13
709	2	313	26
709	2	678	33
709	2	1148	13
710	2	313	26
710	2	626	33
710	2	1148	13
711	2	313	26
711	2	1461	33
712	2	313	26
712	2	1252	33
712	2	1617	13
713	2	313	26
714	2	313	26
714	2	626	33
714	2	1148	13
715	2	313	26
715	2	1252	33
716	2	313	26
716	2	626	33
716	2	1148	13
717	2	313	26
717	2	1252	33
717	2	1565	13
718	2	313	26
718	2	626	33
718	2	1148	13
719	2	313	26
720	2	313	26
721	2	313	26
721	2	991	33
721	2	1252	13
722	2	313	26
722	2	626	33
722	2	1148	13
723	2	313	26
723	2	1878	33
724	2	313	26
725	2	313	26
725	2	730	33
725	2	1148	13
726	2	313	26
726	2	939	33
726	2	1200	13
727	2	313	26
728	2	313	26
729	2	313	26
729	2	626	33
730	2	313	26
730	2	887	33
730	2	1565	13
731	2	313	26
731	2	626	33
731	2	1148	13
732	2	313	26
732	2	730	33
733	2	313	26
733	2	626	33
733	2	1148	13
734	2	313	26
734	2	626	33
734	2	1148	13
735	2	313	26
736	2	313	26
736	2	1565	33
737	2	313	26
737	2	678	33
737	2	1148	13
738	2	313	26
738	2	678	33
738	2	1148	13
739	2	313	26
739	2	1356	33
740	2	313	26
741	2	313	26
741	2	730	33
741	2	1513	13
742	2	313	26
742	2	626	33
742	2	1148	13
743	2	313	26
743	2	626	33
743	2	1148	13
744	2	313	26
744	2	1408	33
745	2	313	26
746	2	313	26
746	2	1774	33
747	2	313	26
747	2	834	33
748	2	313	26
749	2	313	26
750	2	313	26
750	2	730	33
751	2	313	26
752	2	313	26
752	2	1200	33
752	2	1565	13
753	2	313	26
753	2	626	33
753	2	1148	13
754	2	313	26
754	2	626	33
754	2	1148	13
755	2	313	26
755	2	626	33
755	2	1148	13
756	2	313	26
756	2	626	33
756	2	1148	13
757	2	313	26
758	2	313	26
758	2	626	33
758	2	1148	13
759	2	313	26
760	2	313	26
760	2	887	33
761	2	313	26
761	2	991	33
762	2	313	26
762	2	678	33
762	2	1304	13
763	2	313	26
763	2	1617	33
764	2	313	26
764	2	939	33
765	2	313	26
765	2	626	33
765	2	1304	13
766	2	313	26
766	2	678	33
767	2	313	26
767	2	1565	33
768	2	313	26
769	2	313	26
770	2	313	26
771	2	313	26
771	2	1461	33
772	2	313	26
773	2	313	26
774	2	313	26
774	2	626	33
774	2	1148	13
775	2	313	26
776	2	313	26
776	2	626	33
776	2	1148	13
777	2	313	26
778	2	313	26
778	2	678	33
778	2	1513	13
779	2	313	26
780	2	313	26
780	2	730	33
781	2	313	26
781	2	730	33
781	2	1200	13
782	2	313	26
782	2	782	33
783	2	313	26
784	2	313	26
784	2	626	33
784	2	1148	13
785	2	313	26
785	2	730	33
786	2	313	26
787	2	313	26
788	2	313	26
788	2	626	33
788	2	1304	13
789	2	313	26
789	2	1252	33
789	2	1617	13
790	2	313	26
790	2	1513	33
791	2	313	26
792	2	313	26
792	2	626	33
793	2	313	26
793	2	626	33
793	2	1148	13
794	2	313	26
794	2	626	33
794	2	1878	13
795	2	313	26
796	2	313	26
797	2	313	26
797	2	626	33
797	2	1774	13
798	2	313	26
798	2	1617	33
799	2	313	26
800	2	313	26
801	2	313	26
802	2	313	26
802	2	782	33
802	2	1148	13
803	2	313	26
803	2	678	33
803	2	1148	13
804	2	313	26
804	2	730	33
804	2	1617	13
805	2	313	26
806	2	313	26
807	2	313	26
807	2	626	33
807	2	1148	13
808	2	313	26
809	2	313	26
810	2	313	26
810	2	626	33
810	2	1148	13
811	2	313	26
811	2	626	33
811	2	1148	13
812	2	313	26
812	2	626	33
812	2	1148	13
813	2	313	26
813	2	782	33
813	2	1722	13
814	2	313	26
814	2	834	33
815	2	313	26
815	2	626	33
815	2	2035	13
816	2	313	26
816	2	1513	33
817	2	313	26
818	2	313	26
818	2	730	33
818	2	1252	13
819	2	313	26
820	2	313	26
820	2	834	33
821	2	313	26
821	2	1565	33
822	2	313	26
822	2	626	33
822	2	1148	13
823	2	313	26
823	2	626	33
823	2	1148	13
824	2	313	26
824	2	1252	33
824	2	1565	13
825	2	313	26
825	2	1200	33
825	2	1617	13
826	2	313	26
826	2	1304	33
826	2	1565	13
827	2	313	26
828	2	313	26
828	2	1669	33
829	2	313	26
830	2	313	26
830	2	1774	33
831	2	313	26
831	2	678	33
831	2	1148	13
832	2	313	26
832	2	626	33
832	2	1148	13
833	2	313	26
833	2	1669	33
834	2	313	26
834	2	678	33
834	2	1148	13
835	2	313	26
835	2	730	33
836	2	313	26
837	2	313	26
838	2	313	26
838	2	626	33
838	2	1148	13
839	2	313	26
840	2	313	26
840	2	626	33
840	2	1148	13
841	2	313	26
841	2	678	33
842	2	313	26
842	2	1043	33
842	2	1461	13
843	2	313	26
843	2	626	33
843	2	1148	13
844	2	313	26
845	2	313	26
846	2	313	26
847	2	313	26
847	2	1617	33
848	2	313	26
848	2	626	33
848	2	1148	13
849	2	313	26
850	2	313	26
850	2	626	33
850	2	1148	13
851	2	313	26
852	2	313	26
853	2	313	26
854	2	313	26
854	2	1304	33
854	2	1565	13
855	2	313	26
855	2	730	33
856	2	313	26
856	2	887	33
857	2	313	26
858	2	313	26
858	2	887	33
858	2	1304	13
859	2	313	26
860	2	313	26
861	2	313	26
861	2	626	33
862	2	313	26
863	2	313	26
863	2	626	33
863	2	1148	13
864	2	313	26
864	2	626	33
864	2	1148	13
865	2	313	26
865	2	626	33
865	2	1148	13
866	2	313	26
866	2	626	33
866	2	1148	13
867	2	313	26
867	2	887	33
868	2	313	26
868	2	626	33
868	2	1200	13
869	2	313	26
869	2	1200	33
869	2	1513	13
870	2	313	26
870	2	1513	33
871	2	313	26
871	2	1513	33
872	2	313	26
873	2	313	26
873	2	626	33
873	2	1148	13
874	2	313	26
875	2	313	26
875	2	678	33
875	2	1252	13
876	2	313	26
876	2	626	33
877	2	313	26
877	2	626	33
877	2	1148	13
878	2	313	26
878	2	1774	33
879	2	313	26
879	2	782	33
880	2	313	26
880	2	626	33
880	2	1148	13
881	2	313	26
882	2	313	26
882	2	1722	33
883	2	313	26
884	2	313	26
884	2	626	33
884	2	1513	13
885	2	313	26
885	2	626	33
885	2	1148	13
886	2	313	26
886	2	2243	33
887	2	313	26
887	2	782	33
887	2	1356	13
888	2	313	26
889	2	313	26
890	2	313	26
890	2	1722	33
891	2	313	26
891	2	678	33
891	2	1356	13
892	2	313	26
893	2	313	26
893	2	626	33
894	2	313	26
894	2	730	33
895	2	313	26
895	2	834	33
895	2	2191	13
896	2	313	26
896	2	626	33
896	2	1669	13
897	2	313	26
897	2	626	33
897	2	1148	13
898	2	313	26
898	2	626	33
898	2	1148	13
899	2	313	26
899	2	626	33
899	2	1148	13
900	2	313	26
900	2	1513	33
901	2	313	26
901	2	626	33
901	2	1148	13
902	2	313	26
902	2	1043	33
902	2	1356	13
903	2	313	26
903	2	678	33
903	2	1148	13
904	2	313	26
905	2	313	26
905	2	1722	33
906	2	313	26
906	2	626	33
907	2	313	26
908	2	313	26
908	2	626	33
908	2	1148	13
909	2	313	26
910	2	313	26
910	2	1565	33
911	2	313	26
912	2	313	26
912	2	626	33
913	2	313	26
914	2	313	26
914	2	1043	33
914	2	1356	13
915	2	313	26
915	2	1617	33
916	2	313	26
916	2	626	33
916	2	1148	13
917	2	313	26
917	2	939	33
918	2	313	26
918	2	1565	33
919	2	313	26
920	2	313	26
920	2	1878	33
921	2	313	26
921	2	939	33
922	2	313	26
922	2	782	33
922	2	2295	13
923	2	313	26
924	2	313	26
924	2	678	33
924	2	1148	13
925	2	313	26
925	2	626	33
925	2	1774	13
926	2	313	26
926	2	730	33
926	2	1148	13
927	2	313	26
927	2	1148	33
927	2	1408	13
928	2	313	26
929	2	313	26
929	2	678	33
929	2	1148	13
930	2	313	26
931	2	313	26
931	2	626	33
931	2	1148	13
932	2	313	26
932	2	1513	33
933	2	313	26
933	2	1669	33
934	2	313	26
934	2	1513	33
935	2	313	26
935	2	626	33
935	2	1200	13
936	2	313	26
936	2	991	33
937	2	313	26
938	2	313	26
938	2	1408	33
939	2	313	26
940	2	313	26
940	2	834	33
940	2	1148	13
941	2	313	26
941	2	626	33
941	2	1148	13
942	2	313	26
942	2	626	33
942	2	1148	13
943	2	313	26
943	2	991	33
944	2	313	26
944	2	887	33
945	2	313	26
946	2	313	26
946	2	1200	33
946	2	1826	13
947	2	313	26
947	2	626	33
947	2	1148	13
948	2	313	26
948	2	626	33
948	2	1148	13
949	2	313	26
949	2	626	33
949	2	1148	13
950	2	313	26
950	2	626	33
950	2	1148	13
951	2	313	26
952	2	313	26
953	2	313	26
953	2	626	33
953	2	1148	13
954	2	313	26
954	2	626	33
954	2	1148	13
955	2	313	26
956	2	313	26
957	2	313	26
958	2	313	26
959	2	313	26
960	2	313	26
960	2	834	33
960	2	1356	13
961	2	313	26
961	2	730	33
961	2	1252	13
962	2	313	26
963	2	313	26
963	2	626	33
964	2	313	26
964	2	626	33
964	2	1148	13
965	2	313	26
965	2	1304	33
965	2	1617	13
966	2	313	26
966	2	626	33
966	2	1148	13
967	2	313	26
968	2	313	26
968	2	782	33
968	2	2035	13
969	2	313	26
969	2	782	33
969	2	1356	13
970	2	313	26
971	2	313	26
971	2	678	33
971	2	1148	13
972	2	313	26
972	2	626	33
972	2	1148	13
973	2	313	26
973	2	834	33
974	2	313	26
974	2	782	33
975	2	313	26
976	2	313	26
976	2	834	33
976	2	1200	13
977	2	313	26
978	2	313	26
978	2	626	33
978	2	1148	13
979	2	313	26
979	2	1722	33
980	2	313	26
981	2	313	26
981	2	1200	33
981	2	1513	13
982	2	313	26
982	2	730	33
983	2	313	26
983	2	626	33
983	2	1148	13
984	2	313	26
984	2	1304	33
984	2	1774	13
985	2	313	26
985	2	1408	33
985	2	1669	13
986	2	313	26
987	2	313	26
988	2	313	26
988	2	678	33
988	2	2295	13
989	2	313	26
989	2	626	33
989	2	1200	13
990	2	313	26
991	2	313	26
992	2	313	26
993	2	313	26
994	2	313	26
995	2	313	26
995	2	626	33
995	2	1148	13
996	2	313	26
996	2	1722	33
997	2	313	26
998	2	313	26
998	2	730	33
998	2	1148	13
999	2	313	26
0	3	678	29
0	3	939	30
1	3	678	29
1	3	991	20
2	3	521	29
3	3	1043	30
3	3	1617	20
4	3	626	29
4	3	1095	20
4	3	1461	9
4	3	1722	12
4	3	1982	30
5	3	626	29
5	3	939	20
6	3	521	30
6	3	1982	20
7	3	834	30
7	3	1461	20
8	3	730	29
8	3	1148	20
8	3	1461	9
9	3	626	29
10	3	574	29
10	3	887	20
11	3	1982	30
12	3	1148	30
13	3	730	29
14	3	521	29
14	3	834	20
15	3	574	29
15	3	939	20
16	3	626	29
16	3	991	20
17	3	626	29
17	3	939	20
18	3	469	29
18	3	887	20
19	3	1200	30
20	3	574	29
20	3	1513	20
20	3	2139	9
21	3	469	29
21	3	782	20
22	3	574	29
23	3	574	29
23	3	887	20
24	3	521	29
24	3	834	20
24	3	2191	9
25	3	1356	30
26	3	626	30
26	3	1774	20
27	3	521	29
27	3	887	20
28	3	678	30
28	3	1356	20
28	3	1774	9
29	3	574	29
30	3	1095	30
31	3	626	29
31	3	991	20
32	3	1043	30
32	3	1513	20
33	3	574	29
34	3	521	29
34	3	1513	20
34	3	2295	9
35	3	626	29
35	3	939	20
36	3	678	29
36	3	991	20
37	3	678	29
38	3	626	29
39	3	626	29
40	3	626	29
40	3	939	20
40	3	1565	9
40	3	2035	12
40	3	2295	30
41	3	626	29
41	3	1617	20
41	3	2191	9
42	3	678	29
42	3	1513	20
43	3	469	29
43	3	887	20
44	3	1252	30
45	3	678	29
45	3	1461	20
46	3	521	29
46	3	939	20
47	3	939	30
48	3	574	30
49	3	521	29
49	3	991	20
49	3	1565	9
50	3	1148	30
51	3	730	29
52	3	626	29
53	3	521	29
53	3	991	20
53	3	1617	9
53	3	1982	12
53	3	2243	30
54	3	1878	30
55	3	626	29
56	3	1043	30
57	3	521	29
57	3	834	20
57	3	1461	9
57	3	1722	12
58	3	521	29
58	3	1148	20
58	3	1513	9
59	3	574	29
59	3	887	20
59	3	2035	9
60	3	939	30
61	3	678	29
62	3	626	29
62	3	1043	20
62	3	1930	9
63	3	469	29
63	3	1356	20
64	3	1513	30
65	3	521	29
65	3	2139	20
66	3	1095	30
67	3	730	29
67	3	1200	20
67	3	1774	9
68	3	1252	30
69	3	626	30
69	3	1617	20
70	3	574	30
71	3	1043	30
72	3	1565	30
73	3	1304	30
74	3	626	29
75	3	678	29
75	3	991	20
76	3	1095	30
77	3	834	30
78	3	1095	30
79	3	730	29
79	3	2191	20
80	3	678	29
80	3	2035	20
81	3	574	29
82	3	626	29
83	3	834	30
84	3	626	29
84	3	991	20
85	3	1461	30
86	3	574	30
87	3	469	29
87	3	834	20
87	3	1356	9
87	3	1722	12
87	3	2035	30
88	3	678	29
88	3	1408	20
89	3	678	29
89	3	1774	20
90	3	1095	30
91	3	574	29
92	3	574	29
92	3	887	20
93	3	1095	30
94	3	1565	30
95	3	730	29
96	3	626	30
96	3	1461	20
97	3	834	30
98	3	1095	30
99	3	834	30
99	3	2243	20
100	3	1095	30
101	3	574	29
102	3	574	29
102	3	1722	20
103	3	574	29
104	3	469	29
104	3	1304	20
105	3	834	30
106	3	626	30
106	3	1252	20
106	3	1722	9
106	3	2035	12
107	3	626	29
107	3	939	20
107	3	1930	9
108	3	626	29
108	3	939	20
109	3	991	30
110	3	626	29
110	3	939	20
111	3	626	29
112	3	521	29
113	3	521	29
113	3	834	20
114	3	626	29
115	3	1043	30
116	3	1095	30
117	3	1095	30
118	3	991	30
118	3	1774	20
119	3	1095	30
119	3	2087	20
120	3	730	29
121	3	678	30
122	3	678	29
122	3	991	20
122	3	1565	9
122	3	2295	12
123	3	1513	30
124	3	678	29
124	3	991	20
125	3	521	29
125	3	1252	20
126	3	521	29
126	3	834	20
126	3	1774	9
127	3	626	29
127	3	939	20
128	3	574	29
128	3	887	20
128	3	1513	9
129	3	626	30
130	3	469	29
131	3	626	29
131	3	1252	20
131	3	1774	9
132	3	626	29
132	3	939	20
133	3	574	29
133	3	1669	20
134	3	782	30
134	3	1826	20
135	3	574	29
135	3	887	20
136	3	521	29
136	3	834	20
136	3	1095	30
136	3	1408	9
136	3	1669	12
137	3	521	29
137	3	1513	20
138	3	626	29
138	3	939	20
138	3	1461	9
138	3	2035	12
138	3	2295	30
139	3	678	29
139	3	991	20
139	3	1356	9
139	3	1617	12
139	3	1878	30
140	3	1304	30
141	3	574	29
141	3	887	20
141	3	1304	9
141	3	1565	12
142	3	574	29
143	3	1095	30
144	3	1617	30
145	3	1043	30
146	3	626	29
146	3	1356	20
147	3	626	29
147	3	1565	20
148	3	1043	30
149	3	626	29
149	3	939	20
149	3	1565	9
150	3	521	29
150	3	991	20
151	3	574	29
152	3	574	29
152	3	1304	20
152	3	1774	9
153	3	574	29
154	3	626	29
154	3	991	20
154	3	1513	9
155	3	574	29
155	3	887	20
155	3	1878	9
155	3	2139	12
156	3	574	29
156	3	887	20
156	3	1826	9
158	3	521	29
158	3	1200	20
158	3	1774	9
159	3	626	29
159	3	939	20
159	3	1461	9
159	3	1982	12
159	3	2243	30
160	3	626	29
160	3	1565	20
161	3	1095	30
162	3	574	29
162	3	1461	20
163	3	730	30
164	3	521	29
164	3	939	20
165	3	574	29
165	3	1200	20
165	3	1669	9
166	3	1200	30
167	3	626	29
168	3	2087	30
169	3	678	29
169	3	991	20
170	3	626	29
170	3	939	20
170	3	1408	9
171	3	626	29
172	3	782	30
172	3	1617	20
173	3	1043	30
174	3	574	29
174	3	1565	20
175	3	574	29
175	3	1252	20
175	3	1826	9
175	3	2295	12
176	3	574	29
176	3	887	20
177	3	1356	30
178	3	1878	30
179	3	574	29
179	3	991	20
180	3	730	29
181	3	574	29
181	3	887	20
182	3	469	29
183	3	521	29
183	3	939	20
184	3	730	29
185	3	678	29
185	3	1043	20
185	3	1513	9
186	3	1878	30
187	3	521	29
187	3	1617	20
188	3	782	30
189	3	626	29
189	3	1408	20
189	3	1982	9
189	3	2295	12
190	3	991	30
191	3	678	29
191	3	991	20
192	3	678	29
192	3	1252	20
193	3	574	29
193	3	1565	20
193	3	2191	9
194	3	626	30
196	3	521	29
196	3	834	20
196	3	1200	9
196	3	1461	12
196	3	1722	30
197	3	2295	30
198	3	678	29
198	3	1408	20
199	3	574	29
199	3	887	20
199	3	1513	9
200	3	1095	30
200	3	1826	20
201	3	1252	30
202	3	834	30
202	3	1513	20
203	3	469	29
203	3	1722	20
204	3	574	29
204	3	1095	20
205	3	1095	30
206	3	574	29
206	3	887	20
206	3	1200	9
206	3	1461	12
206	3	1722	30
207	3	626	29
207	3	939	20
207	3	2243	9
208	3	574	29
208	3	1304	20
209	3	1878	30
210	3	521	29
210	3	1043	20
211	3	1095	30
212	3	730	30
212	3	1617	20
213	3	1200	30
214	3	521	29
215	3	1043	30
216	3	574	29
217	3	574	29
217	3	1774	20
218	3	626	29
218	3	1461	20
219	3	1930	30
220	3	991	30
221	3	521	29
221	3	1617	20
222	3	834	30
223	3	574	29
224	3	626	29
224	3	1930	20
225	3	626	29
225	3	939	20
225	3	1356	9
225	3	1722	12
225	3	2087	30
226	3	521	29
226	3	1043	20
226	3	1565	9
227	3	678	29
227	3	2191	20
228	3	521	29
228	3	939	20
228	3	1408	9
228	3	1722	12
229	3	574	29
229	3	1461	20
230	3	521	29
230	3	834	20
231	3	521	29
231	3	834	20
232	3	626	29
232	3	939	20
232	3	1774	9
233	3	991	30
233	3	2139	20
234	3	2191	30
235	3	678	30
236	3	574	29
237	3	574	29
238	3	834	30
239	3	834	30
240	3	574	29
240	3	887	20
240	3	1878	9
240	3	2139	12
241	3	521	29
241	3	1408	20
242	3	678	29
242	3	1408	20
243	3	521	29
243	3	834	20
243	3	1304	9
243	3	1930	12
243	3	2243	30
244	3	469	29
244	3	782	20
245	3	834	30
246	3	1826	30
247	3	1200	30
248	3	574	29
248	3	887	20
249	3	574	29
249	3	887	20
250	3	574	29
250	3	887	20
250	3	1461	9
250	3	2087	12
251	3	521	29
251	3	1826	20
252	3	834	30
253	3	574	29
254	3	1513	30
255	3	730	30
256	3	521	29
256	3	1513	20
257	3	887	30
258	3	678	29
258	3	991	20
258	3	2191	9
259	3	574	29
259	3	887	20
260	3	521	30
260	3	887	20
262	3	574	29
262	3	1461	20
263	3	626	29
264	3	626	29
265	3	678	29
265	3	991	20
266	3	574	29
266	3	1669	20
267	3	574	29
267	3	887	20
268	3	834	30
268	3	1774	20
269	3	678	29
269	3	991	20
270	3	574	29
271	3	678	30
271	3	1252	20
271	3	1982	9
272	3	521	29
272	3	887	20
272	3	1356	9
272	3	1617	12
272	3	1878	30
273	3	1930	30
274	3	991	30
275	3	939	30
276	3	939	30
277	3	730	30
278	3	1148	30
279	3	834	30
280	3	469	29
280	3	2191	20
282	3	1200	30
283	3	991	30
283	3	1722	20
284	3	626	29
284	3	939	20
284	3	1252	9
284	3	1513	12
284	3	1774	30
285	3	626	29
285	3	1513	20
286	3	521	29
286	3	887	20
286	3	1565	9
286	3	1878	12
286	3	2139	30
287	3	782	30
288	3	678	29
289	3	574	30
290	3	1982	30
291	3	730	29
292	3	834	30
293	3	574	29
293	3	887	20
293	3	1252	9
293	3	1617	12
293	3	1878	30
294	3	626	29
294	3	991	20
295	3	574	29
295	3	2139	20
296	3	574	29
296	3	887	20
297	3	626	29
298	3	730	30
298	3	1722	20
299	3	626	29
299	3	939	20
300	3	626	30
301	3	574	29
301	3	887	20
302	3	626	29
302	3	1669	20
303	3	521	29
303	3	834	20
303	3	1252	9
303	3	1565	12
303	3	1826	30
304	3	574	29
304	3	887	20
305	3	1982	30
306	3	521	30
306	3	834	20
306	3	1617	9
307	3	521	29
308	3	521	29
309	3	574	29
309	3	887	20
309	3	1356	9
309	3	1878	12
309	3	2139	30
310	3	626	29
310	3	1095	20
310	3	1565	9
310	3	2087	12
311	3	626	29
312	3	834	30
313	3	678	29
314	3	1095	30
315	3	574	29
315	3	1513	20
315	3	2191	9
316	3	1930	30
317	3	1043	30
318	3	1148	30
319	3	678	30
320	3	1095	30
321	3	678	29
321	3	991	20
322	3	521	29
322	3	939	20
323	3	1200	30
324	3	1043	30
325	3	1043	30
326	3	626	29
326	3	939	20
327	3	782	30
327	3	1669	20
328	3	626	29
329	3	1148	30
330	3	626	30
330	3	1408	20
330	3	1774	9
331	3	678	29
331	3	991	20
332	3	678	29
332	3	1252	20
333	3	626	29
333	3	939	20
333	3	1930	9
334	3	1095	30
335	3	626	29
335	3	939	20
336	3	626	29
336	3	991	20
337	3	626	29
338	3	678	30
339	3	678	29
339	3	991	20
340	3	1095	30
340	3	1774	20
341	3	1043	30
341	3	1617	20
342	3	521	29
342	3	887	20
342	3	1513	9
343	3	626	29
343	3	939	20
343	3	2139	9
344	3	1826	30
345	3	574	29
345	3	1304	20
346	3	469	29
346	3	1043	20
346	3	1565	9
347	3	730	29
347	3	1617	20
348	3	626	29
348	3	939	20
349	3	626	29
349	3	939	20
349	3	1356	9
349	3	1617	12
350	3	1513	30
351	3	626	29
352	3	521	29
352	3	1513	20
353	3	626	29
353	3	939	20
354	3	521	29
354	3	834	20
354	3	1252	9
354	3	1513	12
354	3	1774	30
355	3	678	29
356	3	574	29
356	3	2139	20
357	3	626	29
358	3	574	30
358	3	1826	20
359	3	2191	30
360	3	626	29
361	3	574	29
361	3	1408	20
362	3	834	30
363	3	2139	30
364	3	626	29
364	3	939	20
365	3	1148	30
366	3	521	29
366	3	1617	20
367	3	574	29
367	3	991	20
368	3	626	29
368	3	939	20
368	3	1252	9
368	3	1513	12
368	3	1930	30
369	3	626	29
369	3	1043	20
369	3	1513	9
370	3	521	29
371	3	521	29
371	3	887	20
372	3	678	29
372	3	1774	20
373	3	678	29
374	3	1095	30
375	3	1095	30
376	3	626	29
377	3	1095	30
378	3	834	30
379	3	730	29
379	3	1304	20
380	3	626	29
381	3	626	30
382	3	678	29
382	3	991	20
383	3	782	30
384	3	678	29
384	3	1617	20
385	3	574	29
386	3	521	29
387	3	574	29
387	3	991	20
387	3	1408	9
387	3	1722	12
388	3	1774	30
389	3	626	29
389	3	939	20
390	3	574	29
390	3	887	20
391	3	574	29
391	3	1043	20
391	3	2087	9
392	3	574	29
393	3	574	29
393	3	887	20
394	3	626	29
395	3	678	29
396	3	626	29
396	3	939	20
396	3	1252	9
396	3	1513	12
396	3	1774	30
397	3	1095	30
397	3	1774	20
398	3	521	29
399	3	521	29
399	3	834	20
400	3	574	29
400	3	1774	20
401	3	1878	30
402	3	626	29
402	3	1461	20
403	3	1878	30
404	3	678	29
405	3	991	30
406	3	626	29
406	3	1252	20
407	3	730	29
407	3	1774	20
409	3	678	30
410	3	730	29
411	3	469	29
411	3	887	20
411	3	1356	9
411	3	1617	12
411	3	1878	30
412	3	678	29
412	3	991	20
412	3	1304	9
412	3	1565	12
412	3	1826	30
413	3	626	29
413	3	939	20
413	3	1252	9
413	3	1513	12
413	3	1774	30
414	3	574	29
414	3	1408	20
414	3	1982	9
415	3	678	29
415	3	991	20
416	3	1148	30
417	3	574	29
417	3	991	20
418	3	574	29
418	3	1043	20
418	3	1408	9
418	3	1722	12
419	3	469	29
419	3	991	20
419	3	1513	9
420	3	887	30
420	3	1826	20
421	3	1826	30
422	3	521	29
423	3	626	30
423	3	1513	20
424	3	574	29
424	3	887	20
424	3	1356	9
424	3	1617	12
424	3	1878	30
425	3	574	29
426	3	834	30
426	3	1669	20
427	3	1826	30
428	3	574	29
428	3	887	20
429	3	521	29
429	3	1252	20
430	3	574	29
431	3	574	29
431	3	887	20
432	3	678	29
432	3	1200	20
432	3	1669	9
433	3	574	29
433	3	1774	20
434	3	678	29
434	3	991	20
434	3	1461	9
434	3	1722	12
434	3	1982	30
435	3	521	29
435	3	887	20
436	3	626	29
436	3	939	20
436	3	1461	9
436	3	1722	12
437	3	574	29
437	3	887	20
438	3	626	30
438	3	1200	20
439	3	626	29
440	3	626	30
441	3	1095	30
442	3	678	30
442	3	1930	20
443	3	521	29
444	3	1461	30
445	3	626	29
445	3	939	20
445	3	2191	9
446	3	730	29
447	3	1148	30
448	3	678	30
449	3	1878	30
450	3	521	29
451	3	521	29
451	3	1408	20
451	3	1982	9
452	3	521	29
453	3	574	29
453	3	887	20
453	3	1252	9
453	3	1513	12
454	3	1148	30
455	3	1043	30
455	3	1774	20
456	3	1043	30
457	3	521	29
458	3	1200	30
459	3	626	30
460	3	626	29
460	3	939	20
461	3	521	29
461	3	887	20
462	3	521	29
463	3	574	29
463	3	1043	20
463	3	1513	9
464	3	782	30
464	3	1565	20
465	3	626	29
465	3	939	20
466	3	574	29
466	3	887	20
467	3	521	29
467	3	834	20
468	3	626	29
468	3	939	20
469	3	574	29
469	3	887	20
469	3	1461	9
469	3	2139	12
470	3	782	30
471	3	626	30
472	3	521	29
472	3	939	20
473	3	574	29
473	3	1617	20
474	3	574	29
474	3	939	20
474	3	1565	9
475	3	730	30
476	3	574	29
477	3	626	30
478	3	678	29
480	3	626	30
481	3	574	29
481	3	1043	20
481	3	1408	9
481	3	1669	12
481	3	2243	30
482	3	678	29
483	3	1095	30
484	3	730	30
485	3	887	30
486	3	1095	30
487	3	626	29
487	3	939	20
488	3	1095	30
489	3	626	29
489	3	939	20
489	3	1565	9
490	3	574	29
490	3	1356	20
490	3	1774	9
490	3	2139	12
491	3	678	29
491	3	1930	20
492	3	887	30
492	3	1513	20
492	3	2295	9
493	3	574	29
494	3	574	29
494	3	887	20
495	3	626	29
495	3	1513	20
496	3	521	29
496	3	1252	20
496	3	1669	9
496	3	2139	12
497	3	521	29
497	3	887	20
498	3	626	29
499	3	574	29
500	3	574	29
500	3	887	20
500	3	1200	9
500	3	1461	12
500	3	1722	30
501	3	1095	30
502	3	678	29
502	3	2295	20
503	3	626	29
503	3	939	20
503	3	1252	9
503	3	1513	12
503	3	1774	30
504	3	1513	30
505	3	1043	30
506	3	574	30
507	3	1148	30
508	3	678	29
508	3	991	20
508	3	1774	9
508	3	2035	12
508	3	2295	30
509	3	2191	30
510	3	1826	30
511	3	2087	30
512	3	730	30
512	3	1408	20
512	3	2191	9
513	3	626	30
514	3	678	29
514	3	1826	20
515	3	574	29
515	3	887	20
515	3	1617	9
516	3	1148	30
517	3	991	30
518	3	782	30
518	3	1774	20
519	3	574	29
519	3	1304	20
520	3	626	29
521	3	626	29
521	3	939	20
521	3	1513	9
522	3	626	29
522	3	1408	20
522	3	1826	9
523	3	626	29
523	3	939	20
523	3	2295	9
524	3	1982	30
525	3	574	29
525	3	1095	20
525	3	1461	9
525	3	1774	12
526	3	1826	30
527	3	521	29
527	3	834	20
528	3	626	29
528	3	939	20
529	3	678	29
529	3	1304	9
529	3	1565	12
529	3	1826	30
530	3	1095	30
530	3	1826	20
531	3	834	30
531	3	1617	20
532	3	626	29
533	3	1722	30
534	3	678	29
534	3	991	20
534	3	1408	9
535	3	1304	30
536	3	1252	30
537	3	574	29
537	3	1617	20
538	3	521	29
538	3	834	20
539	3	626	29
539	3	939	20
540	3	678	30
541	3	521	29
541	3	887	20
542	3	730	29
543	3	991	30
543	3	1513	20
544	3	521	29
544	3	1043	20
544	3	1513	9
544	3	2087	12
545	3	678	29
546	3	1043	30
546	3	1774	20
547	3	626	29
547	3	1200	20
547	3	1565	9
547	3	2191	12
548	3	939	30
549	3	1043	30
550	3	521	29
550	3	834	20
550	3	1304	9
550	3	1565	12
550	3	1930	30
551	3	521	29
551	3	834	20
551	3	1200	9
551	3	1565	12
552	3	1200	30
553	3	521	29
553	3	1669	20
554	3	521	29
554	3	834	20
555	3	521	29
555	3	834	20
555	3	1095	30
555	3	1408	9
555	3	1669	12
556	3	521	29
556	3	1408	20
556	3	1774	9
557	3	1304	30
558	3	469	29
558	3	939	20
559	3	730	30
559	3	1513	20
560	3	1095	30
561	3	574	29
562	3	730	30
562	3	1774	20
563	3	521	29
563	3	1252	20
564	3	1252	30
565	3	574	29
565	3	939	20
565	3	1565	9
565	3	1826	12
565	3	2087	30
566	3	521	29
566	3	939	20
567	3	521	29
568	3	574	29
568	3	887	20
568	3	1408	9
569	3	626	29
570	3	1095	30
571	3	574	29
571	3	887	20
572	3	1043	30
573	3	991	30
574	3	730	29
575	3	574	29
575	3	887	20
575	3	1252	9
575	3	1513	12
575	3	1774	30
576	3	1043	30
577	3	678	29
577	3	991	20
578	3	574	30
579	3	626	29
580	3	1722	30
581	3	939	30
581	3	1617	20
582	3	678	29
583	3	678	29
583	3	991	20
583	3	1304	9
583	3	1565	12
584	3	574	29
584	3	887	20
585	3	574	29
585	3	887	20
585	3	1200	9
585	3	1461	12
585	3	1722	30
586	3	574	29
586	3	1200	20
586	3	1513	9
587	3	521	29
587	3	834	20
587	3	1200	9
587	3	1669	12
588	3	574	29
588	3	1513	20
589	3	521	29
589	3	1252	20
590	3	626	29
590	3	991	20
591	3	1356	30
593	3	574	29
594	3	521	29
594	3	2243	20
595	3	626	29
595	3	939	20
595	3	1356	9
595	3	1617	12
595	3	1930	30
596	3	574	29
596	3	1513	20
597	3	678	29
598	3	574	29
598	3	887	20
599	3	626	29
599	3	939	20
599	3	2295	9
600	3	991	30
601	3	626	29
602	3	939	30
603	3	574	29
604	3	626	30
604	3	1722	20
605	3	939	30
606	3	626	29
606	3	1356	20
607	3	574	29
607	3	887	20
608	3	521	29
608	3	991	20
609	3	2087	30
610	3	1982	30
611	3	521	29
612	3	730	30
612	3	1826	20
613	3	991	30
614	3	1095	30
615	3	626	29
616	3	730	30
617	3	1408	30
618	3	939	30
619	3	887	30
620	3	626	29
620	3	939	20
621	3	678	30
621	3	1513	20
622	3	521	29
622	3	887	20
623	3	730	30
624	3	521	29
624	3	887	20
625	3	991	30
625	3	1669	20
626	3	469	29
626	3	1200	20
627	3	626	29
627	3	1513	20
628	3	574	29
628	3	1461	20
629	3	574	30
630	3	574	29
630	3	2191	20
631	3	521	29
631	3	1461	20
631	3	2035	9
631	3	2295	12
632	3	626	29
632	3	939	20
633	3	1095	30
634	3	991	30
635	3	1095	30
636	3	1878	30
637	3	574	30
638	3	678	29
639	3	521	29
639	3	991	20
639	3	1565	9
640	3	521	29
641	3	574	29
642	3	1043	30
643	3	2087	30
644	3	678	29
644	3	991	20
645	3	678	29
645	3	1408	20
646	3	626	29
646	3	939	20
646	3	1461	9
647	3	1200	30
648	3	782	29
648	3	1774	20
649	3	626	29
649	3	1565	20
650	3	1095	30
651	3	574	29
652	3	626	29
652	3	1565	20
653	3	626	29
653	3	1461	20
654	3	521	29
655	3	521	29
655	3	1565	20
656	3	521	30
656	3	1722	20
657	3	521	29
657	3	991	20
658	3	626	29
658	3	991	20
658	3	1461	9
659	3	887	30
660	3	574	29
661	3	626	29
661	3	991	20
662	3	574	29
662	3	1356	20
663	3	939	30
664	3	574	29
664	3	991	20
664	3	1513	9
664	3	2087	12
665	3	678	29
665	3	991	20
666	3	626	29
666	3	939	20
666	3	2295	9
667	3	521	30
667	3	939	20
668	3	574	29
668	3	1617	20
669	3	678	29
669	3	1878	20
670	3	626	29
670	3	1669	20
671	3	991	30
672	3	730	29
673	3	521	29
674	3	730	30
674	3	1252	20
675	3	782	30
675	3	1565	20
676	3	626	29
676	3	939	20
676	3	1461	9
677	3	574	29
677	3	1252	20
678	3	626	29
678	3	991	20
679	3	834	30
680	3	782	30
680	3	1617	20
681	3	626	29
682	3	521	29
682	3	2087	20
683	3	1095	30
684	3	939	30
684	3	1513	20
685	3	521	29
686	3	626	29
686	3	991	20
687	3	1095	30
688	3	1095	30
689	3	991	30
690	3	521	29
691	3	626	29
691	3	991	20
691	3	1669	9
691	3	2191	12
692	3	521	29
692	3	1095	20
692	3	1408	9
692	3	1669	12
693	3	574	30
693	3	1408	20
694	3	678	29
694	3	1774	20
695	3	574	29
695	3	887	20
696	3	521	29
697	3	574	29
697	3	939	20
698	3	1148	30
699	3	574	30
700	3	521	29
701	3	626	29
701	3	1461	20
702	3	626	30
703	3	521	29
703	3	887	20
704	3	1826	30
705	3	678	29
705	3	1930	20
706	3	521	29
706	3	834	20
707	3	626	29
708	3	1043	30
709	3	521	29
709	3	1304	20
709	3	2087	9
710	3	521	29
710	3	1043	20
710	3	1513	9
711	3	887	30
711	3	1826	20
712	3	626	29
713	3	939	30
714	3	678	29
714	3	991	20
715	3	626	29
716	3	626	29
716	3	939	20
716	3	1513	9
717	3	782	30
717	3	1513	20
717	3	2191	9
718	3	521	29
718	3	887	20
718	3	1617	9
719	3	574	29
720	3	1095	30
721	3	678	29
721	3	1513	20
722	3	521	29
722	3	834	20
722	3	1408	9
722	3	1669	12
723	3	469	29
724	3	521	29
725	3	574	29
725	3	1356	20
726	3	521	29
726	3	1148	20
726	3	1513	9
727	3	1043	30
728	3	1513	30
729	3	678	29
730	3	626	29
731	3	574	29
731	3	887	20
732	3	626	29
733	3	626	29
733	3	991	20
734	3	521	29
734	3	834	20
734	3	2035	9
735	3	1826	30
736	3	678	29
737	3	626	29
737	3	1565	20
737	3	2139	9
738	3	574	29
738	3	1200	20
738	3	1565	9
738	3	1982	12
738	3	2243	30
739	3	991	30
739	3	1774	20
740	3	1930	30
741	3	574	29
741	3	1617	20
742	3	626	29
742	3	939	20
742	3	1304	9
742	3	1878	12
742	3	2139	30
743	3	574	29
743	3	887	20
744	3	991	30
744	3	1826	20
745	3	1095	29
746	3	1095	30
747	3	678	29
748	3	1617	30
749	3	626	29
750	3	678	29
751	3	678	29
752	3	678	30
752	3	1461	20
753	3	574	29
753	3	887	20
753	3	1617	9
753	3	1878	12
753	3	2139	30
754	3	626	29
754	3	939	20
755	3	626	29
755	3	939	20
756	3	574	29
756	3	887	20
756	3	1356	9
757	3	1304	30
758	3	626	29
758	3	939	20
759	3	991	30
760	3	626	30
761	3	521	29
761	3	2191	20
762	3	574	29
762	3	1617	20
763	3	991	30
763	3	2035	20
764	3	678	29
765	3	521	29
765	3	834	20
766	3	626	29
767	3	834	30
768	3	1095	30
769	3	678	29
770	3	1878	30
771	3	1043	30
772	3	574	29
773	3	1095	30
774	3	574	29
774	3	887	20
774	3	1565	9
775	3	574	29
776	3	521	29
776	3	834	20
776	3	1513	9
776	3	2035	12
776	3	2295	30
777	3	1826	30
778	3	626	29
779	3	991	30
780	3	626	29
781	3	574	29
781	3	1513	20
781	3	2139	9
782	3	521	29
783	3	1304	30
784	3	521	29
784	3	834	20
785	3	626	29
786	3	521	30
787	3	1148	30
788	3	521	29
788	3	939	20
789	3	887	30
789	3	1513	20
790	3	574	29
791	3	991	30
792	3	678	29
793	3	521	29
793	3	834	20
793	3	1930	9
794	3	574	29
794	3	887	20
795	3	730	30
796	3	1043	30
797	3	626	29
797	3	939	20
798	3	626	30
798	3	2191	20
799	3	1930	30
800	3	991	30
801	3	1148	30
802	3	521	29
802	3	1408	20
803	3	626	29
803	3	1148	20
803	3	1669	9
804	3	521	30
804	3	1878	20
805	3	1878	30
806	3	1095	30
807	3	678	29
807	3	991	20
807	3	1304	9
807	3	1565	12
807	3	1826	30
808	3	1356	30
809	3	1304	30
810	3	521	29
810	3	834	20
811	3	574	29
811	3	887	20
812	3	469	29
812	3	939	20
812	3	1617	9
812	3	2295	12
813	3	678	29
814	3	626	29
815	3	469	29
815	3	834	20
816	3	887	30
817	3	939	30
818	3	626	29
818	3	1722	20
819	3	1148	30
820	3	626	29
821	3	678	29
822	3	574	29
822	3	887	20
823	3	678	29
823	3	1461	9
823	3	2035	12
823	3	2295	30
824	3	730	30
824	3	1617	20
825	3	574	29
825	3	1617	20
826	3	730	30
826	3	1617	20
827	3	574	29
828	3	991	30
829	3	1826	30
830	3	834	30
831	3	521	29
831	3	1043	20
831	3	1461	9
831	3	1722	12
831	3	1982	30
832	3	678	29
832	3	991	20
832	3	1461	9
832	3	1826	12
832	3	2087	30
833	3	626	29
834	3	626	29
834	3	991	20
834	3	1513	9
834	3	2035	12
834	3	2295	30
835	3	574	29
836	3	1826	30
837	3	782	30
838	3	469	29
838	3	887	20
838	3	1982	9
839	3	1095	30
840	3	469	29
840	3	782	20
840	3	1043	30
840	3	1356	9
840	3	1617	12
841	3	521	29
841	3	939	20
842	3	521	29
842	3	1565	20
843	3	626	29
843	3	939	20
843	3	1252	9
843	3	1513	12
843	3	1774	30
844	3	626	30
845	3	730	29
846	3	1095	30
847	3	1043	30
847	3	2087	20
848	3	521	29
848	3	834	20
848	3	1408	9
849	3	1826	30
850	3	574	29
850	3	887	20
850	3	1356	9
850	3	1669	12
851	3	2139	30
852	3	678	29
853	3	1304	30
854	3	730	29
854	3	1408	20
854	3	1774	9
855	3	521	30
856	3	678	29
857	3	1148	30
858	3	730	29
858	3	1200	20
859	3	574	29
860	3	1095	30
861	3	678	29
862	3	1252	30
863	3	521	29
863	3	991	20
863	3	1461	9
864	3	521	29
864	3	834	20
864	3	1461	9
864	3	1774	12
864	3	2035	30
865	3	521	29
865	3	939	20
866	3	626	29
866	3	939	20
867	3	574	29
868	3	521	29
868	3	1982	20
869	3	730	30
869	3	1565	20
870	3	939	30
871	3	730	30
872	3	2243	30
873	3	574	29
873	3	887	20
873	3	1513	9
874	3	730	30
875	3	521	30
875	3	1722	20
876	3	574	29
876	3	887	20
877	3	574	29
877	3	887	20
877	3	1200	9
877	3	1513	12
877	3	1774	30
878	3	678	29
878	3	2087	20
879	3	574	29
880	3	678	29
880	3	2295	9
881	3	678	30
882	3	1148	30
882	3	1774	20
883	3	626	29
884	3	626	29
884	3	939	20
885	3	678	29
885	3	991	20
885	3	1304	9
885	3	1722	12
886	3	626	29
887	3	574	29
888	3	730	30
889	3	1095	30
890	3	1043	30
890	3	2191	20
891	3	626	29
892	3	1148	30
893	3	574	29
894	3	678	29
895	3	469	29
895	3	2139	20
896	3	678	29
896	3	991	20
897	3	521	29
897	3	887	20
898	3	521	29
898	3	991	20
898	3	1774	9
899	3	574	29
899	3	939	20
899	3	1565	9
900	3	991	29
901	3	626	29
901	3	939	20
902	3	782	29
902	3	1200	20
903	3	469	29
903	3	1043	20
903	3	1826	9
903	3	2191	12
904	3	626	29
905	3	1095	30
906	3	521	29
906	3	834	20
907	3	1461	30
908	3	626	29
908	3	939	20
909	3	1722	30
910	3	678	30
911	3	626	29
912	3	521	29
912	3	939	20
913	3	1043	30
914	3	730	29
914	3	1461	20
915	3	1043	30
916	3	574	29
916	3	991	20
916	3	1565	9
917	3	626	29
917	3	2295	20
918	3	1095	30
918	3	1617	20
919	3	1200	30
920	3	678	29
921	3	626	30
922	3	574	29
922	3	1982	20
923	3	1095	30
924	3	521	29
924	3	1043	20
924	3	1408	9
924	3	1722	12
925	3	626	29
925	3	939	20
926	3	574	29
926	3	1252	20
926	3	1982	9
927	3	574	29
927	3	1461	20
928	3	1982	30
929	3	626	29
929	3	1408	20
930	3	887	30
931	3	574	29
931	3	887	20
931	3	1304	9
931	3	1565	12
932	3	730	30
932	3	1930	20
933	3	1095	30
933	3	1826	20
934	3	782	30
934	3	1669	20
935	3	469	29
935	3	991	20
936	3	521	29
937	3	626	29
938	3	574	30
938	3	1617	20
939	3	678	29
940	3	521	29
940	3	1356	20
940	3	2035	9
941	3	521	29
941	3	887	20
941	3	1617	9
941	3	2087	12
942	3	521	29
942	3	834	20
942	3	1461	9
942	3	1722	12
943	3	521	29
944	3	574	29
944	3	2191	20
945	3	1304	30
946	3	469	29
946	3	1982	20
947	3	626	29
947	3	939	20
947	3	1252	9
947	3	1513	12
947	3	1774	30
948	3	626	29
948	3	939	20
949	3	469	29
949	3	782	20
949	3	1095	30
949	3	1408	9
949	3	1669	12
950	3	678	29
951	3	1095	30
952	3	1513	30
953	3	678	29
953	3	991	20
954	3	521	29
954	3	834	20
955	3	991	30
956	3	574	29
957	3	782	30
958	3	782	30
959	3	1461	30
960	3	678	29
960	3	1200	20
961	3	626	29
961	3	1356	20
962	3	1774	30
963	3	626	29
963	3	991	20
964	3	521	29
964	3	939	20
964	3	1408	9
965	3	730	29
966	3	574	29
966	3	887	20
967	3	730	30
968	3	521	29
969	3	574	29
969	3	1513	20
969	3	2295	9
970	3	2139	30
971	3	574	29
971	3	1043	20
972	3	574	29
972	3	887	20
972	3	1200	9
972	3	1461	12
972	3	1722	30
973	3	574	30
974	3	521	29
975	3	834	30
976	3	521	29
976	3	1356	20
976	3	2139	9
977	3	1408	30
978	3	521	29
978	3	887	20
978	3	1826	9
979	3	1095	30
979	3	2243	20
980	3	1565	30
981	3	834	30
981	3	1408	20
981	3	1774	9
982	3	521	29
982	3	991	20
983	3	574	29
983	3	887	20
984	3	782	30
985	3	782	30
985	3	1617	20
986	3	1878	30
987	3	939	30
988	3	574	29
988	3	2243	20
989	3	574	29
989	3	887	20
990	3	1148	30
991	3	887	30
992	3	1252	30
993	3	678	30
994	3	1722	30
995	3	574	29
995	3	887	20
996	3	1043	30
997	3	1982	30
998	3	574	30
998	3	1043	20
998	3	1461	9
998	3	1722	12
999	3	1095	30
0	4	678	29
0	4	939	30
1	4	678	29
2	4	521	29
3	4	1043	30
4	4	626	29
4	4	1982	30
4	4	2295	28
5	4	626	29
6	4	521	30
7	4	834	30
8	4	730	29
9	4	626	29
10	4	574	29
11	4	1982	30
12	4	1148	30
13	4	730	29
14	4	521	29
15	4	574	29
16	4	626	29
17	4	626	29
18	4	469	29
19	4	1200	30
20	4	574	29
21	4	469	29
22	4	574	29
23	4	574	29
24	4	521	29
25	4	1356	30
26	4	626	30
27	4	521	29
28	4	678	30
29	4	574	29
30	4	1095	30
31	4	626	29
32	4	1043	30
33	4	574	29
34	4	521	29
35	4	626	29
36	4	678	29
37	4	678	29
38	4	626	29
39	4	626	29
40	4	626	29
40	4	2191	28
40	4	2295	30
41	4	626	29
41	4	2295	28
42	4	678	29
43	4	469	29
44	4	1252	30
45	4	678	29
46	4	521	29
47	4	939	30
48	4	574	30
49	4	521	29
50	4	1148	30
51	4	730	29
52	4	626	29
53	4	521	29
53	4	1982	28
53	4	2243	30
54	4	1878	30
55	4	626	29
56	4	1043	30
57	4	521	29
57	4	2295	28
58	4	521	29
59	4	574	29
60	4	939	30
61	4	678	29
62	4	626	29
63	4	469	29
64	4	1513	30
65	4	521	29
66	4	1095	30
67	4	730	29
68	4	1252	30
69	4	626	30
70	4	574	30
71	4	1043	30
72	4	1565	30
73	4	1304	30
74	4	626	29
75	4	678	29
76	4	1095	30
77	4	834	30
78	4	1095	30
79	4	730	29
80	4	678	29
81	4	574	29
82	4	626	29
83	4	834	30
84	4	626	29
85	4	1461	30
86	4	574	30
87	4	469	29
87	4	2035	30
87	4	2087	28
88	4	678	29
89	4	678	29
90	4	1095	30
91	4	574	29
92	4	574	29
93	4	1095	30
94	4	1565	30
95	4	730	29
96	4	626	30
97	4	834	30
98	4	1095	30
99	4	834	30
100	4	1095	30
101	4	574	29
102	4	574	29
103	4	574	29
104	4	469	29
105	4	834	30
106	4	626	30
106	4	2139	28
107	4	626	29
108	4	626	29
109	4	991	30
110	4	626	29
111	4	626	29
112	4	521	29
113	4	521	29
114	4	626	29
115	4	1043	30
116	4	1095	30
117	4	1095	30
118	4	991	30
119	4	1095	30
120	4	730	29
121	4	678	30
122	4	678	29
123	4	1513	30
124	4	678	29
125	4	521	29
126	4	521	29
127	4	626	29
128	4	574	29
129	4	626	30
130	4	469	29
131	4	626	29
131	4	2087	28
132	4	626	29
133	4	574	29
134	4	782	30
135	4	574	29
136	4	521	29
136	4	1095	30
136	4	1669	28
137	4	521	29
138	4	626	29
138	4	2035	28
138	4	2295	30
139	4	678	29
139	4	1878	30
139	4	2191	28
140	4	1304	30
141	4	574	29
141	4	1774	28
142	4	574	29
143	4	1095	30
144	4	1617	30
145	4	1043	30
146	4	626	29
147	4	626	29
148	4	1043	30
149	4	626	29
150	4	521	29
151	4	574	29
152	4	574	29
152	4	2295	28
153	4	574	29
154	4	626	29
155	4	574	29
155	4	2191	28
156	4	574	29
158	4	521	29
159	4	626	29
159	4	2243	30
159	4	2295	28
160	4	626	29
161	4	1095	30
162	4	574	29
163	4	730	30
164	4	521	29
165	4	574	29
166	4	1200	30
167	4	626	29
168	4	2087	30
169	4	678	29
170	4	626	29
171	4	626	29
172	4	782	30
173	4	1043	30
174	4	574	29
175	4	574	29
175	4	2295	28
176	4	574	29
177	4	1356	30
178	4	1878	30
179	4	574	29
180	4	730	29
181	4	574	29
182	4	469	29
183	4	521	29
184	4	730	29
185	4	678	29
186	4	1878	30
187	4	521	29
188	4	782	30
189	4	626	29
189	4	2243	28
190	4	991	30
191	4	678	29
192	4	678	29
193	4	574	29
194	4	626	30
196	4	521	29
196	4	1617	28
196	4	1722	30
197	4	2295	30
198	4	678	29
199	4	574	29
199	4	2243	28
200	4	1095	30
201	4	1252	30
202	4	834	30
203	4	469	29
204	4	574	29
205	4	1095	30
206	4	574	29
206	4	1617	28
206	4	1722	30
207	4	626	29
208	4	574	29
209	4	1878	30
210	4	521	29
211	4	1095	30
212	4	730	30
213	4	1200	30
214	4	521	29
215	4	1043	30
216	4	574	29
217	4	574	29
218	4	626	29
219	4	1930	30
220	4	991	30
221	4	521	29
222	4	834	30
223	4	574	29
224	4	626	29
225	4	626	29
225	4	2087	30
225	4	2139	28
226	4	521	29
227	4	678	29
228	4	521	29
229	4	574	29
230	4	521	29
231	4	521	29
232	4	626	29
233	4	991	30
234	4	2191	30
235	4	678	30
236	4	574	29
237	4	574	29
238	4	834	30
239	4	834	30
240	4	574	29
240	4	2139	28
241	4	521	29
242	4	678	29
243	4	521	29
243	4	2035	28
243	4	2243	30
244	4	469	29
245	4	834	30
246	4	1826	30
247	4	1200	30
248	4	574	29
249	4	574	29
250	4	574	29
250	4	2087	28
251	4	521	29
252	4	834	30
253	4	574	29
254	4	1513	30
255	4	730	30
256	4	521	29
257	4	887	30
258	4	678	29
259	4	574	29
260	4	521	30
262	4	574	29
263	4	626	29
264	4	626	29
265	4	678	29
266	4	574	29
267	4	574	29
268	4	834	30
269	4	678	29
270	4	574	29
271	4	678	30
271	4	2243	28
272	4	521	29
272	4	1774	28
272	4	1878	30
273	4	1930	30
274	4	991	30
275	4	939	30
276	4	939	30
277	4	730	30
278	4	1148	30
279	4	834	30
280	4	469	29
282	4	1200	30
283	4	991	30
284	4	626	29
284	4	1774	30
284	4	2139	28
285	4	626	29
286	4	521	29
286	4	2035	28
286	4	2139	30
287	4	782	30
288	4	678	29
289	4	574	30
290	4	1982	30
291	4	730	29
292	4	834	30
293	4	574	29
293	4	1878	30
293	4	2191	28
294	4	626	29
295	4	574	29
296	4	574	29
297	4	626	29
298	4	730	30
299	4	626	29
300	4	626	30
301	4	574	29
302	4	626	29
303	4	521	29
303	4	1826	30
304	4	574	29
305	4	1982	30
306	4	521	30
307	4	521	29
308	4	521	29
309	4	574	29
309	4	1878	28
309	4	2139	30
310	4	626	29
310	4	2191	28
311	4	626	29
312	4	834	30
313	4	678	29
314	4	1095	30
315	4	574	29
316	4	1930	30
317	4	1043	30
318	4	1148	30
319	4	678	30
320	4	1095	30
321	4	678	29
322	4	521	29
323	4	1200	30
324	4	1043	30
325	4	1043	30
326	4	626	29
327	4	782	30
328	4	626	29
329	4	1148	30
330	4	626	30
331	4	678	29
332	4	678	29
333	4	626	29
334	4	1095	30
335	4	626	29
336	4	626	29
337	4	626	29
338	4	678	30
339	4	678	29
340	4	1095	30
341	4	1043	30
342	4	521	29
343	4	626	29
344	4	1826	30
345	4	574	29
346	4	469	29
346	4	2087	28
347	4	730	29
348	4	626	29
349	4	626	29
350	4	1513	30
351	4	626	29
352	4	521	29
353	4	626	29
354	4	521	29
354	4	1722	28
354	4	1774	30
355	4	678	29
356	4	574	29
357	4	626	29
358	4	574	30
359	4	2191	30
360	4	626	29
361	4	574	29
362	4	834	30
363	4	2139	30
364	4	626	29
365	4	1148	30
366	4	521	29
367	4	574	29
368	4	626	29
368	4	1930	30
369	4	626	29
370	4	521	29
371	4	521	29
372	4	678	29
373	4	678	29
374	4	1095	30
375	4	1095	30
376	4	626	29
377	4	1095	30
378	4	834	30
379	4	730	29
380	4	626	29
381	4	626	30
382	4	678	29
383	4	782	30
384	4	678	29
385	4	574	29
386	4	521	29
387	4	574	29
388	4	1774	30
389	4	626	29
390	4	574	29
391	4	574	29
391	4	2295	28
392	4	574	29
393	4	574	29
394	4	626	29
395	4	678	29
396	4	626	29
396	4	1774	30
397	4	1095	30
398	4	521	29
399	4	521	29
400	4	574	29
401	4	1878	30
402	4	626	29
403	4	1878	30
404	4	678	29
405	4	991	30
406	4	626	29
407	4	730	29
409	4	678	30
410	4	730	29
411	4	469	29
411	4	1878	30
412	4	678	29
412	4	1826	30
412	4	2139	28
413	4	626	29
413	4	1774	30
413	4	2243	28
414	4	574	29
414	4	2191	28
415	4	678	29
416	4	1148	30
417	4	574	29
418	4	574	29
419	4	469	29
420	4	887	30
421	4	1826	30
422	4	521	29
423	4	626	30
424	4	574	29
424	4	1878	30
425	4	574	29
426	4	834	30
427	4	1826	30
428	4	574	29
429	4	521	29
430	4	574	29
431	4	574	29
432	4	678	29
433	4	574	29
434	4	678	29
434	4	1982	30
434	4	2295	28
435	4	521	29
436	4	626	29
437	4	574	29
438	4	626	30
439	4	626	29
440	4	626	30
441	4	1095	30
442	4	678	30
443	4	521	29
444	4	1461	30
445	4	626	29
446	4	730	29
447	4	1148	30
448	4	678	30
449	4	1878	30
450	4	521	29
451	4	521	29
452	4	521	29
453	4	574	29
453	4	1774	28
454	4	1148	30
455	4	1043	30
456	4	1043	30
457	4	521	29
458	4	1200	30
459	4	626	30
460	4	626	29
461	4	521	29
462	4	521	29
463	4	574	29
463	4	2295	28
464	4	782	30
465	4	626	29
466	4	574	29
467	4	521	29
468	4	626	29
469	4	574	29
470	4	782	30
471	4	626	30
472	4	521	29
473	4	574	29
474	4	574	29
475	4	730	30
476	4	574	29
477	4	626	30
478	4	678	29
480	4	626	30
481	4	574	29
481	4	2191	28
481	4	2243	30
482	4	678	29
483	4	1095	30
484	4	730	30
485	4	887	30
486	4	1095	30
487	4	626	29
488	4	1095	30
489	4	626	29
490	4	574	29
491	4	678	29
492	4	887	30
493	4	574	29
494	4	574	29
495	4	626	29
496	4	521	29
497	4	521	29
498	4	626	29
499	4	574	29
500	4	574	29
500	4	1722	30
500	4	1774	28
501	4	1095	30
502	4	678	29
503	4	626	29
503	4	1774	30
503	4	2087	28
504	4	1513	30
505	4	1043	30
506	4	574	30
507	4	1148	30
508	4	678	29
508	4	2191	28
508	4	2295	30
509	4	2191	30
510	4	1826	30
511	4	2087	30
512	4	730	30
513	4	626	30
514	4	678	29
515	4	574	29
516	4	1148	30
517	4	991	30
518	4	782	30
519	4	574	29
520	4	626	29
521	4	626	29
522	4	626	29
523	4	626	29
524	4	1982	30
525	4	574	29
526	4	1826	30
527	4	521	29
528	4	626	29
529	4	678	29
529	4	1826	30
529	4	1878	28
530	4	1095	30
531	4	834	30
532	4	626	29
533	4	1722	30
534	4	678	29
535	4	1304	30
536	4	1252	30
537	4	574	29
538	4	521	29
539	4	626	29
540	4	678	30
541	4	521	29
542	4	730	29
543	4	991	30
544	4	521	29
544	4	2035	28
545	4	678	29
546	4	1043	30
547	4	626	29
547	4	2087	28
548	4	939	30
549	4	1043	30
550	4	521	29
550	4	1774	28
550	4	1930	30
551	4	521	29
552	4	1200	30
553	4	521	29
554	4	521	29
555	4	521	29
555	4	1095	30
555	4	1722	28
556	4	521	29
557	4	1304	30
558	4	469	29
559	4	730	30
560	4	1095	30
561	4	574	29
562	4	730	30
563	4	521	29
564	4	1252	30
565	4	574	29
565	4	1930	28
565	4	2087	30
566	4	521	29
567	4	521	29
568	4	574	29
569	4	626	29
570	4	1095	30
571	4	574	29
572	4	1043	30
573	4	991	30
574	4	730	29
575	4	574	29
575	4	1722	28
575	4	1774	30
576	4	1043	30
577	4	678	29
578	4	574	30
579	4	626	29
580	4	1722	30
581	4	939	30
582	4	678	29
583	4	678	29
584	4	574	29
585	4	574	29
585	4	1669	28
585	4	1722	30
586	4	574	29
587	4	521	29
588	4	574	29
589	4	521	29
590	4	626	29
591	4	1356	30
593	4	574	29
594	4	521	29
595	4	626	29
595	4	1930	30
595	4	2243	28
596	4	574	29
597	4	678	29
598	4	574	29
599	4	626	29
600	4	991	30
601	4	626	29
602	4	939	30
603	4	574	29
604	4	626	30
605	4	939	30
606	4	626	29
607	4	574	29
608	4	521	29
609	4	2087	30
610	4	1982	30
611	4	521	29
612	4	730	30
613	4	991	30
614	4	1095	30
615	4	626	29
616	4	730	30
617	4	1408	30
618	4	939	30
619	4	887	30
620	4	626	29
621	4	678	30
622	4	521	29
623	4	730	30
624	4	521	29
625	4	991	30
626	4	469	29
627	4	626	29
628	4	574	29
629	4	574	30
630	4	574	29
631	4	521	29
631	4	2191	28
632	4	626	29
633	4	1095	30
634	4	991	30
635	4	1095	30
636	4	1878	30
637	4	574	30
638	4	678	29
639	4	521	29
640	4	521	29
641	4	574	29
642	4	1043	30
643	4	2087	30
644	4	678	29
645	4	678	29
646	4	626	29
647	4	1200	30
648	4	782	29
649	4	626	29
650	4	1095	30
651	4	574	29
652	4	626	29
653	4	626	29
654	4	521	29
655	4	521	29
656	4	521	30
657	4	521	29
658	4	626	29
659	4	887	30
660	4	574	29
661	4	626	29
662	4	574	29
663	4	939	30
664	4	574	29
664	4	2139	28
665	4	678	29
666	4	626	29
667	4	521	30
668	4	574	29
669	4	678	29
670	4	626	29
671	4	991	30
672	4	730	29
673	4	521	29
674	4	730	30
675	4	782	30
676	4	626	29
677	4	574	29
678	4	626	29
679	4	834	30
680	4	782	30
681	4	626	29
682	4	521	29
683	4	1095	30
684	4	939	30
685	4	521	29
686	4	626	29
687	4	1095	30
688	4	1095	30
689	4	991	30
690	4	521	29
691	4	626	29
691	4	2295	28
692	4	521	29
693	4	574	30
694	4	678	29
695	4	574	29
696	4	521	29
697	4	574	29
698	4	1148	30
699	4	574	30
700	4	521	29
701	4	626	29
702	4	626	30
703	4	521	29
704	4	1826	30
705	4	678	29
706	4	521	29
707	4	626	29
708	4	1043	30
709	4	521	29
709	4	2295	28
710	4	521	29
711	4	887	30
712	4	626	29
713	4	939	30
714	4	678	29
715	4	626	29
716	4	626	29
717	4	782	30
718	4	521	29
719	4	574	29
720	4	1095	30
721	4	678	29
722	4	521	29
722	4	1722	28
723	4	469	29
724	4	521	29
725	4	574	29
726	4	521	29
727	4	1043	30
728	4	1513	30
729	4	678	29
730	4	626	29
731	4	574	29
732	4	626	29
733	4	626	29
734	4	521	29
735	4	1826	30
736	4	678	29
737	4	626	29
737	4	2139	28
738	4	574	29
738	4	1982	28
738	4	2243	30
739	4	991	30
740	4	1930	30
741	4	574	29
742	4	626	29
742	4	2139	30
742	4	2191	28
743	4	574	29
744	4	991	30
745	4	1095	29
746	4	1095	30
747	4	678	29
748	4	1617	30
749	4	626	29
750	4	678	29
751	4	678	29
752	4	678	30
753	4	574	29
753	4	2035	28
753	4	2139	30
754	4	626	29
755	4	626	29
756	4	574	29
756	4	2191	28
757	4	1304	30
758	4	626	29
759	4	991	30
760	4	626	30
761	4	521	29
762	4	574	29
763	4	991	30
764	4	678	29
765	4	521	29
766	4	626	29
767	4	834	30
768	4	1095	30
769	4	678	29
770	4	1878	30
771	4	1043	30
772	4	574	29
773	4	1095	30
774	4	574	29
775	4	574	29
776	4	521	29
776	4	2139	28
776	4	2295	30
777	4	1826	30
778	4	626	29
779	4	991	30
780	4	626	29
781	4	574	29
782	4	521	29
783	4	1304	30
784	4	521	29
785	4	626	29
786	4	521	30
787	4	1148	30
788	4	521	29
789	4	887	30
790	4	574	29
791	4	991	30
792	4	678	29
793	4	521	29
794	4	574	29
795	4	730	30
796	4	1043	30
797	4	626	29
798	4	626	30
799	4	1930	30
800	4	991	30
801	4	1148	30
802	4	521	29
803	4	626	29
804	4	521	30
805	4	1878	30
806	4	1095	30
807	4	678	29
807	4	1826	30
808	4	1356	30
809	4	1304	30
810	4	521	29
811	4	574	29
812	4	469	29
812	4	2139	28
813	4	678	29
814	4	626	29
815	4	469	29
816	4	887	30
817	4	939	30
818	4	626	29
819	4	1148	30
820	4	626	29
821	4	678	29
822	4	574	29
823	4	678	29
823	4	2191	28
823	4	2295	30
824	4	730	30
825	4	574	29
826	4	730	30
827	4	574	29
828	4	991	30
829	4	1826	30
830	4	834	30
831	4	521	29
831	4	1982	30
832	4	678	29
832	4	2087	30
833	4	626	29
834	4	626	29
834	4	2035	28
834	4	2295	30
835	4	574	29
836	4	1826	30
837	4	782	30
838	4	469	29
838	4	2243	28
839	4	1095	30
840	4	469	29
840	4	1043	30
840	4	1722	28
841	4	521	29
842	4	521	29
843	4	626	29
843	4	1774	30
843	4	2087	28
844	4	626	30
845	4	730	29
846	4	1095	30
847	4	1043	30
848	4	521	29
849	4	1826	30
850	4	574	29
850	4	1774	28
851	4	2139	30
852	4	678	29
853	4	1304	30
854	4	730	29
855	4	521	30
856	4	678	29
857	4	1148	30
858	4	730	29
859	4	574	29
860	4	1095	30
861	4	678	29
862	4	1252	30
863	4	521	29
864	4	521	29
864	4	2035	30
865	4	521	29
866	4	626	29
867	4	574	29
868	4	521	29
869	4	730	30
870	4	939	30
871	4	730	30
872	4	2243	30
873	4	574	29
874	4	730	30
875	4	521	30
876	4	574	29
877	4	574	29
877	4	1722	28
877	4	1774	30
878	4	678	29
879	4	574	29
880	4	678	29
881	4	678	30
882	4	1148	30
883	4	626	29
884	4	626	29
885	4	678	29
886	4	626	29
887	4	574	29
888	4	730	30
889	4	1095	30
890	4	1043	30
891	4	626	29
892	4	1148	30
893	4	574	29
894	4	678	29
895	4	469	29
896	4	678	29
897	4	521	29
898	4	521	29
899	4	574	29
900	4	991	29
901	4	626	29
902	4	782	29
903	4	469	29
903	4	2139	28
904	4	626	29
905	4	1095	30
906	4	521	29
907	4	1461	30
908	4	626	29
909	4	1722	30
910	4	678	30
911	4	626	29
912	4	521	29
913	4	1043	30
914	4	730	29
915	4	1043	30
916	4	574	29
917	4	626	29
918	4	1095	30
919	4	1200	30
920	4	678	29
921	4	626	30
922	4	574	29
923	4	1095	30
924	4	521	29
925	4	626	29
926	4	574	29
926	4	2243	28
927	4	574	29
928	4	1982	30
929	4	626	29
930	4	887	30
931	4	574	29
931	4	1774	28
932	4	730	30
933	4	1095	30
934	4	782	30
935	4	469	29
936	4	521	29
937	4	626	29
938	4	574	30
939	4	678	29
940	4	521	29
940	4	2243	28
941	4	521	29
941	4	2243	28
942	4	521	29
943	4	521	29
944	4	574	29
945	4	1304	30
946	4	469	29
947	4	626	29
947	4	1774	30
947	4	2139	28
948	4	626	29
949	4	469	29
949	4	1095	30
950	4	678	29
951	4	1095	30
952	4	1513	30
953	4	678	29
954	4	521	29
955	4	991	30
956	4	574	29
957	4	782	30
958	4	782	30
959	4	1461	30
960	4	678	29
961	4	626	29
962	4	1774	30
963	4	626	29
964	4	521	29
964	4	2087	28
965	4	730	29
966	4	574	29
967	4	730	30
968	4	521	29
969	4	574	29
970	4	2139	30
971	4	574	29
972	4	574	29
972	4	1722	30
972	4	1774	28
973	4	574	30
974	4	521	29
975	4	834	30
976	4	521	29
976	4	2243	28
977	4	1408	30
978	4	521	29
979	4	1095	30
980	4	1565	30
981	4	834	30
982	4	521	29
983	4	574	29
984	4	782	30
985	4	782	30
986	4	1878	30
987	4	939	30
988	4	574	29
989	4	574	29
990	4	1148	30
991	4	887	30
992	4	1252	30
993	4	678	30
994	4	1722	30
995	4	574	29
996	4	1043	30
997	4	1982	30
998	4	574	30
998	4	2087	28
999	4	1095	30
0	5	417	24
0	5	678	29
0	5	939	30
1	5	417	24
1	5	678	29
2	5	417	24
2	5	521	29
3	5	1043	30
3	5	2087	24
4	5	417	24
4	5	626	29
4	5	1774	27
4	5	1982	30
4	5	2295	28
5	5	417	24
5	5	626	29
6	5	417	24
6	5	521	30
6	5	1930	27
7	5	678	27
7	5	834	30
8	5	417	24
8	5	730	29
8	5	1356	27
9	5	626	29
10	5	417	24
10	5	574	29
10	5	991	27
11	5	1982	30
12	5	939	27
12	5	1148	30
13	5	730	29
13	5	2295	27
14	5	417	24
14	5	521	29
14	5	991	27
15	5	417	24
15	5	574	29
15	5	1930	27
16	5	417	24
16	5	626	29
17	5	417	24
17	5	626	29
18	5	417	24
18	5	469	29
18	5	1878	27
19	5	1200	30
20	5	417	24
20	5	574	29
20	5	1565	27
21	5	417	24
21	5	469	29
21	5	991	27
22	5	574	29
22	5	1774	27
23	5	417	24
23	5	574	29
23	5	1617	27
24	5	417	24
24	5	521	29
24	5	1565	27
25	5	1356	30
26	5	417	24
26	5	626	30
26	5	2295	27
27	5	417	24
27	5	521	29
27	5	1565	27
28	5	469	24
28	5	678	30
28	5	1565	27
29	5	574	29
29	5	1930	27
30	5	1095	30
30	5	1148	27
31	5	417	24
31	5	626	29
31	5	2139	27
32	5	1043	30
32	5	2243	24
33	5	417	24
33	5	574	29
33	5	2191	27
34	5	469	24
34	5	521	29
34	5	1669	27
35	5	417	24
35	5	626	29
35	5	2295	27
36	5	417	24
36	5	678	29
37	5	417	24
37	5	678	29
38	5	417	24
38	5	626	29
39	5	417	24
39	5	626	29
40	5	417	24
40	5	626	29
40	5	1878	27
40	5	2191	28
40	5	2295	30
41	5	521	24
41	5	626	29
41	5	1617	27
41	5	2295	28
42	5	469	24
42	5	678	29
42	5	1461	27
43	5	417	24
43	5	469	29
43	5	1513	27
44	5	1252	30
45	5	417	24
45	5	678	29
45	5	1461	27
46	5	417	24
46	5	521	29
46	5	1982	27
47	5	939	30
47	5	991	27
48	5	574	30
49	5	417	24
49	5	521	29
49	5	1408	27
50	5	1148	30
51	5	730	29
51	5	2139	27
52	5	626	29
53	5	417	24
53	5	521	29
53	5	1304	27
53	5	1982	28
53	5	2243	30
53	5	2295	25
54	5	1878	30
55	5	417	24
55	5	626	29
56	5	1043	30
57	5	417	24
57	5	521	29
57	5	1095	27
57	5	2295	28
58	5	417	24
58	5	521	29
58	5	1304	27
59	5	417	24
59	5	574	29
59	5	1408	27
60	5	939	30
61	5	417	24
61	5	678	29
62	5	417	24
62	5	626	29
62	5	2139	27
63	5	469	29
63	5	1304	27
64	5	1513	30
65	5	469	24
65	5	521	29
65	5	2035	27
66	5	1095	30
66	5	1148	27
67	5	469	24
67	5	730	29
67	5	1461	27
68	5	1200	27
68	5	1252	30
69	5	626	30
69	5	678	27
70	5	417	24
70	5	574	30
71	5	1043	30
72	5	1565	30
73	5	1304	30
74	5	574	24
74	5	626	29
75	5	417	24
75	5	678	29
76	5	1095	30
76	5	1148	27
77	5	834	30
78	5	1095	30
78	5	1148	27
79	5	574	24
79	5	730	29
79	5	1878	27
80	5	417	24
80	5	678	29
81	5	417	24
81	5	574	29
81	5	2295	27
82	5	417	24
82	5	626	29
82	5	2191	27
83	5	834	30
83	5	887	27
84	5	417	24
84	5	626	29
84	5	2087	27
85	5	1461	30
86	5	574	30
87	5	417	24
87	5	469	29
87	5	1200	27
87	5	2035	30
87	5	2087	28
88	5	469	24
88	5	678	29
88	5	1513	27
89	5	521	24
89	5	678	29
89	5	1722	27
90	5	1095	30
90	5	1148	27
91	5	417	24
91	5	574	29
92	5	417	24
92	5	574	29
92	5	1826	27
93	5	1095	30
93	5	1148	27
94	5	1565	30
94	5	1617	27
95	5	678	27
95	5	730	29
96	5	626	30
96	5	1878	27
97	5	834	30
98	5	1095	30
99	5	730	27
99	5	834	30
100	5	1095	30
100	5	1148	27
101	5	417	24
101	5	574	29
102	5	417	24
102	5	574	29
102	5	1930	27
103	5	574	29
104	5	417	24
104	5	469	29
104	5	1408	27
105	5	834	30
106	5	469	24
106	5	626	30
106	5	1513	27
106	5	2139	28
107	5	417	24
107	5	626	29
107	5	2139	27
108	5	417	24
108	5	626	29
109	5	991	30
110	5	417	24
110	5	626	29
111	5	417	24
111	5	626	29
111	5	2191	27
112	5	521	29
112	5	2139	27
113	5	417	24
113	5	521	29
113	5	1356	27
114	5	417	24
114	5	626	29
115	5	1043	30
116	5	1095	30
116	5	2139	27
117	5	1095	30
117	5	1148	27
118	5	991	30
119	5	1095	30
119	5	2191	24
120	5	574	24
120	5	730	29
121	5	678	30
122	5	417	24
122	5	678	29
122	5	2191	27
123	5	1513	30
124	5	417	24
124	5	678	29
125	5	417	24
125	5	521	29
125	5	1304	27
126	5	417	24
126	5	521	29
126	5	1252	27
127	5	417	24
127	5	626	29
128	5	417	24
128	5	574	29
128	5	991	27
129	5	626	30
130	5	417	24
130	5	469	29
131	5	417	24
131	5	626	29
131	5	1408	27
131	5	2087	28
132	5	417	24
132	5	626	29
133	5	417	24
133	5	574	29
134	5	521	24
134	5	782	30
134	5	2191	27
135	5	417	24
135	5	574	29
135	5	1617	27
136	5	417	24
136	5	521	29
136	5	991	27
136	5	1095	30
136	5	1669	28
137	5	469	24
137	5	521	29
137	5	1669	27
138	5	417	24
138	5	626	29
138	5	939	27
138	5	2035	28
138	5	2295	30
139	5	417	24
139	5	678	29
139	5	1669	27
139	5	1878	30
139	5	2191	28
140	5	1304	30
141	5	417	24
141	5	574	29
141	5	1095	27
141	5	1774	28
142	5	574	29
142	5	1930	27
143	5	1095	30
143	5	1148	27
144	5	1617	30
145	5	1043	30
146	5	417	24
146	5	626	29
146	5	1617	27
147	5	417	24
147	5	626	29
147	5	1617	27
148	5	1043	30
149	5	417	24
149	5	626	29
149	5	2191	27
150	5	417	24
150	5	521	29
150	5	1617	27
151	5	574	29
151	5	1878	27
152	5	417	24
152	5	574	29
152	5	1408	27
152	5	2295	28
153	5	469	24
153	5	574	29
154	5	417	24
154	5	626	29
155	5	417	24
155	5	574	29
155	5	1408	27
155	5	2191	28
156	5	417	24
156	5	574	29
156	5	1304	27
158	5	417	24
158	5	521	29
158	5	1461	27
159	5	417	24
159	5	626	29
159	5	1982	27
159	5	2243	30
159	5	2295	28
160	5	417	24
160	5	626	29
160	5	1617	27
161	5	1095	30
162	5	574	29
162	5	1356	27
163	5	730	30
164	5	417	24
164	5	521	29
164	5	2035	27
165	5	417	24
165	5	574	29
165	5	1304	27
166	5	1200	30
167	5	626	29
167	5	2035	27
168	5	2087	30
169	5	417	24
169	5	678	29
170	5	417	24
170	5	626	29
171	5	574	24
171	5	626	29
172	5	782	30
172	5	1617	27
173	5	1043	30
174	5	574	29
174	5	1461	27
175	5	417	24
175	5	574	29
175	5	1513	27
175	5	2295	28
176	5	417	24
176	5	574	29
176	5	2139	27
177	5	1356	30
178	5	1878	30
178	5	1930	27
179	5	417	24
179	5	574	29
179	5	1513	27
180	5	730	29
181	5	417	24
181	5	574	29
181	5	991	27
182	5	469	29
183	5	417	24
183	5	521	29
183	5	1565	27
184	5	730	29
185	5	417	24
185	5	678	29
186	5	1878	30
186	5	1930	27
187	5	521	29
187	5	1408	27
188	5	782	30
189	5	469	24
189	5	626	29
189	5	1513	27
189	5	2243	28
190	5	991	30
191	5	417	24
191	5	678	29
192	5	417	24
192	5	678	29
192	5	1461	27
193	5	417	24
193	5	574	29
193	5	1774	27
194	5	469	24
194	5	626	30
196	5	417	24
196	5	521	29
196	5	1043	27
196	5	1617	28
196	5	1722	30
196	5	2035	25
197	5	2295	30
198	5	469	24
198	5	678	29
198	5	1461	27
199	5	417	24
199	5	574	29
199	5	1356	27
199	5	2243	28
200	5	1043	27
200	5	1095	30
200	5	2191	24
201	5	1252	30
202	5	782	27
202	5	834	30
203	5	469	29
203	5	1408	27
204	5	417	24
204	5	574	29
204	5	1617	27
205	5	1095	30
205	5	2295	24
206	5	417	24
206	5	574	29
206	5	991	27
206	5	1617	28
206	5	1722	30
206	5	2035	25
207	5	417	24
207	5	626	29
207	5	2139	27
208	5	417	24
208	5	574	29
208	5	1565	27
209	5	1878	30
210	5	417	24
210	5	521	29
211	5	1095	30
212	5	521	24
212	5	730	30
213	5	1200	30
214	5	521	29
215	5	1043	30
215	5	1095	27
216	5	574	29
217	5	574	29
217	5	1513	27
218	5	469	24
218	5	626	29
218	5	1565	27
219	5	1930	30
220	5	991	30
221	5	417	24
221	5	521	29
221	5	1774	27
222	5	834	30
223	5	574	29
224	5	626	29
224	5	1617	27
225	5	417	24
225	5	626	29
225	5	1826	27
225	5	2087	30
225	5	2139	28
226	5	417	24
226	5	521	29
226	5	1304	27
227	5	417	24
227	5	678	29
227	5	2295	27
228	5	417	24
228	5	521	29
228	5	1200	27
229	5	469	24
229	5	574	29
229	5	1565	27
230	5	417	24
230	5	521	29
230	5	2087	27
231	5	417	24
231	5	521	29
231	5	991	27
232	5	417	24
232	5	626	29
233	5	991	30
233	5	1878	27
234	5	2191	30
235	5	678	30
236	5	574	29
236	5	2087	27
237	5	574	29
238	5	834	30
239	5	834	30
240	5	417	24
240	5	574	29
240	5	1304	27
240	5	2139	28
241	5	521	29
241	5	1252	27
242	5	417	24
242	5	678	29
242	5	1461	27
243	5	417	24
243	5	521	29
243	5	991	27
243	5	2035	28
243	5	2243	30
244	5	417	24
244	5	469	29
244	5	1617	27
245	5	834	30
245	5	2035	27
246	5	1826	30
246	5	1878	27
247	5	1200	30
248	5	417	24
248	5	574	29
248	5	991	27
249	5	417	24
249	5	574	29
249	5	2243	27
250	5	417	24
250	5	574	29
250	5	1148	27
250	5	2087	28
251	5	417	24
251	5	521	29
251	5	1826	27
252	5	834	30
253	5	574	29
253	5	1930	27
254	5	1513	30
255	5	730	30
256	5	521	29
256	5	1408	27
257	5	887	30
257	5	1930	27
258	5	417	24
258	5	678	29
259	5	417	24
259	5	574	29
259	5	1930	27
260	5	417	24
260	5	521	30
260	5	1982	27
262	5	574	29
262	5	1304	27
263	5	469	24
263	5	626	29
264	5	417	24
264	5	626	29
264	5	1982	27
265	5	417	24
265	5	678	29
266	5	417	24
266	5	574	29
266	5	1722	27
267	5	417	24
267	5	574	29
267	5	2087	27
268	5	782	27
268	5	834	30
269	5	417	24
269	5	678	29
270	5	521	24
270	5	574	29
271	5	417	24
271	5	678	30
271	5	1669	27
271	5	2243	28
272	5	417	24
272	5	521	29
272	5	1148	27
272	5	1774	28
272	5	1878	30
272	5	2191	25
273	5	1930	30
274	5	991	30
274	5	1043	27
275	5	939	30
276	5	939	30
277	5	521	24
277	5	730	30
278	5	1148	30
278	5	1200	27
279	5	834	30
280	5	469	29
280	5	1930	27
282	5	1200	30
283	5	991	30
283	5	1774	27
284	5	417	24
284	5	626	29
284	5	1617	27
284	5	1774	30
284	5	2139	28
285	5	626	29
285	5	1461	27
286	5	417	24
286	5	521	29
286	5	1304	27
286	5	2035	28
286	5	2139	30
287	5	782	30
288	5	417	24
288	5	678	29
289	5	574	30
290	5	1982	30
291	5	417	24
291	5	730	29
292	5	834	30
292	5	2295	27
293	5	417	24
293	5	574	29
293	5	939	27
293	5	1878	30
293	5	2191	28
294	5	417	24
294	5	626	29
295	5	574	29
295	5	1878	27
296	5	417	24
296	5	574	29
296	5	1617	27
297	5	626	29
298	5	574	24
298	5	730	30
299	5	417	24
299	5	626	29
300	5	626	30
300	5	2295	27
301	5	417	24
301	5	574	29
301	5	991	27
302	5	417	24
302	5	626	29
302	5	1617	27
303	5	417	24
303	5	521	29
303	5	991	27
303	5	1826	30
304	5	417	24
304	5	574	29
304	5	1930	27
305	5	1982	30
306	5	417	24
306	5	521	30
306	5	1565	27
307	5	469	24
307	5	521	29
308	5	417	24
308	5	521	29
309	5	417	24
309	5	574	29
309	5	991	27
309	5	1878	28
309	5	2139	30
309	5	2191	25
310	5	417	24
310	5	626	29
310	5	1878	27
310	5	2191	28
311	5	626	29
312	5	834	30
313	5	521	24
313	5	678	29
314	5	1095	30
315	5	469	24
315	5	574	29
315	5	1513	27
316	5	1930	30
317	5	1043	30
317	5	1095	27
318	5	1148	30
319	5	678	30
320	5	1095	30
320	5	1148	27
321	5	417	24
321	5	678	29
322	5	417	24
322	5	521	29
322	5	1930	27
323	5	1200	30
324	5	1043	30
325	5	1043	30
325	5	1095	27
326	5	417	24
326	5	626	29
327	5	782	30
327	5	1617	27
328	5	626	29
328	5	2087	27
329	5	1148	30
329	5	1200	27
330	5	469	24
330	5	626	30
330	5	1669	27
331	5	417	24
331	5	678	29
332	5	417	24
332	5	678	29
332	5	1408	27
333	5	417	24
333	5	626	29
333	5	2243	27
334	5	1095	30
335	5	417	24
335	5	626	29
335	5	939	27
336	5	417	24
336	5	626	29
336	5	1826	27
337	5	626	29
337	5	2087	27
338	5	678	30
338	5	730	27
339	5	417	24
339	5	678	29
340	5	1043	27
340	5	1095	30
341	5	1043	30
341	5	1095	27
341	5	2139	24
342	5	417	24
342	5	521	29
342	5	1148	27
343	5	417	24
343	5	626	29
343	5	939	27
344	5	1826	30
344	5	1878	27
345	5	417	24
345	5	574	29
345	5	1408	27
346	5	417	24
346	5	469	29
346	5	1304	27
346	5	2087	28
347	5	417	24
347	5	730	29
348	5	417	24
348	5	626	29
349	5	417	24
349	5	626	29
349	5	1722	27
350	5	1513	30
351	5	417	24
351	5	626	29
352	5	417	24
352	5	521	29
352	5	1565	27
353	5	417	24
353	5	626	29
354	5	417	24
354	5	521	29
354	5	991	27
354	5	1722	28
354	5	1774	30
355	5	417	24
355	5	678	29
356	5	574	29
356	5	1617	27
357	5	417	24
357	5	626	29
358	5	574	30
358	5	1722	27
359	5	2191	30
360	5	469	24
360	5	626	29
361	5	417	24
361	5	574	29
361	5	1826	27
362	5	834	30
363	5	2139	30
364	5	417	24
364	5	626	29
365	5	1148	30
366	5	521	29
366	5	1408	27
367	5	417	24
367	5	574	29
367	5	1982	27
368	5	417	24
368	5	626	29
368	5	939	27
368	5	1930	30
369	5	417	24
369	5	626	29
370	5	521	29
371	5	417	24
371	5	521	29
371	5	2139	27
372	5	521	24
372	5	678	29
373	5	678	29
374	5	1095	30
374	5	2191	27
375	5	1095	30
375	5	1148	27
376	5	417	24
376	5	626	29
376	5	2295	27
377	5	1095	30
378	5	834	30
379	5	417	24
379	5	730	29
379	5	1565	27
380	5	417	24
380	5	626	29
381	5	417	24
381	5	626	30
382	5	417	24
382	5	678	29
383	5	782	30
384	5	417	24
384	5	678	29
385	5	417	24
385	5	574	29
386	5	417	24
386	5	521	29
387	5	417	24
387	5	574	29
387	5	1252	27
388	5	1774	30
389	5	417	24
389	5	626	29
390	5	417	24
390	5	574	29
390	5	939	27
391	5	417	24
391	5	574	29
391	5	1461	27
391	5	2295	28
392	5	574	29
392	5	1982	27
393	5	417	24
393	5	574	29
393	5	991	27
394	5	417	24
394	5	626	29
395	5	417	24
395	5	678	29
396	5	417	24
396	5	626	29
396	5	1565	27
396	5	1774	30
397	5	1095	30
397	5	2035	24
398	5	417	24
398	5	521	29
399	5	417	24
399	5	521	29
399	5	1617	27
400	5	417	24
400	5	574	29
400	5	2243	27
401	5	1878	30
401	5	1930	27
402	5	417	24
402	5	626	29
402	5	1565	27
403	5	1878	30
404	5	574	24
404	5	678	29
404	5	2139	27
405	5	939	27
405	5	991	30
406	5	417	24
406	5	626	29
406	5	1461	27
407	5	730	29
407	5	1513	27
409	5	678	30
410	5	730	29
410	5	2243	24
411	5	417	24
411	5	469	29
411	5	1148	27
411	5	1878	30
412	5	417	24
412	5	678	29
412	5	1617	27
412	5	1826	30
412	5	2139	28
413	5	417	24
413	5	626	29
413	5	1617	27
413	5	1774	30
413	5	2243	28
414	5	417	24
414	5	574	29
414	5	1461	27
414	5	2191	28
415	5	417	24
415	5	678	29
416	5	1148	30
416	5	1200	27
417	5	417	24
417	5	574	29
417	5	1878	27
418	5	417	24
418	5	574	29
418	5	1304	27
419	5	417	24
419	5	469	29
419	5	1356	27
420	5	574	24
420	5	887	30
420	5	2243	27
421	5	1826	30
421	5	1878	27
422	5	521	29
423	5	626	30
423	5	1617	27
424	5	417	24
424	5	574	29
424	5	1200	27
424	5	1878	30
424	5	2191	25
425	5	417	24
425	5	574	29
425	5	2035	27
426	5	834	30
426	5	1878	24
427	5	1826	30
427	5	1878	27
428	5	417	24
428	5	574	29
429	5	417	24
429	5	521	29
429	5	1513	27
430	5	417	24
430	5	574	29
431	5	417	24
431	5	574	29
431	5	991	27
432	5	417	24
432	5	678	29
432	5	2139	27
433	5	469	24
433	5	574	29
433	5	1722	27
434	5	417	24
434	5	678	29
434	5	1826	27
434	5	1982	30
434	5	2295	28
435	5	417	24
435	5	521	29
435	5	1252	27
436	5	417	24
436	5	626	29
436	5	1774	27
437	5	417	24
437	5	574	29
437	5	1930	27
438	5	417	24
438	5	626	30
438	5	1669	27
439	5	626	29
439	5	2243	27
440	5	417	24
440	5	626	30
441	5	1095	30
442	5	417	24
442	5	678	30
442	5	2035	27
443	5	521	29
444	5	1356	27
444	5	1461	30
445	5	417	24
445	5	626	29
445	5	2295	27
446	5	521	24
446	5	730	29
446	5	2243	27
447	5	1148	30
448	5	678	30
449	5	1878	30
449	5	1930	27
450	5	521	29
451	5	521	29
451	5	1252	27
451	5	2087	24
452	5	417	24
452	5	521	29
452	5	2191	27
453	5	417	24
453	5	574	29
453	5	1043	27
453	5	1774	28
454	5	1148	30
455	5	1043	30
455	5	2035	24
456	5	1043	30
457	5	469	24
457	5	521	29
458	5	1200	30
459	5	626	30
459	5	678	27
460	5	417	24
460	5	626	29
461	5	417	24
461	5	521	29
461	5	1408	27
462	5	417	24
462	5	521	29
462	5	1930	27
463	5	417	24
463	5	574	29
463	5	1304	27
463	5	2295	28
464	5	678	27
464	5	782	30
465	5	417	24
465	5	626	29
466	5	417	24
466	5	574	29
466	5	1461	27
467	5	417	24
467	5	521	29
467	5	1930	27
468	5	417	24
468	5	626	29
469	5	417	24
469	5	574	29
469	5	939	27
470	5	782	30
471	5	626	30
471	5	2191	27
472	5	417	24
472	5	521	29
472	5	1878	27
473	5	469	24
473	5	574	29
473	5	1826	27
474	5	417	24
474	5	574	29
474	5	1252	27
475	5	678	27
475	5	730	30
476	5	574	29
477	5	626	30
478	5	417	24
478	5	678	29
480	5	469	24
480	5	626	30
481	5	417	24
481	5	574	29
481	5	1252	27
481	5	2191	28
481	5	2243	30
482	5	417	24
482	5	678	29
483	5	1095	30
484	5	730	30
485	5	887	30
486	5	1095	30
486	5	1148	27
487	5	417	24
487	5	626	29
488	5	1095	30
489	5	417	24
489	5	626	29
489	5	2295	27
490	5	574	29
490	5	1252	27
490	5	2139	24
491	5	417	24
491	5	678	29
491	5	1930	27
492	5	730	27
492	5	887	30
492	5	1878	24
493	5	469	24
493	5	574	29
494	5	417	24
494	5	574	29
495	5	521	24
495	5	626	29
495	5	1461	27
496	5	469	24
496	5	521	29
496	5	1461	27
497	5	417	24
497	5	521	29
498	5	417	24
498	5	626	29
499	5	417	24
499	5	574	29
500	5	417	24
500	5	574	29
500	5	1043	27
500	5	1722	30
500	5	1774	28
501	5	1095	30
502	5	521	24
502	5	678	29
502	5	2243	27
503	5	417	24
503	5	626	29
503	5	1617	27
503	5	1774	30
503	5	2087	28
504	5	1513	30
505	5	1043	30
506	5	574	30
507	5	1148	30
508	5	417	24
508	5	678	29
508	5	1878	27
508	5	2191	28
508	5	2295	30
509	5	2191	30
510	5	1826	30
510	5	1878	27
511	5	2087	30
512	5	730	30
512	5	1774	24
513	5	626	30
513	5	678	27
514	5	417	24
514	5	678	29
515	5	417	24
515	5	574	29
515	5	991	27
516	5	1148	30
517	5	991	30
517	5	2035	27
518	5	730	27
518	5	782	30
519	5	417	24
519	5	574	29
519	5	1408	27
520	5	417	24
520	5	626	29
520	5	2139	27
521	5	417	24
521	5	626	29
522	5	469	24
522	5	626	29
522	5	1461	27
523	5	417	24
523	5	626	29
524	5	1930	27
524	5	1982	30
525	5	417	24
525	5	574	29
525	5	1252	27
526	5	1826	30
526	5	1878	27
527	5	417	24
527	5	521	29
527	5	2191	27
528	5	417	24
528	5	626	29
529	5	417	24
529	5	678	29
529	5	1565	27
529	5	1826	30
529	5	1878	28
530	5	1095	30
530	5	2139	24
531	5	834	30
531	5	1617	27
532	5	626	29
532	5	1617	27
533	5	1722	30
534	5	417	24
534	5	678	29
534	5	2087	27
535	5	1304	30
535	5	1356	27
536	5	1148	27
536	5	1252	30
537	5	417	24
537	5	574	29
537	5	1565	27
538	5	417	24
538	5	521	29
538	5	1513	27
539	5	417	24
539	5	626	29
540	5	678	30
541	5	417	24
541	5	521	29
541	5	1930	27
542	5	730	29
543	5	991	30
543	5	1043	27
543	5	1982	24
544	5	417	24
544	5	521	29
544	5	1304	27
544	5	2035	28
545	5	521	24
545	5	678	29
546	5	1043	30
546	5	1095	27
547	5	417	24
547	5	626	29
547	5	1408	27
547	5	2087	28
548	5	939	30
549	5	1043	30
550	5	417	24
550	5	521	29
550	5	1043	27
550	5	1774	28
550	5	1930	30
551	5	417	24
551	5	521	29
551	5	1200	27
552	5	1148	27
552	5	1200	30
553	5	469	24
553	5	521	29
553	5	2035	27
554	5	417	24
554	5	521	29
554	5	939	27
555	5	417	24
555	5	521	29
555	5	1095	30
555	5	1722	28
555	5	2087	25
556	5	521	29
556	5	1304	27
557	5	1304	30
558	5	417	24
558	5	469	29
558	5	2087	27
559	5	730	30
559	5	782	27
559	5	2139	24
560	5	1095	30
560	5	1148	27
561	5	574	29
562	5	730	30
562	5	782	27
562	5	2191	24
563	5	469	24
563	5	521	29
563	5	1408	27
564	5	1148	27
564	5	1252	30
565	5	417	24
565	5	574	29
565	5	1200	27
565	5	1930	28
565	5	2087	30
566	5	417	24
566	5	521	29
567	5	469	24
567	5	521	29
568	5	417	24
568	5	574	29
568	5	1200	27
569	5	626	29
569	5	1461	27
570	5	1095	30
570	5	1148	27
571	5	417	24
571	5	574	29
571	5	1826	27
572	5	1043	30
573	5	991	30
574	5	417	24
574	5	730	29
575	5	417	24
575	5	574	29
575	5	991	27
575	5	1722	28
575	5	1774	30
576	5	1043	30
577	5	417	24
577	5	678	29
578	5	574	30
578	5	2243	27
579	5	521	24
579	5	626	29
580	5	1722	30
580	5	1774	27
581	5	834	27
581	5	939	30
581	5	1930	24
582	5	521	24
582	5	678	29
582	5	1982	27
583	5	417	24
583	5	678	29
583	5	1617	27
584	5	417	24
584	5	574	29
584	5	1982	27
585	5	417	24
585	5	574	29
585	5	991	27
585	5	1669	28
585	5	1722	30
586	5	469	24
586	5	574	29
586	5	1408	27
587	5	417	24
587	5	521	29
587	5	991	27
588	5	417	24
588	5	574	29
588	5	1722	27
589	5	417	24
589	5	521	29
589	5	1461	27
590	5	417	24
590	5	626	29
591	5	1252	27
591	5	1356	30
593	5	417	24
593	5	574	29
594	5	521	29
594	5	1878	27
595	5	417	24
595	5	626	29
595	5	1774	27
595	5	1930	30
595	5	2243	28
596	5	521	24
596	5	574	29
596	5	1565	27
597	5	521	24
597	5	678	29
598	5	417	24
598	5	574	29
598	5	991	27
599	5	417	24
599	5	626	29
600	5	991	30
601	5	417	24
601	5	626	29
602	5	939	30
603	5	574	29
604	5	521	24
604	5	626	30
604	5	1878	27
605	5	939	30
605	5	991	27
606	5	417	24
606	5	626	29
606	5	1513	27
607	5	417	24
607	5	574	29
607	5	1408	27
608	5	417	24
608	5	521	29
608	5	1513	27
609	5	2087	30
610	5	1982	30
610	5	2035	27
611	5	521	29
611	5	1722	27
612	5	730	30
612	5	1722	27
613	5	991	30
614	5	1043	27
614	5	1095	30
615	5	626	29
615	5	1669	27
616	5	730	30
616	5	782	27
617	5	1408	30
618	5	939	30
619	5	678	27
619	5	887	30
620	5	417	24
620	5	626	29
621	5	678	30
621	5	730	27
621	5	1774	24
622	5	417	24
622	5	521	29
622	5	991	27
623	5	730	30
624	5	417	24
624	5	521	29
625	5	991	30
625	5	1043	27
626	5	417	24
626	5	469	29
626	5	1408	27
627	5	417	24
627	5	626	29
627	5	1565	27
628	5	417	24
628	5	574	29
628	5	1722	27
629	5	574	30
629	5	2295	27
630	5	574	29
630	5	1669	27
631	5	417	24
631	5	521	29
631	5	1513	27
631	5	2191	28
632	5	417	24
632	5	626	29
632	5	939	27
633	5	1095	30
634	5	991	30
634	5	1774	27
635	5	1095	30
635	5	1148	27
636	5	1878	30
636	5	1930	27
637	5	574	30
638	5	678	29
639	5	417	24
639	5	521	29
639	5	1252	27
640	5	521	29
641	5	417	24
641	5	574	29
642	5	1043	30
642	5	1095	27
643	5	2087	30
644	5	417	24
644	5	678	29
645	5	469	24
645	5	678	29
645	5	1565	27
646	5	417	24
646	5	626	29
647	5	1200	30
648	5	521	24
648	5	782	29
648	5	1722	27
649	5	417	24
649	5	626	29
650	5	1095	30
650	5	2243	27
651	5	417	24
651	5	574	29
652	5	417	24
652	5	626	29
652	5	1669	27
653	5	417	24
653	5	626	29
653	5	1669	27
654	5	521	29
654	5	2087	27
655	5	521	29
655	5	1461	27
656	5	417	24
656	5	521	30
657	5	417	24
657	5	521	29
658	5	417	24
658	5	626	29
658	5	2035	27
659	5	887	30
659	5	1722	27
660	5	574	29
661	5	417	24
661	5	626	29
662	5	469	24
662	5	574	29
662	5	1565	27
663	5	834	27
663	5	939	30
664	5	417	24
664	5	574	29
664	5	1356	27
664	5	2139	28
665	5	417	24
665	5	678	29
666	5	417	24
666	5	626	29
667	5	417	24
667	5	521	30
668	5	574	29
668	5	1669	27
669	5	574	24
669	5	678	29
669	5	1826	27
670	5	626	29
670	5	1565	27
671	5	887	27
671	5	991	30
672	5	626	24
672	5	730	29
672	5	2295	27
673	5	469	24
673	5	521	29
674	5	469	24
674	5	730	30
674	5	1774	27
675	5	782	30
675	5	834	27
676	5	417	24
676	5	626	29
676	5	2087	27
677	5	574	29
677	5	1304	27
678	5	417	24
678	5	626	29
679	5	834	30
680	5	782	30
680	5	834	27
680	5	2087	24
681	5	626	29
682	5	417	24
682	5	521	29
682	5	1982	27
683	5	1095	30
684	5	834	27
684	5	939	30
684	5	1774	24
685	5	417	24
685	5	521	29
685	5	2295	27
686	5	417	24
686	5	626	29
687	5	1095	30
687	5	1148	27
688	5	1095	30
689	5	991	30
689	5	1043	27
690	5	417	24
690	5	521	29
691	5	417	24
691	5	626	29
691	5	1982	27
691	5	2295	28
692	5	417	24
692	5	521	29
692	5	1304	27
693	5	417	24
693	5	574	30
693	5	1617	27
694	5	417	24
694	5	678	29
694	5	1669	27
695	5	417	24
695	5	574	29
695	5	991	27
696	5	521	29
696	5	2191	27
697	5	417	24
697	5	574	29
697	5	1461	27
698	5	1148	30
698	5	1200	27
699	5	417	24
699	5	574	30
700	5	417	24
700	5	521	29
701	5	626	29
701	5	1356	27
702	5	417	24
702	5	626	30
703	5	417	24
703	5	521	29
703	5	1356	27
704	5	1826	30
705	5	678	29
705	5	1826	27
706	5	417	24
706	5	521	29
706	5	1930	27
707	5	417	24
707	5	626	29
707	5	2295	27
708	5	1043	30
709	5	417	24
709	5	521	29
709	5	1408	27
709	5	2295	28
710	5	417	24
710	5	521	29
710	5	1304	27
711	5	887	30
711	5	939	27
711	5	1982	24
712	5	626	29
712	5	1565	27
713	5	939	30
714	5	417	24
714	5	678	29
715	5	521	24
715	5	626	29
715	5	2243	27
716	5	417	24
716	5	626	29
717	5	782	30
717	5	834	27
717	5	1774	24
718	5	417	24
718	5	521	29
718	5	1304	27
719	5	574	29
720	5	1095	30
721	5	469	24
721	5	678	29
721	5	1565	27
722	5	417	24
722	5	521	29
722	5	991	27
722	5	1722	28
723	5	469	29
723	5	2191	27
724	5	521	29
724	5	2243	27
725	5	417	24
725	5	574	29
725	5	1461	27
726	5	469	24
726	5	521	29
726	5	1408	27
727	5	1043	30
728	5	1513	30
729	5	417	24
729	5	678	29
730	5	417	24
730	5	626	29
731	5	417	24
731	5	574	29
731	5	991	27
732	5	417	24
732	5	626	29
733	5	417	24
733	5	626	29
734	5	417	24
734	5	521	29
734	5	1722	27
735	5	1826	30
735	5	1878	27
736	5	678	29
737	5	417	24
737	5	626	29
737	5	1408	27
737	5	2139	28
738	5	417	24
738	5	574	29
738	5	1304	27
738	5	1982	28
738	5	2243	30
738	5	2295	25
739	5	991	30
739	5	1043	27
740	5	1930	30
741	5	417	24
741	5	574	29
742	5	417	24
742	5	626	29
742	5	1878	27
742	5	2139	30
742	5	2191	28
743	5	417	24
743	5	574	29
743	5	1826	27
744	5	991	30
744	5	1043	27
744	5	2035	24
745	5	782	27
745	5	1095	29
746	5	1095	30
746	5	1148	27
747	5	469	24
747	5	678	29
748	5	1617	30
749	5	626	29
750	5	417	24
750	5	678	29
750	5	2295	27
751	5	678	29
752	5	678	30
752	5	1878	24
753	5	417	24
753	5	574	29
753	5	1304	27
753	5	2035	28
753	5	2139	30
754	5	417	24
754	5	626	29
755	5	417	24
755	5	626	29
756	5	417	24
756	5	574	29
756	5	1200	27
756	5	2191	28
757	5	1200	27
757	5	1304	30
758	5	417	24
758	5	626	29
758	5	939	27
759	5	991	30
760	5	417	24
760	5	626	30
761	5	469	24
761	5	521	29
761	5	1982	27
762	5	417	24
762	5	574	29
762	5	1774	27
763	5	991	30
763	5	1043	27
763	5	2139	24
764	5	417	24
764	5	678	29
765	5	417	24
765	5	521	29
765	5	1930	27
766	5	417	24
766	5	626	29
767	5	834	30
767	5	1982	27
768	5	1095	30
769	5	574	24
769	5	678	29
770	5	1878	30
771	5	1043	30
772	5	574	29
772	5	2191	27
773	5	1095	30
773	5	1148	27
774	5	417	24
774	5	574	29
774	5	1200	27
775	5	574	29
776	5	417	24
776	5	521	29
776	5	991	27
776	5	2139	28
776	5	2295	30
777	5	1826	30
777	5	1878	27
778	5	417	24
778	5	626	29
778	5	2087	27
779	5	991	30
780	5	417	24
780	5	626	29
781	5	417	24
781	5	574	29
781	5	1513	27
782	5	417	24
782	5	521	29
782	5	2243	27
783	5	1148	27
783	5	1304	30
784	5	417	24
784	5	521	29
784	5	1930	27
785	5	417	24
785	5	626	29
785	5	2295	27
786	5	521	30
787	5	1148	30
788	5	417	24
788	5	521	29
788	5	1774	27
789	5	887	30
789	5	1669	27
790	5	574	29
790	5	1774	27
791	5	991	30
792	5	417	24
792	5	678	29
793	5	417	24
793	5	521	29
793	5	1826	27
794	5	417	24
794	5	574	29
794	5	1982	27
795	5	730	30
796	5	1043	30
797	5	417	24
797	5	626	29
798	5	626	30
798	5	2035	27
799	5	1930	30
800	5	991	30
801	5	1148	30
802	5	417	24
802	5	521	29
802	5	1722	27
803	5	417	24
803	5	626	29
803	5	1513	27
804	5	417	24
804	5	521	30
804	5	2035	27
805	5	1878	30
806	5	1095	30
806	5	1148	27
807	5	417	24
807	5	678	29
807	5	1565	27
807	5	1826	30
808	5	1356	30
809	5	1304	30
810	5	417	24
810	5	521	29
810	5	991	27
811	5	417	24
811	5	574	29
811	5	1930	27
812	5	417	24
812	5	469	29
812	5	1304	27
812	5	2139	28
813	5	417	24
813	5	678	29
814	5	469	24
814	5	626	29
815	5	417	24
815	5	469	29
816	5	887	30
816	5	939	27
817	5	939	30
818	5	417	24
818	5	626	29
818	5	1826	27
819	5	1148	30
819	5	1200	27
820	5	469	24
820	5	626	29
821	5	678	29
821	5	1669	27
822	5	417	24
822	5	574	29
822	5	991	27
823	5	417	24
823	5	678	29
823	5	1878	27
823	5	2191	28
823	5	2295	30
824	5	730	30
824	5	1669	27
825	5	574	29
825	5	1408	27
826	5	574	24
826	5	730	30
827	5	574	29
828	5	991	30
828	5	2087	27
829	5	1826	30
829	5	1878	27
830	5	834	30
831	5	417	24
831	5	521	29
831	5	1304	27
831	5	1982	30
831	5	2295	25
832	5	417	24
832	5	678	29
832	5	1774	27
832	5	2087	30
833	5	626	29
833	5	1722	27
834	5	417	24
834	5	626	29
834	5	1304	27
834	5	2035	28
834	5	2295	30
835	5	417	24
835	5	574	29
836	5	1826	30
837	5	782	30
837	5	2139	27
838	5	417	24
838	5	469	29
838	5	1408	27
838	5	2243	28
839	5	1095	30
839	5	1148	27
840	5	417	24
840	5	469	29
840	5	939	27
840	5	1043	30
840	5	1722	28
841	5	417	24
841	5	521	29
842	5	521	29
842	5	1408	27
843	5	417	24
843	5	626	29
843	5	1722	27
843	5	1774	30
843	5	2087	28
844	5	626	30
845	5	730	29
846	5	1095	30
847	5	1043	30
847	5	1095	27
847	5	2087	24
848	5	417	24
848	5	521	29
848	5	991	27
849	5	1826	30
849	5	1878	27
850	5	417	24
850	5	574	29
850	5	1200	27
850	5	1774	28
851	5	1930	27
851	5	2139	30
852	5	678	29
853	5	1148	27
853	5	1304	30
854	5	730	29
854	5	1408	27
855	5	417	24
855	5	521	30
856	5	417	24
856	5	678	29
857	5	1148	30
858	5	469	24
858	5	730	29
858	5	1617	27
859	5	574	29
860	5	1095	30
861	5	417	24
861	5	678	29
862	5	1252	30
863	5	417	24
863	5	521	29
863	5	1304	27
864	5	417	24
864	5	521	29
864	5	1148	27
864	5	2035	30
865	5	417	24
865	5	521	29
865	5	1930	27
866	5	417	24
866	5	626	29
867	5	469	24
867	5	574	29
868	5	417	24
868	5	521	29
868	5	1878	27
869	5	730	30
869	5	1774	24
870	5	939	30
871	5	730	30
871	5	1774	27
872	5	2243	30
873	5	417	24
873	5	574	29
873	5	1095	27
874	5	730	30
875	5	417	24
875	5	521	30
876	5	417	24
876	5	574	29
877	5	417	24
877	5	574	29
877	5	991	27
877	5	1722	28
877	5	1774	30
878	5	678	29
878	5	1774	27
879	5	417	24
879	5	574	29
879	5	2243	27
880	5	417	24
880	5	678	29
881	5	678	30
882	5	1148	30
883	5	626	29
884	5	417	24
884	5	626	29
885	5	417	24
885	5	678	29
885	5	1722	27
886	5	626	29
886	5	1982	27
887	5	417	24
887	5	574	29
888	5	730	30
888	5	782	27
889	5	1095	30
889	5	1148	27
890	5	1043	30
890	5	1930	27
891	5	417	24
891	5	626	29
892	5	1148	30
892	5	2243	27
893	5	417	24
893	5	574	29
894	5	417	24
894	5	678	29
895	5	469	29
895	5	1826	27
896	5	417	24
896	5	678	29
897	5	417	24
897	5	521	29
897	5	1408	27
898	5	417	24
898	5	521	29
898	5	1200	27
899	5	417	24
899	5	574	29
899	5	1252	27
900	5	678	27
900	5	991	29
900	5	2243	24
901	5	417	24
901	5	626	29
902	5	626	24
902	5	782	29
902	5	1513	27
903	5	417	24
903	5	469	29
903	5	1408	27
903	5	2139	28
904	5	626	29
905	5	991	27
905	5	1095	30
906	5	417	24
906	5	521	29
907	5	1461	30
908	5	417	24
908	5	626	29
909	5	1722	30
910	5	678	30
910	5	2139	27
911	5	626	29
912	5	417	24
912	5	521	29
913	5	1043	30
913	5	2035	27
914	5	469	24
914	5	730	29
914	5	1565	27
915	5	1043	30
915	5	1095	27
916	5	417	24
916	5	574	29
916	5	1304	27
917	5	469	24
917	5	626	29
917	5	2139	27
918	5	1095	30
919	5	1095	27
919	5	1200	30
920	5	521	24
920	5	678	29
921	5	469	24
921	5	626	30
922	5	417	24
922	5	574	29
922	5	1982	27
923	5	1095	30
924	5	417	24
924	5	521	29
924	5	1200	27
925	5	417	24
925	5	626	29
926	5	417	24
926	5	574	29
926	5	1461	27
926	5	2243	28
927	5	574	29
927	5	1408	27
928	5	1982	30
929	5	417	24
929	5	626	29
929	5	1513	27
930	5	887	30
931	5	417	24
931	5	574	29
931	5	1095	27
931	5	1774	28
932	5	730	30
932	5	1878	27
933	5	1095	30
933	5	2191	24
934	5	782	30
934	5	834	27
935	5	417	24
935	5	469	29
936	5	521	29
936	5	1982	27
937	5	626	29
937	5	2087	27
938	5	574	30
938	5	1982	27
939	5	678	29
940	5	417	24
940	5	521	29
940	5	1408	27
940	5	2243	28
941	5	417	24
941	5	521	29
941	5	1200	27
941	5	2243	28
942	5	417	24
942	5	521	29
942	5	1148	27
943	5	521	29
944	5	469	24
944	5	574	29
944	5	1930	27
945	5	1200	27
945	5	1304	30
946	5	469	29
946	5	1565	27
947	5	417	24
947	5	626	29
947	5	1669	27
947	5	1774	30
947	5	2139	28
948	5	417	24
948	5	626	29
949	5	417	24
949	5	469	29
949	5	991	27
949	5	1095	30
950	5	417	24
950	5	678	29
951	5	1095	30
952	5	1513	30
953	5	417	24
953	5	678	29
954	5	417	24
954	5	521	29
954	5	991	27
955	5	991	30
956	5	469	24
956	5	574	29
957	5	782	30
958	5	782	30
959	5	1461	30
960	5	417	24
960	5	678	29
960	5	1669	27
961	5	417	24
961	5	626	29
961	5	1669	27
962	5	1774	30
963	5	417	24
963	5	626	29
964	5	417	24
964	5	521	29
964	5	1200	27
964	5	2087	28
965	5	626	24
965	5	730	29
966	5	417	24
966	5	574	29
966	5	1826	27
967	5	730	30
968	5	417	24
968	5	521	29
968	5	1982	27
969	5	469	24
969	5	574	29
969	5	1617	27
970	5	2139	30
971	5	417	24
971	5	574	29
971	5	1565	27
972	5	417	24
972	5	574	29
972	5	1043	27
972	5	1722	30
972	5	1774	28
973	5	417	24
973	5	574	30
974	5	417	24
974	5	521	29
975	5	834	30
976	5	417	24
976	5	521	29
976	5	1461	27
976	5	2243	28
977	5	1408	30
977	5	1461	27
978	5	417	24
978	5	521	29
978	5	1356	27
979	5	1095	30
979	5	1148	27
979	5	2191	24
980	5	1513	27
980	5	1565	30
981	5	678	27
981	5	834	30
981	5	1722	24
982	5	417	24
982	5	521	29
983	5	417	24
983	5	574	29
984	5	782	30
984	5	834	27
985	5	782	30
985	5	1669	27
986	5	1878	30
987	5	887	27
987	5	939	30
988	5	417	24
988	5	574	29
988	5	2035	27
989	5	417	24
989	5	574	29
989	5	2139	27
990	5	1148	30
991	5	887	30
992	5	1252	30
993	5	574	24
993	5	678	30
994	5	1722	30
995	5	417	24
995	5	574	29
995	5	991	27
996	5	1043	30
996	5	1095	27
997	5	1982	30
998	5	417	24
998	5	574	30
998	5	1408	27
998	5	2087	28
999	5	1095	30
999	5	1148	27
