Realization	utility	week	infra.
0	0	1356	29
1	0	1408	29
3	0	2191	29
4	0	1722	29
4	0	2295	30
6	0	1982	29
7	0	2035	29
8	0	1774	29
10	0	1461	29
14	0	1513	29
15	0	1617	29
16	0	1669	29
17	0	1513	29
18	0	1774	29
20	0	1774	29
21	0	1513	29
23	0	1565	29
24	0	1513	29
26	0	1982	29
27	0	1617	29
28	0	1930	29
30	0	2295	29
32	0	2139	29
33	0	2295	29
34	0	1982	29
35	0	1669	29
36	0	1774	29
38	0	2191	29
39	0	1774	29
40	0	1461	29
41	0	1878	29
42	0	1878	29
43	0	1565	29
45	0	1878	29
46	0	2191	29
49	0	1774	29
53	0	1669	29
57	0	1565	29
58	0	1669	29
59	0	1669	29
61	0	2035	29
62	0	1669	29
63	0	1878	29
65	0	2087	29
66	0	2295	29
67	0	1826	29
69	0	2035	29
71	0	2035	29
75	0	1565	29
79	0	2139	29
80	0	1774	29
87	0	1513	29
88	0	1826	29
89	0	2035	29
92	0	1461	29
96	0	2139	29
102	0	2035	29
104	0	1722	29
106	0	1878	29
107	0	1565	29
108	0	1617	29
110	0	1617	29
113	0	1565	29
119	0	2243	29
122	0	1565	29
124	0	1565	29
125	0	1669	29
126	0	1461	29
127	0	1513	29
128	0	1408	29
131	0	1774	29
132	0	1513	29
133	0	1930	29
134	0	2139	29
135	0	1722	29
136	0	1356	29
136	0	1930	30
137	0	1669	29
138	0	1461	29
139	0	1565	29
139	0	2139	30
141	0	1565	29
145	0	2139	29
146	0	1878	29
147	0	1878	29
149	0	1565	29
150	0	1565	29
152	0	1722	29
154	0	1617	29
155	0	1461	29
156	0	1513	29
158	0	1826	29
159	0	1408	29
160	0	1878	29
162	0	1982	29
164	0	1722	29
165	0	1669	29
169	0	1565	29
170	0	1565	29
172	0	2035	29
174	0	2035	29
175	0	1826	29
176	0	2191	29
179	0	1774	29
181	0	1461	29
183	0	1617	29
185	0	1722	29
187	0	1982	29
189	0	1982	29
191	0	1513	29
192	0	1826	29
193	0	1982	29
196	0	1513	29
196	0	2087	30
198	0	1878	29
199	0	1565	29
200	0	2191	29
202	0	2035	29
203	0	1982	29
204	0	1669	29
205	0	2295	29
206	0	1408	29
206	0	1982	30
207	0	1565	29
208	0	1617	29
210	0	1774	29
212	0	2295	29
215	0	2295	29
217	0	2087	29
218	0	1930	29
221	0	1930	29
224	0	2191	29
225	0	1513	29
226	0	1669	29
228	0	1617	29
229	0	1982	29
230	0	1513	29
231	0	1461	29
232	0	1617	29
233	0	2295	29
240	0	1617	29
241	0	1826	29
242	0	1826	29
243	0	1461	29
244	0	1408	29
245	0	2295	29
248	0	1565	29
249	0	1513	29
250	0	1565	29
251	0	1878	29
256	0	1982	29
257	0	2191	29
258	0	1565	29
259	0	1878	29
260	0	1982	29
262	0	1878	29
264	0	2191	29
266	0	1930	29
267	0	1565	29
268	0	1982	29
269	0	1565	29
271	0	1878	29
272	0	1565	29
283	0	2087	29
284	0	1513	29
285	0	2035	29
286	0	1669	29
288	0	2035	29
293	0	1408	29
294	0	1565	29
296	0	1722	29
298	0	2035	29
299	0	1565	29
301	0	1461	29
302	0	1930	29
303	0	1356	29
303	0	2295	30
304	0	1565	29
306	0	1513	29
309	0	1408	29
309	0	2295	30
310	0	1722	29
315	0	1878	29
321	0	1513	29
322	0	2087	29
326	0	1513	29
327	0	1982	29
330	0	1930	29
331	0	1565	29
332	0	1408	29
333	0	1565	29
335	0	1461	29
336	0	1826	29
339	0	2139	29
340	0	2139	29
341	0	2139	29
342	0	1617	29
343	0	1461	29
345	0	1774	29
346	0	1669	29
347	0	1982	29
348	0	1774	29
349	0	1617	29
352	0	1878	29
353	0	1669	29
354	0	1513	29
356	0	2139	29
357	0	2035	29
358	0	2087	29
361	0	1930	29
364	0	1565	29
366	0	1930	29
367	0	2295	29
368	0	1408	29
368	0	1982	30
369	0	1722	29
371	0	1617	29
372	0	2087	29
379	0	1930	29
382	0	2191	29
384	0	1930	29
387	0	1774	29
389	0	1565	29
390	0	1513	29
391	0	1669	29
393	0	1461	29
396	0	1461	29
397	0	2087	29
399	0	1565	29
400	0	1930	29
402	0	1878	29
406	0	1617	29
407	0	2139	29
411	0	1565	29
412	0	1565	29
412	0	2139	30
413	0	1513	29
413	0	2087	30
414	0	1826	29
415	0	1722	29
417	0	1930	29
418	0	1722	29
419	0	1669	29
420	0	2087	29
423	0	2035	29
424	0	1565	29
424	0	2139	30
426	0	1982	29
428	0	1565	29
429	0	1878	29
430	0	1617	29
431	0	1513	29
432	0	1722	29
433	0	2035	29
434	0	1617	29
434	0	2191	30
435	0	1565	29
436	0	1513	29
437	0	1565	29
438	0	1826	29
442	0	2139	29
445	0	1461	29
451	0	1878	29
453	0	1565	29
455	0	2035	29
460	0	1513	29
461	0	1617	29
462	0	2035	29
463	0	1722	29
464	0	1982	29
465	0	1565	29
466	0	1565	29
467	0	1565	29
468	0	1565	29
469	0	1461	29
472	0	1669	29
473	0	1878	29
474	0	1722	29
481	0	1617	29
486	0	2295	29
487	0	1565	29
489	0	1356	29
490	0	1878	29
491	0	2139	29
492	0	1930	29
494	0	1826	29
495	0	1930	29
496	0	1826	29
497	0	1722	29
498	0	2191	29
500	0	1408	29
502	0	2139	29
503	0	1461	29
503	0	2035	30
508	0	1461	29
512	0	1930	29
513	0	2087	29
514	0	1878	29
515	0	1513	29
518	0	2035	29
519	0	1669	29
521	0	1461	29
522	0	1930	29
523	0	1565	29
525	0	1722	29
527	0	1513	29
528	0	1461	29
529	0	1565	29
530	0	2191	29
531	0	1982	29
534	0	1461	29
537	0	1826	29
538	0	1408	29
539	0	1461	29
541	0	1669	29
543	0	2035	29
544	0	1669	29
547	0	1826	29
550	0	1513	29
551	0	1617	29
553	0	2139	29
554	0	1356	29
555	0	1513	29
555	0	2087	30
556	0	1878	29
558	0	1878	29
559	0	2139	29
562	0	2087	29
563	0	1826	29
565	0	1617	29
565	0	2191	30
566	0	1774	29
568	0	1617	29
569	0	2035	29
571	0	1565	29
575	0	1461	29
577	0	1565	29
581	0	2087	29
582	0	2191	29
583	0	1513	29
584	0	1565	29
585	0	1408	29
585	0	1982	30
586	0	1878	29
587	0	1461	29
588	0	1774	29
589	0	1722	29
590	0	1669	29
594	0	2295	29
595	0	1617	29
596	0	1930	29
598	0	1513	29
599	0	1513	29
601	0	1982	29
604	0	1982	29
606	0	1878	29
607	0	1669	29
608	0	1722	29
611	0	2243	29
612	0	2139	29
616	0	2139	29
620	0	1669	29
621	0	1982	29
622	0	1461	29
624	0	2087	29
625	0	1982	29
626	0	1826	29
627	0	1826	29
628	0	1930	29
630	0	2191	29
631	0	1930	29
632	0	1461	29
639	0	1617	29
645	0	1930	29
646	0	1565	29
648	0	2087	29
649	0	1669	29
652	0	1878	29
653	0	1930	29
655	0	2035	29
656	0	1930	29
658	0	1669	29
659	0	2087	29
661	0	1669	29
662	0	1930	29
664	0	1722	29
665	0	1617	29
666	0	1565	29
667	0	1722	29
668	0	2191	29
669	0	2087	29
670	0	2139	29
674	0	1930	29
675	0	1982	29
676	0	1669	29
677	0	1930	29
678	0	1722	29
680	0	1930	29
682	0	2035	29
684	0	1982	29
686	0	2191	29
691	0	1774	29
692	0	1722	29
693	0	1878	29
694	0	1826	29
695	0	1513	29
697	0	1669	29
699	0	2035	29
701	0	1982	29
703	0	1565	29
705	0	2243	29
706	0	1565	29
707	0	2035	29
708	0	2087	29
709	0	1774	29
710	0	1774	29
711	0	2087	29
714	0	1513	29
715	0	2243	29
716	0	1408	29
717	0	1982	29
718	0	1669	29
721	0	1982	29
722	0	1461	29
725	0	1826	29
726	0	1878	29
730	0	2035	29
731	0	2191	29
733	0	1669	29
734	0	1565	29
737	0	1774	29
738	0	1722	29
738	0	2295	30
739	0	2139	29
741	0	2087	29
742	0	1513	29
743	0	1513	29
744	0	2139	29
752	0	1982	29
753	0	1513	29
754	0	1565	29
755	0	1513	29
756	0	1617	29
758	0	1408	29
761	0	2243	29
762	0	1930	29
763	0	2191	29
765	0	1565	29
767	0	2243	29
774	0	1565	29
776	0	1461	29
778	0	2035	29
781	0	1826	29
784	0	1669	29
788	0	1930	29
789	0	2035	29
790	0	2295	29
793	0	1565	29
794	0	1461	29
797	0	1513	29
802	0	1826	29
803	0	1774	29
804	0	2295	29
807	0	1461	29
810	0	1565	29
811	0	1461	29
812	0	1669	29
813	0	2243	29
815	0	1617	29
816	0	2243	29
818	0	1930	29
821	0	2295	29
822	0	1461	29
823	0	1513	29
824	0	2035	29
825	0	1982	29
826	0	2035	29
831	0	1722	29
831	0	2295	30
832	0	1669	29
832	0	2243	30
834	0	1669	29
838	0	1617	29
840	0	1461	29
842	0	1982	29
843	0	1565	29
843	0	2139	30
847	0	2191	29
848	0	1513	29
850	0	1669	29
854	0	1982	29
858	0	1878	29
863	0	1669	29
864	0	1513	29
865	0	1617	29
866	0	1513	29
868	0	1826	29
869	0	1930	29
870	0	2295	29
871	0	2139	29
873	0	1513	29
875	0	1878	29
876	0	1565	29
877	0	1513	29
880	0	1461	29
884	0	2087	29
885	0	1513	29
887	0	2087	29
890	0	2243	29
891	0	1774	29
894	0	2295	29
896	0	1565	29
897	0	1669	29
898	0	1722	29
899	0	1565	29
901	0	1513	29
902	0	1930	29
903	0	1617	29
906	0	2191	29
908	0	1513	29
910	0	2243	29
914	0	1930	29
916	0	1722	29
924	0	1722	29
925	0	1617	29
926	0	1774	29
927	0	1982	29
929	0	1878	29
931	0	1461	29
932	0	2191	29
933	0	2191	29
935	0	1826	29
938	0	2191	29
940	0	1826	29
941	0	1513	29
942	0	1565	29
944	0	2295	29
946	0	2191	29
947	0	1461	29
948	0	1513	29
949	0	1461	29
950	0	1513	29
953	0	1617	29
954	0	1565	29
960	0	1982	29
961	0	1878	29
964	0	1669	29
965	0	2035	29
966	0	1513	29
968	0	2243	29
969	0	1878	29
971	0	1774	29
972	0	1461	29
972	0	2139	30
976	0	1826	29
978	0	1617	29
979	0	2295	29
981	0	1930	29
983	0	1513	29
984	0	2139	29
985	0	2139	29
989	0	1565	29
995	0	1513	29
998	0	1774	29
0	1	1356	29
1	1	1408	29
3	1	2191	29
4	1	1722	29
4	1	2295	30
6	1	1982	29
7	1	2035	29
8	1	1774	29
10	1	1461	29
14	1	1513	29
15	1	1617	29
16	1	1669	29
17	1	1513	29
18	1	1774	29
20	1	1774	29
21	1	1513	29
23	1	1565	29
24	1	1513	29
26	1	1982	29
27	1	1617	29
28	1	1930	29
30	1	2295	29
32	1	2139	29
33	1	2295	29
34	1	1982	29
35	1	1669	29
36	1	1774	29
38	1	2191	29
39	1	1774	29
40	1	1461	29
41	1	1878	29
42	1	1878	29
43	1	1565	29
45	1	1878	29
46	1	2191	29
49	1	1774	29
53	1	1669	29
57	1	1565	29
58	1	1669	29
59	1	1669	29
61	1	2035	29
62	1	1669	29
63	1	1878	29
65	1	2087	29
66	1	2295	29
67	1	1826	29
69	1	2035	29
71	1	2035	29
75	1	1565	29
79	1	2139	29
80	1	1774	29
87	1	1513	29
88	1	1826	29
89	1	2035	29
92	1	1461	29
96	1	2139	29
102	1	2035	29
104	1	1722	29
106	1	1878	29
107	1	1565	29
108	1	1617	29
110	1	1617	29
113	1	1565	29
119	1	2243	29
122	1	1565	29
124	1	1565	29
125	1	1669	29
126	1	1461	29
127	1	1513	29
128	1	1408	29
131	1	1774	29
132	1	1513	29
133	1	1930	29
134	1	2139	29
135	1	1722	29
136	1	1356	29
136	1	1930	30
137	1	1669	29
138	1	1461	29
139	1	1565	29
139	1	2139	30
141	1	1565	29
145	1	2139	29
146	1	1878	29
147	1	1878	29
149	1	1565	29
150	1	1565	29
152	1	1722	29
154	1	1617	29
155	1	1461	29
156	1	1513	29
158	1	1826	29
159	1	1408	29
160	1	1878	29
162	1	1982	29
164	1	1722	29
165	1	1669	29
169	1	1565	29
170	1	1565	29
172	1	2035	29
174	1	2035	29
175	1	1826	29
176	1	2191	29
179	1	1774	29
181	1	1461	29
183	1	1617	29
185	1	1722	29
187	1	1982	29
189	1	1982	29
191	1	1513	29
192	1	1826	29
193	1	1982	29
196	1	1513	29
196	1	2087	30
198	1	1878	29
199	1	1565	29
200	1	2191	29
202	1	2035	29
203	1	1982	29
204	1	1669	29
205	1	2295	29
206	1	1408	29
206	1	1982	30
207	1	1565	29
208	1	1617	29
210	1	1774	29
212	1	2295	29
215	1	2295	29
217	1	2087	29
218	1	1930	29
221	1	1930	29
224	1	2191	29
225	1	1513	29
226	1	1669	29
228	1	1617	29
229	1	1982	29
230	1	1513	29
231	1	1461	29
232	1	1617	29
233	1	2295	29
240	1	1617	29
241	1	1826	29
242	1	1826	29
243	1	1461	29
244	1	1408	29
245	1	2295	29
248	1	1565	29
249	1	1513	29
250	1	1565	29
251	1	1878	29
256	1	1982	29
257	1	2191	29
258	1	1565	29
259	1	1878	29
260	1	1982	29
262	1	1878	29
264	1	2191	29
266	1	1930	29
267	1	1565	29
268	1	1982	29
269	1	1565	29
271	1	1878	29
272	1	1565	29
283	1	2087	29
284	1	1513	29
285	1	2035	29
286	1	1669	29
288	1	2035	29
293	1	1408	29
294	1	1565	29
296	1	1722	29
298	1	2035	29
299	1	1565	29
301	1	1461	29
302	1	1930	29
303	1	1356	29
303	1	2295	30
304	1	1565	29
306	1	1513	29
309	1	1408	29
309	1	2295	30
310	1	1722	29
315	1	1878	29
321	1	1513	29
322	1	2087	29
326	1	1513	29
327	1	1982	29
330	1	1930	29
331	1	1565	29
332	1	1408	29
333	1	1565	29
335	1	1461	29
336	1	1826	29
339	1	2139	29
340	1	2139	29
341	1	2139	29
342	1	1617	29
343	1	1461	29
345	1	1774	29
346	1	1669	29
347	1	1982	29
348	1	1774	29
349	1	1617	29
352	1	1878	29
353	1	1669	29
354	1	1513	29
356	1	2139	29
357	1	2035	29
358	1	2087	29
361	1	1930	29
364	1	1565	29
366	1	1930	29
367	1	2295	29
368	1	1408	29
368	1	1982	30
369	1	1722	29
371	1	1617	29
372	1	2087	29
379	1	1930	29
382	1	2191	29
384	1	1930	29
387	1	1774	29
389	1	1565	29
390	1	1513	29
391	1	1669	29
393	1	1461	29
396	1	1461	29
397	1	2087	29
399	1	1565	29
400	1	1930	29
402	1	1878	29
406	1	1617	29
407	1	2139	29
411	1	1565	29
412	1	1565	29
412	1	2139	30
413	1	1513	29
413	1	2087	30
414	1	1826	29
415	1	1722	29
417	1	1930	29
418	1	1722	29
419	1	1669	29
420	1	2087	29
423	1	2035	29
424	1	1565	29
424	1	2139	30
426	1	1982	29
428	1	1565	29
429	1	1878	29
430	1	1617	29
431	1	1513	29
432	1	1722	29
433	1	2035	29
434	1	1617	29
434	1	2191	30
435	1	1565	29
436	1	1513	29
437	1	1565	29
438	1	1826	29
442	1	2139	29
445	1	1461	29
451	1	1878	29
453	1	1565	29
455	1	2035	29
460	1	1513	29
461	1	1617	29
462	1	2035	29
463	1	1722	29
464	1	1982	29
465	1	1565	29
466	1	1565	29
467	1	1565	29
468	1	1565	29
469	1	1461	29
472	1	1669	29
473	1	1878	29
474	1	1722	29
481	1	1617	29
486	1	2295	29
487	1	1565	29
489	1	1356	29
490	1	1878	29
491	1	2139	29
492	1	1930	29
494	1	1826	29
495	1	1930	29
496	1	1826	29
497	1	1722	29
498	1	2191	29
500	1	1408	29
502	1	2139	29
503	1	1461	29
503	1	2035	30
508	1	1461	29
512	1	1930	29
513	1	2087	29
514	1	1878	29
515	1	1513	29
518	1	2035	29
519	1	1669	29
521	1	1461	29
522	1	1930	29
523	1	1565	29
525	1	1722	29
527	1	1513	29
528	1	1461	29
529	1	1565	29
530	1	2191	29
531	1	1982	29
534	1	1461	29
537	1	1826	29
538	1	1408	29
539	1	1461	29
541	1	1669	29
543	1	2035	29
544	1	1669	29
547	1	1826	29
550	1	1513	29
551	1	1617	29
553	1	2139	29
554	1	1356	29
555	1	1513	29
555	1	2087	30
556	1	1878	29
558	1	1878	29
559	1	2139	29
562	1	2087	29
563	1	1826	29
565	1	1617	29
565	1	2191	30
566	1	1774	29
568	1	1617	29
569	1	2035	29
571	1	1565	29
575	1	1461	29
577	1	1565	29
581	1	2087	29
582	1	2191	29
583	1	1513	29
584	1	1565	29
585	1	1408	29
585	1	1982	30
586	1	1878	29
587	1	1461	29
588	1	1774	29
589	1	1722	29
590	1	1669	29
594	1	2295	29
595	1	1617	29
596	1	1930	29
598	1	1513	29
599	1	1513	29
601	1	1982	29
604	1	1982	29
606	1	1878	29
607	1	1669	29
608	1	1722	29
611	1	2243	29
612	1	2139	29
616	1	2139	29
620	1	1669	29
621	1	1982	29
622	1	1461	29
624	1	2087	29
625	1	1982	29
626	1	1826	29
627	1	1826	29
628	1	1930	29
630	1	2191	29
631	1	1930	29
632	1	1461	29
639	1	1617	29
645	1	1930	29
646	1	1565	29
648	1	2087	29
649	1	1669	29
652	1	1878	29
653	1	1930	29
655	1	2035	29
656	1	1930	29
658	1	1669	29
659	1	2087	29
661	1	1669	29
662	1	1930	29
664	1	1722	29
665	1	1617	29
666	1	1565	29
667	1	1722	29
668	1	2191	29
669	1	2087	29
670	1	2139	29
674	1	1930	29
675	1	1982	29
676	1	1669	29
677	1	1930	29
678	1	1722	29
680	1	1930	29
682	1	2035	29
684	1	1982	29
686	1	2191	29
691	1	1774	29
692	1	1722	29
693	1	1878	29
694	1	1826	29
695	1	1513	29
697	1	1669	29
699	1	2035	29
701	1	1982	29
703	1	1565	29
705	1	2243	29
706	1	1565	29
707	1	2035	29
708	1	2087	29
709	1	1774	29
710	1	1774	29
711	1	2087	29
714	1	1513	29
715	1	2243	29
716	1	1408	29
717	1	1982	29
718	1	1669	29
721	1	1982	29
722	1	1461	29
725	1	1826	29
726	1	1878	29
730	1	2035	29
731	1	2191	29
733	1	1669	29
734	1	1565	29
737	1	1774	29
738	1	1722	29
738	1	2295	30
739	1	2139	29
741	1	2087	29
742	1	1513	29
743	1	1513	29
744	1	2139	29
752	1	1982	29
753	1	1513	29
754	1	1565	29
755	1	1513	29
756	1	1617	29
758	1	1408	29
761	1	2243	29
762	1	1930	29
763	1	2191	29
765	1	1565	29
767	1	2243	29
774	1	1565	29
776	1	1461	29
778	1	2035	29
781	1	1826	29
784	1	1669	29
788	1	1930	29
789	1	2035	29
790	1	2295	29
793	1	1565	29
794	1	1461	29
797	1	1513	29
802	1	1826	29
803	1	1774	29
804	1	2295	29
807	1	1461	29
810	1	1565	29
811	1	1461	29
812	1	1669	29
813	1	2243	29
815	1	1617	29
816	1	2243	29
818	1	1930	29
821	1	2295	29
822	1	1461	29
823	1	1513	29
824	1	2035	29
825	1	1982	29
826	1	2035	29
831	1	1722	29
831	1	2295	30
832	1	1669	29
832	1	2243	30
834	1	1669	29
838	1	1617	29
840	1	1461	29
842	1	1982	29
843	1	1565	29
843	1	2139	30
847	1	2191	29
848	1	1513	29
850	1	1669	29
854	1	1982	29
858	1	1878	29
863	1	1669	29
864	1	1513	29
865	1	1617	29
866	1	1513	29
868	1	1826	29
869	1	1930	29
870	1	2295	29
871	1	2139	29
873	1	1513	29
875	1	1878	29
876	1	1565	29
877	1	1513	29
880	1	1461	29
884	1	2087	29
885	1	1513	29
887	1	2087	29
890	1	2243	29
891	1	1774	29
894	1	2295	29
896	1	1565	29
897	1	1669	29
898	1	1722	29
899	1	1565	29
901	1	1513	29
902	1	1930	29
903	1	1617	29
906	1	2191	29
908	1	1513	29
910	1	2243	29
914	1	1930	29
916	1	1722	29
924	1	1722	29
925	1	1617	29
926	1	1774	29
927	1	1982	29
929	1	1878	29
931	1	1461	29
932	1	2191	29
933	1	2191	29
935	1	1826	29
938	1	2191	29
940	1	1826	29
941	1	1513	29
942	1	1565	29
944	1	2295	29
946	1	2191	29
947	1	1461	29
948	1	1513	29
949	1	1461	29
950	1	1513	29
953	1	1617	29
954	1	1565	29
960	1	1982	29
961	1	1878	29
964	1	1669	29
965	1	2035	29
966	1	1513	29
968	1	2243	29
969	1	1878	29
971	1	1774	29
972	1	1461	29
972	1	2139	30
976	1	1826	29
978	1	1617	29
979	1	2295	29
981	1	1930	29
983	1	1513	29
984	1	2139	29
985	1	2139	29
989	1	1565	29
995	1	1513	29
998	1	1774	29
0	2	261	26
0	2	730	33
0	2	1200	13
1	2	261	26
1	2	730	33
1	2	1200	13
2	2	261	26
3	2	261	26
3	2	2035	33
4	2	261	26
4	2	939	33
4	2	1304	13
5	2	261	26
5	2	782	33
6	2	261	26
6	2	1200	33
6	2	2191	13
7	2	261	26
7	2	1565	33
8	2	261	26
8	2	1200	33
8	2	1565	13
9	2	261	26
10	2	261	26
10	2	730	33
10	2	1200	13
11	2	261	26
12	2	261	26
13	2	261	26
14	2	261	26
14	2	730	33
14	2	1200	13
15	2	261	26
15	2	834	33
15	2	1461	13
16	2	261	26
16	2	887	33
16	2	1408	13
17	2	261	26
17	2	730	33
17	2	1200	13
18	2	261	26
18	2	782	33
18	2	1565	13
19	2	261	26
20	2	261	26
20	2	1095	33
20	2	1617	13
21	2	261	26
21	2	678	33
21	2	1200	13
22	2	261	26
22	2	2295	33
23	2	261	26
23	2	782	33
23	2	1252	13
24	2	261	26
24	2	834	33
24	2	1200	13
25	2	261	26
26	2	261	26
26	2	1356	33
26	2	2295	13
27	2	261	26
27	2	834	33
27	2	1252	13
28	2	261	26
28	2	1252	33
28	2	1565	13
29	2	261	26
30	2	261	26
31	2	261	26
31	2	939	33
32	2	261	26
32	2	1722	33
33	2	261	26
33	2	1565	33
34	2	261	26
34	2	1356	33
34	2	1930	13
35	2	261	26
35	2	834	33
35	2	1304	13
36	2	261	26
36	2	834	33
36	2	1408	13
37	2	261	26
37	2	1982	33
38	2	261	26
38	2	1513	33
39	2	261	26
39	2	991	33
39	2	1722	13
40	2	261	26
40	2	730	33
40	2	1200	13
41	2	261	26
41	2	1408	33
41	2	2191	13
42	2	261	26
42	2	1252	33
42	2	1669	13
43	2	261	26
43	2	834	33
43	2	1356	13
44	2	261	26
45	2	261	26
45	2	1148	33
45	2	1617	13
46	2	261	26
46	2	887	33
46	2	2295	13
47	2	261	26
48	2	261	26
49	2	261	26
49	2	939	33
49	2	1408	13
50	2	261	26
51	2	261	26
52	2	261	26
53	2	261	26
53	2	887	33
53	2	1252	13
54	2	261	26
55	2	261	26
55	2	2139	33
56	2	261	26
57	2	261	26
57	2	730	33
57	2	1200	13
58	2	261	26
58	2	1043	33
58	2	1461	13
59	2	261	26
59	2	782	33
59	2	1200	13
60	2	261	26
61	2	261	26
61	2	939	33
62	2	261	26
62	2	887	33
62	2	1304	13
63	2	261	26
63	2	1252	33
63	2	1722	13
64	2	261	26
65	2	261	26
65	2	1408	33
66	2	261	26
67	2	261	26
67	2	1356	33
67	2	1774	13
68	2	261	26
69	2	261	26
69	2	1513	33
70	2	261	26
71	2	261	26
71	2	1669	33
72	2	261	26
73	2	261	26
74	2	261	26
75	2	261	26
75	2	834	33
75	2	1408	13
76	2	261	26
77	2	261	26
78	2	261	26
79	2	261	26
79	2	1617	33
80	2	261	26
80	2	887	33
80	2	1774	13
81	2	261	26
81	2	1617	33
82	2	261	26
82	2	2191	33
83	2	261	26
84	2	261	26
84	2	939	33
85	2	261	26
86	2	261	26
87	2	261	26
87	2	782	33
87	2	1200	13
88	2	261	26
88	2	1252	33
88	2	1774	13
89	2	261	26
89	2	1461	33
90	2	261	26
91	2	261	26
92	2	261	26
92	2	782	33
92	2	1252	13
93	2	261	26
94	2	261	26
95	2	261	26
96	2	261	26
96	2	1669	33
97	2	261	26
98	2	261	26
99	2	261	26
100	2	261	26
101	2	261	26
101	2	1513	33
102	2	261	26
102	2	1304	33
103	2	261	26
104	2	261	26
104	2	1043	33
104	2	1461	13
105	2	261	26
106	2	261	26
106	2	1200	33
106	2	1565	13
107	2	261	26
107	2	730	33
107	2	1200	13
108	2	261	26
108	2	887	33
108	2	1513	13
109	2	261	26
110	2	261	26
110	2	834	33
110	2	1200	13
111	2	261	26
111	2	2191	33
112	2	261	26
113	2	261	26
113	2	782	33
113	2	1200	13
114	2	261	26
114	2	1669	33
115	2	261	26
116	2	261	26
117	2	261	26
118	2	261	26
119	2	261	26
120	2	261	26
120	2	2139	33
121	2	261	26
122	2	261	26
122	2	782	33
122	2	1200	13
123	2	261	26
124	2	261	26
124	2	782	33
124	2	1200	13
125	2	261	26
125	2	939	33
125	2	1356	13
126	2	261	26
126	2	782	33
126	2	1200	13
127	2	261	26
127	2	782	33
127	2	1200	13
128	2	261	26
128	2	678	33
128	2	1200	13
129	2	261	26
130	2	261	26
131	2	261	26
131	2	1148	33
131	2	1513	13
132	2	261	26
132	2	730	33
132	2	1304	13
133	2	261	26
133	2	939	33
133	2	1722	13
134	2	261	26
134	2	1826	33
135	2	261	26
135	2	887	33
135	2	1408	13
136	2	261	26
136	2	730	33
136	2	1200	13
137	2	261	26
137	2	1252	33
137	2	1774	13
138	2	261	26
138	2	730	33
138	2	1200	13
139	2	261	26
139	2	834	33
139	2	1200	13
140	2	261	26
141	2	261	26
141	2	782	33
141	2	1200	13
142	2	261	26
143	2	261	26
144	2	261	26
145	2	261	26
145	2	2191	33
146	2	261	26
146	2	1043	33
146	2	1669	13
147	2	261	26
147	2	1200	33
147	2	1669	13
148	2	261	26
149	2	261	26
149	2	782	33
149	2	1200	13
150	2	261	26
150	2	887	33
150	2	1461	13
151	2	261	26
151	2	2295	33
152	2	261	26
152	2	1043	33
152	2	1513	13
153	2	261	26
154	2	261	26
154	2	887	33
154	2	1252	13
155	2	261	26
155	2	730	33
155	2	1200	13
156	2	261	26
156	2	782	33
156	2	1200	13
157	2	261	26
158	2	261	26
158	2	939	33
158	2	1408	13
159	2	261	26
159	2	730	33
159	2	1200	13
160	2	261	26
160	2	1304	33
161	2	261	26
162	2	261	26
162	2	1565	33
163	2	261	26
164	2	261	26
164	2	834	33
165	2	261	26
165	2	939	33
165	2	1304	13
166	2	261	26
167	2	261	26
168	2	261	26
169	2	261	26
169	2	782	33
169	2	2243	13
170	2	261	26
170	2	730	33
170	2	1200	13
171	2	261	26
172	2	261	26
172	2	1617	33
173	2	261	26
174	2	261	26
174	2	1461	33
175	2	261	26
175	2	1148	33
175	2	1565	13
176	2	261	26
176	2	782	33
176	2	2191	13
177	2	261	26
178	2	261	26
179	2	261	26
179	2	939	33
179	2	1513	13
180	2	261	26
181	2	261	26
181	2	730	33
181	2	1200	13
182	2	261	26
183	2	261	26
183	2	834	33
183	2	1304	13
184	2	261	26
185	2	261	26
185	2	939	33
185	2	1408	13
186	2	261	26
187	2	261	26
187	2	1408	33
188	2	261	26
189	2	261	26
189	2	1304	33
189	2	1722	13
190	2	261	26
191	2	261	26
191	2	782	33
192	2	261	26
192	2	1148	33
192	2	1565	13
193	2	261	26
193	2	1252	33
193	2	1878	13
194	2	261	26
195	2	261	26
196	2	261	26
196	2	730	33
196	2	1200	13
197	2	261	26
198	2	261	26
198	2	1252	33
198	2	1617	13
199	2	261	26
199	2	782	33
199	2	1200	13
200	2	261	26
200	2	1982	33
201	2	261	26
202	2	261	26
202	2	1565	33
203	2	261	26
203	2	1513	33
204	2	261	26
204	2	887	33
204	2	1408	13
205	2	261	26
206	2	261	26
206	2	678	33
206	2	1200	13
207	2	261	26
207	2	834	33
207	2	1252	13
208	2	261	26
208	2	887	33
208	2	1461	13
209	2	261	26
210	2	261	26
210	2	1095	33
210	2	1878	13
211	2	261	26
212	2	261	26
212	2	1774	33
213	2	261	26
214	2	261	26
215	2	261	26
216	2	261	26
217	2	261	26
218	2	261	26
218	2	1304	33
218	2	1722	13
219	2	261	26
220	2	261	26
221	2	261	26
221	2	1356	33
222	2	261	26
223	2	261	26
224	2	261	26
224	2	1669	33
225	2	261	26
225	2	782	33
225	2	1200	13
226	2	261	26
226	2	887	33
226	2	1304	13
227	2	261	26
228	2	261	26
228	2	834	33
228	2	1200	13
229	2	261	26
229	2	1304	33
229	2	1722	13
230	2	261	26
230	2	730	33
230	2	1200	13
231	2	261	26
231	2	678	33
231	2	1200	13
232	2	261	26
232	2	834	33
232	2	1200	13
233	2	261	26
234	2	261	26
235	2	261	26
236	2	261	26
237	2	261	26
238	2	261	26
239	2	261	26
240	2	261	26
240	2	834	33
240	2	1200	13
241	2	261	26
241	2	1252	33
241	2	1774	13
242	2	261	26
242	2	1148	33
242	2	1565	13
243	2	261	26
243	2	678	33
243	2	1200	13
244	2	261	26
244	2	730	33
244	2	1200	13
245	2	261	26
246	2	261	26
247	2	261	26
248	2	261	26
248	2	782	33
248	2	1200	13
249	2	261	26
249	2	730	33
249	2	1200	13
250	2	261	26
250	2	730	33
250	2	1200	13
251	2	261	26
251	2	1095	33
251	2	1826	13
252	2	261	26
253	2	261	26
254	2	261	26
255	2	261	26
256	2	261	26
256	2	1408	33
257	2	261	26
257	2	2087	33
258	2	261	26
258	2	730	33
258	2	1200	13
259	2	261	26
259	2	782	33
259	2	1200	13
260	2	261	26
260	2	834	33
260	2	1930	13
261	2	261	26
262	2	261	26
262	2	1356	33
263	2	261	26
264	2	261	26
264	2	939	33
264	2	2295	13
265	2	261	26
265	2	887	33
266	2	261	26
266	2	1200	33
266	2	1982	13
267	2	261	26
267	2	782	33
267	2	1982	13
268	2	261	26
268	2	1565	33
269	2	261	26
269	2	887	33
269	2	1356	13
270	2	261	26
271	2	261	26
271	2	1148	33
271	2	1617	13
272	2	261	26
272	2	834	33
272	2	1200	13
273	2	261	26
274	2	261	26
275	2	261	26
276	2	261	26
277	2	261	26
278	2	261	26
279	2	261	26
280	2	261	26
280	2	2191	33
281	2	261	26
282	2	261	26
283	2	261	26
283	2	2243	33
284	2	261	26
284	2	730	33
284	2	1200	13
285	2	261	26
285	2	1722	33
286	2	261	26
286	2	782	33
286	2	1200	13
287	2	261	26
288	2	261	26
288	2	887	33
288	2	1826	13
289	2	261	26
290	2	261	26
291	2	261	26
292	2	261	26
293	2	261	26
293	2	678	33
293	2	1200	13
294	2	261	26
294	2	834	33
295	2	261	26
296	2	261	26
296	2	834	33
296	2	1304	13
297	2	261	26
298	2	261	26
298	2	1565	33
299	2	261	26
299	2	782	33
300	2	261	26
301	2	261	26
301	2	730	33
301	2	1200	13
302	2	261	26
302	2	1043	33
302	2	1669	13
303	2	261	26
303	2	730	33
303	2	1200	13
304	2	261	26
304	2	782	33
304	2	1200	13
305	2	261	26
306	2	261	26
306	2	730	33
306	2	1200	13
307	2	261	26
308	2	261	26
309	2	261	26
309	2	730	33
309	2	1200	13
310	2	261	26
310	2	991	33
310	2	1356	13
311	2	261	26
312	2	261	26
313	2	261	26
314	2	261	26
315	2	261	26
315	2	1252	33
315	2	1669	13
316	2	261	26
317	2	261	26
318	2	261	26
319	2	261	26
320	2	261	26
321	2	261	26
321	2	730	33
321	2	1252	13
322	2	261	26
322	2	887	33
322	2	2243	13
323	2	261	26
324	2	261	26
325	2	261	26
326	2	261	26
326	2	730	33
326	2	1200	13
327	2	261	26
327	2	1617	33
328	2	261	26
329	2	261	26
330	2	261	26
330	2	1304	33
330	2	1669	13
331	2	261	26
331	2	782	33
331	2	1722	13
332	2	261	26
332	2	1043	33
332	2	1513	13
333	2	261	26
333	2	782	33
333	2	1200	13
334	2	261	26
335	2	261	26
335	2	730	33
335	2	1200	13
336	2	261	26
336	2	887	33
336	2	1617	13
337	2	261	26
338	2	261	26
339	2	261	26
339	2	834	33
339	2	2191	13
340	2	261	26
341	2	261	26
341	2	1982	33
342	2	261	26
342	2	782	33
342	2	1200	13
343	2	261	26
343	2	678	33
343	2	1200	13
344	2	261	26
345	2	261	26
345	2	1043	33
345	2	1461	13
346	2	261	26
346	2	991	33
346	2	1356	13
347	2	261	26
347	2	1304	33
348	2	261	26
348	2	887	33
348	2	1461	13
349	2	261	26
349	2	834	33
349	2	1200	13
350	2	261	26
351	2	261	26
352	2	261	26
352	2	1252	33
352	2	1669	13
353	2	261	26
353	2	834	33
353	2	1461	13
354	2	261	26
354	2	782	33
354	2	1200	13
355	2	261	26
355	2	939	33
356	2	261	26
356	2	1722	33
357	2	261	26
357	2	1252	33
358	2	261	26
358	2	1669	33
359	2	261	26
360	2	261	26
361	2	261	26
361	2	1148	33
361	2	1774	13
362	2	261	26
363	2	261	26
364	2	261	26
364	2	782	33
365	2	261	26
366	2	261	26
366	2	1461	33
367	2	261	26
367	2	939	33
368	2	261	26
368	2	730	33
368	2	1200	13
369	2	261	26
369	2	939	33
369	2	1356	13
370	2	261	26
371	2	261	26
371	2	834	33
371	2	1617	13
372	2	261	26
372	2	1565	33
373	2	261	26
374	2	261	26
375	2	261	26
376	2	261	26
376	2	1461	33
377	2	261	26
378	2	261	26
379	2	261	26
379	2	1252	33
379	2	1722	13
380	2	261	26
381	2	261	26
381	2	2035	33
382	2	261	26
382	2	834	33
382	2	2243	13
383	2	261	26
384	2	261	26
384	2	939	33
384	2	1722	13
385	2	261	26
385	2	1826	33
386	2	261	26
386	2	2087	33
387	2	261	26
387	2	939	33
387	2	1356	13
388	2	261	26
389	2	261	26
389	2	782	33
389	2	1513	13
390	2	261	26
390	2	678	33
390	2	1200	13
391	2	261	26
391	2	887	33
391	2	1408	13
392	2	261	26
393	2	261	26
393	2	730	33
393	2	1200	13
394	2	261	26
394	2	1617	33
395	2	261	26
396	2	261	26
396	2	730	33
396	2	1200	13
397	2	261	26
397	2	2139	33
398	2	261	26
399	2	261	26
399	2	730	33
399	2	1200	13
400	2	261	26
400	2	1148	33
401	2	261	26
402	2	261	26
402	2	1148	33
402	2	1617	13
403	2	261	26
404	2	261	26
404	2	2243	33
405	2	261	26
406	2	261	26
406	2	939	33
406	2	1408	13
407	2	261	26
407	2	1722	33
408	2	261	26
409	2	261	26
410	2	261	26
411	2	261	26
411	2	782	33
411	2	1200	13
412	2	261	26
412	2	782	33
412	2	1200	13
413	2	261	26
413	2	730	33
413	2	1200	13
414	2	261	26
414	2	1095	33
414	2	1565	13
415	2	261	26
415	2	887	33
415	2	1461	13
416	2	261	26
417	2	261	26
417	2	939	33
417	2	1930	13
418	2	261	26
418	2	991	33
418	2	1408	13
419	2	261	26
419	2	939	33
419	2	1356	13
420	2	261	26
420	2	1669	33
421	2	261	26
422	2	261	26
423	2	261	26
423	2	1513	33
424	2	261	26
424	2	834	33
424	2	1200	13
425	2	261	26
425	2	1565	33
426	2	261	26
426	2	1565	33
427	2	261	26
428	2	261	26
428	2	782	33
429	2	261	26
429	2	1200	33
429	2	1617	13
430	2	261	26
430	2	887	33
430	2	1565	13
431	2	261	26
431	2	730	33
431	2	1200	13
432	2	261	26
432	2	939	33
432	2	1304	13
433	2	261	26
433	2	1304	33
433	2	1826	13
434	2	261	26
434	2	834	33
434	2	1200	13
435	2	261	26
435	2	730	33
435	2	1200	13
436	2	261	26
436	2	782	33
436	2	1200	13
437	2	261	26
437	2	834	33
437	2	1982	13
438	2	261	26
438	2	1252	33
438	2	1774	13
439	2	261	26
440	2	261	26
440	2	1722	33
441	2	261	26
442	2	261	26
442	2	1513	33
443	2	261	26
444	2	261	26
445	2	261	26
445	2	782	33
445	2	1200	13
446	2	261	26
447	2	261	26
448	2	261	26
449	2	261	26
450	2	261	26
451	2	261	26
451	2	1304	33
451	2	1774	13
452	2	261	26
452	2	939	33
453	2	261	26
453	2	782	33
453	2	1200	13
454	2	261	26
455	2	261	26
455	2	1722	33
456	2	261	26
457	2	261	26
457	2	1513	33
458	2	261	26
459	2	261	26
460	2	261	26
460	2	782	33
460	2	2035	13
461	2	261	26
461	2	782	33
461	2	1200	13
462	2	261	26
462	2	1304	33
463	2	261	26
463	2	1043	33
463	2	1356	13
464	2	261	26
464	2	1617	33
465	2	261	26
465	2	834	33
465	2	1878	13
466	2	261	26
466	2	782	33
466	2	1200	13
467	2	261	26
467	2	782	33
467	2	1200	13
468	2	261	26
468	2	782	33
468	2	1304	13
469	2	261	26
469	2	678	33
469	2	1200	13
470	2	261	26
471	2	261	26
472	2	261	26
472	2	887	33
472	2	1722	13
473	2	261	26
473	2	1408	33
474	2	261	26
474	2	887	33
474	2	1200	13
475	2	261	26
476	2	261	26
477	2	261	26
478	2	261	26
479	2	261	26
480	2	261	26
481	2	261	26
481	2	991	33
481	2	1356	13
482	2	261	26
482	2	1461	33
483	2	261	26
484	2	261	26
485	2	261	26
486	2	261	26
487	2	261	26
487	2	782	33
487	2	1461	13
488	2	261	26
489	2	261	26
489	2	730	33
489	2	1200	13
490	2	261	26
490	2	1408	33
490	2	1774	13
491	2	261	26
491	2	1461	33
492	2	261	26
492	2	1565	33
493	2	261	26
494	2	261	26
494	2	887	33
495	2	261	26
495	2	1356	33
496	2	261	26
496	2	1252	33
496	2	1826	13
497	2	261	26
497	2	782	33
497	2	2295	13
498	2	261	26
498	2	1252	33
499	2	261	26
499	2	2087	33
500	2	261	26
500	2	782	33
500	2	1200	13
501	2	261	26
502	2	261	26
502	2	1565	33
503	2	261	26
503	2	730	33
503	2	1200	13
504	2	261	26
505	2	261	26
506	2	261	26
507	2	261	26
508	2	261	26
508	2	782	33
508	2	1200	13
509	2	261	26
510	2	261	26
511	2	261	26
512	2	261	26
512	2	1461	33
513	2	261	26
513	2	1617	33
514	2	261	26
514	2	939	33
514	2	1722	13
515	2	261	26
515	2	730	33
515	2	1200	13
516	2	261	26
517	2	261	26
518	2	261	26
518	2	1617	33
519	2	261	26
519	2	887	33
519	2	1304	13
520	2	261	26
520	2	2035	33
521	2	261	26
521	2	782	33
521	2	1200	13
522	2	261	26
522	2	1252	33
522	2	1617	13
523	2	261	26
523	2	834	33
523	2	1356	13
524	2	261	26
525	2	261	26
525	2	1043	33
525	2	1356	13
526	2	261	26
527	2	261	26
527	2	730	33
527	2	1200	13
528	2	261	26
528	2	730	33
528	2	1200	13
529	2	261	26
529	2	782	33
529	2	1200	13
530	2	261	26
531	2	261	26
531	2	1617	33
532	2	261	26
532	2	1669	33
533	2	261	26
534	2	261	26
534	2	782	33
534	2	1200	13
535	2	261	26
536	2	261	26
537	2	261	26
537	2	1200	33
537	2	1669	13
538	2	261	26
538	2	730	33
538	2	1200	13
539	2	261	26
539	2	730	33
539	2	1200	13
540	2	261	26
541	2	261	26
541	2	887	33
541	2	1982	13
542	2	261	26
543	2	261	26
543	2	1722	33
544	2	261	26
544	2	1043	33
544	2	1408	13
545	2	261	26
546	2	261	26
547	2	261	26
547	2	1095	33
547	2	1513	13
548	2	261	26
549	2	261	26
550	2	261	26
550	2	730	33
550	2	1200	13
551	2	261	26
551	2	782	33
551	2	1200	13
552	2	261	26
553	2	261	26
553	2	1513	33
554	2	261	26
554	2	730	33
554	2	1200	13
555	2	261	26
555	2	782	33
555	2	1200	13
556	2	261	26
556	2	1356	33
557	2	261	26
558	2	261	26
558	2	834	33
559	2	261	26
559	2	1565	33
560	2	261	26
561	2	261	26
562	2	261	26
562	2	1617	33
563	2	261	26
563	2	1252	33
563	2	1669	13
564	2	261	26
565	2	261	26
565	2	834	33
565	2	1200	13
566	2	261	26
566	2	887	33
566	2	1722	13
567	2	261	26
567	2	1930	33
568	2	261	26
568	2	782	33
568	2	1200	13
569	2	261	26
569	2	1617	33
570	2	261	26
571	2	261	26
571	2	782	33
571	2	1200	13
572	2	261	26
573	2	261	26
574	2	261	26
575	2	261	26
575	2	730	33
575	2	1200	13
576	2	261	26
577	2	261	26
577	2	730	33
577	2	1200	13
578	2	261	26
579	2	261	26
580	2	261	26
581	2	261	26
581	2	1669	33
582	2	261	26
582	2	1722	33
583	2	261	26
583	2	730	33
583	2	1200	13
584	2	261	26
584	2	834	33
584	2	2295	13
585	2	261	26
585	2	730	33
585	2	1200	13
586	2	261	26
586	2	1252	33
586	2	1617	13
587	2	261	26
587	2	730	33
587	2	1200	13
588	2	261	26
588	2	1043	33
588	2	1669	13
589	2	261	26
589	2	1043	33
589	2	1513	13
590	2	261	26
590	2	887	33
590	2	1461	13
591	2	261	26
592	2	261	26
593	2	261	26
594	2	261	26
594	2	1930	33
595	2	261	26
595	2	834	33
595	2	1200	13
596	2	261	26
596	2	1304	33
596	2	1774	13
597	2	261	26
598	2	261	26
598	2	678	33
598	2	1200	13
599	2	261	26
599	2	730	33
599	2	1200	13
600	2	261	26
601	2	261	26
601	2	991	33
602	2	261	26
603	2	261	26
604	2	261	26
604	2	1565	33
605	2	261	26
606	2	261	26
606	2	1304	33
606	2	2035	13
607	2	261	26
607	2	834	33
607	2	1200	13
608	2	261	26
608	2	939	33
608	2	1461	13
609	2	261	26
610	2	261	26
611	2	261	26
611	2	1669	33
612	2	261	26
612	2	1878	33
613	2	261	26
614	2	261	26
615	2	261	26
616	2	261	26
616	2	1669	33
617	2	261	26
618	2	261	26
619	2	261	26
620	2	261	26
620	2	834	33
621	2	261	26
621	2	1461	33
622	2	261	26
622	2	730	33
622	2	1252	13
623	2	261	26
624	2	261	26
624	2	887	33
625	2	261	26
625	2	1722	33
626	2	261	26
626	2	939	33
626	2	1408	13
627	2	261	26
627	2	1148	33
627	2	1617	13
628	2	261	26
628	2	1356	33
629	2	261	26
630	2	261	26
630	2	1669	33
631	2	261	26
631	2	1252	33
631	2	1669	13
632	2	261	26
632	2	678	33
632	2	1200	13
633	2	261	26
634	2	261	26
635	2	261	26
636	2	261	26
637	2	261	26
638	2	261	26
639	2	261	26
639	2	887	33
639	2	1252	13
640	2	261	26
641	2	261	26
642	2	261	26
643	2	261	26
644	2	261	26
644	2	1878	33
645	2	261	26
645	2	1356	33
646	2	261	26
646	2	834	33
646	2	1200	13
647	2	261	26
648	2	261	26
648	2	1513	33
649	2	261	26
649	2	887	33
649	2	1565	13
650	2	261	26
651	2	261	26
652	2	261	26
652	2	1252	33
652	2	1774	13
653	2	261	26
653	2	1252	33
653	2	1722	13
654	2	261	26
655	2	261	26
655	2	1513	33
656	2	261	26
656	2	1304	33
657	2	261	26
657	2	939	33
658	2	261	26
658	2	939	33
658	2	1356	13
659	2	261	26
660	2	261	26
661	2	261	26
661	2	834	33
661	2	1356	13
662	2	261	26
662	2	1356	33
663	2	261	26
664	2	261	26
664	2	887	33
664	2	1304	13
665	2	261	26
665	2	834	33
665	2	1200	13
666	2	261	26
666	2	730	33
666	2	1200	13
667	2	261	26
667	2	887	33
668	2	261	26
668	2	1982	33
669	2	261	26
669	2	1565	33
670	2	261	26
670	2	1669	33
671	2	261	26
672	2	261	26
673	2	261	26
673	2	1722	33
674	2	261	26
674	2	1356	33
675	2	261	26
675	2	1565	33
676	2	261	26
676	2	834	33
676	2	1200	13
677	2	261	26
677	2	1408	33
678	2	261	26
678	2	887	33
678	2	1774	13
679	2	261	26
680	2	261	26
680	2	1513	33
681	2	261	26
682	2	261	26
682	2	1200	33
683	2	261	26
684	2	261	26
684	2	1513	33
685	2	261	26
686	2	261	26
686	2	939	33
687	2	261	26
688	2	261	26
689	2	261	26
690	2	261	26
691	2	261	26
691	2	939	33
691	2	1252	13
692	2	261	26
692	2	1095	33
692	2	1461	13
693	2	261	26
693	2	1200	33
693	2	1617	13
694	2	261	26
694	2	1148	33
694	2	1617	13
695	2	261	26
695	2	730	33
695	2	1200	13
696	2	261	26
697	2	261	26
697	2	887	33
697	2	1408	13
698	2	261	26
699	2	261	26
699	2	1408	33
700	2	261	26
701	2	261	26
701	2	1461	33
702	2	261	26
703	2	261	26
703	2	834	33
703	2	1252	13
704	2	261	26
705	2	261	26
705	2	1982	33
706	2	261	26
706	2	782	33
706	2	1356	13
707	2	261	26
707	2	939	33
708	2	261	26
708	2	1669	33
709	2	261	26
709	2	991	33
709	2	1461	13
710	2	261	26
710	2	887	33
710	2	1356	13
711	2	261	26
711	2	1722	33
712	2	261	26
712	2	1617	33
713	2	261	26
714	2	261	26
714	2	782	33
714	2	1200	13
715	2	261	26
715	2	1669	33
716	2	261	26
716	2	678	33
716	2	1200	13
717	2	261	26
717	2	1565	33
718	2	261	26
718	2	887	33
718	2	1304	13
719	2	261	26
720	2	261	26
721	2	261	26
721	2	1304	33
721	2	1774	13
722	2	261	26
722	2	730	33
722	2	1200	13
723	2	261	26
724	2	261	26
725	2	261	26
725	2	1043	33
725	2	1461	13
726	2	261	26
726	2	1252	33
726	2	1617	13
727	2	261	26
728	2	261	26
729	2	261	26
729	2	939	33
730	2	261	26
730	2	1461	33
731	2	261	26
731	2	730	33
731	2	1200	13
732	2	261	26
732	2	1461	33
733	2	261	26
733	2	887	33
733	2	1356	13
734	2	261	26
734	2	782	33
734	2	1200	13
735	2	261	26
736	2	261	26
737	2	261	26
737	2	887	33
737	2	1356	13
738	2	261	26
738	2	939	33
738	2	1408	13
739	2	261	26
740	2	261	26
741	2	261	26
741	2	1356	33
742	2	261	26
742	2	730	33
742	2	1200	13
743	2	261	26
743	2	834	33
743	2	1252	13
744	2	261	26
744	2	2087	33
745	2	261	26
746	2	261	26
747	2	261	26
747	2	1669	33
748	2	261	26
749	2	261	26
750	2	261	26
751	2	261	26
752	2	261	26
752	2	1513	33
753	2	261	26
753	2	834	33
753	2	1200	13
754	2	261	26
754	2	834	33
754	2	1200	13
755	2	261	26
755	2	782	33
755	2	1356	13
756	2	261	26
756	2	834	33
756	2	1200	13
757	2	261	26
758	2	261	26
758	2	730	33
758	2	1200	13
759	2	261	26
760	2	261	26
761	2	261	26
761	2	1930	33
762	2	261	26
762	2	1200	33
762	2	1826	13
763	2	261	26
763	2	2295	33
764	2	261	26
765	2	261	26
765	2	782	33
765	2	1565	13
766	2	261	26
766	2	939	33
767	2	261	26
768	2	261	26
769	2	261	26
770	2	261	26
771	2	261	26
772	2	261	26
773	2	261	26
774	2	261	26
774	2	782	33
774	2	1200	13
775	2	261	26
776	2	261	26
776	2	730	33
776	2	1200	13
777	2	261	26
778	2	261	26
778	2	939	33
779	2	261	26
780	2	261	26
781	2	261	26
781	2	1095	33
781	2	1565	13
782	2	261	26
782	2	2035	33
783	2	261	26
784	2	261	26
784	2	834	33
784	2	1513	13
785	2	261	26
786	2	261	26
787	2	261	26
788	2	261	26
788	2	939	33
788	2	1617	13
789	2	261	26
789	2	1617	33
790	2	261	26
790	2	1774	33
791	2	261	26
792	2	261	26
793	2	261	26
793	2	730	33
793	2	1200	13
794	2	261	26
794	2	782	33
794	2	2035	13
795	2	261	26
796	2	261	26
797	2	261	26
797	2	782	33
798	2	261	26
799	2	261	26
800	2	261	26
801	2	261	26
802	2	261	26
802	2	1095	33
802	2	1669	13
803	2	261	26
803	2	1095	33
803	2	1565	13
804	2	261	26
804	2	1513	33
805	2	261	26
806	2	261	26
807	2	261	26
807	2	730	33
807	2	1200	13
808	2	261	26
809	2	261	26
810	2	261	26
810	2	730	33
810	2	1200	13
811	2	261	26
811	2	730	33
811	2	1304	13
812	2	261	26
812	2	834	33
812	2	1304	13
813	2	261	26
813	2	1565	33
814	2	261	26
815	2	261	26
815	2	782	33
816	2	261	26
817	2	261	26
818	2	261	26
818	2	1252	33
818	2	1982	13
819	2	261	26
820	2	261	26
821	2	261	26
822	2	261	26
822	2	730	33
822	2	1200	13
823	2	261	26
823	2	730	33
823	2	1200	13
824	2	261	26
824	2	1565	33
825	2	261	26
825	2	1617	33
826	2	261	26
826	2	1565	33
827	2	261	26
828	2	261	26
829	2	261	26
830	2	261	26
831	2	261	26
831	2	939	33
831	2	1356	13
832	2	261	26
832	2	834	33
832	2	1200	13
833	2	261	26
834	2	261	26
834	2	834	33
834	2	1304	13
835	2	261	26
835	2	1722	33
836	2	261	26
837	2	261	26
838	2	261	26
838	2	834	33
838	2	1200	13
839	2	261	26
840	2	261	26
840	2	678	33
840	2	1200	13
841	2	261	26
841	2	939	33
842	2	261	26
842	2	1408	33
843	2	261	26
843	2	782	33
843	2	1200	13
844	2	261	26
845	2	261	26
846	2	261	26
847	2	261	26
847	2	2243	33
848	2	261	26
848	2	678	33
848	2	1200	13
849	2	261	26
850	2	261	26
850	2	887	33
850	2	1252	13
851	2	261	26
852	2	261	26
853	2	261	26
854	2	261	26
854	2	1565	33
855	2	261	26
856	2	261	26
856	2	2087	33
857	2	261	26
858	2	261	26
858	2	1356	33
859	2	261	26
860	2	261	26
861	2	261	26
861	2	887	33
862	2	261	26
863	2	261	26
863	2	887	33
863	2	1252	13
864	2	261	26
864	2	782	33
864	2	1200	13
865	2	261	26
865	2	834	33
865	2	1565	13
866	2	261	26
866	2	782	33
866	2	1200	13
867	2	261	26
868	2	261	26
868	2	939	33
868	2	1774	13
869	2	261	26
869	2	1513	33
870	2	261	26
871	2	261	26
871	2	2295	33
872	2	261	26
873	2	261	26
873	2	782	33
873	2	1200	13
874	2	261	26
875	2	261	26
875	2	939	33
875	2	1669	13
876	2	261	26
876	2	887	33
877	2	261	26
877	2	782	33
877	2	1200	13
878	2	261	26
879	2	261	26
879	2	1878	33
880	2	261	26
880	2	730	33
880	2	1200	13
881	2	261	26
882	2	261	26
883	2	261	26
884	2	261	26
884	2	887	33
885	2	261	26
885	2	834	33
885	2	1200	13
886	2	261	26
887	2	261	26
887	2	1304	33
888	2	261	26
889	2	261	26
890	2	261	26
891	2	261	26
891	2	887	33
891	2	2139	13
892	2	261	26
893	2	261	26
893	2	2243	33
894	2	261	26
894	2	1356	33
895	2	261	26
895	2	1722	33
896	2	261	26
896	2	887	33
897	2	261	26
897	2	887	33
897	2	1356	13
898	2	261	26
898	2	887	33
898	2	1252	13
899	2	261	26
899	2	834	33
899	2	1200	13
900	2	261	26
900	2	2191	33
901	2	261	26
901	2	730	33
901	2	1200	13
902	2	261	26
902	2	1356	33
902	2	2191	13
903	2	261	26
903	2	887	33
903	2	1408	13
904	2	261	26
905	2	261	26
906	2	261	26
906	2	834	33
907	2	261	26
908	2	261	26
908	2	834	33
908	2	1304	13
909	2	261	26
910	2	261	26
911	2	261	26
912	2	261	26
912	2	939	33
913	2	261	26
914	2	261	26
914	2	1356	33
915	2	261	26
916	2	261	26
916	2	887	33
916	2	1304	13
917	2	261	26
917	2	2243	33
918	2	261	26
919	2	261	26
920	2	261	26
921	2	261	26
922	2	261	26
922	2	1878	33
923	2	261	26
924	2	261	26
924	2	887	33
924	2	1252	13
925	2	261	26
925	2	834	33
926	2	261	26
926	2	1043	33
926	2	1513	13
927	2	261	26
927	2	1565	33
928	2	261	26
929	2	261	26
929	2	939	33
929	2	1513	13
930	2	261	26
931	2	261	26
931	2	782	33
931	2	1200	13
932	2	261	26
932	2	2191	33
933	2	261	26
934	2	261	26
935	2	261	26
935	2	887	33
935	2	1669	13
936	2	261	26
937	2	261	26
938	2	261	26
938	2	1722	33
939	2	261	26
940	2	261	26
940	2	1148	33
940	2	1565	13
941	2	261	26
941	2	782	33
941	2	1200	13
942	2	261	26
942	2	782	33
942	2	1200	13
943	2	261	26
944	2	261	26
944	2	1669	33
945	2	261	26
946	2	261	26
946	2	1565	33
947	2	261	26
947	2	834	33
947	2	1200	13
948	2	261	26
948	2	782	33
948	2	1200	13
949	2	261	26
949	2	730	33
949	2	1200	13
950	2	261	26
950	2	730	33
950	2	1200	13
951	2	261	26
952	2	261	26
953	2	261	26
953	2	834	33
953	2	1252	13
954	2	261	26
954	2	730	33
954	2	1200	13
955	2	261	26
956	2	261	26
957	2	261	26
958	2	261	26
959	2	261	26
960	2	261	26
960	2	1356	33
961	2	261	26
961	2	1200	33
961	2	1774	13
962	2	261	26
963	2	261	26
963	2	887	33
964	2	261	26
964	2	887	33
964	2	1252	13
965	2	261	26
965	2	1617	33
966	2	261	26
966	2	834	33
966	2	1617	13
967	2	261	26
968	2	261	26
968	2	1565	33
969	2	261	26
969	2	1304	33
969	2	2295	13
970	2	261	26
971	2	261	26
971	2	887	33
971	2	1356	13
972	2	261	26
972	2	782	33
972	2	1200	13
973	2	261	26
974	2	261	26
975	2	261	26
976	2	261	26
976	2	1148	33
976	2	1565	13
977	2	261	26
978	2	261	26
978	2	834	33
978	2	1252	13
979	2	261	26
980	2	261	26
981	2	261	26
981	2	1408	33
982	2	261	26
982	2	1304	33
983	2	261	26
983	2	782	33
983	2	1356	13
984	2	261	26
984	2	1617	33
985	2	261	26
985	2	1669	33
986	2	261	26
987	2	261	26
988	2	261	26
988	2	1408	33
989	2	261	26
989	2	782	33
989	2	2139	13
990	2	261	26
991	2	261	26
992	2	261	26
993	2	261	26
994	2	261	26
995	2	261	26
995	2	730	33
995	2	1200	13
996	2	261	26
997	2	261	26
998	2	261	26
998	2	1043	33
998	2	1408	13
999	2	261	26
0	3	939	20
0	3	1356	29
1	3	887	20
1	3	1408	29
3	3	1722	20
3	3	2191	29
4	3	1148	20
4	3	1617	12
4	3	1722	29
4	3	2035	9
4	3	2295	30
6	3	1982	29
6	3	2243	20
7	3	1565	20
7	3	2035	29
8	3	1304	20
8	3	1722	12
8	3	1774	29
8	3	2191	9
10	3	939	20
10	3	1461	29
14	3	939	20
14	3	1513	29
15	3	1461	20
15	3	1617	29
16	3	1356	20
16	3	1669	29
17	3	939	20
17	3	1513	29
18	3	1461	20
18	3	1774	29
20	3	1461	20
20	3	1774	29
21	3	887	20
21	3	1513	29
23	3	1200	20
23	3	1565	29
24	3	1095	20
24	3	1513	29
26	3	1669	20
26	3	1982	29
27	3	1356	20
27	3	1617	29
28	3	1356	20
28	3	1774	12
28	3	1930	29
30	3	2295	29
32	3	1722	20
32	3	2139	29
33	3	2295	29
34	3	1617	20
34	3	1982	29
35	3	1252	20
35	3	1669	29
36	3	1148	20
36	3	1774	29
38	3	2191	29
39	3	1565	20
39	3	1774	29
40	3	887	20
40	3	1461	29
40	3	1774	12
40	3	2087	9
41	3	1565	20
41	3	1878	29
42	3	1461	20
42	3	1878	29
43	3	1200	20
43	3	1565	29
45	3	1408	20
45	3	1878	29
46	3	2191	29
49	3	1200	20
49	3	1774	29
53	3	1148	20
53	3	1669	29
53	3	2035	12
57	3	991	20
57	3	1565	29
57	3	1878	9
58	3	1200	20
58	3	1669	29
59	3	1148	20
59	3	1669	29
61	3	2035	29
62	3	1200	20
62	3	1669	29
62	3	2191	12
63	3	1408	20
63	3	1878	29
65	3	2087	29
66	3	2295	29
67	3	1408	20
67	3	1826	29
69	3	1565	20
69	3	2035	29
71	3	2035	29
75	3	1095	20
75	3	1565	29
79	3	2139	29
80	3	1774	29
84	3	2295	20
87	3	991	20
87	3	1513	29
87	3	1826	12
87	3	2139	9
88	3	1461	20
88	3	1826	29
89	3	1669	20
89	3	2035	29
92	3	939	20
92	3	1461	29
96	3	1774	20
96	3	2139	29
102	3	1826	20
102	3	2035	29
104	3	1356	20
104	3	1722	29
106	3	1356	20
106	3	1774	12
106	3	1878	29
106	3	2191	9
107	3	887	20
107	3	1565	29
107	3	1930	12
107	3	2243	9
108	3	1565	20
108	3	1617	29
110	3	1095	20
110	3	1617	29
113	3	939	20
113	3	1565	29
119	3	2243	29
122	3	991	20
122	3	1565	29
122	3	2191	12
124	3	1148	20
124	3	1565	29
125	3	1252	20
125	3	1669	29
126	3	1095	20
126	3	1461	29
126	3	1774	12
127	3	1043	20
127	3	1513	29
128	3	939	20
128	3	1408	29
128	3	1774	12
131	3	1356	20
131	3	1774	29
131	3	2191	12
132	3	1513	29
132	3	2139	20
133	3	1930	29
134	3	2035	20
134	3	2139	29
135	3	1200	20
135	3	1722	29
136	3	887	20
136	3	1356	29
136	3	1669	9
136	3	1930	30
137	3	1617	20
137	3	1669	29
138	3	939	20
138	3	1461	29
138	3	1774	12
138	3	2087	9
139	3	1095	20
139	3	1513	12
139	3	1565	29
139	3	1878	9
139	3	2139	30
141	3	1043	20
141	3	1513	12
141	3	1565	29
141	3	1878	9
145	3	2139	29
146	3	1461	20
146	3	1878	29
147	3	1513	20
147	3	1878	29
149	3	1043	20
149	3	1565	29
150	3	1408	20
150	3	1565	29
152	3	1356	20
152	3	1722	29
152	3	2243	12
154	3	1095	20
154	3	1617	29
155	3	991	20
155	3	1461	29
155	3	2139	12
156	3	1043	20
156	3	1513	29
156	3	2243	12
158	3	1356	20
158	3	1826	29
159	3	887	20
159	3	1408	29
159	3	1826	12
159	3	2139	9
160	3	1513	20
160	3	1878	29
162	3	1617	20
162	3	1982	29
164	3	1722	29
165	3	1252	20
165	3	1669	29
169	3	939	20
169	3	1565	29
170	3	887	20
170	3	1565	29
170	3	1878	9
172	3	1669	20
172	3	2035	29
174	3	1774	20
174	3	2035	29
175	3	1461	20
175	3	1826	29
175	3	2295	12
176	3	2191	29
179	3	1356	20
179	3	1774	29
181	3	1461	29
183	3	1356	20
183	3	1617	29
185	3	1200	20
185	3	1722	29
187	3	1565	20
187	3	1982	29
189	3	1461	20
189	3	1982	29
189	3	2295	12
190	3	2295	20
191	3	1513	29
192	3	1304	20
192	3	1826	29
193	3	1513	20
193	3	1982	29
196	3	939	20
196	3	1461	12
196	3	1513	29
196	3	1826	9
196	3	2087	30
198	3	1408	20
198	3	1878	29
199	3	1043	20
199	3	1565	29
199	3	1930	12
199	3	2243	9
200	3	2191	29
202	3	1669	20
202	3	2035	29
203	3	1982	29
204	3	1200	20
204	3	1669	29
205	3	2295	29
206	3	887	20
206	3	1356	12
206	3	1408	29
206	3	1722	9
206	3	1982	30
207	3	1304	20
207	3	1565	29
208	3	1408	20
208	3	1617	29
210	3	1513	20
210	3	1774	29
212	3	1982	20
212	3	2295	29
215	3	2295	29
217	3	2087	29
218	3	1461	20
218	3	1930	29
221	3	1565	20
221	3	1930	29
224	3	1878	20
224	3	2191	29
225	3	939	20
225	3	1513	29
225	3	1826	12
225	3	2139	9
226	3	1252	20
226	3	1669	29
228	3	1043	20
228	3	1617	29
228	3	1930	9
229	3	1461	20
229	3	1982	29
230	3	939	20
230	3	1513	29
231	3	939	20
231	3	1461	29
232	3	1148	20
232	3	1617	29
233	3	2295	29
240	3	1148	20
240	3	1617	29
240	3	2139	12
241	3	1408	20
241	3	1826	29
242	3	1408	20
242	3	1826	29
243	3	887	20
243	3	1461	29
243	3	1774	12
243	3	2087	9
244	3	1148	20
244	3	1408	29
245	3	2295	29
248	3	939	20
248	3	1565	29
249	3	887	20
249	3	1513	29
250	3	991	20
250	3	1565	29
250	3	1878	12
250	3	2191	9
251	3	1878	29
251	3	2139	20
256	3	1565	20
256	3	1982	29
257	3	2191	29
258	3	887	20
258	3	1565	29
259	3	1461	20
259	3	1878	29
260	3	1982	29
260	3	2243	20
262	3	1461	20
262	3	1878	29
264	3	2191	29
266	3	1617	20
266	3	1930	29
267	3	939	20
267	3	1565	29
268	3	1982	29
269	3	1148	20
269	3	1565	29
271	3	1408	20
271	3	1878	29
272	3	1095	20
272	3	1565	29
272	3	1878	12
272	3	2191	9
283	3	2087	29
284	3	939	20
284	3	1408	12
284	3	1513	29
284	3	1826	9
285	3	1617	20
285	3	2035	29
286	3	1095	20
286	3	1669	29
286	3	1982	12
286	3	2295	9
288	3	2035	29
293	3	887	20
293	3	1408	29
293	3	1722	12
293	3	2035	9
294	3	1565	29
296	3	1148	20
296	3	1722	29
298	3	1669	20
298	3	2035	29
299	3	1565	29
301	3	939	20
301	3	1461	29
302	3	1461	20
302	3	1930	29
303	3	939	20
303	3	1356	29
303	3	1669	12
303	3	1982	9
303	3	2295	30
304	3	991	20
304	3	1565	29
306	3	939	20
306	3	1513	29
306	3	1826	12
309	3	939	20
309	3	1408	29
309	3	1722	12
309	3	2035	9
309	3	2295	30
310	3	1200	20
310	3	1722	29
310	3	2139	9
315	3	1461	20
315	3	1878	29
321	3	1513	29
322	3	2087	29
326	3	939	20
326	3	1513	29
327	3	1982	29
327	3	2243	20
330	3	1408	20
330	3	1930	29
331	3	939	20
331	3	1565	29
332	3	1356	20
332	3	1408	29
333	3	1252	20
333	3	1565	29
335	3	939	20
335	3	1461	29
336	3	1461	20
336	3	1826	29
339	3	2139	29
340	3	2139	29
341	3	2035	20
341	3	2139	29
342	3	1095	20
342	3	1617	29
343	3	834	20
343	3	1461	29
345	3	1408	20
345	3	1774	29
346	3	1200	20
346	3	1669	29
346	3	2139	12
347	3	1722	20
347	3	1982	29
348	3	1356	20
348	3	1774	29
349	3	1095	20
349	3	1617	29
349	3	1930	12
352	3	1461	20
352	3	1878	29
353	3	1513	20
353	3	1669	29
354	3	939	20
354	3	1461	12
354	3	1513	29
354	3	1826	9
356	3	2139	29
357	3	2035	29
358	3	2087	29
361	3	1461	20
361	3	1930	29
364	3	1565	29
366	3	1617	20
366	3	1930	29
367	3	2295	29
368	3	887	20
368	3	1408	29
368	3	1722	9
368	3	1982	30
369	3	1200	20
369	3	1722	29
369	3	2191	9
371	3	1461	20
371	3	1617	29
372	3	1722	20
372	3	2087	29
377	3	2243	20
379	3	1408	20
379	3	1930	29
382	3	2191	29
384	3	1565	20
384	3	1930	29
387	3	1148	20
387	3	1617	12
387	3	1774	29
387	3	2087	9
389	3	1565	29
390	3	887	20
390	3	1513	29
391	3	1356	20
391	3	1669	29
393	3	939	20
393	3	1461	29
396	3	939	20
396	3	1356	12
396	3	1461	29
396	3	1774	9
397	3	2087	29
399	3	1095	20
399	3	1565	29
400	3	1669	20
400	3	1930	29
402	3	1408	20
402	3	1878	29
406	3	1356	20
406	3	1617	29
407	3	2139	29
411	3	991	20
411	3	1513	12
411	3	1565	29
411	3	1878	9
412	3	939	20
412	3	1408	12
412	3	1565	29
412	3	1878	9
412	3	2139	30
413	3	887	20
413	3	1408	12
413	3	1513	29
413	3	1826	9
413	3	2087	30
414	3	1408	20
414	3	1826	29
415	3	1148	20
415	3	1722	29
417	3	1669	20
417	3	1930	29
418	3	1200	20
418	3	1617	12
418	3	1722	29
418	3	2035	9
419	3	1148	20
419	3	1669	29
420	3	2087	29
423	3	1565	20
423	3	2035	29
424	3	1043	20
424	3	1565	29
424	3	1878	9
424	3	2139	30
426	3	1982	29
426	3	2243	20
428	3	1565	29
429	3	1408	20
429	3	1878	29
430	3	1565	20
430	3	1617	29
431	3	887	20
431	3	1513	29
432	3	1252	20
432	3	1722	29
433	3	2035	29
433	3	2295	20
434	3	1095	20
434	3	1565	12
434	3	1617	29
434	3	1930	9
434	3	2191	30
435	3	1148	20
435	3	1565	29
436	3	1043	20
436	3	1513	29
437	3	1565	29
437	3	1878	20
438	3	1408	20
438	3	1826	29
442	3	1878	20
442	3	2139	29
445	3	1095	20
445	3	1461	29
451	3	1461	20
451	3	1878	29
453	3	939	20
453	3	1461	12
453	3	1565	29
453	3	1878	9
455	3	2035	29
455	3	2295	20
460	3	1513	29
460	3	2295	20
461	3	1095	20
461	3	1617	29
462	3	2035	29
463	3	1252	20
463	3	1722	29
463	3	2087	12
464	3	1722	20
464	3	1982	29
465	3	1565	29
466	3	1095	20
466	3	1565	29
467	3	1565	29
467	3	1930	20
468	3	1043	20
468	3	1565	29
469	3	887	20
469	3	1461	29
469	3	1774	12
469	3	2087	9
472	3	1669	29
472	3	2139	20
473	3	1774	20
473	3	1878	29
474	3	1148	20
474	3	1722	29
481	3	1200	20
481	3	1565	12
481	3	1617	29
481	3	1930	9
486	3	2295	29
487	3	939	20
487	3	1565	29
489	3	887	20
489	3	1356	29
489	3	1669	12
490	3	1461	20
490	3	1878	29
490	3	2191	12
491	3	2139	29
492	3	1617	20
492	3	1930	29
494	3	1826	29
495	3	1461	20
495	3	1930	29
496	3	1408	20
496	3	1826	29
496	3	2191	12
497	3	1722	29
498	3	2191	29
500	3	991	20
500	3	1408	29
500	3	1722	12
500	3	2035	9
502	3	2139	29
503	3	887	20
503	3	1356	12
503	3	1461	29
503	3	1774	9
503	3	2035	30
508	3	1095	20
508	3	1461	29
508	3	2087	12
512	3	1565	20
512	3	1930	29
513	3	2087	29
514	3	1722	20
514	3	1878	29
515	3	887	20
515	3	1513	29
515	3	1826	12
515	3	2139	9
518	3	2035	29
519	3	1252	20
519	3	1669	29
521	3	1095	20
521	3	1461	29
522	3	1461	20
522	3	1930	29
523	3	1356	20
523	3	1565	29
525	3	1252	20
525	3	1617	12
525	3	1722	29
525	3	2035	9
527	3	887	20
527	3	1513	29
528	3	887	20
528	3	1461	29
529	3	939	20
529	3	1461	12
529	3	1565	29
529	3	1878	9
530	3	2191	29
531	3	1722	20
531	3	1982	29
534	3	939	20
534	3	1461	29
534	3	1774	12
534	3	2087	9
537	3	1513	20
537	3	1826	29
538	3	1043	20
538	3	1408	29
539	3	939	20
539	3	1461	29
541	3	1669	29
541	3	2035	20
543	3	1722	20
543	3	2035	29
544	3	1200	20
544	3	1669	29
544	3	2035	9
547	3	1356	20
547	3	1826	29
547	3	2191	9
550	3	991	20
550	3	1461	12
550	3	1513	29
550	3	1826	9
551	3	1043	20
551	3	1513	12
551	3	1617	29
551	3	1930	9
553	3	2139	29
554	3	887	20
554	3	1356	29
555	3	939	20
555	3	1408	12
555	3	1513	29
555	3	1826	9
555	3	2087	30
556	3	1461	20
556	3	1878	29
558	3	1878	29
559	3	1774	20
559	3	2139	29
562	3	1722	20
562	3	2087	29
563	3	1408	20
563	3	1826	29
565	3	1095	20
565	3	1617	29
565	3	1930	9
565	3	2191	30
566	3	1461	20
566	3	1774	29
568	3	1095	20
568	3	1617	29
569	3	2035	29
571	3	1304	20
571	3	1565	29
575	3	887	20
575	3	1461	29
575	3	1774	12
575	3	2087	9
577	3	887	20
577	3	1565	29
581	3	1722	20
581	3	2087	29
582	3	2191	29
583	3	887	20
583	3	1408	12
583	3	1513	29
583	3	1826	9
584	3	1565	29
585	3	887	20
585	3	1356	12
585	3	1408	29
585	3	1722	9
585	3	1982	30
586	3	1356	20
586	3	1878	29
587	3	834	20
587	3	1408	12
587	3	1461	29
587	3	1774	9
588	3	1565	20
588	3	1774	29
589	3	1356	20
589	3	1722	29
590	3	1408	20
590	3	1669	29
594	3	2295	29
595	3	1095	20
595	3	1565	12
595	3	1617	29
595	3	1930	9
596	3	1565	20
596	3	1930	29
598	3	887	20
598	3	1513	29
599	3	887	20
599	3	1513	29
601	3	1982	29
604	3	1722	20
604	3	1982	29
606	3	1408	20
606	3	1878	29
607	3	1252	20
607	3	1669	29
608	3	1304	20
608	3	1722	29
611	3	2243	29
612	3	2139	29
616	3	2139	29
620	3	1669	29
621	3	1565	20
621	3	1982	29
622	3	939	20
622	3	1461	29
624	3	2087	29
625	3	1722	20
625	3	1982	29
626	3	1356	20
626	3	1826	29
627	3	1513	20
627	3	1826	29
628	3	1565	20
628	3	1930	29
630	3	2191	29
631	3	1408	20
631	3	1930	29
631	3	2295	12
632	3	834	20
632	3	1461	29
639	3	1200	20
639	3	1617	29
639	3	2087	9
645	3	1513	20
645	3	1930	29
646	3	1043	20
646	3	1565	29
646	3	1878	12
648	3	2087	29
649	3	1408	20
649	3	1669	29
652	3	1565	20
652	3	1878	29
653	3	1617	20
653	3	1930	29
655	3	1774	20
655	3	2035	29
656	3	1669	20
656	3	1930	29
658	3	1148	20
658	3	1669	29
658	3	1982	12
658	3	2295	9
659	3	2087	29
661	3	1356	20
661	3	1669	29
662	3	1461	20
662	3	1930	29
664	3	1148	20
664	3	1722	29
664	3	2035	12
665	3	1408	20
665	3	1617	29
666	3	1043	20
666	3	1565	29
667	3	1722	29
668	3	1826	20
668	3	2191	29
669	3	2087	29
670	3	1878	20
670	3	2139	29
674	3	1513	20
674	3	1930	29
675	3	1722	20
675	3	1982	29
676	3	1095	20
676	3	1669	29
676	3	2139	9
677	3	1408	20
677	3	1930	29
678	3	1461	20
678	3	1722	29
680	3	1669	20
680	3	1930	29
682	3	2035	29
682	3	2295	20
684	3	1722	20
684	3	1982	29
686	3	2191	29
691	3	1252	20
691	3	1774	29
691	3	2087	9
692	3	1252	20
692	3	1722	29
692	3	2295	9
693	3	1408	20
693	3	1878	29
694	3	1461	20
694	3	1826	29
695	3	887	20
695	3	1513	29
697	3	1252	20
697	3	1669	29
699	3	2035	29
701	3	1878	20
701	3	1982	29
703	3	1148	20
703	3	1565	29
705	3	1930	20
705	3	2243	29
706	3	991	20
706	3	1565	29
707	3	2035	29
708	3	1722	20
708	3	2087	29
709	3	1356	20
709	3	1774	29
710	3	1200	20
710	3	1774	29
711	3	2087	29
714	3	939	20
714	3	1513	29
715	3	2243	29
716	3	939	20
716	3	1408	29
716	3	1774	12
717	3	1617	20
717	3	1982	29
718	3	1148	20
718	3	1669	29
718	3	1982	12
718	3	2295	9
721	3	1617	20
721	3	1982	29
722	3	991	20
722	3	1461	29
722	3	1774	9
725	3	1408	20
725	3	1826	29
726	3	1356	20
726	3	1878	29
730	3	2035	29
731	3	887	20
731	3	2191	29
733	3	1200	20
733	3	1669	29
734	3	1200	20
734	3	1565	29
737	3	1356	20
737	3	1774	29
738	3	1304	20
738	3	1722	29
738	3	2035	9
738	3	2295	30
739	3	2139	29
741	3	2087	29
742	3	887	20
742	3	1513	29
742	3	1826	12
742	3	2139	9
743	3	1356	20
743	3	1513	29
744	3	1774	20
744	3	2139	29
752	3	1565	20
752	3	1982	29
753	3	991	20
753	3	1513	29
753	3	1826	12
753	3	2139	9
754	3	1148	20
754	3	1565	29
755	3	939	20
755	3	1513	29
756	3	1043	20
756	3	1565	12
756	3	1617	29
756	3	1930	9
758	3	887	20
758	3	1408	29
761	3	2087	20
761	3	2243	29
762	3	1565	20
762	3	1930	29
763	3	2191	29
765	3	1565	29
765	3	2087	20
767	3	2243	29
774	3	1095	20
774	3	1565	29
776	3	887	20
776	3	1461	29
776	3	1774	12
776	3	2087	9
778	3	2035	29
781	3	1461	20
781	3	1826	29
784	3	1304	20
784	3	1669	29
788	3	1513	20
788	3	1930	29
789	3	1722	20
789	3	2035	29
790	3	2295	29
793	3	939	20
793	3	1565	29
794	3	939	20
794	3	1461	29
797	3	1513	29
798	3	2035	20
802	3	1513	20
802	3	1826	29
803	3	1200	20
803	3	1774	29
803	3	2243	12
804	3	1826	20
804	3	2295	29
807	3	939	20
807	3	1461	29
807	3	1774	9
810	3	939	20
810	3	1565	29
811	3	1461	29
811	3	1930	20
812	3	1148	20
812	3	1669	29
812	3	2087	12
813	3	2243	29
815	3	1617	29
816	3	2243	29
818	3	1565	20
818	3	1930	29
821	3	2295	29
822	3	939	20
822	3	1461	29
823	3	887	20
823	3	1513	29
823	3	1826	12
823	3	2139	9
824	3	2035	29
824	3	2295	20
825	3	1565	20
825	3	1982	29
826	3	1722	20
826	3	2035	29
831	3	1200	20
831	3	1617	12
831	3	1722	29
831	3	2035	9
831	3	2295	30
832	3	1148	20
832	3	1617	12
832	3	1669	29
832	3	1982	9
832	3	2243	30
834	3	1200	20
834	3	1669	29
834	3	1982	12
834	3	2295	9
838	3	1148	20
838	3	1617	29
840	3	834	20
840	3	1304	12
840	3	1461	29
840	3	1774	9
842	3	1722	20
842	3	1982	29
843	3	991	20
843	3	1461	12
843	3	1565	29
843	3	1878	9
843	3	2139	30
847	3	2191	29
848	3	887	20
848	3	1513	29
848	3	1826	12
850	3	1095	20
850	3	1565	12
850	3	1669	29
850	3	1982	9
853	3	2295	20
854	3	1565	20
854	3	1982	29
858	3	1461	20
858	3	1878	29
863	3	1148	20
863	3	1669	29
864	3	1043	20
864	3	1513	29
864	3	1826	12
864	3	2139	9
865	3	1461	20
865	3	1617	29
866	3	939	20
866	3	1513	29
868	3	1826	29
869	3	1565	20
869	3	1930	29
870	3	2295	29
871	3	2139	29
873	3	1043	20
873	3	1513	29
875	3	1565	20
875	3	1878	29
876	3	1565	29
877	3	991	20
877	3	1513	29
877	3	1826	9
878	3	2035	20
880	3	939	20
880	3	1461	29
884	3	2087	29
885	3	1043	20
885	3	1513	29
885	3	1826	9
887	3	2087	29
890	3	2243	29
891	3	1774	29
894	3	2295	29
896	3	1565	29
897	3	1304	20
897	3	1669	29
898	3	1148	20
898	3	1722	29
899	3	1148	20
899	3	1565	29
901	3	939	20
901	3	1513	29
902	3	1461	20
902	3	1930	29
903	3	1304	20
903	3	1617	29
906	3	2191	29
908	3	1356	20
908	3	1513	29
910	3	2243	29
914	3	1513	20
914	3	1930	29
916	3	1200	20
916	3	1722	29
922	3	2139	20
924	3	1200	20
924	3	1722	29
925	3	1617	29
926	3	1408	20
926	3	1774	29
926	3	2295	12
927	3	1669	20
927	3	1982	29
929	3	1356	20
929	3	1878	29
931	3	991	20
931	3	1461	29
931	3	1774	9
932	3	2035	20
932	3	2191	29
933	3	2191	29
935	3	1513	20
935	3	1826	29
938	3	1930	20
938	3	2191	29
940	3	1408	20
940	3	1826	29
941	3	1043	20
941	3	1513	29
941	3	1826	12
941	3	2139	9
942	3	939	20
942	3	1565	29
942	3	2191	12
944	3	2295	29
946	3	2191	29
947	3	1043	20
947	3	1461	29
947	3	1774	12
947	3	2087	9
948	3	1200	20
948	3	1513	29
949	3	887	20
949	3	1408	12
949	3	1461	29
949	3	1774	9
950	3	991	20
950	3	1513	29
953	3	1095	20
953	3	1617	29
954	3	939	20
954	3	1565	29
960	3	1461	20
960	3	1982	29
961	3	1565	20
961	3	1878	29
964	3	1148	20
964	3	1617	12
964	3	1669	29
964	3	2087	9
965	3	2035	29
966	3	1461	20
966	3	1513	29
968	3	2243	29
969	3	1461	20
969	3	1878	29
971	3	1408	20
971	3	1774	29
972	3	887	20
972	3	1461	29
972	3	1774	9
972	3	2139	30
976	3	1356	20
976	3	1826	29
978	3	1200	20
978	3	1617	29
979	3	2295	29
981	3	1565	20
981	3	1930	29
983	3	1513	29
984	3	2139	29
985	3	1722	20
985	3	2139	29
989	3	1565	29
989	3	2295	20
995	3	887	20
995	3	1513	29
998	3	1200	20
998	3	1722	12
998	3	1774	29
998	3	2087	9
0	4	730	27
0	4	1043	28
0	4	1356	29
1	4	782	27
1	4	1095	28
1	4	1408	29
3	4	1565	27
3	4	1878	28
3	4	2191	29
4	4	1095	27
4	4	1408	28
4	4	1722	29
4	4	2295	30
5	4	1930	27
5	4	2243	28
6	4	1356	27
6	4	1669	28
6	4	1982	29
7	4	1408	27
7	4	1722	28
7	4	2035	29
8	4	1148	27
8	4	1461	28
8	4	1774	29
10	4	834	27
10	4	1148	28
10	4	1461	29
13	4	2243	27
14	4	887	27
14	4	1200	28
14	4	1513	29
15	4	991	27
15	4	1304	28
15	4	1617	29
16	4	1043	27
16	4	1356	28
16	4	1669	29
17	4	887	27
17	4	1200	28
17	4	1513	29
18	4	1148	27
18	4	1461	28
18	4	1774	29
19	4	2139	27
20	4	1148	27
20	4	1461	28
20	4	1774	29
21	4	887	27
21	4	1200	28
21	4	1513	29
22	4	1513	27
22	4	2087	28
23	4	939	27
23	4	1252	28
23	4	1565	29
24	4	887	27
24	4	1200	28
24	4	1513	29
25	4	2087	27
26	4	1356	27
26	4	1669	28
26	4	1982	29
27	4	991	27
27	4	1304	28
27	4	1617	29
28	4	1304	27
28	4	1617	28
28	4	1930	29
29	4	1826	27
29	4	2191	28
30	4	1617	27
30	4	1982	28
30	4	2295	29
31	4	1826	27
31	4	2139	28
32	4	1513	27
32	4	1826	28
32	4	2139	29
33	4	1565	27
33	4	1982	28
33	4	2295	29
34	4	1356	27
34	4	1669	28
34	4	1982	29
35	4	1043	27
35	4	1356	28
35	4	1669	29
36	4	1148	27
36	4	1461	28
36	4	1774	29
37	4	1982	27
37	4	2295	28
38	4	1565	27
38	4	1878	28
38	4	2191	29
39	4	1148	27
39	4	1461	28
39	4	1774	29
40	4	834	27
40	4	1148	28
40	4	1461	29
41	4	1252	27
41	4	1565	28
41	4	1878	29
42	4	1252	27
42	4	1565	28
42	4	1878	29
43	4	939	27
43	4	1252	28
43	4	1565	29
45	4	1252	27
45	4	1565	28
45	4	1878	29
46	4	1565	27
46	4	1878	28
46	4	2191	29
47	4	1461	27
49	4	1148	27
49	4	1461	28
49	4	1774	29
51	4	2035	27
53	4	1043	27
53	4	1356	28
53	4	1669	29
55	4	1878	27
56	4	2139	27
57	4	939	27
57	4	1252	28
57	4	1565	29
58	4	1148	27
58	4	1461	28
58	4	1669	29
59	4	1043	27
59	4	1356	28
59	4	1669	29
61	4	1408	27
61	4	1722	28
61	4	2035	29
62	4	1148	27
62	4	1461	28
62	4	1669	29
63	4	1252	27
63	4	1565	28
63	4	1878	29
64	4	2243	27
65	4	1408	27
65	4	1774	28
65	4	2087	29
66	4	1513	27
66	4	1982	28
66	4	2295	29
67	4	1200	27
67	4	1513	28
67	4	1826	29
69	4	1408	27
69	4	1722	28
69	4	2035	29
71	4	1408	27
71	4	1722	28
71	4	2035	29
74	4	1982	27
75	4	939	27
75	4	1252	28
75	4	1565	29
76	4	2139	27
77	4	2295	27
79	4	1461	27
79	4	1826	28
79	4	2139	29
80	4	1148	27
80	4	1461	28
80	4	1774	29
81	4	1826	27
81	4	2139	28
82	4	1826	27
82	4	2139	28
83	4	1722	27
83	4	2295	28
84	4	1826	27
84	4	2139	28
86	4	1826	27
86	4	2295	28
87	4	887	27
87	4	1200	28
87	4	1513	29
88	4	1200	27
88	4	1513	28
88	4	1826	29
89	4	1408	27
89	4	1722	28
89	4	2035	29
90	4	1878	27
92	4	834	27
92	4	1148	28
92	4	1461	29
93	4	2087	27
95	4	1930	27
95	4	2243	28
96	4	1513	27
96	4	1826	28
96	4	2139	29
97	4	2139	27
98	4	2087	27
99	4	1878	27
99	4	2191	28
101	4	1356	27
102	4	1304	27
102	4	1722	28
102	4	2035	29
103	4	1774	27
104	4	1095	27
104	4	1408	28
104	4	1722	29
106	4	1252	27
106	4	1565	28
106	4	1878	29
107	4	939	27
107	4	1252	28
107	4	1565	29
108	4	991	27
108	4	1304	28
108	4	1617	29
109	4	1878	27
109	4	2295	28
110	4	991	27
110	4	1304	28
110	4	1617	29
111	4	1878	27
111	4	2191	28
112	4	1722	27
112	4	2295	28
113	4	939	27
113	4	1252	28
113	4	1565	29
114	4	1982	27
114	4	2295	28
116	4	1878	27
116	4	2191	28
117	4	1826	27
117	4	2191	28
118	4	1513	27
118	4	2035	28
119	4	1565	27
119	4	1930	28
119	4	2243	29
120	4	1617	27
120	4	2191	28
122	4	939	27
122	4	1252	28
122	4	1565	29
124	4	939	27
124	4	1252	28
124	4	1565	29
125	4	1148	27
125	4	1461	28
125	4	1669	29
126	4	834	27
126	4	1148	28
126	4	1461	29
127	4	991	27
127	4	1304	28
127	4	1513	29
128	4	782	27
128	4	1095	28
128	4	1408	29
129	4	1774	27
131	4	1148	27
131	4	1461	28
131	4	1774	29
132	4	887	27
132	4	1200	28
132	4	1513	29
133	4	1304	27
133	4	1617	28
133	4	1930	29
134	4	1565	27
134	4	1930	28
134	4	2139	29
135	4	1095	27
135	4	1408	28
135	4	1722	29
136	4	834	27
136	4	1148	28
136	4	1356	29
136	4	1930	30
137	4	1304	27
137	4	1617	28
137	4	1669	29
138	4	834	27
138	4	1148	28
138	4	1461	29
139	4	939	27
139	4	1252	28
139	4	1565	29
139	4	2139	30
141	4	939	27
141	4	1252	28
141	4	1565	29
142	4	1878	27
142	4	2191	28
143	4	1617	27
143	4	2035	28
145	4	1513	27
145	4	1826	28
145	4	2139	29
146	4	1252	27
146	4	1565	28
146	4	1878	29
147	4	1252	27
147	4	1565	28
147	4	1878	29
149	4	939	27
149	4	1252	28
149	4	1565	29
150	4	939	27
150	4	1252	28
150	4	1565	29
151	4	1826	27
151	4	2139	28
152	4	1148	27
152	4	1461	28
152	4	1722	29
153	4	1722	27
153	4	2295	28
154	4	991	27
154	4	1304	28
154	4	1617	29
155	4	834	27
155	4	1148	28
155	4	1461	29
156	4	887	27
156	4	1200	28
156	4	1513	29
158	4	1200	27
158	4	1513	28
158	4	1826	29
159	4	782	27
159	4	1095	28
159	4	1408	29
160	4	1200	27
160	4	1565	28
160	4	1878	29
162	4	1356	27
162	4	1669	28
162	4	1982	29
163	4	1982	27
164	4	1095	27
164	4	1408	28
164	4	1722	29
165	4	1043	27
165	4	1356	28
165	4	1669	29
166	4	2295	27
167	4	1930	27
167	4	2243	28
169	4	939	27
169	4	1252	28
169	4	1565	29
170	4	939	27
170	4	1252	28
170	4	1565	29
171	4	2139	27
172	4	1408	27
172	4	1722	28
172	4	2035	29
173	4	1878	27
173	4	2295	28
174	4	1408	27
174	4	1722	28
174	4	2035	29
175	4	1200	27
175	4	1513	28
175	4	1826	29
176	4	1565	27
176	4	1878	28
176	4	2191	29
179	4	1148	27
179	4	1461	28
179	4	1774	29
181	4	834	27
181	4	1148	28
181	4	1461	29
183	4	991	27
183	4	1304	28
183	4	1617	29
185	4	1095	27
185	4	1408	28
185	4	1722	29
187	4	1356	27
187	4	1669	28
187	4	1982	29
188	4	2035	27
189	4	1356	27
189	4	1669	28
189	4	1982	29
190	4	1617	27
190	4	2243	28
191	4	887	27
191	4	1200	28
191	4	1513	29
192	4	1200	27
192	4	1513	28
192	4	1826	29
193	4	1252	27
193	4	1669	28
193	4	1982	29
196	4	939	27
196	4	1252	28
196	4	1513	29
196	4	2087	30
198	4	1252	27
198	4	1565	28
198	4	1878	29
199	4	939	27
199	4	1252	28
199	4	1565	29
200	4	1565	27
200	4	1878	28
200	4	2191	29
201	4	2191	27
202	4	1408	27
202	4	1722	28
202	4	2035	29
203	4	1356	27
203	4	1669	28
203	4	1982	29
204	4	1043	27
204	4	1356	28
204	4	1669	29
205	4	1669	27
205	4	1982	28
205	4	2295	29
206	4	782	27
206	4	1095	28
206	4	1408	29
206	4	1982	30
207	4	939	27
207	4	1252	28
207	4	1565	29
208	4	991	27
208	4	1304	28
208	4	1617	29
210	4	1148	27
210	4	1461	28
210	4	1774	29
212	4	1669	27
212	4	1982	28
212	4	2295	29
213	4	2191	27
215	4	1513	27
215	4	1982	28
215	4	2295	29
217	4	1356	27
217	4	1774	28
217	4	2087	29
218	4	1304	27
218	4	1617	28
218	4	1930	29
221	4	1252	27
221	4	1617	28
221	4	1930	29
222	4	2243	27
224	4	1565	27
224	4	1878	28
224	4	2191	29
225	4	887	27
225	4	1200	28
225	4	1513	29
226	4	1043	27
226	4	1356	28
226	4	1669	29
227	4	1826	27
227	4	2191	28
228	4	991	27
228	4	1304	28
228	4	1617	29
229	4	1356	27
229	4	1669	28
229	4	1982	29
230	4	887	27
230	4	1200	28
230	4	1513	29
231	4	834	27
231	4	1148	28
231	4	1461	29
232	4	991	27
232	4	1304	28
232	4	1617	29
233	4	1669	27
233	4	1982	28
233	4	2295	29
235	4	2035	27
236	4	2035	27
239	4	1930	27
240	4	991	27
240	4	1304	28
240	4	1617	29
241	4	1200	27
241	4	1513	28
241	4	1826	29
242	4	1200	27
242	4	1513	28
242	4	1826	29
243	4	834	27
243	4	1148	28
243	4	1461	29
244	4	782	27
244	4	1095	28
244	4	1408	29
245	4	1669	27
245	4	1982	28
245	4	2295	29
248	4	939	27
248	4	1252	28
248	4	1565	29
249	4	887	27
249	4	1200	28
249	4	1513	29
250	4	939	27
250	4	1252	28
250	4	1565	29
251	4	1252	27
251	4	1565	28
251	4	1878	29
253	4	1930	27
253	4	2243	28
255	4	1722	27
256	4	1304	27
256	4	1669	28
256	4	1982	29
257	4	1565	27
257	4	1878	28
257	4	2191	29
258	4	939	27
258	4	1252	28
258	4	1565	29
259	4	782	27
259	4	1565	28
259	4	1878	29
260	4	1356	27
260	4	1669	28
260	4	1982	29
262	4	1252	27
262	4	1565	28
262	4	1878	29
264	4	1565	27
264	4	1878	28
264	4	2191	29
265	4	1982	27
265	4	2295	28
266	4	1200	27
266	4	1617	28
266	4	1930	29
267	4	939	27
267	4	1252	28
267	4	1565	29
268	4	1356	27
268	4	1669	28
268	4	1982	29
269	4	939	27
269	4	1252	28
269	4	1565	29
270	4	2035	27
271	4	1252	27
271	4	1565	28
271	4	1878	29
272	4	939	27
272	4	1252	28
272	4	1565	29
274	4	1722	27
277	4	2139	27
278	4	2243	27
279	4	1826	27
280	4	1826	27
280	4	2139	28
282	4	2295	27
283	4	1461	27
283	4	1774	28
283	4	2087	29
284	4	887	27
284	4	1200	28
284	4	1513	29
285	4	1408	27
285	4	1722	28
285	4	2035	29
286	4	1043	27
286	4	1356	28
286	4	1669	29
287	4	1774	27
288	4	1408	27
288	4	1722	28
288	4	2035	29
292	4	1982	27
292	4	2295	28
293	4	782	27
293	4	1095	28
293	4	1408	29
294	4	939	27
294	4	1252	28
294	4	1565	29
295	4	1826	27
295	4	2139	28
296	4	1095	27
296	4	1408	28
296	4	1722	29
298	4	1356	27
298	4	1722	28
298	4	2035	29
299	4	939	27
299	4	1252	28
299	4	1565	29
300	4	1982	27
300	4	2295	28
301	4	834	27
301	4	1148	28
301	4	1461	29
302	4	1304	27
302	4	1617	28
302	4	1930	29
303	4	834	27
303	4	1148	28
303	4	1356	29
303	4	2295	30
304	4	939	27
304	4	1252	28
304	4	1565	29
306	4	887	27
306	4	1200	28
306	4	1513	29
307	4	2139	27
308	4	2087	27
309	4	782	27
309	4	1095	28
309	4	1408	29
309	4	2295	30
310	4	1095	27
310	4	1408	28
310	4	1722	29
312	4	1826	27
312	4	2139	28
314	4	2087	27
315	4	1252	27
315	4	1565	28
315	4	1878	29
317	4	1513	27
319	4	2295	27
320	4	1669	27
321	4	887	27
321	4	1200	28
321	4	1513	29
322	4	1461	27
322	4	1774	28
322	4	2087	29
323	4	2243	27
324	4	1878	27
325	4	1722	27
325	4	2243	28
326	4	887	27
326	4	1200	28
326	4	1513	29
327	4	1356	27
327	4	1669	28
327	4	1982	29
328	4	1826	27
328	4	2295	28
329	4	2243	27
330	4	1304	27
330	4	1617	28
330	4	1930	29
331	4	939	27
331	4	1252	28
331	4	1565	29
332	4	1200	27
332	4	1408	29
333	4	939	27
333	4	1252	28
333	4	1565	29
334	4	1878	27
335	4	834	27
335	4	1148	28
335	4	1461	29
336	4	1200	27
336	4	1513	28
336	4	1826	29
337	4	2035	27
338	4	2243	27
339	4	1513	27
339	4	1826	28
339	4	2139	29
340	4	1513	27
340	4	1826	28
340	4	2139	29
341	4	1513	27
341	4	1826	28
341	4	2139	29
342	4	991	27
342	4	1304	28
342	4	1617	29
343	4	834	27
343	4	1148	28
343	4	1461	29
345	4	1148	27
345	4	1461	28
345	4	1774	29
346	4	1043	27
346	4	1356	28
346	4	1669	29
347	4	1356	27
347	4	1669	28
347	4	1982	29
348	4	1148	27
348	4	1461	28
348	4	1774	29
349	4	991	27
349	4	1304	28
349	4	1617	29
352	4	1252	27
352	4	1565	28
352	4	1878	29
353	4	1043	27
353	4	1356	28
353	4	1669	29
354	4	887	27
354	4	1200	28
354	4	1513	29
356	4	1513	27
356	4	1826	28
356	4	2139	29
357	4	1408	27
357	4	1722	28
357	4	2035	29
358	4	1461	27
358	4	1774	28
358	4	2087	29
360	4	1982	27
360	4	2295	28
361	4	1304	27
361	4	1617	28
361	4	1930	29
364	4	939	27
364	4	1252	28
364	4	1565	29
366	4	1200	27
366	4	1617	28
366	4	1930	29
367	4	1669	27
367	4	1982	28
367	4	2295	29
368	4	782	27
368	4	1095	28
368	4	1408	29
368	4	1982	30
369	4	1095	27
369	4	1408	28
369	4	1722	29
371	4	991	27
371	4	1304	28
371	4	1617	29
372	4	1461	27
372	4	1774	28
372	4	2087	29
374	4	1878	27
374	4	2191	28
375	4	1722	27
376	4	1878	27
376	4	2191	28
377	4	1722	27
377	4	2035	28
378	4	1617	27
378	4	2139	28
379	4	1304	27
379	4	1617	28
379	4	1930	29
380	4	2191	27
381	4	1878	27
381	4	2191	28
382	4	1565	27
382	4	1878	28
382	4	2191	29
384	4	1304	27
384	4	1617	28
384	4	1930	29
385	4	1774	27
387	4	1148	27
387	4	1461	28
387	4	1774	29
389	4	939	27
389	4	1252	28
389	4	1565	29
390	4	887	27
390	4	1200	28
390	4	1513	29
391	4	1043	27
391	4	1356	28
391	4	1669	29
392	4	1930	27
392	4	2243	28
393	4	834	27
393	4	1148	28
393	4	1461	29
394	4	1722	27
394	4	2035	28
396	4	834	27
396	4	1148	28
396	4	1461	29
397	4	1461	27
397	4	1774	28
397	4	2087	29
399	4	939	27
399	4	1252	28
399	4	1565	29
400	4	1304	27
400	4	1617	28
400	4	1930	29
402	4	1252	27
402	4	1565	28
402	4	1878	29
404	4	1722	27
404	4	2035	28
405	4	1774	27
405	4	2191	28
406	4	991	27
406	4	1304	28
406	4	1617	29
407	4	1513	27
407	4	1826	28
407	4	2139	29
410	4	1930	27
410	4	2243	28
411	4	939	27
411	4	1252	28
411	4	1565	29
412	4	939	27
412	4	1252	28
412	4	1565	29
412	4	2139	30
413	4	887	27
413	4	1200	28
413	4	1513	29
413	4	2087	30
414	4	1200	27
414	4	1513	28
414	4	1826	29
415	4	1095	27
415	4	1408	28
415	4	1722	29
416	4	2087	27
417	4	1304	27
417	4	1617	28
417	4	1930	29
418	4	1095	27
418	4	1408	28
418	4	1722	29
419	4	1095	27
419	4	1408	28
419	4	1669	29
420	4	1356	27
420	4	1774	28
420	4	2087	29
421	4	2295	27
422	4	2295	27
423	4	1408	27
423	4	1722	28
423	4	2035	29
424	4	939	27
424	4	1252	28
424	4	1565	29
424	4	2139	30
425	4	1774	27
425	4	2087	28
426	4	1356	27
426	4	1669	28
426	4	1982	29
427	4	2295	27
428	4	939	27
428	4	1252	28
428	4	1565	29
429	4	1252	27
429	4	1565	28
429	4	1878	29
430	4	991	27
430	4	1304	28
430	4	1617	29
431	4	887	27
431	4	1200	28
431	4	1513	29
432	4	1095	27
432	4	1408	28
432	4	1722	29
433	4	1408	27
433	4	1722	28
433	4	2035	29
434	4	991	27
434	4	1304	28
434	4	1617	29
434	4	2191	30
435	4	939	27
435	4	1252	28
435	4	1565	29
436	4	887	27
436	4	1200	28
436	4	1513	29
437	4	939	27
437	4	1252	28
437	4	1565	29
438	4	1200	27
438	4	1513	28
438	4	1826	29
439	4	1930	27
440	4	1565	27
440	4	2035	28
442	4	1513	27
442	4	1826	28
442	4	2139	29
445	4	834	27
445	4	1148	28
445	4	1461	29
446	4	1982	27
446	4	2295	28
447	4	2139	27
451	4	1252	27
451	4	1565	28
451	4	1878	29
452	4	1826	27
452	4	2139	28
453	4	939	27
453	4	1252	28
453	4	1565	29
454	4	2295	27
455	4	1408	27
455	4	1722	28
455	4	2035	29
456	4	1669	27
456	4	2087	28
457	4	1513	27
459	4	2295	27
460	4	887	27
460	4	1200	28
460	4	1513	29
461	4	991	27
461	4	1304	28
461	4	1617	29
462	4	1408	27
462	4	1722	28
462	4	2035	29
463	4	1095	27
463	4	1408	28
463	4	1722	29
464	4	1356	27
464	4	1669	28
464	4	1982	29
465	4	939	27
465	4	1252	28
465	4	1565	29
466	4	939	27
466	4	1252	28
466	4	1565	29
467	4	939	27
467	4	1252	28
467	4	1565	29
468	4	939	27
468	4	1252	28
468	4	1565	29
469	4	834	27
469	4	1148	28
469	4	1461	29
471	4	1930	27
471	4	2243	28
472	4	1043	27
472	4	1356	28
472	4	1669	29
473	4	1356	27
473	4	1669	28
473	4	1878	29
474	4	1095	27
474	4	1408	28
474	4	1722	29
475	4	1930	27
475	4	2243	28
478	4	1982	27
481	4	991	27
481	4	1304	28
481	4	1617	29
482	4	1408	27
482	4	2191	28
485	4	1878	27
485	4	2295	28
486	4	1669	27
486	4	1982	28
486	4	2295	29
487	4	939	27
487	4	1252	28
487	4	1565	29
488	4	1669	27
489	4	730	27
489	4	1043	28
489	4	1356	29
490	4	1252	27
490	4	1565	28
490	4	1878	29
491	4	1513	27
491	4	1826	28
491	4	2139	29
492	4	1304	27
492	4	1617	28
492	4	1930	29
494	4	1200	27
494	4	1513	28
494	4	1826	29
495	4	1304	27
495	4	1617	28
495	4	1930	29
496	4	1200	27
496	4	1513	28
496	4	1826	29
497	4	1095	27
497	4	1408	28
497	4	1722	29
498	4	1565	27
498	4	1878	28
498	4	2191	29
499	4	1930	27
500	4	782	27
500	4	1095	28
500	4	1408	29
501	4	1878	27
501	4	2191	28
502	4	1513	27
502	4	1826	28
502	4	2139	29
503	4	834	27
503	4	1148	28
503	4	1461	29
503	4	2035	30
505	4	1930	27
505	4	2243	28
506	4	1565	27
508	4	834	27
508	4	1148	28
508	4	1461	29
510	4	2295	27
512	4	1304	27
512	4	1617	28
512	4	1930	29
513	4	1461	27
513	4	1774	28
513	4	2087	29
514	4	1252	27
514	4	1565	28
514	4	1878	29
515	4	887	27
515	4	1200	28
515	4	1513	29
516	4	1774	27
516	4	2139	28
517	4	1722	27
517	4	2035	28
518	4	1408	27
518	4	1722	28
518	4	2035	29
519	4	1043	27
519	4	1356	28
519	4	1669	29
520	4	1878	27
520	4	2191	28
521	4	834	27
521	4	1148	28
521	4	1461	29
522	4	1304	27
522	4	1617	28
522	4	1930	29
523	4	939	27
523	4	1252	28
523	4	1565	29
525	4	1095	27
525	4	1408	28
525	4	1722	29
526	4	2295	27
527	4	887	27
527	4	1200	28
527	4	1513	29
528	4	834	27
528	4	1148	28
528	4	1461	29
529	4	939	27
529	4	1252	28
529	4	1565	29
530	4	1565	27
530	4	1878	28
530	4	2191	29
531	4	1356	27
531	4	1669	28
531	4	1982	29
532	4	1617	27
534	4	834	27
534	4	1148	28
534	4	1461	29
536	4	2035	27
537	4	1200	27
537	4	1513	28
537	4	1826	29
538	4	782	27
538	4	1095	28
538	4	1408	29
539	4	834	27
539	4	1148	28
539	4	1461	29
541	4	1043	27
541	4	1356	28
541	4	1669	29
542	4	1513	27
543	4	1356	27
543	4	1722	28
543	4	2035	29
544	4	1043	27
544	4	1356	28
544	4	1669	29
546	4	1565	27
547	4	1200	27
547	4	1513	28
547	4	1826	29
549	4	1617	27
550	4	887	27
550	4	1200	28
550	4	1513	29
551	4	991	27
551	4	1304	28
551	4	1617	29
553	4	1513	27
553	4	1826	28
553	4	2139	29
554	4	730	27
554	4	1043	28
554	4	1356	29
555	4	887	27
555	4	1200	28
555	4	1513	29
555	4	2087	30
556	4	1252	27
556	4	1565	28
556	4	1878	29
558	4	1252	27
558	4	1565	28
558	4	1878	29
559	4	1513	27
559	4	1826	28
559	4	2139	29
561	4	1826	27
562	4	1461	27
562	4	1774	28
562	4	2087	29
563	4	1200	27
563	4	1513	28
563	4	1826	29
564	4	1982	27
564	4	2295	28
565	4	991	27
565	4	1304	28
565	4	1617	29
565	4	2191	30
566	4	1148	27
566	4	1461	28
566	4	1774	29
567	4	1617	27
568	4	991	27
568	4	1304	28
568	4	1617	29
569	4	1408	27
569	4	1722	28
569	4	2035	29
570	4	1565	27
571	4	939	27
571	4	1252	28
571	4	1565	29
572	4	2191	27
575	4	834	27
575	4	1148	28
575	4	1461	29
576	4	1669	27
576	4	2035	28
577	4	939	27
577	4	1252	28
577	4	1565	29
578	4	1774	27
578	4	2139	28
581	4	1461	27
581	4	1774	28
581	4	2087	29
582	4	1565	27
582	4	1878	28
582	4	2191	29
583	4	887	27
583	4	1200	28
583	4	1513	29
584	4	939	27
584	4	1252	28
584	4	1565	29
585	4	782	27
585	4	1095	28
585	4	1408	29
585	4	1982	30
586	4	1252	27
586	4	1565	28
586	4	1878	29
587	4	834	27
587	4	1148	28
587	4	1461	29
588	4	1148	27
588	4	1461	28
588	4	1774	29
589	4	1043	27
589	4	1408	28
589	4	1722	29
590	4	1043	27
590	4	1356	28
590	4	1669	29
591	4	2139	27
593	4	1982	27
594	4	1565	27
594	4	1982	28
594	4	2295	29
595	4	991	27
595	4	1304	28
595	4	1617	29
596	4	1304	27
596	4	1617	28
596	4	1930	29
597	4	2139	27
598	4	887	27
598	4	1200	28
598	4	1513	29
599	4	887	27
599	4	1200	28
599	4	1513	29
600	4	2191	27
601	4	1356	27
601	4	1669	28
601	4	1982	29
604	4	1356	27
604	4	1669	28
604	4	1982	29
605	4	1669	27
605	4	2191	28
606	4	1252	27
606	4	1565	28
606	4	1878	29
607	4	1043	27
607	4	1356	28
607	4	1669	29
608	4	1095	27
608	4	1408	28
608	4	1722	29
611	4	1617	27
611	4	1930	28
611	4	2243	29
612	4	1513	27
612	4	1826	28
612	4	2139	29
614	4	1565	27
614	4	2087	28
615	4	1669	27
615	4	2295	28
616	4	1513	27
616	4	1826	28
616	4	2139	29
619	4	1982	27
620	4	1043	27
620	4	1356	28
620	4	1669	29
621	4	1356	27
621	4	1669	28
621	4	1982	29
622	4	834	27
622	4	1148	28
622	4	1461	29
623	4	1826	27
624	4	1461	27
624	4	1774	28
624	4	2087	29
625	4	1356	27
625	4	1669	28
625	4	1982	29
626	4	1200	27
626	4	1513	28
626	4	1826	29
627	4	1200	27
627	4	1513	28
627	4	1826	29
628	4	1304	27
628	4	1617	28
628	4	1930	29
629	4	1982	27
629	4	2295	28
630	4	1461	27
630	4	1878	28
630	4	2191	29
631	4	1304	27
631	4	1617	28
631	4	1930	29
632	4	834	27
632	4	1148	28
632	4	1461	29
633	4	2295	27
634	4	1513	27
638	4	2295	27
639	4	991	27
639	4	1304	28
639	4	1617	29
642	4	1617	27
644	4	2035	27
645	4	1304	27
645	4	1617	28
645	4	1930	29
646	4	939	27
646	4	1252	28
646	4	1565	29
648	4	1461	27
648	4	1774	28
648	4	2087	29
649	4	1043	27
649	4	1356	28
649	4	1669	29
650	4	1930	27
650	4	2243	28
652	4	1252	27
652	4	1565	28
652	4	1878	29
653	4	1304	27
653	4	1617	28
653	4	1930	29
654	4	1982	27
655	4	1408	27
655	4	1722	28
655	4	2035	29
656	4	1148	27
656	4	1617	28
656	4	1930	29
658	4	1043	27
658	4	1356	28
658	4	1669	29
659	4	1461	27
659	4	1774	28
659	4	2087	29
661	4	1043	27
661	4	1356	28
661	4	1669	29
662	4	1304	27
662	4	1617	28
662	4	1930	29
663	4	1722	27
664	4	1095	27
664	4	1408	28
664	4	1722	29
665	4	991	27
665	4	1304	28
665	4	1617	29
666	4	939	27
666	4	1252	28
666	4	1565	29
667	4	1095	27
667	4	1408	28
667	4	1722	29
668	4	1513	27
668	4	1878	28
668	4	2191	29
669	4	1408	27
669	4	1774	28
669	4	2087	29
670	4	1513	27
670	4	1826	28
670	4	2139	29
672	4	1774	27
672	4	2139	28
673	4	1565	27
673	4	2087	28
674	4	1304	27
674	4	1617	28
674	4	1930	29
675	4	1356	27
675	4	1669	28
675	4	1982	29
676	4	1043	27
676	4	1356	28
676	4	1669	29
677	4	1304	27
677	4	1617	28
677	4	1930	29
678	4	1095	27
678	4	1408	28
678	4	1722	29
680	4	1304	27
680	4	1617	28
680	4	1930	29
682	4	1408	27
682	4	1722	28
682	4	2035	29
684	4	1356	27
684	4	1669	28
684	4	1982	29
685	4	2035	27
686	4	1565	27
686	4	1878	28
686	4	2191	29
687	4	2087	27
688	4	1722	27
688	4	2139	28
689	4	1669	27
689	4	2139	28
691	4	1148	27
691	4	1461	28
691	4	1774	29
692	4	1095	27
692	4	1408	28
692	4	1722	29
693	4	1252	27
693	4	1565	28
693	4	1878	29
694	4	1200	27
694	4	1513	28
694	4	1826	29
695	4	887	27
695	4	1200	28
695	4	1513	29
696	4	1826	27
697	4	1043	27
697	4	1356	28
697	4	1669	29
698	4	1930	27
698	4	2243	28
699	4	1408	27
699	4	1722	28
699	4	2035	29
700	4	2295	27
701	4	1356	27
701	4	1669	28
701	4	1982	29
703	4	939	27
703	4	1252	28
703	4	1565	29
705	4	1617	27
705	4	1930	28
705	4	2243	29
706	4	939	27
706	4	1252	28
706	4	1565	29
707	4	1408	27
707	4	1722	28
707	4	2035	29
708	4	1461	27
708	4	1774	28
708	4	2087	29
709	4	1148	27
709	4	1461	28
709	4	1774	29
710	4	1148	27
710	4	1461	28
710	4	1774	29
711	4	1408	27
711	4	1774	28
711	4	2087	29
712	4	1565	27
714	4	887	27
714	4	1200	28
714	4	1513	29
715	4	1513	27
715	4	1930	28
715	4	2243	29
716	4	782	27
716	4	1095	28
716	4	1408	29
717	4	1356	27
717	4	1669	28
717	4	1982	29
718	4	1043	27
718	4	1356	28
718	4	1669	29
721	4	1356	27
721	4	1669	28
721	4	1982	29
722	4	834	27
722	4	1148	28
722	4	1461	29
723	4	1826	27
724	4	2139	27
725	4	1200	27
725	4	1513	28
725	4	1826	29
726	4	1252	27
726	4	1565	28
726	4	1878	29
728	4	2139	27
729	4	1930	27
729	4	2243	28
730	4	1356	27
730	4	1722	28
730	4	2035	29
731	4	730	27
731	4	1878	28
731	4	2191	29
732	4	1461	27
732	4	2191	28
733	4	1043	27
733	4	1356	28
733	4	1669	29
734	4	939	27
734	4	1252	28
734	4	1565	29
735	4	2295	27
736	4	1669	27
737	4	1148	27
737	4	1461	28
737	4	1774	29
738	4	1095	27
738	4	1408	28
738	4	1722	29
738	4	2295	30
739	4	1513	27
739	4	1826	28
739	4	2139	29
741	4	1461	27
741	4	1774	28
741	4	2087	29
742	4	939	27
742	4	1252	28
742	4	1513	29
743	4	887	27
743	4	1200	28
743	4	1513	29
744	4	1513	27
744	4	1826	28
744	4	2139	29
745	4	2191	27
746	4	1669	27
747	4	1513	27
750	4	1982	27
750	4	2295	28
752	4	1356	27
752	4	1669	28
752	4	1982	29
753	4	887	27
753	4	1200	28
753	4	1513	29
754	4	939	27
754	4	1252	28
754	4	1565	29
755	4	887	27
755	4	1200	28
755	4	1513	29
756	4	991	27
756	4	1304	28
756	4	1617	29
757	4	2035	27
758	4	782	27
758	4	1095	28
758	4	1408	29
760	4	2087	27
761	4	1617	27
761	4	1930	28
761	4	2243	29
762	4	1304	27
762	4	1617	28
762	4	1930	29
763	4	1513	27
763	4	1878	28
763	4	2191	29
765	4	939	27
765	4	1252	28
765	4	1565	29
766	4	2087	27
767	4	1565	27
767	4	1930	28
767	4	2243	29
771	4	1513	27
772	4	2035	27
774	4	939	27
774	4	1252	28
774	4	1565	29
775	4	2191	27
776	4	834	27
776	4	1148	28
776	4	1461	29
778	4	1408	27
778	4	1722	28
778	4	2035	29
780	4	2087	27
781	4	1200	27
781	4	1513	28
781	4	1826	29
782	4	1826	27
782	4	2139	28
783	4	2191	27
784	4	1043	27
784	4	1356	28
784	4	1669	29
785	4	2087	27
787	4	1878	27
787	4	2191	28
788	4	1304	27
788	4	1617	28
788	4	1930	29
789	4	1408	27
789	4	1722	28
789	4	2035	29
790	4	1461	27
790	4	1982	28
790	4	2295	29
791	4	1982	27
793	4	939	27
793	4	1252	28
793	4	1565	29
794	4	834	27
794	4	1148	28
794	4	1461	29
795	4	2087	27
796	4	2191	27
797	4	887	27
797	4	1200	28
797	4	1513	29
798	4	1826	27
798	4	2139	28
801	4	1826	27
801	4	2139	28
802	4	1200	27
802	4	1513	28
802	4	1826	29
803	4	1095	27
803	4	1461	28
803	4	1774	29
804	4	1669	27
804	4	1982	28
804	4	2295	29
806	4	1982	27
807	4	834	27
807	4	1148	28
807	4	1461	29
809	4	2139	27
810	4	939	27
810	4	1252	28
810	4	1565	29
811	4	834	27
811	4	1148	28
811	4	1461	29
812	4	1043	27
812	4	1356	28
812	4	1669	29
813	4	1617	27
813	4	1930	28
813	4	2243	29
815	4	991	27
815	4	1304	28
815	4	1617	29
816	4	1513	27
816	4	1930	28
816	4	2243	29
818	4	1252	27
818	4	1617	28
818	4	1930	29
819	4	2035	27
820	4	2191	27
821	4	1513	27
821	4	1982	28
821	4	2295	29
822	4	834	27
822	4	1148	28
822	4	1461	29
823	4	887	27
823	4	1200	28
823	4	1513	29
824	4	1408	27
824	4	1722	28
824	4	2035	29
825	4	1356	27
825	4	1669	28
825	4	1982	29
826	4	1408	27
826	4	1722	28
826	4	2035	29
828	4	1617	27
828	4	2035	28
830	4	1722	27
831	4	1095	27
831	4	1408	28
831	4	1722	29
831	4	2295	30
832	4	1043	27
832	4	1356	28
832	4	1669	29
832	4	2243	30
833	4	1617	27
834	4	1043	27
834	4	1356	28
834	4	1669	29
835	4	1669	27
835	4	2139	28
837	4	1826	27
837	4	2139	28
838	4	991	27
838	4	1304	28
838	4	1617	29
839	4	1774	27
839	4	2087	28
840	4	887	27
840	4	1200	28
840	4	1461	29
841	4	2295	27
842	4	1356	27
842	4	1669	28
842	4	1982	29
843	4	939	27
843	4	1252	28
843	4	1565	29
843	4	2139	30
844	4	2087	27
845	4	1774	27
847	4	1565	27
847	4	1878	28
847	4	2191	29
848	4	887	27
848	4	1200	28
848	4	1513	29
850	4	1043	27
850	4	1356	28
850	4	1669	29
853	4	2035	27
854	4	1356	27
854	4	1669	28
854	4	1982	29
855	4	2139	27
856	4	1774	27
857	4	2035	27
858	4	1252	27
858	4	1565	28
858	4	1878	29
862	4	1982	27
863	4	1043	27
863	4	1356	28
863	4	1669	29
864	4	887	27
864	4	1200	28
864	4	1513	29
865	4	991	27
865	4	1304	28
865	4	1617	29
866	4	887	27
866	4	1200	28
866	4	1513	29
867	4	1774	27
867	4	2295	28
868	4	1200	27
868	4	1513	28
868	4	1826	29
869	4	1304	27
869	4	1617	28
869	4	1930	29
870	4	1408	27
870	4	1982	28
870	4	2295	29
871	4	1513	27
871	4	1826	28
871	4	2139	29
873	4	887	27
873	4	1200	28
873	4	1513	29
875	4	1252	27
875	4	1565	28
875	4	1878	29
876	4	939	27
876	4	1252	28
876	4	1565	29
877	4	887	27
877	4	1200	28
877	4	1513	29
878	4	1617	27
878	4	2035	28
879	4	1669	27
879	4	2087	28
880	4	834	27
880	4	1148	28
880	4	1461	29
882	4	1669	27
883	4	2295	27
884	4	1461	27
884	4	1774	28
884	4	2087	29
885	4	887	27
885	4	1200	28
885	4	1513	29
886	4	1878	27
886	4	2191	28
887	4	1304	27
887	4	1774	28
887	4	2087	29
889	4	1878	27
890	4	1565	27
890	4	1930	28
890	4	2243	29
891	4	1148	27
891	4	1461	28
891	4	1774	29
892	4	1982	27
892	4	2295	28
893	4	2243	27
894	4	1669	27
894	4	1982	28
894	4	2295	29
895	4	1722	27
895	4	2035	28
896	4	939	27
896	4	1252	28
896	4	1565	29
897	4	1043	27
897	4	1356	28
897	4	1669	29
898	4	1095	27
898	4	1408	28
898	4	1722	29
899	4	939	27
899	4	1252	28
899	4	1565	29
900	4	1722	27
900	4	2035	28
901	4	887	27
901	4	1200	28
901	4	1513	29
902	4	1304	27
902	4	1617	28
902	4	1930	29
903	4	991	27
903	4	1304	28
903	4	1617	29
905	4	1826	27
905	4	2243	28
906	4	1565	27
906	4	1878	28
906	4	2191	29
908	4	887	27
908	4	1200	28
908	4	1513	29
910	4	1513	27
910	4	1930	28
910	4	2243	29
913	4	1722	27
913	4	2035	28
914	4	1304	27
914	4	1617	28
914	4	1930	29
915	4	1669	27
916	4	1095	27
916	4	1408	28
916	4	1722	29
917	4	1878	27
917	4	2191	28
918	4	1461	27
919	4	2087	27
920	4	1982	27
920	4	2295	28
922	4	1878	27
922	4	2191	28
923	4	1826	27
924	4	1095	27
924	4	1408	28
924	4	1722	29
925	4	991	27
925	4	1304	28
925	4	1617	29
926	4	1148	27
926	4	1461	28
926	4	1774	29
927	4	1356	27
927	4	1669	28
927	4	1982	29
929	4	1252	27
929	4	1565	28
929	4	1878	29
931	4	834	27
931	4	1148	28
931	4	1461	29
932	4	1565	27
932	4	1878	28
932	4	2191	29
933	4	1565	27
933	4	1878	28
933	4	2191	29
934	4	1565	27
935	4	1200	27
935	4	1513	28
935	4	1826	29
936	4	1878	27
936	4	2191	28
937	4	1982	27
937	4	2295	28
938	4	1565	27
938	4	1878	28
938	4	2191	29
940	4	1200	27
940	4	1513	28
940	4	1826	29
941	4	887	27
941	4	1200	28
941	4	1513	29
942	4	939	27
942	4	1252	28
942	4	1565	29
944	4	1669	27
944	4	1982	28
944	4	2295	29
946	4	1565	27
946	4	1878	28
946	4	2191	29
947	4	991	27
947	4	1304	28
947	4	1461	29
948	4	887	27
948	4	1200	28
948	4	1513	29
949	4	834	27
949	4	1148	28
949	4	1461	29
950	4	887	27
950	4	1200	28
950	4	1513	29
953	4	991	27
953	4	1304	28
953	4	1617	29
954	4	939	27
954	4	1252	28
954	4	1565	29
958	4	2243	27
960	4	1356	27
960	4	1669	28
960	4	1982	29
961	4	1252	27
961	4	1565	28
961	4	1878	29
962	4	2295	27
963	4	1826	27
963	4	2139	28
964	4	1043	27
964	4	1356	28
964	4	1669	29
965	4	1408	27
965	4	1722	28
965	4	2035	29
966	4	887	27
966	4	1200	28
966	4	1513	29
968	4	1408	27
968	4	1930	28
968	4	2243	29
969	4	1252	27
969	4	1565	28
969	4	1878	29
971	4	1148	27
971	4	1461	28
971	4	1774	29
972	4	834	27
972	4	1148	28
972	4	1461	29
972	4	2139	30
974	4	2087	27
975	4	2035	27
976	4	1200	27
976	4	1513	28
976	4	1826	29
978	4	991	27
978	4	1304	28
978	4	1617	29
979	4	1669	27
979	4	1982	28
979	4	2295	29
980	4	2295	27
981	4	1304	27
981	4	1617	28
981	4	1930	29
982	4	1304	27
983	4	887	27
983	4	1200	28
983	4	1513	29
984	4	1513	27
984	4	1826	28
984	4	2139	29
985	4	1513	27
985	4	1826	28
985	4	2139	29
987	4	2035	27
988	4	1774	27
988	4	2087	28
989	4	939	27
989	4	1252	28
989	4	1565	29
990	4	2087	27
995	4	887	27
995	4	1200	28
995	4	1513	29
996	4	1722	27
998	4	1148	27
998	4	1461	28
998	4	1774	29
999	4	2243	27
0	5	469	25
0	5	730	27
0	5	1043	28
0	5	1356	29
1	5	469	25
1	5	782	27
1	5	1095	28
1	5	1408	29
2	5	626	25
3	5	1148	25
3	5	1565	27
3	5	1878	28
3	5	2191	29
4	5	574	25
4	5	1095	27
4	5	1408	28
4	5	1722	29
4	5	2295	30
5	5	521	25
5	5	1930	27
5	5	2243	28
6	5	574	25
6	5	1356	27
6	5	1669	28
6	5	1982	29
7	5	991	25
7	5	1408	27
7	5	1722	28
7	5	2035	29
8	5	678	25
8	5	1148	27
8	5	1461	28
8	5	1774	29
9	5	2087	25
10	5	469	25
10	5	834	27
10	5	1148	28
10	5	1461	29
12	5	1408	25
13	5	1252	25
13	5	2243	27
14	5	469	25
14	5	887	27
14	5	1200	28
14	5	1513	29
15	5	521	25
15	5	991	27
15	5	1304	28
15	5	1617	29
16	5	521	25
16	5	1043	27
16	5	1356	28
16	5	1669	29
17	5	469	25
17	5	887	27
17	5	1200	28
17	5	1513	29
18	5	521	25
18	5	1148	27
18	5	1461	28
18	5	1774	29
19	5	1826	25
19	5	2139	27
20	5	626	25
20	5	1148	27
20	5	1461	28
20	5	1774	29
21	5	469	25
21	5	887	27
21	5	1200	28
21	5	1513	29
22	5	939	25
22	5	1513	27
22	5	2087	28
23	5	521	25
23	5	939	27
23	5	1252	28
23	5	1565	29
24	5	521	25
24	5	887	27
24	5	1200	28
24	5	1513	29
25	5	1669	25
25	5	2087	27
26	5	678	25
26	5	1356	27
26	5	1669	28
26	5	1982	29
27	5	521	25
27	5	991	27
27	5	1304	28
27	5	1617	29
28	5	730	25
28	5	1304	27
28	5	1617	28
28	5	1930	29
29	5	834	25
29	5	1826	27
29	5	2191	28
30	5	1252	25
30	5	1617	27
30	5	1982	28
30	5	2295	29
31	5	574	25
31	5	1826	27
31	5	2139	28
32	5	1095	25
32	5	1513	27
32	5	1826	28
32	5	2139	29
33	5	678	25
33	5	1565	27
33	5	1982	28
33	5	2295	29
34	5	730	25
34	5	1356	27
34	5	1669	28
34	5	1982	29
35	5	521	25
35	5	1043	27
35	5	1356	28
35	5	1669	29
36	5	521	25
36	5	1148	27
36	5	1461	28
36	5	1774	29
37	5	678	25
37	5	1982	27
37	5	2295	28
38	5	626	25
38	5	1565	27
38	5	1878	28
38	5	2191	29
39	5	574	25
39	5	1148	27
39	5	1461	28
39	5	1774	29
40	5	469	25
40	5	834	27
40	5	1148	28
40	5	1461	29
41	5	730	25
41	5	1252	27
41	5	1565	28
41	5	1878	29
42	5	782	25
42	5	1252	27
42	5	1565	28
42	5	1878	29
43	5	521	25
43	5	939	27
43	5	1252	28
43	5	1565	29
44	5	1617	25
45	5	678	25
45	5	1252	27
45	5	1565	28
45	5	1878	29
46	5	521	25
46	5	1565	27
46	5	1878	28
46	5	2191	29
47	5	1095	25
47	5	1461	27
48	5	2087	25
49	5	574	25
49	5	1148	27
49	5	1461	28
49	5	1774	29
50	5	1617	25
51	5	1774	25
51	5	2035	27
52	5	1878	25
53	5	521	25
53	5	1043	27
53	5	1356	28
53	5	1669	29
55	5	626	25
55	5	1878	27
56	5	1200	25
56	5	2139	27
57	5	469	25
57	5	939	27
57	5	1252	28
57	5	1565	29
58	5	626	25
58	5	1148	27
58	5	1461	28
58	5	1669	29
59	5	469	25
59	5	1043	27
59	5	1356	28
59	5	1669	29
60	5	1252	25
61	5	574	25
61	5	1408	27
61	5	1722	28
61	5	2035	29
62	5	574	25
62	5	1148	27
62	5	1461	28
62	5	1669	29
63	5	730	25
63	5	1252	27
63	5	1565	28
63	5	1878	29
64	5	1878	25
64	5	2243	27
65	5	730	25
65	5	1408	27
65	5	1774	28
65	5	2087	29
66	5	1304	25
66	5	1513	27
66	5	1982	28
66	5	2295	29
67	5	782	25
67	5	1200	27
67	5	1513	28
67	5	1826	29
68	5	1461	25
69	5	887	25
69	5	1408	27
69	5	1722	28
69	5	2035	29
70	5	678	25
71	5	1095	25
71	5	1408	27
71	5	1722	28
71	5	2035	29
73	5	1669	25
74	5	887	25
74	5	1982	27
75	5	521	25
75	5	939	27
75	5	1252	28
75	5	1565	29
76	5	1408	25
76	5	2139	27
77	5	1565	25
77	5	2295	27
78	5	1356	25
79	5	782	25
79	5	1461	27
79	5	1826	28
79	5	2139	29
80	5	521	25
80	5	1148	27
80	5	1461	28
80	5	1774	29
81	5	626	25
81	5	1826	27
81	5	2139	28
82	5	678	25
82	5	1826	27
82	5	2139	28
83	5	1043	25
83	5	1722	27
83	5	2295	28
84	5	574	25
84	5	1826	27
84	5	2139	28
86	5	1095	25
86	5	1826	27
86	5	2295	28
87	5	521	25
87	5	887	27
87	5	1200	28
87	5	1513	29
88	5	678	25
88	5	1200	27
88	5	1513	28
88	5	1826	29
89	5	834	25
89	5	1408	27
89	5	1722	28
89	5	2035	29
90	5	1356	25
90	5	1878	27
91	5	626	25
92	5	469	25
92	5	834	27
92	5	1148	28
92	5	1461	29
93	5	1304	25
93	5	2087	27
94	5	1826	25
95	5	939	25
95	5	1930	27
95	5	2243	28
96	5	991	25
96	5	1513	27
96	5	1826	28
96	5	2139	29
97	5	1252	25
97	5	2139	27
98	5	1669	25
98	5	2087	27
99	5	1095	25
99	5	1878	27
99	5	2191	28
100	5	1356	25
101	5	678	25
101	5	1356	27
102	5	678	25
102	5	1304	27
102	5	1722	28
102	5	2035	29
103	5	939	25
103	5	1774	27
104	5	574	25
104	5	1095	27
104	5	1408	28
104	5	1722	29
105	5	2295	25
106	5	730	25
106	5	1252	27
106	5	1565	28
106	5	1878	29
107	5	469	25
107	5	939	27
107	5	1252	28
107	5	1565	29
108	5	521	25
108	5	991	27
108	5	1304	28
108	5	1617	29
109	5	1252	25
109	5	1878	27
109	5	2295	28
110	5	521	25
110	5	991	27
110	5	1304	28
110	5	1617	29
111	5	626	25
111	5	1878	27
111	5	2191	28
112	5	782	25
112	5	1722	27
112	5	2295	28
113	5	469	25
113	5	939	27
113	5	1252	28
113	5	1565	29
114	5	626	25
114	5	1982	27
114	5	2295	28
115	5	1408	25
116	5	1461	25
116	5	1878	27
116	5	2191	28
117	5	1408	25
117	5	1826	27
117	5	2191	28
118	5	1148	25
118	5	1513	27
118	5	2035	28
119	5	1200	25
119	5	1565	27
119	5	1930	28
119	5	2243	29
120	5	834	25
120	5	1617	27
120	5	2191	28
121	5	1356	25
122	5	521	25
122	5	939	27
122	5	1252	28
122	5	1565	29
123	5	1878	25
124	5	521	25
124	5	939	27
124	5	1252	28
124	5	1565	29
125	5	574	25
125	5	1148	27
125	5	1461	28
125	5	1669	29
126	5	469	25
126	5	834	27
126	5	1148	28
126	5	1461	29
127	5	469	25
127	5	991	27
127	5	1304	28
127	5	1513	29
128	5	469	25
128	5	782	27
128	5	1095	28
128	5	1408	29
129	5	1095	25
129	5	1774	27
130	5	574	25
131	5	678	25
131	5	1148	27
131	5	1461	28
131	5	1774	29
132	5	469	25
132	5	887	27
132	5	1200	28
132	5	1513	29
133	5	626	25
133	5	1304	27
133	5	1617	28
133	5	1930	29
134	5	887	25
134	5	1565	27
134	5	1930	28
134	5	2139	29
135	5	521	25
135	5	1095	27
135	5	1408	28
135	5	1722	29
136	5	469	25
136	5	834	27
136	5	1148	28
136	5	1356	29
136	5	1930	30
137	5	730	25
137	5	1304	27
137	5	1617	28
137	5	1669	29
138	5	469	25
138	5	834	27
138	5	1148	28
138	5	1461	29
139	5	521	25
139	5	939	27
139	5	1252	28
139	5	1565	29
139	5	2139	30
140	5	1826	25
141	5	521	25
141	5	939	27
141	5	1252	28
141	5	1565	29
142	5	887	25
142	5	1878	27
142	5	2191	28
143	5	1252	25
143	5	1617	27
143	5	2035	28
145	5	1148	25
145	5	1513	27
145	5	1826	28
145	5	2139	29
146	5	626	25
146	5	1252	27
146	5	1565	28
146	5	1878	29
147	5	626	25
147	5	1252	27
147	5	1565	28
147	5	1878	29
148	5	1356	25
149	5	469	25
149	5	939	27
149	5	1252	28
149	5	1565	29
150	5	574	25
150	5	939	27
150	5	1252	28
150	5	1565	29
151	5	939	25
151	5	1826	27
151	5	2139	28
152	5	626	25
152	5	1148	27
152	5	1461	28
152	5	1722	29
153	5	730	25
153	5	1722	27
153	5	2295	28
154	5	521	25
154	5	991	27
154	5	1304	28
154	5	1617	29
155	5	469	25
155	5	834	27
155	5	1148	28
155	5	1461	29
156	5	469	25
156	5	887	27
156	5	1200	28
156	5	1513	29
158	5	574	25
158	5	1200	27
158	5	1513	28
158	5	1826	29
159	5	469	25
159	5	782	27
159	5	1095	28
159	5	1408	29
160	5	678	25
160	5	1200	27
160	5	1565	28
160	5	1878	29
161	5	1617	25
162	5	991	25
162	5	1356	27
162	5	1669	28
162	5	1982	29
163	5	1200	25
163	5	1982	27
164	5	521	25
164	5	1095	27
164	5	1408	28
164	5	1722	29
165	5	574	25
165	5	1043	27
165	5	1356	28
165	5	1669	29
166	5	1826	25
166	5	2295	27
167	5	1252	25
167	5	1930	27
167	5	2243	28
169	5	469	25
169	5	939	27
169	5	1252	28
169	5	1565	29
170	5	469	25
170	5	939	27
170	5	1252	28
170	5	1565	29
171	5	939	25
171	5	2139	27
172	5	1043	25
172	5	1408	27
172	5	1722	28
172	5	2035	29
173	5	1304	25
173	5	1878	27
173	5	2295	28
174	5	834	25
174	5	1408	27
174	5	1722	28
174	5	2035	29
175	5	626	25
175	5	1200	27
175	5	1513	28
175	5	1826	29
176	5	521	25
176	5	1565	27
176	5	1878	28
176	5	2191	29
177	5	1722	25
178	5	2035	25
179	5	574	25
179	5	1148	27
179	5	1461	28
179	5	1774	29
180	5	1930	25
181	5	469	25
181	5	834	27
181	5	1148	28
181	5	1461	29
182	5	730	25
183	5	521	25
183	5	991	27
183	5	1304	28
183	5	1617	29
184	5	1200	25
185	5	574	25
185	5	1095	27
185	5	1408	28
185	5	1722	29
186	5	2191	25
187	5	782	25
187	5	1356	27
187	5	1669	28
187	5	1982	29
188	5	1408	25
188	5	2035	27
189	5	730	25
189	5	1356	27
189	5	1669	28
189	5	1982	29
190	5	1095	25
190	5	1617	27
190	5	2243	28
191	5	521	25
191	5	887	27
191	5	1200	28
191	5	1513	29
192	5	626	25
192	5	1200	27
192	5	1513	28
192	5	1826	29
193	5	626	25
193	5	1252	27
193	5	1669	28
193	5	1982	29
194	5	730	25
196	5	469	25
196	5	939	27
196	5	1252	28
196	5	1513	29
196	5	2087	30
198	5	730	25
198	5	1252	27
198	5	1565	28
198	5	1878	29
199	5	469	25
199	5	939	27
199	5	1252	28
199	5	1565	29
200	5	1095	25
200	5	1565	27
200	5	1878	28
200	5	2191	29
201	5	1774	25
201	5	2191	27
202	5	991	25
202	5	1408	27
202	5	1722	28
202	5	2035	29
203	5	782	25
203	5	1356	27
203	5	1669	28
203	5	1982	29
204	5	574	25
204	5	1043	27
204	5	1356	28
204	5	1669	29
205	5	1252	25
205	5	1669	27
205	5	1982	28
205	5	2295	29
206	5	469	25
206	5	782	27
206	5	1095	28
206	5	1408	29
206	5	1982	30
207	5	521	25
207	5	939	27
207	5	1252	28
207	5	1565	29
208	5	521	25
208	5	991	27
208	5	1304	28
208	5	1617	29
209	5	2243	25
210	5	574	25
210	5	1148	27
210	5	1461	28
210	5	1774	29
211	5	1513	25
212	5	834	25
212	5	1669	27
212	5	1982	28
212	5	2295	29
213	5	1617	25
213	5	2191	27
214	5	834	25
215	5	1200	25
215	5	1513	27
215	5	1982	28
215	5	2295	29
216	5	1930	25
217	5	1148	25
217	5	1356	27
217	5	1774	28
217	5	2087	29
218	5	730	25
218	5	1304	27
218	5	1617	28
218	5	1930	29
219	5	2191	25
220	5	1408	25
221	5	730	25
221	5	1252	27
221	5	1617	28
221	5	1930	29
222	5	1826	25
222	5	2243	27
223	5	887	25
224	5	887	25
224	5	1565	27
224	5	1878	28
224	5	2191	29
225	5	469	25
225	5	887	27
225	5	1200	28
225	5	1513	29
226	5	521	25
226	5	1043	27
226	5	1356	28
226	5	1669	29
227	5	678	25
227	5	1826	27
227	5	2191	28
228	5	521	25
228	5	991	27
228	5	1304	28
228	5	1617	29
229	5	782	25
229	5	1356	27
229	5	1669	28
229	5	1982	29
230	5	469	25
230	5	887	27
230	5	1200	28
230	5	1513	29
231	5	469	25
231	5	834	27
231	5	1148	28
231	5	1461	29
232	5	521	25
232	5	991	27
232	5	1304	28
232	5	1617	29
233	5	1304	25
233	5	1669	27
233	5	1982	28
233	5	2295	29
235	5	1513	25
235	5	2035	27
236	5	1095	25
236	5	2035	27
237	5	887	25
239	5	1200	25
239	5	1930	27
240	5	521	25
240	5	991	27
240	5	1304	28
240	5	1617	29
241	5	730	25
241	5	1200	27
241	5	1513	28
241	5	1826	29
242	5	626	25
242	5	1200	27
242	5	1513	28
242	5	1826	29
243	5	469	25
243	5	834	27
243	5	1148	28
243	5	1461	29
244	5	469	25
244	5	782	27
244	5	1095	28
244	5	1408	29
245	5	1148	25
245	5	1669	27
245	5	1982	28
245	5	2295	29
246	5	2087	25
248	5	469	25
248	5	939	27
248	5	1252	28
248	5	1565	29
249	5	469	25
249	5	887	27
249	5	1200	28
249	5	1513	29
250	5	469	25
250	5	939	27
250	5	1252	28
250	5	1565	29
251	5	626	25
251	5	1252	27
251	5	1565	28
251	5	1878	29
252	5	1461	25
253	5	887	25
253	5	1930	27
253	5	2243	28
255	5	991	25
255	5	1722	27
256	5	782	25
256	5	1304	27
256	5	1669	28
256	5	1982	29
257	5	1043	25
257	5	1565	27
257	5	1878	28
257	5	2191	29
258	5	469	25
258	5	939	27
258	5	1252	28
258	5	1565	29
259	5	469	25
259	5	782	27
259	5	1565	28
259	5	1878	29
260	5	521	25
260	5	1356	27
260	5	1669	28
260	5	1982	29
262	5	939	25
262	5	1252	27
262	5	1565	28
262	5	1878	29
263	5	834	25
264	5	574	25
264	5	1565	27
264	5	1878	28
264	5	2191	29
265	5	574	25
265	5	1982	27
265	5	2295	28
266	5	626	25
266	5	1200	27
266	5	1617	28
266	5	1930	29
267	5	469	25
267	5	939	27
267	5	1252	28
267	5	1565	29
268	5	991	25
268	5	1356	27
268	5	1669	28
268	5	1982	29
269	5	521	25
269	5	939	27
269	5	1252	28
269	5	1565	29
270	5	782	25
270	5	2035	27
271	5	678	25
271	5	1252	27
271	5	1565	28
271	5	1878	29
272	5	521	25
272	5	939	27
272	5	1252	28
272	5	1565	29
273	5	2295	25
274	5	1148	25
274	5	1722	27
275	5	1617	25
276	5	2243	25
277	5	782	25
277	5	2139	27
278	5	1565	25
278	5	2243	27
279	5	1200	25
279	5	1826	27
280	5	782	25
280	5	1826	27
280	5	2139	28
282	5	1617	25
282	5	2295	27
283	5	1148	25
283	5	1461	27
283	5	1774	28
283	5	2087	29
284	5	469	25
284	5	887	27
284	5	1200	28
284	5	1513	29
285	5	1095	25
285	5	1408	27
285	5	1722	28
285	5	2035	29
286	5	521	25
286	5	1043	27
286	5	1356	28
286	5	1669	29
287	5	1200	25
287	5	1774	27
288	5	574	25
288	5	1408	27
288	5	1722	28
288	5	2035	29
289	5	1982	25
291	5	678	25
292	5	1513	25
292	5	1982	27
292	5	2295	28
293	5	469	25
293	5	782	27
293	5	1095	28
293	5	1408	29
294	5	521	25
294	5	939	27
294	5	1252	28
294	5	1565	29
295	5	1043	25
295	5	1826	27
295	5	2139	28
296	5	521	25
296	5	1095	27
296	5	1408	28
296	5	1722	29
297	5	1408	25
298	5	887	25
298	5	1356	27
298	5	1722	28
298	5	2035	29
299	5	521	25
299	5	939	27
299	5	1252	28
299	5	1565	29
300	5	1304	25
300	5	1982	27
300	5	2295	28
301	5	469	25
301	5	834	27
301	5	1148	28
301	5	1461	29
302	5	574	25
302	5	1304	27
302	5	1617	28
302	5	1930	29
303	5	469	25
303	5	834	27
303	5	1148	28
303	5	1356	29
303	5	2295	30
304	5	469	25
304	5	939	27
304	5	1252	28
304	5	1565	29
306	5	469	25
306	5	887	27
306	5	1200	28
306	5	1513	29
307	5	730	25
307	5	2139	27
308	5	678	25
308	5	2087	27
309	5	469	25
309	5	782	27
309	5	1095	28
309	5	1408	29
309	5	2295	30
310	5	574	25
310	5	1095	27
310	5	1408	28
310	5	1722	29
311	5	939	25
312	5	1043	25
312	5	1826	27
312	5	2139	28
313	5	730	25
314	5	1304	25
314	5	2087	27
315	5	678	25
315	5	1252	27
315	5	1565	28
315	5	1878	29
316	5	2087	25
317	5	1252	25
317	5	1513	27
318	5	1513	25
319	5	1774	25
319	5	2295	27
320	5	1252	25
320	5	1669	27
321	5	469	25
321	5	887	27
321	5	1200	28
321	5	1513	29
322	5	521	25
322	5	1461	27
322	5	1774	28
322	5	2087	29
323	5	1826	25
323	5	2243	27
324	5	1356	25
324	5	1878	27
325	5	1252	25
325	5	1722	27
325	5	2243	28
326	5	469	25
326	5	887	27
326	5	1200	28
326	5	1513	29
327	5	1043	25
327	5	1356	27
327	5	1669	28
327	5	1982	29
328	5	887	25
328	5	1826	27
328	5	2295	28
329	5	1461	25
329	5	2243	27
330	5	782	25
330	5	1304	27
330	5	1617	28
330	5	1930	29
331	5	521	25
331	5	939	27
331	5	1252	28
331	5	1565	29
332	5	626	25
332	5	1200	27
332	5	1408	29
333	5	469	25
333	5	939	27
333	5	1252	28
333	5	1565	29
334	5	1252	25
334	5	1878	27
335	5	469	25
335	5	834	27
335	5	1148	28
335	5	1461	29
336	5	574	25
336	5	1200	27
336	5	1513	28
336	5	1826	29
337	5	887	25
337	5	2035	27
338	5	1513	25
338	5	2243	27
339	5	521	25
339	5	1513	27
339	5	1826	28
339	5	2139	29
340	5	1095	25
340	5	1513	27
340	5	1826	28
340	5	2139	29
341	5	1148	25
341	5	1513	27
341	5	1826	28
341	5	2139	29
342	5	521	25
342	5	991	27
342	5	1304	28
342	5	1617	29
343	5	469	25
343	5	834	27
343	5	1148	28
343	5	1461	29
344	5	1982	25
345	5	626	25
345	5	1148	27
345	5	1461	28
345	5	1774	29
346	5	626	25
346	5	1043	27
346	5	1356	28
346	5	1669	29
347	5	678	25
347	5	1356	27
347	5	1669	28
347	5	1982	29
348	5	574	25
348	5	1148	27
348	5	1461	28
348	5	1774	29
349	5	521	25
349	5	991	27
349	5	1304	28
349	5	1617	29
350	5	2035	25
351	5	626	25
352	5	626	25
352	5	1252	27
352	5	1565	28
352	5	1878	29
353	5	521	25
353	5	1043	27
353	5	1356	28
353	5	1669	29
354	5	469	25
354	5	887	27
354	5	1200	28
354	5	1513	29
355	5	574	25
356	5	834	25
356	5	1513	27
356	5	1826	28
356	5	2139	29
357	5	626	25
357	5	1408	27
357	5	1722	28
357	5	2035	29
358	5	991	25
358	5	1461	27
358	5	1774	28
358	5	2087	29
360	5	730	25
360	5	1982	27
360	5	2295	28
361	5	626	25
361	5	1304	27
361	5	1617	28
361	5	1930	29
362	5	1982	25
364	5	521	25
364	5	939	27
364	5	1252	28
364	5	1565	29
365	5	1722	25
366	5	782	25
366	5	1200	27
366	5	1617	28
366	5	1930	29
367	5	574	25
367	5	1669	27
367	5	1982	28
367	5	2295	29
368	5	469	25
368	5	782	27
368	5	1095	28
368	5	1408	29
368	5	1982	30
369	5	574	25
369	5	1095	27
369	5	1408	28
369	5	1722	29
370	5	939	25
371	5	521	25
371	5	991	27
371	5	1304	28
371	5	1617	29
372	5	887	25
372	5	1461	27
372	5	1774	28
372	5	2087	29
373	5	1304	25
374	5	1461	25
374	5	1878	27
374	5	2191	28
375	5	1304	25
375	5	1722	27
376	5	626	25
376	5	1878	27
376	5	2191	28
377	5	1252	25
377	5	1722	27
377	5	2035	28
378	5	1043	25
378	5	1617	27
378	5	2139	28
379	5	730	25
379	5	1304	27
379	5	1617	28
379	5	1930	29
380	5	678	25
380	5	2191	27
381	5	678	25
381	5	1878	27
381	5	2191	28
382	5	521	25
382	5	1565	27
382	5	1878	28
382	5	2191	29
383	5	1408	25
384	5	574	25
384	5	1304	27
384	5	1617	28
384	5	1930	29
385	5	730	25
385	5	1774	27
386	5	626	25
387	5	574	25
387	5	1148	27
387	5	1461	28
387	5	1774	29
388	5	2087	25
389	5	521	25
389	5	939	27
389	5	1252	28
389	5	1565	29
390	5	469	25
390	5	887	27
390	5	1200	28
390	5	1513	29
391	5	521	25
391	5	1043	27
391	5	1356	28
391	5	1669	29
392	5	1095	25
392	5	1930	27
392	5	2243	28
393	5	469	25
393	5	834	27
393	5	1148	28
393	5	1461	29
394	5	678	25
394	5	1722	27
394	5	2035	28
395	5	678	25
396	5	469	25
396	5	834	27
396	5	1148	28
396	5	1461	29
397	5	1148	25
397	5	1461	27
397	5	1774	28
397	5	2087	29
398	5	626	25
399	5	469	25
399	5	939	27
399	5	1252	28
399	5	1565	29
400	5	626	25
400	5	1304	27
400	5	1617	28
400	5	1930	29
401	5	2191	25
402	5	678	25
402	5	1252	27
402	5	1565	28
402	5	1878	29
403	5	1930	25
404	5	834	25
404	5	1722	27
404	5	2035	28
405	5	1095	25
405	5	1774	27
405	5	2191	28
406	5	574	25
406	5	991	27
406	5	1304	28
406	5	1617	29
407	5	1095	25
407	5	1513	27
407	5	1826	28
407	5	2139	29
409	5	1148	25
410	5	1043	25
410	5	1930	27
410	5	2243	28
411	5	521	25
411	5	939	27
411	5	1252	28
411	5	1565	29
412	5	469	25
412	5	939	27
412	5	1252	28
412	5	1565	29
412	5	2139	30
413	5	469	25
413	5	887	27
413	5	1200	28
413	5	1513	29
413	5	2087	30
414	5	626	25
414	5	1200	27
414	5	1513	28
414	5	1826	29
415	5	574	25
415	5	1095	27
415	5	1408	28
415	5	1722	29
416	5	1461	25
416	5	2087	27
417	5	574	25
417	5	1304	27
417	5	1617	28
417	5	1930	29
418	5	626	25
418	5	1095	27
418	5	1408	28
418	5	1722	29
419	5	574	25
419	5	1095	27
419	5	1408	28
419	5	1669	29
420	5	887	25
420	5	1356	27
420	5	1774	28
420	5	2087	29
421	5	1930	25
421	5	2295	27
422	5	939	25
422	5	2295	27
423	5	991	25
423	5	1408	27
423	5	1722	28
423	5	2035	29
424	5	521	25
424	5	939	27
424	5	1252	28
424	5	1565	29
424	5	2139	30
425	5	626	25
425	5	1774	27
425	5	2087	28
426	5	1043	25
426	5	1356	27
426	5	1669	28
426	5	1982	29
427	5	2035	25
427	5	2295	27
428	5	521	25
428	5	939	27
428	5	1252	28
428	5	1565	29
429	5	678	25
429	5	1252	27
429	5	1565	28
429	5	1878	29
430	5	574	25
430	5	991	27
430	5	1304	28
430	5	1617	29
431	5	469	25
431	5	887	27
431	5	1200	28
431	5	1513	29
432	5	574	25
432	5	1095	27
432	5	1408	28
432	5	1722	29
433	5	678	25
433	5	1408	27
433	5	1722	28
433	5	2035	29
434	5	521	25
434	5	991	27
434	5	1304	28
434	5	1617	29
434	5	2191	30
435	5	469	25
435	5	939	27
435	5	1252	28
435	5	1565	29
436	5	469	25
436	5	887	27
436	5	1200	28
436	5	1513	29
437	5	521	25
437	5	939	27
437	5	1252	28
437	5	1565	29
438	5	678	25
438	5	1200	27
438	5	1513	28
438	5	1826	29
439	5	991	25
439	5	1930	27
440	5	730	25
440	5	1565	27
440	5	2035	28
441	5	2191	25
442	5	678	25
442	5	1513	27
442	5	1826	28
442	5	2139	29
443	5	782	25
444	5	1669	25
445	5	521	25
445	5	834	27
445	5	1148	28
445	5	1461	29
446	5	834	25
446	5	1982	27
446	5	2295	28
447	5	1617	25
447	5	2139	27
448	5	1148	25
449	5	2087	25
450	5	2295	25
451	5	782	25
451	5	1252	27
451	5	1565	28
451	5	1878	29
452	5	574	25
452	5	1826	27
452	5	2139	28
453	5	469	25
453	5	939	27
453	5	1252	28
453	5	1565	29
454	5	1356	25
454	5	2295	27
455	5	1095	25
455	5	1408	27
455	5	1722	28
455	5	2035	29
456	5	1304	25
456	5	1669	27
456	5	2087	28
457	5	730	25
457	5	1513	27
458	5	1930	25
459	5	1878	25
459	5	2295	27
460	5	521	25
460	5	887	27
460	5	1200	28
460	5	1513	29
461	5	521	25
461	5	991	27
461	5	1304	28
461	5	1617	29
462	5	626	25
462	5	1408	27
462	5	1722	28
462	5	2035	29
463	5	574	25
463	5	1095	27
463	5	1408	28
463	5	1722	29
464	5	991	25
464	5	1356	27
464	5	1669	28
464	5	1982	29
465	5	521	25
465	5	939	27
465	5	1252	28
465	5	1565	29
466	5	469	25
466	5	939	27
466	5	1252	28
466	5	1565	29
467	5	521	25
467	5	939	27
467	5	1252	28
467	5	1565	29
468	5	469	25
468	5	939	27
468	5	1252	28
468	5	1565	29
469	5	469	25
469	5	834	27
469	5	1148	28
469	5	1461	29
470	5	1669	25
471	5	1148	25
471	5	1930	27
471	5	2243	28
472	5	521	25
472	5	1043	27
472	5	1356	28
472	5	1669	29
473	5	730	25
473	5	1356	27
473	5	1669	28
473	5	1878	29
474	5	521	25
474	5	1095	27
474	5	1408	28
474	5	1722	29
475	5	991	25
475	5	1930	27
475	5	2243	28
476	5	1356	25
478	5	730	25
478	5	1982	27
480	5	730	25
481	5	574	25
481	5	991	27
481	5	1304	28
481	5	1617	29
482	5	626	25
482	5	1408	27
482	5	2191	28
483	5	1826	25
484	5	2035	25
485	5	1200	25
485	5	1878	27
485	5	2295	28
486	5	1252	25
486	5	1669	27
486	5	1982	28
486	5	2295	29
487	5	469	25
487	5	939	27
487	5	1252	28
487	5	1565	29
488	5	1252	25
488	5	1669	27
489	5	469	25
489	5	730	27
489	5	1043	28
489	5	1356	29
490	5	834	25
490	5	1252	27
490	5	1565	28
490	5	1878	29
491	5	678	25
491	5	1513	27
491	5	1826	28
491	5	2139	29
492	5	991	25
492	5	1304	27
492	5	1617	28
492	5	1930	29
493	5	782	25
494	5	521	25
494	5	1200	27
494	5	1513	28
494	5	1826	29
495	5	887	25
495	5	1304	27
495	5	1617	28
495	5	1930	29
496	5	678	25
496	5	1200	27
496	5	1513	28
496	5	1826	29
497	5	521	25
497	5	1095	27
497	5	1408	28
497	5	1722	29
498	5	626	25
498	5	1565	27
498	5	1878	28
498	5	2191	29
499	5	626	25
499	5	1930	27
500	5	469	25
500	5	782	27
500	5	1095	28
500	5	1408	29
501	5	1304	25
501	5	1878	27
501	5	2191	28
502	5	834	25
502	5	1513	27
502	5	1826	28
502	5	2139	29
503	5	469	25
503	5	834	27
503	5	1148	28
503	5	1461	29
503	5	2035	30
505	5	1304	25
505	5	1930	27
505	5	2243	28
506	5	1095	25
506	5	1565	27
507	5	1669	25
508	5	521	25
508	5	834	27
508	5	1148	28
508	5	1461	29
510	5	1982	25
510	5	2295	27
512	5	991	25
512	5	1304	27
512	5	1617	28
512	5	1930	29
513	5	991	25
513	5	1461	27
513	5	1774	28
513	5	2087	29
514	5	574	25
514	5	1252	27
514	5	1565	28
514	5	1878	29
515	5	469	25
515	5	887	27
515	5	1200	28
515	5	1513	29
516	5	1356	25
516	5	1774	27
516	5	2139	28
517	5	1304	25
517	5	1722	27
517	5	2035	28
518	5	991	25
518	5	1408	27
518	5	1722	28
518	5	2035	29
519	5	574	25
519	5	1043	27
519	5	1356	28
519	5	1669	29
520	5	626	25
520	5	1878	27
520	5	2191	28
521	5	469	25
521	5	834	27
521	5	1148	28
521	5	1461	29
522	5	782	25
522	5	1304	27
522	5	1617	28
522	5	1930	29
523	5	521	25
523	5	939	27
523	5	1252	28
523	5	1565	29
524	5	2139	25
525	5	626	25
525	5	1095	27
525	5	1408	28
525	5	1722	29
526	5	1878	25
526	5	2295	27
527	5	469	25
527	5	887	27
527	5	1200	28
527	5	1513	29
528	5	469	25
528	5	834	27
528	5	1148	28
528	5	1461	29
529	5	469	25
529	5	939	27
529	5	1252	28
529	5	1565	29
530	5	1252	25
530	5	1565	27
530	5	1878	28
530	5	2191	29
531	5	1043	25
531	5	1356	27
531	5	1669	28
531	5	1982	29
532	5	991	25
532	5	1617	27
533	5	2035	25
534	5	469	25
534	5	834	27
534	5	1148	28
534	5	1461	29
535	5	1669	25
536	5	1304	25
536	5	2035	27
537	5	626	25
537	5	1200	27
537	5	1513	28
537	5	1826	29
538	5	469	25
538	5	782	27
538	5	1095	28
538	5	1408	29
539	5	469	25
539	5	834	27
539	5	1148	28
539	5	1461	29
540	5	1930	25
541	5	574	25
541	5	1043	27
541	5	1356	28
541	5	1669	29
542	5	991	25
542	5	1513	27
543	5	1095	25
543	5	1356	27
543	5	1722	28
543	5	2035	29
544	5	626	25
544	5	1043	27
544	5	1356	28
544	5	1669	29
545	5	834	25
546	5	1200	25
546	5	1565	27
547	5	626	25
547	5	1200	27
547	5	1513	28
547	5	1826	29
548	5	1408	25
549	5	1304	25
549	5	1617	27
550	5	469	25
550	5	887	27
550	5	1200	28
550	5	1513	29
551	5	521	25
551	5	991	27
551	5	1304	28
551	5	1617	29
552	5	1356	25
553	5	782	25
553	5	1513	27
553	5	1826	28
553	5	2139	29
554	5	469	25
554	5	730	27
554	5	1043	28
554	5	1356	29
555	5	469	25
555	5	887	27
555	5	1200	28
555	5	1513	29
555	5	2087	30
556	5	834	25
556	5	1252	27
556	5	1565	28
556	5	1878	29
557	5	1774	25
558	5	521	25
558	5	1252	27
558	5	1565	28
558	5	1878	29
559	5	991	25
559	5	1513	27
559	5	1826	28
559	5	2139	29
560	5	1356	25
561	5	887	25
561	5	1826	27
562	5	991	25
562	5	1461	27
562	5	1774	28
562	5	2087	29
563	5	730	25
563	5	1200	27
563	5	1513	28
563	5	1826	29
564	5	1356	25
564	5	1982	27
564	5	2295	28
565	5	521	25
565	5	991	27
565	5	1304	28
565	5	1617	29
565	5	2191	30
566	5	521	25
566	5	1148	27
566	5	1461	28
566	5	1774	29
567	5	782	25
567	5	1617	27
568	5	469	25
568	5	991	27
568	5	1304	28
568	5	1617	29
569	5	991	25
569	5	1408	27
569	5	1722	28
569	5	2035	29
570	5	1304	25
570	5	1565	27
571	5	469	25
571	5	939	27
571	5	1252	28
571	5	1565	29
572	5	1513	25
572	5	2191	27
574	5	678	25
575	5	469	25
575	5	834	27
575	5	1148	28
575	5	1461	29
576	5	1148	25
576	5	1669	27
576	5	2035	28
577	5	469	25
577	5	939	27
577	5	1252	28
577	5	1565	29
578	5	1043	25
578	5	1774	27
578	5	2139	28
579	5	834	25
580	5	2139	25
581	5	1043	25
581	5	1461	27
581	5	1774	28
581	5	2087	29
582	5	782	25
582	5	1565	27
582	5	1878	28
582	5	2191	29
583	5	469	25
583	5	887	27
583	5	1200	28
583	5	1513	29
584	5	521	25
584	5	939	27
584	5	1252	28
584	5	1565	29
585	5	469	25
585	5	782	27
585	5	1095	28
585	5	1408	29
585	5	1982	30
586	5	730	25
586	5	1252	27
586	5	1565	28
586	5	1878	29
587	5	469	25
587	5	834	27
587	5	1148	28
587	5	1461	29
588	5	574	25
588	5	1148	27
588	5	1461	28
588	5	1774	29
589	5	574	25
589	5	1043	27
589	5	1408	28
589	5	1722	29
590	5	521	25
590	5	1043	27
590	5	1356	28
590	5	1669	29
591	5	1565	25
591	5	2139	27
593	5	678	25
593	5	1982	27
594	5	834	25
594	5	1565	27
594	5	1982	28
594	5	2295	29
595	5	521	25
595	5	991	27
595	5	1304	28
595	5	1617	29
596	5	782	25
596	5	1304	27
596	5	1617	28
596	5	1930	29
597	5	730	25
597	5	2139	27
598	5	469	25
598	5	887	27
598	5	1200	28
598	5	1513	29
599	5	469	25
599	5	887	27
599	5	1200	28
599	5	1513	29
600	5	1722	25
600	5	2191	27
601	5	574	25
601	5	1356	27
601	5	1669	28
601	5	1982	29
602	5	1304	25
603	5	834	25
604	5	887	25
604	5	1356	27
604	5	1669	28
604	5	1982	29
605	5	1043	25
605	5	1669	27
605	5	2191	28
606	5	730	25
606	5	1252	27
606	5	1565	28
606	5	1878	29
607	5	521	25
607	5	1043	27
607	5	1356	28
607	5	1669	29
608	5	574	25
608	5	1095	27
608	5	1408	28
608	5	1722	29
610	5	2243	25
611	5	782	25
611	5	1617	27
611	5	1930	28
611	5	2243	29
612	5	1095	25
612	5	1513	27
612	5	1826	28
612	5	2139	29
613	5	1356	25
614	5	1148	25
614	5	1565	27
614	5	2087	28
615	5	939	25
615	5	1669	27
615	5	2295	28
616	5	991	25
616	5	1513	27
616	5	1826	28
616	5	2139	29
617	5	1930	25
618	5	2035	25
619	5	1043	25
619	5	1982	27
620	5	521	25
620	5	1043	27
620	5	1356	28
620	5	1669	29
621	5	991	25
621	5	1356	27
621	5	1669	28
621	5	1982	29
622	5	469	25
622	5	834	27
622	5	1148	28
622	5	1461	29
623	5	1148	25
623	5	1826	27
624	5	574	25
624	5	1461	27
624	5	1774	28
624	5	2087	29
625	5	1043	25
625	5	1356	27
625	5	1669	28
625	5	1982	29
626	5	574	25
626	5	1200	27
626	5	1513	28
626	5	1826	29
627	5	626	25
627	5	1200	27
627	5	1513	28
627	5	1826	29
628	5	678	25
628	5	1304	27
628	5	1617	28
628	5	1930	29
629	5	939	25
629	5	1982	27
629	5	2295	28
630	5	834	25
630	5	1461	27
630	5	1878	28
630	5	2191	29
631	5	678	25
631	5	1304	27
631	5	1617	28
631	5	1930	29
632	5	469	25
632	5	834	27
632	5	1148	28
632	5	1461	29
633	5	1565	25
633	5	2295	27
634	5	1148	25
634	5	1513	27
635	5	1408	25
636	5	2191	25
637	5	1304	25
638	5	1826	25
638	5	2295	27
639	5	521	25
639	5	991	27
639	5	1304	28
639	5	1617	29
640	5	834	25
641	5	626	25
642	5	1148	25
642	5	1617	27
644	5	574	25
644	5	2035	27
645	5	782	25
645	5	1304	27
645	5	1617	28
645	5	1930	29
646	5	521	25
646	5	939	27
646	5	1252	28
646	5	1565	29
647	5	1513	25
648	5	782	25
648	5	1461	27
648	5	1774	28
648	5	2087	29
649	5	574	25
649	5	1043	27
649	5	1356	28
649	5	1669	29
650	5	1461	25
650	5	1930	27
650	5	2243	28
651	5	626	25
652	5	626	25
652	5	1252	27
652	5	1565	28
652	5	1878	29
653	5	626	25
653	5	1304	27
653	5	1617	28
653	5	1930	29
654	5	939	25
654	5	1982	27
655	5	782	25
655	5	1408	27
655	5	1722	28
655	5	2035	29
656	5	678	25
656	5	1148	27
656	5	1617	28
656	5	1930	29
657	5	574	25
658	5	574	25
658	5	1043	27
658	5	1356	28
658	5	1669	29
659	5	1095	25
659	5	1461	27
659	5	1774	28
659	5	2087	29
660	5	887	25
661	5	521	25
661	5	1043	27
661	5	1356	28
661	5	1669	29
662	5	730	25
662	5	1304	27
662	5	1617	28
662	5	1930	29
663	5	1043	25
663	5	1722	27
664	5	574	25
664	5	1095	27
664	5	1408	28
664	5	1722	29
665	5	521	25
665	5	991	27
665	5	1304	28
665	5	1617	29
666	5	469	25
666	5	939	27
666	5	1252	28
666	5	1565	29
667	5	521	25
667	5	1095	27
667	5	1408	28
667	5	1722	29
668	5	991	25
668	5	1513	27
668	5	1878	28
668	5	2191	29
669	5	887	25
669	5	1408	27
669	5	1774	28
669	5	2087	29
670	5	887	25
670	5	1513	27
670	5	1826	28
670	5	2139	29
671	5	1408	25
672	5	887	25
672	5	1774	27
672	5	2139	28
673	5	834	25
673	5	1565	27
673	5	2087	28
674	5	782	25
674	5	1304	27
674	5	1617	28
674	5	1930	29
675	5	1043	25
675	5	1356	27
675	5	1669	28
675	5	1982	29
676	5	521	25
676	5	1043	27
676	5	1356	28
676	5	1669	29
677	5	939	25
677	5	1304	27
677	5	1617	28
677	5	1930	29
678	5	574	25
678	5	1095	27
678	5	1408	28
678	5	1722	29
679	5	1200	25
680	5	991	25
680	5	1304	27
680	5	1617	28
680	5	1930	29
681	5	991	25
682	5	626	25
682	5	1408	27
682	5	1722	28
682	5	2035	29
683	5	1252	25
684	5	991	25
684	5	1356	27
684	5	1669	28
684	5	1982	29
685	5	626	25
685	5	2035	27
686	5	574	25
686	5	1565	27
686	5	1878	28
686	5	2191	29
687	5	1408	25
687	5	2087	27
688	5	1200	25
688	5	1722	27
688	5	2139	28
689	5	1148	25
689	5	1669	27
689	5	2139	28
690	5	626	25
691	5	521	25
691	5	1148	27
691	5	1461	28
691	5	1774	29
692	5	626	25
692	5	1095	27
692	5	1408	28
692	5	1722	29
693	5	678	25
693	5	1252	27
693	5	1565	28
693	5	1878	29
694	5	626	25
694	5	1200	27
694	5	1513	28
694	5	1826	29
695	5	469	25
695	5	887	27
695	5	1200	28
695	5	1513	29
696	5	991	25
696	5	1826	27
697	5	521	25
697	5	1043	27
697	5	1356	28
697	5	1669	29
698	5	1513	25
698	5	1930	27
698	5	2243	28
699	5	730	25
699	5	1408	27
699	5	1722	28
699	5	2035	29
700	5	626	25
700	5	2295	27
701	5	991	25
701	5	1356	27
701	5	1669	28
701	5	1982	29
702	5	730	25
703	5	521	25
703	5	939	27
703	5	1252	28
703	5	1565	29
704	5	2035	25
705	5	991	25
705	5	1617	27
705	5	1930	28
705	5	2243	29
706	5	521	25
706	5	939	27
706	5	1252	28
706	5	1565	29
707	5	574	25
707	5	1408	27
707	5	1722	28
707	5	2035	29
708	5	1095	25
708	5	1461	27
708	5	1774	28
708	5	2087	29
709	5	574	25
709	5	1148	27
709	5	1461	28
709	5	1774	29
710	5	574	25
710	5	1148	27
710	5	1461	28
710	5	1774	29
711	5	1043	25
711	5	1408	27
711	5	1774	28
711	5	2087	29
712	5	887	25
712	5	1565	27
714	5	469	25
714	5	887	27
714	5	1200	28
714	5	1513	29
715	5	834	25
715	5	1513	27
715	5	1930	28
715	5	2243	29
716	5	469	25
716	5	782	27
716	5	1095	28
716	5	1408	29
717	5	1043	25
717	5	1356	27
717	5	1669	28
717	5	1982	29
718	5	521	25
718	5	1043	27
718	5	1356	28
718	5	1669	29
719	5	939	25
720	5	1982	25
721	5	782	25
721	5	1356	27
721	5	1669	28
721	5	1982	29
722	5	469	25
722	5	834	27
722	5	1148	28
722	5	1461	29
723	5	730	25
723	5	1826	27
724	5	782	25
724	5	2139	27
725	5	626	25
725	5	1200	27
725	5	1513	28
725	5	1826	29
726	5	730	25
726	5	1252	27
726	5	1565	28
726	5	1878	29
727	5	1252	25
728	5	1826	25
728	5	2139	27
729	5	574	25
729	5	1930	27
729	5	2243	28
730	5	730	25
730	5	1356	27
730	5	1722	28
730	5	2035	29
731	5	469	25
731	5	730	27
731	5	1878	28
731	5	2191	29
732	5	626	25
732	5	1461	27
732	5	2191	28
733	5	521	25
733	5	1043	27
733	5	1356	28
733	5	1669	29
734	5	469	25
734	5	939	27
734	5	1252	28
734	5	1565	29
735	5	1982	25
735	5	2295	27
736	5	1043	25
736	5	1669	27
737	5	574	25
737	5	1148	27
737	5	1461	28
737	5	1774	29
738	5	626	25
738	5	1095	27
738	5	1408	28
738	5	1722	29
738	5	2295	30
739	5	1095	25
739	5	1513	27
739	5	1826	28
739	5	2139	29
741	5	626	25
741	5	1461	27
741	5	1774	28
741	5	2087	29
742	5	469	25
742	5	939	27
742	5	1252	28
742	5	1513	29
743	5	521	25
743	5	887	27
743	5	1200	28
743	5	1513	29
744	5	1148	25
744	5	1513	27
744	5	1826	28
744	5	2139	29
745	5	1200	25
745	5	2191	27
746	5	1304	25
746	5	1669	27
747	5	730	25
747	5	1513	27
748	5	1982	25
749	5	1408	25
750	5	626	25
750	5	1982	27
750	5	2295	28
751	5	1356	25
752	5	939	25
752	5	1356	27
752	5	1669	28
752	5	1982	29
753	5	521	25
753	5	887	27
753	5	1200	28
753	5	1513	29
754	5	521	25
754	5	939	27
754	5	1252	28
754	5	1565	29
755	5	521	25
755	5	887	27
755	5	1200	28
755	5	1513	29
756	5	521	25
756	5	991	27
756	5	1304	28
756	5	1617	29
757	5	1617	25
757	5	2035	27
758	5	469	25
758	5	782	27
758	5	1095	28
758	5	1408	29
759	5	1356	25
760	5	730	25
760	5	2087	27
761	5	730	25
761	5	1617	27
761	5	1930	28
761	5	2243	29
762	5	626	25
762	5	1304	27
762	5	1617	28
762	5	1930	29
763	5	1148	25
763	5	1513	27
763	5	1878	28
763	5	2191	29
764	5	678	25
765	5	521	25
765	5	939	27
765	5	1252	28
765	5	1565	29
766	5	574	25
766	5	2087	27
767	5	1148	25
767	5	1565	27
767	5	1930	28
767	5	2243	29
768	5	1513	25
769	5	834	25
770	5	1982	25
771	5	1148	25
771	5	1513	27
772	5	887	25
772	5	2035	27
773	5	1408	25
774	5	521	25
774	5	939	27
774	5	1252	28
774	5	1565	29
775	5	1252	25
775	5	2191	27
776	5	469	25
776	5	834	27
776	5	1148	28
776	5	1461	29
777	5	2035	25
778	5	574	25
778	5	1408	27
778	5	1722	28
778	5	2035	29
779	5	1930	25
780	5	626	25
780	5	2087	27
781	5	626	25
781	5	1200	27
781	5	1513	28
781	5	1826	29
782	5	678	25
782	5	1826	27
782	5	2139	28
783	5	1461	25
783	5	2191	27
784	5	521	25
784	5	1043	27
784	5	1356	28
784	5	1669	29
785	5	626	25
785	5	2087	27
786	5	782	25
787	5	1356	25
787	5	1878	27
787	5	2191	28
788	5	574	25
788	5	1304	27
788	5	1617	28
788	5	1930	29
789	5	1095	25
789	5	1408	27
789	5	1722	28
789	5	2035	29
790	5	887	25
790	5	1461	27
790	5	1982	28
790	5	2295	29
791	5	1356	25
791	5	1982	27
792	5	574	25
793	5	469	25
793	5	939	27
793	5	1252	28
793	5	1565	29
794	5	469	25
794	5	834	27
794	5	1148	28
794	5	1461	29
795	5	1722	25
795	5	2087	27
796	5	1356	25
796	5	2191	27
797	5	521	25
797	5	887	27
797	5	1200	28
797	5	1513	29
798	5	991	25
798	5	1826	27
798	5	2139	28
800	5	1304	25
801	5	1356	25
801	5	1826	27
801	5	2139	28
802	5	626	25
802	5	1200	27
802	5	1513	28
802	5	1826	29
803	5	626	25
803	5	1095	27
803	5	1461	28
803	5	1774	29
804	5	678	25
804	5	1669	27
804	5	1982	28
804	5	2295	29
806	5	1408	25
806	5	1982	27
807	5	469	25
807	5	834	27
807	5	1148	28
807	5	1461	29
808	5	1982	25
809	5	1774	25
809	5	2139	27
810	5	469	25
810	5	939	27
810	5	1252	28
810	5	1565	29
811	5	469	25
811	5	834	27
811	5	1148	28
811	5	1461	29
812	5	521	25
812	5	1043	27
812	5	1356	28
812	5	1669	29
813	5	678	25
813	5	1617	27
813	5	1930	28
813	5	2243	29
814	5	678	25
815	5	469	25
815	5	991	27
815	5	1304	28
815	5	1617	29
816	5	1043	25
816	5	1513	27
816	5	1930	28
816	5	2243	29
817	5	2139	25
818	5	678	25
818	5	1252	27
818	5	1617	28
818	5	1930	29
819	5	1461	25
819	5	2035	27
820	5	730	25
820	5	2191	27
821	5	1148	25
821	5	1513	27
821	5	1982	28
821	5	2295	29
822	5	469	25
822	5	834	27
822	5	1148	28
822	5	1461	29
823	5	469	25
823	5	887	27
823	5	1200	28
823	5	1513	29
824	5	1043	25
824	5	1408	27
824	5	1722	28
824	5	2035	29
825	5	991	25
825	5	1356	27
825	5	1669	28
825	5	1982	29
826	5	991	25
826	5	1408	27
826	5	1722	28
826	5	2035	29
827	5	887	25
828	5	1252	25
828	5	1617	27
828	5	2035	28
829	5	1982	25
830	5	1095	25
830	5	1722	27
831	5	574	25
831	5	1095	27
831	5	1408	28
831	5	1722	29
831	5	2295	30
832	5	521	25
832	5	1043	27
832	5	1356	28
832	5	1669	29
832	5	2243	30
833	5	1200	25
833	5	1617	27
834	5	521	25
834	5	1043	27
834	5	1356	28
834	5	1669	29
835	5	678	25
835	5	1669	27
835	5	2139	28
836	5	2087	25
837	5	1200	25
837	5	1826	27
837	5	2139	28
838	5	521	25
838	5	991	27
838	5	1304	28
838	5	1617	29
839	5	1356	25
839	5	1774	27
839	5	2087	28
840	5	469	25
840	5	887	27
840	5	1200	28
840	5	1461	29
841	5	574	25
841	5	2295	27
842	5	834	25
842	5	1356	27
842	5	1669	28
842	5	1982	29
843	5	469	25
843	5	939	27
843	5	1252	28
843	5	1565	29
843	5	2139	30
844	5	1200	25
844	5	2087	27
845	5	1252	25
845	5	1774	27
846	5	1408	25
847	5	1200	25
847	5	1565	27
847	5	1878	28
847	5	2191	29
848	5	469	25
848	5	887	27
848	5	1200	28
848	5	1513	29
849	5	1982	25
850	5	521	25
850	5	1043	27
850	5	1356	28
850	5	1669	29
851	5	2295	25
852	5	939	25
853	5	1408	25
853	5	2035	27
854	5	1043	25
854	5	1356	27
854	5	1669	28
854	5	1982	29
855	5	626	25
855	5	2139	27
856	5	678	25
856	5	1774	27
857	5	1304	25
857	5	2035	27
858	5	730	25
858	5	1252	27
858	5	1565	28
858	5	1878	29
859	5	834	25
860	5	1617	25
861	5	521	25
862	5	1565	25
862	5	1982	27
863	5	574	25
863	5	1043	27
863	5	1356	28
863	5	1669	29
864	5	469	25
864	5	887	27
864	5	1200	28
864	5	1513	29
865	5	521	25
865	5	991	27
865	5	1304	28
865	5	1617	29
866	5	469	25
866	5	887	27
866	5	1200	28
866	5	1513	29
867	5	782	25
867	5	1774	27
867	5	2295	28
868	5	574	25
868	5	1200	27
868	5	1513	28
868	5	1826	29
869	5	991	25
869	5	1304	27
869	5	1617	28
869	5	1930	29
870	5	1095	25
870	5	1408	27
870	5	1982	28
870	5	2295	29
871	5	1095	25
871	5	1513	27
871	5	1826	28
871	5	2139	29
873	5	469	25
873	5	887	27
873	5	1200	28
873	5	1513	29
875	5	574	25
875	5	1252	27
875	5	1565	28
875	5	1878	29
876	5	521	25
876	5	939	27
876	5	1252	28
876	5	1565	29
877	5	469	25
877	5	887	27
877	5	1200	28
877	5	1513	29
878	5	1200	25
878	5	1617	27
878	5	2035	28
879	5	678	25
879	5	1669	27
879	5	2087	28
880	5	469	25
880	5	834	27
880	5	1148	28
880	5	1461	29
881	5	991	25
882	5	1252	25
882	5	1669	27
883	5	1774	25
883	5	2295	27
884	5	521	25
884	5	1461	27
884	5	1774	28
884	5	2087	29
885	5	521	25
885	5	887	27
885	5	1200	28
885	5	1513	29
886	5	991	25
886	5	1878	27
886	5	2191	28
887	5	678	25
887	5	1304	27
887	5	1774	28
887	5	2087	29
888	5	1826	25
889	5	1356	25
889	5	1878	27
890	5	1252	25
890	5	1565	27
890	5	1930	28
890	5	2243	29
891	5	574	25
891	5	1148	27
891	5	1461	28
891	5	1774	29
892	5	1513	25
892	5	1982	27
892	5	2295	28
893	5	574	25
893	5	2243	27
894	5	626	25
894	5	1669	27
894	5	1982	28
894	5	2295	29
895	5	678	25
895	5	1722	27
895	5	2035	28
896	5	574	25
896	5	939	27
896	5	1252	28
896	5	1565	29
897	5	574	25
897	5	1043	27
897	5	1356	28
897	5	1669	29
898	5	521	25
898	5	1095	27
898	5	1408	28
898	5	1722	29
899	5	521	25
899	5	939	27
899	5	1252	28
899	5	1565	29
900	5	991	25
900	5	1722	27
900	5	2035	28
901	5	469	25
901	5	887	27
901	5	1200	28
901	5	1513	29
902	5	834	25
902	5	1304	27
902	5	1617	28
902	5	1930	29
903	5	574	25
903	5	991	27
903	5	1304	28
903	5	1617	29
905	5	1095	25
905	5	1826	27
905	5	2243	28
906	5	521	25
906	5	1565	27
906	5	1878	28
906	5	2191	29
907	5	2035	25
908	5	521	25
908	5	887	27
908	5	1200	28
908	5	1513	29
909	5	1930	25
910	5	1095	25
910	5	1513	27
910	5	1930	28
910	5	2243	29
911	5	1252	25
912	5	574	25
913	5	1304	25
913	5	1722	27
913	5	2035	28
914	5	834	25
914	5	1304	27
914	5	1617	28
914	5	1930	29
915	5	1252	25
915	5	1669	27
916	5	521	25
916	5	1095	27
916	5	1408	28
916	5	1722	29
917	5	730	25
917	5	1878	27
917	5	2191	28
918	5	1200	25
918	5	1461	27
919	5	1356	25
919	5	2087	27
920	5	834	25
920	5	1982	27
920	5	2295	28
921	5	782	25
922	5	678	25
922	5	1878	27
922	5	2191	28
923	5	1252	25
923	5	1826	27
924	5	574	25
924	5	1095	27
924	5	1408	28
924	5	1722	29
925	5	521	25
925	5	991	27
925	5	1304	28
925	5	1617	29
926	5	626	25
926	5	1148	27
926	5	1461	28
926	5	1774	29
927	5	887	25
927	5	1356	27
927	5	1669	28
927	5	1982	29
929	5	574	25
929	5	1252	27
929	5	1565	28
929	5	1878	29
931	5	469	25
931	5	834	27
931	5	1148	28
931	5	1461	29
932	5	1095	25
932	5	1565	27
932	5	1878	28
932	5	2191	29
933	5	1252	25
933	5	1565	27
933	5	1878	28
933	5	2191	29
934	5	991	25
934	5	1565	27
935	5	574	25
935	5	1200	27
935	5	1513	28
935	5	1826	29
936	5	834	25
936	5	1878	27
936	5	2191	28
937	5	887	25
937	5	1982	27
937	5	2295	28
938	5	991	25
938	5	1565	27
938	5	1878	28
938	5	2191	29
939	5	1252	25
940	5	678	25
940	5	1200	27
940	5	1513	28
940	5	1826	29
941	5	469	25
941	5	887	27
941	5	1200	28
941	5	1513	29
942	5	521	25
942	5	939	27
942	5	1252	28
942	5	1565	29
943	5	782	25
944	5	730	25
944	5	1669	27
944	5	1982	28
944	5	2295	29
945	5	1461	25
946	5	782	25
946	5	1565	27
946	5	1878	28
946	5	2191	29
947	5	521	25
947	5	991	27
947	5	1304	28
947	5	1461	29
948	5	521	25
948	5	887	27
948	5	1200	28
948	5	1513	29
949	5	469	25
949	5	834	27
949	5	1148	28
949	5	1461	29
950	5	469	25
950	5	887	27
950	5	1200	28
950	5	1513	29
952	5	2191	25
953	5	521	25
953	5	991	27
953	5	1304	28
953	5	1617	29
954	5	469	25
954	5	939	27
954	5	1252	28
954	5	1565	29
956	5	782	25
957	5	1513	25
958	5	1148	25
958	5	2243	27
960	5	678	25
960	5	1356	27
960	5	1669	28
960	5	1982	29
961	5	626	25
961	5	1252	27
961	5	1565	28
961	5	1878	29
962	5	1982	25
962	5	2295	27
963	5	574	25
963	5	1826	27
963	5	2139	28
964	5	521	25
964	5	1043	27
964	5	1356	28
964	5	1669	29
965	5	939	25
965	5	1408	27
965	5	1722	28
965	5	2035	29
966	5	521	25
966	5	887	27
966	5	1200	28
966	5	1513	29
967	5	1408	25
968	5	678	25
968	5	1408	27
968	5	1930	28
968	5	2243	29
969	5	730	25
969	5	1252	27
969	5	1565	28
969	5	1878	29
971	5	574	25
971	5	1148	27
971	5	1461	28
971	5	1774	29
972	5	469	25
972	5	834	27
972	5	1148	28
972	5	1461	29
972	5	2139	30
973	5	678	25
974	5	626	25
974	5	2087	27
975	5	1304	25
975	5	2035	27
976	5	678	25
976	5	1200	27
976	5	1513	28
976	5	1826	29
977	5	1826	25
978	5	521	25
978	5	991	27
978	5	1304	28
978	5	1617	29
979	5	1304	25
979	5	1669	27
979	5	1982	28
979	5	2295	29
980	5	1774	25
980	5	2295	27
981	5	939	25
981	5	1304	27
981	5	1617	28
981	5	1930	29
982	5	574	25
982	5	1304	27
983	5	521	25
983	5	887	27
983	5	1200	28
983	5	1513	29
984	5	991	25
984	5	1513	27
984	5	1826	28
984	5	2139	29
985	5	1095	25
985	5	1513	27
985	5	1826	28
985	5	2139	29
986	5	2243	25
987	5	1200	25
987	5	2035	27
988	5	626	25
988	5	1774	27
988	5	2087	28
989	5	469	25
989	5	939	27
989	5	1252	28
989	5	1565	29
990	5	1774	25
990	5	2087	27
992	5	1930	25
993	5	887	25
994	5	1982	25
995	5	469	25
995	5	887	27
995	5	1200	28
995	5	1513	29
996	5	1200	25
996	5	1722	27
997	5	2295	25
998	5	626	25
998	5	1148	27
998	5	1461	28
998	5	1774	29
999	5	1408	25
999	5	2243	27
