Realization	utility	week	infra.
0	0	626	29
1	0	626	29
2	0	469	29
3	0	521	29
4	0	574	29
4	0	2139	30
5	0	521	29
6	0	417	29
7	0	469	29
8	0	574	29
9	0	574	29
10	0	521	29
11	0	521	29
12	0	521	29
13	0	574	29
14	0	469	29
15	0	469	29
16	0	574	29
17	0	574	29
18	0	417	29
19	0	626	29
20	0	521	29
21	0	417	29
22	0	521	29
23	0	521	29
24	0	469	29
25	0	626	29
26	0	521	29
27	0	469	29
28	0	469	29
29	0	521	29
30	0	574	29
31	0	574	29
32	0	574	29
33	0	521	29
34	0	469	29
35	0	574	29
36	0	574	29
37	0	574	29
38	0	574	29
39	0	574	29
40	0	574	29
40	0	2191	30
41	0	574	29
42	0	626	29
43	0	417	29
44	0	521	29
45	0	626	29
46	0	469	29
47	0	574	29
48	0	469	29
49	0	469	29
50	0	521	29
51	0	626	29
52	0	521	29
53	0	469	29
53	0	2139	30
54	0	574	29
55	0	574	29
56	0	574	29
57	0	469	29
58	0	469	29
59	0	521	29
60	0	574	29
61	0	626	29
62	0	574	29
63	0	417	29
64	0	626	29
65	0	469	29
66	0	521	29
67	0	574	29
68	0	626	29
69	0	469	29
70	0	469	29
71	0	521	29
72	0	574	29
73	0	469	29
74	0	574	29
75	0	626	29
76	0	469	29
77	0	626	29
78	0	574	29
79	0	626	29
80	0	626	29
81	0	521	29
82	0	521	29
83	0	574	29
84	0	574	29
85	0	521	29
86	0	469	29
87	0	417	29
87	0	2243	30
88	0	521	29
89	0	574	29
90	0	574	29
91	0	521	29
92	0	521	29
93	0	521	29
94	0	417	29
95	0	626	29
96	0	521	29
97	0	469	29
98	0	521	29
99	0	626	29
100	0	626	29
101	0	521	29
102	0	521	29
103	0	469	29
104	0	417	29
105	0	469	29
106	0	469	29
106	0	2243	30
107	0	574	29
108	0	574	29
109	0	574	29
110	0	574	29
111	0	574	29
112	0	469	29
113	0	469	29
114	0	574	29
115	0	626	29
116	0	469	29
117	0	574	29
118	0	626	29
119	0	574	29
120	0	574	29
121	0	469	29
122	0	626	29
123	0	469	29
124	0	626	29
125	0	469	29
126	0	469	29
127	0	574	29
128	0	521	29
129	0	469	29
130	0	417	29
131	0	574	29
131	0	2295	30
132	0	574	29
133	0	521	29
134	0	626	29
135	0	521	29
136	0	469	29
136	0	2295	30
137	0	469	29
138	0	574	29
138	0	2243	30
139	0	626	29
139	0	2035	30
140	0	469	29
141	0	521	29
142	0	521	29
143	0	521	29
144	0	469	29
145	0	469	29
146	0	574	29
147	0	574	29
148	0	417	29
149	0	574	29
150	0	469	29
151	0	417	29
152	0	469	29
153	0	521	29
154	0	574	29
155	0	521	29
156	0	521	29
157	0	469	29
158	0	469	29
159	0	574	29
159	0	2295	30
160	0	521	29
161	0	469	29
162	0	521	29
163	0	521	29
164	0	469	29
165	0	469	29
166	0	574	29
167	0	574	29
168	0	469	29
169	0	626	29
170	0	574	29
171	0	574	29
172	0	574	29
173	0	574	29
174	0	469	29
175	0	521	29
176	0	521	29
177	0	626	29
178	0	469	29
179	0	521	29
180	0	626	29
181	0	521	29
182	0	417	29
183	0	469	29
184	0	626	29
185	0	626	29
186	0	469	29
187	0	469	29
188	0	574	29
189	0	574	29
190	0	469	29
191	0	626	29
192	0	626	29
193	0	521	29
194	0	521	29
195	0	574	29
196	0	469	29
196	0	1826	30
197	0	469	29
198	0	574	29
199	0	521	29
200	0	574	29
201	0	469	29
202	0	574	29
203	0	417	29
204	0	521	29
205	0	574	29
206	0	521	29
206	0	1878	30
207	0	574	29
208	0	469	29
209	0	521	29
210	0	417	29
211	0	469	29
212	0	574	29
213	0	469	29
214	0	469	29
215	0	469	29
216	0	469	29
217	0	521	29
218	0	574	29
219	0	417	29
220	0	574	29
221	0	417	29
222	0	521	29
223	0	469	29
224	0	574	29
225	0	574	29
225	0	2243	30
226	0	469	29
227	0	626	29
228	0	469	29
229	0	469	29
230	0	469	29
231	0	469	29
232	0	574	29
233	0	574	29
234	0	469	29
235	0	521	29
236	0	469	29
237	0	469	29
238	0	574	29
239	0	626	29
240	0	521	29
240	0	2295	30
241	0	469	29
242	0	574	29
243	0	469	29
243	0	2191	30
244	0	417	29
245	0	521	29
246	0	469	29
247	0	469	29
248	0	521	29
249	0	521	29
250	0	521	29
250	0	2191	30
251	0	469	29
252	0	574	29
253	0	521	29
254	0	521	29
255	0	521	29
256	0	417	29
257	0	521	29
258	0	626	29
259	0	521	29
260	0	469	29
261	0	521	29
262	0	521	29
263	0	521	29
264	0	574	29
265	0	574	29
266	0	521	29
267	0	521	29
268	0	626	29
269	0	626	29
270	0	521	29
271	0	521	29
272	0	469	29
272	0	1982	30
273	0	574	29
274	0	469	29
275	0	469	29
276	0	574	29
277	0	574	29
278	0	469	29
279	0	574	29
280	0	417	29
281	0	574	29
282	0	574	29
283	0	469	29
284	0	574	29
284	0	2191	30
285	0	521	29
286	0	469	29
286	0	2243	30
287	0	574	29
288	0	626	29
289	0	417	29
290	0	574	29
291	0	626	29
292	0	626	29
293	0	521	29
293	0	2191	30
294	0	574	29
295	0	469	29
296	0	521	29
297	0	574	29
298	0	574	29
299	0	574	29
300	0	417	29
301	0	521	29
302	0	574	29
303	0	469	29
303	0	2191	30
304	0	521	29
305	0	469	29
306	0	469	29
307	0	469	29
308	0	417	29
309	0	521	29
309	0	2087	30
310	0	574	29
310	0	2191	30
311	0	521	29
312	0	521	29
313	0	574	29
314	0	469	29
315	0	521	29
316	0	574	29
317	0	574	29
318	0	626	29
319	0	469	29
320	0	626	29
321	0	626	29
322	0	469	29
323	0	574	29
324	0	626	29
325	0	626	29
326	0	574	29
327	0	521	29
328	0	469	29
329	0	574	29
330	0	521	29
331	0	626	29
332	0	626	29
333	0	574	29
334	0	521	29
335	0	574	29
336	0	574	29
337	0	521	29
338	0	469	29
339	0	626	29
340	0	521	29
341	0	521	29
342	0	469	29
343	0	574	29
344	0	626	29
345	0	469	29
346	0	417	29
346	0	2191	30
347	0	626	29
348	0	574	29
349	0	574	29
350	0	574	29
351	0	574	29
352	0	469	29
353	0	574	29
354	0	469	29
355	0	626	29
356	0	521	29
357	0	574	29
358	0	469	29
359	0	469	29
360	0	521	29
361	0	521	29
362	0	469	29
363	0	469	29
364	0	574	29
365	0	521	29
366	0	469	29
367	0	521	29
368	0	574	29
368	0	2139	30
369	0	521	29
370	0	469	29
371	0	469	29
372	0	626	29
373	0	626	29
374	0	469	29
375	0	469	29
376	0	574	29
377	0	574	29
378	0	521	29
379	0	626	29
380	0	574	29
381	0	521	29
382	0	626	29
383	0	469	29
384	0	626	29
385	0	521	29
386	0	417	29
387	0	521	29
388	0	574	29
389	0	574	29
390	0	521	29
391	0	521	29
392	0	521	29
393	0	521	29
394	0	574	29
395	0	626	29
396	0	574	29
397	0	469	29
398	0	469	29
399	0	469	29
400	0	521	29
401	0	469	29
402	0	574	29
403	0	469	29
404	0	626	29
405	0	469	29
406	0	574	29
407	0	574	29
408	0	469	29
409	0	574	29
410	0	626	29
411	0	417	29
412	0	626	29
412	0	1982	30
413	0	574	29
413	0	2295	30
414	0	469	29
415	0	626	29
416	0	469	29
417	0	521	29
418	0	521	29
419	0	417	29
420	0	574	29
421	0	521	29
422	0	469	29
423	0	521	29
424	0	521	29
424	0	2087	30
425	0	521	29
426	0	521	29
427	0	521	29
428	0	521	29
429	0	417	29
430	0	521	29
431	0	521	29
432	0	626	29
433	0	521	29
434	0	626	29
434	0	2139	30
435	0	469	29
436	0	574	29
437	0	521	29
438	0	417	29
439	0	574	29
440	0	469	29
441	0	574	29
442	0	574	29
443	0	469	29
444	0	521	29
445	0	574	29
446	0	626	29
447	0	469	29
448	0	521	29
449	0	521	29
450	0	469	29
451	0	469	29
452	0	469	29
453	0	521	29
454	0	469	29
455	0	574	29
456	0	626	29
457	0	469	29
458	0	521	29
459	0	417	29
460	0	574	29
461	0	469	29
462	0	469	29
463	0	521	29
464	0	521	29
465	0	574	29
466	0	521	29
467	0	469	29
468	0	574	29
469	0	521	29
470	0	574	29
471	0	469	29
472	0	469	29
473	0	521	29
474	0	521	29
475	0	574	29
476	0	521	29
477	0	469	29
478	0	574	29
479	0	417	29
480	0	521	29
481	0	521	29
482	0	626	29
483	0	626	29
484	0	521	29
485	0	626	29
486	0	574	29
487	0	574	29
488	0	469	29
489	0	574	29
490	0	521	29
491	0	626	29
492	0	521	29
493	0	521	29
494	0	521	29
495	0	574	29
496	0	469	29
497	0	469	29
498	0	574	29
499	0	521	29
500	0	521	29
501	0	626	29
502	0	574	29
503	0	574	29
503	0	1930	30
504	0	417	29
505	0	521	29
506	0	469	29
507	0	521	29
508	0	626	29
508	0	2139	30
509	0	626	29
510	0	574	29
511	0	574	29
512	0	574	29
513	0	469	29
514	0	574	29
515	0	521	29
516	0	469	29
517	0	521	29
518	0	626	29
519	0	469	29
520	0	574	29
521	0	574	29
522	0	574	29
523	0	574	29
524	0	417	29
525	0	521	29
526	0	469	29
527	0	469	29
528	0	574	29
529	0	626	29
529	0	2139	30
530	0	521	29
531	0	626	29
532	0	521	29
533	0	574	29
534	0	626	29
535	0	574	29
536	0	574	29
537	0	521	29
538	0	469	29
539	0	574	29
540	0	469	29
541	0	469	29
542	0	626	29
543	0	626	29
544	0	469	29
544	0	2191	30
545	0	574	29
546	0	626	29
547	0	574	29
547	0	2295	30
548	0	574	29
549	0	521	29
550	0	469	29
550	0	2087	30
551	0	469	29
552	0	574	29
553	0	469	29
554	0	469	29
555	0	469	29
555	0	1930	30
556	0	469	29
557	0	469	29
558	0	417	29
559	0	521	29
560	0	521	29
561	0	521	29
562	0	469	29
563	0	469	29
564	0	417	29
565	0	521	29
565	0	2139	30
566	0	469	29
567	0	469	29
568	0	521	29
569	0	574	29
570	0	469	29
571	0	521	29
572	0	574	29
573	0	574	29
574	0	626	29
575	0	521	29
576	0	469	29
577	0	626	29
578	0	469	29
579	0	521	29
580	0	521	29
581	0	521	29
582	0	521	29
583	0	626	29
584	0	521	29
585	0	521	29
586	0	521	29
587	0	469	29
588	0	521	29
589	0	469	29
590	0	574	29
591	0	521	29
592	0	469	29
593	0	521	29
594	0	469	29
595	0	574	29
595	0	2191	30
596	0	521	29
597	0	626	29
598	0	521	29
599	0	574	29
600	0	574	29
601	0	574	29
602	0	417	29
603	0	469	29
604	0	521	29
605	0	469	29
606	0	574	29
607	0	469	29
608	0	469	29
609	0	521	29
610	0	626	29
611	0	469	29
612	0	469	29
613	0	574	29
614	0	574	29
615	0	417	29
616	0	574	29
617	0	574	29
618	0	626	29
619	0	521	29
620	0	574	29
621	0	521	29
622	0	469	29
623	0	521	29
624	0	469	29
625	0	574	29
626	0	417	29
627	0	521	29
628	0	521	29
629	0	469	29
630	0	521	29
631	0	469	29
632	0	574	29
633	0	469	29
634	0	469	29
635	0	626	29
636	0	521	29
637	0	417	29
638	0	574	29
639	0	469	29
640	0	469	29
641	0	469	29
642	0	626	29
643	0	574	29
644	0	626	29
645	0	626	29
646	0	574	29
647	0	626	29
648	0	626	29
649	0	574	29
650	0	574	29
651	0	521	29
652	0	521	29
653	0	574	29
654	0	469	29
655	0	469	29
656	0	469	29
657	0	469	29
658	0	574	29
659	0	626	29
660	0	521	29
661	0	574	29
662	0	521	29
663	0	574	29
664	0	521	29
664	0	2295	30
665	0	626	29
666	0	574	29
667	0	469	29
668	0	469	29
669	0	626	29
670	0	521	29
671	0	626	29
672	0	626	29
673	0	469	29
674	0	521	29
675	0	626	29
676	0	574	29
677	0	521	29
678	0	574	29
679	0	574	29
680	0	626	29
681	0	521	29
682	0	469	29
683	0	521	29
684	0	574	29
685	0	469	29
686	0	574	29
687	0	626	29
688	0	469	29
689	0	574	29
690	0	469	29
691	0	574	29
691	0	2243	30
692	0	469	29
693	0	417	29
694	0	626	29
695	0	521	29
696	0	469	29
697	0	521	29
698	0	521	29
699	0	469	29
700	0	469	29
701	0	469	29
702	0	469	29
703	0	469	29
704	0	574	29
705	0	626	29
706	0	469	29
707	0	574	29
708	0	521	29
709	0	469	29
710	0	469	29
711	0	521	29
712	0	521	29
713	0	626	29
714	0	626	29
715	0	574	29
716	0	574	29
717	0	574	29
718	0	469	29
719	0	521	29
720	0	521	29
721	0	574	29
722	0	469	29
723	0	417	29
724	0	469	29
725	0	521	29
726	0	469	29
727	0	521	29
728	0	574	29
729	0	626	29
730	0	574	29
731	0	521	29
732	0	574	29
733	0	574	29
734	0	469	29
735	0	626	29
736	0	574	29
737	0	574	29
738	0	521	29
738	0	2243	30
739	0	574	29
740	0	469	29
741	0	469	29
742	0	574	29
742	0	2191	30
743	0	521	29
744	0	521	29
745	0	521	29
746	0	417	29
747	0	626	29
748	0	417	29
749	0	574	29
750	0	626	29
751	0	626	29
752	0	521	29
753	0	521	29
753	0	2243	30
754	0	574	29
755	0	574	29
756	0	521	29
757	0	417	29
758	0	574	29
759	0	417	29
760	0	469	29
761	0	469	29
762	0	521	29
763	0	521	29
764	0	626	29
765	0	469	29
766	0	574	29
767	0	469	29
768	0	417	29
769	0	626	29
770	0	469	29
771	0	574	29
772	0	469	29
773	0	521	29
774	0	469	29
775	0	469	29
776	0	469	29
776	0	2243	30
777	0	521	29
778	0	574	29
779	0	417	29
780	0	574	29
781	0	521	29
782	0	469	29
783	0	521	29
784	0	469	29
785	0	574	29
786	0	469	29
787	0	574	29
788	0	469	29
789	0	574	29
790	0	469	29
791	0	626	29
792	0	574	29
793	0	469	29
794	0	521	29
795	0	574	29
796	0	521	29
797	0	574	29
798	0	521	29
799	0	574	29
800	0	417	29
801	0	626	29
802	0	469	29
803	0	574	29
804	0	469	29
805	0	574	29
806	0	521	29
807	0	626	29
808	0	521	29
809	0	521	29
810	0	469	29
811	0	521	29
812	0	417	29
812	0	2295	30
813	0	626	29
814	0	574	29
815	0	417	29
816	0	626	29
817	0	521	29
818	0	521	29
819	0	521	29
820	0	521	29
821	0	574	29
822	0	521	29
823	0	626	29
823	0	2139	30
824	0	574	29
825	0	469	29
826	0	574	29
827	0	521	29
828	0	469	29
829	0	626	29
830	0	521	29
831	0	469	29
831	0	2139	30
832	0	626	29
832	0	2139	30
833	0	521	29
834	0	574	29
834	0	2243	30
835	0	521	29
836	0	574	29
837	0	574	29
838	0	417	29
839	0	574	29
840	0	417	29
841	0	469	29
842	0	469	29
843	0	574	29
843	0	2035	30
844	0	469	29
845	0	626	29
846	0	469	29
847	0	521	29
848	0	469	29
849	0	574	29
850	0	521	29
851	0	574	29
852	0	626	29
853	0	521	29
854	0	574	29
855	0	469	29
856	0	626	29
857	0	574	29
858	0	626	29
859	0	521	29
860	0	574	29
861	0	626	29
862	0	521	29
863	0	469	29
864	0	469	29
864	0	2139	30
865	0	469	29
866	0	574	29
867	0	521	29
868	0	469	29
869	0	417	29
870	0	417	29
871	0	469	29
872	0	521	29
873	0	521	29
874	0	574	29
875	0	417	29
876	0	521	29
877	0	521	29
878	0	521	29
879	0	521	29
880	0	626	29
881	0	521	29
882	0	521	29
883	0	521	29
884	0	574	29
885	0	626	29
886	0	574	29
887	0	521	29
888	0	521	29
889	0	521	29
890	0	574	29
891	0	574	29
892	0	469	29
893	0	521	29
894	0	574	29
895	0	417	29
896	0	626	29
897	0	469	29
898	0	469	29
899	0	521	29
900	0	574	29
901	0	574	29
902	0	626	29
903	0	417	29
903	0	2295	30
904	0	521	29
905	0	626	29
906	0	469	29
907	0	574	29
908	0	574	29
909	0	469	29
910	0	521	29
911	0	574	29
912	0	469	29
913	0	469	29
914	0	574	29
915	0	626	29
916	0	521	29
917	0	521	29
918	0	469	29
919	0	574	29
920	0	574	29
921	0	469	29
922	0	521	29
923	0	521	29
924	0	469	29
925	0	574	29
926	0	521	29
927	0	521	29
928	0	574	29
929	0	574	29
930	0	574	29
931	0	521	29
932	0	521	29
933	0	469	29
934	0	574	29
935	0	417	29
936	0	469	29
937	0	574	29
938	0	417	29
939	0	521	29
940	0	469	29
941	0	469	29
942	0	469	29
943	0	469	29
944	0	469	29
945	0	574	29
946	0	417	29
947	0	574	29
947	0	2139	30
948	0	574	29
949	0	417	29
950	0	626	29
951	0	417	29
952	0	626	29
953	0	626	29
954	0	469	29
955	0	574	29
956	0	521	29
957	0	417	29
958	0	574	29
959	0	574	29
960	0	626	29
961	0	574	29
962	0	521	29
963	0	574	29
964	0	469	29
964	0	2243	30
965	0	626	29
966	0	521	29
967	0	574	29
968	0	469	29
969	0	469	29
970	0	469	29
971	0	521	29
972	0	521	29
972	0	2191	30
973	0	469	29
974	0	469	29
975	0	521	29
976	0	469	29
977	0	469	29
978	0	469	29
979	0	417	29
980	0	574	29
981	0	574	29
982	0	469	29
983	0	521	29
984	0	469	29
985	0	626	29
986	0	469	29
987	0	521	29
988	0	521	29
989	0	521	29
990	0	469	29
991	0	521	29
992	0	626	29
993	0	574	29
994	0	469	29
995	0	521	29
996	0	521	29
997	0	469	29
998	0	469	29
998	0	2139	30
999	0	469	29
0	1	626	29
1	1	626	29
2	1	469	29
3	1	521	29
4	1	574	29
4	1	2139	30
5	1	521	29
6	1	417	29
7	1	469	29
8	1	574	29
9	1	574	29
10	1	521	29
11	1	521	29
12	1	521	29
13	1	574	29
14	1	469	29
15	1	469	29
16	1	574	29
17	1	574	29
18	1	417	29
19	1	626	29
20	1	521	29
21	1	417	29
22	1	521	29
23	1	521	29
24	1	469	29
25	1	626	29
26	1	521	29
27	1	469	29
28	1	469	29
29	1	521	29
30	1	574	29
31	1	574	29
32	1	574	29
33	1	521	29
34	1	469	29
35	1	574	29
36	1	574	29
37	1	574	29
38	1	574	29
39	1	574	29
40	1	574	29
40	1	2191	30
41	1	574	29
42	1	626	29
43	1	417	29
44	1	521	29
45	1	626	29
46	1	469	29
47	1	574	29
48	1	469	29
49	1	469	29
50	1	521	29
51	1	626	29
52	1	521	29
53	1	469	29
53	1	2139	30
54	1	574	29
55	1	574	29
56	1	574	29
57	1	469	29
58	1	469	29
59	1	521	29
60	1	574	29
61	1	626	29
62	1	574	29
63	1	417	29
64	1	626	29
65	1	469	29
66	1	521	29
67	1	574	29
68	1	626	29
69	1	469	29
70	1	469	29
71	1	521	29
72	1	574	29
73	1	469	29
74	1	574	29
75	1	626	29
76	1	469	29
77	1	626	29
78	1	574	29
79	1	626	29
80	1	626	29
81	1	521	29
82	1	521	29
83	1	574	29
84	1	574	29
85	1	521	29
86	1	469	29
87	1	417	29
87	1	2243	30
88	1	521	29
89	1	574	29
90	1	574	29
91	1	521	29
92	1	521	29
93	1	521	29
94	1	417	29
95	1	626	29
96	1	521	29
97	1	469	29
98	1	521	29
99	1	626	29
100	1	626	29
101	1	521	29
102	1	521	29
103	1	469	29
104	1	417	29
105	1	469	29
106	1	469	29
106	1	2243	30
107	1	574	29
108	1	574	29
109	1	574	29
110	1	574	29
111	1	574	29
112	1	469	29
113	1	469	29
114	1	574	29
115	1	626	29
116	1	469	29
117	1	574	29
118	1	626	29
119	1	574	29
120	1	574	29
121	1	469	29
122	1	626	29
123	1	469	29
124	1	626	29
125	1	469	29
126	1	469	29
127	1	574	29
128	1	521	29
129	1	469	29
130	1	417	29
131	1	574	29
131	1	2295	30
132	1	574	29
133	1	521	29
134	1	626	29
135	1	521	29
136	1	469	29
136	1	2295	30
137	1	469	29
138	1	574	29
138	1	2243	30
139	1	626	29
139	1	2035	30
140	1	469	29
141	1	521	29
142	1	521	29
143	1	521	29
144	1	469	29
145	1	469	29
146	1	574	29
147	1	574	29
148	1	417	29
149	1	574	29
150	1	469	29
151	1	417	29
152	1	469	29
153	1	521	29
154	1	574	29
155	1	521	29
156	1	521	29
157	1	469	29
158	1	469	29
159	1	574	29
159	1	2295	30
160	1	521	29
161	1	469	29
162	1	521	29
163	1	521	29
164	1	469	29
165	1	469	29
166	1	574	29
167	1	574	29
168	1	469	29
169	1	626	29
170	1	574	29
171	1	574	29
172	1	574	29
173	1	574	29
174	1	469	29
175	1	521	29
176	1	521	29
177	1	626	29
178	1	469	29
179	1	521	29
180	1	626	29
181	1	521	29
182	1	417	29
183	1	469	29
184	1	626	29
185	1	626	29
186	1	469	29
187	1	469	29
188	1	574	29
189	1	574	29
190	1	469	29
191	1	626	29
192	1	626	29
193	1	521	29
194	1	521	29
195	1	574	29
196	1	469	29
196	1	1826	30
197	1	469	29
198	1	574	29
199	1	521	29
200	1	574	29
201	1	469	29
202	1	574	29
203	1	417	29
204	1	521	29
205	1	574	29
206	1	521	29
206	1	1878	30
207	1	574	29
208	1	469	29
209	1	521	29
210	1	417	29
211	1	469	29
212	1	574	29
213	1	469	29
214	1	469	29
215	1	469	29
216	1	469	29
217	1	521	29
218	1	574	29
219	1	417	29
220	1	574	29
221	1	417	29
222	1	521	29
223	1	469	29
224	1	574	29
225	1	574	29
225	1	2243	30
226	1	469	29
227	1	626	29
228	1	469	29
229	1	469	29
230	1	469	29
231	1	469	29
232	1	574	29
233	1	574	29
234	1	469	29
235	1	521	29
236	1	469	29
237	1	469	29
238	1	574	29
239	1	626	29
240	1	521	29
240	1	2295	30
241	1	469	29
242	1	574	29
243	1	469	29
243	1	2191	30
244	1	417	29
245	1	521	29
246	1	469	29
247	1	469	29
248	1	521	29
249	1	521	29
250	1	521	29
250	1	2191	30
251	1	469	29
252	1	574	29
253	1	521	29
254	1	521	29
255	1	521	29
256	1	417	29
257	1	521	29
258	1	626	29
259	1	521	29
260	1	469	29
261	1	521	29
262	1	521	29
263	1	521	29
264	1	574	29
265	1	574	29
266	1	521	29
267	1	521	29
268	1	626	29
269	1	626	29
270	1	521	29
271	1	521	29
272	1	469	29
272	1	1982	30
273	1	574	29
274	1	469	29
275	1	469	29
276	1	574	29
277	1	574	29
278	1	469	29
279	1	574	29
280	1	417	29
281	1	574	29
282	1	574	29
283	1	469	29
284	1	574	29
284	1	2191	30
285	1	521	29
286	1	469	29
286	1	2243	30
287	1	574	29
288	1	626	29
289	1	417	29
290	1	574	29
291	1	626	29
292	1	626	29
293	1	521	29
293	1	2191	30
294	1	574	29
295	1	469	29
296	1	521	29
297	1	574	29
298	1	574	29
299	1	574	29
300	1	417	29
301	1	521	29
302	1	574	29
303	1	469	29
303	1	2191	30
304	1	521	29
305	1	469	29
306	1	469	29
307	1	469	29
308	1	417	29
309	1	521	29
309	1	2087	30
310	1	574	29
310	1	2191	30
311	1	521	29
312	1	521	29
313	1	574	29
314	1	469	29
315	1	521	29
316	1	574	29
317	1	574	29
318	1	626	29
319	1	469	29
320	1	626	29
321	1	626	29
322	1	469	29
323	1	574	29
324	1	626	29
325	1	626	29
326	1	574	29
327	1	521	29
328	1	469	29
329	1	574	29
330	1	521	29
331	1	626	29
332	1	626	29
333	1	574	29
334	1	521	29
335	1	574	29
336	1	574	29
337	1	521	29
338	1	469	29
339	1	626	29
340	1	521	29
341	1	521	29
342	1	469	29
343	1	574	29
344	1	626	29
345	1	469	29
346	1	417	29
346	1	2191	30
347	1	626	29
348	1	574	29
349	1	574	29
350	1	574	29
351	1	574	29
352	1	469	29
353	1	574	29
354	1	469	29
355	1	626	29
356	1	521	29
357	1	574	29
358	1	469	29
359	1	469	29
360	1	521	29
361	1	521	29
362	1	469	29
363	1	469	29
364	1	574	29
365	1	521	29
366	1	469	29
367	1	521	29
368	1	574	29
368	1	2139	30
369	1	521	29
370	1	469	29
371	1	469	29
372	1	626	29
373	1	626	29
374	1	469	29
375	1	469	29
376	1	574	29
377	1	574	29
378	1	521	29
379	1	626	29
380	1	574	29
381	1	521	29
382	1	626	29
383	1	469	29
384	1	626	29
385	1	521	29
386	1	417	29
387	1	521	29
388	1	574	29
389	1	574	29
390	1	521	29
391	1	521	29
392	1	521	29
393	1	521	29
394	1	574	29
395	1	626	29
396	1	574	29
397	1	469	29
398	1	469	29
399	1	469	29
400	1	521	29
401	1	469	29
402	1	574	29
403	1	469	29
404	1	626	29
405	1	469	29
406	1	574	29
407	1	574	29
408	1	469	29
409	1	574	29
410	1	626	29
411	1	417	29
412	1	626	29
412	1	1982	30
413	1	574	29
413	1	2295	30
414	1	469	29
415	1	626	29
416	1	469	29
417	1	521	29
418	1	521	29
419	1	417	29
420	1	574	29
421	1	521	29
422	1	469	29
423	1	521	29
424	1	521	29
424	1	2087	30
425	1	521	29
426	1	521	29
427	1	521	29
428	1	521	29
429	1	417	29
430	1	521	29
431	1	521	29
432	1	626	29
433	1	521	29
434	1	626	29
434	1	2139	30
435	1	469	29
436	1	574	29
437	1	521	29
438	1	417	29
439	1	574	29
440	1	469	29
441	1	574	29
442	1	574	29
443	1	469	29
444	1	521	29
445	1	574	29
446	1	626	29
447	1	469	29
448	1	521	29
449	1	521	29
450	1	469	29
451	1	469	29
452	1	469	29
453	1	521	29
454	1	469	29
455	1	574	29
456	1	626	29
457	1	469	29
458	1	521	29
459	1	417	29
460	1	574	29
461	1	469	29
462	1	469	29
463	1	521	29
464	1	521	29
465	1	574	29
466	1	521	29
467	1	469	29
468	1	574	29
469	1	521	29
470	1	574	29
471	1	469	29
472	1	469	29
473	1	521	29
474	1	521	29
475	1	574	29
476	1	521	29
477	1	469	29
478	1	574	29
479	1	417	29
480	1	521	29
481	1	521	29
482	1	626	29
483	1	626	29
484	1	521	29
485	1	626	29
486	1	574	29
487	1	574	29
488	1	469	29
489	1	574	29
490	1	521	29
491	1	626	29
492	1	521	29
493	1	521	29
494	1	521	29
495	1	574	29
496	1	469	29
497	1	469	29
498	1	574	29
499	1	521	29
500	1	521	29
501	1	626	29
502	1	574	29
503	1	574	29
503	1	1930	30
504	1	417	29
505	1	521	29
506	1	469	29
507	1	521	29
508	1	626	29
508	1	2139	30
509	1	626	29
510	1	574	29
511	1	574	29
512	1	574	29
513	1	469	29
514	1	574	29
515	1	521	29
516	1	469	29
517	1	521	29
518	1	626	29
519	1	469	29
520	1	574	29
521	1	574	29
522	1	574	29
523	1	574	29
524	1	417	29
525	1	521	29
526	1	469	29
527	1	469	29
528	1	574	29
529	1	626	29
529	1	2139	30
530	1	521	29
531	1	626	29
532	1	521	29
533	1	574	29
534	1	626	29
535	1	574	29
536	1	574	29
537	1	521	29
538	1	469	29
539	1	574	29
540	1	469	29
541	1	469	29
542	1	626	29
543	1	626	29
544	1	469	29
544	1	2191	30
545	1	574	29
546	1	626	29
547	1	574	29
547	1	2295	30
548	1	574	29
549	1	521	29
550	1	469	29
550	1	2087	30
551	1	469	29
552	1	574	29
553	1	469	29
554	1	469	29
555	1	469	29
555	1	1930	30
556	1	469	29
557	1	469	29
558	1	417	29
559	1	521	29
560	1	521	29
561	1	521	29
562	1	469	29
563	1	469	29
564	1	417	29
565	1	521	29
565	1	2139	30
566	1	469	29
567	1	469	29
568	1	521	29
569	1	574	29
570	1	469	29
571	1	521	29
572	1	574	29
573	1	574	29
574	1	626	29
575	1	521	29
576	1	469	29
577	1	626	29
578	1	469	29
579	1	521	29
580	1	521	29
581	1	521	29
582	1	521	29
583	1	626	29
584	1	521	29
585	1	521	29
586	1	521	29
587	1	469	29
588	1	521	29
589	1	469	29
590	1	574	29
591	1	521	29
592	1	469	29
593	1	521	29
594	1	469	29
595	1	574	29
595	1	2191	30
596	1	521	29
597	1	626	29
598	1	521	29
599	1	574	29
600	1	574	29
601	1	574	29
602	1	417	29
603	1	469	29
604	1	521	29
605	1	469	29
606	1	574	29
607	1	469	29
608	1	469	29
609	1	521	29
610	1	626	29
611	1	469	29
612	1	469	29
613	1	574	29
614	1	574	29
615	1	417	29
616	1	574	29
617	1	574	29
618	1	626	29
619	1	521	29
620	1	574	29
621	1	521	29
622	1	469	29
623	1	521	29
624	1	469	29
625	1	574	29
626	1	417	29
627	1	521	29
628	1	521	29
629	1	469	29
630	1	521	29
631	1	469	29
632	1	574	29
633	1	469	29
634	1	469	29
635	1	626	29
636	1	521	29
637	1	417	29
638	1	574	29
639	1	469	29
640	1	469	29
641	1	469	29
642	1	626	29
643	1	574	29
644	1	626	29
645	1	626	29
646	1	574	29
647	1	626	29
648	1	626	29
649	1	574	29
650	1	574	29
651	1	521	29
652	1	521	29
653	1	574	29
654	1	469	29
655	1	469	29
656	1	469	29
657	1	469	29
658	1	574	29
659	1	626	29
660	1	521	29
661	1	574	29
662	1	521	29
663	1	574	29
664	1	521	29
664	1	2295	30
665	1	626	29
666	1	574	29
667	1	469	29
668	1	469	29
669	1	626	29
670	1	521	29
671	1	626	29
672	1	626	29
673	1	469	29
674	1	521	29
675	1	626	29
676	1	574	29
677	1	521	29
678	1	574	29
679	1	574	29
680	1	626	29
681	1	521	29
682	1	469	29
683	1	521	29
684	1	574	29
685	1	469	29
686	1	574	29
687	1	626	29
688	1	469	29
689	1	574	29
690	1	469	29
691	1	574	29
691	1	2243	30
692	1	469	29
693	1	417	29
694	1	626	29
695	1	521	29
696	1	469	29
697	1	521	29
698	1	521	29
699	1	469	29
700	1	469	29
701	1	469	29
702	1	469	29
703	1	469	29
704	1	574	29
705	1	626	29
706	1	469	29
707	1	574	29
708	1	521	29
709	1	469	29
710	1	469	29
711	1	521	29
712	1	521	29
713	1	626	29
714	1	626	29
715	1	574	29
716	1	574	29
717	1	574	29
718	1	469	29
719	1	521	29
720	1	521	29
721	1	574	29
722	1	469	29
723	1	417	29
724	1	469	29
725	1	521	29
726	1	469	29
727	1	521	29
728	1	574	29
729	1	626	29
730	1	574	29
731	1	521	29
732	1	574	29
733	1	574	29
734	1	469	29
735	1	626	29
736	1	574	29
737	1	574	29
738	1	521	29
738	1	2243	30
739	1	574	29
740	1	469	29
741	1	469	29
742	1	574	29
742	1	2191	30
743	1	521	29
744	1	521	29
745	1	521	29
746	1	417	29
747	1	626	29
748	1	417	29
749	1	574	29
750	1	626	29
751	1	626	29
752	1	521	29
753	1	521	29
753	1	2243	30
754	1	574	29
755	1	574	29
756	1	521	29
757	1	417	29
758	1	574	29
759	1	417	29
760	1	469	29
761	1	469	29
762	1	521	29
763	1	521	29
764	1	626	29
765	1	469	29
766	1	574	29
767	1	469	29
768	1	417	29
769	1	626	29
770	1	469	29
771	1	574	29
772	1	469	29
773	1	521	29
774	1	469	29
775	1	469	29
776	1	469	29
776	1	2243	30
777	1	521	29
778	1	574	29
779	1	417	29
780	1	574	29
781	1	521	29
782	1	469	29
783	1	521	29
784	1	469	29
785	1	574	29
786	1	469	29
787	1	574	29
788	1	469	29
789	1	574	29
790	1	469	29
791	1	626	29
792	1	574	29
793	1	469	29
794	1	521	29
795	1	574	29
796	1	521	29
797	1	574	29
798	1	521	29
799	1	574	29
800	1	417	29
801	1	626	29
802	1	469	29
803	1	574	29
804	1	469	29
805	1	574	29
806	1	521	29
807	1	626	29
808	1	521	29
809	1	521	29
810	1	469	29
811	1	521	29
812	1	417	29
812	1	2295	30
813	1	626	29
814	1	574	29
815	1	417	29
816	1	626	29
817	1	521	29
818	1	521	29
819	1	521	29
820	1	521	29
821	1	574	29
822	1	521	29
823	1	626	29
823	1	2139	30
824	1	574	29
825	1	469	29
826	1	574	29
827	1	521	29
828	1	469	29
829	1	626	29
830	1	521	29
831	1	469	29
831	1	2139	30
832	1	626	29
832	1	2139	30
833	1	521	29
834	1	574	29
834	1	2243	30
835	1	521	29
836	1	574	29
837	1	574	29
838	1	417	29
839	1	574	29
840	1	417	29
841	1	469	29
842	1	469	29
843	1	574	29
843	1	2035	30
844	1	469	29
845	1	626	29
846	1	469	29
847	1	521	29
848	1	469	29
849	1	574	29
850	1	521	29
851	1	574	29
852	1	626	29
853	1	521	29
854	1	574	29
855	1	469	29
856	1	626	29
857	1	574	29
858	1	626	29
859	1	521	29
860	1	574	29
861	1	626	29
862	1	521	29
863	1	469	29
864	1	469	29
864	1	2139	30
865	1	469	29
866	1	574	29
867	1	521	29
868	1	469	29
869	1	417	29
870	1	417	29
871	1	469	29
872	1	521	29
873	1	521	29
874	1	574	29
875	1	417	29
876	1	521	29
877	1	521	29
878	1	521	29
879	1	521	29
880	1	626	29
881	1	521	29
882	1	521	29
883	1	521	29
884	1	574	29
885	1	626	29
886	1	574	29
887	1	521	29
888	1	521	29
889	1	521	29
890	1	574	29
891	1	574	29
892	1	469	29
893	1	521	29
894	1	574	29
895	1	417	29
896	1	626	29
897	1	469	29
898	1	469	29
899	1	521	29
900	1	574	29
901	1	574	29
902	1	626	29
903	1	417	29
903	1	2295	30
904	1	521	29
905	1	626	29
906	1	469	29
907	1	574	29
908	1	574	29
909	1	469	29
910	1	521	29
911	1	574	29
912	1	469	29
913	1	469	29
914	1	574	29
915	1	626	29
916	1	521	29
917	1	521	29
918	1	469	29
919	1	574	29
920	1	574	29
921	1	469	29
922	1	521	29
923	1	521	29
924	1	469	29
925	1	574	29
926	1	521	29
927	1	521	29
928	1	574	29
929	1	574	29
930	1	574	29
931	1	521	29
932	1	521	29
933	1	469	29
934	1	574	29
935	1	417	29
936	1	469	29
937	1	574	29
938	1	417	29
939	1	521	29
940	1	469	29
941	1	469	29
942	1	469	29
943	1	469	29
944	1	469	29
945	1	574	29
946	1	417	29
947	1	574	29
947	1	2139	30
948	1	574	29
949	1	417	29
950	1	626	29
951	1	417	29
952	1	626	29
953	1	626	29
954	1	469	29
955	1	574	29
956	1	521	29
957	1	417	29
958	1	574	29
959	1	574	29
960	1	626	29
961	1	574	29
962	1	521	29
963	1	574	29
964	1	469	29
964	1	2243	30
965	1	626	29
966	1	521	29
967	1	574	29
968	1	469	29
969	1	469	29
970	1	469	29
971	1	521	29
972	1	521	29
972	1	2191	30
973	1	469	29
974	1	469	29
975	1	521	29
976	1	469	29
977	1	469	29
978	1	469	29
979	1	417	29
980	1	574	29
981	1	574	29
982	1	469	29
983	1	521	29
984	1	469	29
985	1	626	29
986	1	469	29
987	1	521	29
988	1	521	29
989	1	521	29
990	1	469	29
991	1	521	29
992	1	626	29
993	1	574	29
994	1	469	29
995	1	521	29
996	1	521	29
997	1	469	29
998	1	469	29
998	1	2139	30
999	1	469	29
0	2	261	26
1	2	261	26
2	2	261	26
3	2	261	26
4	2	261	26
5	2	261	26
6	2	261	26
7	2	261	26
8	2	261	26
9	2	261	26
10	2	261	26
11	2	261	26
12	2	261	26
13	2	261	26
14	2	261	26
15	2	261	26
16	2	261	26
17	2	261	26
18	2	261	26
19	2	261	26
20	2	261	26
21	2	261	26
22	2	261	26
23	2	261	26
24	2	261	26
25	2	261	26
26	2	261	26
27	2	261	26
28	2	261	26
29	2	261	26
30	2	261	26
31	2	261	26
32	2	261	26
33	2	261	26
34	2	261	26
35	2	261	26
36	2	261	26
37	2	261	26
38	2	261	26
39	2	261	26
40	2	261	26
41	2	261	26
42	2	261	26
43	2	261	26
44	2	261	26
45	2	261	26
46	2	261	26
47	2	261	26
48	2	261	26
49	2	261	26
50	2	261	26
51	2	261	26
52	2	261	26
53	2	261	26
54	2	261	26
55	2	261	26
56	2	261	26
57	2	261	26
58	2	261	26
59	2	261	26
60	2	261	26
61	2	261	26
62	2	261	26
63	2	261	26
64	2	261	26
65	2	261	26
66	2	261	26
67	2	261	26
68	2	261	26
69	2	261	26
70	2	261	26
71	2	261	26
72	2	261	26
73	2	261	26
74	2	261	26
75	2	261	26
76	2	261	26
77	2	261	26
78	2	261	26
79	2	261	26
80	2	261	26
81	2	261	26
82	2	261	26
83	2	261	26
84	2	261	26
85	2	261	26
86	2	261	26
87	2	261	26
88	2	261	26
89	2	261	26
90	2	261	26
91	2	261	26
92	2	261	26
93	2	261	26
94	2	261	26
95	2	261	26
96	2	261	26
97	2	261	26
98	2	261	26
99	2	261	26
100	2	261	26
101	2	261	26
102	2	261	26
103	2	261	26
104	2	261	26
105	2	261	26
106	2	261	26
107	2	261	26
108	2	261	26
109	2	261	26
110	2	261	26
111	2	261	26
112	2	261	26
113	2	261	26
114	2	261	26
115	2	261	26
116	2	261	26
117	2	261	26
118	2	261	26
119	2	261	26
120	2	261	26
121	2	261	26
122	2	261	26
123	2	261	26
124	2	261	26
125	2	261	26
126	2	261	26
127	2	261	26
128	2	261	26
129	2	261	26
130	2	261	26
131	2	261	26
132	2	261	26
133	2	261	26
134	2	261	26
135	2	261	26
136	2	261	26
137	2	261	26
138	2	261	26
139	2	261	26
140	2	261	26
141	2	261	26
142	2	261	26
143	2	261	26
144	2	261	26
145	2	261	26
146	2	261	26
147	2	261	26
148	2	261	26
149	2	261	26
150	2	261	26
151	2	261	26
152	2	261	26
153	2	261	26
154	2	261	26
155	2	261	26
156	2	261	26
157	2	261	26
158	2	261	26
159	2	261	26
160	2	261	26
161	2	261	26
162	2	261	26
163	2	261	26
164	2	261	26
165	2	261	26
166	2	261	26
167	2	261	26
168	2	261	26
169	2	261	26
170	2	261	26
171	2	261	26
172	2	261	26
173	2	261	26
174	2	261	26
175	2	261	26
176	2	261	26
177	2	261	26
178	2	261	26
179	2	261	26
180	2	261	26
181	2	261	26
182	2	261	26
183	2	261	26
184	2	261	26
185	2	261	26
186	2	261	26
187	2	261	26
188	2	261	26
189	2	261	26
190	2	261	26
191	2	261	26
192	2	261	26
193	2	261	26
194	2	261	26
195	2	261	26
196	2	261	26
197	2	261	26
198	2	261	26
199	2	261	26
200	2	261	26
201	2	261	26
202	2	261	26
203	2	261	26
204	2	261	26
205	2	261	26
206	2	261	26
207	2	261	26
208	2	261	26
209	2	261	26
210	2	261	26
211	2	261	26
212	2	261	26
213	2	261	26
214	2	261	26
215	2	261	26
216	2	261	26
217	2	261	26
218	2	261	26
219	2	261	26
220	2	261	26
221	2	261	26
222	2	261	26
223	2	261	26
224	2	261	26
225	2	261	26
226	2	261	26
227	2	261	26
228	2	261	26
229	2	261	26
230	2	261	26
231	2	261	26
232	2	261	26
233	2	261	26
234	2	261	26
235	2	261	26
236	2	261	26
237	2	261	26
238	2	261	26
239	2	261	26
240	2	261	26
241	2	261	26
242	2	261	26
243	2	261	26
244	2	261	26
245	2	261	26
246	2	261	26
247	2	261	26
248	2	261	26
249	2	261	26
250	2	261	26
251	2	261	26
252	2	261	26
253	2	261	26
254	2	261	26
255	2	261	26
256	2	261	26
257	2	261	26
258	2	261	26
259	2	261	26
260	2	261	26
261	2	261	26
262	2	261	26
263	2	261	26
264	2	261	26
265	2	261	26
266	2	261	26
267	2	261	26
268	2	261	26
269	2	261	26
270	2	261	26
271	2	261	26
272	2	261	26
273	2	261	26
274	2	261	26
275	2	261	26
276	2	261	26
277	2	261	26
278	2	261	26
279	2	261	26
280	2	261	26
281	2	261	26
282	2	261	26
283	2	261	26
284	2	261	26
285	2	261	26
286	2	261	26
287	2	261	26
288	2	261	26
289	2	261	26
290	2	261	26
291	2	261	26
292	2	261	26
293	2	261	26
294	2	261	26
295	2	261	26
296	2	261	26
297	2	261	26
298	2	261	26
299	2	261	26
300	2	261	26
301	2	261	26
302	2	261	26
303	2	261	26
304	2	261	26
305	2	261	26
306	2	261	26
307	2	261	26
308	2	261	26
309	2	261	26
310	2	261	26
311	2	261	26
312	2	261	26
313	2	261	26
314	2	261	26
315	2	261	26
316	2	261	26
317	2	261	26
318	2	261	26
319	2	261	26
320	2	261	26
321	2	261	26
322	2	261	26
323	2	261	26
324	2	261	26
325	2	261	26
326	2	261	26
327	2	261	26
328	2	261	26
329	2	261	26
330	2	261	26
331	2	261	26
332	2	261	26
333	2	261	26
334	2	261	26
335	2	261	26
336	2	261	26
337	2	261	26
338	2	261	26
339	2	261	26
340	2	261	26
341	2	261	26
342	2	261	26
343	2	261	26
344	2	261	26
345	2	261	26
346	2	261	26
347	2	261	26
348	2	261	26
349	2	261	26
350	2	261	26
351	2	261	26
352	2	261	26
353	2	261	26
354	2	261	26
355	2	261	26
356	2	261	26
357	2	261	26
358	2	261	26
359	2	261	26
360	2	261	26
361	2	261	26
362	2	261	26
363	2	261	26
364	2	261	26
365	2	261	26
366	2	261	26
367	2	261	26
368	2	261	26
369	2	261	26
370	2	261	26
371	2	261	26
372	2	261	26
373	2	261	26
374	2	261	26
375	2	261	26
376	2	261	26
377	2	261	26
378	2	261	26
379	2	261	26
380	2	261	26
381	2	261	26
382	2	261	26
383	2	261	26
384	2	261	26
385	2	261	26
386	2	261	26
387	2	261	26
388	2	261	26
389	2	261	26
390	2	261	26
391	2	261	26
392	2	261	26
393	2	261	26
394	2	261	26
395	2	261	26
396	2	261	26
397	2	261	26
398	2	261	26
399	2	261	26
400	2	261	26
401	2	261	26
402	2	261	26
403	2	261	26
404	2	261	26
405	2	261	26
406	2	261	26
407	2	261	26
408	2	261	26
409	2	261	26
410	2	261	26
411	2	261	26
412	2	261	26
413	2	261	26
414	2	261	26
415	2	261	26
416	2	261	26
417	2	261	26
418	2	261	26
419	2	261	26
420	2	261	26
421	2	261	26
422	2	261	26
423	2	261	26
424	2	261	26
425	2	261	26
426	2	261	26
427	2	261	26
428	2	261	26
429	2	261	26
430	2	261	26
431	2	261	26
432	2	261	26
433	2	261	26
434	2	261	26
435	2	261	26
436	2	261	26
437	2	261	26
438	2	261	26
439	2	261	26
440	2	261	26
441	2	261	26
442	2	261	26
443	2	261	26
444	2	261	26
445	2	261	26
446	2	261	26
447	2	261	26
448	2	261	26
449	2	261	26
450	2	261	26
451	2	261	26
452	2	261	26
453	2	261	26
454	2	261	26
455	2	261	26
456	2	261	26
457	2	261	26
458	2	261	26
459	2	261	26
460	2	261	26
461	2	261	26
462	2	261	26
463	2	261	26
464	2	261	26
465	2	261	26
466	2	261	26
467	2	261	26
468	2	261	26
469	2	261	26
470	2	261	26
471	2	261	26
472	2	261	26
473	2	261	26
474	2	261	26
475	2	261	26
476	2	261	26
477	2	261	26
478	2	261	26
479	2	261	26
480	2	261	26
481	2	261	26
482	2	261	26
483	2	261	26
484	2	261	26
485	2	261	26
486	2	261	26
487	2	261	26
488	2	261	26
489	2	261	26
490	2	261	26
491	2	261	26
492	2	261	26
493	2	261	26
494	2	261	26
495	2	261	26
496	2	261	26
497	2	261	26
498	2	261	26
499	2	261	26
500	2	261	26
501	2	261	26
502	2	261	26
503	2	261	26
504	2	261	26
505	2	261	26
506	2	261	26
507	2	261	26
508	2	261	26
509	2	261	26
510	2	261	26
511	2	261	26
512	2	261	26
513	2	261	26
514	2	261	26
515	2	261	26
516	2	261	26
517	2	261	26
518	2	261	26
519	2	261	26
520	2	261	26
521	2	261	26
522	2	261	26
523	2	261	26
524	2	261	26
525	2	261	26
526	2	261	26
527	2	261	26
528	2	261	26
529	2	261	26
530	2	261	26
531	2	261	26
532	2	261	26
533	2	261	26
534	2	261	26
535	2	261	26
536	2	261	26
537	2	261	26
538	2	261	26
539	2	261	26
540	2	261	26
541	2	261	26
542	2	261	26
543	2	261	26
544	2	261	26
545	2	261	26
546	2	261	26
547	2	261	26
548	2	261	26
549	2	261	26
550	2	261	26
551	2	261	26
552	2	261	26
553	2	261	26
554	2	261	26
555	2	261	26
556	2	261	26
557	2	261	26
558	2	261	26
559	2	261	26
560	2	261	26
561	2	261	26
562	2	261	26
563	2	261	26
564	2	261	26
565	2	261	26
566	2	261	26
567	2	261	26
568	2	261	26
569	2	261	26
570	2	261	26
571	2	261	26
572	2	261	26
573	2	261	26
574	2	261	26
575	2	261	26
576	2	261	26
577	2	261	26
578	2	261	26
579	2	261	26
580	2	261	26
581	2	261	26
582	2	261	26
583	2	261	26
584	2	261	26
585	2	261	26
586	2	261	26
587	2	261	26
588	2	261	26
589	2	261	26
590	2	261	26
591	2	261	26
592	2	261	26
593	2	261	26
594	2	261	26
595	2	261	26
596	2	261	26
597	2	261	26
598	2	261	26
599	2	261	26
600	2	261	26
601	2	261	26
602	2	261	26
603	2	261	26
604	2	261	26
605	2	261	26
606	2	261	26
607	2	261	26
608	2	261	26
609	2	261	26
610	2	261	26
611	2	261	26
612	2	261	26
613	2	261	26
614	2	261	26
615	2	261	26
616	2	261	26
617	2	261	26
618	2	261	26
619	2	261	26
620	2	261	26
621	2	261	26
622	2	261	26
623	2	261	26
624	2	261	26
625	2	261	26
626	2	261	26
627	2	261	26
628	2	261	26
629	2	261	26
630	2	261	26
631	2	261	26
632	2	261	26
633	2	261	26
634	2	261	26
635	2	261	26
636	2	261	26
637	2	261	26
638	2	261	26
639	2	261	26
640	2	261	26
641	2	261	26
642	2	261	26
643	2	261	26
644	2	261	26
645	2	261	26
646	2	261	26
647	2	261	26
648	2	261	26
649	2	261	26
650	2	261	26
651	2	261	26
652	2	261	26
653	2	261	26
654	2	261	26
655	2	261	26
656	2	261	26
657	2	261	26
658	2	261	26
659	2	261	26
660	2	261	26
661	2	261	26
662	2	261	26
663	2	261	26
664	2	261	26
665	2	261	26
666	2	261	26
667	2	261	26
668	2	261	26
669	2	261	26
670	2	261	26
671	2	261	26
672	2	261	26
673	2	261	26
674	2	261	26
675	2	261	26
676	2	261	26
677	2	261	26
678	2	261	26
679	2	261	26
680	2	261	26
681	2	261	26
682	2	261	26
683	2	261	26
684	2	261	26
685	2	261	26
686	2	261	26
687	2	261	26
688	2	261	26
689	2	261	26
690	2	261	26
691	2	261	26
692	2	261	26
693	2	261	26
694	2	261	26
695	2	261	26
696	2	261	26
697	2	261	26
698	2	261	26
699	2	261	26
700	2	261	26
701	2	261	26
702	2	261	26
703	2	261	26
704	2	261	26
705	2	261	26
706	2	261	26
707	2	261	26
708	2	261	26
709	2	261	26
710	2	261	26
711	2	261	26
712	2	261	26
713	2	261	26
714	2	261	26
715	2	261	26
716	2	261	26
717	2	261	26
718	2	261	26
719	2	261	26
720	2	261	26
721	2	261	26
722	2	261	26
723	2	261	26
724	2	261	26
725	2	261	26
726	2	261	26
727	2	261	26
728	2	261	26
729	2	261	26
730	2	261	26
731	2	261	26
732	2	261	26
733	2	261	26
734	2	261	26
735	2	261	26
736	2	261	26
737	2	261	26
738	2	261	26
739	2	261	26
740	2	261	26
741	2	261	26
742	2	261	26
743	2	261	26
744	2	261	26
745	2	261	26
746	2	261	26
747	2	261	26
748	2	261	26
749	2	261	26
750	2	261	26
751	2	261	26
752	2	261	26
753	2	261	26
754	2	261	26
755	2	261	26
756	2	261	26
757	2	261	26
758	2	261	26
759	2	261	26
760	2	261	26
761	2	261	26
762	2	261	26
763	2	261	26
764	2	261	26
765	2	261	26
766	2	261	26
767	2	261	26
768	2	261	26
769	2	261	26
770	2	261	26
771	2	261	26
772	2	261	26
773	2	261	26
774	2	261	26
775	2	261	26
776	2	261	26
777	2	261	26
778	2	261	26
779	2	261	26
780	2	261	26
781	2	261	26
782	2	261	26
783	2	261	26
784	2	261	26
785	2	261	26
786	2	261	26
787	2	261	26
788	2	261	26
789	2	261	26
790	2	261	26
791	2	261	26
792	2	261	26
793	2	261	26
794	2	261	26
795	2	261	26
796	2	261	26
797	2	261	26
798	2	261	26
799	2	261	26
800	2	261	26
801	2	261	26
802	2	261	26
803	2	261	26
804	2	261	26
805	2	261	26
806	2	261	26
807	2	261	26
808	2	261	26
809	2	261	26
810	2	261	26
811	2	261	26
812	2	261	26
813	2	261	26
814	2	261	26
815	2	261	26
816	2	261	26
817	2	261	26
818	2	261	26
819	2	261	26
820	2	261	26
821	2	261	26
822	2	261	26
823	2	261	26
824	2	261	26
825	2	261	26
826	2	261	26
827	2	261	26
828	2	261	26
829	2	261	26
830	2	261	26
831	2	261	26
832	2	261	26
833	2	261	26
834	2	261	26
835	2	261	26
836	2	261	26
837	2	261	26
838	2	261	26
839	2	261	26
840	2	261	26
841	2	261	26
842	2	261	26
843	2	261	26
844	2	261	26
845	2	261	26
846	2	261	26
847	2	261	26
848	2	261	26
849	2	261	26
850	2	261	26
851	2	261	26
852	2	261	26
853	2	261	26
854	2	261	26
855	2	261	26
856	2	261	26
857	2	261	26
858	2	261	26
859	2	261	26
860	2	261	26
861	2	261	26
862	2	261	26
863	2	261	26
864	2	261	26
865	2	261	26
866	2	261	26
867	2	261	26
868	2	261	26
869	2	261	26
870	2	261	26
871	2	261	26
872	2	261	26
873	2	261	26
874	2	261	26
875	2	261	26
876	2	261	26
877	2	261	26
878	2	261	26
879	2	261	26
880	2	261	26
881	2	261	26
882	2	261	26
883	2	261	26
884	2	261	26
885	2	261	26
886	2	261	26
887	2	261	26
888	2	261	26
889	2	261	26
890	2	261	26
891	2	261	26
892	2	261	26
893	2	261	26
894	2	261	26
895	2	261	26
896	2	261	26
897	2	261	26
898	2	261	26
899	2	261	26
900	2	261	26
901	2	261	26
902	2	261	26
903	2	261	26
904	2	261	26
905	2	261	26
906	2	261	26
907	2	261	26
908	2	261	26
909	2	261	26
910	2	261	26
911	2	261	26
912	2	261	26
913	2	261	26
914	2	261	26
915	2	261	26
916	2	261	26
917	2	261	26
918	2	261	26
919	2	261	26
920	2	261	26
921	2	261	26
922	2	261	26
923	2	261	26
924	2	261	26
925	2	261	26
926	2	261	26
927	2	261	26
928	2	261	26
929	2	261	26
930	2	261	26
931	2	261	26
932	2	261	26
933	2	261	26
934	2	261	26
935	2	261	26
936	2	261	26
937	2	261	26
938	2	261	26
939	2	261	26
940	2	261	26
941	2	261	26
942	2	261	26
943	2	261	26
944	2	261	26
945	2	261	26
946	2	261	26
947	2	261	26
948	2	261	26
949	2	261	26
950	2	261	26
951	2	261	26
952	2	261	26
953	2	261	26
954	2	261	26
955	2	261	26
956	2	261	26
957	2	261	26
958	2	261	26
959	2	261	26
960	2	261	26
961	2	261	26
962	2	261	26
963	2	261	26
964	2	261	26
965	2	261	26
966	2	261	26
967	2	261	26
968	2	261	26
969	2	261	26
970	2	261	26
971	2	261	26
972	2	261	26
973	2	261	26
974	2	261	26
975	2	261	26
976	2	261	26
977	2	261	26
978	2	261	26
979	2	261	26
980	2	261	26
981	2	261	26
982	2	261	26
983	2	261	26
984	2	261	26
985	2	261	26
986	2	261	26
987	2	261	26
988	2	261	26
989	2	261	26
990	2	261	26
991	2	261	26
992	2	261	26
993	2	261	26
994	2	261	26
995	2	261	26
996	2	261	26
997	2	261	26
998	2	261	26
999	2	261	26
0	3	626	29
1	3	626	29
2	3	469	29
3	3	521	29
4	3	574	29
4	3	1408	20
4	3	2035	9
4	3	2139	30
5	3	521	29
6	3	417	29
7	3	469	29
8	3	574	29
8	3	1565	20
9	3	574	29
10	3	521	29
11	3	521	29
12	3	521	29
13	3	574	29
14	3	469	29
15	3	469	29
16	3	574	29
17	3	574	29
18	3	417	29
19	3	626	29
20	3	521	29
21	3	417	29
22	3	521	29
23	3	521	29
24	3	469	29
24	3	1930	20
25	3	626	29
26	3	521	29
27	3	469	29
28	3	469	29
28	3	1774	20
29	3	521	29
30	3	574	29
31	3	574	29
32	3	574	29
33	3	521	29
34	3	469	29
34	3	2191	20
35	3	574	29
36	3	574	29
37	3	574	29
38	3	574	29
39	3	574	29
40	3	574	29
40	3	1408	20
40	3	2139	9
40	3	2191	30
41	3	574	29
42	3	626	29
43	3	417	29
44	3	521	29
45	3	626	29
46	3	469	29
47	3	574	29
48	3	469	29
49	3	469	29
49	3	1774	20
50	3	521	29
51	3	626	29
52	3	521	29
53	3	469	29
53	3	1617	20
53	3	2139	30
54	3	574	29
55	3	574	29
56	3	574	29
57	3	469	29
57	3	1356	20
58	3	469	29
58	3	1513	20
59	3	521	29
59	3	1826	20
60	3	574	29
61	3	626	29
62	3	574	29
62	3	1774	20
63	3	417	29
64	3	626	29
65	3	469	29
66	3	521	29
67	3	574	29
67	3	1722	20
68	3	626	29
69	3	469	29
70	3	469	29
71	3	521	29
72	3	574	29
73	3	469	29
74	3	574	29
75	3	626	29
76	3	469	29
77	3	626	29
78	3	574	29
79	3	626	29
80	3	626	29
81	3	521	29
82	3	521	29
83	3	574	29
84	3	574	29
85	3	521	29
86	3	469	29
87	3	417	29
87	3	1252	20
87	3	2243	30
88	3	521	29
88	3	1930	20
89	3	574	29
90	3	574	29
91	3	521	29
92	3	521	29
93	3	521	29
94	3	417	29
95	3	626	29
96	3	521	29
97	3	469	29
98	3	521	29
99	3	626	29
100	3	626	29
101	3	521	29
102	3	521	29
103	3	469	29
104	3	417	29
105	3	469	29
106	3	469	29
106	3	1669	20
106	3	2243	30
107	3	574	29
107	3	2087	20
108	3	574	29
109	3	574	29
110	3	574	29
111	3	574	29
112	3	469	29
113	3	469	29
114	3	574	29
115	3	626	29
116	3	469	29
117	3	574	29
118	3	626	29
119	3	574	29
120	3	574	29
121	3	469	29
122	3	626	29
122	3	1408	20
123	3	469	29
124	3	626	29
125	3	469	29
125	3	1669	20
126	3	469	29
126	3	1669	20
127	3	574	29
128	3	521	29
128	3	1408	20
129	3	469	29
130	3	417	29
131	3	574	29
131	3	1878	20
131	3	2295	30
132	3	574	29
133	3	521	29
134	3	626	29
135	3	521	29
135	3	1513	20
136	3	469	29
136	3	1043	20
136	3	1565	9
136	3	2295	30
137	3	469	29
138	3	574	29
138	3	1200	20
138	3	2243	30
139	3	626	29
139	3	1356	20
139	3	1774	9
139	3	2035	30
139	3	2295	12
140	3	469	29
141	3	521	29
141	3	1356	20
141	3	1774	9
142	3	521	29
143	3	521	29
144	3	469	29
145	3	469	29
146	3	574	29
147	3	574	29
148	3	417	29
149	3	574	29
149	3	1565	20
150	3	469	29
151	3	417	29
152	3	469	29
152	3	1774	20
153	3	521	29
154	3	574	29
154	3	1565	20
155	3	521	29
155	3	2035	20
156	3	521	29
156	3	1565	20
157	3	469	29
158	3	469	29
158	3	1669	20
159	3	574	29
159	3	1408	20
159	3	2295	30
160	3	521	29
161	3	469	29
162	3	521	29
163	3	521	29
164	3	469	29
165	3	469	29
165	3	1617	20
166	3	574	29
167	3	574	29
168	3	469	29
169	3	626	29
170	3	574	29
170	3	1408	20
171	3	574	29
172	3	574	29
173	3	574	29
174	3	469	29
175	3	521	29
175	3	1930	20
176	3	521	29
177	3	626	29
178	3	469	29
179	3	521	29
179	3	2191	20
180	3	626	29
181	3	521	29
182	3	417	29
183	3	469	29
183	3	2295	20
184	3	626	29
185	3	626	29
185	3	1617	20
186	3	469	29
187	3	469	29
188	3	574	29
189	3	574	29
189	3	1930	20
190	3	469	29
191	3	626	29
192	3	626	29
193	3	521	29
194	3	521	29
195	3	574	29
196	3	469	29
196	3	1200	20
196	3	1826	30
196	3	1878	9
197	3	469	29
198	3	574	29
199	3	521	29
199	3	1774	20
200	3	574	29
201	3	469	29
202	3	574	29
203	3	417	29
204	3	521	29
205	3	574	29
206	3	521	29
206	3	1095	20
206	3	1461	9
206	3	1722	12
206	3	1878	30
207	3	574	29
207	3	2139	20
208	3	469	29
209	3	521	29
210	3	417	29
211	3	469	29
212	3	574	29
213	3	469	29
214	3	469	29
215	3	469	29
216	3	469	29
217	3	521	29
218	3	574	29
219	3	417	29
220	3	574	29
221	3	417	29
222	3	521	29
223	3	469	29
224	3	574	29
225	3	574	29
225	3	1408	20
225	3	2243	30
226	3	469	29
226	3	1513	20
227	3	626	29
228	3	469	29
228	3	1408	20
229	3	469	29
230	3	469	29
231	3	469	29
232	3	574	29
232	3	1513	20
233	3	574	29
234	3	469	29
235	3	521	29
236	3	469	29
237	3	469	29
238	3	574	29
239	3	626	29
240	3	521	29
240	3	1669	20
240	3	2295	30
241	3	469	29
242	3	574	29
243	3	469	29
243	3	1356	20
243	3	2139	9
243	3	2191	30
244	3	417	29
245	3	521	29
246	3	469	29
247	3	469	29
248	3	521	29
249	3	521	29
250	3	521	29
250	3	1304	20
250	3	2191	30
251	3	469	29
252	3	574	29
253	3	521	29
254	3	521	29
255	3	521	29
256	3	417	29
257	3	521	29
258	3	626	29
259	3	521	29
260	3	469	29
261	3	521	29
262	3	521	29
263	3	521	29
264	3	574	29
265	3	574	29
266	3	521	29
267	3	521	29
268	3	626	29
269	3	626	29
270	3	521	29
271	3	521	29
271	3	1774	20
272	3	469	29
272	3	1356	20
272	3	1722	9
272	3	1982	30
273	3	574	29
274	3	469	29
275	3	469	29
276	3	574	29
277	3	574	29
278	3	469	29
279	3	574	29
280	3	417	29
281	3	574	29
282	3	574	29
283	3	469	29
284	3	574	29
284	3	1304	20
284	3	1774	9
284	3	2191	30
285	3	521	29
286	3	469	29
286	3	1461	20
286	3	2087	9
286	3	2243	30
287	3	574	29
288	3	626	29
289	3	417	29
290	3	574	29
291	3	626	29
292	3	626	29
293	3	521	29
293	3	1252	20
293	3	2191	30
294	3	574	29
295	3	469	29
296	3	521	29
297	3	574	29
298	3	574	29
299	3	574	29
300	3	417	29
301	3	521	29
302	3	574	29
303	3	469	29
303	3	1304	20
303	3	1826	9
303	3	2191	30
304	3	521	29
305	3	469	29
306	3	469	29
306	3	1513	20
307	3	469	29
308	3	417	29
309	3	521	29
309	3	1356	20
309	3	1930	9
309	3	2087	30
310	3	574	29
310	3	1565	20
310	3	2191	30
311	3	521	29
312	3	521	29
313	3	574	29
314	3	469	29
315	3	521	29
315	3	2087	20
316	3	574	29
317	3	574	29
318	3	626	29
319	3	469	29
320	3	626	29
321	3	626	29
322	3	469	29
323	3	574	29
324	3	626	29
325	3	626	29
326	3	574	29
327	3	521	29
328	3	469	29
329	3	574	29
330	3	521	29
330	3	1774	20
331	3	626	29
332	3	626	29
332	3	1774	20
333	3	574	29
333	3	1930	20
334	3	521	29
335	3	574	29
335	3	2139	20
336	3	574	29
337	3	521	29
338	3	469	29
339	3	626	29
340	3	521	29
341	3	521	29
342	3	469	29
342	3	1461	20
343	3	574	29
343	3	1513	20
344	3	626	29
345	3	469	29
346	3	417	29
346	3	1826	20
346	3	2191	30
347	3	626	29
348	3	574	29
349	3	574	29
349	3	1356	20
350	3	574	29
351	3	574	29
352	3	469	29
353	3	574	29
354	3	469	29
354	3	1200	20
354	3	1774	9
355	3	626	29
356	3	521	29
357	3	574	29
358	3	469	29
359	3	469	29
360	3	521	29
361	3	521	29
362	3	469	29
363	3	469	29
364	3	574	29
365	3	521	29
366	3	469	29
367	3	521	29
368	3	574	29
368	3	1304	20
368	3	2087	9
368	3	2139	30
369	3	521	29
369	3	1513	20
370	3	469	29
371	3	469	29
372	3	626	29
373	3	626	29
374	3	469	29
375	3	469	29
376	3	574	29
377	3	574	29
378	3	521	29
379	3	626	29
380	3	574	29
381	3	521	29
382	3	626	29
383	3	469	29
384	3	626	29
385	3	521	29
386	3	417	29
387	3	521	29
387	3	1461	20
388	3	574	29
389	3	574	29
390	3	521	29
391	3	521	29
391	3	2191	20
392	3	521	29
393	3	521	29
394	3	574	29
395	3	626	29
396	3	574	29
396	3	1200	20
396	3	1722	9
397	3	469	29
398	3	469	29
399	3	469	29
400	3	521	29
401	3	469	29
402	3	574	29
403	3	469	29
404	3	626	29
405	3	469	29
406	3	574	29
406	3	1826	20
407	3	574	29
408	3	469	29
409	3	574	29
410	3	626	29
411	3	417	29
411	3	1252	20
411	3	1722	9
412	3	626	29
412	3	1200	20
412	3	1617	9
412	3	1930	12
412	3	1982	30
413	3	574	29
413	3	1200	20
413	3	1513	9
413	3	1774	12
413	3	2295	30
414	3	469	29
414	3	1930	20
415	3	626	29
415	3	1774	20
416	3	469	29
417	3	521	29
418	3	521	29
418	3	1408	20
419	3	417	29
419	3	1565	20
420	3	574	29
421	3	521	29
422	3	469	29
423	3	521	29
424	3	521	29
424	3	1356	20
424	3	1878	9
424	3	2087	30
425	3	521	29
426	3	521	29
427	3	521	29
428	3	521	29
429	3	417	29
430	3	521	29
431	3	521	29
431	3	1565	20
432	3	626	29
432	3	1565	20
433	3	521	29
434	3	626	29
434	3	1461	20
434	3	2035	9
434	3	2139	30
435	3	469	29
435	3	1774	20
436	3	574	29
436	3	1356	20
437	3	521	29
438	3	417	29
438	3	1774	20
439	3	574	29
440	3	469	29
441	3	574	29
442	3	574	29
443	3	469	29
444	3	521	29
445	3	574	29
445	3	1982	20
446	3	626	29
447	3	469	29
448	3	521	29
449	3	521	29
450	3	469	29
451	3	469	29
451	3	2087	20
452	3	469	29
453	3	521	29
453	3	1304	20
454	3	469	29
455	3	574	29
456	3	626	29
457	3	469	29
458	3	521	29
459	3	417	29
460	3	574	29
461	3	469	29
461	3	2087	20
462	3	469	29
463	3	521	29
463	3	1513	20
464	3	521	29
465	3	574	29
466	3	521	29
467	3	469	29
468	3	574	29
469	3	521	29
469	3	1461	20
470	3	574	29
471	3	469	29
472	3	469	29
473	3	521	29
474	3	521	29
474	3	1461	20
475	3	574	29
476	3	521	29
477	3	469	29
478	3	574	29
479	3	417	29
480	3	521	29
481	3	521	29
481	3	1461	20
481	3	2295	9
482	3	626	29
483	3	626	29
484	3	521	29
485	3	626	29
486	3	574	29
487	3	574	29
488	3	469	29
489	3	574	29
489	3	1200	20
490	3	521	29
490	3	1774	20
491	3	626	29
492	3	521	29
492	3	2139	20
493	3	521	29
494	3	521	29
495	3	574	29
496	3	469	29
496	3	1669	20
497	3	469	29
498	3	574	29
499	3	521	29
500	3	521	29
500	3	1200	20
501	3	626	29
502	3	574	29
503	3	574	29
503	3	1095	20
503	3	1617	9
503	3	1930	30
504	3	417	29
505	3	521	29
506	3	469	29
507	3	521	29
508	3	626	29
508	3	1565	20
508	3	2139	30
509	3	626	29
510	3	574	29
511	3	574	29
512	3	574	29
513	3	469	29
514	3	574	29
515	3	521	29
515	3	1565	20
516	3	469	29
517	3	521	29
518	3	626	29
519	3	469	29
519	3	1722	20
520	3	574	29
521	3	574	29
521	3	1461	20
522	3	574	29
522	3	1774	20
523	3	574	29
523	3	2295	20
524	3	417	29
525	3	521	29
525	3	1408	20
526	3	469	29
527	3	469	29
528	3	574	29
529	3	626	29
529	3	1304	20
529	3	1774	9
529	3	2139	30
530	3	521	29
531	3	626	29
532	3	521	29
533	3	574	29
534	3	626	29
534	3	1200	20
535	3	574	29
536	3	574	29
537	3	521	29
538	3	469	29
539	3	574	29
540	3	469	29
541	3	469	29
542	3	626	29
543	3	626	29
544	3	469	29
544	3	1565	20
544	3	2139	9
544	3	2191	30
545	3	574	29
546	3	626	29
547	3	574	29
547	3	1565	20
547	3	2295	30
548	3	574	29
549	3	521	29
550	3	469	29
550	3	1304	20
550	3	1930	9
550	3	2087	30
551	3	469	29
551	3	1304	20
551	3	2295	9
552	3	574	29
553	3	469	29
554	3	469	29
555	3	469	29
555	3	1148	20
555	3	1669	9
555	3	1930	30
555	3	2295	12
556	3	469	29
556	3	1774	20
557	3	469	29
558	3	417	29
559	3	521	29
560	3	521	29
561	3	521	29
562	3	469	29
563	3	469	29
564	3	417	29
565	3	521	29
565	3	1356	20
565	3	2087	9
565	3	2139	30
566	3	469	29
567	3	469	29
568	3	521	29
568	3	1356	20
569	3	574	29
570	3	469	29
571	3	521	29
572	3	574	29
573	3	574	29
574	3	626	29
575	3	521	29
575	3	1200	20
575	3	1774	9
576	3	469	29
577	3	626	29
578	3	469	29
579	3	521	29
580	3	521	29
581	3	521	29
582	3	521	29
583	3	626	29
583	3	1252	20
584	3	521	29
585	3	521	29
585	3	1200	20
585	3	1565	9
586	3	521	29
586	3	1774	20
587	3	469	29
587	3	1095	20
588	3	521	29
589	3	469	29
590	3	574	29
591	3	521	29
592	3	469	29
593	3	521	29
594	3	469	29
595	3	574	29
595	3	1408	20
595	3	2191	30
596	3	521	29
597	3	626	29
598	3	521	29
599	3	574	29
599	3	2087	20
600	3	574	29
601	3	574	29
602	3	417	29
603	3	469	29
604	3	521	29
605	3	469	29
606	3	574	29
606	3	1982	20
607	3	469	29
607	3	1982	20
608	3	469	29
609	3	521	29
610	3	626	29
611	3	469	29
612	3	469	29
613	3	574	29
614	3	574	29
615	3	417	29
616	3	574	29
617	3	574	29
618	3	626	29
619	3	521	29
620	3	574	29
621	3	521	29
622	3	469	29
623	3	521	29
624	3	469	29
625	3	574	29
626	3	417	29
626	3	1774	20
627	3	521	29
628	3	521	29
629	3	469	29
630	3	521	29
631	3	469	29
631	3	2035	20
632	3	574	29
633	3	469	29
634	3	469	29
635	3	626	29
636	3	521	29
637	3	417	29
638	3	574	29
639	3	469	29
639	3	1461	20
640	3	469	29
641	3	469	29
642	3	626	29
643	3	574	29
644	3	626	29
645	3	626	29
646	3	574	29
646	3	1513	20
647	3	626	29
648	3	626	29
649	3	574	29
650	3	574	29
651	3	521	29
652	3	521	29
653	3	574	29
654	3	469	29
655	3	469	29
656	3	469	29
657	3	469	29
658	3	574	29
658	3	1774	20
659	3	626	29
660	3	521	29
661	3	574	29
662	3	521	29
663	3	574	29
664	3	521	29
664	3	1513	20
664	3	2295	30
665	3	626	29
666	3	574	29
667	3	469	29
668	3	469	29
669	3	626	29
670	3	521	29
671	3	626	29
672	3	626	29
673	3	469	29
674	3	521	29
675	3	626	29
676	3	574	29
676	3	1408	20
677	3	521	29
677	3	1774	20
678	3	574	29
679	3	574	29
680	3	626	29
681	3	521	29
682	3	469	29
683	3	521	29
684	3	574	29
685	3	469	29
686	3	574	29
687	3	626	29
688	3	469	29
689	3	574	29
690	3	469	29
691	3	574	29
691	3	1669	20
691	3	2243	30
692	3	469	29
692	3	1513	20
693	3	417	29
693	3	1930	20
694	3	626	29
695	3	521	29
696	3	469	29
697	3	521	29
698	3	521	29
699	3	469	29
700	3	469	29
701	3	469	29
702	3	469	29
703	3	469	29
703	3	1774	20
704	3	574	29
705	3	626	29
706	3	469	29
707	3	574	29
708	3	521	29
709	3	469	29
709	3	1774	20
710	3	469	29
710	3	1461	20
711	3	521	29
712	3	521	29
713	3	626	29
714	3	626	29
715	3	574	29
716	3	574	29
716	3	1461	20
717	3	574	29
717	3	1930	20
718	3	469	29
718	3	1565	20
719	3	521	29
720	3	521	29
721	3	574	29
722	3	469	29
722	3	1304	20
722	3	1774	9
723	3	417	29
724	3	469	29
725	3	521	29
726	3	469	29
726	3	1722	20
727	3	521	29
728	3	574	29
729	3	626	29
730	3	574	29
731	3	521	29
732	3	574	29
733	3	574	29
733	3	1722	20
734	3	469	29
734	3	1930	20
735	3	626	29
736	3	574	29
737	3	574	29
737	3	2087	20
738	3	521	29
738	3	1565	20
738	3	2191	9
738	3	2243	30
739	3	574	29
740	3	469	29
741	3	469	29
742	3	574	29
742	3	1304	20
742	3	2087	9
742	3	2191	30
743	3	521	29
744	3	521	29
745	3	521	29
746	3	417	29
747	3	626	29
748	3	417	29
749	3	574	29
750	3	626	29
751	3	626	29
752	3	521	29
752	3	2191	20
753	3	521	29
753	3	1513	20
753	3	2087	9
753	3	2243	30
754	3	574	29
755	3	574	29
756	3	521	29
756	3	1461	20
757	3	417	29
758	3	574	29
759	3	417	29
760	3	469	29
761	3	469	29
762	3	521	29
763	3	521	29
764	3	626	29
765	3	469	29
766	3	574	29
767	3	469	29
768	3	417	29
769	3	626	29
770	3	469	29
771	3	574	29
772	3	469	29
773	3	521	29
774	3	469	29
774	3	1565	20
775	3	469	29
776	3	469	29
776	3	1304	20
776	3	2087	9
776	3	2243	30
777	3	521	29
778	3	574	29
779	3	417	29
780	3	574	29
781	3	521	29
781	3	2139	20
782	3	469	29
783	3	521	29
784	3	469	29
785	3	574	29
786	3	469	29
787	3	574	29
788	3	469	29
789	3	574	29
790	3	469	29
791	3	626	29
792	3	574	29
793	3	469	29
793	3	2035	20
794	3	521	29
795	3	574	29
796	3	521	29
797	3	574	29
798	3	521	29
799	3	574	29
800	3	417	29
801	3	626	29
802	3	469	29
803	3	574	29
804	3	469	29
805	3	574	29
806	3	521	29
807	3	626	29
807	3	1200	20
807	3	1722	9
808	3	521	29
809	3	521	29
810	3	469	29
811	3	521	29
811	3	2191	20
812	3	417	29
812	3	1565	20
812	3	2295	30
813	3	626	29
814	3	574	29
815	3	417	29
816	3	626	29
817	3	521	29
818	3	521	29
818	3	2139	20
819	3	521	29
820	3	521	29
821	3	574	29
822	3	521	29
823	3	626	29
823	3	1408	20
823	3	2087	9
823	3	2139	30
824	3	574	29
825	3	469	29
826	3	574	29
827	3	521	29
828	3	469	29
829	3	626	29
830	3	521	29
831	3	469	29
831	3	1513	20
831	3	2035	9
831	3	2139	30
832	3	626	29
832	3	1408	20
832	3	2035	9
832	3	2139	30
833	3	521	29
834	3	574	29
834	3	1513	20
834	3	2243	30
835	3	521	29
836	3	574	29
837	3	574	29
838	3	417	29
838	3	1826	20
839	3	574	29
840	3	417	29
840	3	1043	20
840	3	1774	9
841	3	469	29
842	3	469	29
843	3	574	29
843	3	1252	20
843	3	1826	9
843	3	2035	30
844	3	469	29
845	3	626	29
846	3	469	29
847	3	521	29
848	3	469	29
848	3	1408	20
849	3	574	29
850	3	521	29
850	3	1408	20
850	3	1826	9
851	3	574	29
852	3	626	29
853	3	521	29
854	3	574	29
855	3	469	29
856	3	626	29
857	3	574	29
858	3	626	29
859	3	521	29
860	3	574	29
861	3	626	29
862	3	521	29
863	3	469	29
863	3	1565	20
864	3	469	29
864	3	1461	20
864	3	2087	9
864	3	2139	30
865	3	469	29
866	3	574	29
867	3	521	29
868	3	469	29
869	3	417	29
870	3	417	29
871	3	469	29
872	3	521	29
873	3	521	29
873	3	1356	20
874	3	574	29
875	3	417	29
876	3	521	29
877	3	521	29
877	3	1252	20
877	3	1774	9
878	3	521	29
879	3	521	29
880	3	626	29
880	3	1565	20
881	3	521	29
882	3	521	29
883	3	521	29
884	3	574	29
885	3	626	29
885	3	1356	20
886	3	574	29
887	3	521	29
888	3	521	29
889	3	521	29
890	3	574	29
891	3	574	29
892	3	469	29
893	3	521	29
894	3	574	29
895	3	417	29
896	3	626	29
897	3	469	29
898	3	469	29
898	3	1565	20
899	3	521	29
899	3	1774	20
900	3	574	29
901	3	574	29
902	3	626	29
903	3	417	29
903	3	1930	20
903	3	2295	30
904	3	521	29
905	3	626	29
906	3	469	29
907	3	574	29
908	3	574	29
909	3	469	29
910	3	521	29
911	3	574	29
912	3	469	29
913	3	469	29
914	3	574	29
914	3	1826	20
915	3	626	29
916	3	521	29
916	3	1617	20
917	3	521	29
918	3	469	29
919	3	574	29
920	3	574	29
921	3	469	29
922	3	521	29
923	3	521	29
924	3	469	29
924	3	1408	20
925	3	574	29
926	3	521	29
926	3	1930	20
927	3	521	29
928	3	574	29
929	3	574	29
930	3	574	29
931	3	521	29
931	3	1356	20
931	3	1774	9
932	3	521	29
933	3	469	29
934	3	574	29
935	3	417	29
936	3	469	29
937	3	574	29
938	3	417	29
939	3	521	29
940	3	469	29
940	3	1774	20
941	3	469	29
941	3	1408	20
941	3	2191	9
942	3	469	29
942	3	1408	20
943	3	469	29
944	3	469	29
945	3	574	29
946	3	417	29
947	3	574	29
947	3	1408	20
947	3	2139	30
948	3	574	29
949	3	417	29
949	3	1095	20
949	3	1774	9
950	3	626	29
950	3	1774	20
951	3	417	29
952	3	626	29
953	3	626	29
953	3	1722	20
954	3	469	29
954	3	1930	20
955	3	574	29
956	3	521	29
957	3	417	29
958	3	574	29
959	3	574	29
960	3	626	29
961	3	574	29
962	3	521	29
963	3	574	29
964	3	469	29
964	3	1513	20
964	3	2243	30
965	3	626	29
966	3	521	29
967	3	574	29
968	3	469	29
969	3	469	29
969	3	2087	20
970	3	469	29
971	3	521	29
972	3	521	29
972	3	1200	20
972	3	1774	9
972	3	2191	30
973	3	469	29
974	3	469	29
975	3	521	29
976	3	469	29
976	3	1774	20
977	3	469	29
978	3	469	29
978	3	1669	20
979	3	417	29
980	3	574	29
981	3	574	29
981	3	1774	20
982	3	469	29
983	3	521	29
984	3	469	29
985	3	626	29
985	3	2191	20
986	3	469	29
987	3	521	29
988	3	521	29
989	3	521	29
990	3	469	29
991	3	521	29
992	3	626	29
993	3	574	29
994	3	469	29
995	3	521	29
996	3	521	29
997	3	469	29
998	3	469	29
998	3	1513	20
998	3	2139	30
999	3	469	29
0	4	626	29
0	4	2295	28
1	4	626	29
2	4	469	29
3	4	521	29
4	4	574	29
4	4	1878	28
4	4	2139	30
5	4	521	29
6	4	417	29
7	4	469	29
8	4	574	29
9	4	574	29
10	4	521	29
11	4	521	29
12	4	521	29
13	4	574	29
14	4	469	29
15	4	469	29
16	4	574	29
17	4	574	29
18	4	417	29
19	4	626	29
20	4	521	29
20	4	2243	28
21	4	417	29
22	4	521	29
23	4	521	29
24	4	469	29
24	4	2243	28
25	4	626	29
26	4	521	29
27	4	469	29
28	4	469	29
28	4	2295	28
29	4	521	29
30	4	574	29
31	4	574	29
32	4	574	29
33	4	521	29
34	4	469	29
34	4	2295	28
35	4	574	29
35	4	2295	28
36	4	574	29
37	4	574	29
38	4	574	29
39	4	574	29
40	4	574	29
40	4	1878	28
40	4	2191	30
41	4	574	29
41	4	2243	28
42	4	626	29
43	4	417	29
44	4	521	29
45	4	626	29
46	4	469	29
47	4	574	29
48	4	469	29
49	4	469	29
49	4	2139	28
50	4	521	29
51	4	626	29
52	4	521	29
53	4	469	29
53	4	1878	28
53	4	2139	30
54	4	574	29
55	4	574	29
56	4	574	29
57	4	469	29
57	4	1669	28
58	4	469	29
59	4	521	29
59	4	2191	28
60	4	574	29
61	4	626	29
62	4	574	29
62	4	2139	28
63	4	417	29
64	4	626	29
65	4	469	29
66	4	521	29
67	4	574	29
68	4	626	29
69	4	469	29
70	4	469	29
71	4	521	29
72	4	574	29
73	4	469	29
74	4	574	29
75	4	626	29
76	4	469	29
77	4	626	29
78	4	574	29
79	4	626	29
80	4	626	29
81	4	521	29
82	4	521	29
83	4	574	29
84	4	574	29
85	4	521	29
86	4	469	29
87	4	417	29
87	4	1774	28
87	4	2243	30
88	4	521	29
89	4	574	29
90	4	574	29
91	4	521	29
92	4	521	29
93	4	521	29
94	4	417	29
95	4	626	29
96	4	521	29
97	4	469	29
98	4	521	29
99	4	626	29
100	4	626	29
101	4	521	29
102	4	521	29
103	4	469	29
104	4	417	29
105	4	469	29
106	4	469	29
106	4	1982	28
106	4	2243	30
107	4	574	29
107	4	2191	28
108	4	574	29
109	4	574	29
110	4	574	29
111	4	574	29
112	4	469	29
113	4	469	29
114	4	574	29
115	4	626	29
116	4	469	29
117	4	574	29
118	4	626	29
119	4	574	29
120	4	574	29
121	4	469	29
122	4	626	29
122	4	2035	28
123	4	469	29
124	4	626	29
125	4	469	29
126	4	469	29
127	4	574	29
128	4	521	29
129	4	469	29
130	4	417	29
131	4	574	29
131	4	1982	28
131	4	2295	30
132	4	574	29
133	4	521	29
134	4	626	29
135	4	521	29
136	4	469	29
136	4	1565	28
136	4	2295	30
137	4	469	29
138	4	574	29
138	4	1930	28
138	4	2243	30
139	4	626	29
139	4	1774	28
139	4	2035	30
140	4	469	29
141	4	521	29
141	4	1722	28
142	4	521	29
143	4	521	29
144	4	469	29
145	4	469	29
146	4	574	29
147	4	574	29
148	4	417	29
149	4	574	29
149	4	1930	28
150	4	469	29
150	4	2191	28
151	4	417	29
152	4	469	29
152	4	2035	28
153	4	521	29
154	4	574	29
155	4	521	29
155	4	2139	28
156	4	521	29
156	4	2139	28
157	4	469	29
158	4	469	29
159	4	574	29
159	4	1982	28
159	4	2295	30
160	4	521	29
161	4	469	29
162	4	521	29
163	4	521	29
164	4	469	29
165	4	469	29
166	4	574	29
167	4	574	29
168	4	469	29
169	4	626	29
170	4	574	29
171	4	574	29
172	4	574	29
173	4	574	29
174	4	469	29
175	4	521	29
175	4	2191	28
176	4	521	29
177	4	626	29
178	4	469	29
179	4	521	29
180	4	626	29
181	4	521	29
182	4	417	29
183	4	469	29
183	4	2191	28
184	4	626	29
185	4	626	29
186	4	469	29
187	4	469	29
188	4	574	29
189	4	574	29
189	4	2139	28
190	4	469	29
191	4	626	29
192	4	626	29
193	4	521	29
194	4	521	29
195	4	574	29
196	4	469	29
196	4	1565	28
196	4	1826	30
197	4	469	29
198	4	574	29
198	4	2295	28
199	4	521	29
199	4	2139	28
200	4	574	29
201	4	469	29
202	4	574	29
203	4	417	29
204	4	521	29
205	4	574	29
206	4	521	29
206	4	1617	28
206	4	1878	30
207	4	574	29
207	4	2191	28
208	4	469	29
209	4	521	29
210	4	417	29
211	4	469	29
212	4	574	29
213	4	469	29
214	4	469	29
215	4	469	29
216	4	469	29
217	4	521	29
218	4	574	29
219	4	417	29
220	4	574	29
221	4	417	29
222	4	521	29
223	4	469	29
224	4	574	29
225	4	574	29
225	4	1826	28
225	4	2243	30
226	4	469	29
227	4	626	29
228	4	469	29
229	4	469	29
230	4	469	29
231	4	469	29
232	4	574	29
232	4	2191	28
233	4	574	29
234	4	469	29
235	4	521	29
236	4	469	29
237	4	469	29
238	4	574	29
239	4	626	29
240	4	521	29
240	4	2035	28
240	4	2295	30
241	4	469	29
242	4	574	29
242	4	2191	28
243	4	469	29
243	4	1774	28
243	4	2191	30
244	4	417	29
245	4	521	29
246	4	469	29
247	4	469	29
248	4	521	29
249	4	521	29
250	4	521	29
250	4	1878	28
250	4	2191	30
251	4	469	29
252	4	574	29
253	4	521	29
254	4	521	29
255	4	521	29
256	4	417	29
257	4	521	29
258	4	626	29
259	4	521	29
260	4	469	29
261	4	521	29
262	4	521	29
263	4	521	29
264	4	574	29
265	4	574	29
266	4	521	29
267	4	521	29
268	4	626	29
269	4	626	29
270	4	521	29
271	4	521	29
271	4	2139	28
272	4	469	29
272	4	1722	28
272	4	1982	30
273	4	574	29
274	4	469	29
275	4	469	29
276	4	574	29
277	4	574	29
278	4	469	29
279	4	574	29
280	4	417	29
281	4	574	29
282	4	574	29
283	4	469	29
284	4	574	29
284	4	1722	28
284	4	2191	30
285	4	521	29
286	4	469	29
286	4	1930	28
286	4	2243	30
287	4	574	29
288	4	626	29
289	4	417	29
290	4	574	29
291	4	626	29
292	4	626	29
293	4	521	29
293	4	1774	28
293	4	2191	30
294	4	574	29
295	4	469	29
296	4	521	29
297	4	574	29
298	4	574	29
299	4	574	29
300	4	417	29
301	4	521	29
302	4	574	29
302	4	2295	28
303	4	469	29
303	4	1617	28
303	4	2191	30
304	4	521	29
305	4	469	29
306	4	469	29
307	4	469	29
308	4	417	29
309	4	521	29
309	4	1722	28
309	4	2087	30
310	4	574	29
310	4	1930	28
310	4	2191	30
311	4	521	29
312	4	521	29
313	4	574	29
314	4	469	29
315	4	521	29
315	4	2243	28
316	4	574	29
317	4	574	29
318	4	626	29
319	4	469	29
320	4	626	29
321	4	626	29
322	4	469	29
323	4	574	29
324	4	626	29
325	4	626	29
326	4	574	29
327	4	521	29
328	4	469	29
329	4	574	29
330	4	521	29
331	4	626	29
332	4	626	29
333	4	574	29
333	4	2295	28
334	4	521	29
335	4	574	29
336	4	574	29
337	4	521	29
338	4	469	29
339	4	626	29
340	4	521	29
341	4	521	29
342	4	469	29
342	4	1722	28
343	4	574	29
343	4	2243	28
344	4	626	29
345	4	469	29
345	4	2139	28
346	4	417	29
346	4	1878	28
346	4	2191	30
347	4	626	29
348	4	574	29
349	4	574	29
349	4	1774	28
350	4	574	29
351	4	574	29
352	4	469	29
353	4	574	29
354	4	469	29
354	4	1669	28
355	4	626	29
356	4	521	29
357	4	574	29
358	4	469	29
359	4	469	29
360	4	521	29
361	4	521	29
362	4	469	29
363	4	469	29
364	4	574	29
365	4	521	29
366	4	469	29
367	4	521	29
368	4	574	29
368	4	1774	28
368	4	2139	30
369	4	521	29
370	4	469	29
371	4	469	29
372	4	626	29
373	4	626	29
374	4	469	29
375	4	469	29
376	4	574	29
377	4	574	29
378	4	521	29
379	4	626	29
380	4	574	29
381	4	521	29
382	4	626	29
383	4	469	29
384	4	626	29
385	4	521	29
386	4	417	29
387	4	521	29
387	4	2191	28
388	4	574	29
389	4	574	29
390	4	521	29
391	4	521	29
391	4	2191	28
392	4	521	29
393	4	521	29
394	4	574	29
395	4	626	29
396	4	574	29
396	4	1669	28
397	4	469	29
398	4	469	29
399	4	469	29
400	4	521	29
401	4	469	29
402	4	574	29
403	4	469	29
404	4	626	29
405	4	469	29
406	4	574	29
407	4	574	29
408	4	469	29
409	4	574	29
410	4	626	29
411	4	417	29
411	4	1722	28
412	4	626	29
412	4	1722	28
412	4	1982	30
413	4	574	29
413	4	1669	28
413	4	2295	30
414	4	469	29
414	4	2087	28
415	4	626	29
416	4	469	29
417	4	521	29
418	4	521	29
419	4	417	29
420	4	574	29
421	4	521	29
422	4	469	29
423	4	521	29
424	4	521	29
424	4	1826	28
424	4	2087	30
425	4	521	29
426	4	521	29
426	4	2295	28
427	4	521	29
428	4	521	29
429	4	417	29
430	4	521	29
431	4	521	29
432	4	626	29
432	4	1982	28
433	4	521	29
434	4	626	29
434	4	1878	28
434	4	2139	30
435	4	469	29
436	4	574	29
436	4	1878	28
437	4	521	29
438	4	417	29
439	4	574	29
440	4	469	29
441	4	574	29
442	4	574	29
443	4	469	29
444	4	521	29
445	4	574	29
446	4	626	29
447	4	469	29
448	4	521	29
449	4	521	29
450	4	469	29
451	4	469	29
451	4	2035	28
452	4	469	29
453	4	521	29
453	4	1722	28
454	4	469	29
455	4	574	29
456	4	626	29
457	4	469	29
458	4	521	29
459	4	417	29
460	4	574	29
461	4	469	29
462	4	469	29
463	4	521	29
463	4	1930	28
464	4	521	29
465	4	574	29
466	4	521	29
467	4	469	29
468	4	574	29
469	4	521	29
469	4	1982	28
470	4	574	29
471	4	469	29
472	4	469	29
473	4	521	29
474	4	521	29
475	4	574	29
476	4	521	29
477	4	469	29
478	4	574	29
479	4	417	29
480	4	521	29
481	4	521	29
481	4	1878	28
482	4	626	29
483	4	626	29
484	4	521	29
485	4	626	29
486	4	574	29
487	4	574	29
488	4	469	29
489	4	574	29
489	4	1878	28
490	4	521	29
490	4	2139	28
491	4	626	29
492	4	521	29
492	4	2295	28
493	4	521	29
494	4	521	29
495	4	574	29
496	4	469	29
496	4	2139	28
497	4	469	29
498	4	574	29
499	4	521	29
500	4	521	29
500	4	1722	28
501	4	626	29
502	4	574	29
503	4	574	29
503	4	1669	28
503	4	1930	30
504	4	417	29
505	4	521	29
506	4	469	29
507	4	521	29
508	4	626	29
508	4	1878	28
508	4	2139	30
509	4	626	29
510	4	574	29
511	4	574	29
512	4	574	29
512	4	2191	28
513	4	469	29
514	4	574	29
515	4	521	29
515	4	2191	28
516	4	469	29
517	4	521	29
518	4	626	29
519	4	469	29
520	4	574	29
521	4	574	29
522	4	574	29
522	4	2139	28
523	4	574	29
524	4	417	29
525	4	521	29
525	4	1878	28
526	4	469	29
527	4	469	29
528	4	574	29
529	4	626	29
529	4	1669	28
529	4	2139	30
530	4	521	29
531	4	626	29
532	4	521	29
533	4	574	29
534	4	626	29
534	4	1930	28
535	4	574	29
536	4	574	29
537	4	521	29
538	4	469	29
539	4	574	29
540	4	469	29
541	4	469	29
542	4	626	29
543	4	626	29
544	4	469	29
544	4	1878	28
544	4	2191	30
545	4	574	29
546	4	626	29
547	4	574	29
547	4	2035	28
547	4	2295	30
548	4	574	29
549	4	521	29
550	4	469	29
550	4	1669	28
550	4	2087	30
551	4	469	29
551	4	1774	28
552	4	574	29
553	4	469	29
554	4	469	29
554	4	2295	28
555	4	469	29
555	4	1617	28
555	4	1930	30
556	4	469	29
557	4	469	29
558	4	417	29
559	4	521	29
560	4	521	29
561	4	521	29
562	4	469	29
563	4	469	29
564	4	417	29
565	4	521	29
565	4	1878	28
565	4	2139	30
566	4	469	29
567	4	469	29
568	4	521	29
569	4	574	29
570	4	469	29
571	4	521	29
572	4	574	29
573	4	574	29
574	4	626	29
575	4	521	29
575	4	1669	28
576	4	469	29
577	4	626	29
578	4	469	29
579	4	521	29
580	4	521	29
581	4	521	29
582	4	521	29
583	4	626	29
583	4	1669	28
584	4	521	29
585	4	521	29
585	4	1617	28
586	4	521	29
587	4	469	29
587	4	1669	28
588	4	521	29
589	4	469	29
590	4	574	29
591	4	521	29
592	4	469	29
593	4	521	29
594	4	469	29
595	4	574	29
595	4	1826	28
595	4	2191	30
596	4	521	29
597	4	626	29
598	4	521	29
599	4	574	29
600	4	574	29
601	4	574	29
602	4	417	29
603	4	469	29
604	4	521	29
605	4	469	29
606	4	574	29
607	4	469	29
607	4	2191	28
608	4	469	29
609	4	521	29
610	4	626	29
611	4	469	29
612	4	469	29
613	4	574	29
614	4	574	29
615	4	417	29
616	4	574	29
617	4	574	29
618	4	626	29
619	4	521	29
620	4	574	29
621	4	521	29
622	4	469	29
623	4	521	29
624	4	469	29
625	4	574	29
626	4	417	29
627	4	521	29
628	4	521	29
629	4	469	29
630	4	521	29
631	4	469	29
631	4	2087	28
632	4	574	29
632	4	2243	28
633	4	469	29
634	4	469	29
635	4	626	29
636	4	521	29
637	4	417	29
638	4	574	29
639	4	469	29
639	4	1878	28
640	4	469	29
641	4	469	29
642	4	626	29
643	4	574	29
644	4	626	29
645	4	626	29
646	4	574	29
647	4	626	29
648	4	626	29
649	4	574	29
650	4	574	29
651	4	521	29
652	4	521	29
653	4	574	29
654	4	469	29
655	4	469	29
656	4	469	29
657	4	469	29
658	4	574	29
658	4	1982	28
659	4	626	29
660	4	521	29
661	4	574	29
662	4	521	29
663	4	574	29
664	4	521	29
664	4	2035	28
664	4	2295	30
665	4	626	29
666	4	574	29
667	4	469	29
668	4	469	29
669	4	626	29
670	4	521	29
671	4	626	29
672	4	626	29
673	4	469	29
674	4	521	29
675	4	626	29
676	4	574	29
676	4	1982	28
677	4	521	29
678	4	574	29
679	4	574	29
680	4	626	29
681	4	521	29
682	4	469	29
683	4	521	29
684	4	574	29
685	4	469	29
686	4	574	29
687	4	626	29
688	4	469	29
689	4	574	29
690	4	469	29
691	4	574	29
691	4	1982	28
691	4	2243	30
692	4	469	29
693	4	417	29
693	4	2139	28
694	4	626	29
695	4	521	29
696	4	469	29
697	4	521	29
697	4	2243	28
698	4	521	29
699	4	469	29
700	4	469	29
701	4	469	29
701	4	2191	28
702	4	469	29
703	4	469	29
703	4	2243	28
704	4	574	29
705	4	626	29
706	4	469	29
707	4	574	29
708	4	521	29
709	4	469	29
709	4	2035	28
710	4	469	29
711	4	521	29
712	4	521	29
713	4	626	29
714	4	626	29
715	4	574	29
716	4	574	29
717	4	574	29
717	4	2191	28
718	4	469	29
718	4	2139	28
719	4	521	29
720	4	521	29
721	4	574	29
722	4	469	29
722	4	1617	28
723	4	417	29
724	4	469	29
725	4	521	29
726	4	469	29
727	4	521	29
728	4	574	29
729	4	626	29
730	4	574	29
731	4	521	29
732	4	574	29
733	4	574	29
734	4	469	29
734	4	2243	28
735	4	626	29
736	4	574	29
737	4	574	29
737	4	2139	28
738	4	521	29
738	4	1982	28
738	4	2243	30
739	4	574	29
740	4	469	29
741	4	469	29
742	4	574	29
742	4	1930	28
742	4	2191	30
743	4	521	29
744	4	521	29
745	4	521	29
746	4	417	29
747	4	626	29
748	4	417	29
749	4	574	29
750	4	626	29
751	4	626	29
752	4	521	29
752	4	2295	28
753	4	521	29
753	4	1982	28
753	4	2243	30
754	4	574	29
755	4	574	29
756	4	521	29
756	4	1878	28
757	4	417	29
758	4	574	29
759	4	417	29
760	4	469	29
761	4	469	29
762	4	521	29
763	4	521	29
764	4	626	29
765	4	469	29
766	4	574	29
767	4	469	29
768	4	417	29
769	4	626	29
770	4	469	29
771	4	574	29
772	4	469	29
773	4	521	29
774	4	469	29
775	4	469	29
776	4	469	29
776	4	1826	28
776	4	2243	30
777	4	521	29
778	4	574	29
779	4	417	29
780	4	574	29
781	4	521	29
781	4	2243	28
782	4	469	29
783	4	521	29
784	4	469	29
785	4	574	29
786	4	469	29
787	4	574	29
788	4	469	29
789	4	574	29
790	4	469	29
791	4	626	29
792	4	574	29
793	4	469	29
793	4	2191	28
794	4	521	29
795	4	574	29
796	4	521	29
797	4	574	29
798	4	521	29
799	4	574	29
800	4	417	29
801	4	626	29
802	4	469	29
803	4	574	29
804	4	469	29
805	4	574	29
806	4	521	29
807	4	626	29
807	4	1669	28
808	4	521	29
809	4	521	29
810	4	469	29
810	4	2295	28
811	4	521	29
812	4	417	29
812	4	1982	28
812	4	2295	30
813	4	626	29
814	4	574	29
815	4	417	29
816	4	626	29
817	4	521	29
818	4	521	29
819	4	521	29
820	4	521	29
821	4	574	29
822	4	521	29
823	4	626	29
823	4	1878	28
823	4	2139	30
824	4	574	29
825	4	469	29
826	4	574	29
827	4	521	29
828	4	469	29
829	4	626	29
830	4	521	29
831	4	469	29
831	4	1878	28
831	4	2139	30
832	4	626	29
832	4	1826	28
832	4	2139	30
833	4	521	29
834	4	574	29
834	4	1982	28
834	4	2243	30
835	4	521	29
836	4	574	29
837	4	574	29
838	4	417	29
838	4	2035	28
839	4	574	29
840	4	417	29
840	4	1565	28
841	4	469	29
842	4	469	29
843	4	574	29
843	4	1774	28
843	4	2035	30
844	4	469	29
845	4	626	29
846	4	469	29
847	4	521	29
848	4	469	29
849	4	574	29
850	4	521	29
850	4	1774	28
851	4	574	29
852	4	626	29
853	4	521	29
854	4	574	29
855	4	469	29
856	4	626	29
857	4	574	29
858	4	626	29
859	4	521	29
860	4	574	29
861	4	626	29
862	4	521	29
863	4	469	29
864	4	469	29
864	4	1774	28
864	4	2139	30
865	4	469	29
866	4	574	29
867	4	521	29
868	4	469	29
869	4	417	29
870	4	417	29
871	4	469	29
872	4	521	29
873	4	521	29
873	4	1878	28
874	4	574	29
875	4	417	29
876	4	521	29
877	4	521	29
877	4	1669	28
878	4	521	29
879	4	521	29
880	4	626	29
880	4	2295	28
881	4	521	29
882	4	521	29
883	4	521	29
884	4	574	29
885	4	626	29
885	4	1774	28
886	4	574	29
887	4	521	29
888	4	521	29
889	4	521	29
890	4	574	29
891	4	574	29
892	4	469	29
893	4	521	29
894	4	574	29
895	4	417	29
896	4	626	29
897	4	469	29
898	4	469	29
899	4	521	29
899	4	2035	28
900	4	574	29
901	4	574	29
902	4	626	29
902	4	2243	28
903	4	417	29
903	4	1982	28
903	4	2295	30
904	4	521	29
905	4	626	29
906	4	469	29
907	4	574	29
908	4	574	29
909	4	469	29
910	4	521	29
911	4	574	29
912	4	469	29
913	4	469	29
914	4	574	29
915	4	626	29
916	4	521	29
917	4	521	29
918	4	469	29
919	4	574	29
920	4	574	29
921	4	469	29
922	4	521	29
923	4	521	29
924	4	469	29
924	4	1826	28
925	4	574	29
926	4	521	29
926	4	2139	28
927	4	521	29
928	4	574	29
929	4	574	29
930	4	574	29
931	4	521	29
931	4	1722	28
932	4	521	29
933	4	469	29
934	4	574	29
935	4	417	29
936	4	469	29
937	4	574	29
938	4	417	29
939	4	521	29
940	4	469	29
940	4	2087	28
941	4	469	29
941	4	1930	28
942	4	469	29
942	4	1774	28
943	4	469	29
944	4	469	29
945	4	574	29
946	4	417	29
947	4	574	29
947	4	1774	28
947	4	2139	30
948	4	574	29
949	4	417	29
949	4	1617	28
950	4	626	29
951	4	417	29
952	4	626	29
953	4	626	29
954	4	469	29
954	4	2191	28
955	4	574	29
956	4	521	29
957	4	417	29
958	4	574	29
959	4	574	29
960	4	626	29
961	4	574	29
962	4	521	29
963	4	574	29
964	4	469	29
964	4	1826	28
964	4	2243	30
965	4	626	29
966	4	521	29
967	4	574	29
968	4	469	29
969	4	469	29
969	4	2295	28
970	4	469	29
971	4	521	29
971	4	2295	28
972	4	521	29
972	4	1722	28
972	4	2191	30
973	4	469	29
974	4	469	29
975	4	521	29
976	4	469	29
976	4	2087	28
977	4	469	29
978	4	469	29
979	4	417	29
980	4	574	29
981	4	574	29
982	4	469	29
983	4	521	29
984	4	469	29
985	4	626	29
986	4	469	29
987	4	521	29
988	4	521	29
989	4	521	29
990	4	469	29
991	4	521	29
992	4	626	29
993	4	574	29
994	4	469	29
995	4	521	29
996	4	521	29
997	4	469	29
998	4	469	29
998	4	1878	28
998	4	2139	30
999	4	469	29
0	5	469	25
0	5	626	29
0	5	1982	27
0	5	2295	28
1	5	469	25
1	5	626	29
2	5	469	29
3	5	469	25
3	5	521	29
3	5	2243	27
4	5	469	25
4	5	574	29
4	5	1617	27
4	5	1878	28
4	5	2139	30
5	5	469	25
5	5	521	29
6	5	417	29
6	5	1878	27
6	5	2139	25
7	5	469	29
7	5	1722	27
8	5	469	25
8	5	574	29
8	5	1722	27
9	5	469	25
9	5	574	29
10	5	469	25
10	5	521	29
10	5	2139	27
11	5	469	25
11	5	521	29
12	5	469	25
12	5	521	29
13	5	469	25
13	5	574	29
14	5	469	29
14	5	1043	27
14	5	2087	25
15	5	469	29
15	5	1774	27
15	5	2243	25
16	5	469	25
16	5	574	29
17	5	469	25
17	5	574	29
17	5	2087	27
18	5	417	29
18	5	1878	27
18	5	2191	25
19	5	469	25
19	5	626	29
20	5	469	25
20	5	521	29
20	5	1982	27
20	5	2243	28
21	5	417	29
21	5	991	27
22	5	469	25
22	5	521	29
23	5	469	25
23	5	521	29
23	5	2295	27
24	5	469	29
24	5	1461	27
24	5	1878	25
24	5	2243	28
25	5	469	25
25	5	626	29
26	5	469	25
26	5	521	29
27	5	469	29
27	5	1513	27
27	5	2035	25
28	5	469	29
28	5	1461	27
28	5	1722	25
28	5	2295	28
29	5	469	25
29	5	521	29
30	5	469	25
30	5	574	29
31	5	469	25
31	5	574	29
32	5	469	25
32	5	574	29
33	5	469	25
33	5	521	29
34	5	469	29
34	5	1669	27
34	5	1982	25
34	5	2295	28
35	5	469	25
35	5	574	29
35	5	2035	27
35	5	2295	28
36	5	469	25
36	5	574	29
37	5	469	25
37	5	574	29
38	5	469	25
38	5	574	29
39	5	469	25
39	5	574	29
40	5	469	25
40	5	574	29
40	5	1617	27
40	5	1878	28
40	5	2191	30
41	5	469	25
41	5	574	29
41	5	1982	27
41	5	2243	28
42	5	469	25
42	5	626	29
42	5	1982	27
43	5	417	29
43	5	1461	27
43	5	1878	25
44	5	469	25
44	5	521	29
45	5	469	25
45	5	626	29
46	5	469	29
46	5	1982	27
46	5	2295	25
47	5	469	25
47	5	574	29
48	5	469	29
49	5	469	29
49	5	1408	27
49	5	1722	25
49	5	2139	28
50	5	469	25
50	5	521	29
51	5	469	25
51	5	626	29
52	5	469	25
52	5	521	29
53	5	469	29
53	5	1304	27
53	5	1617	25
53	5	1878	28
53	5	2139	30
54	5	469	25
54	5	574	29
55	5	469	25
55	5	574	29
56	5	469	25
56	5	574	29
57	5	469	29
57	5	1095	27
57	5	1408	25
57	5	1669	28
58	5	469	29
58	5	1356	27
58	5	1669	25
59	5	469	25
59	5	521	29
59	5	1930	27
59	5	2191	28
60	5	469	25
60	5	574	29
61	5	469	25
61	5	626	29
62	5	469	25
62	5	574	29
62	5	1878	27
62	5	2139	28
63	5	417	29
63	5	1565	27
64	5	469	25
64	5	626	29
65	5	469	29
65	5	1878	27
66	5	469	25
66	5	521	29
67	5	469	25
67	5	574	29
68	5	469	25
68	5	626	29
69	5	469	29
69	5	1617	27
70	5	469	29
71	5	469	25
71	5	521	29
72	5	469	25
72	5	574	29
73	5	469	29
74	5	469	25
74	5	574	29
75	5	469	25
75	5	626	29
76	5	469	29
77	5	469	25
77	5	626	29
78	5	469	25
78	5	574	29
79	5	469	25
79	5	626	29
79	5	2243	27
80	5	469	25
80	5	626	29
81	5	469	25
81	5	521	29
82	5	469	25
82	5	521	29
83	5	469	25
83	5	574	29
84	5	469	25
84	5	574	29
85	5	469	25
85	5	521	29
86	5	469	29
87	5	417	29
87	5	1148	27
87	5	1461	25
87	5	1774	28
87	5	2243	30
88	5	469	25
88	5	521	29
88	5	2191	27
89	5	469	25
89	5	574	29
90	5	469	25
90	5	574	29
91	5	469	25
91	5	521	29
92	5	469	25
92	5	521	29
92	5	2139	27
93	5	469	25
93	5	521	29
94	5	417	29
95	5	469	25
95	5	626	29
96	5	469	25
96	5	521	29
96	5	2295	27
97	5	469	29
98	5	469	25
98	5	521	29
99	5	469	25
99	5	626	29
100	5	469	25
100	5	626	29
101	5	469	25
101	5	521	29
102	5	469	25
102	5	521	29
103	5	469	29
104	5	417	29
104	5	1408	27
104	5	1722	25
105	5	469	29
106	5	469	29
106	5	1408	27
106	5	1722	25
106	5	1982	28
106	5	2243	30
107	5	469	25
107	5	574	29
107	5	1930	27
107	5	2191	28
108	5	469	25
108	5	574	29
109	5	469	25
109	5	574	29
110	5	469	25
110	5	574	29
111	5	469	25
111	5	574	29
112	5	469	29
113	5	469	29
113	5	1252	27
114	5	469	25
114	5	574	29
115	5	469	25
115	5	626	29
116	5	469	29
116	5	2191	27
117	5	469	25
117	5	574	29
118	5	469	25
118	5	626	29
119	5	469	25
119	5	574	29
120	5	469	25
120	5	574	29
121	5	469	29
122	5	469	25
122	5	626	29
122	5	1722	27
122	5	2035	28
123	5	469	29
124	5	469	25
124	5	626	29
125	5	469	29
125	5	1356	27
125	5	1669	25
126	5	469	29
126	5	1148	27
126	5	1565	25
127	5	469	25
127	5	574	29
127	5	2191	27
128	5	469	25
128	5	521	29
128	5	1722	27
129	5	469	29
130	5	417	29
131	5	469	25
131	5	574	29
131	5	1722	27
131	5	1982	28
131	5	2295	30
132	5	469	25
132	5	574	29
133	5	469	25
133	5	521	29
134	5	469	25
134	5	626	29
135	5	469	25
135	5	521	29
136	5	469	29
136	5	991	27
136	5	1304	25
136	5	1565	28
136	5	2295	30
137	5	469	29
137	5	1669	27
138	5	469	25
138	5	574	29
138	5	1669	27
138	5	1930	28
138	5	2243	30
139	5	469	25
139	5	626	29
139	5	1513	27
139	5	1774	28
139	5	2035	30
140	5	469	29
141	5	469	25
141	5	521	29
141	5	1461	27
141	5	1722	28
142	5	469	25
142	5	521	29
143	5	469	25
143	5	521	29
144	5	469	29
145	5	469	29
145	5	1774	27
146	5	469	25
146	5	574	29
146	5	2035	27
147	5	469	25
147	5	574	29
147	5	2139	27
148	5	417	29
149	5	469	25
149	5	574	29
149	5	1617	27
149	5	1930	28
150	5	469	29
150	5	1565	27
150	5	1878	25
150	5	2191	28
151	5	417	29
151	5	2087	27
152	5	469	29
152	5	1408	27
152	5	1722	25
152	5	2035	28
153	5	469	25
153	5	521	29
154	5	469	25
154	5	574	29
154	5	1617	27
155	5	469	25
155	5	521	29
155	5	1878	27
155	5	2139	28
156	5	469	25
156	5	521	29
156	5	1826	27
156	5	2139	28
157	5	469	29
158	5	469	29
158	5	1408	27
158	5	1722	25
159	5	469	25
159	5	574	29
159	5	1722	27
159	5	1982	28
159	5	2295	30
160	5	469	25
160	5	521	29
161	5	469	29
162	5	469	25
162	5	521	29
163	5	469	25
163	5	521	29
164	5	469	29
164	5	2035	27
165	5	469	29
165	5	1304	27
165	5	1617	25
166	5	469	25
166	5	574	29
167	5	469	25
167	5	574	29
168	5	469	29
169	5	469	25
169	5	626	29
170	5	469	25
170	5	574	29
170	5	1565	27
171	5	469	25
171	5	574	29
172	5	469	25
172	5	574	29
172	5	2295	27
173	5	469	25
173	5	574	29
174	5	469	29
174	5	1722	27
174	5	2035	25
175	5	469	25
175	5	521	29
175	5	1930	27
175	5	2191	28
176	5	469	25
176	5	521	29
177	5	469	25
177	5	626	29
178	5	469	29
179	5	469	25
179	5	521	29
179	5	2243	27
180	5	469	25
180	5	626	29
181	5	469	25
181	5	521	29
182	5	417	29
183	5	469	29
183	5	1461	27
183	5	1878	25
183	5	2191	28
184	5	469	25
184	5	626	29
185	5	469	25
185	5	626	29
185	5	1722	27
186	5	469	29
187	5	469	29
187	5	1669	27
188	5	469	25
188	5	574	29
189	5	469	25
189	5	574	29
189	5	1878	27
189	5	2139	28
190	5	469	29
191	5	469	25
191	5	626	29
192	5	469	25
192	5	626	29
193	5	469	25
193	5	521	29
193	5	2087	27
194	5	469	25
194	5	521	29
195	5	469	25
195	5	574	29
196	5	469	29
196	5	1043	27
196	5	1304	25
196	5	1565	28
196	5	1826	30
197	5	469	29
198	5	469	25
198	5	574	29
198	5	1878	27
198	5	2295	28
199	5	469	25
199	5	521	29
199	5	1878	27
199	5	2139	28
200	5	469	25
200	5	574	29
201	5	469	29
202	5	469	25
202	5	574	29
203	5	417	29
203	5	1669	27
203	5	2243	25
204	5	469	25
204	5	521	29
205	5	469	25
205	5	574	29
206	5	469	25
206	5	521	29
206	5	1356	27
206	5	1617	28
206	5	1878	30
207	5	469	25
207	5	574	29
207	5	1930	27
207	5	2191	28
208	5	469	29
208	5	1513	27
209	5	469	25
209	5	521	29
210	5	417	29
210	5	1722	27
211	5	469	29
212	5	469	25
212	5	574	29
213	5	469	29
214	5	469	29
215	5	469	29
216	5	469	29
217	5	469	25
217	5	521	29
218	5	469	25
218	5	574	29
219	5	417	29
220	5	469	25
220	5	574	29
221	5	417	29
221	5	1722	27
222	5	469	25
222	5	521	29
223	5	469	29
224	5	469	25
224	5	574	29
225	5	469	25
225	5	574	29
225	5	1565	27
225	5	1826	28
225	5	2243	30
226	5	469	29
226	5	1304	27
226	5	1617	25
227	5	469	25
227	5	626	29
228	5	469	29
228	5	1200	27
228	5	1513	25
229	5	469	29
229	5	1617	27
230	5	469	29
230	5	2087	27
231	5	469	29
231	5	1982	27
231	5	2243	25
232	5	469	25
232	5	574	29
232	5	1669	27
232	5	2191	28
233	5	469	25
233	5	574	29
234	5	469	29
235	5	469	25
235	5	521	29
236	5	469	29
237	5	469	29
238	5	469	25
238	5	574	29
239	5	469	25
239	5	626	29
240	5	469	25
240	5	521	29
240	5	1774	27
240	5	2035	28
240	5	2295	30
241	5	469	29
241	5	1461	27
241	5	1774	25
242	5	469	25
242	5	574	29
242	5	1878	27
242	5	2191	28
243	5	469	29
243	5	991	27
243	5	1461	25
243	5	1774	28
243	5	2191	30
244	5	417	29
244	5	1461	27
244	5	2035	25
245	5	469	25
245	5	521	29
246	5	469	29
247	5	469	29
248	5	469	25
248	5	521	29
249	5	469	25
249	5	521	29
250	5	469	25
250	5	521	29
250	5	1617	27
250	5	1878	28
250	5	2191	30
251	5	469	29
251	5	1774	27
251	5	2087	25
252	5	469	25
252	5	574	29
253	5	469	25
253	5	521	29
254	5	469	25
254	5	521	29
255	5	469	25
255	5	521	29
256	5	417	29
256	5	1722	27
256	5	2035	25
257	5	469	25
257	5	521	29
258	5	469	25
258	5	626	29
258	5	2087	27
259	5	469	25
259	5	521	29
260	5	469	29
260	5	1878	27
260	5	2139	25
261	5	469	25
261	5	521	29
262	5	469	25
262	5	521	29
262	5	2191	27
263	5	469	25
263	5	521	29
264	5	469	25
264	5	574	29
265	5	469	25
265	5	574	29
266	5	469	25
266	5	521	29
266	5	2243	27
267	5	469	25
267	5	521	29
268	5	469	25
268	5	626	29
269	5	469	25
269	5	626	29
269	5	1774	27
270	5	469	25
270	5	521	29
271	5	469	25
271	5	521	29
271	5	1878	27
271	5	2139	28
272	5	469	29
272	5	1148	27
272	5	1461	25
272	5	1722	28
272	5	1982	30
273	5	469	25
273	5	574	29
274	5	469	29
275	5	469	29
276	5	469	25
276	5	574	29
277	5	469	25
277	5	574	29
278	5	469	29
279	5	469	25
279	5	574	29
280	5	417	29
280	5	2139	27
281	5	469	25
281	5	574	29
282	5	469	25
282	5	574	29
283	5	469	29
283	5	1826	27
283	5	2295	25
284	5	469	25
284	5	574	29
284	5	1461	27
284	5	1722	28
284	5	2191	30
285	5	469	25
285	5	521	29
286	5	469	29
286	5	1252	27
286	5	1617	25
286	5	1930	28
286	5	2243	30
287	5	469	25
287	5	574	29
288	5	469	25
288	5	626	29
289	5	417	29
290	5	469	25
290	5	574	29
291	5	469	25
291	5	626	29
292	5	469	25
292	5	626	29
293	5	469	25
293	5	521	29
293	5	1513	27
293	5	1774	28
293	5	2191	30
294	5	469	25
294	5	574	29
295	5	469	29
295	5	2087	27
296	5	469	25
296	5	521	29
297	5	469	25
297	5	574	29
298	5	469	25
298	5	574	29
299	5	469	25
299	5	574	29
300	5	417	29
301	5	469	25
301	5	521	29
302	5	469	25
302	5	574	29
302	5	2035	27
302	5	2295	28
303	5	469	29
303	5	1043	27
303	5	1356	25
303	5	1617	28
303	5	2191	30
304	5	469	25
304	5	521	29
305	5	469	29
306	5	469	29
306	5	1148	27
306	5	1669	25
307	5	469	29
308	5	417	29
309	5	469	25
309	5	521	29
309	5	1461	27
309	5	1722	28
309	5	2087	30
310	5	469	25
310	5	574	29
310	5	1669	27
310	5	1930	28
310	5	2191	30
311	5	469	25
311	5	521	29
312	5	469	25
312	5	521	29
313	5	469	25
313	5	574	29
314	5	469	29
315	5	469	25
315	5	521	29
315	5	1982	27
315	5	2243	28
316	5	469	25
316	5	574	29
317	5	469	25
317	5	574	29
318	5	469	25
318	5	626	29
319	5	469	29
320	5	469	25
320	5	626	29
321	5	469	25
321	5	626	29
322	5	469	29
322	5	1982	27
322	5	2243	25
323	5	469	25
323	5	574	29
324	5	469	25
324	5	626	29
325	5	469	25
325	5	626	29
326	5	469	25
326	5	574	29
326	5	2139	27
327	5	469	25
327	5	521	29
327	5	2243	27
328	5	469	29
329	5	469	25
329	5	574	29
330	5	469	25
330	5	521	29
331	5	469	25
331	5	626	29
332	5	469	25
332	5	626	29
332	5	1774	27
333	5	469	25
333	5	574	29
333	5	2035	27
333	5	2295	28
334	5	469	25
334	5	521	29
335	5	469	25
335	5	574	29
335	5	2139	27
336	5	469	25
336	5	574	29
336	5	2191	27
337	5	469	25
337	5	521	29
338	5	469	29
339	5	469	25
339	5	626	29
340	5	469	25
340	5	521	29
341	5	469	25
341	5	521	29
341	5	2295	27
342	5	469	29
342	5	1148	27
342	5	1461	25
342	5	1722	28
343	5	469	25
343	5	574	29
343	5	1930	27
343	5	2243	28
344	5	469	25
344	5	626	29
345	5	469	29
345	5	1408	27
345	5	1722	25
345	5	2139	28
346	5	417	29
346	5	1304	27
346	5	1617	25
346	5	1878	28
346	5	2191	30
347	5	469	25
347	5	626	29
348	5	469	25
348	5	574	29
349	5	469	25
349	5	574	29
349	5	1513	27
349	5	1774	28
350	5	469	25
350	5	574	29
351	5	469	25
351	5	574	29
352	5	469	29
352	5	1565	27
353	5	469	25
353	5	574	29
354	5	469	29
354	5	1095	27
354	5	1408	25
354	5	1669	28
355	5	469	25
355	5	626	29
356	5	469	25
356	5	521	29
357	5	469	25
357	5	574	29
358	5	469	29
358	5	1774	27
358	5	2087	25
359	5	469	29
360	5	469	25
360	5	521	29
361	5	469	25
361	5	521	29
361	5	2295	27
362	5	469	29
363	5	469	29
364	5	469	25
364	5	574	29
365	5	469	25
365	5	521	29
366	5	469	29
366	5	1669	27
366	5	2191	25
367	5	469	25
367	5	521	29
368	5	469	25
368	5	574	29
368	5	1513	27
368	5	1774	28
368	5	2139	30
369	5	469	25
369	5	521	29
369	5	1722	27
370	5	469	29
371	5	469	29
371	5	1878	27
372	5	469	25
372	5	626	29
373	5	469	25
373	5	626	29
374	5	469	29
374	5	2243	27
375	5	469	29
376	5	469	25
376	5	574	29
377	5	469	25
377	5	574	29
378	5	469	25
378	5	521	29
379	5	469	25
379	5	626	29
380	5	469	25
380	5	574	29
381	5	469	25
381	5	521	29
382	5	469	25
382	5	626	29
383	5	469	29
384	5	469	25
384	5	626	29
385	5	469	25
385	5	521	29
386	5	417	29
387	5	469	25
387	5	521	29
387	5	1669	27
387	5	2191	28
388	5	469	25
388	5	574	29
389	5	469	25
389	5	574	29
390	5	469	25
390	5	521	29
390	5	2035	27
391	5	469	25
391	5	521	29
391	5	1930	27
391	5	2191	28
392	5	469	25
392	5	521	29
393	5	469	25
393	5	521	29
393	5	2243	27
394	5	469	25
394	5	574	29
395	5	469	25
395	5	626	29
396	5	469	25
396	5	574	29
396	5	1408	27
396	5	1669	28
397	5	469	29
397	5	1774	27
397	5	2087	25
398	5	469	29
399	5	469	29
399	5	1408	27
400	5	469	25
400	5	521	29
401	5	469	29
402	5	469	25
402	5	574	29
403	5	469	29
404	5	469	25
404	5	626	29
405	5	469	29
405	5	2295	27
406	5	469	25
406	5	574	29
407	5	469	25
407	5	574	29
408	5	469	29
409	5	469	25
409	5	574	29
410	5	469	25
410	5	626	29
411	5	417	29
411	5	1148	27
411	5	1461	25
411	5	1722	28
412	5	469	25
412	5	626	29
412	5	1461	27
412	5	1722	28
412	5	1982	30
413	5	469	25
413	5	574	29
413	5	1408	27
413	5	1669	28
413	5	2295	30
414	5	469	29
414	5	1513	27
414	5	1826	25
414	5	2087	28
415	5	469	25
415	5	626	29
415	5	2139	27
416	5	469	29
417	5	469	25
417	5	521	29
417	5	2191	27
418	5	469	25
418	5	521	29
418	5	1617	27
419	5	417	29
419	5	1356	27
419	5	1669	25
420	5	469	25
420	5	574	29
421	5	469	25
421	5	521	29
422	5	469	29
423	5	469	25
423	5	521	29
423	5	2139	27
424	5	469	25
424	5	521	29
424	5	1565	27
424	5	1826	28
424	5	2087	30
425	5	469	25
425	5	521	29
426	5	469	25
426	5	521	29
426	5	2035	27
426	5	2295	28
427	5	469	25
427	5	521	29
428	5	469	25
428	5	521	29
429	5	417	29
429	5	1513	27
430	5	469	25
430	5	521	29
431	5	469	25
431	5	521	29
431	5	2243	27
432	5	469	25
432	5	626	29
432	5	1669	27
432	5	1982	28
433	5	469	25
433	5	521	29
433	5	2191	27
434	5	469	25
434	5	626	29
434	5	1617	27
434	5	1878	28
434	5	2139	30
435	5	469	29
435	5	1200	27
435	5	1617	25
436	5	469	25
436	5	574	29
436	5	1565	27
436	5	1878	28
437	5	469	25
437	5	521	29
437	5	2295	27
438	5	417	29
438	5	1513	27
439	5	469	25
439	5	574	29
440	5	469	29
440	5	2191	27
441	5	469	25
441	5	574	29
442	5	469	25
442	5	574	29
442	5	2295	27
443	5	469	29
444	5	469	25
444	5	521	29
445	5	469	25
445	5	574	29
445	5	2087	27
446	5	469	25
446	5	626	29
447	5	469	29
448	5	469	25
448	5	521	29
449	5	469	25
449	5	521	29
450	5	469	29
451	5	469	29
451	5	1513	27
451	5	1774	25
451	5	2035	28
452	5	469	29
452	5	2191	27
453	5	469	25
453	5	521	29
453	5	1461	27
453	5	1722	28
454	5	469	29
455	5	469	25
455	5	574	29
455	5	2139	27
456	5	469	25
456	5	626	29
457	5	469	29
458	5	469	25
458	5	521	29
459	5	417	29
460	5	469	25
460	5	574	29
461	5	469	29
461	5	1356	27
461	5	1722	25
462	5	469	29
462	5	1930	27
462	5	2243	25
463	5	469	25
463	5	521	29
463	5	1669	27
463	5	1930	28
464	5	469	25
464	5	521	29
465	5	469	25
465	5	574	29
466	5	469	25
466	5	521	29
466	5	2295	27
467	5	469	29
467	5	1930	27
467	5	2243	25
468	5	469	25
468	5	574	29
469	5	469	25
469	5	521	29
469	5	1669	27
469	5	1982	28
470	5	469	25
470	5	574	29
471	5	469	29
471	5	2191	27
472	5	469	29
472	5	1826	27
472	5	2139	25
473	5	469	25
473	5	521	29
473	5	2243	27
474	5	469	25
474	5	521	29
474	5	1722	27
475	5	469	25
475	5	574	29
476	5	469	25
476	5	521	29
477	5	469	29
478	5	469	25
478	5	574	29
479	5	417	29
480	5	469	25
480	5	521	29
481	5	469	25
481	5	521	29
481	5	1617	27
481	5	1878	28
482	5	469	25
482	5	626	29
483	5	469	25
483	5	626	29
484	5	469	25
484	5	521	29
485	5	469	25
485	5	626	29
486	5	469	25
486	5	574	29
487	5	469	25
487	5	574	29
488	5	469	29
489	5	469	25
489	5	574	29
489	5	1565	27
489	5	1878	28
490	5	469	25
490	5	521	29
490	5	1878	27
490	5	2139	28
491	5	469	25
491	5	626	29
491	5	2295	27
492	5	469	25
492	5	521	29
492	5	2035	27
492	5	2295	28
493	5	469	25
493	5	521	29
494	5	469	25
494	5	521	29
495	5	469	25
495	5	574	29
496	5	469	29
496	5	1513	27
496	5	1826	25
496	5	2139	28
497	5	469	29
498	5	469	25
498	5	574	29
499	5	469	25
499	5	521	29
500	5	469	25
500	5	521	29
500	5	1461	27
500	5	1722	28
501	5	469	25
501	5	626	29
502	5	469	25
502	5	574	29
503	5	469	25
503	5	574	29
503	5	1408	27
503	5	1669	28
503	5	1930	30
504	5	417	29
505	5	469	25
505	5	521	29
506	5	469	29
507	5	469	25
507	5	521	29
508	5	469	25
508	5	626	29
508	5	1617	27
508	5	1878	28
508	5	2139	30
509	5	469	25
509	5	626	29
510	5	469	25
510	5	574	29
511	5	469	25
511	5	574	29
512	5	469	25
512	5	574	29
512	5	1930	27
512	5	2191	28
513	5	469	29
513	5	1774	27
514	5	469	25
514	5	574	29
514	5	2243	27
515	5	469	25
515	5	521	29
515	5	1930	27
515	5	2191	28
516	5	469	29
516	5	2191	27
517	5	469	25
517	5	521	29
518	5	469	25
518	5	626	29
519	5	469	29
519	5	1408	27
519	5	1722	25
520	5	469	25
520	5	574	29
521	5	469	25
521	5	574	29
521	5	1617	27
522	5	469	25
522	5	574	29
522	5	1826	27
522	5	2139	28
523	5	469	25
523	5	574	29
523	5	2087	27
524	5	417	29
525	5	469	25
525	5	521	29
525	5	1617	27
525	5	1878	28
526	5	469	29
527	5	469	29
527	5	2087	27
528	5	469	25
528	5	574	29
529	5	469	25
529	5	626	29
529	5	1408	27
529	5	1669	28
529	5	2139	30
530	5	469	25
530	5	521	29
530	5	2295	27
531	5	469	25
531	5	626	29
531	5	2295	27
532	5	469	25
532	5	521	29
533	5	469	25
533	5	574	29
534	5	469	25
534	5	626	29
534	5	1617	27
534	5	1930	28
535	5	469	25
535	5	574	29
536	5	469	25
536	5	574	29
537	5	469	25
537	5	521	29
537	5	2087	27
538	5	469	29
538	5	1304	27
539	5	469	25
539	5	574	29
540	5	469	29
541	5	469	29
541	5	1982	27
541	5	2295	25
542	5	469	25
542	5	626	29
543	5	469	25
543	5	626	29
543	5	2139	27
544	5	469	29
544	5	1356	27
544	5	1617	25
544	5	1878	28
544	5	2191	30
545	5	469	25
545	5	574	29
546	5	469	25
546	5	626	29
547	5	469	25
547	5	574	29
547	5	1774	27
547	5	2035	28
547	5	2295	30
548	5	469	25
548	5	574	29
549	5	469	25
549	5	521	29
550	5	469	29
550	5	1095	27
550	5	1408	25
550	5	1669	28
550	5	2087	30
551	5	469	29
551	5	1200	27
551	5	1513	25
551	5	1774	28
552	5	469	25
552	5	574	29
553	5	469	29
553	5	1930	27
554	5	469	29
554	5	991	27
554	5	1774	25
554	5	2295	28
555	5	469	29
555	5	1095	27
555	5	1356	25
555	5	1617	28
555	5	1930	30
556	5	469	29
556	5	1513	27
557	5	469	29
558	5	417	29
558	5	2087	27
559	5	469	25
559	5	521	29
559	5	2295	27
560	5	469	25
560	5	521	29
561	5	469	25
561	5	521	29
562	5	469	29
562	5	1722	27
562	5	2243	25
563	5	469	29
563	5	1461	27
563	5	1722	25
564	5	417	29
564	5	2295	27
565	5	469	25
565	5	521	29
565	5	1617	27
565	5	1878	28
565	5	2139	30
566	5	469	29
567	5	469	29
568	5	469	25
568	5	521	29
568	5	1617	27
569	5	469	25
569	5	574	29
570	5	469	29
571	5	469	25
571	5	521	29
571	5	2191	27
572	5	469	25
572	5	574	29
573	5	469	25
573	5	574	29
574	5	469	25
574	5	626	29
575	5	469	25
575	5	521	29
575	5	1408	27
575	5	1669	28
576	5	469	29
577	5	469	25
577	5	626	29
578	5	469	29
578	5	2243	27
579	5	469	25
579	5	521	29
580	5	469	25
580	5	521	29
581	5	469	25
581	5	521	29
581	5	2087	27
582	5	469	25
582	5	521	29
583	5	469	25
583	5	626	29
583	5	1408	27
583	5	1669	28
584	5	469	25
584	5	521	29
585	5	469	25
585	5	521	29
585	5	1356	27
585	5	1617	28
586	5	469	25
586	5	521	29
586	5	1774	27
587	5	469	29
587	5	1043	27
587	5	1356	25
587	5	1669	28
588	5	469	25
588	5	521	29
589	5	469	29
589	5	1461	27
589	5	1774	25
590	5	469	25
590	5	574	29
591	5	469	25
591	5	521	29
592	5	469	29
593	5	469	25
593	5	521	29
594	5	469	29
594	5	2035	27
595	5	469	25
595	5	574	29
595	5	1565	27
595	5	1826	28
595	5	2191	30
596	5	469	25
596	5	521	29
597	5	469	25
597	5	626	29
598	5	469	25
598	5	521	29
599	5	469	25
599	5	574	29
599	5	2139	27
600	5	469	25
600	5	574	29
601	5	469	25
601	5	574	29
602	5	417	29
603	5	469	29
604	5	469	25
604	5	521	29
604	5	2087	27
605	5	469	29
606	5	469	25
606	5	574	29
606	5	2139	27
607	5	469	29
607	5	1408	27
607	5	1826	25
607	5	2191	28
608	5	469	29
608	5	1461	27
608	5	2087	25
609	5	469	25
609	5	521	29
610	5	469	25
610	5	626	29
611	5	469	29
611	5	1982	27
612	5	469	29
612	5	1774	27
612	5	2295	25
613	5	469	25
613	5	574	29
614	5	469	25
614	5	574	29
615	5	417	29
616	5	469	25
616	5	574	29
617	5	469	25
617	5	574	29
618	5	469	25
618	5	626	29
619	5	469	25
619	5	521	29
620	5	469	25
620	5	574	29
621	5	469	25
621	5	521	29
622	5	469	29
623	5	469	25
623	5	521	29
624	5	469	29
625	5	469	25
625	5	574	29
626	5	417	29
626	5	1408	27
626	5	1722	25
627	5	469	25
627	5	521	29
628	5	469	25
628	5	521	29
628	5	2191	27
629	5	469	29
629	5	2295	27
630	5	469	25
630	5	521	29
631	5	469	29
631	5	1513	27
631	5	1826	25
631	5	2087	28
632	5	469	25
632	5	574	29
632	5	1982	27
632	5	2243	28
633	5	469	29
634	5	469	29
635	5	469	25
635	5	626	29
636	5	469	25
636	5	521	29
637	5	417	29
638	5	469	25
638	5	574	29
639	5	469	29
639	5	1252	27
639	5	1565	25
639	5	1878	28
640	5	469	29
641	5	469	29
642	5	469	25
642	5	626	29
643	5	469	25
643	5	574	29
644	5	469	25
644	5	626	29
645	5	469	25
645	5	626	29
646	5	469	25
646	5	574	29
646	5	1669	27
647	5	469	25
647	5	626	29
648	5	469	25
648	5	626	29
649	5	469	25
649	5	574	29
649	5	2295	27
650	5	469	25
650	5	574	29
651	5	469	25
651	5	521	29
652	5	469	25
652	5	521	29
652	5	2087	27
653	5	469	25
653	5	574	29
653	5	2295	27
654	5	469	29
655	5	469	29
655	5	1774	27
655	5	2087	25
656	5	469	29
656	5	1669	27
657	5	469	29
658	5	469	25
658	5	574	29
658	5	1722	27
658	5	1982	28
659	5	469	25
659	5	626	29
660	5	469	25
660	5	521	29
661	5	469	25
661	5	574	29
662	5	469	25
662	5	521	29
662	5	2243	27
663	5	469	25
663	5	574	29
664	5	469	25
664	5	521	29
664	5	1774	27
664	5	2035	28
664	5	2295	30
665	5	469	25
665	5	626	29
666	5	469	25
666	5	574	29
666	5	2139	27
667	5	469	29
668	5	469	29
668	5	1930	27
668	5	2243	25
669	5	469	25
669	5	626	29
669	5	2191	27
670	5	469	25
670	5	521	29
671	5	469	25
671	5	626	29
672	5	469	25
672	5	626	29
673	5	469	29
674	5	469	25
674	5	521	29
675	5	469	25
675	5	626	29
676	5	469	25
676	5	574	29
676	5	1669	27
676	5	1982	28
677	5	469	25
677	5	521	29
677	5	2191	27
678	5	469	25
678	5	574	29
678	5	2295	27
679	5	469	25
679	5	574	29
680	5	469	25
680	5	626	29
680	5	2295	27
681	5	469	25
681	5	521	29
682	5	469	29
682	5	1982	27
682	5	2295	25
683	5	469	25
683	5	521	29
684	5	469	25
684	5	574	29
685	5	469	29
685	5	2295	27
686	5	469	25
686	5	574	29
687	5	469	25
687	5	626	29
688	5	469	29
688	5	2243	27
689	5	469	25
689	5	574	29
690	5	469	29
691	5	469	25
691	5	574	29
691	5	1722	27
691	5	1982	28
691	5	2243	30
692	5	469	29
692	5	1356	27
692	5	1617	25
693	5	417	29
693	5	1513	27
693	5	1826	25
693	5	2139	28
694	5	469	25
694	5	626	29
695	5	469	25
695	5	521	29
695	5	2139	27
696	5	469	29
697	5	469	25
697	5	521	29
697	5	1982	27
697	5	2243	28
698	5	469	25
698	5	521	29
699	5	469	29
699	5	1722	27
700	5	469	29
701	5	469	29
701	5	1565	27
701	5	1878	25
701	5	2191	28
702	5	469	29
703	5	469	29
703	5	1356	27
703	5	1669	25
703	5	2243	28
704	5	469	25
704	5	574	29
705	5	469	25
705	5	626	29
705	5	2295	27
706	5	469	29
706	5	1930	27
706	5	2243	25
707	5	469	25
707	5	574	29
708	5	469	25
708	5	521	29
709	5	469	29
709	5	1408	27
709	5	1722	25
709	5	2035	28
710	5	469	29
710	5	1304	27
710	5	1617	25
711	5	469	25
711	5	521	29
711	5	2139	27
712	5	469	25
712	5	521	29
713	5	469	25
713	5	626	29
714	5	469	25
714	5	626	29
714	5	2139	27
715	5	469	25
715	5	574	29
716	5	469	25
716	5	574	29
716	5	1565	27
717	5	469	25
717	5	574	29
717	5	1930	27
717	5	2191	28
718	5	469	29
718	5	1304	27
718	5	1669	25
718	5	2139	28
719	5	469	25
719	5	521	29
720	5	469	25
720	5	521	29
721	5	469	25
721	5	574	29
721	5	2139	27
722	5	469	29
722	5	1043	27
722	5	1356	25
722	5	1617	28
723	5	417	29
724	5	469	29
725	5	469	25
725	5	521	29
725	5	2191	27
726	5	469	29
726	5	1461	27
726	5	1722	25
727	5	469	25
727	5	521	29
728	5	469	25
728	5	574	29
729	5	469	25
729	5	626	29
730	5	469	25
730	5	574	29
731	5	469	25
731	5	521	29
731	5	2295	27
732	5	469	25
732	5	574	29
733	5	469	25
733	5	574	29
733	5	2243	27
734	5	469	29
734	5	1513	27
734	5	1930	25
734	5	2243	28
735	5	469	25
735	5	626	29
736	5	469	25
736	5	574	29
737	5	469	25
737	5	574	29
737	5	1878	27
737	5	2139	28
738	5	469	25
738	5	521	29
738	5	1722	27
738	5	1982	28
738	5	2243	30
739	5	469	25
739	5	574	29
740	5	469	29
741	5	469	29
742	5	469	25
742	5	574	29
742	5	1669	27
742	5	1930	28
742	5	2191	30
743	5	469	25
743	5	521	29
743	5	2139	27
744	5	469	25
744	5	521	29
744	5	2191	27
745	5	469	25
745	5	521	29
746	5	417	29
747	5	469	25
747	5	626	29
748	5	417	29
749	5	469	25
749	5	574	29
750	5	469	25
750	5	626	29
751	5	469	25
751	5	626	29
752	5	469	25
752	5	521	29
752	5	2035	27
752	5	2295	28
753	5	469	25
753	5	521	29
753	5	1722	27
753	5	1982	28
753	5	2243	30
754	5	469	25
754	5	574	29
755	5	469	25
755	5	574	29
756	5	469	25
756	5	521	29
756	5	1617	27
756	5	1878	28
757	5	417	29
758	5	469	25
758	5	574	29
759	5	417	29
760	5	469	29
761	5	469	29
761	5	2035	27
762	5	469	25
762	5	521	29
763	5	469	25
763	5	521	29
763	5	2243	27
764	5	469	25
764	5	626	29
765	5	469	29
765	5	1930	27
765	5	2243	25
766	5	469	25
766	5	574	29
767	5	469	29
767	5	1982	27
767	5	2295	25
768	5	417	29
769	5	469	25
769	5	626	29
770	5	469	29
771	5	469	25
771	5	574	29
772	5	469	29
773	5	469	25
773	5	521	29
774	5	469	29
774	5	1200	27
774	5	1513	25
775	5	469	29
776	5	469	29
776	5	1095	27
776	5	1513	25
776	5	1826	28
776	5	2243	30
777	5	469	25
777	5	521	29
778	5	469	25
778	5	574	29
779	5	417	29
780	5	469	25
780	5	574	29
781	5	469	25
781	5	521	29
781	5	1982	27
781	5	2243	28
782	5	469	29
782	5	2191	27
783	5	469	25
783	5	521	29
784	5	469	29
784	5	1930	27
784	5	2191	25
785	5	469	25
785	5	574	29
786	5	469	29
787	5	469	25
787	5	574	29
788	5	469	29
788	5	1722	27
789	5	469	25
789	5	574	29
789	5	2139	27
790	5	469	29
790	5	2035	27
791	5	469	25
791	5	626	29
792	5	469	25
792	5	574	29
793	5	469	29
793	5	1565	27
793	5	1930	25
793	5	2191	28
794	5	469	25
794	5	521	29
795	5	469	25
795	5	574	29
796	5	469	25
796	5	521	29
797	5	469	25
797	5	574	29
798	5	469	25
798	5	521	29
799	5	469	25
799	5	574	29
800	5	417	29
801	5	469	25
801	5	626	29
802	5	469	29
802	5	1669	27
803	5	469	25
803	5	574	29
803	5	2035	27
804	5	469	29
804	5	1930	27
804	5	2191	25
805	5	469	25
805	5	574	29
806	5	469	25
806	5	521	29
807	5	469	25
807	5	626	29
807	5	1408	27
807	5	1669	28
808	5	469	25
808	5	521	29
809	5	469	25
809	5	521	29
810	5	469	29
810	5	1252	27
810	5	1878	25
810	5	2295	28
811	5	469	25
811	5	521	29
811	5	2243	27
812	5	417	29
812	5	1304	27
812	5	1669	25
812	5	1982	28
812	5	2295	30
813	5	469	25
813	5	626	29
814	5	469	25
814	5	574	29
815	5	417	29
816	5	469	25
816	5	626	29
817	5	469	25
817	5	521	29
818	5	469	25
818	5	521	29
818	5	2191	27
819	5	469	25
819	5	521	29
820	5	469	25
820	5	521	29
821	5	469	25
821	5	574	29
822	5	469	25
822	5	521	29
822	5	2087	27
823	5	469	25
823	5	626	29
823	5	1617	27
823	5	1878	28
823	5	2139	30
824	5	469	25
824	5	574	29
824	5	2139	27
825	5	469	29
825	5	1669	27
826	5	469	25
826	5	574	29
827	5	469	25
827	5	521	29
828	5	469	29
828	5	2087	27
829	5	469	25
829	5	626	29
830	5	469	25
830	5	521	29
831	5	469	29
831	5	1304	27
831	5	1617	25
831	5	1878	28
831	5	2139	30
832	5	469	25
832	5	626	29
832	5	1565	27
832	5	1826	28
832	5	2139	30
833	5	469	25
833	5	521	29
834	5	469	25
834	5	574	29
834	5	1722	27
834	5	1982	28
834	5	2243	30
835	5	469	25
835	5	521	29
836	5	469	25
836	5	574	29
837	5	469	25
837	5	574	29
838	5	417	29
838	5	1356	27
838	5	1722	25
838	5	2035	28
839	5	469	25
839	5	574	29
840	5	417	29
840	5	991	27
840	5	1304	25
840	5	1565	28
841	5	469	29
842	5	469	29
842	5	1722	27
842	5	2035	25
843	5	469	25
843	5	574	29
843	5	1513	27
843	5	1774	28
843	5	2035	30
844	5	469	29
845	5	469	25
845	5	626	29
846	5	469	29
847	5	469	25
847	5	521	29
847	5	2295	27
848	5	469	29
848	5	991	27
848	5	1461	25
849	5	469	25
849	5	574	29
850	5	469	25
850	5	521	29
850	5	1513	27
850	5	1774	28
851	5	469	25
851	5	574	29
852	5	469	25
852	5	626	29
853	5	469	25
853	5	521	29
854	5	469	25
854	5	574	29
855	5	469	29
856	5	469	25
856	5	626	29
857	5	469	25
857	5	574	29
858	5	469	25
858	5	626	29
859	5	469	25
859	5	521	29
860	5	469	25
860	5	574	29
861	5	469	25
861	5	626	29
862	5	469	25
862	5	521	29
863	5	469	29
863	5	1304	27
863	5	1617	25
864	5	469	29
864	5	1148	27
864	5	1461	25
864	5	1774	28
864	5	2139	30
865	5	469	29
865	5	1774	27
866	5	469	25
866	5	574	29
866	5	2295	27
867	5	469	25
867	5	521	29
868	5	469	29
868	5	1826	27
868	5	2191	25
869	5	417	29
869	5	1617	27
870	5	417	29
871	5	469	29
871	5	1878	27
872	5	469	25
872	5	521	29
873	5	469	25
873	5	521	29
873	5	1565	27
873	5	1878	28
874	5	469	25
874	5	574	29
875	5	417	29
875	5	1669	27
876	5	469	25
876	5	521	29
877	5	469	25
877	5	521	29
877	5	1408	27
877	5	1669	28
878	5	469	25
878	5	521	29
879	5	469	25
879	5	521	29
880	5	469	25
880	5	626	29
880	5	1982	27
880	5	2295	28
881	5	469	25
881	5	521	29
882	5	469	25
882	5	521	29
883	5	469	25
883	5	521	29
884	5	469	25
884	5	574	29
885	5	469	25
885	5	626	29
885	5	1513	27
885	5	1774	28
886	5	469	25
886	5	574	29
887	5	469	25
887	5	521	29
888	5	469	25
888	5	521	29
889	5	469	25
889	5	521	29
890	5	469	25
890	5	574	29
891	5	469	25
891	5	574	29
892	5	469	29
892	5	2295	27
893	5	469	25
893	5	521	29
894	5	469	25
894	5	574	29
895	5	417	29
895	5	1982	27
895	5	2243	25
896	5	469	25
896	5	626	29
897	5	469	29
897	5	1408	27
898	5	469	29
898	5	1252	27
898	5	1565	25
899	5	469	25
899	5	521	29
899	5	1722	27
899	5	2035	28
900	5	469	25
900	5	574	29
901	5	469	25
901	5	574	29
902	5	469	25
902	5	626	29
902	5	1930	27
902	5	2243	28
903	5	417	29
903	5	1356	27
903	5	1669	25
903	5	1982	28
903	5	2295	30
904	5	469	25
904	5	521	29
905	5	469	25
905	5	626	29
906	5	469	29
907	5	469	25
907	5	574	29
908	5	469	25
908	5	574	29
909	5	469	29
910	5	469	25
910	5	521	29
911	5	469	25
911	5	574	29
912	5	469	29
913	5	469	29
913	5	2035	27
914	5	469	25
914	5	574	29
915	5	469	25
915	5	626	29
916	5	469	25
916	5	521	29
916	5	1669	27
917	5	469	25
917	5	521	29
918	5	469	29
919	5	469	25
919	5	574	29
920	5	469	25
920	5	574	29
921	5	469	29
922	5	469	25
922	5	521	29
923	5	469	25
923	5	521	29
924	5	469	29
924	5	1252	27
924	5	1513	25
924	5	1826	28
925	5	469	25
925	5	574	29
926	5	469	25
926	5	521	29
926	5	1878	27
926	5	2139	28
927	5	469	25
927	5	521	29
928	5	469	25
928	5	574	29
929	5	469	25
929	5	574	29
929	5	2191	27
930	5	469	25
930	5	574	29
931	5	469	25
931	5	521	29
931	5	1461	27
931	5	1722	28
932	5	469	25
932	5	521	29
932	5	2295	27
933	5	469	29
933	5	1878	27
933	5	2243	25
934	5	469	25
934	5	574	29
935	5	417	29
935	5	1774	27
936	5	469	29
936	5	2243	27
937	5	469	25
937	5	574	29
938	5	417	29
938	5	1878	27
939	5	469	25
939	5	521	29
940	5	469	29
940	5	1461	27
940	5	1774	25
940	5	2087	28
941	5	469	29
941	5	1200	27
941	5	1565	25
941	5	1930	28
942	5	469	29
942	5	1148	27
942	5	1461	25
942	5	1774	28
943	5	469	29
944	5	469	29
944	5	1982	27
944	5	2295	25
945	5	469	25
945	5	574	29
946	5	417	29
946	5	1878	27
946	5	2243	25
947	5	469	25
947	5	574	29
947	5	1513	27
947	5	1774	28
947	5	2139	30
948	5	469	25
948	5	574	29
949	5	417	29
949	5	1043	27
949	5	1356	25
949	5	1617	28
950	5	469	25
950	5	626	29
951	5	417	29
952	5	469	25
952	5	626	29
953	5	469	25
953	5	626	29
954	5	469	29
954	5	1095	27
954	5	1722	25
954	5	2191	28
955	5	469	25
955	5	574	29
956	5	469	25
956	5	521	29
957	5	417	29
958	5	469	25
958	5	574	29
959	5	469	25
959	5	574	29
960	5	469	25
960	5	626	29
961	5	469	25
961	5	574	29
961	5	2243	27
962	5	469	25
962	5	521	29
963	5	469	25
963	5	574	29
964	5	469	29
964	5	1252	27
964	5	1565	25
964	5	1826	28
964	5	2243	30
965	5	469	25
965	5	626	29
966	5	469	25
966	5	521	29
966	5	2087	27
967	5	469	25
967	5	574	29
968	5	469	29
968	5	1982	27
968	5	2295	25
969	5	469	29
969	5	1617	27
969	5	1930	25
969	5	2295	28
970	5	469	29
971	5	469	25
971	5	521	29
971	5	2035	27
971	5	2295	28
972	5	469	25
972	5	521	29
972	5	1461	27
972	5	1722	28
972	5	2191	30
973	5	469	29
974	5	469	29
975	5	469	25
975	5	521	29
976	5	469	29
976	5	1461	27
976	5	1774	25
976	5	2087	28
977	5	469	29
978	5	469	29
978	5	1356	27
978	5	1774	25
979	5	417	29
979	5	1982	27
979	5	2295	25
980	5	469	25
980	5	574	29
981	5	469	25
981	5	574	29
981	5	2191	27
982	5	469	29
983	5	469	25
983	5	521	29
984	5	469	29
984	5	1722	27
985	5	469	25
985	5	626	29
985	5	2191	27
986	5	469	29
987	5	469	25
987	5	521	29
988	5	469	25
988	5	521	29
989	5	469	25
989	5	521	29
990	5	469	29
991	5	469	25
991	5	521	29
992	5	469	25
992	5	626	29
993	5	469	25
993	5	574	29
994	5	469	29
995	5	469	25
995	5	521	29
995	5	2139	27
996	5	469	25
996	5	521	29
997	5	469	29
998	5	469	29
998	5	1304	27
998	5	1617	25
998	5	1878	28
998	5	2139	30
999	5	469	29
