Realization	utility	week	infra.
0	0	678	29
0	0	1565	30
1	0	678	29
2	0	521	29
3	0	1148	29
3	0	1722	30
4	0	834	29
4	0	1461	30
5	0	834	29
6	0	574	29
6	0	1826	30
7	0	887	29
7	0	1617	30
8	0	626	29
8	0	1356	30
9	0	1930	29
10	0	678	29
10	0	1930	30
12	0	1095	29
13	0	991	29
14	0	678	29
14	0	1617	30
15	0	730	29
15	0	2035	30
16	0	730	29
16	0	1669	30
17	0	730	29
18	0	469	29
18	0	1826	30
19	0	1826	29
20	0	574	29
20	0	1461	30
21	0	678	29
21	0	2243	30
22	0	834	29
22	0	2087	30
23	0	730	29
23	0	1774	30
24	0	730	29
24	0	1774	30
25	0	1565	29
26	0	626	29
26	0	1565	30
27	0	678	29
27	0	1826	30
28	0	678	29
28	0	1356	30
29	0	782	29
29	0	2139	30
30	0	1252	29
30	0	1982	30
31	0	834	29
32	0	1095	29
32	0	1669	30
33	0	574	29
33	0	1982	30
34	0	678	29
34	0	1565	30
35	0	782	29
35	0	1774	30
36	0	782	29
37	0	1304	29
38	0	939	29
39	0	887	29
39	0	2087	30
40	0	626	29
40	0	1356	30
41	0	678	29
41	0	1513	30
42	0	678	29
42	0	1461	30
43	0	521	29
43	0	1356	30
44	0	1565	29
45	0	1043	29
45	0	1722	30
46	0	782	29
46	0	2191	30
47	0	1043	29
48	0	1982	29
49	0	521	29
49	0	1304	30
50	0	1513	29
51	0	1513	29
52	0	887	29
53	0	782	29
53	0	1461	30
55	0	887	29
56	0	1095	29
57	0	730	29
57	0	2295	30
58	0	574	29
58	0	1304	30
59	0	834	29
60	0	1043	29
61	0	834	29
62	0	887	29
63	0	626	29
63	0	1461	30
64	0	1878	29
65	0	678	29
65	0	1722	30
66	0	1304	29
66	0	1930	30
67	0	730	29
67	0	1461	30
68	0	1408	29
69	0	834	29
69	0	1565	30
70	0	626	29
71	0	1095	29
71	0	1722	30
73	0	1669	29
74	0	782	29
74	0	2295	30
75	0	730	29
76	0	1356	29
77	0	1408	29
78	0	1252	29
79	0	730	29
79	0	1826	30
80	0	782	29
80	0	2087	30
81	0	574	29
81	0	2087	30
82	0	626	29
82	0	2087	30
83	0	1043	29
83	0	2295	30
84	0	887	29
84	0	2295	30
85	0	1617	29
86	0	1043	29
86	0	2295	30
87	0	469	29
87	0	1095	30
88	0	678	29
88	0	1408	30
89	0	730	29
89	0	1617	30
90	0	1304	29
91	0	626	29
92	0	730	29
92	0	1930	30
93	0	1252	29
94	0	1826	29
95	0	834	29
95	0	2139	30
96	0	939	29
96	0	1826	30
97	0	1095	29
98	0	1617	29
99	0	991	29
99	0	2035	30
100	0	1252	29
101	0	626	29
102	0	626	29
102	0	1669	30
103	0	834	29
104	0	521	29
104	0	1304	30
105	0	2243	29
106	0	678	29
106	0	1356	30
107	0	626	29
107	0	1565	30
108	0	887	29
109	0	1200	29
109	0	2295	30
110	0	782	29
111	0	939	29
112	0	678	29
112	0	2295	30
113	0	730	29
114	0	1200	29
115	0	1356	29
116	0	1408	29
116	0	2139	30
117	0	1356	29
117	0	2191	30
118	0	1148	29
118	0	2035	30
119	0	1148	29
119	0	1930	30
120	0	730	29
120	0	2191	30
121	0	1252	29
122	0	782	29
123	0	1878	29
124	0	730	29
124	0	2087	30
125	0	521	29
125	0	1252	30
126	0	678	29
126	0	1461	30
127	0	834	29
128	0	626	29
128	0	1408	30
129	0	1043	29
130	0	521	29
131	0	626	29
131	0	1356	30
132	0	782	29
133	0	991	29
134	0	730	29
134	0	1878	30
135	0	730	29
135	0	1878	30
136	0	730	29
136	0	1774	30
137	0	626	29
137	0	1565	30
138	0	678	29
138	0	2139	30
139	0	834	29
139	0	1878	30
140	0	1722	29
141	0	834	29
142	0	782	29
142	0	2191	30
143	0	1200	29
143	0	1982	30
145	0	1095	29
145	0	1722	30
146	0	782	29
146	0	1826	30
147	0	939	29
147	0	1774	30
148	0	1304	29
149	0	782	29
150	0	521	29
150	0	1408	30
151	0	834	29
151	0	2035	30
152	0	574	29
152	0	1356	30
153	0	626	29
153	0	2295	30
154	0	834	29
154	0	1408	30
155	0	626	29
155	0	1617	30
156	0	782	29
158	0	521	29
158	0	1356	30
159	0	626	29
159	0	1408	30
160	0	678	29
160	0	1513	30
161	0	1565	29
162	0	991	29
162	0	1565	30
163	0	1095	29
164	0	834	29
165	0	521	29
165	0	1252	30
166	0	1774	29
167	0	1095	29
167	0	2243	30
169	0	678	29
170	0	678	29
170	0	1356	30
171	0	834	29
172	0	1043	29
172	0	1617	30
173	0	1252	29
173	0	2295	30
174	0	782	29
174	0	1617	30
175	0	574	29
175	0	1461	30
176	0	730	29
177	0	1669	29
178	0	1982	29
179	0	782	29
179	0	1722	30
180	0	1878	29
181	0	730	29
182	0	678	29
183	0	782	29
183	0	1774	30
184	0	1043	29
185	0	834	29
185	0	1513	30
186	0	2139	29
187	0	678	29
187	0	1565	30
188	0	1095	29
188	0	2295	30
189	0	626	29
189	0	1461	30
190	0	1043	29
190	0	2243	30
191	0	730	29
192	0	991	29
192	0	1669	30
193	0	574	29
193	0	1617	30
194	0	678	29
196	0	678	29
196	0	1200	30
198	0	626	29
198	0	1408	30
199	0	730	29
199	0	1617	30
200	0	1095	29
200	0	1722	30
201	0	1774	29
202	0	887	29
202	0	1669	30
203	0	782	29
203	0	1617	30
204	0	887	29
205	0	1200	29
205	0	1982	30
206	0	678	29
206	0	1200	30
207	0	678	29
207	0	1722	30
208	0	521	29
208	0	1408	30
209	0	2191	29
210	0	574	29
210	0	1617	30
211	0	1513	29
212	0	782	29
212	0	1982	30
213	0	1565	29
214	0	782	29
215	0	1148	29
215	0	1826	30
216	0	939	29
217	0	1095	29
217	0	1722	30
218	0	678	29
218	0	1461	30
219	0	2139	29
220	0	1356	29
221	0	678	29
221	0	1565	30
222	0	1826	29
223	0	730	29
224	0	782	29
224	0	1826	30
225	0	834	29
225	0	2139	30
226	0	521	29
226	0	1252	30
227	0	991	29
228	0	730	29
228	0	1461	30
229	0	678	29
229	0	1513	30
230	0	678	29
230	0	2295	30
231	0	678	29
232	0	834	29
233	0	1252	29
233	0	1878	30
235	0	1461	29
236	0	887	29
236	0	2243	30
237	0	782	29
239	0	1148	29
240	0	782	29
240	0	1513	30
241	0	678	29
241	0	1408	30
242	0	991	29
242	0	1617	30
243	0	678	29
243	0	1304	30
244	0	469	29
244	0	1252	30
245	0	1095	29
245	0	1982	30
246	0	1982	29
248	0	782	29
249	0	678	29
250	0	678	29
250	0	1356	30
251	0	574	29
251	0	1617	30
252	0	1304	29
253	0	782	29
253	0	2087	30
255	0	887	29
256	0	730	29
256	0	1617	30
257	0	1043	29
257	0	1826	30
258	0	678	29
258	0	1878	30
259	0	730	29
260	0	782	29
260	0	1982	30
262	0	834	29
262	0	1513	30
263	0	782	29
264	0	991	29
265	0	730	29
266	0	574	29
266	0	1617	30
267	0	678	29
267	0	2295	30
268	0	939	29
268	0	1565	30
269	0	730	29
269	0	1565	30
270	0	730	29
271	0	574	29
271	0	1408	30
272	0	678	29
272	0	1356	30
273	0	2243	29
274	0	1095	29
275	0	1565	29
276	0	2139	29
277	0	730	29
277	0	2295	30
278	0	1513	29
279	0	1148	29
280	0	678	29
280	0	2087	30
282	0	1513	29
283	0	1095	29
283	0	1722	30
284	0	730	29
284	0	2035	30
285	0	1095	29
285	0	1669	30
286	0	730	29
286	0	1513	30
287	0	1148	29
288	0	887	29
289	0	1878	29
291	0	1095	29
292	0	1408	29
292	0	2243	30
293	0	626	29
293	0	1252	30
294	0	887	29
295	0	1043	29
295	0	2035	30
296	0	730	29
297	0	1304	29
298	0	782	29
298	0	1669	30
299	0	782	29
300	0	991	29
300	0	2243	30
301	0	626	29
301	0	1878	30
302	0	678	29
302	0	1826	30
303	0	730	29
303	0	1982	30
304	0	730	29
306	0	730	29
307	0	626	29
308	0	626	29
309	0	678	29
309	0	1252	30
310	0	834	29
310	0	1513	30
311	0	834	29
312	0	991	29
312	0	2035	30
313	0	678	29
314	0	1200	29
315	0	626	29
315	0	1461	30
316	0	1982	29
317	0	1200	29
318	0	1461	29
319	0	1617	29
320	0	1252	29
321	0	730	29
322	0	521	29
322	0	1878	30
323	0	1826	29
324	0	1304	29
325	0	1200	29
325	0	2243	30
326	0	678	29
326	0	1982	30
327	0	1043	29
327	0	1617	30
328	0	782	29
328	0	2295	30
329	0	1356	29
330	0	678	29
330	0	1461	30
331	0	730	29
331	0	2191	30
332	0	887	29
332	0	1617	30
333	0	782	29
334	0	1148	29
335	0	678	29
335	0	1878	30
336	0	730	29
336	0	1878	30
337	0	834	29
337	0	2295	30
338	0	991	29
339	0	834	29
340	0	1095	29
340	0	1722	30
341	0	1095	29
341	0	1722	30
342	0	782	29
343	0	678	29
343	0	1513	30
344	0	1878	29
345	0	574	29
345	0	1356	30
346	0	521	29
346	0	1252	30
347	0	782	29
348	0	730	29
348	0	1774	30
349	0	782	29
349	0	1356	30
350	0	1982	29
351	0	887	29
352	0	574	29
352	0	1461	30
353	0	782	29
354	0	626	29
354	0	1252	30
355	0	834	29
356	0	782	29
356	0	1826	30
357	0	939	29
358	0	939	29
358	0	1722	30
360	0	678	29
360	0	2243	30
361	0	991	29
362	0	1878	29
364	0	730	29
365	0	1565	29
366	0	730	29
366	0	1565	30
367	0	887	29
368	0	626	29
368	0	1252	30
369	0	887	29
370	0	782	29
371	0	887	29
372	0	782	29
372	0	1722	30
373	0	834	29
374	0	1461	29
374	0	2191	30
375	0	1252	29
376	0	991	29
377	0	1252	29
377	0	2035	30
378	0	1043	29
378	0	2243	30
379	0	782	29
380	0	1826	29
381	0	626	29
381	0	2035	30
382	0	782	29
382	0	2191	30
383	0	1304	29
384	0	887	29
385	0	626	29
386	0	521	29
387	0	834	29
387	0	1513	30
388	0	2035	29
389	0	782	29
390	0	678	29
390	0	1826	30
391	0	678	29
391	0	1722	30
392	0	939	29
392	0	2139	30
393	0	574	29
393	0	1722	30
394	0	626	29
394	0	2087	30
395	0	1043	29
396	0	730	29
396	0	1774	30
397	0	1148	29
397	0	1722	30
398	0	574	29
399	0	782	29
400	0	574	29
400	0	1774	30
401	0	2139	29
402	0	1043	29
402	0	1774	30
403	0	1878	29
404	0	782	29
404	0	1982	30
405	0	1043	29
405	0	2139	30
406	0	887	29
407	0	1095	29
407	0	1669	30
409	0	991	29
410	0	887	29
410	0	2087	30
411	0	469	29
411	0	1095	30
412	0	834	29
412	0	1826	30
413	0	730	29
413	0	1982	30
414	0	574	29
414	0	1408	30
415	0	887	29
416	0	1356	29
417	0	730	29
417	0	1982	30
418	0	574	29
418	0	1252	30
419	0	521	29
419	0	1252	30
420	0	782	29
420	0	1722	30
421	0	1878	29
422	0	834	29
423	0	1043	29
423	0	1617	30
424	0	678	29
424	0	1408	30
425	0	1043	29
425	0	2243	30
426	0	1043	29
426	0	1617	30
427	0	2035	29
428	0	730	29
429	0	574	29
429	0	1408	30
430	0	834	29
431	0	678	29
431	0	1513	30
432	0	939	29
433	0	626	29
433	0	1617	30
434	0	834	29
434	0	2035	30
435	0	730	29
435	0	1513	30
436	0	730	29
437	0	782	29
438	0	626	29
438	0	1408	30
439	0	887	29
440	0	678	29
440	0	2035	30
441	0	1722	29
442	0	626	29
442	0	1826	30
443	0	678	29
444	0	1565	29
445	0	782	29
446	0	678	29
446	0	2191	30
447	0	1565	29
448	0	939	29
449	0	2035	29
450	0	2191	29
451	0	730	29
451	0	1408	30
452	0	521	29
452	0	2087	30
453	0	782	29
454	0	1252	29
455	0	1095	29
455	0	1722	30
456	0	1252	29
456	0	2035	30
457	0	678	29
458	0	1565	29
459	0	939	29
460	0	678	29
460	0	2243	30
461	0	782	29
462	0	574	29
462	0	1826	30
463	0	574	29
463	0	1252	30
464	0	834	29
464	0	1669	30
465	0	678	29
465	0	2139	30
466	0	782	29
467	0	678	29
467	0	2035	30
468	0	626	29
468	0	2087	30
469	0	730	29
470	0	1408	29
471	0	1043	29
471	0	2139	30
472	0	887	29
473	0	678	29
473	0	1669	30
474	0	782	29
474	0	1461	30
475	0	887	29
475	0	2191	30
476	0	1252	29
477	0	887	29
478	0	626	29
480	0	730	29
481	0	834	29
481	0	1461	30
482	0	834	29
483	0	1669	29
484	0	1982	29
485	0	1095	29
485	0	2243	30
486	0	1200	29
486	0	1930	30
487	0	782	29
488	0	1252	29
489	0	730	29
490	0	730	29
490	0	1461	30
491	0	939	29
491	0	2087	30
492	0	939	29
492	0	1617	30
493	0	678	29
494	0	939	29
495	0	782	29
495	0	1461	30
496	0	678	29
496	0	1408	30
497	0	678	29
498	0	1043	29
499	0	574	29
500	0	678	29
500	0	1304	30
501	0	1252	29
501	0	2139	30
502	0	730	29
502	0	1669	30
503	0	626	29
503	0	1252	30
505	0	1252	29
505	0	2191	30
506	0	1043	29
507	0	1617	29
508	0	834	29
508	0	2087	30
510	0	1930	29
512	0	887	29
512	0	1513	30
513	0	939	29
513	0	1669	30
514	0	887	29
514	0	1930	30
515	0	678	29
515	0	1617	30
516	0	1304	29
516	0	2087	30
517	0	1252	29
517	0	2035	30
518	0	939	29
518	0	1669	30
519	0	521	29
519	0	1304	30
520	0	887	29
521	0	782	29
522	0	730	29
522	0	1408	30
523	0	730	29
523	0	1826	30
524	0	2035	29
525	0	574	29
525	0	1252	30
526	0	1878	29
527	0	678	29
528	0	730	29
529	0	678	29
529	0	1252	30
530	0	1252	29
530	0	1826	30
531	0	1043	29
531	0	1617	30
532	0	887	29
532	0	1774	30
533	0	1982	29
534	0	678	29
534	0	1356	30
535	0	1565	29
536	0	1252	29
536	0	2191	30
537	0	574	29
537	0	1513	30
538	0	782	29
539	0	678	29
540	0	1878	29
541	0	521	29
541	0	1826	30
542	0	887	29
543	0	1095	29
543	0	1669	30
544	0	574	29
544	0	1252	30
545	0	730	29
546	0	1148	29
546	0	1774	30
547	0	939	29
547	0	1617	30
548	0	1304	29
549	0	1252	29
550	0	730	29
550	0	1982	30
551	0	678	29
551	0	1408	30
552	0	1304	29
553	0	730	29
553	0	1774	30
554	0	626	29
554	0	1565	30
555	0	730	29
555	0	1252	30
556	0	730	29
556	0	1461	30
557	0	1356	29
558	0	469	29
558	0	1930	30
559	0	939	29
559	0	1669	30
560	0	1304	29
561	0	782	29
562	0	991	29
562	0	1669	30
563	0	678	29
563	0	1408	30
564	0	1304	29
564	0	2191	30
565	0	834	29
565	0	2035	30
566	0	521	29
566	0	1722	30
567	0	678	29
568	0	730	29
568	0	1408	30
569	0	887	29
569	0	1669	30
570	0	1304	29
571	0	730	29
571	0	1878	30
572	0	1408	29
573	0	2295	29
574	0	1043	29
575	0	574	29
575	0	1252	30
576	0	1095	29
576	0	1982	30
577	0	834	29
578	0	991	29
578	0	2139	30
579	0	782	29
580	0	1930	29
581	0	1043	29
581	0	1669	30
582	0	678	29
582	0	1878	30
583	0	730	29
583	0	1252	30
584	0	834	29
585	0	678	29
585	0	1200	30
586	0	678	29
586	0	1408	30
587	0	678	29
588	0	939	29
588	0	1982	30
589	0	574	29
589	0	1408	30
590	0	730	29
590	0	1774	30
591	0	1461	29
593	0	678	29
594	0	730	29
594	0	1982	30
595	0	782	29
595	0	1356	30
596	0	678	29
596	0	1513	30
597	0	678	29
598	0	730	29
599	0	730	29
600	0	1513	29
601	0	887	29
602	0	1200	29
603	0	730	29
604	0	730	29
604	0	1669	30
605	0	1043	29
605	0	2295	30
606	0	626	29
606	0	1461	30
607	0	782	29
608	0	521	29
608	0	1356	30
610	0	2191	29
611	0	678	29
611	0	1878	30
612	0	1095	29
612	0	1722	30
613	0	1252	29
614	0	1095	29
614	0	1774	30
615	0	834	29
615	0	2295	30
616	0	991	29
616	0	1722	30
617	0	1878	29
618	0	1930	29
619	0	939	29
620	0	834	29
621	0	991	29
621	0	1565	30
622	0	678	29
623	0	1043	29
623	0	2295	30
624	0	521	29
624	0	2243	30
625	0	1043	29
625	0	1669	30
626	0	521	29
626	0	1304	30
627	0	574	29
627	0	1461	30
628	0	626	29
628	0	1617	30
629	0	834	29
629	0	2243	30
630	0	782	29
630	0	1878	30
631	0	626	29
631	0	1461	30
632	0	730	29
633	0	1513	29
634	0	1148	29
634	0	1774	30
635	0	1356	29
636	0	2191	29
637	0	1043	29
638	0	1826	29
639	0	521	29
639	0	1200	30
640	0	730	29
641	0	574	29
642	0	1095	29
643	0	2243	29
644	0	887	29
645	0	730	29
645	0	1513	30
646	0	678	29
646	0	1408	30
647	0	1408	29
648	0	782	29
648	0	1669	30
649	0	887	29
650	0	1408	29
650	0	2243	30
651	0	574	29
652	0	574	29
652	0	1513	30
653	0	991	29
653	0	1930	30
654	0	782	29
655	0	730	29
655	0	1722	30
656	0	626	29
656	0	1617	30
657	0	521	29
658	0	939	29
658	0	1513	30
659	0	1095	29
659	0	1722	30
660	0	834	29
661	0	887	29
662	0	678	29
662	0	1513	30
663	0	991	29
664	0	887	29
664	0	1565	30
665	0	834	29
666	0	678	29
666	0	1982	30
667	0	521	29
668	0	939	29
668	0	1826	30
669	0	730	29
669	0	1774	30
670	0	834	29
670	0	1774	30
671	0	1148	29
672	0	834	29
672	0	2087	30
673	0	730	29
673	0	2087	30
674	0	678	29
674	0	1513	30
675	0	1043	29
675	0	1565	30
676	0	834	29
677	0	834	29
677	0	1461	30
678	0	730	29
678	0	2035	30
679	0	1095	29
680	0	991	29
680	0	1565	30
681	0	887	29
682	0	574	29
682	0	1878	30
683	0	1148	29
684	0	991	29
684	0	1565	30
685	0	574	29
685	0	2191	30
686	0	939	29
687	0	1356	29
688	0	1148	29
688	0	2087	30
689	0	1095	29
689	0	2139	30
690	0	574	29
691	0	887	29
691	0	2191	30
692	0	574	29
692	0	1252	30
693	0	626	29
693	0	1408	30
694	0	939	29
694	0	2139	30
695	0	730	29
696	0	834	29
697	0	834	29
698	0	1408	29
698	0	2243	30
699	0	626	29
699	0	1669	30
700	0	574	29
701	0	887	29
701	0	1513	30
702	0	626	29
703	0	834	29
704	0	1878	29
705	0	887	29
705	0	1878	30
706	0	678	29
706	0	2087	30
707	0	782	29
708	0	1043	29
708	0	1669	30
709	0	521	29
709	0	1356	30
710	0	521	29
710	0	1252	30
711	0	1043	29
711	0	1722	30
712	0	782	29
712	0	1722	30
713	0	1617	29
714	0	730	29
715	0	782	29
715	0	1930	30
716	0	626	29
716	0	1304	30
717	0	1043	29
717	0	1565	30
718	0	834	29
719	0	834	29
720	0	1878	29
721	0	678	29
721	0	1565	30
722	0	678	29
722	0	1252	30
723	0	678	29
724	0	678	29
725	0	834	29
725	0	1669	30
726	0	678	29
726	0	1408	30
727	0	1148	29
728	0	1826	29
729	0	834	29
730	0	678	29
730	0	1669	30
731	0	730	29
731	0	2087	30
732	0	887	29
733	0	834	29
733	0	1617	30
734	0	730	29
734	0	1826	30
735	0	1930	29
736	0	991	29
737	0	730	29
737	0	1669	30
738	0	887	29
738	0	1513	30
739	0	1095	29
739	0	1722	30
741	0	574	29
742	0	730	29
742	0	2087	30
743	0	678	29
743	0	1930	30
744	0	1095	29
744	0	1722	30
745	0	991	29
746	0	1252	29
747	0	678	29
748	0	1982	29
749	0	1304	29
750	0	1252	29
751	0	991	29
752	0	834	29
752	0	1617	30
753	0	782	29
753	0	2139	30
754	0	782	29
755	0	782	29
756	0	834	29
756	0	2191	30
757	0	1461	29
757	0	2295	30
758	0	678	29
759	0	1252	29
760	0	626	29
761	0	730	29
761	0	1930	30
762	0	574	29
762	0	1565	30
763	0	1148	29
763	0	1878	30
765	0	782	29
766	0	834	29
767	0	1095	29
767	0	1878	30
768	0	1408	29
769	0	730	29
770	0	1878	29
771	0	1095	29
771	0	1774	30
772	0	782	29
773	0	1408	29
774	0	782	29
774	0	1408	30
775	0	1148	29
776	0	678	29
776	0	1356	30
777	0	1982	29
778	0	939	29
779	0	1878	29
780	0	1148	29
781	0	574	29
781	0	1408	30
782	0	574	29
782	0	2087	30
783	0	1356	29
784	0	730	29
784	0	2035	30
785	0	1043	29
786	0	730	29
787	0	1304	29
787	0	2139	30
788	0	521	29
788	0	1565	30
789	0	1043	29
789	0	1669	30
790	0	834	29
790	0	1930	30
791	0	1304	29
792	0	887	29
793	0	782	29
794	0	626	29
794	0	2191	30
795	0	1461	29
796	0	1304	29
797	0	782	29
798	0	887	29
798	0	1982	30
800	0	1200	29
801	0	1304	29
801	0	2087	30
802	0	574	29
802	0	1565	30
803	0	939	29
803	0	1722	30
804	0	574	29
804	0	1878	30
806	0	1304	29
807	0	730	29
807	0	1774	30
808	0	1982	29
809	0	1669	29
810	0	730	29
811	0	730	29
812	0	521	29
812	0	1252	30
813	0	1200	29
814	0	626	29
815	0	469	29
816	0	1043	29
816	0	1930	30
817	0	2087	29
818	0	626	29
818	0	1617	30
819	0	1408	29
820	0	626	29
821	0	1095	29
821	0	1982	30
822	0	730	29
823	0	782	29
823	0	2087	30
824	0	1043	29
824	0	1617	30
825	0	991	29
825	0	1617	30
826	0	834	29
826	0	1617	30
827	0	782	29
828	0	1252	29
828	0	1982	30
829	0	1982	29
830	0	1043	29
831	0	521	29
831	0	1252	30
832	0	887	29
832	0	2035	30
833	0	1148	29
834	0	730	29
834	0	1513	30
835	0	626	29
835	0	2139	30
836	0	2035	29
837	0	1095	29
837	0	2087	30
838	0	469	29
838	0	1252	30
839	0	1304	29
839	0	2087	30
840	0	626	29
840	0	1200	30
841	0	521	29
842	0	730	29
842	0	1617	30
843	0	730	29
843	0	1304	30
844	0	1095	29
845	0	1200	29
846	0	1356	29
847	0	1148	29
847	0	1826	30
848	0	678	29
849	0	1878	29
850	0	887	29
851	0	2191	29
852	0	834	29
853	0	1304	29
853	0	2243	30
854	0	1043	29
854	0	1617	30
855	0	574	29
856	0	1043	29
857	0	1252	29
858	0	678	29
858	0	1513	30
859	0	730	29
860	0	1513	29
861	0	834	29
862	0	1461	29
863	0	887	29
864	0	626	29
864	0	1356	30
865	0	521	29
865	0	1565	30
866	0	730	29
866	0	1930	30
867	0	678	29
867	0	2295	30
868	0	521	29
868	0	1617	30
869	0	939	29
869	0	1513	30
870	0	1095	29
870	0	1982	30
871	0	1095	29
871	0	1774	30
873	0	730	29
873	0	1356	30
875	0	574	29
875	0	1513	30
876	0	730	29
877	0	678	29
877	0	1252	30
878	0	1148	29
878	0	2035	30
879	0	626	29
879	0	2087	30
880	0	678	29
880	0	1617	30
881	0	887	29
882	0	1200	29
883	0	1617	29
884	0	834	29
885	0	730	29
885	0	1304	30
886	0	887	29
886	0	2191	30
887	0	574	29
887	0	1722	30
888	0	991	29
889	0	1304	29
889	0	2295	30
890	0	1252	29
890	0	1878	30
891	0	834	29
892	0	1461	29
892	0	2191	30
893	0	834	29
894	0	939	29
895	0	574	29
895	0	1878	30
896	0	678	29
897	0	521	29
897	0	1304	30
898	0	521	29
898	0	1200	30
899	0	782	29
899	0	1461	30
900	0	834	29
900	0	1930	30
901	0	730	29
902	0	782	29
902	0	1461	30
903	0	521	29
903	0	1304	30
905	0	1095	29
905	0	2243	30
906	0	678	29
907	0	1930	29
908	0	782	29
908	0	1878	30
909	0	1878	29
910	0	1095	29
910	0	1930	30
911	0	834	29
912	0	521	29
913	0	1252	29
913	0	1982	30
914	0	730	29
914	0	1513	30
915	0	1200	29
916	0	678	29
916	0	1461	30
917	0	626	29
917	0	2087	30
918	0	1148	29
919	0	1252	29
920	0	730	29
920	0	2295	30
921	0	730	29
922	0	626	29
922	0	1930	30
923	0	1148	29
924	0	521	29
924	0	1200	30
925	0	730	29
926	0	574	29
926	0	1356	30
927	0	834	29
927	0	1617	30
929	0	887	29
929	0	1722	30
930	0	1722	29
931	0	834	29
931	0	2243	30
932	0	1095	29
932	0	1878	30
933	0	1252	29
933	0	1826	30
934	0	991	29
935	0	521	29
935	0	1565	30
936	0	730	29
936	0	2139	30
937	0	782	29
937	0	2243	30
938	0	939	29
938	0	1774	30
939	0	1148	29
940	0	626	29
940	0	1356	30
941	0	730	29
941	0	1461	30
942	0	730	29
942	0	1356	30
943	0	678	29
944	0	678	29
944	0	1878	30
945	0	1408	29
946	0	678	29
946	0	1774	30
947	0	730	29
947	0	1356	30
948	0	730	29
948	0	2295	30
949	0	574	29
949	0	1200	30
950	0	730	29
951	0	2087	29
952	0	1982	29
953	0	887	29
954	0	782	29
955	0	1982	29
956	0	730	29
957	0	1356	29
958	0	991	29
959	0	2191	29
960	0	991	29
961	0	887	29
961	0	1930	30
962	0	1930	29
963	0	730	29
963	0	2243	30
964	0	521	29
964	0	1200	30
965	0	834	29
965	0	1669	30
966	0	730	29
966	0	1930	30
967	0	1200	29
968	0	574	29
968	0	1878	30
969	0	626	29
969	0	1513	30
971	0	939	29
972	0	678	29
972	0	1252	30
973	0	626	29
974	0	574	29
975	0	1200	29
976	0	574	29
976	0	1408	30
977	0	1722	29
978	0	521	29
978	0	1252	30
979	0	1252	29
979	0	1878	30
980	0	1617	29
981	0	887	29
981	0	1513	30
982	0	574	29
983	0	730	29
984	0	991	29
984	0	1669	30
985	0	1095	29
985	0	1669	30
986	0	2191	29
987	0	1095	29
988	0	574	29
988	0	1982	30
989	0	782	29
990	0	1669	29
992	0	1669	29
993	0	782	29
994	0	1930	29
995	0	678	29
995	0	1826	30
996	0	1148	29
997	0	2295	29
998	0	574	29
998	0	1252	30
999	0	1356	29
0	1	678	29
0	1	1565	30
1	1	678	29
2	1	521	29
3	1	1148	29
3	1	1722	30
4	1	834	29
4	1	1461	30
5	1	834	29
6	1	574	29
6	1	1826	30
7	1	887	29
7	1	1617	30
8	1	626	29
8	1	1356	30
9	1	1930	29
10	1	678	29
10	1	1930	30
12	1	1095	29
13	1	991	29
14	1	678	29
14	1	1617	30
15	1	730	29
15	1	2035	30
16	1	730	29
16	1	1669	30
17	1	730	29
18	1	469	29
18	1	1826	30
19	1	1826	29
20	1	574	29
20	1	1461	30
21	1	678	29
21	1	2243	30
22	1	834	29
22	1	2087	30
23	1	730	29
23	1	1774	30
24	1	730	29
24	1	1774	30
25	1	1565	29
26	1	626	29
26	1	1565	30
27	1	678	29
27	1	1826	30
28	1	678	29
28	1	1356	30
29	1	782	29
29	1	2139	30
30	1	1252	29
30	1	1982	30
31	1	834	29
32	1	1095	29
32	1	1669	30
33	1	574	29
33	1	1982	30
34	1	678	29
34	1	1565	30
35	1	782	29
35	1	1774	30
36	1	782	29
37	1	1304	29
38	1	939	29
39	1	887	29
39	1	2087	30
40	1	626	29
40	1	1356	30
41	1	678	29
41	1	1513	30
42	1	678	29
42	1	1461	30
43	1	521	29
43	1	1356	30
44	1	1565	29
45	1	1043	29
45	1	1722	30
46	1	782	29
46	1	2191	30
47	1	1043	29
48	1	1982	29
49	1	521	29
49	1	1304	30
50	1	1513	29
51	1	1513	29
52	1	887	29
53	1	782	29
53	1	1461	30
55	1	887	29
56	1	1095	29
57	1	730	29
57	1	2295	30
58	1	574	29
58	1	1304	30
59	1	834	29
60	1	1043	29
61	1	834	29
62	1	887	29
63	1	626	29
63	1	1461	30
64	1	1878	29
65	1	678	29
65	1	1722	30
66	1	1304	29
66	1	1930	30
67	1	730	29
67	1	1461	30
68	1	1408	29
69	1	834	29
69	1	1565	30
70	1	626	29
71	1	1095	29
71	1	1722	30
73	1	1669	29
74	1	782	29
74	1	2295	30
75	1	730	29
76	1	1356	29
77	1	1408	29
78	1	1252	29
79	1	730	29
79	1	1826	30
80	1	782	29
80	1	2087	30
81	1	574	29
81	1	2087	30
82	1	626	29
82	1	2087	30
83	1	1043	29
83	1	2295	30
84	1	887	29
84	1	2295	30
85	1	1617	29
86	1	1043	29
86	1	2295	30
87	1	469	29
87	1	1095	30
88	1	678	29
88	1	1408	30
89	1	730	29
89	1	1617	30
90	1	1304	29
91	1	626	29
92	1	730	29
92	1	1930	30
93	1	1252	29
94	1	1826	29
95	1	834	29
95	1	2139	30
96	1	939	29
96	1	1826	30
97	1	1095	29
98	1	1617	29
99	1	991	29
99	1	2035	30
100	1	1252	29
101	1	626	29
102	1	626	29
102	1	1669	30
103	1	834	29
104	1	521	29
104	1	1304	30
105	1	2243	29
106	1	678	29
106	1	1356	30
107	1	626	29
107	1	1565	30
108	1	887	29
109	1	1200	29
109	1	2295	30
110	1	782	29
111	1	939	29
112	1	678	29
112	1	2295	30
113	1	730	29
114	1	1200	29
115	1	1356	29
116	1	1408	29
116	1	2139	30
117	1	1356	29
117	1	2191	30
118	1	1148	29
118	1	2035	30
119	1	1148	29
119	1	1930	30
120	1	730	29
120	1	2191	30
121	1	1252	29
122	1	782	29
123	1	1878	29
124	1	730	29
124	1	2087	30
125	1	521	29
125	1	1252	30
126	1	678	29
126	1	1461	30
127	1	834	29
128	1	626	29
128	1	1408	30
129	1	1043	29
130	1	521	29
131	1	626	29
131	1	1356	30
132	1	782	29
133	1	991	29
134	1	730	29
134	1	1878	30
135	1	730	29
135	1	1878	30
136	1	730	29
136	1	1774	30
137	1	626	29
137	1	1565	30
138	1	678	29
138	1	2139	30
139	1	834	29
139	1	1878	30
140	1	1722	29
141	1	834	29
142	1	782	29
142	1	2191	30
143	1	1200	29
143	1	1982	30
145	1	1095	29
145	1	1722	30
146	1	782	29
146	1	1826	30
147	1	939	29
147	1	1774	30
148	1	1304	29
149	1	782	29
150	1	521	29
150	1	1408	30
151	1	834	29
151	1	2035	30
152	1	574	29
152	1	1356	30
153	1	626	29
153	1	2295	30
154	1	834	29
154	1	1408	30
155	1	626	29
155	1	1617	30
156	1	782	29
158	1	521	29
158	1	1356	30
159	1	626	29
159	1	1408	30
160	1	678	29
160	1	1513	30
161	1	1565	29
162	1	991	29
162	1	1565	30
163	1	1095	29
164	1	834	29
165	1	521	29
165	1	1252	30
166	1	1774	29
167	1	1095	29
167	1	2243	30
169	1	678	29
170	1	678	29
170	1	1356	30
171	1	834	29
172	1	1043	29
172	1	1617	30
173	1	1252	29
173	1	2295	30
174	1	782	29
174	1	1617	30
175	1	574	29
175	1	1461	30
176	1	730	29
177	1	1669	29
178	1	1982	29
179	1	782	29
179	1	1722	30
180	1	1878	29
181	1	730	29
182	1	678	29
183	1	782	29
183	1	1774	30
184	1	1043	29
185	1	834	29
185	1	1513	30
186	1	2139	29
187	1	678	29
187	1	1565	30
188	1	1095	29
188	1	2295	30
189	1	626	29
189	1	1461	30
190	1	1043	29
190	1	2243	30
191	1	730	29
192	1	991	29
192	1	1669	30
193	1	574	29
193	1	1617	30
194	1	678	29
196	1	678	29
196	1	1200	30
198	1	626	29
198	1	1408	30
199	1	730	29
199	1	1617	30
200	1	1095	29
200	1	1722	30
201	1	1774	29
202	1	887	29
202	1	1669	30
203	1	782	29
203	1	1617	30
204	1	887	29
205	1	1200	29
205	1	1982	30
206	1	678	29
206	1	1200	30
207	1	678	29
207	1	1722	30
208	1	521	29
208	1	1408	30
209	1	2191	29
210	1	574	29
210	1	1617	30
211	1	1513	29
212	1	782	29
212	1	1982	30
213	1	1565	29
214	1	782	29
215	1	1148	29
215	1	1826	30
216	1	939	29
217	1	1095	29
217	1	1722	30
218	1	678	29
218	1	1461	30
219	1	2139	29
220	1	1356	29
221	1	678	29
221	1	1565	30
222	1	1826	29
223	1	730	29
224	1	782	29
224	1	1826	30
225	1	834	29
225	1	2139	30
226	1	521	29
226	1	1252	30
227	1	991	29
228	1	730	29
228	1	1461	30
229	1	678	29
229	1	1513	30
230	1	678	29
230	1	2295	30
231	1	678	29
232	1	834	29
233	1	1252	29
233	1	1878	30
235	1	1461	29
236	1	887	29
236	1	2243	30
237	1	782	29
239	1	1148	29
240	1	782	29
240	1	1513	30
241	1	678	29
241	1	1408	30
242	1	991	29
242	1	1617	30
243	1	678	29
243	1	1304	30
244	1	469	29
244	1	1252	30
245	1	1095	29
245	1	1982	30
246	1	1982	29
248	1	782	29
249	1	678	29
250	1	678	29
250	1	1356	30
251	1	574	29
251	1	1617	30
252	1	1304	29
253	1	782	29
253	1	2087	30
255	1	887	29
256	1	730	29
256	1	1617	30
257	1	1043	29
257	1	1826	30
258	1	678	29
258	1	1878	30
259	1	730	29
260	1	782	29
260	1	1982	30
262	1	834	29
262	1	1513	30
263	1	782	29
264	1	991	29
265	1	730	29
266	1	574	29
266	1	1617	30
267	1	678	29
267	1	2295	30
268	1	939	29
268	1	1565	30
269	1	730	29
269	1	1565	30
270	1	730	29
271	1	574	29
271	1	1408	30
272	1	678	29
272	1	1356	30
273	1	2243	29
274	1	1095	29
275	1	1565	29
276	1	2139	29
277	1	730	29
277	1	2295	30
278	1	1513	29
279	1	1148	29
280	1	678	29
280	1	2087	30
282	1	1513	29
283	1	1095	29
283	1	1722	30
284	1	730	29
284	1	2035	30
285	1	1095	29
285	1	1669	30
286	1	730	29
286	1	1513	30
287	1	1148	29
288	1	887	29
289	1	1878	29
291	1	1095	29
292	1	1408	29
292	1	2243	30
293	1	626	29
293	1	1252	30
294	1	887	29
295	1	1043	29
295	1	2035	30
296	1	730	29
297	1	1304	29
298	1	782	29
298	1	1669	30
299	1	782	29
300	1	991	29
300	1	2243	30
301	1	626	29
301	1	1878	30
302	1	678	29
302	1	1826	30
303	1	730	29
303	1	1982	30
304	1	730	29
306	1	730	29
307	1	626	29
308	1	626	29
309	1	678	29
309	1	1252	30
310	1	834	29
310	1	1513	30
311	1	834	29
312	1	991	29
312	1	2035	30
313	1	678	29
314	1	1200	29
315	1	626	29
315	1	1461	30
316	1	1982	29
317	1	1200	29
318	1	1461	29
319	1	1617	29
320	1	1252	29
321	1	730	29
322	1	521	29
322	1	1878	30
323	1	1826	29
324	1	1304	29
325	1	1200	29
325	1	2243	30
326	1	678	29
326	1	1982	30
327	1	1043	29
327	1	1617	30
328	1	782	29
328	1	2295	30
329	1	1356	29
330	1	678	29
330	1	1461	30
331	1	730	29
331	1	2191	30
332	1	887	29
332	1	1617	30
333	1	782	29
334	1	1148	29
335	1	678	29
335	1	1878	30
336	1	730	29
336	1	1878	30
337	1	834	29
337	1	2295	30
338	1	991	29
339	1	834	29
340	1	1095	29
340	1	1722	30
341	1	1095	29
341	1	1722	30
342	1	782	29
343	1	678	29
343	1	1513	30
344	1	1878	29
345	1	574	29
345	1	1356	30
346	1	521	29
346	1	1252	30
347	1	782	29
348	1	730	29
348	1	1774	30
349	1	782	29
349	1	1356	30
350	1	1982	29
351	1	887	29
352	1	574	29
352	1	1461	30
353	1	782	29
354	1	626	29
354	1	1252	30
355	1	834	29
356	1	782	29
356	1	1826	30
357	1	939	29
358	1	939	29
358	1	1722	30
360	1	678	29
360	1	2243	30
361	1	991	29
362	1	1878	29
364	1	730	29
365	1	1565	29
366	1	730	29
366	1	1565	30
367	1	887	29
368	1	626	29
368	1	1252	30
369	1	887	29
370	1	782	29
371	1	887	29
372	1	782	29
372	1	1722	30
373	1	834	29
374	1	1461	29
374	1	2191	30
375	1	1252	29
376	1	991	29
377	1	1252	29
377	1	2035	30
378	1	1043	29
378	1	2243	30
379	1	782	29
380	1	1826	29
381	1	626	29
381	1	2035	30
382	1	782	29
382	1	2191	30
383	1	1304	29
384	1	887	29
385	1	626	29
386	1	521	29
387	1	834	29
387	1	1513	30
388	1	2035	29
389	1	782	29
390	1	678	29
390	1	1826	30
391	1	678	29
391	1	1722	30
392	1	939	29
392	1	2139	30
393	1	574	29
393	1	1722	30
394	1	626	29
394	1	2087	30
395	1	1043	29
396	1	730	29
396	1	1774	30
397	1	1148	29
397	1	1722	30
398	1	574	29
399	1	782	29
400	1	574	29
400	1	1774	30
401	1	2139	29
402	1	1043	29
402	1	1774	30
403	1	1878	29
404	1	782	29
404	1	1982	30
405	1	1043	29
405	1	2139	30
406	1	887	29
407	1	1095	29
407	1	1669	30
409	1	991	29
410	1	887	29
410	1	2087	30
411	1	469	29
411	1	1095	30
412	1	834	29
412	1	1826	30
413	1	730	29
413	1	1982	30
414	1	574	29
414	1	1408	30
415	1	887	29
416	1	1356	29
417	1	730	29
417	1	1982	30
418	1	574	29
418	1	1252	30
419	1	521	29
419	1	1252	30
420	1	782	29
420	1	1722	30
421	1	1878	29
422	1	834	29
423	1	1043	29
423	1	1617	30
424	1	678	29
424	1	1408	30
425	1	1043	29
425	1	2243	30
426	1	1043	29
426	1	1617	30
427	1	2035	29
428	1	730	29
429	1	574	29
429	1	1408	30
430	1	834	29
431	1	678	29
431	1	1513	30
432	1	939	29
433	1	626	29
433	1	1617	30
434	1	834	29
434	1	2035	30
435	1	730	29
435	1	1513	30
436	1	730	29
437	1	782	29
438	1	626	29
438	1	1408	30
439	1	887	29
440	1	678	29
440	1	2035	30
441	1	1722	29
442	1	626	29
442	1	1826	30
443	1	678	29
444	1	1565	29
445	1	782	29
446	1	678	29
446	1	2191	30
447	1	1565	29
448	1	939	29
449	1	2035	29
450	1	2191	29
451	1	730	29
451	1	1408	30
452	1	521	29
452	1	2087	30
453	1	782	29
454	1	1252	29
455	1	1095	29
455	1	1722	30
456	1	1252	29
456	1	2035	30
457	1	678	29
458	1	1565	29
459	1	939	29
460	1	678	29
460	1	2243	30
461	1	782	29
462	1	574	29
462	1	1826	30
463	1	574	29
463	1	1252	30
464	1	834	29
464	1	1669	30
465	1	678	29
465	1	2139	30
466	1	782	29
467	1	678	29
467	1	2035	30
468	1	626	29
468	1	2087	30
469	1	730	29
470	1	1408	29
471	1	1043	29
471	1	2139	30
472	1	887	29
473	1	678	29
473	1	1669	30
474	1	782	29
474	1	1461	30
475	1	887	29
475	1	2191	30
476	1	1252	29
477	1	887	29
478	1	626	29
480	1	730	29
481	1	834	29
481	1	1461	30
482	1	834	29
483	1	1669	29
484	1	1982	29
485	1	1095	29
485	1	2243	30
486	1	1200	29
486	1	1930	30
487	1	782	29
488	1	1252	29
489	1	730	29
490	1	730	29
490	1	1461	30
491	1	939	29
491	1	2087	30
492	1	939	29
492	1	1617	30
493	1	678	29
494	1	939	29
495	1	782	29
495	1	1461	30
496	1	678	29
496	1	1408	30
497	1	678	29
498	1	1043	29
499	1	574	29
500	1	678	29
500	1	1304	30
501	1	1252	29
501	1	2139	30
502	1	730	29
502	1	1669	30
503	1	626	29
503	1	1252	30
505	1	1252	29
505	1	2191	30
506	1	1043	29
507	1	1617	29
508	1	834	29
508	1	2087	30
510	1	1930	29
512	1	887	29
512	1	1513	30
513	1	939	29
513	1	1669	30
514	1	887	29
514	1	1930	30
515	1	678	29
515	1	1617	30
516	1	1304	29
516	1	2087	30
517	1	1252	29
517	1	2035	30
518	1	939	29
518	1	1669	30
519	1	521	29
519	1	1304	30
520	1	887	29
521	1	782	29
522	1	730	29
522	1	1408	30
523	1	730	29
523	1	1826	30
524	1	2035	29
525	1	574	29
525	1	1252	30
526	1	1878	29
527	1	678	29
528	1	730	29
529	1	678	29
529	1	1252	30
530	1	1252	29
530	1	1826	30
531	1	1043	29
531	1	1617	30
532	1	887	29
532	1	1774	30
533	1	1982	29
534	1	678	29
534	1	1356	30
535	1	1565	29
536	1	1252	29
536	1	2191	30
537	1	574	29
537	1	1513	30
538	1	782	29
539	1	678	29
540	1	1878	29
541	1	521	29
541	1	1826	30
542	1	887	29
543	1	1095	29
543	1	1669	30
544	1	574	29
544	1	1252	30
545	1	730	29
546	1	1148	29
546	1	1774	30
547	1	939	29
547	1	1617	30
548	1	1304	29
549	1	1252	29
550	1	730	29
550	1	1982	30
551	1	678	29
551	1	1408	30
552	1	1304	29
553	1	730	29
553	1	1774	30
554	1	626	29
554	1	1565	30
555	1	730	29
555	1	1252	30
556	1	730	29
556	1	1461	30
557	1	1356	29
558	1	469	29
558	1	1930	30
559	1	939	29
559	1	1669	30
560	1	1304	29
561	1	782	29
562	1	991	29
562	1	1669	30
563	1	678	29
563	1	1408	30
564	1	1304	29
564	1	2191	30
565	1	834	29
565	1	2035	30
566	1	521	29
566	1	1722	30
567	1	678	29
568	1	730	29
568	1	1408	30
569	1	887	29
569	1	1669	30
570	1	1304	29
571	1	730	29
571	1	1878	30
572	1	1408	29
573	1	2295	29
574	1	1043	29
575	1	574	29
575	1	1252	30
576	1	1095	29
576	1	1982	30
577	1	834	29
578	1	991	29
578	1	2139	30
579	1	782	29
580	1	1930	29
581	1	1043	29
581	1	1669	30
582	1	678	29
582	1	1878	30
583	1	730	29
583	1	1252	30
584	1	834	29
585	1	678	29
585	1	1200	30
586	1	678	29
586	1	1408	30
587	1	678	29
588	1	939	29
588	1	1982	30
589	1	574	29
589	1	1408	30
590	1	730	29
590	1	1774	30
591	1	1461	29
593	1	678	29
594	1	730	29
594	1	1982	30
595	1	782	29
595	1	1356	30
596	1	678	29
596	1	1513	30
597	1	678	29
598	1	730	29
599	1	730	29
600	1	1513	29
601	1	887	29
602	1	1200	29
603	1	730	29
604	1	730	29
604	1	1669	30
605	1	1043	29
605	1	2295	30
606	1	626	29
606	1	1461	30
607	1	782	29
608	1	521	29
608	1	1356	30
610	1	2191	29
611	1	678	29
611	1	1878	30
612	1	1095	29
612	1	1722	30
613	1	1252	29
614	1	1095	29
614	1	1774	30
615	1	834	29
615	1	2295	30
616	1	991	29
616	1	1722	30
617	1	1878	29
618	1	1930	29
619	1	939	29
620	1	834	29
621	1	991	29
621	1	1565	30
622	1	678	29
623	1	1043	29
623	1	2295	30
624	1	521	29
624	1	2243	30
625	1	1043	29
625	1	1669	30
626	1	521	29
626	1	1304	30
627	1	574	29
627	1	1461	30
628	1	626	29
628	1	1617	30
629	1	834	29
629	1	2243	30
630	1	782	29
630	1	1878	30
631	1	626	29
631	1	1461	30
632	1	730	29
633	1	1513	29
634	1	1148	29
634	1	1774	30
635	1	1356	29
636	1	2191	29
637	1	1043	29
638	1	1826	29
639	1	521	29
639	1	1200	30
640	1	730	29
641	1	574	29
642	1	1095	29
643	1	2243	29
644	1	887	29
645	1	730	29
645	1	1513	30
646	1	678	29
646	1	1408	30
647	1	1408	29
648	1	782	29
648	1	1669	30
649	1	887	29
650	1	1408	29
650	1	2243	30
651	1	574	29
652	1	574	29
652	1	1513	30
653	1	991	29
653	1	1930	30
654	1	782	29
655	1	730	29
655	1	1722	30
656	1	626	29
656	1	1617	30
657	1	521	29
658	1	939	29
658	1	1513	30
659	1	1095	29
659	1	1722	30
660	1	834	29
661	1	887	29
662	1	678	29
662	1	1513	30
663	1	991	29
664	1	887	29
664	1	1565	30
665	1	834	29
666	1	678	29
666	1	1982	30
667	1	521	29
668	1	939	29
668	1	1826	30
669	1	730	29
669	1	1774	30
670	1	834	29
670	1	1774	30
671	1	1148	29
672	1	834	29
672	1	2087	30
673	1	730	29
673	1	2087	30
674	1	678	29
674	1	1513	30
675	1	1043	29
675	1	1565	30
676	1	834	29
677	1	834	29
677	1	1461	30
678	1	730	29
678	1	2035	30
679	1	1095	29
680	1	991	29
680	1	1565	30
681	1	887	29
682	1	574	29
682	1	1878	30
683	1	1148	29
684	1	991	29
684	1	1565	30
685	1	574	29
685	1	2191	30
686	1	939	29
687	1	1356	29
688	1	1148	29
688	1	2087	30
689	1	1095	29
689	1	2139	30
690	1	574	29
691	1	887	29
691	1	2191	30
692	1	574	29
692	1	1252	30
693	1	626	29
693	1	1408	30
694	1	939	29
694	1	2139	30
695	1	730	29
696	1	834	29
697	1	834	29
698	1	1408	29
698	1	2243	30
699	1	626	29
699	1	1669	30
700	1	574	29
701	1	887	29
701	1	1513	30
702	1	626	29
703	1	834	29
704	1	1878	29
705	1	887	29
705	1	1878	30
706	1	678	29
706	1	2087	30
707	1	782	29
708	1	1043	29
708	1	1669	30
709	1	521	29
709	1	1356	30
710	1	521	29
710	1	1252	30
711	1	1043	29
711	1	1722	30
712	1	782	29
712	1	1722	30
713	1	1617	29
714	1	730	29
715	1	782	29
715	1	1930	30
716	1	626	29
716	1	1304	30
717	1	1043	29
717	1	1565	30
718	1	834	29
719	1	834	29
720	1	1878	29
721	1	678	29
721	1	1565	30
722	1	678	29
722	1	1252	30
723	1	678	29
724	1	678	29
725	1	834	29
725	1	1669	30
726	1	678	29
726	1	1408	30
727	1	1148	29
728	1	1826	29
729	1	834	29
730	1	678	29
730	1	1669	30
731	1	730	29
731	1	2087	30
732	1	887	29
733	1	834	29
733	1	1617	30
734	1	730	29
734	1	1826	30
735	1	1930	29
736	1	991	29
737	1	730	29
737	1	1669	30
738	1	887	29
738	1	1513	30
739	1	1095	29
739	1	1722	30
741	1	574	29
742	1	730	29
742	1	2087	30
743	1	678	29
743	1	1930	30
744	1	1095	29
744	1	1722	30
745	1	991	29
746	1	1252	29
747	1	678	29
748	1	1982	29
749	1	1304	29
750	1	1252	29
751	1	991	29
752	1	834	29
752	1	1617	30
753	1	782	29
753	1	2139	30
754	1	782	29
755	1	782	29
756	1	834	29
756	1	2191	30
757	1	1461	29
757	1	2295	30
758	1	678	29
759	1	1252	29
760	1	626	29
761	1	730	29
761	1	1930	30
762	1	574	29
762	1	1565	30
763	1	1148	29
763	1	1878	30
765	1	782	29
766	1	834	29
767	1	1095	29
767	1	1878	30
768	1	1408	29
769	1	730	29
770	1	1878	29
771	1	1095	29
771	1	1774	30
772	1	782	29
773	1	1408	29
774	1	782	29
774	1	1408	30
775	1	1148	29
776	1	678	29
776	1	1356	30
777	1	1982	29
778	1	939	29
779	1	1878	29
780	1	1148	29
781	1	574	29
781	1	1408	30
782	1	574	29
782	1	2087	30
783	1	1356	29
784	1	730	29
784	1	2035	30
785	1	1043	29
786	1	730	29
787	1	1304	29
787	1	2139	30
788	1	521	29
788	1	1565	30
789	1	1043	29
789	1	1669	30
790	1	834	29
790	1	1930	30
791	1	1304	29
792	1	887	29
793	1	782	29
794	1	626	29
794	1	2191	30
795	1	1461	29
796	1	1304	29
797	1	782	29
798	1	887	29
798	1	1982	30
800	1	1200	29
801	1	1304	29
801	1	2087	30
802	1	574	29
802	1	1565	30
803	1	939	29
803	1	1722	30
804	1	574	29
804	1	1878	30
806	1	1304	29
807	1	730	29
807	1	1774	30
808	1	1982	29
809	1	1669	29
810	1	730	29
811	1	730	29
812	1	521	29
812	1	1252	30
813	1	1200	29
814	1	626	29
815	1	469	29
816	1	1043	29
816	1	1930	30
817	1	2087	29
818	1	626	29
818	1	1617	30
819	1	1408	29
820	1	626	29
821	1	1095	29
821	1	1982	30
822	1	730	29
823	1	782	29
823	1	2087	30
824	1	1043	29
824	1	1617	30
825	1	991	29
825	1	1617	30
826	1	834	29
826	1	1617	30
827	1	782	29
828	1	1252	29
828	1	1982	30
829	1	1982	29
830	1	1043	29
831	1	521	29
831	1	1252	30
832	1	887	29
832	1	2035	30
833	1	1148	29
834	1	730	29
834	1	1513	30
835	1	626	29
835	1	2139	30
836	1	2035	29
837	1	1095	29
837	1	2087	30
838	1	469	29
838	1	1252	30
839	1	1304	29
839	1	2087	30
840	1	626	29
840	1	1200	30
841	1	521	29
842	1	730	29
842	1	1617	30
843	1	730	29
843	1	1304	30
844	1	1095	29
845	1	1200	29
846	1	1356	29
847	1	1148	29
847	1	1826	30
848	1	678	29
849	1	1878	29
850	1	887	29
851	1	2191	29
852	1	834	29
853	1	1304	29
853	1	2243	30
854	1	1043	29
854	1	1617	30
855	1	574	29
856	1	1043	29
857	1	1252	29
858	1	678	29
858	1	1513	30
859	1	730	29
860	1	1513	29
861	1	834	29
862	1	1461	29
863	1	887	29
864	1	626	29
864	1	1356	30
865	1	521	29
865	1	1565	30
866	1	730	29
866	1	1930	30
867	1	678	29
867	1	2295	30
868	1	521	29
868	1	1617	30
869	1	939	29
869	1	1513	30
870	1	1095	29
870	1	1982	30
871	1	1095	29
871	1	1774	30
873	1	730	29
873	1	1356	30
875	1	574	29
875	1	1513	30
876	1	730	29
877	1	678	29
877	1	1252	30
878	1	1148	29
878	1	2035	30
879	1	626	29
879	1	2087	30
880	1	678	29
880	1	1617	30
881	1	887	29
882	1	1200	29
883	1	1617	29
884	1	834	29
885	1	730	29
885	1	1304	30
886	1	887	29
886	1	2191	30
887	1	574	29
887	1	1722	30
888	1	991	29
889	1	1304	29
889	1	2295	30
890	1	1252	29
890	1	1878	30
891	1	834	29
892	1	1461	29
892	1	2191	30
893	1	834	29
894	1	939	29
895	1	574	29
895	1	1878	30
896	1	678	29
897	1	521	29
897	1	1304	30
898	1	521	29
898	1	1200	30
899	1	782	29
899	1	1461	30
900	1	834	29
900	1	1930	30
901	1	730	29
902	1	782	29
902	1	1461	30
903	1	521	29
903	1	1304	30
905	1	1095	29
905	1	2243	30
906	1	678	29
907	1	1930	29
908	1	782	29
908	1	1878	30
909	1	1878	29
910	1	1095	29
910	1	1930	30
911	1	834	29
912	1	521	29
913	1	1252	29
913	1	1982	30
914	1	730	29
914	1	1513	30
915	1	1200	29
916	1	678	29
916	1	1461	30
917	1	626	29
917	1	2087	30
918	1	1148	29
919	1	1252	29
920	1	730	29
920	1	2295	30
921	1	730	29
922	1	626	29
922	1	1930	30
923	1	1148	29
924	1	521	29
924	1	1200	30
925	1	730	29
926	1	574	29
926	1	1356	30
927	1	834	29
927	1	1617	30
929	1	887	29
929	1	1722	30
930	1	1722	29
931	1	834	29
931	1	2243	30
932	1	1095	29
932	1	1878	30
933	1	1252	29
933	1	1826	30
934	1	991	29
935	1	521	29
935	1	1565	30
936	1	730	29
936	1	2139	30
937	1	782	29
937	1	2243	30
938	1	939	29
938	1	1774	30
939	1	1148	29
940	1	626	29
940	1	1356	30
941	1	730	29
941	1	1461	30
942	1	730	29
942	1	1356	30
943	1	678	29
944	1	678	29
944	1	1878	30
945	1	1408	29
946	1	678	29
946	1	1774	30
947	1	730	29
947	1	1356	30
948	1	730	29
948	1	2295	30
949	1	574	29
949	1	1200	30
950	1	730	29
951	1	2087	29
952	1	1982	29
953	1	887	29
954	1	782	29
955	1	1982	29
956	1	730	29
957	1	1356	29
958	1	991	29
959	1	2191	29
960	1	991	29
961	1	887	29
961	1	1930	30
962	1	1930	29
963	1	730	29
963	1	2243	30
964	1	521	29
964	1	1200	30
965	1	834	29
965	1	1669	30
966	1	730	29
966	1	1930	30
967	1	1200	29
968	1	574	29
968	1	1878	30
969	1	626	29
969	1	1513	30
971	1	939	29
972	1	678	29
972	1	1252	30
973	1	626	29
974	1	574	29
975	1	1200	29
976	1	574	29
976	1	1408	30
977	1	1722	29
978	1	521	29
978	1	1252	30
979	1	1252	29
979	1	1878	30
980	1	1617	29
981	1	887	29
981	1	1513	30
982	1	574	29
983	1	730	29
984	1	991	29
984	1	1669	30
985	1	1095	29
985	1	1669	30
986	1	2191	29
987	1	1095	29
988	1	574	29
988	1	1982	30
989	1	782	29
990	1	1669	29
992	1	1669	29
993	1	782	29
994	1	1930	29
995	1	678	29
995	1	1826	30
996	1	1148	29
997	1	2295	29
998	1	574	29
998	1	1252	30
999	1	1356	29
0	2	261	26
0	2	730	33
0	2	1148	13
1	2	261	26
1	2	730	33
1	2	1148	13
2	2	261	26
3	2	261	26
3	2	1774	33
4	2	261	26
4	2	887	33
4	2	1200	13
5	2	261	26
5	2	834	33
6	2	261	26
6	2	991	33
6	2	1878	13
7	2	261	26
7	2	1617	33
8	2	261	26
8	2	1148	33
8	2	1408	13
9	2	261	26
10	2	261	26
10	2	730	33
10	2	1148	13
11	2	261	26
12	2	261	26
13	2	261	26
14	2	261	26
14	2	730	33
14	2	1148	13
15	2	261	26
15	2	782	33
15	2	1304	13
16	2	261	26
16	2	887	33
16	2	1200	13
17	2	261	26
17	2	730	33
17	2	1148	13
18	2	261	26
18	2	782	33
18	2	1304	13
19	2	261	26
20	2	261	26
20	2	1148	33
20	2	1513	13
21	2	261	26
21	2	730	33
21	2	1148	13
22	2	261	26
22	2	1774	33
23	2	261	26
23	2	782	33
23	2	1148	13
24	2	261	26
24	2	834	33
24	2	1148	13
25	2	261	26
26	2	261	26
26	2	1356	33
26	2	1722	13
27	2	261	26
27	2	834	33
27	2	1148	13
28	2	261	26
28	2	1252	33
28	2	1513	13
29	2	261	26
30	2	261	26
31	2	261	26
31	2	939	33
32	2	261	26
32	2	1669	33
33	2	261	26
33	2	1408	33
34	2	261	26
34	2	1304	33
34	2	1722	13
35	2	261	26
35	2	834	33
35	2	1148	13
36	2	261	26
36	2	834	33
36	2	1304	13
37	2	261	26
37	2	1878	33
38	2	261	26
38	2	1461	33
39	2	261	26
39	2	939	33
39	2	1513	13
40	2	261	26
40	2	730	33
40	2	1148	13
41	2	261	26
41	2	1304	33
41	2	1669	13
42	2	261	26
42	2	1304	33
42	2	1617	13
43	2	261	26
43	2	887	33
43	2	1252	13
44	2	261	26
45	2	261	26
45	2	1200	33
45	2	1513	13
46	2	261	26
46	2	887	33
46	2	1982	13
47	2	261	26
47	2	1774	33
48	2	261	26
49	2	261	26
49	2	939	33
49	2	1304	13
50	2	261	26
51	2	261	26
52	2	261	26
53	2	261	26
53	2	834	33
53	2	1200	13
54	2	261	26
55	2	261	26
55	2	991	33
56	2	261	26
57	2	261	26
57	2	730	33
57	2	1148	13
58	2	261	26
58	2	991	33
58	2	1304	13
59	2	261	26
59	2	782	33
59	2	1148	13
60	2	261	26
61	2	261	26
61	2	991	33
62	2	261	26
62	2	887	33
62	2	1252	13
63	2	261	26
63	2	1304	33
63	2	1565	13
64	2	261	26
65	2	261	26
65	2	1461	33
66	2	261	26
67	2	261	26
67	2	1304	33
67	2	1617	13
68	2	261	26
69	2	261	26
69	2	1513	33
70	2	261	26
71	2	261	26
71	2	1722	33
72	2	261	26
73	2	261	26
74	2	261	26
75	2	261	26
75	2	834	33
75	2	1200	13
76	2	261	26
77	2	261	26
78	2	261	26
79	2	261	26
79	2	1513	33
80	2	261	26
80	2	887	33
80	2	1461	13
81	2	261	26
81	2	991	33
82	2	261	26
82	2	1930	33
83	2	261	26
84	2	261	26
84	2	939	33
85	2	261	26
86	2	261	26
87	2	261	26
87	2	782	33
87	2	1148	13
88	2	261	26
88	2	1200	33
88	2	1513	13
89	2	261	26
89	2	1461	33
90	2	261	26
91	2	261	26
92	2	261	26
92	2	782	33
92	2	1200	13
93	2	261	26
94	2	261	26
95	2	261	26
96	2	261	26
96	2	1669	33
97	2	261	26
98	2	261	26
99	2	261	26
100	2	261	26
101	2	261	26
101	2	1408	33
102	2	261	26
102	2	1356	33
102	2	2087	13
103	2	261	26
104	2	261	26
104	2	991	33
104	2	1356	13
105	2	261	26
106	2	261	26
106	2	1200	33
106	2	1461	13
107	2	261	26
107	2	730	33
107	2	1148	13
108	2	261	26
108	2	887	33
108	2	1461	13
109	2	261	26
110	2	261	26
110	2	782	33
110	2	1148	13
111	2	261	26
111	2	2087	33
112	2	261	26
113	2	261	26
113	2	730	33
113	2	1148	13
114	2	261	26
114	2	991	33
115	2	261	26
116	2	261	26
117	2	261	26
118	2	261	26
119	2	261	26
120	2	261	26
120	2	1774	33
121	2	261	26
122	2	261	26
122	2	782	33
122	2	1148	13
123	2	261	26
124	2	261	26
124	2	782	33
124	2	1148	13
125	2	261	26
125	2	939	33
125	2	1252	13
126	2	261	26
126	2	782	33
126	2	1148	13
127	2	261	26
127	2	782	33
127	2	1148	13
128	2	261	26
128	2	730	33
128	2	1148	13
129	2	261	26
130	2	261	26
130	2	991	33
131	2	261	26
131	2	1148	33
131	2	1461	13
132	2	261	26
132	2	730	33
132	2	1252	13
133	2	261	26
133	2	939	33
133	2	1669	13
134	2	261	26
134	2	1774	33
135	2	261	26
135	2	834	33
135	2	1252	13
136	2	261	26
136	2	730	33
136	2	1148	13
137	2	261	26
137	2	1304	33
137	2	1722	13
138	2	261	26
138	2	678	33
138	2	1148	13
139	2	261	26
139	2	834	33
139	2	1148	13
140	2	261	26
141	2	261	26
141	2	782	33
141	2	1148	13
142	2	261	26
143	2	261	26
144	2	261	26
145	2	261	26
145	2	1826	33
146	2	261	26
146	2	939	33
146	2	1461	13
147	2	261	26
147	2	1148	33
147	2	1565	13
148	2	261	26
149	2	261	26
149	2	730	33
149	2	1148	13
150	2	261	26
150	2	939	33
150	2	1304	13
151	2	261	26
151	2	2243	33
152	2	261	26
152	2	1043	33
152	2	1356	13
153	2	261	26
153	2	2191	33
154	2	261	26
154	2	887	33
154	2	1148	13
155	2	261	26
155	2	730	33
155	2	1148	13
156	2	261	26
156	2	782	33
156	2	1148	13
157	2	261	26
158	2	261	26
158	2	939	33
158	2	1252	13
159	2	261	26
159	2	730	33
159	2	1148	13
160	2	261	26
160	2	1200	33
160	2	1617	13
161	2	261	26
162	2	261	26
162	2	1565	33
163	2	261	26
164	2	261	26
164	2	834	33
164	2	2243	13
165	2	261	26
165	2	939	33
165	2	1200	13
166	2	261	26
167	2	261	26
168	2	261	26
169	2	261	26
169	2	782	33
169	2	2087	13
170	2	261	26
170	2	730	33
170	2	1148	13
171	2	261	26
172	2	261	26
172	2	1565	33
173	2	261	26
174	2	261	26
174	2	1513	33
174	2	2295	13
175	2	261	26
175	2	1148	33
175	2	1461	13
176	2	261	26
176	2	834	33
176	2	1930	13
177	2	261	26
178	2	261	26
179	2	261	26
179	2	991	33
179	2	1356	13
180	2	261	26
181	2	261	26
181	2	730	33
181	2	1148	13
182	2	261	26
183	2	261	26
183	2	834	33
183	2	1148	13
184	2	261	26
185	2	261	26
185	2	939	33
185	2	1252	13
186	2	261	26
187	2	261	26
187	2	1356	33
187	2	1669	13
188	2	261	26
189	2	261	26
189	2	1252	33
189	2	1513	13
190	2	261	26
191	2	261	26
191	2	782	33
192	2	261	26
192	2	1043	33
192	2	1461	13
193	2	261	26
193	2	991	33
193	2	1669	13
194	2	261	26
195	2	261	26
196	2	261	26
196	2	730	33
196	2	1148	13
197	2	261	26
198	2	261	26
198	2	1148	33
198	2	1461	13
199	2	261	26
199	2	834	33
199	2	1148	13
200	2	261	26
200	2	1774	33
201	2	261	26
202	2	261	26
202	2	1565	33
203	2	261	26
203	2	1408	33
203	2	2243	13
204	2	261	26
204	2	887	33
204	2	1356	13
205	2	261	26
206	2	261	26
206	2	730	33
206	2	1148	13
207	2	261	26
207	2	834	33
207	2	1148	13
208	2	261	26
208	2	939	33
208	2	1356	13
209	2	261	26
210	2	261	26
210	2	991	33
210	2	1669	13
211	2	261	26
212	2	261	26
212	2	1617	33
213	2	261	26
214	2	261	26
215	2	261	26
216	2	261	26
217	2	261	26
217	2	1774	33
218	2	261	26
218	2	1252	33
218	2	1617	13
219	2	261	26
220	2	261	26
221	2	261	26
221	2	1356	33
221	2	1826	13
222	2	261	26
223	2	261	26
224	2	261	26
224	2	1617	33
225	2	261	26
225	2	782	33
225	2	1148	13
226	2	261	26
226	2	939	33
226	2	1200	13
227	2	261	26
227	2	2295	33
228	2	261	26
228	2	834	33
228	2	1148	13
229	2	261	26
229	2	1356	33
229	2	1617	13
230	2	261	26
230	2	782	33
230	2	1148	13
231	2	261	26
231	2	678	33
231	2	1148	13
232	2	261	26
232	2	782	33
232	2	1148	13
233	2	261	26
234	2	261	26
235	2	261	26
236	2	261	26
237	2	261	26
238	2	261	26
239	2	261	26
240	2	261	26
240	2	834	33
240	2	1148	13
241	2	261	26
241	2	1252	33
241	2	1513	13
242	2	261	26
242	2	1148	33
242	2	1408	13
243	2	261	26
243	2	730	33
243	2	1148	13
244	2	261	26
244	2	730	33
244	2	1148	13
245	2	261	26
246	2	261	26
247	2	261	26
248	2	261	26
248	2	782	33
248	2	1148	13
249	2	261	26
249	2	730	33
249	2	1148	13
250	2	261	26
250	2	730	33
250	2	1148	13
251	2	261	26
251	2	991	33
251	2	1669	13
252	2	261	26
253	2	261	26
254	2	261	26
255	2	261	26
256	2	261	26
256	2	1356	33
256	2	2191	13
257	2	261	26
257	2	1826	33
258	2	261	26
258	2	730	33
258	2	1148	13
259	2	261	26
259	2	730	33
259	2	1148	13
260	2	261	26
260	2	834	33
260	2	1617	13
261	2	261	26
262	2	261	26
262	2	1356	33
262	2	1669	13
263	2	261	26
264	2	261	26
264	2	939	33
264	2	1930	13
265	2	261	26
265	2	887	33
266	2	261	26
266	2	1148	33
266	2	1669	13
267	2	261	26
267	2	782	33
267	2	1930	13
268	2	261	26
268	2	1513	33
269	2	261	26
269	2	887	33
269	2	1148	13
270	2	261	26
271	2	261	26
271	2	1200	33
271	2	1461	13
272	2	261	26
272	2	782	33
272	2	1148	13
273	2	261	26
274	2	261	26
275	2	261	26
276	2	261	26
277	2	261	26
278	2	261	26
279	2	261	26
280	2	261	26
280	2	2087	33
281	2	261	26
282	2	261	26
283	2	261	26
283	2	1774	33
284	2	261	26
284	2	730	33
284	2	1148	13
285	2	261	26
285	2	1669	33
286	2	261	26
286	2	782	33
286	2	1148	13
287	2	261	26
288	2	261	26
288	2	887	33
288	2	1722	13
289	2	261	26
290	2	261	26
291	2	261	26
292	2	261	26
293	2	261	26
293	2	678	33
293	2	1148	13
294	2	261	26
294	2	834	33
295	2	261	26
296	2	261	26
296	2	887	33
296	2	1148	13
297	2	261	26
298	2	261	26
298	2	1461	33
299	2	261	26
299	2	782	33
300	2	261	26
301	2	261	26
301	2	730	33
301	2	1148	13
302	2	261	26
302	2	991	33
302	2	1461	13
303	2	261	26
303	2	730	33
303	2	1148	13
304	2	261	26
304	2	730	33
304	2	1148	13
305	2	261	26
306	2	261	26
306	2	730	33
306	2	1148	13
307	2	261	26
308	2	261	26
308	2	1826	33
309	2	261	26
309	2	730	33
309	2	1148	13
310	2	261	26
310	2	939	33
310	2	1252	13
311	2	261	26
312	2	261	26
313	2	261	26
314	2	261	26
315	2	261	26
315	2	1252	33
315	2	1513	13
316	2	261	26
317	2	261	26
318	2	261	26
319	2	261	26
320	2	261	26
321	2	261	26
321	2	782	33
321	2	1200	13
322	2	261	26
322	2	887	33
322	2	2191	13
323	2	261	26
324	2	261	26
325	2	261	26
326	2	261	26
326	2	730	33
326	2	1148	13
327	2	261	26
327	2	1617	33
328	2	261	26
329	2	261	26
330	2	261	26
330	2	1304	33
330	2	1565	13
331	2	261	26
331	2	782	33
331	2	1356	13
332	2	261	26
332	2	1043	33
332	2	1356	13
333	2	261	26
333	2	782	33
333	2	1148	13
334	2	261	26
335	2	261	26
335	2	730	33
335	2	1148	13
336	2	261	26
336	2	939	33
336	2	1565	13
337	2	261	26
338	2	261	26
339	2	261	26
339	2	834	33
339	2	1930	13
340	2	261	26
340	2	1774	33
341	2	261	26
341	2	1774	33
342	2	261	26
342	2	782	33
342	2	1148	13
343	2	261	26
343	2	730	33
343	2	1148	13
344	2	261	26
345	2	261	26
345	2	1043	33
345	2	1356	13
346	2	261	26
346	2	991	33
346	2	1304	13
347	2	261	26
347	2	1304	33
348	2	261	26
348	2	887	33
348	2	1200	13
349	2	261	26
349	2	834	33
349	2	1148	13
350	2	261	26
351	2	261	26
351	2	1774	33
352	2	261	26
352	2	1252	33
352	2	1513	13
353	2	261	26
353	2	834	33
353	2	1304	13
354	2	261	26
354	2	730	33
354	2	1148	13
355	2	261	26
355	2	939	33
356	2	261	26
356	2	1722	33
357	2	261	26
357	2	991	33
358	2	261	26
358	2	1669	33
359	2	261	26
360	2	261	26
361	2	261	26
361	2	991	33
361	2	1722	13
362	2	261	26
363	2	261	26
364	2	261	26
364	2	782	33
364	2	2139	13
365	2	261	26
366	2	261	26
366	2	1356	33
366	2	1774	13
367	2	261	26
367	2	887	33
368	2	261	26
368	2	678	33
368	2	1148	13
369	2	261	26
369	2	887	33
369	2	1252	13
370	2	261	26
371	2	261	26
371	2	834	33
371	2	1408	13
372	2	261	26
372	2	1617	33
373	2	261	26
374	2	261	26
375	2	261	26
376	2	261	26
376	2	991	33
377	2	261	26
378	2	261	26
379	2	261	26
379	2	1148	33
379	2	1669	13
380	2	261	26
381	2	261	26
381	2	1930	33
382	2	261	26
382	2	834	33
382	2	2139	13
383	2	261	26
384	2	261	26
384	2	991	33
384	2	1617	13
385	2	261	26
385	2	1722	33
386	2	261	26
386	2	991	33
387	2	261	26
387	2	991	33
387	2	1304	13
388	2	261	26
389	2	261	26
389	2	782	33
389	2	1356	13
390	2	261	26
390	2	730	33
390	2	1148	13
391	2	261	26
391	2	939	33
391	2	1304	13
392	2	261	26
393	2	261	26
393	2	730	33
393	2	1148	13
394	2	261	26
394	2	1408	33
395	2	261	26
396	2	261	26
396	2	730	33
396	2	1148	13
397	2	261	26
397	2	2035	33
398	2	261	26
399	2	261	26
399	2	730	33
399	2	1148	13
400	2	261	26
400	2	991	33
400	2	2191	13
401	2	261	26
402	2	261	26
402	2	1095	33
402	2	1513	13
403	2	261	26
404	2	261	26
404	2	1774	33
405	2	261	26
406	2	261	26
406	2	887	33
406	2	1304	13
407	2	261	26
407	2	1669	33
408	2	261	26
409	2	261	26
410	2	261	26
411	2	261	26
411	2	782	33
411	2	1148	13
412	2	261	26
412	2	782	33
412	2	1148	13
413	2	261	26
413	2	730	33
413	2	1148	13
414	2	261	26
414	2	991	33
414	2	1461	13
415	2	261	26
415	2	887	33
415	2	1304	13
416	2	261	26
417	2	261	26
417	2	939	33
417	2	1669	13
418	2	261	26
418	2	991	33
418	2	1252	13
419	2	261	26
419	2	939	33
419	2	1200	13
420	2	261	26
420	2	1617	33
421	2	261	26
422	2	261	26
423	2	261	26
423	2	1513	33
424	2	261	26
424	2	834	33
424	2	1148	13
425	2	261	26
425	2	1617	33
426	2	261	26
426	2	1565	33
426	2	2191	13
427	2	261	26
428	2	261	26
428	2	834	33
429	2	261	26
429	2	1148	33
429	2	1565	13
430	2	261	26
430	2	834	33
430	2	1513	13
431	2	261	26
431	2	730	33
431	2	1148	13
432	2	261	26
432	2	887	33
432	2	1200	13
433	2	261	26
433	2	1252	33
433	2	1774	13
434	2	261	26
434	2	834	33
434	2	1148	13
435	2	261	26
435	2	782	33
435	2	1148	13
436	2	261	26
436	2	730	33
436	2	1148	13
437	2	261	26
437	2	782	33
437	2	1878	13
438	2	261	26
438	2	1252	33
438	2	1617	13
439	2	261	26
440	2	261	26
440	2	1722	33
441	2	261	26
442	2	261	26
442	2	1356	33
442	2	2295	13
443	2	261	26
444	2	261	26
445	2	261	26
445	2	782	33
445	2	1148	13
446	2	261	26
447	2	261	26
448	2	261	26
449	2	261	26
450	2	261	26
451	2	261	26
451	2	1304	33
451	2	1565	13
452	2	261	26
452	2	939	33
453	2	261	26
453	2	730	33
453	2	1148	13
454	2	261	26
455	2	261	26
455	2	1774	33
456	2	261	26
457	2	261	26
457	2	1461	33
458	2	261	26
459	2	261	26
460	2	261	26
460	2	782	33
460	2	1774	13
461	2	261	26
461	2	782	33
461	2	1148	13
462	2	261	26
462	2	1148	33
463	2	261	26
463	2	991	33
463	2	1252	13
464	2	261	26
464	2	1617	33
465	2	261	26
465	2	834	33
465	2	1774	13
466	2	261	26
466	2	782	33
466	2	1148	13
467	2	261	26
467	2	834	33
467	2	1148	13
468	2	261	26
468	2	730	33
468	2	1252	13
469	2	261	26
469	2	678	33
469	2	1148	13
470	2	261	26
471	2	261	26
472	2	261	26
472	2	887	33
472	2	1408	13
473	2	261	26
473	2	1408	33
473	2	2087	13
474	2	261	26
474	2	834	33
474	2	1148	13
475	2	261	26
476	2	261	26
477	2	261	26
478	2	261	26
479	2	261	26
480	2	261	26
481	2	261	26
481	2	991	33
481	2	1252	13
482	2	261	26
482	2	1461	33
483	2	261	26
484	2	261	26
485	2	261	26
486	2	261	26
487	2	261	26
487	2	782	33
487	2	1148	13
488	2	261	26
489	2	261	26
489	2	730	33
489	2	1148	13
490	2	261	26
490	2	1304	33
490	2	1617	13
491	2	261	26
491	2	1356	33
491	2	2295	13
492	2	261	26
492	2	1617	33
492	2	2295	13
493	2	261	26
494	2	261	26
494	2	887	33
495	2	261	26
495	2	1356	33
495	2	1617	13
496	2	261	26
496	2	1200	33
496	2	1513	13
497	2	261	26
497	2	834	33
497	2	1669	13
498	2	261	26
498	2	1043	33
499	2	261	26
499	2	991	33
500	2	261	26
500	2	782	33
500	2	1148	13
501	2	261	26
502	2	261	26
502	2	1513	33
503	2	261	26
503	2	730	33
503	2	1148	13
504	2	261	26
505	2	261	26
506	2	261	26
507	2	261	26
508	2	261	26
508	2	782	33
508	2	1148	13
509	2	261	26
510	2	261	26
511	2	261	26
512	2	261	26
512	2	1408	33
512	2	1722	13
513	2	261	26
513	2	1565	33
514	2	261	26
514	2	939	33
514	2	1669	13
515	2	261	26
515	2	730	33
515	2	1148	13
516	2	261	26
517	2	261	26
518	2	261	26
518	2	1565	33
519	2	261	26
519	2	887	33
519	2	1200	13
520	2	261	26
520	2	1930	33
521	2	261	26
521	2	782	33
521	2	1148	13
522	2	261	26
522	2	1200	33
522	2	1513	13
523	2	261	26
523	2	834	33
523	2	1148	13
524	2	261	26
525	2	261	26
525	2	939	33
525	2	1304	13
526	2	261	26
527	2	261	26
527	2	730	33
527	2	1148	13
528	2	261	26
528	2	730	33
528	2	1148	13
529	2	261	26
529	2	782	33
529	2	1148	13
530	2	261	26
531	2	261	26
531	2	1565	33
532	2	261	26
532	2	1722	33
533	2	261	26
534	2	261	26
534	2	730	33
534	2	1148	13
535	2	261	26
536	2	261	26
537	2	261	26
537	2	1148	33
537	2	1513	13
538	2	261	26
538	2	730	33
538	2	1148	13
539	2	261	26
539	2	730	33
539	2	1148	13
540	2	261	26
541	2	261	26
541	2	834	33
541	2	1930	13
542	2	261	26
542	2	1774	33
543	2	261	26
543	2	1722	33
544	2	261	26
544	2	991	33
544	2	1356	13
545	2	261	26
546	2	261	26
547	2	261	26
547	2	1095	33
547	2	1356	13
548	2	261	26
549	2	261	26
550	2	261	26
550	2	730	33
550	2	1148	13
551	2	261	26
551	2	782	33
551	2	1148	13
552	2	261	26
553	2	261	26
553	2	1565	33
554	2	261	26
554	2	730	33
554	2	1148	13
555	2	261	26
555	2	782	33
555	2	1148	13
556	2	261	26
556	2	1356	33
556	2	1617	13
557	2	261	26
558	2	261	26
558	2	834	33
558	2	2035	13
559	2	261	26
559	2	1565	33
560	2	261	26
561	2	261	26
562	2	261	26
562	2	1565	33
563	2	261	26
563	2	1200	33
563	2	1461	13
564	2	261	26
565	2	261	26
565	2	834	33
565	2	1148	13
566	2	261	26
566	2	887	33
566	2	1617	13
567	2	261	26
567	2	1722	33
568	2	261	26
568	2	782	33
568	2	1148	13
569	2	261	26
569	2	1513	33
570	2	261	26
571	2	261	26
571	2	782	33
571	2	1148	13
572	2	261	26
573	2	261	26
574	2	261	26
575	2	261	26
575	2	730	33
575	2	1148	13
576	2	261	26
576	2	2295	33
577	2	261	26
577	2	782	33
577	2	1148	13
578	2	261	26
579	2	261	26
580	2	261	26
581	2	261	26
581	2	1617	33
582	2	261	26
582	2	1617	33
583	2	261	26
583	2	782	33
583	2	1148	13
584	2	261	26
584	2	834	33
584	2	1930	13
585	2	261	26
585	2	730	33
585	2	1148	13
586	2	261	26
586	2	1252	33
586	2	1513	13
587	2	261	26
587	2	678	33
587	2	1148	13
588	2	261	26
588	2	991	33
588	2	1565	13
589	2	261	26
589	2	991	33
589	2	1356	13
590	2	261	26
590	2	887	33
590	2	1304	13
591	2	261	26
592	2	261	26
593	2	261	26
594	2	261	26
594	2	1930	33
595	2	261	26
595	2	834	33
595	2	1148	13
596	2	261	26
596	2	1356	33
596	2	1669	13
597	2	261	26
598	2	261	26
598	2	730	33
598	2	1148	13
599	2	261	26
599	2	730	33
599	2	1148	13
600	2	261	26
601	2	261	26
601	2	887	33
601	2	1878	13
602	2	261	26
603	2	261	26
604	2	261	26
604	2	1565	33
604	2	2243	13
605	2	261	26
606	2	261	26
606	2	1304	33
606	2	1565	13
607	2	261	26
607	2	782	33
607	2	1148	13
608	2	261	26
608	2	939	33
608	2	1356	13
609	2	261	26
610	2	261	26
611	2	261	26
611	2	1669	33
612	2	261	26
612	2	1722	33
613	2	261	26
614	2	261	26
614	2	1774	33
615	2	261	26
615	2	2295	33
616	2	261	26
616	2	1722	33
617	2	261	26
618	2	261	26
619	2	261	26
620	2	261	26
620	2	834	33
621	2	261	26
621	2	1461	33
621	2	1722	13
622	2	261	26
622	2	730	33
622	2	1200	13
623	2	261	26
624	2	261	26
624	2	834	33
625	2	261	26
625	2	1669	33
626	2	261	26
626	2	939	33
626	2	1356	13
627	2	261	26
627	2	991	33
627	2	1461	13
628	2	261	26
628	2	1356	33
628	2	1826	13
629	2	261	26
630	2	261	26
630	2	1722	33
631	2	261	26
631	2	1304	33
631	2	1565	13
632	2	261	26
632	2	678	33
632	2	1148	13
633	2	261	26
634	2	261	26
634	2	1774	33
635	2	261	26
636	2	261	26
637	2	261	26
638	2	261	26
639	2	261	26
639	2	939	33
639	2	1200	13
640	2	261	26
641	2	261	26
642	2	261	26
643	2	261	26
644	2	261	26
644	2	991	33
645	2	261	26
645	2	1356	33
645	2	1617	13
646	2	261	26
646	2	834	33
646	2	1148	13
647	2	261	26
648	2	261	26
648	2	1461	33
649	2	261	26
649	2	887	33
649	2	1356	13
650	2	261	26
651	2	261	26
651	2	991	33
652	2	261	26
652	2	1252	33
652	2	1617	13
653	2	261	26
653	2	1252	33
653	2	1617	13
654	2	261	26
655	2	261	26
655	2	1461	33
656	2	261	26
656	2	1200	33
656	2	1722	13
657	2	261	26
657	2	939	33
658	2	261	26
658	2	991	33
658	2	1304	13
659	2	261	26
659	2	1722	33
660	2	261	26
661	2	261	26
661	2	834	33
661	2	1252	13
662	2	261	26
662	2	1356	33
662	2	1617	13
663	2	261	26
664	2	261	26
664	2	939	33
664	2	1252	13
665	2	261	26
665	2	834	33
665	2	1148	13
666	2	261	26
666	2	730	33
666	2	1148	13
667	2	261	26
667	2	834	33
668	2	261	26
668	2	1826	33
669	2	261	26
669	2	1565	33
669	2	2295	13
670	2	261	26
670	2	1617	33
671	2	261	26
672	2	261	26
673	2	261	26
673	2	1774	33
674	2	261	26
674	2	1408	33
674	2	1669	13
675	2	261	26
675	2	1617	33
676	2	261	26
676	2	782	33
676	2	1148	13
677	2	261	26
677	2	1356	33
677	2	1617	13
678	2	261	26
678	2	939	33
678	2	1617	13
679	2	261	26
680	2	261	26
680	2	1513	33
680	2	1774	13
681	2	261	26
682	2	261	26
682	2	991	33
682	2	2295	13
683	2	261	26
684	2	261	26
684	2	1513	33
684	2	2191	13
685	2	261	26
685	2	2191	33
686	2	261	26
686	2	991	33
687	2	261	26
688	2	261	26
689	2	261	26
690	2	261	26
691	2	261	26
691	2	887	33
691	2	1200	13
692	2	261	26
692	2	1148	33
692	2	1408	13
693	2	261	26
693	2	1200	33
693	2	1461	13
694	2	261	26
694	2	991	33
694	2	1513	13
695	2	261	26
695	2	730	33
695	2	1148	13
696	2	261	26
697	2	261	26
697	2	834	33
697	2	1304	13
698	2	261	26
699	2	261	26
699	2	1408	33
699	2	1722	13
700	2	261	26
701	2	261	26
701	2	1408	33
701	2	1826	13
702	2	261	26
703	2	261	26
703	2	834	33
703	2	1148	13
704	2	261	26
705	2	261	26
705	2	1878	33
706	2	261	26
706	2	730	33
706	2	1200	13
707	2	261	26
707	2	991	33
708	2	261	26
708	2	1722	33
709	2	261	26
709	2	939	33
709	2	1356	13
710	2	261	26
710	2	939	33
710	2	1200	13
711	2	261	26
711	2	1722	33
712	2	261	26
712	2	1617	33
713	2	261	26
714	2	261	26
714	2	730	33
714	2	1148	13
715	2	261	26
715	2	1565	33
716	2	261	26
716	2	730	33
716	2	1148	13
717	2	261	26
717	2	1513	33
717	2	2035	13
718	2	261	26
718	2	834	33
718	2	1252	13
719	2	261	26
720	2	261	26
721	2	261	26
721	2	1252	33
721	2	1669	13
722	2	261	26
722	2	730	33
722	2	1148	13
723	2	261	26
724	2	261	26
725	2	261	26
725	2	991	33
725	2	1408	13
726	2	261	26
726	2	1252	33
726	2	1513	13
727	2	261	26
728	2	261	26
729	2	261	26
729	2	887	33
730	2	261	26
730	2	1408	33
731	2	261	26
731	2	782	33
731	2	1148	13
732	2	261	26
732	2	991	33
733	2	261	26
733	2	887	33
733	2	1252	13
734	2	261	26
734	2	782	33
734	2	1148	13
735	2	261	26
736	2	261	26
737	2	261	26
737	2	887	33
737	2	1252	13
738	2	261	26
738	2	991	33
738	2	1252	13
739	2	261	26
739	2	1722	33
740	2	261	26
741	2	261	26
741	2	1304	33
742	2	261	26
742	2	730	33
742	2	1148	13
743	2	261	26
743	2	782	33
743	2	1200	13
744	2	261	26
744	2	1774	33
745	2	261	26
746	2	261	26
747	2	261	26
747	2	1722	33
748	2	261	26
749	2	261	26
750	2	261	26
751	2	261	26
752	2	261	26
752	2	1461	33
752	2	2035	13
753	2	261	26
753	2	782	33
753	2	1148	13
754	2	261	26
754	2	782	33
754	2	1148	13
755	2	261	26
755	2	782	33
755	2	1148	13
756	2	261	26
756	2	834	33
756	2	1148	13
757	2	261	26
758	2	261	26
758	2	678	33
758	2	1148	13
759	2	261	26
760	2	261	26
761	2	261	26
761	2	1722	33
762	2	261	26
762	2	991	33
762	2	1617	13
763	2	261	26
763	2	2295	33
764	2	261	26
765	2	261	26
765	2	782	33
765	2	1461	13
766	2	261	26
766	2	887	33
767	2	261	26
767	2	2139	33
768	2	261	26
769	2	261	26
770	2	261	26
771	2	261	26
771	2	1774	33
772	2	261	26
773	2	261	26
774	2	261	26
774	2	834	33
774	2	1148	13
775	2	261	26
776	2	261	26
776	2	730	33
776	2	1148	13
777	2	261	26
778	2	261	26
778	2	991	33
778	2	2191	13
779	2	261	26
780	2	261	26
781	2	261	26
781	2	1043	33
781	2	1461	13
782	2	261	26
782	2	2087	33
783	2	261	26
784	2	261	26
784	2	782	33
784	2	1356	13
785	2	261	26
786	2	261	26
787	2	261	26
788	2	261	26
788	2	939	33
788	2	1513	13
789	2	261	26
789	2	1669	33
790	2	261	26
790	2	1722	33
791	2	261	26
792	2	261	26
792	2	991	33
793	2	261	26
793	2	730	33
793	2	1148	13
794	2	261	26
794	2	782	33
794	2	1826	13
795	2	261	26
796	2	261	26
797	2	261	26
797	2	834	33
797	2	2035	13
798	2	261	26
798	2	2295	33
799	2	261	26
800	2	261	26
801	2	261	26
802	2	261	26
802	2	1095	33
802	2	1565	13
803	2	261	26
803	2	1043	33
803	2	1461	13
804	2	261	26
804	2	1408	33
805	2	261	26
806	2	261	26
807	2	261	26
807	2	730	33
807	2	1148	13
808	2	261	26
809	2	261	26
810	2	261	26
810	2	730	33
810	2	1148	13
811	2	261	26
811	2	730	33
811	2	1148	13
812	2	261	26
812	2	834	33
812	2	1200	13
813	2	261	26
813	2	1461	33
814	2	261	26
815	2	261	26
815	2	834	33
816	2	261	26
816	2	1774	33
817	2	261	26
818	2	261	26
818	2	1252	33
818	2	1774	13
819	2	261	26
820	2	261	26
821	2	261	26
822	2	261	26
822	2	730	33
822	2	1148	13
823	2	261	26
823	2	678	33
823	2	1148	13
824	2	261	26
824	2	1565	33
825	2	261	26
825	2	1513	33
826	2	261	26
826	2	1565	33
827	2	261	26
828	2	261	26
829	2	261	26
830	2	261	26
831	2	261	26
831	2	991	33
831	2	1252	13
832	2	261	26
832	2	834	33
832	2	1148	13
833	2	261	26
834	2	261	26
834	2	887	33
834	2	1200	13
835	2	261	26
835	2	1565	33
836	2	261	26
837	2	261	26
838	2	261	26
838	2	834	33
838	2	1148	13
839	2	261	26
840	2	261	26
840	2	730	33
840	2	1148	13
841	2	261	26
841	2	939	33
842	2	261	26
842	2	1408	33
842	2	2139	13
843	2	261	26
843	2	782	33
843	2	1148	13
844	2	261	26
845	2	261	26
846	2	261	26
847	2	261	26
847	2	2295	33
848	2	261	26
848	2	678	33
848	2	1148	13
849	2	261	26
850	2	261	26
850	2	887	33
850	2	1148	13
851	2	261	26
852	2	261	26
853	2	261	26
854	2	261	26
854	2	1617	33
855	2	261	26
855	2	991	33
856	2	261	26
856	2	2087	33
857	2	261	26
858	2	261	26
858	2	1304	33
858	2	1669	13
859	2	261	26
860	2	261	26
861	2	261	26
861	2	887	33
862	2	261	26
863	2	261	26
863	2	887	33
863	2	1200	13
864	2	261	26
864	2	782	33
864	2	1148	13
865	2	261	26
865	2	887	33
865	2	1513	13
866	2	261	26
866	2	782	33
866	2	1148	13
867	2	261	26
867	2	1722	33
868	2	261	26
868	2	939	33
868	2	1565	13
869	2	261	26
869	2	1461	33
870	2	261	26
870	2	1774	33
871	2	261	26
871	2	1826	33
872	2	261	26
873	2	261	26
873	2	782	33
873	2	1148	13
874	2	261	26
875	2	261	26
875	2	991	33
875	2	1617	13
876	2	261	26
876	2	834	33
877	2	261	26
877	2	730	33
877	2	1148	13
878	2	261	26
879	2	261	26
879	2	1722	33
880	2	261	26
880	2	730	33
880	2	1148	13
881	2	261	26
882	2	261	26
883	2	261	26
884	2	261	26
884	2	887	33
884	2	2191	13
885	2	261	26
885	2	782	33
885	2	1148	13
886	2	261	26
887	2	261	26
887	2	1304	33
888	2	261	26
889	2	261	26
890	2	261	26
891	2	261	26
891	2	887	33
891	2	1669	13
892	2	261	26
893	2	261	26
893	2	991	33
894	2	261	26
894	2	1252	33
895	2	261	26
895	2	1722	33
896	2	261	26
896	2	887	33
897	2	261	26
897	2	887	33
897	2	1252	13
898	2	261	26
898	2	887	33
898	2	1148	13
899	2	261	26
899	2	887	33
899	2	1148	13
900	2	261	26
900	2	1774	33
901	2	261	26
901	2	730	33
901	2	1148	13
902	2	261	26
902	2	1408	33
902	2	1669	13
903	2	261	26
903	2	887	33
903	2	1200	13
904	2	261	26
905	2	261	26
906	2	261	26
906	2	834	33
907	2	261	26
908	2	261	26
908	2	834	33
908	2	1200	13
909	2	261	26
910	2	261	26
911	2	261	26
912	2	261	26
912	2	887	33
913	2	261	26
914	2	261	26
914	2	1356	33
914	2	1669	13
915	2	261	26
916	2	261	26
916	2	887	33
916	2	1200	13
917	2	261	26
917	2	2191	33
918	2	261	26
919	2	261	26
920	2	261	26
921	2	261	26
922	2	261	26
922	2	1826	33
923	2	261	26
924	2	261	26
924	2	939	33
924	2	1200	13
925	2	261	26
925	2	834	33
926	2	261	26
926	2	991	33
926	2	1408	13
927	2	261	26
927	2	1461	33
928	2	261	26
929	2	261	26
929	2	991	33
929	2	1408	13
930	2	261	26
931	2	261	26
931	2	782	33
931	2	1148	13
932	2	261	26
932	2	1982	33
933	2	261	26
934	2	261	26
934	2	1774	33
935	2	261	26
935	2	887	33
935	2	1461	13
936	2	261	26
936	2	2243	33
937	2	261	26
938	2	261	26
938	2	1722	33
939	2	261	26
940	2	261	26
940	2	1095	33
940	2	1461	13
941	2	261	26
941	2	834	33
941	2	1148	13
942	2	261	26
942	2	782	33
942	2	1148	13
943	2	261	26
944	2	261	26
944	2	1565	33
945	2	261	26
946	2	261	26
946	2	1513	33
947	2	261	26
947	2	834	33
947	2	1148	13
948	2	261	26
948	2	782	33
948	2	1148	13
949	2	261	26
949	2	730	33
949	2	1148	13
950	2	261	26
950	2	730	33
950	2	1148	13
951	2	261	26
952	2	261	26
953	2	261	26
953	2	782	33
953	2	1148	13
954	2	261	26
954	2	730	33
954	2	1148	13
955	2	261	26
956	2	261	26
957	2	261	26
958	2	261	26
959	2	261	26
960	2	261	26
960	2	1252	33
960	2	1669	13
961	2	261	26
961	2	991	33
961	2	1565	13
962	2	261	26
963	2	261	26
963	2	887	33
964	2	261	26
964	2	887	33
964	2	1148	13
965	2	261	26
965	2	1617	33
966	2	261	26
966	2	782	33
966	2	1252	13
967	2	261	26
968	2	261	26
968	2	1461	33
969	2	261	26
969	2	1304	33
969	2	1669	13
970	2	261	26
971	2	261	26
971	2	887	33
971	2	1304	13
972	2	261	26
972	2	730	33
972	2	1148	13
973	2	261	26
974	2	261	26
974	2	991	33
975	2	261	26
976	2	261	26
976	2	1148	33
976	2	1461	13
977	2	261	26
978	2	261	26
978	2	834	33
978	2	1200	13
979	2	261	26
980	2	261	26
981	2	261	26
981	2	1356	33
981	2	1617	13
982	2	261	26
982	2	991	33
983	2	261	26
983	2	782	33
983	2	1148	13
984	2	261	26
984	2	1565	33
985	2	261	26
985	2	1669	33
986	2	261	26
987	2	261	26
988	2	261	26
988	2	1252	33
989	2	261	26
989	2	782	33
989	2	2035	13
990	2	261	26
991	2	261	26
992	2	261	26
993	2	261	26
994	2	261	26
995	2	261	26
995	2	730	33
995	2	1148	13
996	2	261	26
997	2	261	26
998	2	261	26
998	2	991	33
998	2	1252	13
999	2	261	26
0	3	678	29
0	3	939	20
0	3	1565	30
0	3	2295	9
1	3	678	29
1	3	939	20
2	3	521	29
3	3	1148	29
3	3	1722	30
3	3	1982	20
4	3	834	29
4	3	1095	20
4	3	1461	30
4	3	1722	9
4	3	2035	12
5	3	834	29
6	3	574	29
6	3	1826	30
6	3	2087	20
7	3	887	29
7	3	1408	20
7	3	1617	30
8	3	626	29
8	3	1304	20
8	3	1356	30
8	3	1669	9
9	3	1930	29
10	3	678	29
10	3	939	20
10	3	1930	30
12	3	1095	29
13	3	991	29
14	3	678	29
14	3	939	20
14	3	1617	30
15	3	730	29
15	3	1461	20
15	3	2035	30
16	3	730	29
16	3	1200	20
16	3	1669	30
17	3	730	29
17	3	991	20
18	3	469	29
18	3	939	20
18	3	1826	30
19	3	1826	29
20	3	574	29
20	3	1408	20
20	3	1461	30
20	3	2243	9
21	3	678	29
21	3	939	20
21	3	2243	30
22	3	834	29
22	3	2087	30
23	3	730	29
23	3	991	20
23	3	1774	30
24	3	730	29
24	3	991	20
24	3	1774	30
24	3	2139	9
25	3	1565	29
26	3	626	29
26	3	1565	30
26	3	1878	20
27	3	678	29
27	3	1148	20
27	3	1826	30
28	3	678	29
28	3	1304	20
28	3	1356	30
28	3	1722	9
29	3	782	29
29	3	2139	30
30	3	1252	29
30	3	1982	30
30	3	2243	20
31	3	834	29
32	3	1095	29
32	3	1669	30
32	3	1930	20
33	3	574	29
33	3	1982	30
34	3	678	29
34	3	1408	20
34	3	1565	30
35	3	782	29
35	3	1148	20
35	3	1774	30
35	3	2295	9
36	3	782	29
36	3	1148	20
37	3	1304	29
38	3	939	29
39	3	887	29
39	3	1408	20
39	3	2087	30
40	3	626	29
40	3	887	20
40	3	1356	30
40	3	1617	9
40	3	1930	12
41	3	678	29
41	3	1513	30
41	3	1774	20
41	3	2295	9
42	3	678	29
42	3	1461	30
42	3	1722	20
43	3	521	29
43	3	1200	20
43	3	1356	30
44	3	1565	29
45	3	1043	29
45	3	1408	20
45	3	1722	30
46	3	782	29
46	3	2191	30
47	3	1043	29
48	3	1982	29
49	3	521	29
49	3	1148	20
49	3	1304	30
49	3	1722	9
50	3	1513	29
51	3	1513	29
52	3	887	29
53	3	782	29
53	3	1095	20
53	3	1461	30
53	3	1722	9
53	3	2295	12
55	3	887	29
56	3	1095	29
57	3	730	29
57	3	991	20
57	3	1408	9
57	3	2295	30
58	3	574	29
58	3	1200	20
58	3	1304	30
58	3	1669	9
59	3	834	29
59	3	1095	20
59	3	2295	9
60	3	1043	29
61	3	834	29
62	3	887	29
62	3	1200	20
62	3	1826	9
63	3	626	29
63	3	1304	20
63	3	1461	30
64	3	1878	29
65	3	678	29
65	3	1722	30
66	3	1304	29
66	3	1930	30
67	3	730	29
67	3	1304	20
67	3	1461	30
68	3	1408	29
69	3	834	29
69	3	1565	30
70	3	626	29
71	3	1095	29
71	3	1722	30
73	3	1669	29
74	3	782	29
74	3	2295	30
75	3	730	29
75	3	1095	20
76	3	1356	29
77	3	1408	29
78	3	1252	29
79	3	730	29
79	3	1826	30
79	3	2295	20
80	3	782	29
80	3	1878	20
80	3	2087	30
81	3	574	29
81	3	2087	30
82	3	626	29
82	3	2087	30
83	3	1043	29
83	3	2295	30
84	3	887	29
84	3	2295	30
85	3	1617	29
86	3	1043	29
86	3	2295	30
87	3	469	29
87	3	887	20
87	3	1095	30
87	3	1461	9
87	3	1930	12
88	3	678	29
88	3	1408	30
88	3	1669	20
89	3	730	29
89	3	1617	30
89	3	1878	20
90	3	1304	29
91	3	626	29
92	3	730	29
92	3	991	20
92	3	1930	30
93	3	1252	29
94	3	1826	29
95	3	834	29
95	3	2139	30
96	3	939	29
96	3	1565	20
96	3	1826	30
97	3	1095	29
98	3	1617	29
99	3	991	29
99	3	2035	30
99	3	2295	20
100	3	1252	29
101	3	626	29
102	3	626	29
102	3	1669	30
102	3	1930	20
103	3	834	29
104	3	521	29
104	3	1252	20
104	3	1304	30
105	3	2243	29
106	3	678	29
106	3	1200	20
106	3	1356	30
106	3	1669	9
107	3	626	29
107	3	887	20
107	3	1565	30
107	3	1826	9
108	3	887	29
108	3	1565	20
109	3	1200	29
109	3	2295	30
110	3	782	29
110	3	1095	20
110	3	1774	9
111	3	939	29
112	3	678	29
112	3	2295	30
113	3	730	29
113	3	991	20
114	3	1200	29
115	3	1356	29
116	3	1408	29
116	3	2139	30
117	3	1356	29
117	3	2191	30
118	3	1148	29
118	3	2035	30
119	3	1148	29
119	3	1930	30
119	3	2295	20
120	3	730	29
120	3	2191	30
121	3	1252	29
122	3	782	29
122	3	1043	20
122	3	1669	9
123	3	1878	29
124	3	730	29
124	3	991	20
124	3	2087	30
125	3	521	29
125	3	1200	20
125	3	1252	30
125	3	1774	9
126	3	678	29
126	3	939	20
126	3	1461	30
126	3	1722	9
127	3	834	29
127	3	1095	20
127	3	1722	9
128	3	626	29
128	3	887	20
128	3	1408	30
128	3	1669	9
129	3	1043	29
130	3	521	29
131	3	626	29
131	3	1356	30
131	3	1617	20
131	3	1878	9
132	3	782	29
132	3	2139	20
133	3	991	29
133	3	1565	20
134	3	730	29
134	3	1774	20
134	3	1878	30
135	3	730	29
135	3	1200	20
135	3	1878	30
135	3	2295	9
136	3	730	29
136	3	991	20
136	3	1252	9
136	3	1565	12
136	3	1774	30
137	3	626	29
137	3	1565	30
137	3	1826	20
138	3	678	29
138	3	939	20
138	3	1617	9
138	3	1930	12
138	3	2139	30
139	3	834	29
139	3	1095	20
139	3	1408	9
139	3	1774	12
139	3	1878	30
140	3	1722	29
141	3	834	29
141	3	1095	20
141	3	1408	9
141	3	1774	12
142	3	782	29
142	3	2191	30
143	3	1200	29
143	3	1982	30
145	3	1095	29
145	3	1722	30
145	3	2035	20
146	3	782	29
146	3	1408	20
146	3	1826	30
147	3	939	29
147	3	1461	20
147	3	1774	30
148	3	1304	29
149	3	782	29
149	3	1043	20
149	3	1513	9
150	3	521	29
150	3	1304	20
150	3	1408	30
151	3	834	29
151	3	2035	30
152	3	574	29
152	3	1252	20
152	3	1356	30
152	3	1722	9
153	3	626	29
153	3	2295	30
154	3	834	29
154	3	1095	20
154	3	1408	30
154	3	1669	9
155	3	626	29
155	3	939	20
155	3	1617	30
155	3	1878	9
156	3	782	29
156	3	1043	20
156	3	1774	9
158	3	521	29
158	3	1200	20
158	3	1356	30
158	3	1722	9
159	3	626	29
159	3	887	20
159	3	1408	30
159	3	1669	9
160	3	678	29
160	3	1461	20
160	3	1513	30
161	3	1565	29
162	3	991	29
162	3	1565	30
162	3	1826	20
163	3	1095	29
164	3	834	29
164	3	2087	20
165	3	521	29
165	3	1200	20
165	3	1252	30
166	3	1774	29
167	3	1095	29
167	3	2243	30
169	3	678	29
169	3	939	20
170	3	678	29
170	3	939	20
170	3	1356	30
170	3	1617	9
171	3	834	29
172	3	1043	29
172	3	1617	30
172	3	1878	20
173	3	1252	29
173	3	2295	30
174	3	782	29
174	3	1617	30
174	3	1878	20
175	3	574	29
175	3	1356	20
175	3	1461	30
175	3	2087	9
176	3	730	29
176	3	2139	20
177	3	1669	29
178	3	1982	29
179	3	782	29
179	3	1200	20
179	3	1722	30
179	3	2295	9
180	3	1878	29
181	3	730	29
181	3	991	20
182	3	678	29
183	3	782	29
183	3	1200	20
183	3	1774	30
184	3	1043	29
185	3	834	29
185	3	1148	20
185	3	1513	30
185	3	1774	9
186	3	2139	29
187	3	678	29
187	3	1513	20
187	3	1565	30
188	3	1095	29
188	3	2295	30
189	3	626	29
189	3	1408	20
189	3	1461	30
189	3	2035	9
190	3	1043	29
190	3	2035	20
190	3	2243	30
191	3	730	29
192	3	991	29
192	3	1252	20
192	3	1669	30
193	3	574	29
193	3	1513	20
193	3	1617	30
193	3	2139	9
194	3	678	29
196	3	678	29
196	3	939	20
196	3	1200	30
196	3	1461	9
196	3	1774	12
198	3	626	29
198	3	1356	20
198	3	1408	30
198	3	2139	9
199	3	730	29
199	3	991	20
199	3	1617	30
199	3	1878	9
200	3	1095	29
200	3	1722	30
200	3	2087	20
201	3	1774	29
202	3	887	29
202	3	1513	20
202	3	1669	30
203	3	782	29
203	3	1565	20
203	3	1617	30
204	3	887	29
204	3	1200	20
205	3	1200	29
205	3	1982	30
206	3	678	29
206	3	939	20
206	3	1200	30
206	3	1461	9
206	3	1774	12
207	3	678	29
207	3	1095	20
207	3	1722	30
207	3	2295	9
208	3	521	29
208	3	1408	30
208	3	1669	20
209	3	2191	29
210	3	574	29
210	3	1513	20
210	3	1617	30
211	3	1513	29
212	3	782	29
212	3	1722	20
212	3	1982	30
213	3	1565	29
214	3	782	29
215	3	1148	29
215	3	1826	30
216	3	939	29
217	3	1095	29
217	3	1722	30
217	3	2191	20
218	3	678	29
218	3	1408	20
218	3	1461	30
219	3	2139	29
220	3	1356	29
221	3	678	29
221	3	1565	30
221	3	1826	20
222	3	1826	29
223	3	730	29
224	3	782	29
224	3	1826	30
224	3	2087	20
225	3	834	29
225	3	1095	20
225	3	1408	9
225	3	1774	12
225	3	2139	30
226	3	521	29
226	3	1200	20
226	3	1252	30
226	3	1617	9
227	3	991	29
227	3	2295	20
228	3	730	29
228	3	991	20
228	3	1461	30
228	3	1722	9
229	3	678	29
229	3	1408	20
229	3	1513	30
230	3	678	29
230	3	939	20
230	3	2295	30
231	3	678	29
231	3	939	20
232	3	834	29
232	3	1095	20
232	3	1565	9
233	3	1252	29
233	3	1878	30
235	3	1461	29
236	3	887	29
236	3	2243	30
237	3	782	29
239	3	1148	29
240	3	782	29
240	3	1095	20
240	3	1513	30
240	3	2035	9
241	3	678	29
241	3	1408	30
241	3	1669	20
242	3	991	29
242	3	1356	20
242	3	1617	30
243	3	678	29
243	3	939	20
243	3	1304	30
243	3	1565	9
243	3	1930	12
244	3	469	29
244	3	939	20
244	3	1252	30
245	3	1095	29
245	3	1982	30
246	3	1982	29
248	3	782	29
248	3	1043	20
249	3	678	29
249	3	939	20
250	3	678	29
250	3	939	20
250	3	1356	30
250	3	1617	9
250	3	2191	12
251	3	574	29
251	3	1513	20
251	3	1617	30
252	3	1304	29
253	3	782	29
253	3	2087	30
255	3	887	29
256	3	730	29
256	3	1461	20
256	3	1617	30
257	3	1043	29
257	3	1826	30
258	3	678	29
258	3	939	20
258	3	1878	30
259	3	730	29
259	3	1356	20
260	3	782	29
260	3	1878	20
260	3	1982	30
262	3	834	29
262	3	1408	20
262	3	1513	30
263	3	782	29
264	3	991	29
265	3	730	29
266	3	574	29
266	3	1513	20
266	3	1617	30
267	3	678	29
267	3	939	20
267	3	2295	30
268	3	939	29
268	3	1513	20
268	3	1565	30
269	3	730	29
269	3	1148	20
269	3	1565	30
270	3	730	29
271	3	574	29
271	3	1408	30
271	3	1669	20
271	3	2191	9
272	3	678	29
272	3	991	20
272	3	1356	30
272	3	1617	9
272	3	1930	12
273	3	2243	29
274	3	1095	29
275	3	1565	29
276	3	2139	29
277	3	730	29
277	3	2295	30
278	3	1513	29
279	3	1148	29
280	3	678	29
280	3	2087	30
282	3	1513	29
283	3	1095	29
283	3	1722	30
283	3	2295	20
284	3	730	29
284	3	991	20
284	3	1304	9
284	3	1669	12
284	3	2035	30
285	3	1095	29
285	3	1617	20
285	3	1669	30
286	3	730	29
286	3	991	20
286	3	1513	30
286	3	1774	9
286	3	2087	12
287	3	1148	29
288	3	887	29
289	3	1878	29
291	3	1095	29
292	3	1408	29
292	3	2243	30
293	3	626	29
293	3	887	20
293	3	1252	30
293	3	1513	9
293	3	2139	12
294	3	887	29
295	3	1043	29
295	3	2035	30
295	3	2295	20
296	3	730	29
296	3	1148	20
297	3	1304	29
298	3	782	29
298	3	1669	30
299	3	782	29
300	3	991	29
300	3	2243	30
301	3	626	29
301	3	887	20
301	3	1878	30
302	3	678	29
302	3	1408	20
302	3	1826	30
303	3	730	29
303	3	991	20
303	3	1356	9
303	3	1669	12
303	3	1982	30
304	3	730	29
304	3	991	20
306	3	730	29
306	3	991	20
306	3	1565	9
307	3	626	29
308	3	626	29
309	3	678	29
309	3	939	20
309	3	1252	30
309	3	1513	9
309	3	1826	12
310	3	834	29
310	3	1200	20
310	3	1513	30
310	3	1774	9
310	3	2295	12
311	3	834	29
312	3	991	29
312	3	2035	30
313	3	678	29
314	3	1200	29
315	3	626	29
315	3	1408	20
315	3	1461	30
316	3	1982	29
317	3	1200	29
318	3	1461	29
319	3	1617	29
320	3	1252	29
321	3	730	29
321	3	991	20
322	3	521	29
322	3	1878	30
322	3	2139	20
323	3	1826	29
324	3	1304	29
325	3	1200	29
325	3	2243	30
326	3	678	29
326	3	939	20
326	3	1982	30
327	3	1043	29
327	3	1617	30
327	3	2139	20
328	3	782	29
328	3	2295	30
329	3	1356	29
330	3	678	29
330	3	1356	20
330	3	1461	30
331	3	730	29
331	3	1669	20
331	3	2191	30
332	3	887	29
332	3	1356	20
332	3	1617	30
333	3	782	29
333	3	1043	20
333	3	2243	9
334	3	1148	29
335	3	678	29
335	3	939	20
335	3	1878	30
336	3	730	29
336	3	1408	20
336	3	1878	30
337	3	834	29
337	3	2295	30
338	3	991	29
339	3	834	29
339	3	2087	20
340	3	1095	29
340	3	1722	30
341	3	1095	29
341	3	1722	30
341	3	1982	20
342	3	782	29
342	3	1043	20
342	3	1408	9
343	3	678	29
343	3	939	20
343	3	1513	30
343	3	1774	9
344	3	1878	29
345	3	574	29
345	3	1304	20
345	3	1356	30
346	3	521	29
346	3	1148	20
346	3	1252	30
346	3	1617	9
347	3	782	29
347	3	1565	20
348	3	730	29
348	3	1200	20
348	3	1774	30
349	3	782	29
349	3	1043	20
349	3	1356	30
349	3	1617	9
350	3	1982	29
351	3	887	29
352	3	574	29
352	3	1408	20
352	3	1461	30
353	3	782	29
353	3	1356	20
354	3	626	29
354	3	887	20
354	3	1252	30
354	3	1513	9
354	3	1826	12
355	3	834	29
356	3	782	29
356	3	1826	30
356	3	2243	20
357	3	939	29
358	3	939	29
358	3	1722	30
358	3	2139	20
360	3	678	29
360	3	2243	30
361	3	991	29
361	3	1304	20
361	3	2295	9
362	3	1878	29
364	3	730	29
365	3	1565	29
366	3	730	29
366	3	1513	20
366	3	1565	30
367	3	887	29
368	3	626	29
368	3	887	20
368	3	1252	30
368	3	1513	9
368	3	1826	12
369	3	887	29
369	3	1148	20
369	3	1669	9
370	3	782	29
371	3	887	29
371	3	1200	20
372	3	782	29
372	3	1669	20
372	3	1722	30
373	3	834	29
374	3	1461	29
374	3	2191	30
375	3	1252	29
376	3	991	29
377	3	1252	29
377	3	2035	30
377	3	2295	20
378	3	1043	29
378	3	2243	30
379	3	782	29
379	3	1408	20
380	3	1826	29
381	3	626	29
381	3	2035	30
382	3	782	29
382	3	2191	30
383	3	1304	29
384	3	887	29
384	3	1461	20
385	3	626	29
386	3	521	29
387	3	834	29
387	3	1148	20
387	3	1513	30
387	3	1774	9
388	3	2035	29
389	3	782	29
389	3	1408	20
390	3	678	29
390	3	939	20
390	3	1826	30
391	3	678	29
391	3	1200	20
391	3	1722	30
391	3	2295	9
392	3	939	29
392	3	2139	30
393	3	574	29
393	3	887	20
393	3	1722	30
394	3	626	29
394	3	2087	30
395	3	1043	29
396	3	730	29
396	3	991	20
396	3	1252	9
396	3	1565	12
396	3	1774	30
397	3	1148	29
397	3	1722	30
397	3	2191	20
398	3	574	29
399	3	782	29
399	3	1043	20
400	3	574	29
400	3	1565	20
400	3	1774	30
401	3	2139	29
402	3	1043	29
402	3	1408	20
402	3	1774	30
403	3	1878	29
404	3	782	29
404	3	1982	30
404	3	2295	20
405	3	1043	29
405	3	2139	30
406	3	887	29
406	3	1304	20
407	3	1095	29
407	3	1669	30
409	3	991	29
410	3	887	29
410	3	2087	30
411	3	469	29
411	3	887	20
411	3	1095	30
411	3	1408	9
411	3	1930	12
412	3	834	29
412	3	1095	20
412	3	1356	9
412	3	1669	12
412	3	1826	30
413	3	730	29
413	3	991	20
413	3	1356	9
413	3	1669	12
413	3	1982	30
414	3	574	29
414	3	1356	20
414	3	1408	30
414	3	2087	9
415	3	887	29
415	3	1148	20
416	3	1356	29
417	3	730	29
417	3	1669	20
417	3	1982	30
418	3	574	29
418	3	1148	20
418	3	1252	30
418	3	1565	9
419	3	521	29
419	3	1095	20
419	3	1252	30
419	3	1669	9
420	3	782	29
420	3	1722	30
420	3	2087	20
421	3	1878	29
422	3	834	29
423	3	1043	29
423	3	1513	20
423	3	1617	30
424	3	678	29
424	3	939	20
424	3	1408	30
424	3	1669	9
424	3	1982	12
425	3	1043	29
425	3	2243	30
426	3	1043	29
426	3	1617	30
426	3	1878	20
427	3	2035	29
428	3	730	29
429	3	574	29
429	3	1408	30
429	3	1669	20
430	3	834	29
430	3	1408	20
431	3	678	29
431	3	939	20
431	3	1513	30
432	3	939	29
432	3	1200	20
432	3	2087	9
433	3	626	29
433	3	1617	30
433	3	2035	20
434	3	834	29
434	3	1095	20
434	3	1513	9
434	3	1878	12
434	3	2035	30
435	3	730	29
435	3	991	20
435	3	1513	30
435	3	1774	9
436	3	730	29
436	3	991	20
436	3	1408	9
437	3	782	29
437	3	1826	20
438	3	626	29
438	3	1304	20
438	3	1408	30
439	3	887	29
440	3	678	29
440	3	2035	30
440	3	2295	20
441	3	1722	29
442	3	626	29
442	3	1774	20
442	3	1826	30
443	3	678	29
444	3	1565	29
445	3	782	29
445	3	1095	20
445	3	2139	9
446	3	678	29
446	3	2191	30
447	3	1565	29
448	3	939	29
449	3	2035	29
450	3	2191	29
451	3	730	29
451	3	1408	30
451	3	1669	20
451	3	2139	9
452	3	521	29
452	3	2087	30
453	3	782	29
453	3	1043	20
453	3	1356	9
453	3	1774	12
454	3	1252	29
455	3	1095	29
455	3	1722	30
455	3	2035	20
456	3	1252	29
456	3	2035	30
457	3	678	29
458	3	1565	29
459	3	939	29
460	3	678	29
460	3	939	20
460	3	2243	30
461	3	782	29
461	3	1095	20
461	3	1878	9
462	3	574	29
462	3	1826	30
463	3	574	29
463	3	1148	20
463	3	1252	30
463	3	1617	9
464	3	834	29
464	3	1565	20
464	3	1669	30
465	3	678	29
465	3	2139	30
466	3	782	29
466	3	1043	20
467	3	678	29
467	3	939	20
467	3	2035	30
468	3	626	29
468	3	939	20
468	3	2087	30
469	3	730	29
469	3	991	20
469	3	1565	9
470	3	1408	29
471	3	1043	29
471	3	2139	30
472	3	887	29
472	3	1513	20
473	3	678	29
473	3	1513	20
473	3	1669	30
474	3	782	29
474	3	1043	20
474	3	1461	30
475	3	887	29
475	3	2191	30
476	3	1252	29
477	3	887	29
478	3	626	29
480	3	730	29
481	3	834	29
481	3	1148	20
481	3	1461	30
481	3	1722	9
482	3	834	29
483	3	1669	29
484	3	1982	29
485	3	1095	29
485	3	2243	30
486	3	1200	29
486	3	1930	30
486	3	2243	20
487	3	782	29
487	3	1148	20
488	3	1252	29
489	3	730	29
489	3	991	20
489	3	1356	9
489	3	1774	12
490	3	730	29
490	3	1408	20
490	3	1461	30
490	3	1878	9
491	3	939	29
491	3	2087	30
492	3	939	29
492	3	1565	20
492	3	1617	30
492	3	2243	9
493	3	678	29
494	3	939	29
495	3	782	29
495	3	1461	30
495	3	1722	20
496	3	678	29
496	3	1356	20
496	3	1408	30
496	3	2035	9
497	3	678	29
498	3	1043	29
499	3	574	29
500	3	678	29
500	3	939	20
500	3	1304	30
500	3	1565	9
500	3	1878	12
501	3	1252	29
501	3	2139	30
502	3	730	29
502	3	1669	30
502	3	2191	20
503	3	626	29
503	3	887	20
503	3	1252	30
503	3	1513	9
503	3	1826	12
505	3	1252	29
505	3	2191	30
506	3	1043	29
507	3	1617	29
508	3	834	29
508	3	1095	20
508	3	1513	9
508	3	2087	30
510	3	1930	29
512	3	887	29
512	3	1461	20
512	3	1513	30
513	3	939	29
513	3	1669	30
514	3	887	29
514	3	1565	20
514	3	1930	30
515	3	678	29
515	3	939	20
515	3	1617	30
515	3	1878	9
515	3	2191	12
516	3	1304	29
516	3	2087	30
517	3	1252	29
517	3	2035	30
518	3	939	29
518	3	1669	30
519	3	521	29
519	3	1200	20
519	3	1304	30
519	3	1722	9
520	3	887	29
520	3	2139	20
521	3	782	29
521	3	1043	20
521	3	1461	9
522	3	730	29
522	3	1356	20
522	3	1408	30
522	3	1774	9
523	3	730	29
523	3	1148	20
523	3	1826	30
524	3	2035	29
525	3	574	29
525	3	1148	20
525	3	1252	30
525	3	1565	9
526	3	1878	29
527	3	678	29
527	3	939	20
528	3	730	29
528	3	991	20
529	3	678	29
529	3	939	20
529	3	1252	30
529	3	1513	9
529	3	1826	12
530	3	1252	29
530	3	1826	30
530	3	2243	20
531	3	1043	29
531	3	1617	30
531	3	1878	20
532	3	887	29
532	3	1774	30
533	3	1982	29
534	3	678	29
534	3	939	20
534	3	1356	30
534	3	1617	9
534	3	2191	12
535	3	1565	29
536	3	1252	29
536	3	2191	30
537	3	574	29
537	3	1461	20
537	3	1513	30
538	3	782	29
538	3	1043	20
539	3	678	29
539	3	939	20
540	3	1878	29
541	3	521	29
541	3	1826	30
541	3	2087	20
542	3	887	29
543	3	1095	29
543	3	1669	30
543	3	1930	20
544	3	574	29
544	3	1148	20
544	3	1252	30
544	3	1617	9
544	3	2139	12
545	3	730	29
546	3	1148	29
546	3	1774	30
547	3	939	29
547	3	1304	20
547	3	1617	30
547	3	1878	9
548	3	1304	29
549	3	1252	29
550	3	730	29
550	3	991	20
550	3	1356	9
550	3	1669	12
550	3	1982	30
551	3	678	29
551	3	939	20
551	3	1408	30
551	3	1669	9
551	3	2087	12
552	3	1304	29
553	3	730	29
553	3	1774	30
553	3	2139	20
554	3	626	29
554	3	887	20
554	3	1565	30
554	3	1878	9
555	3	730	29
555	3	991	20
555	3	1252	30
555	3	1513	9
555	3	1826	12
556	3	730	29
556	3	1408	20
556	3	1461	30
557	3	1356	29
558	3	469	29
558	3	1930	30
559	3	939	29
559	3	1617	20
559	3	1669	30
560	3	1304	29
561	3	782	29
562	3	991	29
562	3	1617	20
562	3	1669	30
563	3	678	29
563	3	1408	30
563	3	1669	20
564	3	1304	29
564	3	2191	30
565	3	834	29
565	3	1095	20
565	3	1513	9
565	3	2035	30
566	3	521	29
566	3	1461	20
566	3	1722	30
567	3	678	29
568	3	730	29
568	3	991	20
568	3	1408	30
568	3	1669	9
569	3	887	29
569	3	1669	30
570	3	1304	29
571	3	730	29
571	3	1095	20
571	3	1878	30
572	3	1408	29
573	3	2295	29
574	3	1043	29
575	3	574	29
575	3	834	20
575	3	1252	30
575	3	1513	9
576	3	1095	29
576	3	1982	30
577	3	834	29
577	3	1095	20
578	3	991	29
578	3	2139	30
579	3	782	29
580	3	1930	29
581	3	1043	29
581	3	1669	30
581	3	1930	20
581	3	2295	9
582	3	678	29
582	3	1878	30
583	3	730	29
583	3	991	20
583	3	1252	30
583	3	1513	9
583	3	1826	12
584	3	834	29
585	3	678	29
585	3	939	20
585	3	1200	30
585	3	1461	9
585	3	1774	12
586	3	678	29
586	3	1304	20
586	3	1408	30
586	3	1722	9
587	3	678	29
587	3	939	20
587	3	1304	9
587	3	1722	12
588	3	939	29
588	3	1461	20
588	3	1982	30
589	3	574	29
589	3	1252	20
589	3	1408	30
590	3	730	29
590	3	1148	20
590	3	1774	30
591	3	1461	29
593	3	678	29
594	3	730	29
594	3	1982	30
595	3	782	29
595	3	1043	20
595	3	1356	30
595	3	1617	9
595	3	1930	12
596	3	678	29
596	3	1461	20
596	3	1513	30
597	3	678	29
598	3	730	29
598	3	991	20
599	3	730	29
599	3	991	20
600	3	1513	29
601	3	887	29
602	3	1200	29
603	3	730	29
604	3	730	29
604	3	1669	30
604	3	1930	20
605	3	1043	29
605	3	2295	30
606	3	626	29
606	3	1356	20
606	3	1461	30
607	3	782	29
607	3	1095	20
607	3	2295	9
608	3	521	29
608	3	1252	20
608	3	1356	30
610	3	2191	29
611	3	678	29
611	3	1878	30
612	3	1095	29
612	3	1722	30
613	3	1252	29
614	3	1095	29
614	3	1722	20
614	3	1774	30
615	3	834	29
615	3	2295	30
616	3	991	29
616	3	1722	30
617	3	1878	29
618	3	1930	29
619	3	939	29
620	3	834	29
621	3	991	29
621	3	1513	20
621	3	1565	30
622	3	678	29
622	3	939	20
623	3	1043	29
623	3	2295	30
624	3	521	29
624	3	2243	30
625	3	1043	29
625	3	1669	30
626	3	521	29
626	3	1304	30
626	3	1565	20
627	3	574	29
627	3	1408	20
627	3	1461	30
628	3	626	29
628	3	1513	20
628	3	1617	30
629	3	834	29
629	3	2243	30
630	3	782	29
630	3	1878	30
630	3	2139	20
631	3	626	29
631	3	1408	20
631	3	1461	30
631	3	2191	9
632	3	730	29
632	3	991	20
633	3	1513	29
634	3	1148	29
634	3	1774	30
635	3	1356	29
636	3	2191	29
637	3	1043	29
638	3	1826	29
639	3	521	29
639	3	1095	20
639	3	1200	30
639	3	1565	9
640	3	730	29
641	3	574	29
642	3	1095	29
643	3	2243	29
644	3	887	29
645	3	730	29
645	3	1461	20
645	3	1513	30
646	3	678	29
646	3	991	20
646	3	1408	30
646	3	1669	9
647	3	1408	29
648	3	782	29
648	3	1669	30
649	3	887	29
649	3	1304	20
650	3	1408	29
650	3	2243	30
651	3	574	29
652	3	574	29
652	3	1513	30
652	3	1774	20
653	3	991	29
653	3	1408	20
653	3	1930	30
654	3	782	29
655	3	730	29
655	3	1722	30
655	3	1982	20
656	3	626	29
656	3	1617	30
656	3	1878	20
657	3	521	29
658	3	939	29
658	3	1200	20
658	3	1513	30
658	3	1774	9
659	3	1095	29
659	3	1722	30
660	3	834	29
661	3	887	29
661	3	1200	20
662	3	678	29
662	3	1461	20
662	3	1513	30
663	3	991	29
664	3	887	29
664	3	1148	20
664	3	1565	30
664	3	1826	9
664	3	2191	12
665	3	834	29
665	3	1148	20
666	3	678	29
666	3	939	20
666	3	1982	30
666	3	2295	9
667	3	521	29
668	3	939	29
668	3	1774	20
668	3	1826	30
669	3	730	29
669	3	1722	20
669	3	1774	30
670	3	834	29
670	3	1774	30
670	3	2035	20
671	3	1148	29
672	3	834	29
672	3	2087	30
673	3	730	29
673	3	2087	30
674	3	678	29
674	3	1461	20
674	3	1513	30
675	3	1043	29
675	3	1565	30
676	3	834	29
676	3	1095	20
676	3	1565	9
677	3	834	29
677	3	1356	20
677	3	1461	30
678	3	730	29
678	3	1461	20
678	3	2035	30
679	3	1095	29
680	3	991	29
680	3	1565	30
680	3	1826	20
681	3	887	29
682	3	574	29
682	3	1878	30
682	3	2139	20
683	3	1148	29
684	3	991	29
684	3	1565	30
684	3	1826	20
685	3	574	29
685	3	2191	30
686	3	939	29
687	3	1356	29
688	3	1148	29
688	3	2087	30
689	3	1095	29
689	3	2139	30
690	3	574	29
691	3	887	29
691	3	1148	20
691	3	1722	9
691	3	2087	12
691	3	2191	30
692	3	574	29
692	3	1095	20
692	3	1252	30
692	3	1565	9
693	3	626	29
693	3	1356	20
693	3	1408	30
693	3	2295	9
694	3	939	29
694	3	1408	20
694	3	2139	30
695	3	730	29
695	3	991	20
696	3	834	29
697	3	834	29
697	3	1200	20
698	3	1408	29
698	3	2243	30
699	3	626	29
699	3	1617	20
699	3	1669	30
700	3	574	29
701	3	887	29
701	3	1461	20
701	3	1513	30
702	3	626	29
703	3	834	29
703	3	1095	20
703	3	1774	9
704	3	1878	29
705	3	887	29
705	3	1878	30
705	3	2139	20
706	3	678	29
706	3	939	20
706	3	2087	30
707	3	782	29
708	3	1043	29
708	3	1669	30
709	3	521	29
709	3	1200	20
709	3	1356	30
709	3	1774	9
710	3	521	29
710	3	1200	20
710	3	1252	30
710	3	1617	9
711	3	1043	29
711	3	1722	30
711	3	2035	20
712	3	782	29
712	3	1722	30
713	3	1617	29
714	3	730	29
714	3	991	20
715	3	782	29
715	3	1930	30
716	3	626	29
716	3	887	20
716	3	1304	30
716	3	1565	9
717	3	1043	29
717	3	1513	20
717	3	1565	30
717	3	2139	9
718	3	834	29
718	3	1148	20
718	3	1722	9
719	3	834	29
720	3	1878	29
721	3	678	29
721	3	1461	20
721	3	1565	30
722	3	678	29
722	3	939	20
722	3	1252	30
722	3	1513	9
722	3	1826	12
723	3	678	29
724	3	678	29
725	3	834	29
725	3	1252	20
725	3	1669	30
726	3	678	29
726	3	1356	20
726	3	1408	30
727	3	1148	29
728	3	1826	29
729	3	834	29
730	3	678	29
730	3	1669	30
731	3	730	29
731	3	991	20
731	3	2087	30
732	3	887	29
733	3	834	29
733	3	1148	20
733	3	1617	30
734	3	730	29
734	3	1095	20
734	3	1826	30
734	3	2087	9
735	3	1930	29
736	3	991	29
737	3	730	29
737	3	1148	20
737	3	1669	30
737	3	2295	9
738	3	887	29
738	3	1148	20
738	3	1513	30
738	3	1774	9
738	3	2191	12
739	3	1095	29
739	3	1722	30
741	3	574	29
742	3	730	29
742	3	991	20
742	3	1461	9
742	3	2087	30
743	3	678	29
743	3	939	20
743	3	1930	30
744	3	1095	29
744	3	1722	30
744	3	2139	20
745	3	991	29
746	3	1252	29
747	3	678	29
748	3	1982	29
749	3	1304	29
750	3	1252	29
751	3	991	29
752	3	834	29
752	3	1513	20
752	3	1617	30
752	3	2295	9
753	3	782	29
753	3	1043	20
753	3	1669	9
753	3	2087	12
753	3	2139	30
754	3	782	29
754	3	1148	20
755	3	782	29
755	3	1148	20
755	3	2295	9
756	3	834	29
756	3	1095	20
756	3	1461	9
756	3	1826	12
756	3	2191	30
757	3	1461	29
757	3	2295	30
758	3	678	29
758	3	939	20
759	3	1252	29
760	3	626	29
761	3	730	29
761	3	1930	30
761	3	2191	20
762	3	574	29
762	3	1461	20
762	3	1565	30
763	3	1148	29
763	3	1774	20
763	3	1878	30
765	3	782	29
765	3	1878	20
766	3	834	29
767	3	1095	29
767	3	1878	30
768	3	1408	29
769	3	730	29
770	3	1878	29
771	3	1095	29
771	3	1774	30
772	3	782	29
773	3	1408	29
774	3	782	29
774	3	1043	20
774	3	1408	30
774	3	1669	9
775	3	1148	29
776	3	678	29
776	3	939	20
776	3	1356	30
776	3	1617	9
776	3	1982	12
777	3	1982	29
778	3	939	29
779	3	1878	29
780	3	1148	29
781	3	574	29
781	3	1408	30
781	3	1669	20
782	3	574	29
782	3	2087	30
783	3	1356	29
784	3	730	29
784	3	991	20
784	3	2035	30
785	3	1043	29
786	3	730	29
787	3	1304	29
787	3	2139	30
788	3	521	29
788	3	1461	20
788	3	1565	30
789	3	1043	29
789	3	1669	30
789	3	1930	20
790	3	834	29
790	3	1930	30
791	3	1304	29
792	3	887	29
793	3	782	29
793	3	1043	20
793	3	2139	9
794	3	626	29
794	3	939	20
794	3	2191	30
795	3	1461	29
796	3	1304	29
797	3	782	29
798	3	887	29
798	3	1930	20
798	3	1982	30
800	3	1200	29
801	3	1304	29
801	3	2087	30
802	3	574	29
802	3	1513	20
802	3	1565	30
803	3	939	29
803	3	1200	20
803	3	1722	30
803	3	1982	9
804	3	574	29
804	3	1774	20
804	3	1878	30
806	3	1304	29
807	3	730	29
807	3	991	20
807	3	1252	9
807	3	1565	12
807	3	1774	30
808	3	1982	29
809	3	1669	29
810	3	730	29
810	3	991	20
811	3	730	29
811	3	991	20
812	3	521	29
812	3	1095	20
812	3	1252	30
812	3	1722	9
813	3	1200	29
814	3	626	29
815	3	469	29
815	3	939	20
816	3	1043	29
816	3	1930	30
817	3	2087	29
818	3	626	29
818	3	1565	20
818	3	1617	30
819	3	1408	29
820	3	626	29
821	3	1095	29
821	3	1982	30
822	3	730	29
822	3	991	20
823	3	782	29
823	3	1043	20
823	3	1408	9
823	3	2087	30
824	3	1043	29
824	3	1617	30
824	3	2087	20
825	3	991	29
825	3	1513	20
825	3	1617	30
826	3	834	29
826	3	1565	20
826	3	1617	30
827	3	782	29
828	3	1252	29
828	3	1982	30
829	3	1982	29
830	3	1043	29
831	3	521	29
831	3	1148	20
831	3	1252	30
831	3	1565	9
831	3	1930	12
832	3	887	29
832	3	1148	20
832	3	1513	9
832	3	2035	30
833	3	1148	29
834	3	730	29
834	3	1148	20
834	3	1513	30
834	3	1774	9
834	3	2191	12
835	3	626	29
835	3	2139	30
836	3	2035	29
837	3	1095	29
837	3	2087	30
838	3	469	29
838	3	1095	20
838	3	1252	30
838	3	2139	9
839	3	1304	29
839	3	2087	30
840	3	626	29
840	3	887	20
840	3	1200	30
840	3	1461	9
840	3	1774	12
841	3	521	29
842	3	730	29
842	3	1617	30
842	3	1878	20
843	3	730	29
843	3	991	20
843	3	1304	30
843	3	1565	9
843	3	1878	12
844	3	1095	29
845	3	1200	29
846	3	1356	29
847	3	1148	29
847	3	1826	30
847	3	2191	20
848	3	678	29
848	3	939	20
848	3	1513	9
849	3	1878	29
850	3	887	29
850	3	1148	20
850	3	1461	9
850	3	1774	12
851	3	2191	29
852	3	834	29
853	3	1304	29
853	3	2243	30
854	3	1043	29
854	3	1513	20
854	3	1617	30
855	3	574	29
856	3	1043	29
857	3	1252	29
858	3	678	29
858	3	1408	20
858	3	1513	30
859	3	730	29
860	3	1513	29
861	3	834	29
862	3	1461	29
863	3	887	29
863	3	1148	20
863	3	1565	9
864	3	626	29
864	3	939	20
864	3	1356	30
864	3	1617	9
864	3	2087	12
865	3	521	29
865	3	1356	20
865	3	1565	30
866	3	730	29
866	3	991	20
866	3	1930	30
867	3	678	29
867	3	2295	30
868	3	521	29
868	3	1513	20
868	3	1617	30
869	3	939	29
869	3	1513	30
869	3	1774	20
870	3	1095	29
870	3	1982	30
871	3	1095	29
871	3	1774	30
873	3	730	29
873	3	991	20
873	3	1356	30
873	3	1617	9
875	3	574	29
875	3	1461	20
875	3	1513	30
876	3	730	29
877	3	678	29
877	3	939	20
877	3	1252	30
877	3	1513	9
878	3	1148	29
878	3	2035	30
878	3	2295	20
879	3	626	29
879	3	2087	30
880	3	678	29
880	3	939	20
880	3	1617	30
880	3	1878	9
881	3	887	29
882	3	1200	29
883	3	1617	29
884	3	834	29
885	3	730	29
885	3	1043	20
885	3	1304	30
885	3	1565	9
886	3	887	29
886	3	2191	30
887	3	574	29
887	3	1722	30
888	3	991	29
889	3	1304	29
889	3	2295	30
890	3	1252	29
890	3	1878	30
891	3	834	29
892	3	1461	29
892	3	2191	30
893	3	834	29
894	3	939	29
895	3	574	29
895	3	1878	30
896	3	678	29
897	3	521	29
897	3	1200	20
897	3	1304	30
898	3	521	29
898	3	1095	20
898	3	1200	30
898	3	1565	9
899	3	782	29
899	3	1095	20
899	3	1461	30
899	3	1722	9
900	3	834	29
900	3	1930	30
901	3	730	29
901	3	991	20
902	3	782	29
902	3	1408	20
902	3	1461	30
903	3	521	29
903	3	1148	20
903	3	1304	30
903	3	1722	9
905	3	1095	29
905	3	2243	30
906	3	678	29
907	3	1930	29
908	3	782	29
908	3	1200	20
908	3	1878	30
909	3	1878	29
910	3	1095	29
910	3	1930	30
911	3	834	29
912	3	521	29
913	3	1252	29
913	3	1982	30
914	3	730	29
914	3	1408	20
914	3	1513	30
915	3	1200	29
916	3	678	29
916	3	1200	20
916	3	1461	30
916	3	1722	9
917	3	626	29
917	3	2087	30
918	3	1148	29
919	3	1252	29
920	3	730	29
920	3	2295	30
921	3	730	29
922	3	626	29
922	3	1930	30
922	3	2191	20
923	3	1148	29
924	3	521	29
924	3	1148	20
924	3	1200	30
924	3	1565	9
925	3	730	29
926	3	574	29
926	3	1356	30
926	3	1617	20
926	3	2035	9
927	3	834	29
927	3	1565	20
927	3	1617	30
929	3	887	29
929	3	1356	20
929	3	1722	30
930	3	1722	29
931	3	834	29
931	3	1095	20
931	3	1408	9
931	3	1722	12
931	3	2243	30
932	3	1095	29
932	3	1878	30
932	3	2139	20
933	3	1252	29
933	3	1774	20
933	3	1826	30
934	3	991	29
934	3	1669	20
935	3	521	29
935	3	1513	20
935	3	1565	30
936	3	730	29
936	3	2139	30
937	3	782	29
937	3	2243	30
938	3	939	29
938	3	1722	20
938	3	1774	30
939	3	1148	29
940	3	626	29
940	3	1304	20
940	3	1356	30
940	3	2139	9
941	3	730	29
941	3	991	20
941	3	1461	30
941	3	1722	9
941	3	2191	12
942	3	730	29
942	3	991	20
942	3	1356	30
942	3	1617	9
943	3	678	29
944	3	678	29
944	3	1878	30
944	3	2139	20
945	3	1408	29
946	3	678	29
946	3	1774	30
946	3	2139	20
947	3	730	29
947	3	991	20
947	3	1356	30
947	3	1617	9
947	3	1930	12
948	3	730	29
948	3	1148	20
948	3	2295	30
949	3	574	29
949	3	834	20
949	3	1200	30
949	3	1461	9
949	3	1774	12
950	3	730	29
950	3	991	20
951	3	2087	29
952	3	1982	29
953	3	887	29
953	3	1148	20
953	3	1722	9
954	3	782	29
954	3	1043	20
955	3	1982	29
956	3	730	29
957	3	1356	29
958	3	991	29
959	3	2191	29
960	3	991	29
960	3	1408	20
961	3	887	29
961	3	1461	20
961	3	1930	30
962	3	1930	29
963	3	730	29
963	3	2243	30
964	3	521	29
964	3	1095	20
964	3	1200	30
964	3	1461	9
965	3	834	29
965	3	1669	30
966	3	730	29
966	3	1461	20
966	3	1930	30
967	3	1200	29
968	3	574	29
968	3	1878	30
968	3	2243	20
969	3	626	29
969	3	1461	20
969	3	1513	30
971	3	939	29
971	3	1252	20
972	3	678	29
972	3	939	20
972	3	1252	30
972	3	1513	9
972	3	1826	12
973	3	626	29
974	3	574	29
975	3	1200	29
976	3	574	29
976	3	1356	20
976	3	1408	30
976	3	2139	9
977	3	1722	29
978	3	521	29
978	3	1095	20
978	3	1252	30
978	3	2139	9
979	3	1252	29
979	3	1878	30
980	3	1617	29
981	3	887	29
981	3	1513	30
981	3	1774	20
982	3	574	29
983	3	730	29
983	3	1252	20
984	3	991	29
984	3	1617	20
984	3	1669	30
985	3	1095	29
985	3	1669	30
985	3	1930	20
986	3	2191	29
987	3	1095	29
988	3	574	29
988	3	1982	30
988	3	2295	20
989	3	782	29
989	3	2139	20
990	3	1669	29
992	3	1669	29
993	3	782	29
994	3	1930	29
995	3	678	29
995	3	939	20
995	3	1826	30
996	3	1148	29
997	3	2295	29
998	3	574	29
998	3	1148	20
998	3	1252	30
998	3	1617	9
998	3	2139	12
999	3	1356	29
0	4	678	29
0	4	1565	30
1	4	678	29
2	4	521	29
3	4	1148	29
3	4	1722	30
4	4	834	29
4	4	1461	30
4	4	2087	28
5	4	834	29
6	4	574	29
6	4	1826	30
7	4	887	29
7	4	1617	30
8	4	626	29
8	4	1356	30
9	4	1930	29
10	4	678	29
10	4	1930	30
12	4	1095	29
13	4	991	29
14	4	678	29
14	4	1617	30
15	4	730	29
15	4	2035	30
16	4	730	29
16	4	1669	30
17	4	730	29
18	4	469	29
18	4	1826	30
19	4	1826	29
20	4	574	29
20	4	1461	30
21	4	678	29
21	4	2243	30
22	4	834	29
22	4	2087	30
23	4	730	29
23	4	1774	30
24	4	730	29
24	4	1774	30
25	4	1565	29
26	4	626	29
26	4	1565	30
27	4	678	29
27	4	1826	30
28	4	678	29
28	4	1356	30
29	4	782	29
29	4	2139	30
30	4	1252	29
30	4	1982	30
31	4	834	29
32	4	1095	29
32	4	1669	30
33	4	574	29
33	4	1982	30
34	4	678	29
34	4	1565	30
35	4	782	29
35	4	1774	30
36	4	782	29
37	4	1304	29
38	4	939	29
39	4	887	29
39	4	2087	30
40	4	626	29
40	4	1356	30
40	4	2191	28
41	4	678	29
41	4	1513	30
42	4	678	29
42	4	1461	30
43	4	521	29
43	4	1356	30
44	4	1565	29
45	4	1043	29
45	4	1722	30
46	4	782	29
46	4	2191	30
47	4	1043	29
48	4	1982	29
49	4	521	29
49	4	1304	30
50	4	1513	29
51	4	1513	29
52	4	887	29
53	4	782	29
53	4	1461	30
53	4	2139	28
55	4	887	29
56	4	1095	29
57	4	730	29
57	4	2295	30
58	4	574	29
58	4	1304	30
59	4	834	29
60	4	1043	29
61	4	834	29
62	4	887	29
63	4	626	29
63	4	1461	30
64	4	1878	29
65	4	678	29
65	4	1722	30
66	4	1304	29
66	4	1930	30
67	4	730	29
67	4	1461	30
68	4	1408	29
69	4	834	29
69	4	1565	30
70	4	626	29
71	4	1095	29
71	4	1722	30
73	4	1669	29
74	4	782	29
74	4	2295	30
75	4	730	29
76	4	1356	29
77	4	1408	29
78	4	1252	29
79	4	730	29
79	4	1826	30
80	4	782	29
80	4	2087	30
81	4	574	29
81	4	2087	30
82	4	626	29
82	4	2087	30
83	4	1043	29
83	4	2295	30
84	4	887	29
84	4	2295	30
85	4	1617	29
86	4	1043	29
86	4	2295	30
87	4	469	29
87	4	1095	30
88	4	678	29
88	4	1408	30
89	4	730	29
89	4	1617	30
90	4	1304	29
91	4	626	29
92	4	730	29
92	4	1930	30
93	4	1252	29
94	4	1826	29
95	4	834	29
95	4	2139	30
96	4	939	29
96	4	1826	30
97	4	1095	29
98	4	1617	29
99	4	991	29
99	4	2035	30
100	4	1252	29
101	4	626	29
102	4	626	29
102	4	1669	30
103	4	834	29
104	4	521	29
104	4	1304	30
105	4	2243	29
106	4	678	29
106	4	1356	30
107	4	626	29
107	4	1565	30
108	4	887	29
109	4	1200	29
109	4	2295	30
110	4	782	29
111	4	939	29
112	4	678	29
112	4	2295	30
113	4	730	29
114	4	1200	29
115	4	1356	29
116	4	1408	29
116	4	2139	30
117	4	1356	29
117	4	2191	30
118	4	1148	29
118	4	2035	30
119	4	1148	29
119	4	1930	30
120	4	730	29
120	4	2191	30
121	4	1252	29
122	4	782	29
123	4	1878	29
124	4	730	29
124	4	2087	30
125	4	521	29
125	4	1252	30
126	4	678	29
126	4	1461	30
127	4	834	29
128	4	626	29
128	4	1408	30
129	4	1043	29
130	4	521	29
131	4	626	29
131	4	1356	30
132	4	782	29
133	4	991	29
134	4	730	29
134	4	1878	30
135	4	730	29
135	4	1878	30
136	4	730	29
136	4	1774	30
136	4	2139	28
137	4	626	29
137	4	1565	30
138	4	678	29
138	4	2139	30
139	4	834	29
139	4	1878	30
139	4	2191	28
140	4	1722	29
141	4	834	29
142	4	782	29
142	4	2191	30
143	4	1200	29
143	4	1982	30
145	4	1095	29
145	4	1722	30
146	4	782	29
146	4	1826	30
147	4	939	29
147	4	1774	30
148	4	1304	29
149	4	782	29
150	4	521	29
150	4	1408	30
151	4	834	29
151	4	2035	30
152	4	574	29
152	4	1356	30
153	4	626	29
153	4	2295	30
154	4	834	29
154	4	1408	30
155	4	626	29
155	4	1617	30
156	4	782	29
158	4	521	29
158	4	1356	30
159	4	626	29
159	4	1408	30
160	4	678	29
160	4	1513	30
161	4	1565	29
162	4	991	29
162	4	1565	30
163	4	1095	29
164	4	834	29
165	4	521	29
165	4	1252	30
166	4	1774	29
167	4	1095	29
167	4	2243	30
169	4	678	29
170	4	678	29
170	4	1356	30
171	4	834	29
172	4	1043	29
172	4	1617	30
173	4	1252	29
173	4	2295	30
174	4	782	29
174	4	1617	30
175	4	574	29
175	4	1461	30
176	4	730	29
177	4	1669	29
178	4	1982	29
179	4	782	29
179	4	1722	30
180	4	1878	29
181	4	730	29
182	4	678	29
183	4	782	29
183	4	1774	30
184	4	1043	29
185	4	834	29
185	4	1513	30
186	4	2139	29
187	4	678	29
187	4	1565	30
188	4	1095	29
188	4	2295	30
189	4	626	29
189	4	1461	30
190	4	1043	29
190	4	2243	30
191	4	730	29
192	4	991	29
192	4	1669	30
193	4	574	29
193	4	1617	30
194	4	678	29
196	4	678	29
196	4	1200	30
196	4	1774	28
198	4	626	29
198	4	1408	30
199	4	730	29
199	4	1617	30
200	4	1095	29
200	4	1722	30
201	4	1774	29
202	4	887	29
202	4	1669	30
203	4	782	29
203	4	1617	30
204	4	887	29
205	4	1200	29
205	4	1982	30
206	4	678	29
206	4	1200	30
206	4	1774	28
207	4	678	29
207	4	1722	30
208	4	521	29
208	4	1408	30
209	4	2191	29
210	4	574	29
210	4	1617	30
211	4	1513	29
212	4	782	29
212	4	1982	30
213	4	1565	29
214	4	782	29
215	4	1148	29
215	4	1826	30
216	4	939	29
217	4	1095	29
217	4	1722	30
218	4	678	29
218	4	1461	30
219	4	2139	29
220	4	1356	29
221	4	678	29
221	4	1565	30
222	4	1826	29
223	4	730	29
224	4	782	29
224	4	1826	30
225	4	834	29
225	4	2139	30
226	4	521	29
226	4	1252	30
227	4	991	29
228	4	730	29
228	4	1461	30
229	4	678	29
229	4	1513	30
230	4	678	29
230	4	2295	30
231	4	678	29
232	4	834	29
233	4	1252	29
233	4	1878	30
235	4	1461	29
236	4	887	29
236	4	2243	30
237	4	782	29
239	4	1148	29
240	4	782	29
240	4	1513	30
240	4	2295	28
241	4	678	29
241	4	1408	30
242	4	991	29
242	4	1617	30
243	4	678	29
243	4	1304	30
243	4	2243	28
244	4	469	29
244	4	1252	30
245	4	1095	29
245	4	1982	30
246	4	1982	29
248	4	782	29
249	4	678	29
250	4	678	29
250	4	1356	30
250	4	2243	28
251	4	574	29
251	4	1617	30
252	4	1304	29
253	4	782	29
253	4	2087	30
255	4	887	29
256	4	730	29
256	4	1617	30
257	4	1043	29
257	4	1826	30
258	4	678	29
258	4	1878	30
259	4	730	29
260	4	782	29
260	4	1982	30
262	4	834	29
262	4	1513	30
263	4	782	29
264	4	991	29
265	4	730	29
266	4	574	29
266	4	1617	30
267	4	678	29
267	4	2295	30
268	4	939	29
268	4	1565	30
269	4	730	29
269	4	1565	30
270	4	730	29
271	4	574	29
271	4	1408	30
272	4	678	29
272	4	1356	30
272	4	1930	28
273	4	2243	29
274	4	1095	29
275	4	1565	29
276	4	2139	29
277	4	730	29
277	4	2295	30
278	4	1513	29
279	4	1148	29
280	4	678	29
280	4	2087	30
282	4	1513	29
283	4	1095	29
283	4	1722	30
284	4	730	29
284	4	2035	30
285	4	1095	29
285	4	1669	30
286	4	730	29
286	4	1513	30
286	4	2191	28
287	4	1148	29
288	4	887	29
289	4	1878	29
291	4	1095	29
292	4	1408	29
292	4	2243	30
293	4	626	29
293	4	1252	30
293	4	2191	28
294	4	887	29
295	4	1043	29
295	4	2035	30
296	4	730	29
297	4	1304	29
298	4	782	29
298	4	1669	30
299	4	782	29
300	4	991	29
300	4	2243	30
301	4	626	29
301	4	1878	30
302	4	678	29
302	4	1826	30
303	4	730	29
303	4	1982	30
303	4	2295	28
304	4	730	29
306	4	730	29
307	4	626	29
308	4	626	29
309	4	678	29
309	4	1252	30
309	4	2087	28
310	4	834	29
310	4	1513	30
310	4	2139	28
311	4	834	29
312	4	991	29
312	4	2035	30
313	4	678	29
314	4	1200	29
315	4	626	29
315	4	1461	30
316	4	1982	29
317	4	1200	29
318	4	1461	29
319	4	1617	29
320	4	1252	29
321	4	730	29
322	4	521	29
322	4	1878	30
323	4	1826	29
324	4	1304	29
325	4	1200	29
325	4	2243	30
326	4	678	29
326	4	1982	30
327	4	1043	29
327	4	1617	30
328	4	782	29
328	4	2295	30
329	4	1356	29
330	4	678	29
330	4	1461	30
331	4	730	29
331	4	2191	30
332	4	887	29
332	4	1617	30
333	4	782	29
334	4	1148	29
335	4	678	29
335	4	1878	30
336	4	730	29
336	4	1878	30
337	4	834	29
337	4	2295	30
338	4	991	29
339	4	834	29
340	4	1095	29
340	4	1722	30
341	4	1095	29
341	4	1722	30
342	4	782	29
343	4	678	29
343	4	1513	30
344	4	1878	29
345	4	574	29
345	4	1356	30
346	4	521	29
346	4	1252	30
347	4	782	29
348	4	730	29
348	4	1774	30
349	4	782	29
349	4	1356	30
350	4	1982	29
351	4	887	29
352	4	574	29
352	4	1461	30
353	4	782	29
354	4	626	29
354	4	1252	30
355	4	834	29
356	4	782	29
356	4	1826	30
357	4	939	29
358	4	939	29
358	4	1722	30
360	4	678	29
360	4	2243	30
361	4	991	29
362	4	1878	29
364	4	730	29
365	4	1565	29
366	4	730	29
366	4	1565	30
367	4	887	29
368	4	626	29
368	4	1252	30
368	4	2139	28
369	4	887	29
370	4	782	29
371	4	887	29
372	4	782	29
372	4	1722	30
373	4	834	29
374	4	1461	29
374	4	2191	30
375	4	1252	29
376	4	991	29
377	4	1252	29
377	4	2035	30
378	4	1043	29
378	4	2243	30
379	4	782	29
380	4	1826	29
381	4	626	29
381	4	2035	30
382	4	782	29
382	4	2191	30
383	4	1304	29
384	4	887	29
385	4	626	29
386	4	521	29
387	4	834	29
387	4	1513	30
388	4	2035	29
389	4	782	29
390	4	678	29
390	4	1826	30
391	4	678	29
391	4	1722	30
392	4	939	29
392	4	2139	30
393	4	574	29
393	4	1722	30
394	4	626	29
394	4	2087	30
395	4	1043	29
396	4	730	29
396	4	1774	30
397	4	1148	29
397	4	1722	30
397	4	2295	28
398	4	574	29
399	4	782	29
400	4	574	29
400	4	1774	30
401	4	2139	29
402	4	1043	29
402	4	1774	30
403	4	1878	29
404	4	782	29
404	4	1982	30
405	4	1043	29
405	4	2139	30
406	4	887	29
407	4	1095	29
407	4	1669	30
409	4	991	29
410	4	887	29
410	4	2087	30
411	4	469	29
411	4	1095	30
412	4	834	29
412	4	1826	30
412	4	2139	28
413	4	730	29
413	4	1982	30
413	4	2295	28
414	4	574	29
414	4	1408	30
415	4	887	29
416	4	1356	29
417	4	730	29
417	4	1982	30
418	4	574	29
418	4	1252	30
419	4	521	29
419	4	1252	30
420	4	782	29
420	4	1722	30
421	4	1878	29
422	4	834	29
423	4	1043	29
423	4	1617	30
424	4	678	29
424	4	1408	30
424	4	2035	28
425	4	1043	29
425	4	2243	30
426	4	1043	29
426	4	1617	30
427	4	2035	29
428	4	730	29
429	4	574	29
429	4	1408	30
430	4	834	29
431	4	678	29
431	4	1513	30
432	4	939	29
433	4	626	29
433	4	1617	30
434	4	834	29
434	4	2035	30
435	4	730	29
435	4	1513	30
436	4	730	29
437	4	782	29
438	4	626	29
438	4	1408	30
439	4	887	29
440	4	678	29
440	4	2035	30
441	4	1722	29
442	4	626	29
442	4	1826	30
443	4	678	29
444	4	1565	29
445	4	782	29
446	4	678	29
446	4	2191	30
447	4	1565	29
448	4	939	29
449	4	2035	29
450	4	2191	29
451	4	730	29
451	4	1408	30
452	4	521	29
452	4	2087	30
453	4	782	29
454	4	1252	29
455	4	1095	29
455	4	1722	30
456	4	1252	29
456	4	2035	30
457	4	678	29
458	4	1565	29
459	4	939	29
460	4	678	29
460	4	2243	30
461	4	782	29
462	4	574	29
462	4	1826	30
463	4	574	29
463	4	1252	30
464	4	834	29
464	4	1669	30
465	4	678	29
465	4	2139	30
466	4	782	29
467	4	678	29
467	4	2035	30
468	4	626	29
468	4	2087	30
469	4	730	29
470	4	1408	29
471	4	1043	29
471	4	2139	30
472	4	887	29
473	4	678	29
473	4	1669	30
474	4	782	29
474	4	1461	30
475	4	887	29
475	4	2191	30
476	4	1252	29
477	4	887	29
478	4	626	29
480	4	730	29
481	4	834	29
481	4	1461	30
482	4	834	29
483	4	1669	29
484	4	1982	29
485	4	1095	29
485	4	2243	30
486	4	1200	29
486	4	1930	30
487	4	782	29
488	4	1252	29
489	4	730	29
490	4	730	29
490	4	1461	30
491	4	939	29
491	4	2087	30
492	4	939	29
492	4	1617	30
493	4	678	29
494	4	939	29
495	4	782	29
495	4	1461	30
496	4	678	29
496	4	1408	30
497	4	678	29
498	4	1043	29
499	4	574	29
500	4	678	29
500	4	1304	30
501	4	1252	29
501	4	2139	30
502	4	730	29
502	4	1669	30
503	4	626	29
503	4	1252	30
503	4	1930	28
505	4	1252	29
505	4	2191	30
506	4	1043	29
507	4	1617	29
508	4	834	29
508	4	2087	30
510	4	1930	29
512	4	887	29
512	4	1513	30
513	4	939	29
513	4	1669	30
514	4	887	29
514	4	1930	30
515	4	678	29
515	4	1617	30
516	4	1304	29
516	4	2087	30
517	4	1252	29
517	4	2035	30
518	4	939	29
518	4	1669	30
519	4	521	29
519	4	1304	30
520	4	887	29
521	4	782	29
522	4	730	29
522	4	1408	30
523	4	730	29
523	4	1826	30
524	4	2035	29
525	4	574	29
525	4	1252	30
526	4	1878	29
527	4	678	29
528	4	730	29
529	4	678	29
529	4	1252	30
529	4	2087	28
530	4	1252	29
530	4	1826	30
531	4	1043	29
531	4	1617	30
532	4	887	29
532	4	1774	30
533	4	1982	29
534	4	678	29
534	4	1356	30
535	4	1565	29
536	4	1252	29
536	4	2191	30
537	4	574	29
537	4	1513	30
538	4	782	29
539	4	678	29
540	4	1878	29
541	4	521	29
541	4	1826	30
542	4	887	29
543	4	1095	29
543	4	1669	30
544	4	574	29
544	4	1252	30
545	4	730	29
546	4	1148	29
546	4	1774	30
547	4	939	29
547	4	1617	30
547	4	2295	28
548	4	1304	29
549	4	1252	29
550	4	730	29
550	4	1982	30
550	4	2295	28
551	4	678	29
551	4	1408	30
552	4	1304	29
553	4	730	29
553	4	1774	30
554	4	626	29
554	4	1565	30
555	4	730	29
555	4	1252	30
555	4	1930	28
556	4	730	29
556	4	1461	30
557	4	1356	29
558	4	469	29
558	4	1930	30
559	4	939	29
559	4	1669	30
560	4	1304	29
561	4	782	29
562	4	991	29
562	4	1669	30
563	4	678	29
563	4	1408	30
564	4	1304	29
564	4	2191	30
565	4	834	29
565	4	2035	30
566	4	521	29
566	4	1722	30
567	4	678	29
568	4	730	29
568	4	1408	30
569	4	887	29
569	4	1669	30
570	4	1304	29
571	4	730	29
571	4	1878	30
572	4	1408	29
573	4	2295	29
574	4	1043	29
575	4	574	29
575	4	1252	30
575	4	2295	28
576	4	1095	29
576	4	1982	30
577	4	834	29
578	4	991	29
578	4	2139	30
579	4	782	29
580	4	1930	29
581	4	1043	29
581	4	1669	30
582	4	678	29
582	4	1878	30
583	4	730	29
583	4	1252	30
584	4	834	29
585	4	678	29
585	4	1200	30
585	4	2295	28
586	4	678	29
586	4	1408	30
587	4	678	29
588	4	939	29
588	4	1982	30
589	4	574	29
589	4	1408	30
590	4	730	29
590	4	1774	30
591	4	1461	29
593	4	678	29
594	4	730	29
594	4	1982	30
595	4	782	29
595	4	1356	30
595	4	2191	28
596	4	678	29
596	4	1513	30
597	4	678	29
598	4	730	29
599	4	730	29
600	4	1513	29
601	4	887	29
602	4	1200	29
603	4	730	29
604	4	730	29
604	4	1669	30
605	4	1043	29
605	4	2295	30
606	4	626	29
606	4	1461	30
607	4	782	29
608	4	521	29
608	4	1356	30
610	4	2191	29
611	4	678	29
611	4	1878	30
612	4	1095	29
612	4	1722	30
613	4	1252	29
614	4	1095	29
614	4	1774	30
615	4	834	29
615	4	2295	30
616	4	991	29
616	4	1722	30
617	4	1878	29
618	4	1930	29
619	4	939	29
620	4	834	29
621	4	991	29
621	4	1565	30
622	4	678	29
623	4	1043	29
623	4	2295	30
624	4	521	29
624	4	2243	30
625	4	1043	29
625	4	1669	30
626	4	521	29
626	4	1304	30
627	4	574	29
627	4	1461	30
628	4	626	29
628	4	1617	30
629	4	834	29
629	4	2243	30
630	4	782	29
630	4	1878	30
631	4	626	29
631	4	1461	30
632	4	730	29
633	4	1513	29
634	4	1148	29
634	4	1774	30
635	4	1356	29
636	4	2191	29
637	4	1043	29
638	4	1826	29
639	4	521	29
639	4	1200	30
640	4	730	29
641	4	574	29
642	4	1095	29
643	4	2243	29
644	4	887	29
645	4	730	29
645	4	1513	30
646	4	678	29
646	4	1408	30
647	4	1408	29
648	4	782	29
648	4	1669	30
649	4	887	29
650	4	1408	29
650	4	2243	30
651	4	574	29
652	4	574	29
652	4	1513	30
653	4	991	29
653	4	1930	30
654	4	782	29
655	4	730	29
655	4	1722	30
656	4	626	29
656	4	1617	30
657	4	521	29
658	4	939	29
658	4	1513	30
659	4	1095	29
659	4	1722	30
660	4	834	29
661	4	887	29
662	4	678	29
662	4	1513	30
663	4	991	29
664	4	887	29
664	4	1565	30
664	4	2295	28
665	4	834	29
666	4	678	29
666	4	1982	30
667	4	521	29
668	4	939	29
668	4	1826	30
669	4	730	29
669	4	1774	30
670	4	834	29
670	4	1774	30
671	4	1148	29
672	4	834	29
672	4	2087	30
673	4	730	29
673	4	2087	30
674	4	678	29
674	4	1513	30
675	4	1043	29
675	4	1565	30
676	4	834	29
677	4	834	29
677	4	1461	30
678	4	730	29
678	4	2035	30
679	4	1095	29
680	4	991	29
680	4	1565	30
681	4	887	29
682	4	574	29
682	4	1878	30
683	4	1148	29
684	4	991	29
684	4	1565	30
685	4	574	29
685	4	2191	30
686	4	939	29
687	4	1356	29
688	4	1148	29
688	4	2087	30
689	4	1095	29
689	4	2139	30
690	4	574	29
691	4	887	29
691	4	2191	30
692	4	574	29
692	4	1252	30
693	4	626	29
693	4	1408	30
694	4	939	29
694	4	2139	30
695	4	730	29
696	4	834	29
697	4	834	29
698	4	1408	29
698	4	2243	30
699	4	626	29
699	4	1669	30
700	4	574	29
701	4	887	29
701	4	1513	30
702	4	626	29
703	4	834	29
704	4	1878	29
705	4	887	29
705	4	1878	30
706	4	678	29
706	4	2087	30
707	4	782	29
708	4	1043	29
708	4	1669	30
709	4	521	29
709	4	1356	30
710	4	521	29
710	4	1252	30
711	4	1043	29
711	4	1722	30
712	4	782	29
712	4	1722	30
713	4	1617	29
714	4	730	29
715	4	782	29
715	4	1930	30
716	4	626	29
716	4	1304	30
717	4	1043	29
717	4	1565	30
718	4	834	29
719	4	834	29
720	4	1878	29
721	4	678	29
721	4	1565	30
722	4	678	29
722	4	1252	30
723	4	678	29
724	4	678	29
725	4	834	29
725	4	1669	30
726	4	678	29
726	4	1408	30
727	4	1148	29
728	4	1826	29
729	4	834	29
730	4	678	29
730	4	1669	30
731	4	730	29
731	4	2087	30
732	4	887	29
733	4	834	29
733	4	1617	30
734	4	730	29
734	4	1826	30
735	4	1930	29
736	4	991	29
737	4	730	29
737	4	1669	30
738	4	887	29
738	4	1513	30
738	4	2191	28
739	4	1095	29
739	4	1722	30
741	4	574	29
742	4	730	29
742	4	2087	30
743	4	678	29
743	4	1930	30
744	4	1095	29
744	4	1722	30
745	4	991	29
746	4	1252	29
747	4	678	29
748	4	1982	29
749	4	1304	29
750	4	1252	29
751	4	991	29
752	4	834	29
752	4	1617	30
753	4	782	29
753	4	2139	30
754	4	782	29
755	4	782	29
756	4	834	29
756	4	2191	30
757	4	1461	29
757	4	2295	30
758	4	678	29
759	4	1252	29
760	4	626	29
761	4	730	29
761	4	1930	30
762	4	574	29
762	4	1565	30
763	4	1148	29
763	4	1878	30
765	4	782	29
766	4	834	29
767	4	1095	29
767	4	1878	30
768	4	1408	29
769	4	730	29
770	4	1878	29
771	4	1095	29
771	4	1774	30
772	4	782	29
773	4	1408	29
774	4	782	29
774	4	1408	30
775	4	1148	29
776	4	678	29
776	4	1356	30
776	4	2295	28
777	4	1982	29
778	4	939	29
779	4	1878	29
780	4	1148	29
781	4	574	29
781	4	1408	30
782	4	574	29
782	4	2087	30
783	4	1356	29
784	4	730	29
784	4	2035	30
785	4	1043	29
786	4	730	29
787	4	1304	29
787	4	2139	30
788	4	521	29
788	4	1565	30
789	4	1043	29
789	4	1669	30
790	4	834	29
790	4	1930	30
791	4	1304	29
792	4	887	29
793	4	782	29
794	4	626	29
794	4	2191	30
795	4	1461	29
796	4	1304	29
797	4	782	29
798	4	887	29
798	4	1982	30
800	4	1200	29
801	4	1304	29
801	4	2087	30
802	4	574	29
802	4	1565	30
803	4	939	29
803	4	1722	30
804	4	574	29
804	4	1878	30
806	4	1304	29
807	4	730	29
807	4	1774	30
808	4	1982	29
809	4	1669	29
810	4	730	29
811	4	730	29
812	4	521	29
812	4	1252	30
813	4	1200	29
814	4	626	29
815	4	469	29
816	4	1043	29
816	4	1930	30
817	4	2087	29
818	4	626	29
818	4	1617	30
819	4	1408	29
820	4	626	29
821	4	1095	29
821	4	1982	30
822	4	730	29
823	4	782	29
823	4	2087	30
824	4	1043	29
824	4	1617	30
825	4	991	29
825	4	1617	30
826	4	834	29
826	4	1617	30
827	4	782	29
828	4	1252	29
828	4	1982	30
829	4	1982	29
830	4	1043	29
831	4	521	29
831	4	1252	30
832	4	887	29
832	4	2035	30
833	4	1148	29
834	4	730	29
834	4	1513	30
834	4	2191	28
835	4	626	29
835	4	2139	30
836	4	2035	29
837	4	1095	29
837	4	2087	30
838	4	469	29
838	4	1252	30
839	4	1304	29
839	4	2087	30
840	4	626	29
840	4	1200	30
841	4	521	29
842	4	730	29
842	4	1617	30
843	4	730	29
843	4	1304	30
843	4	2035	28
844	4	1095	29
845	4	1200	29
846	4	1356	29
847	4	1148	29
847	4	1826	30
848	4	678	29
849	4	1878	29
850	4	887	29
851	4	2191	29
852	4	834	29
853	4	1304	29
853	4	2243	30
854	4	1043	29
854	4	1617	30
855	4	574	29
856	4	1043	29
857	4	1252	29
858	4	678	29
858	4	1513	30
859	4	730	29
860	4	1513	29
861	4	834	29
862	4	1461	29
863	4	887	29
864	4	626	29
864	4	1356	30
864	4	2191	28
865	4	521	29
865	4	1565	30
866	4	730	29
866	4	1930	30
867	4	678	29
867	4	2295	30
868	4	521	29
868	4	1617	30
869	4	939	29
869	4	1513	30
870	4	1095	29
870	4	1982	30
871	4	1095	29
871	4	1774	30
873	4	730	29
873	4	1356	30
875	4	574	29
875	4	1513	30
876	4	730	29
877	4	678	29
877	4	1252	30
878	4	1148	29
878	4	2035	30
879	4	626	29
879	4	2087	30
880	4	678	29
880	4	1617	30
881	4	887	29
882	4	1200	29
883	4	1617	29
884	4	834	29
885	4	730	29
885	4	1304	30
886	4	887	29
886	4	2191	30
887	4	574	29
887	4	1722	30
888	4	991	29
889	4	1304	29
889	4	2295	30
890	4	1252	29
890	4	1878	30
891	4	834	29
892	4	1461	29
892	4	2191	30
893	4	834	29
894	4	939	29
895	4	574	29
895	4	1878	30
896	4	678	29
897	4	521	29
897	4	1304	30
898	4	521	29
898	4	1200	30
899	4	782	29
899	4	1461	30
900	4	834	29
900	4	1930	30
901	4	730	29
902	4	782	29
902	4	1461	30
903	4	521	29
903	4	1304	30
905	4	1095	29
905	4	2243	30
906	4	678	29
907	4	1930	29
908	4	782	29
908	4	1878	30
909	4	1878	29
910	4	1095	29
910	4	1930	30
911	4	834	29
912	4	521	29
913	4	1252	29
913	4	1982	30
914	4	730	29
914	4	1513	30
915	4	1200	29
916	4	678	29
916	4	1461	30
917	4	626	29
917	4	2087	30
918	4	1148	29
919	4	1252	29
920	4	730	29
920	4	2295	30
921	4	730	29
922	4	626	29
922	4	1930	30
923	4	1148	29
924	4	521	29
924	4	1200	30
925	4	730	29
926	4	574	29
926	4	1356	30
927	4	834	29
927	4	1617	30
929	4	887	29
929	4	1722	30
930	4	1722	29
931	4	834	29
931	4	2243	30
932	4	1095	29
932	4	1878	30
933	4	1252	29
933	4	1826	30
934	4	991	29
935	4	521	29
935	4	1565	30
936	4	730	29
936	4	2139	30
937	4	782	29
937	4	2243	30
938	4	939	29
938	4	1774	30
939	4	1148	29
940	4	626	29
940	4	1356	30
941	4	730	29
941	4	1461	30
942	4	730	29
942	4	1356	30
943	4	678	29
944	4	678	29
944	4	1878	30
945	4	1408	29
946	4	678	29
946	4	1774	30
947	4	730	29
947	4	1356	30
947	4	2139	28
948	4	730	29
948	4	2295	30
949	4	574	29
949	4	1200	30
950	4	730	29
951	4	2087	29
952	4	1982	29
953	4	887	29
954	4	782	29
955	4	1982	29
956	4	730	29
957	4	1356	29
958	4	991	29
959	4	2191	29
960	4	991	29
961	4	887	29
961	4	1930	30
962	4	1930	29
963	4	730	29
963	4	2243	30
964	4	521	29
964	4	1200	30
965	4	834	29
965	4	1669	30
966	4	730	29
966	4	1930	30
967	4	1200	29
968	4	574	29
968	4	1878	30
969	4	626	29
969	4	1513	30
971	4	939	29
972	4	678	29
972	4	1252	30
972	4	2191	28
973	4	626	29
974	4	574	29
975	4	1200	29
976	4	574	29
976	4	1408	30
977	4	1722	29
978	4	521	29
978	4	1252	30
979	4	1252	29
979	4	1878	30
980	4	1617	29
981	4	887	29
981	4	1513	30
982	4	574	29
983	4	730	29
984	4	991	29
984	4	1669	30
985	4	1095	29
985	4	1669	30
986	4	2191	29
987	4	1095	29
988	4	574	29
988	4	1982	30
989	4	782	29
990	4	1669	29
992	4	1669	29
993	4	782	29
994	4	1930	29
995	4	678	29
995	4	1826	30
996	4	1148	29
997	4	2295	29
998	4	574	29
998	4	1252	30
999	4	1356	29
0	5	365	24
0	5	678	29
0	5	1565	30
1	5	365	24
1	5	678	29
2	5	521	29
3	5	1148	29
3	5	1722	30
3	5	1982	24
4	5	469	24
4	5	834	29
4	5	1461	30
4	5	2087	28
5	5	417	24
5	5	834	29
6	5	574	29
6	5	1826	30
7	5	887	29
7	5	1617	30
8	5	626	29
8	5	1356	30
9	5	1930	29
10	5	365	24
10	5	678	29
10	5	1930	30
12	5	1095	29
13	5	991	29
14	5	365	24
14	5	678	29
14	5	1617	30
15	5	417	24
15	5	730	29
15	5	2035	30
16	5	469	24
16	5	730	29
16	5	1669	30
17	5	365	24
17	5	730	29
18	5	469	29
18	5	1826	30
19	5	1826	29
20	5	574	29
20	5	1461	30
21	5	365	24
21	5	678	29
21	5	2243	30
22	5	834	29
22	5	2087	30
23	5	417	24
23	5	730	29
23	5	1774	30
24	5	417	24
24	5	730	29
24	5	1774	30
25	5	1565	29
26	5	626	29
26	5	1565	30
27	5	417	24
27	5	678	29
27	5	1826	30
28	5	678	29
28	5	1356	30
29	5	782	29
29	5	2139	30
30	5	1252	29
30	5	1982	30
30	5	2243	24
31	5	469	24
31	5	834	29
32	5	1095	29
32	5	1669	30
33	5	574	29
33	5	1982	30
34	5	678	29
34	5	1565	30
35	5	417	24
35	5	782	29
35	5	1774	30
36	5	417	24
36	5	782	29
37	5	521	24
37	5	1304	29
38	5	521	24
38	5	939	29
39	5	469	24
39	5	887	29
39	5	2087	30
40	5	365	24
40	5	626	29
40	5	1356	30
40	5	2191	28
41	5	678	29
41	5	1513	30
42	5	678	29
42	5	1461	30
43	5	521	29
43	5	1356	30
44	5	1565	29
45	5	574	24
45	5	1043	29
45	5	1722	30
46	5	417	24
46	5	782	29
46	5	2191	30
47	5	1043	29
48	5	1982	29
49	5	521	29
49	5	1304	30
50	5	1513	29
51	5	1513	29
52	5	887	29
53	5	417	24
53	5	782	29
53	5	1461	30
53	5	2139	28
55	5	521	24
55	5	887	29
56	5	1095	29
57	5	417	24
57	5	730	29
57	5	2295	30
58	5	574	29
58	5	1304	30
59	5	417	24
59	5	834	29
60	5	1043	29
61	5	521	24
61	5	834	29
62	5	469	24
62	5	887	29
63	5	626	29
63	5	1461	30
64	5	1878	29
65	5	678	29
65	5	1722	30
66	5	1304	29
66	5	1930	30
66	5	2191	24
67	5	730	29
67	5	1461	30
68	5	1408	29
69	5	834	29
69	5	1565	30
70	5	626	29
71	5	1095	29
71	5	1722	30
73	5	1669	29
74	5	782	29
74	5	2295	30
75	5	417	24
75	5	730	29
76	5	1356	29
77	5	1408	29
78	5	1252	29
79	5	730	29
79	5	1826	30
80	5	469	24
80	5	782	29
80	5	2087	30
81	5	574	29
81	5	2087	30
82	5	626	29
82	5	2087	30
83	5	1043	29
83	5	2295	30
84	5	469	24
84	5	887	29
84	5	2295	30
85	5	1617	29
86	5	1043	29
86	5	2295	30
87	5	469	29
87	5	1095	30
87	5	2087	24
88	5	678	29
88	5	1408	30
89	5	730	29
89	5	1617	30
90	5	1304	29
91	5	626	29
92	5	417	24
92	5	730	29
92	5	1930	30
93	5	1252	29
94	5	1826	29
95	5	834	29
95	5	2139	30
96	5	939	29
96	5	1826	30
97	5	1095	29
98	5	1617	29
99	5	991	29
99	5	2035	30
99	5	2295	24
100	5	1252	29
101	5	626	29
102	5	626	29
102	5	1669	30
103	5	834	29
104	5	521	29
104	5	1304	30
105	5	2243	29
106	5	678	29
106	5	1356	30
106	5	2087	24
107	5	417	24
107	5	626	29
107	5	1565	30
108	5	469	24
108	5	887	29
109	5	1200	29
109	5	2295	30
110	5	417	24
110	5	782	29
111	5	521	24
111	5	939	29
112	5	678	29
112	5	2295	30
113	5	417	24
113	5	730	29
114	5	521	24
114	5	1200	29
115	5	1356	29
116	5	1408	29
116	5	2139	30
117	5	1356	29
117	5	2191	30
118	5	1148	29
118	5	2035	30
119	5	1148	29
119	5	1930	30
119	5	2191	24
120	5	730	29
120	5	2191	30
121	5	1252	29
122	5	417	24
122	5	782	29
123	5	1878	29
124	5	417	24
124	5	730	29
124	5	2087	30
125	5	521	29
125	5	1252	30
126	5	417	24
126	5	678	29
126	5	1461	30
127	5	417	24
127	5	834	29
128	5	417	24
128	5	626	29
128	5	1408	30
129	5	1043	29
130	5	521	29
131	5	626	29
131	5	1356	30
131	5	2139	24
132	5	417	24
132	5	782	29
133	5	469	24
133	5	991	29
134	5	730	29
134	5	1878	30
135	5	417	24
135	5	730	29
135	5	1878	30
136	5	365	24
136	5	730	29
136	5	1774	30
136	5	2139	28
137	5	626	29
137	5	1565	30
138	5	417	24
138	5	678	29
138	5	2139	30
139	5	417	24
139	5	834	29
139	5	1878	30
139	5	2191	28
140	5	1722	29
141	5	417	24
141	5	834	29
142	5	782	29
142	5	2191	30
143	5	1200	29
143	5	1982	30
143	5	2243	24
145	5	1095	29
145	5	1722	30
145	5	2087	24
146	5	521	24
146	5	782	29
146	5	1826	30
147	5	521	24
147	5	939	29
147	5	1774	30
148	5	1304	29
149	5	417	24
149	5	782	29
150	5	521	29
150	5	1408	30
151	5	834	29
151	5	2035	30
151	5	2295	24
152	5	574	29
152	5	1356	30
153	5	626	29
153	5	2295	30
154	5	469	24
154	5	834	29
154	5	1408	30
155	5	365	24
155	5	626	29
155	5	1617	30
156	5	417	24
156	5	782	29
158	5	521	29
158	5	1356	30
159	5	365	24
159	5	626	29
159	5	1408	30
160	5	678	29
160	5	1513	30
161	5	1565	29
162	5	991	29
162	5	1565	30
163	5	1095	29
164	5	417	24
164	5	834	29
165	5	521	29
165	5	1252	30
166	5	1774	29
167	5	1095	29
167	5	2243	30
169	5	417	24
169	5	678	29
170	5	417	24
170	5	678	29
170	5	1356	30
171	5	834	29
172	5	1043	29
172	5	1617	30
173	5	1252	29
173	5	2295	30
174	5	782	29
174	5	1617	30
175	5	574	29
175	5	1461	30
176	5	417	24
176	5	730	29
177	5	1669	29
178	5	1982	29
179	5	469	24
179	5	782	29
179	5	1722	30
180	5	1878	29
181	5	365	24
181	5	730	29
182	5	678	29
183	5	417	24
183	5	782	29
183	5	1774	30
184	5	1043	29
185	5	469	24
185	5	834	29
185	5	1513	30
186	5	2139	29
187	5	678	29
187	5	1565	30
188	5	1095	29
188	5	2295	30
189	5	626	29
189	5	1461	30
189	5	2295	24
190	5	1043	29
190	5	2243	30
191	5	417	24
191	5	730	29
192	5	521	24
192	5	991	29
192	5	1669	30
193	5	574	29
193	5	1617	30
194	5	678	29
196	5	365	24
196	5	678	29
196	5	1200	30
196	5	1774	28
196	5	2243	25
198	5	626	29
198	5	1408	30
199	5	417	24
199	5	730	29
199	5	1617	30
200	5	1095	29
200	5	1722	30
200	5	1982	24
201	5	1774	29
202	5	887	29
202	5	1669	30
203	5	782	29
203	5	1617	30
204	5	417	24
204	5	887	29
205	5	1200	29
205	5	1982	30
205	5	2243	24
206	5	365	24
206	5	678	29
206	5	1200	30
206	5	1774	28
206	5	2087	25
207	5	417	24
207	5	678	29
207	5	1722	30
208	5	521	29
208	5	1408	30
209	5	2191	29
210	5	574	29
210	5	1617	30
211	5	1513	29
212	5	782	29
212	5	1982	30
213	5	1565	29
214	5	782	29
215	5	1148	29
215	5	1826	30
216	5	939	29
217	5	1095	29
217	5	1722	30
218	5	678	29
218	5	1461	30
219	5	2139	29
220	5	1356	29
221	5	678	29
221	5	1565	30
222	5	1826	29
223	5	730	29
224	5	782	29
224	5	1826	30
225	5	365	24
225	5	834	29
225	5	2139	30
226	5	521	29
226	5	1252	30
227	5	574	24
227	5	991	29
228	5	417	24
228	5	730	29
228	5	1461	30
229	5	678	29
229	5	1513	30
230	5	365	24
230	5	678	29
230	5	2295	30
231	5	365	24
231	5	678	29
232	5	417	24
232	5	834	29
233	5	1252	29
233	5	1878	30
233	5	2139	24
235	5	1461	29
236	5	887	29
236	5	2243	30
237	5	782	29
239	5	1148	29
240	5	417	24
240	5	782	29
240	5	1513	30
240	5	2295	28
241	5	678	29
241	5	1408	30
242	5	521	24
242	5	991	29
242	5	1617	30
243	5	365	24
243	5	678	29
243	5	1304	30
243	5	2243	28
244	5	469	29
244	5	1252	30
245	5	1095	29
245	5	1982	30
245	5	2243	24
246	5	1982	29
248	5	365	24
248	5	782	29
249	5	417	24
249	5	678	29
250	5	417	24
250	5	678	29
250	5	1356	30
250	5	2243	28
251	5	574	29
251	5	1617	30
252	5	1304	29
253	5	782	29
253	5	2087	30
255	5	887	29
256	5	730	29
256	5	1617	30
257	5	1043	29
257	5	1826	30
257	5	2087	24
258	5	365	24
258	5	678	29
258	5	1878	30
259	5	417	24
259	5	730	29
260	5	417	24
260	5	782	29
260	5	1982	30
262	5	834	29
262	5	1513	30
263	5	782	29
264	5	469	24
264	5	991	29
265	5	469	24
265	5	730	29
266	5	574	29
266	5	1617	30
267	5	417	24
267	5	678	29
267	5	2295	30
268	5	939	29
268	5	1565	30
269	5	469	24
269	5	730	29
269	5	1565	30
270	5	730	29
271	5	574	29
271	5	1408	30
271	5	2243	24
272	5	417	24
272	5	678	29
272	5	1356	30
272	5	1930	28
272	5	2295	25
273	5	2243	29
274	5	1095	29
275	5	1565	29
276	5	2139	29
277	5	730	29
277	5	2295	30
278	5	1513	29
279	5	1148	29
280	5	678	29
280	5	2087	30
282	5	1513	29
283	5	1095	29
283	5	1722	30
283	5	2035	24
284	5	417	24
284	5	730	29
284	5	2035	30
285	5	1095	29
285	5	1669	30
286	5	417	24
286	5	730	29
286	5	1513	30
286	5	2191	28
287	5	1148	29
288	5	469	24
288	5	887	29
289	5	1878	29
291	5	574	24
291	5	1095	29
292	5	1408	29
292	5	2243	30
293	5	365	24
293	5	626	29
293	5	1252	30
293	5	2191	28
294	5	417	24
294	5	887	29
295	5	1043	29
295	5	2035	30
295	5	2295	24
296	5	417	24
296	5	730	29
297	5	1304	29
298	5	782	29
298	5	1669	30
299	5	417	24
299	5	782	29
300	5	991	29
300	5	2243	30
301	5	417	24
301	5	626	29
301	5	1878	30
302	5	521	24
302	5	678	29
302	5	1826	30
303	5	417	24
303	5	730	29
303	5	1982	30
303	5	2295	28
304	5	417	24
304	5	730	29
306	5	417	24
306	5	730	29
307	5	626	29
308	5	626	29
309	5	417	24
309	5	678	29
309	5	1252	30
309	5	2087	28
310	5	469	24
310	5	834	29
310	5	1513	30
310	5	2139	28
311	5	834	29
312	5	991	29
312	5	2035	30
312	5	2295	24
313	5	678	29
314	5	1200	29
315	5	626	29
315	5	1461	30
316	5	1982	29
317	5	1200	29
318	5	1461	29
319	5	1617	29
320	5	1252	29
321	5	417	24
321	5	730	29
322	5	521	29
322	5	1878	30
323	5	1826	29
324	5	1304	29
325	5	1200	29
325	5	2243	30
326	5	417	24
326	5	678	29
326	5	1982	30
327	5	1043	29
327	5	1617	30
327	5	1878	24
328	5	782	29
328	5	2295	30
329	5	1356	29
330	5	678	29
330	5	1461	30
331	5	417	24
331	5	730	29
331	5	2191	30
332	5	521	24
332	5	887	29
332	5	1617	30
333	5	417	24
333	5	782	29
334	5	1148	29
335	5	365	24
335	5	678	29
335	5	1878	30
336	5	469	24
336	5	730	29
336	5	1878	30
337	5	834	29
337	5	2295	30
338	5	991	29
339	5	417	24
339	5	834	29
340	5	1095	29
340	5	1722	30
341	5	1095	29
341	5	1722	30
341	5	1982	24
342	5	417	24
342	5	782	29
343	5	365	24
343	5	678	29
343	5	1513	30
344	5	1878	29
345	5	574	29
345	5	1356	30
346	5	521	29
346	5	1252	30
346	5	2087	24
347	5	521	24
347	5	782	29
348	5	469	24
348	5	730	29
348	5	1774	30
349	5	417	24
349	5	782	29
349	5	1356	30
350	5	1982	29
351	5	521	24
351	5	887	29
352	5	574	29
352	5	1461	30
353	5	469	24
353	5	782	29
354	5	365	24
354	5	626	29
354	5	1252	30
355	5	469	24
355	5	834	29
356	5	782	29
356	5	1826	30
357	5	521	24
357	5	939	29
358	5	939	29
358	5	1722	30
360	5	678	29
360	5	2243	30
361	5	469	24
361	5	991	29
362	5	1878	29
364	5	417	24
364	5	730	29
365	5	1565	29
366	5	730	29
366	5	1565	30
367	5	469	24
367	5	887	29
368	5	365	24
368	5	626	29
368	5	1252	30
368	5	2139	28
369	5	469	24
369	5	887	29
370	5	782	29
371	5	417	24
371	5	887	29
372	5	782	29
372	5	1722	30
373	5	834	29
374	5	1461	29
374	5	2191	30
375	5	1252	29
376	5	521	24
376	5	991	29
377	5	1252	29
377	5	2035	30
377	5	2295	24
378	5	1043	29
378	5	2243	30
379	5	574	24
379	5	782	29
380	5	521	24
380	5	1826	29
381	5	626	29
381	5	2035	30
382	5	417	24
382	5	782	29
382	5	2191	30
383	5	1304	29
384	5	469	24
384	5	887	29
385	5	626	29
386	5	521	29
387	5	469	24
387	5	834	29
387	5	1513	30
388	5	2035	29
389	5	417	24
389	5	782	29
390	5	365	24
390	5	678	29
390	5	1826	30
391	5	469	24
391	5	678	29
391	5	1722	30
392	5	939	29
392	5	2139	30
393	5	365	24
393	5	574	29
393	5	1722	30
394	5	626	29
394	5	2087	30
395	5	574	24
395	5	1043	29
396	5	365	24
396	5	730	29
396	5	1774	30
397	5	1148	29
397	5	1722	30
397	5	1982	24
397	5	2295	28
398	5	574	29
399	5	417	24
399	5	782	29
400	5	574	29
400	5	1774	30
401	5	2139	29
402	5	521	24
402	5	1043	29
402	5	1774	30
403	5	1878	29
404	5	782	29
404	5	1982	30
405	5	1043	29
405	5	2139	30
406	5	469	24
406	5	887	29
407	5	1095	29
407	5	1669	30
409	5	991	29
410	5	887	29
410	5	2087	30
411	5	469	29
411	5	1095	30
411	5	2295	24
412	5	417	24
412	5	834	29
412	5	1826	30
412	5	2139	28
413	5	365	24
413	5	730	29
413	5	1982	30
413	5	2295	28
414	5	574	29
414	5	1408	30
414	5	2243	24
415	5	469	24
415	5	887	29
416	5	1356	29
417	5	469	24
417	5	730	29
417	5	1982	30
418	5	574	29
418	5	1252	30
419	5	521	29
419	5	1252	30
420	5	782	29
420	5	1722	30
421	5	1878	29
422	5	834	29
423	5	1043	29
423	5	1617	30
424	5	417	24
424	5	678	29
424	5	1408	30
424	5	2035	28
425	5	469	24
425	5	1043	29
425	5	2243	30
426	5	1043	29
426	5	1617	30
427	5	2035	29
428	5	417	24
428	5	730	29
429	5	574	29
429	5	1408	30
430	5	469	24
430	5	834	29
431	5	365	24
431	5	678	29
431	5	1513	30
432	5	469	24
432	5	939	29
433	5	626	29
433	5	1617	30
434	5	469	24
434	5	834	29
434	5	2035	30
435	5	417	24
435	5	730	29
435	5	1513	30
436	5	417	24
436	5	730	29
437	5	417	24
437	5	782	29
438	5	626	29
438	5	1408	30
439	5	887	29
440	5	678	29
440	5	2035	30
441	5	1722	29
442	5	626	29
442	5	1826	30
443	5	678	29
444	5	1565	29
445	5	417	24
445	5	782	29
446	5	678	29
446	5	2191	30
447	5	1565	29
448	5	939	29
449	5	2035	29
450	5	2191	29
451	5	730	29
451	5	1408	30
451	5	2191	24
452	5	521	29
452	5	2087	30
453	5	417	24
453	5	782	29
454	5	1252	29
455	5	1095	29
455	5	1722	30
455	5	1982	24
456	5	1252	29
456	5	2035	30
457	5	678	29
458	5	1565	29
459	5	939	29
460	5	417	24
460	5	678	29
460	5	2243	30
461	5	417	24
461	5	782	29
462	5	574	29
462	5	1826	30
463	5	574	29
463	5	1252	30
463	5	2295	24
464	5	834	29
464	5	1669	30
465	5	469	24
465	5	678	29
465	5	2139	30
466	5	417	24
466	5	782	29
467	5	417	24
467	5	678	29
467	5	2035	30
468	5	417	24
468	5	626	29
468	5	2087	30
469	5	365	24
469	5	730	29
470	5	1408	29
471	5	1043	29
471	5	2139	30
472	5	417	24
472	5	887	29
473	5	678	29
473	5	1669	30
474	5	469	24
474	5	782	29
474	5	1461	30
475	5	887	29
475	5	2191	30
476	5	1252	29
477	5	887	29
478	5	626	29
480	5	730	29
481	5	469	24
481	5	834	29
481	5	1461	30
482	5	521	24
482	5	834	29
483	5	1669	29
484	5	1982	29
485	5	1095	29
485	5	2243	30
486	5	1200	29
486	5	1930	30
486	5	2191	24
487	5	417	24
487	5	782	29
488	5	1252	29
489	5	365	24
489	5	730	29
490	5	730	29
490	5	1461	30
490	5	2243	24
491	5	574	24
491	5	939	29
491	5	2087	30
492	5	939	29
492	5	1617	30
492	5	1878	24
493	5	678	29
494	5	469	24
494	5	939	29
495	5	782	29
495	5	1461	30
496	5	678	29
496	5	1408	30
497	5	417	24
497	5	678	29
498	5	521	24
498	5	1043	29
499	5	574	29
500	5	417	24
500	5	678	29
500	5	1304	30
501	5	1252	29
501	5	2139	30
502	5	730	29
502	5	1669	30
503	5	365	24
503	5	626	29
503	5	1252	30
503	5	1930	28
503	5	2295	25
505	5	1252	29
505	5	2191	30
506	5	1043	29
507	5	1617	29
508	5	417	24
508	5	834	29
508	5	2087	30
510	5	1930	29
512	5	887	29
512	5	1513	30
513	5	939	29
513	5	1669	30
514	5	469	24
514	5	887	29
514	5	1930	30
515	5	417	24
515	5	678	29
515	5	1617	30
516	5	1304	29
516	5	2087	30
517	5	1252	29
517	5	2035	30
517	5	2295	24
518	5	939	29
518	5	1669	30
519	5	521	29
519	5	1304	30
520	5	521	24
520	5	887	29
521	5	417	24
521	5	782	29
522	5	730	29
522	5	1408	30
523	5	417	24
523	5	730	29
523	5	1826	30
524	5	2035	29
525	5	574	29
525	5	1252	30
525	5	2295	24
526	5	1878	29
527	5	365	24
527	5	678	29
528	5	417	24
528	5	730	29
529	5	417	24
529	5	678	29
529	5	1252	30
529	5	2087	28
530	5	1252	29
530	5	1826	30
530	5	2087	24
531	5	1043	29
531	5	1617	30
532	5	887	29
532	5	1774	30
533	5	1982	29
534	5	417	24
534	5	678	29
534	5	1356	30
535	5	1565	29
536	5	1252	29
536	5	2191	30
537	5	574	29
537	5	1513	30
538	5	365	24
538	5	782	29
539	5	365	24
539	5	678	29
540	5	1878	29
541	5	521	29
541	5	1826	30
542	5	887	29
543	5	1095	29
543	5	1669	30
543	5	1930	24
544	5	574	29
544	5	1252	30
544	5	2087	24
545	5	730	29
546	5	1148	29
546	5	1774	30
547	5	521	24
547	5	939	29
547	5	1617	30
547	5	2295	28
548	5	1304	29
549	5	1252	29
550	5	417	24
550	5	730	29
550	5	1982	30
550	5	2295	28
551	5	417	24
551	5	678	29
551	5	1408	30
552	5	1304	29
553	5	730	29
553	5	1774	30
554	5	365	24
554	5	626	29
554	5	1565	30
555	5	417	24
555	5	730	29
555	5	1252	30
555	5	1930	28
556	5	730	29
556	5	1461	30
557	5	1356	29
558	5	469	29
558	5	1930	30
559	5	939	29
559	5	1669	30
560	5	1304	29
561	5	782	29
562	5	991	29
562	5	1669	30
563	5	678	29
563	5	1408	30
564	5	1304	29
564	5	2191	30
565	5	417	24
565	5	834	29
565	5	2035	30
566	5	521	29
566	5	1722	30
567	5	678	29
568	5	417	24
568	5	730	29
568	5	1408	30
569	5	887	29
569	5	1669	30
570	5	1304	29
571	5	417	24
571	5	730	29
571	5	1878	30
572	5	1408	29
573	5	2295	29
574	5	521	24
574	5	1043	29
575	5	365	24
575	5	574	29
575	5	1252	30
575	5	2295	28
576	5	1095	29
576	5	1982	30
577	5	365	24
577	5	834	29
578	5	991	29
578	5	2139	30
579	5	782	29
580	5	1930	29
581	5	1043	29
581	5	1669	30
582	5	678	29
582	5	1878	30
583	5	417	24
583	5	730	29
583	5	1252	30
584	5	417	24
584	5	834	29
585	5	365	24
585	5	678	29
585	5	1200	30
585	5	2295	28
586	5	678	29
586	5	1408	30
587	5	365	24
587	5	678	29
588	5	469	24
588	5	939	29
588	5	1982	30
589	5	574	29
589	5	1408	30
590	5	417	24
590	5	730	29
590	5	1774	30
591	5	1461	29
593	5	678	29
594	5	730	29
594	5	1982	30
595	5	417	24
595	5	782	29
595	5	1356	30
595	5	2191	28
596	5	678	29
596	5	1513	30
597	5	678	29
598	5	365	24
598	5	730	29
599	5	365	24
599	5	730	29
600	5	1513	29
601	5	469	24
601	5	887	29
602	5	1200	29
603	5	730	29
604	5	730	29
604	5	1669	30
605	5	1043	29
605	5	2295	30
606	5	626	29
606	5	1461	30
607	5	417	24
607	5	782	29
608	5	521	29
608	5	1356	30
610	5	2191	29
611	5	678	29
611	5	1878	30
612	5	1095	29
612	5	1722	30
613	5	1252	29
614	5	1095	29
614	5	1774	30
615	5	834	29
615	5	2295	30
616	5	991	29
616	5	1722	30
617	5	1878	29
618	5	1930	29
619	5	939	29
620	5	417	24
620	5	834	29
621	5	991	29
621	5	1565	30
622	5	365	24
622	5	678	29
623	5	1043	29
623	5	2295	30
624	5	521	29
624	5	2243	30
625	5	1043	29
625	5	1669	30
626	5	521	29
626	5	1304	30
627	5	574	29
627	5	1461	30
628	5	626	29
628	5	1617	30
629	5	834	29
629	5	2243	30
630	5	782	29
630	5	1878	30
631	5	626	29
631	5	1461	30
631	5	2243	24
632	5	365	24
632	5	730	29
633	5	1513	29
634	5	1148	29
634	5	1774	30
635	5	1356	29
636	5	2191	29
637	5	1043	29
638	5	1826	29
639	5	521	29
639	5	1200	30
640	5	730	29
641	5	574	29
642	5	1095	29
643	5	2243	29
644	5	469	24
644	5	887	29
645	5	730	29
645	5	1513	30
646	5	417	24
646	5	678	29
646	5	1408	30
647	5	1408	29
648	5	782	29
648	5	1669	30
649	5	469	24
649	5	887	29
650	5	1408	29
650	5	2243	30
651	5	574	29
652	5	574	29
652	5	1513	30
653	5	521	24
653	5	991	29
653	5	1930	30
654	5	782	29
655	5	730	29
655	5	1722	30
656	5	626	29
656	5	1617	30
657	5	521	29
658	5	469	24
658	5	939	29
658	5	1513	30
659	5	1095	29
659	5	1722	30
660	5	834	29
661	5	417	24
661	5	887	29
662	5	678	29
662	5	1513	30
663	5	991	29
664	5	469	24
664	5	887	29
664	5	1565	30
664	5	2295	28
665	5	417	24
665	5	834	29
666	5	417	24
666	5	678	29
666	5	1982	30
667	5	521	29
668	5	939	29
668	5	1826	30
668	5	2087	24
669	5	730	29
669	5	1774	30
670	5	834	29
670	5	1774	30
671	5	1148	29
672	5	834	29
672	5	2087	30
673	5	730	29
673	5	2087	30
674	5	678	29
674	5	1513	30
675	5	1043	29
675	5	1565	30
676	5	417	24
676	5	834	29
677	5	834	29
677	5	1461	30
678	5	469	24
678	5	730	29
678	5	2035	30
679	5	1095	29
680	5	991	29
680	5	1565	30
681	5	887	29
682	5	574	29
682	5	1878	30
683	5	1148	29
684	5	991	29
684	5	1565	30
685	5	574	29
685	5	2191	30
686	5	469	24
686	5	939	29
687	5	1356	29
688	5	1148	29
688	5	2087	30
689	5	1095	29
689	5	2139	30
690	5	574	29
691	5	469	24
691	5	887	29
691	5	2191	30
692	5	574	29
692	5	1252	30
693	5	626	29
693	5	1408	30
694	5	521	24
694	5	939	29
694	5	2139	30
695	5	365	24
695	5	730	29
696	5	834	29
697	5	469	24
697	5	834	29
698	5	1408	29
698	5	2243	30
699	5	626	29
699	5	1669	30
700	5	574	29
701	5	887	29
701	5	1513	30
702	5	626	29
703	5	417	24
703	5	834	29
704	5	1878	29
705	5	887	29
705	5	1878	30
705	5	2139	24
706	5	417	24
706	5	678	29
706	5	2087	30
707	5	521	24
707	5	782	29
708	5	1043	29
708	5	1669	30
708	5	2243	24
709	5	521	29
709	5	1356	30
709	5	2295	24
710	5	521	29
710	5	1252	30
711	5	1043	29
711	5	1722	30
711	5	1982	24
712	5	782	29
712	5	1722	30
713	5	1617	29
714	5	417	24
714	5	730	29
715	5	782	29
715	5	1930	30
716	5	365	24
716	5	626	29
716	5	1304	30
717	5	1043	29
717	5	1565	30
718	5	417	24
718	5	834	29
719	5	834	29
720	5	1878	29
721	5	678	29
721	5	1565	30
722	5	365	24
722	5	678	29
722	5	1252	30
723	5	678	29
724	5	678	29
725	5	469	24
725	5	834	29
725	5	1669	30
726	5	678	29
726	5	1408	30
727	5	1148	29
728	5	1826	29
729	5	469	24
729	5	834	29
730	5	678	29
730	5	1669	30
731	5	417	24
731	5	730	29
731	5	2087	30
732	5	521	24
732	5	887	29
733	5	469	24
733	5	834	29
733	5	1617	30
734	5	417	24
734	5	730	29
734	5	1826	30
735	5	1930	29
736	5	991	29
737	5	469	24
737	5	730	29
737	5	1669	30
738	5	469	24
738	5	887	29
738	5	1513	30
738	5	2191	28
739	5	1095	29
739	5	1722	30
741	5	574	29
742	5	417	24
742	5	730	29
742	5	2087	30
743	5	417	24
743	5	678	29
743	5	1930	30
744	5	1095	29
744	5	1722	30
744	5	1982	24
745	5	991	29
746	5	1252	29
747	5	678	29
748	5	1982	29
749	5	1304	29
750	5	521	24
750	5	1252	29
751	5	991	29
752	5	834	29
752	5	1617	30
753	5	417	24
753	5	782	29
753	5	2139	30
754	5	417	24
754	5	782	29
755	5	417	24
755	5	782	29
756	5	417	24
756	5	834	29
756	5	2191	30
757	5	1461	29
757	5	2295	30
758	5	365	24
758	5	678	29
759	5	1252	29
760	5	626	29
761	5	730	29
761	5	1930	30
762	5	574	29
762	5	1565	30
763	5	1148	29
763	5	1878	30
763	5	2139	24
764	5	574	24
765	5	417	24
765	5	782	29
766	5	469	24
766	5	834	29
767	5	1095	29
767	5	1878	30
767	5	2139	24
768	5	1408	29
769	5	730	29
770	5	1878	29
771	5	1095	29
771	5	1774	30
772	5	782	29
773	5	1408	29
774	5	417	24
774	5	782	29
774	5	1408	30
775	5	1148	29
776	5	417	24
776	5	678	29
776	5	1356	30
776	5	2295	28
777	5	1982	29
778	5	469	24
778	5	939	29
779	5	1878	29
780	5	521	24
780	5	1148	29
781	5	574	29
781	5	1408	30
782	5	574	29
782	5	2087	30
783	5	1356	29
784	5	417	24
784	5	730	29
784	5	2035	30
785	5	521	24
785	5	1043	29
786	5	730	29
787	5	1304	29
787	5	2139	30
788	5	521	29
788	5	1565	30
789	5	1043	29
789	5	1669	30
789	5	1930	24
790	5	834	29
790	5	1930	30
791	5	1304	29
792	5	469	24
792	5	887	29
793	5	365	24
793	5	782	29
794	5	417	24
794	5	626	29
794	5	2191	30
795	5	1461	29
796	5	1304	29
797	5	417	24
797	5	782	29
798	5	887	29
798	5	1982	30
798	5	2243	24
800	5	1200	29
801	5	1304	29
801	5	2087	30
802	5	574	29
802	5	1565	30
803	5	521	24
803	5	939	29
803	5	1722	30
804	5	574	29
804	5	1878	30
806	5	1304	29
807	5	365	24
807	5	730	29
807	5	1774	30
808	5	1982	29
809	5	1669	29
810	5	417	24
810	5	730	29
811	5	417	24
811	5	730	29
812	5	521	29
812	5	1252	30
812	5	2191	24
813	5	574	24
813	5	1200	29
814	5	626	29
815	5	469	29
816	5	1043	29
816	5	1930	30
817	5	2087	29
818	5	626	29
818	5	1617	30
819	5	1408	29
820	5	626	29
821	5	1095	29
821	5	1982	30
822	5	365	24
822	5	730	29
823	5	417	24
823	5	782	29
823	5	2087	30
824	5	1043	29
824	5	1617	30
825	5	991	29
825	5	1617	30
826	5	834	29
826	5	1617	30
827	5	782	29
828	5	1252	29
828	5	1982	30
828	5	2243	24
829	5	1982	29
830	5	1043	29
831	5	521	29
831	5	1252	30
831	5	2035	24
832	5	417	24
832	5	887	29
832	5	2035	30
833	5	1148	29
834	5	417	24
834	5	730	29
834	5	1513	30
834	5	2191	28
835	5	626	29
835	5	2139	30
836	5	2035	29
837	5	1095	29
837	5	2087	30
838	5	469	29
838	5	1252	30
838	5	2243	24
839	5	1304	29
839	5	2087	30
840	5	365	24
840	5	626	29
840	5	1200	30
841	5	521	29
842	5	730	29
842	5	1617	30
843	5	417	24
843	5	730	29
843	5	1304	30
843	5	2035	28
844	5	1095	29
845	5	1200	29
846	5	1356	29
847	5	1148	29
847	5	1826	30
847	5	2087	24
848	5	365	24
848	5	678	29
849	5	1878	29
850	5	417	24
850	5	887	29
851	5	2191	29
852	5	834	29
853	5	1304	29
853	5	2243	30
854	5	1043	29
854	5	1617	30
855	5	574	29
856	5	574	24
856	5	1043	29
857	5	1252	29
858	5	678	29
858	5	1513	30
859	5	730	29
860	5	1513	29
861	5	469	24
861	5	834	29
862	5	1461	29
863	5	417	24
863	5	887	29
864	5	417	24
864	5	626	29
864	5	1356	30
864	5	2191	28
865	5	521	29
865	5	1565	30
866	5	365	24
866	5	730	29
866	5	1930	30
867	5	678	29
867	5	2295	30
868	5	521	29
868	5	1617	30
869	5	939	29
869	5	1513	30
870	5	1095	29
870	5	1982	30
871	5	1095	29
871	5	1774	30
871	5	2191	24
873	5	417	24
873	5	730	29
873	5	1356	30
875	5	574	29
875	5	1513	30
876	5	417	24
876	5	730	29
877	5	365	24
877	5	678	29
877	5	1252	30
878	5	1148	29
878	5	2035	30
878	5	2295	24
879	5	626	29
879	5	2087	30
880	5	417	24
880	5	678	29
880	5	1617	30
881	5	887	29
882	5	1200	29
883	5	1617	29
884	5	469	24
884	5	834	29
885	5	417	24
885	5	730	29
885	5	1304	30
886	5	887	29
886	5	2191	30
887	5	574	29
887	5	1722	30
888	5	991	29
889	5	1304	29
889	5	2295	30
890	5	1252	29
890	5	1878	30
890	5	2139	24
891	5	469	24
891	5	834	29
892	5	1461	29
892	5	2191	30
893	5	469	24
893	5	834	29
894	5	521	24
894	5	939	29
895	5	574	29
895	5	1878	30
896	5	469	24
896	5	678	29
897	5	521	29
897	5	1304	30
898	5	521	29
898	5	1200	30
899	5	417	24
899	5	782	29
899	5	1461	30
900	5	834	29
900	5	1930	30
901	5	365	24
901	5	730	29
902	5	782	29
902	5	1461	30
903	5	521	29
903	5	1304	30
903	5	2191	24
905	5	1095	29
905	5	2243	30
906	5	417	24
906	5	678	29
907	5	1930	29
908	5	417	24
908	5	782	29
908	5	1878	30
909	5	1878	29
910	5	1095	29
910	5	1930	30
911	5	834	29
912	5	521	29
913	5	1252	29
913	5	1982	30
913	5	2243	24
914	5	730	29
914	5	1513	30
915	5	1200	29
916	5	469	24
916	5	678	29
916	5	1461	30
917	5	626	29
917	5	2087	30
918	5	1148	29
919	5	1252	29
920	5	730	29
920	5	2295	30
921	5	730	29
922	5	626	29
922	5	1930	30
923	5	1148	29
924	5	521	29
924	5	1200	30
925	5	417	24
925	5	730	29
926	5	574	29
926	5	1356	30
926	5	2243	24
927	5	834	29
927	5	1617	30
929	5	469	24
929	5	887	29
929	5	1722	30
930	5	1722	29
931	5	417	24
931	5	834	29
931	5	2243	30
932	5	1095	29
932	5	1878	30
932	5	2139	24
933	5	1252	29
933	5	1826	30
933	5	2087	24
934	5	991	29
935	5	521	29
935	5	1565	30
936	5	730	29
936	5	2139	30
937	5	782	29
937	5	2243	30
938	5	939	29
938	5	1774	30
939	5	1148	29
940	5	626	29
940	5	1356	30
940	5	2295	24
941	5	417	24
941	5	730	29
941	5	1461	30
942	5	365	24
942	5	730	29
942	5	1356	30
943	5	678	29
944	5	678	29
944	5	1878	30
945	5	1408	29
946	5	678	29
946	5	1774	30
947	5	417	24
947	5	730	29
947	5	1356	30
947	5	2139	28
948	5	417	24
948	5	730	29
948	5	2295	30
949	5	365	24
949	5	574	29
949	5	1200	30
950	5	417	24
950	5	730	29
951	5	2087	29
952	5	1982	29
953	5	417	24
953	5	887	29
954	5	365	24
954	5	782	29
955	5	1982	29
956	5	730	29
957	5	1356	29
958	5	991	29
959	5	2191	29
960	5	574	24
960	5	991	29
961	5	521	24
961	5	887	29
961	5	1930	30
962	5	1930	29
963	5	469	24
963	5	730	29
963	5	2243	30
964	5	521	29
964	5	1200	30
964	5	2087	24
965	5	834	29
965	5	1669	30
966	5	417	24
966	5	730	29
966	5	1930	30
967	5	1200	29
968	5	574	29
968	5	1878	30
969	5	626	29
969	5	1513	30
971	5	469	24
971	5	939	29
972	5	417	24
972	5	678	29
972	5	1252	30
972	5	2191	28
973	5	626	29
974	5	574	29
975	5	1200	29
976	5	574	29
976	5	1408	30
976	5	2295	24
977	5	1722	29
978	5	521	29
978	5	1252	30
979	5	1252	29
979	5	1878	30
979	5	2139	24
980	5	1617	29
981	5	887	29
981	5	1513	30
982	5	574	29
983	5	417	24
983	5	730	29
984	5	991	29
984	5	1669	30
985	5	1095	29
985	5	1669	30
985	5	1930	24
986	5	2191	29
987	5	1095	29
988	5	574	29
988	5	1982	30
989	5	417	24
989	5	782	29
990	5	1669	29
992	5	1669	29
993	5	782	29
994	5	1930	29
995	5	365	24
995	5	678	29
995	5	1826	30
996	5	1148	29
997	5	2295	29
998	5	574	29
998	5	1252	30
998	5	2035	24
999	5	1356	29
