Realization	utility	week	infra.
0	0	887	29
1	0	887	29
2	0	1408	29
3	0	1722	29
4	0	574	29
4	0	1826	30
5	0	574	29
6	0	417	29
7	0	1669	30
8	0	1461	29
8	0	1513	30
10	0	521	29
14	0	469	29
14	0	1043	30
15	0	469	29
16	0	574	29
17	0	574	29
18	0	417	29
20	0	1408	29
21	0	417	29
21	0	991	30
22	0	1826	29
23	0	521	29
24	0	469	29
24	0	1043	30
26	0	1565	29
27	0	469	29
28	0	1513	29
28	0	1565	30
29	0	2191	29
30	0	1826	29
31	0	1252	29
32	0	1669	30
33	0	1356	29
34	0	1513	29
35	0	574	29
36	0	1304	29
37	0	1304	29
38	0	1826	29
39	0	1252	29
40	0	574	29
40	0	1148	30
41	0	1461	29
42	0	1565	30
43	0	417	29
45	0	1356	29
46	0	469	29
47	0	1878	29
49	0	469	29
49	0	1930	30
51	0	2295	29
53	0	1252	30
55	0	1408	29
57	0	521	29
57	0	1095	30
58	0	1304	29
59	0	521	29
61	0	1252	29
62	0	574	29
62	0	2035	30
63	0	417	29
65	0	574	29
66	0	1826	29
67	0	1461	29
69	0	1513	29
71	0	1722	29
75	0	939	29
76	0	2035	29
79	0	1722	29
80	0	1252	29
81	0	1252	29
82	0	2139	29
83	0	1930	29
84	0	1252	29
86	0	2139	29
87	0	417	29
87	0	991	30
88	0	1408	29
89	0	1617	29
90	0	1982	29
91	0	1408	29
92	0	521	29
95	0	2191	29
96	0	1722	30
98	0	2295	29
99	0	2087	29
101	0	1461	29
102	0	1617	29
103	0	1982	29
104	0	417	29
106	0	1408	29
106	0	2035	30
107	0	574	29
107	0	2139	30
108	0	574	29
109	0	2191	29
110	0	574	29
111	0	1356	29
112	0	2191	29
113	0	521	29
114	0	2191	29
116	0	2087	30
117	0	2139	29
118	0	1774	30
119	0	1878	29
120	0	1878	29
122	0	991	29
122	0	1878	30
124	0	887	29
125	0	1252	29
126	0	469	29
126	0	1043	30
127	0	574	29
128	0	574	29
129	0	1982	29
130	0	417	29
131	0	1408	29
131	0	2035	30
132	0	574	29
133	0	1356	29
134	0	1878	29
135	0	521	29
136	0	469	29
136	0	1043	30
137	0	1461	29
138	0	574	29
138	0	1148	30
139	0	1043	29
139	0	1095	30
141	0	521	29
141	0	1095	30
142	0	2139	29
143	0	1878	29
143	0	1930	30
145	0	1722	29
145	0	1774	30
146	0	574	29
147	0	574	29
149	0	574	29
149	0	1148	30
150	0	469	29
151	0	417	29
152	0	469	29
152	0	2035	30
153	0	2191	30
154	0	574	29
154	0	1148	30
155	0	521	29
155	0	1095	30
156	0	574	29
156	0	2191	30
158	0	1252	29
159	0	574	29
159	0	1148	30
160	0	1461	29
162	0	1669	29
162	0	1722	30
164	0	469	29
165	0	1356	29
167	0	2191	29
169	0	887	29
170	0	574	29
170	0	1148	30
172	0	1669	29
173	0	2191	29
174	0	1669	29
175	0	1408	29
175	0	2295	30
176	0	521	29
179	0	574	29
181	0	521	29
182	0	417	29
183	0	574	29
185	0	1356	30
187	0	1513	29
189	0	1461	30
190	0	1878	29
191	0	1252	29
192	0	1356	29
193	0	1304	29
196	0	469	29
196	0	1043	30
198	0	1408	29
198	0	2191	30
199	0	521	29
199	0	2087	30
200	0	1774	29
202	0	1617	30
203	0	417	29
204	0	574	29
205	0	1982	29
206	0	521	29
206	0	1095	30
207	0	991	30
208	0	521	29
210	0	417	29
212	0	1722	29
212	0	1774	30
215	0	1826	29
217	0	1722	29
218	0	1461	29
221	0	417	29
223	0	574	29
224	0	1669	30
225	0	574	29
225	0	1148	30
226	0	469	29
227	0	2191	29
227	0	2243	30
228	0	521	29
228	0	1095	30
229	0	1461	29
230	0	469	29
231	0	469	29
232	0	574	29
232	0	1148	30
233	0	1826	29
233	0	1878	30
235	0	2295	29
240	0	521	29
240	0	1930	30
241	0	1617	29
242	0	1304	29
243	0	521	29
243	0	1095	30
244	0	417	29
244	0	991	30
245	0	1982	29
248	0	521	29
249	0	521	29
250	0	574	29
250	0	1148	30
251	0	1461	29
253	0	2139	29
255	0	2035	29
256	0	417	29
257	0	1774	29
258	0	887	29
259	0	521	29
260	0	1252	29
262	0	1617	29
262	0	1669	30
264	0	574	29
265	0	1252	29
266	0	521	29
267	0	521	29
268	0	1617	29
269	0	1200	30
270	0	1617	29
271	0	1408	29
271	0	1461	30
272	0	521	29
272	0	1095	30
274	0	1982	29
279	0	2035	29
280	0	417	29
283	0	1722	29
284	0	574	29
284	0	1148	30
285	0	1669	29
286	0	521	29
286	0	1930	30
287	0	1982	29
288	0	1252	29
291	0	1408	29
293	0	521	29
293	0	1095	30
294	0	574	29
295	0	2035	29
296	0	521	29
298	0	1774	30
299	0	574	29
301	0	521	29
302	0	1252	29
303	0	469	29
303	0	1043	30
304	0	521	29
306	0	521	29
306	0	1095	30
307	0	469	29
308	0	417	29
309	0	521	29
309	0	1095	30
310	0	1304	29
310	0	1930	30
312	0	2087	29
315	0	574	29
315	0	2191	30
317	0	1826	30
320	0	1826	29
321	0	887	29
322	0	521	29
324	0	1982	29
325	0	2035	29
326	0	574	29
327	0	1722	29
327	0	1774	30
328	0	2243	29
330	0	1408	30
331	0	887	29
332	0	1356	29
333	0	574	29
334	0	1982	29
335	0	574	29
336	0	1252	29
337	0	2191	29
339	0	1252	29
340	0	1774	29
341	0	1722	29
342	0	521	29
342	0	1095	30
343	0	574	29
343	0	1148	30
345	0	574	29
346	0	417	29
346	0	1878	30
347	0	1304	30
348	0	574	29
349	0	574	29
349	0	1148	30
352	0	1408	29
353	0	1252	29
354	0	469	29
354	0	1043	30
355	0	1356	29
356	0	1774	29
357	0	1304	29
358	0	1722	29
360	0	1513	29
361	0	1252	29
364	0	574	29
366	0	1513	29
367	0	521	29
368	0	574	29
368	0	1148	30
369	0	1304	29
369	0	1356	30
371	0	521	29
372	0	1669	29
374	0	2191	29
375	0	1826	30
376	0	574	29
377	0	1878	29
378	0	1774	29
379	0	1461	29
381	0	1878	30
382	0	1252	29
384	0	1252	29
385	0	1408	29
386	0	417	29
387	0	1200	30
389	0	574	29
390	0	521	29
390	0	1095	30
391	0	1252	29
392	0	2295	30
393	0	521	29
393	0	1095	30
394	0	1408	29
395	0	2191	29
396	0	574	29
396	0	1148	30
397	0	1774	29
398	0	574	29
399	0	521	29
400	0	1304	29
402	0	1356	29
404	0	1982	29
405	0	1930	30
406	0	574	29
407	0	1722	30
410	0	2139	29
411	0	417	29
411	0	1043	30
412	0	887	29
412	0	1774	30
413	0	574	29
413	0	1148	30
414	0	1356	29
414	0	2243	30
415	0	1200	30
417	0	574	29
418	0	521	29
418	0	1878	30
419	0	417	29
419	0	1878	30
420	0	1669	29
423	0	1669	30
424	0	521	29
424	0	1095	30
425	0	2087	29
426	0	1669	29
428	0	574	29
429	0	417	29
430	0	574	29
431	0	521	29
431	0	1095	30
432	0	1200	30
433	0	1408	29
434	0	991	29
434	0	1878	30
435	0	469	29
435	0	1043	30
436	0	574	29
436	0	1148	30
437	0	521	29
438	0	417	29
439	0	2295	29
440	0	1878	29
442	0	1722	29
445	0	574	29
446	0	2191	29
451	0	1461	29
451	0	2087	30
452	0	469	29
453	0	521	29
453	0	1095	30
455	0	1669	29
456	0	1878	29
457	0	1722	29
460	0	574	29
461	0	521	29
462	0	1461	29
463	0	574	29
463	0	1826	30
464	0	1722	29
465	0	574	29
466	0	574	29
467	0	469	29
468	0	574	29
469	0	521	29
469	0	1095	30
471	0	2139	29
472	0	469	29
473	0	1565	29
474	0	574	29
474	0	1878	30
475	0	2191	29
478	0	1565	29
480	0	1565	29
481	0	1252	29
481	0	1304	30
482	0	1408	29
485	0	2191	29
486	0	1826	29
487	0	574	29
488	0	1930	29
489	0	574	29
489	0	1148	30
490	0	1669	30
491	0	1722	29
492	0	1774	29
492	0	1826	30
493	0	2243	29
494	0	521	29
495	0	1669	29
495	0	1722	30
496	0	1304	30
497	0	469	29
498	0	574	29
499	0	1356	29
500	0	521	29
500	0	1095	30
501	0	2139	29
502	0	1669	29
503	0	574	29
503	0	1148	30
505	0	2139	29
506	0	1930	29
508	0	991	29
508	0	1878	30
512	0	1722	30
513	0	1722	29
514	0	1304	29
515	0	521	29
515	0	1095	30
516	0	2087	29
517	0	1930	29
518	0	1669	29
518	0	1722	30
519	0	1252	29
520	0	574	29
521	0	574	29
521	0	1774	30
522	0	1408	29
523	0	574	29
525	0	1304	29
525	0	1356	30
527	0	469	29
527	0	1043	30
528	0	574	29
529	0	887	29
529	0	1774	30
530	0	1722	30
531	0	1617	29
532	0	1774	29
534	0	887	29
534	0	1826	30
536	0	2243	29
537	0	521	29
538	0	469	29
538	0	1043	30
539	0	574	29
541	0	469	29
542	0	1826	29
543	0	1774	30
544	0	521	29
544	0	1930	30
546	0	1722	29
547	0	1304	30
549	0	1826	29
550	0	469	29
550	0	1043	30
551	0	469	29
551	0	1095	30
553	0	1669	29
554	0	469	29
554	0	1043	30
555	0	469	29
555	0	1043	30
556	0	1461	29
558	0	417	29
559	0	1617	29
562	0	1774	29
562	0	1826	30
563	0	1513	30
564	0	2191	29
565	0	574	29
565	0	1774	30
566	0	1252	29
567	0	1826	29
568	0	521	29
568	0	1148	30
569	0	1722	29
570	0	1878	29
571	0	521	29
574	0	1461	29
575	0	521	29
575	0	1095	30
576	0	1774	29
577	0	887	29
578	0	2139	29
581	0	1722	29
581	0	2295	30
582	0	1826	29
583	0	887	29
583	0	1774	30
584	0	521	29
585	0	521	29
585	0	1095	30
586	0	1461	29
587	0	469	29
587	0	1043	30
588	0	1304	29
589	0	574	29
589	0	2295	30
590	0	1304	29
590	0	1356	30
593	0	521	29
594	0	2087	29
594	0	2139	30
595	0	1043	29
595	0	1930	30
596	0	1513	30
598	0	521	29
599	0	574	29
601	0	1252	29
604	0	1669	29
604	0	2295	30
605	0	1826	29
606	0	1461	29
607	0	521	29
607	0	2139	30
608	0	574	29
611	0	1722	29
612	0	1774	29
614	0	1826	29
615	0	417	29
616	0	1669	29
620	0	574	29
621	0	1669	29
621	0	1722	30
622	0	469	29
623	0	2191	29
624	0	469	29
625	0	1669	29
626	0	417	29
627	0	1304	29
628	0	1565	29
629	0	2191	29
630	0	1774	30
631	0	1513	30
632	0	574	29
632	0	2191	30
634	0	1774	29
635	0	2295	29
639	0	521	29
639	0	1826	30
641	0	574	29
642	0	1826	29
644	0	1252	29
645	0	1669	30
646	0	574	29
646	0	1148	30
648	0	1565	29
649	0	574	29
650	0	2243	30
651	0	1252	29
652	0	1461	29
653	0	1356	29
654	0	2243	29
655	0	1617	29
656	0	1513	29
657	0	469	29
658	0	1356	29
658	0	1408	30
659	0	1774	29
661	0	574	29
662	0	1461	30
663	0	1826	29
664	0	1200	30
665	0	1252	29
666	0	574	29
667	0	1252	29
668	0	1826	30
669	0	1669	29
670	0	1669	30
672	0	2139	29
673	0	1878	29
674	0	1669	29
674	0	1722	30
675	0	1722	30
676	0	574	29
676	0	1826	30
677	0	1617	30
678	0	574	29
680	0	1722	29
680	0	1774	30
682	0	469	29
684	0	1565	30
685	0	2191	29
686	0	1304	29
688	0	1982	29
689	0	1826	29
690	0	521	29
691	0	1252	29
691	0	2139	30
692	0	1408	30
693	0	417	29
694	0	1461	29
695	0	521	29
697	0	521	29
699	0	1513	29
700	0	574	29
701	0	1617	29
702	0	1356	29
703	0	469	29
705	0	1878	29
706	0	469	29
706	0	1043	30
707	0	574	29
708	0	1722	29
709	0	1304	29
709	0	2191	30
710	0	521	29
710	0	1826	30
711	0	1722	29
712	0	1722	29
714	0	887	29
715	0	1722	29
716	0	574	29
716	0	1148	30
717	0	1669	30
718	0	574	29
718	0	2035	30
721	0	1513	29
722	0	469	29
722	0	1043	30
723	0	417	29
725	0	574	29
726	0	1565	30
729	0	1304	29
730	0	1722	29
731	0	521	29
732	0	1304	29
733	0	574	29
734	0	469	29
736	0	1878	29
737	0	574	29
737	0	2191	30
738	0	1252	29
738	0	1878	30
739	0	1722	29
741	0	1356	29
742	0	574	29
742	0	1774	30
743	0	521	29
744	0	1722	29
746	0	1878	29
747	0	1513	29
750	0	2191	29
752	0	1774	30
753	0	574	29
753	0	1982	30
754	0	574	29
755	0	574	29
756	0	574	29
756	0	1774	30
757	0	2295	29
758	0	574	29
761	0	1669	29
762	0	521	29
763	0	1826	29
764	0	2243	29
765	0	469	29
766	0	1252	29
767	0	1826	29
767	0	1878	30
771	0	1774	30
772	0	2295	29
774	0	521	29
774	0	1148	30
776	0	469	29
776	0	1043	30
778	0	1304	29
780	0	1252	29
781	0	521	29
782	0	1408	29
784	0	469	29
785	0	1356	29
787	0	2139	29
788	0	574	29
789	0	1722	29
790	0	1826	29
791	0	2295	29
792	0	1408	29
793	0	521	29
794	0	521	29
797	0	574	29
798	0	2087	29
801	0	1982	30
802	0	521	29
803	0	574	29
803	0	2139	30
804	0	1356	29
807	0	887	29
807	0	1774	30
810	0	521	29
810	0	1095	30
811	0	521	29
812	0	417	29
812	0	2087	30
813	0	1513	29
814	0	1565	29
815	0	417	29
815	0	991	30
816	0	1774	30
818	0	1304	29
820	0	2295	29
821	0	1826	29
822	0	521	29
822	0	1095	30
823	0	887	29
823	0	1774	30
824	0	1722	29
824	0	1774	30
825	0	1669	29
826	0	1565	30
828	0	1878	29
830	0	1930	29
831	0	469	29
831	0	1826	30
832	0	1095	29
832	0	1982	30
833	0	1878	29
834	0	1304	30
835	0	1408	29
837	0	2139	29
838	0	417	29
838	0	2139	30
839	0	1982	29
840	0	417	29
840	0	991	30
841	0	1252	29
842	0	1565	29
843	0	574	29
843	0	1148	30
845	0	1982	29
847	0	1826	29
848	0	469	29
848	0	1043	30
850	0	521	29
850	0	1148	30
853	0	2191	29
853	0	2243	30
854	0	1722	30
855	0	574	29
858	0	1513	29
861	0	1252	29
862	0	2295	29
863	0	469	29
863	0	1878	30
864	0	521	29
864	0	1095	30
865	0	521	29
866	0	574	29
867	0	1513	29
868	0	1304	29
869	0	1669	29
870	0	1774	29
871	0	1722	29
873	0	521	29
873	0	1095	30
875	0	417	29
876	0	1252	29
877	0	521	29
877	0	1095	30
878	0	1878	29
879	0	2139	29
880	0	887	29
880	0	2191	30
882	0	1722	30
884	0	574	29
885	0	991	29
885	0	1878	30
886	0	2191	29
887	0	521	29
889	0	2191	29
890	0	1826	29
891	0	574	29
892	0	2191	29
893	0	1252	29
894	0	1408	29
895	0	417	29
896	0	1252	29
897	0	1252	30
898	0	469	29
898	0	1826	30
899	0	521	29
899	0	1826	30
900	0	1878	29
900	0	1930	30
901	0	574	29
902	0	1617	29
903	0	417	29
903	0	2087	30
905	0	2035	29
906	0	1252	29
908	0	1252	29
910	0	1826	29
912	0	1356	29
913	0	1878	29
914	0	1617	29
914	0	1669	30
915	0	1878	29
916	0	574	29
917	0	2139	29
917	0	2191	30
918	0	1826	29
919	0	2295	29
920	0	2243	29
922	0	2087	29
922	0	2139	30
923	0	2035	29
924	0	521	29
924	0	1826	30
925	0	1252	29
926	0	521	29
926	0	2243	30
927	0	1565	29
929	0	1252	29
931	0	574	29
931	0	1148	30
932	0	1722	30
933	0	1774	29
934	0	1774	29
935	0	417	29
936	0	2139	29
938	0	1722	29
940	0	469	29
940	0	2087	30
941	0	574	29
941	0	1930	30
942	0	469	29
942	0	1148	30
944	0	1461	29
946	0	417	29
947	0	991	29
947	0	1878	30
948	0	1252	29
949	0	417	29
949	0	991	30
950	0	887	29
953	0	1252	29
953	0	1304	30
954	0	469	29
954	0	1043	30
960	0	1252	30
961	0	1461	29
963	0	574	29
964	0	469	29
964	0	1826	30
965	0	1722	29
966	0	521	29
968	0	1878	29
969	0	574	29
971	0	521	29
972	0	521	29
972	0	1095	30
976	0	1304	29
976	0	2191	30
978	0	1200	30
979	0	1878	29
981	0	1565	29
982	0	469	29
983	0	521	29
984	0	1617	30
985	0	1669	29
987	0	2295	29
988	0	1252	29
989	0	521	29
995	0	574	29
998	0	1408	30
0	1	730	22
0	1	887	29
1	1	730	22
1	1	887	29
2	1	1408	29
3	1	1565	22
3	1	1722	29
4	1	574	29
4	1	1826	30
5	1	574	29
6	1	417	29
7	1	1356	22
7	1	1669	30
8	1	1200	22
8	1	1461	29
8	1	1513	30
10	1	521	29
14	1	469	29
14	1	1043	30
15	1	469	29
16	1	574	29
17	1	574	29
18	1	417	29
20	1	1304	22
20	1	1408	29
21	1	417	29
21	1	991	30
22	1	1826	29
23	1	521	29
24	1	469	29
24	1	1043	30
26	1	1565	29
27	1	469	29
28	1	1252	22
28	1	1513	29
28	1	1565	30
29	1	2191	29
30	1	1722	22
30	1	1826	29
31	1	1252	29
32	1	1356	22
32	1	1669	30
33	1	1356	29
34	1	1356	22
34	1	1513	29
35	1	574	29
36	1	887	22
36	1	1304	29
37	1	939	22
37	1	1304	29
38	1	1826	29
39	1	1252	29
40	1	574	29
40	1	1148	30
41	1	1461	29
42	1	1252	22
42	1	1565	30
43	1	417	29
45	1	1304	22
45	1	1356	29
46	1	469	29
47	1	1722	22
47	1	1878	29
49	1	469	29
49	1	1930	30
51	1	2243	22
51	1	2295	29
53	1	939	22
53	1	1252	30
55	1	1408	29
57	1	521	29
57	1	1095	30
58	1	1148	22
58	1	1304	29
59	1	521	29
61	1	1252	29
62	1	574	29
62	1	2035	30
63	1	417	29
65	1	574	29
66	1	1722	22
66	1	1826	29
67	1	1252	22
67	1	1461	29
69	1	1513	29
71	1	1722	29
75	1	887	22
75	1	939	29
76	1	2035	29
77	1	2139	22
79	1	1722	29
80	1	1252	29
81	1	1252	29
82	1	2139	29
83	1	1930	29
84	1	1252	29
86	1	2139	29
87	1	417	29
87	1	991	30
88	1	1200	22
88	1	1408	29
89	1	1617	29
90	1	1722	22
90	1	1982	29
91	1	1408	29
92	1	521	29
95	1	2191	29
96	1	1408	22
96	1	1722	30
98	1	2295	29
99	1	2087	29
101	1	1461	29
102	1	1617	29
103	1	1982	29
104	1	417	29
106	1	1200	22
106	1	1408	29
106	1	2035	30
107	1	574	29
107	1	2139	30
108	1	574	29
109	1	2191	29
110	1	574	29
111	1	1356	29
112	1	2191	29
113	1	521	29
114	1	2191	29
116	1	1774	22
116	1	2087	30
117	1	2139	29
118	1	1461	22
118	1	1774	30
119	1	1669	22
119	1	1878	29
120	1	1669	22
120	1	1878	29
122	1	834	22
122	1	991	29
122	1	1878	30
124	1	782	22
124	1	887	29
125	1	1200	22
125	1	1252	29
126	1	469	29
126	1	1043	30
127	1	574	29
128	1	574	29
129	1	1982	29
130	1	417	29
131	1	1408	29
131	1	2035	30
132	1	574	29
133	1	991	22
133	1	1356	29
134	1	1722	22
134	1	1878	29
135	1	521	29
136	1	469	29
136	1	1043	30
137	1	1461	29
138	1	574	29
138	1	1148	30
139	1	782	22
139	1	1043	29
139	1	1095	30
141	1	521	29
141	1	1095	30
142	1	1930	22
142	1	2139	29
143	1	1617	22
143	1	1878	29
143	1	1930	30
145	1	1461	22
145	1	1722	29
145	1	1774	30
146	1	574	29
147	1	574	29
149	1	574	29
149	1	1148	30
150	1	469	29
151	1	417	29
152	1	469	29
152	1	2035	30
153	1	1774	22
153	1	2191	30
154	1	574	29
154	1	1148	30
155	1	521	29
155	1	1095	30
156	1	574	29
156	1	2191	30
158	1	1148	22
158	1	1252	29
159	1	574	29
159	1	1148	30
160	1	1461	29
162	1	1408	22
162	1	1669	29
162	1	1722	30
164	1	469	29
165	1	1148	22
165	1	1356	29
167	1	2191	29
169	1	834	22
169	1	887	29
170	1	574	29
170	1	1148	30
172	1	1513	22
172	1	1669	29
173	1	2191	29
174	1	1565	22
174	1	1669	29
175	1	1252	22
175	1	1408	29
175	1	2295	30
176	1	521	29
179	1	574	29
181	1	521	29
182	1	417	29
183	1	574	29
185	1	1043	22
185	1	1356	30
187	1	1461	22
187	1	1513	29
189	1	1148	22
189	1	1461	30
190	1	1617	22
190	1	1878	29
191	1	782	22
191	1	1252	29
192	1	1200	22
192	1	1356	29
193	1	1304	29
196	1	469	29
196	1	1043	30
198	1	1408	29
198	1	2191	30
199	1	521	29
199	1	2087	30
200	1	1722	22
200	1	1774	29
202	1	1304	22
202	1	1617	30
203	1	417	29
204	1	574	29
205	1	1982	29
206	1	521	29
206	1	1095	30
207	1	678	22
207	1	991	30
208	1	521	29
210	1	417	29
212	1	1461	22
212	1	1722	29
212	1	1774	30
215	1	1826	29
217	1	1617	22
217	1	1722	29
218	1	1408	22
218	1	1461	29
221	1	417	29
223	1	574	29
224	1	1356	22
224	1	1669	30
225	1	574	29
225	1	1148	30
226	1	469	29
227	1	1930	22
227	1	2191	29
227	1	2243	30
228	1	521	29
228	1	1095	30
229	1	1304	22
229	1	1461	29
230	1	469	29
231	1	469	29
232	1	574	29
232	1	1148	30
233	1	1565	22
233	1	1826	29
233	1	1878	30
235	1	2295	29
236	1	2139	22
240	1	521	29
240	1	1930	30
241	1	1408	22
241	1	1617	29
242	1	1304	29
243	1	521	29
243	1	1095	30
244	1	417	29
244	1	991	30
245	1	1982	29
248	1	521	29
249	1	521	29
250	1	574	29
250	1	1148	30
251	1	1461	29
253	1	2139	29
255	1	2035	29
256	1	417	29
257	1	1774	29
258	1	730	22
258	1	887	29
259	1	521	29
260	1	1252	29
262	1	1356	22
262	1	1617	29
262	1	1669	30
264	1	574	29
265	1	1252	29
266	1	521	29
267	1	521	29
268	1	1408	22
268	1	1617	29
269	1	887	22
269	1	1200	30
270	1	1617	29
271	1	1148	22
271	1	1408	29
271	1	1461	30
272	1	521	29
272	1	1095	30
274	1	1982	29
279	1	2035	29
280	1	417	29
283	1	1722	29
284	1	574	29
284	1	1148	30
285	1	1565	22
285	1	1669	29
286	1	521	29
286	1	1930	30
287	1	1982	29
288	1	1252	29
291	1	1408	29
292	1	2295	22
293	1	521	29
293	1	1095	30
294	1	574	29
295	1	1878	22
295	1	2035	29
296	1	521	29
298	1	1461	22
298	1	1774	30
299	1	574	29
300	1	2243	22
301	1	521	29
302	1	1200	22
302	1	1252	29
303	1	469	29
303	1	1043	30
304	1	521	29
306	1	521	29
306	1	1095	30
307	1	469	29
308	1	417	29
309	1	521	29
309	1	1095	30
310	1	1252	22
310	1	1304	29
310	1	1930	30
312	1	2087	29
315	1	574	29
315	1	2191	30
317	1	1513	22
317	1	1826	30
320	1	1617	22
320	1	1826	29
321	1	782	22
321	1	887	29
322	1	521	29
324	1	1982	29
325	1	2035	29
326	1	574	29
327	1	1461	22
327	1	1722	29
327	1	1774	30
328	1	2243	29
330	1	1095	22
330	1	1408	30
331	1	834	22
331	1	887	29
332	1	1304	22
332	1	1356	29
333	1	574	29
334	1	1982	29
335	1	574	29
336	1	1252	29
337	1	2035	22
337	1	2191	29
339	1	939	22
339	1	1252	29
340	1	1617	22
340	1	1774	29
341	1	1617	22
341	1	1722	29
342	1	521	29
342	1	1095	30
343	1	574	29
343	1	1148	30
345	1	574	29
346	1	417	29
346	1	1878	30
347	1	939	22
347	1	1304	30
348	1	574	29
349	1	574	29
349	1	1148	30
352	1	1408	29
353	1	834	22
353	1	1252	29
354	1	469	29
354	1	1043	30
355	1	887	22
355	1	1356	29
356	1	1774	29
357	1	939	22
357	1	1304	29
358	1	1513	22
358	1	1722	29
360	1	1513	29
361	1	1252	29
364	1	574	29
366	1	1513	29
367	1	521	29
368	1	574	29
368	1	1148	30
369	1	1043	22
369	1	1304	29
369	1	1356	30
371	1	521	29
372	1	1617	22
372	1	1669	29
374	1	2191	29
375	1	1513	22
375	1	1826	30
376	1	574	29
377	1	1669	22
377	1	1878	29
378	1	1565	22
378	1	1774	29
379	1	1408	22
379	1	1461	29
381	1	991	22
381	1	1878	30
382	1	939	22
382	1	1252	29
384	1	1252	29
385	1	1408	29
386	1	417	29
387	1	887	22
387	1	1200	30
389	1	574	29
390	1	521	29
390	1	1095	30
391	1	939	22
391	1	1252	29
392	1	1982	22
392	1	2295	30
393	1	521	29
393	1	1095	30
394	1	1408	29
395	1	2191	29
396	1	574	29
396	1	1148	30
397	1	1669	22
397	1	1774	29
398	1	574	29
399	1	521	29
400	1	939	22
400	1	1304	29
402	1	1356	29
404	1	1774	22
404	1	1982	29
405	1	1513	22
405	1	1930	30
406	1	574	29
407	1	1408	22
407	1	1722	30
410	1	2139	29
411	1	417	29
411	1	1043	30
412	1	730	22
412	1	887	29
412	1	1774	30
413	1	574	29
413	1	1148	30
414	1	1304	22
414	1	1356	29
414	1	2243	30
415	1	887	22
415	1	1200	30
417	1	574	29
418	1	521	29
418	1	1878	30
419	1	417	29
419	1	1878	30
420	1	1461	22
420	1	1669	29
423	1	1356	22
423	1	1669	30
424	1	521	29
424	1	1095	30
425	1	1878	22
425	1	2087	29
426	1	1461	22
426	1	1669	29
428	1	574	29
429	1	417	29
430	1	574	29
431	1	521	29
431	1	1095	30
432	1	887	22
432	1	1200	30
433	1	1408	29
434	1	991	29
434	1	1878	30
435	1	469	29
435	1	1043	30
436	1	574	29
436	1	1148	30
437	1	521	29
438	1	417	29
439	1	2295	29
440	1	1878	29
442	1	1513	22
442	1	1722	29
445	1	574	29
446	1	1982	22
446	1	2191	29
451	1	1252	22
451	1	1461	29
451	1	2087	30
452	1	469	29
453	1	521	29
453	1	1095	30
455	1	1513	22
455	1	1669	29
456	1	1722	22
456	1	1878	29
457	1	1722	29
460	1	574	29
461	1	521	29
462	1	1461	29
463	1	574	29
463	1	1826	30
464	1	1513	22
464	1	1722	29
465	1	574	29
466	1	574	29
467	1	469	29
468	1	574	29
469	1	521	29
469	1	1095	30
471	1	2087	22
471	1	2139	29
472	1	469	29
473	1	1565	29
474	1	574	29
474	1	1878	30
475	1	2191	29
478	1	1565	29
480	1	1565	29
481	1	991	22
481	1	1252	29
481	1	1304	30
482	1	1408	29
485	1	2191	29
486	1	1617	22
486	1	1826	29
487	1	574	29
488	1	1930	29
489	1	574	29
489	1	1148	30
490	1	1356	22
490	1	1669	30
491	1	1722	29
492	1	1513	22
492	1	1774	29
492	1	1826	30
493	1	2243	29
494	1	521	29
495	1	1408	22
495	1	1669	29
495	1	1722	30
496	1	991	22
496	1	1304	30
497	1	469	29
498	1	574	29
499	1	1356	29
500	1	521	29
500	1	1095	30
501	1	2139	29
502	1	1565	22
502	1	1669	29
503	1	574	29
503	1	1148	30
505	1	2139	29
506	1	1930	29
508	1	834	22
508	1	991	29
508	1	1878	30
512	1	1408	22
512	1	1722	30
513	1	1722	29
514	1	1304	29
515	1	521	29
515	1	1095	30
516	1	2087	29
517	1	1930	29
518	1	1408	22
518	1	1669	29
518	1	1722	30
519	1	1252	29
520	1	574	29
521	1	574	29
521	1	1774	30
522	1	1304	22
522	1	1408	29
523	1	574	29
525	1	1043	22
525	1	1304	29
525	1	1356	30
527	1	469	29
527	1	1043	30
528	1	574	29
529	1	782	22
529	1	887	29
529	1	1774	30
530	1	1408	22
530	1	1722	30
531	1	1408	22
531	1	1617	29
532	1	1722	22
532	1	1774	29
534	1	730	22
534	1	887	29
534	1	1826	30
536	1	2243	29
537	1	521	29
538	1	469	29
538	1	1043	30
539	1	574	29
541	1	469	29
542	1	1722	22
542	1	1826	29
543	1	1461	22
543	1	1774	30
544	1	521	29
544	1	1930	30
546	1	1565	22
546	1	1722	29
547	1	991	22
547	1	1304	30
549	1	1722	22
549	1	1826	29
550	1	469	29
550	1	1043	30
551	1	469	29
551	1	1095	30
553	1	1513	22
553	1	1669	29
554	1	469	29
554	1	1043	30
555	1	469	29
555	1	1043	30
556	1	1408	22
556	1	1461	29
558	1	417	29
559	1	1408	22
559	1	1617	29
562	1	1513	22
562	1	1774	29
562	1	1826	30
563	1	1200	22
563	1	1513	30
564	1	2191	29
565	1	574	29
565	1	1774	30
566	1	887	22
566	1	1252	29
567	1	1722	22
567	1	1826	29
568	1	521	29
568	1	1148	30
569	1	1565	22
569	1	1722	29
570	1	1722	22
570	1	1878	29
571	1	521	29
574	1	1461	29
575	1	521	29
575	1	1095	30
576	1	1669	22
576	1	1774	29
577	1	782	22
577	1	887	29
578	1	2139	29
581	1	1565	22
581	1	1722	29
581	1	2295	30
582	1	1617	22
582	1	1826	29
583	1	782	22
583	1	887	29
583	1	1774	30
584	1	521	29
585	1	521	29
585	1	1095	30
586	1	1252	22
586	1	1461	29
587	1	469	29
587	1	1043	30
588	1	1304	29
589	1	574	29
589	1	2295	30
590	1	939	22
590	1	1304	29
590	1	1356	30
593	1	521	29
594	1	1826	22
594	1	2087	29
594	1	2139	30
595	1	991	22
595	1	1043	29
595	1	1930	30
596	1	1200	22
596	1	1513	30
598	1	521	29
599	1	574	29
601	1	1252	29
604	1	1461	22
604	1	1669	29
604	1	2295	30
605	1	1774	22
605	1	1826	29
606	1	1304	22
606	1	1461	29
607	1	521	29
607	1	2139	30
608	1	574	29
611	1	1722	29
612	1	1617	22
612	1	1774	29
614	1	1722	22
614	1	1826	29
615	1	417	29
616	1	1669	29
620	1	574	29
621	1	1408	22
621	1	1669	29
621	1	1722	30
622	1	469	29
623	1	2191	29
624	1	469	29
625	1	1513	22
625	1	1669	29
626	1	417	29
627	1	1304	29
628	1	1461	22
628	1	1565	29
629	1	2191	29
630	1	1461	22
630	1	1774	30
631	1	1200	22
631	1	1513	30
632	1	574	29
632	1	2191	30
634	1	1669	22
634	1	1774	29
635	1	2295	29
639	1	521	29
639	1	1826	30
641	1	574	29
642	1	1617	22
642	1	1826	29
644	1	1252	29
645	1	1356	22
645	1	1669	30
646	1	574	29
646	1	1148	30
648	1	1565	29
649	1	574	29
650	1	1930	22
650	1	2243	30
651	1	1252	29
652	1	1461	29
653	1	1252	22
653	1	1356	29
654	1	2243	29
655	1	1617	29
656	1	1513	29
657	1	469	29
658	1	1095	22
658	1	1356	29
658	1	1408	30
659	1	1774	29
661	1	574	29
662	1	1148	22
662	1	1461	30
663	1	1565	22
663	1	1826	29
664	1	887	22
664	1	1200	30
665	1	939	22
665	1	1252	29
666	1	574	29
667	1	782	22
667	1	1252	29
668	1	1513	22
668	1	1826	30
669	1	1669	29
670	1	1356	22
670	1	1669	30
672	1	2139	29
673	1	1722	22
673	1	1878	29
674	1	1408	22
674	1	1669	29
674	1	1722	30
675	1	1408	22
675	1	1722	30
676	1	574	29
676	1	1826	30
677	1	1304	22
677	1	1617	30
678	1	574	29
680	1	1461	22
680	1	1722	29
680	1	1774	30
682	1	469	29
684	1	1252	22
684	1	1565	30
685	1	1982	22
685	1	2191	29
686	1	1304	29
688	1	1982	29
689	1	1826	29
690	1	521	29
691	1	1148	22
691	1	1252	29
691	1	2139	30
692	1	1095	22
692	1	1408	30
693	1	417	29
694	1	1461	29
695	1	521	29
697	1	521	29
699	1	1513	29
700	1	574	29
701	1	1408	22
701	1	1617	29
702	1	1356	29
703	1	469	29
705	1	1669	22
705	1	1878	29
706	1	469	29
706	1	1043	30
707	1	574	29
708	1	1722	29
709	1	1200	22
709	1	1304	29
709	1	2191	30
710	1	521	29
710	1	1826	30
711	1	1513	22
711	1	1722	29
712	1	1722	29
714	1	782	22
714	1	887	29
715	1	1669	22
715	1	1722	29
716	1	574	29
716	1	1148	30
717	1	1356	22
717	1	1669	30
718	1	574	29
718	1	2035	30
721	1	1513	29
722	1	469	29
722	1	1043	30
723	1	417	29
724	1	2035	22
725	1	574	29
726	1	1252	22
726	1	1565	30
729	1	1304	29
730	1	1565	22
730	1	1722	29
731	1	521	29
732	1	1304	29
733	1	574	29
734	1	469	29
736	1	1878	29
737	1	574	29
737	1	2191	30
738	1	1200	22
738	1	1252	29
738	1	1878	30
739	1	1565	22
739	1	1722	29
741	1	1356	29
742	1	574	29
742	1	1774	30
743	1	521	29
744	1	1513	22
744	1	1722	29
746	1	1878	29
747	1	1513	29
750	1	2191	29
752	1	1461	22
752	1	1774	30
753	1	574	29
753	1	1982	30
754	1	574	29
755	1	574	29
756	1	574	29
756	1	1774	30
757	1	2295	29
758	1	574	29
761	1	1669	29
762	1	521	29
763	1	1826	29
764	1	2243	29
765	1	469	29
766	1	1252	29
767	1	1565	22
767	1	1826	29
767	1	1878	30
771	1	1461	22
771	1	1774	30
772	1	2295	29
774	1	521	29
774	1	1148	30
776	1	469	29
776	1	1043	30
778	1	1304	29
780	1	1252	29
781	1	521	29
782	1	1408	29
784	1	469	29
785	1	1356	29
787	1	2139	29
788	1	574	29
789	1	1513	22
789	1	1722	29
790	1	1826	29
791	1	2295	29
792	1	1408	29
793	1	521	29
794	1	521	29
795	1	2243	22
797	1	574	29
798	1	1930	22
798	1	2087	29
801	1	1669	22
801	1	1982	30
802	1	521	29
803	1	574	29
803	1	2139	30
804	1	1356	29
807	1	730	22
807	1	887	29
807	1	1774	30
809	1	2243	22
810	1	521	29
810	1	1095	30
811	1	521	29
812	1	417	29
812	1	2087	30
813	1	1513	29
814	1	1565	29
815	1	417	29
815	1	991	30
816	1	1461	22
816	1	1774	30
818	1	1304	29
820	1	2295	29
821	1	1722	22
821	1	1826	29
822	1	521	29
822	1	1095	30
823	1	730	22
823	1	887	29
823	1	1774	30
824	1	1461	22
824	1	1722	29
824	1	1774	30
825	1	1513	22
825	1	1669	29
826	1	1252	22
826	1	1565	30
828	1	1669	22
828	1	1878	29
830	1	1930	29
831	1	469	29
831	1	1826	30
832	1	887	22
832	1	1095	29
832	1	1982	30
833	1	1669	22
833	1	1878	29
834	1	991	22
834	1	1304	30
835	1	1408	29
837	1	2139	29
838	1	417	29
838	1	2139	30
839	1	1982	29
840	1	417	29
840	1	991	30
841	1	887	22
841	1	1252	29
842	1	1513	22
842	1	1565	29
843	1	574	29
843	1	1148	30
845	1	1982	29
847	1	1669	22
847	1	1826	29
848	1	469	29
848	1	1043	30
850	1	521	29
850	1	1148	30
853	1	1930	22
853	1	2191	29
853	1	2243	30
854	1	1408	22
854	1	1722	30
855	1	574	29
858	1	1408	22
858	1	1513	29
861	1	887	22
861	1	1252	29
862	1	2295	29
863	1	469	29
863	1	1878	30
864	1	521	29
864	1	1095	30
865	1	521	29
866	1	574	29
867	1	1513	29
868	1	1304	29
869	1	1565	22
869	1	1669	29
870	1	1669	22
870	1	1774	29
871	1	1722	29
873	1	521	29
873	1	1095	30
875	1	417	29
876	1	887	22
876	1	1252	29
877	1	521	29
877	1	1095	30
878	1	1878	29
879	1	2139	29
880	1	782	22
880	1	887	29
880	1	2191	30
882	1	1408	22
882	1	1722	30
884	1	574	29
885	1	834	22
885	1	991	29
885	1	1878	30
886	1	2191	29
887	1	521	29
889	1	2191	29
890	1	1774	22
890	1	1826	29
891	1	574	29
892	1	2139	22
892	1	2191	29
893	1	1252	29
894	1	1408	29
895	1	417	29
896	1	782	22
896	1	1252	29
897	1	887	22
897	1	1252	30
898	1	469	29
898	1	1826	30
899	1	521	29
899	1	1826	30
900	1	1617	22
900	1	1878	29
900	1	1930	30
901	1	574	29
902	1	1408	22
902	1	1617	29
903	1	417	29
903	1	2087	30
905	1	2035	29
906	1	834	22
906	1	1252	29
908	1	834	22
908	1	1252	29
910	1	1826	29
912	1	939	22
912	1	1356	29
913	1	1878	29
914	1	1356	22
914	1	1617	29
914	1	1669	30
915	1	1774	22
915	1	1878	29
916	1	574	29
917	1	1878	22
917	1	2139	29
917	1	2191	30
918	1	1826	29
919	1	2295	29
920	1	2243	29
922	1	1826	22
922	1	2087	29
922	1	2139	30
923	1	2035	29
924	1	521	29
924	1	1826	30
925	1	1252	29
926	1	521	29
926	1	2243	30
927	1	1565	29
929	1	1252	29
931	1	574	29
931	1	1148	30
932	1	1408	22
932	1	1722	30
933	1	1722	22
933	1	1774	29
934	1	1513	22
934	1	1774	29
935	1	417	29
936	1	2139	29
938	1	1565	22
938	1	1722	29
940	1	469	29
940	1	2087	30
941	1	574	29
941	1	1930	30
942	1	469	29
942	1	1148	30
944	1	1461	29
946	1	417	29
947	1	834	22
947	1	991	29
947	1	1878	30
948	1	834	22
948	1	1252	29
949	1	417	29
949	1	991	30
950	1	782	22
950	1	887	29
953	1	887	22
953	1	1252	29
953	1	1304	30
954	1	469	29
954	1	1043	30
960	1	939	22
960	1	1252	30
961	1	1461	29
963	1	574	29
964	1	469	29
964	1	1826	30
965	1	1617	22
965	1	1722	29
966	1	521	29
968	1	1878	29
969	1	574	29
971	1	521	29
972	1	521	29
972	1	1095	30
976	1	1252	22
976	1	1304	29
976	1	2191	30
978	1	887	22
978	1	1200	30
979	1	1878	29
981	1	1356	22
981	1	1565	29
982	1	469	29
983	1	521	29
984	1	1304	22
984	1	1617	30
985	1	1513	22
985	1	1669	29
987	1	2295	29
988	1	991	22
988	1	1252	29
989	1	521	29
995	1	574	29
998	1	1095	22
998	1	1408	30
0	2	261	26
0	2	521	33
0	2	1148	13
1	2	261	26
1	2	521	33
1	2	1148	13
2	2	261	26
2	2	626	33
3	2	261	26
3	2	1356	13
4	2	261	26
4	2	574	33
4	2	1148	13
5	2	261	26
5	2	521	33
5	2	2035	13
6	2	261	26
6	2	626	33
6	2	1461	13
7	2	261	26
7	2	1252	13
7	2	1669	33
8	2	261	26
8	2	730	33
8	2	1148	13
9	2	261	26
10	2	261	26
10	2	521	33
10	2	1148	13
11	2	261	26
12	2	261	26
13	2	261	26
14	2	261	26
14	2	521	33
14	2	1148	13
15	2	261	26
15	2	521	33
15	2	1148	13
16	2	261	26
16	2	521	33
16	2	1148	13
17	2	261	26
17	2	521	33
17	2	1148	13
18	2	261	26
18	2	521	33
18	2	1148	13
19	2	261	26
20	2	261	26
20	2	730	33
20	2	1200	13
21	2	261	26
21	2	521	33
21	2	1148	13
22	2	261	26
22	2	1356	13
23	2	261	26
23	2	521	33
23	2	1148	13
24	2	261	26
24	2	521	33
24	2	1148	13
25	2	261	26
26	2	261	26
26	2	834	33
26	2	1461	13
27	2	261	26
27	2	521	33
27	2	1148	13
28	2	261	26
28	2	887	33
28	2	1200	13
29	2	261	26
29	2	1878	13
30	2	261	26
30	2	1669	13
31	2	261	26
31	2	574	33
32	2	261	26
32	2	1304	13
33	2	261	26
33	2	730	33
34	2	261	26
34	2	939	33
34	2	1513	13
35	2	261	26
35	2	521	33
35	2	1148	13
36	2	261	26
36	2	521	33
36	2	1148	13
37	2	261	26
37	2	678	33
38	2	261	26
38	2	678	33
39	2	261	26
39	2	574	33
39	2	1200	13
40	2	261	26
40	2	521	33
40	2	1148	13
41	2	261	26
41	2	939	33
41	2	1513	13
42	2	261	26
42	2	939	33
42	2	1252	13
43	2	261	26
43	2	521	33
43	2	1148	13
44	2	261	26
45	2	261	26
45	2	730	33
45	2	1148	13
46	2	261	26
46	2	521	33
46	2	1565	13
47	2	261	26
47	2	1356	13
48	2	261	26
49	2	261	26
49	2	626	33
49	2	1148	13
50	2	261	26
51	2	261	26
52	2	261	26
53	2	261	26
53	2	521	33
53	2	1148	13
54	2	261	26
55	2	261	26
55	2	678	33
56	2	261	26
57	2	261	26
57	2	521	33
57	2	1148	13
58	2	261	26
58	2	678	33
58	2	1148	13
59	2	261	26
59	2	521	33
59	2	1148	13
60	2	261	26
61	2	261	26
61	2	626	33
62	2	261	26
62	2	521	33
62	2	1148	13
63	2	261	26
63	2	782	33
63	2	1252	13
64	2	261	26
65	2	261	26
65	2	939	33
65	2	1565	13
66	2	261	26
66	2	1617	13
67	2	261	26
67	2	991	33
67	2	1356	13
68	2	261	26
69	2	261	26
69	2	1095	33
69	2	1565	13
70	2	261	26
70	2	730	33
71	2	261	26
71	2	1356	13
72	2	261	26
73	2	261	26
74	2	261	26
75	2	261	26
75	2	521	33
75	2	1148	13
76	2	261	26
77	2	261	26
78	2	261	26
79	2	261	26
79	2	1252	13
80	2	261	26
80	2	521	33
80	2	1304	13
81	2	261	26
81	2	574	33
82	2	261	26
82	2	834	33
83	2	261	26
83	2	1617	13
84	2	261	26
84	2	574	33
85	2	261	26
86	2	261	26
86	2	1722	13
87	2	261	26
87	2	521	33
87	2	1148	13
88	2	261	26
88	2	834	33
88	2	1252	13
89	2	261	26
89	2	1095	33
89	2	1513	13
90	2	261	26
91	2	261	26
91	2	730	33
92	2	261	26
92	2	521	33
92	2	1148	13
93	2	261	26
94	2	261	26
95	2	261	26
96	2	261	26
96	2	1252	13
97	2	261	26
98	2	261	26
99	2	261	26
99	2	2139	13
100	2	261	26
101	2	261	26
101	2	834	33
102	2	261	26
102	2	782	33
102	2	1722	13
103	2	261	26
103	2	1565	13
104	2	261	26
104	2	626	33
104	2	1148	13
105	2	261	26
106	2	261	26
106	2	887	33
106	2	1252	13
107	2	261	26
107	2	521	33
107	2	1148	13
108	2	261	26
108	2	521	33
108	2	1148	13
109	2	261	26
110	2	261	26
110	2	521	33
110	2	1148	13
111	2	261	26
111	2	730	33
112	2	261	26
112	2	991	33
113	2	261	26
113	2	521	33
113	2	1148	13
114	2	261	26
114	2	782	33
115	2	261	26
116	2	261	26
117	2	261	26
118	2	261	26
118	2	1513	13
119	2	261	26
119	2	1617	13
120	2	261	26
120	2	1461	13
121	2	261	26
122	2	261	26
122	2	521	33
122	2	1148	13
123	2	261	26
124	2	261	26
124	2	521	33
124	2	1148	13
125	2	261	26
125	2	521	33
125	2	1148	13
126	2	261	26
126	2	521	33
126	2	1148	13
127	2	261	26
127	2	521	33
127	2	1148	13
128	2	261	26
128	2	521	33
128	2	1148	13
129	2	261	26
129	2	1669	13
130	2	261	26
130	2	626	33
131	2	261	26
131	2	782	33
131	2	1148	13
132	2	261	26
132	2	521	33
132	2	1252	13
133	2	261	26
133	2	626	33
133	2	1304	13
134	2	261	26
134	2	1408	13
135	2	261	26
135	2	521	33
135	2	1148	13
136	2	261	26
136	2	521	33
136	2	1148	13
137	2	261	26
137	2	782	33
137	2	1252	13
138	2	261	26
138	2	521	33
138	2	1148	13
139	2	261	26
139	2	521	33
139	2	1148	13
140	2	261	26
141	2	261	26
141	2	521	33
141	2	1148	13
142	2	261	26
142	2	1722	13
143	2	261	26
143	2	1669	13
144	2	261	26
145	2	261	26
145	2	1356	13
146	2	261	26
146	2	678	33
146	2	1148	13
147	2	261	26
147	2	782	33
147	2	1200	13
148	2	261	26
149	2	261	26
149	2	521	33
149	2	1148	13
150	2	261	26
150	2	574	33
150	2	1200	13
151	2	261	26
151	2	1513	13
152	2	261	26
152	2	678	33
152	2	1148	13
153	2	261	26
153	2	887	33
154	2	261	26
154	2	521	33
154	2	1148	13
155	2	261	26
155	2	521	33
155	2	1148	13
156	2	261	26
156	2	521	33
156	2	1148	13
157	2	261	26
158	2	261	26
158	2	626	33
158	2	1148	13
159	2	261	26
159	2	521	33
159	2	1148	13
160	2	261	26
160	2	834	33
160	2	1148	13
161	2	261	26
162	2	261	26
162	2	1148	13
162	2	1669	33
163	2	261	26
164	2	261	26
164	2	521	33
164	2	2087	13
165	2	261	26
165	2	626	33
165	2	1148	13
166	2	261	26
167	2	261	26
168	2	261	26
169	2	261	26
169	2	521	33
169	2	1930	13
170	2	261	26
170	2	521	33
170	2	1148	13
171	2	261	26
172	2	261	26
172	2	1252	13
172	2	1617	33
173	2	261	26
174	2	261	26
174	2	1148	13
175	2	261	26
175	2	730	33
175	2	1148	13
176	2	261	26
176	2	521	33
176	2	1878	13
177	2	261	26
178	2	261	26
179	2	261	26
179	2	574	33
179	2	1148	13
180	2	261	26
181	2	261	26
181	2	521	33
181	2	1148	13
182	2	261	26
182	2	991	33
183	2	261	26
183	2	521	33
183	2	1148	13
184	2	261	26
185	2	261	26
185	2	626	33
185	2	1148	13
186	2	261	26
187	2	261	26
187	2	887	33
187	2	1408	13
188	2	261	26
189	2	261	26
189	2	887	33
189	2	1200	13
190	2	261	26
190	2	1617	13
191	2	261	26
191	2	521	33
192	2	261	26
192	2	678	33
192	2	1200	13
193	2	261	26
193	2	626	33
193	2	1252	13
194	2	261	26
194	2	939	33
195	2	261	26
196	2	261	26
196	2	521	33
196	2	1148	13
197	2	261	26
198	2	261	26
198	2	834	33
198	2	1252	13
199	2	261	26
199	2	521	33
199	2	1148	13
200	2	261	26
200	2	1408	13
201	2	261	26
202	2	261	26
202	2	1200	13
203	2	261	26
203	2	1095	33
203	2	1356	13
204	2	261	26
204	2	521	33
204	2	1148	13
205	2	261	26
205	2	1722	13
206	2	261	26
206	2	521	33
206	2	1148	13
207	2	261	26
207	2	521	33
207	2	1148	13
208	2	261	26
208	2	574	33
208	2	1148	13
209	2	261	26
210	2	261	26
210	2	574	33
210	2	1304	13
211	2	261	26
212	2	261	26
212	2	1304	13
213	2	261	26
214	2	261	26
215	2	261	26
215	2	1461	13
216	2	261	26
217	2	261	26
217	2	1356	13
218	2	261	26
218	2	834	33
218	2	1304	13
219	2	261	26
220	2	261	26
221	2	261	26
221	2	834	33
221	2	1408	13
222	2	261	26
223	2	261	26
224	2	261	26
224	2	1252	13
225	2	261	26
225	2	521	33
225	2	1148	13
226	2	261	26
226	2	521	33
226	2	1148	13
227	2	261	26
227	2	730	33
228	2	261	26
228	2	521	33
228	2	1148	13
229	2	261	26
229	2	939	33
229	2	1461	13
230	2	261	26
230	2	521	33
230	2	1148	13
231	2	261	26
231	2	521	33
231	2	1148	13
232	2	261	26
232	2	521	33
232	2	1148	13
233	2	261	26
233	2	1617	13
234	2	261	26
235	2	261	26
236	2	261	26
237	2	261	26
238	2	261	26
239	2	261	26
240	2	261	26
240	2	521	33
240	2	1148	13
241	2	261	26
241	2	939	33
241	2	1252	13
242	2	261	26
242	2	678	33
242	2	1200	13
243	2	261	26
243	2	521	33
243	2	1148	13
244	2	261	26
244	2	521	33
244	2	1148	13
245	2	261	26
245	2	1669	13
246	2	261	26
247	2	261	26
248	2	261	26
248	2	521	33
248	2	1148	13
249	2	261	26
249	2	521	33
249	2	1148	13
250	2	261	26
250	2	521	33
250	2	1148	13
251	2	261	26
251	2	626	33
251	2	1200	13
252	2	261	26
253	2	261	26
253	2	1930	13
254	2	261	26
255	2	261	26
255	2	1461	13
256	2	261	26
256	2	1043	33
256	2	1356	13
257	2	261	26
257	2	1461	13
258	2	261	26
258	2	521	33
258	2	1148	13
259	2	261	26
259	2	521	33
259	2	1148	13
260	2	261	26
260	2	574	33
260	2	1252	13
261	2	261	26
262	2	261	26
262	2	1095	33
262	2	1461	13
263	2	261	26
264	2	261	26
264	2	626	33
264	2	1565	13
265	2	261	26
265	2	574	33
266	2	261	26
266	2	678	33
266	2	1200	13
267	2	261	26
267	2	521	33
267	2	1200	13
268	2	261	26
268	2	1200	13
268	2	1669	33
269	2	261	26
269	2	521	33
269	2	1148	13
270	2	261	26
270	2	887	33
271	2	261	26
271	2	678	33
271	2	1148	13
272	2	261	26
272	2	521	33
272	2	1148	13
273	2	261	26
274	2	261	26
274	2	1669	13
275	2	261	26
276	2	261	26
277	2	261	26
277	2	939	33
278	2	261	26
279	2	261	26
280	2	261	26
280	2	1826	13
281	2	261	26
282	2	261	26
283	2	261	26
283	2	1461	13
284	2	261	26
284	2	521	33
284	2	1148	13
285	2	261	26
285	2	1252	13
285	2	1722	33
286	2	261	26
286	2	521	33
286	2	1148	13
287	2	261	26
288	2	261	26
288	2	574	33
288	2	1408	13
289	2	261	26
290	2	261	26
291	2	261	26
291	2	782	33
292	2	261	26
293	2	261	26
293	2	521	33
293	2	1148	13
294	2	261	26
294	2	521	33
295	2	261	26
295	2	1722	13
296	2	261	26
296	2	521	33
296	2	1148	13
297	2	261	26
298	2	261	26
298	2	1148	13
298	2	1722	33
299	2	261	26
299	2	521	33
300	2	261	26
301	2	261	26
301	2	521	33
301	2	1148	13
302	2	261	26
302	2	626	33
302	2	1148	13
303	2	261	26
303	2	521	33
303	2	1148	13
304	2	261	26
304	2	521	33
304	2	1148	13
305	2	261	26
306	2	261	26
306	2	521	33
306	2	1148	13
307	2	261	26
307	2	834	33
308	2	261	26
308	2	782	33
309	2	261	26
309	2	521	33
309	2	1148	13
310	2	261	26
310	2	626	33
310	2	1148	13
311	2	261	26
312	2	261	26
312	2	1617	13
313	2	261	26
314	2	261	26
315	2	261	26
315	2	834	33
315	2	1252	13
316	2	261	26
317	2	261	26
317	2	1617	13
318	2	261	26
319	2	261	26
320	2	261	26
320	2	1669	13
321	2	261	26
321	2	521	33
321	2	1200	13
322	2	261	26
322	2	521	33
322	2	1878	13
323	2	261	26
324	2	261	26
325	2	261	26
326	2	261	26
326	2	521	33
326	2	1148	13
327	2	261	26
327	2	1252	13
327	2	1722	33
328	2	261	26
328	2	2295	13
329	2	261	26
330	2	261	26
330	2	991	33
330	2	1356	13
331	2	261	26
331	2	521	33
331	2	1148	13
332	2	261	26
332	2	730	33
332	2	1148	13
333	2	261	26
333	2	521	33
333	2	1148	13
334	2	261	26
334	2	1722	13
335	2	261	26
335	2	521	33
335	2	1148	13
336	2	261	26
336	2	574	33
336	2	1200	13
337	2	261	26
337	2	2295	13
338	2	261	26
339	2	261	26
339	2	521	33
339	2	1565	13
340	2	261	26
340	2	1356	13
341	2	261	26
341	2	1408	13
342	2	261	26
342	2	521	33
342	2	1148	13
343	2	261	26
343	2	521	33
343	2	1148	13
344	2	261	26
345	2	261	26
345	2	678	33
345	2	1148	13
346	2	261	26
346	2	626	33
346	2	1148	13
347	2	261	26
347	2	730	33
347	2	1304	13
348	2	261	26
348	2	574	33
348	2	1148	13
349	2	261	26
349	2	521	33
349	2	1148	13
350	2	261	26
351	2	261	26
351	2	730	33
352	2	261	26
352	2	782	33
352	2	1252	13
353	2	261	26
353	2	521	33
353	2	1148	13
354	2	261	26
354	2	521	33
354	2	1148	13
355	2	261	26
355	2	574	33
356	2	261	26
356	2	1304	13
357	2	261	26
357	2	678	33
357	2	1513	13
358	2	261	26
358	2	1304	13
358	2	1774	33
359	2	261	26
360	2	261	26
360	2	887	33
361	2	261	26
361	2	626	33
361	2	1252	13
362	2	261	26
363	2	261	26
364	2	261	26
364	2	521	33
364	2	2139	13
365	2	261	26
366	2	261	26
366	2	939	33
366	2	1565	13
367	2	261	26
367	2	521	33
367	2	2139	13
368	2	261	26
368	2	521	33
368	2	1148	13
369	2	261	26
369	2	574	33
369	2	1148	13
370	2	261	26
371	2	261	26
371	2	521	33
371	2	1148	13
372	2	261	26
372	2	1200	13
373	2	261	26
374	2	261	26
375	2	261	26
375	2	1722	13
376	2	261	26
376	2	574	33
377	2	261	26
377	2	1669	13
378	2	261	26
378	2	1513	13
379	2	261	26
379	2	834	33
379	2	1461	13
380	2	261	26
380	2	730	33
381	2	261	26
381	2	782	33
382	2	261	26
382	2	521	33
382	2	1982	13
383	2	261	26
384	2	261	26
384	2	626	33
384	2	1200	13
385	2	261	26
385	2	782	33
386	2	261	26
386	2	678	33
387	2	261	26
387	2	574	33
387	2	1148	13
388	2	261	26
389	2	261	26
389	2	521	33
389	2	1200	13
390	2	261	26
390	2	521	33
390	2	1148	13
391	2	261	26
391	2	521	33
391	2	1148	13
392	2	261	26
392	2	2295	13
393	2	261	26
393	2	521	33
393	2	1148	13
394	2	261	26
394	2	782	33
395	2	261	26
395	2	782	33
396	2	261	26
396	2	521	33
396	2	1148	13
397	2	261	26
397	2	1408	13
398	2	261	26
398	2	834	33
399	2	261	26
399	2	521	33
399	2	1148	13
400	2	261	26
400	2	626	33
400	2	1408	13
401	2	261	26
402	2	261	26
402	2	678	33
402	2	1148	13
403	2	261	26
404	2	261	26
404	2	1408	13
405	2	261	26
406	2	261	26
406	2	574	33
406	2	1148	13
407	2	261	26
407	2	1304	13
408	2	261	26
409	2	261	26
410	2	261	26
410	2	2191	13
411	2	261	26
411	2	521	33
411	2	1148	13
412	2	261	26
412	2	521	33
412	2	1148	13
413	2	261	26
413	2	521	33
413	2	1148	13
414	2	261	26
414	2	678	33
414	2	1200	13
415	2	261	26
415	2	574	33
415	2	1148	13
416	2	261	26
417	2	261	26
417	2	574	33
417	2	1148	13
418	2	261	26
418	2	678	33
418	2	1148	13
419	2	261	26
419	2	574	33
419	2	1148	13
420	2	261	26
420	2	1304	13
421	2	261	26
422	2	261	26
423	2	261	26
423	2	1095	33
423	2	1513	13
424	2	261	26
424	2	521	33
424	2	1148	13
425	2	261	26
425	2	782	33
426	2	261	26
426	2	1200	13
426	2	1617	33
427	2	261	26
428	2	261	26
428	2	521	33
429	2	261	26
429	2	782	33
429	2	1252	13
430	2	261	26
430	2	521	33
430	2	1252	13
431	2	261	26
431	2	521	33
431	2	1148	13
432	2	261	26
432	2	574	33
432	2	1148	13
433	2	261	26
433	2	730	33
433	2	1304	13
434	2	261	26
434	2	521	33
434	2	1148	13
435	2	261	26
435	2	521	33
435	2	1148	13
436	2	261	26
436	2	521	33
436	2	1148	13
437	2	261	26
437	2	521	33
437	2	1408	13
438	2	261	26
438	2	887	33
438	2	1200	13
439	2	261	26
440	2	261	26
440	2	887	33
441	2	261	26
442	2	261	26
442	2	782	33
442	2	2191	13
443	2	261	26
444	2	261	26
445	2	261	26
445	2	521	33
445	2	1148	13
446	2	261	26
446	2	939	33
447	2	261	26
448	2	261	26
449	2	261	26
450	2	261	26
451	2	261	26
451	2	939	33
451	2	1356	13
452	2	261	26
452	2	574	33
453	2	261	26
453	2	521	33
453	2	1148	13
454	2	261	26
455	2	261	26
455	2	1356	13
456	2	261	26
456	2	1722	13
457	2	261	26
457	2	939	33
458	2	261	26
459	2	261	26
460	2	261	26
460	2	521	33
460	2	1461	13
461	2	261	26
461	2	521	33
461	2	1148	13
462	2	261	26
462	2	678	33
462	2	1669	13
463	2	261	26
463	2	678	33
463	2	1148	13
464	2	261	26
464	2	1252	13
464	2	1722	33
465	2	261	26
465	2	521	33
465	2	1200	13
466	2	261	26
466	2	521	33
466	2	1148	13
467	2	261	26
467	2	521	33
467	2	1148	13
468	2	261	26
468	2	521	33
468	2	1148	13
469	2	261	26
469	2	521	33
469	2	1148	13
470	2	261	26
471	2	261	26
472	2	261	26
472	2	521	33
472	2	1252	13
473	2	261	26
473	2	834	33
473	2	1722	13
474	2	261	26
474	2	521	33
474	2	1148	13
475	2	261	26
476	2	261	26
477	2	261	26
478	2	261	26
478	2	782	33
479	2	261	26
480	2	261	26
480	2	887	33
481	2	261	26
481	2	574	33
481	2	1148	13
482	2	261	26
482	2	730	33
483	2	261	26
484	2	261	26
485	2	261	26
486	2	261	26
486	2	1669	13
487	2	261	26
487	2	521	33
487	2	1148	13
488	2	261	26
488	2	1669	13
489	2	261	26
489	2	521	33
489	2	1148	13
490	2	261	26
490	2	1043	33
490	2	1304	13
491	2	261	26
491	2	730	33
491	2	1878	13
492	2	261	26
492	2	1252	13
492	2	1722	33
493	2	261	26
493	2	939	33
494	2	261	26
494	2	521	33
494	2	2295	13
495	2	261	26
495	2	1095	33
495	2	1356	13
496	2	261	26
496	2	887	33
496	2	1252	13
497	2	261	26
497	2	521	33
497	2	1513	13
498	2	261	26
498	2	730	33
498	2	1565	13
499	2	261	26
499	2	678	33
500	2	261	26
500	2	521	33
500	2	1148	13
501	2	261	26
502	2	261	26
502	2	939	33
502	2	1565	13
503	2	261	26
503	2	521	33
503	2	1148	13
504	2	261	26
505	2	261	26
506	2	261	26
506	2	1617	13
507	2	261	26
508	2	261	26
508	2	521	33
508	2	1148	13
509	2	261	26
510	2	261	26
511	2	261	26
512	2	261	26
512	2	1148	13
512	2	1461	33
513	2	261	26
513	2	1252	13
514	2	261	26
514	2	626	33
514	2	1252	13
515	2	261	26
515	2	521	33
515	2	1148	13
516	2	261	26
517	2	261	26
517	2	1722	13
518	2	261	26
518	2	1252	13
519	2	261	26
519	2	521	33
519	2	1148	13
520	2	261	26
520	2	678	33
521	2	261	26
521	2	521	33
521	2	1148	13
522	2	261	26
522	2	939	33
522	2	1252	13
523	2	261	26
523	2	521	33
523	2	1148	13
524	2	261	26
525	2	261	26
525	2	678	33
525	2	1148	13
526	2	261	26
527	2	261	26
527	2	521	33
527	2	1148	13
528	2	261	26
528	2	521	33
528	2	1148	13
529	2	261	26
529	2	521	33
529	2	1148	13
530	2	261	26
530	2	1669	13
531	2	261	26
531	2	1252	13
531	2	1669	33
532	2	261	26
532	2	1356	13
533	2	261	26
534	2	261	26
534	2	521	33
534	2	1148	13
535	2	261	26
536	2	261	26
537	2	261	26
537	2	678	33
537	2	1200	13
538	2	261	26
538	2	521	33
538	2	1148	13
539	2	261	26
539	2	521	33
539	2	1148	13
540	2	261	26
541	2	261	26
541	2	574	33
541	2	1461	13
542	2	261	26
542	2	1408	13
543	2	261	26
543	2	1356	13
544	2	261	26
544	2	574	33
544	2	1148	13
545	2	261	26
546	2	261	26
546	2	1408	13
547	2	261	26
547	2	678	33
547	2	1148	13
548	2	261	26
549	2	261	26
549	2	1617	13
550	2	261	26
550	2	521	33
550	2	1148	13
551	2	261	26
551	2	521	33
551	2	1148	13
552	2	261	26
553	2	261	26
553	2	1148	13
554	2	261	26
554	2	521	33
554	2	1148	13
555	2	261	26
555	2	521	33
555	2	1148	13
556	2	261	26
556	2	991	33
556	2	1356	13
557	2	261	26
558	2	261	26
558	2	521	33
558	2	1982	13
559	2	261	26
559	2	1252	13
560	2	261	26
561	2	261	26
561	2	1669	13
562	2	261	26
562	2	1252	13
562	2	1722	33
563	2	261	26
563	2	782	33
563	2	1148	13
564	2	261	26
565	2	261	26
565	2	521	33
565	2	1148	13
566	2	261	26
566	2	521	33
566	2	1148	13
567	2	261	26
567	2	1252	13
568	2	261	26
568	2	521	33
568	2	1148	13
569	2	261	26
569	2	1200	13
570	2	261	26
570	2	1669	13
571	2	261	26
571	2	521	33
571	2	1148	13
572	2	261	26
573	2	261	26
574	2	261	26
574	2	782	33
575	2	261	26
575	2	521	33
575	2	1148	13
576	2	261	26
576	2	1461	13
577	2	261	26
577	2	521	33
577	2	1148	13
578	2	261	26
578	2	1722	13
579	2	261	26
580	2	261	26
581	2	261	26
581	2	1252	13
582	2	261	26
582	2	1252	13
583	2	261	26
583	2	521	33
583	2	1148	13
584	2	261	26
584	2	521	33
584	2	1930	13
585	2	261	26
585	2	521	33
585	2	1148	13
586	2	261	26
586	2	939	33
586	2	1252	13
587	2	261	26
587	2	521	33
587	2	1148	13
588	2	261	26
588	2	626	33
588	2	1252	13
589	2	261	26
589	2	574	33
589	2	1148	13
590	2	261	26
590	2	574	33
590	2	1148	13
591	2	261	26
592	2	261	26
593	2	261	26
593	2	834	33
594	2	261	26
594	2	1356	13
595	2	261	26
595	2	521	33
595	2	1148	13
596	2	261	26
596	2	939	33
596	2	1304	13
597	2	261	26
597	2	887	33
598	2	261	26
598	2	521	33
598	2	1148	13
599	2	261	26
599	2	521	33
599	2	1148	13
600	2	261	26
601	2	261	26
601	2	626	33
601	2	1356	13
602	2	261	26
603	2	261	26
604	2	261	26
604	2	1200	13
605	2	261	26
605	2	1461	13
606	2	261	26
606	2	887	33
606	2	1356	13
607	2	261	26
607	2	521	33
607	2	1148	13
608	2	261	26
608	2	574	33
608	2	1148	13
609	2	261	26
610	2	261	26
611	2	261	26
611	2	991	33
612	2	261	26
612	2	1356	13
613	2	261	26
614	2	261	26
614	2	1513	13
615	2	261	26
615	2	1408	13
616	2	261	26
616	2	1304	13
617	2	261	26
618	2	261	26
619	2	261	26
620	2	261	26
620	2	521	33
621	2	261	26
621	2	1095	33
621	2	1408	13
622	2	261	26
622	2	521	33
622	2	1304	13
623	2	261	26
624	2	261	26
624	2	574	33
624	2	1513	13
625	2	261	26
625	2	1304	13
626	2	261	26
626	2	626	33
626	2	1148	13
627	2	261	26
627	2	626	33
627	2	1252	13
628	2	261	26
628	2	887	33
628	2	1461	13
629	2	261	26
630	2	261	26
630	2	1252	13
631	2	261	26
631	2	887	33
631	2	1252	13
632	2	261	26
632	2	521	33
632	2	1148	13
633	2	261	26
634	2	261	26
634	2	1513	13
635	2	261	26
636	2	261	26
637	2	261	26
638	2	261	26
639	2	261	26
639	2	521	33
639	2	1148	13
640	2	261	26
641	2	261	26
641	2	782	33
642	2	261	26
642	2	1513	13
643	2	261	26
644	2	261	26
644	2	626	33
645	2	261	26
645	2	991	33
645	2	1304	13
646	2	261	26
646	2	521	33
646	2	1148	13
647	2	261	26
648	2	261	26
648	2	939	33
648	2	1513	13
649	2	261	26
649	2	521	33
649	2	1148	13
650	2	261	26
651	2	261	26
651	2	626	33
652	2	261	26
652	2	678	33
652	2	1252	13
653	2	261	26
653	2	678	33
653	2	1252	13
654	2	261	26
655	2	261	26
655	2	887	33
655	2	1722	13
656	2	261	26
656	2	782	33
656	2	1356	13
657	2	261	26
657	2	574	33
658	2	261	26
658	2	626	33
658	2	1148	13
659	2	261	26
659	2	1408	13
660	2	261	26
661	2	261	26
661	2	521	33
661	2	1148	13
662	2	261	26
662	2	782	33
662	2	1408	13
663	2	261	26
663	2	1513	13
664	2	261	26
664	2	521	33
664	2	1148	13
665	2	261	26
665	2	521	33
665	2	1148	13
666	2	261	26
666	2	521	33
666	2	1148	13
667	2	261	26
667	2	521	33
668	2	261	26
668	2	1356	13
669	2	261	26
669	2	1043	33
669	2	1669	13
670	2	261	26
670	2	1252	13
671	2	261	26
672	2	261	26
672	2	1617	13
673	2	261	26
673	2	1304	13
674	2	261	26
674	2	939	33
674	2	1356	13
675	2	261	26
675	2	1200	13
675	2	1565	33
676	2	261	26
676	2	521	33
676	2	1148	13
677	2	261	26
677	2	1043	33
677	2	1356	13
678	2	261	26
678	2	574	33
678	2	1408	13
679	2	261	26
680	2	261	26
680	2	1148	13
680	2	1513	33
681	2	261	26
682	2	261	26
682	2	626	33
682	2	2139	13
683	2	261	26
684	2	261	26
684	2	1148	13
684	2	1617	33
685	2	261	26
685	2	678	33
686	2	261	26
686	2	626	33
687	2	261	26
688	2	261	26
688	2	1565	13
689	2	261	26
689	2	1513	13
690	2	261	26
690	2	678	33
691	2	261	26
691	2	521	33
691	2	1148	13
692	2	261	26
692	2	730	33
692	2	1148	13
693	2	261	26
693	2	730	33
693	2	1200	13
694	2	261	26
694	2	678	33
694	2	1148	13
695	2	261	26
695	2	521	33
695	2	1148	13
696	2	261	26
696	2	1669	13
697	2	261	26
697	2	521	33
697	2	1148	13
698	2	261	26
699	2	261	26
699	2	887	33
699	2	1408	13
700	2	261	26
700	2	730	33
701	2	261	26
701	2	1043	33
701	2	1356	13
702	2	261	26
702	2	730	33
703	2	261	26
703	2	521	33
703	2	1148	13
704	2	261	26
705	2	261	26
705	2	1461	13
706	2	261	26
706	2	521	33
706	2	1148	13
707	2	261	26
707	2	574	33
707	2	1669	13
708	2	261	26
708	2	1304	13
709	2	261	26
709	2	574	33
709	2	1148	13
710	2	261	26
710	2	626	33
710	2	1148	13
711	2	261	26
711	2	1304	13
712	2	261	26
712	2	1252	13
713	2	261	26
714	2	261	26
714	2	521	33
714	2	1148	13
715	2	261	26
715	2	1200	13
716	2	261	26
716	2	521	33
716	2	1148	13
717	2	261	26
717	2	1200	13
717	2	1565	33
718	2	261	26
718	2	521	33
718	2	1148	13
719	2	261	26
720	2	261	26
721	2	261	26
721	2	939	33
721	2	1304	13
722	2	261	26
722	2	521	33
722	2	1148	13
723	2	261	26
723	2	1878	13
724	2	261	26
725	2	261	26
725	2	626	33
725	2	1148	13
726	2	261	26
726	2	887	33
726	2	1252	13
727	2	261	26
728	2	261	26
729	2	261	26
729	2	574	33
730	2	261	26
730	2	887	33
730	2	1565	13
731	2	261	26
731	2	521	33
731	2	1148	13
732	2	261	26
732	2	678	33
733	2	261	26
733	2	521	33
733	2	1148	13
734	2	261	26
734	2	521	33
734	2	1148	13
735	2	261	26
736	2	261	26
736	2	1513	13
737	2	261	26
737	2	521	33
737	2	1148	13
738	2	261	26
738	2	626	33
738	2	1148	13
739	2	261	26
739	2	1408	13
740	2	261	26
741	2	261	26
741	2	678	33
741	2	1513	13
742	2	261	26
742	2	521	33
742	2	1148	13
743	2	261	26
743	2	521	33
743	2	1148	13
744	2	261	26
744	2	1408	13
745	2	261	26
746	2	261	26
746	2	1722	13
747	2	261	26
747	2	834	33
748	2	261	26
749	2	261	26
750	2	261	26
750	2	678	33
751	2	261	26
752	2	261	26
752	2	1148	13
752	2	1513	33
753	2	261	26
753	2	521	33
753	2	1148	13
754	2	261	26
754	2	521	33
754	2	1148	13
755	2	261	26
755	2	521	33
755	2	1148	13
756	2	261	26
756	2	521	33
756	2	1148	13
757	2	261	26
758	2	261	26
758	2	521	33
758	2	1148	13
759	2	261	26
760	2	261	26
760	2	834	33
761	2	261	26
761	2	939	33
761	2	2243	13
762	2	261	26
762	2	626	33
762	2	1356	13
763	2	261	26
763	2	1513	13
764	2	261	26
764	2	887	33
765	2	261	26
765	2	521	33
765	2	1461	13
766	2	261	26
766	2	626	33
767	2	261	26
767	2	1513	13
768	2	261	26
769	2	261	26
770	2	261	26
771	2	261	26
771	2	1408	13
772	2	261	26
773	2	261	26
774	2	261	26
774	2	521	33
774	2	1148	13
775	2	261	26
776	2	261	26
776	2	521	33
776	2	1148	13
777	2	261	26
778	2	261	26
778	2	626	33
778	2	1617	13
779	2	261	26
780	2	261	26
780	2	626	33
781	2	261	26
781	2	678	33
781	2	1148	13
782	2	261	26
782	2	730	33
783	2	261	26
784	2	261	26
784	2	521	33
784	2	1304	13
785	2	261	26
785	2	678	33
786	2	261	26
787	2	261	26
788	2	261	26
788	2	574	33
788	2	1304	13
789	2	261	26
789	2	1200	13
790	2	261	26
790	2	1200	13
791	2	261	26
792	2	261	26
792	2	574	33
793	2	261	26
793	2	521	33
793	2	1148	13
794	2	261	26
794	2	521	33
794	2	1930	13
795	2	261	26
796	2	261	26
797	2	261	26
797	2	521	33
797	2	1252	13
798	2	261	26
798	2	1669	13
799	2	261	26
800	2	261	26
801	2	261	26
802	2	261	26
802	2	678	33
802	2	1148	13
803	2	261	26
803	2	678	33
803	2	1148	13
804	2	261	26
804	2	678	33
804	2	1617	13
805	2	261	26
806	2	261	26
807	2	261	26
807	2	521	33
807	2	1148	13
808	2	261	26
809	2	261	26
810	2	261	26
810	2	521	33
810	2	1148	13
811	2	261	26
811	2	521	33
811	2	1200	13
812	2	261	26
812	2	521	33
812	2	1148	13
813	2	261	26
813	2	782	33
813	2	1722	13
814	2	261	26
814	2	782	33
815	2	261	26
815	2	521	33
816	2	261	26
816	2	1461	13
817	2	261	26
818	2	261	26
818	2	678	33
818	2	1408	13
819	2	261	26
820	2	261	26
820	2	782	33
821	2	261	26
821	2	1565	13
822	2	261	26
822	2	521	33
822	2	1148	13
823	2	261	26
823	2	521	33
823	2	1148	13
824	2	261	26
824	2	1200	13
824	2	1669	33
825	2	261	26
825	2	1148	13
825	2	1722	33
826	2	261	26
826	2	1200	13
827	2	261	26
828	2	261	26
828	2	1722	13
829	2	261	26
830	2	261	26
830	2	1722	13
831	2	261	26
831	2	626	33
831	2	1148	13
832	2	261	26
832	2	521	33
832	2	1148	13
833	2	261	26
833	2	1617	13
834	2	261	26
834	2	521	33
834	2	1148	13
835	2	261	26
835	2	730	33
836	2	261	26
837	2	261	26
838	2	261	26
838	2	521	33
838	2	1148	13
839	2	261	26
840	2	261	26
840	2	521	33
840	2	1148	13
841	2	261	26
841	2	574	33
842	2	261	26
842	2	939	33
842	2	1461	13
843	2	261	26
843	2	521	33
843	2	1148	13
844	2	261	26
845	2	261	26
845	2	1722	13
846	2	261	26
847	2	261	26
847	2	1565	13
848	2	261	26
848	2	521	33
848	2	1148	13
849	2	261	26
850	2	261	26
850	2	521	33
850	2	1148	13
851	2	261	26
852	2	261	26
853	2	261	26
854	2	261	26
854	2	1252	13
854	2	1669	33
855	2	261	26
855	2	678	33
856	2	261	26
856	2	834	33
857	2	261	26
858	2	261	26
858	2	834	33
858	2	1304	13
859	2	261	26
860	2	261	26
861	2	261	26
861	2	521	33
862	2	261	26
863	2	261	26
863	2	521	33
863	2	1148	13
864	2	261	26
864	2	521	33
864	2	1148	13
865	2	261	26
865	2	521	33
865	2	1200	13
866	2	261	26
866	2	521	33
866	2	1148	13
867	2	261	26
867	2	887	33
868	2	261	26
868	2	574	33
868	2	1200	13
869	2	261	26
869	2	1148	13
869	2	1565	33
870	2	261	26
870	2	1408	13
871	2	261	26
871	2	1408	13
872	2	261	26
873	2	261	26
873	2	521	33
873	2	1148	13
874	2	261	26
875	2	261	26
875	2	626	33
875	2	1252	13
876	2	261	26
876	2	521	33
877	2	261	26
877	2	521	33
877	2	1148	13
878	2	261	26
878	2	1617	13
879	2	261	26
879	2	730	33
880	2	261	26
880	2	521	33
880	2	1148	13
881	2	261	26
882	2	261	26
882	2	1565	13
883	2	261	26
884	2	261	26
884	2	521	33
884	2	1826	13
885	2	261	26
885	2	521	33
885	2	1148	13
886	2	261	26
886	2	1722	13
887	2	261	26
887	2	730	33
887	2	1356	13
888	2	261	26
889	2	261	26
890	2	261	26
890	2	1565	13
891	2	261	26
891	2	521	33
891	2	1252	13
892	2	261	26
893	2	261	26
893	2	626	33
894	2	261	26
894	2	678	33
895	2	261	26
895	2	678	33
896	2	261	26
896	2	521	33
897	2	261	26
897	2	574	33
897	2	1148	13
898	2	261	26
898	2	574	33
898	2	1148	13
899	2	261	26
899	2	521	33
899	2	1148	13
900	2	261	26
900	2	1513	13
901	2	261	26
901	2	521	33
901	2	1200	13
902	2	261	26
902	2	1095	33
902	2	1356	13
903	2	261	26
903	2	574	33
903	2	1148	13
904	2	261	26
905	2	261	26
906	2	261	26
906	2	521	33
907	2	261	26
908	2	261	26
908	2	521	33
908	2	1148	13
909	2	261	26
910	2	261	26
910	2	1513	13
911	2	261	26
912	2	261	26
912	2	521	33
913	2	261	26
914	2	261	26
914	2	1043	33
914	2	1356	13
915	2	261	26
915	2	1669	13
916	2	261	26
916	2	521	33
916	2	1148	13
917	2	261	26
917	2	887	33
918	2	261	26
918	2	1565	13
919	2	261	26
920	2	261	26
920	2	1774	13
921	2	261	26
922	2	261	26
922	2	782	33
923	2	261	26
924	2	261	26
924	2	521	33
924	2	1148	13
925	2	261	26
925	2	521	33
926	2	261	26
926	2	678	33
926	2	1148	13
927	2	261	26
927	2	1148	13
927	2	1669	33
928	2	261	26
929	2	261	26
929	2	626	33
929	2	1148	13
930	2	261	26
931	2	261	26
931	2	521	33
931	2	1148	13
932	2	261	26
932	2	1565	13
933	2	261	26
933	2	1565	13
934	2	261	26
934	2	1461	13
935	2	261	26
935	2	574	33
935	2	1304	13
936	2	261	26
936	2	1669	13
937	2	261	26
938	2	261	26
938	2	1304	13
939	2	261	26
940	2	261	26
940	2	782	33
940	2	1148	13
941	2	261	26
941	2	521	33
941	2	1148	13
942	2	261	26
942	2	521	33
942	2	1148	13
943	2	261	26
944	2	261	26
944	2	834	33
945	2	261	26
946	2	261	26
946	2	1148	13
947	2	261	26
947	2	521	33
947	2	1148	13
948	2	261	26
948	2	521	33
948	2	1148	13
949	2	261	26
949	2	521	33
949	2	1148	13
950	2	261	26
950	2	521	33
950	2	1148	13
951	2	261	26
952	2	261	26
953	2	261	26
953	2	521	33
953	2	1148	13
954	2	261	26
954	2	521	33
954	2	1148	13
955	2	261	26
956	2	261	26
957	2	261	26
958	2	261	26
959	2	261	26
960	2	261	26
960	2	782	33
960	2	1356	13
961	2	261	26
961	2	678	33
961	2	1252	13
962	2	261	26
963	2	261	26
963	2	521	33
964	2	261	26
964	2	574	33
964	2	1148	13
965	2	261	26
965	2	1252	13
966	2	261	26
966	2	521	33
966	2	1148	13
967	2	261	26
968	2	261	26
968	2	782	33
969	2	261	26
969	2	782	33
969	2	1304	13
970	2	261	26
971	2	261	26
971	2	521	33
971	2	1148	13
972	2	261	26
972	2	521	33
972	2	1148	13
973	2	261	26
973	2	782	33
974	2	261	26
974	2	730	33
975	2	261	26
976	2	261	26
976	2	678	33
976	2	1200	13
977	2	261	26
978	2	261	26
978	2	521	33
978	2	1148	13
979	2	261	26
979	2	1669	13
980	2	261	26
981	2	261	26
981	2	1148	13
981	2	1461	33
982	2	261	26
982	2	678	33
983	2	261	26
983	2	521	33
983	2	1148	13
984	2	261	26
984	2	1304	13
985	2	261	26
985	2	1356	13
985	2	1722	33
986	2	261	26
987	2	261	26
988	2	261	26
988	2	626	33
988	2	2295	13
989	2	261	26
989	2	521	33
989	2	1878	13
990	2	261	26
991	2	261	26
992	2	261	26
993	2	261	26
994	2	261	26
995	2	261	26
995	2	521	33
995	2	1148	13
996	2	261	26
996	2	1669	13
997	2	261	26
998	2	261	26
998	2	626	33
998	2	1148	13
999	2	261	26
0	3	626	20
0	3	887	29
0	3	1461	9
0	3	2191	12
1	3	626	20
1	3	887	29
2	3	939	20
2	3	1408	29
3	3	1356	20
3	3	1669	9
3	3	1722	29
4	3	574	29
4	3	834	20
4	3	1148	9
4	3	1513	12
4	3	1826	30
5	3	574	29
5	3	834	20
6	3	417	29
6	3	939	20
6	3	2191	9
7	3	1148	20
7	3	1513	9
7	3	1669	30
8	3	887	20
8	3	1200	9
8	3	1461	29
8	3	1513	30
10	3	521	29
10	3	782	20
10	3	1878	9
14	3	469	29
14	3	730	20
14	3	1043	30
14	3	1461	9
15	3	469	29
15	3	730	20
16	3	574	29
16	3	834	20
16	3	1408	9
17	3	574	29
17	3	834	20
17	3	1878	9
17	3	2191	12
18	3	417	29
18	3	678	20
18	3	1878	9
20	3	887	20
20	3	1408	29
20	3	1669	9
20	3	2035	12
21	3	417	29
21	3	678	20
21	3	991	30
22	3	1356	20
22	3	1826	29
23	3	521	29
23	3	782	20
23	3	1669	9
24	3	469	29
24	3	730	20
24	3	1043	30
24	3	1408	9
24	3	1930	12
26	3	1043	20
26	3	1565	29
27	3	469	29
27	3	730	20
27	3	1930	9
28	3	991	20
28	3	1304	9
28	3	1513	29
28	3	1565	30
28	3	1878	12
29	3	1774	20
29	3	2191	29
30	3	1408	20
30	3	1826	29
31	3	834	20
31	3	1252	29
32	3	1200	20
32	3	1669	30
33	3	939	20
33	3	1356	29
34	3	1043	20
34	3	1513	29
35	3	574	29
35	3	834	20
35	3	1565	9
35	3	2191	12
36	3	730	20
36	3	1304	29
36	3	1565	9
37	3	887	20
37	3	1304	29
38	3	939	20
38	3	1826	29
39	3	834	20
39	3	1252	29
39	3	1565	9
40	3	574	29
40	3	834	20
40	3	1148	30
40	3	1408	9
40	3	1722	12
41	3	1095	20
41	3	1461	29
41	3	1722	9
41	3	2139	12
42	3	1095	20
42	3	1408	9
42	3	1565	30
43	3	417	29
43	3	730	20
43	3	1461	9
43	3	2087	12
45	3	1043	20
45	3	1356	29
45	3	1617	9
46	3	469	29
46	3	730	20
47	3	1356	20
47	3	1878	29
49	3	469	29
49	3	730	20
49	3	1304	9
49	3	1617	12
49	3	1930	30
51	3	2295	29
53	3	678	20
53	3	1148	9
53	3	1252	30
53	3	1565	12
55	3	834	20
55	3	1408	29
57	3	521	29
57	3	782	20
57	3	1095	30
57	3	1356	9
57	3	1669	12
58	3	730	20
58	3	1200	9
58	3	1304	29
58	3	1617	12
59	3	521	29
59	3	782	20
59	3	1513	9
59	3	1930	12
61	3	887	20
61	3	1252	29
62	3	574	29
62	3	834	20
62	3	1356	9
62	3	1722	12
62	3	2035	30
63	3	417	29
63	3	1095	20
63	3	1461	9
65	3	574	29
65	3	1356	20
66	3	1461	20
66	3	1826	29
67	3	1095	20
67	3	1408	9
67	3	1461	29
67	3	1774	12
69	3	1200	20
69	3	1513	29
71	3	1356	20
71	3	1722	29
74	3	1982	20
75	3	626	20
75	3	939	29
76	3	1617	20
76	3	2035	29
79	3	1408	20
79	3	1722	29
79	3	2295	9
80	3	730	20
80	3	1252	29
81	3	834	20
81	3	1252	29
82	3	2139	29
83	3	1669	20
83	3	1930	29
84	3	730	20
84	3	1252	29
86	3	2139	29
87	3	417	29
87	3	678	20
87	3	991	30
87	3	1252	9
87	3	1565	12
88	3	991	20
88	3	1408	29
89	3	1200	20
89	3	1617	29
90	3	1669	20
90	3	1982	29
91	3	887	20
91	3	1408	29
92	3	521	29
92	3	782	20
92	3	1930	9
92	3	2243	12
95	3	1878	20
95	3	2191	29
96	3	1148	20
96	3	1722	30
96	3	1982	9
98	3	2295	29
99	3	1722	20
99	3	2087	29
101	3	1461	29
102	3	939	20
102	3	1617	29
103	3	1513	20
103	3	1982	29
104	3	417	29
104	3	887	20
104	3	1356	9
104	3	1774	12
106	3	1043	20
106	3	1304	9
106	3	1408	29
106	3	1722	12
106	3	2035	30
107	3	574	29
107	3	834	20
107	3	1252	9
107	3	1826	12
107	3	2139	30
108	3	574	29
108	3	834	20
109	3	2087	20
109	3	2191	29
110	3	574	29
110	3	834	20
110	3	1200	9
110	3	1722	12
111	3	939	20
111	3	1356	29
112	3	1513	20
112	3	2191	29
113	3	521	29
113	3	782	20
113	3	1461	9
114	3	939	20
114	3	2191	29
116	3	1774	20
116	3	2087	30
117	3	2139	29
118	3	1304	20
118	3	1774	30
119	3	1513	20
119	3	1878	29
119	3	2243	9
120	3	1565	20
120	3	1878	29
122	3	626	20
122	3	991	29
122	3	1252	9
122	3	1565	12
122	3	1878	30
124	3	626	20
124	3	887	29
124	3	1722	9
125	3	730	20
125	3	1252	29
125	3	1617	12
126	3	469	29
126	3	730	20
126	3	1043	30
126	3	1304	9
126	3	1669	12
127	3	574	29
127	3	834	20
127	3	1304	9
127	3	1617	12
128	3	574	29
128	3	834	20
128	3	1148	9
128	3	1669	12
129	3	1565	20
129	3	1982	29
130	3	417	29
130	3	887	20
131	3	1043	20
131	3	1356	9
131	3	1408	29
131	3	1722	12
131	3	2035	30
132	3	574	29
132	3	834	20
133	3	887	20
133	3	1356	29
134	3	1408	20
134	3	1878	29
134	3	2139	9
135	3	521	29
135	3	782	20
135	3	1356	9
136	3	469	29
136	3	730	20
136	3	1043	30
136	3	1304	9
136	3	1617	12
137	3	1043	20
137	3	1461	29
137	3	1722	9
138	3	574	29
138	3	834	20
138	3	1148	30
138	3	1408	9
138	3	1722	12
139	3	678	20
139	3	1043	29
139	3	1095	30
139	3	1356	9
139	3	1669	12
141	3	521	29
141	3	782	20
141	3	1095	30
141	3	1356	9
141	3	1669	12
142	3	1878	20
142	3	2139	29
143	3	1617	20
143	3	1878	29
143	3	1930	30
145	3	1356	20
145	3	1722	29
145	3	1774	30
146	3	574	29
146	3	834	20
146	3	1617	9
146	3	2243	12
147	3	574	29
147	3	991	20
147	3	1617	9
149	3	574	29
149	3	834	20
149	3	1148	30
149	3	1408	9
149	3	1722	12
150	3	469	29
150	3	730	20
150	3	1722	9
151	3	417	29
151	3	1774	20
152	3	469	29
152	3	939	20
152	3	1356	9
152	3	1722	12
152	3	2035	30
153	3	1774	20
153	3	2191	30
154	3	574	29
154	3	834	20
154	3	1148	30
154	3	1408	9
154	3	1722	12
155	3	521	29
155	3	782	20
155	3	1095	30
155	3	1408	9
155	3	1878	12
156	3	574	29
156	3	834	20
156	3	1200	9
156	3	1826	12
156	3	2191	30
158	3	730	20
158	3	1252	29
158	3	1513	9
159	3	574	29
159	3	834	20
159	3	1148	30
159	3	1408	9
159	3	1722	12
160	3	1043	20
160	3	1461	29
160	3	1722	9
162	3	1148	20
162	3	1565	9
162	3	1669	29
162	3	1722	30
164	3	469	29
164	3	730	20
164	3	2139	9
165	3	834	20
165	3	1200	9
165	3	1356	29
165	3	1669	12
167	3	2191	29
169	3	626	20
169	3	887	29
170	3	574	29
170	3	834	20
170	3	1148	30
170	3	1408	9
170	3	1722	12
171	3	2295	20
172	3	1252	20
172	3	1617	9
172	3	1669	29
173	3	1722	20
173	3	2191	29
174	3	1148	20
174	3	1669	29
174	3	2295	12
175	3	887	20
175	3	1408	29
175	3	1669	9
175	3	1982	12
175	3	2295	30
176	3	521	29
176	3	782	20
176	3	2243	9
179	3	574	29
179	3	939	20
179	3	1408	9
181	3	521	29
181	3	782	20
182	3	417	29
183	3	574	29
183	3	834	20
183	3	1513	9
185	3	730	20
185	3	1252	9
185	3	1356	30
185	3	1669	12
187	3	1148	20
187	3	1513	29
188	3	1982	20
189	3	1043	20
189	3	1461	30
189	3	1722	9
189	3	2035	12
190	3	1461	20
190	3	1878	29
191	3	626	20
191	3	1252	29
192	3	834	20
192	3	1252	9
192	3	1356	29
192	3	1722	12
193	3	991	20
193	3	1304	29
193	3	1878	9
193	3	2191	12
196	3	469	29
196	3	730	20
196	3	1043	30
196	3	1304	9
196	3	1617	12
198	3	1043	20
198	3	1356	9
198	3	1408	29
198	3	1722	12
198	3	2191	30
199	3	521	29
199	3	782	20
199	3	1252	9
199	3	1774	12
199	3	2087	30
200	3	1304	20
200	3	1774	29
200	3	2087	9
202	3	1200	20
202	3	1617	30
202	3	2191	9
203	3	417	29
203	3	1200	20
203	3	1722	9
204	3	574	29
204	3	834	20
204	3	1565	9
205	3	1565	20
205	3	1982	29
206	3	521	29
206	3	782	20
206	3	1095	30
206	3	1356	9
206	3	1669	12
207	3	678	20
207	3	991	30
207	3	1461	9
207	3	1878	12
208	3	521	29
208	3	782	20
208	3	1669	9
210	3	417	29
210	3	782	20
212	3	1408	20
212	3	1722	29
212	3	1774	30
215	3	1356	20
215	3	1826	29
217	3	1304	20
217	3	1722	29
218	3	991	20
218	3	1461	29
221	3	417	29
221	3	1148	20
221	3	1722	9
223	3	574	29
224	3	1304	20
224	3	1669	30
224	3	2191	9
225	3	574	29
225	3	834	20
225	3	1148	30
225	3	1408	9
225	3	1722	12
226	3	469	29
226	3	782	20
226	3	1304	9
226	3	1617	12
227	3	1930	20
227	3	2191	29
227	3	2243	30
228	3	521	29
228	3	782	20
228	3	1095	30
228	3	1356	9
228	3	1669	12
229	3	1148	20
229	3	1461	29
230	3	469	29
230	3	730	20
231	3	469	29
231	3	730	20
231	3	1930	9
232	3	574	29
232	3	834	20
232	3	1148	30
232	3	1408	9
232	3	1722	12
233	3	1461	20
233	3	1826	29
233	3	1878	30
235	3	2295	29
236	3	2139	20
240	3	521	29
240	3	782	20
240	3	1252	9
240	3	1617	12
240	3	1930	30
241	3	1095	20
241	3	1408	9
241	3	1617	29
242	3	991	20
242	3	1304	29
242	3	1565	9
242	3	1878	12
243	3	521	29
243	3	782	20
243	3	1095	30
243	3	1356	9
243	3	1669	12
244	3	417	29
244	3	678	20
244	3	991	30
244	3	1722	9
245	3	1669	20
245	3	1982	29
248	3	521	29
248	3	782	20
249	3	521	29
249	3	782	20
250	3	574	29
250	3	834	20
250	3	1148	30
250	3	1408	9
250	3	1722	12
251	3	834	20
251	3	1461	29
251	3	1878	9
253	3	2035	20
253	3	2139	29
255	3	1722	20
255	3	2035	29
256	3	417	29
256	3	991	20
256	3	1722	9
256	3	2191	12
257	3	1408	20
257	3	1774	29
258	3	626	20
258	3	887	29
258	3	1826	9
258	3	2139	12
259	3	521	29
259	3	782	20
259	3	2139	9
260	3	730	20
260	3	1252	29
260	3	1878	9
262	3	1095	20
262	3	1461	9
262	3	1617	29
262	3	1669	30
264	3	574	29
264	3	834	20
265	3	730	20
265	3	1252	29
266	3	521	29
266	3	991	20
266	3	1878	9
267	3	521	29
267	3	782	20
267	3	1982	9
268	3	1148	20
268	3	1461	9
268	3	1617	29
269	3	730	20
269	3	1200	30
269	3	1461	9
269	3	1774	12
270	3	1617	29
270	3	2295	20
271	3	991	20
271	3	1408	29
271	3	1461	30
271	3	1774	12
272	3	521	29
272	3	782	20
272	3	1095	30
272	3	1356	9
272	3	1669	12
274	3	1565	20
274	3	1982	29
277	3	1982	20
279	3	1565	20
279	3	2035	29
280	3	417	29
280	3	1878	20
283	3	1356	20
283	3	1722	29
284	3	574	29
284	3	834	20
284	3	1148	30
284	3	1408	9
284	3	1722	12
285	3	1252	20
285	3	1617	9
285	3	1669	29
286	3	521	29
286	3	782	20
286	3	1252	9
286	3	1617	12
286	3	1930	30
287	3	1669	20
287	3	1982	29
288	3	730	20
288	3	1252	29
291	3	834	20
291	3	1408	29
292	3	2035	20
293	3	521	29
293	3	782	20
293	3	1095	30
293	3	1356	9
293	3	1669	12
294	3	574	29
294	3	834	20
295	3	1774	20
295	3	2035	29
295	3	2295	9
296	3	521	29
296	3	782	20
296	3	1669	9
298	3	1148	20
298	3	1774	30
299	3	574	29
299	3	834	20
300	3	1930	20
301	3	521	29
301	3	782	20
301	3	1774	9
302	3	887	20
302	3	1252	29
302	3	1669	9
303	3	469	29
303	3	730	20
303	3	1043	30
303	3	1304	9
303	3	1617	12
304	3	521	29
304	3	782	20
306	3	521	29
306	3	782	20
306	3	1095	30
306	3	1356	9
306	3	1669	12
307	3	469	29
307	3	2139	20
308	3	417	29
309	3	521	29
309	3	782	20
309	3	1095	30
309	3	1356	9
309	3	1669	12
310	3	730	20
310	3	1252	9
310	3	1304	29
310	3	1617	12
310	3	1930	30
312	3	1826	20
312	3	2087	29
315	3	574	29
315	3	1043	20
315	3	1565	9
315	3	1878	12
315	3	2191	30
317	3	1461	20
317	3	1826	30
320	3	1461	20
320	3	1826	29
321	3	626	20
321	3	887	29
322	3	521	29
322	3	782	20
322	3	2243	9
324	3	1513	20
324	3	1982	29
325	3	1565	20
325	3	2035	29
326	3	574	29
326	3	834	20
326	3	1878	9
326	3	2191	12
327	3	1200	20
327	3	1617	9
327	3	1722	29
327	3	1774	30
328	3	2139	20
328	3	2243	29
330	3	1043	20
330	3	1356	9
330	3	1408	30
330	3	1722	12
331	3	626	20
331	3	887	29
331	3	1982	9
332	3	887	20
332	3	1356	29
332	3	1774	12
333	3	574	29
333	3	834	20
333	3	1774	9
333	3	2087	12
334	3	1982	29
335	3	574	29
335	3	834	20
335	3	1774	9
336	3	730	20
336	3	1252	29
336	3	1774	9
337	3	1930	20
337	3	2191	29
339	3	626	20
339	3	1252	29
340	3	1304	20
340	3	1722	9
340	3	1774	29
341	3	1356	20
341	3	1722	29
342	3	521	29
342	3	782	20
342	3	1095	30
342	3	1356	9
342	3	1669	12
343	3	574	29
343	3	834	20
343	3	1148	30
343	3	1461	9
343	3	1982	12
345	3	574	29
345	3	991	20
345	3	1304	9
345	3	1722	12
346	3	417	29
346	3	730	20
346	3	1200	9
346	3	1565	12
346	3	1878	30
347	3	1095	20
347	3	1304	30
348	3	574	29
348	3	834	20
348	3	1513	9
349	3	574	29
349	3	834	20
349	3	1148	30
349	3	1408	9
349	3	1722	12
351	3	887	20
352	3	887	20
352	3	1408	29
352	3	1669	9
353	3	730	20
353	3	1252	29
354	3	469	29
354	3	730	20
354	3	1043	30
354	3	1304	9
354	3	1617	12
355	3	730	20
355	3	1356	29
356	3	1408	20
356	3	1774	29
356	3	2139	9
357	3	887	20
357	3	1304	29
358	3	1252	20
358	3	1722	29
358	3	2295	9
360	3	1513	29
360	3	1930	20
361	3	834	20
361	3	1252	29
361	3	1826	9
364	3	574	29
364	3	834	20
366	3	1148	20
366	3	1513	29
366	3	1774	9
367	3	521	29
367	3	782	20
368	3	574	29
368	3	834	20
368	3	1148	30
368	3	1408	9
368	3	1722	12
369	3	678	20
369	3	1200	9
369	3	1304	29
369	3	1356	30
369	3	1722	12
371	3	521	29
371	3	782	20
372	3	1148	20
372	3	1669	29
374	3	1930	20
374	3	2191	29
375	3	1513	20
375	3	1826	30
376	3	574	29
376	3	887	20
377	3	1513	20
377	3	1878	29
378	3	1461	20
378	3	1774	29
379	3	1043	20
379	3	1461	29
381	3	939	20
381	3	1878	30
382	3	626	20
382	3	1252	29
384	3	782	20
384	3	1252	29
385	3	939	20
385	3	1408	29
386	3	417	29
386	3	782	20
387	3	730	20
387	3	1148	9
387	3	1200	30
387	3	1513	12
389	3	574	29
389	3	834	20
390	3	521	29
390	3	782	20
390	3	1095	30
390	3	1774	9
391	3	730	20
391	3	1252	29
391	3	1513	9
391	3	2191	12
392	3	1930	20
392	3	2295	30
393	3	521	29
393	3	782	20
393	3	1095	30
393	3	1617	9
394	3	834	20
394	3	1408	29
395	3	939	20
395	3	2191	29
396	3	574	29
396	3	834	20
396	3	1148	30
396	3	1408	9
396	3	1722	12
397	3	1408	20
397	3	1774	29
398	3	574	29
398	3	939	20
399	3	521	29
399	3	782	20
399	3	1513	9
400	3	782	20
400	3	1304	29
402	3	991	20
402	3	1356	29
402	3	1617	9
404	3	1408	20
404	3	1982	29
405	3	1722	20
405	3	1930	30
406	3	574	29
406	3	834	20
406	3	1408	9
407	3	1304	20
407	3	1722	30
410	3	1878	20
410	3	2139	29
411	3	417	29
411	3	678	20
411	3	1043	30
411	3	1304	9
411	3	1617	12
412	3	626	20
412	3	887	29
412	3	1148	9
412	3	1461	12
412	3	1774	30
413	3	574	29
413	3	834	20
413	3	1148	30
413	3	1408	9
413	3	1722	12
414	3	887	20
414	3	1356	29
414	3	1617	9
414	3	1930	12
414	3	2243	30
415	3	626	20
415	3	1200	30
415	3	1565	9
416	3	2035	20
417	3	574	29
417	3	834	20
417	3	1930	9
418	3	521	29
418	3	887	20
418	3	1252	9
418	3	1565	12
418	3	1878	30
419	3	417	29
419	3	678	20
419	3	1252	9
419	3	1565	12
419	3	1878	30
420	3	1252	20
420	3	1669	29
423	3	1148	20
423	3	1513	9
423	3	1669	30
424	3	521	29
424	3	782	20
424	3	1095	30
424	3	1356	9
424	3	1669	12
425	3	939	20
425	3	2087	29
426	3	1252	20
426	3	1565	9
426	3	1669	29
428	3	574	29
428	3	834	20
429	3	417	29
429	3	991	20
429	3	1408	9
429	3	1774	12
430	3	574	29
430	3	834	20
431	3	521	29
431	3	782	20
431	3	1095	30
431	3	1356	9
432	3	782	20
432	3	1148	9
432	3	1200	30
432	3	1513	12
433	3	1043	20
433	3	1408	29
433	3	1774	9
434	3	678	20
434	3	991	29
434	3	1252	9
434	3	1565	12
434	3	1878	30
435	3	469	29
435	3	730	20
435	3	1043	30
435	3	1304	9
435	3	1774	12
436	3	574	29
436	3	834	20
436	3	1148	30
436	3	1408	9
436	3	1722	12
437	3	521	29
437	3	782	20
437	3	1878	9
438	3	417	29
438	3	1095	20
438	3	1408	9
439	3	2295	29
440	3	887	20
440	3	1878	29
442	3	939	20
442	3	1722	29
442	3	2035	9
445	3	574	29
445	3	834	20
445	3	1774	9
445	3	2087	12
446	3	1878	20
446	3	2191	29
451	3	1043	20
451	3	1408	9
451	3	1461	29
451	3	1774	12
451	3	2087	30
452	3	469	29
452	3	782	20
453	3	521	29
453	3	782	20
453	3	1095	30
453	3	1356	9
453	3	1669	12
455	3	1304	20
455	3	1669	29
455	3	2035	9
456	3	1513	20
456	3	1878	29
457	3	1304	20
457	3	1722	29
460	3	574	29
460	3	834	20
460	3	2191	9
461	3	521	29
461	3	782	20
461	3	1461	9
462	3	834	20
462	3	1461	29
463	3	574	29
463	3	834	20
463	3	1200	9
463	3	1513	12
463	3	1826	30
464	3	1148	20
464	3	1722	29
465	3	574	29
465	3	834	20
466	3	574	29
466	3	834	20
466	3	1408	9
467	3	469	29
467	3	730	20
467	3	1930	9
468	3	574	29
468	3	834	20
468	3	2035	9
469	3	521	29
469	3	782	20
469	3	1095	30
469	3	1356	9
469	3	1722	12
471	3	1826	20
471	3	2139	29
472	3	469	29
472	3	730	20
473	3	1043	20
473	3	1565	29
473	3	1878	9
474	3	574	29
474	3	834	20
474	3	1200	9
474	3	1565	12
474	3	1878	30
475	3	1878	20
475	3	2191	29
478	3	1565	29
478	3	2087	20
480	3	1565	29
481	3	834	20
481	3	1148	9
481	3	1252	29
481	3	1304	30
481	3	1617	12
482	3	887	20
482	3	1408	29
485	3	1878	20
485	3	2191	29
486	3	1408	20
486	3	1826	29
487	3	574	29
487	3	834	20
487	3	2139	9
488	3	1513	20
488	3	1930	29
489	3	574	29
489	3	834	20
489	3	1148	30
489	3	1408	9
489	3	1722	12
490	3	1043	20
490	3	1408	9
490	3	1669	30
490	3	1982	12
491	3	1252	20
491	3	1722	29
491	3	2191	9
492	3	1148	20
492	3	1565	9
492	3	1774	29
492	3	1826	30
492	3	2139	12
493	3	2243	29
494	3	521	29
494	3	782	20
495	3	1095	20
495	3	1461	9
495	3	1669	29
495	3	1722	30
496	3	1043	20
496	3	1304	30
496	3	1565	9
496	3	1878	12
497	3	469	29
497	3	730	20
498	3	574	29
498	3	939	20
499	3	730	20
499	3	1356	29
500	3	521	29
500	3	782	20
500	3	1095	30
500	3	1356	9
500	3	1669	12
501	3	2139	29
502	3	1252	20
502	3	1669	29
503	3	574	29
503	3	834	20
503	3	1148	30
503	3	1408	9
503	3	1722	12
505	3	1774	20
505	3	2139	29
506	3	1565	20
506	3	1930	29
508	3	626	20
508	3	991	29
508	3	1252	9
508	3	1565	12
508	3	1878	30
512	3	1095	20
512	3	1461	9
512	3	1722	30
512	3	2191	12
513	3	1200	20
513	3	1722	29
514	3	782	20
514	3	1304	29
514	3	2087	9
515	3	521	29
515	3	782	20
515	3	1095	30
515	3	1356	9
515	3	1826	12
516	3	1878	20
516	3	2087	29
517	3	1565	20
517	3	1930	29
518	3	1304	20
518	3	1669	29
518	3	1722	30
519	3	834	20
519	3	1252	29
519	3	1513	9
520	3	574	29
520	3	939	20
520	3	2295	9
521	3	574	29
521	3	834	20
521	3	1148	9
521	3	1461	12
521	3	1774	30
522	3	1043	20
522	3	1356	9
522	3	1408	29
522	3	1722	12
523	3	574	29
523	3	834	20
523	3	1826	9
525	3	939	20
525	3	1200	9
525	3	1304	29
525	3	1356	30
525	3	1669	12
527	3	469	29
527	3	730	20
527	3	1043	30
528	3	574	29
528	3	834	20
528	3	1461	9
529	3	626	20
529	3	887	29
529	3	1148	9
529	3	1461	12
529	3	1774	30
530	3	1408	20
530	3	1722	30
530	3	2087	9
531	3	1200	20
531	3	1617	29
532	3	1356	20
532	3	1774	29
534	3	626	20
534	3	887	29
534	3	1148	9
534	3	1513	12
534	3	1826	30
536	3	1930	20
536	3	2243	29
537	3	521	29
537	3	1043	20
537	3	1669	9
538	3	469	29
538	3	730	20
538	3	1043	30
538	3	1461	9
539	3	574	29
539	3	834	20
541	3	469	29
541	3	782	20
541	3	2139	9
542	3	1461	20
542	3	1826	29
543	3	1252	20
543	3	1669	9
543	3	1774	30
543	3	2191	12
544	3	521	29
544	3	887	20
544	3	1304	9
544	3	1617	12
544	3	1930	30
546	3	1304	20
546	3	1669	9
546	3	1722	29
547	3	887	20
547	3	1304	30
547	3	1565	9
547	3	1878	12
549	3	1408	20
549	3	1826	29
550	3	469	29
550	3	730	20
550	3	1043	30
550	3	1304	9
550	3	1617	12
551	3	469	29
551	3	730	20
551	3	1095	30
551	3	1356	9
551	3	1669	12
552	3	1565	20
553	3	1252	20
553	3	1669	29
554	3	469	29
554	3	730	20
554	3	1043	30
554	3	1356	9
554	3	1826	12
555	3	469	29
555	3	730	20
555	3	1043	30
555	3	1304	9
555	3	1617	12
556	3	1095	20
556	3	1408	9
556	3	1461	29
556	3	1774	12
558	3	417	29
558	3	678	20
559	3	1200	20
559	3	1617	29
562	3	1252	20
562	3	1722	9
562	3	1774	29
562	3	1826	30
563	3	1043	20
563	3	1304	9
563	3	1513	30
563	3	1826	12
564	3	2035	20
564	3	2191	29
565	3	574	29
565	3	834	20
565	3	1148	9
565	3	1461	12
565	3	1774	30
566	3	678	20
566	3	1252	29
567	3	1252	20
567	3	1826	29
568	3	521	29
568	3	782	20
568	3	1148	30
568	3	1408	9
568	3	1722	12
569	3	1148	20
569	3	1722	29
570	3	1408	20
570	3	1878	29
571	3	521	29
571	3	782	20
571	3	2035	9
574	3	1461	29
575	3	521	29
575	3	782	20
575	3	1095	30
575	3	1356	9
575	3	1669	12
576	3	1356	20
576	3	1774	29
577	3	626	20
577	3	887	29
577	3	1408	9
578	3	1774	20
578	3	2139	29
581	3	1304	20
581	3	1722	29
581	3	2295	30
582	3	1304	20
582	3	1826	29
582	3	2191	9
583	3	626	20
583	3	887	29
583	3	1148	9
583	3	1461	12
583	3	1774	30
584	3	521	29
584	3	782	20
585	3	521	29
585	3	782	20
585	3	1095	30
585	3	1356	9
585	3	1669	12
586	3	1043	20
586	3	1356	9
586	3	1461	29
586	3	1774	12
587	3	469	29
587	3	730	20
587	3	1043	30
587	3	1304	9
587	3	1617	12
588	3	834	20
588	3	1304	29
588	3	1722	9
589	3	574	29
589	3	834	20
589	3	1356	9
589	3	1774	12
589	3	2295	30
590	3	678	20
590	3	1304	29
590	3	1356	30
590	3	1722	9
593	3	521	29
593	3	2087	20
594	3	1722	20
594	3	2087	29
594	3	2139	30
595	3	678	20
595	3	1043	29
595	3	1304	9
595	3	1617	12
595	3	1930	30
596	3	1095	20
596	3	1513	30
596	3	1774	9
598	3	521	29
598	3	782	20
598	3	1878	9
599	3	574	29
599	3	834	20
599	3	1878	9
599	3	2295	12
601	3	782	20
601	3	1252	29
604	3	1200	20
604	3	1669	29
604	3	1930	9
604	3	2295	30
605	3	1408	20
605	3	1826	29
606	3	1043	20
606	3	1461	29
606	3	1982	12
607	3	521	29
607	3	782	20
607	3	1408	9
607	3	1826	12
607	3	2139	30
608	3	574	29
608	3	834	20
608	3	1461	9
611	3	1513	20
611	3	1722	29
612	3	1252	20
612	3	1774	29
614	3	1304	20
614	3	1826	29
615	3	417	29
615	3	1461	20
616	3	1200	20
616	3	1669	29
619	3	2139	20
620	3	574	29
620	3	834	20
621	3	1148	20
621	3	1513	9
621	3	1669	29
621	3	1722	30
622	3	469	29
622	3	730	20
623	3	2191	29
624	3	469	29
624	3	730	20
625	3	1200	20
625	3	1669	29
626	3	417	29
626	3	782	20
626	3	1408	9
627	3	939	20
627	3	1304	29
627	3	1722	9
628	3	1043	20
628	3	1565	29
628	3	1878	9
629	3	1930	20
629	3	2191	29
630	3	1252	20
630	3	1774	30
631	3	1043	20
631	3	1408	9
631	3	1513	30
631	3	1826	12
632	3	574	29
632	3	834	20
632	3	1304	9
632	3	1878	12
632	3	2191	30
634	3	1408	20
634	3	1774	29
635	3	1565	20
635	3	2295	29
639	3	521	29
639	3	782	20
639	3	1200	9
639	3	1513	12
639	3	1826	30
641	3	574	29
642	3	1461	20
642	3	1826	29
644	3	730	20
644	3	1252	29
645	3	1095	20
645	3	1461	9
645	3	1669	30
646	3	574	29
646	3	834	20
646	3	1148	30
646	3	1408	9
646	3	1722	12
648	3	1252	20
648	3	1565	29
649	3	574	29
649	3	834	20
649	3	1565	9
650	3	2035	20
650	3	2243	30
651	3	834	20
651	3	1252	29
652	3	939	20
652	3	1461	29
652	3	1722	9
653	3	939	20
653	3	1356	29
653	3	1774	9
654	3	1930	20
654	3	2243	29
655	3	1252	20
655	3	1617	29
655	3	2087	9
656	3	1043	20
656	3	1513	29
657	3	469	29
657	3	782	20
658	3	834	20
658	3	1148	9
658	3	1356	29
658	3	1408	30
658	3	1722	12
659	3	1408	20
659	3	1774	29
661	3	574	29
661	3	834	20
661	3	1565	9
662	3	1095	20
662	3	1461	30
662	3	1722	9
663	3	1356	20
663	3	1826	29
664	3	730	20
664	3	1200	30
664	3	1461	9
664	3	1774	12
665	3	678	20
665	3	1252	29
666	3	574	29
666	3	834	20
666	3	1930	9
666	3	2295	12
667	3	626	20
667	3	1252	29
668	3	1356	20
668	3	1826	30
668	3	2087	9
669	3	1408	20
669	3	1669	29
669	3	1930	9
670	3	1252	20
670	3	1669	30
670	3	2139	9
672	3	1878	20
672	3	2139	29
673	3	1304	20
673	3	1878	29
674	3	1043	20
674	3	1513	9
674	3	1669	29
674	3	1722	30
675	3	1148	20
675	3	1513	9
675	3	1722	30
676	3	574	29
676	3	834	20
676	3	1200	9
676	3	1513	12
676	3	1826	30
677	3	1095	20
677	3	1408	9
677	3	1617	30
678	3	574	29
678	3	834	20
678	3	2035	9
680	3	1200	20
680	3	1565	9
680	3	1722	29
680	3	1774	30
682	3	469	29
682	3	834	20
682	3	2087	9
684	3	1200	20
684	3	1565	30
685	3	1930	20
685	3	2191	29
686	3	730	20
686	3	1304	29
688	3	1617	20
688	3	1982	29
689	3	1461	20
689	3	1826	29
690	3	521	29
691	3	730	20
691	3	1252	29
691	3	1513	9
691	3	1826	12
691	3	2139	30
692	3	939	20
692	3	1200	9
692	3	1408	30
692	3	1722	12
693	3	417	29
693	3	991	20
693	3	1408	9
693	3	1774	12
694	3	782	20
694	3	1461	29
694	3	1722	9
695	3	521	29
695	3	782	20
695	3	1878	9
695	3	2191	12
696	3	2087	20
697	3	521	29
697	3	782	20
697	3	1565	9
697	3	2035	12
698	3	2243	20
699	3	1148	20
699	3	1513	29
700	3	574	29
700	3	939	20
701	3	1148	20
701	3	1513	9
701	3	1617	29
702	3	1356	29
703	3	469	29
703	3	730	20
703	3	1304	9
703	3	1774	12
705	3	1408	20
705	3	1878	29
705	3	2139	9
706	3	469	29
706	3	730	20
706	3	1043	30
706	3	2035	9
707	3	574	29
707	3	887	20
708	3	1252	20
708	3	1722	29
709	3	834	20
709	3	1304	29
709	3	1565	9
709	3	1878	12
709	3	2191	30
710	3	521	29
710	3	834	20
710	3	1200	9
710	3	1513	12
710	3	1826	30
711	3	1252	20
711	3	1722	29
712	3	1148	20
712	3	1722	29
714	3	626	20
714	3	887	29
714	3	1878	9
715	3	1408	20
715	3	1722	29
716	3	574	29
716	3	834	20
716	3	1148	30
716	3	1408	9
716	3	1722	12
717	3	1200	20
717	3	1513	9
717	3	1669	30
717	3	1982	12
718	3	574	29
718	3	834	20
718	3	1304	9
718	3	1669	12
718	3	2035	30
721	3	1148	20
721	3	1513	29
721	3	1774	9
722	3	469	29
722	3	730	20
722	3	1043	30
722	3	1304	9
722	3	1617	12
723	3	417	29
723	3	2035	20
724	3	2191	20
725	3	574	29
725	3	834	20
725	3	1408	9
725	3	1722	12
726	3	1043	20
726	3	1356	9
726	3	1565	30
728	3	2295	20
729	3	678	20
729	3	1304	29
730	3	1148	20
730	3	1722	29
731	3	521	29
731	3	782	20
731	3	1982	9
732	3	939	20
732	3	1304	29
733	3	574	29
733	3	834	20
733	3	1356	9
733	3	1774	12
734	3	469	29
734	3	730	20
734	3	1774	9
734	3	2087	12
736	3	1408	20
736	3	1878	29
737	3	574	29
737	3	834	20
737	3	1513	9
737	3	1878	12
737	3	2191	30
738	3	782	20
738	3	1148	9
738	3	1252	29
738	3	1565	12
738	3	1878	30
739	3	1356	20
739	3	1669	9
739	3	1722	29
741	3	887	20
741	3	1356	29
742	3	574	29
742	3	834	20
742	3	1148	9
742	3	1461	12
742	3	1774	30
743	3	521	29
743	3	782	20
743	3	1878	9
744	3	1304	20
744	3	1669	9
744	3	1722	29
746	3	1513	20
746	3	1878	29
747	3	1408	20
747	3	1513	29
750	3	939	20
750	3	2191	29
752	3	1200	20
752	3	1565	9
752	3	1774	30
752	3	2087	12
753	3	574	29
753	3	834	20
753	3	1252	9
753	3	1669	12
753	3	1982	30
754	3	574	29
754	3	834	20
754	3	1461	9
755	3	574	29
755	3	834	20
755	3	1930	9
756	3	574	29
756	3	834	20
756	3	1148	9
756	3	1461	12
756	3	1774	30
757	3	2087	20
757	3	2295	29
758	3	574	29
758	3	834	20
758	3	1513	9
761	3	1408	20
761	3	1669	29
761	3	2191	9
762	3	521	29
762	3	887	20
763	3	1408	20
763	3	1826	29
763	3	2087	9
764	3	2243	29
765	3	469	29
765	3	730	20
765	3	1982	9
766	3	730	20
766	3	1252	29
767	3	1408	20
767	3	1826	29
767	3	1878	30
771	3	1356	20
771	3	1774	30
772	3	2139	20
772	3	2295	29
773	3	1722	20
774	3	521	29
774	3	782	20
774	3	1148	30
774	3	1408	9
774	3	1722	12
776	3	469	29
776	3	730	20
776	3	1043	30
776	3	1304	9
776	3	1617	12
778	3	782	20
778	3	1304	29
780	3	887	20
780	3	1252	29
781	3	521	29
781	3	887	20
781	3	1461	9
782	3	1408	29
782	3	1982	20
784	3	469	29
784	3	730	20
784	3	1878	9
785	3	939	20
785	3	1356	29
787	3	1826	20
787	3	2139	29
788	3	574	29
788	3	834	20
789	3	1200	20
789	3	1722	29
790	3	1461	20
790	3	1826	29
791	3	2243	20
791	3	2295	29
792	3	782	20
792	3	1408	29
793	3	521	29
793	3	782	20
793	3	1826	9
793	3	2139	12
794	3	521	29
794	3	782	20
794	3	1982	9
795	3	2087	20
797	3	574	29
797	3	834	20
798	3	1565	20
798	3	2087	29
801	3	1826	20
801	3	1982	30
802	3	521	29
802	3	939	20
803	3	574	29
803	3	887	20
803	3	1513	9
803	3	1826	12
803	3	2139	30
804	3	834	20
804	3	1356	29
804	3	1982	9
807	3	626	20
807	3	887	29
807	3	1148	9
807	3	1461	12
807	3	1774	30
809	3	2243	20
810	3	521	29
810	3	782	20
810	3	1095	30
810	3	1565	9
811	3	521	29
811	3	782	20
811	3	1982	9
811	3	2295	12
812	3	417	29
812	3	730	20
812	3	1304	9
812	3	1774	12
812	3	2087	30
813	3	1252	20
813	3	1513	29
814	3	1565	29
815	3	417	29
815	3	678	20
815	3	991	30
816	3	1304	20
816	3	1774	30
818	3	1043	20
818	3	1304	29
818	3	1826	9
820	3	2139	20
820	3	2295	29
821	3	1565	20
821	3	1826	29
822	3	521	29
822	3	782	20
822	3	1095	30
822	3	1878	9
823	3	626	20
823	3	887	29
823	3	1148	9
823	3	1461	12
823	3	1774	30
824	3	1200	20
824	3	1617	9
824	3	1722	29
824	3	1774	30
825	3	1148	20
825	3	1617	9
825	3	1669	29
826	3	1148	20
826	3	1565	30
828	3	1565	20
828	3	1878	29
830	3	1722	20
830	3	1930	29
831	3	469	29
831	3	782	20
831	3	1200	9
831	3	1513	12
831	3	1826	30
832	3	730	20
832	3	1095	29
832	3	1356	9
832	3	1669	12
832	3	1982	30
833	3	1461	20
833	3	1878	29
834	3	678	20
834	3	1252	9
834	3	1304	30
834	3	1617	12
835	3	1408	29
835	3	1722	20
837	3	1826	20
837	3	2139	29
838	3	417	29
838	3	678	20
838	3	1356	9
838	3	1826	12
838	3	2139	30
839	3	1565	20
839	3	1982	29
840	3	417	29
840	3	678	20
840	3	991	30
840	3	1252	9
840	3	1565	12
841	3	678	20
841	3	1252	29
842	3	1200	20
842	3	1565	29
842	3	1826	9
843	3	574	29
843	3	834	20
843	3	1148	30
843	3	1408	9
843	3	1722	12
845	3	1669	20
845	3	1982	29
847	3	1461	20
847	3	1826	29
847	3	2243	9
848	3	469	29
848	3	730	20
848	3	1043	30
848	3	1304	9
848	3	1617	12
850	3	521	29
850	3	782	20
850	3	1148	30
850	3	1408	9
850	3	1722	12
853	3	1930	20
853	3	2191	29
853	3	2243	30
854	3	1148	20
854	3	1565	9
854	3	1722	30
855	3	574	29
855	3	834	20
856	3	2087	20
858	3	991	20
858	3	1461	9
858	3	1513	29
861	3	678	20
861	3	1252	29
862	3	2295	29
863	3	469	29
863	3	730	20
863	3	1200	9
863	3	1565	12
863	3	1878	30
864	3	521	29
864	3	782	20
864	3	1095	30
864	3	1356	9
864	3	1669	12
865	3	521	29
865	3	782	20
866	3	574	29
866	3	834	20
866	3	1930	9
867	3	1513	29
868	3	834	20
868	3	1304	29
869	3	1095	20
869	3	1513	9
869	3	1669	29
870	3	1408	20
870	3	1774	29
871	3	1356	20
871	3	1722	29
873	3	521	29
873	3	782	20
873	3	1095	30
873	3	1356	9
873	3	1669	12
875	3	417	29
875	3	834	20
875	3	1669	9
876	3	678	20
876	3	1252	29
877	3	521	29
877	3	782	20
877	3	1095	30
877	3	1356	9
877	3	1669	12
878	3	1461	20
878	3	1878	29
879	3	1826	20
879	3	2139	29
880	3	626	20
880	3	887	29
880	3	1200	9
880	3	1878	12
880	3	2191	30
882	3	1461	20
882	3	1722	30
884	3	574	29
884	3	834	20
885	3	626	20
885	3	991	29
885	3	1252	9
885	3	1565	12
885	3	1878	30
886	3	1826	20
886	3	2191	29
887	3	521	29
887	3	939	20
889	3	2191	29
890	3	1565	20
890	3	1826	29
891	3	574	29
891	3	834	20
892	3	2191	29
893	3	782	20
893	3	1252	29
894	3	782	20
894	3	1408	29
895	3	417	29
895	3	1774	20
895	3	2295	9
896	3	834	20
896	3	1252	29
897	3	782	20
897	3	1252	30
897	3	1513	9
898	3	469	29
898	3	730	20
898	3	1200	9
898	3	1513	12
898	3	1826	30
899	3	521	29
899	3	782	20
899	3	1200	9
899	3	1513	12
899	3	1826	30
900	3	1513	20
900	3	1878	29
900	3	1930	30
901	3	574	29
901	3	834	20
902	3	1043	20
902	3	1408	9
902	3	1617	29
902	3	2191	12
903	3	417	29
903	3	730	20
903	3	1304	9
903	3	1722	12
903	3	2087	30
905	3	1722	20
905	3	2035	29
906	3	730	20
906	3	1252	29
908	3	626	20
908	3	1252	29
908	3	1565	9
910	3	1461	20
910	3	1826	29
912	3	678	20
912	3	1356	29
913	3	1461	20
913	3	1878	29
914	3	1095	20
914	3	1513	9
914	3	1617	29
914	3	1669	30
915	3	1513	20
915	3	1878	29
916	3	574	29
916	3	834	20
916	3	1200	9
916	3	1617	12
917	3	1878	20
917	3	2139	29
917	3	2191	30
918	3	1304	20
918	3	1826	29
919	3	2035	20
919	3	2295	29
920	3	2243	29
922	3	939	20
922	3	1982	9
922	3	2087	29
922	3	2139	30
923	3	1722	20
923	3	2035	29
924	3	521	29
924	3	834	20
924	3	1200	9
924	3	1513	12
924	3	1826	30
925	3	678	20
925	3	1252	29
926	3	521	29
926	3	939	20
926	3	1461	9
926	3	1930	12
926	3	2243	30
927	3	1148	20
927	3	1565	29
929	3	887	20
929	3	1252	29
929	3	1513	9
931	3	574	29
931	3	834	20
931	3	1148	30
931	3	1408	9
931	3	1722	12
932	3	1513	20
932	3	1722	30
932	3	1982	9
933	3	1408	20
933	3	1774	29
933	3	2243	9
934	3	1304	20
934	3	1774	29
935	3	417	29
935	3	678	20
936	3	2139	29
937	3	2191	20
938	3	1252	20
938	3	1722	29
940	3	469	29
940	3	939	20
940	3	1408	9
940	3	1722	12
940	3	2087	30
941	3	574	29
941	3	834	20
941	3	1200	9
941	3	1617	12
941	3	1930	30
942	3	469	29
942	3	730	20
942	3	1148	30
942	3	1408	9
942	3	1722	12
944	3	1408	20
944	3	1461	29
944	3	2243	9
946	3	417	29
946	3	1304	20
947	3	626	20
947	3	991	29
947	3	1252	9
947	3	1565	12
947	3	1878	30
948	3	626	20
948	3	1252	29
948	3	1774	9
949	3	417	29
949	3	678	20
949	3	991	30
949	3	1252	9
949	3	1565	12
950	3	626	20
950	3	887	29
950	3	1461	9
953	3	626	20
953	3	1252	29
953	3	1304	30
953	3	1565	9
954	3	469	29
954	3	730	20
954	3	1043	30
954	3	1356	9
954	3	2139	12
960	3	939	20
960	3	1252	30
960	3	1617	9
961	3	887	20
961	3	1461	29
961	3	1930	9
963	3	574	29
963	3	834	20
964	3	469	29
964	3	730	20
964	3	1200	9
964	3	1513	12
964	3	1826	30
965	3	1304	20
965	3	1722	29
966	3	521	29
966	3	782	20
966	3	1878	9
968	3	1461	20
968	3	1878	29
968	3	2295	9
969	3	574	29
969	3	1148	20
969	3	1513	9
969	3	2295	12
971	3	521	29
971	3	782	20
971	3	1408	9
972	3	521	29
972	3	782	20
972	3	1095	30
972	3	1356	9
972	3	1669	12
974	3	887	20
976	3	991	20
976	3	1304	29
976	3	1565	9
976	3	1878	12
976	3	2191	30
978	3	626	20
978	3	1200	30
978	3	1461	9
979	3	1461	20
979	3	1878	29
981	3	1148	20
981	3	1408	9
981	3	1565	29
982	3	469	29
982	3	782	20
983	3	521	29
983	3	782	20
984	3	1252	20
984	3	1617	30
985	3	1304	20
985	3	1669	29
987	3	2295	29
988	3	834	20
988	3	1252	29
989	3	521	29
989	3	782	20
990	3	2295	20
995	3	574	29
995	3	834	20
995	3	1774	9
998	3	887	20
998	3	1200	9
998	3	1408	30
998	3	1722	12
0	4	678	27
0	4	887	29
1	4	678	27
1	4	887	29
2	4	834	27
2	4	1148	28
2	4	1408	29
3	4	1148	27
3	4	1461	28
3	4	1722	29
4	4	574	29
4	4	1722	28
4	4	1826	30
5	4	574	29
6	4	417	29
7	4	1095	27
7	4	1408	28
7	4	1669	30
8	4	887	27
8	4	1200	28
8	4	1461	29
8	4	1513	30
10	4	521	29
12	4	1930	27
13	4	1878	27
13	4	2191	28
14	4	469	29
14	4	1043	30
15	4	469	29
16	4	574	29
17	4	574	29
17	4	2295	28
18	4	417	29
19	4	1878	27
19	4	2191	28
20	4	730	27
20	4	1148	28
20	4	1408	29
21	4	417	29
21	4	991	30
22	4	1200	27
22	4	1565	28
22	4	1826	29
23	4	521	29
24	4	469	29
24	4	1043	30
24	4	2295	28
25	4	1565	27
25	4	2243	28
26	4	782	27
26	4	1304	28
26	4	1565	29
27	4	469	29
28	4	939	27
28	4	1252	28
28	4	1513	29
28	4	1565	30
29	4	939	27
29	4	1930	28
29	4	2191	29
30	4	1252	27
30	4	1565	28
30	4	1826	29
31	4	678	27
31	4	991	28
31	4	1252	29
32	4	1148	27
32	4	1461	28
32	4	1669	30
33	4	782	27
33	4	1095	28
33	4	1356	29
34	4	782	27
34	4	1252	28
34	4	1513	29
35	4	574	29
35	4	2243	28
36	4	730	27
36	4	1043	28
36	4	1304	29
37	4	730	27
37	4	1043	28
37	4	1304	29
38	4	678	27
38	4	1565	28
38	4	1826	29
39	4	678	27
39	4	991	28
39	4	1252	29
40	4	574	29
40	4	1148	30
40	4	1878	28
41	4	887	27
41	4	1200	28
41	4	1461	29
42	4	1043	27
42	4	1356	28
42	4	1565	30
43	4	417	29
44	4	1774	27
45	4	782	27
45	4	1095	28
45	4	1356	29
46	4	469	29
47	4	1304	27
47	4	1617	28
47	4	1878	29
48	4	2295	27
49	4	469	29
49	4	1304	28
49	4	1930	30
50	4	1669	27
51	4	1513	27
51	4	2035	28
51	4	2295	29
52	4	2035	27
53	4	678	27
53	4	991	28
53	4	1252	30
55	4	834	27
55	4	1148	28
55	4	1408	29
56	4	1148	27
57	4	521	29
57	4	1095	30
57	4	1722	28
58	4	678	27
58	4	1043	28
58	4	1304	29
59	4	521	29
59	4	2191	28
60	4	2139	27
61	4	678	27
61	4	991	28
61	4	1252	29
62	4	574	29
62	4	2035	30
63	4	417	29
63	4	1461	28
64	4	1930	27
64	4	2295	28
65	4	574	29
65	4	1826	28
66	4	1200	27
66	4	1565	28
66	4	1826	29
67	4	887	27
67	4	1200	28
67	4	1461	29
68	4	1408	27
69	4	730	27
69	4	1252	28
69	4	1513	29
70	4	730	27
71	4	1148	27
71	4	1461	28
71	4	1722	29
73	4	1982	27
74	4	1878	27
74	4	2191	28
75	4	678	27
75	4	939	29
75	4	991	28
76	4	1461	27
76	4	1774	28
76	4	2035	29
77	4	1826	27
78	4	1565	27
79	4	887	27
79	4	1461	28
79	4	1722	29
80	4	678	27
80	4	991	28
80	4	1252	29
81	4	678	27
81	4	991	28
81	4	1252	29
82	4	782	27
82	4	1878	28
82	4	2139	29
83	4	1148	27
83	4	1669	28
83	4	1930	29
84	4	678	27
84	4	991	28
84	4	1252	29
86	4	1356	27
86	4	1878	28
86	4	2139	29
87	4	417	29
87	4	991	30
87	4	1930	28
88	4	834	27
88	4	1148	28
88	4	1408	29
89	4	1043	27
89	4	1356	28
89	4	1617	29
90	4	1200	27
90	4	1722	28
90	4	1982	29
91	4	834	27
91	4	1148	28
91	4	1408	29
92	4	521	29
93	4	1565	27
93	4	2295	28
94	4	2035	27
95	4	782	27
95	4	1930	28
95	4	2191	29
96	4	1043	27
96	4	1461	28
96	4	1722	30
97	4	1513	27
98	4	1408	27
98	4	2035	28
98	4	2295	29
99	4	1200	27
99	4	1826	28
99	4	2087	29
100	4	1565	27
101	4	887	27
101	4	1200	28
101	4	1461	29
102	4	678	27
102	4	1356	28
102	4	1617	29
103	4	1095	27
103	4	1722	28
103	4	1982	29
104	4	417	29
106	4	782	27
106	4	1148	28
106	4	1408	29
106	4	2035	30
107	4	574	29
107	4	2087	28
107	4	2139	30
108	4	574	29
109	4	1513	27
109	4	1930	28
109	4	2191	29
110	4	574	29
111	4	782	27
111	4	1095	28
111	4	1356	29
112	4	730	27
112	4	1930	28
112	4	2191	29
113	4	521	29
114	4	730	27
114	4	1930	28
114	4	2191	29
115	4	1408	27
116	4	1304	27
116	4	1878	28
116	4	2087	30
117	4	1356	27
117	4	1878	28
117	4	2139	29
118	4	1200	27
118	4	1513	28
118	4	1774	30
119	4	1148	27
119	4	1617	28
119	4	1878	29
120	4	782	27
120	4	1617	28
120	4	1878	29
121	4	1565	27
122	4	678	27
122	4	991	29
122	4	1878	30
123	4	2191	27
124	4	730	27
124	4	887	29
125	4	678	27
125	4	991	28
125	4	1252	29
126	4	469	29
126	4	1043	30
127	4	574	29
128	4	574	29
129	4	1148	27
129	4	1722	28
129	4	1982	29
130	4	417	29
131	4	678	27
131	4	1148	28
131	4	1408	29
131	4	2035	30
132	4	574	29
133	4	782	27
133	4	1095	28
133	4	1356	29
134	4	1095	27
134	4	1617	28
134	4	1878	29
135	4	521	29
136	4	469	29
136	4	1043	30
136	4	1513	28
137	4	887	27
137	4	1200	28
137	4	1461	29
138	4	574	29
138	4	1148	30
138	4	1930	28
139	4	678	27
139	4	991	28
139	4	1043	29
139	4	1095	30
140	4	1982	27
141	4	521	29
141	4	1095	30
141	4	1617	28
142	4	1252	27
142	4	1878	28
142	4	2139	29
143	4	1252	27
143	4	1617	28
143	4	1878	29
143	4	1930	30
145	4	1148	27
145	4	1461	28
145	4	1722	29
145	4	1774	30
146	4	574	29
146	4	1513	28
147	4	574	29
147	4	1461	28
148	4	1356	27
149	4	574	29
149	4	1148	30
149	4	2139	28
150	4	469	29
150	4	1513	28
151	4	417	29
151	4	1982	28
152	4	469	29
152	4	1304	28
152	4	2035	30
153	4	730	27
153	4	1930	28
153	4	2191	30
154	4	574	29
154	4	1148	30
155	4	521	29
155	4	1095	30
155	4	2087	28
156	4	574	29
156	4	2191	30
158	4	678	27
158	4	991	28
158	4	1252	29
159	4	574	29
159	4	1148	30
159	4	1982	28
160	4	887	27
160	4	1200	28
160	4	1461	29
161	4	1930	27
162	4	1095	27
162	4	1408	28
162	4	1669	29
162	4	1722	30
163	4	1669	27
163	4	2191	28
164	4	469	29
165	4	782	27
165	4	1095	28
165	4	1356	29
166	4	1878	27
166	4	2191	28
167	4	1565	27
167	4	1930	28
167	4	2191	29
169	4	678	27
169	4	887	29
170	4	574	29
170	4	1148	30
171	4	1878	27
171	4	2191	28
172	4	1095	27
172	4	1408	28
172	4	1669	29
173	4	1356	27
173	4	1930	28
173	4	2191	29
174	4	1095	27
174	4	1408	28
174	4	1669	29
175	4	834	27
175	4	1148	28
175	4	1408	29
175	4	2295	30
176	4	521	29
177	4	1565	27
178	4	2035	27
179	4	574	29
180	4	2139	27
181	4	521	29
182	4	417	29
183	4	574	29
183	4	2191	28
184	4	1565	27
185	4	782	27
185	4	1095	28
185	4	1356	30
186	4	2243	27
187	4	887	27
187	4	1252	28
187	4	1513	29
188	4	1878	27
188	4	2191	28
189	4	1095	27
189	4	1408	28
189	4	1461	30
190	4	1252	27
190	4	1617	28
190	4	1878	29
191	4	678	27
191	4	991	28
191	4	1252	29
192	4	782	27
192	4	1095	28
192	4	1356	29
193	4	730	27
193	4	1043	28
193	4	1304	29
194	4	730	27
196	4	469	29
196	4	1043	30
196	4	1513	28
198	4	730	27
198	4	1148	28
198	4	1408	29
198	4	2191	30
199	4	521	29
199	4	2087	30
200	4	1200	27
200	4	1513	28
200	4	1774	29
201	4	1930	27
201	4	2243	28
202	4	887	27
202	4	1356	28
202	4	1617	30
203	4	417	29
203	4	1565	28
204	4	574	29
205	4	1304	27
205	4	1722	28
205	4	1982	29
206	4	521	29
206	4	1095	30
206	4	1513	28
207	4	678	27
207	4	991	30
208	4	521	29
208	4	1461	28
210	4	417	29
211	4	1565	27
212	4	1148	27
212	4	1461	28
212	4	1722	29
212	4	1774	30
213	4	1617	27
213	4	2191	28
214	4	939	27
215	4	1252	27
215	4	1565	28
215	4	1826	29
216	4	2243	27
217	4	1148	27
217	4	1461	28
217	4	1722	29
218	4	887	27
218	4	1200	28
218	4	1461	29
220	4	1878	27
221	4	417	29
221	4	1617	28
222	4	1930	27
222	4	2243	28
223	4	574	29
224	4	1252	27
224	4	1565	28
224	4	1669	30
225	4	574	29
225	4	1148	30
225	4	1774	28
226	4	469	29
227	4	678	27
227	4	1930	28
227	4	2191	29
227	4	2243	30
228	4	521	29
228	4	1095	30
229	4	730	27
229	4	1200	28
229	4	1461	29
230	4	469	29
231	4	469	29
232	4	574	29
232	4	1148	30
233	4	1200	27
233	4	1565	28
233	4	1826	29
233	4	1878	30
235	4	1304	27
235	4	2035	28
235	4	2295	29
236	4	1930	27
236	4	2243	28
237	4	1252	27
239	4	1252	27
239	4	2087	28
240	4	521	29
240	4	1930	30
240	4	2243	28
241	4	1043	27
241	4	1356	28
241	4	1617	29
242	4	730	27
242	4	1043	28
242	4	1304	29
243	4	521	29
243	4	1095	30
243	4	1878	28
244	4	417	29
244	4	991	30
245	4	1356	27
245	4	1722	28
245	4	1982	29
248	4	521	29
249	4	521	29
250	4	574	29
250	4	1148	30
250	4	1878	28
251	4	887	27
251	4	1200	28
251	4	1461	29
252	4	1930	27
253	4	1043	27
253	4	1878	28
253	4	2139	29
255	4	1148	27
255	4	1774	28
255	4	2035	29
256	4	417	29
256	4	1669	28
257	4	1095	27
257	4	1513	28
257	4	1774	29
258	4	678	27
258	4	887	29
259	4	521	29
260	4	678	27
260	4	991	28
260	4	1252	29
262	4	1043	27
262	4	1356	28
262	4	1617	29
262	4	1669	30
263	4	782	27
264	4	574	29
264	4	1930	28
265	4	678	27
265	4	991	28
265	4	1252	29
266	4	521	29
266	4	1669	28
267	4	521	29
268	4	1043	27
268	4	1356	28
268	4	1617	29
269	4	678	27
269	4	991	28
269	4	1200	30
270	4	1043	27
270	4	1356	28
270	4	1617	29
271	4	834	27
271	4	1148	28
271	4	1408	29
271	4	1461	30
272	4	521	29
272	4	1095	30
272	4	1669	28
274	4	1200	27
274	4	1722	28
274	4	1982	29
275	4	1930	27
277	4	1982	27
277	4	2295	28
278	4	1252	27
279	4	1304	27
279	4	1774	28
279	4	2035	29
280	4	417	29
280	4	2087	28
282	4	1722	27
282	4	2243	28
283	4	1148	27
283	4	1461	28
283	4	1722	29
284	4	574	29
284	4	1148	30
284	4	1617	28
285	4	1095	27
285	4	1408	28
285	4	1669	29
286	4	521	29
286	4	1930	30
287	4	1356	27
287	4	1722	28
287	4	1982	29
288	4	678	27
288	4	991	28
288	4	1252	29
289	4	2087	27
291	4	834	27
291	4	1148	28
291	4	1408	29
292	4	1826	27
292	4	2139	28
293	4	521	29
293	4	1095	30
293	4	1774	28
294	4	574	29
295	4	1200	27
295	4	1774	28
295	4	2035	29
296	4	521	29
297	4	2139	27
298	4	1200	27
298	4	1513	28
298	4	1774	30
299	4	574	29
300	4	1826	27
300	4	2139	28
301	4	521	29
302	4	678	27
302	4	991	28
302	4	1252	29
303	4	469	29
303	4	1043	30
303	4	1669	28
304	4	521	29
306	4	521	29
306	4	1095	30
307	4	469	29
308	4	417	29
309	4	521	29
309	4	1095	30
309	4	1669	28
310	4	730	27
310	4	1043	28
310	4	1304	29
310	4	1930	30
311	4	1722	27
312	4	1200	27
312	4	1826	28
312	4	2087	29
313	4	834	27
314	4	1356	27
314	4	2295	28
315	4	574	29
315	4	1461	28
315	4	2191	30
316	4	2295	27
317	4	1252	27
317	4	1565	28
317	4	1826	30
318	4	1774	27
319	4	1878	27
320	4	1148	27
320	4	1565	28
320	4	1826	29
321	4	678	27
321	4	887	29
322	4	521	29
323	4	1930	27
323	4	2295	28
324	4	1356	27
324	4	1722	28
324	4	1982	29
325	4	1252	27
325	4	1774	28
325	4	2035	29
326	4	574	29
327	4	1148	27
327	4	1461	28
327	4	1722	29
327	4	1774	30
328	4	782	27
328	4	1982	28
328	4	2243	29
329	4	1617	27
329	4	2295	28
330	4	782	27
330	4	1200	28
330	4	1408	30
331	4	678	27
331	4	887	29
332	4	730	27
332	4	1095	28
332	4	1356	29
333	4	574	29
333	4	2243	28
334	4	1304	27
334	4	1722	28
334	4	1982	29
335	4	574	29
336	4	678	27
336	4	991	28
336	4	1252	29
337	4	1617	27
337	4	1930	28
337	4	2191	29
338	4	1982	27
338	4	2295	28
339	4	678	27
339	4	991	28
339	4	1252	29
340	4	1200	27
340	4	1513	28
340	4	1774	29
341	4	1148	27
341	4	1461	28
341	4	1722	29
342	4	521	29
342	4	1095	30
342	4	1722	28
343	4	574	29
343	4	1148	30
344	4	1930	27
345	4	574	29
345	4	1304	28
346	4	417	29
346	4	1826	28
346	4	1878	30
347	4	782	27
347	4	1095	28
347	4	1304	30
348	4	574	29
349	4	574	29
349	4	1148	30
349	4	1669	28
350	4	2243	27
351	4	730	27
352	4	782	27
352	4	1148	28
352	4	1408	29
353	4	678	27
353	4	991	28
353	4	1252	29
354	4	469	29
354	4	1043	30
354	4	1617	28
355	4	782	27
355	4	1095	28
355	4	1356	29
356	4	1043	27
356	4	1513	28
356	4	1774	29
357	4	730	27
357	4	1043	28
357	4	1304	29
358	4	1148	27
358	4	1461	28
358	4	1722	29
360	4	939	27
360	4	1252	28
360	4	1513	29
361	4	678	27
361	4	991	28
361	4	1252	29
362	4	2139	27
364	4	574	29
365	4	2139	27
366	4	834	27
366	4	1252	28
366	4	1513	29
367	4	521	29
368	4	574	29
368	4	1148	30
368	4	1722	28
369	4	730	27
369	4	1043	28
369	4	1304	29
369	4	1356	30
371	4	521	29
372	4	730	27
372	4	1408	28
372	4	1669	29
374	4	1356	27
374	4	1930	28
374	4	2191	29
375	4	1356	27
375	4	1669	28
375	4	1826	30
376	4	574	29
377	4	1200	27
377	4	1617	28
377	4	1878	29
378	4	1200	27
378	4	1513	28
378	4	1774	29
379	4	782	27
379	4	1200	28
379	4	1461	29
380	4	730	27
380	4	2087	28
381	4	730	27
381	4	1878	30
382	4	678	27
382	4	991	28
382	4	1252	29
383	4	1461	27
384	4	678	27
384	4	991	28
384	4	1252	29
385	4	834	27
385	4	1148	28
385	4	1408	29
386	4	417	29
387	4	678	27
387	4	991	28
387	4	1200	30
388	4	2139	27
389	4	574	29
390	4	521	29
390	4	1095	30
391	4	678	27
391	4	991	28
391	4	1252	29
392	4	1878	27
392	4	2191	28
392	4	2295	30
393	4	521	29
393	4	1095	30
394	4	834	27
394	4	1148	28
394	4	1408	29
395	4	1043	27
395	4	1930	28
395	4	2191	29
396	4	574	29
396	4	1148	30
396	4	1565	28
397	4	1200	27
397	4	1513	28
397	4	1774	29
398	4	574	29
399	4	521	29
400	4	730	27
400	4	1043	28
400	4	1304	29
401	4	2035	27
402	4	782	27
402	4	1095	28
402	4	1356	29
403	4	1982	27
404	4	1148	27
404	4	1722	28
404	4	1982	29
405	4	1148	27
405	4	1774	28
405	4	1930	30
406	4	574	29
407	4	1148	27
407	4	1461	28
407	4	1722	30
409	4	1669	27
410	4	1304	27
410	4	1878	28
410	4	2139	29
411	4	417	29
411	4	1043	30
411	4	1774	28
412	4	678	27
412	4	887	29
412	4	1722	28
412	4	1774	30
413	4	574	29
413	4	1148	30
413	4	1565	28
414	4	782	27
414	4	1095	28
414	4	1356	29
414	4	2243	30
415	4	678	27
415	4	991	28
415	4	1200	30
416	4	1878	27
416	4	2191	28
417	4	574	29
418	4	521	29
418	4	1252	28
418	4	1878	30
419	4	417	29
419	4	1878	30
420	4	1043	27
420	4	1408	28
420	4	1669	29
421	4	2035	27
422	4	1513	27
422	4	2295	28
423	4	1148	27
423	4	1461	28
423	4	1669	30
424	4	521	29
424	4	1095	30
424	4	1774	28
425	4	782	27
425	4	1826	28
425	4	2087	29
426	4	1095	27
426	4	1408	28
426	4	1669	29
427	4	1982	27
428	4	574	29
429	4	417	29
429	4	1408	28
430	4	574	29
431	4	521	29
431	4	1095	30
432	4	678	27
432	4	991	28
432	4	1200	30
433	4	834	27
433	4	1148	28
433	4	1408	29
434	4	678	27
434	4	991	29
434	4	1878	30
435	4	469	29
435	4	1043	30
436	4	574	29
436	4	1148	30
436	4	1774	28
437	4	521	29
438	4	417	29
438	4	1408	28
439	4	1356	27
439	4	2035	28
439	4	2295	29
440	4	782	27
440	4	1617	28
440	4	1878	29
442	4	730	27
442	4	1461	28
442	4	1722	29
443	4	1043	27
445	4	574	29
445	4	2243	28
446	4	782	27
446	4	1930	28
446	4	2191	29
447	4	1826	27
447	4	2139	28
448	4	1513	27
449	4	1982	27
450	4	2243	27
451	4	782	27
451	4	1200	28
451	4	1461	29
451	4	2087	30
452	4	469	29
452	4	2087	28
453	4	521	29
453	4	1095	30
453	4	1617	28
454	4	1461	27
455	4	1095	27
455	4	1408	28
455	4	1669	29
456	4	1200	27
456	4	1617	28
456	4	1878	29
457	4	730	27
457	4	1461	28
457	4	1722	29
459	4	1982	27
459	4	2295	28
460	4	574	29
461	4	521	29
462	4	887	27
462	4	1200	28
462	4	1461	29
463	4	574	29
463	4	1200	28
463	4	1826	30
464	4	1148	27
464	4	1461	28
464	4	1722	29
465	4	574	29
466	4	574	29
467	4	469	29
468	4	574	29
469	4	521	29
469	4	1095	30
469	4	2087	28
470	4	2035	27
471	4	1304	27
471	4	1878	28
471	4	2139	29
472	4	469	29
473	4	678	27
473	4	1304	28
473	4	1565	29
474	4	574	29
474	4	1878	30
475	4	1304	27
475	4	1930	28
475	4	2191	29
476	4	1617	27
478	4	991	27
478	4	1304	28
478	4	1565	29
480	4	991	27
480	4	1304	28
480	4	1565	29
481	4	678	27
481	4	991	28
481	4	1252	29
481	4	1304	30
482	4	834	27
482	4	1148	28
482	4	1408	29
483	4	1565	27
484	4	1982	27
485	4	1408	27
485	4	1930	28
485	4	2191	29
486	4	1200	27
486	4	1565	28
486	4	1826	29
487	4	574	29
488	4	1356	27
488	4	1669	28
488	4	1930	29
489	4	574	29
489	4	1148	30
489	4	2243	28
490	4	1095	27
490	4	1408	28
490	4	1669	30
491	4	730	27
491	4	1461	28
491	4	1722	29
492	4	1200	27
492	4	1513	28
492	4	1774	29
492	4	1826	30
493	4	991	27
493	4	1982	28
493	4	2243	29
494	4	521	29
495	4	1095	27
495	4	1408	28
495	4	1669	29
495	4	1722	30
496	4	1043	27
496	4	1304	30
497	4	469	29
498	4	574	29
499	4	782	27
499	4	1095	28
499	4	1356	29
500	4	521	29
500	4	1095	30
500	4	1669	28
501	4	1461	27
501	4	1878	28
501	4	2139	29
502	4	1095	27
502	4	1408	28
502	4	1669	29
503	4	574	29
503	4	1148	30
503	4	1565	28
505	4	1408	27
505	4	1878	28
505	4	2139	29
506	4	1095	27
506	4	1669	28
506	4	1930	29
507	4	1774	27
508	4	678	27
508	4	991	29
508	4	1878	30
510	4	1930	27
512	4	1148	27
512	4	1461	28
512	4	1722	30
513	4	1148	27
513	4	1461	28
513	4	1722	29
514	4	730	27
514	4	1043	28
514	4	1304	29
515	4	521	29
515	4	1095	30
515	4	2191	28
516	4	1356	27
516	4	1826	28
516	4	2087	29
517	4	1200	27
517	4	1669	28
517	4	1930	29
518	4	1095	27
518	4	1408	28
518	4	1669	29
518	4	1722	30
519	4	678	27
519	4	991	28
519	4	1252	29
520	4	574	29
520	4	2035	28
521	4	574	29
521	4	1774	30
522	4	678	27
522	4	1148	28
522	4	1408	29
523	4	574	29
523	4	2295	28
525	4	730	27
525	4	1043	28
525	4	1304	29
525	4	1356	30
526	4	1930	27
527	4	469	29
527	4	1043	30
528	4	574	29
529	4	678	27
529	4	887	29
529	4	1722	28
529	4	1774	30
530	4	1252	27
530	4	1565	28
530	4	1722	30
531	4	1043	27
531	4	1356	28
531	4	1617	29
532	4	1200	27
532	4	1513	28
532	4	1774	29
533	4	2139	27
534	4	678	27
534	4	887	29
534	4	1826	30
536	4	1356	27
536	4	1982	28
536	4	2243	29
537	4	521	29
537	4	1513	28
538	4	469	29
538	4	1043	30
539	4	574	29
540	4	2035	27
541	4	469	29
541	4	1930	28
542	4	1043	27
542	4	1565	28
542	4	1826	29
543	4	1200	27
543	4	1513	28
543	4	1774	30
544	4	521	29
544	4	1252	28
544	4	1930	30
546	4	1148	27
546	4	1461	28
546	4	1722	29
547	4	782	27
547	4	1095	28
547	4	1304	30
548	4	1304	27
549	4	1252	27
549	4	1565	28
549	4	1826	29
550	4	469	29
550	4	1043	30
550	4	1669	28
551	4	469	29
551	4	1095	30
551	4	1722	28
552	4	1408	27
553	4	1043	27
553	4	1408	28
553	4	1669	29
554	4	469	29
554	4	1043	30
555	4	469	29
555	4	1043	30
555	4	1565	28
556	4	730	27
556	4	1200	28
556	4	1461	29
557	4	1982	27
558	4	417	29
559	4	1043	27
559	4	1356	28
559	4	1617	29
560	4	1565	27
561	4	1148	27
562	4	1200	27
562	4	1513	28
562	4	1774	29
562	4	1826	30
563	4	939	27
563	4	1252	28
563	4	1513	30
564	4	1408	27
564	4	1930	28
564	4	2191	29
565	4	574	29
565	4	1774	30
565	4	2087	28
566	4	678	27
566	4	991	28
566	4	1252	29
567	4	834	27
567	4	1565	28
567	4	1826	29
568	4	521	29
568	4	1148	30
569	4	1148	27
569	4	1461	28
569	4	1722	29
570	4	1252	27
570	4	1617	28
570	4	1878	29
571	4	521	29
572	4	1461	27
574	4	887	27
574	4	1200	28
574	4	1461	29
575	4	521	29
575	4	1095	30
575	4	1617	28
576	4	1200	27
576	4	1513	28
576	4	1774	29
577	4	678	27
577	4	887	29
578	4	1252	27
578	4	1878	28
578	4	2139	29
579	4	991	27
581	4	1148	27
581	4	1461	28
581	4	1722	29
581	4	2295	30
582	4	782	27
582	4	1565	28
582	4	1826	29
583	4	678	27
583	4	887	29
583	4	1722	28
583	4	1774	30
584	4	521	29
585	4	521	29
585	4	1095	30
585	4	1565	28
586	4	887	27
586	4	1200	28
586	4	1461	29
587	4	469	29
587	4	1043	30
587	4	1722	28
588	4	730	27
588	4	1043	28
588	4	1304	29
589	4	574	29
589	4	2295	30
590	4	730	27
590	4	1043	28
590	4	1304	29
590	4	1356	30
591	4	1826	27
591	4	2139	28
593	4	521	29
594	4	1304	27
594	4	1826	28
594	4	2087	29
594	4	2139	30
595	4	678	27
595	4	991	28
595	4	1043	29
595	4	1930	30
596	4	1043	27
596	4	1356	28
596	4	1513	30
597	4	730	27
597	4	2087	28
598	4	521	29
599	4	574	29
600	4	1878	27
600	4	2191	28
601	4	678	27
601	4	991	28
601	4	1252	29
602	4	1617	27
603	4	939	27
604	4	1095	27
604	4	1408	28
604	4	1669	29
604	4	2295	30
605	4	1148	27
605	4	1565	28
605	4	1826	29
606	4	678	27
606	4	1200	28
606	4	1461	29
607	4	521	29
607	4	2139	30
608	4	574	29
610	4	2191	27
611	4	782	27
611	4	1461	28
611	4	1722	29
612	4	1200	27
612	4	1513	28
612	4	1774	29
613	4	1513	27
614	4	1252	27
614	4	1565	28
614	4	1826	29
615	4	417	29
616	4	1095	27
616	4	1408	28
616	4	1669	29
617	4	1982	27
619	4	1565	27
619	4	2139	28
620	4	574	29
621	4	1095	27
621	4	1408	28
621	4	1669	29
621	4	1722	30
622	4	469	29
623	4	1252	27
623	4	1930	28
623	4	2191	29
624	4	469	29
625	4	1095	27
625	4	1408	28
625	4	1669	29
626	4	417	29
627	4	730	27
627	4	1043	28
627	4	1304	29
628	4	991	27
628	4	1304	28
628	4	1565	29
629	4	1617	27
629	4	1930	28
629	4	2191	29
630	4	1200	27
630	4	1513	28
630	4	1774	30
631	4	939	27
631	4	1252	28
631	4	1513	30
632	4	574	29
632	4	2191	30
633	4	1252	27
634	4	1200	27
634	4	1513	28
634	4	1774	29
635	4	1408	27
635	4	1774	28
635	4	2295	29
637	4	1461	27
638	4	1982	27
638	4	2295	28
639	4	521	29
639	4	1826	30
639	4	2243	28
640	4	1982	27
640	4	2295	28
641	4	574	29
642	4	1148	27
642	4	1565	28
642	4	1826	29
644	4	678	27
644	4	991	28
644	4	1252	29
645	4	1200	27
645	4	1513	28
645	4	1669	30
646	4	574	29
646	4	1148	30
647	4	2295	27
648	4	939	27
648	4	1304	28
648	4	1565	29
649	4	574	29
650	4	1669	27
650	4	1982	28
650	4	2243	30
651	4	678	27
651	4	991	28
651	4	1252	29
652	4	678	27
652	4	1200	28
652	4	1461	29
653	4	782	27
653	4	1095	28
653	4	1356	29
654	4	834	27
654	4	1982	28
654	4	2243	29
655	4	782	27
655	4	1356	28
655	4	1617	29
656	4	939	27
656	4	1252	28
656	4	1513	29
657	4	469	29
658	4	782	27
658	4	1095	28
658	4	1356	29
658	4	1408	30
659	4	1200	27
659	4	1513	28
659	4	1774	29
660	4	1982	27
661	4	574	29
662	4	887	27
662	4	1200	28
662	4	1461	30
663	4	1200	27
663	4	1565	28
663	4	1826	29
664	4	678	27
664	4	991	28
664	4	1200	30
665	4	678	27
665	4	991	28
665	4	1252	29
666	4	574	29
667	4	678	27
667	4	991	28
667	4	1252	29
668	4	1148	27
668	4	1565	28
668	4	1826	30
669	4	1043	27
669	4	1408	28
669	4	1669	29
670	4	1043	27
670	4	1461	28
670	4	1669	30
671	4	1722	27
672	4	991	27
672	4	1878	28
672	4	2139	29
673	4	1252	27
673	4	1617	28
673	4	1878	29
674	4	1095	27
674	4	1408	28
674	4	1669	29
674	4	1722	30
675	4	1200	27
675	4	1513	28
675	4	1722	30
676	4	574	29
676	4	1826	30
676	4	2139	28
677	4	1043	27
677	4	1356	28
677	4	1617	30
678	4	574	29
679	4	1513	27
680	4	1148	27
680	4	1461	28
680	4	1722	29
680	4	1774	30
681	4	1304	27
682	4	469	29
682	4	1930	28
683	4	1200	27
684	4	1095	27
684	4	1408	28
684	4	1565	30
685	4	678	27
685	4	1930	28
685	4	2191	29
686	4	730	27
686	4	1043	28
686	4	1304	29
687	4	1304	27
688	4	1304	27
688	4	1722	28
688	4	1982	29
689	4	1200	27
689	4	1565	28
689	4	1826	29
690	4	521	29
691	4	678	27
691	4	991	28
691	4	1252	29
691	4	2139	30
692	4	939	27
692	4	1252	28
692	4	1408	30
693	4	417	29
693	4	2243	28
694	4	887	27
694	4	1200	28
694	4	1461	29
695	4	521	29
695	4	2295	28
696	4	1304	27
696	4	2087	28
697	4	521	29
697	4	2243	28
698	4	1826	27
698	4	2139	28
699	4	887	27
699	4	1252	28
699	4	1513	29
700	4	574	29
701	4	1043	27
701	4	1356	28
701	4	1617	29
702	4	782	27
702	4	1095	28
702	4	1356	29
703	4	469	29
705	4	1252	27
705	4	1617	28
705	4	1878	29
706	4	469	29
706	4	1043	30
707	4	574	29
708	4	1148	27
708	4	1461	28
708	4	1722	29
709	4	730	27
709	4	1043	28
709	4	1304	29
709	4	2191	30
710	4	521	29
710	4	1200	28
710	4	1826	30
711	4	1095	27
711	4	1461	28
711	4	1722	29
712	4	1148	27
712	4	1461	28
712	4	1722	29
714	4	678	27
714	4	887	29
715	4	939	27
715	4	1461	28
715	4	1722	29
716	4	574	29
716	4	1148	30
717	4	1095	27
717	4	1408	28
717	4	1669	30
718	4	574	29
718	4	2035	30
719	4	887	27
720	4	1930	27
721	4	730	27
721	4	1252	28
721	4	1513	29
722	4	469	29
722	4	1043	30
722	4	1617	28
723	4	417	29
724	4	1930	27
724	4	2243	28
725	4	574	29
725	4	1356	28
726	4	1043	27
726	4	1356	28
726	4	1565	30
727	4	1356	27
728	4	1930	27
728	4	2243	28
729	4	730	27
729	4	1043	28
729	4	1304	29
730	4	1148	27
730	4	1461	28
730	4	1722	29
731	4	521	29
732	4	730	27
732	4	1043	28
732	4	1304	29
733	4	574	29
734	4	469	29
735	4	1930	27
736	4	1148	27
736	4	1617	28
736	4	1878	29
737	4	574	29
737	4	2035	28
737	4	2191	30
738	4	678	27
738	4	991	28
738	4	1252	29
738	4	1878	30
739	4	1148	27
739	4	1461	28
739	4	1722	29
741	4	782	27
741	4	1095	28
741	4	1356	29
742	4	574	29
742	4	1774	30
742	4	2087	28
743	4	521	29
744	4	1148	27
744	4	1461	28
744	4	1722	29
745	4	1930	27
745	4	2295	28
746	4	1200	27
746	4	1617	28
746	4	1878	29
747	4	939	27
747	4	1252	28
747	4	1513	29
748	4	2035	27
749	4	1148	27
750	4	678	27
750	4	1930	28
750	4	2191	29
751	4	1461	27
752	4	1200	27
752	4	1513	28
752	4	1774	30
753	4	574	29
753	4	1930	28
753	4	1982	30
754	4	574	29
755	4	574	29
756	4	574	29
756	4	1774	30
757	4	1669	27
757	4	2035	28
757	4	2295	29
758	4	574	29
759	4	1565	27
760	4	782	27
761	4	1095	27
761	4	1408	28
761	4	1669	29
762	4	521	29
762	4	1669	28
763	4	1148	27
763	4	1565	28
763	4	1826	29
764	4	939	27
764	4	1982	28
764	4	2243	29
765	4	469	29
766	4	678	27
766	4	991	28
766	4	1252	29
767	4	1148	27
767	4	1565	28
767	4	1826	29
767	4	1878	30
768	4	1565	27
769	4	1252	27
770	4	2035	27
771	4	1148	27
771	4	1513	28
771	4	1774	30
772	4	1304	27
772	4	2035	28
772	4	2295	29
773	4	1617	27
774	4	521	29
774	4	1148	30
775	4	1617	27
776	4	469	29
776	4	1043	30
776	4	1930	28
777	4	2139	27
778	4	730	27
778	4	1043	28
778	4	1304	29
779	4	1982	27
780	4	678	27
780	4	991	28
780	4	1252	29
781	4	521	29
781	4	1408	28
782	4	834	27
782	4	1148	28
782	4	1408	29
783	4	1617	27
783	4	2295	28
784	4	469	29
785	4	782	27
785	4	1095	28
785	4	1356	29
786	4	1408	27
787	4	1356	27
787	4	1878	28
787	4	2139	29
788	4	574	29
789	4	1148	27
789	4	1461	28
789	4	1722	29
790	4	1095	27
790	4	1565	28
790	4	1826	29
791	4	1304	27
791	4	2035	28
791	4	2295	29
792	4	834	27
792	4	1148	28
792	4	1408	29
793	4	521	29
793	4	2191	28
794	4	521	29
795	4	1930	27
795	4	2243	28
796	4	1565	27
797	4	574	29
798	4	834	27
798	4	1826	28
798	4	2087	29
800	4	1200	27
801	4	1356	27
801	4	1878	28
801	4	1982	30
802	4	521	29
802	4	1617	28
803	4	574	29
803	4	1461	28
803	4	2139	30
804	4	782	27
804	4	1095	28
804	4	1356	29
805	4	2191	27
806	4	1461	27
806	4	2087	28
807	4	678	27
807	4	887	29
807	4	1669	28
807	4	1774	30
808	4	1982	27
809	4	1826	27
809	4	2139	28
810	4	521	29
810	4	1095	30
811	4	521	29
812	4	417	29
812	4	1982	28
812	4	2087	30
813	4	939	27
813	4	1252	28
813	4	1513	29
814	4	991	27
814	4	1304	28
814	4	1565	29
815	4	417	29
815	4	991	30
816	4	1200	27
816	4	1513	28
816	4	1774	30
817	4	2243	27
818	4	730	27
818	4	1043	28
818	4	1304	29
819	4	1669	27
819	4	2087	28
820	4	782	27
820	4	2035	28
820	4	2295	29
821	4	1200	27
821	4	1565	28
821	4	1826	29
822	4	521	29
822	4	1095	30
823	4	678	27
823	4	887	29
823	4	1774	30
823	4	2087	28
824	4	1148	27
824	4	1461	28
824	4	1722	29
824	4	1774	30
825	4	1095	27
825	4	1408	28
825	4	1669	29
826	4	1095	27
826	4	1408	28
826	4	1565	30
827	4	730	27
828	4	1252	27
828	4	1617	28
828	4	1878	29
829	4	1930	27
829	4	2295	28
830	4	1200	27
830	4	1669	28
830	4	1930	29
831	4	469	29
831	4	1200	28
831	4	1826	30
832	4	678	27
832	4	991	28
832	4	1095	29
832	4	1982	30
833	4	1304	27
833	4	1617	28
833	4	1878	29
834	4	730	27
834	4	1043	28
834	4	1304	30
835	4	834	27
835	4	1148	28
835	4	1408	29
836	4	1982	27
837	4	1304	27
837	4	1878	28
837	4	2139	29
838	4	417	29
838	4	2035	28
838	4	2139	30
839	4	1356	27
839	4	1722	28
839	4	1982	29
840	4	417	29
840	4	991	30
840	4	1565	28
841	4	678	27
841	4	991	28
841	4	1252	29
842	4	991	27
842	4	1304	28
842	4	1565	29
843	4	574	29
843	4	1148	30
843	4	1722	28
844	4	1565	27
844	4	2243	28
845	4	1304	27
845	4	1722	28
845	4	1982	29
846	4	1356	27
846	4	1774	28
847	4	1252	27
847	4	1565	28
847	4	1826	29
848	4	469	29
848	4	1043	30
849	4	2139	27
850	4	521	29
850	4	1148	30
850	4	1669	28
853	4	1356	27
853	4	1930	28
853	4	2191	29
853	4	2243	30
854	4	1200	27
854	4	1513	28
854	4	1722	30
855	4	574	29
856	4	730	27
856	4	2139	28
857	4	1356	27
858	4	939	27
858	4	1252	28
858	4	1513	29
860	4	1461	27
861	4	678	27
861	4	991	28
861	4	1252	29
862	4	1513	27
862	4	2035	28
862	4	2295	29
863	4	469	29
863	4	1878	30
864	4	521	29
864	4	1095	30
864	4	1774	28
865	4	521	29
866	4	574	29
867	4	939	27
867	4	1252	28
867	4	1513	29
868	4	730	27
868	4	1043	28
868	4	1304	29
869	4	1095	27
869	4	1408	28
869	4	1669	29
870	4	1148	27
870	4	1513	28
870	4	1774	29
871	4	1148	27
871	4	1461	28
871	4	1722	29
873	4	521	29
873	4	1095	30
873	4	1774	28
875	4	417	29
876	4	678	27
876	4	991	28
876	4	1252	29
877	4	521	29
877	4	1095	30
877	4	1617	28
878	4	1148	27
878	4	1617	28
878	4	1878	29
879	4	730	27
879	4	1878	28
879	4	2139	29
880	4	678	27
880	4	887	29
880	4	2191	30
882	4	1252	27
882	4	1565	28
882	4	1722	30
883	4	1878	27
883	4	2243	28
884	4	574	29
885	4	730	27
885	4	991	29
885	4	1043	28
885	4	1878	30
886	4	1148	27
886	4	1930	28
886	4	2191	29
887	4	521	29
888	4	2139	27
889	4	1461	27
889	4	1930	28
889	4	2191	29
890	4	1252	27
890	4	1565	28
890	4	1826	29
891	4	574	29
892	4	1617	27
892	4	1930	28
892	4	2191	29
893	4	678	27
893	4	991	28
893	4	1252	29
894	4	834	27
894	4	1148	28
894	4	1408	29
895	4	417	29
896	4	678	27
896	4	991	28
896	4	1252	29
897	4	678	27
897	4	991	28
897	4	1252	30
898	4	469	29
898	4	1148	28
898	4	1826	30
899	4	521	29
899	4	1826	30
899	4	2243	28
900	4	1252	27
900	4	1617	28
900	4	1878	29
900	4	1930	30
901	4	574	29
902	4	1043	27
902	4	1356	28
902	4	1617	29
903	4	417	29
903	4	1982	28
903	4	2087	30
905	4	1148	27
905	4	1774	28
905	4	2035	29
906	4	678	27
906	4	991	28
906	4	1252	29
907	4	2295	27
908	4	678	27
908	4	991	28
908	4	1252	29
909	4	1930	27
910	4	1252	27
910	4	1565	28
910	4	1826	29
911	4	1982	27
912	4	782	27
912	4	1095	28
912	4	1356	29
913	4	1252	27
913	4	1617	28
913	4	1878	29
914	4	1043	27
914	4	1356	28
914	4	1617	29
914	4	1669	30
915	4	1200	27
915	4	1617	28
915	4	1878	29
916	4	574	29
917	4	834	27
917	4	1878	28
917	4	2139	29
917	4	2191	30
918	4	1252	27
918	4	1565	28
918	4	1826	29
919	4	1252	27
919	4	2035	28
919	4	2295	29
920	4	1043	27
920	4	1982	28
920	4	2243	29
921	4	991	27
922	4	730	27
922	4	1826	28
922	4	2087	29
922	4	2139	30
923	4	1461	27
923	4	1774	28
923	4	2035	29
924	4	521	29
924	4	1722	28
924	4	1826	30
925	4	678	27
925	4	991	28
925	4	1252	29
926	4	521	29
926	4	1356	28
926	4	2243	30
927	4	939	27
927	4	1304	28
927	4	1565	29
929	4	678	27
929	4	991	28
929	4	1252	29
931	4	574	29
931	4	1148	30
931	4	1669	28
932	4	1304	27
932	4	1617	28
932	4	1722	30
933	4	1200	27
933	4	1513	28
933	4	1774	29
934	4	1148	27
934	4	1513	28
934	4	1774	29
935	4	417	29
936	4	991	27
936	4	1878	28
936	4	2139	29
937	4	1878	27
937	4	2191	28
938	4	1095	27
938	4	1461	28
938	4	1722	29
939	4	1669	27
940	4	469	29
940	4	1356	28
940	4	2087	30
941	4	574	29
941	4	1930	30
941	4	2243	28
942	4	469	29
942	4	1148	30
942	4	1774	28
943	4	2087	27
944	4	887	27
944	4	1200	28
944	4	1461	29
945	4	1408	27
946	4	417	29
946	4	1878	28
947	4	678	27
947	4	991	29
947	4	1878	30
948	4	678	27
948	4	991	28
948	4	1252	29
949	4	417	29
949	4	991	30
949	4	1617	28
950	4	678	27
950	4	887	29
953	4	678	27
953	4	991	28
953	4	1252	29
953	4	1304	30
954	4	469	29
954	4	1043	30
956	4	1982	27
958	4	1408	27
958	4	2295	28
960	4	991	27
960	4	1252	30
961	4	887	27
961	4	1200	28
961	4	1461	29
962	4	2087	27
963	4	574	29
964	4	469	29
964	4	1148	28
964	4	1826	30
965	4	1148	27
965	4	1461	28
965	4	1722	29
966	4	521	29
966	4	2243	28
968	4	730	27
968	4	1617	28
968	4	1878	29
969	4	574	29
969	4	1565	28
971	4	521	29
971	4	2295	28
972	4	521	29
972	4	1095	30
972	4	1669	28
973	4	782	27
974	4	678	27
974	4	2295	28
975	4	1356	27
975	4	2295	28
976	4	730	27
976	4	1043	28
976	4	1304	29
976	4	2191	30
977	4	2087	27
978	4	678	27
978	4	991	28
978	4	1200	30
979	4	1200	27
979	4	1617	28
979	4	1878	29
980	4	1930	27
981	4	991	27
981	4	1304	28
981	4	1565	29
982	4	469	29
983	4	521	29
984	4	1148	27
984	4	1461	28
984	4	1617	30
985	4	1095	27
985	4	1408	28
985	4	1669	29
986	4	2191	27
987	4	1356	27
987	4	2035	28
987	4	2295	29
988	4	678	27
988	4	991	28
988	4	1252	29
989	4	521	29
990	4	1565	27
990	4	2139	28
992	4	2139	27
994	4	2087	27
995	4	574	29
996	4	1200	27
997	4	2139	27
998	4	834	27
998	4	1148	28
998	4	1408	30
999	4	1617	27
0	5	521	25
0	5	678	27
0	5	887	29
1	5	521	25
1	5	678	27
1	5	887	29
2	5	521	25
2	5	834	27
2	5	1148	28
2	5	1408	29
3	5	1043	25
3	5	1148	27
3	5	1461	28
3	5	1722	29
4	5	521	25
4	5	574	29
4	5	1722	28
4	5	1826	30
5	5	521	25
5	5	574	29
6	5	417	29
6	5	730	25
7	5	521	25
7	5	1095	27
7	5	1408	28
7	5	1669	30
8	5	521	25
8	5	887	27
8	5	1200	28
8	5	1461	29
8	5	1513	30
9	5	887	25
10	5	521	29
11	5	2035	25
12	5	678	25
12	5	1930	27
13	5	626	25
13	5	1878	27
13	5	2191	28
14	5	469	29
14	5	521	25
14	5	1043	30
15	5	469	29
15	5	521	25
16	5	521	25
16	5	574	29
17	5	521	25
17	5	574	29
17	5	2295	28
18	5	417	29
18	5	730	25
19	5	1461	25
19	5	1878	27
19	5	2191	28
20	5	521	25
20	5	730	27
20	5	1148	28
20	5	1408	29
21	5	417	29
21	5	730	25
21	5	991	30
22	5	521	25
22	5	1200	27
22	5	1565	28
22	5	1826	29
23	5	521	29
24	5	469	29
24	5	521	25
24	5	1043	30
24	5	2295	28
25	5	1252	25
25	5	1565	27
25	5	2243	28
26	5	521	25
26	5	782	27
26	5	1304	28
26	5	1565	29
27	5	469	29
27	5	521	25
28	5	521	25
28	5	939	27
28	5	1252	28
28	5	1513	29
28	5	1565	30
29	5	521	25
29	5	939	27
29	5	1930	28
29	5	2191	29
30	5	1148	25
30	5	1252	27
30	5	1565	28
30	5	1826	29
31	5	521	25
31	5	678	27
31	5	991	28
31	5	1252	29
32	5	1043	25
32	5	1148	27
32	5	1461	28
32	5	1669	30
33	5	521	25
33	5	782	27
33	5	1095	28
33	5	1356	29
34	5	521	25
34	5	782	27
34	5	1252	28
34	5	1513	29
35	5	521	25
35	5	574	29
35	5	2243	28
36	5	521	25
36	5	730	27
36	5	1043	28
36	5	1304	29
37	5	521	25
37	5	730	27
37	5	1043	28
37	5	1304	29
38	5	521	25
38	5	678	27
38	5	1565	28
38	5	1826	29
39	5	521	25
39	5	678	27
39	5	991	28
39	5	1252	29
40	5	521	25
40	5	574	29
40	5	1148	30
40	5	1878	28
41	5	521	25
41	5	887	27
41	5	1200	28
41	5	1461	29
42	5	521	25
42	5	1043	27
42	5	1356	28
42	5	1565	30
43	5	417	29
43	5	730	25
44	5	1252	25
44	5	1774	27
45	5	521	25
45	5	782	27
45	5	1095	28
45	5	1356	29
46	5	469	29
46	5	521	25
47	5	782	25
47	5	1304	27
47	5	1617	28
47	5	1878	29
48	5	834	25
48	5	2295	27
49	5	469	29
49	5	521	25
49	5	1304	28
49	5	1930	30
50	5	1200	25
50	5	1669	27
51	5	1200	25
51	5	1513	27
51	5	2035	28
51	5	2295	29
52	5	521	25
52	5	2035	27
53	5	521	25
53	5	678	27
53	5	991	28
53	5	1252	30
55	5	521	25
55	5	834	27
55	5	1148	28
55	5	1408	29
56	5	887	25
56	5	1148	27
57	5	521	29
57	5	1095	30
57	5	1722	28
58	5	521	25
58	5	678	27
58	5	1043	28
58	5	1304	29
59	5	521	29
59	5	2191	28
60	5	626	25
60	5	2139	27
61	5	521	25
61	5	678	27
61	5	991	28
61	5	1252	29
62	5	521	25
62	5	574	29
62	5	2035	30
63	5	417	29
63	5	730	25
63	5	1461	28
64	5	1774	25
64	5	1930	27
64	5	2295	28
65	5	521	25
65	5	574	29
65	5	1826	28
66	5	1148	25
66	5	1200	27
66	5	1565	28
66	5	1826	29
67	5	521	25
67	5	887	27
67	5	1200	28
67	5	1461	29
68	5	1148	25
68	5	1408	27
69	5	521	25
69	5	730	27
69	5	1252	28
69	5	1513	29
70	5	521	25
70	5	730	27
71	5	991	25
71	5	1148	27
71	5	1461	28
71	5	1722	29
72	5	1774	25
73	5	1200	25
73	5	1982	27
74	5	521	25
74	5	1878	27
74	5	2191	28
75	5	521	25
75	5	678	27
75	5	939	29
75	5	991	28
76	5	1148	25
76	5	1461	27
76	5	1774	28
76	5	2035	29
77	5	1148	25
77	5	1826	27
78	5	1095	25
78	5	1565	27
79	5	521	25
79	5	887	27
79	5	1461	28
79	5	1722	29
80	5	521	25
80	5	678	27
80	5	991	28
80	5	1252	29
81	5	521	25
81	5	678	27
81	5	991	28
81	5	1252	29
82	5	521	25
82	5	782	27
82	5	1878	28
82	5	2139	29
83	5	678	25
83	5	1148	27
83	5	1669	28
83	5	1930	29
84	5	521	25
84	5	678	27
84	5	991	28
84	5	1252	29
85	5	1252	25
86	5	678	25
86	5	1356	27
86	5	1878	28
86	5	2139	29
87	5	417	29
87	5	730	25
87	5	991	30
87	5	1930	28
88	5	521	25
88	5	834	27
88	5	1148	28
88	5	1408	29
89	5	521	25
89	5	1043	27
89	5	1356	28
89	5	1617	29
90	5	1148	25
90	5	1200	27
90	5	1722	28
90	5	1982	29
91	5	521	25
91	5	834	27
91	5	1148	28
91	5	1408	29
92	5	521	29
93	5	1095	25
93	5	1565	27
93	5	2295	28
94	5	1304	25
94	5	2035	27
95	5	521	25
95	5	782	27
95	5	1930	28
95	5	2191	29
96	5	521	25
96	5	1043	27
96	5	1461	28
96	5	1722	30
97	5	782	25
97	5	1513	27
98	5	1252	25
98	5	1408	27
98	5	2035	28
98	5	2295	29
99	5	626	25
99	5	1200	27
99	5	1826	28
99	5	2087	29
100	5	1043	25
100	5	1565	27
101	5	521	25
101	5	887	27
101	5	1200	28
101	5	1461	29
102	5	521	25
102	5	678	27
102	5	1356	28
102	5	1617	29
103	5	521	25
103	5	1095	27
103	5	1722	28
103	5	1982	29
104	5	417	29
104	5	730	25
105	5	1930	25
106	5	521	25
106	5	782	27
106	5	1148	28
106	5	1408	29
106	5	2035	30
107	5	521	25
107	5	574	29
107	5	2087	28
107	5	2139	30
108	5	521	25
108	5	574	29
109	5	1043	25
109	5	1513	27
109	5	1930	28
109	5	2191	29
110	5	521	25
110	5	574	29
111	5	521	25
111	5	782	27
111	5	1095	28
111	5	1356	29
112	5	521	25
112	5	730	27
112	5	1930	28
112	5	2191	29
113	5	521	29
114	5	521	25
114	5	730	27
114	5	1930	28
114	5	2191	29
115	5	1148	25
115	5	1408	27
116	5	1148	25
116	5	1304	27
116	5	1878	28
116	5	2087	30
117	5	1148	25
117	5	1356	27
117	5	1878	28
117	5	2139	29
118	5	1043	25
118	5	1200	27
118	5	1513	28
118	5	1774	30
119	5	1095	25
119	5	1148	27
119	5	1617	28
119	5	1878	29
120	5	521	25
120	5	782	27
120	5	1617	28
120	5	1878	29
121	5	834	25
121	5	1565	27
122	5	521	25
122	5	678	27
122	5	991	29
122	5	1878	30
123	5	1565	25
123	5	2191	27
124	5	521	25
124	5	730	27
124	5	887	29
125	5	521	25
125	5	678	27
125	5	991	28
125	5	1252	29
126	5	469	29
126	5	521	25
126	5	1043	30
127	5	521	25
127	5	574	29
128	5	521	25
128	5	574	29
129	5	678	25
129	5	1148	27
129	5	1722	28
129	5	1982	29
130	5	417	29
130	5	730	25
131	5	521	25
131	5	678	27
131	5	1148	28
131	5	1408	29
131	5	2035	30
132	5	521	25
132	5	574	29
133	5	521	25
133	5	782	27
133	5	1095	28
133	5	1356	29
134	5	521	25
134	5	1095	27
134	5	1617	28
134	5	1878	29
135	5	521	29
136	5	469	29
136	5	521	25
136	5	1043	30
136	5	1513	28
137	5	521	25
137	5	887	27
137	5	1200	28
137	5	1461	29
138	5	521	25
138	5	574	29
138	5	1148	30
138	5	1930	28
139	5	521	25
139	5	678	27
139	5	991	28
139	5	1043	29
139	5	1095	30
140	5	1304	25
140	5	1982	27
141	5	521	29
141	5	1095	30
141	5	1617	28
142	5	521	25
142	5	1252	27
142	5	1878	28
142	5	2139	29
143	5	1095	25
143	5	1252	27
143	5	1617	28
143	5	1878	29
143	5	1930	30
145	5	1043	25
145	5	1148	27
145	5	1461	28
145	5	1722	29
145	5	1774	30
146	5	521	25
146	5	574	29
146	5	1513	28
147	5	521	25
147	5	574	29
147	5	1461	28
148	5	1148	25
148	5	1356	27
149	5	521	25
149	5	574	29
149	5	1148	30
149	5	2139	28
150	5	469	29
150	5	521	25
150	5	1513	28
151	5	417	29
151	5	991	25
151	5	1982	28
152	5	469	29
152	5	521	25
152	5	1304	28
152	5	2035	30
153	5	521	25
153	5	730	27
153	5	1930	28
153	5	2191	30
154	5	521	25
154	5	574	29
154	5	1148	30
155	5	521	29
155	5	1095	30
155	5	2087	28
156	5	521	25
156	5	574	29
156	5	2191	30
158	5	521	25
158	5	678	27
158	5	991	28
158	5	1252	29
159	5	521	25
159	5	574	29
159	5	1148	30
159	5	1982	28
160	5	521	25
160	5	887	27
160	5	1200	28
160	5	1461	29
161	5	1200	25
161	5	1930	27
162	5	626	25
162	5	1095	27
162	5	1408	28
162	5	1669	29
162	5	1722	30
163	5	782	25
163	5	1669	27
163	5	2191	28
164	5	469	29
164	5	521	25
165	5	521	25
165	5	782	27
165	5	1095	28
165	5	1356	29
166	5	1408	25
166	5	1878	27
166	5	2191	28
167	5	834	25
167	5	1565	27
167	5	1930	28
167	5	2191	29
168	5	2139	25
169	5	521	25
169	5	678	27
169	5	887	29
170	5	521	25
170	5	574	29
170	5	1148	30
171	5	521	25
171	5	1878	27
171	5	2191	28
172	5	574	25
172	5	1095	27
172	5	1408	28
172	5	1669	29
173	5	1095	25
173	5	1356	27
173	5	1930	28
173	5	2191	29
174	5	521	25
174	5	1095	27
174	5	1408	28
174	5	1669	29
175	5	521	25
175	5	834	27
175	5	1148	28
175	5	1408	29
175	5	2295	30
176	5	521	29
177	5	1356	25
177	5	1565	27
178	5	1878	25
178	5	2035	27
179	5	521	25
179	5	574	29
180	5	730	25
180	5	2139	27
181	5	521	29
182	5	417	29
182	5	782	25
183	5	521	25
183	5	574	29
183	5	2191	28
184	5	626	25
184	5	1565	27
185	5	521	25
185	5	782	27
185	5	1095	28
185	5	1356	30
186	5	1930	25
186	5	2243	27
187	5	521	25
187	5	887	27
187	5	1252	28
187	5	1513	29
188	5	574	25
188	5	1878	27
188	5	2191	28
189	5	521	25
189	5	1095	27
189	5	1408	28
189	5	1461	30
190	5	678	25
190	5	1252	27
190	5	1617	28
190	5	1878	29
191	5	521	25
191	5	678	27
191	5	991	28
191	5	1252	29
192	5	521	25
192	5	782	27
192	5	1095	28
192	5	1356	29
193	5	521	25
193	5	730	27
193	5	1043	28
193	5	1304	29
194	5	521	25
194	5	730	27
196	5	469	29
196	5	521	25
196	5	1043	30
196	5	1513	28
197	5	2139	25
198	5	521	25
198	5	730	27
198	5	1148	28
198	5	1408	29
198	5	2191	30
199	5	521	29
199	5	2087	30
200	5	1043	25
200	5	1200	27
200	5	1513	28
200	5	1774	29
201	5	1304	25
201	5	1930	27
201	5	2243	28
202	5	521	25
202	5	887	27
202	5	1356	28
202	5	1617	30
203	5	417	29
203	5	939	25
203	5	1565	28
204	5	521	25
204	5	574	29
205	5	1095	25
205	5	1304	27
205	5	1722	28
205	5	1982	29
206	5	521	29
206	5	1095	30
206	5	1513	28
207	5	521	25
207	5	678	27
207	5	991	30
208	5	521	29
208	5	1461	28
209	5	1930	25
210	5	417	29
210	5	730	25
211	5	1200	25
211	5	1565	27
212	5	521	25
212	5	1148	27
212	5	1461	28
212	5	1722	29
212	5	1774	30
213	5	1200	25
213	5	1617	27
213	5	2191	28
214	5	521	25
214	5	939	27
215	5	1095	25
215	5	1252	27
215	5	1565	28
215	5	1826	29
216	5	574	25
216	5	2243	27
217	5	1043	25
217	5	1148	27
217	5	1461	28
217	5	1722	29
218	5	521	25
218	5	887	27
218	5	1200	28
218	5	1461	29
219	5	1878	25
220	5	1095	25
220	5	1878	27
221	5	417	29
221	5	730	25
221	5	1617	28
222	5	730	25
222	5	1930	27
222	5	2243	28
223	5	521	25
223	5	574	29
224	5	521	25
224	5	1252	27
224	5	1565	28
224	5	1669	30
225	5	521	25
225	5	574	29
225	5	1148	30
225	5	1774	28
226	5	469	29
226	5	521	25
227	5	521	25
227	5	678	27
227	5	1930	28
227	5	2191	29
227	5	2243	30
228	5	521	29
228	5	1095	30
229	5	521	25
229	5	730	27
229	5	1200	28
229	5	1461	29
230	5	469	29
230	5	521	25
231	5	469	29
231	5	521	25
232	5	521	25
232	5	574	29
232	5	1148	30
233	5	1148	25
233	5	1200	27
233	5	1565	28
233	5	1826	29
233	5	1878	30
235	5	1148	25
235	5	1304	27
235	5	2035	28
235	5	2295	29
236	5	521	25
236	5	1930	27
236	5	2243	28
237	5	521	25
237	5	1252	27
238	5	730	25
239	5	939	25
239	5	1252	27
239	5	2087	28
240	5	521	29
240	5	1930	30
240	5	2243	28
241	5	521	25
241	5	1043	27
241	5	1356	28
241	5	1617	29
242	5	521	25
242	5	730	27
242	5	1043	28
242	5	1304	29
243	5	521	29
243	5	1095	30
243	5	1878	28
244	5	417	29
244	5	730	25
244	5	991	30
245	5	887	25
245	5	1356	27
245	5	1722	28
245	5	1982	29
246	5	1826	25
247	5	1513	25
248	5	521	29
249	5	521	29
250	5	521	25
250	5	574	29
250	5	1148	30
250	5	1878	28
251	5	521	25
251	5	887	27
251	5	1200	28
251	5	1461	29
252	5	834	25
252	5	1930	27
253	5	521	25
253	5	1043	27
253	5	1878	28
253	5	2139	29
254	5	1774	25
255	5	521	25
255	5	1148	27
255	5	1774	28
255	5	2035	29
256	5	417	29
256	5	834	25
256	5	1669	28
257	5	887	25
257	5	1095	27
257	5	1513	28
257	5	1774	29
258	5	521	25
258	5	678	27
258	5	887	29
259	5	521	29
260	5	521	25
260	5	678	27
260	5	991	28
260	5	1252	29
262	5	521	25
262	5	1043	27
262	5	1356	28
262	5	1617	29
262	5	1669	30
263	5	521	25
263	5	782	27
264	5	521	25
264	5	574	29
264	5	1930	28
265	5	521	25
265	5	678	27
265	5	991	28
265	5	1252	29
266	5	521	29
266	5	1669	28
267	5	521	29
268	5	626	25
268	5	1043	27
268	5	1356	28
268	5	1617	29
269	5	521	25
269	5	678	27
269	5	991	28
269	5	1200	30
270	5	521	25
270	5	1043	27
270	5	1356	28
270	5	1617	29
271	5	521	25
271	5	834	27
271	5	1148	28
271	5	1408	29
271	5	1461	30
272	5	521	29
272	5	1095	30
272	5	1669	28
273	5	1982	25
274	5	887	25
274	5	1200	27
274	5	1722	28
274	5	1982	29
275	5	1200	25
275	5	1930	27
276	5	1930	25
277	5	521	25
277	5	1982	27
277	5	2295	28
278	5	1200	25
278	5	1252	27
279	5	1043	25
279	5	1304	27
279	5	1774	28
279	5	2035	29
280	5	417	29
280	5	887	25
280	5	2087	28
282	5	1200	25
282	5	1722	27
282	5	2243	28
283	5	1043	25
283	5	1148	27
283	5	1461	28
283	5	1722	29
284	5	521	25
284	5	574	29
284	5	1148	30
284	5	1617	28
285	5	1043	25
285	5	1095	27
285	5	1408	28
285	5	1669	29
286	5	521	29
286	5	1930	30
287	5	1043	25
287	5	1356	27
287	5	1722	28
287	5	1982	29
288	5	521	25
288	5	678	27
288	5	991	28
288	5	1252	29
289	5	626	25
289	5	2087	27
290	5	2243	25
291	5	521	25
291	5	834	27
291	5	1148	28
291	5	1408	29
292	5	1148	25
292	5	1826	27
292	5	2139	28
293	5	521	29
293	5	1095	30
293	5	1774	28
294	5	521	25
294	5	574	29
295	5	626	25
295	5	1200	27
295	5	1774	28
295	5	2035	29
296	5	521	29
297	5	1043	25
297	5	2139	27
298	5	521	25
298	5	1200	27
298	5	1513	28
298	5	1774	30
299	5	521	25
299	5	574	29
300	5	574	25
300	5	1826	27
300	5	2139	28
301	5	521	29
302	5	521	25
302	5	678	27
302	5	991	28
302	5	1252	29
303	5	469	29
303	5	521	25
303	5	1043	30
303	5	1669	28
304	5	521	29
306	5	521	29
306	5	1095	30
307	5	469	29
307	5	521	25
308	5	417	29
308	5	730	25
309	5	521	29
309	5	1095	30
309	5	1669	28
310	5	521	25
310	5	730	27
310	5	1043	28
310	5	1304	29
310	5	1930	30
311	5	521	25
311	5	1722	27
312	5	626	25
312	5	1200	27
312	5	1826	28
312	5	2087	29
313	5	521	25
313	5	834	27
314	5	1095	25
314	5	1356	27
314	5	2295	28
315	5	521	25
315	5	574	29
315	5	1461	28
315	5	2191	30
316	5	1878	25
316	5	2295	27
317	5	1095	25
317	5	1252	27
317	5	1565	28
317	5	1826	30
318	5	1148	25
318	5	1774	27
319	5	939	25
319	5	1878	27
320	5	1095	25
320	5	1148	27
320	5	1565	28
320	5	1826	29
321	5	521	25
321	5	678	27
321	5	887	29
322	5	521	29
323	5	1461	25
323	5	1930	27
323	5	2295	28
324	5	1148	25
324	5	1356	27
324	5	1722	28
324	5	1982	29
325	5	1095	25
325	5	1252	27
325	5	1774	28
325	5	2035	29
326	5	521	25
326	5	574	29
327	5	991	25
327	5	1148	27
327	5	1461	28
327	5	1722	29
327	5	1774	30
328	5	521	25
328	5	782	27
328	5	1982	28
328	5	2243	29
329	5	1148	25
329	5	1617	27
329	5	2295	28
330	5	521	25
330	5	782	27
330	5	1200	28
330	5	1408	30
331	5	521	25
331	5	678	27
331	5	887	29
332	5	521	25
332	5	730	27
332	5	1095	28
332	5	1356	29
333	5	521	25
333	5	574	29
333	5	2243	28
334	5	1095	25
334	5	1304	27
334	5	1722	28
334	5	1982	29
335	5	521	25
335	5	574	29
336	5	521	25
336	5	678	27
336	5	991	28
336	5	1252	29
337	5	521	25
337	5	1617	27
337	5	1930	28
337	5	2191	29
338	5	626	25
338	5	1982	27
338	5	2295	28
339	5	521	25
339	5	678	27
339	5	991	28
339	5	1252	29
340	5	1043	25
340	5	1200	27
340	5	1513	28
340	5	1774	29
341	5	1043	25
341	5	1148	27
341	5	1461	28
341	5	1722	29
342	5	521	29
342	5	1095	30
342	5	1722	28
343	5	521	25
343	5	574	29
343	5	1148	30
344	5	1826	25
344	5	1930	27
345	5	521	25
345	5	574	29
345	5	1304	28
346	5	417	29
346	5	730	25
346	5	1826	28
346	5	1878	30
347	5	521	25
347	5	782	27
347	5	1095	28
347	5	1304	30
348	5	521	25
348	5	574	29
349	5	521	25
349	5	574	29
349	5	1148	30
349	5	1669	28
350	5	1878	25
350	5	2243	27
351	5	521	25
351	5	730	27
352	5	521	25
352	5	782	27
352	5	1148	28
352	5	1408	29
353	5	521	25
353	5	678	27
353	5	991	28
353	5	1252	29
354	5	469	29
354	5	521	25
354	5	1043	30
354	5	1617	28
355	5	521	25
355	5	782	27
355	5	1095	28
355	5	1356	29
356	5	521	25
356	5	1043	27
356	5	1513	28
356	5	1774	29
357	5	521	25
357	5	730	27
357	5	1043	28
357	5	1304	29
358	5	626	25
358	5	1148	27
358	5	1461	28
358	5	1722	29
359	5	2191	25
360	5	521	25
360	5	939	27
360	5	1252	28
360	5	1513	29
361	5	521	25
361	5	678	27
361	5	991	28
361	5	1252	29
362	5	782	25
362	5	2139	27
363	5	2243	25
364	5	521	25
364	5	574	29
365	5	1200	25
365	5	2139	27
366	5	521	25
366	5	834	27
366	5	1252	28
366	5	1513	29
367	5	521	29
368	5	521	25
368	5	574	29
368	5	1148	30
368	5	1722	28
369	5	521	25
369	5	730	27
369	5	1043	28
369	5	1304	29
369	5	1356	30
370	5	521	25
371	5	521	29
372	5	521	25
372	5	730	27
372	5	1408	28
372	5	1669	29
373	5	521	25
374	5	1200	25
374	5	1356	27
374	5	1930	28
374	5	2191	29
375	5	1095	25
375	5	1356	27
375	5	1669	28
375	5	1826	30
376	5	521	25
376	5	574	29
377	5	1095	25
377	5	1200	27
377	5	1617	28
377	5	1878	29
378	5	626	25
378	5	1200	27
378	5	1513	28
378	5	1774	29
379	5	521	25
379	5	782	27
379	5	1200	28
379	5	1461	29
380	5	521	25
380	5	730	27
380	5	2087	28
381	5	521	25
381	5	730	27
381	5	1878	30
382	5	521	25
382	5	678	27
382	5	991	28
382	5	1252	29
383	5	1148	25
383	5	1461	27
384	5	521	25
384	5	678	27
384	5	991	28
384	5	1252	29
385	5	521	25
385	5	834	27
385	5	1148	28
385	5	1408	29
386	5	417	29
386	5	730	25
387	5	521	25
387	5	678	27
387	5	991	28
387	5	1200	30
388	5	1878	25
388	5	2139	27
389	5	521	25
389	5	574	29
390	5	521	29
390	5	1095	30
391	5	521	25
391	5	678	27
391	5	991	28
391	5	1252	29
392	5	574	25
392	5	1878	27
392	5	2191	28
392	5	2295	30
393	5	521	29
393	5	1095	30
394	5	521	25
394	5	834	27
394	5	1148	28
394	5	1408	29
395	5	521	25
395	5	1043	27
395	5	1930	28
395	5	2191	29
396	5	521	25
396	5	574	29
396	5	1148	30
396	5	1565	28
397	5	1095	25
397	5	1200	27
397	5	1513	28
397	5	1774	29
398	5	521	25
398	5	574	29
399	5	521	29
400	5	521	25
400	5	730	27
400	5	1043	28
400	5	1304	29
401	5	1930	25
401	5	2035	27
402	5	521	25
402	5	782	27
402	5	1095	28
402	5	1356	29
403	5	1878	25
403	5	1982	27
404	5	521	25
404	5	1148	27
404	5	1722	28
404	5	1982	29
405	5	730	25
405	5	1148	27
405	5	1774	28
405	5	1930	30
406	5	521	25
406	5	574	29
407	5	991	25
407	5	1148	27
407	5	1461	28
407	5	1722	30
409	5	678	25
409	5	1669	27
410	5	521	25
410	5	1304	27
410	5	1878	28
410	5	2139	29
411	5	417	29
411	5	730	25
411	5	1043	30
411	5	1774	28
412	5	521	25
412	5	678	27
412	5	887	29
412	5	1722	28
412	5	1774	30
413	5	521	25
413	5	574	29
413	5	1148	30
413	5	1565	28
414	5	521	25
414	5	782	27
414	5	1095	28
414	5	1356	29
414	5	2243	30
415	5	521	25
415	5	678	27
415	5	991	28
415	5	1200	30
416	5	1095	25
416	5	1878	27
416	5	2191	28
417	5	521	25
417	5	574	29
418	5	521	29
418	5	1252	28
418	5	1878	30
419	5	417	29
419	5	730	25
419	5	1878	30
420	5	521	25
420	5	1043	27
420	5	1408	28
420	5	1669	29
421	5	1826	25
421	5	2035	27
422	5	521	25
422	5	1513	27
422	5	2295	28
423	5	626	25
423	5	1148	27
423	5	1461	28
423	5	1669	30
424	5	521	29
424	5	1095	30
424	5	1774	28
425	5	521	25
425	5	782	27
425	5	1826	28
425	5	2087	29
426	5	626	25
426	5	1095	27
426	5	1408	28
426	5	1669	29
427	5	1878	25
427	5	1982	27
428	5	521	25
428	5	574	29
429	5	417	29
429	5	730	25
429	5	1408	28
430	5	521	25
430	5	574	29
431	5	521	29
431	5	1095	30
432	5	521	25
432	5	678	27
432	5	991	28
432	5	1200	30
433	5	521	25
433	5	834	27
433	5	1148	28
433	5	1408	29
434	5	521	25
434	5	678	27
434	5	991	29
434	5	1878	30
435	5	469	29
435	5	521	25
435	5	1043	30
436	5	521	25
436	5	574	29
436	5	1148	30
436	5	1774	28
437	5	521	29
438	5	417	29
438	5	730	25
438	5	1408	28
439	5	521	25
439	5	1356	27
439	5	2035	28
439	5	2295	29
440	5	521	25
440	5	782	27
440	5	1617	28
440	5	1878	29
441	5	1304	25
442	5	521	25
442	5	730	27
442	5	1461	28
442	5	1722	29
443	5	521	25
443	5	1043	27
444	5	1200	25
445	5	521	25
445	5	574	29
445	5	2243	28
446	5	521	25
446	5	782	27
446	5	1930	28
446	5	2191	29
447	5	1200	25
447	5	1826	27
447	5	2139	28
448	5	626	25
448	5	1513	27
449	5	1878	25
449	5	1982	27
450	5	1982	25
450	5	2243	27
451	5	521	25
451	5	782	27
451	5	1200	28
451	5	1461	29
451	5	2087	30
452	5	469	29
452	5	521	25
452	5	2087	28
453	5	521	29
453	5	1095	30
453	5	1617	28
454	5	1095	25
454	5	1461	27
455	5	1043	25
455	5	1095	27
455	5	1408	28
455	5	1669	29
456	5	1095	25
456	5	1200	27
456	5	1617	28
456	5	1878	29
457	5	521	25
457	5	730	27
457	5	1461	28
457	5	1722	29
458	5	1095	25
459	5	521	25
459	5	1982	27
459	5	2295	28
460	5	521	25
460	5	574	29
461	5	521	29
462	5	521	25
462	5	887	27
462	5	1200	28
462	5	1461	29
463	5	521	25
463	5	574	29
463	5	1200	28
463	5	1826	30
464	5	521	25
464	5	1148	27
464	5	1461	28
464	5	1722	29
465	5	521	25
465	5	574	29
466	5	521	25
466	5	574	29
467	5	469	29
467	5	521	25
468	5	521	25
468	5	574	29
469	5	521	29
469	5	1095	30
469	5	2087	28
470	5	1043	25
470	5	2035	27
471	5	730	25
471	5	1304	27
471	5	1878	28
471	5	2139	29
472	5	469	29
472	5	521	25
473	5	521	25
473	5	678	27
473	5	1304	28
473	5	1565	29
474	5	521	25
474	5	574	29
474	5	1878	30
475	5	521	25
475	5	1304	27
475	5	1930	28
475	5	2191	29
476	5	1043	25
476	5	1617	27
477	5	521	25
478	5	521	25
478	5	991	27
478	5	1304	28
478	5	1565	29
480	5	521	25
480	5	991	27
480	5	1304	28
480	5	1565	29
481	5	521	25
481	5	678	27
481	5	991	28
481	5	1252	29
481	5	1304	30
482	5	521	25
482	5	834	27
482	5	1148	28
482	5	1408	29
483	5	1356	25
483	5	1565	27
484	5	1878	25
484	5	1982	27
485	5	782	25
485	5	1408	27
485	5	1930	28
485	5	2191	29
486	5	1095	25
486	5	1200	27
486	5	1565	28
486	5	1826	29
487	5	521	25
487	5	574	29
488	5	1095	25
488	5	1356	27
488	5	1669	28
488	5	1930	29
489	5	521	25
489	5	574	29
489	5	1148	30
489	5	2243	28
490	5	521	25
490	5	1095	27
490	5	1408	28
490	5	1669	30
491	5	521	25
491	5	730	27
491	5	1461	28
491	5	1722	29
492	5	574	25
492	5	1200	27
492	5	1513	28
492	5	1774	29
492	5	1826	30
493	5	521	25
493	5	991	27
493	5	1982	28
493	5	2243	29
494	5	521	29
495	5	521	25
495	5	1095	27
495	5	1408	28
495	5	1669	29
495	5	1722	30
496	5	521	25
496	5	1043	27
496	5	1304	30
497	5	469	29
497	5	521	25
498	5	521	25
498	5	574	29
499	5	521	25
499	5	782	27
499	5	1095	28
499	5	1356	29
500	5	521	29
500	5	1095	30
500	5	1669	28
501	5	1095	25
501	5	1461	27
501	5	1878	28
501	5	2139	29
502	5	521	25
502	5	1095	27
502	5	1408	28
502	5	1669	29
503	5	521	25
503	5	574	29
503	5	1148	30
503	5	1565	28
504	5	1513	25
505	5	1095	25
505	5	1408	27
505	5	1878	28
505	5	2139	29
506	5	678	25
506	5	1095	27
506	5	1669	28
506	5	1930	29
507	5	1252	25
507	5	1774	27
508	5	521	25
508	5	678	27
508	5	991	29
508	5	1878	30
510	5	1826	25
510	5	1930	27
512	5	521	25
512	5	1148	27
512	5	1461	28
512	5	1722	30
513	5	521	25
513	5	1148	27
513	5	1461	28
513	5	1722	29
514	5	521	25
514	5	730	27
514	5	1043	28
514	5	1304	29
515	5	521	29
515	5	1095	30
515	5	2191	28
516	5	1095	25
516	5	1356	27
516	5	1826	28
516	5	2087	29
517	5	1095	25
517	5	1200	27
517	5	1669	28
517	5	1930	29
518	5	521	25
518	5	1095	27
518	5	1408	28
518	5	1669	29
518	5	1722	30
519	5	521	25
519	5	678	27
519	5	991	28
519	5	1252	29
520	5	521	25
520	5	574	29
520	5	2035	28
521	5	521	25
521	5	574	29
521	5	1774	30
522	5	521	25
522	5	678	27
522	5	1148	28
522	5	1408	29
523	5	521	25
523	5	574	29
523	5	2295	28
524	5	1930	25
525	5	521	25
525	5	730	27
525	5	1043	28
525	5	1304	29
525	5	1356	30
526	5	991	25
526	5	1930	27
527	5	469	29
527	5	521	25
527	5	1043	30
528	5	521	25
528	5	574	29
529	5	521	25
529	5	678	27
529	5	887	29
529	5	1722	28
529	5	1774	30
530	5	1095	25
530	5	1252	27
530	5	1565	28
530	5	1722	30
531	5	730	25
531	5	1043	27
531	5	1356	28
531	5	1617	29
532	5	521	25
532	5	1200	27
532	5	1513	28
532	5	1774	29
533	5	1878	25
533	5	2139	27
534	5	521	25
534	5	678	27
534	5	887	29
534	5	1826	30
535	5	1200	25
536	5	1043	25
536	5	1356	27
536	5	1982	28
536	5	2243	29
537	5	521	29
537	5	1513	28
538	5	469	29
538	5	521	25
538	5	1043	30
539	5	521	25
539	5	574	29
540	5	782	25
540	5	2035	27
541	5	469	29
541	5	521	25
541	5	1930	28
542	5	521	25
542	5	1043	27
542	5	1565	28
542	5	1826	29
543	5	1043	25
543	5	1200	27
543	5	1513	28
543	5	1774	30
544	5	521	29
544	5	1252	28
544	5	1930	30
545	5	521	25
546	5	1095	25
546	5	1148	27
546	5	1461	28
546	5	1722	29
547	5	521	25
547	5	782	27
547	5	1095	28
547	5	1304	30
548	5	1043	25
548	5	1304	27
549	5	1148	25
549	5	1252	27
549	5	1565	28
549	5	1826	29
550	5	469	29
550	5	521	25
550	5	1043	30
550	5	1669	28
551	5	469	29
551	5	521	25
551	5	1095	30
551	5	1722	28
552	5	1148	25
552	5	1408	27
553	5	521	25
553	5	1043	27
553	5	1408	28
553	5	1669	29
554	5	469	29
554	5	521	25
554	5	1043	30
555	5	469	29
555	5	521	25
555	5	1043	30
555	5	1565	28
556	5	521	25
556	5	730	27
556	5	1200	28
556	5	1461	29
557	5	782	25
557	5	1982	27
558	5	417	29
558	5	730	25
559	5	574	25
559	5	1043	27
559	5	1356	28
559	5	1617	29
560	5	1148	25
560	5	1565	27
561	5	521	25
561	5	1148	27
562	5	574	25
562	5	1200	27
562	5	1513	28
562	5	1774	29
562	5	1826	30
563	5	521	25
563	5	939	27
563	5	1252	28
563	5	1513	30
564	5	1095	25
564	5	1408	27
564	5	1930	28
564	5	2191	29
565	5	521	25
565	5	574	29
565	5	1774	30
565	5	2087	28
566	5	521	25
566	5	678	27
566	5	991	28
566	5	1252	29
567	5	521	25
567	5	834	27
567	5	1565	28
567	5	1826	29
568	5	521	29
568	5	1148	30
569	5	521	25
569	5	1148	27
569	5	1461	28
569	5	1722	29
570	5	1148	25
570	5	1252	27
570	5	1617	28
570	5	1878	29
571	5	521	29
572	5	1148	25
572	5	1461	27
573	5	1930	25
574	5	521	25
574	5	887	27
574	5	1200	28
574	5	1461	29
575	5	521	29
575	5	1095	30
575	5	1617	28
576	5	1043	25
576	5	1200	27
576	5	1513	28
576	5	1774	29
577	5	521	25
577	5	678	27
577	5	887	29
578	5	626	25
578	5	1252	27
578	5	1878	28
578	5	2139	29
579	5	521	25
579	5	991	27
580	5	1513	25
581	5	626	25
581	5	1148	27
581	5	1461	28
581	5	1722	29
581	5	2295	30
582	5	521	25
582	5	782	27
582	5	1565	28
582	5	1826	29
583	5	521	25
583	5	678	27
583	5	887	29
583	5	1722	28
583	5	1774	30
584	5	521	29
585	5	521	29
585	5	1095	30
585	5	1565	28
586	5	521	25
586	5	887	27
586	5	1200	28
586	5	1461	29
587	5	469	29
587	5	521	25
587	5	1043	30
587	5	1722	28
588	5	521	25
588	5	730	27
588	5	1043	28
588	5	1304	29
589	5	521	25
589	5	574	29
589	5	2295	30
590	5	521	25
590	5	730	27
590	5	1043	28
590	5	1304	29
590	5	1356	30
591	5	1200	25
591	5	1826	27
591	5	2139	28
593	5	521	29
594	5	521	25
594	5	1304	27
594	5	1826	28
594	5	2087	29
594	5	2139	30
595	5	521	25
595	5	678	27
595	5	991	28
595	5	1043	29
595	5	1930	30
596	5	521	25
596	5	1043	27
596	5	1356	28
596	5	1513	30
597	5	521	25
597	5	730	27
597	5	2087	28
598	5	521	29
599	5	521	25
599	5	574	29
600	5	1200	25
600	5	1878	27
600	5	2191	28
601	5	521	25
601	5	678	27
601	5	991	28
601	5	1252	29
602	5	939	25
602	5	1617	27
603	5	521	25
603	5	939	27
604	5	521	25
604	5	1095	27
604	5	1408	28
604	5	1669	29
604	5	2295	30
605	5	730	25
605	5	1148	27
605	5	1565	28
605	5	1826	29
606	5	521	25
606	5	678	27
606	5	1200	28
606	5	1461	29
607	5	521	29
607	5	2139	30
608	5	521	25
608	5	574	29
609	5	2087	25
610	5	1982	25
610	5	2191	27
611	5	521	25
611	5	782	27
611	5	1461	28
611	5	1722	29
612	5	991	25
612	5	1200	27
612	5	1513	28
612	5	1774	29
613	5	991	25
613	5	1513	27
614	5	1043	25
614	5	1252	27
614	5	1565	28
614	5	1826	29
615	5	417	29
615	5	1043	25
616	5	678	25
616	5	1095	27
616	5	1408	28
616	5	1669	29
617	5	730	25
617	5	1982	27
618	5	1826	25
619	5	521	25
619	5	1565	27
619	5	2139	28
620	5	521	25
620	5	574	29
621	5	521	25
621	5	1095	27
621	5	1408	28
621	5	1669	29
621	5	1722	30
622	5	469	29
622	5	521	25
623	5	678	25
623	5	1252	27
623	5	1930	28
623	5	2191	29
624	5	469	29
624	5	521	25
625	5	887	25
625	5	1095	27
625	5	1408	28
625	5	1669	29
626	5	417	29
626	5	730	25
627	5	521	25
627	5	730	27
627	5	1043	28
627	5	1304	29
628	5	521	25
628	5	991	27
628	5	1304	28
628	5	1565	29
629	5	521	25
629	5	1617	27
629	5	1930	28
629	5	2191	29
630	5	521	25
630	5	1200	27
630	5	1513	28
630	5	1774	30
631	5	521	25
631	5	939	27
631	5	1252	28
631	5	1513	30
632	5	521	25
632	5	574	29
632	5	2191	30
633	5	1200	25
633	5	1252	27
634	5	1043	25
634	5	1200	27
634	5	1513	28
634	5	1774	29
635	5	1148	25
635	5	1408	27
635	5	1774	28
635	5	2295	29
636	5	1930	25
637	5	626	25
637	5	1461	27
638	5	991	25
638	5	1982	27
638	5	2295	28
639	5	521	29
639	5	1826	30
639	5	2243	28
640	5	521	25
640	5	1982	27
640	5	2295	28
641	5	521	25
641	5	574	29
642	5	1043	25
642	5	1148	27
642	5	1565	28
642	5	1826	29
643	5	1982	25
644	5	521	25
644	5	678	27
644	5	991	28
644	5	1252	29
645	5	521	25
645	5	1200	27
645	5	1513	28
645	5	1669	30
646	5	521	25
646	5	574	29
646	5	1148	30
647	5	1095	25
647	5	2295	27
648	5	521	25
648	5	939	27
648	5	1304	28
648	5	1565	29
649	5	521	25
649	5	574	29
650	5	1200	25
650	5	1669	27
650	5	1982	28
650	5	2243	30
651	5	521	25
651	5	678	27
651	5	991	28
651	5	1252	29
652	5	521	25
652	5	678	27
652	5	1200	28
652	5	1461	29
653	5	521	25
653	5	782	27
653	5	1095	28
653	5	1356	29
654	5	521	25
654	5	834	27
654	5	1982	28
654	5	2243	29
655	5	521	25
655	5	782	27
655	5	1356	28
655	5	1617	29
656	5	521	25
656	5	939	27
656	5	1252	28
656	5	1513	29
657	5	469	29
657	5	521	25
658	5	521	25
658	5	782	27
658	5	1095	28
658	5	1356	29
658	5	1408	30
659	5	1043	25
659	5	1200	27
659	5	1513	28
659	5	1774	29
660	5	521	25
660	5	1982	27
661	5	521	25
661	5	574	29
662	5	521	25
662	5	887	27
662	5	1200	28
662	5	1461	30
663	5	626	25
663	5	1200	27
663	5	1565	28
663	5	1826	29
664	5	521	25
664	5	678	27
664	5	991	28
664	5	1200	30
665	5	521	25
665	5	678	27
665	5	991	28
665	5	1252	29
666	5	521	25
666	5	574	29
667	5	521	25
667	5	678	27
667	5	991	28
667	5	1252	29
668	5	574	25
668	5	1148	27
668	5	1565	28
668	5	1826	30
669	5	521	25
669	5	1043	27
669	5	1408	28
669	5	1669	29
670	5	521	25
670	5	1043	27
670	5	1461	28
670	5	1669	30
671	5	678	25
671	5	1722	27
672	5	521	25
672	5	991	27
672	5	1878	28
672	5	2139	29
673	5	521	25
673	5	1252	27
673	5	1617	28
673	5	1878	29
674	5	521	25
674	5	1095	27
674	5	1408	28
674	5	1669	29
674	5	1722	30
675	5	574	25
675	5	1200	27
675	5	1513	28
675	5	1722	30
676	5	521	25
676	5	574	29
676	5	1826	30
676	5	2139	28
677	5	521	25
677	5	1043	27
677	5	1356	28
677	5	1617	30
678	5	521	25
678	5	574	29
679	5	782	25
679	5	1513	27
680	5	574	25
680	5	1148	27
680	5	1461	28
680	5	1722	29
680	5	1774	30
681	5	521	25
681	5	1304	27
682	5	469	29
682	5	521	25
682	5	1930	28
683	5	1043	25
683	5	1200	27
684	5	678	25
684	5	1095	27
684	5	1408	28
684	5	1565	30
685	5	521	25
685	5	678	27
685	5	1930	28
685	5	2191	29
686	5	521	25
686	5	730	27
686	5	1043	28
686	5	1304	29
687	5	1148	25
687	5	1304	27
688	5	1043	25
688	5	1304	27
688	5	1722	28
688	5	1982	29
689	5	1043	25
689	5	1200	27
689	5	1565	28
689	5	1826	29
690	5	521	29
691	5	521	25
691	5	678	27
691	5	991	28
691	5	1252	29
691	5	2139	30
692	5	521	25
692	5	939	27
692	5	1252	28
692	5	1408	30
693	5	417	29
693	5	730	25
693	5	2243	28
694	5	521	25
694	5	887	27
694	5	1200	28
694	5	1461	29
695	5	521	29
695	5	2295	28
696	5	521	25
696	5	1304	27
696	5	2087	28
697	5	521	29
697	5	2243	28
698	5	1200	25
698	5	1826	27
698	5	2139	28
699	5	521	25
699	5	887	27
699	5	1252	28
699	5	1513	29
700	5	521	25
700	5	574	29
701	5	521	25
701	5	1043	27
701	5	1356	28
701	5	1617	29
702	5	521	25
702	5	782	27
702	5	1095	28
702	5	1356	29
703	5	469	29
703	5	521	25
704	5	1669	25
705	5	521	25
705	5	1252	27
705	5	1617	28
705	5	1878	29
706	5	469	29
706	5	521	25
706	5	1043	30
707	5	521	25
707	5	574	29
708	5	991	25
708	5	1148	27
708	5	1461	28
708	5	1722	29
709	5	521	25
709	5	730	27
709	5	1043	28
709	5	1304	29
709	5	2191	30
710	5	521	29
710	5	1200	28
710	5	1826	30
711	5	626	25
711	5	1095	27
711	5	1461	28
711	5	1722	29
712	5	521	25
712	5	1148	27
712	5	1461	28
712	5	1722	29
713	5	834	25
714	5	521	25
714	5	678	27
714	5	887	29
715	5	521	25
715	5	939	27
715	5	1461	28
715	5	1722	29
716	5	521	25
716	5	574	29
716	5	1148	30
717	5	678	25
717	5	1095	27
717	5	1408	28
717	5	1669	30
718	5	521	25
718	5	574	29
718	5	2035	30
719	5	521	25
719	5	887	27
720	5	1826	25
720	5	1930	27
721	5	521	25
721	5	730	27
721	5	1252	28
721	5	1513	29
722	5	469	29
722	5	521	25
722	5	1043	30
722	5	1617	28
723	5	417	29
723	5	782	25
724	5	521	25
724	5	1930	27
724	5	2243	28
725	5	521	25
725	5	574	29
725	5	1356	28
726	5	521	25
726	5	1043	27
726	5	1356	28
726	5	1565	30
727	5	991	25
727	5	1356	27
728	5	1461	25
728	5	1930	27
728	5	2243	28
729	5	521	25
729	5	730	27
729	5	1043	28
729	5	1304	29
730	5	521	25
730	5	1148	27
730	5	1461	28
730	5	1722	29
731	5	521	29
732	5	521	25
732	5	730	27
732	5	1043	28
732	5	1304	29
733	5	521	25
733	5	574	29
734	5	469	29
734	5	521	25
735	5	1878	25
735	5	1930	27
736	5	626	25
736	5	1148	27
736	5	1617	28
736	5	1878	29
737	5	521	25
737	5	574	29
737	5	2035	28
737	5	2191	30
738	5	521	25
738	5	678	27
738	5	991	28
738	5	1252	29
738	5	1878	30
739	5	1043	25
739	5	1148	27
739	5	1461	28
739	5	1722	29
740	5	2243	25
741	5	521	25
741	5	782	27
741	5	1095	28
741	5	1356	29
742	5	521	25
742	5	574	29
742	5	1774	30
742	5	2087	28
743	5	521	29
744	5	1043	25
744	5	1148	27
744	5	1461	28
744	5	1722	29
745	5	521	25
745	5	1930	27
745	5	2295	28
746	5	1148	25
746	5	1200	27
746	5	1617	28
746	5	1878	29
747	5	521	25
747	5	939	27
747	5	1252	28
747	5	1513	29
748	5	1826	25
748	5	2035	27
749	5	939	25
749	5	1148	27
750	5	521	25
750	5	678	27
750	5	1930	28
750	5	2191	29
751	5	626	25
751	5	1461	27
752	5	521	25
752	5	1200	27
752	5	1513	28
752	5	1774	30
753	5	521	25
753	5	574	29
753	5	1930	28
753	5	1982	30
754	5	521	25
754	5	574	29
755	5	521	25
755	5	574	29
756	5	521	25
756	5	574	29
756	5	1774	30
757	5	1148	25
757	5	1669	27
757	5	2035	28
757	5	2295	29
758	5	521	25
758	5	574	29
759	5	1095	25
759	5	1565	27
760	5	521	25
760	5	782	27
761	5	521	25
761	5	1095	27
761	5	1408	28
761	5	1669	29
762	5	521	29
762	5	1669	28
763	5	1043	25
763	5	1148	27
763	5	1565	28
763	5	1826	29
764	5	521	25
764	5	939	27
764	5	1982	28
764	5	2243	29
765	5	469	29
765	5	521	25
766	5	521	25
766	5	678	27
766	5	991	28
766	5	1252	29
767	5	1043	25
767	5	1148	27
767	5	1565	28
767	5	1826	29
767	5	1878	30
768	5	1148	25
768	5	1565	27
769	5	521	25
769	5	1252	27
770	5	1826	25
770	5	2035	27
771	5	1043	25
771	5	1148	27
771	5	1513	28
771	5	1774	30
772	5	521	25
772	5	1304	27
772	5	2035	28
772	5	2295	29
773	5	1148	25
773	5	1617	27
774	5	521	29
774	5	1148	30
775	5	834	25
775	5	1617	27
776	5	469	29
776	5	521	25
776	5	1043	30
776	5	1930	28
777	5	1878	25
777	5	2139	27
778	5	521	25
778	5	730	27
778	5	1043	28
778	5	1304	29
779	5	887	25
779	5	1982	27
780	5	521	25
780	5	678	27
780	5	991	28
780	5	1252	29
781	5	521	29
781	5	1408	28
782	5	521	25
782	5	834	27
782	5	1148	28
782	5	1408	29
783	5	1148	25
783	5	1617	27
783	5	2295	28
784	5	469	29
784	5	521	25
785	5	521	25
785	5	782	27
785	5	1095	28
785	5	1356	29
786	5	521	25
786	5	1408	27
787	5	1095	25
787	5	1356	27
787	5	1878	28
787	5	2139	29
788	5	521	25
788	5	574	29
789	5	939	25
789	5	1148	27
789	5	1461	28
789	5	1722	29
790	5	521	25
790	5	1095	27
790	5	1565	28
790	5	1826	29
791	5	1095	25
791	5	1304	27
791	5	2035	28
791	5	2295	29
792	5	521	25
792	5	834	27
792	5	1148	28
792	5	1408	29
793	5	521	29
793	5	2191	28
794	5	521	29
795	5	730	25
795	5	1930	27
795	5	2243	28
796	5	1148	25
796	5	1565	27
797	5	521	25
797	5	574	29
798	5	521	25
798	5	834	27
798	5	1826	28
798	5	2087	29
799	5	2035	25
800	5	1095	25
800	5	1200	27
801	5	1148	25
801	5	1356	27
801	5	1878	28
801	5	1982	30
802	5	521	29
802	5	1617	28
803	5	521	25
803	5	574	29
803	5	1461	28
803	5	2139	30
804	5	521	25
804	5	782	27
804	5	1095	28
804	5	1356	29
805	5	2035	25
805	5	2191	27
806	5	1148	25
806	5	1461	27
806	5	2087	28
807	5	521	25
807	5	678	27
807	5	887	29
807	5	1669	28
807	5	1774	30
808	5	1878	25
808	5	1982	27
809	5	1304	25
809	5	1826	27
809	5	2139	28
810	5	521	29
810	5	1095	30
811	5	521	29
812	5	417	29
812	5	730	25
812	5	1982	28
812	5	2087	30
813	5	521	25
813	5	939	27
813	5	1252	28
813	5	1513	29
814	5	521	25
814	5	991	27
814	5	1304	28
814	5	1565	29
815	5	417	29
815	5	730	25
815	5	991	30
816	5	730	25
816	5	1200	27
816	5	1513	28
816	5	1774	30
817	5	1930	25
817	5	2243	27
818	5	521	25
818	5	730	27
818	5	1043	28
818	5	1304	29
819	5	1148	25
819	5	1669	27
819	5	2087	28
820	5	521	25
820	5	782	27
820	5	2035	28
820	5	2295	29
821	5	1043	25
821	5	1200	27
821	5	1565	28
821	5	1826	29
822	5	521	29
822	5	1095	30
823	5	521	25
823	5	678	27
823	5	887	29
823	5	1774	30
823	5	2087	28
824	5	678	25
824	5	1148	27
824	5	1461	28
824	5	1722	29
824	5	1774	30
825	5	574	25
825	5	1095	27
825	5	1408	28
825	5	1669	29
826	5	521	25
826	5	1095	27
826	5	1408	28
826	5	1565	30
827	5	521	25
827	5	730	27
828	5	1095	25
828	5	1252	27
828	5	1617	28
828	5	1878	29
829	5	1878	25
829	5	1930	27
829	5	2295	28
830	5	678	25
830	5	1200	27
830	5	1669	28
830	5	1930	29
831	5	469	29
831	5	521	25
831	5	1200	28
831	5	1826	30
832	5	521	25
832	5	678	27
832	5	991	28
832	5	1095	29
832	5	1982	30
833	5	1043	25
833	5	1304	27
833	5	1617	28
833	5	1878	29
834	5	521	25
834	5	730	27
834	5	1043	28
834	5	1304	30
835	5	521	25
835	5	834	27
835	5	1148	28
835	5	1408	29
836	5	1878	25
836	5	1982	27
837	5	939	25
837	5	1304	27
837	5	1878	28
837	5	2139	29
838	5	417	29
838	5	730	25
838	5	2035	28
838	5	2139	30
839	5	1148	25
839	5	1356	27
839	5	1722	28
839	5	1982	29
840	5	417	29
840	5	730	25
840	5	991	30
840	5	1565	28
841	5	521	25
841	5	678	27
841	5	991	28
841	5	1252	29
842	5	521	25
842	5	991	27
842	5	1304	28
842	5	1565	29
843	5	521	25
843	5	574	29
843	5	1148	30
843	5	1722	28
844	5	887	25
844	5	1565	27
844	5	2243	28
845	5	1095	25
845	5	1304	27
845	5	1722	28
845	5	1982	29
846	5	1148	25
846	5	1356	27
846	5	1774	28
847	5	1043	25
847	5	1252	27
847	5	1565	28
847	5	1826	29
848	5	469	29
848	5	521	25
848	5	1043	30
849	5	887	25
849	5	2139	27
850	5	521	29
850	5	1148	30
850	5	1669	28
851	5	1930	25
852	5	521	25
853	5	1095	25
853	5	1356	27
853	5	1930	28
853	5	2191	29
853	5	2243	30
854	5	939	25
854	5	1200	27
854	5	1513	28
854	5	1722	30
855	5	521	25
855	5	574	29
856	5	521	25
856	5	730	27
856	5	2139	28
857	5	1095	25
857	5	1356	27
858	5	521	25
858	5	939	27
858	5	1252	28
858	5	1513	29
859	5	521	25
860	5	1200	25
860	5	1461	27
861	5	521	25
861	5	678	27
861	5	991	28
861	5	1252	29
862	5	1200	25
862	5	1513	27
862	5	2035	28
862	5	2295	29
863	5	469	29
863	5	521	25
863	5	1878	30
864	5	521	29
864	5	1095	30
864	5	1774	28
865	5	521	29
866	5	521	25
866	5	574	29
867	5	521	25
867	5	939	27
867	5	1252	28
867	5	1513	29
868	5	521	25
868	5	730	27
868	5	1043	28
868	5	1304	29
869	5	626	25
869	5	1095	27
869	5	1408	28
869	5	1669	29
870	5	887	25
870	5	1148	27
870	5	1513	28
870	5	1774	29
871	5	1043	25
871	5	1148	27
871	5	1461	28
871	5	1722	29
873	5	521	29
873	5	1095	30
873	5	1774	28
875	5	417	29
875	5	730	25
876	5	521	25
876	5	678	27
876	5	991	28
876	5	1252	29
877	5	521	29
877	5	1095	30
877	5	1617	28
878	5	1043	25
878	5	1148	27
878	5	1617	28
878	5	1878	29
879	5	521	25
879	5	730	27
879	5	1878	28
879	5	2139	29
880	5	521	25
880	5	678	27
880	5	887	29
880	5	2191	30
881	5	521	25
882	5	1095	25
882	5	1252	27
882	5	1565	28
882	5	1722	30
883	5	1304	25
883	5	1878	27
883	5	2243	28
884	5	521	25
884	5	574	29
885	5	521	25
885	5	730	27
885	5	991	29
885	5	1043	28
885	5	1878	30
886	5	521	25
886	5	1148	27
886	5	1930	28
886	5	2191	29
887	5	521	29
888	5	626	25
888	5	2139	27
889	5	1148	25
889	5	1461	27
889	5	1930	28
889	5	2191	29
890	5	1148	25
890	5	1252	27
890	5	1565	28
890	5	1826	29
891	5	521	25
891	5	574	29
892	5	1200	25
892	5	1617	27
892	5	1930	28
892	5	2191	29
893	5	521	25
893	5	678	27
893	5	991	28
893	5	1252	29
894	5	521	25
894	5	834	27
894	5	1148	28
894	5	1408	29
895	5	417	29
895	5	730	25
896	5	521	25
896	5	678	27
896	5	991	28
896	5	1252	29
897	5	521	25
897	5	678	27
897	5	991	28
897	5	1252	30
898	5	469	29
898	5	521	25
898	5	1148	28
898	5	1826	30
899	5	521	29
899	5	1826	30
899	5	2243	28
900	5	521	25
900	5	1252	27
900	5	1617	28
900	5	1878	29
900	5	1930	30
901	5	521	25
901	5	574	29
902	5	521	25
902	5	1043	27
902	5	1356	28
902	5	1617	29
903	5	417	29
903	5	730	25
903	5	1982	28
903	5	2087	30
905	5	782	25
905	5	1148	27
905	5	1774	28
905	5	2035	29
906	5	521	25
906	5	678	27
906	5	991	28
906	5	1252	29
907	5	1722	25
907	5	2295	27
908	5	521	25
908	5	678	27
908	5	991	28
908	5	1252	29
909	5	1669	25
909	5	1930	27
910	5	991	25
910	5	1252	27
910	5	1565	28
910	5	1826	29
911	5	521	25
911	5	1982	27
912	5	521	25
912	5	782	27
912	5	1095	28
912	5	1356	29
913	5	1148	25
913	5	1252	27
913	5	1617	28
913	5	1878	29
914	5	521	25
914	5	1043	27
914	5	1356	28
914	5	1617	29
914	5	1669	30
915	5	1095	25
915	5	1200	27
915	5	1617	28
915	5	1878	29
916	5	521	25
916	5	574	29
917	5	521	25
917	5	834	27
917	5	1878	28
917	5	2139	29
917	5	2191	30
918	5	1095	25
918	5	1252	27
918	5	1565	28
918	5	1826	29
919	5	1043	25
919	5	1252	27
919	5	2035	28
919	5	2295	29
920	5	521	25
920	5	1043	27
920	5	1982	28
920	5	2243	29
921	5	521	25
921	5	991	27
922	5	521	25
922	5	730	27
922	5	1826	28
922	5	2087	29
922	5	2139	30
923	5	1043	25
923	5	1461	27
923	5	1774	28
923	5	2035	29
924	5	521	29
924	5	1722	28
924	5	1826	30
925	5	521	25
925	5	678	27
925	5	991	28
925	5	1252	29
926	5	521	29
926	5	1356	28
926	5	2243	30
927	5	521	25
927	5	939	27
927	5	1304	28
927	5	1565	29
929	5	521	25
929	5	678	27
929	5	991	28
929	5	1252	29
930	5	626	25
931	5	521	25
931	5	574	29
931	5	1148	30
931	5	1669	28
932	5	678	25
932	5	1304	27
932	5	1617	28
932	5	1722	30
933	5	1095	25
933	5	1200	27
933	5	1513	28
933	5	1774	29
934	5	574	25
934	5	1148	27
934	5	1513	28
934	5	1774	29
935	5	417	29
935	5	730	25
936	5	521	25
936	5	991	27
936	5	1878	28
936	5	2139	29
937	5	521	25
937	5	1878	27
937	5	2191	28
938	5	574	25
938	5	1095	27
938	5	1461	28
938	5	1722	29
939	5	834	25
939	5	1669	27
940	5	469	29
940	5	521	25
940	5	1356	28
940	5	2087	30
941	5	521	25
941	5	574	29
941	5	1930	30
941	5	2243	28
942	5	469	29
942	5	521	25
942	5	1148	30
942	5	1774	28
943	5	521	25
943	5	2087	27
944	5	521	25
944	5	887	27
944	5	1200	28
944	5	1461	29
945	5	1148	25
945	5	1408	27
946	5	417	29
946	5	834	25
946	5	1878	28
947	5	521	25
947	5	678	27
947	5	991	29
947	5	1878	30
948	5	521	25
948	5	678	27
948	5	991	28
948	5	1252	29
949	5	417	29
949	5	730	25
949	5	991	30
949	5	1617	28
950	5	521	25
950	5	678	27
950	5	887	29
951	5	1669	25
952	5	1513	25
953	5	521	25
953	5	678	27
953	5	991	28
953	5	1252	29
953	5	1304	30
954	5	469	29
954	5	521	25
954	5	1043	30
955	5	730	25
956	5	521	25
956	5	1982	27
957	5	1095	25
958	5	574	25
958	5	1408	27
958	5	2295	28
959	5	1774	25
960	5	521	25
960	5	991	27
960	5	1252	30
961	5	521	25
961	5	887	27
961	5	1200	28
961	5	1461	29
962	5	1878	25
962	5	2087	27
963	5	521	25
963	5	574	29
964	5	469	29
964	5	521	25
964	5	1148	28
964	5	1826	30
965	5	521	25
965	5	1148	27
965	5	1461	28
965	5	1722	29
966	5	521	29
966	5	2243	28
967	5	782	25
968	5	521	25
968	5	730	27
968	5	1617	28
968	5	1878	29
969	5	521	25
969	5	574	29
969	5	1565	28
970	5	2295	25
971	5	521	29
971	5	2295	28
972	5	521	29
972	5	1095	30
972	5	1669	28
973	5	521	25
973	5	782	27
974	5	521	25
974	5	678	27
974	5	2295	28
975	5	1095	25
975	5	1356	27
975	5	2295	28
976	5	521	25
976	5	730	27
976	5	1043	28
976	5	1304	29
976	5	2191	30
977	5	1356	25
977	5	2087	27
978	5	521	25
978	5	678	27
978	5	991	28
978	5	1200	30
979	5	1148	25
979	5	1200	27
979	5	1617	28
979	5	1878	29
980	5	1200	25
980	5	1930	27
981	5	521	25
981	5	991	27
981	5	1304	28
981	5	1565	29
982	5	469	29
982	5	521	25
983	5	521	29
984	5	574	25
984	5	1148	27
984	5	1461	28
984	5	1617	30
985	5	1043	25
985	5	1095	27
985	5	1408	28
985	5	1669	29
986	5	1982	25
986	5	2191	27
987	5	782	25
987	5	1356	27
987	5	2035	28
987	5	2295	29
988	5	521	25
988	5	678	27
988	5	991	28
988	5	1252	29
989	5	521	29
990	5	1304	25
990	5	1565	27
990	5	2139	28
991	5	782	25
992	5	1304	25
992	5	2139	27
993	5	521	25
994	5	1826	25
994	5	2087	27
995	5	521	25
995	5	574	29
996	5	1043	25
996	5	1200	27
997	5	1982	25
997	5	2139	27
998	5	521	25
998	5	834	27
998	5	1148	28
998	5	1408	30
999	5	1148	25
999	5	1617	27
