Realization	utility	week	infra.
0	0	626	29
1	0	678	29
2	0	1252	29
3	0	1356	29
4	0	1148	29
4	0	1930	30
4	0	2243	15
5	0	782	29
6	0	1252	29
7	0	1513	29
8	0	1304	29
10	0	678	29
13	0	1826	29
14	0	626	29
15	0	1043	29
16	0	1095	29
17	0	991	29
18	0	1043	29
19	0	1982	29
20	0	939	29
21	0	678	29
22	0	1304	29
23	0	1043	29
24	0	730	29
25	0	2035	29
26	0	1356	29
27	0	730	29
28	0	1356	29
29	0	1617	29
30	0	1774	29
31	0	1200	29
32	0	1304	29
33	0	1669	29
34	0	1408	29
35	0	730	29
36	0	782	29
37	0	2087	29
38	0	1200	29
39	0	1200	29
40	0	574	29
40	0	1774	30
41	0	1408	29
42	0	1043	29
43	0	782	29
45	0	991	29
46	0	1043	29
47	0	1669	29
49	0	834	29
51	0	1878	29
52	0	2243	29
53	0	782	29
53	0	1982	30
53	0	2243	15
55	0	1252	29
56	0	1565	29
57	0	991	29
57	0	1774	30
58	0	939	29
59	0	991	29
61	0	1200	29
62	0	1148	29
62	0	2139	30
63	0	1356	29
64	0	2087	29
65	0	1461	29
66	0	1513	29
67	0	1408	29
68	0	1669	29
69	0	1148	29
71	0	1148	29
73	0	2139	29
74	0	1826	29
75	0	678	29
76	0	1722	29
77	0	2139	29
78	0	1617	29
79	0	1565	29
80	0	1095	29
81	0	1200	29
82	0	1982	29
83	0	1356	29
84	0	1148	29
86	0	1982	29
87	0	1043	29
87	0	1826	30
88	0	1356	29
89	0	1148	29
90	0	1513	29
92	0	730	29
93	0	1722	29
95	0	1826	29
96	0	1617	29
98	0	1826	29
99	0	1930	29
100	0	2139	29
101	0	887	29
102	0	1043	29
103	0	1774	29
104	0	1200	29
106	0	1356	29
106	0	2139	30
107	0	574	29
107	0	2139	30
108	0	1095	29
109	0	1617	29
110	0	730	29
111	0	2087	29
112	0	1878	29
113	0	678	29
114	0	1982	29
115	0	1722	29
116	0	1669	29
117	0	1722	29
118	0	1356	29
119	0	1617	29
120	0	1669	29
122	0	991	29
122	0	2139	30
123	0	1982	29
124	0	678	29
125	0	1148	29
126	0	626	29
127	0	1043	29
128	0	678	29
129	0	1826	29
130	0	782	29
131	0	991	29
131	0	2035	30
132	0	939	29
133	0	1200	29
134	0	1669	29
135	0	678	29
136	0	678	29
136	0	1043	30
137	0	1408	29
138	0	678	29
138	0	1930	30
139	0	1043	29
139	0	1826	30
139	0	2139	15
140	0	1930	29
141	0	1043	29
141	0	1826	30
142	0	1722	29
143	0	1669	29
145	0	1617	29
146	0	887	29
147	0	1304	29
148	0	1982	29
149	0	1043	29
149	0	2191	30
150	0	1148	29
151	0	1617	29
152	0	1252	29
153	0	1826	29
154	0	1095	29
155	0	730	29
155	0	2139	30
156	0	991	29
158	0	1200	29
159	0	626	29
159	0	1930	30
160	0	1408	29
161	0	1826	29
162	0	1200	29
163	0	2243	29
164	0	1043	29
165	0	1148	29
166	0	1826	29
167	0	2139	29
169	0	991	29
170	0	991	29
170	0	1826	30
171	0	2191	29
172	0	1565	29
173	0	1722	29
174	0	1148	29
175	0	1304	29
176	0	1043	29
179	0	1200	29
181	0	678	29
183	0	730	29
185	0	834	29
187	0	1408	29
188	0	1930	29
189	0	1356	29
190	0	1722	29
191	0	678	29
192	0	1252	29
193	0	1304	29
196	0	626	29
196	0	1669	30
196	0	2243	15
198	0	1356	29
199	0	678	29
199	0	2139	30
200	0	1304	29
201	0	1930	29
202	0	1200	29
203	0	1461	29
204	0	1095	29
205	0	1669	29
206	0	678	29
206	0	1043	30
206	0	2035	15
207	0	1043	29
208	0	1148	29
210	0	1200	29
212	0	1617	29
213	0	1930	29
215	0	1356	29
217	0	1304	29
218	0	1408	29
220	0	1669	29
221	0	1095	29
222	0	2035	29
223	0	2087	29
224	0	1252	29
225	0	1043	29
225	0	1826	30
226	0	834	29
227	0	1043	29
228	0	626	29
229	0	1043	29
230	0	626	29
231	0	730	29
232	0	1043	29
233	0	1669	29
235	0	1930	29
236	0	1878	29
239	0	1982	29
240	0	730	29
240	0	2243	30
241	0	1408	29
242	0	991	29
243	0	626	29
243	0	1826	30
244	0	730	29
245	0	1461	29
246	0	2243	29
248	0	991	29
249	0	626	29
250	0	678	29
250	0	1982	30
251	0	887	29
252	0	2243	29
253	0	1774	29
255	0	1774	29
256	0	1148	29
257	0	1304	29
258	0	678	29
259	0	730	29
260	0	730	29
262	0	1461	29
264	0	1148	29
265	0	1148	29
266	0	1252	29
267	0	626	29
268	0	1148	29
269	0	678	29
270	0	1513	29
271	0	1304	29
271	0	2295	30
272	0	1043	29
272	0	1826	30
272	0	2087	15
274	0	1304	29
277	0	2243	29
278	0	2139	29
279	0	1356	29
280	0	2087	29
282	0	1774	29
283	0	1304	29
284	0	678	29
284	0	1095	30
285	0	1200	29
286	0	626	29
286	0	1982	30
286	0	2243	15
287	0	1565	29
288	0	1148	29
292	0	1722	29
293	0	626	29
293	0	1722	30
294	0	1043	29
295	0	1617	29
296	0	678	29
298	0	1148	29
299	0	991	29
300	0	2191	29
301	0	730	29
302	0	1200	29
303	0	678	29
303	0	1095	30
304	0	678	29
306	0	678	29
307	0	1930	29
308	0	1878	29
309	0	678	29
309	0	1722	30
309	0	2243	15
310	0	782	29
310	0	1930	30
311	0	2191	29
312	0	1617	29
314	0	2035	29
315	0	1356	29
317	0	1356	29
318	0	2139	29
319	0	2243	29
320	0	1513	29
321	0	991	29
322	0	1095	29
323	0	2087	29
324	0	1878	29
325	0	1617	29
326	0	626	29
327	0	1304	29
328	0	1826	29
329	0	1669	29
330	0	1408	29
331	0	730	29
332	0	1304	29
333	0	1043	29
334	0	1513	29
335	0	626	29
336	0	1148	29
337	0	1669	29
338	0	2087	29
339	0	1043	29
340	0	1356	29
341	0	1669	29
342	0	1043	29
342	0	1826	30
343	0	626	29
344	0	2295	29
345	0	1252	29
346	0	1200	29
346	0	2087	30
347	0	1043	29
348	0	678	29
349	0	1043	29
349	0	1826	30
351	0	1252	29
352	0	1356	29
353	0	1043	29
354	0	574	29
354	0	1669	30
355	0	1148	29
356	0	1617	29
357	0	1200	29
358	0	1565	29
360	0	2191	29
361	0	1252	29
364	0	678	29
365	0	2035	29
366	0	1148	29
367	0	1148	29
368	0	678	29
368	0	1722	30
369	0	1148	29
371	0	1095	29
372	0	1565	29
374	0	1722	29
375	0	1669	29
376	0	939	29
377	0	1826	29
378	0	1669	29
379	0	1095	29
380	0	1878	29
381	0	1878	29
382	0	730	29
383	0	1617	29
384	0	1200	29
385	0	1669	29
386	0	1200	29
387	0	1148	29
387	0	2035	30
388	0	2243	29
389	0	730	29
390	0	678	29
391	0	1148	29
392	0	1826	29
393	0	626	29
394	0	1617	29
396	0	1043	29
396	0	1826	30
397	0	1669	29
399	0	991	29
400	0	1200	29
402	0	1304	29
403	0	2191	29
404	0	1408	29
405	0	1513	29
406	0	1148	29
407	0	1304	29
409	0	2243	29
410	0	2087	29
411	0	991	29
411	0	1826	30
412	0	991	29
412	0	1774	30
412	0	2087	15
413	0	678	29
413	0	1669	30
414	0	991	29
415	0	834	29
416	0	1930	29
417	0	1200	29
418	0	834	29
419	0	834	29
420	0	1565	29
422	0	1982	29
423	0	1513	29
424	0	1043	29
424	0	1826	30
424	0	2139	15
425	0	1252	29
426	0	1200	29
427	0	2295	29
428	0	678	29
429	0	939	29
430	0	1095	29
431	0	626	29
432	0	1148	29
433	0	1408	29
434	0	782	29
434	0	1826	30
434	0	2243	15
435	0	730	29
436	0	730	29
436	0	1826	30
437	0	1043	29
438	0	1043	29
439	0	2139	29
440	0	1200	29
442	0	1461	29
445	0	991	29
446	0	2139	29
447	0	1774	29
451	0	1095	29
451	0	2139	30
452	0	1148	29
453	0	730	29
453	0	1669	30
455	0	1617	29
456	0	1513	29
457	0	1200	29
459	0	2035	29
460	0	1043	29
461	0	730	29
462	0	1252	29
463	0	1200	29
463	0	2035	30
464	0	1200	29
465	0	730	29
466	0	1043	29
467	0	1043	29
468	0	574	29
469	0	678	29
469	0	1982	30
471	0	2087	29
472	0	1095	29
473	0	1461	29
474	0	782	29
475	0	2087	29
478	0	1878	29
480	0	1982	29
481	0	1200	29
481	0	1982	30
482	0	1669	29
483	0	2087	29
485	0	1669	29
486	0	1461	29
487	0	730	29
488	0	1461	29
489	0	678	29
489	0	1774	30
490	0	1095	29
490	0	2139	30
491	0	1513	29
492	0	1200	29
494	0	1095	29
495	0	1408	29
496	0	1043	29
497	0	626	29
498	0	1304	29
499	0	1200	29
500	0	730	29
500	0	1774	30
501	0	1617	29
502	0	1513	29
503	0	678	29
503	0	1095	30
503	0	2035	15
505	0	1982	29
506	0	1408	29
507	0	1826	29
508	0	1043	29
508	0	1826	30
510	0	2191	29
512	0	1148	29
513	0	1095	29
514	0	1148	29
515	0	678	29
515	0	2139	30
516	0	1617	29
517	0	1461	29
518	0	1252	29
519	0	1148	29
520	0	1252	29
521	0	991	29
522	0	1043	29
523	0	1043	29
524	0	2295	29
525	0	1200	29
525	0	1982	30
526	0	1930	29
527	0	678	29
528	0	574	29
529	0	730	29
529	0	1669	30
530	0	1356	29
531	0	1513	29
532	0	1617	29
533	0	2295	29
534	0	626	29
534	0	1878	30
535	0	1982	29
536	0	2139	29
537	0	1356	29
538	0	730	29
539	0	678	29
540	0	2191	29
541	0	730	29
542	0	1669	29
543	0	1252	29
544	0	1252	29
544	0	2035	30
546	0	1669	29
547	0	991	29
547	0	2139	30
548	0	1565	29
549	0	1461	29
550	0	991	29
550	0	1774	30
551	0	626	29
551	0	1774	30
552	0	1982	29
553	0	1513	29
554	0	626	29
555	0	678	29
555	0	1722	30
556	0	991	29
558	0	678	29
559	0	1565	29
561	0	1461	29
562	0	1200	29
563	0	1356	29
564	0	1774	29
565	0	1095	29
565	0	1878	30
565	0	2191	15
566	0	1148	29
567	0	1669	29
568	0	678	29
569	0	1513	29
570	0	1513	29
571	0	678	29
572	0	1826	29
575	0	678	29
575	0	1043	30
576	0	1722	29
577	0	991	29
578	0	1513	29
581	0	1252	29
582	0	1252	29
583	0	678	29
583	0	1722	30
584	0	782	29
585	0	626	29
585	0	1043	30
586	0	1356	29
587	0	939	29
587	0	1722	30
588	0	1200	29
589	0	834	29
590	0	782	29
591	0	1669	29
593	0	2243	29
594	0	1408	29
595	0	1043	29
595	0	1826	30
596	0	1095	29
597	0	1617	29
598	0	678	29
599	0	939	29
600	0	2035	29
601	0	1200	29
602	0	1826	29
604	0	1513	29
605	0	1669	29
606	0	1043	29
607	0	678	29
608	0	1148	29
611	0	1252	29
612	0	1304	29
613	0	1513	29
614	0	1513	29
615	0	1148	29
616	0	1304	29
617	0	1930	29
619	0	1513	29
620	0	1043	29
621	0	1148	29
622	0	626	29
623	0	1982	29
624	0	1095	29
625	0	1304	29
626	0	1200	29
627	0	939	29
628	0	1043	29
629	0	2139	29
630	0	1565	29
631	0	1356	29
632	0	678	29
633	0	1774	29
634	0	1304	29
635	0	1722	29
638	0	2087	29
639	0	1095	29
639	0	1982	30
642	0	1722	29
644	0	1200	29
645	0	1148	29
646	0	730	29
647	0	1930	29
648	0	1513	29
649	0	1148	29
650	0	2191	29
651	0	1252	29
652	0	1304	29
653	0	1304	29
654	0	1826	29
655	0	1461	29
656	0	1356	29
657	0	1148	29
658	0	1148	29
658	0	1982	30
659	0	1304	29
661	0	1095	29
662	0	1408	29
663	0	1304	29
664	0	1095	29
664	0	1982	30
665	0	1043	29
666	0	991	29
667	0	730	29
668	0	1356	29
669	0	1565	29
670	0	1252	29
672	0	1617	29
673	0	1617	29
674	0	1408	29
675	0	1148	29
676	0	574	29
676	0	1982	30
677	0	1408	29
678	0	730	29
680	0	1513	29
682	0	1252	29
683	0	1356	29
684	0	1200	29
685	0	2139	29
686	0	1148	29
687	0	1722	29
688	0	1826	29
689	0	1356	29
691	0	1095	29
691	0	1982	30
692	0	1304	29
693	0	1043	29
694	0	1252	29
695	0	678	29
696	0	1930	29
697	0	782	29
698	0	1774	29
699	0	1408	29
700	0	991	29
701	0	1148	29
703	0	782	29
705	0	1669	29
706	0	626	29
707	0	1200	29
708	0	1252	29
709	0	1200	29
709	0	2139	30
710	0	887	29
711	0	1617	29
712	0	1200	29
714	0	678	29
715	0	1617	29
716	0	678	29
716	0	1774	30
717	0	1200	29
718	0	1095	29
721	0	1095	29
722	0	730	29
722	0	1669	30
723	0	1826	29
724	0	1930	29
725	0	887	29
726	0	1356	29
728	0	1982	29
729	0	834	29
730	0	1461	29
731	0	887	29
732	0	834	29
733	0	834	29
734	0	991	29
735	0	2191	29
736	0	1774	29
737	0	1095	29
738	0	1200	29
738	0	1982	30
739	0	1252	29
741	0	887	29
742	0	678	29
742	0	1826	30
742	0	2295	15
743	0	626	29
744	0	1304	29
745	0	1982	29
746	0	1826	29
747	0	1304	29
748	0	2243	29
750	0	2139	29
752	0	1148	29
753	0	730	29
753	0	1982	30
754	0	730	29
755	0	1043	29
756	0	1095	29
756	0	1878	30
757	0	1930	29
758	0	678	29
759	0	1669	29
760	0	1878	29
761	0	1669	29
762	0	1252	29
763	0	1408	29
765	0	730	29
766	0	1148	29
767	0	1304	29
768	0	2295	29
771	0	1408	29
772	0	2191	29
773	0	1722	29
774	0	730	29
776	0	678	29
776	0	1930	30
778	0	1200	29
779	0	2191	29
780	0	2191	29
781	0	1252	29
782	0	1982	29
783	0	1982	29
784	0	1043	29
785	0	1252	29
787	0	1669	29
788	0	1095	29
789	0	1252	29
790	0	1669	29
791	0	1617	29
792	0	887	29
793	0	991	29
794	0	991	29
795	0	2243	29
796	0	2035	29
797	0	1043	29
798	0	1878	29
800	0	1930	29
801	0	1722	29
802	0	1304	29
803	0	1304	29
804	0	1043	29
806	0	1774	29
807	0	678	29
807	0	1722	30
808	0	2243	29
809	0	2035	29
810	0	678	29
811	0	678	29
812	0	1095	29
812	0	2139	30
813	0	1565	29
815	0	1043	29
816	0	1669	29
818	0	1408	29
819	0	1722	29
820	0	2191	29
821	0	1461	29
822	0	678	29
823	0	730	29
823	0	1774	30
824	0	1252	29
825	0	1148	29
826	0	1513	29
827	0	2087	29
828	0	1304	29
829	0	2139	29
830	0	1513	29
831	0	1200	29
831	0	1982	30
831	0	2295	15
832	0	1095	29
832	0	1878	30
832	0	2295	15
833	0	1565	29
834	0	730	29
834	0	1930	30
835	0	1043	29
837	0	1669	29
838	0	678	29
839	0	1565	29
840	0	574	29
840	0	1095	30
841	0	782	29
842	0	1461	29
843	0	991	29
843	0	1774	30
843	0	2191	15
844	0	2087	29
845	0	1513	29
846	0	1669	29
847	0	1722	29
848	0	626	29
850	0	1095	29
850	0	1878	30
853	0	2139	29
854	0	1200	29
855	0	1200	29
856	0	1878	29
857	0	2295	29
858	0	1408	29
861	0	1095	29
862	0	1826	29
863	0	1148	29
864	0	991	29
864	0	1826	30
864	0	2295	15
865	0	678	29
866	0	678	29
867	0	1774	29
868	0	1148	29
869	0	1461	29
870	0	1304	29
871	0	1356	29
873	0	678	29
873	0	1774	30
875	0	1200	29
876	0	730	29
877	0	626	29
877	0	1669	30
878	0	1461	29
879	0	1043	29
880	0	626	29
882	0	1356	29
884	0	1095	29
885	0	678	29
885	0	1774	30
886	0	2035	29
887	0	1408	29
889	0	1669	29
890	0	1513	29
891	0	1148	29
892	0	2139	29
893	0	1200	29
894	0	939	29
895	0	1722	29
896	0	626	29
897	0	730	29
898	0	1095	29
899	0	730	29
900	0	1722	29
901	0	678	29
902	0	1408	29
903	0	1095	29
903	0	2191	30
905	0	1878	29
906	0	730	29
908	0	1043	29
910	0	1669	29
912	0	1148	29
913	0	1669	29
914	0	1148	29
915	0	1826	29
916	0	1148	29
917	0	2087	29
918	0	1617	29
919	0	2139	29
920	0	1617	29
922	0	1826	29
923	0	1930	29
924	0	1148	29
925	0	782	29
926	0	1252	29
927	0	1148	29
929	0	1200	29
931	0	1043	29
931	0	1826	30
932	0	1356	29
933	0	1722	29
934	0	1252	29
935	0	1095	29
936	0	2035	29
937	0	1878	29
938	0	1617	29
939	0	1722	29
940	0	1304	29
941	0	678	29
941	0	1982	30
942	0	730	29
942	0	1878	30
944	0	1200	29
945	0	1669	29
946	0	1513	29
947	0	1043	29
947	0	1826	30
948	0	1043	29
949	0	991	29
949	0	1774	30
950	0	678	29
953	0	1043	29
954	0	991	29
958	0	1982	29
960	0	1043	29
961	0	939	29
962	0	2035	29
963	0	1095	29
964	0	1095	29
964	0	1930	30
965	0	1200	29
966	0	730	29
968	0	1565	29
969	0	1043	29
971	0	1148	29
972	0	626	29
972	0	1722	30
974	0	939	29
975	0	1669	29
976	0	991	29
978	0	1095	29
979	0	1722	29
980	0	2191	29
981	0	1461	29
982	0	1200	29
983	0	678	29
984	0	1565	29
985	0	1304	29
987	0	1826	29
988	0	1252	29
989	0	730	29
990	0	1930	29
994	0	2295	29
995	0	939	29
996	0	1930	29
998	0	1252	29
998	0	2035	30
999	0	1774	29
0	1	626	29
1	1	678	29
2	1	1252	29
3	1	1356	29
4	1	1148	29
4	1	1930	30
5	1	782	29
6	1	1252	29
7	1	1513	29
8	1	1304	29
10	1	678	29
13	1	1826	29
14	1	626	29
15	1	1043	29
16	1	1095	29
17	1	991	29
18	1	1043	29
19	1	1982	29
20	1	939	29
21	1	678	29
22	1	1304	29
23	1	1043	29
24	1	730	29
25	1	2035	29
26	1	1356	29
27	1	730	29
28	1	1356	29
29	1	1617	29
30	1	1774	29
31	1	1200	29
32	1	1304	29
33	1	1669	29
34	1	1408	29
35	1	730	29
36	1	782	29
37	1	2087	29
38	1	1200	29
39	1	1200	29
40	1	574	29
40	1	1774	30
41	1	1408	29
42	1	1043	29
43	1	782	29
45	1	991	29
46	1	1043	29
47	1	1669	29
49	1	834	29
51	1	1878	29
52	1	2243	29
53	1	782	29
53	1	1982	30
55	1	1252	29
56	1	1565	29
57	1	991	29
57	1	1774	30
58	1	939	29
59	1	991	29
61	1	1200	29
62	1	1148	29
62	1	2139	30
63	1	1356	29
64	1	2087	29
65	1	1461	29
66	1	1513	29
67	1	1408	29
68	1	1669	29
69	1	1148	29
71	1	1148	29
73	1	2139	29
74	1	1826	29
75	1	678	29
76	1	1722	29
77	1	2139	29
78	1	1617	29
79	1	1565	29
80	1	1095	29
81	1	1200	29
82	1	1982	29
83	1	1356	29
84	1	1148	29
86	1	1982	29
87	1	1043	29
87	1	1826	30
88	1	1356	29
89	1	1148	29
90	1	1513	29
92	1	730	29
93	1	1722	29
95	1	1826	29
96	1	1617	29
98	1	1826	29
99	1	1930	29
100	1	2139	29
101	1	887	29
102	1	1043	29
103	1	1774	29
104	1	1200	29
106	1	1356	29
106	1	2139	30
107	1	574	29
107	1	2139	30
108	1	1095	29
109	1	1617	29
110	1	730	29
111	1	2087	29
112	1	1878	29
113	1	678	29
114	1	1982	29
115	1	1722	29
116	1	1669	29
117	1	1722	29
118	1	1356	29
119	1	1617	29
120	1	1669	29
122	1	991	29
122	1	2139	30
123	1	1982	29
124	1	678	29
125	1	1148	29
126	1	626	29
127	1	1043	29
128	1	678	29
129	1	1826	29
130	1	782	29
131	1	991	29
131	1	2035	30
132	1	939	29
133	1	1200	29
134	1	1669	29
135	1	678	29
136	1	678	29
136	1	1043	30
137	1	1408	29
138	1	678	29
138	1	1930	30
139	1	1043	29
139	1	1826	30
140	1	1930	29
141	1	1043	29
141	1	1826	30
142	1	1722	29
143	1	1669	29
145	1	1617	29
146	1	887	29
147	1	1304	29
148	1	1982	29
149	1	1043	29
149	1	2191	30
150	1	1148	29
151	1	1617	29
152	1	1252	29
153	1	1826	29
154	1	1095	29
155	1	730	29
155	1	2139	30
156	1	991	29
158	1	1200	29
159	1	626	29
159	1	1930	30
160	1	1408	29
161	1	1826	29
162	1	1200	29
163	1	2243	29
164	1	1043	29
165	1	1148	29
166	1	1826	29
167	1	2139	29
169	1	991	29
170	1	991	29
170	1	1826	30
171	1	2191	29
172	1	1565	29
173	1	1722	29
174	1	1148	29
175	1	1304	29
176	1	1043	29
179	1	1200	29
181	1	678	29
183	1	730	29
185	1	834	29
187	1	1408	29
188	1	1930	29
189	1	1356	29
190	1	1722	29
191	1	678	29
192	1	1252	29
193	1	1304	29
196	1	626	29
196	1	1669	30
198	1	1356	29
199	1	678	29
199	1	2139	30
200	1	1304	29
201	1	1930	29
202	1	1200	29
203	1	1461	29
204	1	1095	29
205	1	1669	29
206	1	678	29
206	1	1043	30
207	1	1043	29
208	1	1148	29
210	1	1200	29
212	1	1617	29
213	1	1930	29
215	1	1356	29
217	1	1304	29
218	1	1408	29
220	1	1669	29
221	1	1095	29
222	1	2035	29
223	1	2087	29
224	1	1252	29
225	1	1043	29
225	1	1826	30
226	1	834	29
227	1	1043	29
228	1	626	29
229	1	1043	29
230	1	626	29
231	1	730	29
232	1	1043	29
233	1	1669	29
235	1	1930	29
236	1	1878	29
239	1	1982	29
240	1	730	29
240	1	2243	30
241	1	1408	29
242	1	991	29
243	1	626	29
243	1	1826	30
244	1	730	29
245	1	1461	29
246	1	2243	29
248	1	991	29
249	1	626	29
250	1	678	29
250	1	1982	30
251	1	887	29
252	1	2243	29
253	1	1774	29
255	1	1774	29
256	1	1148	29
257	1	1304	29
258	1	678	29
259	1	730	29
260	1	730	29
262	1	1461	29
264	1	1148	29
265	1	1148	29
266	1	1252	29
267	1	626	29
268	1	1148	29
269	1	678	29
270	1	1513	29
271	1	1304	29
271	1	2295	30
272	1	1043	29
272	1	1826	30
274	1	1304	29
277	1	2243	29
278	1	2139	29
279	1	1356	29
280	1	2087	29
282	1	1774	29
283	1	1304	29
284	1	678	29
284	1	1095	30
285	1	1200	29
286	1	626	29
286	1	1982	30
287	1	1565	29
288	1	1148	29
292	1	1722	29
293	1	626	29
293	1	1722	30
294	1	1043	29
295	1	1617	29
296	1	678	29
298	1	1148	29
299	1	991	29
300	1	2191	29
301	1	730	29
302	1	1200	29
303	1	678	29
303	1	1095	30
304	1	678	29
306	1	678	29
307	1	1930	29
308	1	1878	29
309	1	678	29
309	1	1722	30
310	1	782	29
310	1	1930	30
311	1	2191	29
312	1	1617	29
314	1	2035	29
315	1	1356	29
317	1	1356	29
318	1	2139	29
319	1	2243	29
320	1	1513	29
321	1	991	29
322	1	1095	29
323	1	2087	29
324	1	1878	29
325	1	1617	29
326	1	626	29
327	1	1304	29
328	1	1826	29
329	1	1669	29
330	1	1408	29
331	1	730	29
332	1	1304	29
333	1	1043	29
334	1	1513	29
335	1	626	29
336	1	1148	29
337	1	1669	29
338	1	2087	29
339	1	1043	29
340	1	1356	29
341	1	1669	29
342	1	1043	29
342	1	1826	30
343	1	626	29
344	1	2295	29
345	1	1252	29
346	1	1200	29
346	1	2087	30
347	1	1043	29
348	1	678	29
349	1	1043	29
349	1	1826	30
351	1	1252	29
352	1	1356	29
353	1	1043	29
354	1	574	29
354	1	1669	30
355	1	1148	29
356	1	1617	29
357	1	1200	29
358	1	1565	29
360	1	2191	29
361	1	1252	29
364	1	678	29
365	1	2035	29
366	1	1148	29
367	1	1148	29
368	1	678	29
368	1	1722	30
369	1	1148	29
371	1	1095	29
372	1	1565	29
374	1	1722	29
375	1	1669	29
376	1	939	29
377	1	1826	29
378	1	1669	29
379	1	1095	29
380	1	1878	29
381	1	1878	29
382	1	730	29
383	1	1617	29
384	1	1200	29
385	1	1669	29
386	1	1200	29
387	1	1148	29
387	1	2035	30
388	1	2243	29
389	1	730	29
390	1	678	29
391	1	1148	29
392	1	1826	29
393	1	626	29
394	1	1617	29
396	1	1043	29
396	1	1826	30
397	1	1669	29
399	1	991	29
400	1	1200	29
402	1	1304	29
403	1	2191	29
404	1	1408	29
405	1	1513	29
406	1	1148	29
407	1	1304	29
409	1	2243	29
410	1	2087	29
411	1	991	29
411	1	1826	30
412	1	991	29
412	1	1774	30
413	1	678	29
413	1	1669	30
414	1	991	29
415	1	834	29
416	1	1930	29
417	1	1200	29
418	1	834	29
419	1	834	29
420	1	1565	29
422	1	1982	29
423	1	1513	29
424	1	1043	29
424	1	1826	30
425	1	1252	29
426	1	1200	29
427	1	2295	29
428	1	678	29
429	1	939	29
430	1	1095	29
431	1	626	29
432	1	1148	29
433	1	1408	29
434	1	782	29
434	1	1826	30
435	1	730	29
436	1	730	29
436	1	1826	30
437	1	1043	29
438	1	1043	29
439	1	2139	29
440	1	1200	29
442	1	1461	29
445	1	991	29
446	1	2139	29
447	1	1774	29
451	1	1095	29
451	1	2139	30
452	1	1148	29
453	1	730	29
453	1	1669	30
455	1	1617	29
456	1	1513	29
457	1	1200	29
459	1	2035	29
460	1	1043	29
461	1	730	29
462	1	1252	29
463	1	1200	29
463	1	2035	30
464	1	1200	29
465	1	730	29
466	1	1043	29
467	1	1043	29
468	1	574	29
469	1	678	29
469	1	1982	30
471	1	2087	29
472	1	1095	29
473	1	1461	29
474	1	782	29
475	1	2087	29
478	1	1878	29
480	1	1982	29
481	1	1200	29
481	1	1982	30
482	1	1669	29
483	1	2087	29
485	1	1669	29
486	1	1461	29
487	1	730	29
488	1	1461	29
489	1	678	29
489	1	1774	30
490	1	1095	29
490	1	2139	30
491	1	1513	29
492	1	1200	29
494	1	1095	29
495	1	1408	29
496	1	1043	29
497	1	626	29
498	1	1304	29
499	1	1200	29
500	1	730	29
500	1	1774	30
501	1	1617	29
502	1	1513	29
503	1	678	29
503	1	1095	30
505	1	1982	29
506	1	1408	29
507	1	1826	29
508	1	1043	29
508	1	1826	30
510	1	2191	29
512	1	1148	29
513	1	1095	29
514	1	1148	29
515	1	678	29
515	1	2139	30
516	1	1617	29
517	1	1461	29
518	1	1252	29
519	1	1148	29
520	1	1252	29
521	1	991	29
522	1	1043	29
523	1	1043	29
524	1	2295	29
525	1	1200	29
525	1	1982	30
526	1	1930	29
527	1	678	29
528	1	574	29
529	1	730	29
529	1	1669	30
530	1	1356	29
531	1	1513	29
532	1	1617	29
533	1	2295	29
534	1	626	29
534	1	1878	30
535	1	1982	29
536	1	2139	29
537	1	1356	29
538	1	730	29
539	1	678	29
540	1	2191	29
541	1	730	29
542	1	1669	29
543	1	1252	29
544	1	1252	29
544	1	2035	30
546	1	1669	29
547	1	991	29
547	1	2139	30
548	1	1565	29
549	1	1461	29
550	1	991	29
550	1	1774	30
551	1	626	29
551	1	1774	30
552	1	1982	29
553	1	1513	29
554	1	626	29
555	1	678	29
555	1	1722	30
556	1	991	29
558	1	678	29
559	1	1565	29
561	1	1461	29
562	1	1200	29
563	1	1356	29
564	1	1774	29
565	1	1095	29
565	1	1878	30
566	1	1148	29
567	1	1669	29
568	1	678	29
569	1	1513	29
570	1	1513	29
571	1	678	29
572	1	1826	29
575	1	678	29
575	1	1043	30
576	1	1722	29
577	1	991	29
578	1	1513	29
581	1	1252	29
582	1	1252	29
583	1	678	29
583	1	1722	30
584	1	782	29
585	1	626	29
585	1	1043	30
586	1	1356	29
587	1	939	29
587	1	1722	30
588	1	1200	29
589	1	834	29
590	1	782	29
591	1	1669	29
593	1	2243	29
594	1	1408	29
595	1	1043	29
595	1	1826	30
596	1	1095	29
597	1	1617	29
598	1	678	29
599	1	939	29
600	1	2035	29
601	1	1200	29
602	1	1826	29
604	1	1513	29
605	1	1669	29
606	1	1043	29
607	1	678	29
608	1	1148	29
611	1	1252	29
612	1	1304	29
613	1	1513	29
614	1	1513	29
615	1	1148	29
616	1	1304	29
617	1	1930	29
619	1	1513	29
620	1	1043	29
621	1	1148	29
622	1	626	29
623	1	1982	29
624	1	1095	29
625	1	1304	29
626	1	1200	29
627	1	939	29
628	1	1043	29
629	1	2139	29
630	1	1565	29
631	1	1356	29
632	1	678	29
633	1	1774	29
634	1	1304	29
635	1	1722	29
638	1	2087	29
639	1	1095	29
639	1	1982	30
642	1	1722	29
644	1	1200	29
645	1	1148	29
646	1	730	29
647	1	1930	29
648	1	1513	29
649	1	1148	29
650	1	2191	29
651	1	1252	29
652	1	1304	29
653	1	1304	29
654	1	1826	29
655	1	1461	29
656	1	1356	29
657	1	1148	29
658	1	1148	29
658	1	1982	30
659	1	1304	29
661	1	1095	29
662	1	1408	29
663	1	1304	29
664	1	1095	29
664	1	1982	30
665	1	1043	29
666	1	991	29
667	1	730	29
668	1	1356	29
669	1	1565	29
670	1	1252	29
672	1	1617	29
673	1	1617	29
674	1	1408	29
675	1	1148	29
676	1	574	29
676	1	1982	30
677	1	1408	29
678	1	730	29
680	1	1513	29
682	1	1252	29
683	1	1356	29
684	1	1200	29
685	1	2139	29
686	1	1148	29
687	1	1722	29
688	1	1826	29
689	1	1356	29
691	1	1095	29
691	1	1982	30
692	1	1304	29
693	1	1043	29
694	1	1252	29
695	1	678	29
696	1	1930	29
697	1	782	29
698	1	1774	29
699	1	1408	29
700	1	991	29
701	1	1148	29
703	1	782	29
705	1	1669	29
706	1	626	29
707	1	1200	29
708	1	1252	29
709	1	1200	29
709	1	2139	30
710	1	887	29
711	1	1617	29
712	1	1200	29
714	1	678	29
715	1	1617	29
716	1	678	29
716	1	1774	30
717	1	1200	29
718	1	1095	29
721	1	1095	29
722	1	730	29
722	1	1669	30
723	1	1826	29
724	1	1930	29
725	1	887	29
726	1	1356	29
728	1	1982	29
729	1	834	29
730	1	1461	29
731	1	887	29
732	1	834	29
733	1	834	29
734	1	991	29
735	1	2191	29
736	1	1774	29
737	1	1095	29
738	1	1200	29
738	1	1982	30
739	1	1252	29
741	1	887	29
742	1	678	29
742	1	1826	30
743	1	626	29
744	1	1304	29
745	1	1982	29
746	1	1826	29
747	1	1304	29
748	1	2243	29
750	1	2139	29
752	1	1148	29
753	1	730	29
753	1	1982	30
754	1	730	29
755	1	1043	29
756	1	1095	29
756	1	1878	30
757	1	1930	29
758	1	678	29
759	1	1669	29
760	1	1878	29
761	1	1669	29
762	1	1252	29
763	1	1408	29
765	1	730	29
766	1	1148	29
767	1	1304	29
768	1	2295	29
771	1	1408	29
772	1	2191	29
773	1	1722	29
774	1	730	29
776	1	678	29
776	1	1930	30
778	1	1200	29
779	1	2191	29
780	1	2191	29
781	1	1252	29
782	1	1982	29
783	1	1982	29
784	1	1043	29
785	1	1252	29
787	1	1669	29
788	1	1095	29
789	1	1252	29
790	1	1669	29
791	1	1617	29
792	1	887	29
793	1	991	29
794	1	991	29
795	1	2243	29
796	1	2035	29
797	1	1043	29
798	1	1878	29
800	1	1930	29
801	1	1722	29
802	1	1304	29
803	1	1304	29
804	1	1043	29
806	1	1774	29
807	1	678	29
807	1	1722	30
808	1	2243	29
809	1	2035	29
810	1	678	29
811	1	678	29
812	1	1095	29
812	1	2139	30
813	1	1565	29
815	1	1043	29
816	1	1669	29
818	1	1408	29
819	1	1722	29
820	1	2191	29
821	1	1461	29
822	1	678	29
823	1	730	29
823	1	1774	30
824	1	1252	29
825	1	1148	29
826	1	1513	29
827	1	2087	29
828	1	1304	29
829	1	2139	29
830	1	1513	29
831	1	1200	29
831	1	1982	30
832	1	1095	29
832	1	1878	30
833	1	1565	29
834	1	730	29
834	1	1930	30
835	1	1043	29
837	1	1669	29
838	1	678	29
839	1	1565	29
840	1	574	29
840	1	1095	30
841	1	782	29
842	1	1461	29
843	1	991	29
843	1	1774	30
844	1	2087	29
845	1	1513	29
846	1	1669	29
847	1	1722	29
848	1	626	29
850	1	1095	29
850	1	1878	30
853	1	2139	29
854	1	1200	29
855	1	1200	29
856	1	1878	29
857	1	2295	29
858	1	1408	29
861	1	1095	29
862	1	1826	29
863	1	1148	29
864	1	991	29
864	1	1826	30
865	1	678	29
866	1	678	29
867	1	1774	29
868	1	1148	29
869	1	1461	29
870	1	1304	29
871	1	1356	29
873	1	678	29
873	1	1774	30
875	1	1200	29
876	1	730	29
877	1	626	29
877	1	1669	30
878	1	1461	29
879	1	1043	29
880	1	626	29
882	1	1356	29
884	1	1095	29
885	1	678	29
885	1	1774	30
886	1	2035	29
887	1	1408	29
889	1	1669	29
890	1	1513	29
891	1	1148	29
892	1	2139	29
893	1	1200	29
894	1	939	29
895	1	1722	29
896	1	626	29
897	1	730	29
898	1	1095	29
899	1	730	29
900	1	1722	29
901	1	678	29
902	1	1408	29
903	1	1095	29
903	1	2191	30
905	1	1878	29
906	1	730	29
908	1	1043	29
910	1	1669	29
912	1	1148	29
913	1	1669	29
914	1	1148	29
915	1	1826	29
916	1	1148	29
917	1	2087	29
918	1	1617	29
919	1	2139	29
920	1	1617	29
922	1	1826	29
923	1	1930	29
924	1	1148	29
925	1	782	29
926	1	1252	29
927	1	1148	29
929	1	1200	29
931	1	1043	29
931	1	1826	30
932	1	1356	29
933	1	1722	29
934	1	1252	29
935	1	1095	29
936	1	2035	29
937	1	1878	29
938	1	1617	29
939	1	1722	29
940	1	1304	29
941	1	678	29
941	1	1982	30
942	1	730	29
942	1	1878	30
944	1	1200	29
945	1	1669	29
946	1	1513	29
947	1	1043	29
947	1	1826	30
948	1	1043	29
949	1	991	29
949	1	1774	30
950	1	678	29
953	1	1043	29
954	1	991	29
958	1	1982	29
960	1	1043	29
961	1	939	29
962	1	2035	29
963	1	1095	29
964	1	1095	29
964	1	1930	30
965	1	1200	29
966	1	730	29
968	1	1565	29
969	1	1043	29
971	1	1148	29
972	1	626	29
972	1	1722	30
974	1	939	29
975	1	1669	29
976	1	991	29
978	1	1095	29
979	1	1722	29
980	1	2191	29
981	1	1461	29
982	1	1200	29
983	1	678	29
984	1	1565	29
985	1	1304	29
987	1	1826	29
988	1	1252	29
989	1	730	29
990	1	1930	29
994	1	2295	29
995	1	939	29
996	1	1930	29
998	1	1252	29
998	1	2035	30
999	1	1774	29
0	2	261	26
0	2	521	33
0	2	1200	13
1	2	261	26
1	2	574	33
1	2	1200	13
2	2	261	26
2	2	834	33
3	2	261	26
3	2	1669	13
4	2	261	26
4	2	834	33
4	2	1200	13
5	2	261	26
5	2	730	33
6	2	261	26
6	2	834	33
6	2	1878	13
7	2	261	26
7	2	1461	13
8	2	261	26
8	2	991	33
8	2	1304	13
9	2	261	26
10	2	261	26
10	2	574	33
10	2	1200	13
11	2	261	26
12	2	261	26
13	2	261	26
14	2	261	26
14	2	574	33
14	2	1200	13
15	2	261	26
15	2	678	33
15	2	1200	13
16	2	261	26
16	2	730	33
16	2	1200	13
17	2	261	26
17	2	626	33
17	2	1200	13
18	2	261	26
18	2	678	33
18	2	1200	13
19	2	261	26
20	2	261	26
20	2	939	33
20	2	1461	13
21	2	261	26
21	2	574	33
21	2	1200	13
22	2	261	26
22	2	1669	13
23	2	261	26
23	2	626	33
23	2	1200	13
24	2	261	26
24	2	626	33
24	2	1200	13
25	2	261	26
26	2	261	26
26	2	991	33
26	2	1722	13
27	2	261	26
27	2	678	33
27	2	1200	13
28	2	261	26
28	2	1043	33
28	2	1461	13
29	2	261	26
30	2	261	26
31	2	261	26
31	2	782	33
32	2	261	26
32	2	1617	13
33	2	261	26
33	2	1408	13
34	2	261	26
34	2	1095	33
34	2	1669	13
35	2	261	26
35	2	678	33
35	2	1200	13
36	2	261	26
36	2	730	33
36	2	1200	13
37	2	261	26
37	2	939	33
38	2	261	26
38	2	887	33
39	2	261	26
39	2	834	33
39	2	1565	13
40	2	261	26
40	2	574	33
40	2	1200	13
41	2	261	26
41	2	1095	33
41	2	1669	13
42	2	261	26
42	2	1095	33
42	2	1513	13
43	2	261	26
43	2	730	33
43	2	1200	13
44	2	261	26
45	2	261	26
45	2	939	33
45	2	1461	13
46	2	261	26
46	2	730	33
46	2	2139	13
47	2	261	26
47	2	1722	13
48	2	261	26
49	2	261	26
49	2	782	33
49	2	1252	13
50	2	261	26
51	2	261	26
52	2	261	26
53	2	261	26
53	2	730	33
53	2	1200	13
54	2	261	26
55	2	261	26
55	2	887	33
56	2	261	26
57	2	261	26
57	2	626	33
57	2	1200	13
58	2	261	26
58	2	887	33
58	2	1304	13
59	2	261	26
59	2	678	33
59	2	1200	13
60	2	261	26
61	2	261	26
61	2	782	33
62	2	261	26
62	2	782	33
62	2	1252	13
63	2	261	26
63	2	1043	33
63	2	1513	13
64	2	261	26
65	2	261	26
65	2	1304	13
66	2	261	26
67	2	261	26
67	2	1200	13
67	2	1669	33
68	2	261	26
69	2	261	26
69	2	1408	13
70	2	261	26
70	2	939	33
71	2	261	26
71	2	1669	13
72	2	261	26
73	2	261	26
74	2	261	26
75	2	261	26
75	2	678	33
75	2	1200	13
76	2	261	26
77	2	261	26
78	2	261	26
79	2	261	26
79	2	1461	13
80	2	261	26
80	2	730	33
80	2	1513	13
81	2	261	26
81	2	834	33
82	2	261	26
82	2	1722	13
83	2	261	26
83	2	1774	13
84	2	261	26
84	2	782	33
85	2	261	26
86	2	261	26
87	2	261	26
87	2	626	33
87	2	1200	13
88	2	261	26
88	2	991	33
88	2	1513	13
89	2	261	26
89	2	1461	13
90	2	261	26
91	2	261	26
91	2	939	33
92	2	261	26
92	2	626	33
92	2	1200	13
93	2	261	26
94	2	261	26
95	2	261	26
96	2	261	26
96	2	1617	13
97	2	261	26
98	2	261	26
99	2	261	26
100	2	261	26
101	2	261	26
101	2	991	33
102	2	261	26
102	2	939	33
102	2	1826	13
103	2	261	26
103	2	1826	13
104	2	261	26
104	2	834	33
104	2	1356	13
105	2	261	26
106	2	261	26
106	2	1095	33
106	2	1461	13
107	2	261	26
107	2	626	33
107	2	1200	13
108	2	261	26
108	2	730	33
108	2	1356	13
109	2	261	26
110	2	261	26
110	2	678	33
110	2	1200	13
111	2	261	26
111	2	887	33
112	2	261	26
113	2	261	26
113	2	574	33
113	2	1200	13
114	2	261	26
114	2	887	33
115	2	261	26
116	2	261	26
117	2	261	26
118	2	261	26
118	2	1774	13
119	2	261	26
120	2	261	26
120	2	1669	13
121	2	261	26
122	2	261	26
122	2	626	33
122	2	1200	13
123	2	261	26
124	2	261	26
124	2	626	33
124	2	1200	13
125	2	261	26
125	2	782	33
125	2	1200	13
126	2	261	26
126	2	574	33
126	2	1200	13
127	2	261	26
127	2	626	33
127	2	1200	13
128	2	261	26
128	2	626	33
128	2	1200	13
129	2	261	26
130	2	261	26
130	2	834	33
131	2	261	26
131	2	991	33
131	2	1304	13
132	2	261	26
132	2	574	33
132	2	1304	13
133	2	261	26
133	2	887	33
133	2	1669	13
134	2	261	26
134	2	1617	13
135	2	261	26
135	2	730	33
135	2	1200	13
136	2	261	26
136	2	521	33
136	2	1200	13
137	2	261	26
137	2	1252	13
137	2	1722	33
138	2	261	26
138	2	574	33
138	2	1200	13
139	2	261	26
139	2	678	33
139	2	1200	13
140	2	261	26
141	2	261	26
141	2	574	33
141	2	1200	13
142	2	261	26
143	2	261	26
144	2	261	26
145	2	261	26
145	2	1669	13
146	2	261	26
146	2	834	33
146	2	1356	13
147	2	261	26
147	2	887	33
147	2	1565	13
148	2	261	26
149	2	261	26
149	2	626	33
149	2	1200	13
150	2	261	26
150	2	730	33
150	2	1356	13
151	2	261	26
151	2	2243	13
152	2	261	26
152	2	782	33
152	2	1356	13
153	2	261	26
153	2	2243	13
154	2	261	26
154	2	730	33
154	2	1200	13
155	2	261	26
155	2	626	33
155	2	1200	13
156	2	261	26
156	2	626	33
156	2	1200	13
157	2	261	26
158	2	261	26
158	2	782	33
158	2	1252	13
159	2	261	26
159	2	574	33
159	2	1200	13
160	2	261	26
160	2	991	33
160	2	1617	13
161	2	261	26
162	2	261	26
162	2	1408	13
163	2	261	26
164	2	261	26
164	2	678	33
164	2	2295	13
165	2	261	26
165	2	782	33
165	2	1200	13
166	2	261	26
167	2	261	26
168	2	261	26
169	2	261	26
169	2	626	33
169	2	2139	13
170	2	261	26
170	2	626	33
170	2	1200	13
171	2	261	26
172	2	261	26
172	2	1513	13
173	2	261	26
174	2	261	26
174	2	1356	13
175	2	261	26
175	2	887	33
175	2	1356	13
176	2	261	26
176	2	678	33
176	2	2191	13
177	2	261	26
178	2	261	26
179	2	261	26
179	2	782	33
179	2	1252	13
180	2	261	26
181	2	261	26
181	2	574	33
181	2	1200	13
182	2	261	26
183	2	261	26
183	2	678	33
183	2	1200	13
184	2	261	26
185	2	261	26
185	2	782	33
185	2	1200	13
186	2	261	26
187	2	261	26
187	2	1200	13
188	2	261	26
189	2	261	26
189	2	1043	33
189	2	1513	13
190	2	261	26
191	2	261	26
191	2	626	33
192	2	261	26
192	2	834	33
192	2	1356	13
193	2	261	26
193	2	939	33
193	2	1722	13
194	2	261	26
195	2	261	26
196	2	261	26
196	2	574	33
196	2	1200	13
197	2	261	26
198	2	261	26
198	2	1095	33
198	2	1461	13
199	2	261	26
199	2	626	33
199	2	1200	13
200	2	261	26
200	2	1669	13
201	2	261	26
202	2	261	26
202	2	1461	13
203	2	261	26
203	2	1408	13
204	2	261	26
204	2	730	33
204	2	1252	13
205	2	261	26
206	2	261	26
206	2	574	33
206	2	1200	13
207	2	261	26
207	2	626	33
207	2	1200	13
208	2	261	26
208	2	782	33
208	2	1408	13
209	2	261	26
210	2	261	26
210	2	834	33
210	2	1617	13
211	2	261	26
212	2	261	26
212	2	1565	13
213	2	261	26
214	2	261	26
215	2	261	26
215	2	1774	13
216	2	261	26
217	2	261	26
217	2	1617	13
218	2	261	26
218	2	1200	13
218	2	1669	33
219	2	261	26
220	2	261	26
221	2	261	26
221	2	1095	33
221	2	1722	13
222	2	261	26
223	2	261	26
224	2	261	26
224	2	1565	13
225	2	261	26
225	2	626	33
225	2	1200	13
226	2	261	26
226	2	730	33
226	2	1200	13
227	2	261	26
228	2	261	26
228	2	626	33
228	2	1200	13
229	2	261	26
229	2	1252	13
229	2	1617	33
230	2	261	26
230	2	626	33
230	2	1200	13
231	2	261	26
231	2	574	33
231	2	1200	13
232	2	261	26
232	2	678	33
232	2	1200	13
233	2	261	26
234	2	261	26
235	2	261	26
236	2	261	26
237	2	261	26
238	2	261	26
239	2	261	26
240	2	261	26
240	2	626	33
240	2	1200	13
241	2	261	26
241	2	1200	13
241	2	1617	33
242	2	261	26
242	2	939	33
242	2	1356	13
243	2	261	26
243	2	574	33
243	2	1200	13
244	2	261	26
244	2	626	33
244	2	1200	13
245	2	261	26
246	2	261	26
247	2	261	26
248	2	261	26
248	2	574	33
248	2	1200	13
249	2	261	26
249	2	574	33
249	2	1200	13
250	2	261	26
250	2	574	33
250	2	1200	13
251	2	261	26
251	2	834	33
251	2	1669	13
252	2	261	26
253	2	261	26
254	2	261	26
255	2	261	26
256	2	261	26
256	2	1356	13
257	2	261	26
257	2	1669	13
258	2	261	26
258	2	574	33
258	2	1200	13
259	2	261	26
259	2	574	33
259	2	1200	13
260	2	261	26
260	2	730	33
260	2	1669	13
261	2	261	26
262	2	261	26
262	2	1304	13
262	2	1669	33
263	2	261	26
264	2	261	26
264	2	782	33
264	2	1774	13
265	2	261	26
265	2	782	33
266	2	261	26
266	2	887	33
266	2	1669	13
267	2	261	26
267	2	574	33
267	2	1252	13
268	2	261	26
268	2	1408	13
268	2	1722	33
269	2	261	26
269	2	678	33
269	2	1200	13
270	2	261	26
271	2	261	26
271	2	939	33
271	2	1461	13
272	2	261	26
272	2	626	33
272	2	1200	13
273	2	261	26
274	2	261	26
275	2	261	26
276	2	261	26
277	2	261	26
278	2	261	26
279	2	261	26
280	2	261	26
280	2	2139	13
281	2	261	26
282	2	261	26
283	2	261	26
283	2	1669	13
284	2	261	26
284	2	574	33
284	2	1200	13
285	2	261	26
285	2	1565	13
286	2	261	26
286	2	626	33
286	2	1200	13
287	2	261	26
288	2	261	26
288	2	730	33
288	2	1669	13
289	2	261	26
290	2	261	26
291	2	261	26
292	2	261	26
293	2	261	26
293	2	521	33
293	2	1200	13
294	2	261	26
294	2	678	33
295	2	261	26
296	2	261	26
296	2	678	33
296	2	1200	13
297	2	261	26
298	2	261	26
298	2	1461	13
299	2	261	26
299	2	626	33
300	2	261	26
301	2	261	26
301	2	574	33
301	2	1200	13
302	2	261	26
302	2	834	33
302	2	1356	13
303	2	261	26
303	2	574	33
303	2	1200	13
304	2	261	26
304	2	574	33
304	2	1200	13
305	2	261	26
306	2	261	26
306	2	574	33
306	2	1200	13
307	2	261	26
308	2	261	26
308	2	1826	13
309	2	261	26
309	2	574	33
309	2	1200	13
310	2	261	26
310	2	834	33
310	2	1200	13
311	2	261	26
312	2	261	26
313	2	261	26
314	2	261	26
315	2	261	26
315	2	1043	33
315	2	1461	13
316	2	261	26
317	2	261	26
318	2	261	26
319	2	261	26
320	2	261	26
321	2	261	26
321	2	626	33
321	2	1252	13
322	2	261	26
322	2	678	33
322	2	1930	13
323	2	261	26
324	2	261	26
325	2	261	26
326	2	261	26
326	2	574	33
326	2	1200	13
327	2	261	26
327	2	1513	13
328	2	261	26
329	2	261	26
330	2	261	26
330	2	1200	13
330	2	1617	33
331	2	261	26
331	2	626	33
331	2	1200	13
332	2	261	26
332	2	887	33
332	2	1356	13
333	2	261	26
333	2	574	33
333	2	1200	13
334	2	261	26
335	2	261	26
335	2	574	33
335	2	1200	13
336	2	261	26
336	2	730	33
336	2	1461	13
337	2	261	26
338	2	261	26
339	2	261	26
339	2	626	33
339	2	1982	13
340	2	261	26
340	2	1669	13
341	2	261	26
341	2	1617	13
342	2	261	26
342	2	678	33
342	2	1200	13
343	2	261	26
343	2	521	33
343	2	1200	13
344	2	261	26
345	2	261	26
345	2	939	33
345	2	1356	13
346	2	261	26
346	2	782	33
346	2	1200	13
347	2	261	26
347	2	939	33
348	2	261	26
348	2	730	33
348	2	1252	13
349	2	261	26
349	2	626	33
349	2	1200	13
350	2	261	26
351	2	261	26
351	2	834	33
352	2	261	26
352	2	887	33
352	2	1408	13
353	2	261	26
353	2	678	33
353	2	1356	13
354	2	261	26
354	2	574	33
354	2	1200	13
355	2	261	26
355	2	782	33
356	2	261	26
356	2	1565	13
357	2	261	26
357	2	834	33
358	2	261	26
358	2	1461	13
359	2	261	26
360	2	261	26
361	2	261	26
361	2	834	33
361	2	1617	13
362	2	261	26
363	2	261	26
364	2	261	26
364	2	626	33
364	2	2191	13
365	2	261	26
366	2	261	26
366	2	1304	13
367	2	261	26
367	2	782	33
368	2	261	26
368	2	574	33
368	2	1200	13
369	2	261	26
369	2	782	33
369	2	1200	13
370	2	261	26
371	2	261	26
371	2	678	33
371	2	1461	13
372	2	261	26
372	2	1513	13
373	2	261	26
374	2	261	26
375	2	261	26
376	2	261	26
376	2	834	33
377	2	261	26
378	2	261	26
378	2	1669	13
379	2	261	26
379	2	1043	33
379	2	1565	13
380	2	261	26
380	2	887	33
381	2	261	26
381	2	939	33
382	2	261	26
382	2	730	33
382	2	2191	13
383	2	261	26
384	2	261	26
384	2	834	33
384	2	1669	13
385	2	261	26
385	2	1617	13
386	2	261	26
386	2	834	33
387	2	261	26
387	2	834	33
387	2	1200	13
388	2	261	26
389	2	261	26
389	2	626	33
389	2	1252	13
390	2	261	26
390	2	521	33
390	2	1200	13
391	2	261	26
391	2	730	33
391	2	1252	13
392	2	261	26
393	2	261	26
393	2	574	33
393	2	1200	13
394	2	261	26
394	2	1408	13
395	2	261	26
396	2	261	26
396	2	626	33
396	2	1200	13
397	2	261	26
397	2	1722	13
398	2	261	26
398	2	887	33
399	2	261	26
399	2	626	33
399	2	1200	13
400	2	261	26
400	2	782	33
400	2	2243	13
401	2	261	26
402	2	261	26
402	2	887	33
402	2	1513	13
403	2	261	26
404	2	261	26
404	2	1774	13
405	2	261	26
406	2	261	26
406	2	730	33
406	2	1252	13
407	2	261	26
407	2	1617	13
408	2	261	26
409	2	261	26
410	2	261	26
411	2	261	26
411	2	626	33
411	2	1200	13
412	2	261	26
412	2	626	33
412	2	1200	13
413	2	261	26
413	2	574	33
413	2	1200	13
414	2	261	26
414	2	939	33
414	2	1461	13
415	2	261	26
415	2	730	33
415	2	1304	13
416	2	261	26
417	2	261	26
417	2	730	33
417	2	1722	13
418	2	261	26
418	2	887	33
418	2	1200	13
419	2	261	26
419	2	782	33
419	2	1200	13
420	2	261	26
420	2	1513	13
421	2	261	26
422	2	261	26
423	2	261	26
423	2	1461	13
424	2	261	26
424	2	626	33
424	2	1200	13
425	2	261	26
425	2	939	33
426	2	261	26
426	2	1513	13
427	2	261	26
428	2	261	26
428	2	626	33
429	2	261	26
429	2	939	33
429	2	1408	13
430	2	261	26
430	2	730	33
430	2	1461	13
431	2	261	26
431	2	574	33
431	2	1200	13
432	2	261	26
432	2	730	33
432	2	1200	13
433	2	261	26
433	2	1200	13
434	2	261	26
434	2	678	33
434	2	1200	13
435	2	261	26
435	2	626	33
435	2	1200	13
436	2	261	26
436	2	626	33
436	2	1200	13
437	2	261	26
437	2	678	33
437	2	1930	13
438	2	261	26
438	2	1043	33
438	2	1461	13
439	2	261	26
440	2	261	26
440	2	1565	13
441	2	261	26
442	2	261	26
442	2	1304	13
443	2	261	26
444	2	261	26
445	2	261	26
445	2	626	33
445	2	1252	13
446	2	261	26
447	2	261	26
448	2	261	26
449	2	261	26
450	2	261	26
451	2	261	26
451	2	1200	13
451	2	1513	33
452	2	261	26
452	2	782	33
453	2	261	26
453	2	626	33
453	2	1200	13
454	2	261	26
455	2	261	26
455	2	1669	13
456	2	261	26
457	2	261	26
457	2	1408	13
458	2	261	26
459	2	261	26
460	2	261	26
460	2	678	33
460	2	1930	13
461	2	261	26
461	2	626	33
461	2	1200	13
462	2	261	26
462	2	834	33
463	2	261	26
463	2	834	33
463	2	1200	13
464	2	261	26
464	2	1513	13
465	2	261	26
465	2	678	33
465	2	1826	13
466	2	261	26
466	2	574	33
466	2	1200	13
467	2	261	26
467	2	626	33
467	2	1200	13
468	2	261	26
468	2	626	33
468	2	1408	13
469	2	261	26
469	2	574	33
469	2	1200	13
470	2	261	26
471	2	261	26
472	2	261	26
472	2	730	33
472	2	1408	13
473	2	261	26
473	2	1200	13
474	2	261	26
474	2	678	33
474	2	1200	13
475	2	261	26
476	2	261	26
477	2	261	26
478	2	261	26
479	2	261	26
480	2	261	26
481	2	261	26
481	2	834	33
481	2	1200	13
482	2	261	26
482	2	834	33
483	2	261	26
484	2	261	26
485	2	261	26
486	2	261	26
487	2	261	26
487	2	626	33
487	2	1200	13
488	2	261	26
489	2	261	26
489	2	574	33
489	2	1200	13
490	2	261	26
490	2	1200	13
490	2	1617	33
491	2	261	26
491	2	1356	13
492	2	261	26
492	2	1461	13
493	2	261	26
494	2	261	26
494	2	730	33
495	2	261	26
495	2	1252	13
495	2	1669	33
496	2	261	26
496	2	991	33
496	2	1408	13
497	2	261	26
497	2	626	33
497	2	1826	13
498	2	261	26
498	2	939	33
499	2	261	26
499	2	782	33
500	2	261	26
500	2	574	33
500	2	1200	13
501	2	261	26
502	2	261	26
502	2	1408	13
503	2	261	26
503	2	521	33
503	2	1200	13
504	2	261	26
505	2	261	26
506	2	261	26
507	2	261	26
508	2	261	26
508	2	678	33
508	2	1200	13
509	2	261	26
510	2	261	26
511	2	261	26
512	2	261	26
512	2	1356	13
512	2	1722	33
513	2	261	26
513	2	1513	13
514	2	261	26
514	2	834	33
514	2	1617	13
515	2	261	26
515	2	574	33
515	2	1200	13
516	2	261	26
517	2	261	26
518	2	261	26
518	2	1565	13
519	2	261	26
519	2	730	33
519	2	1200	13
520	2	261	26
520	2	887	33
521	2	261	26
521	2	626	33
521	2	1200	13
522	2	261	26
522	2	1095	33
522	2	1461	13
523	2	261	26
523	2	678	33
523	2	1200	13
524	2	261	26
525	2	261	26
525	2	834	33
525	2	1200	13
526	2	261	26
527	2	261	26
527	2	626	33
527	2	1200	13
528	2	261	26
528	2	574	33
528	2	1200	13
529	2	261	26
529	2	626	33
529	2	1200	13
530	2	261	26
531	2	261	26
531	2	1461	13
532	2	261	26
532	2	1565	13
533	2	261	26
534	2	261	26
534	2	574	33
534	2	1200	13
535	2	261	26
536	2	261	26
537	2	261	26
537	2	939	33
537	2	1513	13
538	2	261	26
538	2	626	33
538	2	1200	13
539	2	261	26
539	2	574	33
539	2	1200	13
540	2	261	26
541	2	261	26
541	2	730	33
541	2	1982	13
542	2	261	26
542	2	1722	13
543	2	261	26
543	2	1565	13
544	2	261	26
544	2	834	33
544	2	1252	13
545	2	261	26
546	2	261	26
546	2	1774	13
547	2	261	26
547	2	887	33
547	2	1252	13
548	2	261	26
549	2	261	26
550	2	261	26
550	2	626	33
550	2	1200	13
551	2	261	26
551	2	678	33
551	2	1200	13
552	2	261	26
553	2	261	26
553	2	1461	13
554	2	261	26
554	2	574	33
554	2	1200	13
555	2	261	26
555	2	626	33
555	2	1200	13
556	2	261	26
556	2	1252	13
556	2	1565	33
557	2	261	26
558	2	261	26
558	2	678	33
558	2	2087	13
559	2	261	26
559	2	1513	13
560	2	261	26
561	2	261	26
562	2	261	26
562	2	1513	13
563	2	261	26
563	2	1095	33
563	2	1461	13
564	2	261	26
565	2	261	26
565	2	678	33
565	2	1200	13
566	2	261	26
566	2	730	33
566	2	1617	13
567	2	261	26
567	2	1565	13
568	2	261	26
568	2	626	33
568	2	1200	13
569	2	261	26
569	2	1513	13
570	2	261	26
571	2	261	26
571	2	626	33
571	2	1200	13
572	2	261	26
573	2	261	26
574	2	261	26
574	2	939	33
575	2	261	26
575	2	574	33
575	2	1200	13
576	2	261	26
576	2	1774	13
577	2	261	26
577	2	574	33
577	2	1200	13
578	2	261	26
579	2	261	26
580	2	261	26
581	2	261	26
581	2	1565	13
582	2	261	26
582	2	1565	13
583	2	261	26
583	2	574	33
583	2	1200	13
584	2	261	26
584	2	678	33
584	2	1982	13
585	2	261	26
585	2	574	33
585	2	1200	13
586	2	261	26
586	2	1095	33
586	2	1461	13
587	2	261	26
587	2	574	33
587	2	1200	13
588	2	261	26
588	2	834	33
588	2	1513	13
589	2	261	26
589	2	834	33
589	2	1356	13
590	2	261	26
590	2	730	33
590	2	1252	13
591	2	261	26
592	2	261	26
593	2	261	26
594	2	261	26
594	2	1774	13
595	2	261	26
595	2	678	33
595	2	1200	13
596	2	261	26
596	2	1252	13
596	2	1722	33
597	2	261	26
598	2	261	26
598	2	574	33
598	2	1200	13
599	2	261	26
599	2	574	33
599	2	1200	13
600	2	261	26
601	2	261	26
601	2	782	33
601	2	1826	13
602	2	261	26
603	2	261	26
604	2	261	26
604	2	1408	13
605	2	261	26
605	2	1669	13
606	2	261	26
606	2	1095	33
606	2	1513	13
607	2	261	26
607	2	678	33
607	2	1200	13
608	2	261	26
608	2	834	33
608	2	1304	13
609	2	261	26
610	2	261	26
611	2	261	26
611	2	1513	13
612	2	261	26
612	2	1617	13
613	2	261	26
614	2	261	26
614	2	1722	13
615	2	261	26
615	2	1669	13
616	2	261	26
616	2	1565	13
617	2	261	26
618	2	261	26
619	2	261	26
620	2	261	26
620	2	678	33
621	2	261	26
621	2	1408	13
622	2	261	26
622	2	574	33
623	2	261	26
624	2	261	26
624	2	730	33
625	2	261	26
625	2	1565	13
626	2	261	26
626	2	782	33
626	2	1252	13
627	2	261	26
627	2	887	33
627	2	1356	13
628	2	261	26
628	2	1252	13
628	2	1722	33
629	2	261	26
630	2	261	26
630	2	1617	13
631	2	261	26
631	2	1095	33
631	2	1461	13
632	2	261	26
632	2	574	33
632	2	1200	13
633	2	261	26
634	2	261	26
634	2	1722	13
635	2	261	26
636	2	261	26
637	2	261	26
638	2	261	26
639	2	261	26
639	2	730	33
639	2	1200	13
640	2	261	26
641	2	261	26
641	2	939	33
642	2	261	26
643	2	261	26
644	2	261	26
644	2	782	33
645	2	261	26
645	2	1252	13
646	2	261	26
646	2	678	33
646	2	1200	13
647	2	261	26
648	2	261	26
648	2	1408	13
649	2	261	26
649	2	782	33
649	2	1356	13
650	2	261	26
651	2	261	26
651	2	834	33
652	2	261	26
652	2	939	33
652	2	1617	13
653	2	261	26
653	2	834	33
653	2	1617	13
654	2	261	26
655	2	261	26
655	2	1408	13
656	2	261	26
656	2	1095	33
656	2	1669	13
657	2	261	26
657	2	730	33
658	2	261	26
658	2	782	33
658	2	1200	13
659	2	261	26
659	2	1722	13
660	2	261	26
661	2	261	26
661	2	730	33
661	2	1200	13
662	2	261	26
662	2	1200	13
663	2	261	26
663	2	1722	13
664	2	261	26
664	2	730	33
664	2	1200	13
665	2	261	26
665	2	626	33
665	2	1200	13
666	2	261	26
666	2	574	33
666	2	1200	13
667	2	261	26
667	2	678	33
668	2	261	26
668	2	1669	13
669	2	261	26
669	2	1461	13
670	2	261	26
670	2	1617	13
671	2	261	26
672	2	261	26
673	2	261	26
673	2	1722	13
674	2	261	26
674	2	1252	13
675	2	261	26
675	2	1408	13
675	2	1722	33
676	2	261	26
676	2	626	33
676	2	1200	13
677	2	261	26
677	2	1252	13
677	2	1669	33
678	2	261	26
678	2	730	33
678	2	1617	13
679	2	261	26
680	2	261	26
680	2	1461	13
681	2	261	26
682	2	261	26
682	2	834	33
683	2	261	26
684	2	261	26
684	2	1408	13
685	2	261	26
685	2	887	33
686	2	261	26
686	2	782	33
687	2	261	26
688	2	261	26
689	2	261	26
690	2	261	26
690	2	939	33
691	2	261	26
691	2	678	33
691	2	1200	13
692	2	261	26
692	2	939	33
692	2	1252	13
693	2	261	26
693	2	991	33
693	2	1408	13
694	2	261	26
694	2	834	33
694	2	1565	13
695	2	261	26
695	2	574	33
695	2	1200	13
696	2	261	26
697	2	261	26
697	2	730	33
697	2	1356	13
698	2	261	26
699	2	261	26
699	2	1304	13
700	2	261	26
700	2	887	33
701	2	261	26
701	2	1356	13
702	2	261	26
703	2	261	26
703	2	730	33
703	2	1200	13
704	2	261	26
705	2	261	26
705	2	1878	13
706	2	261	26
706	2	574	33
706	2	1356	13
707	2	261	26
707	2	782	33
708	2	261	26
708	2	1565	13
709	2	261	26
709	2	782	33
709	2	1252	13
710	2	261	26
710	2	782	33
710	2	1200	13
711	2	261	26
711	2	1669	13
712	2	261	26
712	2	1565	13
713	2	261	26
714	2	261	26
714	2	626	33
714	2	1200	13
715	2	261	26
715	2	1513	13
716	2	261	26
716	2	574	33
716	2	1200	13
717	2	261	26
717	2	1408	13
718	2	261	26
718	2	730	33
718	2	1200	13
719	2	261	26
720	2	261	26
721	2	261	26
721	2	1252	13
721	2	1774	33
722	2	261	26
722	2	574	33
722	2	1200	13
723	2	261	26
724	2	261	26
725	2	261	26
725	2	782	33
725	2	1304	13
726	2	261	26
726	2	1095	33
726	2	1461	13
727	2	261	26
728	2	261	26
729	2	261	26
729	2	782	33
730	2	261	26
730	2	1356	13
731	2	261	26
731	2	574	33
731	2	1200	13
732	2	261	26
732	2	887	33
733	2	261	26
733	2	782	33
733	2	1200	13
734	2	261	26
734	2	626	33
734	2	1200	13
735	2	261	26
736	2	261	26
737	2	261	26
737	2	678	33
737	2	1304	13
738	2	261	26
738	2	834	33
738	2	1252	13
739	2	261	26
739	2	1617	13
740	2	261	26
741	2	261	26
741	2	887	33
742	2	261	26
742	2	626	33
742	2	1200	13
743	2	261	26
743	2	626	33
743	2	1252	13
744	2	261	26
744	2	1722	13
745	2	261	26
746	2	261	26
747	2	261	26
747	2	1722	13
748	2	261	26
749	2	261	26
750	2	261	26
750	2	939	33
751	2	261	26
752	2	261	26
752	2	1408	13
753	2	261	26
753	2	626	33
753	2	1200	13
754	2	261	26
754	2	678	33
754	2	1200	13
755	2	261	26
755	2	626	33
755	2	1200	13
756	2	261	26
756	2	730	33
756	2	1200	13
757	2	261	26
758	2	261	26
758	2	521	33
758	2	1200	13
759	2	261	26
760	2	261	26
761	2	261	26
761	2	1669	13
762	2	261	26
762	2	939	33
762	2	1617	13
763	2	261	26
763	2	1722	13
764	2	261	26
765	2	261	26
765	2	678	33
765	2	1513	13
766	2	261	26
766	2	782	33
767	2	261	26
767	2	2191	13
768	2	261	26
769	2	261	26
770	2	261	26
771	2	261	26
771	2	1774	13
772	2	261	26
773	2	261	26
774	2	261	26
774	2	626	33
774	2	1200	13
775	2	261	26
776	2	261	26
776	2	574	33
776	2	1200	13
777	2	261	26
778	2	261	26
778	2	782	33
779	2	261	26
780	2	261	26
780	2	939	33
781	2	261	26
781	2	834	33
781	2	1461	13
782	2	261	26
782	2	991	33
783	2	261	26
784	2	261	26
784	2	678	33
784	2	1461	13
785	2	261	26
785	2	939	33
786	2	261	26
787	2	261	26
788	2	261	26
788	2	730	33
788	2	1408	13
789	2	261	26
789	2	1513	13
790	2	261	26
790	2	1669	13
791	2	261	26
792	2	261	26
792	2	834	33
793	2	261	26
793	2	626	33
793	2	1200	13
794	2	261	26
794	2	574	33
794	2	1982	13
795	2	261	26
796	2	261	26
797	2	261	26
797	2	678	33
797	2	2087	13
798	2	261	26
798	2	2295	13
799	2	261	26
800	2	261	26
801	2	261	26
802	2	261	26
802	2	834	33
802	2	1565	13
803	2	261	26
803	2	887	33
803	2	1461	13
804	2	261	26
804	2	939	33
804	2	2191	13
805	2	261	26
806	2	261	26
807	2	261	26
807	2	626	33
807	2	1200	13
808	2	261	26
809	2	261	26
810	2	261	26
810	2	626	33
810	2	1200	13
811	2	261	26
811	2	574	33
811	2	1252	13
812	2	261	26
812	2	730	33
812	2	1200	13
813	2	261	26
813	2	939	33
814	2	261	26
815	2	261	26
815	2	626	33
816	2	261	26
816	2	1669	13
817	2	261	26
818	2	261	26
818	2	939	33
818	2	1565	13
819	2	261	26
820	2	261	26
821	2	261	26
821	2	1722	13
822	2	261	26
822	2	574	33
822	2	1200	13
823	2	261	26
823	2	574	33
823	2	1200	13
824	2	261	26
824	2	1513	13
825	2	261	26
825	2	1461	13
826	2	261	26
826	2	1461	13
827	2	261	26
828	2	261	26
829	2	261	26
830	2	261	26
831	2	261	26
831	2	782	33
831	2	1200	13
832	2	261	26
832	2	678	33
832	2	1200	13
833	2	261	26
834	2	261	26
834	2	730	33
834	2	1200	13
835	2	261	26
835	2	991	33
836	2	261	26
837	2	261	26
838	2	261	26
838	2	678	33
838	2	1200	13
839	2	261	26
840	2	261	26
840	2	574	33
840	2	1200	13
841	2	261	26
841	2	782	33
842	2	261	26
842	2	1408	13
843	2	261	26
843	2	626	33
843	2	1200	13
844	2	261	26
845	2	261	26
846	2	261	26
847	2	261	26
847	2	1826	13
848	2	261	26
848	2	574	33
848	2	1200	13
849	2	261	26
850	2	261	26
850	2	730	33
850	2	1200	13
851	2	261	26
852	2	261	26
853	2	261	26
854	2	261	26
854	2	1513	13
855	2	261	26
855	2	782	33
856	2	261	26
856	2	939	33
857	2	261	26
858	2	261	26
858	2	1252	13
859	2	261	26
860	2	261	26
861	2	261	26
861	2	730	33
862	2	261	26
863	2	261	26
863	2	782	33
863	2	1200	13
864	2	261	26
864	2	626	33
864	2	1200	13
865	2	261	26
865	2	678	33
865	2	1304	13
866	2	261	26
866	2	574	33
866	2	1200	13
867	2	261	26
867	2	1722	13
868	2	261	26
868	2	782	33
868	2	1617	13
869	2	261	26
869	2	1356	13
870	2	261	26
870	2	1722	13
871	2	261	26
871	2	1617	13
872	2	261	26
873	2	261	26
873	2	574	33
873	2	1200	13
874	2	261	26
875	2	261	26
875	2	782	33
875	2	1408	13
876	2	261	26
876	2	678	33
877	2	261	26
877	2	574	33
877	2	1200	13
878	2	261	26
879	2	261	26
879	2	1722	13
880	2	261	26
880	2	574	33
880	2	1200	13
881	2	261	26
882	2	261	26
883	2	261	26
884	2	261	26
884	2	730	33
884	2	2243	13
885	2	261	26
885	2	678	33
885	2	1200	13
886	2	261	26
887	2	261	26
887	2	887	33
888	2	261	26
889	2	261	26
890	2	261	26
891	2	261	26
891	2	782	33
891	2	1722	13
892	2	261	26
893	2	261	26
893	2	782	33
894	2	261	26
894	2	939	33
895	2	261	26
895	2	1722	13
896	2	261	26
896	2	730	33
897	2	261	26
897	2	730	33
897	2	1252	13
898	2	261	26
898	2	730	33
898	2	1200	13
899	2	261	26
899	2	678	33
899	2	1200	13
900	2	261	26
900	2	1617	13
901	2	261	26
901	2	574	33
901	2	1200	13
902	2	261	26
902	2	1252	13
902	2	1722	33
903	2	261	26
903	2	782	33
903	2	1200	13
904	2	261	26
905	2	261	26
906	2	261	26
906	2	678	33
907	2	261	26
908	2	261	26
908	2	678	33
908	2	1200	13
909	2	261	26
910	2	261	26
910	2	1722	13
911	2	261	26
912	2	261	26
912	2	782	33
913	2	261	26
914	2	261	26
914	2	1200	13
914	2	1669	33
915	2	261	26
916	2	261	26
916	2	782	33
916	2	1200	13
917	2	261	26
917	2	2191	13
918	2	261	26
919	2	261	26
920	2	261	26
921	2	261	26
922	2	261	26
922	2	939	33
923	2	261	26
924	2	261	26
924	2	782	33
924	2	1200	13
925	2	261	26
925	2	730	33
926	2	261	26
926	2	887	33
926	2	1356	13
927	2	261	26
927	2	1408	13
928	2	261	26
929	2	261	26
929	2	782	33
929	2	1356	13
930	2	261	26
931	2	261	26
931	2	678	33
931	2	1200	13
932	2	261	26
932	2	2035	13
933	2	261	26
934	2	261	26
934	2	1774	13
935	2	261	26
935	2	730	33
935	2	1513	13
936	2	261	26
936	2	2243	13
937	2	261	26
938	2	261	26
938	2	1669	13
939	2	261	26
940	2	261	26
940	2	991	33
940	2	1356	13
941	2	261	26
941	2	626	33
941	2	1200	13
942	2	261	26
942	2	626	33
942	2	1200	13
943	2	261	26
944	2	261	26
944	2	1513	13
945	2	261	26
946	2	261	26
946	2	1356	13
947	2	261	26
947	2	678	33
947	2	1200	13
948	2	261	26
948	2	626	33
948	2	1200	13
949	2	261	26
949	2	574	33
949	2	1200	13
950	2	261	26
950	2	626	33
950	2	1200	13
951	2	261	26
952	2	261	26
953	2	261	26
953	2	678	33
953	2	1200	13
954	2	261	26
954	2	574	33
954	2	1200	13
955	2	261	26
956	2	261	26
957	2	261	26
958	2	261	26
959	2	261	26
960	2	261	26
960	2	1043	33
960	2	1669	13
961	2	261	26
961	2	834	33
961	2	1617	13
962	2	261	26
963	2	261	26
963	2	730	33
964	2	261	26
964	2	730	33
964	2	1200	13
965	2	261	26
965	2	1565	13
966	2	261	26
966	2	678	33
966	2	1304	13
967	2	261	26
968	2	261	26
968	2	939	33
969	2	261	26
969	2	1200	13
969	2	1617	33
970	2	261	26
971	2	261	26
971	2	782	33
971	2	1304	13
972	2	261	26
972	2	626	33
972	2	1200	13
973	2	261	26
973	2	939	33
974	2	261	26
974	2	887	33
975	2	261	26
976	2	261	26
976	2	939	33
976	2	1408	13
977	2	261	26
978	2	261	26
978	2	730	33
978	2	1200	13
979	2	261	26
980	2	261	26
981	2	261	26
981	2	1356	13
981	2	1669	33
982	2	261	26
982	2	834	33
983	2	261	26
983	2	626	33
983	2	1200	13
984	2	261	26
984	2	1513	13
985	2	261	26
985	2	1669	13
986	2	261	26
987	2	261	26
988	2	261	26
988	2	887	33
989	2	261	26
989	2	626	33
989	2	2087	13
990	2	261	26
991	2	261	26
992	2	261	26
993	2	261	26
994	2	261	26
995	2	261	26
995	2	574	33
995	2	1200	13
996	2	261	26
997	2	261	26
998	2	261	26
998	2	834	33
998	2	1252	13
999	2	261	26
0	3	626	29
0	3	887	20
0	3	1461	9
1	3	678	29
2	3	1252	29
3	3	1356	29
3	3	1617	20
3	3	2139	9
4	3	991	20
4	3	1148	29
4	3	1408	9
4	3	1669	12
4	3	1930	30
5	3	782	29
5	3	1043	20
6	3	1252	29
6	3	1513	20
7	3	1252	20
7	3	1513	29
8	3	1043	20
8	3	1304	29
8	3	1565	9
8	3	1878	12
10	3	678	29
10	3	2035	9
13	3	1826	29
14	3	626	29
14	3	887	20
14	3	1617	9
15	3	834	20
15	3	1043	29
16	3	834	20
16	3	1095	29
16	3	1722	9
17	3	730	20
17	3	991	29
17	3	1982	9
17	3	2295	12
18	3	782	20
18	3	1043	29
18	3	2035	9
19	3	1982	29
20	3	939	29
20	3	1200	20
20	3	1722	9
20	3	2087	12
21	3	626	20
21	3	678	29
22	3	1304	29
22	3	1565	20
23	3	782	20
23	3	1043	29
24	3	730	29
24	3	1722	9
25	3	2035	29
26	3	1356	29
27	3	730	29
27	3	991	20
28	3	1095	20
28	3	1356	29
28	3	1617	9
29	3	1617	29
29	3	2035	20
30	3	1565	20
30	3	1774	29
31	3	939	20
31	3	1200	29
32	3	1304	29
32	3	1565	20
33	3	1669	29
33	3	1930	20
34	3	1252	20
34	3	1408	29
34	3	1930	9
35	3	730	29
35	3	991	20
35	3	1774	9
36	3	782	29
36	3	1043	20
37	3	2035	20
37	3	2087	29
38	3	1200	29
38	3	1722	20
39	3	1148	20
39	3	1200	29
40	3	574	29
40	3	834	20
40	3	1252	9
40	3	1513	12
40	3	1774	30
41	3	1304	20
41	3	1408	29
41	3	1826	9
41	3	2295	12
42	3	1043	29
42	3	1304	20
42	3	1722	9
43	3	782	29
43	3	1043	20
43	3	1669	9
45	3	991	29
45	3	1252	20
45	3	1722	9
46	3	887	20
46	3	1043	29
47	3	1513	20
47	3	1669	29
49	3	834	29
49	3	1095	20
49	3	1461	9
49	3	2139	12
51	3	1878	29
52	3	2243	29
53	3	782	29
53	3	1043	20
53	3	1461	9
53	3	1722	12
53	3	1982	30
55	3	1252	29
56	3	1565	29
57	3	782	20
57	3	991	29
57	3	1252	9
57	3	1513	12
57	3	1774	30
58	3	939	29
58	3	1200	20
58	3	1461	9
58	3	1722	12
59	3	782	20
59	3	991	29
59	3	1565	9
61	3	1200	29
61	3	1513	20
62	3	887	20
62	3	1148	29
62	3	1565	9
62	3	1878	12
62	3	2139	30
63	3	1148	20
63	3	1356	29
63	3	1722	9
64	3	2087	29
65	3	1461	29
65	3	1722	20
66	3	1513	29
66	3	1774	20
67	3	1148	20
67	3	1408	29
67	3	1669	9
68	3	1669	29
69	3	1148	29
69	3	1408	20
71	3	1148	29
71	3	1461	20
73	3	2139	29
74	3	1826	29
74	3	2243	20
75	3	678	29
75	3	939	20
76	3	1722	29
77	3	2139	29
78	3	1617	29
79	3	1565	29
79	3	1826	20
80	3	939	20
80	3	1095	29
81	3	1200	29
81	3	1930	20
82	3	1982	29
82	3	2243	20
83	3	1356	29
84	3	939	20
84	3	1148	29
86	3	1982	29
87	3	834	20
87	3	1043	29
87	3	1304	9
87	3	1565	12
87	3	1826	30
88	3	1148	20
88	3	1356	29
88	3	1669	9
89	3	1148	29
89	3	1408	20
90	3	1513	29
92	3	730	29
92	3	2087	9
93	3	1722	29
95	3	1826	29
95	3	2087	20
96	3	1356	20
96	3	1617	29
96	3	2139	9
98	3	1826	29
99	3	1878	20
99	3	1930	29
100	3	2139	29
101	3	887	29
101	3	1722	20
102	3	1043	29
102	3	1304	20
103	3	1774	29
104	3	1043	20
104	3	1200	29
104	3	1565	9
106	3	1095	20
106	3	1356	29
106	3	1617	9
106	3	1878	12
106	3	2139	30
107	3	574	29
107	3	834	20
107	3	1461	9
107	3	1878	12
107	3	2139	30
108	3	834	20
108	3	1095	29
109	3	1617	29
110	3	730	29
110	3	991	20
110	3	1513	9
111	3	2087	29
112	3	1878	29
112	3	2139	20
113	3	678	29
113	3	939	20
113	3	1513	9
114	3	1982	29
115	3	1722	29
116	3	1669	29
116	3	2087	20
117	3	1722	29
118	3	1356	29
118	3	1617	20
119	3	1617	29
119	3	1878	20
120	3	1669	29
122	3	782	20
122	3	991	29
122	3	1356	9
122	3	1774	12
122	3	2139	30
123	3	1982	29
124	3	678	29
124	3	939	20
125	3	991	20
125	3	1148	29
125	3	1408	9
126	3	626	29
126	3	887	20
126	3	1408	9
126	3	1774	12
127	3	782	20
127	3	1043	29
127	3	1461	9
128	3	678	29
128	3	939	20
128	3	1356	9
129	3	1826	29
130	3	782	29
131	3	991	29
131	3	1252	20
131	3	1513	9
131	3	1774	12
131	3	2035	30
132	3	730	20
132	3	939	29
133	3	1200	29
133	3	1461	20
134	3	1408	20
134	3	1669	29
135	3	678	29
135	3	939	20
135	3	1617	9
136	3	678	29
136	3	1043	30
136	3	1304	9
136	3	1565	12
137	3	1200	20
137	3	1408	29
138	3	678	29
138	3	939	20
138	3	1304	9
138	3	1669	12
138	3	1930	30
139	3	782	20
139	3	1043	29
139	3	1304	9
139	3	1565	12
139	3	1826	30
140	3	1930	29
141	3	782	20
141	3	1043	29
141	3	1304	9
141	3	1565	12
141	3	1826	30
142	3	1722	29
142	3	2139	20
143	3	1669	29
143	3	2139	20
145	3	1565	20
145	3	1617	29
146	3	887	29
146	3	1148	20
146	3	1878	9
147	3	1148	20
147	3	1304	29
147	3	2295	9
148	3	1982	29
149	3	730	20
149	3	1043	29
149	3	1304	9
149	3	1722	12
149	3	2191	30
150	3	834	20
150	3	1148	29
150	3	1774	9
151	3	1617	29
151	3	1878	20
152	3	1043	20
152	3	1252	29
152	3	1513	9
152	3	2243	12
153	3	1826	29
153	3	2087	20
154	3	834	20
154	3	1095	29
154	3	1356	9
154	3	1617	12
155	3	730	29
155	3	1513	9
155	3	1878	12
155	3	2139	30
156	3	782	20
156	3	991	29
156	3	1513	9
156	3	2243	12
158	3	939	20
158	3	1200	29
158	3	1617	9
159	3	626	29
159	3	887	20
159	3	1304	9
159	3	1669	12
159	3	1930	30
160	3	1200	20
160	3	1408	29
161	3	1826	29
162	3	1200	29
162	3	1461	20
163	3	2243	29
164	3	887	20
164	3	1043	29
164	3	2295	9
165	3	939	20
165	3	1148	29
165	3	1408	9
165	3	1774	12
166	3	1826	29
167	3	2139	29
169	3	782	20
169	3	991	29
170	3	678	20
170	3	991	29
170	3	1252	9
170	3	1565	12
170	3	1826	30
171	3	2191	29
172	3	1408	20
172	3	1565	29
173	3	1722	29
174	3	1148	29
174	3	1408	20
174	3	2087	9
175	3	1095	20
175	3	1304	29
175	3	1722	9
175	3	2087	12
176	3	782	20
176	3	1043	29
179	3	939	20
179	3	1200	29
179	3	1722	9
181	3	678	29
181	3	939	20
183	3	730	29
183	3	991	20
183	3	1878	9
185	3	834	29
185	3	1095	20
185	3	1408	9
185	3	1722	12
187	3	1304	20
187	3	1408	29
188	3	1930	29
189	3	1148	20
189	3	1356	29
189	3	1669	9
189	3	2139	12
190	3	1617	20
190	3	1722	29
191	3	678	29
191	3	939	20
192	3	939	20
192	3	1252	29
192	3	1565	9
193	3	1252	20
193	3	1304	29
193	3	1982	9
193	3	2295	12
196	3	626	29
196	3	887	20
196	3	1148	9
196	3	1408	12
196	3	1669	30
198	3	1148	20
198	3	1356	29
198	3	1617	9
199	3	678	29
199	3	939	20
199	3	1513	9
199	3	1878	12
199	3	2139	30
200	3	1304	29
200	3	1565	20
201	3	1930	29
202	3	1200	29
202	3	1461	20
203	3	1356	20
203	3	1461	29
204	3	939	20
204	3	1095	29
204	3	1722	9
205	3	1669	29
205	3	1982	20
206	3	678	29
206	3	1043	30
206	3	1304	9
206	3	1565	12
207	3	834	20
207	3	1043	29
207	3	1722	9
208	3	939	20
208	3	1148	29
210	3	991	20
210	3	1200	29
212	3	1461	20
212	3	1617	29
213	3	1930	29
215	3	1356	29
215	3	1617	20
217	3	1304	29
217	3	1565	20
218	3	1148	20
218	3	1408	29
218	3	1669	9
220	3	1669	29
221	3	1095	29
221	3	1356	20
222	3	2035	29
223	3	2087	29
224	3	1252	29
224	3	1513	20
225	3	782	20
225	3	1043	29
225	3	1304	9
225	3	1565	12
225	3	1826	30
226	3	834	29
226	3	1095	20
226	3	1513	9
227	3	1043	29
227	3	2035	20
228	3	626	29
228	3	887	20
228	3	1304	9
228	3	1617	12
229	3	1043	29
229	3	1304	20
229	3	1722	9
230	3	626	29
230	3	887	20
231	3	678	20
231	3	730	29
231	3	2139	9
232	3	834	20
232	3	1043	29
232	3	1356	9
232	3	1722	12
233	3	1669	29
233	3	1982	20
235	3	1930	29
235	3	2295	20
236	3	1878	29
236	3	2139	20
239	3	1982	29
240	3	730	29
240	3	991	20
240	3	1513	9
240	3	1826	12
240	3	2243	30
241	3	1252	20
241	3	1408	29
241	3	1669	9
242	3	991	29
242	3	1252	20
242	3	1669	9
243	3	626	29
243	3	887	20
243	3	1200	9
243	3	1565	12
243	3	1826	30
244	3	730	29
245	3	1461	29
246	3	2243	29
248	3	730	20
248	3	991	29
249	3	626	29
249	3	887	20
250	3	678	29
250	3	939	20
250	3	1356	9
250	3	1669	12
250	3	1982	30
251	3	887	29
251	3	1252	20
252	3	2243	29
253	3	1774	29
255	3	1774	29
256	3	1148	29
256	3	1408	20
256	3	1982	9
257	3	1304	29
257	3	1565	20
258	3	626	20
258	3	678	29
258	3	1878	9
259	3	730	29
259	3	991	20
260	3	730	29
260	3	991	20
260	3	2295	9
262	3	1200	20
262	3	1461	29
262	3	1722	9
264	3	939	20
264	3	1148	29
265	3	834	20
265	3	1148	29
266	3	1148	20
266	3	1252	29
266	3	2139	9
267	3	626	29
267	3	887	20
268	3	1148	29
268	3	1408	20
269	3	678	29
269	3	939	20
269	3	1461	9
270	3	1513	29
271	3	1148	20
271	3	1304	29
271	3	1669	9
271	3	2035	12
271	3	2295	30
272	3	834	20
272	3	1043	29
272	3	1304	9
272	3	1565	12
272	3	1826	30
274	3	1304	29
277	3	2191	20
277	3	2243	29
278	3	2139	29
279	3	1356	29
280	3	2035	20
280	3	2087	29
282	3	1774	29
283	3	1304	29
283	3	1565	20
284	3	678	29
284	3	1095	30
284	3	1356	9
284	3	1617	12
285	3	1200	29
285	3	1461	20
286	3	626	29
286	3	887	20
286	3	1408	9
286	3	1722	12
286	3	1982	30
287	3	1565	29
288	3	939	20
288	3	1148	29
292	3	1722	29
292	3	2243	20
293	3	626	29
293	3	887	20
293	3	1200	9
293	3	1461	12
293	3	1722	30
294	3	834	20
294	3	1043	29
295	3	1617	29
295	3	1982	20
296	3	678	29
296	3	939	20
298	3	1148	29
298	3	1408	20
299	3	730	20
299	3	991	29
300	3	2191	29
301	3	730	29
302	3	1043	20
302	3	1200	29
302	3	1826	9
303	3	678	29
303	3	1095	30
303	3	1356	9
303	3	1617	12
304	3	678	29
304	3	939	20
306	3	678	29
306	3	939	20
306	3	1304	9
307	3	1930	29
307	3	2295	20
308	3	1878	29
309	3	678	29
309	3	939	20
309	3	1200	9
309	3	1461	12
309	3	1722	30
310	3	782	29
310	3	1043	20
310	3	1408	9
310	3	1669	12
310	3	1930	30
311	3	2191	29
312	3	1617	29
312	3	2139	20
314	3	2035	29
315	3	1200	20
315	3	1356	29
315	3	1722	9
317	3	1356	29
317	3	1669	20
318	3	2139	29
319	3	2243	29
320	3	1513	29
321	3	782	20
321	3	991	29
322	3	887	20
322	3	1095	29
323	3	2087	29
324	3	1878	29
324	3	2295	20
325	3	1617	29
326	3	626	29
326	3	887	20
326	3	1930	9
327	3	1304	29
327	3	1565	20
328	3	1826	29
329	3	1669	29
330	3	1200	20
330	3	1408	29
330	3	1669	9
331	3	730	29
331	3	991	20
331	3	2295	9
332	3	1148	20
332	3	1304	29
332	3	1565	9
333	3	782	20
333	3	1043	29
333	3	1774	9
333	3	2139	12
334	3	1513	29
335	3	626	29
335	3	887	20
335	3	1774	9
336	3	834	20
336	3	1148	29
336	3	2295	9
337	3	1669	29
338	3	2087	29
339	3	834	20
339	3	1043	29
340	3	1356	29
340	3	1617	20
341	3	1461	20
341	3	1669	29
342	3	782	20
342	3	1043	29
342	3	1304	9
342	3	1565	12
342	3	1826	30
343	3	626	29
343	3	1461	9
344	3	2295	29
345	3	1095	20
345	3	1252	29
345	3	1565	9
346	3	939	20
346	3	1200	29
346	3	1461	9
346	3	1722	12
346	3	2087	30
347	3	1043	29
347	3	1408	20
348	3	678	29
348	3	939	20
349	3	834	20
349	3	1043	29
349	3	1304	9
349	3	1565	12
349	3	1826	30
351	3	1252	29
352	3	1148	20
352	3	1356	29
352	3	1774	9
353	3	834	20
353	3	1043	29
354	3	574	29
354	3	834	20
354	3	1148	9
354	3	1408	12
354	3	1669	30
355	3	887	20
355	3	1148	29
356	3	1565	20
356	3	1617	29
357	3	1200	29
357	3	1461	20
358	3	1408	20
358	3	1565	29
360	3	2087	20
360	3	2191	29
361	3	991	20
361	3	1252	29
361	3	2087	9
364	3	678	29
364	3	939	20
365	3	2035	29
366	3	1148	29
366	3	1408	20
367	3	939	20
367	3	1148	29
368	3	678	29
368	3	1200	9
368	3	1461	12
368	3	1722	30
369	3	939	20
369	3	1148	29
369	3	1461	9
371	3	834	20
371	3	1095	29
372	3	1304	20
372	3	1565	29
374	3	1722	29
374	3	2295	20
375	3	1669	29
376	3	939	29
376	3	1982	20
377	3	1669	20
377	3	1826	29
378	3	1669	29
379	3	1095	29
379	3	1356	20
379	3	1722	9
380	3	1878	29
381	3	1878	29
381	3	2139	20
382	3	730	29
382	3	991	20
383	3	1617	29
384	3	939	20
384	3	1200	29
385	3	1669	29
386	3	1200	29
387	3	887	20
387	3	1148	29
387	3	1408	9
387	3	1722	12
387	3	2035	30
388	3	2243	29
389	3	730	29
389	3	991	20
390	3	678	29
390	3	939	20
390	3	1774	9
391	3	887	20
391	3	1148	29
391	3	1722	9
392	3	1826	29
392	3	2191	20
393	3	626	29
393	3	887	20
393	3	1930	9
394	3	1408	20
394	3	1617	29
396	3	626	20
396	3	1043	29
396	3	1304	9
396	3	1565	12
396	3	1826	30
397	3	1513	20
397	3	1669	29
399	3	730	20
399	3	991	29
400	3	1200	29
400	3	1513	20
402	3	1200	20
402	3	1304	29
402	3	1722	9
403	3	2191	29
404	3	1408	29
404	3	1774	20
405	3	1513	29
405	3	2035	20
406	3	991	20
406	3	1148	29
406	3	1774	9
407	3	1304	29
407	3	1565	20
409	3	2243	29
410	3	1982	20
410	3	2087	29
411	3	730	20
411	3	991	29
411	3	1304	9
411	3	1565	12
411	3	1826	30
412	3	730	20
412	3	991	29
412	3	1252	9
412	3	1513	12
412	3	1774	30
413	3	678	29
413	3	1148	9
413	3	1408	12
413	3	1669	30
414	3	991	29
414	3	1252	20
414	3	1722	9
414	3	2139	12
415	3	834	29
415	3	1095	20
415	3	1722	9
416	3	1930	29
417	3	1200	29
417	3	1461	20
417	3	2087	9
418	3	834	29
418	3	1095	20
418	3	1356	9
418	3	1617	12
419	3	834	29
419	3	1356	9
419	3	1722	12
420	3	1356	20
420	3	1565	29
422	3	1982	29
423	3	1252	20
423	3	1513	29
423	3	1982	9
424	3	782	20
424	3	1043	29
424	3	1304	9
424	3	1565	12
424	3	1826	30
425	3	1252	29
425	3	2139	20
426	3	1200	29
426	3	1461	20
426	3	1878	9
427	3	2295	29
428	3	678	29
428	3	939	20
429	3	939	29
429	3	1200	20
429	3	1722	9
430	3	939	20
430	3	1095	29
431	3	626	29
431	3	1408	9
432	3	939	20
432	3	1148	29
432	3	1408	9
432	3	1722	12
433	3	1304	20
433	3	1408	29
434	3	782	29
434	3	1043	20
434	3	1304	9
434	3	1565	12
434	3	1826	30
435	3	730	29
435	3	991	20
435	3	1408	9
436	3	730	29
436	3	1304	9
436	3	1565	12
436	3	1826	30
437	3	834	20
437	3	1043	29
437	3	2139	9
438	3	1043	29
438	3	1304	20
438	3	1669	9
439	3	2139	29
440	3	1200	29
440	3	1461	20
442	3	1252	20
442	3	1461	29
442	3	2191	9
445	3	730	20
445	3	991	29
445	3	1930	9
445	3	2191	12
446	3	2035	20
446	3	2139	29
447	3	1774	29
451	3	1095	29
451	3	1356	20
451	3	1617	9
451	3	1878	12
451	3	2139	30
452	3	834	20
452	3	1148	29
453	3	730	29
453	3	1148	9
453	3	1408	12
453	3	1669	30
455	3	1461	20
455	3	1617	29
455	3	2295	9
456	3	1513	29
456	3	1774	20
457	3	1200	29
457	3	1669	20
459	3	2035	29
460	3	730	20
460	3	1043	29
460	3	2295	9
461	3	730	29
461	3	991	20
461	3	1565	9
462	3	1252	29
462	3	1513	20
463	3	991	20
463	3	1200	29
463	3	1461	9
463	3	1722	12
463	3	2035	30
464	3	1200	29
464	3	1461	20
465	3	730	29
465	3	991	20
466	3	730	20
466	3	1043	29
466	3	1774	9
467	3	834	20
467	3	1043	29
467	3	2191	9
468	3	574	29
468	3	834	20
468	3	2295	9
469	3	678	29
469	3	1304	9
469	3	1722	12
469	3	1982	30
471	3	1930	20
471	3	2087	29
472	3	834	20
472	3	1095	29
473	3	1148	20
473	3	1461	29
473	3	2035	9
474	3	782	29
474	3	1043	20
474	3	1408	9
475	3	2087	29
478	3	1878	29
480	3	1982	29
481	3	991	20
481	3	1200	29
481	3	1461	9
481	3	1722	12
481	3	1982	30
482	3	1669	29
482	3	1982	20
483	3	2087	29
485	3	1669	29
486	3	1461	29
486	3	1722	20
487	3	730	29
488	3	1461	29
489	3	678	29
489	3	939	20
489	3	1200	9
489	3	1513	12
489	3	1774	30
490	3	1095	29
490	3	1356	20
490	3	1617	9
490	3	1878	12
490	3	2139	30
491	3	1513	29
492	3	1200	29
492	3	1461	20
492	3	1878	9
492	3	2295	12
494	3	834	20
494	3	1095	29
495	3	1200	20
495	3	1408	29
495	3	1669	9
496	3	1043	29
496	3	1304	20
496	3	1617	9
496	3	2139	12
497	3	626	29
497	3	887	20
498	3	1304	29
498	3	1565	20
499	3	1200	29
499	3	2295	20
500	3	730	29
500	3	991	20
500	3	1252	9
500	3	1513	12
500	3	1774	30
501	3	1617	29
502	3	1408	20
502	3	1513	29
503	3	678	29
503	3	1095	30
503	3	1356	9
503	3	1617	12
505	3	1982	29
506	3	1408	29
507	3	1826	29
508	3	782	20
508	3	1043	29
508	3	1304	9
508	3	1565	12
508	3	1826	30
510	3	2191	29
512	3	1148	29
512	3	1408	20
512	3	1722	9
513	3	1095	29
513	3	1408	20
514	3	939	20
514	3	1148	29
515	3	678	29
515	3	1461	9
515	3	1878	12
515	3	2139	30
516	3	1617	29
517	3	1461	29
517	3	1878	20
518	3	1252	29
518	3	1513	20
519	3	939	20
519	3	1148	29
519	3	1513	9
520	3	1252	29
520	3	1878	20
521	3	730	20
521	3	991	29
521	3	1408	9
521	3	1722	12
522	3	1043	29
522	3	1304	20
522	3	1565	9
523	3	782	20
523	3	1043	29
523	3	1878	9
524	3	2295	29
525	3	991	20
525	3	1200	29
525	3	1461	9
525	3	1722	12
525	3	1982	30
526	3	1930	29
527	3	678	29
528	3	574	29
528	3	834	20
529	3	730	29
529	3	1148	9
529	3	1408	12
529	3	1669	30
530	3	1356	29
530	3	1669	20
531	3	1461	20
531	3	1513	29
532	3	1565	20
532	3	1617	29
533	3	2295	29
534	3	626	29
534	3	1252	9
534	3	1617	12
534	3	1878	30
535	3	1982	29
536	3	2139	29
537	3	1148	20
537	3	1356	29
537	3	1878	9
538	3	730	29
539	3	678	29
539	3	939	20
540	3	2191	29
541	3	730	29
541	3	1043	20
542	3	1565	20
542	3	1669	29
543	3	1252	29
543	3	1513	20
543	3	2035	9
544	3	991	20
544	3	1252	29
544	3	1513	9
544	3	1774	12
544	3	2035	30
546	3	1513	20
546	3	1669	29
547	3	991	29
547	3	1252	20
547	3	1513	9
547	3	1878	12
547	3	2139	30
548	3	1565	29
549	3	1461	29
549	3	1722	20
550	3	730	20
550	3	991	29
550	3	1252	9
550	3	1513	12
550	3	1774	30
551	3	626	29
551	3	887	20
551	3	1200	9
551	3	1513	12
551	3	1774	30
552	3	1982	29
553	3	1356	20
553	3	1513	29
554	3	626	29
554	3	887	20
554	3	1513	9
554	3	2295	12
555	3	678	29
555	3	939	20
555	3	1200	9
555	3	1461	12
555	3	1722	30
556	3	991	29
556	3	1252	20
556	3	1669	9
558	3	678	29
558	3	939	20
559	3	1356	20
559	3	1565	29
561	3	1461	29
562	3	1200	29
562	3	1461	20
563	3	1148	20
563	3	1356	29
563	3	1617	9
564	3	1774	29
564	3	2087	20
565	3	887	20
565	3	1095	29
565	3	1356	9
565	3	1617	12
565	3	1878	30
566	3	834	20
566	3	1148	29
567	3	1408	20
567	3	1669	29
568	3	678	29
568	3	939	20
568	3	1252	9
568	3	1669	12
569	3	1408	20
569	3	1513	29
570	3	1513	29
570	3	1774	20
571	3	678	29
571	3	939	20
571	3	2191	9
572	3	1826	29
575	3	678	29
575	3	1043	30
575	3	1304	9
575	3	1565	12
576	3	1513	20
576	3	1722	29
577	3	730	20
577	3	991	29
577	3	1513	9
578	3	1513	29
578	3	2295	20
581	3	1252	29
581	3	1513	20
581	3	2087	9
582	3	1252	29
582	3	1617	20
583	3	678	29
583	3	939	20
583	3	1200	9
583	3	1461	12
583	3	1722	30
584	3	782	29
584	3	1878	20
585	3	626	29
585	3	1043	30
585	3	1304	9
585	3	1565	12
586	3	1148	20
586	3	1356	29
586	3	1617	9
587	3	678	20
587	3	939	29
587	3	1200	9
587	3	1461	12
587	3	1722	30
588	3	1200	29
589	3	834	29
589	3	1095	20
589	3	1669	9
590	3	782	29
590	3	1043	20
591	3	1669	29
593	3	2243	29
594	3	1408	29
594	3	1878	20
595	3	834	20
595	3	1043	29
595	3	1304	9
595	3	1565	12
595	3	1826	30
596	3	1095	29
596	3	1408	20
596	3	1722	9
597	3	1617	29
598	3	678	29
598	3	1982	9
599	3	678	20
599	3	939	29
599	3	2139	9
600	3	2035	29
601	3	939	20
601	3	1200	29
602	3	1826	29
604	3	1356	20
604	3	1513	29
604	3	2087	9
605	3	1565	20
605	3	1669	29
606	3	1043	29
606	3	1304	20
606	3	1669	9
607	3	678	29
607	3	939	20
607	3	1669	9
607	3	2243	12
608	3	939	20
608	3	1148	29
608	3	1722	9
611	3	1252	29
611	3	1722	20
612	3	1304	29
612	3	1565	20
613	3	1513	29
614	3	1513	29
615	3	1148	29
615	3	1617	20
616	3	1304	29
616	3	1565	20
617	3	1930	29
619	3	1513	29
620	3	834	20
620	3	1043	29
621	3	1148	29
621	3	1408	20
622	3	626	29
622	3	887	20
623	3	1982	29
624	3	887	20
624	3	1095	29
625	3	1304	29
625	3	1565	20
626	3	991	20
626	3	1200	29
626	3	1722	9
627	3	939	29
627	3	1200	20
628	3	1043	29
628	3	1304	20
628	3	2035	9
629	3	2035	20
629	3	2139	29
630	3	1513	20
630	3	1565	29
631	3	1148	20
631	3	1356	29
631	3	1669	9
631	3	2243	12
632	3	626	20
632	3	678	29
632	3	1565	9
632	3	2139	12
633	3	1774	29
634	3	1304	29
634	3	1669	20
635	3	1722	29
638	3	2087	29
639	3	887	20
639	3	1095	29
639	3	1356	9
639	3	1669	12
639	3	1982	30
642	3	1617	20
642	3	1722	29
644	3	939	20
644	3	1200	29
645	3	1148	29
645	3	1408	20
645	3	1722	9
646	3	730	29
646	3	1304	9
646	3	1617	12
647	3	1930	29
648	3	1304	20
648	3	1513	29
649	3	939	20
649	3	1148	29
650	3	2139	20
650	3	2191	29
651	3	1252	29
652	3	1304	29
653	3	1148	20
653	3	1304	29
653	3	2139	9
654	3	1826	29
655	3	1408	20
655	3	1461	29
655	3	2295	9
656	3	1304	20
656	3	1356	29
657	3	939	20
657	3	1148	29
658	3	887	20
658	3	1148	29
658	3	1408	9
658	3	1722	12
658	3	1982	30
659	3	1304	29
659	3	1565	20
661	3	887	20
661	3	1095	29
661	3	2035	9
662	3	1252	20
662	3	1408	29
662	3	1982	9
663	3	1304	29
663	3	1722	20
664	3	939	20
664	3	1095	29
664	3	1461	9
664	3	1722	12
664	3	1982	30
665	3	834	20
665	3	1043	29
666	3	730	20
666	3	991	29
666	3	2087	9
667	3	730	29
667	3	991	20
668	3	1356	29
668	3	1617	20
668	3	2243	9
669	3	1408	20
669	3	1565	29
669	3	2139	9
670	3	1252	29
670	3	1513	20
670	3	2295	9
672	3	1617	29
672	3	2243	20
673	3	1565	20
673	3	1617	29
674	3	1200	20
674	3	1408	29
675	3	1148	29
675	3	1408	20
676	3	574	29
676	3	834	20
676	3	1356	9
676	3	1669	12
676	3	1982	30
677	3	1148	20
677	3	1408	29
677	3	1669	9
678	3	730	29
678	3	991	20
678	3	2087	9
680	3	1356	20
680	3	1513	29
682	3	1252	29
682	3	1826	20
683	3	1356	29
684	3	1200	29
684	3	1461	20
685	3	2087	20
685	3	2139	29
686	3	834	20
686	3	1148	29
687	3	1722	29
688	3	1826	29
688	3	2295	20
689	3	1356	29
689	3	1722	20
691	3	939	20
691	3	1095	29
691	3	1408	9
691	3	1722	12
691	3	1982	30
692	3	991	20
692	3	1304	29
692	3	1565	9
692	3	1826	12
693	3	1043	29
693	3	1304	20
693	3	1617	9
694	3	1043	20
694	3	1252	29
695	3	678	29
695	3	1930	9
696	3	1930	29
697	3	782	29
697	3	1043	20
697	3	1722	9
698	3	1774	29
699	3	1356	20
699	3	1408	29
700	3	991	29
701	3	1148	29
701	3	1408	20
701	3	1878	9
703	3	782	29
703	3	1617	9
705	3	1669	29
705	3	1930	20
705	3	2191	9
706	3	626	29
706	3	887	20
706	3	2295	9
707	3	1200	29
707	3	1461	20
708	3	1252	29
708	3	1513	20
709	3	1043	20
709	3	1200	29
709	3	1513	9
709	3	1878	12
709	3	2139	30
710	3	887	29
710	3	1148	20
710	3	1408	9
710	3	1722	12
711	3	1408	20
711	3	1617	29
711	3	2243	9
712	3	1200	29
712	3	1461	20
714	3	678	29
714	3	939	20
714	3	2035	9
715	3	1617	29
715	3	2191	20
716	3	678	29
716	3	1252	9
716	3	1513	12
716	3	1774	30
717	3	1200	29
717	3	1461	20
717	3	1722	9
717	3	2243	12
718	3	834	20
718	3	1095	29
718	3	1513	9
718	3	2191	12
721	3	1095	29
721	3	1356	20
722	3	730	29
722	3	1148	9
722	3	1408	12
722	3	1669	30
723	3	1826	29
723	3	2139	20
724	3	1930	29
725	3	887	29
725	3	1148	20
725	3	1617	9
726	3	1148	20
726	3	1356	29
726	3	1617	9
728	3	1982	29
729	3	834	29
729	3	1982	20
730	3	1304	20
730	3	1461	29
731	3	730	20
731	3	887	29
731	3	2139	9
732	3	834	29
732	3	1982	20
733	3	834	29
733	3	1095	20
733	3	1513	9
734	3	782	20
734	3	991	29
734	3	1878	9
734	3	2243	12
735	3	2191	29
736	3	1617	20
736	3	1774	29
737	3	939	20
737	3	1095	29
737	3	1565	9
737	3	2295	12
738	3	991	20
738	3	1200	29
738	3	1461	9
738	3	1722	12
738	3	1982	30
739	3	1252	29
739	3	1513	20
741	3	887	29
741	3	1461	20
742	3	678	29
742	3	1200	9
742	3	1565	12
742	3	1826	30
743	3	626	29
743	3	887	20
743	3	2035	9
744	3	1304	29
744	3	1565	20
745	3	1982	29
746	3	1669	20
746	3	1826	29
747	3	1304	29
748	3	2243	29
750	3	2139	29
752	3	1148	29
752	3	1408	20
752	3	1826	9
752	3	2295	12
753	3	730	29
753	3	1408	9
753	3	1722	12
753	3	1982	30
754	3	730	29
754	3	991	20
754	3	1669	9
755	3	678	20
755	3	1043	29
755	3	1982	9
756	3	782	20
756	3	1095	29
756	3	1356	9
756	3	1617	12
756	3	1878	30
757	3	1930	29
757	3	2295	20
758	3	678	29
758	3	1774	9
759	3	1669	29
760	3	1878	29
761	3	1669	29
761	3	1930	20
762	3	1252	29
762	3	1513	20
763	3	1408	29
763	3	1722	20
763	3	2191	9
765	3	730	29
765	3	991	20
766	3	939	20
766	3	1148	29
767	3	1304	29
767	3	1565	20
768	3	2295	29
771	3	1408	29
771	3	1669	20
772	3	2191	29
773	3	1722	29
774	3	730	29
774	3	991	20
774	3	1304	9
774	3	1669	12
776	3	626	20
776	3	678	29
776	3	1252	9
776	3	1669	12
776	3	1930	30
778	3	1200	29
778	3	1722	20
779	3	2191	29
780	3	2191	29
781	3	1148	20
781	3	1252	29
781	3	1722	9
782	3	1982	29
783	3	1982	29
784	3	730	20
784	3	1043	29
784	3	2035	9
785	3	1252	29
787	3	1669	29
788	3	887	20
788	3	1095	29
789	3	1252	29
789	3	1513	20
789	3	2243	9
790	3	1565	20
790	3	1669	29
791	3	1617	29
792	3	887	29
793	3	730	20
793	3	991	29
793	3	1878	9
793	3	2139	12
794	3	730	20
794	3	991	29
794	3	2295	9
795	3	2243	29
796	3	2035	29
797	3	834	20
797	3	1043	29
798	3	1774	20
798	3	1878	29
798	3	2295	9
800	3	1930	29
801	3	1722	29
801	3	2295	20
802	3	1304	29
803	3	1043	20
803	3	1304	29
803	3	1617	9
803	3	2087	12
804	3	1043	29
804	3	1461	20
804	3	2191	9
806	3	1774	29
807	3	678	29
807	3	939	20
807	3	1200	9
807	3	1461	12
807	3	1722	30
808	3	2243	29
809	3	2035	29
810	3	678	29
810	3	939	20
810	3	1722	9
811	3	678	29
811	3	939	20
811	3	2087	9
812	3	887	20
812	3	1095	29
812	3	1513	9
812	3	1878	12
812	3	2139	30
813	3	1356	20
813	3	1565	29
815	3	834	20
815	3	1043	29
816	3	1461	20
816	3	1669	29
818	3	1200	20
818	3	1408	29
818	3	2035	9
819	3	1722	29
820	3	2191	29
821	3	1461	29
821	3	1722	20
822	3	678	29
822	3	1878	9
823	3	626	20
823	3	730	29
823	3	1200	9
823	3	1513	12
823	3	1774	30
824	3	1252	29
824	3	1513	20
825	3	1148	29
825	3	1408	20
826	3	1252	20
826	3	1513	29
827	3	2087	29
828	3	1304	29
828	3	1774	20
829	3	2139	29
830	3	1513	29
831	3	939	20
831	3	1200	29
831	3	1461	9
831	3	1722	12
831	3	1982	30
832	3	887	20
832	3	1095	29
832	3	1356	9
832	3	1617	12
832	3	1878	30
833	3	1565	29
834	3	730	29
834	3	991	20
834	3	1408	9
834	3	1669	12
834	3	1930	30
835	3	1043	29
835	3	1982	20
837	3	1669	29
837	3	2295	20
838	3	678	29
838	3	939	20
838	3	1513	9
838	3	2295	12
839	3	1565	29
839	3	2087	20
840	3	574	29
840	3	834	20
840	3	1095	30
840	3	1356	9
840	3	1617	12
841	3	782	29
841	3	1043	20
842	3	1304	20
842	3	1461	29
842	3	2139	9
843	3	782	20
843	3	991	29
843	3	1252	9
843	3	1513	12
843	3	1774	30
844	3	2087	29
845	3	1513	29
846	3	1669	29
847	3	1617	20
847	3	1722	29
848	3	626	29
848	3	887	20
848	3	1252	9
848	3	1617	12
850	3	834	20
850	3	1095	29
850	3	1356	9
850	3	1617	12
850	3	1878	30
853	3	2087	20
853	3	2139	29
854	3	1200	29
854	3	1461	20
854	3	1722	9
855	3	1200	29
856	3	1878	29
857	3	2295	29
858	3	1095	20
858	3	1408	29
858	3	1722	9
861	3	834	20
861	3	1095	29
862	3	1826	29
863	3	887	20
863	3	1148	29
863	3	1408	9
863	3	1722	12
864	3	782	20
864	3	991	29
864	3	1304	9
864	3	1565	12
864	3	1826	30
865	3	678	29
865	3	939	20
866	3	678	29
866	3	939	20
866	3	2243	9
867	3	1669	20
867	3	1774	29
868	3	939	20
868	3	1148	29
869	3	1252	20
869	3	1461	29
869	3	1722	9
870	3	1304	29
870	3	1617	20
871	3	1356	29
871	3	1617	20
873	3	678	29
873	3	939	20
873	3	1200	9
873	3	1513	12
873	3	1774	30
875	3	1200	29
875	3	1461	20
876	3	730	29
876	3	991	20
877	3	626	29
877	3	887	20
877	3	1148	9
877	3	1408	12
877	3	1669	30
878	3	1461	29
878	3	1722	20
879	3	1043	29
880	3	626	29
880	3	887	20
880	3	1304	9
880	3	2139	12
882	3	1356	29
882	3	1669	20
884	3	887	20
884	3	1095	29
885	3	678	29
885	3	939	20
885	3	1252	9
885	3	1513	12
885	3	1774	30
886	3	2035	29
886	3	2295	20
887	3	1408	29
889	3	1669	29
890	3	1513	29
890	3	1774	20
891	3	939	20
891	3	1148	29
892	3	2139	29
893	3	1200	29
894	3	939	29
895	3	1722	29
895	3	1982	20
896	3	626	29
896	3	939	20
897	3	730	29
897	3	991	20
897	3	1669	9
898	3	887	20
898	3	1095	29
898	3	1408	9
898	3	1722	12
899	3	730	29
899	3	991	20
899	3	1408	9
899	3	1722	12
900	3	1722	29
901	3	678	29
902	3	1148	20
902	3	1408	29
902	3	1669	9
903	3	887	20
903	3	1095	29
903	3	1565	9
903	3	1826	12
903	3	2191	30
905	3	1878	29
905	3	2139	20
906	3	730	29
906	3	991	20
908	3	834	20
908	3	1043	29
910	3	1617	20
910	3	1669	29
912	3	834	20
912	3	1148	29
913	3	1669	29
914	3	1148	29
914	3	1408	20
914	3	1669	9
915	3	1722	20
915	3	1826	29
916	3	887	20
916	3	1148	29
916	3	1461	9
916	3	1722	12
917	3	2087	29
918	3	1565	20
918	3	1617	29
919	3	2139	29
920	3	1617	29
922	3	1826	29
922	3	2295	9
923	3	1930	29
924	3	939	20
924	3	1148	29
924	3	1408	9
924	3	1669	12
925	3	782	29
925	3	1043	20
926	3	1148	20
926	3	1252	29
926	3	1722	9
926	3	2191	12
927	3	1148	29
927	3	1408	20
929	3	1043	20
929	3	1200	29
929	3	1722	9
931	3	782	20
931	3	1043	29
931	3	1304	9
931	3	1565	12
931	3	1826	30
932	3	1356	29
932	3	1774	20
932	3	2243	9
933	3	1565	20
933	3	1722	29
934	3	1252	29
934	3	1513	20
935	3	939	20
935	3	1095	29
936	3	2035	29
937	3	1878	29
938	3	1513	20
938	3	1617	29
939	3	1722	29
940	3	1148	20
940	3	1304	29
940	3	1565	9
940	3	2087	12
941	3	678	29
941	3	939	20
941	3	1356	9
941	3	1722	12
941	3	1982	30
942	3	730	29
942	3	991	20
942	3	1252	9
942	3	1617	12
942	3	1878	30
944	3	1200	29
944	3	1513	20
945	3	1669	29
946	3	1513	29
947	3	834	20
947	3	1043	29
947	3	1304	9
947	3	1565	12
947	3	1826	30
948	3	730	20
948	3	1043	29
949	3	678	20
949	3	991	29
949	3	1252	9
949	3	1513	12
949	3	1774	30
950	3	678	29
950	3	1617	9
953	3	834	20
953	3	1043	29
953	3	1565	9
954	3	678	20
954	3	991	29
954	3	1513	9
958	3	1982	29
960	3	1043	29
960	3	1304	20
961	3	939	29
961	3	1200	20
961	3	2295	9
962	3	2035	29
963	3	834	20
963	3	1095	29
964	3	834	20
964	3	1095	29
964	3	1356	9
964	3	1669	12
964	3	1930	30
965	3	1200	29
965	3	1461	20
966	3	730	29
966	3	991	20
966	3	2035	9
968	3	1565	29
968	3	1826	20
969	3	1043	29
969	3	1304	20
969	3	1878	9
971	3	834	20
971	3	1148	29
971	3	1774	9
972	3	626	29
972	3	887	20
972	3	1200	9
972	3	1461	12
972	3	1722	30
974	3	939	29
975	3	1669	29
976	3	991	29
976	3	1252	20
976	3	1669	9
976	3	2295	12
978	3	834	20
978	3	1095	29
978	3	1722	9
979	3	1722	29
980	3	2191	29
981	3	1304	20
981	3	1461	29
981	3	1722	9
982	3	939	20
982	3	1200	29
983	3	678	29
983	3	939	20
984	3	1356	20
984	3	1565	29
985	3	1304	29
985	3	1565	20
985	3	2139	9
987	3	1826	29
988	3	1252	29
988	3	1826	20
989	3	730	29
989	3	991	20
990	3	1930	29
994	3	2295	29
995	3	730	20
995	3	939	29
995	3	1878	9
996	3	1930	29
998	3	1043	20
998	3	1252	29
998	3	1513	9
998	3	1774	12
998	3	2035	30
999	3	1774	29
0	4	626	29
1	4	678	29
1	4	730	27
2	4	991	27
2	4	1252	29
3	4	1356	29
3	4	1408	27
4	4	887	27
4	4	1148	29
4	4	1930	30
5	4	782	29
5	4	834	27
6	4	991	27
6	4	1252	29
7	4	1252	27
7	4	1513	29
8	4	1043	27
8	4	1304	29
10	4	678	29
10	4	730	27
13	4	1826	29
14	4	626	29
15	4	782	27
15	4	1043	29
16	4	834	27
16	4	1095	29
17	4	730	27
17	4	991	29
18	4	782	27
18	4	1043	29
19	4	1982	29
20	4	939	29
21	4	678	29
21	4	730	27
22	4	1304	29
23	4	782	27
23	4	1043	29
24	4	730	29
24	4	782	27
25	4	2035	29
26	4	1095	27
26	4	1356	29
27	4	730	29
27	4	782	27
28	4	1095	27
28	4	1356	29
29	4	1617	29
30	4	1513	27
30	4	1774	29
31	4	939	27
31	4	1200	29
32	4	1304	29
32	4	1356	27
33	4	1408	27
33	4	1669	29
34	4	1148	27
34	4	1408	29
35	4	730	29
35	4	782	27
36	4	782	29
36	4	834	27
37	4	1826	27
37	4	2087	29
38	4	1200	29
38	4	1252	27
39	4	939	27
39	4	1200	29
40	4	574	29
40	4	1774	30
41	4	1148	27
41	4	1408	29
42	4	1043	29
43	4	782	29
43	4	834	27
45	4	991	29
46	4	782	27
46	4	1043	29
47	4	1408	27
47	4	1669	29
49	4	834	29
49	4	887	27
51	4	1878	29
52	4	2243	29
53	4	782	29
53	4	834	27
53	4	1982	30
55	4	991	27
55	4	1252	29
56	4	1565	29
57	4	730	27
57	4	991	29
57	4	1774	30
58	4	939	29
58	4	991	27
59	4	730	27
59	4	991	29
61	4	939	27
61	4	1200	29
62	4	887	27
62	4	1148	29
62	4	2139	30
63	4	1095	27
63	4	1356	29
64	4	2087	29
65	4	1200	27
65	4	1461	29
66	4	1513	29
66	4	1565	27
67	4	1148	27
67	4	1408	29
68	4	1669	29
69	4	1148	29
69	4	1200	27
71	4	1148	29
73	4	2139	29
74	4	1826	29
75	4	678	29
76	4	1148	27
76	4	1722	29
77	4	2139	29
77	4	2191	27
78	4	939	27
78	4	1617	29
79	4	1304	27
79	4	1565	29
80	4	834	27
80	4	1095	29
81	4	939	27
81	4	1200	29
82	4	1722	27
82	4	1982	29
83	4	1356	29
84	4	887	27
84	4	1148	29
86	4	1722	27
86	4	1982	29
87	4	782	27
87	4	1043	29
87	4	1826	30
88	4	1095	27
88	4	1356	29
89	4	1148	29
89	4	1200	27
90	4	1513	29
92	4	730	29
92	4	782	27
93	4	1722	29
95	4	1826	29
95	4	1878	27
96	4	1356	27
96	4	1617	29
97	4	2087	27
98	4	1252	27
98	4	1826	29
99	4	1669	27
99	4	1930	29
100	4	2139	29
100	4	2191	27
101	4	887	29
102	4	1043	29
103	4	1513	27
103	4	1774	29
104	4	939	27
104	4	1200	29
105	4	730	27
106	4	1095	27
106	4	1356	29
106	4	2139	30
107	4	574	29
107	4	2139	30
108	4	834	27
108	4	1095	29
109	4	1617	29
110	4	730	29
110	4	782	27
111	4	1826	27
111	4	2087	29
112	4	1617	27
112	4	1878	29
113	4	678	29
114	4	1722	27
114	4	1982	29
115	4	1148	27
115	4	1722	29
116	4	1669	29
117	4	1722	29
117	4	1774	27
118	4	1356	29
119	4	1043	27
119	4	1617	29
120	4	1408	27
120	4	1669	29
122	4	730	27
122	4	991	29
122	4	2139	30
123	4	1304	27
123	4	1982	29
124	4	678	29
124	4	730	27
125	4	887	27
125	4	1148	29
126	4	626	29
127	4	782	27
127	4	1043	29
128	4	678	29
128	4	730	27
129	4	1565	27
129	4	1826	29
130	4	782	29
131	4	991	29
131	4	2035	30
132	4	730	27
132	4	939	29
133	4	939	27
133	4	1200	29
134	4	1408	27
134	4	1669	29
135	4	678	29
136	4	678	29
136	4	730	27
136	4	1043	30
137	4	1148	27
137	4	1408	29
138	4	678	29
138	4	730	27
138	4	1930	30
139	4	782	27
139	4	1043	29
139	4	1826	30
140	4	1043	27
140	4	1930	29
141	4	782	27
141	4	1043	29
141	4	1826	30
142	4	1722	29
142	4	1774	27
143	4	1095	27
143	4	1669	29
145	4	1043	27
145	4	1617	29
146	4	887	29
146	4	939	27
147	4	1043	27
147	4	1304	29
148	4	1722	27
148	4	1982	29
149	4	782	27
149	4	1043	29
149	4	2191	30
150	4	887	27
150	4	1148	29
151	4	1617	29
151	4	1669	27
152	4	991	27
152	4	1252	29
153	4	1565	27
153	4	1826	29
154	4	834	27
154	4	1095	29
155	4	730	29
155	4	782	27
155	4	2139	30
156	4	730	27
156	4	991	29
158	4	939	27
158	4	1200	29
159	4	626	29
159	4	1930	30
160	4	1148	27
160	4	1408	29
161	4	1200	27
161	4	1826	29
162	4	1200	29
162	4	1252	27
163	4	1982	27
163	4	2243	29
164	4	782	27
164	4	1043	29
165	4	887	27
165	4	1148	29
166	4	1200	27
166	4	1826	29
167	4	1878	27
167	4	2139	29
169	4	730	27
169	4	991	29
170	4	730	27
170	4	991	29
170	4	1826	30
171	4	1930	27
171	4	2191	29
172	4	1304	27
172	4	1565	29
173	4	1722	29
173	4	1774	27
174	4	1148	29
174	4	1200	27
175	4	1043	27
175	4	1304	29
176	4	782	27
176	4	1043	29
177	4	1252	27
179	4	939	27
179	4	1200	29
181	4	678	29
183	4	730	29
183	4	782	27
185	4	834	29
185	4	887	27
187	4	1148	27
187	4	1408	29
188	4	1930	29
188	4	1982	27
189	4	1095	27
189	4	1356	29
190	4	1461	27
190	4	1722	29
191	4	678	29
192	4	991	27
192	4	1252	29
193	4	1043	27
193	4	1304	29
196	4	626	29
196	4	1669	30
198	4	1095	27
198	4	1356	29
199	4	678	29
199	4	730	27
199	4	2139	30
200	4	1304	29
201	4	1930	29
202	4	1200	29
202	4	1252	27
203	4	1200	27
203	4	1461	29
204	4	834	27
204	4	1095	29
205	4	1095	27
205	4	1669	29
206	4	678	29
206	4	730	27
206	4	1043	30
207	4	782	27
207	4	1043	29
208	4	887	27
208	4	1148	29
209	4	1930	27
210	4	939	27
210	4	1200	29
212	4	1356	27
212	4	1617	29
213	4	1930	29
215	4	1356	29
217	4	1304	29
218	4	1148	27
218	4	1408	29
219	4	1826	27
220	4	1095	27
220	4	1669	29
221	4	1095	29
221	4	1148	27
222	4	2035	29
223	4	2087	29
224	4	1252	29
224	4	1304	27
225	4	782	27
225	4	1043	29
225	4	1826	30
226	4	834	29
226	4	887	27
227	4	1043	29
228	4	626	29
229	4	1043	29
230	4	626	29
231	4	730	29
231	4	782	27
232	4	782	27
232	4	1043	29
233	4	1095	27
233	4	1669	29
235	4	1930	29
235	4	1982	27
236	4	1878	29
236	4	1930	27
239	4	1722	27
239	4	1982	29
240	4	730	29
240	4	782	27
240	4	2243	30
241	4	1148	27
241	4	1408	29
242	4	991	29
242	4	1043	27
243	4	626	29
243	4	1826	30
244	4	730	29
244	4	782	27
245	4	1461	29
246	4	1565	27
246	4	2243	29
248	4	730	27
248	4	991	29
249	4	626	29
250	4	678	29
250	4	730	27
250	4	1982	30
251	4	887	29
251	4	939	27
252	4	2243	29
253	4	1774	29
253	4	1826	27
255	4	1513	27
255	4	1774	29
256	4	1148	29
256	4	1200	27
257	4	1304	29
258	4	678	29
259	4	730	29
259	4	782	27
260	4	730	29
262	4	1200	27
262	4	1461	29
264	4	887	27
264	4	1148	29
265	4	887	27
265	4	1148	29
266	4	991	27
266	4	1252	29
267	4	626	29
268	4	1148	29
269	4	678	29
270	4	1513	29
271	4	1043	27
271	4	1304	29
271	4	2295	30
272	4	782	27
272	4	1043	29
272	4	1826	30
274	4	730	27
274	4	1304	29
277	4	1982	27
277	4	2243	29
278	4	2139	29
278	4	2191	27
279	4	1356	29
280	4	1826	27
280	4	2087	29
282	4	1095	27
282	4	1774	29
283	4	1304	29
284	4	678	29
284	4	730	27
284	4	1095	30
285	4	1200	29
286	4	626	29
286	4	1982	30
287	4	1565	29
287	4	1617	27
288	4	887	27
288	4	1148	29
291	4	2139	27
292	4	1148	27
292	4	1722	29
293	4	626	29
293	4	1722	30
294	4	782	27
294	4	1043	29
295	4	1617	29
295	4	1669	27
296	4	678	29
298	4	1148	29
299	4	730	27
299	4	991	29
300	4	1930	27
300	4	2191	29
301	4	730	29
301	4	782	27
302	4	939	27
302	4	1200	29
303	4	678	29
303	4	1095	30
304	4	678	29
304	4	730	27
305	4	2191	27
306	4	678	29
306	4	730	27
307	4	1930	29
307	4	1982	27
308	4	1617	27
308	4	1878	29
309	4	678	29
309	4	730	27
309	4	1722	30
310	4	782	29
310	4	1930	30
311	4	2191	29
311	4	2243	27
312	4	1617	29
312	4	1669	27
314	4	1774	27
314	4	2035	29
315	4	1095	27
315	4	1356	29
317	4	1356	29
318	4	2139	29
319	4	2243	29
320	4	1513	29
320	4	1565	27
321	4	730	27
321	4	991	29
322	4	834	27
322	4	1095	29
323	4	2087	29
324	4	1617	27
324	4	1878	29
325	4	1617	29
325	4	1669	27
326	4	626	29
327	4	730	27
327	4	1304	29
328	4	1826	29
328	4	1878	27
329	4	1095	27
329	4	1669	29
330	4	1148	27
330	4	1408	29
331	4	730	29
331	4	782	27
332	4	1043	27
332	4	1304	29
333	4	782	27
333	4	1043	29
334	4	1513	29
335	4	626	29
336	4	887	27
336	4	1148	29
337	4	1669	29
338	4	2087	29
338	4	2139	27
339	4	782	27
339	4	1043	29
340	4	782	27
340	4	1356	29
341	4	1408	27
341	4	1669	29
342	4	782	27
342	4	1043	29
342	4	1826	30
343	4	626	29
344	4	2295	29
345	4	991	27
345	4	1252	29
346	4	939	27
346	4	1200	29
346	4	2087	30
347	4	1043	29
347	4	1095	27
348	4	678	29
349	4	782	27
349	4	1043	29
349	4	1826	30
351	4	991	27
351	4	1252	29
352	4	1095	27
352	4	1356	29
353	4	782	27
353	4	1043	29
354	4	574	29
354	4	1669	30
355	4	887	27
355	4	1148	29
356	4	1356	27
356	4	1617	29
357	4	939	27
357	4	1200	29
358	4	1304	27
358	4	1565	29
359	4	2087	27
360	4	1930	27
360	4	2191	29
361	4	991	27
361	4	1252	29
364	4	678	29
365	4	1095	27
365	4	2035	29
366	4	1148	29
366	4	1200	27
367	4	887	27
367	4	1148	29
368	4	678	29
368	4	730	27
368	4	1722	30
369	4	887	27
369	4	1148	29
371	4	834	27
371	4	1095	29
372	4	1304	27
372	4	1565	29
374	4	1148	27
374	4	1722	29
375	4	1095	27
375	4	1669	29
376	4	939	29
376	4	991	27
377	4	1565	27
377	4	1826	29
378	4	1408	27
378	4	1669	29
379	4	1095	29
379	4	1148	27
380	4	1878	29
380	4	1930	27
381	4	1617	27
381	4	1878	29
382	4	730	29
383	4	1043	27
383	4	1617	29
384	4	939	27
384	4	1200	29
385	4	1408	27
385	4	1669	29
386	4	939	27
386	4	1200	29
387	4	887	27
387	4	1148	29
387	4	2035	30
388	4	2243	29
389	4	730	29
389	4	782	27
390	4	678	29
391	4	887	27
391	4	1148	29
392	4	1826	29
392	4	1878	27
393	4	626	29
394	4	1356	27
394	4	1617	29
396	4	782	27
396	4	1043	29
396	4	1826	30
397	4	1408	27
397	4	1669	29
399	4	730	27
399	4	991	29
400	4	939	27
400	4	1200	29
401	4	1930	27
402	4	1043	27
402	4	1304	29
403	4	2191	29
403	4	2243	27
404	4	1408	29
405	4	1513	29
406	4	887	27
406	4	1148	29
407	4	730	27
407	4	1304	29
409	4	2243	29
410	4	1826	27
410	4	2087	29
411	4	730	27
411	4	991	29
411	4	1826	30
412	4	730	27
412	4	991	29
412	4	1774	30
413	4	678	29
413	4	1669	30
414	4	991	29
414	4	1043	27
415	4	834	29
415	4	887	27
416	4	1930	29
416	4	1982	27
417	4	939	27
417	4	1200	29
418	4	834	29
419	4	834	29
419	4	887	27
420	4	1304	27
420	4	1565	29
421	4	1826	27
422	4	1982	29
422	4	2035	27
423	4	1252	27
423	4	1513	29
424	4	782	27
424	4	1043	29
424	4	1826	30
425	4	991	27
425	4	1252	29
426	4	1200	29
426	4	1252	27
427	4	2295	29
428	4	678	29
429	4	939	29
430	4	834	27
430	4	1095	29
431	4	626	29
432	4	887	27
432	4	1148	29
433	4	1148	27
433	4	1408	29
434	4	782	29
434	4	834	27
434	4	1826	30
435	4	730	29
435	4	782	27
436	4	730	29
436	4	782	27
436	4	1826	30
437	4	782	27
437	4	1043	29
438	4	1043	29
438	4	1095	27
439	4	1878	27
439	4	2139	29
440	4	1200	29
441	4	1148	27
442	4	1200	27
442	4	1461	29
444	4	1148	27
445	4	730	27
445	4	991	29
446	4	1878	27
446	4	2139	29
447	4	1148	27
447	4	1774	29
451	4	1095	29
451	4	1148	27
451	4	2139	30
452	4	887	27
452	4	1148	29
453	4	730	29
453	4	782	27
453	4	1669	30
454	4	2139	27
455	4	1356	27
455	4	1617	29
456	4	1513	29
456	4	1565	27
457	4	1200	29
457	4	1252	27
459	4	2035	29
460	4	782	27
460	4	1043	29
461	4	730	29
461	4	782	27
462	4	991	27
462	4	1252	29
463	4	939	27
463	4	1200	29
463	4	2035	30
464	4	1200	29
464	4	1252	27
465	4	730	29
465	4	782	27
466	4	782	27
466	4	1043	29
467	4	782	27
467	4	1043	29
468	4	574	29
469	4	678	29
469	4	730	27
469	4	1982	30
470	4	2243	27
471	4	1826	27
471	4	2087	29
472	4	834	27
472	4	1095	29
473	4	1200	27
473	4	1461	29
474	4	782	29
474	4	834	27
475	4	1826	27
475	4	2087	29
478	4	1617	27
478	4	1878	29
480	4	1722	27
480	4	1982	29
481	4	939	27
481	4	1200	29
481	4	1982	30
482	4	1408	27
482	4	1669	29
483	4	1252	27
483	4	2087	29
484	4	1878	27
485	4	1669	29
486	4	1461	29
486	4	1513	27
487	4	730	29
487	4	782	27
488	4	1461	29
489	4	678	29
489	4	730	27
489	4	1774	30
490	4	1095	29
490	4	1148	27
490	4	2139	30
491	4	1252	27
491	4	1513	29
492	4	1200	29
492	4	1252	27
494	4	834	27
494	4	1095	29
495	4	1148	27
495	4	1408	29
496	4	1043	29
496	4	1095	27
497	4	626	29
498	4	1043	27
498	4	1304	29
499	4	939	27
499	4	1200	29
500	4	730	29
500	4	782	27
500	4	1774	30
501	4	1043	27
501	4	1617	29
502	4	1252	27
502	4	1513	29
503	4	678	29
503	4	1095	30
505	4	1722	27
505	4	1982	29
506	4	1408	29
507	4	1200	27
507	4	1826	29
508	4	782	27
508	4	1043	29
508	4	1826	30
510	4	2191	29
510	4	2243	27
512	4	1148	29
512	4	1200	27
513	4	1095	29
514	4	887	27
514	4	1148	29
515	4	678	29
515	4	2139	30
516	4	1617	29
517	4	1461	29
518	4	1252	29
518	4	1304	27
519	4	887	27
519	4	1148	29
520	4	991	27
520	4	1252	29
521	4	730	27
521	4	991	29
522	4	1043	29
523	4	782	27
523	4	1043	29
524	4	2295	29
525	4	939	27
525	4	1200	29
525	4	1982	30
526	4	782	27
526	4	1930	29
527	4	678	29
527	4	730	27
528	4	574	29
529	4	730	29
529	4	782	27
529	4	1669	30
530	4	1356	29
531	4	1252	27
531	4	1513	29
532	4	1356	27
532	4	1617	29
533	4	2295	29
534	4	626	29
534	4	1878	30
535	4	1148	27
535	4	1982	29
536	4	1878	27
536	4	2139	29
537	4	1095	27
537	4	1356	29
538	4	730	29
538	4	782	27
539	4	678	29
540	4	2191	29
541	4	730	29
542	4	1408	27
542	4	1669	29
543	4	1252	29
544	4	991	27
544	4	1252	29
544	4	2035	30
546	4	1408	27
546	4	1669	29
547	4	991	29
547	4	1043	27
547	4	2139	30
548	4	887	27
548	4	1565	29
549	4	1461	29
549	4	1513	27
550	4	730	27
550	4	991	29
550	4	1774	30
551	4	626	29
551	4	1774	30
552	4	1722	27
552	4	1982	29
553	4	1252	27
553	4	1513	29
554	4	626	29
555	4	678	29
555	4	730	27
555	4	1722	30
556	4	991	29
558	4	678	29
559	4	1304	27
559	4	1565	29
561	4	1461	29
562	4	1200	29
563	4	1095	27
563	4	1356	29
564	4	1774	29
565	4	834	27
565	4	1095	29
565	4	1878	30
566	4	887	27
566	4	1148	29
567	4	1408	27
567	4	1669	29
568	4	678	29
568	4	730	27
569	4	1252	27
569	4	1513	29
570	4	1513	29
570	4	1565	27
571	4	678	29
571	4	730	27
572	4	1826	29
575	4	678	29
575	4	730	27
575	4	1043	30
576	4	1461	27
576	4	1722	29
577	4	730	27
577	4	991	29
578	4	1513	29
580	4	1200	27
581	4	1252	29
581	4	1304	27
582	4	1252	29
582	4	1304	27
583	4	678	29
583	4	730	27
583	4	1722	30
584	4	782	29
584	4	834	27
585	4	626	29
585	4	1043	30
586	4	1095	27
586	4	1356	29
587	4	782	27
587	4	939	29
587	4	1722	30
588	4	939	27
588	4	1200	29
589	4	834	29
590	4	782	29
590	4	834	27
591	4	1095	27
591	4	1669	29
593	4	1982	27
593	4	2243	29
594	4	1408	29
594	4	1461	27
595	4	782	27
595	4	1043	29
595	4	1826	30
596	4	1095	29
596	4	1148	27
597	4	1617	29
598	4	678	29
598	4	730	27
599	4	730	27
599	4	939	29
600	4	2035	29
600	4	2087	27
601	4	939	27
601	4	1200	29
602	4	1826	29
604	4	1252	27
604	4	1513	29
605	4	1408	27
605	4	1669	29
606	4	1043	29
606	4	1095	27
607	4	678	29
608	4	887	27
608	4	1148	29
609	4	887	27
611	4	1252	29
612	4	730	27
612	4	1304	29
613	4	678	27
613	4	1513	29
614	4	939	27
614	4	1513	29
615	4	1148	29
616	4	1304	29
616	4	1356	27
617	4	678	27
617	4	1930	29
618	4	782	27
619	4	1513	29
620	4	782	27
620	4	1043	29
621	4	1148	29
621	4	1200	27
622	4	626	29
623	4	1722	27
623	4	1982	29
624	4	834	27
624	4	1095	29
625	4	1304	29
625	4	1356	27
626	4	939	27
626	4	1200	29
627	4	939	29
627	4	991	27
628	4	1043	29
629	4	1878	27
629	4	2139	29
630	4	1304	27
630	4	1565	29
631	4	1095	27
631	4	1356	29
632	4	678	29
632	4	730	27
633	4	1200	27
633	4	1774	29
634	4	1304	29
635	4	1148	27
635	4	1722	29
638	4	2087	29
638	4	2139	27
639	4	834	27
639	4	1095	29
639	4	1982	30
640	4	2139	27
642	4	1461	27
642	4	1722	29
644	4	939	27
644	4	1200	29
645	4	1148	29
645	4	1200	27
646	4	730	29
646	4	782	27
647	4	730	27
647	4	1930	29
648	4	1252	27
648	4	1513	29
649	4	887	27
649	4	1148	29
650	4	1930	27
650	4	2191	29
651	4	991	27
651	4	1252	29
652	4	1043	27
652	4	1304	29
653	4	1043	27
653	4	1304	29
654	4	1826	29
654	4	1878	27
655	4	1200	27
655	4	1461	29
656	4	1095	27
656	4	1356	29
657	4	887	27
657	4	1148	29
658	4	887	27
658	4	1148	29
658	4	1982	30
659	4	1304	29
659	4	1356	27
660	4	2191	27
661	4	834	27
661	4	1095	29
662	4	1148	27
662	4	1408	29
663	4	1304	29
664	4	834	27
664	4	1095	29
664	4	1982	30
665	4	782	27
665	4	1043	29
666	4	730	27
666	4	991	29
667	4	730	29
668	4	1356	29
668	4	1408	27
669	4	1304	27
669	4	1565	29
670	4	1252	29
672	4	1617	29
672	4	1669	27
673	4	1356	27
673	4	1617	29
674	4	1148	27
674	4	1408	29
675	4	1148	29
676	4	574	29
676	4	1982	30
677	4	1148	27
677	4	1408	29
678	4	730	29
680	4	1252	27
680	4	1513	29
682	4	991	27
682	4	1252	29
683	4	782	27
683	4	1356	29
684	4	1200	29
684	4	1252	27
685	4	1878	27
685	4	2139	29
686	4	887	27
686	4	1148	29
687	4	1148	27
687	4	1722	29
688	4	1565	27
688	4	1826	29
689	4	782	27
689	4	1356	29
690	4	2191	27
691	4	834	27
691	4	1095	29
691	4	1982	30
692	4	1043	27
692	4	1304	29
693	4	1043	29
693	4	1095	27
694	4	991	27
694	4	1252	29
695	4	678	29
695	4	730	27
696	4	1669	27
696	4	1930	29
697	4	782	29
697	4	834	27
698	4	1774	29
699	4	1148	27
699	4	1408	29
700	4	991	29
701	4	1148	29
701	4	1200	27
703	4	782	29
703	4	834	27
705	4	1408	27
705	4	1669	29
706	4	626	29
707	4	939	27
707	4	1200	29
708	4	1252	29
709	4	939	27
709	4	1200	29
709	4	2139	30
710	4	887	29
710	4	939	27
711	4	1356	27
711	4	1617	29
712	4	1200	29
714	4	678	29
714	4	730	27
715	4	1356	27
715	4	1617	29
716	4	678	29
716	4	1774	30
717	4	1200	29
717	4	1252	27
718	4	834	27
718	4	1095	29
721	4	1095	29
721	4	1148	27
722	4	730	29
722	4	782	27
722	4	1669	30
723	4	1826	29
723	4	1878	27
724	4	1930	29
725	4	887	29
725	4	939	27
726	4	1095	27
726	4	1356	29
728	4	1982	29
729	4	834	29
729	4	887	27
730	4	1200	27
730	4	1461	29
731	4	730	27
731	4	887	29
732	4	834	29
733	4	834	29
733	4	887	27
734	4	730	27
734	4	991	29
735	4	2191	29
735	4	2243	27
736	4	1513	27
736	4	1774	29
737	4	834	27
737	4	1095	29
738	4	939	27
738	4	1200	29
738	4	1982	30
739	4	1252	29
740	4	1982	27
741	4	887	29
742	4	678	29
742	4	1826	30
743	4	626	29
744	4	1304	29
745	4	1982	29
745	4	2035	27
746	4	1565	27
746	4	1826	29
747	4	1304	29
747	4	1356	27
748	4	1669	27
748	4	2243	29
750	4	1878	27
750	4	2139	29
752	4	1148	29
752	4	1200	27
753	4	730	29
753	4	782	27
753	4	1982	30
754	4	730	29
754	4	782	27
755	4	782	27
755	4	1043	29
756	4	834	27
756	4	1095	29
756	4	1878	30
757	4	1930	29
757	4	1982	27
758	4	678	29
758	4	730	27
759	4	1669	29
759	4	1722	27
760	4	1878	29
760	4	1930	27
761	4	1408	27
761	4	1669	29
762	4	991	27
762	4	1252	29
763	4	1408	29
763	4	1461	27
765	4	730	29
765	4	782	27
766	4	887	27
766	4	1148	29
767	4	1304	29
768	4	2295	29
769	4	2243	27
771	4	834	27
771	4	1408	29
772	4	1930	27
772	4	2191	29
773	4	1148	27
773	4	1722	29
774	4	730	29
774	4	782	27
775	4	2139	27
776	4	678	29
776	4	730	27
776	4	1930	30
777	4	1826	27
778	4	939	27
778	4	1200	29
779	4	2191	29
779	4	2243	27
780	4	1930	27
780	4	2191	29
781	4	991	27
781	4	1252	29
782	4	1722	27
782	4	1982	29
783	4	1982	29
784	4	782	27
784	4	1043	29
785	4	991	27
785	4	1252	29
787	4	1669	29
788	4	834	27
788	4	1095	29
789	4	1252	29
789	4	1304	27
790	4	1408	27
790	4	1669	29
791	4	1043	27
791	4	1617	29
792	4	887	29
792	4	939	27
793	4	730	27
793	4	991	29
794	4	730	27
794	4	991	29
795	4	1982	27
795	4	2243	29
796	4	1774	27
796	4	2035	29
797	4	782	27
797	4	1043	29
798	4	1617	27
798	4	1878	29
800	4	1669	27
800	4	1930	29
801	4	1722	29
801	4	1774	27
802	4	1043	27
802	4	1304	29
803	4	1043	27
803	4	1304	29
804	4	1043	29
806	4	1774	29
806	4	1826	27
807	4	678	29
807	4	730	27
807	4	1722	30
808	4	2243	29
809	4	2035	29
809	4	2087	27
810	4	678	29
810	4	730	27
811	4	678	29
812	4	834	27
812	4	1095	29
812	4	2139	30
813	4	1304	27
813	4	1565	29
815	4	782	27
815	4	1043	29
816	4	1408	27
816	4	1669	29
818	4	1148	27
818	4	1408	29
819	4	1148	27
819	4	1722	29
820	4	1930	27
820	4	2191	29
821	4	1461	29
821	4	1513	27
822	4	678	29
822	4	730	27
823	4	730	29
823	4	782	27
823	4	1774	30
824	4	1252	29
824	4	1304	27
825	4	1148	29
826	4	1252	27
826	4	1513	29
827	4	2087	29
827	4	2139	27
828	4	1304	29
829	4	2139	29
830	4	1513	29
830	4	1565	27
831	4	939	27
831	4	1200	29
831	4	1982	30
832	4	834	27
832	4	1095	29
832	4	1878	30
833	4	991	27
833	4	1565	29
834	4	730	29
834	4	1930	30
835	4	1043	29
836	4	1878	27
837	4	1669	29
838	4	678	29
839	4	1565	29
840	4	574	29
840	4	1095	30
841	4	782	29
842	4	1200	27
842	4	1461	29
843	4	730	27
843	4	991	29
843	4	1774	30
844	4	1826	27
844	4	2087	29
845	4	1513	29
845	4	1565	27
846	4	1669	29
846	4	1722	27
847	4	1461	27
847	4	1722	29
848	4	626	29
850	4	834	27
850	4	1095	29
850	4	1878	30
853	4	1878	27
853	4	2139	29
854	4	1200	29
855	4	939	27
855	4	1200	29
856	4	1617	27
856	4	1878	29
857	4	2035	27
857	4	2295	29
858	4	1148	27
858	4	1408	29
861	4	834	27
861	4	1095	29
862	4	1826	29
863	4	887	27
863	4	1148	29
864	4	730	27
864	4	991	29
864	4	1826	30
865	4	678	29
866	4	678	29
866	4	730	27
867	4	1513	27
867	4	1774	29
868	4	887	27
868	4	1148	29
869	4	1200	27
869	4	1461	29
870	4	1304	29
871	4	1356	29
871	4	1408	27
873	4	678	29
873	4	1774	30
875	4	939	27
875	4	1200	29
876	4	730	29
876	4	782	27
877	4	626	29
877	4	1669	30
878	4	1461	29
878	4	1513	27
879	4	1043	29
880	4	626	29
882	4	1356	29
883	4	2139	27
884	4	834	27
884	4	1095	29
885	4	678	29
885	4	1774	30
886	4	1774	27
886	4	2035	29
887	4	1148	27
887	4	1408	29
889	4	1095	27
889	4	1669	29
890	4	1513	29
890	4	1565	27
891	4	887	27
891	4	1148	29
892	4	1878	27
892	4	2139	29
893	4	939	27
893	4	1200	29
894	4	939	29
894	4	991	27
895	4	1461	27
895	4	1722	29
896	4	626	29
897	4	730	29
898	4	834	27
898	4	1095	29
899	4	730	29
899	4	782	27
900	4	1461	27
900	4	1722	29
901	4	678	29
901	4	730	27
902	4	1148	27
902	4	1408	29
903	4	834	27
903	4	1095	29
903	4	2191	30
905	4	1617	27
905	4	1878	29
906	4	730	29
906	4	782	27
908	4	782	27
908	4	1043	29
909	4	2243	27
910	4	1408	27
910	4	1669	29
912	4	887	27
912	4	1148	29
913	4	1095	27
913	4	1669	29
914	4	1148	29
914	4	1200	27
915	4	1565	27
915	4	1826	29
916	4	887	27
916	4	1148	29
917	4	1826	27
917	4	2087	29
918	4	1043	27
918	4	1617	29
919	4	1878	27
919	4	2139	29
920	4	1617	29
922	4	1565	27
922	4	1826	29
923	4	1669	27
923	4	1930	29
924	4	887	27
924	4	1148	29
925	4	782	29
925	4	834	27
926	4	991	27
926	4	1252	29
927	4	1148	29
927	4	1200	27
929	4	939	27
929	4	1200	29
931	4	782	27
931	4	1043	29
931	4	1826	30
932	4	1356	29
933	4	1461	27
933	4	1722	29
934	4	1252	29
935	4	834	27
935	4	1095	29
936	4	1774	27
936	4	2035	29
937	4	1878	29
937	4	1930	27
938	4	1356	27
938	4	1617	29
939	4	1722	29
940	4	1043	27
940	4	1304	29
941	4	678	29
941	4	1982	30
942	4	730	29
942	4	782	27
942	4	1878	30
944	4	1200	29
945	4	1095	27
945	4	1669	29
946	4	1252	27
946	4	1513	29
947	4	782	27
947	4	1043	29
947	4	1826	30
948	4	782	27
948	4	1043	29
949	4	782	27
949	4	991	29
949	4	1774	30
950	4	678	29
953	4	782	27
953	4	1043	29
954	4	730	27
954	4	991	29
958	4	1982	29
958	4	2035	27
960	4	1043	29
960	4	1095	27
961	4	939	29
961	4	991	27
962	4	2035	29
963	4	834	27
963	4	1095	29
964	4	834	27
964	4	1095	29
964	4	1930	30
965	4	1200	29
966	4	730	29
966	4	782	27
968	4	1304	27
968	4	1565	29
969	4	1043	29
971	4	887	27
971	4	1148	29
972	4	626	29
972	4	1722	30
974	4	939	29
974	4	991	27
975	4	1669	29
976	4	991	29
976	4	1043	27
978	4	834	27
978	4	1095	29
979	4	1148	27
979	4	1722	29
980	4	2191	29
980	4	2243	27
981	4	1200	27
981	4	1461	29
982	4	939	27
982	4	1200	29
983	4	678	29
983	4	730	27
984	4	1304	27
984	4	1565	29
985	4	1304	29
985	4	1356	27
987	4	1826	29
987	4	1878	27
988	4	991	27
988	4	1252	29
989	4	730	29
989	4	782	27
990	4	1930	29
994	4	2295	29
995	4	730	27
995	4	939	29
996	4	1669	27
996	4	1930	29
998	4	991	27
998	4	1252	29
998	4	2035	30
999	4	1774	29
0	5	417	24
0	5	626	29
1	5	417	24
1	5	678	29
1	5	730	27
2	5	417	24
2	5	991	27
2	5	1252	29
3	5	417	24
3	5	1356	29
3	5	1408	27
4	5	469	24
4	5	887	27
4	5	1148	29
4	5	1930	30
5	5	469	24
5	5	782	29
5	5	834	27
6	5	469	24
6	5	991	27
6	5	1252	29
7	5	417	24
7	5	1252	27
7	5	1513	29
8	5	417	24
8	5	1043	27
8	5	1304	29
9	5	417	24
10	5	417	24
10	5	678	29
10	5	730	27
11	5	417	24
12	5	469	24
13	5	417	24
13	5	1826	29
14	5	417	24
14	5	626	29
15	5	469	24
15	5	782	27
15	5	1043	29
16	5	417	24
16	5	834	27
16	5	1095	29
17	5	417	24
17	5	730	27
17	5	991	29
18	5	417	24
18	5	782	27
18	5	1043	29
19	5	417	24
19	5	1982	29
20	5	469	24
20	5	939	29
21	5	417	24
21	5	678	29
21	5	730	27
22	5	417	24
22	5	1304	29
23	5	417	24
23	5	782	27
23	5	1043	29
24	5	417	24
24	5	730	29
24	5	782	27
25	5	417	24
25	5	2035	29
26	5	469	24
26	5	1095	27
26	5	1356	29
27	5	417	24
27	5	730	29
27	5	782	27
28	5	469	24
28	5	1095	27
28	5	1356	29
29	5	417	24
29	5	1617	29
30	5	417	24
30	5	1513	27
30	5	1774	29
31	5	417	24
31	5	939	27
31	5	1200	29
32	5	417	24
32	5	1304	29
32	5	1356	27
33	5	469	24
33	5	1408	27
33	5	1669	29
34	5	417	24
34	5	1148	27
34	5	1408	29
35	5	417	24
35	5	730	29
35	5	782	27
36	5	469	24
36	5	782	29
36	5	834	27
37	5	417	24
37	5	1826	27
37	5	2087	29
38	5	417	24
38	5	1200	29
38	5	1252	27
39	5	417	24
39	5	939	27
39	5	1200	29
40	5	417	24
40	5	574	29
40	5	1774	30
41	5	469	24
41	5	1148	27
41	5	1408	29
42	5	469	24
42	5	1043	29
43	5	469	24
43	5	782	29
43	5	834	27
44	5	417	24
45	5	417	24
45	5	991	29
46	5	417	24
46	5	782	27
46	5	1043	29
47	5	417	24
47	5	1408	27
47	5	1669	29
48	5	417	24
49	5	469	24
49	5	834	29
49	5	887	27
50	5	417	24
51	5	417	24
51	5	1878	29
52	5	469	24
52	5	2243	29
53	5	469	24
53	5	782	29
53	5	834	27
53	5	1982	30
55	5	469	24
55	5	991	27
55	5	1252	29
56	5	417	24
56	5	1565	29
57	5	417	24
57	5	730	27
57	5	991	29
57	5	1774	30
58	5	469	24
58	5	939	29
58	5	991	27
59	5	417	24
59	5	730	27
59	5	991	29
60	5	417	24
61	5	417	24
61	5	939	27
61	5	1200	29
62	5	417	24
62	5	887	27
62	5	1148	29
62	5	2139	30
63	5	417	24
63	5	1095	27
63	5	1356	29
64	5	417	24
64	5	2087	29
65	5	469	24
65	5	1200	27
65	5	1461	29
66	5	417	24
66	5	1513	29
66	5	1565	27
67	5	417	24
67	5	1148	27
67	5	1408	29
68	5	417	24
68	5	1669	29
69	5	469	24
69	5	1148	29
69	5	1200	27
70	5	417	24
71	5	417	24
71	5	1148	29
72	5	417	24
73	5	417	24
73	5	2139	29
74	5	417	24
74	5	1826	29
75	5	469	24
75	5	678	29
76	5	1148	27
76	5	1461	24
76	5	1722	29
77	5	417	24
77	5	2139	29
77	5	2191	27
78	5	939	27
78	5	1252	24
78	5	1617	29
79	5	417	24
79	5	1304	27
79	5	1565	29
80	5	417	24
80	5	834	27
80	5	1095	29
81	5	469	24
81	5	939	27
81	5	1200	29
82	5	469	24
82	5	1722	27
82	5	1982	29
83	5	417	24
83	5	1356	29
84	5	417	24
84	5	887	27
84	5	1148	29
85	5	417	24
86	5	417	24
86	5	1722	27
86	5	1982	29
87	5	469	24
87	5	782	27
87	5	1043	29
87	5	1826	30
88	5	417	24
88	5	1095	27
88	5	1356	29
89	5	469	24
89	5	1148	29
89	5	1200	27
90	5	417	24
90	5	1513	29
91	5	417	24
92	5	469	24
92	5	730	29
92	5	782	27
93	5	417	24
93	5	1722	29
94	5	417	24
95	5	469	24
95	5	1826	29
95	5	1878	27
96	5	417	24
96	5	1356	27
96	5	1617	29
97	5	626	24
97	5	2087	27
98	5	1252	27
98	5	1565	24
98	5	1826	29
99	5	417	24
99	5	1669	27
99	5	1930	29
100	5	417	24
100	5	2139	29
100	5	2191	27
101	5	417	24
101	5	887	29
102	5	469	24
102	5	1043	29
103	5	469	24
103	5	1513	27
103	5	1774	29
104	5	417	24
104	5	939	27
104	5	1200	29
105	5	730	27
105	5	1043	24
106	5	469	24
106	5	1095	27
106	5	1356	29
106	5	2139	30
107	5	469	24
107	5	574	29
107	5	2139	30
108	5	469	24
108	5	834	27
108	5	1095	29
109	5	417	24
109	5	1617	29
110	5	417	24
110	5	730	29
110	5	782	27
111	5	417	24
111	5	1826	27
111	5	2087	29
112	5	417	24
112	5	1617	27
112	5	1878	29
113	5	469	24
113	5	678	29
114	5	417	24
114	5	1722	27
114	5	1982	29
115	5	1148	27
115	5	1461	24
115	5	1722	29
116	5	417	24
116	5	1669	29
117	5	417	24
117	5	1722	29
117	5	1774	27
118	5	417	24
118	5	1356	29
119	5	1043	27
119	5	1356	24
119	5	1617	29
120	5	417	24
120	5	1408	27
120	5	1669	29
121	5	574	24
122	5	417	24
122	5	730	27
122	5	991	29
122	5	2139	30
123	5	1304	27
123	5	1617	24
123	5	1982	29
124	5	417	24
124	5	678	29
124	5	730	27
125	5	417	24
125	5	887	27
125	5	1148	29
126	5	417	24
126	5	626	29
127	5	469	24
127	5	782	27
127	5	1043	29
128	5	417	24
128	5	678	29
128	5	730	27
129	5	469	24
129	5	1565	27
129	5	1826	29
130	5	417	24
130	5	782	29
131	5	469	24
131	5	991	29
131	5	2035	30
132	5	417	24
132	5	730	27
132	5	939	29
133	5	469	24
133	5	939	27
133	5	1200	29
134	5	469	24
134	5	1408	27
134	5	1669	29
135	5	417	24
135	5	678	29
136	5	417	24
136	5	678	29
136	5	730	27
136	5	1043	30
137	5	417	24
137	5	1148	27
137	5	1408	29
138	5	417	24
138	5	678	29
138	5	730	27
138	5	1930	30
139	5	469	24
139	5	782	27
139	5	1043	29
139	5	1826	30
140	5	1043	27
140	5	1356	24
140	5	1930	29
141	5	417	24
141	5	782	27
141	5	1043	29
141	5	1826	30
142	5	417	24
142	5	1722	29
142	5	1774	27
143	5	1095	27
143	5	1408	24
143	5	1669	29
144	5	417	24
145	5	1043	27
145	5	1356	24
145	5	1617	29
146	5	417	24
146	5	887	29
146	5	939	27
147	5	417	24
147	5	1043	27
147	5	1304	29
148	5	417	24
148	5	1722	27
148	5	1982	29
149	5	469	24
149	5	782	27
149	5	1043	29
149	5	2191	30
150	5	469	24
150	5	887	27
150	5	1148	29
151	5	417	24
151	5	1617	29
151	5	1669	27
152	5	417	24
152	5	991	27
152	5	1252	29
153	5	469	24
153	5	1565	27
153	5	1826	29
154	5	417	24
154	5	834	27
154	5	1095	29
155	5	469	24
155	5	730	29
155	5	782	27
155	5	2139	30
156	5	417	24
156	5	730	27
156	5	991	29
157	5	417	24
158	5	417	24
158	5	939	27
158	5	1200	29
159	5	469	24
159	5	626	29
159	5	1930	30
160	5	417	24
160	5	1148	27
160	5	1408	29
161	5	1200	27
161	5	1513	24
161	5	1826	29
162	5	469	24
162	5	1200	29
162	5	1252	27
163	5	469	24
163	5	1982	27
163	5	2243	29
164	5	417	24
164	5	782	27
164	5	1043	29
165	5	417	24
165	5	887	27
165	5	1148	29
166	5	1200	27
166	5	1513	24
166	5	1826	29
167	5	417	24
167	5	1878	27
167	5	2139	29
168	5	417	24
169	5	417	24
169	5	730	27
169	5	991	29
170	5	417	24
170	5	730	27
170	5	991	29
170	5	1826	30
171	5	469	24
171	5	1930	27
171	5	2191	29
172	5	417	24
172	5	1304	27
172	5	1565	29
173	5	417	24
173	5	1722	29
173	5	1774	27
174	5	417	24
174	5	1148	29
174	5	1200	27
175	5	469	24
175	5	1043	27
175	5	1304	29
176	5	417	24
176	5	782	27
176	5	1043	29
177	5	1252	27
177	5	1565	24
178	5	417	24
179	5	469	24
179	5	939	27
179	5	1200	29
180	5	417	24
181	5	469	24
181	5	678	29
182	5	417	24
183	5	417	24
183	5	730	29
183	5	782	27
184	5	417	24
185	5	469	24
185	5	834	29
185	5	887	27
186	5	417	24
187	5	417	24
187	5	1148	27
187	5	1408	29
188	5	417	24
188	5	1930	29
188	5	1982	27
189	5	417	24
189	5	1095	27
189	5	1356	29
190	5	417	24
190	5	1461	27
190	5	1722	29
191	5	417	24
191	5	678	29
192	5	417	24
192	5	991	27
192	5	1252	29
193	5	417	24
193	5	1043	27
193	5	1304	29
194	5	469	24
195	5	417	24
196	5	469	24
196	5	626	29
196	5	1669	30
197	5	417	24
198	5	469	24
198	5	1095	27
198	5	1356	29
199	5	417	24
199	5	678	29
199	5	730	27
199	5	2139	30
200	5	417	24
200	5	1304	29
201	5	417	24
201	5	1930	29
202	5	417	24
202	5	1200	29
202	5	1252	27
203	5	469	24
203	5	1200	27
203	5	1461	29
204	5	469	24
204	5	834	27
204	5	1095	29
205	5	1095	27
205	5	1408	24
205	5	1669	29
206	5	417	24
206	5	678	29
206	5	730	27
206	5	1043	30
206	5	2243	25
207	5	469	24
207	5	782	27
207	5	1043	29
208	5	417	24
208	5	887	27
208	5	1148	29
209	5	1930	27
209	5	2243	24
210	5	417	24
210	5	939	27
210	5	1200	29
211	5	417	24
212	5	417	24
212	5	1356	27
212	5	1617	29
213	5	417	24
213	5	1930	29
214	5	469	24
215	5	417	24
215	5	1356	29
216	5	417	24
217	5	417	24
217	5	1304	29
218	5	417	24
218	5	1148	27
218	5	1408	29
219	5	1826	27
219	5	2139	24
220	5	1095	27
220	5	1408	24
220	5	1669	29
221	5	469	24
221	5	1095	29
221	5	1148	27
222	5	417	24
222	5	2035	29
223	5	417	24
223	5	2087	29
224	5	417	24
224	5	1252	29
224	5	1304	27
225	5	469	24
225	5	782	27
225	5	1043	29
225	5	1826	30
226	5	469	24
226	5	834	29
226	5	887	27
227	5	469	24
227	5	1043	29
228	5	469	24
228	5	626	29
229	5	469	24
229	5	1043	29
230	5	469	24
230	5	626	29
231	5	469	24
231	5	730	29
231	5	782	27
232	5	417	24
232	5	782	27
232	5	1043	29
233	5	1095	27
233	5	1408	24
233	5	1669	29
234	5	417	24
235	5	417	24
235	5	1930	29
235	5	1982	27
236	5	417	24
236	5	1878	29
236	5	1930	27
237	5	469	24
238	5	417	24
239	5	417	24
239	5	1722	27
239	5	1982	29
240	5	417	24
240	5	730	29
240	5	782	27
240	5	2243	30
241	5	469	24
241	5	1148	27
241	5	1408	29
242	5	417	24
242	5	991	29
242	5	1043	27
243	5	469	24
243	5	626	29
243	5	1826	30
244	5	469	24
244	5	730	29
244	5	782	27
245	5	417	24
245	5	1461	29
246	5	1565	27
246	5	1878	24
246	5	2243	29
247	5	417	24
248	5	417	24
248	5	730	27
248	5	991	29
249	5	469	24
249	5	626	29
250	5	417	24
250	5	678	29
250	5	730	27
250	5	1982	30
251	5	417	24
251	5	887	29
251	5	939	27
252	5	574	24
252	5	2243	29
253	5	417	24
253	5	1774	29
253	5	1826	27
254	5	417	24
255	5	417	24
255	5	1513	27
255	5	1774	29
256	5	417	24
256	5	1148	29
256	5	1200	27
257	5	626	24
257	5	1304	29
258	5	469	24
258	5	678	29
259	5	469	24
259	5	730	29
259	5	782	27
260	5	417	24
260	5	730	29
261	5	417	24
262	5	417	24
262	5	1200	27
262	5	1461	29
263	5	469	24
264	5	417	24
264	5	887	27
264	5	1148	29
265	5	469	24
265	5	887	27
265	5	1148	29
266	5	417	24
266	5	991	27
266	5	1252	29
267	5	417	24
267	5	626	29
268	5	417	24
268	5	1148	29
269	5	417	24
269	5	678	29
270	5	469	24
270	5	1513	29
271	5	469	24
271	5	1043	27
271	5	1304	29
271	5	2295	30
272	5	417	24
272	5	782	27
272	5	1043	29
272	5	1826	30
273	5	417	24
274	5	730	27
274	5	1043	24
274	5	1304	29
275	5	417	24
276	5	417	24
277	5	469	24
277	5	1982	27
277	5	2243	29
278	5	417	24
278	5	2139	29
278	5	2191	27
279	5	417	24
279	5	1356	29
280	5	417	24
280	5	1826	27
280	5	2087	29
282	5	1095	27
282	5	1408	24
282	5	1774	29
283	5	417	24
283	5	1304	29
284	5	417	24
284	5	678	29
284	5	730	27
284	5	1095	30
285	5	417	24
285	5	1200	29
286	5	417	24
286	5	626	29
286	5	1982	30
287	5	417	24
287	5	1565	29
287	5	1617	27
288	5	417	24
288	5	887	27
288	5	1148	29
289	5	521	24
290	5	417	24
291	5	469	24
291	5	2139	27
292	5	1148	27
292	5	1461	24
292	5	1722	29
293	5	469	24
293	5	626	29
293	5	1722	30
294	5	417	24
294	5	782	27
294	5	1043	29
295	5	417	24
295	5	1617	29
295	5	1669	27
296	5	417	24
296	5	678	29
297	5	626	24
298	5	469	24
298	5	1148	29
299	5	417	24
299	5	730	27
299	5	991	29
300	5	521	24
300	5	1930	27
300	5	2191	29
301	5	469	24
301	5	730	29
301	5	782	27
302	5	469	24
302	5	939	27
302	5	1200	29
303	5	469	24
303	5	678	29
303	5	1095	30
304	5	417	24
304	5	678	29
304	5	730	27
305	5	2191	27
306	5	417	24
306	5	678	29
306	5	730	27
307	5	417	24
307	5	1930	29
307	5	1982	27
308	5	417	24
308	5	1617	27
308	5	1878	29
309	5	417	24
309	5	678	29
309	5	730	27
309	5	1722	30
310	5	417	24
310	5	782	29
310	5	1930	30
311	5	469	24
311	5	2191	29
311	5	2243	27
312	5	417	24
312	5	1617	29
312	5	1669	27
313	5	417	24
314	5	417	24
314	5	1774	27
314	5	2035	29
315	5	417	24
315	5	1095	27
315	5	1356	29
316	5	417	24
317	5	417	24
317	5	1356	29
318	5	417	24
318	5	2139	29
319	5	417	24
319	5	2243	29
320	5	417	24
320	5	1513	29
320	5	1565	27
321	5	417	24
321	5	730	27
321	5	991	29
322	5	417	24
322	5	834	27
322	5	1095	29
323	5	417	24
323	5	2087	29
324	5	417	24
324	5	1617	27
324	5	1878	29
325	5	417	24
325	5	1617	29
325	5	1669	27
326	5	417	24
326	5	626	29
327	5	730	27
327	5	1043	24
327	5	1304	29
328	5	417	24
328	5	1826	29
328	5	1878	27
329	5	1095	27
329	5	1408	24
329	5	1669	29
330	5	417	24
330	5	1148	27
330	5	1408	29
331	5	417	24
331	5	730	29
331	5	782	27
332	5	469	24
332	5	1043	27
332	5	1304	29
333	5	469	24
333	5	782	27
333	5	1043	29
334	5	417	24
334	5	1513	29
335	5	469	24
335	5	626	29
336	5	469	24
336	5	887	27
336	5	1148	29
337	5	417	24
337	5	1669	29
338	5	417	24
338	5	2087	29
338	5	2139	27
339	5	417	24
339	5	782	27
339	5	1043	29
340	5	782	27
340	5	1095	24
340	5	1356	29
341	5	417	24
341	5	1408	27
341	5	1669	29
342	5	469	24
342	5	782	27
342	5	1043	29
342	5	1826	30
343	5	417	24
343	5	626	29
344	5	417	24
344	5	2295	29
345	5	469	24
345	5	991	27
345	5	1252	29
346	5	417	24
346	5	939	27
346	5	1200	29
346	5	2087	30
347	5	469	24
347	5	1043	29
347	5	1095	27
348	5	417	24
348	5	678	29
349	5	417	24
349	5	782	27
349	5	1043	29
349	5	1826	30
350	5	417	24
351	5	417	24
351	5	991	27
351	5	1252	29
352	5	417	24
352	5	1095	27
352	5	1356	29
353	5	469	24
353	5	782	27
353	5	1043	29
354	5	417	24
354	5	574	29
354	5	1669	30
355	5	469	24
355	5	887	27
355	5	1148	29
356	5	469	24
356	5	1356	27
356	5	1617	29
357	5	417	24
357	5	939	27
357	5	1200	29
358	5	469	24
358	5	1304	27
358	5	1565	29
359	5	2087	27
360	5	417	24
360	5	1930	27
360	5	2191	29
361	5	469	24
361	5	991	27
361	5	1252	29
362	5	417	24
363	5	417	24
364	5	417	24
364	5	678	29
365	5	1095	27
365	5	1408	24
365	5	2035	29
366	5	417	24
366	5	1148	29
366	5	1200	27
367	5	417	24
367	5	887	27
367	5	1148	29
368	5	417	24
368	5	678	29
368	5	730	27
368	5	1722	30
369	5	469	24
369	5	887	27
369	5	1148	29
370	5	417	24
371	5	469	24
371	5	834	27
371	5	1095	29
372	5	469	24
372	5	1304	27
372	5	1565	29
373	5	469	24
374	5	1148	27
374	5	1461	24
374	5	1722	29
375	5	1095	27
375	5	1408	24
375	5	1669	29
376	5	417	24
376	5	939	29
376	5	991	27
377	5	417	24
377	5	1565	27
377	5	1826	29
378	5	417	24
378	5	1408	27
378	5	1669	29
379	5	417	24
379	5	1095	29
379	5	1148	27
380	5	417	24
380	5	1878	29
380	5	1930	27
381	5	417	24
381	5	1617	27
381	5	1878	29
382	5	417	24
382	5	730	29
383	5	1043	27
383	5	1356	24
383	5	1617	29
384	5	417	24
384	5	939	27
384	5	1200	29
385	5	469	24
385	5	1408	27
385	5	1669	29
386	5	417	24
386	5	939	27
386	5	1200	29
387	5	417	24
387	5	887	27
387	5	1148	29
387	5	2035	30
388	5	417	24
388	5	2243	29
389	5	469	24
389	5	730	29
389	5	782	27
390	5	469	24
390	5	678	29
391	5	469	24
391	5	887	27
391	5	1148	29
392	5	417	24
392	5	1826	29
392	5	1878	27
393	5	417	24
393	5	626	29
394	5	417	24
394	5	1356	27
394	5	1617	29
395	5	417	24
396	5	469	24
396	5	782	27
396	5	1043	29
396	5	1826	30
397	5	417	24
397	5	1408	27
397	5	1669	29
398	5	417	24
399	5	417	24
399	5	730	27
399	5	991	29
400	5	417	24
400	5	939	27
400	5	1200	29
401	5	1930	27
401	5	2243	24
402	5	469	24
402	5	1043	27
402	5	1304	29
403	5	417	24
403	5	2191	29
403	5	2243	27
404	5	417	24
404	5	1408	29
405	5	521	24
405	5	1513	29
406	5	469	24
406	5	887	27
406	5	1148	29
407	5	730	27
407	5	1043	24
407	5	1304	29
408	5	417	24
409	5	469	24
409	5	2243	29
410	5	417	24
410	5	1826	27
410	5	2087	29
411	5	417	24
411	5	730	27
411	5	991	29
411	5	1826	30
412	5	417	24
412	5	730	27
412	5	991	29
412	5	1774	30
413	5	469	24
413	5	678	29
413	5	1669	30
414	5	417	24
414	5	991	29
414	5	1043	27
415	5	417	24
415	5	834	29
415	5	887	27
416	5	417	24
416	5	1930	29
416	5	1982	27
417	5	469	24
417	5	939	27
417	5	1200	29
418	5	417	24
418	5	834	29
419	5	469	24
419	5	834	29
419	5	887	27
420	5	417	24
420	5	1304	27
420	5	1565	29
421	5	1826	27
421	5	2139	24
422	5	417	24
422	5	1982	29
422	5	2035	27
423	5	521	24
423	5	1252	27
423	5	1513	29
424	5	417	24
424	5	782	27
424	5	1043	29
424	5	1826	30
425	5	469	24
425	5	991	27
425	5	1252	29
426	5	417	24
426	5	1200	29
426	5	1252	27
427	5	417	24
427	5	2295	29
428	5	469	24
428	5	678	29
429	5	469	24
429	5	939	29
430	5	469	24
430	5	834	27
430	5	1095	29
431	5	469	24
431	5	626	29
432	5	417	24
432	5	887	27
432	5	1148	29
433	5	469	24
433	5	1148	27
433	5	1408	29
434	5	469	24
434	5	782	29
434	5	834	27
434	5	1826	30
435	5	469	24
435	5	730	29
435	5	782	27
436	5	469	24
436	5	730	29
436	5	782	27
436	5	1826	30
437	5	417	24
437	5	782	27
437	5	1043	29
438	5	417	24
438	5	1043	29
438	5	1095	27
439	5	469	24
439	5	1878	27
439	5	2139	29
440	5	417	24
440	5	1200	29
441	5	1148	27
441	5	1461	24
442	5	469	24
442	5	1200	27
442	5	1461	29
443	5	417	24
444	5	1148	27
444	5	1461	24
445	5	417	24
445	5	730	27
445	5	991	29
446	5	417	24
446	5	1878	27
446	5	2139	29
447	5	1148	27
447	5	1461	24
447	5	1774	29
448	5	417	24
449	5	417	24
450	5	417	24
451	5	417	24
451	5	1095	29
451	5	1148	27
451	5	2139	30
452	5	469	24
452	5	887	27
452	5	1148	29
453	5	469	24
453	5	730	29
453	5	782	27
453	5	1669	30
454	5	417	24
454	5	2139	27
455	5	417	24
455	5	1356	27
455	5	1617	29
456	5	417	24
456	5	1513	29
456	5	1565	27
457	5	469	24
457	5	1200	29
457	5	1252	27
458	5	417	24
459	5	469	24
459	5	2035	29
460	5	417	24
460	5	782	27
460	5	1043	29
461	5	469	24
461	5	730	29
461	5	782	27
462	5	417	24
462	5	991	27
462	5	1252	29
463	5	469	24
463	5	939	27
463	5	1200	29
463	5	2035	30
464	5	417	24
464	5	1200	29
464	5	1252	27
465	5	469	24
465	5	730	29
465	5	782	27
466	5	469	24
466	5	782	27
466	5	1043	29
467	5	469	24
467	5	782	27
467	5	1043	29
468	5	417	24
468	5	574	29
469	5	417	24
469	5	678	29
469	5	730	27
469	5	1982	30
470	5	417	24
470	5	2243	27
471	5	417	24
471	5	1826	27
471	5	2087	29
472	5	417	24
472	5	834	27
472	5	1095	29
473	5	469	24
473	5	1200	27
473	5	1461	29
474	5	417	24
474	5	782	29
474	5	834	27
475	5	417	24
475	5	1826	27
475	5	2087	29
476	5	417	24
477	5	417	24
478	5	417	24
478	5	1617	27
478	5	1878	29
480	5	417	24
480	5	1722	27
480	5	1982	29
481	5	417	24
481	5	939	27
481	5	1200	29
481	5	1982	30
482	5	469	24
482	5	1408	27
482	5	1669	29
483	5	1252	27
483	5	1565	24
483	5	2087	29
484	5	1878	27
484	5	2191	24
485	5	417	24
485	5	1669	29
486	5	417	24
486	5	1461	29
486	5	1513	27
487	5	469	24
487	5	730	29
487	5	782	27
488	5	417	24
488	5	1461	29
489	5	417	24
489	5	678	29
489	5	730	27
489	5	1774	30
490	5	469	24
490	5	1095	29
490	5	1148	27
490	5	2139	30
491	5	417	24
491	5	1252	27
491	5	1513	29
492	5	417	24
492	5	1200	29
492	5	1252	27
493	5	469	24
494	5	469	24
494	5	834	27
494	5	1095	29
495	5	469	24
495	5	1148	27
495	5	1408	29
496	5	417	24
496	5	1043	29
496	5	1095	27
497	5	417	24
497	5	626	29
498	5	469	24
498	5	1043	27
498	5	1304	29
499	5	417	24
499	5	939	27
499	5	1200	29
500	5	469	24
500	5	730	29
500	5	782	27
500	5	1774	30
501	5	1043	27
501	5	1356	24
501	5	1617	29
502	5	469	24
502	5	1252	27
502	5	1513	29
503	5	469	24
503	5	678	29
503	5	1095	30
504	5	417	24
505	5	417	24
505	5	1722	27
505	5	1982	29
506	5	417	24
506	5	1408	29
507	5	1200	27
507	5	1513	24
507	5	1826	29
508	5	417	24
508	5	782	27
508	5	1043	29
508	5	1826	30
509	5	417	24
510	5	417	24
510	5	2191	29
510	5	2243	27
512	5	417	24
512	5	1148	29
512	5	1200	27
513	5	469	24
513	5	1095	29
514	5	417	24
514	5	887	27
514	5	1148	29
515	5	469	24
515	5	678	29
515	5	2139	30
516	5	417	24
516	5	1617	29
517	5	417	24
517	5	1461	29
518	5	417	24
518	5	1252	29
518	5	1304	27
519	5	469	24
519	5	887	27
519	5	1148	29
520	5	417	24
520	5	991	27
520	5	1252	29
521	5	417	24
521	5	730	27
521	5	991	29
522	5	469	24
522	5	1043	29
523	5	417	24
523	5	782	27
523	5	1043	29
524	5	417	24
524	5	2295	29
525	5	417	24
525	5	939	27
525	5	1200	29
525	5	1982	30
526	5	782	27
526	5	1095	24
526	5	1930	29
527	5	417	24
527	5	678	29
527	5	730	27
528	5	417	24
528	5	574	29
529	5	469	24
529	5	730	29
529	5	782	27
529	5	1669	30
530	5	417	24
530	5	1356	29
531	5	574	24
531	5	1252	27
531	5	1513	29
532	5	417	24
532	5	1356	27
532	5	1617	29
533	5	417	24
533	5	2295	29
534	5	417	24
534	5	626	29
534	5	1878	30
535	5	1148	27
535	5	1461	24
535	5	1982	29
536	5	417	24
536	5	1878	27
536	5	2139	29
537	5	469	24
537	5	1095	27
537	5	1356	29
538	5	469	24
538	5	730	29
538	5	782	27
539	5	469	24
539	5	678	29
540	5	417	24
540	5	2191	29
541	5	469	24
541	5	730	29
542	5	417	24
542	5	1408	27
542	5	1669	29
543	5	417	24
543	5	1252	29
544	5	417	24
544	5	991	27
544	5	1252	29
544	5	2035	30
545	5	417	24
546	5	417	24
546	5	1408	27
546	5	1669	29
547	5	417	24
547	5	991	29
547	5	1043	27
547	5	2139	30
548	5	887	27
548	5	1200	24
548	5	1565	29
549	5	417	24
549	5	1461	29
549	5	1513	27
550	5	417	24
550	5	730	27
550	5	991	29
550	5	1774	30
551	5	417	24
551	5	626	29
551	5	1774	30
552	5	417	24
552	5	1722	27
552	5	1982	29
553	5	469	24
553	5	1252	27
553	5	1513	29
554	5	417	24
554	5	626	29
555	5	417	24
555	5	678	29
555	5	730	27
555	5	1722	30
556	5	469	24
556	5	991	29
557	5	417	24
558	5	417	24
558	5	678	29
559	5	469	24
559	5	1304	27
559	5	1565	29
560	5	417	24
561	5	469	24
561	5	1461	29
562	5	417	24
562	5	1200	29
563	5	469	24
563	5	1095	27
563	5	1356	29
564	5	417	24
564	5	1774	29
565	5	469	24
565	5	834	27
565	5	1095	29
565	5	1878	30
566	5	469	24
566	5	887	27
566	5	1148	29
567	5	417	24
567	5	1408	27
567	5	1669	29
568	5	417	24
568	5	678	29
568	5	730	27
569	5	469	24
569	5	1252	27
569	5	1513	29
570	5	417	24
570	5	1513	29
570	5	1565	27
571	5	417	24
571	5	678	29
571	5	730	27
572	5	417	24
572	5	1826	29
573	5	417	24
574	5	417	24
575	5	417	24
575	5	678	29
575	5	730	27
575	5	1043	30
576	5	417	24
576	5	1461	27
576	5	1722	29
577	5	417	24
577	5	730	27
577	5	991	29
578	5	574	24
578	5	1513	29
579	5	417	24
580	5	1200	27
580	5	1513	24
581	5	521	24
581	5	1252	29
581	5	1304	27
582	5	469	24
582	5	1252	29
582	5	1304	27
583	5	417	24
583	5	678	29
583	5	730	27
583	5	1722	30
584	5	417	24
584	5	782	29
584	5	834	27
585	5	469	24
585	5	626	29
585	5	1043	30
586	5	417	24
586	5	1095	27
586	5	1356	29
587	5	469	24
587	5	782	27
587	5	939	29
587	5	1722	30
588	5	417	24
588	5	939	27
588	5	1200	29
589	5	417	24
589	5	834	29
590	5	417	24
590	5	782	29
590	5	834	27
591	5	1095	27
591	5	1408	24
591	5	1669	29
592	5	417	24
593	5	417	24
593	5	1982	27
593	5	2243	29
594	5	417	24
594	5	1408	29
594	5	1461	27
595	5	469	24
595	5	782	27
595	5	1043	29
595	5	1826	30
596	5	469	24
596	5	1095	29
596	5	1148	27
597	5	417	24
597	5	1617	29
598	5	417	24
598	5	678	29
598	5	730	27
599	5	417	24
599	5	730	27
599	5	939	29
600	5	417	24
600	5	2035	29
600	5	2087	27
601	5	417	24
601	5	939	27
601	5	1200	29
602	5	417	24
602	5	1826	29
603	5	469	24
604	5	469	24
604	5	1252	27
604	5	1513	29
605	5	574	24
605	5	1408	27
605	5	1669	29
606	5	469	24
606	5	1043	29
606	5	1095	27
607	5	469	24
607	5	678	29
608	5	417	24
608	5	887	27
608	5	1148	29
609	5	887	27
609	5	1200	24
610	5	417	24
611	5	417	24
611	5	1252	29
612	5	730	27
612	5	1043	24
612	5	1304	29
613	5	678	27
613	5	991	24
613	5	1513	29
614	5	939	27
614	5	1252	24
614	5	1513	29
615	5	417	24
615	5	1148	29
616	5	417	24
616	5	1304	29
616	5	1356	27
617	5	678	27
617	5	991	24
617	5	1930	29
618	5	782	27
618	5	1095	24
619	5	469	24
619	5	1513	29
620	5	417	24
620	5	782	27
620	5	1043	29
621	5	417	24
621	5	1148	29
621	5	1200	27
622	5	417	24
622	5	626	29
623	5	417	24
623	5	1722	27
623	5	1982	29
624	5	417	24
624	5	834	27
624	5	1095	29
625	5	626	24
625	5	1304	29
625	5	1356	27
626	5	417	24
626	5	939	27
626	5	1200	29
627	5	417	24
627	5	939	29
627	5	991	27
628	5	469	24
628	5	1043	29
629	5	469	24
629	5	1878	27
629	5	2139	29
630	5	417	24
630	5	1304	27
630	5	1565	29
631	5	417	24
631	5	1095	27
631	5	1356	29
632	5	417	24
632	5	678	29
632	5	730	27
633	5	1200	27
633	5	1513	24
633	5	1774	29
634	5	417	24
634	5	1304	29
635	5	1148	27
635	5	1461	24
635	5	1722	29
636	5	417	24
637	5	417	24
638	5	417	24
638	5	2087	29
638	5	2139	27
639	5	417	24
639	5	834	27
639	5	1095	29
639	5	1982	30
640	5	417	24
640	5	2139	27
641	5	417	24
642	5	417	24
642	5	1461	27
642	5	1722	29
643	5	417	24
644	5	469	24
644	5	939	27
644	5	1200	29
645	5	417	24
645	5	1148	29
645	5	1200	27
646	5	469	24
646	5	730	29
646	5	782	27
647	5	730	27
647	5	1043	24
647	5	1930	29
648	5	469	24
648	5	1252	27
648	5	1513	29
649	5	469	24
649	5	887	27
649	5	1148	29
650	5	417	24
650	5	1930	27
650	5	2191	29
651	5	469	24
651	5	991	27
651	5	1252	29
652	5	417	24
652	5	1043	27
652	5	1304	29
653	5	417	24
653	5	1043	27
653	5	1304	29
654	5	469	24
654	5	1826	29
654	5	1878	27
655	5	417	24
655	5	1200	27
655	5	1461	29
656	5	417	24
656	5	1095	27
656	5	1356	29
657	5	417	24
657	5	887	27
657	5	1148	29
658	5	417	24
658	5	887	27
658	5	1148	29
658	5	1982	30
659	5	417	24
659	5	1304	29
659	5	1356	27
660	5	469	24
660	5	2191	27
661	5	417	24
661	5	834	27
661	5	1095	29
662	5	469	24
662	5	1148	27
662	5	1408	29
663	5	469	24
663	5	1304	29
664	5	417	24
664	5	834	27
664	5	1095	29
664	5	1982	30
665	5	417	24
665	5	782	27
665	5	1043	29
666	5	417	24
666	5	730	27
666	5	991	29
667	5	417	24
667	5	730	29
668	5	417	24
668	5	1356	29
668	5	1408	27
669	5	417	24
669	5	1304	27
669	5	1565	29
670	5	417	24
670	5	1252	29
671	5	521	24
672	5	417	24
672	5	1617	29
672	5	1669	27
673	5	417	24
673	5	1356	27
673	5	1617	29
674	5	417	24
674	5	1148	27
674	5	1408	29
675	5	417	24
675	5	1148	29
676	5	469	24
676	5	574	29
676	5	1982	30
677	5	469	24
677	5	1148	27
677	5	1408	29
678	5	469	24
678	5	730	29
679	5	417	24
680	5	417	24
680	5	1252	27
680	5	1513	29
681	5	417	24
682	5	417	24
682	5	991	27
682	5	1252	29
683	5	782	27
683	5	1095	24
683	5	1356	29
684	5	417	24
684	5	1200	29
684	5	1252	27
685	5	417	24
685	5	1878	27
685	5	2139	29
686	5	417	24
686	5	887	27
686	5	1148	29
687	5	1148	27
687	5	1461	24
687	5	1722	29
688	5	417	24
688	5	1565	27
688	5	1826	29
689	5	782	27
689	5	1095	24
689	5	1356	29
690	5	417	24
690	5	2191	27
691	5	417	24
691	5	834	27
691	5	1095	29
691	5	1982	30
692	5	417	24
692	5	1043	27
692	5	1304	29
693	5	417	24
693	5	1043	29
693	5	1095	27
694	5	417	24
694	5	991	27
694	5	1252	29
695	5	417	24
695	5	678	29
695	5	730	27
696	5	417	24
696	5	1669	27
696	5	1930	29
697	5	417	24
697	5	782	29
697	5	834	27
698	5	417	24
698	5	1774	29
699	5	417	24
699	5	1148	27
699	5	1408	29
700	5	417	24
700	5	991	29
701	5	417	24
701	5	1148	29
701	5	1200	27
702	5	417	24
703	5	417	24
703	5	782	29
703	5	834	27
704	5	417	24
705	5	417	24
705	5	1408	27
705	5	1669	29
706	5	417	24
706	5	626	29
707	5	417	24
707	5	939	27
707	5	1200	29
708	5	417	24
708	5	1252	29
709	5	417	24
709	5	939	27
709	5	1200	29
709	5	2139	30
710	5	417	24
710	5	887	29
710	5	939	27
711	5	417	24
711	5	1356	27
711	5	1617	29
712	5	417	24
712	5	1200	29
713	5	574	24
714	5	417	24
714	5	678	29
714	5	730	27
715	5	417	24
715	5	1356	27
715	5	1617	29
716	5	469	24
716	5	678	29
716	5	1774	30
717	5	417	24
717	5	1200	29
717	5	1252	27
718	5	417	24
718	5	834	27
718	5	1095	29
719	5	417	24
720	5	417	24
721	5	417	24
721	5	1095	29
721	5	1148	27
722	5	469	24
722	5	730	29
722	5	782	27
722	5	1669	30
723	5	469	24
723	5	1826	29
723	5	1878	27
724	5	469	24
724	5	1930	29
725	5	417	24
725	5	887	29
725	5	939	27
726	5	417	24
726	5	1095	27
726	5	1356	29
727	5	417	24
728	5	417	24
728	5	1982	29
729	5	417	24
729	5	834	29
729	5	887	27
730	5	469	24
730	5	1200	27
730	5	1461	29
731	5	417	24
731	5	730	27
731	5	887	29
732	5	417	24
732	5	834	29
733	5	417	24
733	5	834	29
733	5	887	27
734	5	417	24
734	5	730	27
734	5	991	29
735	5	417	24
735	5	2191	29
735	5	2243	27
736	5	417	24
736	5	1513	27
736	5	1774	29
737	5	417	24
737	5	834	27
737	5	1095	29
738	5	469	24
738	5	939	27
738	5	1200	29
738	5	1982	30
739	5	417	24
739	5	1252	29
740	5	1982	27
740	5	2295	24
741	5	417	24
741	5	887	29
742	5	469	24
742	5	678	29
742	5	1826	30
743	5	417	24
743	5	626	29
744	5	417	24
744	5	1304	29
745	5	469	24
745	5	1982	29
745	5	2035	27
746	5	417	24
746	5	1565	27
746	5	1826	29
747	5	417	24
747	5	1304	29
747	5	1356	27
748	5	1669	27
748	5	1982	24
748	5	2243	29
749	5	417	24
750	5	417	24
750	5	1878	27
750	5	2139	29
751	5	574	24
752	5	417	24
752	5	1148	29
752	5	1200	27
753	5	469	24
753	5	730	29
753	5	782	27
753	5	1982	30
754	5	417	24
754	5	730	29
754	5	782	27
755	5	417	24
755	5	782	27
755	5	1043	29
756	5	469	24
756	5	834	27
756	5	1095	29
756	5	1878	30
757	5	417	24
757	5	1930	29
757	5	1982	27
758	5	417	24
758	5	678	29
758	5	730	27
759	5	417	24
759	5	1669	29
759	5	1722	27
760	5	417	24
760	5	1878	29
760	5	1930	27
761	5	469	24
761	5	1408	27
761	5	1669	29
762	5	417	24
762	5	991	27
762	5	1252	29
763	5	417	24
763	5	1408	29
763	5	1461	27
764	5	469	24
765	5	417	24
765	5	730	29
765	5	782	27
766	5	417	24
766	5	887	27
766	5	1148	29
767	5	417	24
767	5	1304	29
768	5	417	24
768	5	2295	29
769	5	417	24
769	5	2243	27
770	5	417	24
771	5	834	27
771	5	1148	24
771	5	1408	29
772	5	469	24
772	5	1930	27
772	5	2191	29
773	5	1148	27
773	5	1461	24
773	5	1722	29
774	5	417	24
774	5	730	29
774	5	782	27
775	5	417	24
775	5	2139	27
776	5	417	24
776	5	678	29
776	5	730	27
776	5	1930	30
777	5	1826	27
777	5	2139	24
778	5	417	24
778	5	939	27
778	5	1200	29
779	5	417	24
779	5	2191	29
779	5	2243	27
780	5	417	24
780	5	1930	27
780	5	2191	29
781	5	469	24
781	5	991	27
781	5	1252	29
782	5	417	24
782	5	1722	27
782	5	1982	29
783	5	417	24
783	5	1982	29
784	5	417	24
784	5	782	27
784	5	1043	29
785	5	469	24
785	5	991	27
785	5	1252	29
786	5	469	24
787	5	417	24
787	5	1669	29
788	5	469	24
788	5	834	27
788	5	1095	29
789	5	626	24
789	5	1252	29
789	5	1304	27
790	5	417	24
790	5	1408	27
790	5	1669	29
791	5	1043	27
791	5	1356	24
791	5	1617	29
792	5	417	24
792	5	887	29
792	5	939	27
793	5	417	24
793	5	730	27
793	5	991	29
794	5	417	24
794	5	730	27
794	5	991	29
795	5	417	24
795	5	1982	27
795	5	2243	29
796	5	417	24
796	5	1774	27
796	5	2035	29
797	5	469	24
797	5	782	27
797	5	1043	29
798	5	417	24
798	5	1617	27
798	5	1878	29
799	5	417	24
800	5	417	24
800	5	1669	27
800	5	1930	29
801	5	417	24
801	5	1722	29
801	5	1774	27
802	5	417	24
802	5	1043	27
802	5	1304	29
803	5	469	24
803	5	1043	27
803	5	1304	29
804	5	417	24
804	5	1043	29
805	5	417	24
806	5	417	24
806	5	1774	29
806	5	1826	27
807	5	417	24
807	5	678	29
807	5	730	27
807	5	1722	30
808	5	417	24
808	5	2243	29
809	5	417	24
809	5	2035	29
809	5	2087	27
810	5	417	24
810	5	678	29
810	5	730	27
811	5	469	24
811	5	678	29
812	5	417	24
812	5	834	27
812	5	1095	29
812	5	2139	30
813	5	417	24
813	5	1304	27
813	5	1565	29
814	5	469	24
815	5	469	24
815	5	782	27
815	5	1043	29
816	5	417	24
816	5	1408	27
816	5	1669	29
817	5	417	24
818	5	417	24
818	5	1148	27
818	5	1408	29
819	5	1148	27
819	5	1461	24
819	5	1722	29
820	5	469	24
820	5	1930	27
820	5	2191	29
821	5	417	24
821	5	1461	29
821	5	1513	27
822	5	417	24
822	5	678	29
822	5	730	27
823	5	469	24
823	5	730	29
823	5	782	27
823	5	1774	30
824	5	417	24
824	5	1252	29
824	5	1304	27
825	5	469	24
825	5	1148	29
826	5	469	24
826	5	1252	27
826	5	1513	29
827	5	469	24
827	5	2087	29
827	5	2139	27
828	5	417	24
828	5	1304	29
829	5	417	24
829	5	2139	29
830	5	417	24
830	5	1513	29
830	5	1565	27
831	5	469	24
831	5	939	27
831	5	1200	29
831	5	1982	30
832	5	417	24
832	5	834	27
832	5	1095	29
832	5	1878	30
833	5	991	27
833	5	1304	24
833	5	1565	29
834	5	469	24
834	5	730	29
834	5	1930	30
835	5	417	24
835	5	1043	29
836	5	1878	27
836	5	2191	24
837	5	417	24
837	5	1669	29
838	5	417	24
838	5	678	29
839	5	417	24
839	5	1565	29
840	5	469	24
840	5	574	29
840	5	1095	30
841	5	417	24
841	5	782	29
842	5	469	24
842	5	1200	27
842	5	1461	29
843	5	417	24
843	5	730	27
843	5	991	29
843	5	1774	30
844	5	574	24
844	5	1826	27
844	5	2087	29
845	5	417	24
845	5	1513	29
845	5	1565	27
846	5	417	24
846	5	1669	29
846	5	1722	27
847	5	417	24
847	5	1461	27
847	5	1722	29
848	5	417	24
848	5	626	29
849	5	417	24
850	5	417	24
850	5	834	27
850	5	1095	29
850	5	1878	30
851	5	417	24
852	5	417	24
853	5	417	24
853	5	1878	27
853	5	2139	29
854	5	574	24
854	5	1200	29
855	5	417	24
855	5	939	27
855	5	1200	29
856	5	417	24
856	5	1617	27
856	5	1878	29
857	5	417	24
857	5	2035	27
857	5	2295	29
858	5	417	24
858	5	1148	27
858	5	1408	29
859	5	417	24
860	5	417	24
861	5	417	24
861	5	834	27
861	5	1095	29
862	5	417	24
862	5	1826	29
863	5	469	24
863	5	887	27
863	5	1148	29
864	5	417	24
864	5	730	27
864	5	991	29
864	5	1826	30
865	5	469	24
865	5	678	29
866	5	417	24
866	5	678	29
866	5	730	27
867	5	417	24
867	5	1513	27
867	5	1774	29
868	5	469	24
868	5	887	27
868	5	1148	29
869	5	417	24
869	5	1200	27
869	5	1461	29
870	5	417	24
870	5	1304	29
871	5	417	24
871	5	1356	29
871	5	1408	27
872	5	417	24
873	5	469	24
873	5	678	29
873	5	1774	30
874	5	417	24
875	5	469	24
875	5	939	27
875	5	1200	29
876	5	417	24
876	5	730	29
876	5	782	27
877	5	469	24
877	5	626	29
877	5	1669	30
878	5	417	24
878	5	1461	29
878	5	1513	27
879	5	469	24
879	5	1043	29
880	5	417	24
880	5	626	29
881	5	417	24
882	5	417	24
882	5	1356	29
883	5	417	24
883	5	2139	27
884	5	469	24
884	5	834	27
884	5	1095	29
885	5	469	24
885	5	678	29
885	5	1774	30
886	5	417	24
886	5	1774	27
886	5	2035	29
887	5	417	24
887	5	1148	27
887	5	1408	29
888	5	417	24
889	5	1095	27
889	5	1408	24
889	5	1669	29
890	5	417	24
890	5	1513	29
890	5	1565	27
891	5	417	24
891	5	887	27
891	5	1148	29
892	5	417	24
892	5	1878	27
892	5	2139	29
893	5	417	24
893	5	939	27
893	5	1200	29
894	5	417	24
894	5	939	29
894	5	991	27
895	5	417	24
895	5	1461	27
895	5	1722	29
896	5	469	24
896	5	626	29
897	5	417	24
897	5	730	29
898	5	417	24
898	5	834	27
898	5	1095	29
899	5	417	24
899	5	730	29
899	5	782	27
900	5	469	24
900	5	1461	27
900	5	1722	29
901	5	417	24
901	5	678	29
901	5	730	27
902	5	417	24
902	5	1148	27
902	5	1408	29
903	5	469	24
903	5	834	27
903	5	1095	29
903	5	2191	30
904	5	417	24
905	5	417	24
905	5	1617	27
905	5	1878	29
906	5	417	24
906	5	730	29
906	5	782	27
907	5	417	24
908	5	469	24
908	5	782	27
908	5	1043	29
909	5	417	24
909	5	2243	27
910	5	417	24
910	5	1408	27
910	5	1669	29
911	5	417	24
912	5	469	24
912	5	887	27
912	5	1148	29
913	5	1095	27
913	5	1408	24
913	5	1669	29
914	5	469	24
914	5	1148	29
914	5	1200	27
915	5	417	24
915	5	1565	27
915	5	1826	29
916	5	417	24
916	5	887	27
916	5	1148	29
917	5	469	24
917	5	1826	27
917	5	2087	29
918	5	1043	27
918	5	1356	24
918	5	1617	29
919	5	417	24
919	5	1878	27
919	5	2139	29
920	5	417	24
920	5	1617	29
921	5	417	24
922	5	469	24
922	5	1565	27
922	5	1826	29
923	5	417	24
923	5	1669	27
923	5	1930	29
924	5	417	24
924	5	887	27
924	5	1148	29
925	5	417	24
925	5	782	29
925	5	834	27
926	5	469	24
926	5	991	27
926	5	1252	29
927	5	469	24
927	5	1148	29
927	5	1200	27
929	5	469	24
929	5	939	27
929	5	1200	29
930	5	417	24
931	5	417	24
931	5	782	27
931	5	1043	29
931	5	1826	30
932	5	574	24
932	5	1356	29
933	5	417	24
933	5	1461	27
933	5	1722	29
934	5	469	24
934	5	1252	29
935	5	417	24
935	5	834	27
935	5	1095	29
936	5	469	24
936	5	1774	27
936	5	2035	29
937	5	417	24
937	5	1878	29
937	5	1930	27
938	5	417	24
938	5	1356	27
938	5	1617	29
939	5	417	24
939	5	1722	29
940	5	469	24
940	5	1043	27
940	5	1304	29
941	5	469	24
941	5	678	29
941	5	1982	30
942	5	469	24
942	5	730	29
942	5	782	27
942	5	1878	30
943	5	469	24
944	5	417	24
944	5	1200	29
945	5	1095	27
945	5	1408	24
945	5	1669	29
946	5	417	24
946	5	1252	27
946	5	1513	29
947	5	417	24
947	5	782	27
947	5	1043	29
947	5	1826	30
948	5	417	24
948	5	782	27
948	5	1043	29
949	5	469	24
949	5	782	27
949	5	991	29
949	5	1774	30
950	5	469	24
950	5	678	29
951	5	417	24
952	5	417	24
953	5	417	24
953	5	782	27
953	5	1043	29
954	5	417	24
954	5	730	27
954	5	991	29
955	5	417	24
956	5	417	24
957	5	417	24
958	5	417	24
958	5	1982	29
958	5	2035	27
959	5	417	24
960	5	417	24
960	5	1043	29
960	5	1095	27
961	5	469	24
961	5	939	29
961	5	991	27
962	5	417	24
962	5	2035	29
963	5	469	24
963	5	834	27
963	5	1095	29
964	5	417	24
964	5	834	27
964	5	1095	29
964	5	1930	30
965	5	417	24
965	5	1200	29
966	5	417	24
966	5	730	29
966	5	782	27
967	5	574	24
968	5	469	24
968	5	1304	27
968	5	1565	29
969	5	417	24
969	5	1043	29
970	5	417	24
971	5	417	24
971	5	887	27
971	5	1148	29
972	5	417	24
972	5	626	29
972	5	1722	30
973	5	469	24
974	5	417	24
974	5	939	29
974	5	991	27
975	5	417	24
975	5	1669	29
976	5	469	24
976	5	991	29
976	5	1043	27
977	5	417	24
978	5	417	24
978	5	834	27
978	5	1095	29
979	5	1148	27
979	5	1461	24
979	5	1722	29
980	5	417	24
980	5	2191	29
980	5	2243	27
981	5	417	24
981	5	1200	27
981	5	1461	29
982	5	417	24
982	5	939	27
982	5	1200	29
983	5	417	24
983	5	678	29
983	5	730	27
984	5	469	24
984	5	1304	27
984	5	1565	29
985	5	417	24
985	5	1304	29
985	5	1356	27
986	5	417	24
987	5	574	24
987	5	1826	29
987	5	1878	27
988	5	417	24
988	5	991	27
988	5	1252	29
989	5	469	24
989	5	730	29
989	5	782	27
990	5	417	24
990	5	1930	29
991	5	417	24
992	5	417	24
993	5	417	24
994	5	417	24
994	5	2295	29
995	5	417	24
995	5	730	27
995	5	939	29
996	5	417	24
996	5	1669	27
996	5	1930	29
997	5	417	24
998	5	417	24
998	5	991	27
998	5	1252	29
998	5	2035	30
999	5	417	24
999	5	1774	29
