Realization	utility	week	infra.
0	0	626	29
0	0	991	30
1	0	626	29
1	0	991	30
2	0	469	29
3	0	1148	30
4	0	574	29
4	0	1356	30
5	0	678	30
6	0	730	30
7	0	626	30
8	0	887	30
9	0	1982	30
10	0	521	29
10	0	939	30
12	0	1304	30
13	0	1356	30
14	0	469	29
14	0	991	30
15	0	730	30
16	0	574	29
16	0	1461	30
17	0	574	29
17	0	1878	30
18	0	626	30
19	0	1878	30
20	0	521	29
20	0	1356	30
21	0	417	29
21	0	1043	30
22	0	1200	30
23	0	626	29
24	0	469	29
24	0	1408	30
25	0	1461	30
26	0	782	30
27	0	626	30
28	0	834	30
29	0	939	30
30	0	1148	30
31	0	626	29
31	0	2035	30
32	0	1148	30
33	0	521	29
33	0	2191	30
34	0	782	30
35	0	574	29
35	0	1252	30
36	0	678	29
37	0	678	29
38	0	626	29
39	0	626	29
39	0	1565	30
40	0	574	29
40	0	939	30
41	0	782	30
42	0	626	29
42	0	1513	30
43	0	574	30
44	0	1930	30
45	0	730	29
45	0	1513	30
46	0	782	30
47	0	834	30
48	0	1565	30
49	0	678	30
50	0	1826	30
51	0	1513	30
52	0	887	30
53	0	678	30
55	0	678	29
56	0	1148	30
57	0	521	29
57	0	1148	30
58	0	678	30
59	0	521	29
59	0	1148	30
60	0	991	30
61	0	626	29
62	0	574	29
62	0	1461	30
63	0	834	30
64	0	1878	30
65	0	469	29
65	0	2087	30
66	0	1148	30
67	0	887	30
68	0	1356	30
69	0	626	30
70	0	626	30
71	0	1095	30
73	0	1982	30
74	0	782	30
75	0	626	29
76	0	1043	30
77	0	1461	30
78	0	1669	30
79	0	887	30
80	0	730	29
81	0	521	29
82	0	782	30
83	0	887	30
84	0	626	29
84	0	2295	30
85	0	2035	30
86	0	834	30
87	0	469	29
87	0	1095	30
88	0	887	30
89	0	626	29
89	0	1461	30
90	0	1148	30
91	0	626	29
92	0	574	29
92	0	1982	30
93	0	1304	30
94	0	2191	30
95	0	730	29
95	0	2243	30
96	0	939	30
97	0	1565	30
98	0	1930	30
99	0	1304	30
100	0	1669	30
101	0	782	30
102	0	678	30
103	0	1095	30
104	0	469	29
104	0	1461	30
105	0	1878	30
106	0	782	30
107	0	574	29
107	0	1304	30
108	0	574	29
108	0	2191	30
109	0	1252	30
110	0	574	29
110	0	1408	30
111	0	782	30
112	0	626	30
113	0	469	29
113	0	1356	30
114	0	574	29
115	0	1148	30
116	0	1252	30
117	0	1669	30
118	0	1095	30
119	0	1148	30
120	0	782	30
121	0	1617	30
122	0	626	29
122	0	2035	30
123	0	1930	30
124	0	678	29
124	0	991	30
125	0	678	30
126	0	469	29
126	0	939	30
127	0	574	29
127	0	1252	30
128	0	574	29
128	0	887	30
129	0	1200	30
130	0	469	29
131	0	574	29
131	0	1513	30
132	0	574	29
132	0	2191	30
133	0	782	30
134	0	991	30
135	0	521	29
135	0	1878	30
136	0	469	29
136	0	1095	30
137	0	730	30
138	0	574	29
138	0	939	30
139	0	626	29
139	0	1878	30
140	0	1304	30
141	0	521	29
141	0	1148	30
142	0	574	29
143	0	1252	30
144	0	1669	30
145	0	1148	30
146	0	574	29
146	0	1669	30
147	0	834	30
148	0	1252	30
149	0	574	29
149	0	1304	30
150	0	469	29
150	0	1356	30
151	0	1043	30
152	0	782	30
153	0	574	29
154	0	574	29
154	0	1304	30
155	0	521	29
155	0	939	30
156	0	521	29
156	0	1304	30
158	0	469	29
158	0	1617	30
159	0	574	29
159	0	991	30
160	0	782	30
161	0	1095	30
162	0	991	30
163	0	1461	30
164	0	469	29
164	0	1878	30
165	0	678	30
166	0	1826	30
167	0	574	29
169	0	626	29
169	0	991	30
170	0	574	29
170	0	1200	30
171	0	626	29
172	0	1095	30
173	0	1304	30
174	0	574	30
175	0	834	30
176	0	521	29
177	0	1565	30
178	0	2035	30
179	0	574	29
179	0	1617	30
180	0	1461	30
181	0	521	29
181	0	2295	30
182	0	939	30
183	0	626	30
184	0	1356	30
185	0	782	30
186	0	2087	30
187	0	887	30
188	0	1304	30
189	0	574	29
189	0	1513	30
190	0	1148	30
191	0	678	29
192	0	626	29
192	0	1513	30
193	0	521	29
193	0	1878	30
194	0	730	30
196	0	521	29
196	0	991	30
198	0	782	30
199	0	521	29
199	0	1043	30
200	0	1095	30
201	0	1304	30
202	0	887	30
203	0	626	30
204	0	574	29
204	0	1461	30
205	0	730	30
206	0	521	29
206	0	991	30
207	0	626	29
207	0	2243	30
208	0	521	29
208	0	1722	30
209	0	1930	30
210	0	574	30
211	0	1461	30
212	0	782	30
213	0	1878	30
214	0	1878	30
215	0	1252	30
216	0	939	30
217	0	521	29
217	0	1408	30
218	0	834	30
219	0	2087	30
220	0	1669	30
221	0	678	30
222	0	1043	30
223	0	626	30
224	0	678	29
224	0	1930	30
225	0	574	29
225	0	939	30
226	0	469	29
226	0	1304	30
227	0	834	30
228	0	521	29
228	0	1095	30
229	0	678	30
230	0	521	29
230	0	2139	30
231	0	469	29
231	0	887	30
232	0	574	29
232	0	1252	30
233	0	1095	30
234	0	2243	30
235	0	1304	30
236	0	730	30
237	0	626	30
238	0	1408	30
239	0	1617	30
240	0	574	29
240	0	1356	30
241	0	626	30
242	0	574	29
242	0	1565	30
243	0	521	29
243	0	887	30
244	0	521	29
244	0	834	30
245	0	1043	30
247	0	2295	30
248	0	521	29
248	0	991	30
249	0	521	29
250	0	521	29
250	0	1304	30
251	0	782	30
252	0	1461	30
253	0	521	29
253	0	2191	30
255	0	1304	30
256	0	1148	30
257	0	991	30
258	0	626	29
258	0	991	30
259	0	678	30
260	0	678	30
262	0	991	30
263	0	782	30
264	0	678	29
264	0	1878	30
265	0	626	29
266	0	574	29
266	0	1669	30
267	0	521	29
267	0	2087	30
268	0	1304	30
269	0	678	29
270	0	782	30
271	0	782	30
272	0	469	29
272	0	991	30
273	0	2139	30
274	0	1043	30
275	0	1826	30
277	0	1878	30
278	0	1252	30
279	0	1617	30
280	0	939	30
282	0	1826	30
283	0	1043	30
284	0	574	29
284	0	1200	30
285	0	1095	30
286	0	521	29
286	0	1252	30
287	0	1617	30
288	0	834	30
289	0	1356	30
291	0	730	29
292	0	1774	30
293	0	521	29
293	0	834	30
294	0	574	29
295	0	1408	30
296	0	574	29
296	0	1408	30
297	0	626	29
298	0	834	30
299	0	574	29
300	0	1408	30
301	0	521	29
301	0	1669	30
302	0	574	29
302	0	1617	30
303	0	469	29
303	0	1095	30
304	0	521	29
304	0	991	30
306	0	574	29
306	0	626	30
307	0	469	29
308	0	574	30
309	0	521	29
309	0	1148	30
310	0	782	30
311	0	939	30
312	0	887	30
313	0	678	29
314	0	1148	30
315	0	834	30
317	0	1252	30
318	0	1826	30
319	0	1095	30
320	0	1148	30
321	0	626	29
322	0	574	30
323	0	2191	30
324	0	1095	30
325	0	1252	30
326	0	574	29
326	0	991	30
327	0	1148	30
328	0	626	30
329	0	1200	30
330	0	678	30
331	0	626	29
331	0	991	30
332	0	626	29
332	0	1461	30
333	0	574	29
333	0	1774	30
334	0	1304	30
335	0	574	29
335	0	939	30
336	0	626	29
336	0	1408	30
337	0	1252	30
338	0	1304	30
339	0	678	29
340	0	1095	30
341	0	1095	30
342	0	521	29
342	0	1148	30
343	0	574	29
343	0	887	30
344	0	1930	30
345	0	521	29
345	0	1200	30
346	0	678	30
347	0	678	29
348	0	574	29
348	0	1565	30
349	0	574	29
349	0	1304	30
351	0	574	29
352	0	782	30
353	0	626	29
354	0	469	29
354	0	991	30
355	0	782	30
356	0	1200	30
357	0	730	30
358	0	626	30
360	0	574	29
361	0	730	30
362	0	1513	30
364	0	574	29
364	0	1930	30
365	0	1930	30
366	0	730	30
367	0	521	29
367	0	1930	30
368	0	574	29
368	0	887	30
369	0	574	29
369	0	1408	30
370	0	1617	30
371	0	521	29
371	0	1722	30
372	0	678	29
373	0	834	30
374	0	1356	30
375	0	1669	30
376	0	574	29
377	0	1148	30
378	0	887	30
379	0	730	29
379	0	1826	30
380	0	730	30
381	0	730	30
382	0	626	29
382	0	2139	30
383	0	1722	30
384	0	626	29
384	0	1982	30
385	0	834	30
386	0	678	30
387	0	521	29
387	0	1513	30
388	0	2087	30
389	0	626	29
390	0	574	29
390	0	991	30
391	0	678	30
392	0	1304	30
393	0	521	29
393	0	887	30
394	0	834	30
395	0	939	30
396	0	574	29
396	0	887	30
397	0	1148	30
398	0	469	29
399	0	521	29
399	0	1043	30
400	0	730	30
401	0	1982	30
402	0	782	30
403	0	1982	30
404	0	939	30
405	0	1304	30
406	0	574	29
406	0	1722	30
407	0	678	29
409	0	1356	30
410	0	939	30
411	0	469	29
411	0	1095	30
412	0	626	29
412	0	991	30
413	0	574	29
413	0	991	30
414	0	626	30
415	0	678	29
416	0	1722	30
417	0	574	29
417	0	1722	30
418	0	574	29
418	0	1461	30
419	0	469	29
419	0	1200	30
420	0	1043	30
421	0	2035	30
422	0	1148	30
423	0	1356	30
424	0	521	29
424	0	1200	30
425	0	782	30
426	0	1408	30
427	0	1878	30
428	0	521	29
429	0	574	30
430	0	521	29
430	0	1669	30
431	0	521	29
431	0	1565	30
432	0	782	30
433	0	782	30
434	0	834	30
435	0	469	29
435	0	991	30
436	0	626	29
436	0	991	30
437	0	521	29
437	0	1878	30
438	0	730	30
439	0	887	30
440	0	626	30
441	0	2087	30
442	0	730	30
443	0	939	30
444	0	1878	30
445	0	574	29
445	0	939	30
446	0	626	29
446	0	2191	30
447	0	1826	30
448	0	939	30
449	0	1982	30
450	0	2139	30
451	0	678	30
452	0	730	30
453	0	521	29
453	0	1148	30
454	0	1669	30
455	0	1095	30
456	0	1095	30
457	0	730	30
458	0	1826	30
459	0	626	30
460	0	574	29
460	0	2087	30
461	0	521	29
461	0	1461	30
462	0	834	30
463	0	574	29
463	0	1356	30
464	0	1095	30
465	0	574	29
465	0	1930	30
466	0	574	29
466	0	1043	30
467	0	469	29
467	0	991	30
468	0	574	29
468	0	1930	30
469	0	521	29
469	0	1252	30
470	0	991	30
471	0	991	30
472	0	521	29
472	0	1826	30
473	0	521	29
473	0	1774	30
474	0	521	29
474	0	1148	30
475	0	939	30
476	0	1669	30
477	0	1304	30
478	0	887	30
480	0	991	30
481	0	574	29
481	0	1200	30
482	0	834	30
483	0	1565	30
484	0	1930	30
485	0	1513	30
486	0	1200	30
487	0	574	29
487	0	2139	30
488	0	1148	30
489	0	574	29
489	0	991	30
490	0	782	30
491	0	730	29
491	0	1930	30
492	0	1304	30
493	0	939	30
494	0	521	29
494	0	2243	30
495	0	991	30
496	0	469	29
496	0	1565	30
497	0	469	29
498	0	574	29
499	0	782	30
500	0	574	29
500	0	1304	30
501	0	1200	30
502	0	991	30
503	0	574	29
503	0	1095	30
504	0	2243	30
505	0	1252	30
506	0	991	30
507	0	1200	30
508	0	678	29
508	0	1878	30
510	0	1930	30
512	0	939	30
513	0	939	30
514	0	626	29
514	0	1774	30
515	0	521	29
515	0	1148	30
516	0	1669	30
517	0	1200	30
518	0	939	30
519	0	521	29
519	0	1513	30
520	0	574	29
520	0	2087	30
521	0	574	29
521	0	1408	30
522	0	1043	30
523	0	730	30
525	0	574	29
525	0	1095	30
526	0	1878	30
527	0	521	29
527	0	2191	30
528	0	574	29
528	0	939	30
529	0	626	29
529	0	991	30
530	0	1304	30
531	0	1043	30
532	0	1095	30
533	0	2035	30
534	0	626	29
534	0	991	30
535	0	1930	30
536	0	1304	30
537	0	730	30
538	0	521	29
538	0	834	30
539	0	574	29
540	0	678	30
541	0	469	29
541	0	1982	30
542	0	887	30
543	0	1200	30
544	0	521	29
544	0	1095	30
545	0	1669	30
546	0	1095	30
547	0	626	29
547	0	1252	30
548	0	1304	30
549	0	1148	30
550	0	574	29
550	0	939	30
551	0	469	29
551	0	1095	30
552	0	1669	30
553	0	782	30
554	0	469	29
554	0	939	30
555	0	521	29
555	0	991	30
556	0	626	30
557	0	1565	30
558	0	574	29
558	0	626	30
559	0	1304	30
560	0	1304	30
561	0	1043	30
562	0	782	30
563	0	991	30
564	0	1304	30
565	0	574	29
565	0	1356	30
566	0	574	29
566	0	2243	30
567	0	834	30
568	0	521	29
568	0	1304	30
569	0	574	29
570	0	1148	30
571	0	521	29
571	0	1826	30
572	0	1356	30
573	0	1565	30
574	0	887	30
575	0	521	29
575	0	939	30
576	0	1095	30
577	0	626	29
577	0	991	30
578	0	574	30
579	0	574	29
580	0	2295	30
581	0	1408	30
582	0	730	30
583	0	626	29
583	0	991	30
584	0	574	29
584	0	2035	30
585	0	574	29
585	0	887	30
586	0	521	29
586	0	1304	30
587	0	469	29
587	0	887	30
588	0	730	30
589	0	469	29
589	0	887	30
590	0	678	29
591	0	1461	30
593	0	521	29
593	0	2295	30
594	0	678	30
595	0	574	29
595	0	1095	30
596	0	782	30
597	0	678	29
598	0	521	29
598	0	991	30
599	0	574	29
599	0	939	30
600	0	1930	30
601	0	626	29
602	0	1148	30
603	0	626	30
604	0	1095	30
605	0	1408	30
606	0	574	29
606	0	1356	30
607	0	521	29
607	0	1304	30
608	0	469	29
608	0	1513	30
610	0	2191	30
611	0	626	30
612	0	1200	30
613	0	1200	30
614	0	1148	30
615	0	626	30
616	0	991	30
617	0	1878	30
619	0	1148	30
620	0	574	29
620	0	2243	30
621	0	1304	30
622	0	574	30
623	0	1461	30
624	0	469	29
625	0	1095	30
626	0	678	30
627	0	574	29
627	0	1669	30
628	0	521	29
628	0	1617	30
629	0	521	29
630	0	730	30
631	0	939	30
632	0	574	29
632	0	887	30
633	0	1148	30
634	0	1200	30
635	0	1304	30
637	0	1408	30
638	0	1826	30
639	0	574	30
640	0	1878	30
641	0	626	30
642	0	1148	30
644	0	626	29
645	0	1095	30
646	0	574	29
646	0	1304	30
647	0	1722	30
648	0	834	30
649	0	834	30
650	0	1826	30
651	0	626	29
652	0	574	29
652	0	1669	30
653	0	782	30
654	0	469	29
654	0	2295	30
655	0	469	29
655	0	1722	30
656	0	574	30
657	0	469	29
658	0	782	30
659	0	1095	30
660	0	1252	30
661	0	626	29
662	0	521	29
662	0	1722	30
663	0	1356	30
664	0	626	29
664	0	1982	30
665	0	626	29
666	0	626	29
666	0	991	30
667	0	678	30
668	0	939	30
669	0	1043	30
670	0	887	30
671	0	1461	30
672	0	991	30
673	0	834	30
674	0	782	30
675	0	1304	30
676	0	574	29
676	0	1095	30
677	0	1043	30
678	0	574	29
678	0	1669	30
679	0	1252	30
680	0	1356	30
681	0	939	30
682	0	469	29
682	0	2087	30
683	0	1200	30
684	0	1356	30
685	0	678	30
686	0	574	29
687	0	1148	30
688	0	1095	30
689	0	1200	30
690	0	574	30
691	0	626	29
691	0	1982	30
692	0	939	30
693	0	626	30
694	0	887	30
695	0	521	29
695	0	939	30
696	0	782	30
697	0	521	29
697	0	1356	30
698	0	1722	30
699	0	834	30
700	0	626	30
701	0	626	30
702	0	678	30
703	0	469	29
703	0	834	30
705	0	678	29
706	0	521	29
706	0	991	30
707	0	574	29
707	0	1878	30
708	0	1148	30
709	0	469	29
709	0	1356	30
710	0	521	29
710	0	1200	30
711	0	1095	30
712	0	1095	30
713	0	1565	30
714	0	678	29
714	0	991	30
715	0	626	29
715	0	2243	30
716	0	574	29
716	0	991	30
717	0	834	30
718	0	469	29
718	0	1565	30
719	0	521	29
720	0	1878	30
721	0	574	29
721	0	1669	30
722	0	469	29
722	0	991	30
723	0	834	30
724	0	730	30
725	0	834	30
726	0	469	29
726	0	1461	30
727	0	1617	30
728	0	1878	30
729	0	678	29
730	0	834	30
731	0	574	29
731	0	2035	30
732	0	678	29
733	0	574	29
733	0	1461	30
734	0	469	29
734	0	1722	30
735	0	1878	30
736	0	834	30
737	0	574	29
737	0	1617	30
738	0	521	29
738	0	1461	30
739	0	1095	30
740	0	2243	30
741	0	782	30
742	0	574	29
742	0	1252	30
743	0	521	29
743	0	939	30
744	0	1043	30
745	0	939	30
746	0	1304	30
747	0	939	30
748	0	2035	30
749	0	574	29
750	0	626	29
750	0	2035	30
751	0	1356	30
752	0	939	30
753	0	574	29
753	0	1200	30
754	0	574	29
754	0	1461	30
755	0	574	29
755	0	1930	30
756	0	574	29
756	0	1356	30
757	0	1722	30
758	0	574	29
758	0	991	30
759	0	1669	30
760	0	678	30
761	0	469	29
761	0	1982	30
762	0	521	29
762	0	1826	30
763	0	1617	30
764	0	939	30
765	0	469	29
765	0	1826	30
766	0	626	29
767	0	1043	30
768	0	1252	30
769	0	626	29
770	0	1930	30
771	0	1148	30
772	0	1304	30
773	0	1722	30
774	0	521	29
774	0	1252	30
775	0	521	29
776	0	469	29
776	0	887	30
778	0	678	29
778	0	2087	30
779	0	1930	30
780	0	626	29
781	0	521	29
781	0	1304	30
782	0	834	30
783	0	1722	30
784	0	574	30
785	0	782	30
786	0	1148	30
787	0	1669	30
788	0	469	29
788	0	2191	30
789	0	1148	30
790	0	991	30
791	0	1669	30
792	0	782	30
793	0	574	29
793	0	626	30
794	0	521	29
794	0	834	30
795	0	1826	30
796	0	1669	30
797	0	782	30
798	0	834	30
800	0	1095	30
801	0	1669	30
802	0	521	29
803	0	574	29
803	0	1200	30
804	0	626	30
806	0	1148	30
807	0	626	29
807	0	991	30
808	0	2035	30
809	0	2087	30
810	0	574	29
810	0	626	30
811	0	521	29
811	0	1722	30
812	0	469	29
812	0	1461	30
813	0	939	30
814	0	939	30
815	0	469	29
816	0	1148	30
818	0	574	29
818	0	1878	30
819	0	1252	30
820	0	678	30
821	0	1095	30
822	0	521	29
822	0	1930	30
823	0	626	29
823	0	991	30
824	0	1148	30
825	0	1304	30
826	0	1095	30
827	0	574	29
828	0	1095	30
829	0	1669	30
830	0	1461	30
831	0	469	29
831	0	1356	30
832	0	678	29
832	0	1826	30
833	0	574	29
834	0	678	29
834	0	1982	30
835	0	939	30
836	0	1982	30
837	0	1617	30
838	0	574	29
838	0	1304	30
839	0	1304	30
840	0	469	29
840	0	991	30
841	0	678	30
842	0	991	30
843	0	626	29
843	0	1826	30
844	0	1252	30
845	0	1252	30
846	0	1356	30
847	0	1252	30
848	0	469	29
848	0	939	30
850	0	521	29
850	0	1148	30
852	0	939	30
853	0	1669	30
854	0	1095	30
855	0	574	30
856	0	678	29
857	0	1669	30
858	0	834	30
859	0	2035	30
860	0	1408	30
861	0	626	29
862	0	1826	30
863	0	678	30
864	0	521	29
864	0	1148	30
865	0	521	29
865	0	2139	30
866	0	574	29
866	0	1930	30
867	0	782	30
868	0	678	30
869	0	626	30
870	0	1148	30
871	0	782	30
873	0	730	30
874	0	782	30
875	0	626	30
876	0	521	29
877	0	521	29
877	0	991	30
878	0	1148	30
879	0	730	30
880	0	626	29
880	0	991	30
881	0	782	30
882	0	1252	30
883	0	1982	30
884	0	574	29
884	0	2139	30
885	0	678	29
885	0	1095	30
886	0	1148	30
887	0	782	30
888	0	1356	30
889	0	1669	30
890	0	1148	30
891	0	834	30
892	0	1252	30
893	0	730	30
894	0	730	30
895	0	626	30
896	0	626	29
897	0	626	30
898	0	469	29
898	0	1252	30
899	0	574	29
899	0	991	30
900	0	939	30
901	0	574	29
902	0	939	30
903	0	574	30
904	0	1304	30
905	0	1148	30
906	0	678	30
907	0	1878	30
908	0	574	29
908	0	1774	30
909	0	1826	30
910	0	1148	30
911	0	991	30
912	0	782	30
913	0	1252	30
914	0	1043	30
915	0	1200	30
916	0	521	29
916	0	1252	30
917	0	574	29
917	0	2243	30
918	0	1252	30
919	0	1252	30
920	0	1043	30
921	0	730	30
922	0	730	30
923	0	1148	30
924	0	574	30
925	0	626	29
926	0	521	29
926	0	1513	30
927	0	730	30
928	0	1930	30
929	0	626	29
929	0	1513	30
930	0	939	30
931	0	521	29
931	0	887	30
932	0	1148	30
933	0	1148	30
934	0	1356	30
935	0	626	30
936	0	939	30
937	0	991	30
938	0	939	30
939	0	626	29
940	0	469	29
940	0	1565	30
941	0	521	29
941	0	1252	30
942	0	469	29
942	0	1200	30
943	0	469	29
944	0	782	30
945	0	1408	30
946	0	782	30
947	0	678	29
947	0	1826	30
948	0	574	29
948	0	1826	30
949	0	469	29
949	0	1095	30
950	0	626	29
950	0	991	30
951	0	1617	30
952	0	1826	30
953	0	678	29
954	0	469	29
954	0	1722	30
955	0	1565	30
956	0	521	29
957	0	1304	30
958	0	1408	30
959	0	1826	30
960	0	626	29
960	0	1982	30
961	0	887	30
962	0	2035	30
963	0	730	30
964	0	469	29
964	0	939	30
965	0	1148	30
966	0	521	29
966	0	1356	30
967	0	678	29
968	0	730	30
969	0	574	29
969	0	1565	30
971	0	574	29
971	0	1617	30
972	0	521	29
972	0	1043	30
973	0	626	30
974	0	574	30
975	0	1304	30
976	0	678	30
977	0	2035	30
978	0	521	29
978	0	1408	30
979	0	1200	30
980	0	2087	30
981	0	887	30
982	0	469	29
983	0	521	29
983	0	991	30
984	0	1356	30
985	0	1043	30
986	0	1982	30
987	0	1461	30
988	0	678	30
989	0	521	29
989	0	1252	30
990	0	1565	30
991	0	1200	30
992	0	2035	30
993	0	730	30
994	0	2035	30
995	0	574	29
995	0	939	30
996	0	1095	30
998	0	834	30
999	0	1669	30
0	1	626	29
0	1	991	30
1	1	626	29
1	1	991	30
2	1	469	29
3	1	1148	30
4	1	574	29
4	1	1356	30
5	1	678	30
6	1	730	30
7	1	626	30
8	1	887	30
9	1	1982	30
10	1	521	29
10	1	939	30
12	1	1304	30
13	1	1356	30
14	1	469	29
14	1	991	30
15	1	730	30
16	1	574	29
16	1	1461	30
17	1	574	29
17	1	1878	30
18	1	626	30
19	1	1878	30
20	1	521	29
20	1	1356	30
21	1	417	29
21	1	1043	30
22	1	1200	30
23	1	626	29
24	1	469	29
24	1	1408	30
25	1	1461	30
26	1	782	30
27	1	626	30
28	1	834	30
29	1	939	30
30	1	1148	30
31	1	626	29
31	1	2035	30
32	1	1148	30
33	1	521	29
33	1	2191	30
34	1	782	30
35	1	574	29
35	1	1252	30
36	1	678	29
37	1	678	29
38	1	626	29
39	1	626	29
39	1	1565	30
40	1	574	29
40	1	939	30
41	1	782	30
42	1	626	29
42	1	1513	30
43	1	574	30
44	1	1930	30
45	1	730	29
45	1	1513	30
46	1	782	30
47	1	834	30
48	1	1565	30
49	1	678	30
50	1	1826	30
51	1	1513	30
52	1	887	30
53	1	678	30
55	1	678	29
56	1	1148	30
57	1	521	29
57	1	1148	30
58	1	678	30
59	1	521	29
59	1	1148	30
60	1	991	30
61	1	626	29
62	1	574	29
62	1	1461	30
63	1	834	30
64	1	1878	30
65	1	469	29
65	1	2087	30
66	1	1148	30
67	1	887	30
68	1	1356	30
69	1	626	30
70	1	626	30
71	1	1095	30
73	1	1982	30
74	1	782	30
75	1	626	29
76	1	1043	30
77	1	1461	30
78	1	1669	30
79	1	887	30
80	1	730	29
81	1	521	29
82	1	782	30
83	1	887	30
84	1	626	29
84	1	2295	30
85	1	2035	30
86	1	834	30
87	1	469	29
87	1	1095	30
88	1	887	30
89	1	626	29
89	1	1461	30
90	1	1148	30
91	1	626	29
92	1	574	29
92	1	1982	30
93	1	1304	30
94	1	2191	30
95	1	730	29
95	1	2243	30
96	1	939	30
97	1	1565	30
98	1	1930	30
99	1	1304	30
100	1	1669	30
101	1	782	30
102	1	678	30
103	1	1095	30
104	1	469	29
104	1	1461	30
105	1	1878	30
106	1	782	30
107	1	574	29
107	1	1304	30
108	1	574	29
108	1	2191	30
109	1	1252	30
110	1	574	29
110	1	1408	30
111	1	782	30
112	1	626	30
113	1	469	29
113	1	1356	30
114	1	574	29
115	1	1148	30
116	1	1252	30
117	1	1669	30
118	1	1095	30
119	1	1148	30
120	1	782	30
121	1	1617	30
122	1	626	29
122	1	2035	30
123	1	1930	30
124	1	678	29
124	1	991	30
125	1	678	30
126	1	469	29
126	1	939	30
127	1	574	29
127	1	1252	30
128	1	574	29
128	1	887	30
129	1	1200	30
130	1	469	29
131	1	574	29
131	1	1513	30
132	1	574	29
132	1	2191	30
133	1	782	30
134	1	991	30
135	1	521	29
135	1	1878	30
136	1	469	29
136	1	1095	30
137	1	730	30
138	1	574	29
138	1	939	30
139	1	626	29
139	1	1878	30
140	1	1304	30
141	1	521	29
141	1	1148	30
142	1	574	29
143	1	1252	30
144	1	1669	30
145	1	1148	30
146	1	574	29
146	1	1669	30
147	1	834	30
148	1	1252	30
149	1	574	29
149	1	1304	30
150	1	469	29
150	1	1356	30
151	1	1043	30
152	1	782	30
153	1	574	29
154	1	574	29
154	1	1304	30
155	1	521	29
155	1	939	30
156	1	521	29
156	1	1304	30
158	1	469	29
158	1	1617	30
159	1	574	29
159	1	991	30
160	1	782	30
161	1	1095	30
162	1	991	30
163	1	1461	30
164	1	469	29
164	1	1878	30
165	1	678	30
166	1	1826	30
167	1	574	29
169	1	626	29
169	1	991	30
170	1	574	29
170	1	1200	30
171	1	626	29
172	1	1095	30
173	1	1304	30
174	1	574	30
175	1	834	30
176	1	521	29
177	1	1565	30
178	1	2035	30
179	1	574	29
179	1	1617	30
180	1	1461	30
181	1	521	29
181	1	2295	30
182	1	939	30
183	1	626	30
184	1	1356	30
185	1	782	30
186	1	2087	30
187	1	887	30
188	1	1304	30
189	1	574	29
189	1	1513	30
190	1	1148	30
191	1	678	29
192	1	626	29
192	1	1513	30
193	1	521	29
193	1	1878	30
194	1	730	30
196	1	521	29
196	1	991	30
198	1	782	30
199	1	521	29
199	1	1043	30
200	1	1095	30
201	1	1304	30
202	1	887	30
203	1	626	30
204	1	574	29
204	1	1461	30
205	1	730	30
206	1	521	29
206	1	991	30
207	1	626	29
207	1	2243	30
208	1	521	29
208	1	1722	30
209	1	1930	30
210	1	574	30
211	1	1461	30
212	1	782	30
213	1	1878	30
214	1	1878	30
215	1	1252	30
216	1	939	30
217	1	521	29
217	1	1408	30
218	1	834	30
219	1	2087	30
220	1	1669	30
221	1	678	30
222	1	1043	30
223	1	626	30
224	1	678	29
224	1	1930	30
225	1	574	29
225	1	939	30
226	1	469	29
226	1	1304	30
227	1	834	30
228	1	521	29
228	1	1095	30
229	1	678	30
230	1	521	29
230	1	2139	30
231	1	469	29
231	1	887	30
232	1	574	29
232	1	1252	30
233	1	1095	30
234	1	2243	30
235	1	1304	30
236	1	730	30
237	1	626	30
238	1	1408	30
239	1	1617	30
240	1	574	29
240	1	1356	30
241	1	626	30
242	1	574	29
242	1	1565	30
243	1	521	29
243	1	887	30
244	1	521	29
244	1	834	30
245	1	1043	30
247	1	2295	30
248	1	521	29
248	1	991	30
249	1	521	29
250	1	521	29
250	1	1304	30
251	1	782	30
252	1	1461	30
253	1	521	29
253	1	2191	30
255	1	1304	30
256	1	1148	30
257	1	991	30
258	1	626	29
258	1	991	30
259	1	678	30
260	1	678	30
262	1	991	30
263	1	782	30
264	1	678	29
264	1	1878	30
265	1	626	29
266	1	574	29
266	1	1669	30
267	1	521	29
267	1	2087	30
268	1	1304	30
269	1	678	29
270	1	782	30
271	1	782	30
272	1	469	29
272	1	991	30
273	1	2139	30
274	1	1043	30
275	1	1826	30
277	1	1878	30
278	1	1252	30
279	1	1617	30
280	1	939	30
282	1	1826	30
283	1	1043	30
284	1	574	29
284	1	1200	30
285	1	1095	30
286	1	521	29
286	1	1252	30
287	1	1617	30
288	1	834	30
289	1	1356	30
291	1	730	29
292	1	1774	30
293	1	521	29
293	1	834	30
294	1	574	29
295	1	1408	30
296	1	574	29
296	1	1408	30
297	1	626	29
298	1	834	30
299	1	574	29
300	1	1408	30
301	1	521	29
301	1	1669	30
302	1	574	29
302	1	1617	30
303	1	469	29
303	1	1095	30
304	1	521	29
304	1	991	30
306	1	574	29
306	1	626	30
307	1	469	29
308	1	574	30
309	1	521	29
309	1	1148	30
310	1	782	30
311	1	939	30
312	1	887	30
313	1	678	29
314	1	1148	30
315	1	834	30
317	1	1252	30
318	1	1826	30
319	1	1095	30
320	1	1148	30
321	1	626	29
322	1	574	30
323	1	2191	30
324	1	1095	30
325	1	1252	30
326	1	574	29
326	1	991	30
327	1	1148	30
328	1	626	30
329	1	1200	30
330	1	678	30
331	1	626	29
331	1	991	30
332	1	626	29
332	1	1461	30
333	1	574	29
333	1	1774	30
334	1	1304	30
335	1	574	29
335	1	939	30
336	1	626	29
336	1	1408	30
337	1	1252	30
338	1	1304	30
339	1	678	29
340	1	1095	30
341	1	1095	30
342	1	521	29
342	1	1148	30
343	1	574	29
343	1	887	30
344	1	1930	30
345	1	521	29
345	1	1200	30
346	1	678	30
347	1	678	29
348	1	574	29
348	1	1565	30
349	1	574	29
349	1	1304	30
351	1	574	29
352	1	782	30
353	1	626	29
354	1	469	29
354	1	991	30
355	1	782	30
356	1	1200	30
357	1	730	30
358	1	626	30
360	1	574	29
361	1	730	30
362	1	1513	30
364	1	574	29
364	1	1930	30
365	1	1930	30
366	1	730	30
367	1	521	29
367	1	1930	30
368	1	574	29
368	1	887	30
369	1	574	29
369	1	1408	30
370	1	1617	30
371	1	521	29
371	1	1722	30
372	1	678	29
373	1	834	30
374	1	1356	30
375	1	1669	30
376	1	574	29
377	1	1148	30
378	1	887	30
379	1	730	29
379	1	1826	30
380	1	730	30
381	1	730	30
382	1	626	29
382	1	2139	30
383	1	1722	30
384	1	626	29
384	1	1982	30
385	1	834	30
386	1	678	30
387	1	521	29
387	1	1513	30
388	1	2087	30
389	1	626	29
390	1	574	29
390	1	991	30
391	1	678	30
392	1	1304	30
393	1	521	29
393	1	887	30
394	1	834	30
395	1	939	30
396	1	574	29
396	1	887	30
397	1	1148	30
398	1	469	29
399	1	521	29
399	1	1043	30
400	1	730	30
401	1	1982	30
402	1	782	30
403	1	1982	30
404	1	939	30
405	1	1304	30
406	1	574	29
406	1	1722	30
407	1	678	29
409	1	1356	30
410	1	939	30
411	1	469	29
411	1	1095	30
412	1	626	29
412	1	991	30
413	1	574	29
413	1	991	30
414	1	626	30
415	1	678	29
416	1	1722	30
417	1	574	29
417	1	1722	30
418	1	574	29
418	1	1461	30
419	1	469	29
419	1	1200	30
420	1	1043	30
421	1	2035	30
422	1	1148	30
423	1	1356	30
424	1	521	29
424	1	1200	30
425	1	782	30
426	1	1408	30
427	1	1878	30
428	1	521	29
429	1	574	30
430	1	521	29
430	1	1669	30
431	1	521	29
431	1	1565	30
432	1	782	30
433	1	782	30
434	1	834	30
435	1	469	29
435	1	991	30
436	1	626	29
436	1	991	30
437	1	521	29
437	1	1878	30
438	1	730	30
439	1	887	30
440	1	626	30
441	1	2087	30
442	1	730	30
443	1	939	30
444	1	1878	30
445	1	574	29
445	1	939	30
446	1	626	29
446	1	2191	30
447	1	1826	30
448	1	939	30
449	1	1982	30
450	1	2139	30
451	1	678	30
452	1	730	30
453	1	521	29
453	1	1148	30
454	1	1669	30
455	1	1095	30
456	1	1095	30
457	1	730	30
458	1	1826	30
459	1	626	30
460	1	574	29
460	1	2087	30
461	1	521	29
461	1	1461	30
462	1	834	30
463	1	574	29
463	1	1356	30
464	1	1095	30
465	1	574	29
465	1	1930	30
466	1	574	29
466	1	1043	30
467	1	469	29
467	1	991	30
468	1	574	29
468	1	1930	30
469	1	521	29
469	1	1252	30
470	1	991	30
471	1	991	30
472	1	521	29
472	1	1826	30
473	1	521	29
473	1	1774	30
474	1	521	29
474	1	1148	30
475	1	939	30
476	1	1669	30
477	1	1304	30
478	1	887	30
480	1	991	30
481	1	574	29
481	1	1200	30
482	1	834	30
483	1	1565	30
484	1	1930	30
485	1	1513	30
486	1	1200	30
487	1	574	29
487	1	2139	30
488	1	1148	30
489	1	574	29
489	1	991	30
490	1	782	30
491	1	730	29
491	1	1930	30
492	1	1304	30
493	1	939	30
494	1	521	29
494	1	2243	30
495	1	991	30
496	1	469	29
496	1	1565	30
497	1	469	29
498	1	574	29
499	1	782	30
500	1	574	29
500	1	1304	30
501	1	1200	30
502	1	991	30
503	1	574	29
503	1	1095	30
504	1	2243	30
505	1	1252	30
506	1	991	30
507	1	1200	30
508	1	678	29
508	1	1878	30
510	1	1930	30
512	1	939	30
513	1	939	30
514	1	626	29
514	1	1774	30
515	1	521	29
515	1	1148	30
516	1	1669	30
517	1	1200	30
518	1	939	30
519	1	521	29
519	1	1513	30
520	1	574	29
520	1	2087	30
521	1	574	29
521	1	1408	30
522	1	1043	30
523	1	730	30
525	1	574	29
525	1	1095	30
526	1	1878	30
527	1	521	29
527	1	2191	30
528	1	574	29
528	1	939	30
529	1	626	29
529	1	991	30
530	1	1304	30
531	1	1043	30
532	1	1095	30
533	1	2035	30
534	1	626	29
534	1	991	30
535	1	1930	30
536	1	1304	30
537	1	730	30
538	1	521	29
538	1	834	30
539	1	574	29
540	1	678	30
541	1	469	29
541	1	1982	30
542	1	887	30
543	1	1200	30
544	1	521	29
544	1	1095	30
545	1	1669	30
546	1	1095	30
547	1	626	29
547	1	1252	30
548	1	1304	30
549	1	1148	30
550	1	574	29
550	1	939	30
551	1	469	29
551	1	1095	30
552	1	1669	30
553	1	782	30
554	1	469	29
554	1	939	30
555	1	521	29
555	1	991	30
556	1	626	30
557	1	1565	30
558	1	574	29
558	1	626	30
559	1	1304	30
560	1	1304	30
561	1	1043	30
562	1	782	30
563	1	991	30
564	1	1304	30
565	1	574	29
565	1	1356	30
566	1	574	29
566	1	2243	30
567	1	834	30
568	1	521	29
568	1	1304	30
569	1	574	29
570	1	1148	30
571	1	521	29
571	1	1826	30
572	1	1356	30
573	1	1565	30
574	1	887	30
575	1	521	29
575	1	939	30
576	1	1095	30
577	1	626	29
577	1	991	30
578	1	574	30
579	1	574	29
580	1	2295	30
581	1	1408	30
582	1	730	30
583	1	626	29
583	1	991	30
584	1	574	29
584	1	2035	30
585	1	574	29
585	1	887	30
586	1	521	29
586	1	1304	30
587	1	469	29
587	1	887	30
588	1	730	30
589	1	469	29
589	1	887	30
590	1	678	29
591	1	1461	30
593	1	521	29
593	1	2295	30
594	1	678	30
595	1	574	29
595	1	1095	30
596	1	782	30
597	1	678	29
598	1	521	29
598	1	991	30
599	1	574	29
599	1	939	30
600	1	1930	30
601	1	626	29
602	1	1148	30
603	1	626	30
604	1	1095	30
605	1	1408	30
606	1	574	29
606	1	1356	30
607	1	521	29
607	1	1304	30
608	1	469	29
608	1	1513	30
610	1	2191	30
611	1	626	30
612	1	1200	30
613	1	1200	30
614	1	1148	30
615	1	626	30
616	1	991	30
617	1	1878	30
619	1	1148	30
620	1	574	29
620	1	2243	30
621	1	1304	30
622	1	574	30
623	1	1461	30
624	1	469	29
625	1	1095	30
626	1	678	30
627	1	574	29
627	1	1669	30
628	1	521	29
628	1	1617	30
629	1	521	29
630	1	730	30
631	1	939	30
632	1	574	29
632	1	887	30
633	1	1148	30
634	1	1200	30
635	1	1304	30
637	1	1408	30
638	1	1826	30
639	1	574	30
640	1	1878	30
641	1	626	30
642	1	1148	30
644	1	626	29
645	1	1095	30
646	1	574	29
646	1	1304	30
647	1	1722	30
648	1	834	30
649	1	834	30
650	1	1826	30
651	1	626	29
652	1	574	29
652	1	1669	30
653	1	782	30
654	1	469	29
654	1	2295	30
655	1	469	29
655	1	1722	30
656	1	574	30
657	1	469	29
658	1	782	30
659	1	1095	30
660	1	1252	30
661	1	626	29
662	1	521	29
662	1	1722	30
663	1	1356	30
664	1	626	29
664	1	1982	30
665	1	626	29
666	1	626	29
666	1	991	30
667	1	678	30
668	1	939	30
669	1	1043	30
670	1	887	30
671	1	1461	30
672	1	991	30
673	1	834	30
674	1	782	30
675	1	1304	30
676	1	574	29
676	1	1095	30
677	1	1043	30
678	1	574	29
678	1	1669	30
679	1	1252	30
680	1	1356	30
681	1	939	30
682	1	469	29
682	1	2087	30
683	1	1200	30
684	1	1356	30
685	1	678	30
686	1	574	29
687	1	1148	30
688	1	1095	30
689	1	1200	30
690	1	574	30
691	1	626	29
691	1	1982	30
692	1	939	30
693	1	626	30
694	1	887	30
695	1	521	29
695	1	939	30
696	1	782	30
697	1	521	29
697	1	1356	30
698	1	1722	30
699	1	834	30
700	1	626	30
701	1	626	30
702	1	678	30
703	1	469	29
703	1	834	30
705	1	678	29
706	1	521	29
706	1	991	30
707	1	574	29
707	1	1878	30
708	1	1148	30
709	1	469	29
709	1	1356	30
710	1	521	29
710	1	1200	30
711	1	1095	30
712	1	1095	30
713	1	1565	30
714	1	678	29
714	1	991	30
715	1	626	29
715	1	2243	30
716	1	574	29
716	1	991	30
717	1	834	30
718	1	469	29
718	1	1565	30
719	1	521	29
720	1	1878	30
721	1	574	29
721	1	1669	30
722	1	469	29
722	1	991	30
723	1	834	30
724	1	730	30
725	1	834	30
726	1	469	29
726	1	1461	30
727	1	1617	30
728	1	1878	30
729	1	678	29
730	1	834	30
731	1	574	29
731	1	2035	30
732	1	678	29
733	1	574	29
733	1	1461	30
734	1	469	29
734	1	1722	30
735	1	1878	30
736	1	834	30
737	1	574	29
737	1	1617	30
738	1	521	29
738	1	1461	30
739	1	1095	30
740	1	2243	30
741	1	782	30
742	1	574	29
742	1	1252	30
743	1	521	29
743	1	939	30
744	1	1043	30
745	1	939	30
746	1	1304	30
747	1	939	30
748	1	2035	30
749	1	574	29
750	1	626	29
750	1	2035	30
751	1	1356	30
752	1	939	30
753	1	574	29
753	1	1200	30
754	1	574	29
754	1	1461	30
755	1	574	29
755	1	1930	30
756	1	574	29
756	1	1356	30
757	1	1722	30
758	1	574	29
758	1	991	30
759	1	1669	30
760	1	678	30
761	1	469	29
761	1	1982	30
762	1	521	29
762	1	1826	30
763	1	1617	30
764	1	939	30
765	1	469	29
765	1	1826	30
766	1	626	29
767	1	1043	30
768	1	1252	30
769	1	626	29
770	1	1930	30
771	1	1148	30
772	1	1304	30
773	1	1722	30
774	1	521	29
774	1	1252	30
775	1	521	29
776	1	469	29
776	1	887	30
778	1	678	29
778	1	2087	30
779	1	1930	30
780	1	626	29
781	1	521	29
781	1	1304	30
782	1	834	30
783	1	1722	30
784	1	574	30
785	1	782	30
786	1	1148	30
787	1	1669	30
788	1	469	29
788	1	2191	30
789	1	1148	30
790	1	991	30
791	1	1669	30
792	1	782	30
793	1	574	29
793	1	626	30
794	1	521	29
794	1	834	30
795	1	1826	30
796	1	1669	30
797	1	782	30
798	1	834	30
800	1	1095	30
801	1	1669	30
802	1	521	29
803	1	574	29
803	1	1200	30
804	1	626	30
806	1	1148	30
807	1	626	29
807	1	991	30
808	1	2035	30
809	1	2087	30
810	1	574	29
810	1	626	30
811	1	521	29
811	1	1722	30
812	1	469	29
812	1	1461	30
813	1	939	30
814	1	939	30
815	1	469	29
816	1	1148	30
818	1	574	29
818	1	1878	30
819	1	1252	30
820	1	678	30
821	1	1095	30
822	1	521	29
822	1	1930	30
823	1	626	29
823	1	991	30
824	1	1148	30
825	1	1304	30
826	1	1095	30
827	1	574	29
828	1	1095	30
829	1	1669	30
830	1	1461	30
831	1	469	29
831	1	1356	30
832	1	678	29
832	1	1826	30
833	1	574	29
834	1	678	29
834	1	1982	30
835	1	939	30
836	1	1982	30
837	1	1617	30
838	1	574	29
838	1	1304	30
839	1	1304	30
840	1	469	29
840	1	991	30
841	1	678	30
842	1	991	30
843	1	626	29
843	1	1826	30
844	1	1252	30
845	1	1252	30
846	1	1356	30
847	1	1252	30
848	1	469	29
848	1	939	30
850	1	521	29
850	1	1148	30
852	1	939	30
853	1	1669	30
854	1	1095	30
855	1	574	30
856	1	678	29
857	1	1669	30
858	1	834	30
859	1	2035	30
860	1	1408	30
861	1	626	29
862	1	1826	30
863	1	678	30
864	1	521	29
864	1	1148	30
865	1	521	29
865	1	2139	30
866	1	574	29
866	1	1930	30
867	1	782	30
868	1	678	30
869	1	626	30
870	1	1148	30
871	1	782	30
873	1	730	30
874	1	782	30
875	1	626	30
876	1	521	29
877	1	521	29
877	1	991	30
878	1	1148	30
879	1	730	30
880	1	626	29
880	1	991	30
881	1	782	30
882	1	1252	30
883	1	1982	30
884	1	574	29
884	1	2139	30
885	1	678	29
885	1	1095	30
886	1	1148	30
887	1	782	30
888	1	1356	30
889	1	1669	30
890	1	1148	30
891	1	834	30
892	1	1252	30
893	1	730	30
894	1	730	30
895	1	626	30
896	1	626	29
897	1	626	30
898	1	469	29
898	1	1252	30
899	1	574	29
899	1	991	30
900	1	939	30
901	1	574	29
902	1	939	30
903	1	574	30
904	1	1304	30
905	1	1148	30
906	1	678	30
907	1	1878	30
908	1	574	29
908	1	1774	30
909	1	1826	30
910	1	1148	30
911	1	991	30
912	1	782	30
913	1	1252	30
914	1	1043	30
915	1	1200	30
916	1	521	29
916	1	1252	30
917	1	574	29
917	1	2243	30
918	1	1252	30
919	1	1252	30
920	1	1043	30
921	1	730	30
922	1	730	30
923	1	1148	30
924	1	574	30
925	1	626	29
926	1	521	29
926	1	1513	30
927	1	730	30
928	1	1930	30
929	1	626	29
929	1	1513	30
930	1	939	30
931	1	521	29
931	1	887	30
932	1	1148	30
933	1	1148	30
934	1	1356	30
935	1	626	30
936	1	939	30
937	1	991	30
938	1	939	30
939	1	626	29
940	1	469	29
940	1	1565	30
941	1	521	29
941	1	1252	30
942	1	469	29
942	1	1200	30
943	1	469	29
944	1	782	30
945	1	1408	30
946	1	782	30
947	1	678	29
947	1	1826	30
948	1	574	29
948	1	1826	30
949	1	469	29
949	1	1095	30
950	1	626	29
950	1	991	30
951	1	1617	30
952	1	1826	30
953	1	678	29
954	1	469	29
954	1	1722	30
955	1	1565	30
956	1	521	29
957	1	1304	30
958	1	1408	30
959	1	1826	30
960	1	626	29
960	1	1982	30
961	1	887	30
962	1	2035	30
963	1	730	30
964	1	469	29
964	1	939	30
965	1	1148	30
966	1	521	29
966	1	1356	30
967	1	678	29
968	1	730	30
969	1	574	29
969	1	1565	30
971	1	574	29
971	1	1617	30
972	1	521	29
972	1	1043	30
973	1	626	30
974	1	574	30
975	1	1304	30
976	1	678	30
977	1	2035	30
978	1	521	29
978	1	1408	30
979	1	1200	30
980	1	2087	30
981	1	887	30
982	1	469	29
983	1	521	29
983	1	991	30
984	1	1356	30
985	1	1043	30
986	1	1982	30
987	1	1461	30
988	1	678	30
989	1	521	29
989	1	1252	30
990	1	1565	30
991	1	1200	30
992	1	2035	30
993	1	730	30
994	1	2035	30
995	1	574	29
995	1	939	30
996	1	1095	30
998	1	834	30
999	1	1669	30
0	2	313	26
0	2	626	33
0	2	1148	13
1	2	313	26
1	2	626	33
1	2	1200	13
2	2	313	26
2	2	782	33
3	2	313	26
3	2	1408	33
4	2	313	26
4	2	730	33
4	2	1148	13
5	2	313	26
5	2	626	33
5	2	1930	13
6	2	313	26
6	2	678	33
6	2	1669	13
7	2	313	26
7	2	1200	33
7	2	1565	13
8	2	313	26
8	2	834	33
8	2	1148	13
9	2	313	26
10	2	313	26
10	2	626	33
10	2	1148	13
11	2	313	26
12	2	313	26
13	2	313	26
14	2	313	26
14	2	626	33
14	2	1148	13
15	2	313	26
15	2	626	33
15	2	1148	13
16	2	313	26
16	2	626	33
16	2	1148	13
17	2	313	26
17	2	626	33
17	2	1148	13
18	2	313	26
18	2	626	33
18	2	1148	13
19	2	313	26
20	2	313	26
20	2	730	33
20	2	1304	13
21	2	313	26
21	2	626	33
21	2	1148	13
22	2	313	26
22	2	1461	33
23	2	313	26
23	2	626	33
23	2	1148	13
24	2	313	26
24	2	626	33
24	2	1148	13
25	2	313	26
26	2	313	26
26	2	834	33
26	2	1461	13
27	2	313	26
27	2	626	33
27	2	1148	13
28	2	313	26
28	2	939	33
28	2	1252	13
29	2	313	26
29	2	1930	33
30	2	313	26
30	2	1722	33
31	2	313	26
31	2	730	33
32	2	313	26
32	2	1408	33
33	2	313	26
33	2	782	33
33	2	1565	13
34	2	313	26
34	2	1043	33
34	2	1356	13
35	2	313	26
35	2	626	33
35	2	1148	13
36	2	313	26
36	2	626	33
36	2	1148	13
37	2	313	26
37	2	730	33
38	2	313	26
38	2	834	33
38	2	1669	13
39	2	313	26
39	2	730	33
39	2	1148	13
40	2	313	26
40	2	626	33
40	2	1148	13
41	2	313	26
41	2	939	33
41	2	1461	13
42	2	313	26
42	2	1043	33
42	2	1304	13
43	2	313	26
43	2	626	33
43	2	1148	13
44	2	313	26
45	2	313	26
45	2	834	33
45	2	1148	13
46	2	313	26
46	2	626	33
46	2	1513	13
47	2	313	26
47	2	1304	33
48	2	313	26
49	2	313	26
49	2	678	33
49	2	1148	13
50	2	313	26
51	2	313	26
52	2	313	26
53	2	313	26
53	2	626	33
53	2	1148	13
54	2	313	26
55	2	313	26
55	2	730	33
56	2	313	26
57	2	313	26
57	2	626	33
57	2	1148	13
58	2	313	26
58	2	730	33
58	2	1148	13
59	2	313	26
59	2	626	33
59	2	1148	13
60	2	313	26
61	2	313	26
61	2	678	33
61	2	2139	13
62	2	313	26
62	2	626	33
62	2	1148	13
63	2	313	26
63	2	991	33
63	2	1252	13
64	2	313	26
65	2	313	26
65	2	991	33
65	2	1408	13
66	2	313	26
66	2	1722	33
67	2	313	26
67	2	1095	33
67	2	1356	13
68	2	313	26
69	2	313	26
69	2	1148	33
69	2	1565	13
70	2	313	26
70	2	834	33
71	2	313	26
71	2	1408	33
71	2	1669	13
72	2	313	26
73	2	313	26
74	2	313	26
75	2	313	26
75	2	626	33
75	2	1148	13
76	2	313	26
77	2	313	26
78	2	313	26
79	2	313	26
79	2	1043	33
79	2	1930	13
80	2	313	26
80	2	678	33
80	2	1200	13
81	2	313	26
81	2	626	33
82	2	313	26
82	2	887	33
83	2	313	26
83	2	1669	33
84	2	313	26
84	2	678	33
85	2	313	26
86	2	313	26
87	2	313	26
87	2	626	33
87	2	1148	13
88	2	313	26
88	2	939	33
88	2	1200	13
89	2	313	26
89	2	1095	33
89	2	1408	13
90	2	313	26
91	2	313	26
91	2	834	33
92	2	313	26
92	2	626	33
92	2	1252	13
93	2	313	26
94	2	313	26
95	2	313	26
96	2	313	26
96	2	1408	33
97	2	313	26
98	2	313	26
99	2	313	26
99	2	2243	33
100	2	313	26
101	2	313	26
101	2	782	33
101	2	1722	13
102	2	313	26
102	2	834	33
102	2	1304	13
103	2	313	26
103	2	1565	33
104	2	313	26
104	2	678	33
104	2	1148	13
105	2	313	26
106	2	313	26
106	2	939	33
106	2	1200	13
107	2	313	26
107	2	626	33
107	2	1148	13
108	2	313	26
108	2	626	33
108	2	1148	13
109	2	313	26
110	2	313	26
110	2	626	33
110	2	1148	13
111	2	313	26
111	2	834	33
112	2	313	26
112	2	1043	33
113	2	313	26
113	2	626	33
113	2	1148	13
114	2	313	26
114	2	834	33
115	2	313	26
116	2	313	26
117	2	313	26
118	2	313	26
118	2	1565	33
119	2	313	26
119	2	1669	33
120	2	313	26
120	2	1408	33
120	2	2295	13
121	2	313	26
122	2	313	26
122	2	626	33
122	2	1148	13
123	2	313	26
124	2	313	26
124	2	626	33
124	2	1148	13
125	2	313	26
125	2	678	33
125	2	1148	13
126	2	313	26
126	2	626	33
126	2	1148	13
127	2	313	26
127	2	626	33
127	2	1148	13
128	2	313	26
128	2	626	33
128	2	1148	13
129	2	313	26
129	2	1669	33
130	2	313	26
130	2	678	33
131	2	313	26
131	2	939	33
131	2	1200	13
132	2	313	26
132	2	626	33
132	2	1252	13
133	2	313	26
133	2	730	33
133	2	1304	13
134	2	313	26
134	2	1304	33
135	2	313	26
135	2	678	33
135	2	1148	13
136	2	313	26
136	2	626	33
136	2	1148	13
137	2	313	26
137	2	834	33
137	2	1252	13
138	2	313	26
138	2	626	33
138	2	1148	13
139	2	313	26
139	2	626	33
139	2	1148	13
140	2	313	26
141	2	313	26
141	2	626	33
141	2	1148	13
142	2	313	26
142	2	1722	33
143	2	313	26
143	2	1565	33
144	2	313	26
145	2	313	26
145	2	1565	33
146	2	313	26
146	2	782	33
146	2	1148	13
147	2	313	26
147	2	834	33
147	2	1200	13
148	2	313	26
149	2	313	26
149	2	626	33
149	2	1148	13
150	2	313	26
150	2	626	33
150	2	1200	13
151	2	313	26
151	2	1043	33
152	2	313	26
152	2	678	33
152	2	1200	13
153	2	313	26
153	2	939	33
154	2	313	26
154	2	626	33
154	2	1148	13
155	2	313	26
155	2	626	33
155	2	1148	13
156	2	313	26
156	2	626	33
156	2	1148	13
157	2	313	26
158	2	313	26
158	2	730	33
158	2	1200	13
159	2	313	26
159	2	626	33
159	2	1148	13
160	2	313	26
160	2	939	33
160	2	1200	13
161	2	313	26
162	2	313	26
162	2	1304	33
162	2	1617	13
163	2	313	26
164	2	313	26
164	2	626	33
164	2	1878	13
165	2	313	26
165	2	678	33
165	2	1148	13
166	2	313	26
167	2	313	26
168	2	313	26
169	2	313	26
169	2	626	33
169	2	1461	13
170	2	313	26
170	2	626	33
170	2	1148	13
171	2	313	26
172	2	313	26
172	2	1304	33
172	2	1617	13
173	2	313	26
174	2	313	26
174	2	1200	33
174	2	1513	13
175	2	313	26
175	2	782	33
175	2	1148	13
176	2	313	26
176	2	626	33
176	2	1722	13
177	2	313	26
178	2	313	26
179	2	313	26
179	2	678	33
179	2	1148	13
180	2	313	26
181	2	313	26
181	2	626	33
181	2	1252	13
182	2	313	26
182	2	939	33
183	2	313	26
183	2	626	33
183	2	1148	13
184	2	313	26
185	2	313	26
185	2	678	33
185	2	1148	13
186	2	313	26
187	2	313	26
187	2	1095	33
187	2	1408	13
188	2	313	26
189	2	313	26
189	2	991	33
189	2	1356	13
190	2	313	26
190	2	1669	33
191	2	313	26
191	2	626	33
191	2	1252	13
192	2	313	26
192	2	730	33
192	2	1148	13
193	2	313	26
193	2	730	33
193	2	1252	13
194	2	313	26
194	2	991	33
195	2	313	26
196	2	313	26
196	2	626	33
196	2	1148	13
197	2	313	26
198	2	313	26
198	2	782	33
198	2	1148	13
199	2	313	26
199	2	626	33
199	2	1148	13
200	2	313	26
200	2	1461	33
201	2	313	26
202	2	313	26
202	2	1252	33
202	2	1722	13
203	2	313	26
203	2	1200	33
203	2	1513	13
204	2	313	26
204	2	626	33
204	2	1200	13
205	2	313	26
205	2	1774	33
206	2	313	26
206	2	626	33
206	2	1148	13
207	2	313	26
207	2	626	33
207	2	1148	13
208	2	313	26
208	2	626	33
208	2	1148	13
209	2	313	26
210	2	313	26
210	2	678	33
210	2	1304	13
211	2	313	26
212	2	313	26
212	2	1461	33
213	2	313	26
214	2	313	26
215	2	313	26
215	2	1565	33
216	2	313	26
217	2	313	26
217	2	1408	33
218	2	313	26
218	2	887	33
218	2	1304	13
219	2	313	26
220	2	313	26
221	2	313	26
221	2	887	33
221	2	1304	13
222	2	313	26
223	2	313	26
224	2	313	26
224	2	1304	33
225	2	313	26
225	2	626	33
225	2	1148	13
226	2	313	26
226	2	626	33
226	2	1148	13
227	2	313	26
227	2	939	33
228	2	313	26
228	2	626	33
228	2	1148	13
229	2	313	26
229	2	991	33
229	2	1304	13
230	2	313	26
230	2	626	33
230	2	1148	13
231	2	313	26
231	2	626	33
231	2	1304	13
232	2	313	26
232	2	626	33
232	2	1148	13
233	2	313	26
233	2	1669	33
234	2	313	26
235	2	313	26
236	2	313	26
237	2	313	26
238	2	313	26
239	2	313	26
240	2	313	26
240	2	626	33
240	2	1148	13
241	2	313	26
241	2	1043	33
241	2	1304	13
242	2	313	26
242	2	782	33
242	2	1148	13
243	2	313	26
243	2	626	33
243	2	1148	13
244	2	313	26
244	2	626	33
244	2	1148	13
245	2	313	26
245	2	1408	33
246	2	313	26
247	2	313	26
248	2	313	26
248	2	626	33
248	2	1148	13
249	2	313	26
249	2	626	33
249	2	1148	13
250	2	313	26
250	2	626	33
250	2	1148	13
251	2	313	26
251	2	782	33
251	2	1148	13
252	2	313	26
253	2	313	26
253	2	1722	33
254	2	313	26
255	2	313	26
255	2	1513	33
256	2	313	26
256	2	1200	33
256	2	1565	13
257	2	313	26
257	2	1565	33
258	2	313	26
258	2	626	33
258	2	1148	13
259	2	313	26
259	2	626	33
259	2	1148	13
260	2	313	26
260	2	626	33
260	2	1252	13
261	2	313	26
262	2	313	26
262	2	1148	33
262	2	1461	13
263	2	313	26
264	2	313	26
264	2	730	33
264	2	1461	13
265	2	313	26
265	2	678	33
266	2	313	26
266	2	626	33
266	2	1356	13
267	2	313	26
267	2	626	33
267	2	1878	13
268	2	313	26
268	2	1252	33
268	2	1722	13
269	2	313	26
269	2	626	33
269	2	1148	13
270	2	313	26
270	2	939	33
271	2	313	26
271	2	730	33
271	2	1148	13
272	2	313	26
272	2	626	33
272	2	1148	13
273	2	313	26
274	2	313	26
274	2	1722	33
275	2	313	26
276	2	313	26
277	2	313	26
278	2	313	26
279	2	313	26
280	2	313	26
280	2	939	33
281	2	313	26
282	2	313	26
283	2	313	26
283	2	1513	33
284	2	313	26
284	2	626	33
284	2	1148	13
285	2	313	26
285	2	1461	33
286	2	313	26
286	2	626	33
286	2	1148	13
287	2	313	26
288	2	313	26
288	2	678	33
288	2	1408	13
289	2	313	26
290	2	313	26
291	2	313	26
291	2	782	33
292	2	313	26
293	2	313	26
293	2	626	33
293	2	1148	13
294	2	313	26
294	2	626	33
294	2	2035	13
295	2	313	26
295	2	1774	33
296	2	313	26
296	2	626	33
296	2	1148	13
297	2	313	26
298	2	313	26
298	2	1200	33
298	2	1617	13
299	2	313	26
299	2	626	33
299	2	1304	13
300	2	313	26
301	2	313	26
301	2	626	33
301	2	1148	13
302	2	313	26
302	2	678	33
302	2	1200	13
303	2	313	26
303	2	626	33
303	2	1148	13
304	2	313	26
304	2	626	33
304	2	1148	13
305	2	313	26
306	2	313	26
306	2	626	33
306	2	1148	13
307	2	313	26
307	2	887	33
308	2	313	26
308	2	834	33
309	2	313	26
309	2	626	33
309	2	1148	13
310	2	313	26
310	2	730	33
310	2	1148	13
311	2	313	26
312	2	313	26
312	2	1565	33
313	2	313	26
314	2	313	26
315	2	313	26
315	2	887	33
315	2	1252	13
316	2	313	26
317	2	313	26
317	2	1669	33
318	2	313	26
319	2	313	26
320	2	313	26
320	2	1722	33
321	2	313	26
321	2	626	33
321	2	1200	13
322	2	313	26
322	2	678	33
322	2	1774	13
323	2	313	26
324	2	313	26
325	2	313	26
326	2	313	26
326	2	626	33
326	2	1148	13
327	2	313	26
327	2	1200	33
327	2	1617	13
328	2	313	26
328	2	1878	33
329	2	313	26
330	2	313	26
330	2	991	33
330	2	1304	13
331	2	313	26
331	2	626	33
331	2	1148	13
332	2	313	26
332	2	834	33
332	2	1200	13
333	2	313	26
333	2	626	33
333	2	1148	13
334	2	313	26
334	2	1774	33
335	2	313	26
335	2	626	33
335	2	1148	13
336	2	313	26
336	2	678	33
336	2	1148	13
337	2	313	26
337	2	1826	33
338	2	313	26
339	2	313	26
339	2	626	33
339	2	1513	13
340	2	313	26
340	2	1356	33
341	2	313	26
341	2	1461	33
342	2	313	26
342	2	626	33
342	2	1148	13
343	2	313	26
343	2	626	33
343	2	1148	13
344	2	313	26
345	2	313	26
345	2	782	33
345	2	1148	13
346	2	313	26
346	2	678	33
346	2	1148	13
347	2	313	26
347	2	782	33
347	2	1304	13
348	2	313	26
348	2	626	33
348	2	1148	13
349	2	313	26
349	2	626	33
349	2	1148	13
350	2	313	26
351	2	313	26
351	2	782	33
352	2	313	26
352	2	834	33
352	2	1252	13
353	2	313	26
353	2	626	33
353	2	1148	13
354	2	313	26
354	2	626	33
354	2	1148	13
355	2	313	26
355	2	626	33
356	2	313	26
356	2	1356	33
356	2	1722	13
357	2	313	26
357	2	730	33
357	2	1252	13
358	2	313	26
358	2	1356	33
358	2	1722	13
359	2	313	26
360	2	313	26
360	2	939	33
361	2	313	26
361	2	782	33
361	2	1200	13
362	2	313	26
363	2	313	26
364	2	313	26
364	2	626	33
364	2	1617	13
365	2	313	26
366	2	313	26
366	2	991	33
366	2	1304	13
367	2	313	26
367	2	626	33
367	2	1878	13
368	2	313	26
368	2	626	33
368	2	1148	13
369	2	313	26
369	2	626	33
369	2	1148	13
370	2	313	26
371	2	313	26
371	2	626	33
371	2	1148	13
372	2	313	26
372	2	1200	33
372	2	1565	13
373	2	313	26
374	2	313	26
375	2	313	26
375	2	1669	33
376	2	313	26
376	2	730	33
377	2	313	26
377	2	1722	33
378	2	313	26
378	2	1565	33
379	2	313	26
379	2	782	33
379	2	1356	13
380	2	313	26
380	2	834	33
381	2	313	26
381	2	730	33
381	2	2295	13
382	2	313	26
382	2	678	33
382	2	1617	13
383	2	313	26
384	2	313	26
384	2	678	33
384	2	1252	13
385	2	313	26
385	2	834	33
386	2	313	26
386	2	730	33
387	2	313	26
387	2	626	33
387	2	1148	13
388	2	313	26
389	2	313	26
389	2	626	33
389	2	1200	13
390	2	313	26
390	2	626	33
390	2	1148	13
391	2	313	26
391	2	626	33
391	2	1148	13
392	2	313	26
393	2	313	26
393	2	626	33
393	2	1148	13
394	2	313	26
394	2	834	33
395	2	313	26
395	2	834	33
396	2	313	26
396	2	626	33
396	2	1148	13
397	2	313	26
397	2	1513	33
398	2	313	26
398	2	887	33
399	2	313	26
399	2	626	33
399	2	1148	13
400	2	313	26
400	2	678	33
400	2	1408	13
401	2	313	26
402	2	313	26
402	2	730	33
402	2	1304	13
403	2	313	26
404	2	313	26
404	2	1617	33
405	2	313	26
406	2	313	26
406	2	678	33
406	2	1148	13
407	2	313	26
407	2	1304	33
408	2	313	26
409	2	313	26
410	2	313	26
410	2	2243	33
411	2	313	26
411	2	626	33
411	2	1148	13
412	2	313	26
412	2	626	33
412	2	1148	13
413	2	313	26
413	2	626	33
413	2	1148	13
414	2	313	26
414	2	730	33
414	2	1252	13
415	2	313	26
415	2	626	33
415	2	1148	13
416	2	313	26
417	2	313	26
417	2	678	33
417	2	1148	13
418	2	313	26
418	2	730	33
418	2	1148	13
419	2	313	26
419	2	626	33
419	2	1148	13
420	2	313	26
420	2	1356	33
420	2	1722	13
421	2	313	26
422	2	313	26
423	2	313	26
423	2	1304	33
423	2	1669	13
424	2	313	26
424	2	626	33
424	2	1148	13
425	2	313	26
425	2	887	33
425	2	1930	13
426	2	313	26
426	2	1252	33
427	2	313	26
428	2	313	26
428	2	626	33
429	2	313	26
429	2	834	33
429	2	1252	13
430	2	313	26
430	2	626	33
430	2	1252	13
431	2	313	26
431	2	626	33
431	2	1148	13
432	2	313	26
432	2	626	33
432	2	1148	13
433	2	313	26
433	2	782	33
433	2	1461	13
434	2	313	26
434	2	626	33
434	2	1148	13
435	2	313	26
435	2	626	33
435	2	1148	13
436	2	313	26
436	2	626	33
436	2	1148	13
437	2	313	26
437	2	626	33
437	2	1722	13
438	2	313	26
438	2	939	33
438	2	1252	13
439	2	313	26
440	2	313	26
440	2	887	33
441	2	313	26
442	2	313	26
442	2	887	33
442	2	1565	13
443	2	313	26
444	2	313	26
445	2	313	26
445	2	626	33
445	2	1148	13
446	2	313	26
447	2	313	26
448	2	313	26
449	2	313	26
450	2	313	26
451	2	313	26
451	2	991	33
451	2	1252	13
452	2	313	26
452	2	626	33
452	2	1826	13
453	2	313	26
453	2	626	33
453	2	1148	13
454	2	313	26
455	2	313	26
455	2	1408	33
456	2	313	26
456	2	1774	33
457	2	313	26
457	2	991	33
457	2	1669	13
458	2	313	26
459	2	313	26
460	2	313	26
460	2	626	33
460	2	1356	13
461	2	313	26
461	2	626	33
461	2	1148	13
462	2	313	26
462	2	678	33
462	2	1669	13
463	2	313	26
463	2	626	33
463	2	1148	13
464	2	313	26
464	2	1200	33
464	2	1617	13
465	2	313	26
465	2	626	33
465	2	1200	13
466	2	313	26
466	2	626	33
466	2	1148	13
467	2	313	26
467	2	626	33
467	2	1148	13
468	2	313	26
468	2	626	33
468	2	1252	13
469	2	313	26
469	2	626	33
469	2	1148	13
470	2	313	26
471	2	313	26
471	2	2243	33
472	2	313	26
472	2	626	33
472	2	1252	13
473	2	313	26
473	2	1043	33
473	2	1565	13
474	2	313	26
474	2	626	33
474	2	1148	13
475	2	313	26
475	2	2087	33
476	2	313	26
477	2	313	26
478	2	313	26
478	2	1043	33
479	2	313	26
480	2	313	26
480	2	939	33
481	2	313	26
481	2	678	33
481	2	1148	13
482	2	313	26
482	2	782	33
483	2	313	26
484	2	313	26
485	2	313	26
486	2	313	26
486	2	1722	33
487	2	313	26
487	2	626	33
487	2	1148	13
488	2	313	26
488	2	1722	33
489	2	313	26
489	2	626	33
489	2	1148	13
490	2	313	26
490	2	1095	33
490	2	1408	13
491	2	313	26
491	2	939	33
491	2	1461	13
492	2	313	26
492	2	1356	33
493	2	313	26
493	2	991	33
494	2	313	26
494	2	626	33
494	2	1774	13
495	2	313	26
495	2	1148	33
495	2	1513	13
496	2	313	26
496	2	939	33
496	2	1304	13
497	2	313	26
497	2	626	33
497	2	1252	13
498	2	313	26
498	2	782	33
498	2	1722	13
499	2	313	26
499	2	730	33
500	2	313	26
500	2	626	33
500	2	1148	13
501	2	313	26
502	2	313	26
502	2	991	33
502	2	1565	13
503	2	313	26
503	2	626	33
503	2	1148	13
504	2	313	26
505	2	313	26
506	2	313	26
506	2	1669	33
507	2	313	26
508	2	313	26
508	2	626	33
508	2	1148	13
509	2	313	26
510	2	313	26
511	2	313	26
512	2	313	26
512	2	1200	33
512	2	1565	13
513	2	313	26
513	2	1200	33
513	2	1513	13
514	2	313	26
514	2	730	33
514	2	1356	13
515	2	313	26
515	2	626	33
515	2	1148	13
516	2	313	26
517	2	313	26
518	2	313	26
518	2	1252	33
519	2	313	26
519	2	626	33
519	2	1148	13
520	2	313	26
520	2	834	33
520	2	2243	13
521	2	313	26
521	2	626	33
521	2	1148	13
522	2	313	26
522	2	991	33
522	2	1252	13
523	2	313	26
523	2	626	33
523	2	1148	13
524	2	313	26
525	2	313	26
525	2	730	33
525	2	1148	13
526	2	313	26
527	2	313	26
527	2	626	33
527	2	1148	13
528	2	313	26
528	2	626	33
528	2	1148	13
529	2	313	26
529	2	626	33
529	2	1148	13
530	2	313	26
530	2	1722	33
531	2	313	26
531	2	1252	33
531	2	1669	13
532	2	313	26
532	2	1408	33
532	2	1669	13
533	2	313	26
534	2	313	26
534	2	626	33
534	2	1148	13
535	2	313	26
536	2	313	26
537	2	313	26
537	2	834	33
537	2	1304	13
538	2	313	26
538	2	626	33
538	2	1148	13
539	2	313	26
539	2	626	33
539	2	1148	13
540	2	313	26
541	2	313	26
541	2	626	33
541	2	1304	13
542	2	313	26
542	2	1461	33
543	2	313	26
543	2	1408	33
544	2	313	26
544	2	626	33
544	2	1148	13
545	2	313	26
546	2	313	26
546	2	1461	33
547	2	313	26
547	2	730	33
547	2	1148	13
548	2	313	26
549	2	313	26
549	2	1669	33
550	2	313	26
550	2	626	33
550	2	1148	13
551	2	313	26
551	2	626	33
551	2	1148	13
552	2	313	26
553	2	313	26
553	2	991	33
553	2	1513	13
554	2	313	26
554	2	626	33
554	2	1148	13
555	2	313	26
555	2	626	33
555	2	1148	13
556	2	313	26
556	2	1095	33
556	2	1356	13
557	2	313	26
558	2	313	26
558	2	626	33
558	2	1669	13
559	2	313	26
559	2	1356	33
560	2	313	26
561	2	313	26
561	2	1408	33
562	2	313	26
562	2	1252	33
562	2	1722	13
563	2	313	26
563	2	834	33
563	2	1148	13
564	2	313	26
565	2	313	26
565	2	626	33
565	2	1148	13
566	2	313	26
566	2	626	33
566	2	1148	13
567	2	313	26
567	2	1304	33
568	2	313	26
568	2	626	33
568	2	1148	13
569	2	313	26
569	2	1148	33
569	2	1774	13
570	2	313	26
570	2	1722	33
571	2	313	26
571	2	626	33
571	2	1148	13
572	2	313	26
573	2	313	26
574	2	313	26
574	2	834	33
575	2	313	26
575	2	626	33
575	2	1148	13
576	2	313	26
576	2	1513	33
577	2	313	26
577	2	626	33
577	2	1148	13
578	2	313	26
578	2	1252	33
579	2	313	26
579	2	939	33
580	2	313	26
581	2	313	26
581	2	1304	33
582	2	313	26
582	2	991	33
583	2	313	26
583	2	626	33
583	2	1148	13
584	2	313	26
584	2	626	33
584	2	1408	13
585	2	313	26
585	2	626	33
585	2	1148	13
586	2	313	26
586	2	1043	33
586	2	1304	13
587	2	313	26
587	2	626	33
587	2	1148	13
588	2	313	26
588	2	730	33
588	2	1252	13
589	2	313	26
589	2	782	33
589	2	1200	13
590	2	313	26
590	2	626	33
590	2	1148	13
591	2	313	26
592	2	313	26
593	2	313	26
593	2	939	33
594	2	313	26
594	2	939	33
595	2	313	26
595	2	626	33
595	2	1148	13
596	2	313	26
596	2	939	33
596	2	1304	13
597	2	313	26
597	2	939	33
598	2	313	26
598	2	626	33
598	2	1148	13
599	2	313	26
599	2	626	33
599	2	1148	13
600	2	313	26
601	2	313	26
601	2	678	33
601	2	1356	13
602	2	313	26
603	2	313	26
604	2	313	26
604	2	1252	33
604	2	1565	13
605	2	313	26
605	2	1513	33
606	2	313	26
606	2	991	33
606	2	1304	13
607	2	313	26
607	2	626	33
607	2	1148	13
608	2	313	26
608	2	678	33
608	2	1148	13
609	2	313	26
610	2	313	26
611	2	313	26
611	2	1200	33
612	2	313	26
612	2	1408	33
613	2	313	26
614	2	313	26
614	2	1565	33
615	2	313	26
615	2	1408	33
616	2	313	26
616	2	1356	33
616	2	1722	13
617	2	313	26
618	2	313	26
619	2	313	26
619	2	1565	33
620	2	313	26
620	2	626	33
621	2	313	26
621	2	1148	33
622	2	313	26
622	2	626	33
622	2	1200	13
623	2	313	26
624	2	313	26
624	2	678	33
624	2	1513	13
625	2	313	26
625	2	1356	33
626	2	313	26
626	2	730	33
626	2	1148	13
627	2	313	26
627	2	782	33
627	2	1200	13
628	2	313	26
628	2	834	33
628	2	1356	13
629	2	313	26
629	2	2295	33
630	2	313	26
630	2	1304	33
630	2	1669	13
631	2	313	26
631	2	939	33
631	2	1252	13
632	2	313	26
632	2	626	33
632	2	1148	13
633	2	313	26
634	2	313	26
634	2	1565	33
635	2	313	26
636	2	313	26
637	2	313	26
638	2	313	26
639	2	313	26
639	2	626	33
639	2	1148	13
640	2	313	26
641	2	313	26
641	2	887	33
642	2	313	26
642	2	1565	33
643	2	313	26
644	2	313	26
644	2	678	33
645	2	313	26
645	2	1148	33
645	2	1461	13
646	2	313	26
646	2	626	33
646	2	1148	13
647	2	313	26
648	2	313	26
648	2	1200	33
648	2	1565	13
649	2	313	26
649	2	626	33
649	2	1148	13
650	2	313	26
651	2	313	26
651	2	678	33
652	2	313	26
652	2	730	33
652	2	1252	13
653	2	313	26
653	2	730	33
653	2	1252	13
654	2	313	26
654	2	2035	33
655	2	313	26
655	2	1095	33
655	2	1565	13
656	2	313	26
656	2	834	33
656	2	1356	13
657	2	313	26
657	2	626	33
658	2	313	26
658	2	626	33
658	2	1148	13
659	2	313	26
659	2	1513	33
660	2	313	26
661	2	313	26
661	2	626	33
661	2	1148	13
662	2	313	26
662	2	834	33
662	2	1408	13
663	2	313	26
663	2	1565	33
664	2	313	26
664	2	626	33
664	2	1148	13
665	2	313	26
665	2	626	33
665	2	1148	13
666	2	313	26
666	2	626	33
666	2	1148	13
667	2	313	26
667	2	626	33
668	2	313	26
668	2	1461	33
669	2	313	26
669	2	1148	33
669	2	1565	13
670	2	313	26
670	2	1356	33
671	2	313	26
672	2	313	26
672	2	1669	33
673	2	313	26
673	2	1252	33
674	2	313	26
674	2	991	33
674	2	1356	13
675	2	313	26
675	2	1200	33
676	2	313	26
676	2	626	33
676	2	1148	13
677	2	313	26
677	2	1095	33
677	2	1408	13
678	2	313	26
678	2	626	33
678	2	1148	13
679	2	313	26
680	2	313	26
680	2	1200	33
680	2	1774	13
681	2	313	26
682	2	313	26
682	2	730	33
682	2	2139	13
683	2	313	26
684	2	313	26
684	2	1148	33
684	2	1722	13
685	2	313	26
685	2	834	33
686	2	313	26
686	2	678	33
687	2	313	26
688	2	313	26
688	2	1774	33
689	2	313	26
689	2	1565	33
690	2	313	26
690	2	730	33
691	2	313	26
691	2	626	33
691	2	1148	13
692	2	313	26
692	2	887	33
692	2	1148	13
693	2	313	26
693	2	887	33
693	2	1304	13
694	2	313	26
694	2	730	33
694	2	1148	13
695	2	313	26
695	2	626	33
695	2	1148	13
696	2	313	26
696	2	1617	33
697	2	313	26
697	2	678	33
697	2	1148	13
698	2	313	26
699	2	313	26
699	2	834	33
699	2	1408	13
700	2	313	26
700	2	782	33
701	2	313	26
701	2	1095	33
701	2	1513	13
702	2	313	26
702	2	887	33
703	2	313	26
703	2	626	33
703	2	1148	13
704	2	313	26
705	2	313	26
705	2	1461	33
706	2	313	26
706	2	626	33
706	2	1200	13
707	2	313	26
707	2	626	33
707	2	1565	13
708	2	313	26
708	2	1408	33
709	2	313	26
709	2	730	33
709	2	1148	13
710	2	313	26
710	2	626	33
710	2	1148	13
711	2	313	26
711	2	1461	33
712	2	313	26
712	2	1252	33
712	2	1617	13
713	2	313	26
714	2	313	26
714	2	626	33
714	2	1148	13
715	2	313	26
715	2	1148	33
716	2	313	26
716	2	626	33
716	2	1148	13
717	2	313	26
717	2	1304	33
717	2	1565	13
718	2	313	26
718	2	626	33
718	2	1148	13
719	2	313	26
719	2	2191	33
720	2	313	26
721	2	313	26
721	2	991	33
721	2	1252	13
722	2	313	26
722	2	626	33
722	2	1148	13
723	2	313	26
723	2	1930	33
724	2	313	26
724	2	887	33
725	2	313	26
725	2	730	33
725	2	1148	13
726	2	313	26
726	2	939	33
726	2	1252	13
727	2	313	26
728	2	313	26
729	2	313	26
729	2	678	33
730	2	313	26
730	2	887	33
730	2	1565	13
731	2	313	26
731	2	626	33
731	2	1148	13
732	2	313	26
732	2	730	33
733	2	313	26
733	2	678	33
733	2	1148	13
734	2	313	26
734	2	626	33
734	2	1148	13
735	2	313	26
736	2	313	26
737	2	313	26
737	2	678	33
737	2	1148	13
738	2	313	26
738	2	678	33
738	2	1148	13
739	2	313	26
739	2	1513	33
740	2	313	26
741	2	313	26
741	2	730	33
741	2	1722	13
742	2	313	26
742	2	626	33
742	2	1148	13
743	2	313	26
743	2	626	33
743	2	1200	13
744	2	313	26
744	2	1408	33
745	2	313	26
746	2	313	26
746	2	1774	33
747	2	313	26
747	2	782	33
747	2	1669	13
748	2	313	26
749	2	313	26
750	2	313	26
750	2	782	33
751	2	313	26
752	2	313	26
752	2	1200	33
752	2	1565	13
753	2	313	26
753	2	626	33
753	2	1148	13
754	2	313	26
754	2	626	33
754	2	1148	13
755	2	313	26
755	2	626	33
755	2	1148	13
756	2	313	26
756	2	626	33
756	2	1148	13
757	2	313	26
758	2	313	26
758	2	626	33
758	2	1148	13
759	2	313	26
760	2	313	26
760	2	887	33
761	2	313	26
761	2	991	33
762	2	313	26
762	2	730	33
762	2	1252	13
763	2	313	26
763	2	1617	33
764	2	313	26
764	2	939	33
765	2	313	26
765	2	626	33
765	2	1304	13
766	2	313	26
766	2	678	33
767	2	313	26
767	2	1565	33
768	2	313	26
769	2	313	26
770	2	313	26
771	2	313	26
771	2	1461	33
772	2	313	26
773	2	313	26
774	2	313	26
774	2	626	33
774	2	1148	13
775	2	313	26
776	2	313	26
776	2	626	33
776	2	1148	13
777	2	313	26
778	2	313	26
778	2	730	33
778	2	1513	13
779	2	313	26
780	2	313	26
780	2	678	33
781	2	313	26
781	2	782	33
781	2	1148	13
782	2	313	26
782	2	782	33
783	2	313	26
784	2	313	26
784	2	626	33
784	2	1148	13
785	2	313	26
785	2	782	33
786	2	313	26
787	2	313	26
788	2	313	26
788	2	678	33
788	2	1304	13
789	2	313	26
789	2	1408	33
789	2	1669	13
790	2	313	26
790	2	1252	33
791	2	313	26
792	2	313	26
792	2	626	33
793	2	313	26
793	2	626	33
793	2	1148	13
794	2	313	26
794	2	626	33
794	2	1408	13
795	2	313	26
796	2	313	26
797	2	313	26
797	2	626	33
797	2	1304	13
798	2	313	26
798	2	1617	33
799	2	313	26
800	2	313	26
801	2	313	26
802	2	313	26
802	2	730	33
802	2	1356	13
803	2	313	26
803	2	730	33
803	2	1148	13
804	2	313	26
804	2	834	33
804	2	1513	13
805	2	313	26
806	2	313	26
807	2	313	26
807	2	626	33
807	2	1148	13
808	2	313	26
809	2	313	26
810	2	313	26
810	2	626	33
810	2	1148	13
811	2	313	26
811	2	626	33
811	2	1252	13
812	2	313	26
812	2	626	33
812	2	1148	13
813	2	313	26
813	2	834	33
813	2	1722	13
814	2	313	26
814	2	834	33
815	2	313	26
815	2	626	33
815	2	1461	13
816	2	313	26
816	2	1513	33
817	2	313	26
818	2	313	26
818	2	887	33
818	2	1408	13
819	2	313	26
820	2	313	26
820	2	991	33
821	2	313	26
821	2	1617	33
822	2	313	26
822	2	626	33
822	2	1148	13
823	2	313	26
823	2	626	33
823	2	1148	13
824	2	313	26
824	2	1304	33
824	2	1617	13
825	2	313	26
825	2	1200	33
826	2	313	26
826	2	1252	33
826	2	1565	13
827	2	313	26
828	2	313	26
828	2	1774	33
829	2	313	26
830	2	313	26
830	2	1617	33
831	2	313	26
831	2	678	33
831	2	1148	13
832	2	313	26
832	2	626	33
832	2	1148	13
833	2	313	26
833	2	1669	33
834	2	313	26
834	2	678	33
834	2	1148	13
835	2	313	26
835	2	730	33
835	2	1878	13
836	2	313	26
837	2	313	26
838	2	313	26
838	2	626	33
838	2	1148	13
839	2	313	26
840	2	313	26
840	2	626	33
840	2	1148	13
841	2	313	26
841	2	626	33
842	2	313	26
842	2	991	33
842	2	1408	13
843	2	313	26
843	2	626	33
843	2	1148	13
844	2	313	26
845	2	313	26
846	2	313	26
847	2	313	26
847	2	1617	33
848	2	313	26
848	2	626	33
848	2	1148	13
849	2	313	26
850	2	313	26
850	2	626	33
850	2	1148	13
851	2	313	26
852	2	313	26
853	2	313	26
854	2	313	26
854	2	1356	33
854	2	1669	13
855	2	313	26
855	2	730	33
856	2	313	26
856	2	887	33
857	2	313	26
858	2	313	26
858	2	887	33
858	2	1356	13
859	2	313	26
860	2	313	26
861	2	313	26
861	2	678	33
862	2	313	26
863	2	313	26
863	2	678	33
863	2	1148	13
864	2	313	26
864	2	626	33
864	2	1148	13
865	2	313	26
865	2	626	33
865	2	1200	13
866	2	313	26
866	2	626	33
866	2	1148	13
867	2	313	26
867	2	834	33
868	2	313	26
868	2	678	33
868	2	1200	13
869	2	313	26
869	2	1200	33
869	2	1565	13
870	2	313	26
870	2	1513	33
871	2	313	26
871	2	1513	33
872	2	313	26
873	2	313	26
873	2	626	33
873	2	1148	13
874	2	313	26
875	2	313	26
875	2	626	33
875	2	1252	13
876	2	313	26
876	2	626	33
877	2	313	26
877	2	626	33
877	2	1148	13
878	2	313	26
878	2	1669	33
879	2	313	26
879	2	782	33
880	2	313	26
880	2	626	33
880	2	1148	13
881	2	313	26
882	2	313	26
882	2	1722	33
883	2	313	26
884	2	313	26
884	2	626	33
884	2	1461	13
885	2	313	26
885	2	626	33
885	2	1148	13
886	2	313	26
886	2	1826	33
887	2	313	26
887	2	834	33
887	2	1304	13
888	2	313	26
889	2	313	26
890	2	313	26
890	2	1617	33
891	2	313	26
891	2	678	33
891	2	1148	13
892	2	313	26
893	2	313	26
893	2	626	33
894	2	313	26
894	2	730	33
894	2	2243	13
895	2	313	26
895	2	887	33
895	2	2243	13
896	2	313	26
896	2	626	33
896	2	1669	13
897	2	313	26
897	2	678	33
897	2	1200	13
898	2	313	26
898	2	678	33
898	2	1148	13
899	2	313	26
899	2	626	33
899	2	1148	13
900	2	313	26
900	2	1513	33
901	2	313	26
901	2	626	33
901	2	1304	13
902	2	313	26
902	2	1148	33
902	2	1408	13
903	2	313	26
903	2	678	33
903	2	1148	13
904	2	313	26
905	2	313	26
906	2	313	26
906	2	626	33
907	2	313	26
908	2	313	26
908	2	678	33
908	2	1148	13
909	2	313	26
910	2	313	26
910	2	1513	33
911	2	313	26
912	2	313	26
912	2	626	33
913	2	313	26
914	2	313	26
914	2	1095	33
914	2	1356	13
915	2	313	26
915	2	1722	33
916	2	313	26
916	2	626	33
916	2	1148	13
917	2	313	26
917	2	991	33
918	2	313	26
918	2	1617	33
919	2	313	26
920	2	313	26
920	2	1669	33
921	2	313	26
922	2	313	26
922	2	834	33
922	2	2243	13
923	2	313	26
924	2	313	26
924	2	678	33
924	2	1148	13
925	2	313	26
925	2	626	33
925	2	1513	13
926	2	313	26
926	2	730	33
926	2	1148	13
927	2	313	26
927	2	1252	33
927	2	1617	13
928	2	313	26
929	2	313	26
929	2	678	33
929	2	1252	13
930	2	313	26
931	2	313	26
931	2	626	33
931	2	1148	13
932	2	313	26
932	2	1617	33
933	2	313	26
933	2	1669	33
934	2	313	26
934	2	1513	33
935	2	313	26
935	2	626	33
935	2	1148	13
936	2	313	26
936	2	1617	33
937	2	313	26
938	2	313	26
938	2	1408	33
939	2	313	26
940	2	313	26
940	2	730	33
940	2	1200	13
941	2	313	26
941	2	626	33
941	2	1148	13
942	2	313	26
942	2	626	33
942	2	1148	13
943	2	313	26
944	2	313	26
944	2	939	33
945	2	313	26
946	2	313	26
946	2	1200	33
946	2	2191	13
947	2	313	26
947	2	678	33
947	2	1148	13
948	2	313	26
948	2	626	33
948	2	1148	13
949	2	313	26
949	2	626	33
949	2	1148	13
950	2	313	26
950	2	626	33
950	2	1148	13
951	2	313	26
952	2	313	26
953	2	313	26
953	2	626	33
953	2	1148	13
954	2	313	26
954	2	626	33
954	2	1148	13
955	2	313	26
956	2	313	26
957	2	313	26
958	2	313	26
959	2	313	26
960	2	313	26
960	2	834	33
960	2	1356	13
961	2	313	26
961	2	730	33
961	2	1252	13
962	2	313	26
963	2	313	26
963	2	678	33
963	2	2295	13
964	2	313	26
964	2	626	33
964	2	1148	13
965	2	313	26
965	2	1252	33
965	2	1617	13
966	2	313	26
966	2	626	33
966	2	1252	13
967	2	313	26
968	2	313	26
968	2	730	33
968	2	2035	13
969	2	313	26
969	2	834	33
969	2	1304	13
970	2	313	26
971	2	313	26
971	2	626	33
971	2	1148	13
972	2	313	26
972	2	626	33
972	2	1148	13
973	2	313	26
973	2	834	33
974	2	313	26
974	2	782	33
975	2	313	26
976	2	313	26
976	2	782	33
976	2	1200	13
977	2	313	26
978	2	313	26
978	2	626	33
978	2	1148	13
979	2	313	26
979	2	1669	33
980	2	313	26
981	2	313	26
981	2	1095	33
981	2	1356	13
982	2	313	26
982	2	730	33
983	2	313	26
983	2	626	33
983	2	1148	13
984	2	313	26
984	2	1252	33
985	2	313	26
985	2	1408	33
985	2	1669	13
986	2	313	26
987	2	313	26
988	2	313	26
988	2	678	33
988	2	2295	13
989	2	313	26
989	2	626	33
989	2	1878	13
990	2	313	26
991	2	313	26
992	2	313	26
993	2	313	26
994	2	313	26
995	2	313	26
995	2	626	33
995	2	1148	13
996	2	313	26
996	2	1722	33
997	2	313	26
998	2	313	26
998	2	730	33
998	2	1148	13
999	2	313	26
0	3	626	29
0	3	678	20
0	3	991	30
0	3	1513	9
0	3	1826	12
1	3	626	29
1	3	678	20
1	3	991	30
2	3	469	29
2	3	991	20
3	3	1148	30
3	3	1461	20
3	3	1774	9
4	3	574	29
4	3	887	20
4	3	1200	9
4	3	1356	30
4	3	1669	12
5	3	678	30
5	3	991	20
6	3	730	30
6	3	1043	20
6	3	2243	9
7	3	626	30
7	3	1200	20
7	3	1722	9
8	3	887	30
8	3	1200	20
8	3	1513	9
8	3	1826	12
9	3	1982	30
10	3	521	29
10	3	834	20
10	3	939	30
10	3	1930	9
12	3	1304	30
13	3	1356	30
14	3	469	29
14	3	782	20
14	3	991	30
14	3	1513	9
15	3	730	30
16	3	574	29
16	3	887	20
16	3	1461	30
17	3	574	29
17	3	887	20
17	3	1826	9
17	3	1878	30
17	3	2191	12
18	3	626	30
18	3	939	20
18	3	1930	9
19	3	1878	30
20	3	521	29
20	3	939	20
20	3	1356	30
20	3	1669	9
20	3	1982	12
21	3	417	29
21	3	730	20
21	3	1043	30
22	3	1200	30
22	3	1513	20
23	3	626	29
23	3	678	20
23	3	1722	9
24	3	469	29
24	3	782	20
24	3	1408	30
24	3	1722	9
24	3	2139	12
25	3	1461	30
26	3	782	30
26	3	1304	20
26	3	1930	9
27	3	626	30
27	3	939	20
27	3	1826	9
28	3	834	30
28	3	1148	20
28	3	1461	9
28	3	1774	12
29	3	939	30
29	3	1826	20
30	3	1148	30
30	3	1461	20
31	3	626	29
31	3	939	20
31	3	2035	30
32	3	1148	30
32	3	1774	9
33	3	521	29
33	3	991	20
33	3	2191	30
34	3	782	30
34	3	1200	20
34	3	1826	9
34	3	2295	12
35	3	574	29
35	3	887	20
35	3	1252	30
35	3	1617	9
35	3	2139	12
36	3	678	29
36	3	991	20
36	3	1774	9
37	3	678	29
37	3	991	20
38	3	626	29
38	3	939	20
39	3	626	29
39	3	939	20
39	3	1565	30
40	3	574	29
40	3	887	20
40	3	939	30
40	3	1252	9
40	3	1565	12
41	3	782	30
41	3	1148	20
41	3	1617	9
41	3	2191	12
42	3	626	29
42	3	1095	20
42	3	1513	30
43	3	574	30
43	3	887	20
43	3	1408	9
43	3	2139	12
44	3	1930	30
45	3	730	29
45	3	1095	20
45	3	1513	30
46	3	730	20
46	3	782	30
47	3	834	30
47	3	1408	20
48	3	1565	30
49	3	678	30
49	3	991	20
49	3	1356	9
49	3	1774	12
50	3	1826	30
51	3	1513	30
52	3	887	30
53	3	678	30
53	3	991	20
53	3	1408	9
53	3	1722	12
55	3	678	29
55	3	991	20
56	3	1148	30
57	3	521	29
57	3	834	20
57	3	1148	30
57	3	1461	9
57	3	1774	12
58	3	678	30
58	3	991	20
58	3	1408	9
58	3	1722	12
59	3	521	29
59	3	834	20
59	3	1148	30
59	3	1513	9
59	3	1930	12
60	3	991	30
61	3	626	29
61	3	939	20
62	3	574	29
62	3	887	20
62	3	1356	9
62	3	1461	30
62	3	1826	12
63	3	834	30
63	3	1148	20
63	3	1513	9
64	3	1878	30
65	3	469	29
65	3	991	20
65	3	2087	30
66	3	1148	30
66	3	1461	20
67	3	887	30
67	3	1200	20
67	3	1513	9
68	3	1356	30
69	3	626	30
69	3	1252	20
69	3	1617	9
70	3	626	30
71	3	1095	30
71	3	1408	20
73	3	1982	30
74	3	782	30
74	3	1930	20
75	3	626	29
75	3	939	20
76	3	1043	30
77	3	1461	30
78	3	1669	30
79	3	887	30
79	3	1461	20
80	3	730	29
80	3	1043	20
80	3	1930	9
81	3	521	29
81	3	834	20
82	3	782	30
82	3	2191	20
83	3	887	30
83	3	1617	20
84	3	626	29
84	3	939	20
84	3	2295	30
85	3	2035	30
86	3	834	30
86	3	2295	20
87	3	469	29
87	3	782	20
87	3	1095	30
87	3	1408	9
87	3	1722	12
88	3	887	30
88	3	1200	20
88	3	1513	9
89	3	626	29
89	3	1252	20
89	3	1461	30
90	3	1148	30
90	3	1774	20
91	3	626	29
91	3	939	20
92	3	574	29
92	3	887	20
92	3	1826	9
92	3	1982	30
92	3	2295	12
93	3	1304	30
94	3	2191	30
95	3	730	29
95	3	1930	20
95	3	2243	30
96	3	939	30
96	3	1252	20
96	3	1774	9
97	3	1565	30
98	3	1930	30
99	3	1304	30
99	3	1617	20
99	3	2243	9
100	3	1669	30
101	3	782	30
101	3	1565	20
102	3	678	30
102	3	991	20
102	3	2139	9
103	3	1095	30
103	3	1565	20
104	3	469	29
104	3	939	20
104	3	1304	9
104	3	1461	30
104	3	1982	12
105	3	1878	30
106	3	782	30
106	3	1095	20
106	3	1408	9
106	3	1722	12
107	3	574	29
107	3	887	20
107	3	1252	9
107	3	1304	30
107	3	1826	12
108	3	574	29
108	3	887	20
108	3	2191	30
109	3	1252	30
109	3	2087	20
110	3	574	29
110	3	887	20
110	3	1252	9
110	3	1408	30
110	3	1826	12
111	3	782	30
111	3	2191	20
112	3	626	30
112	3	1565	20
113	3	469	29
113	3	782	20
113	3	1356	30
113	3	1669	9
114	3	574	29
114	3	1930	20
115	3	1148	30
116	3	1252	30
116	3	1826	20
117	3	1669	30
118	3	1095	30
118	3	1461	20
119	3	1148	30
119	3	1617	20
120	3	782	30
120	3	1513	20
121	3	1617	30
122	3	626	29
122	3	939	20
122	3	1356	9
122	3	1722	12
122	3	2035	30
123	3	1930	30
124	3	678	29
124	3	991	30
125	3	678	30
125	3	991	20
125	3	1304	9
125	3	1669	12
126	3	469	29
126	3	782	20
126	3	939	30
126	3	1356	9
126	3	1669	12
127	3	574	29
127	3	887	20
127	3	1252	30
127	3	1617	12
128	3	574	29
128	3	887	30
128	3	1252	9
128	3	1722	12
129	3	1200	30
129	3	1617	20
130	3	469	29
130	3	939	20
131	3	574	29
131	3	1095	20
131	3	1408	9
131	3	1513	30
131	3	1826	12
132	3	574	29
132	3	887	20
132	3	2191	30
133	3	782	30
133	3	1148	20
134	3	991	30
134	3	1356	20
134	3	2243	9
135	3	521	29
135	3	834	20
135	3	1565	9
135	3	1878	30
136	3	469	29
136	3	782	20
136	3	1095	30
136	3	1408	9
136	3	1722	12
137	3	730	30
137	3	1095	20
137	3	1669	9
138	3	574	29
138	3	887	20
138	3	939	30
138	3	1252	9
138	3	1669	12
139	3	626	29
139	3	939	20
139	3	1252	9
139	3	1565	12
139	3	1878	30
140	3	1304	30
141	3	521	29
141	3	834	20
141	3	1148	30
141	3	1461	9
141	3	1774	12
142	3	574	29
142	3	1930	20
143	3	1252	30
143	3	1565	20
144	3	1669	30
145	3	1148	30
145	3	1461	20
146	3	574	29
146	3	939	20
146	3	1513	9
146	3	1669	30
146	3	2295	12
147	3	834	30
147	3	1148	20
147	3	1565	9
148	3	1252	30
149	3	574	29
149	3	887	20
149	3	1200	9
149	3	1304	30
149	3	1722	12
150	3	469	29
150	3	782	20
150	3	1356	30
150	3	1774	9
151	3	1043	30
151	3	1826	20
152	3	782	30
152	3	1095	20
152	3	1461	9
152	3	1774	12
153	3	574	29
153	3	1408	20
154	3	574	29
154	3	887	20
154	3	1200	9
154	3	1304	30
154	3	1617	12
155	3	521	29
155	3	834	20
155	3	939	30
155	3	1461	9
155	3	1826	12
156	3	521	29
156	3	834	20
156	3	1304	30
156	3	1617	9
156	3	2191	12
158	3	469	29
158	3	782	20
158	3	1461	9
158	3	1617	30
159	3	574	29
159	3	887	20
159	3	991	30
159	3	1304	9
159	3	1617	12
160	3	782	30
160	3	1095	20
160	3	1774	9
161	3	1095	30
162	3	991	30
162	3	1304	20
162	3	1669	9
163	3	1461	30
164	3	469	29
164	3	782	20
164	3	1878	30
164	3	2191	9
165	3	678	30
165	3	991	20
165	3	1304	9
165	3	1669	12
166	3	1826	30
167	3	574	29
169	3	626	29
169	3	678	20
169	3	991	30
170	3	574	29
170	3	887	20
170	3	1200	30
170	3	1513	12
171	3	626	29
172	3	1095	30
172	3	1408	20
172	3	1722	9
173	3	1304	30
173	3	1826	20
174	3	574	30
174	3	1200	20
174	3	1774	9
175	3	834	30
175	3	1148	20
175	3	1565	9
175	3	1878	12
176	3	521	29
176	3	834	20
176	3	2295	9
177	3	1565	30
178	3	2035	30
179	3	574	29
179	3	991	20
179	3	1461	9
179	3	1617	30
180	3	1461	30
181	3	521	29
181	3	834	20
181	3	2295	30
182	3	939	30
183	3	626	30
183	3	939	20
183	3	1774	9
184	3	1356	30
185	3	782	30
185	3	1356	9
185	3	1669	12
186	3	2087	30
187	3	887	30
187	3	1200	20
187	3	1565	9
188	3	1304	30
188	3	2035	20
189	3	574	29
189	3	1095	20
189	3	1513	30
189	3	1930	12
190	3	1148	30
190	3	1565	20
191	3	678	29
192	3	626	29
192	3	939	20
192	3	1461	9
192	3	1513	30
193	3	521	29
193	3	1043	20
193	3	1878	30
193	3	2191	12
194	3	730	30
196	3	521	29
196	3	834	20
196	3	991	30
196	3	1304	9
196	3	1617	12
198	3	782	30
198	3	1148	20
198	3	1513	9
198	3	2035	12
199	3	521	29
199	3	834	20
199	3	1043	30
199	3	1461	9
199	3	1826	12
200	3	1095	30
200	3	1408	20
200	3	2139	9
201	3	1304	30
202	3	887	30
202	3	1252	20
202	3	2243	9
203	3	626	30
203	3	1252	20
203	3	1722	9
204	3	574	29
204	3	887	20
204	3	1461	30
204	3	1774	9
205	3	730	30
205	3	1669	20
206	3	521	29
206	3	834	20
206	3	991	30
206	3	1304	9
206	3	1617	12
207	3	626	29
207	3	939	20
207	3	1408	9
207	3	1878	12
207	3	2243	30
208	3	521	29
208	3	834	20
208	3	1722	30
209	3	1930	30
210	3	574	30
210	3	887	20
211	3	1461	30
212	3	782	30
212	3	1408	20
213	3	1878	30
214	3	1878	30
215	3	1252	30
215	3	1565	20
216	3	939	30
217	3	521	29
217	3	1356	20
217	3	1408	30
218	3	834	30
218	3	1148	20
218	3	1513	9
219	3	2087	30
220	3	1669	30
221	3	678	30
221	3	1200	20
221	3	1774	9
222	3	1043	30
223	3	626	30
224	3	678	29
224	3	1304	20
224	3	1930	30
224	3	2243	9
225	3	574	29
225	3	887	20
225	3	939	30
225	3	1252	9
225	3	1565	12
226	3	469	29
226	3	834	20
226	3	1304	30
226	3	1617	12
227	3	834	30
227	3	1878	20
228	3	521	29
228	3	834	20
228	3	1095	30
228	3	1408	9
228	3	1722	12
229	3	678	30
229	3	1095	20
229	3	1669	9
230	3	521	29
230	3	834	20
230	3	2139	30
231	3	469	29
231	3	782	20
231	3	887	30
231	3	1982	9
232	3	574	29
232	3	887	20
232	3	1252	30
232	3	1617	12
233	3	1095	30
233	3	1565	20
234	3	2243	30
235	3	1304	30
235	3	2191	20
236	3	730	30
236	3	1878	20
237	3	626	30
238	3	1408	30
239	3	1617	30
240	3	574	29
240	3	887	20
240	3	1304	9
240	3	1356	30
240	3	1774	12
241	3	626	30
241	3	1043	20
241	3	1461	9
241	3	1774	12
242	3	574	29
242	3	1043	20
242	3	1461	9
242	3	1565	30
242	3	1878	12
243	3	521	29
243	3	834	20
243	3	887	30
243	3	1252	9
243	3	1565	12
244	3	521	29
244	3	834	30
244	3	1669	9
245	3	1043	30
245	3	1774	20
247	3	2295	30
248	3	521	29
248	3	834	20
248	3	991	30
249	3	521	29
249	3	834	20
250	3	521	29
250	3	834	20
250	3	1304	30
250	3	1617	12
251	3	782	30
251	3	1095	20
251	3	1930	9
252	3	1461	30
253	3	521	29
253	3	2139	20
253	3	2191	30
255	3	1304	30
255	3	1617	20
256	3	1043	20
256	3	1148	30
256	3	1669	9
256	3	2191	12
257	3	991	30
257	3	1513	20
258	3	626	29
258	3	678	20
258	3	991	30
258	3	1826	9
258	3	2139	12
259	3	678	30
259	3	991	20
259	3	2139	9
260	3	678	30
260	3	991	20
260	3	1930	9
262	3	991	30
262	3	1304	20
262	3	1669	9
263	3	782	30
264	3	678	29
264	3	991	20
264	3	1878	30
265	3	626	29
265	3	939	20
266	3	574	29
266	3	1095	20
266	3	1669	30
266	3	2191	9
267	3	521	29
267	3	834	20
267	3	2087	30
268	3	1148	20
268	3	1304	30
268	3	1774	9
269	3	678	29
269	3	730	20
269	3	1304	9
269	3	1774	12
270	3	782	30
271	3	782	30
271	3	1095	20
271	3	1513	9
271	3	1826	12
272	3	469	29
272	3	782	20
272	3	991	30
272	3	1304	9
272	3	1617	12
273	3	2139	30
274	3	1043	30
274	3	1617	20
275	3	1826	30
277	3	1878	30
277	3	2191	20
278	3	1252	30
279	3	1617	30
280	3	939	30
280	3	1930	20
282	3	1826	30
283	3	1043	30
283	3	1408	20
284	3	574	29
284	3	887	20
284	3	1200	30
284	3	1513	12
285	3	1095	30
285	3	1461	20
285	3	1774	9
286	3	521	29
286	3	834	20
286	3	1252	30
286	3	1565	9
286	3	1878	12
287	3	1617	30
288	3	678	20
288	3	834	30
289	3	1356	30
291	3	730	29
292	3	1774	30
292	3	2087	20
293	3	521	29
293	3	834	30
293	3	1200	9
293	3	1513	12
294	3	574	29
294	3	887	20
295	3	1408	30
295	3	1774	20
296	3	574	29
296	3	887	20
296	3	1408	30
296	3	1722	9
297	3	626	29
298	3	834	30
298	3	1356	20
298	3	1722	9
299	3	574	29
299	3	887	20
300	3	1408	30
300	3	1930	20
301	3	521	29
301	3	834	20
301	3	1669	30
301	3	2087	9
302	3	574	29
302	3	939	20
302	3	1617	30
302	3	1930	9
303	3	469	29
303	3	782	20
303	3	1095	30
303	3	1408	9
303	3	1722	12
304	3	521	29
304	3	834	20
304	3	991	30
304	3	1982	9
306	3	574	29
306	3	626	30
306	3	939	20
306	3	1252	9
306	3	1669	12
307	3	469	29
307	3	1826	20
308	3	574	30
308	3	1617	20
309	3	521	29
309	3	834	20
309	3	1148	30
309	3	1461	9
309	3	1774	12
310	3	782	30
310	3	1304	9
310	3	1617	12
311	3	939	30
312	3	887	30
312	3	1826	20
313	3	678	29
314	3	1148	30
315	3	834	30
315	3	1148	20
315	3	1513	9
315	3	2087	12
317	3	1252	30
317	3	1565	20
318	3	1826	30
319	3	1095	30
320	3	1148	30
320	3	1461	20
321	3	626	29
321	3	678	20
322	3	574	30
322	3	887	20
322	3	2295	9
323	3	2191	30
324	3	1095	30
324	3	1565	20
325	3	1252	30
325	3	2035	20
326	3	574	29
326	3	887	20
326	3	991	30
326	3	1826	9
326	3	2139	12
327	3	1148	30
327	3	1461	20
327	3	2295	9
328	3	626	30
328	3	2139	20
329	3	1200	30
330	3	678	30
330	3	1095	20
330	3	1461	9
330	3	1774	12
331	3	626	29
331	3	678	20
331	3	991	30
331	3	2035	9
332	3	626	29
332	3	939	20
332	3	1408	9
332	3	1461	30
333	3	574	29
333	3	887	20
333	3	1774	30
333	3	2087	9
334	3	1304	30
334	3	1617	20
335	3	574	29
335	3	887	20
335	3	939	30
335	3	1826	9
336	3	626	29
336	3	939	20
336	3	1408	30
336	3	1878	9
337	3	1252	30
337	3	2139	20
338	3	1304	30
339	3	678	29
339	3	730	20
339	3	2139	9
340	3	1095	30
340	3	1408	20
341	3	1095	30
341	3	1461	20
341	3	2295	9
342	3	521	29
342	3	834	20
342	3	1148	30
342	3	1461	9
342	3	1774	12
343	3	574	29
343	3	887	30
343	3	1200	9
343	3	1826	12
344	3	1930	30
345	3	521	29
345	3	1043	20
345	3	1200	30
345	3	1513	9
345	3	1930	12
346	3	678	30
346	3	991	20
346	3	1304	9
346	3	1617	12
347	3	678	29
347	3	1148	20
348	3	574	29
348	3	887	20
348	3	1565	30
348	3	2087	9
349	3	574	29
349	3	887	20
349	3	1200	9
349	3	1304	30
349	3	1617	12
351	3	574	29
351	3	939	20
352	3	782	30
352	3	1095	20
352	3	1565	9
353	3	626	29
353	3	939	20
354	3	469	29
354	3	782	20
354	3	991	30
354	3	1304	9
354	3	1617	12
355	3	782	30
356	3	1200	30
356	3	1513	20
356	3	2087	9
357	3	730	30
357	3	1095	20
358	3	626	30
358	3	1356	20
358	3	1774	9
360	3	574	29
360	3	1878	20
361	3	730	30
361	3	1043	20
361	3	1930	9
362	3	1513	30
364	3	574	29
364	3	887	20
364	3	1930	30
365	3	1930	30
366	3	730	30
366	3	1200	20
367	3	521	29
367	3	834	20
367	3	1930	30
368	3	574	29
368	3	887	30
368	3	1200	9
368	3	1513	12
369	3	574	29
369	3	887	20
369	3	1252	9
369	3	1408	30
369	3	1722	12
370	3	1617	30
371	3	521	29
371	3	834	20
371	3	1722	30
372	3	678	29
372	3	1200	20
373	3	834	30
374	3	1356	30
374	3	2191	20
375	3	1461	20
375	3	1669	30
376	3	574	29
376	3	991	20
377	3	1148	30
377	3	1565	20
378	3	887	30
378	3	1513	20
379	3	730	29
379	3	1148	20
379	3	1513	9
379	3	1826	30
380	3	730	30
381	3	730	30
381	3	1878	20
382	3	626	29
382	3	678	20
382	3	2139	30
383	3	1722	30
384	3	626	29
384	3	939	20
384	3	1774	9
384	3	1982	30
385	3	834	30
385	3	1408	20
386	3	678	30
386	3	1043	20
387	3	521	29
387	3	834	20
387	3	1252	9
387	3	1513	30
387	3	1826	12
388	3	2087	30
389	3	626	29
389	3	939	20
390	3	574	29
390	3	887	20
390	3	991	30
390	3	1565	9
390	3	2139	12
391	3	678	30
391	3	991	20
391	3	1513	9
391	3	2191	12
392	3	1304	30
392	3	1982	20
393	3	521	29
393	3	834	20
393	3	887	30
393	3	1669	9
394	3	834	30
394	3	1461	20
395	3	939	30
396	3	574	29
396	3	887	30
396	3	1200	9
396	3	1513	12
397	3	1148	30
397	3	1461	20
398	3	469	29
398	3	991	20
399	3	521	29
399	3	834	20
399	3	1043	30
399	3	1513	9
400	3	730	30
400	3	1043	20
401	3	1982	30
402	3	782	30
402	3	1095	20
402	3	1617	9
403	3	1982	30
404	3	939	30
404	3	1722	20
405	3	1304	30
405	3	1774	20
406	3	574	29
406	3	939	20
406	3	1461	9
406	3	1722	30
407	3	678	29
407	3	1356	20
407	3	1722	9
409	3	1356	30
410	3	939	30
410	3	1930	20
411	3	469	29
411	3	782	20
411	3	1095	30
411	3	1408	9
411	3	1722	12
412	3	626	29
412	3	678	20
412	3	991	30
412	3	1304	9
412	3	1617	12
413	3	574	29
413	3	887	20
413	3	991	30
413	3	1304	9
413	3	1617	12
414	3	626	30
414	3	939	20
414	3	1408	9
414	3	1930	12
415	3	678	29
415	3	1513	9
415	3	2243	12
416	3	1722	30
416	3	2087	20
417	3	574	29
417	3	887	20
417	3	1722	30
417	3	2087	9
418	3	574	29
418	3	991	20
418	3	1304	9
418	3	1461	30
418	3	1774	12
419	3	469	29
419	3	782	20
419	3	1200	30
419	3	1513	9
419	3	1826	12
420	3	1043	30
420	3	1356	20
421	3	2035	30
422	3	1148	30
423	3	1148	20
423	3	1356	30
423	3	1722	9
424	3	521	29
424	3	834	20
424	3	1200	30
424	3	1513	12
425	3	782	30
425	3	1826	20
426	3	1304	20
426	3	1408	30
426	3	1826	9
426	3	2295	12
427	3	1878	30
428	3	521	29
428	3	834	20
429	3	574	30
429	3	887	20
429	3	1461	9
429	3	1774	12
430	3	521	29
430	3	834	20
430	3	1669	30
431	3	521	29
431	3	834	20
431	3	1356	9
431	3	1565	30
432	3	782	30
432	3	1095	20
432	3	1408	9
432	3	1722	12
433	3	782	30
433	3	1148	20
434	3	678	20
434	3	834	30
434	3	1200	9
434	3	1513	12
435	3	469	29
435	3	782	20
435	3	991	30
435	3	1356	9
435	3	1774	12
436	3	626	29
436	3	678	20
436	3	991	30
436	3	1304	9
436	3	1617	12
437	3	521	29
437	3	834	20
437	3	1878	30
437	3	2191	9
438	3	730	30
438	3	1095	20
438	3	1513	9
439	3	887	30
440	3	626	30
440	3	1252	20
441	3	2087	30
442	3	730	30
442	3	1043	20
442	3	1982	9
443	3	939	30
444	3	1878	30
445	3	574	29
445	3	887	20
445	3	939	30
445	3	1513	9
445	3	1982	12
446	3	626	29
446	3	1878	20
446	3	2191	30
447	3	1826	30
448	3	939	30
449	3	1982	30
450	3	2139	30
451	3	678	30
451	3	1095	20
451	3	1513	9
451	3	1826	12
452	3	730	30
452	3	1617	20
453	3	521	29
453	3	834	20
453	3	1148	30
453	3	1461	9
453	3	1774	12
454	3	1669	30
455	3	1095	30
455	3	1461	20
455	3	1774	9
456	3	1095	30
456	3	1513	20
457	3	730	30
457	3	1356	20
458	3	1826	30
459	3	626	30
460	3	574	29
460	3	887	20
460	3	2087	30
461	3	521	29
461	3	834	20
461	3	1408	9
461	3	1461	30
462	3	834	30
462	3	1356	20
463	3	574	29
463	3	887	20
463	3	1252	9
463	3	1356	30
463	3	1669	12
464	3	1095	30
465	3	574	29
465	3	887	20
465	3	1930	30
466	3	574	29
466	3	887	20
466	3	1043	30
466	3	1722	9
467	3	469	29
467	3	782	20
467	3	991	30
467	3	1982	9
468	3	574	29
468	3	887	20
468	3	1878	9
468	3	1930	30
469	3	521	29
469	3	834	20
469	3	1252	30
469	3	1565	9
469	3	1878	12
470	3	991	30
471	3	991	30
471	3	1878	20
472	3	521	29
472	3	834	20
472	3	1826	30
473	3	521	29
473	3	1095	20
473	3	1774	30
473	3	2087	9
474	3	521	29
474	3	834	20
474	3	1148	30
474	3	1461	9
474	3	1774	12
475	3	939	30
475	3	1930	20
476	3	1669	30
477	3	1304	30
478	3	887	30
478	3	2139	20
480	3	991	30
480	3	1461	20
481	3	574	29
481	3	939	20
481	3	1200	30
481	3	1513	9
481	3	1826	12
482	3	834	30
482	3	1565	20
483	3	1565	30
484	3	1930	30
485	3	1513	30
486	3	1200	30
486	3	1617	20
487	3	574	29
487	3	887	20
487	3	2139	30
488	3	1148	30
488	3	1565	20
489	3	574	29
489	3	887	20
489	3	991	30
489	3	1304	9
489	3	1617	12
490	3	782	30
490	3	1095	20
490	3	1513	9
490	3	1826	12
491	3	730	29
491	3	1252	20
491	3	1930	30
491	3	2295	9
492	3	1252	20
492	3	1304	30
492	3	1669	9
492	3	2139	12
493	3	939	30
494	3	521	29
494	3	834	20
494	3	2243	30
495	3	991	30
495	3	1304	20
495	3	1617	9
496	3	469	29
496	3	1095	20
496	3	1408	9
496	3	1565	30
496	3	1878	12
497	3	469	29
497	3	782	20
498	3	574	29
498	3	991	20
499	3	782	30
500	3	574	29
500	3	887	20
500	3	1200	9
500	3	1304	30
500	3	1617	12
501	3	1200	30
502	3	991	30
502	3	1304	20
503	3	574	29
503	3	887	20
503	3	1095	30
503	3	1408	9
503	3	1722	12
504	3	2243	30
505	3	1252	30
505	3	1982	20
506	3	991	30
506	3	1617	20
507	3	1200	30
508	3	678	29
508	3	1200	9
508	3	1565	12
508	3	1878	30
510	3	1930	30
512	3	939	30
512	3	1252	20
512	3	1565	9
512	3	1930	12
513	3	939	30
513	3	1304	20
514	3	626	29
514	3	939	20
514	3	1774	30
514	3	2191	9
515	3	521	29
515	3	834	20
515	3	1148	30
515	3	1513	9
515	3	1826	12
516	3	1669	30
517	3	1200	30
517	3	1513	20
518	3	939	30
518	3	1356	20
518	3	1774	9
519	3	521	29
519	3	887	20
519	3	1304	9
519	3	1513	30
520	3	574	29
520	3	887	20
520	3	2087	30
521	3	574	29
521	3	887	20
521	3	1252	9
521	3	1408	30
521	3	1722	12
522	3	1043	30
522	3	1461	9
522	3	1774	12
523	3	730	30
523	3	1826	9
525	3	574	29
525	3	939	20
525	3	1095	30
525	3	1408	9
525	3	1722	12
526	3	1878	30
527	3	521	29
527	3	834	20
527	3	2191	30
528	3	574	29
528	3	887	20
528	3	939	30
528	3	1565	9
529	3	626	29
529	3	678	20
529	3	991	30
529	3	1304	9
529	3	1617	12
530	3	1304	30
530	3	1617	20
530	3	2139	9
531	3	1043	30
531	3	1356	20
531	3	1669	9
532	3	1095	30
532	3	1408	20
533	3	2035	30
534	3	626	29
534	3	678	20
534	3	991	30
534	3	1304	9
534	3	1617	12
535	3	1930	30
536	3	1304	30
536	3	2139	20
537	3	730	30
537	3	1095	20
537	3	1565	9
538	3	521	29
538	3	834	30
538	3	1461	9
539	3	574	29
539	3	887	20
540	3	678	30
541	3	469	29
541	3	834	20
541	3	1982	30
542	3	887	30
542	3	1565	20
543	3	1200	30
543	3	1513	20
543	3	1930	9
544	3	521	29
544	3	939	20
544	3	1095	30
544	3	1461	9
544	3	1774	12
545	3	1669	30
546	3	1095	30
546	3	1513	20
547	3	626	29
547	3	1095	20
547	3	1252	30
547	3	1565	9
547	3	1878	12
548	3	1304	30
549	3	1148	30
549	3	1461	20
550	3	574	29
550	3	887	20
550	3	939	30
550	3	1252	9
550	3	1565	12
551	3	469	29
551	3	782	20
551	3	1095	30
551	3	1408	9
551	3	1722	12
552	3	1617	20
552	3	1669	30
553	3	782	30
553	3	1304	20
554	3	469	29
554	3	782	20
554	3	939	30
554	3	1304	9
554	3	1722	12
555	3	521	29
555	3	834	20
555	3	991	30
555	3	1304	9
555	3	1617	12
556	3	626	30
556	3	1043	20
556	3	1461	9
556	3	1774	12
557	3	1565	30
558	3	574	29
558	3	626	30
558	3	939	20
559	3	1252	20
559	3	1304	30
559	3	1669	9
560	3	1304	30
561	3	1043	30
562	3	782	30
562	3	1304	20
562	3	1774	9
563	3	991	30
563	3	1304	20
563	3	1617	9
564	3	1304	30
564	3	2087	20
565	3	574	29
565	3	887	20
565	3	1200	9
565	3	1356	30
565	3	1669	12
566	3	574	29
566	3	887	20
566	3	2243	30
567	3	834	30
567	3	1304	20
568	3	521	29
568	3	834	20
568	3	1200	9
568	3	1304	30
568	3	1617	12
569	3	574	29
569	3	1200	20
570	3	1148	30
570	3	1461	20
571	3	521	29
571	3	834	20
571	3	1826	30
571	3	2139	9
572	3	1356	30
573	3	1565	30
574	3	887	30
575	3	521	29
575	3	834	20
575	3	939	30
575	3	1252	9
575	3	1565	12
576	3	1095	30
576	3	1461	20
577	3	626	29
577	3	678	20
577	3	991	30
577	3	1461	9
578	3	574	30
578	3	2087	20
579	3	574	29
580	3	2295	30
581	3	1356	20
581	3	1408	30
581	3	1826	9
582	3	730	30
582	3	1461	20
582	3	2139	9
583	3	626	29
583	3	678	20
583	3	991	30
583	3	1304	9
583	3	1617	12
584	3	574	29
584	3	887	20
584	3	2035	30
585	3	574	29
585	3	887	30
585	3	1200	9
585	3	1513	12
586	3	521	29
586	3	1095	20
586	3	1304	30
586	3	1617	9
587	3	469	29
587	3	782	20
587	3	887	30
587	3	1200	9
587	3	1513	12
588	3	730	30
588	3	1043	20
588	3	1774	9
589	3	469	29
589	3	887	30
589	3	1304	9
589	3	2243	12
590	3	678	29
590	3	730	20
590	3	1669	9
591	3	1461	30
593	3	521	29
593	3	2295	30
594	3	678	30
594	3	1617	20
595	3	574	29
595	3	887	20
595	3	1095	30
595	3	1408	9
595	3	1722	12
596	3	782	30
596	3	1148	20
596	3	1513	9
597	3	678	29
598	3	521	29
598	3	834	20
598	3	991	30
598	3	1930	9
599	3	574	29
599	3	887	20
599	3	939	30
599	3	1826	9
599	3	2295	12
600	3	1930	30
601	3	626	29
601	3	991	20
602	3	1148	30
603	3	626	30
604	3	1095	30
604	3	1408	20
604	3	1774	9
605	3	1408	30
605	3	1722	20
606	3	574	29
606	3	1095	20
606	3	1356	30
606	3	1669	9
606	3	1982	12
607	3	521	29
607	3	834	20
607	3	1304	30
607	3	1669	9
607	3	1982	12
608	3	469	29
608	3	782	20
608	3	1513	30
610	3	2191	30
611	3	626	30
611	3	1565	20
612	3	1200	30
612	3	1513	20
613	3	1200	30
614	3	1148	30
614	3	1461	20
614	3	1774	9
615	3	626	30
615	3	1408	20
616	3	991	30
616	3	1356	20
616	3	1774	9
617	3	1878	30
619	3	1148	30
619	3	2191	20
620	3	574	29
620	3	887	20
620	3	2243	30
621	3	1252	20
621	3	1304	30
621	3	1617	9
622	3	574	30
622	3	887	20
623	3	1461	30
624	3	469	29
624	3	782	20
625	3	1095	30
625	3	1408	20
625	3	1774	9
626	3	678	30
626	3	991	20
626	3	1408	9
627	3	574	29
627	3	991	20
627	3	1669	30
628	3	521	29
628	3	1095	20
628	3	1617	30
628	3	1930	9
629	3	521	29
629	3	1878	20
630	3	730	30
630	3	1252	20
631	3	939	30
631	3	1252	20
631	3	1565	9
631	3	1878	12
632	3	574	29
632	3	887	30
632	3	1356	9
632	3	1930	12
633	3	1148	30
634	3	1200	30
634	3	1513	20
635	3	1304	30
635	3	1617	20
637	3	1408	30
638	3	1826	30
639	3	574	30
639	3	887	20
639	3	1252	9
639	3	1565	12
640	3	1878	30
641	3	626	30
642	3	1148	30
642	3	1513	20
644	3	626	29
644	3	939	20
645	3	1095	30
645	3	1669	9
646	3	574	29
646	3	887	20
646	3	1252	9
646	3	1304	30
646	3	1617	12
647	3	1722	30
648	3	834	30
648	3	1252	20
649	3	834	30
649	3	1617	9
650	3	1826	30
650	3	2139	20
651	3	626	29
651	3	2087	20
652	3	574	29
652	3	991	20
652	3	1669	30
652	3	1982	9
653	3	782	30
653	3	1148	20
653	3	2139	9
654	3	469	29
654	3	2295	30
655	3	469	29
655	3	1304	20
655	3	1722	30
655	3	2191	9
656	3	574	30
656	3	1200	20
656	3	1722	9
657	3	469	29
657	3	887	20
658	3	782	30
658	3	1095	20
658	3	1408	9
658	3	1722	12
659	3	1095	30
659	3	1461	20
660	3	1252	30
661	3	626	29
661	3	678	20
661	3	1669	9
662	3	521	29
662	3	1148	20
662	3	1513	9
662	3	1722	30
663	3	1356	30
663	3	1669	20
664	3	626	29
664	3	939	20
664	3	1356	9
664	3	1669	12
664	3	1982	30
665	3	626	29
665	3	939	20
666	3	626	29
666	3	678	20
666	3	991	30
666	3	1878	9
666	3	2295	12
667	3	678	30
667	3	991	20
668	3	939	30
668	3	1408	20
668	3	2087	9
669	3	1043	30
669	3	1461	20
669	3	1982	9
670	3	887	30
670	3	1304	20
670	3	2191	9
671	3	1461	30
672	3	991	30
672	3	1930	20
673	3	834	30
673	3	1617	20
674	3	782	30
674	3	1095	20
674	3	1565	9
675	3	1200	20
675	3	1304	30
675	3	1722	9
676	3	574	29
676	3	887	20
676	3	1095	30
676	3	1408	9
676	3	1722	12
677	3	1043	30
677	3	1356	20
677	3	1669	9
678	3	574	29
678	3	887	20
678	3	1669	30
678	3	2087	9
679	3	1252	30
680	3	1252	20
680	3	1356	30
680	3	1722	9
681	3	939	30
682	3	469	29
682	3	887	20
682	3	2035	9
682	3	2087	30
683	3	1200	30
684	3	1304	20
684	3	1356	30
684	3	1722	9
685	3	678	30
685	3	991	20
686	3	574	29
686	3	887	20
687	3	1148	30
688	3	1095	30
688	3	1565	20
689	3	1200	30
689	3	1513	20
690	3	574	30
691	3	626	29
691	3	939	20
691	3	1356	9
691	3	1669	12
691	3	1982	30
692	3	939	30
692	3	1252	20
692	3	1565	9
692	3	1878	12
693	3	626	30
693	3	1095	20
693	3	1461	9
693	3	2295	12
694	3	834	20
694	3	887	30
694	3	1722	9
695	3	521	29
695	3	834	20
695	3	939	30
695	3	1878	9
695	3	2191	12
696	3	782	30
697	3	521	29
697	3	834	20
697	3	1356	30
697	3	1669	9
697	3	1982	12
698	3	1722	30
698	3	2295	20
699	3	834	30
699	3	1200	20
700	3	626	30
700	3	939	20
701	3	626	30
701	3	1148	20
701	3	1669	9
702	3	678	30
702	3	991	20
703	3	469	29
703	3	782	20
703	3	834	30
703	3	1513	9
703	3	1826	12
705	3	678	29
705	3	1461	20
705	3	1982	9
705	3	2295	12
706	3	521	29
706	3	834	20
706	3	991	30
706	3	2087	9
707	3	574	29
707	3	939	20
707	3	1878	30
708	3	1148	30
708	3	1461	20
709	3	469	29
709	3	887	20
709	3	1356	30
709	3	1669	9
709	3	2035	12
710	3	521	29
710	3	887	20
710	3	1200	30
710	3	1513	9
711	3	1095	30
711	3	1408	20
711	3	1826	9
712	3	1095	30
713	3	1565	30
714	3	678	29
714	3	991	30
714	3	2035	9
715	3	626	29
715	3	1356	20
715	3	2243	30
716	3	574	29
716	3	887	20
716	3	991	30
716	3	1304	9
716	3	1617	12
717	3	834	30
717	3	1252	20
717	3	1565	9
717	3	1982	12
718	3	469	29
718	3	782	20
718	3	1356	9
718	3	1565	30
718	3	1930	12
719	3	521	29
720	3	1878	30
721	3	574	29
721	3	1148	20
721	3	1669	30
721	3	2087	9
722	3	469	29
722	3	782	20
722	3	991	30
722	3	1304	9
722	3	1617	12
723	3	834	30
723	3	2035	20
724	3	730	30
724	3	2087	20
725	3	730	20
725	3	834	30
725	3	1356	9
725	3	1722	12
726	3	469	29
726	3	1095	20
726	3	1408	9
726	3	1461	30
726	3	1774	12
727	3	1617	30
728	3	1878	30
729	3	678	29
729	3	991	20
730	3	834	30
730	3	1200	20
731	3	574	29
731	3	887	20
731	3	2035	30
732	3	678	29
732	3	991	20
733	3	574	29
733	3	939	20
733	3	1461	30
733	3	1774	9
734	3	469	29
734	3	782	20
734	3	1722	30
734	3	2035	9
735	3	1878	30
736	3	834	30
736	3	1461	20
737	3	574	29
737	3	887	20
737	3	1565	9
737	3	1617	30
737	3	1930	12
738	3	521	29
738	3	887	20
738	3	1200	9
738	3	1461	30
738	3	1774	12
739	3	1095	30
739	3	1408	20
740	3	2243	30
741	3	782	30
741	3	1356	20
742	3	574	29
742	3	887	20
742	3	1200	9
742	3	1252	30
742	3	1617	12
743	3	521	29
743	3	834	20
743	3	939	30
743	3	1878	9
744	3	1043	30
744	3	1356	20
744	3	1826	9
745	3	939	30
746	3	1304	30
746	3	1617	20
747	3	939	30
747	3	1304	20
748	3	2035	30
749	3	574	29
750	3	626	29
750	3	991	20
750	3	2035	30
751	3	1356	30
752	3	939	30
752	3	1252	20
752	3	1617	9
752	3	2087	12
753	3	574	29
753	3	887	20
753	3	1200	30
753	3	1513	9
753	3	1826	12
754	3	574	29
754	3	887	20
754	3	1461	30
754	3	1774	9
755	3	574	29
755	3	887	20
755	3	1878	9
755	3	1930	30
756	3	574	29
756	3	887	20
756	3	1252	9
756	3	1356	30
756	3	1669	12
757	3	1722	30
757	3	2191	20
758	3	574	29
758	3	887	20
758	3	991	30
758	3	1356	9
759	3	1669	30
760	3	678	30
761	3	469	29
761	3	1513	20
761	3	1982	30
762	3	521	29
762	3	939	20
762	3	1826	30
763	3	1461	20
763	3	1617	30
763	3	2035	9
764	3	939	30
765	3	469	29
765	3	782	20
765	3	1826	30
765	3	2139	9
766	3	626	29
766	3	939	20
767	3	1043	30
767	3	1513	20
768	3	1252	30
769	3	626	29
770	3	1930	30
771	3	1148	30
771	3	1461	20
772	3	1304	30
773	3	1722	30
774	3	521	29
774	3	834	20
774	3	1200	9
774	3	1252	30
774	3	1565	12
775	3	521	29
776	3	469	29
776	3	782	20
776	3	887	30
776	3	1200	9
776	3	1565	12
778	3	678	29
778	3	991	20
778	3	2087	30
779	3	1930	30
780	3	626	29
781	3	521	29
781	3	834	20
781	3	1304	30
781	3	1617	9
782	3	834	30
782	3	2035	20
783	3	1722	30
784	3	574	30
784	3	887	20
784	3	1878	9
784	3	2295	12
785	3	782	30
786	3	1148	30
787	3	1669	30
788	3	469	29
788	3	834	20
788	3	2191	30
789	3	1148	30
789	3	1461	20
789	3	1826	9
790	3	991	30
790	3	1513	20
791	3	1669	30
792	3	730	20
792	3	782	30
793	3	574	29
793	3	626	30
793	3	939	20
793	3	1461	9
793	3	1878	12
794	3	521	29
794	3	834	30
794	3	2035	9
795	3	1826	30
795	3	2191	20
796	3	1669	30
797	3	730	20
797	3	782	30
798	3	834	30
798	3	1774	20
798	3	2243	9
800	3	1095	30
801	3	1617	20
801	3	1669	30
802	3	521	29
802	3	939	20
802	3	1617	9
803	3	574	29
803	3	939	20
803	3	1200	30
803	3	1565	9
803	3	2035	12
804	3	626	30
804	3	1304	20
804	3	2087	9
806	3	1148	30
807	3	626	29
807	3	678	20
807	3	991	30
807	3	1304	9
807	3	1617	12
808	3	2035	30
809	3	2087	30
810	3	574	29
810	3	626	30
810	3	939	20
810	3	1617	9
811	3	521	29
811	3	834	20
811	3	1722	30
811	3	2035	9
812	3	469	29
812	3	782	20
812	3	1356	9
812	3	1461	30
812	3	1774	12
813	3	887	20
813	3	939	30
814	3	939	30
815	3	469	29
815	3	782	20
816	3	1148	30
816	3	1461	20
818	3	574	29
818	3	1148	20
818	3	1878	30
818	3	2191	9
819	3	1252	30
820	3	678	30
820	3	2295	20
821	3	1095	30
821	3	1617	20
822	3	521	29
822	3	834	20
822	3	1826	9
822	3	1930	30
823	3	626	29
823	3	678	20
823	3	991	30
823	3	1304	9
823	3	1617	12
824	3	1148	30
824	3	1669	9
825	3	1252	20
825	3	1304	30
825	3	1617	9
826	3	1095	30
826	3	1408	20
827	3	574	29
828	3	1095	30
828	3	1565	20
829	3	1669	30
830	3	1461	30
831	3	469	29
831	3	887	20
831	3	1252	9
831	3	1356	30
831	3	1669	12
832	3	678	29
832	3	730	20
832	3	1200	9
832	3	1513	12
832	3	1826	30
833	3	574	29
833	3	1513	20
834	3	678	29
834	3	730	20
834	3	1356	9
834	3	1669	12
834	3	1982	30
835	3	939	30
835	3	1461	20
836	3	1982	30
837	3	1617	30
837	3	2035	20
838	3	574	29
838	3	887	20
838	3	1304	30
838	3	1617	9
838	3	1930	12
839	3	1304	30
839	3	1617	20
840	3	469	29
840	3	782	20
840	3	991	30
840	3	1304	9
840	3	1617	12
841	3	678	30
841	3	991	20
842	3	991	30
842	3	1356	20
842	3	1774	9
843	3	626	29
843	3	678	20
843	3	1200	9
843	3	1513	12
843	3	1826	30
844	3	1252	30
845	3	1252	30
845	3	1617	20
846	3	1356	30
846	3	1722	20
847	3	1252	30
847	3	1565	20
847	3	2295	9
848	3	469	29
848	3	782	20
848	3	939	30
848	3	1252	9
848	3	1565	12
850	3	521	29
850	3	834	20
850	3	1148	30
850	3	1461	9
850	3	1774	12
852	3	939	30
853	3	1669	30
853	3	2035	20
854	3	1095	30
854	3	1408	20
854	3	1722	9
855	3	574	30
855	3	887	20
856	3	678	29
856	3	1826	20
857	3	1669	30
858	3	834	30
858	3	1148	20
858	3	1513	9
859	3	2035	30
860	3	1408	30
861	3	626	29
861	3	939	20
862	3	1826	30
863	3	678	30
863	3	991	20
863	3	1304	9
863	3	1617	12
864	3	521	29
864	3	834	20
864	3	1148	30
864	3	1461	9
864	3	1774	12
865	3	521	29
865	3	834	20
865	3	2139	30
866	3	574	29
866	3	887	20
866	3	1565	9
866	3	1930	30
867	3	782	30
867	3	1617	20
868	3	678	30
868	3	991	20
868	3	1930	9
869	3	626	30
869	3	1095	20
869	3	1617	9
870	3	1148	30
870	3	1461	20
871	3	782	30
871	3	1408	20
873	3	678	20
873	3	730	30
873	3	1200	9
873	3	1513	12
874	3	782	30
875	3	626	30
875	3	991	20
875	3	1722	9
876	3	521	29
876	3	834	20
877	3	521	29
877	3	834	20
877	3	991	30
877	3	1304	9
877	3	1617	12
878	3	1148	30
878	3	1461	20
879	3	730	30
879	3	1878	20
880	3	626	29
880	3	678	20
880	3	991	30
880	3	1356	9
880	3	2087	12
881	3	782	30
882	3	1252	30
882	3	1565	20
883	3	1982	30
884	3	574	29
884	3	887	20
884	3	2139	30
885	3	678	29
885	3	1095	30
885	3	1408	9
885	3	1722	12
886	3	1148	30
886	3	1878	20
887	3	782	30
887	3	1200	20
888	3	1356	30
889	3	1669	30
890	3	1148	30
890	3	1617	20
891	3	834	30
892	3	1252	30
893	3	730	30
893	3	1043	20
894	3	730	30
894	3	1513	20
895	3	626	30
895	3	1774	20
896	3	626	29
896	3	939	20
897	3	626	30
897	3	939	20
897	3	1565	9
898	3	469	29
898	3	782	20
898	3	1252	30
898	3	1565	9
899	3	574	29
899	3	887	20
899	3	991	30
899	3	1304	9
899	3	1722	12
900	3	939	30
900	3	1513	20
901	3	574	29
901	3	887	20
902	3	939	30
902	3	1252	20
902	3	1565	9
902	3	2139	12
903	3	574	30
903	3	887	20
903	3	1356	9
903	3	1774	12
904	3	1304	30
905	3	1148	30
905	3	2035	20
906	3	678	30
906	3	991	20
907	3	1878	30
908	3	574	29
908	3	887	20
908	3	1565	9
908	3	1774	30
909	3	1826	30
910	3	1148	30
910	3	1565	20
911	3	991	30
912	3	730	20
912	3	782	30
913	3	1252	30
913	3	1617	20
914	3	1043	30
914	3	1356	20
914	3	1669	9
915	3	1200	30
915	3	1617	20
916	3	521	29
916	3	834	20
916	3	1252	30
916	3	1565	9
917	3	574	29
917	3	2035	20
917	3	2243	30
918	3	1252	30
918	3	1565	20
919	3	1252	30
920	3	1043	30
921	3	730	30
922	3	730	30
922	3	1774	20
922	3	2191	9
923	3	1148	30
924	3	574	30
924	3	939	20
924	3	1252	9
924	3	1565	12
925	3	626	29
925	3	939	20
926	3	521	29
926	3	991	20
926	3	1513	30
926	3	1930	12
927	3	730	30
927	3	1200	20
928	3	1930	30
929	3	626	29
929	3	939	20
929	3	1513	30
929	3	1826	9
930	3	939	30
931	3	521	29
931	3	834	20
931	3	887	30
931	3	1200	9
931	3	1513	12
932	3	1148	30
932	3	1461	20
932	3	2087	9
933	3	1148	30
933	3	1461	20
933	3	2295	9
934	3	1356	30
934	3	1669	20
935	3	626	30
935	3	939	20
936	3	939	30
936	3	1461	20
937	3	991	30
937	3	2295	20
938	3	939	30
938	3	1304	20
938	3	2295	9
939	3	626	29
940	3	469	29
940	3	991	20
940	3	1356	9
940	3	1565	30
940	3	1982	12
941	3	521	29
941	3	834	20
941	3	1252	30
941	3	1617	12
942	3	469	29
942	3	782	20
942	3	1200	30
942	3	1513	12
943	3	469	29
944	3	782	30
944	3	1461	20
944	3	2243	9
945	3	1408	30
946	3	782	30
946	3	1200	20
947	3	678	29
947	3	1200	9
947	3	1513	12
947	3	1826	30
948	3	574	29
948	3	887	20
948	3	1774	9
948	3	1826	30
949	3	469	29
949	3	782	20
949	3	1095	30
949	3	1408	9
949	3	1722	12
950	3	626	29
950	3	678	20
950	3	991	30
950	3	1408	9
951	3	1617	30
952	3	1826	30
953	3	678	29
953	3	1461	9
953	3	1774	12
954	3	469	29
954	3	782	20
954	3	1408	9
954	3	1722	30
954	3	2087	12
955	3	1565	30
956	3	521	29
957	3	1304	30
958	3	1408	30
959	3	1826	30
960	3	626	29
960	3	991	20
960	3	1513	9
960	3	1982	30
961	3	887	30
961	3	1252	20
961	3	2191	9
962	3	2035	30
963	3	730	30
963	3	1878	20
964	3	469	29
964	3	782	20
964	3	939	30
964	3	1252	9
964	3	1565	12
965	3	1148	30
965	3	1513	20
966	3	521	29
966	3	834	20
966	3	1356	30
966	3	1826	9
967	3	678	29
968	3	730	30
968	3	1513	20
968	3	2243	9
969	3	574	29
969	3	1200	20
969	3	1565	30
969	3	2243	12
971	3	574	29
971	3	887	20
971	3	1617	30
971	3	2295	12
972	3	521	29
972	3	834	20
972	3	1043	30
972	3	1356	9
972	3	1669	12
973	3	626	30
974	3	574	30
974	3	939	20
975	3	1304	30
976	3	678	30
976	3	1043	20
976	3	1408	9
976	3	1774	12
977	3	2035	30
978	3	521	29
978	3	834	20
978	3	1408	30
978	3	1722	9
979	3	1200	30
979	3	1513	20
980	3	2087	30
981	3	887	30
981	3	1200	20
981	3	1617	9
982	3	469	29
982	3	887	20
983	3	521	29
983	3	834	20
983	3	991	30
984	3	1304	20
984	3	1356	30
985	3	1043	30
985	3	1356	20
985	3	1722	9
986	3	1982	30
987	3	1461	30
988	3	678	30
988	3	1565	20
989	3	521	29
989	3	834	20
989	3	1252	30
990	3	1565	30
991	3	1200	30
992	3	2035	30
993	3	730	30
994	3	2035	30
995	3	574	29
995	3	887	20
995	3	939	30
995	3	1826	9
996	3	1095	30
998	3	834	30
998	3	1304	9
998	3	1617	12
999	3	1669	30
0	4	626	29
0	4	991	30
1	4	626	29
1	4	991	30
2	4	469	29
3	4	1148	30
3	4	1617	28
4	4	574	29
4	4	1356	30
4	4	1826	28
5	4	678	30
6	4	730	30
7	4	626	30
7	4	1565	28
8	4	887	30
9	4	1982	30
10	4	521	29
10	4	939	30
12	4	991	28
12	4	1304	30
13	4	1043	28
13	4	1356	30
14	4	469	29
14	4	991	30
15	4	730	30
16	4	574	29
16	4	1461	30
17	4	574	29
17	4	1878	30
18	4	626	30
19	4	1878	30
20	4	521	29
20	4	1356	30
20	4	2243	28
21	4	417	29
21	4	1043	30
22	4	1200	30
23	4	626	29
24	4	469	29
24	4	1408	30
25	4	1461	30
26	4	782	30
27	4	626	30
28	4	834	30
28	4	1774	28
29	4	939	30
30	4	1148	30
30	4	1774	28
31	4	626	29
31	4	2035	30
32	4	1148	30
32	4	1617	28
33	4	521	29
33	4	2191	30
34	4	782	30
34	4	2139	28
35	4	574	29
35	4	1252	30
35	4	2295	28
36	4	678	29
37	4	678	29
38	4	626	29
39	4	626	29
39	4	1565	30
40	4	574	29
40	4	939	30
40	4	1878	28
41	4	782	30
41	4	1878	28
42	4	626	29
42	4	1513	30
43	4	574	30
43	4	1930	28
44	4	1617	28
44	4	1930	30
45	4	730	29
45	4	1513	30
46	4	782	30
47	4	834	30
47	4	1774	28
48	4	1252	28
48	4	1565	30
49	4	678	30
50	4	1513	28
50	4	1826	30
51	4	1513	30
51	4	2243	28
52	4	887	30
53	4	678	30
53	4	2087	28
55	4	678	29
56	4	1148	30
57	4	521	29
57	4	1148	30
57	4	1722	28
58	4	678	30
59	4	521	29
59	4	1148	30
59	4	2243	28
60	4	991	30
61	4	626	29
62	4	574	29
62	4	1461	30
62	4	2191	28
63	4	834	30
63	4	1774	28
64	4	1878	30
65	4	469	29
65	4	2087	30
66	4	1148	30
66	4	1722	28
67	4	887	30
67	4	1722	28
68	4	1356	30
69	4	626	30
69	4	1513	28
70	4	626	30
71	4	1095	30
71	4	1617	28
73	4	1669	28
73	4	1982	30
74	4	782	30
75	4	626	29
76	4	1043	30
77	4	1461	30
78	4	1356	28
78	4	1669	30
79	4	887	30
79	4	2295	28
80	4	730	29
81	4	521	29
82	4	782	30
83	4	887	30
84	4	626	29
84	4	2295	30
85	4	1722	28
85	4	2035	30
86	4	834	30
86	4	2295	28
87	4	469	29
87	4	1095	30
87	4	1982	28
88	4	887	30
88	4	2191	28
89	4	626	29
89	4	1461	30
90	4	1148	30
91	4	626	29
92	4	574	29
92	4	1982	30
93	4	1304	30
94	4	1878	28
94	4	2191	30
95	4	730	29
95	4	2243	30
96	4	939	30
96	4	1722	28
97	4	1252	28
97	4	1565	30
98	4	1617	28
98	4	1930	30
99	4	991	28
99	4	1304	30
100	4	1356	28
100	4	1669	30
101	4	782	30
102	4	678	30
103	4	1095	30
104	4	469	29
104	4	1461	30
105	4	1878	30
106	4	782	30
106	4	1774	28
107	4	574	29
107	4	1304	30
107	4	2139	28
108	4	574	29
108	4	2191	30
109	4	1252	30
109	4	2243	28
110	4	574	29
110	4	1408	30
111	4	782	30
112	4	626	30
113	4	469	29
113	4	1356	30
114	4	574	29
115	4	1148	30
116	4	1252	30
116	4	2087	28
117	4	1356	28
117	4	1669	30
118	4	1095	30
118	4	1722	28
119	4	1148	30
119	4	1826	28
120	4	782	30
121	4	1304	28
121	4	1617	30
122	4	626	29
122	4	2035	30
123	4	1930	30
124	4	678	29
124	4	991	30
125	4	678	30
126	4	469	29
126	4	939	30
127	4	574	29
127	4	1252	30
128	4	574	29
128	4	887	30
129	4	1200	30
130	4	469	29
131	4	574	29
131	4	1513	30
131	4	1982	28
132	4	574	29
132	4	2191	30
133	4	782	30
134	4	991	30
135	4	521	29
135	4	1878	30
136	4	469	29
136	4	1095	30
136	4	1565	28
137	4	730	30
138	4	574	29
138	4	939	30
138	4	1930	28
139	4	626	29
139	4	1669	28
139	4	1878	30
140	4	1304	30
141	4	521	29
141	4	1148	30
141	4	1669	28
142	4	574	29
143	4	1252	30
143	4	1930	28
144	4	1669	30
145	4	1148	30
145	4	1617	28
146	4	574	29
146	4	1669	30
147	4	834	30
148	4	1252	30
149	4	574	29
149	4	1304	30
150	4	469	29
150	4	1356	30
150	4	2243	28
151	4	1043	30
152	4	782	30
152	4	2295	28
153	4	574	29
154	4	574	29
154	4	1304	30
155	4	521	29
155	4	939	30
155	4	2087	28
156	4	521	29
156	4	1304	30
158	4	469	29
158	4	1617	30
159	4	574	29
159	4	991	30
159	4	2087	28
160	4	782	30
160	4	1669	28
161	4	1095	30
162	4	991	30
162	4	1461	28
163	4	1148	28
163	4	1461	30
164	4	469	29
164	4	1878	30
165	4	678	30
166	4	1826	30
167	4	574	29
167	4	2087	28
169	4	626	29
169	4	991	30
170	4	574	29
170	4	1200	30
171	4	626	29
172	4	1095	30
172	4	1513	28
173	4	1304	30
173	4	2191	28
174	4	574	30
174	4	1565	28
175	4	834	30
176	4	521	29
177	4	1565	30
178	4	2035	30
179	4	574	29
179	4	1617	30
180	4	1148	28
180	4	1461	30
181	4	521	29
181	4	2295	30
182	4	939	30
183	4	626	30
183	4	2243	28
184	4	1043	28
184	4	1356	30
185	4	782	30
186	4	2087	30
187	4	887	30
188	4	991	28
188	4	1304	30
189	4	574	29
189	4	1513	30
189	4	2139	28
190	4	1148	30
191	4	678	29
192	4	626	29
192	4	1513	30
193	4	521	29
193	4	1878	30
193	4	2295	28
194	4	730	30
196	4	521	29
196	4	991	30
196	4	1513	28
198	4	782	30
199	4	521	29
199	4	1043	30
199	4	2139	28
200	4	1095	30
200	4	1617	28
201	4	1304	30
202	4	887	30
202	4	1565	28
203	4	626	30
204	4	574	29
204	4	1461	30
205	4	730	30
205	4	1930	28
206	4	521	29
206	4	991	30
206	4	1513	28
207	4	626	29
207	4	2139	28
207	4	2243	30
208	4	521	29
208	4	1722	30
209	4	1930	30
210	4	574	30
211	4	1461	30
212	4	782	30
213	4	1565	28
213	4	1878	30
214	4	1878	30
215	4	1252	30
215	4	1722	28
216	4	939	30
217	4	521	29
217	4	1408	30
217	4	1722	28
218	4	834	30
219	4	2087	30
220	4	1356	28
220	4	1669	30
221	4	678	30
222	4	1043	30
223	4	626	30
224	4	678	29
224	4	1930	30
225	4	574	29
225	4	939	30
225	4	1930	28
226	4	469	29
226	4	1304	30
227	4	834	30
228	4	521	29
228	4	1095	30
229	4	678	30
229	4	1722	28
230	4	521	29
230	4	2139	30
231	4	469	29
231	4	887	30
232	4	574	29
232	4	1252	30
233	4	1095	30
233	4	1774	28
234	4	2243	30
235	4	1304	30
235	4	2243	28
236	4	730	30
236	4	2191	28
237	4	626	30
238	4	1095	28
238	4	1408	30
239	4	1304	28
239	4	1617	30
240	4	574	29
240	4	1356	30
240	4	2035	28
241	4	626	30
241	4	1826	28
242	4	574	29
242	4	1565	30
243	4	521	29
243	4	887	30
243	4	1930	28
244	4	521	29
244	4	834	30
245	4	1043	30
245	4	1878	28
246	4	2139	28
247	4	1982	28
247	4	2295	30
248	4	521	29
248	4	991	30
249	4	521	29
250	4	521	29
250	4	1304	30
250	4	1930	28
251	4	782	30
252	4	1148	28
252	4	1461	30
253	4	521	29
253	4	2191	30
255	4	991	28
255	4	1304	30
256	4	1148	30
256	4	1826	28
257	4	991	30
257	4	1774	28
258	4	626	29
258	4	991	30
259	4	678	30
260	4	678	30
262	4	991	30
262	4	1774	28
263	4	782	30
264	4	678	29
264	4	1878	30
265	4	626	29
266	4	574	29
266	4	1669	30
267	4	521	29
267	4	2087	30
268	4	991	28
268	4	1304	30
269	4	678	29
270	4	782	30
271	4	782	30
271	4	2243	28
272	4	469	29
272	4	991	30
272	4	1669	28
273	4	2139	30
274	4	1043	30
275	4	1513	28
275	4	1826	30
276	4	2139	28
277	4	1878	30
278	4	1252	30
279	4	1304	28
279	4	1617	30
280	4	939	30
282	4	1513	28
282	4	1826	30
283	4	1043	30
283	4	1669	28
284	4	574	29
284	4	1200	30
284	4	1722	28
285	4	1095	30
285	4	1565	28
286	4	521	29
286	4	1252	30
286	4	1930	28
287	4	1304	28
287	4	1617	30
288	4	834	30
289	4	1043	28
289	4	1356	30
291	4	730	29
292	4	1461	28
292	4	1774	30
293	4	521	29
293	4	834	30
293	4	1774	28
294	4	574	29
295	4	1095	28
295	4	1408	30
296	4	574	29
296	4	1408	30
297	4	626	29
298	4	834	30
299	4	574	29
300	4	1095	28
300	4	1408	30
301	4	521	29
301	4	1669	30
302	4	574	29
302	4	1617	30
302	4	2295	28
303	4	469	29
303	4	1095	30
303	4	1669	28
304	4	521	29
304	4	991	30
306	4	574	29
306	4	626	30
307	4	469	29
308	4	574	30
309	4	521	29
309	4	1148	30
309	4	1722	28
310	4	782	30
310	4	2035	28
311	4	939	30
312	4	887	30
312	4	1982	28
313	4	678	29
314	4	1148	30
315	4	834	30
315	4	1774	28
316	4	2139	28
317	4	1252	30
317	4	1774	28
318	4	1513	28
318	4	1826	30
319	4	1095	30
320	4	1148	30
320	4	1774	28
321	4	626	29
322	4	574	30
322	4	2087	28
323	4	1878	28
323	4	2191	30
324	4	1095	30
325	4	1252	30
325	4	2243	28
326	4	574	29
326	4	991	30
327	4	1148	30
327	4	1565	28
328	4	626	30
328	4	2295	28
329	4	1200	30
330	4	678	30
331	4	626	29
331	4	991	30
332	4	626	29
332	4	1461	30
333	4	574	29
333	4	1774	30
333	4	2295	28
334	4	1304	30
335	4	574	29
335	4	939	30
336	4	626	29
336	4	1408	30
337	4	1252	30
338	4	991	28
338	4	1304	30
339	4	678	29
340	4	1095	30
340	4	1617	28
341	4	1095	30
341	4	1617	28
342	4	521	29
342	4	1148	30
342	4	1774	28
343	4	574	29
343	4	887	30
344	4	1930	30
345	4	521	29
345	4	1200	30
346	4	678	30
346	4	1982	28
347	4	678	29
348	4	574	29
348	4	1565	30
349	4	574	29
349	4	1304	30
349	4	1722	28
350	4	2087	28
351	4	574	29
352	4	782	30
353	4	626	29
354	4	469	29
354	4	991	30
354	4	1669	28
355	4	782	30
356	4	1200	30
357	4	730	30
358	4	626	30
358	4	1617	28
360	4	574	29
361	4	730	30
362	4	1200	28
362	4	1513	30
364	4	574	29
364	4	1930	30
365	4	1617	28
365	4	1930	30
366	4	730	30
367	4	521	29
367	4	1930	30
368	4	574	29
368	4	887	30
368	4	1878	28
369	4	574	29
369	4	1408	30
370	4	1617	30
371	4	521	29
371	4	1722	30
372	4	678	29
373	4	834	30
374	4	1356	30
374	4	2139	28
375	4	1356	28
375	4	1669	30
376	4	574	29
377	4	1148	30
377	4	1982	28
378	4	887	30
378	4	1722	28
379	4	730	29
379	4	1826	30
380	4	730	30
381	4	730	30
382	4	626	29
382	4	2139	30
383	4	1408	28
383	4	1722	30
384	4	626	29
384	4	1982	30
385	4	834	30
386	4	678	30
387	4	521	29
387	4	1513	30
388	4	2087	30
389	4	626	29
390	4	574	29
390	4	991	30
391	4	678	30
391	4	2295	28
392	4	991	28
392	4	1304	30
393	4	521	29
393	4	887	30
394	4	834	30
395	4	939	30
396	4	574	29
396	4	887	30
396	4	1617	28
397	4	1148	30
397	4	1617	28
398	4	469	29
399	4	521	29
399	4	1043	30
400	4	730	30
401	4	1982	30
402	4	782	30
403	4	1982	30
404	4	939	30
405	4	991	28
405	4	1304	30
406	4	574	29
406	4	1722	30
407	4	678	29
407	4	1565	28
409	4	1043	28
409	4	1356	30
410	4	939	30
410	4	2035	28
411	4	469	29
411	4	1095	30
411	4	1774	28
412	4	626	29
412	4	991	30
412	4	1617	28
413	4	574	29
413	4	991	30
413	4	1617	28
414	4	626	30
414	4	1826	28
415	4	678	29
416	4	1408	28
416	4	1722	30
417	4	574	29
417	4	1722	30
418	4	574	29
418	4	1461	30
419	4	469	29
419	4	1200	30
420	4	1043	30
421	4	2035	30
422	4	1148	30
423	4	1043	28
423	4	1356	30
424	4	521	29
424	4	1200	30
424	4	1774	28
425	4	782	30
426	4	1095	28
426	4	1408	30
427	4	1878	30
428	4	521	29
429	4	574	30
430	4	521	29
430	4	1669	30
431	4	521	29
431	4	1565	30
432	4	782	30
432	4	2139	28
433	4	782	30
434	4	834	30
434	4	1826	28
435	4	469	29
435	4	991	30
436	4	626	29
436	4	991	30
437	4	521	29
437	4	1878	30
438	4	730	30
439	4	887	30
440	4	626	30
441	4	1774	28
441	4	2087	30
442	4	730	30
442	4	2191	28
443	4	939	30
444	4	1565	28
444	4	1878	30
445	4	574	29
445	4	939	30
445	4	2295	28
446	4	626	29
446	4	2191	30
447	4	1513	28
447	4	1826	30
448	4	939	30
449	4	1982	30
450	4	2139	30
451	4	678	30
451	4	1878	28
452	4	730	30
453	4	521	29
453	4	1148	30
453	4	1669	28
454	4	1356	28
454	4	1669	30
455	4	1095	30
455	4	1617	28
456	4	1095	30
456	4	1774	28
457	4	730	30
458	4	1513	28
458	4	1826	30
459	4	626	30
460	4	574	29
460	4	2087	30
461	4	521	29
461	4	1461	30
462	4	834	30
463	4	574	29
463	4	1356	30
463	4	2139	28
464	4	1095	30
465	4	574	29
465	4	1930	30
466	4	574	29
466	4	1043	30
467	4	469	29
467	4	991	30
468	4	574	29
468	4	1930	30
469	4	521	29
469	4	1252	30
469	4	2243	28
470	4	991	30
471	4	991	30
471	4	2035	28
472	4	521	29
472	4	1826	30
473	4	521	29
473	4	1774	30
474	4	521	29
474	4	1148	30
475	4	939	30
475	4	2087	28
476	4	1356	28
476	4	1669	30
477	4	991	28
477	4	1304	30
478	4	887	30
480	4	991	30
481	4	574	29
481	4	1200	30
481	4	1774	28
482	4	834	30
483	4	1565	30
484	4	1930	30
485	4	1200	28
485	4	1513	30
486	4	1200	30
486	4	1774	28
487	4	574	29
487	4	2139	30
488	4	1148	30
489	4	574	29
489	4	991	30
489	4	2295	28
490	4	782	30
490	4	1774	28
491	4	730	29
491	4	1930	30
492	4	991	28
492	4	1304	30
493	4	939	30
494	4	521	29
494	4	2243	30
495	4	991	30
496	4	469	29
496	4	1565	30
496	4	2243	28
497	4	469	29
498	4	574	29
499	4	782	30
500	4	574	29
500	4	1304	30
500	4	1669	28
501	4	1200	30
501	4	2035	28
502	4	991	30
503	4	574	29
503	4	1095	30
503	4	1669	28
504	4	1930	28
504	4	2243	30
505	4	1252	30
505	4	2139	28
506	4	991	30
507	4	1200	30
508	4	678	29
508	4	1878	30
510	4	1930	30
512	4	939	30
512	4	1408	28
513	4	939	30
513	4	1565	28
514	4	626	29
514	4	1774	30
515	4	521	29
515	4	1148	30
515	4	2191	28
516	4	1356	28
516	4	1669	30
517	4	1200	30
517	4	1930	28
518	4	939	30
518	4	1617	28
519	4	521	29
519	4	1513	30
520	4	574	29
520	4	2087	30
521	4	574	29
521	4	1408	30
522	4	1043	30
523	4	730	30
524	4	2139	28
525	4	574	29
525	4	1095	30
525	4	2243	28
526	4	1878	30
527	4	521	29
527	4	2191	30
528	4	574	29
528	4	939	30
529	4	626	29
529	4	991	30
529	4	1617	28
530	4	1304	30
530	4	1722	28
531	4	1043	30
531	4	1513	28
532	4	1095	30
533	4	2035	30
534	4	626	29
534	4	991	30
534	4	2139	28
535	4	1617	28
535	4	1930	30
536	4	1304	30
536	4	2139	28
537	4	730	30
537	4	2295	28
538	4	521	29
538	4	834	30
539	4	574	29
540	4	678	30
541	4	469	29
541	4	1982	30
542	4	887	30
543	4	1200	30
543	4	1565	28
544	4	521	29
544	4	1095	30
544	4	1982	28
545	4	1669	30
546	4	1095	30
546	4	1669	28
547	4	626	29
547	4	1252	30
547	4	1982	28
548	4	1304	30
549	4	1148	30
549	4	1722	28
550	4	574	29
550	4	939	30
550	4	1669	28
551	4	469	29
551	4	1095	30
551	4	1774	28
552	4	1356	28
552	4	1669	30
553	4	782	30
554	4	469	29
554	4	939	30
555	4	521	29
555	4	991	30
555	4	1617	28
556	4	626	30
557	4	1252	28
557	4	1565	30
558	4	574	29
558	4	626	30
559	4	991	28
559	4	1304	30
560	4	1304	30
561	4	1043	30
562	4	782	30
562	4	1513	28
563	4	991	30
564	4	1304	30
564	4	2087	28
565	4	574	29
565	4	1356	30
565	4	1878	28
566	4	574	29
566	4	2243	30
567	4	834	30
568	4	521	29
568	4	1304	30
569	4	574	29
569	4	1513	28
570	4	1148	30
570	4	1774	28
571	4	521	29
571	4	1826	30
572	4	1356	30
573	4	1565	30
574	4	887	30
575	4	521	29
575	4	939	30
575	4	1617	28
576	4	1095	30
576	4	1722	28
577	4	626	29
577	4	991	30
578	4	574	30
578	4	2087	28
579	4	574	29
580	4	1982	28
580	4	2295	30
581	4	1095	28
581	4	1408	30
582	4	730	30
583	4	626	29
583	4	991	30
583	4	1617	28
584	4	574	29
584	4	2035	30
585	4	574	29
585	4	887	30
585	4	1565	28
586	4	521	29
586	4	1304	30
587	4	469	29
587	4	887	30
587	4	1774	28
588	4	730	30
589	4	469	29
589	4	887	30
590	4	678	29
591	4	1461	30
593	4	521	29
593	4	2295	30
594	4	678	30
594	4	2295	28
595	4	574	29
595	4	1095	30
595	4	1774	28
596	4	782	30
597	4	678	29
598	4	521	29
598	4	991	30
599	4	574	29
599	4	939	30
600	4	1617	28
600	4	1930	30
601	4	626	29
602	4	1148	30
603	4	626	30
604	4	1095	30
604	4	1878	28
605	4	1095	28
605	4	1408	30
606	4	574	29
606	4	1356	30
607	4	521	29
607	4	1304	30
607	4	2295	28
608	4	469	29
608	4	1513	30
610	4	2191	30
611	4	626	30
612	4	1200	30
612	4	1617	28
613	4	1200	30
614	4	1148	30
614	4	1669	28
615	4	626	30
616	4	991	30
616	4	1617	28
617	4	1878	30
618	4	2139	28
619	4	1148	30
620	4	574	29
620	4	2243	30
621	4	991	28
621	4	1304	30
622	4	574	30
623	4	1148	28
623	4	1461	30
624	4	469	29
625	4	1095	30
625	4	1565	28
626	4	678	30
627	4	574	29
627	4	1669	30
628	4	521	29
628	4	1617	30
629	4	521	29
629	4	2087	28
630	4	730	30
631	4	939	30
631	4	2087	28
632	4	574	29
632	4	887	30
632	4	2295	28
633	4	1148	30
634	4	1200	30
634	4	1669	28
635	4	1304	30
636	4	2139	28
637	4	1095	28
637	4	1408	30
638	4	1826	30
639	4	574	30
639	4	1617	28
640	4	1878	30
641	4	626	30
642	4	1148	30
642	4	1774	28
644	4	626	29
645	4	1095	30
645	4	1617	28
646	4	574	29
646	4	1304	30
647	4	1408	28
647	4	1722	30
648	4	834	30
649	4	834	30
650	4	1513	28
650	4	1826	30
651	4	626	29
652	4	574	29
652	4	1669	30
653	4	782	30
654	4	469	29
654	4	2295	30
655	4	469	29
655	4	1722	30
656	4	574	30
656	4	2295	28
657	4	469	29
658	4	782	30
658	4	2243	28
659	4	1095	30
659	4	1669	28
660	4	1252	30
661	4	626	29
662	4	521	29
662	4	1722	30
663	4	1043	28
663	4	1356	30
664	4	626	29
664	4	1982	30
664	4	2295	28
665	4	626	29
666	4	626	29
666	4	991	30
667	4	678	30
668	4	939	30
668	4	1826	28
669	4	1043	30
669	4	2243	28
670	4	887	30
671	4	1148	28
671	4	1461	30
672	4	991	30
673	4	834	30
674	4	782	30
675	4	991	28
675	4	1304	30
676	4	574	29
676	4	1095	30
676	4	2139	28
677	4	1043	30
677	4	1669	28
678	4	574	29
678	4	1669	30
679	4	1252	30
680	4	1043	28
680	4	1356	30
681	4	939	30
682	4	469	29
682	4	2087	30
683	4	1200	30
684	4	1043	28
684	4	1356	30
685	4	678	30
686	4	574	29
687	4	1148	30
688	4	1095	30
688	4	2087	28
689	4	1200	30
689	4	2295	28
690	4	574	30
691	4	626	29
691	4	1982	30
691	4	2295	28
692	4	939	30
693	4	626	30
693	4	1513	28
694	4	887	30
695	4	521	29
695	4	939	30
696	4	782	30
697	4	521	29
697	4	1356	30
697	4	2295	28
698	4	1408	28
698	4	1722	30
699	4	834	30
700	4	626	30
701	4	626	30
701	4	1408	28
702	4	678	30
703	4	469	29
703	4	834	30
704	4	2087	28
705	4	678	29
705	4	1826	28
706	4	521	29
706	4	991	30
707	4	574	29
707	4	1878	30
708	4	1148	30
708	4	1565	28
709	4	469	29
709	4	1356	30
709	4	2191	28
710	4	521	29
710	4	1200	30
711	4	1095	30
711	4	1617	28
712	4	1095	30
713	4	1252	28
713	4	1565	30
714	4	678	29
714	4	991	30
715	4	626	29
715	4	2243	30
716	4	574	29
716	4	991	30
717	4	834	30
717	4	1461	28
718	4	469	29
718	4	1565	30
719	4	521	29
720	4	1878	30
721	4	574	29
721	4	1669	30
722	4	469	29
722	4	991	30
722	4	1617	28
723	4	834	30
724	4	730	30
725	4	834	30
726	4	469	29
726	4	1461	30
727	4	1304	28
727	4	1617	30
728	4	1878	30
729	4	678	29
730	4	834	30
731	4	574	29
731	4	2035	30
732	4	678	29
733	4	574	29
733	4	1461	30
734	4	469	29
734	4	1722	30
735	4	1878	30
736	4	834	30
737	4	574	29
737	4	1617	30
737	4	2035	28
738	4	521	29
738	4	1461	30
738	4	1930	28
739	4	1095	30
739	4	1617	28
740	4	2243	30
741	4	782	30
742	4	574	29
742	4	1252	30
742	4	1878	28
743	4	521	29
743	4	939	30
744	4	1043	30
744	4	1617	28
745	4	939	30
746	4	1304	30
747	4	939	30
748	4	2035	30
749	4	574	29
750	4	626	29
750	4	2035	30
751	4	1043	28
751	4	1356	30
752	4	939	30
752	4	2087	28
753	4	574	29
753	4	1200	30
753	4	1930	28
754	4	574	29
754	4	1461	30
755	4	574	29
755	4	1930	30
756	4	574	29
756	4	1356	30
756	4	1982	28
757	4	1408	28
757	4	1722	30
758	4	574	29
758	4	991	30
759	4	1356	28
759	4	1669	30
760	4	678	30
761	4	469	29
761	4	1982	30
762	4	521	29
762	4	1826	30
763	4	1304	28
763	4	1617	30
764	4	939	30
765	4	469	29
765	4	1826	30
766	4	626	29
767	4	1043	30
767	4	1774	28
768	4	1252	30
769	4	626	29
770	4	1930	30
771	4	1148	30
771	4	1722	28
772	4	1304	30
773	4	1408	28
773	4	1722	30
774	4	521	29
774	4	1252	30
775	4	521	29
776	4	469	29
776	4	887	30
776	4	2035	28
777	4	2139	28
778	4	678	29
778	4	2087	30
779	4	1930	30
780	4	626	29
781	4	521	29
781	4	1304	30
782	4	834	30
783	4	1408	28
783	4	1722	30
784	4	574	30
785	4	782	30
786	4	1148	30
787	4	1356	28
787	4	1669	30
788	4	469	29
788	4	2191	30
789	4	1148	30
789	4	1565	28
790	4	991	30
791	4	1356	28
791	4	1669	30
792	4	782	30
793	4	574	29
793	4	626	30
793	4	2295	28
794	4	521	29
794	4	834	30
795	4	1513	28
795	4	1826	30
796	4	1356	28
796	4	1669	30
797	4	782	30
798	4	834	30
798	4	1930	28
800	4	1095	30
801	4	1356	28
801	4	1669	30
802	4	521	29
803	4	574	29
803	4	1200	30
804	4	626	30
804	4	2191	28
806	4	1148	30
807	4	626	29
807	4	991	30
807	4	1565	28
808	4	2035	30
809	4	1774	28
809	4	2087	30
810	4	574	29
810	4	626	30
811	4	521	29
811	4	1722	30
812	4	469	29
812	4	1461	30
812	4	2035	28
813	4	939	30
814	4	939	30
815	4	469	29
816	4	1148	30
816	4	1774	28
817	4	2139	28
818	4	574	29
818	4	1878	30
819	4	1252	30
820	4	678	30
821	4	1095	30
821	4	1774	28
822	4	521	29
822	4	1930	30
823	4	626	29
823	4	991	30
823	4	1878	28
824	4	1148	30
824	4	1513	28
825	4	991	28
825	4	1304	30
826	4	1095	30
827	4	574	29
828	4	1095	30
828	4	1826	28
829	4	1669	30
830	4	1148	28
830	4	1461	30
831	4	469	29
831	4	1356	30
831	4	1878	28
832	4	678	29
832	4	1774	28
832	4	1826	30
833	4	574	29
834	4	678	29
834	4	1930	28
834	4	1982	30
835	4	939	30
836	4	1982	30
837	4	1304	28
837	4	1617	30
838	4	574	29
838	4	1304	30
838	4	2087	28
839	4	1304	30
839	4	1982	28
840	4	469	29
840	4	991	30
840	4	1617	28
841	4	678	30
842	4	991	30
843	4	626	29
843	4	1722	28
843	4	1826	30
844	4	1252	30
845	4	1252	30
846	4	1356	30
847	4	1252	30
847	4	1669	28
848	4	469	29
848	4	939	30
849	4	2087	28
850	4	521	29
850	4	1148	30
850	4	1722	28
851	4	2139	28
852	4	939	30
853	4	1356	28
853	4	1669	30
854	4	1095	30
854	4	1461	28
855	4	574	30
856	4	678	29
857	4	1356	28
857	4	1669	30
858	4	834	30
859	4	2035	30
860	4	1408	30
861	4	626	29
862	4	1513	28
862	4	1826	30
863	4	678	30
864	4	521	29
864	4	1148	30
864	4	1826	28
865	4	521	29
865	4	2139	30
866	4	574	29
866	4	1930	30
867	4	782	30
868	4	678	30
869	4	626	30
869	4	1461	28
870	4	1148	30
870	4	1722	28
871	4	782	30
871	4	1669	28
873	4	730	30
874	4	782	30
875	4	626	30
876	4	521	29
877	4	521	29
877	4	991	30
877	4	1669	28
878	4	1148	30
878	4	1930	28
879	4	730	30
880	4	626	29
880	4	991	30
881	4	782	30
882	4	1252	30
882	4	1722	28
883	4	1669	28
883	4	1982	30
884	4	574	29
884	4	2139	30
885	4	678	29
885	4	1095	30
885	4	1722	28
886	4	1148	30
887	4	782	30
888	4	1043	28
888	4	1356	30
889	4	1356	28
889	4	1669	30
890	4	1148	30
890	4	1774	28
891	4	834	30
892	4	1252	30
892	4	2191	28
893	4	730	30
894	4	730	30
895	4	626	30
896	4	626	29
897	4	626	30
898	4	469	29
898	4	1252	30
899	4	574	29
899	4	991	30
899	4	2295	28
900	4	939	30
900	4	1878	28
901	4	574	29
902	4	939	30
902	4	2035	28
903	4	574	30
903	4	1722	28
904	4	1304	30
905	4	1148	30
905	4	2191	28
906	4	678	30
907	4	1878	30
908	4	574	29
908	4	1774	30
909	4	1826	30
910	4	1148	30
910	4	1722	28
911	4	991	30
912	4	782	30
913	4	1252	30
913	4	1878	28
914	4	1043	30
915	4	1200	30
916	4	521	29
916	4	1252	30
917	4	574	29
917	4	2243	30
918	4	1252	30
918	4	1669	28
919	4	1252	30
920	4	1043	30
921	4	730	30
922	4	730	30
923	4	1148	30
924	4	574	30
924	4	1565	28
925	4	626	29
926	4	521	29
926	4	1513	30
926	4	2139	28
927	4	730	30
928	4	1930	30
929	4	626	29
929	4	1513	30
930	4	939	30
931	4	521	29
931	4	887	30
931	4	1722	28
932	4	1148	30
932	4	1826	28
933	4	1148	30
933	4	1722	28
934	4	1043	28
934	4	1356	30
935	4	626	30
936	4	939	30
937	4	991	30
938	4	939	30
938	4	1722	28
939	4	626	29
940	4	469	29
940	4	1565	30
940	4	2139	28
941	4	521	29
941	4	1252	30
941	4	2191	28
942	4	469	29
942	4	1200	30
942	4	2295	28
943	4	469	29
944	4	782	30
945	4	1408	30
946	4	782	30
947	4	678	29
947	4	1669	28
947	4	1826	30
948	4	574	29
948	4	1826	30
949	4	469	29
949	4	1095	30
949	4	1669	28
950	4	626	29
950	4	991	30
951	4	1617	30
952	4	1826	30
953	4	678	29
954	4	469	29
954	4	1722	30
955	4	1252	28
955	4	1565	30
956	4	521	29
957	4	1304	30
958	4	1095	28
958	4	1408	30
959	4	1826	30
960	4	626	29
960	4	1982	30
961	4	887	30
962	4	2035	30
963	4	730	30
964	4	469	29
964	4	939	30
964	4	1982	28
965	4	1148	30
966	4	521	29
966	4	1356	30
966	4	2295	28
967	4	678	29
968	4	730	30
969	4	574	29
969	4	1565	30
971	4	574	29
971	4	1617	30
972	4	521	29
972	4	1043	30
972	4	1722	28
973	4	626	30
974	4	574	30
975	4	1304	30
976	4	678	30
976	4	1982	28
977	4	1722	28
977	4	2035	30
978	4	521	29
978	4	1408	30
979	4	1200	30
979	4	1774	28
980	4	1774	28
980	4	2087	30
981	4	887	30
981	4	2191	28
982	4	469	29
983	4	521	29
983	4	991	30
984	4	1043	28
984	4	1356	30
985	4	1043	30
985	4	1565	28
986	4	1982	30
987	4	1148	28
987	4	1461	30
988	4	678	30
989	4	521	29
989	4	1252	30
990	4	1565	30
991	4	1200	30
992	4	1722	28
992	4	2035	30
993	4	730	30
994	4	2035	30
995	4	574	29
995	4	939	30
996	4	1095	30
997	4	2295	28
998	4	834	30
998	4	1982	28
999	4	1356	28
999	4	1669	30
0	5	365	24
0	5	626	29
0	5	991	30
1	5	365	24
1	5	626	29
1	5	991	30
2	5	365	24
2	5	469	29
3	5	991	27
3	5	1148	30
3	5	1617	28
4	5	365	24
4	5	574	29
4	5	939	27
4	5	1356	30
4	5	1826	28
4	5	2139	25
5	5	365	24
5	5	678	30
6	5	365	24
6	5	730	30
6	5	2243	27
7	5	626	30
7	5	1043	27
7	5	1565	28
8	5	365	24
8	5	887	30
8	5	1722	27
9	5	1826	27
9	5	1982	30
10	5	365	24
10	5	521	29
10	5	782	27
10	5	939	30
11	5	2139	27
12	5	678	27
12	5	991	28
12	5	1304	30
13	5	730	27
13	5	1043	28
13	5	1356	30
14	5	365	24
14	5	469	29
14	5	730	27
14	5	991	30
15	5	365	24
15	5	678	27
15	5	730	30
16	5	365	24
16	5	574	29
16	5	939	27
16	5	1461	30
17	5	365	24
17	5	574	29
17	5	834	27
17	5	1878	30
18	5	365	24
18	5	626	30
18	5	887	27
19	5	1617	27
19	5	1878	30
20	5	365	24
20	5	521	29
20	5	1095	27
20	5	1356	30
20	5	2243	28
21	5	365	24
21	5	417	29
21	5	678	27
21	5	1043	30
22	5	574	24
22	5	1200	30
22	5	1669	27
23	5	365	24
23	5	626	29
24	5	365	24
24	5	469	29
24	5	782	27
24	5	1408	30
25	5	1252	27
25	5	1461	30
26	5	365	24
26	5	782	30
26	5	1304	27
27	5	365	24
27	5	626	30
27	5	887	27
28	5	417	24
28	5	834	30
28	5	1095	27
28	5	1774	28
29	5	417	24
29	5	939	30
29	5	1878	27
30	5	1043	27
30	5	1148	30
30	5	1774	28
31	5	365	24
31	5	626	29
31	5	1826	27
31	5	2035	30
32	5	991	27
32	5	1148	30
32	5	1617	28
33	5	365	24
33	5	521	29
33	5	1774	27
33	5	2191	30
34	5	417	24
34	5	782	30
34	5	1252	27
34	5	2139	28
35	5	365	24
35	5	574	29
35	5	834	27
35	5	1252	30
35	5	2295	28
36	5	365	24
36	5	678	29
37	5	365	24
37	5	678	29
37	5	1826	27
38	5	365	24
38	5	626	29
38	5	1565	27
39	5	365	24
39	5	626	29
39	5	1148	27
39	5	1565	30
40	5	365	24
40	5	574	29
40	5	834	27
40	5	939	30
40	5	1878	28
40	5	2243	25
41	5	417	24
41	5	782	30
41	5	1252	27
41	5	1878	28
42	5	365	24
42	5	626	29
42	5	1148	27
42	5	1513	30
43	5	365	24
43	5	574	30
43	5	887	27
43	5	1930	28
44	5	1304	27
44	5	1617	28
44	5	1930	30
45	5	365	24
45	5	730	29
45	5	1148	27
45	5	1513	30
46	5	365	24
46	5	730	27
46	5	782	30
47	5	626	27
47	5	834	30
47	5	1774	28
48	5	939	27
48	5	1252	28
48	5	1565	30
49	5	365	24
49	5	678	30
49	5	2139	27
50	5	1200	27
50	5	1513	28
50	5	1826	30
51	5	1408	27
51	5	1513	30
51	5	2243	28
52	5	469	24
52	5	887	30
53	5	365	24
53	5	678	30
53	5	1774	27
53	5	2087	28
55	5	365	24
55	5	678	29
55	5	2139	27
56	5	991	27
56	5	1148	30
57	5	365	24
57	5	521	29
57	5	782	27
57	5	1148	30
57	5	1722	28
58	5	365	24
58	5	678	30
58	5	1043	27
59	5	365	24
59	5	521	29
59	5	782	27
59	5	1148	30
59	5	2243	28
60	5	834	27
60	5	991	30
61	5	365	24
61	5	626	29
61	5	1774	27
62	5	365	24
62	5	574	29
62	5	939	27
62	5	1461	30
62	5	2191	28
63	5	365	24
63	5	834	30
63	5	1200	27
63	5	1774	28
64	5	1774	27
64	5	1878	30
65	5	417	24
65	5	469	29
65	5	1408	27
65	5	2087	30
66	5	1043	27
66	5	1148	30
66	5	1722	28
67	5	417	24
67	5	887	30
67	5	1200	27
67	5	1722	28
68	5	1095	27
68	5	1356	30
69	5	626	30
69	5	991	27
69	5	1513	28
70	5	365	24
70	5	626	30
71	5	991	27
71	5	1095	30
71	5	1617	28
73	5	1356	27
73	5	1669	28
73	5	1982	30
74	5	521	24
74	5	782	30
74	5	2035	27
75	5	365	24
75	5	626	29
75	5	887	27
76	5	1043	30
76	5	1408	27
77	5	1200	27
77	5	1461	30
78	5	1043	27
78	5	1356	28
78	5	1669	30
79	5	469	24
79	5	887	30
79	5	1565	27
79	5	2295	28
80	5	365	24
80	5	730	29
81	5	365	24
81	5	521	29
81	5	1826	27
82	5	365	24
82	5	782	30
82	5	1826	27
83	5	834	27
83	5	887	30
84	5	365	24
84	5	626	29
84	5	1826	27
84	5	2295	30
85	5	1408	27
85	5	1722	28
85	5	2035	30
86	5	782	27
86	5	834	30
86	5	2295	28
87	5	365	24
87	5	469	29
87	5	730	27
87	5	1095	30
87	5	1982	28
88	5	417	24
88	5	887	30
88	5	1148	27
88	5	2191	28
89	5	469	24
89	5	626	29
89	5	1304	27
89	5	1461	30
90	5	1043	27
90	5	1148	30
91	5	365	24
91	5	626	29
92	5	365	24
92	5	574	29
92	5	834	27
92	5	1982	30
93	5	1043	27
93	5	1304	30
94	5	1565	27
94	5	1878	28
94	5	2191	30
95	5	469	24
95	5	730	29
95	5	1826	27
95	5	2243	30
96	5	678	27
96	5	939	30
96	5	1722	28
97	5	939	27
97	5	1252	28
97	5	1565	30
98	5	1304	27
98	5	1617	28
98	5	1930	30
99	5	678	27
99	5	991	28
99	5	1304	30
100	5	1043	27
100	5	1356	28
100	5	1669	30
101	5	365	24
101	5	782	30
102	5	365	24
102	5	678	30
102	5	1356	27
103	5	521	24
103	5	1095	30
104	5	365	24
104	5	469	29
104	5	991	27
104	5	1461	30
105	5	1878	30
106	5	417	24
106	5	782	30
106	5	1095	27
106	5	1774	28
106	5	2191	25
107	5	365	24
107	5	574	29
107	5	834	27
107	5	1304	30
107	5	2139	28
108	5	365	24
108	5	574	29
108	5	887	27
108	5	2191	30
109	5	991	27
109	5	1252	30
109	5	2243	28
110	5	365	24
110	5	574	29
110	5	834	27
110	5	1408	30
111	5	365	24
111	5	782	30
111	5	1826	27
112	5	417	24
112	5	626	30
112	5	1930	27
113	5	365	24
113	5	469	29
113	5	730	27
113	5	1356	30
114	5	365	24
114	5	574	29
114	5	1826	27
115	5	1095	27
115	5	1148	30
116	5	1095	27
116	5	1252	30
116	5	2087	28
117	5	1043	27
117	5	1356	28
117	5	1669	30
118	5	991	27
118	5	1095	30
118	5	1722	28
119	5	1043	27
119	5	1148	30
119	5	1826	28
120	5	521	24
120	5	782	30
120	5	1669	27
121	5	991	27
121	5	1304	28
121	5	1617	30
122	5	365	24
122	5	626	29
122	5	2035	30
123	5	1669	27
123	5	1930	30
124	5	365	24
124	5	626	27
124	5	678	29
124	5	991	30
125	5	365	24
125	5	678	30
126	5	365	24
126	5	469	29
126	5	730	27
126	5	939	30
127	5	365	24
127	5	574	29
127	5	834	27
127	5	1252	30
128	5	365	24
128	5	574	29
128	5	834	27
128	5	887	30
129	5	939	27
129	5	1200	30
130	5	365	24
130	5	469	29
131	5	365	24
131	5	574	29
131	5	1043	27
131	5	1513	30
131	5	1982	28
131	5	2295	25
132	5	365	24
132	5	574	29
132	5	834	27
132	5	2191	30
133	5	365	24
133	5	782	30
134	5	417	24
134	5	991	30
134	5	1617	27
135	5	365	24
135	5	521	29
135	5	887	27
135	5	1878	30
136	5	365	24
136	5	469	29
136	5	730	27
136	5	1095	30
136	5	1565	28
137	5	417	24
137	5	730	30
137	5	1252	27
138	5	365	24
138	5	574	29
138	5	834	27
138	5	939	30
138	5	1930	28
138	5	2295	25
139	5	365	24
139	5	626	29
139	5	887	27
139	5	1669	28
139	5	1878	30
139	5	2191	25
140	5	1304	30
140	5	2035	27
141	5	365	24
141	5	521	29
141	5	782	27
141	5	1148	30
141	5	1669	28
142	5	521	24
142	5	574	29
142	5	1826	27
143	5	1043	27
143	5	1252	30
143	5	1930	28
144	5	1669	30
145	5	991	27
145	5	1148	30
145	5	1617	28
146	5	365	24
146	5	574	29
146	5	1095	27
146	5	1669	30
147	5	365	24
147	5	834	30
148	5	1043	27
148	5	1252	30
149	5	365	24
149	5	574	29
149	5	834	27
149	5	1304	30
150	5	365	24
150	5	469	29
150	5	939	27
150	5	1356	30
150	5	2243	28
151	5	469	24
151	5	1043	30
152	5	365	24
152	5	782	30
152	5	1982	27
152	5	2295	28
153	5	365	24
153	5	574	29
153	5	1878	27
154	5	365	24
154	5	574	29
154	5	939	27
154	5	1304	30
155	5	365	24
155	5	521	29
155	5	782	27
155	5	939	30
155	5	2087	28
156	5	365	24
156	5	521	29
156	5	782	27
156	5	1304	30
158	5	365	24
158	5	469	29
158	5	939	27
158	5	1617	30
159	5	365	24
159	5	574	29
159	5	834	27
159	5	991	30
159	5	2087	28
160	5	365	24
160	5	782	30
160	5	1252	27
160	5	1669	28
161	5	1095	30
161	5	1826	27
162	5	730	27
162	5	991	30
162	5	1461	28
163	5	834	27
163	5	1148	28
163	5	1461	30
164	5	365	24
164	5	469	29
164	5	834	27
164	5	1878	30
165	5	365	24
165	5	678	30
165	5	1722	27
166	5	1565	27
166	5	1826	30
167	5	574	29
167	5	1408	27
167	5	2087	28
168	5	2295	27
169	5	365	24
169	5	626	29
169	5	991	30
170	5	365	24
170	5	574	29
170	5	834	27
170	5	1200	30
171	5	521	24
171	5	626	29
171	5	2035	27
172	5	834	27
172	5	1095	30
172	5	1513	28
173	5	1043	27
173	5	1304	30
173	5	2191	28
174	5	574	30
174	5	991	27
174	5	1565	28
175	5	365	24
175	5	834	30
175	5	2035	27
176	5	365	24
176	5	521	29
176	5	834	27
177	5	1356	27
177	5	1565	30
178	5	1826	27
178	5	2035	30
179	5	365	24
179	5	574	29
179	5	991	27
179	5	1617	30
180	5	834	27
180	5	1148	28
180	5	1461	30
181	5	365	24
181	5	521	29
181	5	782	27
181	5	2295	30
182	5	417	24
182	5	939	30
183	5	365	24
183	5	626	30
183	5	887	27
183	5	2243	28
184	5	730	27
184	5	1043	28
184	5	1356	30
185	5	365	24
185	5	782	30
186	5	1878	27
186	5	2087	30
187	5	365	24
187	5	887	30
187	5	1304	27
188	5	678	27
188	5	991	28
188	5	1304	30
189	5	365	24
189	5	574	29
189	5	1148	27
189	5	1513	30
189	5	2139	28
190	5	939	27
190	5	1148	30
191	5	365	24
191	5	678	29
192	5	365	24
192	5	626	29
192	5	1095	27
192	5	1513	30
193	5	365	24
193	5	521	29
193	5	1252	27
193	5	1878	30
193	5	2295	28
194	5	365	24
194	5	730	30
196	5	365	24
196	5	521	29
196	5	782	27
196	5	991	30
196	5	1513	28
196	5	1878	25
197	5	2243	27
198	5	365	24
198	5	782	30
198	5	2191	27
199	5	365	24
199	5	521	29
199	5	782	27
199	5	1043	30
199	5	2139	28
200	5	991	27
200	5	1095	30
200	5	1617	28
201	5	1304	30
201	5	1826	27
202	5	730	27
202	5	887	30
202	5	1565	28
203	5	469	24
203	5	626	30
203	5	1356	27
204	5	365	24
204	5	574	29
204	5	887	27
204	5	1461	30
205	5	730	30
205	5	1252	27
205	5	1930	28
206	5	365	24
206	5	521	29
206	5	782	27
206	5	991	30
206	5	1513	28
206	5	1826	25
207	5	365	24
207	5	626	29
207	5	887	27
207	5	2139	28
207	5	2243	30
208	5	365	24
208	5	521	29
208	5	991	27
208	5	1722	30
209	5	1878	27
209	5	1930	30
210	5	365	24
210	5	574	30
210	5	1304	27
211	5	1200	27
211	5	1461	30
212	5	469	24
212	5	782	30
212	5	1617	27
213	5	1252	27
213	5	1565	28
213	5	1878	30
214	5	469	24
214	5	1878	30
215	5	1043	27
215	5	1252	30
215	5	1722	28
216	5	730	27
216	5	939	30
217	5	521	29
217	5	1043	27
217	5	1408	30
217	5	1722	28
218	5	365	24
218	5	834	30
218	5	1200	27
219	5	1826	27
219	5	2087	30
220	5	1043	27
220	5	1356	28
220	5	1669	30
221	5	365	24
221	5	678	30
221	5	1304	27
222	5	834	27
222	5	1043	30
223	5	469	24
223	5	626	30
224	5	521	24
224	5	678	29
224	5	1513	27
224	5	1930	30
225	5	365	24
225	5	574	29
225	5	834	27
225	5	939	30
225	5	1930	28
225	5	2295	25
226	5	365	24
226	5	469	29
226	5	887	27
226	5	1304	30
227	5	365	24
227	5	834	30
227	5	1826	27
228	5	365	24
228	5	521	29
228	5	834	27
228	5	1095	30
229	5	417	24
229	5	678	30
229	5	1252	27
229	5	1722	28
230	5	365	24
230	5	521	29
230	5	782	27
230	5	2139	30
231	5	365	24
231	5	469	29
231	5	730	27
231	5	887	30
232	5	365	24
232	5	574	29
232	5	834	27
232	5	1252	30
233	5	1043	27
233	5	1095	30
233	5	1774	28
234	5	2243	30
235	5	1200	27
235	5	1304	30
235	5	2243	28
236	5	626	27
236	5	730	30
236	5	2191	28
237	5	626	30
238	5	782	27
238	5	1095	28
238	5	1408	30
239	5	991	27
239	5	1304	28
239	5	1617	30
240	5	365	24
240	5	574	29
240	5	834	27
240	5	1356	30
240	5	2035	28
241	5	417	24
241	5	626	30
241	5	1148	27
241	5	1826	28
242	5	365	24
242	5	574	29
242	5	1095	27
242	5	1565	30
243	5	365	24
243	5	521	29
243	5	782	27
243	5	887	30
243	5	1930	28
243	5	2295	25
244	5	365	24
244	5	521	29
244	5	782	27
244	5	834	30
245	5	991	27
245	5	1043	30
245	5	1878	28
246	5	1826	27
246	5	2139	28
247	5	1669	27
247	5	1982	28
247	5	2295	30
248	5	365	24
248	5	521	29
248	5	782	27
248	5	991	30
249	5	365	24
249	5	521	29
249	5	782	27
250	5	365	24
250	5	521	29
250	5	782	27
250	5	1304	30
250	5	1930	28
250	5	2295	25
251	5	365	24
251	5	782	30
252	5	834	27
252	5	1148	28
252	5	1461	30
253	5	521	29
253	5	1826	27
253	5	2191	30
255	5	678	27
255	5	991	28
255	5	1304	30
256	5	417	24
256	5	1095	27
256	5	1148	30
256	5	1826	28
257	5	887	27
257	5	991	30
257	5	1774	28
258	5	365	24
258	5	626	29
258	5	991	30
259	5	365	24
259	5	626	27
259	5	678	30
260	5	365	24
260	5	678	30
260	5	2191	27
262	5	521	24
262	5	991	30
262	5	1252	27
262	5	1774	28
263	5	365	24
263	5	782	30
264	5	365	24
264	5	678	29
264	5	939	27
264	5	1878	30
265	5	365	24
265	5	626	29
265	5	939	27
266	5	365	24
266	5	574	29
266	5	1200	27
266	5	1669	30
267	5	365	24
267	5	521	29
267	5	782	27
267	5	2087	30
268	5	678	27
268	5	991	28
268	5	1304	30
269	5	365	24
269	5	678	29
270	5	417	24
270	5	782	30
270	5	2035	27
271	5	365	24
271	5	782	30
271	5	1930	27
271	5	2243	28
272	5	365	24
272	5	469	29
272	5	834	27
272	5	991	30
272	5	1669	28
272	5	1982	25
273	5	1982	27
273	5	2139	30
274	5	991	27
274	5	1043	30
275	5	1200	27
275	5	1513	28
275	5	1826	30
276	5	1826	27
276	5	2139	28
277	5	417	24
277	5	1826	27
277	5	1878	30
278	5	1148	27
278	5	1252	30
279	5	991	27
279	5	1304	28
279	5	1617	30
280	5	417	24
280	5	939	30
282	5	1200	27
282	5	1513	28
282	5	1826	30
283	5	991	27
283	5	1043	30
283	5	1669	28
284	5	365	24
284	5	574	29
284	5	834	27
284	5	1200	30
284	5	1722	28
284	5	2243	25
285	5	991	27
285	5	1095	30
285	5	1565	28
286	5	365	24
286	5	521	29
286	5	782	27
286	5	1252	30
286	5	1930	28
286	5	2243	25
287	5	991	27
287	5	1304	28
287	5	1617	30
288	5	365	24
288	5	782	27
288	5	834	30
289	5	730	27
289	5	1043	28
289	5	1356	30
290	5	2191	27
291	5	365	24
291	5	730	29
292	5	1148	27
292	5	1461	28
292	5	1774	30
293	5	365	24
293	5	521	29
293	5	782	27
293	5	834	30
293	5	1774	28
293	5	2243	25
294	5	365	24
294	5	574	29
294	5	834	27
295	5	782	27
295	5	1095	28
295	5	1408	30
296	5	365	24
296	5	574	29
296	5	834	27
296	5	1408	30
297	5	626	29
297	5	1982	27
298	5	521	24
298	5	834	30
298	5	1408	27
299	5	365	24
299	5	574	29
299	5	834	27
300	5	782	27
300	5	1095	28
300	5	1408	30
301	5	365	24
301	5	521	29
301	5	782	27
301	5	1669	30
302	5	365	24
302	5	574	29
302	5	1095	27
302	5	1617	30
302	5	2295	28
303	5	365	24
303	5	469	29
303	5	730	27
303	5	1095	30
303	5	1669	28
304	5	365	24
304	5	521	29
304	5	782	27
304	5	991	30
306	5	365	24
306	5	574	29
306	5	626	30
306	5	887	27
307	5	365	24
307	5	469	29
307	5	2087	27
308	5	417	24
308	5	574	30
309	5	365	24
309	5	521	29
309	5	782	27
309	5	1148	30
309	5	1722	28
309	5	2139	25
310	5	365	24
310	5	782	30
310	5	1722	27
310	5	2035	28
311	5	521	24
311	5	939	30
312	5	782	27
312	5	887	30
312	5	1982	28
313	5	469	24
313	5	678	29
314	5	1043	27
314	5	1148	30
315	5	417	24
315	5	834	30
315	5	1200	27
315	5	1774	28
316	5	1826	27
316	5	2139	28
317	5	1043	27
317	5	1252	30
317	5	1774	28
318	5	1200	27
318	5	1513	28
318	5	1826	30
319	5	1095	30
319	5	1930	27
320	5	1043	27
320	5	1148	30
320	5	1774	28
321	5	365	24
321	5	626	29
322	5	365	24
322	5	574	30
322	5	887	27
322	5	2087	28
323	5	1565	27
323	5	1878	28
323	5	2191	30
324	5	1043	27
324	5	1095	30
325	5	1043	27
325	5	1252	30
325	5	2243	28
326	5	365	24
326	5	574	29
326	5	834	27
326	5	991	30
327	5	991	27
327	5	1148	30
327	5	1565	28
328	5	626	30
328	5	1513	27
328	5	2295	28
329	5	1148	27
329	5	1200	30
330	5	365	24
330	5	678	30
330	5	1200	27
331	5	365	24
331	5	626	29
331	5	991	30
332	5	365	24
332	5	626	29
332	5	1043	27
332	5	1461	30
333	5	365	24
333	5	574	29
333	5	834	27
333	5	1774	30
333	5	2295	28
334	5	1043	27
334	5	1304	30
335	5	365	24
335	5	574	29
335	5	834	27
335	5	939	30
336	5	365	24
336	5	626	29
336	5	939	27
336	5	1408	30
337	5	574	24
337	5	1252	30
337	5	1982	27
338	5	678	27
338	5	991	28
338	5	1304	30
339	5	365	24
339	5	678	29
340	5	991	27
340	5	1095	30
340	5	1617	28
341	5	991	27
341	5	1095	30
341	5	1617	28
342	5	365	24
342	5	521	29
342	5	782	27
342	5	1148	30
342	5	1774	28
343	5	365	24
343	5	574	29
343	5	834	27
343	5	887	30
344	5	1774	27
344	5	1930	30
345	5	365	24
345	5	521	29
345	5	1095	27
345	5	1200	30
346	5	365	24
346	5	678	30
346	5	1669	27
346	5	1982	28
346	5	2295	25
347	5	365	24
347	5	678	29
347	5	1304	27
348	5	365	24
348	5	574	29
348	5	887	27
348	5	1565	30
349	5	365	24
349	5	574	29
349	5	834	27
349	5	1304	30
349	5	1722	28
350	5	1774	27
350	5	2087	28
351	5	365	24
351	5	574	29
352	5	365	24
352	5	782	30
352	5	1200	27
353	5	365	24
353	5	626	29
353	5	887	27
354	5	365	24
354	5	469	29
354	5	730	27
354	5	991	30
354	5	1669	28
355	5	365	24
355	5	782	30
356	5	521	24
356	5	1200	30
356	5	1513	27
357	5	365	24
357	5	730	30
358	5	626	30
358	5	1043	27
358	5	1617	28
360	5	365	24
360	5	574	29
360	5	1930	27
361	5	365	24
361	5	730	30
361	5	1252	27
362	5	887	27
362	5	1200	28
362	5	1513	30
363	5	2295	27
364	5	365	24
364	5	574	29
364	5	834	27
364	5	1930	30
365	5	1304	27
365	5	1617	28
365	5	1930	30
366	5	365	24
366	5	730	30
366	5	1304	27
367	5	365	24
367	5	521	29
367	5	939	27
367	5	1930	30
368	5	365	24
368	5	574	29
368	5	834	27
368	5	887	30
368	5	1878	28
368	5	2191	25
369	5	365	24
369	5	574	29
369	5	939	27
369	5	1408	30
370	5	521	24
370	5	1617	30
371	5	365	24
371	5	521	29
371	5	834	27
371	5	1722	30
372	5	521	24
372	5	678	29
372	5	1408	27
373	5	574	24
373	5	834	30
374	5	1148	27
374	5	1356	30
374	5	2139	28
375	5	1043	27
375	5	1356	28
375	5	1669	30
376	5	365	24
376	5	574	29
376	5	1826	27
377	5	1043	27
377	5	1148	30
377	5	1982	28
378	5	834	27
378	5	887	30
378	5	1722	28
379	5	365	24
379	5	730	29
379	5	1200	27
379	5	1826	30
380	5	365	24
380	5	730	30
380	5	2243	27
381	5	365	24
381	5	730	30
382	5	365	24
382	5	626	29
382	5	887	27
382	5	2139	30
383	5	1095	27
383	5	1408	28
383	5	1722	30
384	5	365	24
384	5	626	29
384	5	1200	27
384	5	1982	30
385	5	365	24
385	5	834	30
386	5	365	24
386	5	678	30
387	5	365	24
387	5	521	29
387	5	939	27
387	5	1513	30
388	5	1826	27
388	5	2087	30
389	5	365	24
389	5	626	29
390	5	365	24
390	5	574	29
390	5	834	27
390	5	991	30
391	5	365	24
391	5	678	30
391	5	1982	27
391	5	2295	28
392	5	678	27
392	5	991	28
392	5	1304	30
393	5	365	24
393	5	521	29
393	5	782	27
393	5	887	30
394	5	365	24
394	5	834	30
395	5	365	24
395	5	939	30
396	5	365	24
396	5	574	29
396	5	834	27
396	5	887	30
396	5	1617	28
397	5	991	27
397	5	1148	30
397	5	1617	28
398	5	365	24
398	5	469	29
399	5	365	24
399	5	521	29
399	5	782	27
399	5	1043	30
400	5	365	24
400	5	730	30
401	5	1878	27
401	5	1982	30
402	5	365	24
402	5	782	30
403	5	1774	27
403	5	1982	30
404	5	469	24
404	5	939	30
404	5	1774	27
405	5	678	27
405	5	991	28
405	5	1304	30
406	5	365	24
406	5	574	29
406	5	991	27
406	5	1722	30
407	5	678	29
407	5	1043	27
407	5	1565	28
409	5	730	27
409	5	1043	28
409	5	1356	30
410	5	626	27
410	5	939	30
410	5	2035	28
411	5	365	24
411	5	469	29
411	5	782	27
411	5	1095	30
411	5	1774	28
412	5	365	24
412	5	626	29
412	5	991	30
412	5	1617	28
412	5	1930	25
413	5	365	24
413	5	574	29
413	5	834	27
413	5	991	30
413	5	1617	28
414	5	365	24
414	5	626	30
414	5	1148	27
414	5	1826	28
415	5	365	24
415	5	678	29
416	5	1095	27
416	5	1408	28
416	5	1722	30
417	5	365	24
417	5	574	29
417	5	1356	27
417	5	1722	30
418	5	365	24
418	5	574	29
418	5	991	27
418	5	1461	30
419	5	365	24
419	5	469	29
419	5	939	27
419	5	1200	30
420	5	521	24
420	5	1043	30
420	5	1408	27
421	5	1774	27
421	5	2035	30
422	5	521	24
422	5	1148	30
423	5	730	27
423	5	1043	28
423	5	1356	30
424	5	365	24
424	5	521	29
424	5	834	27
424	5	1200	30
424	5	1774	28
424	5	2087	25
425	5	365	24
425	5	782	30
425	5	1774	27
426	5	782	27
426	5	1095	28
426	5	1408	30
427	5	1826	27
427	5	1878	30
428	5	365	24
428	5	521	29
428	5	782	27
429	5	365	24
429	5	574	30
429	5	1148	27
430	5	365	24
430	5	521	29
430	5	887	27
430	5	1669	30
431	5	365	24
431	5	521	29
431	5	782	27
431	5	1565	30
432	5	365	24
432	5	782	30
432	5	1722	27
432	5	2139	28
433	5	365	24
433	5	782	30
434	5	365	24
434	5	678	27
434	5	834	30
434	5	1826	28
434	5	2139	25
435	5	365	24
435	5	469	29
435	5	782	27
435	5	991	30
436	5	365	24
436	5	626	29
436	5	991	30
437	5	365	24
437	5	521	29
437	5	782	27
437	5	1878	30
438	5	365	24
438	5	730	30
438	5	1148	27
439	5	574	24
439	5	887	30
439	5	2139	27
440	5	365	24
440	5	626	30
440	5	1669	27
441	5	1461	27
441	5	1774	28
441	5	2087	30
442	5	365	24
442	5	730	30
442	5	1513	27
442	5	2191	28
443	5	417	24
443	5	939	30
444	5	1252	27
444	5	1565	28
444	5	1878	30
445	5	365	24
445	5	574	29
445	5	834	27
445	5	939	30
445	5	2295	28
446	5	469	24
446	5	626	29
446	5	1826	27
446	5	2191	30
447	5	1200	27
447	5	1513	28
447	5	1826	30
448	5	626	27
448	5	939	30
449	5	1826	27
449	5	1982	30
450	5	1930	27
450	5	2139	30
451	5	469	24
451	5	678	30
451	5	1148	27
451	5	1878	28
451	5	2295	25
452	5	365	24
452	5	730	30
453	5	365	24
453	5	521	29
453	5	782	27
453	5	1148	30
453	5	1669	28
454	5	1043	27
454	5	1356	28
454	5	1669	30
455	5	991	27
455	5	1095	30
455	5	1617	28
456	5	1043	27
456	5	1095	30
456	5	1774	28
457	5	417	24
457	5	730	30
457	5	1565	27
458	5	1200	27
458	5	1513	28
458	5	1826	30
459	5	626	30
459	5	1878	27
460	5	365	24
460	5	574	29
460	5	834	27
460	5	2087	30
461	5	365	24
461	5	521	29
461	5	782	27
461	5	1461	30
462	5	365	24
462	5	834	30
463	5	365	24
463	5	574	29
463	5	991	27
463	5	1356	30
463	5	2139	28
464	5	521	24
464	5	1095	30
464	5	1356	27
465	5	365	24
465	5	574	29
465	5	834	27
465	5	1930	30
466	5	365	24
466	5	574	29
466	5	834	27
466	5	1043	30
467	5	365	24
467	5	469	29
467	5	782	27
467	5	991	30
468	5	365	24
468	5	574	29
468	5	834	27
468	5	1930	30
469	5	365	24
469	5	521	29
469	5	782	27
469	5	1252	30
469	5	2243	28
470	5	991	30
470	5	1878	27
471	5	887	27
471	5	991	30
471	5	2035	28
472	5	365	24
472	5	521	29
472	5	834	27
472	5	1826	30
473	5	417	24
473	5	521	29
473	5	1356	27
473	5	1774	30
474	5	365	24
474	5	521	29
474	5	887	27
474	5	1148	30
475	5	626	27
475	5	939	30
475	5	2087	28
476	5	1043	27
476	5	1356	28
476	5	1669	30
477	5	678	27
477	5	991	28
477	5	1304	30
478	5	365	24
478	5	887	30
478	5	2139	27
480	5	417	24
480	5	991	30
481	5	365	24
481	5	574	29
481	5	991	27
481	5	1200	30
481	5	1774	28
482	5	365	24
482	5	834	30
483	5	1356	27
483	5	1565	30
484	5	1826	27
484	5	1930	30
485	5	887	27
485	5	1200	28
485	5	1513	30
486	5	1043	27
486	5	1200	30
486	5	1774	28
487	5	365	24
487	5	574	29
487	5	834	27
487	5	2139	30
488	5	1043	27
488	5	1148	30
489	5	365	24
489	5	574	29
489	5	834	27
489	5	991	30
489	5	2295	28
490	5	521	24
490	5	782	30
490	5	1148	27
490	5	1774	28
491	5	365	24
491	5	730	29
491	5	1461	27
491	5	1930	30
492	5	678	27
492	5	991	28
492	5	1304	30
492	5	2087	24
493	5	417	24
493	5	939	30
494	5	365	24
494	5	521	29
494	5	887	27
494	5	2243	30
495	5	469	24
495	5	991	30
495	5	1252	27
496	5	417	24
496	5	469	29
496	5	1148	27
496	5	1565	30
496	5	2243	28
497	5	365	24
497	5	469	29
497	5	782	27
498	5	365	24
498	5	574	29
498	5	1408	27
499	5	365	24
499	5	782	30
500	5	365	24
500	5	574	29
500	5	834	27
500	5	1304	30
500	5	1669	28
501	5	1043	27
501	5	1200	30
501	5	2035	28
502	5	417	24
502	5	991	30
503	5	365	24
503	5	574	29
503	5	834	27
503	5	1095	30
503	5	1669	28
503	5	1982	25
504	5	1617	27
504	5	1930	28
504	5	2243	30
505	5	1043	27
505	5	1252	30
505	5	2139	28
506	5	782	27
506	5	991	30
507	5	1200	30
507	5	1982	27
508	5	365	24
508	5	678	29
508	5	1878	30
508	5	2191	25
510	5	1774	27
510	5	1930	30
512	5	626	27
512	5	939	30
512	5	1408	28
513	5	626	27
513	5	939	30
513	5	1565	28
514	5	365	24
514	5	626	29
514	5	939	27
514	5	1774	30
515	5	365	24
515	5	521	29
515	5	782	27
515	5	1148	30
515	5	2191	28
516	5	1043	27
516	5	1356	28
516	5	1669	30
517	5	1043	27
517	5	1200	30
517	5	1930	28
518	5	626	27
518	5	939	30
518	5	1617	28
519	5	365	24
519	5	521	29
519	5	939	27
519	5	1513	30
520	5	365	24
520	5	574	29
520	5	1826	27
520	5	2087	30
521	5	365	24
521	5	574	29
521	5	834	27
521	5	1408	30
522	5	365	24
522	5	1043	30
522	5	2087	27
523	5	365	24
523	5	678	27
523	5	730	30
524	5	1826	27
524	5	2139	28
525	5	365	24
525	5	574	29
525	5	991	27
525	5	1095	30
525	5	2243	28
526	5	1774	27
526	5	1878	30
527	5	365	24
527	5	521	29
527	5	782	27
527	5	2191	30
528	5	365	24
528	5	574	29
528	5	834	27
528	5	939	30
529	5	365	24
529	5	626	29
529	5	991	30
529	5	1617	28
529	5	2243	25
530	5	1043	27
530	5	1304	30
530	5	1722	28
531	5	939	27
531	5	1043	30
531	5	1513	28
532	5	469	24
532	5	1095	30
532	5	1513	27
533	5	1826	27
533	5	2035	30
534	5	365	24
534	5	626	29
534	5	991	30
534	5	2139	28
535	5	1304	27
535	5	1617	28
535	5	1930	30
536	5	1043	27
536	5	1304	30
536	5	2139	28
537	5	365	24
537	5	730	30
537	5	1200	27
537	5	2295	28
538	5	365	24
538	5	521	29
538	5	782	27
538	5	834	30
539	5	365	24
539	5	574	29
539	5	834	27
540	5	678	30
540	5	2035	27
541	5	365	24
541	5	469	29
541	5	887	27
541	5	1982	30
542	5	730	27
542	5	887	30
543	5	991	27
543	5	1200	30
543	5	1565	28
544	5	365	24
544	5	521	29
544	5	991	27
544	5	1095	30
544	5	1982	28
544	5	2295	25
545	5	417	24
545	5	1669	30
546	5	991	27
546	5	1095	30
546	5	1669	28
547	5	365	24
547	5	626	29
547	5	1043	27
547	5	1252	30
547	5	1982	28
547	5	2295	25
548	5	1095	27
548	5	1304	30
549	5	1043	27
549	5	1148	30
549	5	1722	28
550	5	365	24
550	5	574	29
550	5	834	27
550	5	939	30
550	5	1669	28
550	5	2191	25
551	5	365	24
551	5	469	29
551	5	782	27
551	5	1095	30
551	5	1774	28
552	5	1043	27
552	5	1356	28
552	5	1669	30
553	5	417	24
553	5	782	30
553	5	1513	27
554	5	365	24
554	5	469	29
554	5	730	27
554	5	939	30
555	5	365	24
555	5	521	29
555	5	782	27
555	5	991	30
555	5	1617	28
555	5	1982	25
556	5	417	24
556	5	626	30
556	5	1200	27
557	5	939	27
557	5	1252	28
557	5	1565	30
558	5	365	24
558	5	574	29
558	5	626	30
558	5	887	27
559	5	678	27
559	5	991	28
559	5	1304	30
560	5	1043	27
560	5	1304	30
561	5	469	24
561	5	1043	30
562	5	730	27
562	5	782	30
562	5	1513	28
563	5	417	24
563	5	991	30
564	5	1043	27
564	5	1304	30
564	5	2087	28
565	5	365	24
565	5	574	29
565	5	834	27
565	5	1356	30
565	5	1878	28
565	5	2191	25
566	5	365	24
566	5	574	29
566	5	887	27
566	5	2243	30
567	5	417	24
567	5	834	30
567	5	1722	27
568	5	365	24
568	5	521	29
568	5	782	27
568	5	1304	30
569	5	574	29
569	5	991	27
569	5	1513	28
570	5	1043	27
570	5	1148	30
570	5	1774	28
571	5	365	24
571	5	521	29
571	5	782	27
571	5	1826	30
572	5	1095	27
572	5	1356	30
573	5	1565	30
574	5	365	24
574	5	887	30
575	5	365	24
575	5	521	29
575	5	782	27
575	5	939	30
575	5	1617	28
576	5	991	27
576	5	1095	30
576	5	1722	28
577	5	365	24
577	5	626	29
577	5	991	30
578	5	574	30
578	5	1148	27
578	5	2087	28
579	5	469	24
579	5	574	29
580	5	1669	27
580	5	1982	28
580	5	2295	30
581	5	782	27
581	5	1095	28
581	5	1408	30
582	5	469	24
582	5	730	30
582	5	1617	27
583	5	365	24
583	5	626	29
583	5	991	30
583	5	1617	28
584	5	365	24
584	5	574	29
584	5	834	27
584	5	2035	30
585	5	365	24
585	5	574	29
585	5	834	27
585	5	887	30
585	5	1565	28
586	5	417	24
586	5	521	29
586	5	1095	27
586	5	1304	30
587	5	365	24
587	5	469	29
587	5	730	27
587	5	887	30
587	5	1774	28
588	5	365	24
588	5	730	30
589	5	365	24
589	5	469	29
589	5	887	30
590	5	365	24
590	5	678	29
591	5	1200	27
591	5	1461	30
593	5	365	24
593	5	521	29
593	5	2087	27
593	5	2295	30
594	5	417	24
594	5	678	30
594	5	1774	27
594	5	2295	28
595	5	365	24
595	5	574	29
595	5	834	27
595	5	1095	30
595	5	1774	28
595	5	2243	25
596	5	469	24
596	5	782	30
596	5	1252	27
597	5	417	24
597	5	678	29
597	5	2087	27
598	5	365	24
598	5	521	29
598	5	782	27
598	5	991	30
599	5	365	24
599	5	574	29
599	5	834	27
599	5	939	30
600	5	1304	27
600	5	1617	28
600	5	1930	30
601	5	365	24
601	5	626	29
601	5	1304	27
602	5	1043	27
602	5	1148	30
603	5	469	24
603	5	626	30
604	5	417	24
604	5	1095	30
604	5	1356	27
604	5	1878	28
605	5	782	27
605	5	1095	28
605	5	1408	30
606	5	365	24
606	5	574	29
606	5	1148	27
606	5	1356	30
607	5	365	24
607	5	521	29
607	5	834	27
607	5	1304	30
607	5	2295	28
608	5	365	24
608	5	469	29
608	5	939	27
608	5	1513	30
609	5	2139	27
610	5	1930	27
610	5	2191	30
611	5	417	24
611	5	626	30
611	5	1565	27
612	5	991	27
612	5	1200	30
612	5	1617	28
613	5	1043	27
613	5	1200	30
614	5	991	27
614	5	1148	30
614	5	1669	28
615	5	626	30
615	5	1043	27
616	5	782	27
616	5	991	30
616	5	1617	28
617	5	1774	27
617	5	1878	30
618	5	1826	27
618	5	2139	28
619	5	574	24
619	5	1148	30
619	5	2295	27
620	5	365	24
620	5	574	29
620	5	834	27
620	5	2243	30
621	5	678	27
621	5	991	28
621	5	1304	30
622	5	365	24
622	5	574	30
622	5	834	27
623	5	834	27
623	5	1148	28
623	5	1461	30
624	5	365	24
624	5	469	29
624	5	939	27
625	5	991	27
625	5	1095	30
625	5	1565	28
626	5	365	24
626	5	678	30
626	5	1095	27
627	5	365	24
627	5	574	29
627	5	1148	27
627	5	1669	30
628	5	365	24
628	5	521	29
628	5	1252	27
628	5	1617	30
629	5	521	29
629	5	1200	27
629	5	2087	28
630	5	469	24
630	5	730	30
630	5	1617	27
631	5	365	24
631	5	939	30
631	5	1200	27
631	5	2087	28
632	5	365	24
632	5	574	29
632	5	834	27
632	5	887	30
632	5	2295	28
633	5	1148	30
633	5	1669	27
634	5	991	27
634	5	1200	30
634	5	1669	28
635	5	1095	27
635	5	1304	30
636	5	1826	27
636	5	2139	28
637	5	782	27
637	5	1095	28
637	5	1408	30
638	5	1774	27
638	5	1826	30
639	5	365	24
639	5	574	30
639	5	991	27
639	5	1617	28
640	5	417	24
640	5	1878	30
641	5	365	24
641	5	626	30
642	5	991	27
642	5	1148	30
642	5	1774	28
643	5	2035	27
644	5	365	24
644	5	626	29
644	5	1930	27
645	5	365	24
645	5	1043	27
645	5	1095	30
645	5	1617	28
646	5	365	24
646	5	574	29
646	5	834	27
646	5	1304	30
647	5	1095	27
647	5	1408	28
647	5	1722	30
648	5	417	24
648	5	834	30
648	5	1356	27
649	5	365	24
649	5	782	27
649	5	834	30
650	5	1200	27
650	5	1513	28
650	5	1826	30
651	5	365	24
651	5	626	29
652	5	365	24
652	5	574	29
652	5	1252	27
652	5	1669	30
653	5	365	24
653	5	782	30
654	5	469	29
654	5	1043	27
654	5	2295	30
655	5	417	24
655	5	469	29
655	5	1356	27
655	5	1722	30
656	5	365	24
656	5	574	30
656	5	1304	27
656	5	2295	28
657	5	365	24
657	5	469	29
657	5	939	27
658	5	365	24
658	5	782	30
658	5	1930	27
658	5	2243	28
659	5	991	27
659	5	1095	30
659	5	1669	28
660	5	469	24
660	5	1252	30
661	5	365	24
661	5	626	29
661	5	887	27
662	5	365	24
662	5	521	29
662	5	1148	27
662	5	1722	30
663	5	730	27
663	5	1043	28
663	5	1356	30
664	5	365	24
664	5	626	29
664	5	1826	27
664	5	1982	30
664	5	2295	28
665	5	365	24
665	5	626	29
665	5	887	27
666	5	365	24
666	5	626	29
666	5	991	30
667	5	365	24
667	5	678	30
668	5	626	27
668	5	939	30
668	5	1826	28
669	5	521	24
669	5	1043	30
669	5	1513	27
669	5	2243	28
670	5	574	24
670	5	887	30
670	5	1513	27
671	5	834	27
671	5	1148	28
671	5	1461	30
672	5	574	24
672	5	991	30
672	5	1826	27
673	5	417	24
673	5	834	30
673	5	1722	27
674	5	417	24
674	5	782	30
674	5	1252	27
675	5	678	27
675	5	991	28
675	5	1304	30
676	5	365	24
676	5	574	29
676	5	834	27
676	5	1095	30
676	5	2139	28
677	5	521	24
677	5	1043	30
677	5	1304	27
677	5	1669	28
678	5	365	24
678	5	574	29
678	5	939	27
678	5	1669	30
679	5	991	27
679	5	1252	30
680	5	730	27
680	5	1043	28
680	5	1356	30
681	5	574	24
681	5	939	30
682	5	365	24
682	5	469	29
682	5	1722	27
682	5	2087	30
683	5	1043	27
683	5	1200	30
684	5	730	27
684	5	1043	28
684	5	1356	30
685	5	365	24
685	5	678	30
685	5	1982	27
686	5	365	24
686	5	574	29
686	5	939	27
687	5	1095	27
687	5	1148	30
688	5	1043	27
688	5	1095	30
688	5	2087	28
689	5	991	27
689	5	1200	30
689	5	2295	28
690	5	365	24
690	5	574	30
691	5	365	24
691	5	626	29
691	5	1774	27
691	5	1982	30
691	5	2295	28
692	5	365	24
692	5	939	30
692	5	1669	27
693	5	365	24
693	5	626	30
693	5	1148	27
693	5	1513	28
694	5	365	24
694	5	887	30
695	5	365	24
695	5	521	29
695	5	782	27
695	5	939	30
696	5	626	27
696	5	782	30
697	5	365	24
697	5	521	29
697	5	887	27
697	5	1356	30
697	5	2295	28
698	5	1095	27
698	5	1408	28
698	5	1722	30
699	5	365	24
699	5	834	30
700	5	365	24
700	5	626	30
701	5	626	30
701	5	991	27
701	5	1408	28
702	5	365	24
702	5	678	30
703	5	365	24
703	5	469	29
703	5	834	30
703	5	2243	27
704	5	1774	27
704	5	2087	28
705	5	626	27
705	5	678	29
705	5	1826	28
706	5	365	24
706	5	521	29
706	5	782	27
706	5	991	30
707	5	365	24
707	5	574	29
707	5	939	27
707	5	1878	30
708	5	991	27
708	5	1148	30
708	5	1565	28
709	5	365	24
709	5	469	29
709	5	991	27
709	5	1356	30
709	5	2191	28
710	5	365	24
710	5	521	29
710	5	991	27
710	5	1200	30
711	5	887	27
711	5	1095	30
711	5	1617	28
712	5	574	24
712	5	1095	30
712	5	1513	27
713	5	939	27
713	5	1252	28
713	5	1565	30
714	5	365	24
714	5	626	27
714	5	678	29
714	5	991	30
715	5	417	24
715	5	626	29
715	5	1513	27
715	5	2243	30
716	5	365	24
716	5	574	29
716	5	834	27
716	5	991	30
717	5	782	27
717	5	834	30
717	5	1461	28
718	5	365	24
718	5	469	29
718	5	834	27
718	5	1565	30
719	5	521	29
720	5	1826	27
720	5	1878	30
721	5	417	24
721	5	574	29
721	5	1200	27
721	5	1669	30
722	5	365	24
722	5	469	29
722	5	730	27
722	5	991	30
722	5	1617	28
723	5	365	24
723	5	834	30
723	5	2139	27
724	5	417	24
724	5	730	30
724	5	2139	27
725	5	365	24
725	5	834	30
726	5	469	29
726	5	1095	27
726	5	1461	30
727	5	991	27
727	5	1304	28
727	5	1617	30
728	5	1617	27
728	5	1878	30
729	5	365	24
729	5	678	29
730	5	365	24
730	5	834	30
730	5	1408	27
731	5	365	24
731	5	574	29
731	5	834	27
731	5	2035	30
732	5	365	24
732	5	678	29
732	5	1826	27
733	5	365	24
733	5	574	29
733	5	887	27
733	5	1461	30
734	5	365	24
734	5	469	29
734	5	730	27
734	5	1722	30
735	5	1774	27
735	5	1878	30
736	5	626	27
736	5	834	30
737	5	365	24
737	5	574	29
737	5	939	27
737	5	1617	30
737	5	2035	28
738	5	365	24
738	5	521	29
738	5	991	27
738	5	1461	30
738	5	1930	28
738	5	2243	25
739	5	991	27
739	5	1095	30
739	5	1617	28
740	5	2243	30
741	5	365	24
741	5	782	30
742	5	365	24
742	5	574	29
742	5	834	27
742	5	1252	30
742	5	1878	28
742	5	2191	25
743	5	365	24
743	5	521	29
743	5	782	27
743	5	939	30
744	5	991	27
744	5	1043	30
744	5	1617	28
745	5	626	27
745	5	939	30
746	5	1043	27
746	5	1304	30
747	5	417	24
747	5	939	30
748	5	1774	27
748	5	2035	30
749	5	574	29
749	5	1722	27
750	5	365	24
750	5	626	29
750	5	1878	27
750	5	2035	30
751	5	730	27
751	5	1043	28
751	5	1356	30
752	5	469	24
752	5	939	30
752	5	1304	27
752	5	2087	28
753	5	365	24
753	5	574	29
753	5	834	27
753	5	1200	30
753	5	1930	28
753	5	2243	25
754	5	365	24
754	5	574	29
754	5	834	27
754	5	1461	30
755	5	365	24
755	5	574	29
755	5	834	27
755	5	1930	30
756	5	365	24
756	5	574	29
756	5	834	27
756	5	1356	30
756	5	1982	28
757	5	1095	27
757	5	1408	28
757	5	1722	30
758	5	365	24
758	5	574	29
758	5	834	27
758	5	991	30
759	5	1043	27
759	5	1356	28
759	5	1669	30
760	5	365	24
760	5	678	30
761	5	417	24
761	5	469	29
761	5	1722	27
761	5	1982	30
762	5	365	24
762	5	521	29
762	5	1200	27
762	5	1826	30
763	5	991	27
763	5	1304	28
763	5	1617	30
764	5	365	24
764	5	939	30
765	5	365	24
765	5	469	29
765	5	730	27
765	5	1826	30
766	5	365	24
766	5	626	29
766	5	939	27
767	5	991	27
767	5	1043	30
767	5	1774	28
768	5	1148	27
768	5	1252	30
769	5	417	24
769	5	626	29
770	5	1774	27
770	5	1930	30
771	5	991	27
771	5	1148	30
771	5	1722	28
772	5	521	24
772	5	1304	30
772	5	2035	27
773	5	1095	27
773	5	1408	28
773	5	1722	30
774	5	365	24
774	5	521	29
774	5	782	27
774	5	1252	30
775	5	521	29
775	5	1461	27
776	5	365	24
776	5	469	29
776	5	730	27
776	5	887	30
776	5	2035	28
777	5	1826	27
777	5	2139	28
778	5	365	24
778	5	678	29
778	5	1617	27
778	5	2087	30
779	5	1774	27
779	5	1930	30
780	5	365	24
780	5	626	29
780	5	1982	27
781	5	365	24
781	5	521	29
781	5	1095	27
781	5	1304	30
782	5	365	24
782	5	834	30
783	5	1095	27
783	5	1408	28
783	5	1722	30
784	5	365	24
784	5	574	30
784	5	834	27
785	5	365	24
785	5	782	30
786	5	417	24
786	5	1148	30
787	5	1043	27
787	5	1356	28
787	5	1669	30
788	5	365	24
788	5	469	29
788	5	939	27
788	5	2191	30
789	5	991	27
789	5	1148	30
789	5	1565	28
790	5	521	24
790	5	991	30
790	5	1669	27
791	5	1043	27
791	5	1356	28
791	5	1669	30
792	5	365	24
792	5	782	30
793	5	365	24
793	5	574	29
793	5	626	30
793	5	887	27
793	5	2295	28
794	5	365	24
794	5	521	29
794	5	782	27
794	5	834	30
795	5	1200	27
795	5	1513	28
795	5	1826	30
796	5	1043	27
796	5	1356	28
796	5	1669	30
797	5	365	24
797	5	626	27
797	5	782	30
798	5	626	27
798	5	834	30
798	5	1930	28
799	5	2035	27
800	5	1043	27
800	5	1095	30
801	5	1043	27
801	5	1356	28
801	5	1669	30
802	5	365	24
802	5	521	29
802	5	1148	27
803	5	365	24
803	5	574	29
803	5	1095	27
803	5	1200	30
804	5	365	24
804	5	626	30
804	5	1774	27
804	5	2191	28
805	5	2087	27
806	5	1043	27
806	5	1148	30
807	5	365	24
807	5	626	29
807	5	991	30
807	5	1565	28
808	5	1774	27
808	5	2035	30
809	5	1461	27
809	5	1774	28
809	5	2087	30
810	5	365	24
810	5	574	29
810	5	626	30
810	5	887	27
811	5	365	24
811	5	521	29
811	5	782	27
811	5	1722	30
812	5	365	24
812	5	469	29
812	5	834	27
812	5	1461	30
812	5	2035	28
813	5	365	24
813	5	939	30
814	5	365	24
814	5	939	30
815	5	365	24
815	5	469	29
815	5	782	27
816	5	887	27
816	5	1148	30
816	5	1774	28
817	5	1826	27
817	5	2139	28
818	5	365	24
818	5	574	29
818	5	1200	27
818	5	1878	30
819	5	1095	27
819	5	1252	30
820	5	417	24
820	5	678	30
820	5	2035	27
821	5	991	27
821	5	1095	30
821	5	1774	28
822	5	365	24
822	5	521	29
822	5	782	27
822	5	1930	30
823	5	365	24
823	5	626	29
823	5	991	30
823	5	1878	28
823	5	2191	25
824	5	887	27
824	5	1148	30
824	5	1513	28
825	5	678	27
825	5	991	28
825	5	1304	30
826	5	521	24
826	5	1095	30
826	5	1408	27
827	5	521	24
827	5	574	29
828	5	1043	27
828	5	1095	30
828	5	1826	28
829	5	1669	30
829	5	1982	27
830	5	834	27
830	5	1148	28
830	5	1461	30
831	5	365	24
831	5	469	29
831	5	939	27
831	5	1356	30
831	5	1878	28
831	5	2191	25
832	5	365	24
832	5	678	29
832	5	1774	28
832	5	1826	30
832	5	2191	25
833	5	574	29
833	5	1148	27
834	5	365	24
834	5	678	29
834	5	1930	28
834	5	1982	30
834	5	2295	25
835	5	365	24
835	5	939	30
836	5	1826	27
836	5	1982	30
837	5	991	27
837	5	1304	28
837	5	1617	30
838	5	365	24
838	5	574	29
838	5	834	27
838	5	1304	30
838	5	2087	28
839	5	1043	27
839	5	1304	30
839	5	1982	28
840	5	365	24
840	5	469	29
840	5	730	27
840	5	991	30
840	5	1617	28
841	5	365	24
841	5	678	30
842	5	521	24
842	5	991	30
842	5	2243	27
843	5	365	24
843	5	626	29
843	5	1722	28
843	5	1826	30
843	5	2139	25
844	5	991	27
844	5	1252	30
845	5	1043	27
845	5	1252	30
846	5	1148	27
846	5	1356	30
847	5	991	27
847	5	1252	30
847	5	1669	28
848	5	365	24
848	5	469	29
848	5	730	27
848	5	939	30
849	5	1774	27
849	5	2087	28
850	5	365	24
850	5	521	29
850	5	887	27
850	5	1148	30
850	5	1722	28
851	5	1826	27
851	5	2139	28
852	5	626	27
852	5	939	30
853	5	1043	27
853	5	1356	28
853	5	1669	30
854	5	991	27
854	5	1095	30
854	5	1461	28
855	5	365	24
855	5	574	30
855	5	2139	27
856	5	365	24
856	5	678	29
856	5	2087	27
857	5	1043	27
857	5	1356	28
857	5	1669	30
858	5	365	24
858	5	834	30
858	5	1252	27
859	5	417	24
859	5	2035	30
860	5	1304	27
860	5	1408	30
861	5	365	24
861	5	626	29
861	5	939	27
862	5	1200	27
862	5	1513	28
862	5	1826	30
863	5	365	24
863	5	678	30
863	5	939	27
864	5	365	24
864	5	521	29
864	5	782	27
864	5	1148	30
864	5	1826	28
864	5	2191	25
865	5	365	24
865	5	521	29
865	5	834	27
865	5	2139	30
866	5	365	24
866	5	574	29
866	5	834	27
866	5	1930	30
867	5	417	24
867	5	782	30
867	5	1826	27
868	5	365	24
868	5	678	30
869	5	626	30
869	5	1043	27
869	5	1461	28
870	5	991	27
870	5	1148	30
870	5	1722	28
871	5	782	30
871	5	1095	27
871	5	1669	28
873	5	365	24
873	5	626	27
873	5	730	30
874	5	782	30
875	5	365	24
875	5	626	30
876	5	365	24
876	5	521	29
876	5	834	27
877	5	365	24
877	5	521	29
877	5	782	27
877	5	991	30
877	5	1669	28
878	5	991	27
878	5	1148	30
878	5	1930	28
879	5	365	24
879	5	730	30
879	5	1826	27
880	5	365	24
880	5	626	29
880	5	991	30
881	5	626	27
881	5	782	30
882	5	1043	27
882	5	1252	30
882	5	1722	28
883	5	1356	27
883	5	1669	28
883	5	1982	30
884	5	365	24
884	5	574	29
884	5	887	27
884	5	2139	30
885	5	365	24
885	5	626	27
885	5	678	29
885	5	1095	30
885	5	1722	28
886	5	574	24
886	5	1148	30
886	5	1878	27
887	5	365	24
887	5	782	30
887	5	1513	27
888	5	730	27
888	5	1043	28
888	5	1356	30
889	5	1043	27
889	5	1356	28
889	5	1669	30
890	5	1043	27
890	5	1148	30
890	5	1774	28
891	5	365	24
891	5	730	27
891	5	834	30
892	5	1148	27
892	5	1252	30
892	5	2191	28
893	5	365	24
893	5	730	30
894	5	365	24
894	5	730	30
895	5	365	24
895	5	626	30
895	5	1774	27
896	5	365	24
896	5	626	29
897	5	365	24
897	5	626	30
897	5	939	27
898	5	365	24
898	5	469	29
898	5	887	27
898	5	1252	30
899	5	365	24
899	5	574	29
899	5	834	27
899	5	991	30
899	5	2295	28
900	5	626	27
900	5	939	30
900	5	1878	28
901	5	365	24
901	5	574	29
901	5	834	27
902	5	521	24
902	5	939	30
902	5	1200	27
902	5	2035	28
903	5	365	24
903	5	574	30
903	5	991	27
903	5	1722	28
903	5	2295	25
904	5	1304	30
905	5	939	27
905	5	1148	30
905	5	2191	28
906	5	365	24
906	5	678	30
907	5	1774	27
907	5	1878	30
908	5	365	24
908	5	574	29
908	5	834	27
908	5	1774	30
909	5	1774	27
909	5	1826	30
910	5	991	27
910	5	1148	30
910	5	1722	28
911	5	574	24
911	5	991	30
912	5	365	24
912	5	782	30
913	5	1043	27
913	5	1252	30
913	5	1878	28
914	5	417	24
914	5	1043	30
914	5	1304	27
915	5	1043	27
915	5	1200	30
916	5	365	24
916	5	521	29
916	5	887	27
916	5	1252	30
917	5	417	24
917	5	574	29
917	5	1826	27
917	5	2243	30
918	5	1043	27
918	5	1252	30
918	5	1669	28
919	5	991	27
919	5	1252	30
920	5	521	24
920	5	1043	30
920	5	2035	27
921	5	365	24
921	5	730	30
922	5	365	24
922	5	730	30
922	5	1774	27
923	5	1043	27
923	5	1148	30
924	5	365	24
924	5	574	30
924	5	991	27
924	5	1565	28
925	5	365	24
925	5	626	29
925	5	887	27
926	5	365	24
926	5	521	29
926	5	1043	27
926	5	1513	30
926	5	2139	28
927	5	521	24
927	5	730	30
927	5	1304	27
928	5	1930	30
929	5	365	24
929	5	626	29
929	5	991	27
929	5	1513	30
930	5	782	27
930	5	939	30
931	5	365	24
931	5	521	29
931	5	782	27
931	5	887	30
931	5	1722	28
932	5	939	27
932	5	1148	30
932	5	1826	28
933	5	1043	27
933	5	1148	30
933	5	1722	28
934	5	730	27
934	5	1043	28
934	5	1356	30
935	5	365	24
935	5	626	30
936	5	469	24
936	5	939	30
936	5	1930	27
937	5	469	24
937	5	991	30
937	5	1982	27
938	5	678	27
938	5	939	30
938	5	1722	28
939	5	626	29
939	5	1304	27
940	5	365	24
940	5	469	29
940	5	1043	27
940	5	1565	30
940	5	2139	28
941	5	365	24
941	5	521	29
941	5	782	27
941	5	1252	30
941	5	2191	28
942	5	365	24
942	5	469	29
942	5	782	27
942	5	1200	30
942	5	2295	28
943	5	469	29
944	5	417	24
944	5	782	30
944	5	1669	27
945	5	1148	27
945	5	1408	30
946	5	417	24
946	5	782	30
946	5	1461	27
947	5	365	24
947	5	678	29
947	5	1669	28
947	5	1826	30
947	5	2191	25
948	5	365	24
948	5	574	29
948	5	834	27
948	5	1826	30
949	5	365	24
949	5	469	29
949	5	730	27
949	5	1095	30
949	5	1669	28
950	5	365	24
950	5	626	29
950	5	991	30
951	5	1617	30
952	5	1565	27
952	5	1826	30
953	5	365	24
953	5	678	29
954	5	365	24
954	5	469	29
954	5	730	27
954	5	1722	30
955	5	939	27
955	5	1252	28
955	5	1565	30
956	5	365	24
956	5	521	29
957	5	1148	27
957	5	1304	30
958	5	782	27
958	5	1095	28
958	5	1408	30
959	5	1826	30
960	5	365	24
960	5	626	29
960	5	1200	27
960	5	1982	30
961	5	365	24
961	5	887	30
962	5	1826	27
962	5	2035	30
963	5	365	24
963	5	730	30
964	5	365	24
964	5	469	29
964	5	887	27
964	5	939	30
964	5	1982	28
965	5	574	24
965	5	1148	30
965	5	1408	27
966	5	365	24
966	5	521	29
966	5	834	27
966	5	1356	30
966	5	2295	28
967	5	678	29
967	5	1722	27
968	5	365	24
968	5	730	30
969	5	417	24
969	5	574	29
969	5	1200	27
969	5	1565	30
970	5	2243	27
971	5	365	24
971	5	574	29
971	5	887	27
971	5	1617	30
972	5	365	24
972	5	521	29
972	5	782	27
972	5	1043	30
972	5	1722	28
972	5	2295	25
973	5	365	24
973	5	626	30
974	5	365	24
974	5	574	30
975	5	1043	27
975	5	1304	30
976	5	365	24
976	5	678	30
976	5	1095	27
976	5	1982	28
977	5	1408	27
977	5	1722	28
977	5	2035	30
978	5	365	24
978	5	521	29
978	5	887	27
978	5	1408	30
979	5	1043	27
979	5	1200	30
979	5	1774	28
980	5	1461	27
980	5	1774	28
980	5	2087	30
981	5	469	24
981	5	887	30
981	5	1200	27
981	5	2191	28
982	5	365	24
982	5	469	29
983	5	365	24
983	5	521	29
983	5	782	27
983	5	991	30
984	5	730	27
984	5	1043	28
984	5	1356	30
985	5	991	27
985	5	1043	30
985	5	1565	28
986	5	1930	27
986	5	1982	30
987	5	834	27
987	5	1148	28
987	5	1461	30
988	5	365	24
988	5	678	30
989	5	365	24
989	5	521	29
989	5	782	27
989	5	1252	30
990	5	1408	27
990	5	1565	30
991	5	1200	30
992	5	1408	27
992	5	1722	28
992	5	2035	30
993	5	469	24
993	5	730	30
994	5	1774	27
994	5	2035	30
995	5	365	24
995	5	574	29
995	5	834	27
995	5	939	30
996	5	991	27
996	5	1095	30
997	5	1982	27
997	5	2295	28
998	5	365	24
998	5	834	30
998	5	1669	27
998	5	1982	28
998	5	2295	25
999	5	1043	27
999	5	1356	28
999	5	1669	30
