Realization	utility	week	infra.
0	0	678	29
1	0	678	29
2	0	834	29
3	0	1252	29
4	0	834	29
4	0	2035	30
5	0	678	29
6	0	730	29
7	0	1095	29
8	0	834	29
10	0	574	29
12	0	1930	29
13	0	1826	29
14	0	521	29
15	0	574	29
16	0	626	29
17	0	626	29
18	0	626	29
19	0	1930	29
20	0	730	29
21	0	574	29
22	0	1200	29
23	0	574	29
24	0	521	29
24	0	2295	30
25	0	1617	29
26	0	782	29
27	0	626	29
28	0	939	29
29	0	1148	29
30	0	1252	29
31	0	834	29
32	0	1148	29
33	0	782	29
34	0	782	29
35	0	678	29
36	0	730	29
37	0	939	29
38	0	678	29
39	0	887	29
40	0	626	29
40	0	2087	30
41	0	939	29
42	0	1043	29
43	0	730	29
44	0	1774	29
45	0	730	29
46	0	782	29
47	0	1304	29
48	0	2295	29
49	0	521	29
50	0	1617	29
51	0	1513	29
52	0	887	29
53	0	678	29
53	0	2035	30
55	0	834	29
56	0	1148	29
57	0	574	29
57	0	2139	30
58	0	678	29
59	0	574	29
60	0	1565	29
61	0	782	29
62	0	626	29
62	0	2295	30
63	0	834	29
64	0	1930	29
65	0	678	29
66	0	1200	29
67	0	887	29
68	0	1565	29
69	0	1148	29
70	0	730	29
71	0	1148	29
73	0	1669	29
74	0	626	29
75	0	678	29
76	0	1461	29
77	0	1826	29
78	0	1565	29
79	0	887	29
80	0	678	29
81	0	678	29
82	0	730	29
83	0	1095	29
84	0	782	29
86	0	1461	29
87	0	469	29
87	0	2035	30
88	0	887	29
89	0	1043	29
90	0	1304	29
91	0	782	29
92	0	678	29
93	0	1565	29
94	0	2035	29
95	0	1200	29
96	0	991	29
97	0	1513	29
98	0	1826	29
99	0	1252	29
100	0	1513	29
101	0	887	29
102	0	574	29
103	0	1200	29
104	0	678	29
106	0	782	29
106	0	2191	30
107	0	626	29
107	0	2295	30
108	0	626	29
109	0	1513	29
110	0	678	29
111	0	887	29
112	0	887	29
113	0	574	29
114	0	834	29
115	0	1565	29
116	0	1304	29
117	0	1617	29
118	0	1252	29
119	0	1200	29
120	0	782	29
121	0	1095	29
122	0	678	29
123	0	2191	29
124	0	730	29
125	0	521	29
126	0	626	29
127	0	678	29
128	0	626	29
129	0	1148	29
130	0	521	29
131	0	678	29
131	0	2191	30
132	0	626	29
133	0	782	29
134	0	991	29
135	0	574	29
136	0	574	29
136	0	1774	30
137	0	939	29
138	0	626	29
138	0	2035	30
139	0	678	29
139	0	1930	30
140	0	1878	29
141	0	574	29
142	0	1200	29
143	0	1304	29
145	0	1148	29
146	0	626	29
147	0	834	29
148	0	1513	29
149	0	678	29
150	0	678	29
151	0	1095	29
152	0	782	29
153	0	1095	29
154	0	626	29
155	0	574	29
156	0	574	29
158	0	678	29
159	0	626	29
159	0	2295	30
160	0	834	29
161	0	1878	29
162	0	1095	29
163	0	1617	29
164	0	521	29
165	0	730	29
166	0	1878	29
167	0	1565	29
169	0	678	29
170	0	626	29
171	0	1408	29
172	0	1095	29
173	0	1356	29
174	0	1095	29
175	0	887	29
176	0	574	29
177	0	1669	29
178	0	2035	29
179	0	626	29
180	0	2243	29
181	0	626	29
182	0	939	29
183	0	626	29
184	0	1669	29
185	0	834	29
186	0	2243	29
187	0	1095	29
188	0	1878	29
189	0	1095	29
189	0	2295	30
190	0	1252	29
191	0	678	29
192	0	730	29
193	0	730	29
194	0	782	29
196	0	574	29
196	0	1722	30
198	0	782	29
199	0	574	29
200	0	1200	29
201	0	1878	29
202	0	1148	29
203	0	1043	29
204	0	626	29
205	0	1304	29
206	0	574	29
206	0	1617	30
207	0	678	29
208	0	574	29
210	0	626	29
211	0	1669	29
212	0	1148	29
213	0	1669	29
214	0	2139	29
215	0	1252	29
216	0	2139	29
217	0	1200	29
218	0	887	29
220	0	1669	29
221	0	730	29
222	0	1878	29
223	0	1826	29
224	0	1148	29
225	0	626	29
225	0	2139	30
226	0	521	29
227	0	834	29
228	0	626	29
229	0	678	29
230	0	626	29
231	0	521	29
232	0	626	29
233	0	1304	29
235	0	1304	29
236	0	521	29
237	0	939	29
239	0	1252	29
240	0	626	29
241	0	939	29
242	0	887	29
243	0	626	29
243	0	2035	30
244	0	626	29
245	0	1408	29
248	0	574	29
249	0	574	29
250	0	626	29
250	0	2191	30
251	0	834	29
252	0	1878	29
253	0	1408	29
255	0	1148	29
256	0	521	29
257	0	1304	29
258	0	678	29
259	0	574	29
260	0	678	29
262	0	1043	29
263	0	1043	29
264	0	730	29
265	0	678	29
266	0	626	29
267	0	678	29
268	0	1095	29
269	0	730	29
270	0	1043	29
271	0	834	29
271	0	2243	30
272	0	574	29
272	0	1982	30
274	0	1304	29
275	0	1930	29
277	0	1878	29
278	0	1617	29
279	0	1304	29
280	0	939	29
282	0	1826	29
283	0	1148	29
284	0	626	29
284	0	1826	30
285	0	1148	29
286	0	521	29
286	0	1930	30
287	0	1304	29
288	0	730	29
289	0	2087	29
291	0	834	29
292	0	1826	29
293	0	574	29
293	0	2139	30
294	0	626	29
295	0	626	29
296	0	574	29
297	0	1722	29
298	0	1200	29
299	0	626	29
300	0	1826	29
301	0	574	29
302	0	678	29
303	0	521	29
303	0	1878	30
304	0	574	29
306	0	626	29
307	0	521	29
308	0	574	29
309	0	574	29
309	0	2035	30
310	0	834	29
310	0	2243	30
311	0	1722	29
312	0	1304	29
313	0	1148	29
314	0	1408	29
315	0	834	29
316	0	2243	29
317	0	1304	29
318	0	1774	29
319	0	1878	29
320	0	1252	29
321	0	678	29
322	0	574	29
323	0	1930	29
324	0	1408	29
325	0	1356	29
326	0	626	29
327	0	1148	29
328	0	782	29
329	0	1617	29
330	0	1043	29
331	0	678	29
332	0	678	29
333	0	626	29
334	0	1304	29
335	0	626	29
336	0	678	29
337	0	1252	29
338	0	2243	30
339	0	678	29
340	0	1148	29
341	0	1148	29
342	0	574	29
343	0	626	29
344	0	2243	29
345	0	626	29
346	0	782	29
346	0	2191	30
347	0	730	29
348	0	678	29
349	0	678	29
350	0	2191	29
351	0	678	29
352	0	834	29
353	0	626	29
354	0	521	29
355	0	678	29
356	0	1043	29
357	0	730	29
358	0	1148	29
360	0	939	29
361	0	730	29
362	0	2139	29
364	0	626	29
365	0	1982	29
366	0	991	29
367	0	574	29
368	0	626	29
368	0	1878	30
369	0	626	29
370	0	1565	29
371	0	678	29
372	0	730	29
374	0	1722	29
375	0	1356	29
376	0	834	29
377	0	1356	29
378	0	1148	29
379	0	782	29
380	0	887	29
381	0	574	29
382	0	678	29
383	0	1461	29
384	0	730	29
385	0	574	29
386	0	730	29
387	0	626	29
387	0	2295	30
388	0	2087	29
389	0	626	29
390	0	626	29
391	0	678	29
392	0	1826	29
393	0	574	29
394	0	626	29
395	0	939	29
396	0	626	29
396	0	1826	30
397	0	1200	29
398	0	887	29
399	0	574	29
400	0	730	29
401	0	2035	29
402	0	834	29
403	0	2035	29
404	0	1148	29
405	0	626	29
406	0	626	29
407	0	1148	29
409	0	1408	29
410	0	1356	29
411	0	521	29
411	0	1930	30
412	0	678	29
412	0	1878	30
413	0	626	29
413	0	1826	30
414	0	782	29
414	0	2295	30
415	0	730	29
416	0	1826	29
417	0	730	29
418	0	730	29
419	0	469	29
420	0	1148	29
421	0	2035	29
422	0	1461	29
423	0	1148	29
424	0	626	29
424	0	1982	30
425	0	782	29
426	0	991	29
426	0	2295	30
427	0	2087	29
428	0	626	29
429	0	834	29
430	0	626	29
431	0	574	29
432	0	782	29
433	0	782	29
434	0	678	29
434	0	2035	30
435	0	521	29
436	0	678	29
437	0	574	29
438	0	991	29
439	0	939	29
440	0	782	29
442	0	626	29
443	0	991	29
444	0	1826	29
445	0	626	29
446	0	887	29
447	0	1826	29
448	0	1513	29
449	0	2035	29
451	0	730	29
452	0	730	29
453	0	626	29
454	0	1461	29
455	0	1095	29
456	0	1304	29
457	0	730	29
459	0	1982	29
460	0	626	29
461	0	574	29
462	0	834	29
463	0	678	29
463	0	2191	30
464	0	1148	29
465	0	626	29
466	0	626	29
467	0	626	29
468	0	626	29
469	0	574	29
470	0	1982	29
471	0	1304	29
472	0	574	29
473	0	887	29
474	0	626	29
475	0	1252	29
476	0	1565	29
478	0	626	29
480	0	991	29
481	0	678	29
481	0	2139	30
482	0	834	29
483	0	2139	29
484	0	1982	29
485	0	1200	29
486	0	1200	29
487	0	626	29
488	0	1356	29
489	0	626	29
490	0	1043	29
491	0	782	29
492	0	1200	29
493	0	991	29
494	0	678	29
495	0	1095	29
496	0	574	29
497	0	574	29
498	0	782	29
499	0	782	29
500	0	626	29
500	0	1826	30
501	0	1513	29
502	0	1043	29
503	0	626	29
503	0	1826	30
505	0	1565	29
506	0	1095	29
507	0	1722	29
508	0	678	29
508	0	2087	30
510	0	1930	29
512	0	1200	29
513	0	1200	29
514	0	730	29
515	0	574	29
516	0	1565	29
517	0	1304	29
518	0	939	29
519	0	678	29
520	0	626	29
521	0	626	29
522	0	1043	29
523	0	730	29
525	0	730	29
526	0	1878	29
527	0	626	29
528	0	626	29
529	0	678	29
529	0	1878	30
530	0	1252	29
531	0	1148	29
532	0	1200	29
533	0	2087	29
534	0	678	29
534	0	2087	30
535	0	1669	29
536	0	1304	29
537	0	939	29
538	0	626	29
539	0	626	29
540	0	2035	29
541	0	626	29
542	0	939	29
543	0	1200	29
544	0	574	29
544	0	2139	30
545	0	1617	29
546	0	1148	29
547	0	730	29
547	0	2243	30
548	0	1356	29
549	0	1356	29
550	0	626	29
550	0	1982	30
551	0	626	29
551	0	1930	30
552	0	1408	29
553	0	782	29
554	0	574	29
555	0	574	29
555	0	1878	30
556	0	939	29
557	0	1930	29
558	0	678	29
559	0	574	29
560	0	1669	29
561	0	1095	29
562	0	1252	29
563	0	991	29
564	0	1408	29
565	0	626	29
565	0	1930	30
566	0	678	29
567	0	834	29
568	0	574	29
569	0	1200	29
570	0	1252	29
571	0	574	29
572	0	1461	29
573	0	2295	29
574	0	834	29
575	0	574	29
575	0	1826	30
576	0	1200	29
577	0	678	29
578	0	1252	29
579	0	991	29
581	0	1148	29
582	0	782	29
583	0	678	29
584	0	574	29
585	0	626	29
585	0	1826	30
586	0	939	29
587	0	521	29
588	0	730	29
589	0	521	29
590	0	730	29
591	0	1722	29
593	0	887	29
594	0	939	29
595	0	626	29
595	0	1982	30
596	0	1043	29
597	0	939	29
598	0	574	29
599	0	626	29
600	0	1878	29
601	0	782	29
602	0	1565	29
603	0	939	29
604	0	1095	29
605	0	1304	29
606	0	678	29
607	0	574	29
608	0	730	29
610	0	2191	29
611	0	1043	29
612	0	1200	29
613	0	1513	29
614	0	1200	29
615	0	1043	29
616	0	1200	29
617	0	2035	29
619	0	1200	29
620	0	626	29
621	0	1043	29
622	0	626	29
623	0	1252	29
624	0	730	29
625	0	1148	29
626	0	782	29
627	0	626	29
628	0	991	29
629	0	574	29
630	0	1200	29
631	0	939	29
631	0	2243	30
632	0	626	29
633	0	1774	29
634	0	1200	29
635	0	1513	29
637	0	1408	29
638	0	1878	29
639	0	574	29
640	0	1982	29
641	0	991	29
642	0	1200	29
644	0	730	29
645	0	939	29
646	0	626	29
647	0	2295	29
648	0	1148	29
649	0	626	29
650	0	1669	29
651	0	678	29
652	0	730	29
653	0	782	29
654	0	834	29
655	0	1043	29
656	0	887	29
657	0	834	29
658	0	782	29
658	0	2295	30
659	0	1200	29
660	0	2191	30
661	0	678	29
662	0	887	29
663	0	1200	29
664	0	574	29
664	0	2191	30
665	0	678	29
666	0	626	29
667	0	521	29
668	0	1095	29
669	0	1095	29
670	0	1252	29
671	0	1722	29
672	0	991	29
673	0	1252	29
674	0	574	29
675	0	1200	29
676	0	626	29
677	0	1095	29
678	0	626	29
679	0	1252	29
680	0	1148	29
681	0	991	29
682	0	574	29
683	0	1408	29
684	0	1095	29
685	0	730	29
686	0	730	29
687	0	1408	29
688	0	1304	29
689	0	1252	29
690	0	939	29
691	0	678	29
691	0	2243	30
692	0	782	29
693	0	887	29
694	0	887	29
695	0	574	29
696	0	1304	29
697	0	574	29
698	0	1774	29
699	0	887	29
700	0	887	29
701	0	1148	29
702	0	887	29
703	0	521	29
704	0	2087	29
705	0	1200	29
706	0	626	29
707	0	626	29
708	0	1200	29
709	0	730	29
710	0	521	29
711	0	1148	29
712	0	574	29
714	0	678	29
715	0	939	29
716	0	626	29
717	0	1095	29
718	0	626	29
719	0	574	29
720	0	1930	29
721	0	1043	29
722	0	521	29
723	0	834	29
724	0	1878	29
725	0	574	29
726	0	939	29
727	0	1356	29
728	0	1930	29
729	0	730	29
730	0	1095	29
731	0	626	29
732	0	730	29
733	0	626	29
734	0	521	29
735	0	2087	29
736	0	1148	29
737	0	678	29
737	0	2139	30
738	0	730	29
739	0	1148	29
741	0	782	29
742	0	626	29
742	0	2035	30
743	0	626	29
744	0	1148	29
745	0	2191	30
746	0	1304	29
747	0	939	29
748	0	2035	29
749	0	1774	29
750	0	678	29
751	0	1461	29
752	0	1148	29
753	0	678	29
753	0	2191	30
754	0	626	29
755	0	626	29
756	0	626	29
756	0	2243	30
757	0	1930	29
758	0	626	29
759	0	1565	29
760	0	1095	29
761	0	574	29
762	0	678	29
763	0	1148	29
764	0	887	29
765	0	521	29
766	0	834	29
767	0	1148	29
768	0	1565	29
769	0	1200	29
770	0	2035	29
771	0	1200	29
772	0	1304	29
773	0	1617	29
774	0	574	29
775	0	1513	29
776	0	574	29
776	0	2191	30
777	0	2139	29
778	0	730	29
779	0	1982	29
780	0	939	29
781	0	626	29
782	0	834	29
783	0	1617	29
784	0	730	29
785	0	782	29
786	0	1356	29
787	0	1408	29
788	0	730	29
789	0	1148	29
790	0	1148	29
791	0	1565	29
792	0	782	29
793	0	626	29
794	0	574	29
795	0	1878	29
796	0	1565	29
797	0	730	29
798	0	1252	29
800	0	1408	29
801	0	1408	29
802	0	834	29
803	0	730	29
804	0	782	29
806	0	1461	29
807	0	678	29
807	0	1878	30
808	0	2035	29
809	0	1774	29
810	0	626	29
811	0	678	29
812	0	574	29
813	0	887	29
814	0	939	29
815	0	574	29
816	0	1200	29
817	0	2243	29
818	0	730	29
819	0	1669	29
820	0	782	29
821	0	1200	29
822	0	574	29
823	0	678	29
823	0	2087	30
824	0	1148	29
825	0	1095	29
826	0	1095	29
827	0	574	29
828	0	1304	29
829	0	1930	29
830	0	1200	29
831	0	521	29
831	0	2035	30
832	0	730	29
832	0	2035	30
833	0	1148	29
834	0	730	29
834	0	2139	30
835	0	834	29
836	0	2035	29
837	0	1304	29
838	0	469	29
838	0	2295	30
839	0	1356	29
840	0	469	29
840	0	1826	30
841	0	678	29
842	0	1043	29
843	0	626	29
843	0	1826	30
844	0	1304	29
845	0	1304	29
846	0	1461	29
847	0	1252	29
848	0	521	29
849	0	2087	29
850	0	574	29
853	0	1356	29
854	0	1200	29
855	0	626	29
856	0	730	29
857	0	1565	29
858	0	887	29
859	0	626	29
860	0	1461	29
861	0	678	29
862	0	1513	29
863	0	521	29
864	0	574	29
864	0	2035	30
865	0	626	29
866	0	626	29
867	0	782	29
868	0	678	29
869	0	1095	29
870	0	1148	29
871	0	1148	29
873	0	574	29
875	0	678	29
876	0	626	29
877	0	574	29
877	0	1826	30
878	0	1200	29
879	0	730	29
880	0	678	29
881	0	2295	29
882	0	1304	29
883	0	1930	29
884	0	678	29
885	0	730	29
886	0	1148	29
887	0	574	29
888	0	1878	29
889	0	1461	29
890	0	1252	29
891	0	626	29
892	0	1617	29
893	0	678	29
894	0	887	29
895	0	782	29
896	0	678	29
897	0	678	29
898	0	521	29
899	0	678	29
900	0	1252	29
901	0	626	29
902	0	1095	29
903	0	574	29
903	0	2035	30
905	0	1148	29
906	0	574	29
907	0	2243	29
908	0	678	29
909	0	2035	29
910	0	1252	29
911	0	1565	29
912	0	521	29
913	0	1408	29
914	0	1043	29
915	0	1304	29
916	0	574	29
917	0	626	29
918	0	1252	29
919	0	1513	29
920	0	1408	29
921	0	939	29
922	0	730	29
923	0	1408	29
924	0	730	29
925	0	678	29
926	0	782	29
927	0	939	29
929	0	730	29
931	0	574	29
931	0	1982	30
932	0	1148	29
933	0	1304	29
934	0	1043	29
935	0	678	29
936	0	991	29
937	0	1774	29
938	0	1095	29
939	0	1513	29
940	0	782	29
941	0	626	29
941	0	2191	30
942	0	521	29
943	0	2035	29
944	0	887	29
945	0	1878	29
946	0	991	29
947	0	730	29
947	0	1930	30
948	0	678	29
949	0	521	29
949	0	1826	30
950	0	678	29
953	0	678	29
954	0	574	29
956	0	1826	29
957	0	1304	29
958	0	1669	29
960	0	991	29
961	0	887	29
962	0	2035	29
963	0	730	29
964	0	678	29
964	0	2087	30
965	0	1148	29
966	0	574	29
967	0	1722	29
968	0	730	29
969	0	782	29
971	0	626	29
972	0	574	29
972	0	1878	30
973	0	626	29
974	0	626	29
975	0	1304	29
976	0	730	29
976	0	2191	30
977	0	2035	29
978	0	626	29
979	0	1356	29
980	0	1930	29
981	0	1043	29
982	0	730	29
983	0	574	29
984	0	1252	29
985	0	1043	29
986	0	2191	29
987	0	1617	29
988	0	678	29
989	0	626	29
990	0	1826	29
992	0	2139	29
994	0	2035	29
995	0	626	29
996	0	1461	29
997	0	2295	29
998	0	834	29
998	0	2087	30
999	0	1617	29
0	1	626	11
0	1	678	29
1	1	626	11
1	1	678	29
2	1	834	29
3	1	1095	11
3	1	1252	29
4	1	782	11
4	1	834	29
4	1	2035	30
5	1	678	29
6	1	730	29
7	1	834	11
7	1	1095	29
8	1	834	29
10	1	574	29
12	1	1043	11
12	1	1930	29
13	1	1408	11
13	1	1826	29
14	1	521	29
15	1	574	29
16	1	626	29
17	1	626	29
18	1	626	29
19	1	1930	29
20	1	730	29
21	1	574	29
22	1	939	11
22	1	1200	29
23	1	574	29
24	1	521	29
24	1	2295	30
25	1	1095	11
25	1	1617	29
26	1	782	29
27	1	626	29
28	1	939	29
29	1	1043	11
29	1	1148	29
30	1	1252	29
31	1	782	11
31	1	834	29
32	1	1043	11
32	1	1148	29
33	1	626	11
33	1	782	29
34	1	782	29
35	1	626	11
35	1	678	29
36	1	730	29
37	1	782	11
37	1	939	29
38	1	678	29
39	1	887	29
40	1	626	29
40	1	2087	30
41	1	939	29
42	1	1043	29
43	1	678	11
43	1	730	29
44	1	1774	29
45	1	626	11
45	1	730	29
46	1	782	29
47	1	1095	11
47	1	1304	29
48	1	2295	29
49	1	521	29
50	1	1617	29
51	1	1513	29
52	1	782	11
52	1	887	29
53	1	678	29
53	1	2035	30
55	1	834	29
56	1	1148	29
57	1	574	29
57	1	2139	30
58	1	678	29
59	1	574	29
60	1	1565	29
61	1	626	11
61	1	782	29
62	1	626	29
62	1	2295	30
63	1	730	11
63	1	834	29
64	1	1930	29
65	1	678	29
66	1	1200	29
67	1	887	29
68	1	1513	11
68	1	1565	29
69	1	1095	11
69	1	1148	29
70	1	730	29
71	1	1148	29
72	1	1669	11
73	1	1617	11
73	1	1669	29
74	1	626	29
75	1	626	11
75	1	678	29
76	1	1461	29
77	1	1095	11
77	1	1826	29
78	1	1148	11
78	1	1565	29
79	1	887	29
80	1	678	29
81	1	678	29
82	1	730	29
83	1	1095	29
84	1	782	29
85	1	1148	11
86	1	1461	29
87	1	469	29
87	1	2035	30
88	1	834	11
88	1	887	29
89	1	1043	29
90	1	1304	29
91	1	678	11
91	1	782	29
92	1	626	11
92	1	678	29
93	1	1408	11
93	1	1565	29
94	1	2035	29
95	1	1200	29
96	1	730	11
96	1	991	29
97	1	730	11
97	1	1513	29
98	1	1826	29
99	1	1148	11
99	1	1252	29
100	1	1513	29
101	1	887	29
102	1	574	29
103	1	1200	29
104	1	678	29
106	1	782	29
106	1	2191	30
107	1	626	29
107	1	2295	30
108	1	626	29
109	1	1461	11
109	1	1513	29
110	1	678	29
111	1	887	29
112	1	730	11
112	1	887	29
113	1	574	29
114	1	834	29
115	1	1565	29
116	1	1148	11
116	1	1304	29
117	1	1617	29
118	1	1200	11
118	1	1252	29
119	1	1200	29
120	1	782	29
121	1	1095	29
122	1	678	29
123	1	2139	11
123	1	2191	29
124	1	678	11
124	1	730	29
125	1	521	29
126	1	626	29
127	1	626	11
127	1	678	29
128	1	626	29
129	1	1095	11
129	1	1148	29
130	1	521	29
131	1	678	29
131	1	2191	30
132	1	626	29
133	1	782	29
134	1	626	11
134	1	991	29
135	1	574	29
136	1	574	29
136	1	1774	30
137	1	939	29
138	1	626	29
138	1	2035	30
139	1	678	29
139	1	1930	30
140	1	939	11
140	1	1878	29
141	1	574	29
142	1	626	11
142	1	1200	29
143	1	1200	11
143	1	1304	29
145	1	1148	29
146	1	626	29
147	1	834	29
148	1	1513	29
149	1	626	11
149	1	678	29
150	1	678	29
151	1	1095	29
152	1	782	29
153	1	1095	29
154	1	626	29
155	1	574	29
156	1	574	29
158	1	678	29
159	1	626	29
159	1	2295	30
160	1	834	29
161	1	1878	29
162	1	1095	29
163	1	1617	29
164	1	521	29
165	1	678	11
165	1	730	29
166	1	1878	29
167	1	1565	29
169	1	626	11
169	1	678	29
170	1	626	29
171	1	1408	29
172	1	678	11
172	1	1095	29
173	1	1200	11
173	1	1356	29
174	1	1095	29
175	1	887	29
176	1	574	29
177	1	1669	29
178	1	2035	29
179	1	626	29
180	1	1982	11
180	1	2243	29
181	1	626	29
182	1	834	11
182	1	939	29
183	1	626	29
184	1	1669	29
185	1	626	11
185	1	834	29
186	1	2243	29
187	1	730	11
187	1	1095	29
188	1	1878	29
189	1	782	11
189	1	1095	29
189	1	2295	30
190	1	1252	29
191	1	626	11
191	1	678	29
192	1	730	29
193	1	730	29
194	1	782	29
196	1	574	29
196	1	1722	30
198	1	782	29
199	1	574	29
200	1	1200	29
201	1	834	11
201	1	1878	29
202	1	626	11
202	1	1148	29
203	1	1043	29
204	1	626	29
205	1	1304	29
206	1	574	29
206	1	1617	30
207	1	626	11
207	1	678	29
208	1	574	29
210	1	626	29
211	1	1669	29
212	1	1148	29
213	1	1669	29
214	1	1565	11
214	1	2139	29
215	1	1252	29
216	1	2139	29
217	1	1043	11
217	1	1200	29
218	1	887	29
219	1	1617	11
220	1	1408	11
220	1	1669	29
221	1	730	29
222	1	1878	29
223	1	1200	11
223	1	1826	29
224	1	1148	29
225	1	626	29
225	1	2139	30
226	1	521	29
227	1	626	11
227	1	834	29
228	1	626	29
229	1	678	29
230	1	626	29
231	1	521	29
232	1	626	29
233	1	1095	11
233	1	1304	29
235	1	1304	29
236	1	521	29
237	1	939	29
239	1	1252	29
240	1	626	29
241	1	939	29
242	1	887	29
243	1	626	29
243	1	2035	30
244	1	626	29
245	1	1408	29
246	1	2295	11
247	1	991	11
248	1	574	29
249	1	574	29
250	1	626	29
250	1	2191	30
251	1	834	29
252	1	1722	11
252	1	1878	29
253	1	1408	29
254	1	2295	11
255	1	1148	29
256	1	521	29
257	1	1304	29
258	1	626	11
258	1	678	29
259	1	574	29
260	1	678	29
262	1	1043	29
263	1	939	11
263	1	1043	29
264	1	730	29
265	1	626	11
265	1	678	29
266	1	626	29
267	1	626	11
267	1	678	29
268	1	1095	29
269	1	626	11
269	1	730	29
270	1	1043	29
271	1	834	29
271	1	2243	30
272	1	574	29
272	1	1982	30
274	1	1304	29
275	1	1930	29
277	1	1878	29
278	1	1617	29
279	1	1304	29
280	1	939	29
282	1	1513	11
282	1	1826	29
283	1	1148	29
284	1	626	29
284	1	1826	30
285	1	1148	29
286	1	521	29
286	1	1930	30
287	1	1304	29
288	1	730	29
289	1	887	11
289	1	2087	29
290	1	1982	11
291	1	782	11
291	1	834	29
292	1	1826	29
293	1	574	29
293	1	2139	30
294	1	626	29
295	1	626	29
296	1	574	29
297	1	1722	29
298	1	1148	11
298	1	1200	29
299	1	626	29
300	1	1826	29
301	1	574	29
302	1	678	29
303	1	521	29
303	1	1878	30
304	1	574	29
306	1	626	29
307	1	521	29
308	1	574	29
309	1	574	29
309	1	2035	30
310	1	730	11
310	1	834	29
310	1	2243	30
311	1	1722	29
312	1	1304	29
313	1	678	11
313	1	1148	29
314	1	1408	29
315	1	782	11
315	1	834	29
316	1	2087	11
316	1	2243	29
317	1	1304	29
318	1	1200	11
318	1	1774	29
319	1	1878	29
320	1	1200	11
320	1	1252	29
321	1	678	29
322	1	574	29
323	1	1930	29
324	1	1304	11
324	1	1408	29
325	1	1356	29
326	1	626	29
327	1	1043	11
327	1	1148	29
328	1	782	29
329	1	1461	11
329	1	1617	29
330	1	1043	29
331	1	626	11
331	1	678	29
332	1	626	11
332	1	678	29
333	1	626	29
334	1	1304	29
335	1	626	29
336	1	678	29
337	1	1200	11
337	1	1252	29
338	1	1826	11
338	1	2243	30
339	1	678	29
340	1	1148	29
341	1	1148	29
342	1	574	29
343	1	626	29
344	1	2243	29
345	1	626	29
346	1	782	29
346	1	2191	30
347	1	626	11
347	1	730	29
348	1	678	29
349	1	678	29
350	1	2191	29
351	1	678	29
352	1	834	29
353	1	626	29
354	1	521	29
355	1	678	29
356	1	1043	29
357	1	730	29
358	1	1148	29
360	1	939	29
361	1	730	29
362	1	1774	11
362	1	2139	29
364	1	626	29
365	1	1982	29
366	1	991	29
367	1	574	29
368	1	626	29
368	1	1878	30
369	1	626	29
370	1	1565	29
371	1	678	29
372	1	730	29
374	1	1722	29
375	1	1356	29
376	1	834	29
377	1	1043	11
377	1	1356	29
378	1	1148	29
379	1	782	29
380	1	887	29
381	1	574	29
382	1	678	29
383	1	1461	29
384	1	730	29
385	1	574	29
386	1	730	29
387	1	626	29
387	1	2295	30
388	1	2087	29
389	1	626	29
390	1	626	29
391	1	678	29
392	1	1826	29
393	1	574	29
394	1	626	29
395	1	834	11
395	1	939	29
396	1	626	29
396	1	1826	30
397	1	1200	29
398	1	834	11
398	1	887	29
399	1	574	29
400	1	730	29
401	1	2035	29
402	1	834	29
403	1	2035	29
404	1	1148	29
405	1	626	29
406	1	626	29
407	1	1148	29
409	1	1200	11
409	1	1408	29
410	1	1356	29
411	1	521	29
411	1	1930	30
412	1	678	29
412	1	1878	30
413	1	626	29
413	1	1826	30
414	1	782	29
414	1	2295	30
415	1	626	11
415	1	730	29
416	1	1774	11
416	1	1826	29
417	1	730	29
418	1	678	11
418	1	730	29
419	1	469	29
420	1	887	11
420	1	1148	29
421	1	2035	29
422	1	1461	29
423	1	1043	11
423	1	1148	29
424	1	626	29
424	1	1982	30
425	1	782	29
426	1	991	29
426	1	2295	30
427	1	2087	29
428	1	626	29
429	1	626	11
429	1	834	29
430	1	626	29
431	1	574	29
432	1	730	11
432	1	782	29
433	1	782	29
434	1	626	11
434	1	678	29
434	1	2035	30
435	1	521	29
436	1	626	11
436	1	678	29
437	1	574	29
438	1	782	11
438	1	991	29
439	1	939	29
440	1	782	29
442	1	626	29
443	1	991	29
444	1	1826	29
445	1	626	29
446	1	887	29
447	1	1826	29
448	1	1408	11
448	1	1513	29
449	1	1982	11
449	1	2035	29
451	1	730	29
452	1	730	29
453	1	626	29
454	1	1356	11
454	1	1461	29
455	1	1095	29
456	1	1304	29
457	1	730	29
459	1	1408	11
459	1	1982	29
460	1	626	29
461	1	574	29
462	1	834	29
463	1	678	29
463	1	2191	30
464	1	782	11
464	1	1148	29
465	1	626	29
466	1	626	29
467	1	626	29
468	1	626	29
469	1	574	29
470	1	1982	29
471	1	1304	29
472	1	574	29
473	1	887	29
474	1	626	29
475	1	1252	29
476	1	1565	29
477	1	1878	11
478	1	626	29
480	1	991	29
481	1	678	29
481	1	2139	30
482	1	834	29
483	1	2087	11
483	1	2139	29
484	1	1982	29
485	1	1200	29
486	1	1148	11
486	1	1200	29
487	1	626	29
488	1	1356	29
489	1	626	29
490	1	782	11
490	1	1043	29
491	1	782	29
492	1	1148	11
492	1	1200	29
493	1	887	11
493	1	991	29
494	1	626	11
494	1	678	29
495	1	991	11
495	1	1095	29
496	1	574	29
497	1	574	29
498	1	782	29
499	1	782	29
500	1	626	29
500	1	1826	30
501	1	1513	29
502	1	1043	29
503	1	626	29
503	1	1826	30
505	1	1565	29
506	1	1043	11
506	1	1095	29
507	1	1722	29
508	1	678	29
508	1	2087	30
510	1	1930	29
512	1	991	11
512	1	1200	29
513	1	1148	11
513	1	1200	29
514	1	730	29
515	1	574	29
516	1	1408	11
516	1	1565	29
517	1	1148	11
517	1	1304	29
518	1	939	29
519	1	678	29
520	1	626	29
521	1	626	29
522	1	730	11
522	1	1043	29
523	1	626	11
523	1	730	29
524	1	2087	11
525	1	730	29
526	1	1878	29
527	1	626	29
528	1	626	29
529	1	626	11
529	1	678	29
529	1	1878	30
530	1	1095	11
530	1	1252	29
531	1	1148	29
532	1	1200	29
533	1	2087	29
534	1	626	11
534	1	678	29
534	1	2087	30
535	1	1669	29
536	1	834	11
536	1	1304	29
537	1	939	29
538	1	626	29
539	1	626	29
540	1	2035	29
541	1	626	29
542	1	939	29
543	1	1200	29
544	1	574	29
544	1	2139	30
545	1	939	11
545	1	1617	29
546	1	1148	29
547	1	730	29
547	1	2243	30
548	1	1356	29
549	1	1356	29
550	1	626	29
550	1	1982	30
551	1	626	29
551	1	1930	30
552	1	1408	29
553	1	782	29
554	1	574	29
555	1	574	29
555	1	1878	30
556	1	939	29
557	1	1930	29
558	1	678	29
559	1	574	29
560	1	1669	29
561	1	1095	29
562	1	730	11
562	1	1252	29
563	1	991	29
564	1	1408	29
565	1	626	29
565	1	1930	30
566	1	678	29
567	1	626	11
567	1	834	29
568	1	574	29
569	1	1148	11
569	1	1200	29
570	1	1252	29
571	1	574	29
572	1	1148	11
572	1	1461	29
573	1	2295	29
574	1	678	11
574	1	834	29
575	1	574	29
575	1	1826	30
576	1	1200	29
577	1	626	11
577	1	678	29
578	1	1252	29
579	1	782	11
579	1	991	29
580	1	2035	11
581	1	1095	11
581	1	1148	29
582	1	730	11
582	1	782	29
583	1	626	11
583	1	678	29
584	1	574	29
585	1	626	29
585	1	1826	30
586	1	939	29
587	1	521	29
588	1	730	29
589	1	521	29
590	1	626	11
590	1	730	29
591	1	1722	29
593	1	887	29
594	1	939	29
595	1	626	29
595	1	1982	30
596	1	1043	29
597	1	939	29
598	1	574	29
599	1	626	29
600	1	1878	29
601	1	782	29
602	1	1565	29
603	1	939	29
604	1	1095	29
605	1	1304	29
606	1	678	29
607	1	574	29
608	1	730	29
610	1	2191	29
611	1	1043	29
612	1	1095	11
612	1	1200	29
613	1	1408	11
613	1	1513	29
614	1	1200	29
615	1	1043	29
616	1	1200	29
617	1	1878	11
617	1	2035	29
618	1	1617	11
619	1	1200	29
620	1	626	29
621	1	1043	29
622	1	626	29
623	1	1252	29
624	1	730	29
625	1	991	11
625	1	1148	29
626	1	782	29
627	1	626	29
628	1	991	29
629	1	574	29
630	1	1200	29
631	1	939	29
631	1	2243	30
632	1	626	29
633	1	1774	29
634	1	1200	29
635	1	1513	29
637	1	1304	11
637	1	1408	29
638	1	1878	29
639	1	574	29
640	1	1982	29
641	1	887	11
641	1	991	29
642	1	1200	29
644	1	730	29
645	1	730	11
645	1	939	29
646	1	626	29
647	1	1722	11
647	1	2295	29
648	1	1095	11
648	1	1148	29
649	1	626	29
650	1	1669	29
651	1	678	29
652	1	730	29
653	1	782	29
654	1	834	29
655	1	1043	29
656	1	887	29
657	1	834	29
658	1	730	11
658	1	782	29
658	1	2295	30
659	1	1200	29
660	1	2191	30
661	1	678	29
662	1	887	29
663	1	1200	29
664	1	574	29
664	1	2191	30
665	1	626	11
665	1	678	29
666	1	626	29
667	1	521	29
668	1	1043	11
668	1	1095	29
669	1	1095	29
670	1	991	11
670	1	1252	29
671	1	1408	11
671	1	1722	29
672	1	991	29
673	1	1252	29
674	1	574	29
675	1	1148	11
675	1	1200	29
676	1	626	29
677	1	782	11
677	1	1095	29
678	1	626	29
679	1	1095	11
679	1	1252	29
680	1	1095	11
680	1	1148	29
681	1	991	29
682	1	574	29
683	1	1408	29
684	1	1095	29
685	1	730	29
686	1	730	29
687	1	1252	11
687	1	1408	29
688	1	1304	29
689	1	1252	29
690	1	887	11
690	1	939	29
691	1	678	29
691	1	2243	30
692	1	782	29
693	1	887	29
694	1	834	11
694	1	887	29
695	1	574	29
696	1	1304	29
697	1	574	29
698	1	1774	29
699	1	887	29
700	1	887	29
701	1	991	11
701	1	1148	29
702	1	887	29
703	1	521	29
704	1	1878	11
704	1	2087	29
705	1	1200	29
706	1	626	29
707	1	626	29
708	1	1095	11
708	1	1200	29
709	1	730	29
710	1	521	29
711	1	1148	29
712	1	574	29
714	1	626	11
714	1	678	29
715	1	626	11
715	1	939	29
716	1	626	29
717	1	1095	29
718	1	626	29
719	1	574	29
720	1	1930	29
721	1	991	11
721	1	1043	29
722	1	521	29
723	1	834	29
724	1	1148	11
724	1	1878	29
725	1	574	29
726	1	939	29
727	1	991	11
727	1	1356	29
728	1	1878	11
728	1	1930	29
729	1	626	11
729	1	730	29
730	1	1043	11
730	1	1095	29
731	1	626	29
732	1	730	29
733	1	626	29
734	1	521	29
735	1	2087	29
736	1	1148	29
737	1	678	29
737	1	2139	30
738	1	678	11
738	1	730	29
739	1	1148	29
741	1	782	29
742	1	626	29
742	1	2035	30
743	1	626	29
744	1	1095	11
744	1	1148	29
745	1	1617	11
745	1	2191	30
746	1	1304	29
747	1	834	11
747	1	939	29
748	1	2035	29
749	1	1774	29
750	1	678	29
751	1	1461	29
752	1	1095	11
752	1	1148	29
753	1	678	29
753	1	2191	30
754	1	626	29
755	1	626	29
756	1	626	29
756	1	2243	30
757	1	1148	11
757	1	1930	29
758	1	626	29
759	1	1565	29
760	1	782	11
760	1	1095	29
761	1	574	29
762	1	678	29
763	1	1148	29
764	1	887	29
765	1	521	29
766	1	782	11
766	1	834	29
767	1	1043	11
767	1	1148	29
768	1	1304	11
768	1	1565	29
769	1	1200	29
770	1	2035	29
771	1	1200	29
772	1	1304	29
773	1	1461	11
773	1	1617	29
774	1	574	29
775	1	1408	11
775	1	1513	29
776	1	574	29
776	1	2191	30
777	1	2139	29
778	1	730	29
779	1	1982	29
780	1	887	11
780	1	939	29
781	1	626	29
782	1	834	29
783	1	991	11
783	1	1617	29
784	1	626	11
784	1	730	29
785	1	782	29
786	1	1356	29
787	1	1408	29
788	1	730	29
789	1	782	11
789	1	1148	29
790	1	1148	29
791	1	1565	29
792	1	678	11
792	1	782	29
793	1	626	29
794	1	574	29
795	1	1878	29
796	1	1252	11
796	1	1565	29
797	1	730	29
798	1	887	11
798	1	1252	29
800	1	1408	29
801	1	1408	29
802	1	678	11
802	1	834	29
803	1	730	29
804	1	782	29
806	1	1461	29
807	1	626	11
807	1	678	29
807	1	1878	30
808	1	2035	29
809	1	1774	29
810	1	626	29
811	1	626	11
811	1	678	29
812	1	574	29
813	1	626	11
813	1	887	29
814	1	939	29
815	1	574	29
816	1	626	11
816	1	1200	29
817	1	2087	11
817	1	2243	29
818	1	730	29
819	1	1095	11
819	1	1669	29
820	1	782	29
821	1	1095	11
821	1	1200	29
822	1	574	29
823	1	626	11
823	1	678	29
823	1	2087	30
824	1	1095	11
824	1	1148	29
825	1	1095	29
826	1	1095	29
827	1	574	29
828	1	1200	11
828	1	1304	29
829	1	1930	29
830	1	1200	29
831	1	521	29
831	1	2035	30
832	1	626	11
832	1	730	29
832	1	2035	30
833	1	1148	29
834	1	626	11
834	1	730	29
834	1	2139	30
835	1	834	29
836	1	2035	29
837	1	1252	11
837	1	1304	29
838	1	469	29
838	1	2295	30
839	1	1356	29
840	1	469	29
840	1	1826	30
841	1	678	29
842	1	1043	29
843	1	626	29
843	1	1826	30
844	1	1304	29
845	1	1200	11
845	1	1304	29
846	1	1461	29
847	1	1252	29
848	1	521	29
849	1	1930	11
849	1	2087	29
850	1	574	29
852	1	1408	11
853	1	1043	11
853	1	1356	29
854	1	991	11
854	1	1200	29
855	1	626	29
856	1	730	29
857	1	1565	29
858	1	626	11
858	1	887	29
859	1	626	29
860	1	1408	11
860	1	1461	29
861	1	678	29
862	1	1513	29
863	1	521	29
864	1	574	29
864	1	2035	30
865	1	626	29
866	1	626	29
867	1	782	29
868	1	678	29
869	1	1095	29
870	1	1148	29
871	1	1148	29
872	1	2243	11
873	1	574	29
875	1	678	29
876	1	626	29
877	1	574	29
877	1	1826	30
878	1	1148	11
878	1	1200	29
879	1	730	29
880	1	626	11
880	1	678	29
881	1	2295	29
882	1	1304	29
883	1	1930	29
884	1	678	29
885	1	678	11
885	1	730	29
886	1	1148	29
887	1	574	29
888	1	1878	29
889	1	1461	29
890	1	1252	29
891	1	626	29
892	1	1617	29
893	1	678	29
894	1	887	29
895	1	782	29
896	1	678	29
897	1	678	29
898	1	521	29
899	1	678	29
900	1	1095	11
900	1	1252	29
901	1	626	29
902	1	1043	11
902	1	1095	29
903	1	574	29
903	1	2035	30
905	1	1148	29
906	1	574	29
907	1	2243	29
908	1	678	29
909	1	2035	29
910	1	1252	29
911	1	1565	29
912	1	521	29
913	1	1408	29
914	1	626	11
914	1	1043	29
915	1	1200	11
915	1	1304	29
916	1	574	29
917	1	626	29
918	1	1043	11
918	1	1252	29
919	1	1513	29
920	1	1408	29
921	1	939	29
922	1	730	29
923	1	1408	29
924	1	730	29
925	1	678	29
926	1	782	29
927	1	939	29
929	1	730	29
930	1	834	11
931	1	574	29
931	1	1982	30
932	1	1148	29
933	1	1200	11
933	1	1304	29
934	1	1043	29
935	1	678	29
936	1	991	29
937	1	1774	29
938	1	1095	29
939	1	1356	11
939	1	1513	29
940	1	782	29
941	1	626	29
941	1	2191	30
942	1	521	29
943	1	2035	29
944	1	834	11
944	1	887	29
945	1	1878	29
946	1	730	11
946	1	991	29
947	1	678	11
947	1	730	29
947	1	1930	30
948	1	678	29
949	1	521	29
949	1	1826	30
950	1	626	11
950	1	678	29
953	1	626	11
953	1	678	29
954	1	574	29
956	1	1826	29
957	1	1304	29
958	1	1669	29
960	1	626	11
960	1	991	29
961	1	887	29
962	1	2035	29
963	1	730	29
964	1	678	29
964	1	2087	30
965	1	1148	29
966	1	574	29
967	1	1722	29
968	1	730	29
969	1	782	29
971	1	626	29
972	1	574	29
972	1	1878	30
973	1	626	29
974	1	626	29
975	1	1304	29
976	1	730	29
976	1	2191	30
977	1	2035	29
978	1	626	29
979	1	1356	29
980	1	1930	29
981	1	626	11
981	1	1043	29
982	1	730	29
983	1	574	29
984	1	1200	11
984	1	1252	29
985	1	1043	29
986	1	2191	29
987	1	1617	29
988	1	678	29
989	1	626	29
990	1	1826	29
991	1	782	11
992	1	2139	29
994	1	2035	29
995	1	626	29
996	1	1461	29
997	1	2295	29
998	1	834	29
998	1	2087	30
999	1	1617	29
0	2	261	26
0	2	626	33
0	2	1148	13
1	2	261	26
1	2	678	33
1	2	1148	13
2	2	261	26
2	2	991	33
3	2	261	26
3	2	1722	33
4	2	261	26
4	2	887	33
4	2	1148	13
5	2	261	26
5	2	782	33
6	2	261	26
6	2	991	33
6	2	1930	13
7	2	261	26
7	2	1461	33
8	2	261	26
8	2	1043	33
8	2	1304	13
9	2	261	26
10	2	261	26
10	2	678	33
10	2	1148	13
11	2	261	26
12	2	261	26
13	2	261	26
14	2	261	26
14	2	678	33
14	2	1148	13
15	2	261	26
15	2	782	33
15	2	1356	13
16	2	261	26
16	2	834	33
16	2	1200	13
17	2	261	26
17	2	678	33
17	2	1148	13
18	2	261	26
18	2	730	33
18	2	1513	13
19	2	261	26
20	2	261	26
20	2	991	33
20	2	1408	13
21	2	261	26
21	2	678	33
21	2	1148	13
22	2	261	26
22	2	1669	33
23	2	261	26
23	2	730	33
23	2	1148	13
24	2	261	26
24	2	782	33
24	2	1148	13
25	2	261	26
26	2	261	26
26	2	1356	33
26	2	1669	13
27	2	261	26
27	2	782	33
27	2	1200	13
28	2	261	26
28	2	1148	33
28	2	1408	13
29	2	261	26
30	2	261	26
31	2	261	26
31	2	939	33
32	2	261	26
32	2	1669	33
33	2	261	26
33	2	1617	33
34	2	261	26
34	2	1356	33
34	2	1617	13
35	2	261	26
35	2	730	33
35	2	1148	13
36	2	261	26
36	2	834	33
36	2	1304	13
37	2	261	26
37	2	991	33
38	2	261	26
38	2	1461	33
39	2	261	26
39	2	939	33
39	2	1513	13
40	2	261	26
40	2	678	33
40	2	1148	13
41	2	261	26
41	2	1304	33
41	2	1669	13
42	2	261	26
42	2	1304	33
42	2	1565	13
43	2	261	26
43	2	782	33
43	2	1148	13
44	2	261	26
45	2	261	26
45	2	1043	33
45	2	1408	13
46	2	261	26
46	2	782	33
46	2	1982	13
47	2	261	26
47	2	1774	33
48	2	261	26
49	2	261	26
49	2	834	33
49	2	1200	13
50	2	261	26
51	2	261	26
52	2	261	26
53	2	261	26
53	2	782	33
53	2	1148	13
54	2	261	26
55	2	261	26
55	2	939	33
56	2	261	26
57	2	261	26
57	2	678	33
57	2	1148	13
58	2	261	26
58	2	991	33
58	2	1252	13
59	2	261	26
59	2	730	33
59	2	1148	13
60	2	261	26
61	2	261	26
61	2	939	33
62	2	261	26
62	2	834	33
62	2	1200	13
63	2	261	26
63	2	1148	33
63	2	1565	13
64	2	261	26
65	2	261	26
65	2	1461	33
66	2	261	26
67	2	261	26
67	2	1252	33
67	2	1513	13
68	2	261	26
69	2	261	26
69	2	1461	33
70	2	261	26
71	2	261	26
71	2	1722	33
72	2	261	26
73	2	261	26
74	2	261	26
75	2	261	26
75	2	730	33
75	2	1200	13
76	2	261	26
77	2	261	26
78	2	261	26
79	2	261	26
79	2	1513	33
80	2	261	26
80	2	834	33
80	2	1461	13
81	2	261	26
81	2	939	33
82	2	261	26
82	2	2139	33
83	2	261	26
83	2	1774	33
84	2	261	26
84	2	834	33
85	2	261	26
86	2	261	26
87	2	261	26
87	2	678	33
87	2	1148	13
88	2	261	26
88	2	1200	33
88	2	1513	13
89	2	261	26
89	2	1461	33
90	2	261	26
91	2	261	26
91	2	991	33
92	2	261	26
92	2	678	33
92	2	1200	13
93	2	261	26
94	2	261	26
95	2	261	26
96	2	261	26
96	2	1669	33
97	2	261	26
98	2	261	26
99	2	261	26
100	2	261	26
101	2	261	26
101	2	1356	33
102	2	261	26
102	2	1095	33
102	2	2087	13
103	2	261	26
104	2	261	26
104	2	887	33
104	2	1304	13
105	2	261	26
106	2	261	26
106	2	1148	33
106	2	1408	13
107	2	261	26
107	2	678	33
107	2	1148	13
108	2	261	26
108	2	782	33
108	2	1461	13
109	2	261	26
110	2	261	26
110	2	782	33
110	2	1148	13
111	2	261	26
111	2	991	33
112	2	261	26
113	2	261	26
113	2	678	33
113	2	1148	13
114	2	261	26
114	2	939	33
115	2	261	26
116	2	261	26
117	2	261	26
118	2	261	26
118	2	1774	33
119	2	261	26
119	2	2295	33
120	2	261	26
120	2	1669	33
121	2	261	26
122	2	261	26
122	2	730	33
122	2	1148	13
123	2	261	26
124	2	261	26
124	2	730	33
124	2	1148	13
125	2	261	26
125	2	887	33
125	2	1148	13
126	2	261	26
126	2	730	33
126	2	1148	13
127	2	261	26
127	2	730	33
127	2	1148	13
128	2	261	26
128	2	678	33
128	2	1148	13
129	2	261	26
130	2	261	26
130	2	887	33
131	2	261	26
131	2	1148	33
131	2	1408	13
132	2	261	26
132	2	678	33
132	2	1774	13
133	2	261	26
133	2	939	33
133	2	1669	13
134	2	261	26
134	2	1774	33
135	2	261	26
135	2	782	33
135	2	1252	13
136	2	261	26
136	2	626	33
136	2	1148	13
137	2	261	26
137	2	1252	33
137	2	1669	13
138	2	261	26
138	2	678	33
138	2	1148	13
139	2	261	26
139	2	782	33
139	2	1148	13
140	2	261	26
141	2	261	26
141	2	782	33
141	2	1148	13
142	2	261	26
143	2	261	26
144	2	261	26
145	2	261	26
145	2	1669	33
146	2	261	26
146	2	887	33
146	2	1408	13
147	2	261	26
147	2	939	33
147	2	1513	13
148	2	261	26
149	2	261	26
149	2	678	33
149	2	1148	13
150	2	261	26
150	2	834	33
150	2	1304	13
151	2	261	26
151	2	2243	33
152	2	261	26
152	2	1043	33
152	2	1304	13
153	2	261	26
153	2	2295	33
154	2	261	26
154	2	782	33
154	2	1148	13
155	2	261	26
155	2	678	33
155	2	1148	13
156	2	261	26
156	2	730	33
156	2	1148	13
157	2	261	26
158	2	261	26
158	2	887	33
158	2	1252	13
159	2	261	26
159	2	626	33
159	2	1148	13
160	2	261	26
160	2	1200	33
160	2	1565	13
161	2	261	26
162	2	261	26
162	2	1408	33
163	2	261	26
164	2	261	26
164	2	782	33
164	2	2243	13
165	2	261	26
165	2	887	33
165	2	1148	13
166	2	261	26
167	2	261	26
168	2	261	26
169	2	261	26
169	2	730	33
169	2	2191	13
170	2	261	26
170	2	678	33
170	2	1148	13
171	2	261	26
172	2	261	26
172	2	1513	33
173	2	261	26
174	2	261	26
174	2	1461	33
175	2	261	26
175	2	991	33
175	2	1408	13
176	2	261	26
176	2	782	33
176	2	2139	13
177	2	261	26
178	2	261	26
179	2	261	26
179	2	887	33
179	2	1200	13
180	2	261	26
181	2	261	26
181	2	730	33
181	2	1252	13
182	2	261	26
183	2	261	26
183	2	782	33
183	2	1148	13
184	2	261	26
185	2	261	26
185	2	939	33
185	2	1252	13
186	2	261	26
187	2	261	26
187	2	1200	33
187	2	1669	13
188	2	261	26
189	2	261	26
189	2	1200	33
189	2	1513	13
190	2	261	26
191	2	261	26
191	2	730	33
192	2	261	26
192	2	991	33
192	2	1356	13
193	2	261	26
193	2	991	33
193	2	1669	13
194	2	261	26
195	2	261	26
196	2	261	26
196	2	626	33
196	2	1148	13
197	2	261	26
198	2	261	26
198	2	1148	33
198	2	1461	13
199	2	261	26
199	2	730	33
199	2	1148	13
200	2	261	26
200	2	1722	33
201	2	261	26
202	2	261	26
202	2	1461	33
203	2	261	26
203	2	1408	33
204	2	261	26
204	2	834	33
204	2	1356	13
205	2	261	26
206	2	261	26
206	2	678	33
206	2	1148	13
207	2	261	26
207	2	730	33
207	2	1148	13
208	2	261	26
208	2	887	33
208	2	1356	13
209	2	261	26
210	2	261	26
210	2	939	33
210	2	1669	13
211	2	261	26
212	2	261	26
212	2	1617	33
213	2	261	26
214	2	261	26
215	2	261	26
216	2	261	26
217	2	261	26
217	2	1669	33
218	2	261	26
218	2	1252	33
218	2	1565	13
219	2	261	26
220	2	261	26
221	2	261	26
221	2	1356	33
221	2	1722	13
222	2	261	26
223	2	261	26
224	2	261	26
224	2	1565	33
225	2	261	26
225	2	730	33
225	2	1148	13
226	2	261	26
226	2	834	33
226	2	1148	13
227	2	261	26
227	2	2295	33
228	2	261	26
228	2	730	33
228	2	1148	13
229	2	261	26
229	2	1304	33
229	2	1617	13
230	2	261	26
230	2	678	33
230	2	1148	13
231	2	261	26
231	2	626	33
231	2	1148	13
232	2	261	26
232	2	782	33
232	2	1148	13
233	2	261	26
234	2	261	26
235	2	261	26
236	2	261	26
237	2	261	26
238	2	261	26
239	2	261	26
240	2	261	26
240	2	782	33
240	2	1148	13
241	2	261	26
241	2	1252	33
241	2	1513	13
242	2	261	26
242	2	991	33
242	2	1408	13
243	2	261	26
243	2	678	33
243	2	1148	13
244	2	261	26
244	2	730	33
244	2	1148	13
245	2	261	26
245	2	2295	33
246	2	261	26
247	2	261	26
248	2	261	26
248	2	678	33
248	2	1148	13
249	2	261	26
249	2	678	33
249	2	1148	13
250	2	261	26
250	2	678	33
250	2	1148	13
251	2	261	26
251	2	939	33
251	2	1617	13
252	2	261	26
253	2	261	26
254	2	261	26
255	2	261	26
256	2	261	26
256	2	1356	33
256	2	1722	13
257	2	261	26
257	2	1826	33
258	2	261	26
258	2	626	33
258	2	1148	13
259	2	261	26
259	2	678	33
259	2	1148	13
260	2	261	26
260	2	834	33
260	2	1617	13
261	2	261	26
262	2	261	26
262	2	1356	33
262	2	1669	13
263	2	261	26
264	2	261	26
264	2	834	33
264	2	2243	13
265	2	261	26
265	2	887	33
266	2	261	26
266	2	939	33
266	2	1669	13
267	2	261	26
267	2	678	33
267	2	1930	13
268	2	261	26
268	2	1461	33
269	2	261	26
269	2	834	33
269	2	1148	13
270	2	261	26
271	2	261	26
271	2	1095	33
271	2	1408	13
272	2	261	26
272	2	730	33
272	2	1148	13
273	2	261	26
274	2	261	26
275	2	261	26
276	2	261	26
277	2	261	26
278	2	261	26
279	2	261	26
280	2	261	26
280	2	2139	33
281	2	261	26
282	2	261	26
283	2	261	26
283	2	1669	33
284	2	261	26
284	2	678	33
284	2	1148	13
285	2	261	26
285	2	1617	33
286	2	261	26
286	2	782	33
286	2	1148	13
287	2	261	26
288	2	261	26
288	2	834	33
288	2	1617	13
289	2	261	26
290	2	261	26
291	2	261	26
292	2	261	26
293	2	261	26
293	2	626	33
293	2	1148	13
294	2	261	26
294	2	782	33
295	2	261	26
296	2	261	26
296	2	730	33
296	2	1148	13
297	2	261	26
298	2	261	26
298	2	1461	33
299	2	261	26
299	2	730	33
300	2	261	26
301	2	261	26
301	2	678	33
301	2	1148	13
302	2	261	26
302	2	939	33
302	2	1408	13
303	2	261	26
303	2	678	33
303	2	1148	13
304	2	261	26
304	2	730	33
304	2	1148	13
305	2	261	26
306	2	261	26
306	2	678	33
306	2	1148	13
307	2	261	26
308	2	261	26
308	2	1878	33
309	2	261	26
309	2	730	33
309	2	1148	13
310	2	261	26
310	2	939	33
310	2	1200	13
311	2	261	26
312	2	261	26
313	2	261	26
314	2	261	26
315	2	261	26
315	2	1148	33
315	2	1513	13
316	2	261	26
317	2	261	26
318	2	261	26
319	2	261	26
320	2	261	26
321	2	261	26
321	2	678	33
321	2	1200	13
322	2	261	26
322	2	834	33
322	2	2191	13
323	2	261	26
324	2	261	26
325	2	261	26
326	2	261	26
326	2	678	33
326	2	1148	13
327	2	261	26
327	2	1565	33
328	2	261	26
329	2	261	26
330	2	261	26
330	2	1200	33
330	2	1565	13
331	2	261	26
331	2	730	33
331	2	1669	13
332	2	261	26
332	2	1043	33
332	2	1304	13
333	2	261	26
333	2	730	33
333	2	1148	13
334	2	261	26
335	2	261	26
335	2	626	33
335	2	1148	13
336	2	261	26
336	2	782	33
336	2	1408	13
337	2	261	26
338	2	261	26
339	2	261	26
339	2	782	33
339	2	2139	13
340	2	261	26
340	2	1774	33
341	2	261	26
341	2	1669	33
342	2	261	26
342	2	730	33
342	2	1148	13
343	2	261	26
343	2	626	33
343	2	1148	13
344	2	261	26
345	2	261	26
345	2	1043	33
345	2	1304	13
346	2	261	26
346	2	939	33
346	2	1200	13
347	2	261	26
347	2	1304	33
348	2	261	26
348	2	782	33
348	2	1200	13
349	2	261	26
349	2	782	33
349	2	1148	13
350	2	261	26
351	2	261	26
351	2	939	33
352	2	261	26
352	2	1043	33
352	2	1513	13
353	2	261	26
353	2	782	33
353	2	1356	13
354	2	261	26
354	2	626	33
354	2	1148	13
355	2	261	26
355	2	887	33
356	2	261	26
356	2	1617	33
357	2	261	26
357	2	939	33
358	2	261	26
358	2	1565	33
359	2	261	26
360	2	261	26
361	2	261	26
361	2	887	33
361	2	1565	13
362	2	261	26
363	2	261	26
364	2	261	26
364	2	730	33
364	2	2139	13
365	2	261	26
366	2	261	26
366	2	1356	33
366	2	1722	13
367	2	261	26
367	2	887	33
368	2	261	26
368	2	678	33
368	2	1148	13
369	2	261	26
369	2	834	33
369	2	1148	13
370	2	261	26
371	2	261	26
371	2	834	33
371	2	1408	13
372	2	261	26
372	2	1617	33
373	2	261	26
374	2	261	26
375	2	261	26
376	2	261	26
376	2	939	33
377	2	261	26
378	2	261	26
378	2	1669	33
379	2	261	26
379	2	1148	33
379	2	1565	13
380	2	261	26
381	2	261	26
381	2	2087	33
382	2	261	26
382	2	782	33
382	2	2191	13
383	2	261	26
384	2	261	26
384	2	887	33
384	2	1617	13
385	2	261	26
385	2	1722	33
386	2	261	26
386	2	887	33
387	2	261	26
387	2	887	33
387	2	1200	13
388	2	261	26
389	2	261	26
389	2	730	33
389	2	1200	13
390	2	261	26
390	2	626	33
390	2	1148	13
391	2	261	26
391	2	834	33
391	2	1200	13
392	2	261	26
393	2	261	26
393	2	678	33
393	2	1148	13
394	2	261	26
394	2	1408	33
395	2	261	26
396	2	261	26
396	2	678	33
396	2	1148	13
397	2	261	26
397	2	2035	33
398	2	261	26
398	2	991	33
399	2	261	26
399	2	730	33
399	2	1148	13
400	2	261	26
400	2	939	33
400	2	2191	13
401	2	261	26
402	2	261	26
402	2	991	33
402	2	1461	13
403	2	261	26
404	2	261	26
404	2	1826	33
405	2	261	26
406	2	261	26
406	2	887	33
406	2	1200	13
407	2	261	26
407	2	1669	33
408	2	261	26
409	2	261	26
410	2	261	26
411	2	261	26
411	2	730	33
411	2	1148	13
412	2	261	26
412	2	730	33
412	2	1148	13
413	2	261	26
413	2	678	33
413	2	1148	13
414	2	261	26
414	2	991	33
414	2	1408	13
415	2	261	26
415	2	834	33
415	2	1356	13
416	2	261	26
417	2	261	26
417	2	939	33
417	2	1669	13
418	2	261	26
418	2	991	33
418	2	1252	13
419	2	261	26
419	2	887	33
419	2	1200	13
420	2	261	26
420	2	1617	33
421	2	261	26
422	2	261	26
423	2	261	26
423	2	1513	33
424	2	261	26
424	2	782	33
424	2	1148	13
425	2	261	26
425	2	991	33
426	2	261	26
426	2	1513	33
426	2	2295	13
427	2	261	26
428	2	261	26
428	2	730	33
429	2	261	26
429	2	1043	33
429	2	1356	13
430	2	261	26
430	2	834	33
430	2	1513	13
431	2	261	26
431	2	626	33
431	2	1148	13
432	2	261	26
432	2	834	33
432	2	1148	13
433	2	261	26
433	2	1200	33
433	2	1722	13
434	2	261	26
434	2	782	33
434	2	1148	13
435	2	261	26
435	2	678	33
435	2	1148	13
436	2	261	26
436	2	730	33
436	2	1148	13
437	2	261	26
437	2	730	33
437	2	1878	13
438	2	261	26
438	2	1200	33
438	2	1461	13
439	2	261	26
440	2	261	26
440	2	1774	33
441	2	261	26
442	2	261	26
442	2	1408	33
442	2	2295	13
443	2	261	26
444	2	261	26
445	2	261	26
445	2	678	33
445	2	1148	13
446	2	261	26
447	2	261	26
448	2	261	26
449	2	261	26
450	2	261	26
451	2	261	26
451	2	1200	33
451	2	1513	13
452	2	261	26
452	2	887	33
453	2	261	26
453	2	678	33
453	2	1148	13
454	2	261	26
455	2	261	26
455	2	1669	33
456	2	261	26
457	2	261	26
457	2	1513	33
458	2	261	26
459	2	261	26
460	2	261	26
460	2	730	33
460	2	1565	13
461	2	261	26
461	2	730	33
461	2	1148	13
462	2	261	26
462	2	887	33
463	2	261	26
463	2	939	33
463	2	1200	13
464	2	261	26
464	2	1513	33
465	2	261	26
465	2	782	33
465	2	1774	13
466	2	261	26
466	2	730	33
466	2	1148	13
467	2	261	26
467	2	730	33
467	2	1148	13
468	2	261	26
468	2	678	33
468	2	1148	13
469	2	261	26
469	2	678	33
469	2	1148	13
470	2	261	26
471	2	261	26
472	2	261	26
472	2	782	33
472	2	1356	13
473	2	261	26
473	2	1408	33
473	2	1982	13
474	2	261	26
474	2	782	33
474	2	1148	13
475	2	261	26
476	2	261	26
477	2	261	26
478	2	261	26
479	2	261	26
480	2	261	26
481	2	261	26
481	2	887	33
481	2	1148	13
482	2	261	26
482	2	1304	33
483	2	261	26
484	2	261	26
485	2	261	26
486	2	261	26
487	2	261	26
487	2	678	33
487	2	1252	13
488	2	261	26
489	2	261	26
489	2	626	33
489	2	1148	13
490	2	261	26
490	2	1252	33
490	2	1617	13
491	2	261	26
491	2	1356	33
492	2	261	26
492	2	1617	33
493	2	261	26
494	2	261	26
494	2	834	33
495	2	261	26
495	2	1304	33
495	2	1617	13
496	2	261	26
496	2	1043	33
496	2	1356	13
497	2	261	26
497	2	730	33
497	2	2243	13
498	2	261	26
498	2	991	33
499	2	261	26
499	2	939	33
500	2	261	26
500	2	678	33
500	2	1148	13
501	2	261	26
502	2	261	26
502	2	1461	33
503	2	261	26
503	2	626	33
503	2	1148	13
504	2	261	26
505	2	261	26
506	2	261	26
507	2	261	26
508	2	261	26
508	2	782	33
508	2	1148	13
509	2	261	26
510	2	261	26
511	2	261	26
512	2	261	26
512	2	1408	33
512	2	1722	13
513	2	261	26
513	2	1513	33
514	2	261	26
514	2	887	33
514	2	1669	13
515	2	261	26
515	2	730	33
515	2	1148	13
516	2	261	26
517	2	261	26
518	2	261	26
518	2	1565	33
519	2	261	26
519	2	887	33
519	2	1200	13
520	2	261	26
520	2	1043	33
521	2	261	26
521	2	678	33
521	2	1148	13
522	2	261	26
522	2	1200	33
522	2	1513	13
523	2	261	26
523	2	782	33
523	2	1200	13
524	2	261	26
525	2	261	26
525	2	939	33
525	2	1252	13
526	2	261	26
527	2	261	26
527	2	678	33
527	2	1200	13
528	2	261	26
528	2	678	33
528	2	1148	13
529	2	261	26
529	2	730	33
529	2	1148	13
530	2	261	26
531	2	261	26
531	2	1513	33
532	2	261	26
532	2	1722	33
533	2	261	26
534	2	261	26
534	2	678	33
534	2	1148	13
535	2	261	26
536	2	261	26
537	2	261	26
537	2	991	33
537	2	1461	13
538	2	261	26
538	2	678	33
538	2	1148	13
539	2	261	26
539	2	678	33
539	2	1148	13
540	2	261	26
541	2	261	26
541	2	834	33
541	2	1930	13
542	2	261	26
542	2	1774	33
543	2	261	26
543	2	1617	33
544	2	261	26
544	2	939	33
544	2	1252	13
545	2	261	26
546	2	261	26
546	2	1774	33
547	2	261	26
547	2	991	33
547	2	1304	13
548	2	261	26
549	2	261	26
550	2	261	26
550	2	730	33
550	2	1148	13
551	2	261	26
551	2	730	33
551	2	1148	13
552	2	261	26
553	2	261	26
553	2	1565	33
554	2	261	26
554	2	626	33
554	2	1148	13
555	2	261	26
555	2	678	33
555	2	1148	13
556	2	261	26
556	2	1304	33
556	2	1617	13
557	2	261	26
558	2	261	26
558	2	730	33
558	2	2035	13
559	2	261	26
559	2	1565	33
560	2	261	26
561	2	261	26
562	2	261	26
562	2	1513	33
563	2	261	26
563	2	1200	33
563	2	1461	13
564	2	261	26
565	2	261	26
565	2	782	33
565	2	1148	13
566	2	261	26
566	2	782	33
566	2	1669	13
567	2	261	26
567	2	1722	33
568	2	261	26
568	2	730	33
568	2	1148	13
569	2	261	26
569	2	1513	33
570	2	261	26
571	2	261	26
571	2	678	33
571	2	1148	13
572	2	261	26
573	2	261	26
574	2	261	26
575	2	261	26
575	2	678	33
575	2	1148	13
576	2	261	26
576	2	1826	33
577	2	261	26
577	2	678	33
577	2	1148	13
578	2	261	26
579	2	261	26
580	2	261	26
581	2	261	26
581	2	1617	33
582	2	261	26
582	2	1617	33
583	2	261	26
583	2	678	33
583	2	1148	13
584	2	261	26
584	2	782	33
584	2	2139	13
585	2	261	26
585	2	678	33
585	2	1148	13
586	2	261	26
586	2	1252	33
586	2	1513	13
587	2	261	26
587	2	626	33
587	2	1148	13
588	2	261	26
588	2	939	33
588	2	1461	13
589	2	261	26
589	2	887	33
589	2	1304	13
590	2	261	26
590	2	782	33
590	2	1304	13
591	2	261	26
592	2	261	26
593	2	261	26
594	2	261	26
594	2	1982	33
595	2	261	26
595	2	782	33
595	2	1148	13
596	2	261	26
596	2	1252	33
596	2	1565	13
597	2	261	26
598	2	261	26
598	2	678	33
598	2	1148	13
599	2	261	26
599	2	678	33
599	2	1148	13
600	2	261	26
601	2	261	26
601	2	834	33
601	2	1722	13
602	2	261	26
603	2	261	26
604	2	261	26
604	2	1565	33
605	2	261	26
605	2	1774	33
606	2	261	26
606	2	1252	33
606	2	1513	13
607	2	261	26
607	2	730	33
607	2	1148	13
608	2	261	26
608	2	887	33
608	2	1304	13
609	2	261	26
610	2	261	26
611	2	261	26
611	2	1722	33
612	2	261	26
612	2	1617	33
613	2	261	26
614	2	261	26
614	2	1774	33
615	2	261	26
615	2	1774	33
616	2	261	26
616	2	1669	33
617	2	261	26
618	2	261	26
619	2	261	26
620	2	261	26
620	2	834	33
621	2	261	26
621	2	1408	33
622	2	261	26
622	2	678	33
623	2	261	26
624	2	261	26
624	2	782	33
625	2	261	26
625	2	1617	33
626	2	261	26
626	2	887	33
626	2	1252	13
627	2	261	26
627	2	939	33
627	2	1461	13
628	2	261	26
628	2	1252	33
628	2	1617	13
629	2	261	26
630	2	261	26
630	2	1565	33
631	2	261	26
631	2	1200	33
631	2	1513	13
632	2	261	26
632	2	626	33
632	2	1148	13
633	2	261	26
634	2	261	26
634	2	1774	33
635	2	261	26
636	2	261	26
637	2	261	26
638	2	261	26
639	2	261	26
639	2	834	33
639	2	1148	13
640	2	261	26
641	2	261	26
642	2	261	26
643	2	261	26
644	2	261	26
644	2	887	33
645	2	261	26
645	2	1252	33
645	2	1669	13
646	2	261	26
646	2	782	33
646	2	1148	13
647	2	261	26
648	2	261	26
648	2	1408	33
649	2	261	26
649	2	887	33
649	2	1356	13
650	2	261	26
651	2	261	26
651	2	887	33
652	2	261	26
652	2	991	33
652	2	1565	13
653	2	261	26
653	2	991	33
653	2	1565	13
654	2	261	26
655	2	261	26
655	2	1461	33
656	2	261	26
656	2	1200	33
656	2	1669	13
657	2	261	26
657	2	887	33
658	2	261	26
658	2	887	33
658	2	1148	13
659	2	261	26
659	2	1722	33
660	2	261	26
661	2	261	26
661	2	834	33
661	2	1148	13
662	2	261	26
662	2	1200	33
662	2	1565	13
663	2	261	26
664	2	261	26
664	2	834	33
664	2	1148	13
665	2	261	26
665	2	730	33
665	2	1148	13
666	2	261	26
666	2	730	33
666	2	1148	13
667	2	261	26
667	2	782	33
668	2	261	26
668	2	1774	33
669	2	261	26
669	2	1565	33
670	2	261	26
670	2	1617	33
671	2	261	26
672	2	261	26
673	2	261	26
673	2	1722	33
674	2	261	26
674	2	1356	33
674	2	1669	13
675	2	261	26
675	2	1513	33
676	2	261	26
676	2	730	33
676	2	1148	13
677	2	261	26
677	2	1304	33
677	2	1617	13
678	2	261	26
678	2	887	33
678	2	1617	13
679	2	261	26
680	2	261	26
680	2	1461	33
681	2	261	26
682	2	261	26
682	2	939	33
682	2	2295	13
683	2	261	26
684	2	261	26
684	2	1408	33
685	2	261	26
685	2	939	33
686	2	261	26
686	2	834	33
687	2	261	26
688	2	261	26
689	2	261	26
690	2	261	26
691	2	261	26
691	2	834	33
691	2	1200	13
692	2	261	26
692	2	991	33
692	2	1304	13
693	2	261	26
693	2	1148	33
693	2	1408	13
694	2	261	26
694	2	939	33
694	2	1513	13
695	2	261	26
695	2	626	33
695	2	1148	13
696	2	261	26
697	2	261	26
697	2	782	33
697	2	1304	13
698	2	261	26
699	2	261	26
699	2	1304	33
699	2	1722	13
700	2	261	26
701	2	261	26
701	2	1356	33
701	2	1722	13
702	2	261	26
703	2	261	26
703	2	834	33
703	2	1148	13
704	2	261	26
705	2	261	26
705	2	1930	33
706	2	261	26
706	2	678	33
706	2	1252	13
707	2	261	26
707	2	834	33
708	2	261	26
708	2	1565	33
709	2	261	26
709	2	887	33
709	2	1304	13
710	2	261	26
710	2	887	33
710	2	1200	13
711	2	261	26
711	2	1722	33
712	2	261	26
712	2	1565	33
713	2	261	26
714	2	261	26
714	2	678	33
714	2	1148	13
715	2	261	26
715	2	1565	33
716	2	261	26
716	2	626	33
716	2	1148	13
717	2	261	26
717	2	1408	33
717	2	2243	13
718	2	261	26
718	2	782	33
718	2	1200	13
719	2	261	26
720	2	261	26
721	2	261	26
721	2	1252	33
721	2	1669	13
722	2	261	26
722	2	678	33
722	2	1148	13
723	2	261	26
724	2	261	26
725	2	261	26
725	2	939	33
725	2	1356	13
726	2	261	26
726	2	1148	33
726	2	1408	13
727	2	261	26
728	2	261	26
729	2	261	26
729	2	887	33
730	2	261	26
730	2	1408	33
731	2	261	26
731	2	678	33
731	2	1148	13
732	2	261	26
732	2	939	33
733	2	261	26
733	2	834	33
733	2	1148	13
734	2	261	26
734	2	730	33
734	2	1148	13
735	2	261	26
736	2	261	26
737	2	261	26
737	2	834	33
737	2	1252	13
738	2	261	26
738	2	887	33
738	2	1200	13
739	2	261	26
739	2	1722	33
740	2	261	26
741	2	261	26
741	2	991	33
742	2	261	26
742	2	678	33
742	2	1148	13
743	2	261	26
743	2	730	33
743	2	1200	13
744	2	261	26
744	2	1722	33
745	2	261	26
746	2	261	26
747	2	261	26
747	2	1722	33
748	2	261	26
749	2	261	26
750	2	261	26
750	2	991	33
751	2	261	26
752	2	261	26
752	2	1408	33
753	2	261	26
753	2	782	33
753	2	1148	13
754	2	261	26
754	2	730	33
754	2	1148	13
755	2	261	26
755	2	730	33
755	2	1148	13
756	2	261	26
756	2	782	33
756	2	1148	13
757	2	261	26
758	2	261	26
758	2	626	33
758	2	1148	13
759	2	261	26
760	2	261	26
761	2	261	26
761	2	1722	33
762	2	261	26
762	2	991	33
762	2	1617	13
763	2	261	26
763	2	2295	33
764	2	261	26
765	2	261	26
765	2	782	33
765	2	1513	13
766	2	261	26
766	2	887	33
767	2	261	26
768	2	261	26
769	2	261	26
770	2	261	26
771	2	261	26
771	2	1774	33
772	2	261	26
773	2	261	26
774	2	261	26
774	2	678	33
774	2	1148	13
775	2	261	26
776	2	261	26
776	2	678	33
776	2	1148	13
777	2	261	26
778	2	261	26
778	2	834	33
779	2	261	26
780	2	261	26
781	2	261	26
781	2	1043	33
781	2	1408	13
782	2	261	26
782	2	2087	33
783	2	261	26
784	2	261	26
784	2	730	33
784	2	1356	13
785	2	261	26
785	2	991	33
786	2	261	26
787	2	261	26
788	2	261	26
788	2	887	33
788	2	1565	13
789	2	261	26
789	2	1565	33
790	2	261	26
790	2	1774	33
791	2	261	26
792	2	261	26
792	2	887	33
793	2	261	26
793	2	730	33
793	2	1148	13
794	2	261	26
794	2	678	33
794	2	1982	13
795	2	261	26
796	2	261	26
797	2	261	26
797	2	730	33
797	2	2035	13
798	2	261	26
798	2	2295	33
799	2	261	26
800	2	261	26
801	2	261	26
802	2	261	26
802	2	939	33
802	2	1565	13
803	2	261	26
803	2	1043	33
803	2	1408	13
804	2	261	26
804	2	1356	33
805	2	261	26
806	2	261	26
807	2	261	26
807	2	678	33
807	2	1148	13
808	2	261	26
809	2	261	26
810	2	261	26
810	2	678	33
810	2	1148	13
811	2	261	26
811	2	678	33
811	2	1148	13
812	2	261	26
812	2	834	33
812	2	1148	13
813	2	261	26
813	2	1513	33
814	2	261	26
815	2	261	26
815	2	730	33
816	2	261	26
816	2	1774	33
817	2	261	26
818	2	261	26
818	2	1252	33
818	2	1617	13
819	2	261	26
820	2	261	26
821	2	261	26
822	2	261	26
822	2	678	33
822	2	1148	13
823	2	261	26
823	2	678	33
823	2	1148	13
824	2	261	26
824	2	1565	33
825	2	261	26
825	2	1461	33
826	2	261	26
826	2	1565	33
827	2	261	26
828	2	261	26
829	2	261	26
830	2	261	26
831	2	261	26
831	2	887	33
831	2	1200	13
832	2	261	26
832	2	782	33
832	2	1148	13
833	2	261	26
834	2	261	26
834	2	782	33
834	2	1148	13
835	2	261	26
835	2	1565	33
836	2	261	26
837	2	261	26
838	2	261	26
838	2	730	33
838	2	1148	13
839	2	261	26
840	2	261	26
840	2	626	33
840	2	1148	13
841	2	261	26
841	2	939	33
842	2	261	26
842	2	1408	33
843	2	261	26
843	2	730	33
843	2	1148	13
844	2	261	26
845	2	261	26
846	2	261	26
847	2	261	26
847	2	2295	33
848	2	261	26
848	2	626	33
848	2	1148	13
849	2	261	26
850	2	261	26
850	2	834	33
850	2	1148	13
851	2	261	26
852	2	261	26
853	2	261	26
854	2	261	26
854	2	1565	33
855	2	261	26
855	2	939	33
856	2	261	26
857	2	261	26
858	2	261	26
858	2	1252	33
858	2	1617	13
859	2	261	26
860	2	261	26
861	2	261	26
861	2	782	33
862	2	261	26
863	2	261	26
863	2	834	33
863	2	1148	13
864	2	261	26
864	2	730	33
864	2	1148	13
865	2	261	26
865	2	730	33
865	2	1252	13
866	2	261	26
866	2	678	33
866	2	1148	13
867	2	261	26
867	2	1722	33
868	2	261	26
868	2	887	33
868	2	1565	13
869	2	261	26
869	2	1408	33
870	2	261	26
870	2	1774	33
871	2	261	26
871	2	1826	33
872	2	261	26
873	2	261	26
873	2	678	33
873	2	1148	13
874	2	261	26
875	2	261	26
875	2	939	33
875	2	1356	13
876	2	261	26
876	2	782	33
877	2	261	26
877	2	626	33
877	2	1148	13
878	2	261	26
879	2	261	26
879	2	1722	33
880	2	261	26
880	2	678	33
880	2	1148	13
881	2	261	26
882	2	261	26
883	2	261	26
884	2	261	26
884	2	834	33
884	2	2191	13
885	2	261	26
885	2	730	33
885	2	1148	13
886	2	261	26
887	2	261	26
887	2	1304	33
888	2	261	26
889	2	261	26
890	2	261	26
891	2	261	26
891	2	834	33
891	2	1669	13
892	2	261	26
893	2	261	26
893	2	887	33
894	2	261	26
894	2	991	33
895	2	261	26
895	2	1774	33
896	2	261	26
896	2	887	33
897	2	261	26
897	2	782	33
897	2	1252	13
898	2	261	26
898	2	834	33
898	2	1148	13
899	2	261	26
899	2	730	33
899	2	1148	13
900	2	261	26
900	2	1774	33
901	2	261	26
901	2	678	33
901	2	1148	13
902	2	261	26
902	2	1252	33
902	2	1722	13
903	2	261	26
903	2	834	33
903	2	1200	13
904	2	261	26
905	2	261	26
906	2	261	26
906	2	782	33
907	2	261	26
908	2	261	26
908	2	782	33
908	2	1148	13
909	2	261	26
910	2	261	26
911	2	261	26
912	2	261	26
912	2	834	33
913	2	261	26
914	2	261	26
914	2	1304	33
914	2	1669	13
915	2	261	26
916	2	261	26
916	2	887	33
916	2	1148	13
917	2	261	26
917	2	2191	33
918	2	261	26
919	2	261	26
920	2	261	26
921	2	261	26
922	2	261	26
922	2	1930	33
923	2	261	26
924	2	261	26
924	2	887	33
924	2	1148	13
925	2	261	26
925	2	782	33
926	2	261	26
926	2	939	33
926	2	1408	13
927	2	261	26
927	2	1408	33
928	2	261	26
929	2	261	26
929	2	887	33
929	2	1356	13
930	2	261	26
931	2	261	26
931	2	730	33
931	2	1148	13
932	2	261	26
932	2	1982	33
933	2	261	26
934	2	261	26
934	2	1774	33
935	2	261	26
935	2	834	33
935	2	1408	13
936	2	261	26
937	2	261	26
938	2	261	26
938	2	1669	33
939	2	261	26
940	2	261	26
940	2	1043	33
940	2	1461	13
941	2	261	26
941	2	678	33
941	2	1148	13
942	2	261	26
942	2	730	33
942	2	1148	13
943	2	261	26
944	2	261	26
944	2	1565	33
945	2	261	26
946	2	261	26
946	2	1461	33
947	2	261	26
947	2	782	33
947	2	1148	13
948	2	261	26
948	2	678	33
948	2	1148	13
949	2	261	26
949	2	626	33
949	2	1148	13
950	2	261	26
950	2	678	33
950	2	1148	13
951	2	261	26
952	2	261	26
953	2	261	26
953	2	782	33
953	2	1148	13
954	2	261	26
954	2	678	33
954	2	1148	13
955	2	261	26
956	2	261	26
957	2	261	26
958	2	261	26
959	2	261	26
960	2	261	26
960	2	1095	33
960	2	1669	13
961	2	261	26
961	2	991	33
961	2	1565	13
962	2	261	26
963	2	261	26
963	2	834	33
964	2	261	26
964	2	782	33
964	2	1148	13
965	2	261	26
965	2	1565	33
966	2	261	26
966	2	730	33
966	2	1252	13
967	2	261	26
968	2	261	26
968	2	1461	33
969	2	261	26
969	2	1200	33
969	2	1617	13
970	2	261	26
971	2	261	26
971	2	834	33
971	2	1252	13
972	2	261	26
972	2	678	33
972	2	1148	13
973	2	261	26
974	2	261	26
974	2	991	33
975	2	261	26
976	2	261	26
976	2	1043	33
976	2	1356	13
977	2	261	26
978	2	261	26
978	2	782	33
978	2	1200	13
979	2	261	26
980	2	261	26
981	2	261	26
981	2	1356	33
981	2	1669	13
982	2	261	26
982	2	887	33
983	2	261	26
983	2	730	33
983	2	1304	13
984	2	261	26
984	2	1565	33
985	2	261	26
985	2	1669	33
986	2	261	26
987	2	261	26
988	2	261	26
988	2	939	33
989	2	261	26
989	2	730	33
989	2	2087	13
990	2	261	26
991	2	261	26
992	2	261	26
993	2	261	26
994	2	261	26
995	2	261	26
995	2	626	33
995	2	1148	13
996	2	261	26
997	2	261	26
998	2	261	26
998	2	991	33
998	2	1252	13
999	2	261	26
0	3	678	29
0	3	991	20
0	3	2295	9
1	3	678	29
1	3	991	20
2	3	834	29
3	3	1252	29
3	3	1669	20
4	3	834	29
4	3	1148	20
4	3	1513	9
4	3	1774	12
4	3	2035	30
5	3	678	29
5	3	991	20
6	3	730	29
6	3	1982	20
7	3	1095	29
7	3	1461	20
8	3	834	29
8	3	1148	20
8	3	1565	9
10	3	574	29
10	3	887	20
12	3	1930	29
13	3	1826	29
14	3	521	29
14	3	834	20
15	3	574	29
15	3	991	20
16	3	626	29
16	3	1095	20
17	3	626	29
17	3	939	20
17	3	2295	9
18	3	626	29
18	3	939	20
19	3	1930	29
20	3	730	29
20	3	1200	20
20	3	1774	9
21	3	574	29
21	3	887	20
22	3	1200	29
23	3	574	29
23	3	939	20
24	3	521	29
24	3	887	20
24	3	1930	9
24	3	2295	30
25	3	1617	29
26	3	782	29
26	3	1513	20
27	3	626	29
27	3	1043	20
28	3	939	29
28	3	1252	20
28	3	1617	9
29	3	1148	29
30	3	1252	29
30	3	1826	20
31	3	834	29
32	3	1148	29
32	3	1617	20
33	3	782	29
33	3	1878	20
34	3	782	29
34	3	1408	20
35	3	678	29
35	3	991	20
35	3	2191	9
36	3	730	29
36	3	1095	20
37	3	939	29
38	3	678	29
39	3	887	29
39	3	1461	20
40	3	626	29
40	3	939	20
40	3	1356	9
40	3	1722	12
40	3	2087	30
41	3	939	29
41	3	1408	20
41	3	2295	9
42	3	1043	29
42	3	1356	20
43	3	730	29
43	3	1200	20
43	3	1930	9
44	3	1774	29
45	3	730	29
45	3	1304	20
46	3	782	29
47	3	1304	29
48	3	2295	29
49	3	521	29
49	3	1148	20
49	3	1722	9
50	3	1617	29
51	3	1513	29
52	3	887	29
53	3	678	29
53	3	1043	20
53	3	1565	9
53	3	2035	30
53	3	2295	12
55	3	834	29
56	3	1148	29
57	3	574	29
57	3	887	20
57	3	1356	9
57	3	1722	12
57	3	2139	30
58	3	678	29
58	3	1148	20
58	3	1669	9
59	3	574	29
59	3	939	20
59	3	1826	9
60	3	1565	29
61	3	782	29
62	3	626	29
62	3	1043	20
62	3	1669	9
62	3	2295	30
63	3	834	29
63	3	1304	20
64	3	1930	29
65	3	678	29
66	3	1200	29
67	3	887	29
67	3	1304	20
67	3	1774	9
68	3	1565	29
69	3	1148	29
69	3	1513	20
70	3	730	29
71	3	1148	29
71	3	1774	20
73	3	1669	29
74	3	626	29
75	3	678	29
75	3	991	20
76	3	1461	29
77	3	1826	29
78	3	1565	29
79	3	887	29
79	3	2087	20
80	3	678	29
80	3	1565	20
81	3	678	29
82	3	730	29
83	3	1095	29
84	3	782	29
84	3	2191	20
86	3	1461	29
87	3	469	29
87	3	887	20
87	3	1461	9
87	3	1722	12
87	3	2035	30
88	3	887	29
88	3	1252	20
89	3	1043	29
89	3	1565	20
90	3	1304	29
91	3	782	29
92	3	678	29
92	3	991	20
92	3	2191	9
93	3	1565	29
94	3	2035	29
95	3	1200	29
96	3	991	29
96	3	1461	20
97	3	1513	29
98	3	1826	29
99	3	1252	29
99	3	2035	20
100	3	1513	29
101	3	887	29
102	3	574	29
102	3	1513	20
103	3	1200	29
104	3	678	29
104	3	1200	20
104	3	1722	9
106	3	782	29
106	3	1252	20
106	3	1669	9
106	3	2191	30
107	3	626	29
107	3	939	20
107	3	1774	9
107	3	2295	30
108	3	626	29
108	3	1461	20
109	3	1513	29
110	3	678	29
110	3	991	20
110	3	1669	9
111	3	887	29
112	3	887	29
113	3	574	29
113	3	887	20
114	3	834	29
115	3	1565	29
116	3	1304	29
116	3	2243	20
117	3	1617	29
118	3	1252	29
118	3	1722	20
119	3	1200	29
119	3	1826	20
120	3	782	29
121	3	1095	29
122	3	678	29
122	3	991	20
122	3	1565	9
123	3	2191	29
124	3	730	29
124	3	1043	20
125	3	521	29
125	3	1148	20
125	3	1826	9
126	3	626	29
126	3	939	20
126	3	1669	9
127	3	678	29
127	3	991	20
127	3	1617	9
128	3	626	29
128	3	939	20
128	3	1565	9
129	3	1148	29
130	3	521	29
131	3	678	29
131	3	1200	20
131	3	1617	9
131	3	2191	30
132	3	626	29
132	3	939	20
133	3	782	29
133	3	1461	20
134	3	991	29
134	3	1774	20
135	3	574	29
135	3	939	20
135	3	2243	9
136	3	574	29
136	3	887	20
136	3	1200	9
136	3	1461	12
136	3	1774	30
137	3	939	29
137	3	1461	20
138	3	626	29
138	3	939	20
138	3	1461	9
138	3	1722	12
138	3	2035	30
139	3	678	29
139	3	991	20
139	3	1408	9
139	3	1669	12
139	3	1930	30
140	3	1878	29
141	3	574	29
141	3	939	20
141	3	1356	9
141	3	1669	12
142	3	1200	29
143	3	1304	29
145	3	1148	29
145	3	1774	20
146	3	626	29
146	3	1252	20
147	3	834	29
147	3	1461	20
148	3	1513	29
149	3	678	29
149	3	991	20
149	3	1513	9
150	3	678	29
150	3	1148	20
151	3	1095	29
151	3	2191	20
152	3	782	29
152	3	1148	20
152	3	1722	9
153	3	1095	29
153	3	2139	20
154	3	626	29
154	3	991	20
154	3	1513	9
155	3	574	29
155	3	887	20
155	3	1826	9
155	3	2243	12
156	3	574	29
156	3	939	20
156	3	1617	9
158	3	678	29
158	3	1200	20
158	3	1774	9
159	3	626	29
159	3	939	20
159	3	1461	9
159	3	1878	12
159	3	2295	30
160	3	834	29
160	3	1461	20
161	3	1878	29
162	3	1095	29
162	3	1461	20
163	3	1617	29
164	3	521	29
164	3	991	20
165	3	730	29
165	3	1095	20
165	3	1565	9
166	3	1878	29
167	3	1565	29
169	3	678	29
169	3	991	20
170	3	626	29
170	3	939	20
170	3	1408	9
170	3	1722	12
171	3	1408	29
172	3	1095	29
172	3	1565	20
173	3	1356	29
174	3	1095	29
174	3	1513	20
175	3	887	29
175	3	1252	20
175	3	1826	9
175	3	2295	12
176	3	574	29
176	3	939	20
177	3	1669	29
178	3	2035	29
179	3	626	29
179	3	1095	20
179	3	2191	9
180	3	2243	29
181	3	626	29
181	3	939	20
182	3	939	29
183	3	626	29
183	3	991	20
184	3	1669	29
185	3	834	29
185	3	1148	20
185	3	1565	9
186	3	2243	29
187	3	1095	29
187	3	1513	20
188	3	1878	29
189	3	1095	29
189	3	1408	20
189	3	1930	9
189	3	2295	30
190	3	1252	29
190	3	1774	20
191	3	678	29
191	3	991	20
192	3	730	29
192	3	1200	20
192	3	1722	9
193	3	730	29
193	3	1513	20
193	3	2035	9
194	3	782	29
196	3	574	29
196	3	887	20
196	3	1200	9
196	3	1461	12
196	3	1722	30
198	3	782	29
198	3	1252	20
198	3	1722	9
199	3	574	29
199	3	887	20
199	3	1774	9
200	3	1200	29
200	3	1774	20
201	3	1878	29
202	3	1148	29
202	3	1461	20
203	3	1043	29
203	3	1513	20
204	3	626	29
204	3	1095	20
205	3	1304	29
206	3	574	29
206	3	887	20
206	3	1200	9
206	3	1461	12
206	3	1617	30
207	3	678	29
207	3	991	20
207	3	2295	9
208	3	574	29
208	3	1304	20
210	3	626	29
210	3	1461	20
211	3	1669	29
212	3	1148	29
212	3	1617	20
213	3	1669	29
214	3	2139	29
215	3	1252	29
216	3	2139	29
217	3	1200	29
217	3	1774	20
218	3	887	29
218	3	1356	20
220	3	1669	29
221	3	730	29
221	3	1461	20
222	3	1878	29
223	3	1826	29
224	3	1148	29
224	3	1774	20
225	3	626	29
225	3	939	20
225	3	1408	9
225	3	1669	12
225	3	2139	30
226	3	521	29
226	3	1095	20
226	3	1617	9
227	3	834	29
227	3	2191	20
228	3	626	29
228	3	939	20
228	3	1461	9
228	3	1722	12
229	3	678	29
229	3	1461	20
230	3	626	29
230	3	939	20
231	3	521	29
231	3	834	20
232	3	626	29
232	3	939	20
232	3	1461	9
233	3	1304	29
233	3	2139	20
235	3	1304	29
236	3	521	29
237	3	939	29
239	3	1252	29
240	3	626	29
240	3	991	20
240	3	1617	9
240	3	2243	12
241	3	939	29
241	3	1356	20
242	3	887	29
242	3	1304	20
243	3	626	29
243	3	939	20
243	3	1408	9
243	3	1722	12
243	3	2035	30
244	3	626	29
244	3	939	20
245	3	1408	29
248	3	574	29
248	3	887	20
249	3	574	29
249	3	887	20
250	3	626	29
250	3	939	20
250	3	1461	9
250	3	2087	12
250	3	2191	30
251	3	834	29
251	3	1513	20
252	3	1878	29
253	3	1408	29
255	3	1148	29
256	3	521	29
256	3	1461	20
257	3	1304	29
258	3	678	29
258	3	991	20
259	3	574	29
259	3	939	20
260	3	678	29
260	3	1565	20
262	3	1043	29
262	3	1408	20
263	3	1043	29
264	3	730	29
264	3	2191	20
265	3	678	29
266	3	626	29
266	3	1513	20
267	3	678	29
267	3	991	20
268	3	1095	29
268	3	1513	20
269	3	730	29
269	3	1043	20
269	3	1722	9
270	3	1043	29
271	3	834	29
271	3	1252	20
271	3	1774	9
271	3	2243	30
272	3	574	29
272	3	991	20
272	3	1408	9
272	3	1669	12
272	3	1982	30
274	3	1304	29
275	3	1930	29
277	3	1878	29
278	3	1617	29
279	3	1304	29
280	3	939	29
280	3	2191	20
282	3	1826	29
283	3	1148	29
283	3	2295	20
284	3	626	29
284	3	939	20
284	3	1252	9
284	3	1513	12
284	3	1826	30
285	3	1148	29
285	3	1513	20
286	3	521	29
286	3	939	20
286	3	1565	9
286	3	1878	12
286	3	1930	30
287	3	1304	29
288	3	730	29
288	3	1461	20
289	3	2087	29
291	3	834	29
292	3	1826	29
293	3	574	29
293	3	887	20
293	3	1356	9
293	3	1722	12
293	3	2139	30
294	3	626	29
294	3	1043	20
295	3	626	29
295	3	2087	20
296	3	574	29
296	3	939	20
297	3	1722	29
298	3	1200	29
298	3	1669	20
299	3	626	29
299	3	939	20
300	3	1826	29
301	3	574	29
301	3	887	20
302	3	678	29
302	3	1252	20
303	3	521	29
303	3	834	20
303	3	1304	9
303	3	1565	12
303	3	1878	30
304	3	574	29
304	3	887	20
306	3	626	29
306	3	939	20
306	3	1461	9
307	3	521	29
308	3	574	29
309	3	574	29
309	3	887	20
309	3	1356	9
309	3	1722	12
309	3	2035	30
310	3	834	29
310	3	1148	20
310	3	1617	9
310	3	1878	12
310	3	2243	30
311	3	1722	29
312	3	1304	29
313	3	1148	29
314	3	1408	29
315	3	834	29
315	3	1408	20
315	3	2191	9
316	3	2243	29
317	3	1304	29
318	3	1774	29
319	3	1878	29
320	3	1252	29
321	3	678	29
321	3	991	20
322	3	574	29
322	3	991	20
323	3	1930	29
324	3	1408	29
325	3	1356	29
326	3	626	29
326	3	939	20
327	3	1148	29
327	3	1513	20
328	3	782	29
329	3	1617	29
330	3	1043	29
330	3	1356	20
330	3	1774	9
331	3	678	29
331	3	991	20
332	3	678	29
332	3	1252	20
333	3	626	29
333	3	939	20
333	3	2139	9
334	3	1304	29
335	3	626	29
335	3	939	20
336	3	678	29
336	3	991	20
337	3	1252	29
338	3	2243	30
339	3	678	29
339	3	991	20
340	3	1148	29
340	3	1669	20
341	3	1148	29
341	3	1669	20
342	3	574	29
342	3	939	20
342	3	1461	9
343	3	626	29
343	3	939	20
343	3	1617	9
344	3	2243	29
345	3	626	29
345	3	1252	20
346	3	782	29
346	3	1095	20
346	3	1565	9
346	3	2191	30
347	3	730	29
347	3	1617	20
348	3	678	29
348	3	1200	20
349	3	678	29
349	3	991	20
349	3	1408	9
349	3	1669	12
350	3	2191	29
351	3	678	29
352	3	834	29
352	3	1408	20
353	3	626	29
353	3	939	20
354	3	521	29
354	3	834	20
354	3	1304	9
354	3	1565	12
355	3	678	29
356	3	1043	29
356	3	2139	20
357	3	730	29
358	3	1148	29
358	3	2035	20
360	3	939	29
361	3	730	29
361	3	1356	20
361	3	2295	9
362	3	2139	29
364	3	626	29
364	3	939	20
365	3	1982	29
366	3	991	29
366	3	1513	20
367	3	574	29
367	3	2191	20
368	3	626	29
368	3	939	20
368	3	1304	9
368	3	1565	12
368	3	1878	30
369	3	626	29
369	3	1043	20
369	3	1617	9
370	3	1565	29
371	3	678	29
371	3	991	20
372	3	730	29
372	3	1617	20
374	3	1722	29
375	3	1356	29
376	3	834	29
377	3	1356	29
377	3	1826	20
378	3	1148	29
378	3	1774	20
379	3	782	29
379	3	1408	20
380	3	887	29
381	3	574	29
382	3	678	29
382	3	991	20
383	3	1461	29
384	3	730	29
384	3	1356	20
385	3	574	29
386	3	730	29
387	3	626	29
387	3	1095	20
387	3	1461	9
387	3	1722	12
387	3	2295	30
388	3	2087	29
389	3	626	29
389	3	939	20
390	3	626	29
390	3	939	20
390	3	1930	9
391	3	678	29
391	3	1200	20
391	3	2191	9
392	3	1826	29
393	3	574	29
393	3	887	20
394	3	626	29
395	3	939	29
396	3	626	29
396	3	939	20
396	3	1252	9
396	3	1513	12
396	3	1826	30
397	3	1200	29
397	3	1878	20
398	3	887	29
399	3	574	29
399	3	887	20
400	3	730	29
400	3	1565	20
401	3	2035	29
402	3	834	29
402	3	1408	20
403	3	2035	29
404	3	1148	29
404	3	2243	20
405	3	626	29
406	3	626	29
406	3	1252	20
407	3	1148	29
407	3	1722	20
409	3	1408	29
410	3	1356	29
410	3	2139	20
411	3	521	29
411	3	939	20
411	3	1356	9
411	3	1617	12
411	3	1930	30
412	3	678	29
412	3	991	20
412	3	1304	9
412	3	1565	12
412	3	1878	30
413	3	626	29
413	3	939	20
413	3	1252	9
413	3	1513	12
413	3	1826	30
414	3	782	29
414	3	1356	20
414	3	1826	9
414	3	2295	30
415	3	730	29
415	3	1043	20
415	3	2087	9
416	3	1826	29
417	3	730	29
417	3	1461	20
418	3	730	29
418	3	1043	20
418	3	1461	9
418	3	1722	12
419	3	469	29
419	3	1043	20
419	3	1565	9
420	3	1148	29
420	3	1565	20
421	3	2035	29
422	3	1461	29
423	3	1148	29
423	3	1513	20
424	3	626	29
424	3	939	20
424	3	1408	9
424	3	1669	12
424	3	1982	30
425	3	782	29
426	3	991	29
426	3	1513	20
426	3	2295	30
427	3	2087	29
428	3	626	29
428	3	939	20
429	3	834	29
429	3	1252	20
429	3	1774	9
430	3	626	29
430	3	1356	20
431	3	574	29
431	3	887	20
431	3	1617	9
432	3	782	29
432	3	1148	20
432	3	1565	9
433	3	782	29
433	3	1461	20
434	3	678	29
434	3	1043	20
434	3	1461	9
434	3	1722	12
434	3	2035	30
435	3	521	29
435	3	887	20
435	3	1722	9
436	3	678	29
436	3	991	20
436	3	1408	9
436	3	1722	12
437	3	574	29
437	3	939	20
438	3	991	29
438	3	1304	20
438	3	1722	9
439	3	939	29
440	3	782	29
440	3	1826	20
442	3	626	29
442	3	1617	20
443	3	991	29
444	3	1826	29
445	3	626	29
445	3	939	20
445	3	1982	9
446	3	887	29
447	3	1826	29
448	3	1513	29
449	3	2035	29
451	3	730	29
451	3	1304	20
451	3	1774	9
452	3	730	29
453	3	626	29
453	3	939	20
453	3	1304	9
453	3	1565	12
454	3	1461	29
455	3	1095	29
455	3	1774	20
456	3	1304	29
457	3	730	29
459	3	1982	29
460	3	626	29
460	3	939	20
461	3	574	29
461	3	939	20
461	3	1722	9
462	3	834	29
462	3	2191	20
463	3	678	29
463	3	1148	20
463	3	1513	9
463	3	2191	30
464	3	1148	29
464	3	1513	20
465	3	626	29
465	3	991	20
466	3	626	29
466	3	939	20
467	3	626	29
467	3	939	20
468	3	626	29
468	3	939	20
469	3	574	29
469	3	887	20
469	3	1461	9
469	3	2139	12
470	3	1982	29
471	3	1304	29
471	3	2087	20
472	3	574	29
472	3	939	20
473	3	887	29
473	3	1513	20
474	3	626	29
474	3	991	20
474	3	1617	9
475	3	1252	29
476	3	1565	29
478	3	626	29
480	3	991	29
481	3	678	29
481	3	1095	20
481	3	1513	9
481	3	1774	12
481	3	2139	30
482	3	834	29
483	3	2139	29
484	3	1982	29
485	3	1200	29
486	3	1200	29
486	3	2139	20
487	3	626	29
487	3	939	20
488	3	1356	29
489	3	626	29
489	3	939	20
489	3	1408	9
489	3	1722	12
490	3	1043	29
490	3	1356	20
490	3	1774	9
490	3	2243	12
491	3	782	29
491	3	1878	20
492	3	1200	29
492	3	1513	20
492	3	2139	9
493	3	991	29
494	3	678	29
494	3	991	20
495	3	1095	29
495	3	1461	20
496	3	574	29
496	3	1252	20
496	3	1930	9
497	3	574	29
497	3	939	20
498	3	782	29
499	3	782	29
500	3	626	29
500	3	939	20
500	3	1252	9
500	3	1513	12
500	3	1826	30
501	3	1513	29
502	3	1043	29
502	3	1565	20
503	3	626	29
503	3	939	20
503	3	1252	9
503	3	1513	12
503	3	1826	30
505	3	1565	29
506	3	1095	29
507	3	1722	29
508	3	678	29
508	3	991	20
508	3	1461	9
508	3	2087	30
510	3	1930	29
512	3	1200	29
512	3	1513	20
512	3	2191	9
513	3	1200	29
513	3	1565	20
514	3	730	29
514	3	1461	20
515	3	574	29
515	3	887	20
515	3	1617	9
515	3	2087	12
516	3	1565	29
517	3	1304	29
517	3	1982	20
518	3	939	29
518	3	1774	20
519	3	678	29
519	3	1200	20
519	3	1722	9
520	3	626	29
520	3	2139	20
521	3	626	29
521	3	939	20
521	3	1513	9
522	3	1043	29
522	3	1356	20
522	3	1774	9
523	3	730	29
523	3	1043	20
525	3	730	29
525	3	1200	20
525	3	1513	9
525	3	1774	12
526	3	1878	29
527	3	626	29
527	3	939	20
528	3	626	29
528	3	939	20
529	3	678	29
529	3	991	20
529	3	1304	9
529	3	1565	12
529	3	1878	30
530	3	1252	29
530	3	1722	20
531	3	1148	29
531	3	1565	20
532	3	1200	29
533	3	2087	29
534	3	678	29
534	3	991	20
534	3	1408	9
534	3	1774	12
534	3	2087	30
535	3	1669	29
536	3	1304	29
537	3	939	29
537	3	1408	20
538	3	626	29
538	3	939	20
539	3	626	29
539	3	939	20
540	3	2035	29
541	3	626	29
541	3	1930	20
542	3	939	29
543	3	1200	29
543	3	1513	20
543	3	2191	9
544	3	574	29
544	3	1095	20
544	3	1565	9
544	3	1826	12
544	3	2139	30
545	3	1617	29
546	3	1148	29
546	3	1669	20
547	3	730	29
547	3	1200	20
547	3	1722	9
547	3	2191	12
547	3	2243	30
548	3	1356	29
549	3	1356	29
550	3	626	29
550	3	939	20
550	3	1304	9
550	3	1565	12
550	3	1982	30
551	3	626	29
551	3	939	20
551	3	1356	9
551	3	1617	12
551	3	1930	30
552	3	1408	29
553	3	782	29
553	3	1669	20
554	3	574	29
554	3	887	20
554	3	1669	9
555	3	574	29
555	3	887	20
555	3	1304	9
555	3	1565	12
555	3	1878	30
556	3	939	29
556	3	1356	20
556	3	1774	9
557	3	1930	29
558	3	678	29
558	3	991	20
559	3	574	29
559	3	1513	20
560	3	1669	29
561	3	1095	29
562	3	1252	29
562	3	1565	20
563	3	991	29
563	3	1304	20
564	3	1408	29
565	3	626	29
565	3	939	20
565	3	1461	9
565	3	1722	12
565	3	1930	30
566	3	678	29
566	3	1043	20
567	3	834	29
567	3	1722	20
568	3	574	29
568	3	887	20
568	3	1513	9
569	3	1200	29
569	3	1617	20
570	3	1252	29
571	3	574	29
571	3	887	20
572	3	1461	29
573	3	2295	29
574	3	834	29
575	3	574	29
575	3	887	20
575	3	1252	9
575	3	1513	12
575	3	1826	30
576	3	1200	29
576	3	1826	20
577	3	678	29
577	3	991	20
577	3	1617	9
578	3	1252	29
579	3	991	29
581	3	1148	29
581	3	1565	20
582	3	782	29
582	3	1722	20
583	3	678	29
583	3	991	20
583	3	1304	9
583	3	1565	12
584	3	574	29
584	3	991	20
585	3	626	29
585	3	939	20
585	3	1252	9
585	3	1513	12
585	3	1826	30
586	3	939	29
586	3	1356	20
586	3	1722	9
587	3	521	29
587	3	834	20
587	3	1304	9
587	3	1565	12
588	3	730	29
588	3	1408	20
589	3	521	29
589	3	1200	20
589	3	1826	9
590	3	730	29
590	3	1043	20
591	3	1722	29
593	3	887	29
594	3	939	29
594	3	2243	20
595	3	626	29
595	3	991	20
595	3	1408	9
595	3	1669	12
595	3	1982	30
596	3	1043	29
596	3	1461	20
597	3	939	29
598	3	574	29
598	3	887	20
599	3	626	29
599	3	939	20
599	3	2295	9
600	3	1878	29
601	3	782	29
601	3	1617	20
602	3	1565	29
603	3	939	29
604	3	1095	29
604	3	1617	20
605	3	1304	29
606	3	678	29
606	3	1356	20
606	3	1982	9
607	3	574	29
607	3	991	20
607	3	1774	9
608	3	730	29
608	3	1200	20
610	3	2191	29
611	3	1043	29
612	3	1200	29
612	3	1826	20
613	3	1513	29
614	3	1200	29
614	3	1774	20
615	3	1043	29
616	3	1200	29
616	3	1722	20
617	3	2035	29
619	3	1200	29
620	3	626	29
620	3	991	20
621	3	1043	29
621	3	1513	20
622	3	626	29
622	3	939	20
623	3	1252	29
624	3	730	29
625	3	1148	29
625	3	1565	20
626	3	782	29
626	3	1200	20
627	3	626	29
627	3	1304	20
628	3	991	29
628	3	1461	20
629	3	574	29
630	3	1200	29
630	3	2087	20
631	3	939	29
631	3	1252	20
631	3	1774	9
631	3	2243	30
632	3	626	29
632	3	939	20
632	3	1826	9
633	3	1774	29
634	3	1200	29
635	3	1513	29
637	3	1408	29
638	3	1878	29
639	3	574	29
639	3	1095	20
639	3	1513	9
640	3	1982	29
641	3	991	29
642	3	1200	29
644	3	730	29
645	3	939	29
645	3	1356	20
646	3	626	29
646	3	939	20
646	3	1461	9
646	3	1722	12
647	3	2295	29
648	3	1148	29
648	3	1617	20
649	3	626	29
649	3	1252	20
650	3	1669	29
651	3	678	29
652	3	730	29
652	3	1408	20
653	3	782	29
653	3	1461	20
654	3	834	29
655	3	1043	29
655	3	1565	20
656	3	887	29
656	3	1461	20
657	3	834	29
658	3	782	29
658	3	1095	20
658	3	1617	9
658	3	2295	30
659	3	1200	29
660	3	2191	30
661	3	678	29
661	3	991	20
662	3	887	29
662	3	1356	20
662	3	2191	9
663	3	1200	29
664	3	574	29
664	3	1043	20
664	3	1617	9
664	3	1878	12
664	3	2191	30
665	3	678	29
665	3	991	20
666	3	626	29
666	3	939	20
666	3	2295	9
667	3	521	29
667	3	939	20
668	3	1095	29
668	3	1774	20
669	3	1095	29
669	3	1669	20
670	3	1252	29
670	3	1617	20
671	3	1722	29
672	3	991	29
673	3	1252	29
674	3	574	29
674	3	1356	20
675	3	1200	29
675	3	1513	20
676	3	626	29
676	3	939	20
676	3	1461	9
677	3	1095	29
677	3	1408	20
677	3	1774	9
678	3	626	29
678	3	1356	20
679	3	1252	29
680	3	1148	29
680	3	1461	20
681	3	991	29
682	3	574	29
682	3	2087	20
683	3	1408	29
684	3	1095	29
684	3	1513	20
685	3	730	29
686	3	730	29
687	3	1408	29
688	3	1304	29
689	3	1252	29
690	3	939	29
691	3	678	29
691	3	1200	20
691	3	1669	9
691	3	1930	12
691	3	2243	30
692	3	782	29
692	3	1148	20
692	3	1513	9
692	3	1774	12
693	3	887	29
693	3	1252	20
693	3	1774	9
694	3	887	29
694	3	1200	20
695	3	574	29
695	3	887	20
696	3	1304	29
697	3	574	29
697	3	991	20
697	3	1774	9
698	3	1774	29
699	3	887	29
699	3	1513	20
700	3	887	29
701	3	1148	29
701	3	1461	20
702	3	887	29
703	3	521	29
703	3	991	20
703	3	1774	9
704	3	2087	29
705	3	1200	29
705	3	1878	20
705	3	2295	9
706	3	626	29
706	3	939	20
707	3	626	29
708	3	1200	29
708	3	1513	20
709	3	730	29
709	3	1148	20
709	3	1774	9
710	3	521	29
710	3	1095	20
710	3	1617	9
711	3	1148	29
711	3	1617	20
712	3	574	29
712	3	1617	20
714	3	678	29
714	3	991	20
715	3	939	29
716	3	626	29
716	3	939	20
716	3	1461	9
717	3	1095	29
717	3	1461	20
717	3	1982	9
718	3	626	29
718	3	939	20
718	3	1669	9
718	3	2295	12
719	3	574	29
720	3	1930	29
721	3	1043	29
721	3	1461	20
722	3	521	29
722	3	834	20
722	3	1304	9
722	3	1565	12
723	3	834	29
724	3	1878	29
725	3	574	29
725	3	1200	20
726	3	939	29
726	3	1252	20
726	3	1774	9
727	3	1356	29
728	3	1930	29
729	3	730	29
730	3	1095	29
730	3	1669	20
731	3	626	29
731	3	939	20
732	3	730	29
733	3	626	29
733	3	991	20
733	3	1774	9
734	3	521	29
734	3	939	20
734	3	2139	9
735	3	2087	29
736	3	1148	29
737	3	678	29
737	3	1200	20
737	3	2139	30
738	3	730	29
738	3	1200	20
738	3	1565	9
738	3	2087	12
739	3	1148	29
739	3	1669	20
741	3	782	29
741	3	1774	20
742	3	626	29
742	3	939	20
742	3	1304	9
742	3	1669	12
742	3	2035	30
743	3	626	29
743	3	939	20
744	3	1148	29
744	3	1669	20
745	3	2191	30
746	3	1304	29
747	3	939	29
748	3	2035	29
749	3	1774	29
750	3	678	29
751	3	1461	29
752	3	1148	29
752	3	1461	20
752	3	2191	9
753	3	678	29
753	3	991	20
753	3	1617	9
753	3	1878	12
753	3	2191	30
754	3	626	29
754	3	939	20
755	3	626	29
755	3	939	20
755	3	2191	9
756	3	626	29
756	3	939	20
756	3	1461	9
756	3	1722	12
756	3	2243	30
757	3	1930	29
758	3	626	29
758	3	939	20
759	3	1565	29
760	3	1095	29
761	3	574	29
761	3	1930	20
762	3	678	29
762	3	1513	20
763	3	1148	29
763	3	1826	20
764	3	887	29
765	3	521	29
765	3	939	20
766	3	834	29
767	3	1148	29
767	3	2295	20
768	3	1565	29
769	3	1200	29
770	3	2035	29
771	3	1200	29
771	3	1722	20
772	3	1304	29
773	3	1617	29
774	3	574	29
774	3	887	20
774	3	1565	9
775	3	1513	29
776	3	574	29
776	3	887	20
776	3	1408	9
776	3	1878	12
776	3	2191	30
777	3	2139	29
778	3	730	29
778	3	2139	20
779	3	1982	29
780	3	939	29
781	3	626	29
781	3	1252	20
782	3	834	29
782	3	2139	20
783	3	1617	29
784	3	730	29
784	3	1043	20
785	3	782	29
786	3	1356	29
787	3	1408	29
788	3	730	29
788	3	1408	20
789	3	1148	29
789	3	1513	20
790	3	1148	29
791	3	1565	29
792	3	782	29
793	3	626	29
793	3	939	20
793	3	1930	9
794	3	574	29
794	3	887	20
795	3	1878	29
796	3	1565	29
797	3	730	29
797	3	1043	20
798	3	1252	29
798	3	1826	20
800	3	1408	29
801	3	1408	29
802	3	834	29
802	3	1408	20
803	3	730	29
803	3	1148	20
803	3	1722	9
804	3	782	29
804	3	1826	20
806	3	1461	29
807	3	678	29
807	3	991	20
807	3	1304	9
807	3	1565	12
807	3	1878	30
808	3	2035	29
809	3	1774	29
810	3	626	29
810	3	939	20
811	3	678	29
811	3	991	20
812	3	574	29
812	3	991	20
812	3	1722	9
812	3	2191	12
813	3	887	29
813	3	1617	20
814	3	939	29
815	3	574	29
815	3	887	20
816	3	1200	29
816	3	1722	20
817	3	2243	29
818	3	730	29
818	3	1408	20
819	3	1669	29
820	3	782	29
821	3	1200	29
822	3	574	29
822	3	887	20
823	3	678	29
823	3	991	20
823	3	1408	9
823	3	1669	12
823	3	2087	30
824	3	1148	29
824	3	1565	20
825	3	1095	29
825	3	1513	20
826	3	1095	29
826	3	1565	20
827	3	574	29
828	3	1304	29
829	3	1930	29
830	3	1200	29
831	3	521	29
831	3	1043	20
831	3	1461	9
831	3	1722	12
831	3	2035	30
832	3	730	29
832	3	1043	20
832	3	1461	9
832	3	1722	12
832	3	2035	30
833	3	1148	29
834	3	730	29
834	3	1043	20
834	3	1565	9
834	3	1826	12
834	3	2139	30
835	3	834	29
836	3	2035	29
837	3	1304	29
838	3	469	29
838	3	887	20
838	3	1774	9
838	3	2295	30
839	3	1356	29
840	3	469	29
840	3	782	20
840	3	1252	9
840	3	1513	12
840	3	1826	30
841	3	678	29
842	3	1043	29
842	3	1513	20
843	3	626	29
843	3	939	20
843	3	1252	9
843	3	1513	12
843	3	1826	30
844	3	1304	29
845	3	1304	29
846	3	1461	29
847	3	1252	29
847	3	2191	20
848	3	521	29
848	3	834	20
848	3	1461	9
849	3	2087	29
850	3	574	29
850	3	1043	20
850	3	1408	9
850	3	1669	12
853	3	1356	29
853	3	2191	20
854	3	1200	29
854	3	1513	20
855	3	626	29
856	3	730	29
857	3	1565	29
858	3	887	29
858	3	1252	20
859	3	626	29
860	3	1461	29
861	3	678	29
862	3	1513	29
863	3	521	29
863	3	1095	20
863	3	1513	9
864	3	574	29
864	3	939	20
864	3	1461	9
864	3	1774	12
864	3	2035	30
865	3	626	29
865	3	991	20
866	3	626	29
866	3	939	20
867	3	782	29
868	3	678	29
868	3	1513	20
869	3	1095	29
869	3	1461	20
870	3	1148	29
871	3	1148	29
873	3	574	29
873	3	887	20
873	3	1408	9
873	3	1722	12
875	3	678	29
875	3	1356	20
876	3	626	29
876	3	991	20
877	3	574	29
877	3	887	20
877	3	1252	9
877	3	1513	12
877	3	1826	30
878	3	1200	29
878	3	1982	20
879	3	730	29
880	3	678	29
880	3	991	20
880	3	1565	9
881	3	2295	29
882	3	1304	29
882	3	1774	20
883	3	1930	29
884	3	678	29
885	3	730	29
885	3	1043	20
885	3	1356	9
885	3	1669	12
886	3	1148	29
887	3	574	29
887	3	1669	20
888	3	1878	29
889	3	1461	29
890	3	1252	29
890	3	2191	20
891	3	626	29
892	3	1617	29
893	3	678	29
894	3	887	29
895	3	782	29
895	3	2139	20
896	3	678	29
897	3	678	29
897	3	1148	20
898	3	521	29
898	3	1095	20
898	3	1461	9
899	3	678	29
899	3	991	20
899	3	1565	9
900	3	1252	29
901	3	626	29
901	3	939	20
902	3	1095	29
902	3	1408	20
902	3	1722	9
903	3	574	29
903	3	1148	20
903	3	1774	9
903	3	2035	30
905	3	1148	29
906	3	574	29
906	3	991	20
907	3	2243	29
908	3	678	29
908	3	991	20
909	3	2035	29
910	3	1252	29
911	3	1565	29
912	3	521	29
913	3	1408	29
914	3	1043	29
914	3	1408	20
915	3	1304	29
916	3	574	29
916	3	1095	20
916	3	1617	9
917	3	626	29
917	3	2295	20
918	3	1252	29
918	3	1617	20
919	3	1513	29
920	3	1408	29
921	3	939	29
922	3	730	29
922	3	1982	20
923	3	1408	29
924	3	730	29
924	3	1043	20
924	3	1461	9
925	3	678	29
925	3	991	20
926	3	782	29
926	3	1252	20
926	3	1930	9
927	3	939	29
927	3	1461	20
929	3	730	29
929	3	1200	20
931	3	574	29
931	3	887	20
931	3	1304	9
931	3	1565	12
931	3	1982	30
932	3	1148	29
932	3	1930	20
933	3	1304	29
933	3	1826	20
934	3	1043	29
934	3	1669	20
935	3	678	29
935	3	991	20
936	3	991	29
937	3	1774	29
938	3	1095	29
938	3	1617	20
939	3	1513	29
940	3	782	29
940	3	1252	20
940	3	1774	9
941	3	626	29
941	3	939	20
941	3	1617	9
941	3	1878	12
941	3	2191	30
942	3	521	29
942	3	834	20
942	3	1461	9
942	3	1722	12
943	3	2035	29
944	3	887	29
944	3	1826	20
945	3	1878	29
946	3	991	29
946	3	1930	20
947	3	730	29
947	3	1043	20
947	3	1356	9
947	3	1617	12
947	3	1930	30
948	3	678	29
948	3	991	20
949	3	521	29
949	3	834	20
949	3	1252	9
949	3	1513	12
949	3	1826	30
950	3	678	29
950	3	991	20
950	3	1774	9
953	3	678	29
953	3	991	20
953	3	1722	9
954	3	574	29
954	3	887	20
956	3	1826	29
957	3	1304	29
958	3	1669	29
960	3	991	29
960	3	1304	20
961	3	887	29
961	3	1356	20
962	3	2035	29
963	3	730	29
964	3	678	29
964	3	991	20
964	3	1461	9
964	3	1722	12
964	3	2087	30
965	3	1148	29
965	3	1617	20
966	3	574	29
966	3	991	20
966	3	2295	9
967	3	1722	29
968	3	730	29
968	3	2243	20
969	3	782	29
969	3	1408	20
969	3	2191	9
971	3	626	29
971	3	1095	20
971	3	2295	9
972	3	574	29
972	3	887	20
972	3	1304	9
972	3	1565	12
972	3	1878	30
973	3	626	29
974	3	626	29
975	3	1304	29
976	3	730	29
976	3	1252	20
976	3	1774	9
976	3	2191	30
977	3	2035	29
978	3	626	29
978	3	991	20
978	3	1826	9
979	3	1356	29
980	3	1930	29
981	3	1043	29
981	3	1408	20
982	3	730	29
983	3	574	29
983	3	939	20
984	3	1252	29
984	3	1565	20
985	3	1043	29
985	3	1669	20
986	3	2191	29
987	3	1617	29
988	3	678	29
988	3	2295	20
989	3	626	29
989	3	939	20
990	3	1826	29
992	3	2139	29
994	3	2035	29
995	3	626	29
995	3	939	20
996	3	1461	29
997	3	2295	29
998	3	834	29
998	3	1148	20
998	3	1565	9
998	3	1826	12
998	3	2087	30
999	3	1617	29
0	4	678	29
1	4	678	29
2	4	834	29
3	4	1252	29
4	4	834	29
4	4	2035	30
5	4	678	29
6	4	730	29
7	4	1095	29
8	4	834	29
10	4	574	29
12	4	1930	29
13	4	1826	29
14	4	521	29
15	4	574	29
16	4	626	29
17	4	626	29
18	4	626	29
19	4	1930	29
20	4	730	29
21	4	574	29
22	4	1200	29
23	4	574	29
24	4	521	29
24	4	2295	30
25	4	1617	29
26	4	782	29
27	4	626	29
28	4	939	29
29	4	1148	29
30	4	1252	29
31	4	834	29
32	4	1148	29
33	4	782	29
34	4	782	29
35	4	678	29
36	4	730	29
37	4	939	29
38	4	678	29
39	4	887	29
40	4	626	29
40	4	2087	30
41	4	939	29
42	4	1043	29
43	4	730	29
44	4	1774	29
45	4	730	29
46	4	782	29
47	4	1304	29
48	4	2295	29
49	4	521	29
50	4	1617	29
51	4	1513	29
52	4	887	29
53	4	678	29
53	4	2035	30
55	4	834	29
56	4	1148	29
57	4	574	29
57	4	2139	30
58	4	678	29
59	4	574	29
60	4	1565	29
61	4	782	29
62	4	626	29
62	4	2295	30
63	4	834	29
64	4	1930	29
65	4	678	29
66	4	1200	29
67	4	887	29
68	4	1565	29
69	4	1148	29
70	4	730	29
71	4	1148	29
73	4	1669	29
74	4	626	29
75	4	678	29
76	4	1461	29
77	4	1826	29
78	4	1565	29
79	4	887	29
80	4	678	29
81	4	678	29
82	4	730	29
83	4	1095	29
84	4	782	29
86	4	1461	29
87	4	469	29
87	4	2035	30
88	4	887	29
89	4	1043	29
90	4	1304	29
91	4	782	29
92	4	678	29
93	4	1565	29
94	4	2035	29
95	4	1200	29
96	4	991	29
97	4	1513	29
98	4	1826	29
99	4	1252	29
100	4	1513	29
101	4	887	29
102	4	574	29
103	4	1200	29
104	4	678	29
106	4	782	29
106	4	2191	30
107	4	626	29
107	4	2295	30
108	4	626	29
109	4	1513	29
110	4	678	29
111	4	887	29
112	4	887	29
113	4	574	29
114	4	834	29
115	4	1565	29
116	4	1304	29
117	4	1617	29
118	4	1252	29
119	4	1200	29
120	4	782	29
121	4	1095	29
122	4	678	29
123	4	2191	29
124	4	730	29
125	4	521	29
126	4	626	29
127	4	678	29
128	4	626	29
129	4	1148	29
130	4	521	29
131	4	678	29
131	4	2191	30
132	4	626	29
133	4	782	29
134	4	991	29
135	4	574	29
136	4	574	29
136	4	1774	30
137	4	939	29
138	4	626	29
138	4	2035	30
139	4	678	29
139	4	1930	30
140	4	1878	29
141	4	574	29
142	4	1200	29
143	4	1304	29
145	4	1148	29
146	4	626	29
147	4	834	29
148	4	1513	29
149	4	678	29
150	4	678	29
151	4	1095	29
152	4	782	29
153	4	1095	29
154	4	626	29
155	4	574	29
156	4	574	29
158	4	678	29
159	4	626	29
159	4	2295	30
160	4	834	29
161	4	1878	29
162	4	1095	29
163	4	1617	29
164	4	521	29
165	4	730	29
166	4	1878	29
167	4	1565	29
169	4	678	29
170	4	626	29
171	4	1408	29
172	4	1095	29
173	4	1356	29
174	4	1095	29
174	4	2139	28
175	4	887	29
176	4	574	29
177	4	1669	29
178	4	2035	29
179	4	626	29
180	4	2243	29
181	4	626	29
182	4	939	29
183	4	626	29
184	4	1669	29
185	4	834	29
186	4	2243	29
187	4	1095	29
188	4	1878	29
189	4	1095	29
189	4	2295	30
190	4	1252	29
191	4	678	29
192	4	730	29
193	4	730	29
194	4	782	29
196	4	574	29
196	4	1722	30
198	4	782	29
199	4	574	29
200	4	1200	29
201	4	1878	29
202	4	1148	29
203	4	1043	29
204	4	626	29
205	4	1304	29
206	4	574	29
206	4	1617	30
206	4	1930	28
207	4	678	29
208	4	574	29
210	4	626	29
211	4	1669	29
212	4	1148	29
213	4	1669	29
214	4	2139	29
215	4	1252	29
216	4	2139	29
217	4	1200	29
218	4	887	29
220	4	1669	29
221	4	730	29
222	4	1878	29
223	4	1826	29
224	4	1148	29
224	4	2295	28
225	4	626	29
225	4	2139	30
226	4	521	29
227	4	834	29
228	4	626	29
229	4	678	29
230	4	626	29
231	4	521	29
232	4	626	29
233	4	1304	29
235	4	1304	29
236	4	521	29
237	4	939	29
239	4	1252	29
240	4	626	29
240	4	2243	28
241	4	939	29
242	4	887	29
243	4	626	29
243	4	2035	30
244	4	626	29
245	4	1408	29
248	4	574	29
249	4	574	29
250	4	626	29
250	4	2191	30
251	4	834	29
252	4	1878	29
253	4	1408	29
255	4	1148	29
256	4	521	29
257	4	1304	29
258	4	678	29
259	4	574	29
260	4	678	29
262	4	1043	29
263	4	1043	29
264	4	730	29
265	4	678	29
266	4	626	29
267	4	678	29
268	4	1095	29
269	4	730	29
270	4	1043	29
271	4	834	29
271	4	2243	30
272	4	574	29
272	4	1930	28
272	4	1982	30
274	4	1304	29
275	4	1930	29
277	4	1878	29
278	4	1617	29
279	4	1304	29
280	4	939	29
282	4	1826	29
283	4	1148	29
284	4	626	29
284	4	1826	30
284	4	2191	28
285	4	1148	29
286	4	521	29
286	4	1930	30
286	4	2243	28
287	4	1304	29
288	4	730	29
289	4	2087	29
291	4	834	29
292	4	1826	29
293	4	574	29
293	4	2139	30
294	4	626	29
295	4	626	29
296	4	574	29
297	4	1722	29
298	4	1200	29
299	4	626	29
300	4	1826	29
301	4	574	29
302	4	678	29
303	4	521	29
303	4	1878	30
303	4	2243	28
304	4	574	29
306	4	626	29
307	4	521	29
308	4	574	29
309	4	574	29
309	4	2035	30
310	4	834	29
310	4	2087	28
310	4	2243	30
311	4	1722	29
312	4	1304	29
313	4	1148	29
314	4	1408	29
315	4	834	29
316	4	2243	29
317	4	1304	29
318	4	1774	29
319	4	1878	29
320	4	1252	29
321	4	678	29
322	4	574	29
323	4	1930	29
324	4	1408	29
325	4	1356	29
326	4	626	29
327	4	1148	29
328	4	782	29
329	4	1617	29
330	4	1043	29
331	4	678	29
332	4	678	29
333	4	626	29
334	4	1304	29
335	4	626	29
336	4	678	29
337	4	1252	29
338	4	1930	28
338	4	2243	30
339	4	678	29
340	4	1148	29
341	4	1148	29
342	4	574	29
343	4	626	29
344	4	2243	29
345	4	626	29
346	4	782	29
346	4	2191	30
347	4	730	29
348	4	678	29
349	4	678	29
350	4	2191	29
351	4	678	29
352	4	834	29
353	4	626	29
354	4	521	29
355	4	678	29
356	4	1043	29
356	4	2295	28
357	4	730	29
358	4	1148	29
360	4	939	29
361	4	730	29
362	4	2139	29
364	4	626	29
365	4	1982	29
366	4	991	29
367	4	574	29
368	4	626	29
368	4	1878	30
368	4	2191	28
369	4	626	29
370	4	1565	29
371	4	678	29
372	4	730	29
374	4	1722	29
375	4	1356	29
376	4	834	29
377	4	1356	29
378	4	1148	29
379	4	782	29
380	4	887	29
381	4	574	29
382	4	678	29
383	4	1461	29
384	4	730	29
385	4	574	29
386	4	730	29
387	4	626	29
387	4	2295	30
388	4	2087	29
389	4	626	29
390	4	626	29
391	4	678	29
392	4	1826	29
393	4	574	29
394	4	626	29
395	4	939	29
396	4	626	29
396	4	1774	28
396	4	1826	30
397	4	1200	29
397	4	2243	28
398	4	887	29
399	4	574	29
400	4	730	29
401	4	2035	29
402	4	834	29
403	4	2035	29
404	4	1148	29
405	4	626	29
406	4	626	29
407	4	1148	29
409	4	1408	29
410	4	1356	29
411	4	521	29
411	4	1930	30
412	4	678	29
412	4	1878	30
413	4	626	29
413	4	1826	30
414	4	782	29
414	4	2295	30
415	4	730	29
416	4	1826	29
417	4	730	29
418	4	730	29
419	4	469	29
420	4	1148	29
421	4	2035	29
422	4	1461	29
423	4	1148	29
424	4	626	29
424	4	1982	30
425	4	782	29
426	4	991	29
426	4	2295	30
427	4	2087	29
428	4	626	29
429	4	834	29
430	4	626	29
431	4	574	29
432	4	782	29
433	4	782	29
434	4	678	29
434	4	2035	30
435	4	521	29
436	4	678	29
437	4	574	29
438	4	991	29
439	4	939	29
440	4	782	29
442	4	626	29
443	4	991	29
444	4	1826	29
445	4	626	29
446	4	887	29
447	4	1826	29
448	4	1513	29
449	4	2035	29
451	4	730	29
451	4	2243	28
452	4	730	29
453	4	626	29
454	4	1461	29
455	4	1095	29
456	4	1304	29
457	4	730	29
459	4	1982	29
460	4	626	29
461	4	574	29
462	4	834	29
463	4	678	29
463	4	2191	30
464	4	1148	29
465	4	626	29
466	4	626	29
467	4	626	29
468	4	626	29
469	4	574	29
470	4	1982	29
471	4	1304	29
472	4	574	29
473	4	887	29
474	4	626	29
475	4	1252	29
476	4	1565	29
478	4	626	29
480	4	991	29
481	4	678	29
481	4	2139	30
482	4	834	29
483	4	2139	29
484	4	1982	29
485	4	1200	29
486	4	1200	29
487	4	626	29
488	4	1356	29
489	4	626	29
490	4	1043	29
490	4	1774	28
491	4	782	29
492	4	1200	29
492	4	1982	28
493	4	991	29
494	4	678	29
495	4	1095	29
495	4	1774	28
496	4	574	29
497	4	574	29
498	4	782	29
499	4	782	29
500	4	626	29
500	4	1826	30
501	4	1513	29
502	4	1043	29
503	4	626	29
503	4	1826	30
503	4	2139	28
505	4	1565	29
506	4	1095	29
507	4	1722	29
508	4	678	29
508	4	2087	30
510	4	1930	29
512	4	1200	29
512	4	1878	28
513	4	1200	29
514	4	730	29
515	4	574	29
516	4	1565	29
517	4	1304	29
518	4	939	29
519	4	678	29
520	4	626	29
521	4	626	29
522	4	1043	29
523	4	730	29
525	4	730	29
526	4	1878	29
527	4	626	29
528	4	626	29
529	4	678	29
529	4	1878	30
529	4	2191	28
530	4	1252	29
530	4	2295	28
531	4	1148	29
532	4	1200	29
533	4	2087	29
534	4	678	29
534	4	2087	30
535	4	1669	29
536	4	1304	29
537	4	939	29
538	4	626	29
539	4	626	29
540	4	2035	29
541	4	626	29
542	4	939	29
543	4	1200	29
544	4	574	29
544	4	2139	30
545	4	1617	29
546	4	1148	29
547	4	730	29
547	4	2243	30
548	4	1356	29
549	4	1356	29
550	4	626	29
550	4	1982	30
550	4	2295	28
551	4	626	29
551	4	1930	30
552	4	1408	29
553	4	782	29
554	4	574	29
555	4	574	29
555	4	1826	28
555	4	1878	30
556	4	939	29
557	4	1930	29
558	4	678	29
559	4	574	29
560	4	1669	29
561	4	1095	29
562	4	1252	29
562	4	2295	28
563	4	991	29
564	4	1408	29
565	4	626	29
565	4	1930	30
565	4	2243	28
566	4	678	29
567	4	834	29
568	4	574	29
569	4	1200	29
570	4	1252	29
571	4	574	29
572	4	1461	29
573	4	2295	29
574	4	834	29
575	4	574	29
575	4	1826	30
576	4	1200	29
577	4	678	29
578	4	1252	29
579	4	991	29
581	4	1148	29
582	4	782	29
583	4	678	29
584	4	574	29
585	4	626	29
585	4	1774	28
585	4	1826	30
586	4	939	29
587	4	521	29
588	4	730	29
589	4	521	29
590	4	730	29
591	4	1722	29
593	4	887	29
594	4	939	29
595	4	626	29
595	4	1982	30
595	4	2295	28
596	4	1043	29
597	4	939	29
598	4	574	29
599	4	626	29
600	4	1878	29
601	4	782	29
602	4	1565	29
603	4	939	29
604	4	1095	29
604	4	2035	28
605	4	1304	29
606	4	678	29
607	4	574	29
608	4	730	29
610	4	2191	29
611	4	1043	29
612	4	1200	29
613	4	1513	29
614	4	1200	29
615	4	1043	29
616	4	1200	29
617	4	2035	29
619	4	1200	29
620	4	626	29
621	4	1043	29
622	4	626	29
623	4	1252	29
624	4	730	29
625	4	1148	29
626	4	782	29
627	4	626	29
628	4	991	29
629	4	574	29
630	4	1200	29
631	4	939	29
631	4	2243	30
632	4	626	29
633	4	1774	29
634	4	1200	29
635	4	1513	29
637	4	1408	29
638	4	1878	29
639	4	574	29
640	4	1982	29
641	4	991	29
642	4	1200	29
644	4	730	29
645	4	939	29
646	4	626	29
647	4	2295	29
648	4	1148	29
649	4	626	29
650	4	1669	29
651	4	678	29
652	4	730	29
653	4	782	29
654	4	834	29
655	4	1043	29
656	4	887	29
657	4	834	29
658	4	782	29
658	4	2295	30
659	4	1200	29
660	4	1878	28
660	4	2191	30
661	4	678	29
662	4	887	29
663	4	1200	29
664	4	574	29
664	4	2191	30
665	4	678	29
666	4	626	29
667	4	521	29
668	4	1095	29
669	4	1095	29
669	4	2139	28
670	4	1252	29
671	4	1722	29
672	4	991	29
673	4	1252	29
674	4	574	29
675	4	1200	29
676	4	626	29
677	4	1095	29
677	4	2035	28
678	4	626	29
679	4	1252	29
680	4	1148	29
681	4	991	29
682	4	574	29
683	4	1408	29
684	4	1095	29
685	4	730	29
686	4	730	29
687	4	1408	29
688	4	1304	29
689	4	1252	29
690	4	939	29
691	4	678	29
691	4	2191	28
691	4	2243	30
692	4	782	29
693	4	887	29
694	4	887	29
695	4	574	29
696	4	1304	29
697	4	574	29
698	4	1774	29
699	4	887	29
700	4	887	29
701	4	1148	29
701	4	1930	28
702	4	887	29
703	4	521	29
704	4	2087	29
705	4	1200	29
705	4	2243	28
706	4	626	29
707	4	626	29
708	4	1200	29
709	4	730	29
710	4	521	29
711	4	1148	29
712	4	574	29
714	4	678	29
715	4	939	29
716	4	626	29
717	4	1095	29
718	4	626	29
719	4	574	29
720	4	1930	29
721	4	1043	29
722	4	521	29
723	4	834	29
724	4	1878	29
725	4	574	29
726	4	939	29
727	4	1356	29
728	4	1930	29
729	4	730	29
730	4	1095	29
731	4	626	29
732	4	730	29
733	4	626	29
734	4	521	29
735	4	2087	29
736	4	1148	29
737	4	678	29
737	4	2139	30
738	4	730	29
738	4	2139	28
739	4	1148	29
741	4	782	29
742	4	626	29
742	4	2035	30
743	4	626	29
744	4	1148	29
745	4	1878	28
745	4	2191	30
746	4	1304	29
747	4	939	29
748	4	2035	29
749	4	1774	29
750	4	678	29
751	4	1461	29
752	4	1148	29
752	4	1982	28
753	4	678	29
753	4	2191	30
754	4	626	29
755	4	626	29
756	4	626	29
756	4	2243	30
757	4	1930	29
758	4	626	29
759	4	1565	29
760	4	1095	29
761	4	574	29
762	4	678	29
763	4	1148	29
763	4	2295	28
764	4	887	29
765	4	521	29
766	4	834	29
767	4	1148	29
768	4	1565	29
769	4	1200	29
770	4	2035	29
771	4	1200	29
772	4	1304	29
773	4	1617	29
774	4	574	29
775	4	1513	29
776	4	574	29
776	4	2191	30
777	4	2139	29
778	4	730	29
779	4	1982	29
780	4	939	29
781	4	626	29
782	4	834	29
783	4	1617	29
784	4	730	29
785	4	782	29
786	4	1356	29
787	4	1408	29
788	4	730	29
789	4	1148	29
790	4	1148	29
791	4	1565	29
792	4	782	29
793	4	626	29
794	4	574	29
795	4	1878	29
796	4	1565	29
797	4	730	29
798	4	1252	29
800	4	1408	29
801	4	1408	29
802	4	834	29
803	4	730	29
804	4	782	29
806	4	1461	29
807	4	678	29
807	4	1878	30
808	4	2035	29
809	4	1774	29
810	4	626	29
811	4	678	29
812	4	574	29
812	4	2295	28
813	4	887	29
814	4	939	29
815	4	574	29
816	4	1200	29
817	4	2243	29
818	4	730	29
819	4	1669	29
820	4	782	29
821	4	1200	29
822	4	574	29
823	4	678	29
823	4	2087	30
824	4	1148	29
825	4	1095	29
826	4	1095	29
827	4	574	29
828	4	1304	29
829	4	1930	29
830	4	1200	29
831	4	521	29
831	4	2035	30
832	4	730	29
832	4	2035	30
833	4	1148	29
834	4	730	29
834	4	2139	30
835	4	834	29
836	4	2035	29
837	4	1304	29
838	4	469	29
838	4	2295	30
839	4	1356	29
840	4	469	29
840	4	1826	30
841	4	678	29
842	4	1043	29
842	4	2087	28
843	4	626	29
843	4	1826	30
843	4	2139	28
844	4	1304	29
845	4	1304	29
846	4	1461	29
847	4	1252	29
847	4	2295	28
848	4	521	29
849	4	2087	29
850	4	574	29
853	4	1356	29
854	4	1200	29
855	4	626	29
856	4	730	29
857	4	1565	29
858	4	887	29
859	4	626	29
860	4	1461	29
861	4	678	29
862	4	1513	29
863	4	521	29
864	4	574	29
864	4	2035	30
865	4	626	29
866	4	626	29
867	4	782	29
868	4	678	29
869	4	1095	29
870	4	1148	29
871	4	1148	29
873	4	574	29
875	4	678	29
876	4	626	29
877	4	574	29
877	4	1826	30
878	4	1200	29
879	4	730	29
880	4	678	29
881	4	2295	29
882	4	1304	29
883	4	1930	29
884	4	678	29
885	4	730	29
886	4	1148	29
887	4	574	29
888	4	1878	29
889	4	1461	29
890	4	1252	29
891	4	626	29
892	4	1617	29
893	4	678	29
894	4	887	29
895	4	782	29
896	4	678	29
897	4	678	29
898	4	521	29
899	4	678	29
900	4	1252	29
901	4	626	29
902	4	1095	29
902	4	1826	28
903	4	574	29
903	4	2035	30
905	4	1148	29
906	4	574	29
907	4	2243	29
908	4	678	29
909	4	2035	29
910	4	1252	29
911	4	1565	29
912	4	521	29
913	4	1408	29
914	4	1043	29
915	4	1304	29
916	4	574	29
917	4	626	29
918	4	1252	29
919	4	1513	29
920	4	1408	29
921	4	939	29
922	4	730	29
923	4	1408	29
924	4	730	29
925	4	678	29
926	4	782	29
927	4	939	29
929	4	730	29
931	4	574	29
931	4	1982	30
932	4	1148	29
933	4	1304	29
934	4	1043	29
935	4	678	29
936	4	991	29
937	4	1774	29
938	4	1095	29
939	4	1513	29
940	4	782	29
941	4	626	29
941	4	2191	30
942	4	521	29
943	4	2035	29
944	4	887	29
945	4	1878	29
946	4	991	29
947	4	730	29
947	4	1930	30
947	4	2243	28
948	4	678	29
949	4	521	29
949	4	1826	30
950	4	678	29
953	4	678	29
954	4	574	29
956	4	1826	29
957	4	1304	29
958	4	1669	29
960	4	991	29
961	4	887	29
962	4	2035	29
963	4	730	29
964	4	678	29
964	4	2087	30
965	4	1148	29
966	4	574	29
967	4	1722	29
968	4	730	29
969	4	782	29
971	4	626	29
972	4	574	29
972	4	1878	30
972	4	2243	28
973	4	626	29
974	4	626	29
975	4	1304	29
976	4	730	29
976	4	2191	30
977	4	2035	29
978	4	626	29
979	4	1356	29
980	4	1930	29
981	4	1043	29
982	4	730	29
983	4	574	29
984	4	1252	29
985	4	1043	29
986	4	2191	29
987	4	1617	29
988	4	678	29
989	4	626	29
990	4	1826	29
992	4	2139	29
994	4	2035	29
995	4	626	29
996	4	1461	29
997	4	2295	29
998	4	834	29
998	4	2087	30
999	4	1617	29
0	5	365	24
0	5	678	29
1	5	365	24
1	5	678	29
2	5	417	24
2	5	834	29
3	5	1095	27
3	5	1252	29
3	5	1930	24
4	5	417	24
4	5	834	29
4	5	1304	27
4	5	2035	30
4	5	2295	25
5	5	365	24
5	5	678	29
6	5	417	24
6	5	730	29
6	5	1878	27
7	5	887	27
7	5	1095	29
8	5	521	24
8	5	834	29
8	5	1408	27
9	5	1930	27
9	5	2191	24
10	5	365	24
10	5	574	29
10	5	1826	27
11	5	2295	27
12	5	1095	27
12	5	1356	24
12	5	1930	29
13	5	991	27
13	5	1252	24
13	5	1826	29
14	5	365	24
14	5	521	29
14	5	1304	27
15	5	365	24
15	5	574	29
15	5	1878	27
16	5	365	24
16	5	626	29
16	5	1461	27
17	5	365	24
17	5	626	29
17	5	1826	27
18	5	365	24
18	5	626	29
18	5	1878	27
19	5	1826	27
19	5	1930	29
20	5	469	24
20	5	730	29
20	5	1565	27
21	5	365	24
21	5	574	29
21	5	1982	27
22	5	782	27
22	5	1043	24
22	5	1200	29
23	5	365	24
23	5	574	29
23	5	1617	27
24	5	365	24
24	5	521	29
24	5	1565	27
24	5	2295	30
25	5	1513	27
25	5	1617	29
26	5	521	24
26	5	782	29
26	5	1774	27
27	5	365	24
27	5	626	29
27	5	1565	27
28	5	574	24
28	5	939	29
28	5	1461	27
29	5	678	27
29	5	939	24
29	5	1148	29
30	5	1200	27
30	5	1252	29
30	5	2295	24
31	5	417	24
31	5	834	29
31	5	2191	27
32	5	1043	27
32	5	1148	29
32	5	1982	24
33	5	469	24
33	5	782	29
33	5	2191	27
34	5	574	24
34	5	782	29
34	5	1722	27
35	5	365	24
35	5	678	29
35	5	1565	27
36	5	365	24
36	5	730	29
36	5	1565	27
37	5	469	24
37	5	939	29
38	5	469	24
38	5	678	29
39	5	417	24
39	5	887	29
39	5	1774	27
40	5	365	24
40	5	626	29
40	5	1148	27
40	5	2087	30
41	5	574	24
41	5	939	29
41	5	1669	27
42	5	574	24
42	5	1043	29
42	5	1565	27
43	5	365	24
43	5	730	29
43	5	1513	27
44	5	1513	27
44	5	1774	29
45	5	469	24
45	5	730	29
45	5	1565	27
46	5	365	24
46	5	782	29
47	5	1043	27
47	5	1304	29
48	5	1930	27
48	5	2191	24
48	5	2295	29
49	5	417	24
49	5	521	29
49	5	1461	27
50	5	1461	27
50	5	1617	29
51	5	1513	29
52	5	834	27
52	5	887	29
53	5	365	24
53	5	678	29
53	5	1356	27
53	5	2035	30
55	5	417	24
55	5	834	29
56	5	1095	27
56	5	1148	29
57	5	365	24
57	5	574	29
57	5	1148	27
57	5	2139	30
58	5	417	24
58	5	678	29
58	5	1408	27
59	5	365	24
59	5	574	29
59	5	1408	27
60	5	991	27
60	5	1252	24
60	5	1565	29
61	5	417	24
61	5	782	29
62	5	417	24
62	5	626	29
62	5	1461	27
62	5	2295	30
63	5	521	24
63	5	834	29
63	5	1565	27
64	5	1826	27
64	5	1930	29
65	5	521	24
65	5	678	29
65	5	1982	27
66	5	1200	29
66	5	2191	24
67	5	574	24
67	5	887	29
67	5	1513	27
68	5	1304	27
68	5	1565	29
69	5	730	27
69	5	991	24
69	5	1148	29
70	5	521	24
70	5	730	29
71	5	1043	27
71	5	1148	29
71	5	2243	24
73	5	1513	27
73	5	1669	29
74	5	626	29
74	5	2139	27
75	5	365	24
75	5	678	29
76	5	1252	27
76	5	1461	29
77	5	1356	27
77	5	1617	24
77	5	1826	29
78	5	1200	27
78	5	1461	24
78	5	1565	29
79	5	678	27
79	5	887	29
79	5	1930	24
80	5	417	24
80	5	678	29
80	5	1878	27
81	5	417	24
81	5	678	29
81	5	2295	27
82	5	469	24
82	5	730	29
82	5	2243	27
83	5	939	27
83	5	1095	29
84	5	417	24
84	5	782	29
84	5	2139	27
85	5	1565	27
85	5	1826	24
86	5	991	27
86	5	1252	24
86	5	1461	29
87	5	365	24
87	5	469	29
87	5	1200	27
87	5	2035	30
88	5	521	24
88	5	887	29
88	5	1513	27
89	5	678	27
89	5	939	24
89	5	1043	29
90	5	1252	27
90	5	1304	29
91	5	469	24
91	5	782	29
92	5	365	24
92	5	678	29
93	5	1148	27
93	5	1408	24
93	5	1565	29
94	5	1669	27
94	5	1930	24
94	5	2035	29
95	5	730	27
95	5	991	24
95	5	1200	29
96	5	887	27
96	5	991	29
96	5	1982	24
97	5	1095	27
97	5	1356	24
97	5	1513	29
98	5	1565	27
98	5	1826	29
99	5	991	27
99	5	1252	29
99	5	2243	24
100	5	1148	27
100	5	1408	24
100	5	1513	29
101	5	469	24
101	5	887	29
102	5	521	24
102	5	574	29
102	5	1930	27
103	5	782	27
103	5	1043	24
103	5	1200	29
104	5	417	24
104	5	678	29
104	5	1461	27
105	5	2139	27
106	5	521	24
106	5	782	29
106	5	1461	27
106	5	2191	30
107	5	365	24
107	5	626	29
107	5	1461	27
107	5	2295	30
108	5	365	24
108	5	626	29
109	5	1148	27
109	5	1408	24
109	5	1513	29
110	5	365	24
110	5	678	29
110	5	1356	27
111	5	469	24
111	5	887	29
111	5	2243	27
112	5	574	24
112	5	887	29
113	5	365	24
113	5	574	29
113	5	1356	27
114	5	469	24
114	5	834	29
115	5	1304	27
115	5	1565	29
116	5	1304	29
116	5	2295	24
117	5	1252	27
117	5	1513	24
117	5	1617	29
118	5	1095	27
118	5	1252	29
119	5	1148	27
119	5	1200	29
119	5	2087	24
120	5	730	27
120	5	782	29
121	5	1095	29
122	5	365	24
122	5	678	29
122	5	1304	27
123	5	1826	27
123	5	2087	24
123	5	2191	29
124	5	365	24
124	5	730	29
125	5	417	24
125	5	521	29
125	5	1356	27
126	5	365	24
126	5	626	29
126	5	1252	27
127	5	365	24
127	5	678	29
127	5	1356	27
128	5	365	24
128	5	626	29
128	5	1200	27
129	5	1043	27
129	5	1148	29
130	5	417	24
130	5	521	29
131	5	469	24
131	5	678	29
131	5	1408	27
131	5	2191	30
132	5	365	24
132	5	626	29
132	5	2139	27
133	5	417	24
133	5	782	29
134	5	730	27
134	5	991	29
134	5	2139	24
135	5	365	24
135	5	574	29
135	5	1617	27
136	5	365	24
136	5	574	29
136	5	1043	27
136	5	1774	30
137	5	521	24
137	5	939	29
137	5	1722	27
138	5	365	24
138	5	626	29
138	5	1148	27
138	5	2035	30
139	5	365	24
139	5	678	29
139	5	1200	27
139	5	1930	30
139	5	2191	25
140	5	1669	27
140	5	1878	29
141	5	365	24
141	5	574	29
141	5	1200	27
142	5	678	27
142	5	939	24
142	5	1200	29
143	5	1148	27
143	5	1304	29
143	5	2243	24
145	5	1095	27
145	5	1148	29
145	5	2087	24
146	5	469	24
146	5	626	29
146	5	1617	27
147	5	469	24
147	5	834	29
147	5	1617	27
148	5	1252	27
148	5	1513	29
149	5	365	24
149	5	678	29
150	5	365	24
150	5	678	29
150	5	1617	27
151	5	730	27
151	5	991	24
151	5	1095	29
152	5	417	24
152	5	782	29
152	5	1461	27
153	5	521	24
153	5	1095	29
154	5	365	24
154	5	626	29
154	5	1304	27
155	5	365	24
155	5	574	29
155	5	1408	27
156	5	365	24
156	5	574	29
156	5	1356	27
158	5	417	24
158	5	678	29
158	5	1461	27
159	5	365	24
159	5	626	29
159	5	2191	27
159	5	2295	30
160	5	521	24
160	5	834	29
160	5	1669	27
161	5	1513	27
161	5	1774	24
161	5	1878	29
162	5	939	27
162	5	1095	29
162	5	1722	24
163	5	1043	27
163	5	1304	24
163	5	1617	29
164	5	365	24
164	5	521	29
164	5	2087	27
165	5	417	24
165	5	730	29
165	5	1304	27
166	5	1722	27
166	5	1878	29
167	5	1095	27
167	5	1356	24
167	5	1565	29
169	5	365	24
169	5	678	29
170	5	365	24
170	5	626	29
170	5	1200	27
171	5	782	27
171	5	1043	24
171	5	1408	29
172	5	991	27
172	5	1095	29
172	5	1722	24
173	5	1200	27
173	5	1356	29
174	5	678	27
174	5	939	24
174	5	1095	29
174	5	2139	28
175	5	469	24
175	5	887	29
175	5	1565	27
176	5	365	24
176	5	574	29
176	5	2139	27
177	5	1565	27
177	5	1669	29
178	5	1930	27
178	5	2035	29
179	5	417	24
179	5	626	29
179	5	1513	27
180	5	1878	27
180	5	2139	24
180	5	2243	29
181	5	365	24
181	5	626	29
181	5	2243	27
182	5	574	24
182	5	939	29
183	5	365	24
183	5	626	29
183	5	1565	27
184	5	991	27
184	5	1252	24
184	5	1669	29
185	5	417	24
185	5	834	29
185	5	1356	27
186	5	2035	27
186	5	2243	29
187	5	574	24
187	5	1095	29
187	5	1722	27
188	5	939	27
188	5	1200	24
188	5	1878	29
189	5	521	24
189	5	1095	29
189	5	1565	27
189	5	2295	30
190	5	1043	27
190	5	1252	29
191	5	365	24
191	5	678	29
192	5	469	24
192	5	730	29
192	5	1513	27
193	5	469	24
193	5	730	29
193	5	1826	27
194	5	521	24
194	5	782	29
196	5	365	24
196	5	574	29
196	5	1043	27
196	5	1722	30
196	5	2087	25
198	5	521	24
198	5	782	29
198	5	1513	27
199	5	365	24
199	5	574	29
199	5	1408	27
200	5	1095	27
200	5	1200	29
200	5	1982	24
201	5	1722	27
201	5	1878	29
202	5	887	27
202	5	1148	29
202	5	2191	24
203	5	574	24
203	5	1043	29
203	5	1722	27
204	5	365	24
204	5	626	29
204	5	1617	27
205	5	1148	27
205	5	1304	29
205	5	2139	24
206	5	365	24
206	5	574	29
206	5	1043	27
206	5	1617	30
206	5	1930	28
206	5	2191	25
207	5	365	24
207	5	678	29
207	5	1513	27
208	5	417	24
208	5	574	29
208	5	1565	27
209	5	2139	27
210	5	417	24
210	5	626	29
211	5	1408	27
211	5	1669	29
212	5	678	27
212	5	939	24
212	5	1148	29
213	5	1513	27
213	5	1669	29
214	5	730	27
214	5	991	24
214	5	2139	29
215	5	1148	27
215	5	1252	29
216	5	834	27
216	5	1095	24
216	5	2139	29
217	5	1095	27
217	5	1200	29
218	5	521	24
218	5	887	29
218	5	1617	27
219	5	2087	27
220	5	1304	27
220	5	1565	24
220	5	1669	29
221	5	521	24
221	5	730	29
221	5	1774	27
222	5	1826	27
222	5	1878	29
223	5	730	27
223	5	991	24
223	5	1826	29
224	5	730	27
224	5	991	24
224	5	1148	29
224	5	2295	28
225	5	365	24
225	5	626	29
225	5	1148	27
225	5	2139	30
226	5	417	24
226	5	521	29
226	5	1356	27
227	5	469	24
227	5	834	29
227	5	2295	27
228	5	365	24
228	5	626	29
228	5	1252	27
229	5	574	24
229	5	678	29
229	5	1617	27
230	5	365	24
230	5	626	29
230	5	2087	27
231	5	365	24
231	5	521	29
231	5	1982	27
232	5	365	24
232	5	626	29
232	5	1304	27
233	5	1200	27
233	5	1304	29
233	5	2035	24
235	5	1304	29
235	5	2139	27
236	5	521	29
236	5	2087	27
237	5	730	27
237	5	939	29
238	5	991	27
238	5	1252	24
239	5	1095	27
239	5	1252	29
240	5	365	24
240	5	626	29
240	5	1356	27
240	5	2243	28
241	5	521	24
241	5	939	29
241	5	1513	27
242	5	469	24
242	5	887	29
242	5	1461	27
243	5	365	24
243	5	626	29
243	5	1095	27
243	5	2035	30
244	5	365	24
244	5	626	29
244	5	1565	27
245	5	1043	27
245	5	1304	24
245	5	1408	29
246	5	1982	27
246	5	2243	24
248	5	365	24
248	5	574	29
248	5	1878	27
249	5	365	24
249	5	574	29
249	5	2139	27
250	5	365	24
250	5	626	29
250	5	1200	27
250	5	2191	30
251	5	417	24
251	5	834	29
251	5	1826	27
252	5	1200	27
252	5	1461	24
252	5	1878	29
253	5	678	27
253	5	939	24
253	5	1408	29
255	5	782	27
255	5	1043	24
255	5	1148	29
256	5	521	29
256	5	1408	27
257	5	1043	27
257	5	1304	29
257	5	2087	24
258	5	365	24
258	5	678	29
259	5	365	24
259	5	574	29
259	5	1930	27
260	5	365	24
260	5	678	29
260	5	1878	27
262	5	782	27
262	5	1043	29
262	5	1669	24
263	5	678	27
263	5	939	24
263	5	1043	29
264	5	417	24
264	5	730	29
264	5	1982	27
265	5	417	24
265	5	678	29
266	5	469	24
266	5	626	29
266	5	1774	27
267	5	365	24
267	5	678	29
268	5	887	27
268	5	1095	29
268	5	1722	24
269	5	365	24
269	5	730	29
269	5	1356	27
270	5	574	24
270	5	1043	29
271	5	469	24
271	5	834	29
271	5	1513	27
271	5	2243	30
272	5	365	24
272	5	574	29
272	5	1200	27
272	5	1930	28
272	5	1982	30
272	5	2243	25
273	5	2191	27
274	5	1095	27
274	5	1304	29
275	5	1408	27
275	5	1669	24
275	5	1930	29
276	5	2087	27
277	5	574	24
277	5	1878	29
278	5	1408	27
278	5	1617	29
279	5	1148	27
279	5	1304	29
280	5	574	24
280	5	939	29
280	5	2139	27
282	5	1408	27
282	5	1669	24
282	5	1826	29
283	5	1095	27
283	5	1148	29
283	5	2087	24
284	5	365	24
284	5	626	29
284	5	1095	27
284	5	1826	30
284	5	2191	28
285	5	1095	27
285	5	1148	29
286	5	365	24
286	5	521	29
286	5	1356	27
286	5	1930	30
286	5	2243	28
287	5	1095	27
287	5	1304	29
288	5	417	24
288	5	730	29
289	5	991	27
289	5	1252	24
289	5	2087	29
291	5	469	24
291	5	834	29
292	5	1356	27
292	5	1617	24
292	5	1826	29
293	5	365	24
293	5	574	29
293	5	1043	27
293	5	2139	30
294	5	365	24
294	5	626	29
295	5	626	29
295	5	1878	27
295	5	2191	24
296	5	365	24
296	5	574	29
296	5	1617	27
297	5	1200	27
297	5	1461	24
297	5	1722	29
298	5	730	27
298	5	991	24
298	5	1200	29
299	5	365	24
299	5	626	29
300	5	887	27
300	5	1148	24
300	5	1826	29
301	5	365	24
301	5	574	29
301	5	1513	27
302	5	417	24
302	5	678	29
302	5	1617	27
303	5	365	24
303	5	521	29
303	5	1095	27
303	5	1878	30
303	5	2243	28
304	5	365	24
304	5	574	29
304	5	1878	27
306	5	365	24
306	5	626	29
306	5	1304	27
307	5	521	29
307	5	2191	27
308	5	521	24
308	5	574	29
309	5	365	24
309	5	574	29
309	5	1148	27
309	5	2035	30
310	5	365	24
310	5	834	29
310	5	1356	27
310	5	2087	28
310	5	2243	30
311	5	782	27
311	5	1043	24
311	5	1722	29
312	5	939	27
312	5	1200	24
312	5	1304	29
313	5	574	24
313	5	1148	29
314	5	1148	27
314	5	1408	29
315	5	521	24
315	5	834	29
315	5	1565	27
316	5	1982	27
316	5	2243	29
317	5	1148	27
317	5	1304	29
318	5	1356	27
318	5	1617	24
318	5	1774	29
319	5	1617	27
319	5	1878	29
320	5	1148	27
320	5	1252	29
321	5	365	24
321	5	678	29
322	5	365	24
322	5	574	29
322	5	1982	27
323	5	1774	27
323	5	1930	29
324	5	1252	27
324	5	1408	29
325	5	1148	27
325	5	1356	29
326	5	365	24
326	5	626	29
326	5	1878	27
327	5	1043	27
327	5	1148	29
327	5	1826	24
328	5	678	27
328	5	782	29
329	5	1252	27
329	5	1513	24
329	5	1617	29
330	5	678	27
330	5	939	24
330	5	1043	29
331	5	365	24
331	5	678	29
331	5	2035	27
332	5	469	24
332	5	678	29
332	5	1461	27
333	5	365	24
333	5	626	29
333	5	1722	27
334	5	1148	27
334	5	1304	29
335	5	365	24
335	5	626	29
336	5	365	24
336	5	678	29
336	5	1774	27
337	5	730	27
337	5	991	24
337	5	1252	29
338	5	939	27
338	5	1200	24
338	5	1930	28
338	5	2243	30
339	5	365	24
339	5	678	29
339	5	1982	27
340	5	1095	27
340	5	1148	29
341	5	1095	27
341	5	1148	29
341	5	1930	24
342	5	365	24
342	5	574	29
342	5	1200	27
343	5	365	24
343	5	626	29
344	5	1878	27
344	5	2139	24
344	5	2243	29
345	5	469	24
345	5	626	29
345	5	1461	27
346	5	417	24
346	5	782	29
346	5	1356	27
346	5	2191	30
347	5	469	24
347	5	730	29
348	5	365	24
348	5	678	29
348	5	1565	27
349	5	365	24
349	5	678	29
349	5	1200	27
350	5	1930	27
350	5	2191	29
351	5	417	24
351	5	678	29
352	5	417	24
352	5	834	29
352	5	1617	27
353	5	365	24
353	5	626	29
354	5	365	24
354	5	521	29
354	5	1095	27
355	5	417	24
355	5	678	29
356	5	678	27
356	5	939	24
356	5	1043	29
356	5	2295	28
357	5	417	24
357	5	730	29
358	5	887	27
358	5	1148	29
358	5	1878	24
360	5	521	24
360	5	939	29
361	5	417	24
361	5	730	29
361	5	1826	27
362	5	991	27
362	5	1252	24
362	5	2139	29
364	5	365	24
364	5	626	29
365	5	1513	27
365	5	1774	24
365	5	1982	29
366	5	574	24
366	5	991	29
366	5	1722	27
367	5	417	24
367	5	574	29
367	5	2087	27
368	5	365	24
368	5	626	29
368	5	1043	27
368	5	1878	30
368	5	2191	28
369	5	365	24
369	5	626	29
369	5	1356	27
370	5	730	27
370	5	991	24
370	5	1565	29
371	5	365	24
371	5	678	29
371	5	1982	27
372	5	678	27
372	5	730	29
373	5	834	27
373	5	1095	24
374	5	1356	27
374	5	1617	24
374	5	1722	29
375	5	1148	27
375	5	1356	29
376	5	417	24
376	5	834	29
376	5	2295	27
377	5	1148	27
377	5	1356	29
378	5	991	27
378	5	1148	29
379	5	521	24
379	5	782	29
379	5	1617	27
380	5	521	24
380	5	887	29
381	5	521	24
381	5	574	29
381	5	2191	27
382	5	365	24
382	5	678	29
382	5	2087	27
383	5	1252	27
383	5	1461	29
384	5	417	24
384	5	730	29
384	5	1774	27
385	5	521	24
385	5	574	29
386	5	417	24
386	5	730	29
387	5	417	24
387	5	626	29
387	5	1356	27
387	5	2295	30
388	5	1930	27
388	5	2087	29
389	5	365	24
389	5	626	29
390	5	365	24
390	5	626	29
391	5	365	24
391	5	678	29
391	5	1513	27
392	5	782	27
392	5	1043	24
392	5	1826	29
393	5	365	24
393	5	574	29
393	5	1513	27
394	5	521	24
394	5	626	29
395	5	469	24
395	5	939	29
396	5	365	24
396	5	626	29
396	5	1095	27
396	5	1774	28
396	5	1826	30
397	5	1148	27
397	5	1200	29
397	5	1930	24
397	5	2243	28
398	5	469	24
398	5	887	29
399	5	365	24
399	5	574	29
399	5	1617	27
400	5	417	24
400	5	730	29
400	5	2243	27
401	5	2035	29
402	5	469	24
402	5	834	29
402	5	1617	27
403	5	1878	27
403	5	2035	29
404	5	678	27
404	5	939	24
404	5	1148	29
405	5	626	29
405	5	1878	27
406	5	417	24
406	5	626	29
406	5	1513	27
407	5	1043	27
407	5	1148	29
409	5	991	27
409	5	1252	24
409	5	1408	29
410	5	782	27
410	5	1043	24
410	5	1356	29
411	5	365	24
411	5	521	29
411	5	1200	27
411	5	1930	30
412	5	365	24
412	5	678	29
412	5	1148	27
412	5	1878	30
412	5	2139	25
413	5	365	24
413	5	626	29
413	5	1043	27
413	5	1826	30
414	5	469	24
414	5	782	29
414	5	1565	27
414	5	2295	30
415	5	417	24
415	5	730	29
415	5	1565	27
416	5	1200	27
416	5	1461	24
416	5	1826	29
417	5	417	24
417	5	730	29
417	5	1878	27
418	5	417	24
418	5	730	29
418	5	1356	27
419	5	417	24
419	5	469	29
419	5	1408	27
420	5	730	27
420	5	991	24
420	5	1148	29
421	5	1878	27
421	5	2035	29
422	5	730	27
422	5	991	24
422	5	1461	29
423	5	991	27
423	5	1148	29
423	5	1722	24
424	5	365	24
424	5	626	29
424	5	1252	27
424	5	1982	30
424	5	2243	25
425	5	417	24
425	5	782	29
425	5	2087	27
426	5	991	29
426	5	1408	27
426	5	1722	24
426	5	2295	30
427	5	1930	27
427	5	2087	29
428	5	365	24
428	5	626	29
429	5	469	24
429	5	834	29
429	5	1565	27
430	5	365	24
430	5	626	29
430	5	2139	27
431	5	365	24
431	5	574	29
431	5	1304	27
432	5	365	24
432	5	782	29
432	5	1356	27
433	5	469	24
433	5	782	29
433	5	1774	27
434	5	365	24
434	5	678	29
434	5	1252	27
434	5	2035	30
434	5	2295	25
435	5	365	24
435	5	521	29
435	5	1304	27
436	5	365	24
436	5	678	29
436	5	1200	27
437	5	365	24
437	5	574	29
437	5	1930	27
438	5	521	24
438	5	991	29
438	5	1513	27
439	5	834	27
439	5	939	29
440	5	521	24
440	5	782	29
440	5	2295	27
441	5	1617	27
441	5	1878	24
442	5	521	24
442	5	626	29
442	5	1878	27
443	5	574	24
443	5	991	29
444	5	1461	27
444	5	1722	24
444	5	1826	29
445	5	365	24
445	5	626	29
445	5	1826	27
446	5	574	24
446	5	887	29
446	5	2243	27
447	5	1408	27
447	5	1669	24
447	5	1826	29
448	5	887	27
448	5	1148	24
448	5	1513	29
449	5	1930	27
449	5	2035	29
450	5	2139	27
451	5	678	27
451	5	730	29
451	5	1565	24
451	5	2243	28
452	5	417	24
452	5	730	29
452	5	2243	27
453	5	365	24
453	5	626	29
453	5	1095	27
454	5	1200	27
454	5	1461	29
455	5	1043	27
455	5	1095	29
455	5	1878	24
456	5	1200	27
456	5	1304	29
457	5	521	24
457	5	730	29
458	5	1565	27
458	5	1826	24
459	5	782	27
459	5	1043	24
459	5	1982	29
460	5	365	24
460	5	626	29
460	5	2035	27
461	5	365	24
461	5	574	29
461	5	1408	27
462	5	417	24
462	5	834	29
462	5	1930	27
463	5	417	24
463	5	678	29
463	5	1356	27
463	5	2191	30
464	5	782	27
464	5	1043	24
464	5	1148	29
465	5	365	24
465	5	626	29
465	5	1930	27
466	5	365	24
466	5	626	29
466	5	1461	27
467	5	365	24
467	5	626	29
467	5	1930	27
468	5	365	24
468	5	626	29
468	5	1982	27
469	5	365	24
469	5	574	29
469	5	1043	27
470	5	1304	27
470	5	1565	24
470	5	1982	29
471	5	1043	27
471	5	1304	29
471	5	2295	24
472	5	365	24
472	5	574	29
472	5	1878	27
473	5	521	24
473	5	887	29
473	5	1826	27
474	5	365	24
474	5	626	29
474	5	1304	27
475	5	834	27
475	5	1095	24
475	5	1252	29
476	5	1200	27
476	5	1461	24
476	5	1565	29
477	5	834	27
477	5	1095	24
478	5	521	24
478	5	626	29
480	5	521	24
480	5	991	29
481	5	417	24
481	5	678	29
481	5	1304	27
481	5	2139	30
482	5	469	24
482	5	834	29
483	5	1617	27
483	5	1878	24
483	5	2139	29
484	5	1930	27
484	5	1982	29
485	5	1095	27
485	5	1200	29
486	5	1148	27
486	5	1200	29
486	5	2139	24
487	5	365	24
487	5	626	29
487	5	1930	27
488	5	1148	27
488	5	1356	29
489	5	365	24
489	5	626	29
490	5	678	27
490	5	939	24
490	5	1043	29
490	5	1774	28
491	5	521	24
491	5	782	29
491	5	1930	27
492	5	834	27
492	5	1095	24
492	5	1200	29
492	5	1982	28
493	5	521	24
493	5	991	29
494	5	365	24
494	5	678	29
495	5	730	27
495	5	991	24
495	5	1095	29
495	5	1774	28
496	5	469	24
496	5	574	29
496	5	1565	27
497	5	365	24
497	5	574	29
498	5	469	24
498	5	782	29
499	5	469	24
499	5	782	29
500	5	365	24
500	5	626	29
500	5	1148	27
500	5	1826	30
501	5	1148	27
501	5	1408	24
501	5	1513	29
502	5	574	24
502	5	1043	29
502	5	2139	27
503	5	365	24
503	5	626	29
503	5	1722	27
503	5	1826	30
503	5	2139	28
505	5	1148	27
505	5	1408	24
505	5	1565	29
506	5	939	27
506	5	1095	29
507	5	1513	27
507	5	1722	29
508	5	365	24
508	5	678	29
508	5	1252	27
508	5	2087	30
510	5	1930	29
512	5	834	27
512	5	1095	24
512	5	1200	29
512	5	1878	28
513	5	834	27
513	5	1095	24
513	5	1200	29
514	5	417	24
514	5	730	29
514	5	1826	27
515	5	365	24
515	5	574	29
515	5	1408	27
516	5	1200	27
516	5	1461	24
516	5	1565	29
517	5	1200	27
517	5	1304	29
517	5	2243	24
518	5	939	29
519	5	417	24
519	5	678	29
519	5	1408	27
520	5	469	24
520	5	626	29
520	5	2191	27
521	5	365	24
521	5	626	29
521	5	1200	27
522	5	521	24
522	5	1043	29
522	5	1513	27
523	5	365	24
523	5	730	29
523	5	1669	27
524	5	1982	27
524	5	2243	24
525	5	417	24
525	5	730	29
525	5	1356	27
526	5	1878	29
527	5	365	24
527	5	626	29
527	5	2191	27
528	5	365	24
528	5	626	29
528	5	1461	27
529	5	365	24
529	5	678	29
529	5	1095	27
529	5	1878	30
529	5	2191	28
530	5	1148	27
530	5	1252	29
530	5	1982	24
530	5	2295	28
531	5	1043	27
531	5	1148	29
531	5	1774	24
532	5	834	27
532	5	1095	24
532	5	1200	29
533	5	1930	27
533	5	2087	29
534	5	365	24
534	5	678	29
534	5	2087	30
535	5	1461	27
535	5	1669	29
536	5	1200	27
536	5	1304	29
537	5	469	24
537	5	939	29
537	5	1617	27
538	5	365	24
538	5	626	29
538	5	1461	27
539	5	365	24
539	5	626	29
540	5	1878	27
540	5	2035	29
541	5	365	24
541	5	626	29
541	5	1982	27
542	5	887	27
542	5	939	29
543	5	1043	27
543	5	1200	29
543	5	1878	24
544	5	469	24
544	5	574	29
544	5	1356	27
544	5	2139	30
545	5	678	27
545	5	939	24
545	5	1617	29
546	5	1148	29
547	5	469	24
547	5	730	29
547	5	1408	27
547	5	2243	30
548	5	1252	27
548	5	1356	29
549	5	1148	27
549	5	1356	29
550	5	365	24
550	5	626	29
550	5	1148	27
550	5	1982	30
550	5	2295	28
551	5	365	24
551	5	626	29
551	5	1252	27
551	5	1930	30
552	5	1252	27
552	5	1408	29
553	5	574	24
553	5	782	29
553	5	2035	27
554	5	365	24
554	5	574	29
554	5	1304	27
555	5	365	24
555	5	574	29
555	5	1095	27
555	5	1826	28
555	5	1878	30
555	5	2191	25
556	5	730	27
556	5	939	29
556	5	1565	24
557	5	1356	27
557	5	1617	24
557	5	1930	29
558	5	365	24
558	5	678	29
558	5	2139	27
559	5	574	29
559	5	1461	27
559	5	1930	24
560	5	1252	27
560	5	1513	24
560	5	1669	29
561	5	730	27
561	5	991	24
561	5	1095	29
562	5	887	27
562	5	1148	24
562	5	1252	29
562	5	2295	28
563	5	574	24
563	5	991	29
563	5	1461	27
564	5	1252	27
564	5	1408	29
565	5	365	24
565	5	626	29
565	5	1252	27
565	5	1930	30
565	5	2243	28
566	5	365	24
566	5	678	29
567	5	574	24
567	5	834	29
568	5	365	24
568	5	574	29
568	5	1252	27
569	5	782	27
569	5	1043	24
569	5	1200	29
570	5	1200	27
570	5	1252	29
571	5	365	24
571	5	574	29
571	5	1774	27
572	5	1304	27
572	5	1461	29
573	5	2295	29
574	5	469	24
574	5	834	29
575	5	365	24
575	5	574	29
575	5	1043	27
575	5	1826	30
576	5	1095	27
576	5	1200	29
577	5	365	24
577	5	678	29
578	5	887	27
578	5	1148	24
578	5	1252	29
579	5	574	24
579	5	991	29
580	5	1930	27
580	5	2191	24
581	5	991	27
581	5	1148	29
581	5	1826	24
582	5	574	24
582	5	782	29
582	5	2035	27
583	5	365	24
583	5	678	29
583	5	1722	27
584	5	365	24
584	5	574	29
584	5	1982	27
585	5	365	24
585	5	626	29
585	5	1043	27
585	5	1774	28
585	5	1826	30
586	5	521	24
586	5	939	29
586	5	1461	27
587	5	365	24
587	5	521	29
587	5	1095	27
588	5	417	24
588	5	730	29
588	5	1722	27
589	5	417	24
589	5	521	29
589	5	1513	27
590	5	365	24
590	5	730	29
590	5	1565	27
591	5	1356	27
591	5	1617	24
591	5	1722	29
593	5	521	24
593	5	887	29
594	5	678	27
594	5	939	29
594	5	2139	24
595	5	365	24
595	5	626	29
595	5	1200	27
595	5	1982	30
595	5	2295	28
596	5	574	24
596	5	1043	29
596	5	1617	27
597	5	574	24
597	5	939	29
598	5	365	24
598	5	574	29
598	5	1826	27
599	5	365	24
599	5	626	29
599	5	1826	27
600	5	1513	27
600	5	1774	24
600	5	1878	29
601	5	469	24
601	5	782	29
602	5	1148	27
602	5	1408	24
602	5	1565	29
603	5	678	27
603	5	939	29
604	5	730	27
604	5	991	24
604	5	1095	29
604	5	2035	28
605	5	1043	27
605	5	1304	29
606	5	521	24
606	5	678	29
606	5	1565	27
607	5	365	24
607	5	574	29
607	5	1461	27
608	5	417	24
608	5	730	29
608	5	1513	27
610	5	2139	27
610	5	2191	29
611	5	574	24
611	5	1043	29
611	5	2035	27
612	5	1043	27
612	5	1200	29
612	5	2035	24
613	5	1148	27
613	5	1408	24
613	5	1513	29
614	5	1095	27
614	5	1200	29
615	5	782	27
615	5	1043	29
616	5	939	27
616	5	1200	29
617	5	1878	27
617	5	2035	29
618	5	1930	27
618	5	2191	24
619	5	834	27
619	5	1095	24
619	5	1200	29
620	5	365	24
620	5	626	29
621	5	834	27
621	5	1043	29
621	5	1669	24
622	5	365	24
622	5	626	29
623	5	1043	27
623	5	1252	29
624	5	417	24
624	5	730	29
625	5	1043	27
625	5	1148	29
626	5	417	24
626	5	782	29
626	5	1461	27
627	5	417	24
627	5	626	29
627	5	1617	27
628	5	469	24
628	5	991	29
628	5	1774	27
629	5	574	29
629	5	2035	27
630	5	730	27
630	5	991	24
630	5	1200	29
631	5	521	24
631	5	939	29
631	5	1565	27
631	5	2243	30
632	5	365	24
632	5	626	29
633	5	1408	27
633	5	1669	24
633	5	1774	29
634	5	1095	27
634	5	1200	29
635	5	1304	27
635	5	1513	29
636	5	2087	27
637	5	887	27
637	5	1148	24
637	5	1408	29
638	5	1826	27
638	5	1878	29
639	5	365	24
639	5	574	29
639	5	1304	27
640	5	678	27
640	5	939	24
640	5	1982	29
641	5	469	24
641	5	991	29
642	5	1095	27
642	5	1200	29
643	5	2191	27
644	5	417	24
644	5	730	29
645	5	678	27
645	5	939	29
645	5	1669	24
646	5	365	24
646	5	626	29
646	5	1304	27
647	5	1304	27
647	5	1565	24
647	5	2295	29
648	5	678	27
648	5	939	24
648	5	1148	29
649	5	365	24
649	5	626	29
649	5	1617	27
650	5	1304	27
650	5	1565	24
650	5	1669	29
651	5	417	24
651	5	678	29
652	5	469	24
652	5	730	29
652	5	1722	27
653	5	417	24
653	5	782	29
653	5	1722	27
654	5	730	27
654	5	834	29
655	5	574	24
655	5	1043	29
655	5	1826	27
656	5	521	24
656	5	887	29
656	5	1722	27
657	5	417	24
657	5	834	29
658	5	417	24
658	5	782	29
658	5	1408	27
658	5	2295	30
659	5	1095	27
659	5	1200	29
660	5	730	27
660	5	991	24
660	5	1878	28
660	5	2191	30
661	5	365	24
661	5	678	29
661	5	1565	27
662	5	521	24
662	5	887	29
662	5	1617	27
663	5	939	27
663	5	1200	29
664	5	365	24
664	5	574	29
664	5	1408	27
664	5	2191	30
665	5	365	24
665	5	678	29
665	5	1617	27
666	5	365	24
666	5	626	29
666	5	1878	27
667	5	365	24
667	5	521	29
668	5	834	27
668	5	1095	29
668	5	2035	24
669	5	678	27
669	5	939	24
669	5	1095	29
669	5	2139	28
670	5	730	27
670	5	991	24
670	5	1252	29
671	5	1148	27
671	5	1408	24
671	5	1722	29
672	5	730	27
672	5	991	29
673	5	678	27
673	5	939	24
673	5	1252	29
674	5	574	29
674	5	1356	27
675	5	1043	27
675	5	1200	29
675	5	1722	24
676	5	365	24
676	5	626	29
676	5	1252	27
677	5	730	27
677	5	991	24
677	5	1095	29
677	5	2035	28
678	5	417	24
678	5	626	29
678	5	1878	27
679	5	1095	27
679	5	1252	29
680	5	887	27
680	5	1148	29
680	5	1722	24
681	5	834	27
681	5	991	29
682	5	417	24
682	5	574	29
682	5	1982	27
683	5	1148	27
683	5	1408	29
684	5	991	27
684	5	1095	29
684	5	1669	24
685	5	469	24
685	5	730	29
686	5	417	24
686	5	730	29
687	5	1252	27
687	5	1408	29
688	5	1148	27
688	5	1304	29
689	5	1095	27
689	5	1252	29
690	5	469	24
690	5	939	29
691	5	365	24
691	5	678	29
691	5	1356	27
691	5	2191	28
691	5	2243	30
692	5	469	24
692	5	782	29
692	5	1356	27
693	5	521	24
693	5	887	29
693	5	1513	27
694	5	417	24
694	5	887	29
694	5	1669	27
695	5	365	24
695	5	574	29
695	5	1878	27
696	5	782	27
696	5	1043	24
696	5	1304	29
697	5	417	24
697	5	574	29
697	5	1513	27
698	5	1356	27
698	5	1617	24
698	5	1774	29
699	5	521	24
699	5	887	29
699	5	1774	27
700	5	469	24
700	5	887	29
701	5	782	27
701	5	1043	24
701	5	1148	29
701	5	1930	28
702	5	521	24
702	5	887	29
703	5	365	24
703	5	521	29
703	5	1408	27
704	5	1878	27
704	5	2087	29
705	5	834	27
705	5	1095	24
705	5	1200	29
705	5	2243	28
706	5	365	24
706	5	626	29
706	5	1930	27
707	5	417	24
707	5	626	29
707	5	2243	27
708	5	1043	27
708	5	1200	29
709	5	417	24
709	5	730	29
709	5	1461	27
710	5	365	24
710	5	521	29
710	5	1356	27
711	5	991	27
711	5	1148	29
711	5	1878	24
712	5	574	29
712	5	1565	27
713	5	1565	27
713	5	1826	24
714	5	365	24
714	5	678	29
715	5	678	27
715	5	939	29
716	5	365	24
716	5	626	29
717	5	991	27
717	5	1095	29
717	5	1669	24
718	5	365	24
718	5	626	29
718	5	1408	27
719	5	574	29
720	5	1878	27
720	5	1930	29
721	5	574	24
721	5	1043	29
721	5	1669	27
722	5	365	24
722	5	521	29
722	5	1095	27
723	5	678	27
723	5	834	29
724	5	574	24
724	5	1878	29
725	5	417	24
725	5	574	29
725	5	1513	27
726	5	521	24
726	5	939	29
726	5	1461	27
727	5	1148	27
727	5	1356	29
728	5	1826	27
728	5	1930	29
729	5	417	24
729	5	730	29
729	5	2295	27
730	5	521	24
730	5	1095	29
731	5	365	24
731	5	626	29
731	5	1930	27
732	5	417	24
732	5	730	29
733	5	417	24
733	5	626	29
733	5	1408	27
734	5	365	24
734	5	521	29
734	5	1617	27
735	5	1930	27
735	5	2087	29
736	5	939	27
736	5	1148	29
737	5	417	24
737	5	678	29
737	5	1461	27
737	5	2139	30
738	5	417	24
738	5	730	29
738	5	1356	27
738	5	2139	28
739	5	1043	27
739	5	1148	29
741	5	417	24
741	5	782	29
742	5	365	24
742	5	626	29
742	5	1200	27
742	5	2035	30
743	5	365	24
743	5	626	29
743	5	1826	27
744	5	1095	27
744	5	1148	29
744	5	1878	24
745	5	887	27
745	5	1148	24
745	5	1878	28
745	5	2191	30
746	5	1200	27
746	5	1304	29
747	5	521	24
747	5	939	29
748	5	1930	27
748	5	2035	29
749	5	1095	27
749	5	1356	24
749	5	1774	29
750	5	469	24
750	5	678	29
750	5	2295	27
751	5	991	27
751	5	1252	24
751	5	1461	29
752	5	730	27
752	5	991	24
752	5	1148	29
752	5	1982	28
753	5	365	24
753	5	678	29
753	5	1304	27
753	5	2191	30
754	5	365	24
754	5	626	29
754	5	1408	27
755	5	365	24
755	5	626	29
755	5	1878	27
756	5	365	24
756	5	626	29
756	5	1252	27
756	5	2243	30
757	5	1408	27
757	5	1669	24
757	5	1930	29
758	5	365	24
758	5	626	29
759	5	1200	27
759	5	1461	24
759	5	1565	29
760	5	521	24
760	5	1095	29
761	5	521	24
761	5	574	29
761	5	2087	27
762	5	417	24
762	5	678	29
762	5	1774	27
763	5	1095	27
763	5	1148	29
763	5	1982	24
763	5	2295	28
764	5	521	24
764	5	887	29
765	5	365	24
765	5	521	29
765	5	1930	27
766	5	365	24
766	5	834	29
767	5	1043	27
767	5	1148	29
767	5	2087	24
768	5	1304	27
768	5	1565	29
769	5	678	27
769	5	939	24
769	5	1200	29
770	5	1878	27
770	5	2035	29
771	5	1043	27
771	5	1200	29
772	5	730	27
772	5	991	24
772	5	1304	29
773	5	1356	27
773	5	1617	29
774	5	365	24
774	5	574	29
774	5	1252	27
775	5	1043	27
775	5	1304	24
775	5	1513	29
776	5	365	24
776	5	574	29
776	5	1200	27
776	5	2191	30
777	5	1930	27
777	5	2139	29
778	5	417	24
778	5	730	29
778	5	2087	27
779	5	1878	27
779	5	1982	29
780	5	469	24
780	5	939	29
781	5	469	24
781	5	626	29
781	5	1565	27
782	5	469	24
782	5	834	29
782	5	2295	27
783	5	1356	27
783	5	1617	29
784	5	365	24
784	5	730	29
785	5	469	24
785	5	782	29
786	5	678	27
786	5	939	24
786	5	1356	29
787	5	1200	27
787	5	1408	29
787	5	2295	24
788	5	365	24
788	5	730	29
788	5	1774	27
789	5	1043	27
789	5	1148	29
789	5	1774	24
790	5	730	27
790	5	991	24
790	5	1148	29
791	5	1200	27
791	5	1461	24
791	5	1565	29
792	5	417	24
792	5	782	29
793	5	365	24
793	5	626	29
793	5	1669	27
794	5	365	24
794	5	574	29
794	5	2035	27
795	5	1408	27
795	5	1669	24
795	5	1878	29
796	5	1200	27
796	5	1461	24
796	5	1565	29
797	5	365	24
797	5	730	29
798	5	887	27
798	5	1148	24
798	5	1252	29
799	5	2295	27
800	5	1148	27
800	5	1408	29
801	5	1252	27
801	5	1408	29
801	5	2191	24
802	5	469	24
802	5	834	29
802	5	1722	27
803	5	469	24
803	5	730	29
803	5	1513	27
804	5	469	24
804	5	782	29
804	5	1930	27
805	5	2295	27
806	5	1252	27
806	5	1461	29
807	5	365	24
807	5	678	29
807	5	1722	27
807	5	1878	30
808	5	1930	27
808	5	2035	29
809	5	1669	27
809	5	1774	29
810	5	365	24
810	5	626	29
810	5	1461	27
811	5	365	24
811	5	678	29
812	5	365	24
812	5	574	29
812	5	1408	27
812	5	2295	28
813	5	469	24
813	5	887	29
814	5	521	24
814	5	939	29
815	5	365	24
815	5	574	29
816	5	1043	27
816	5	1200	29
817	5	2035	27
817	5	2243	29
818	5	521	24
818	5	730	29
818	5	1826	27
819	5	1304	27
819	5	1565	24
819	5	1669	29
820	5	521	24
820	5	782	29
821	5	1095	27
821	5	1200	29
822	5	365	24
822	5	574	29
822	5	1826	27
823	5	365	24
823	5	678	29
823	5	1982	27
823	5	2087	30
824	5	991	27
824	5	1148	29
824	5	1722	24
825	5	834	27
825	5	1095	29
825	5	1722	24
826	5	834	27
826	5	1095	29
827	5	574	29
828	5	1148	27
828	5	1304	29
828	5	2243	24
829	5	1930	29
830	5	1043	27
830	5	1200	29
831	5	417	24
831	5	521	29
831	5	1356	27
831	5	2035	30
832	5	365	24
832	5	730	29
832	5	1252	27
832	5	2035	30
833	5	1095	27
833	5	1148	29
834	5	365	24
834	5	730	29
834	5	1356	27
834	5	2139	30
835	5	469	24
835	5	834	29
836	5	1982	27
836	5	2035	29
837	5	1095	27
837	5	1304	29
837	5	2295	24
838	5	365	24
838	5	469	29
838	5	1408	27
838	5	2295	30
839	5	1304	27
839	5	1356	29
839	5	2243	24
840	5	365	24
840	5	469	29
840	5	1043	27
840	5	1826	30
841	5	417	24
841	5	678	29
842	5	678	27
842	5	939	24
842	5	1043	29
842	5	2087	28
843	5	365	24
843	5	626	29
843	5	1148	27
843	5	1826	30
843	5	2139	28
844	5	1095	27
844	5	1304	29
845	5	1148	27
845	5	1304	29
846	5	1304	27
846	5	1461	29
847	5	1148	27
847	5	1252	29
847	5	1982	24
847	5	2295	28
848	5	365	24
848	5	521	29
848	5	1095	27
849	5	1878	27
849	5	2087	29
850	5	365	24
850	5	574	29
850	5	1252	27
851	5	2087	27
852	5	782	27
852	5	1043	24
853	5	1200	27
853	5	1356	29
854	5	1043	27
854	5	1200	29
854	5	1722	24
855	5	417	24
855	5	626	29
856	5	469	24
856	5	730	29
857	5	1148	27
857	5	1408	24
857	5	1565	29
858	5	574	24
858	5	887	29
858	5	1669	27
859	5	626	29
860	5	1461	29
861	5	365	24
861	5	678	29
862	5	1408	27
862	5	1513	29
863	5	417	24
863	5	521	29
863	5	1356	27
864	5	365	24
864	5	574	29
864	5	1200	27
864	5	2035	30
865	5	365	24
865	5	626	29
865	5	1930	27
866	5	365	24
866	5	626	29
866	5	1722	27
867	5	574	24
867	5	782	29
868	5	417	24
868	5	678	29
868	5	1878	27
869	5	834	27
869	5	1095	29
869	5	1669	24
870	5	1043	27
870	5	1148	29
871	5	1095	27
871	5	1148	29
871	5	2191	24
873	5	365	24
873	5	574	29
873	5	1148	27
875	5	417	24
875	5	678	29
875	5	1722	27
876	5	365	24
876	5	626	29
877	5	365	24
877	5	574	29
877	5	1095	27
877	5	1826	30
878	5	1148	27
878	5	1200	29
878	5	2295	24
879	5	521	24
879	5	730	29
879	5	2295	27
880	5	365	24
880	5	678	29
881	5	782	27
881	5	1043	24
881	5	2295	29
882	5	1148	27
882	5	1304	29
883	5	1565	27
883	5	1826	24
883	5	1930	29
884	5	417	24
884	5	678	29
884	5	2139	27
885	5	365	24
885	5	730	29
886	5	730	27
886	5	991	24
886	5	1148	29
887	5	469	24
887	5	574	29
888	5	887	27
888	5	1148	24
888	5	1878	29
889	5	1200	27
889	5	1461	29
890	5	1148	27
890	5	1252	29
890	5	2035	24
891	5	417	24
891	5	626	29
892	5	1408	27
892	5	1617	29
893	5	417	24
893	5	678	29
894	5	417	24
894	5	887	29
895	5	521	24
895	5	782	29
895	5	1982	27
896	5	417	24
896	5	678	29
897	5	365	24
897	5	678	29
897	5	1461	27
898	5	365	24
898	5	521	29
898	5	1304	27
899	5	365	24
899	5	678	29
899	5	1304	27
900	5	782	27
900	5	1043	24
900	5	1252	29
901	5	365	24
901	5	626	29
901	5	2191	27
902	5	730	27
902	5	991	24
902	5	1095	29
902	5	1826	28
903	5	365	24
903	5	574	29
903	5	1408	27
903	5	2035	30
905	5	1043	27
905	5	1148	29
906	5	365	24
906	5	574	29
907	5	1878	27
907	5	2139	24
907	5	2243	29
908	5	365	24
908	5	678	29
908	5	1617	27
909	5	1878	27
909	5	2035	29
910	5	1043	27
910	5	1252	29
911	5	782	27
911	5	1043	24
911	5	1565	29
912	5	417	24
912	5	521	29
913	5	1200	27
913	5	1408	29
913	5	2191	24
914	5	678	27
914	5	939	24
914	5	1043	29
915	5	1148	27
915	5	1304	29
916	5	365	24
916	5	574	29
916	5	1356	27
917	5	521	24
917	5	626	29
917	5	2191	27
918	5	1148	27
918	5	1252	29
919	5	1148	27
919	5	1408	24
919	5	1513	29
920	5	678	27
920	5	939	24
920	5	1408	29
921	5	574	24
921	5	939	29
922	5	469	24
922	5	730	29
922	5	2035	27
923	5	1148	27
923	5	1408	29
924	5	417	24
924	5	730	29
924	5	1252	27
925	5	365	24
925	5	678	29
926	5	417	24
926	5	782	29
926	5	1513	27
927	5	782	27
927	5	939	29
927	5	2295	24
929	5	417	24
929	5	730	29
929	5	1513	27
930	5	1982	27
930	5	2243	24
931	5	365	24
931	5	574	29
931	5	1148	27
931	5	1982	30
932	5	1043	27
932	5	1148	29
932	5	2035	24
933	5	1148	27
933	5	1304	29
933	5	2035	24
934	5	939	27
934	5	1043	29
935	5	365	24
935	5	678	29
935	5	2191	27
936	5	574	24
936	5	991	29
936	5	2295	27
937	5	730	27
937	5	991	24
937	5	1774	29
938	5	887	27
938	5	1095	29
938	5	2191	24
939	5	1095	27
939	5	1356	24
939	5	1513	29
940	5	469	24
940	5	782	29
940	5	1461	27
941	5	365	24
941	5	626	29
941	5	1304	27
941	5	2191	30
942	5	365	24
942	5	521	29
942	5	1200	27
943	5	574	24
943	5	2035	29
944	5	521	24
944	5	887	29
944	5	1982	27
945	5	1304	27
945	5	1565	24
945	5	1878	29
946	5	574	24
946	5	991	29
946	5	1930	27
947	5	365	24
947	5	730	29
947	5	1200	27
947	5	1930	30
947	5	2243	28
948	5	365	24
948	5	678	29
949	5	365	24
949	5	521	29
949	5	1043	27
949	5	1826	30
950	5	365	24
950	5	678	29
951	5	2087	27
952	5	1826	27
952	5	2087	24
953	5	365	24
953	5	678	29
953	5	1356	27
954	5	365	24
954	5	574	29
954	5	1356	27
955	5	1982	27
955	5	2243	24
956	5	574	24
956	5	1826	29
957	5	1252	27
957	5	1304	29
958	5	991	27
958	5	1252	24
958	5	1669	29
959	5	2191	27
960	5	521	24
960	5	991	29
960	5	1722	27
961	5	469	24
961	5	887	29
961	5	1722	27
962	5	1930	27
962	5	2035	29
963	5	417	24
963	5	730	29
963	5	2087	27
964	5	365	24
964	5	678	29
964	5	1252	27
964	5	2087	30
965	5	730	27
965	5	991	24
965	5	1148	29
966	5	365	24
966	5	574	29
966	5	1826	27
967	5	1148	27
967	5	1408	24
967	5	1722	29
968	5	469	24
968	5	730	29
968	5	2035	27
969	5	521	24
969	5	782	29
969	5	1669	27
971	5	417	24
971	5	626	29
971	5	1565	27
972	5	365	24
972	5	574	29
972	5	1095	27
972	5	1878	30
972	5	2243	28
973	5	469	24
973	5	626	29
974	5	469	24
974	5	626	29
975	5	1148	27
975	5	1304	29
976	5	469	24
976	5	730	29
976	5	1461	27
976	5	2191	30
977	5	1669	27
977	5	1930	24
977	5	2035	29
978	5	365	24
978	5	626	29
978	5	1461	27
979	5	1200	27
979	5	1356	29
979	5	2035	24
980	5	1565	27
980	5	1826	24
980	5	1930	29
981	5	834	27
981	5	1043	29
981	5	1617	24
982	5	417	24
982	5	730	29
983	5	365	24
983	5	574	29
984	5	887	27
984	5	1148	24
984	5	1252	29
985	5	1043	29
985	5	1513	27
985	5	1878	24
986	5	2139	27
986	5	2191	29
987	5	1043	27
987	5	1304	24
987	5	1617	29
988	5	417	24
988	5	678	29
988	5	2087	27
989	5	365	24
989	5	626	29
989	5	2139	27
990	5	1617	27
990	5	1826	29
992	5	1669	27
992	5	1930	24
992	5	2139	29
993	5	730	27
993	5	991	24
994	5	1878	27
994	5	2035	29
995	5	365	24
995	5	626	29
996	5	1095	27
996	5	1356	24
996	5	1461	29
997	5	2191	27
997	5	2295	29
998	5	417	24
998	5	834	29
998	5	1356	27
998	5	2087	30
999	5	1252	27
999	5	1513	24
999	5	1617	29
