Realization	utility	week	infra.
0	0	626	29
1	0	626	29
2	0	834	30
3	0	1252	30
4	0	834	30
5	0	782	30
6	0	887	30
7	0	1565	30
8	0	1043	30
10	0	574	29
12	0	1930	30
13	0	1669	30
14	0	678	30
15	0	730	30
16	0	678	29
17	0	574	29
18	0	730	30
20	0	834	30
21	0	678	30
22	0	1774	30
23	0	730	30
24	0	730	30
25	0	2139	30
26	0	1043	30
27	0	678	30
28	0	1617	30
29	0	1669	30
30	0	1826	30
31	0	834	30
32	0	1669	30
33	0	1043	30
34	0	1565	30
35	0	782	30
36	0	782	30
37	0	1043	30
38	0	939	30
39	0	887	30
40	0	574	29
41	0	1565	30
42	0	1617	30
43	0	730	30
45	0	730	29
46	0	782	30
47	0	1669	30
49	0	834	30
50	0	2139	30
52	0	2191	30
53	0	782	30
55	0	887	30
56	0	1722	30
57	0	730	30
58	0	834	30
59	0	834	30
60	0	2035	30
61	0	834	30
62	0	834	30
63	0	991	30
65	0	1565	30
66	0	1878	30
67	0	1617	30
68	0	1982	30
69	0	1148	30
70	0	782	30
71	0	1669	30
73	0	2243	30
74	0	1722	30
75	0	678	29
76	0	1930	30
77	0	2035	30
78	0	1878	30
79	0	1617	30
80	0	730	29
81	0	939	30
82	0	1304	30
83	0	1617	30
84	0	834	30
85	0	2295	30
86	0	1669	30
87	0	678	30
88	0	1565	30
89	0	1669	30
90	0	1878	30
91	0	834	30
92	0	730	30
93	0	1878	30
95	0	1774	30
96	0	1565	30
97	0	1774	30
98	0	1826	30
99	0	1617	30
100	0	1878	30
101	0	939	30
102	0	991	30
103	0	1722	30
104	0	678	30
106	0	1043	30
107	0	574	29
108	0	730	30
109	0	1774	30
110	0	730	30
111	0	939	30
112	0	1617	30
113	0	678	30
114	0	939	30
115	0	1982	30
116	0	1982	30
117	0	1669	30
118	0	1722	30
119	0	1774	30
120	0	1669	30
121	0	1930	30
122	0	626	29
124	0	678	29
125	0	834	30
126	0	626	30
127	0	626	29
128	0	574	29
129	0	1669	30
130	0	782	30
131	0	939	30
132	0	574	29
133	0	939	30
134	0	1722	30
135	0	730	30
136	0	626	30
137	0	1565	30
138	0	626	29
139	0	626	29
139	0	2087	30
141	0	834	30
142	0	1722	30
143	0	1826	30
145	0	1722	30
146	0	782	30
147	0	939	30
148	0	1878	30
149	0	626	29
150	0	782	30
151	0	1722	30
152	0	834	30
153	0	1565	30
154	0	678	29
155	0	521	29
156	0	574	29
158	0	887	30
159	0	574	29
160	0	1565	30
161	0	2191	30
162	0	1617	30
163	0	1722	30
164	0	782	30
165	0	782	30
167	0	1774	30
169	0	626	29
170	0	626	29
171	0	1826	30
172	0	1617	30
173	0	1878	30
174	0	1669	30
175	0	939	30
176	0	626	29
179	0	782	30
181	0	730	30
182	0	1565	30
183	0	730	30
184	0	1669	30
185	0	887	30
187	0	1148	30
188	0	1878	30
189	0	1565	30
190	0	1669	30
191	0	678	29
192	0	991	30
193	0	991	30
194	0	1565	30
196	0	626	30
198	0	939	30
199	0	626	29
200	0	1722	30
202	0	1148	30
203	0	1669	30
204	0	782	30
205	0	1826	30
206	0	574	29
206	0	1826	30
207	0	626	29
208	0	678	30
210	0	834	30
211	0	2087	30
212	0	1148	30
213	0	2191	30
214	0	1669	30
215	0	1774	30
216	0	1826	30
217	0	1252	30
218	0	1565	30
220	0	1930	30
221	0	1043	30
223	0	1722	30
224	0	1722	30
225	0	574	29
226	0	782	30
227	0	939	30
228	0	678	30
229	0	1617	30
230	0	678	30
231	0	626	30
232	0	678	29
233	0	1826	30
235	0	2035	30
236	0	1774	30
239	0	1774	30
240	0	678	30
241	0	1095	30
242	0	991	30
243	0	678	30
244	0	730	30
245	0	1669	30
248	0	730	30
249	0	678	30
250	0	626	29
251	0	939	30
252	0	2139	30
253	0	1722	30
255	0	1774	30
256	0	1669	30
257	0	1356	30
258	0	626	29
259	0	574	29
260	0	730	30
262	0	1095	30
263	0	1669	30
264	0	991	30
265	0	782	30
266	0	991	30
267	0	678	30
268	0	1617	30
269	0	678	29
270	0	1617	30
271	0	834	30
272	0	678	30
274	0	1722	30
275	0	2191	30
277	0	1617	30
278	0	2087	30
279	0	1774	30
280	0	1617	30
282	0	1826	30
283	0	1722	30
284	0	626	29
285	0	1669	30
286	0	678	30
287	0	1774	30
288	0	887	30
291	0	1043	30
292	0	2035	30
293	0	521	29
294	0	678	29
295	0	1617	30
296	0	730	30
297	0	2191	30
298	0	1200	30
299	0	574	29
300	0	1826	30
301	0	521	29
302	0	626	29
303	0	730	30
304	0	678	30
306	0	730	30
307	0	1565	30
308	0	1565	30
309	0	521	29
310	0	834	30
311	0	1774	30
312	0	1617	30
313	0	1565	30
314	0	1617	30
315	0	1095	30
317	0	1774	30
318	0	2035	30
320	0	1252	30
321	0	626	29
322	0	574	30
324	0	1565	30
325	0	1356	30
326	0	626	29
327	0	1669	30
328	0	1669	30
329	0	1930	30
330	0	1095	30
331	0	678	29
332	0	887	30
333	0	678	29
334	0	1774	30
335	0	574	29
336	0	678	29
337	0	1722	30
338	0	1982	30
339	0	782	30
340	0	1669	30
341	0	1722	30
342	0	521	29
343	0	574	29
345	0	991	30
346	0	834	30
347	0	730	29
348	0	678	29
349	0	730	30
351	0	887	30
352	0	887	30
353	0	730	30
354	0	626	30
355	0	782	30
356	0	1200	30
357	0	939	30
358	0	1617	30
360	0	1565	30
361	0	834	30
364	0	678	29
365	0	2191	30
366	0	1617	30
367	0	574	29
368	0	574	29
369	0	730	30
370	0	1722	30
371	0	834	30
372	0	1669	30
373	0	1826	30
374	0	2035	30
375	0	1826	30
376	0	887	30
377	0	1826	30
378	0	1617	30
379	0	1565	30
380	0	1826	30
381	0	1565	30
382	0	730	29
383	0	1930	30
384	0	887	30
385	0	1565	30
386	0	834	30
387	0	834	30
389	0	626	29
390	0	574	29
391	0	782	30
392	0	1878	30
393	0	521	29
394	0	991	30
395	0	1043	30
396	0	574	29
397	0	1774	30
398	0	1043	30
399	0	678	30
400	0	887	30
402	0	939	30
404	0	1669	30
405	0	1669	30
406	0	887	30
407	0	1669	30
409	0	1617	30
410	0	1826	30
411	0	626	30
412	0	730	29
412	0	1982	30
413	0	574	29
413	0	1930	30
414	0	887	30
415	0	678	29
416	0	2035	30
417	0	730	30
418	0	730	30
419	0	678	30
420	0	1200	30
422	0	1774	30
423	0	1617	30
424	0	678	30
425	0	939	30
426	0	1617	30
428	0	730	30
429	0	939	30
430	0	782	30
431	0	678	30
432	0	887	30
433	0	1043	30
434	0	834	30
435	0	626	30
436	0	626	29
437	0	626	29
438	0	1565	30
439	0	1826	30
440	0	939	30
442	0	1095	30
443	0	1617	30
444	0	2191	30
445	0	574	29
446	0	1356	30
447	0	2139	30
448	0	1617	30
451	0	1617	30
452	0	887	30
453	0	730	30
454	0	1878	30
455	0	1669	30
456	0	1826	30
457	0	1200	30
458	0	2295	30
459	0	1826	30
460	0	626	29
461	0	678	30
462	0	991	30
463	0	939	30
464	0	1774	30
465	0	626	29
466	0	730	30
467	0	678	30
468	0	574	29
469	0	574	29
470	0	2139	30
471	0	1669	30
472	0	834	30
473	0	1095	30
474	0	730	30
475	0	1826	30
476	0	1878	30
477	0	1826	30
478	0	1565	30
480	0	1617	30
481	0	834	30
482	0	834	30
483	0	2243	30
485	0	1722	30
486	0	1774	30
487	0	574	29
488	0	1826	30
489	0	574	29
490	0	1669	30
491	0	939	30
492	0	1565	30
494	0	782	30
495	0	1095	30
496	0	1565	30
497	0	626	30
498	0	1043	30
499	0	834	30
500	0	574	29
501	0	1826	30
502	0	1617	30
503	0	574	29
503	0	2087	30
505	0	1826	30
506	0	1617	30
507	0	2191	30
508	0	678	29
512	0	1148	30
513	0	1148	30
514	0	887	30
515	0	574	29
516	0	1878	30
517	0	1826	30
518	0	1565	30
519	0	834	30
520	0	887	30
521	0	626	29
522	0	1617	30
523	0	730	30
525	0	887	30
527	0	678	30
528	0	574	29
529	0	626	29
530	0	1408	30
531	0	1200	30
532	0	1200	30
534	0	626	29
535	0	2191	30
536	0	1878	30
537	0	991	30
538	0	678	30
539	0	626	29
541	0	782	30
542	0	1826	30
543	0	1669	30
544	0	782	30
545	0	1669	30
546	0	1774	30
547	0	939	30
548	0	1774	30
549	0	1826	30
550	0	730	30
551	0	678	30
552	0	1930	30
553	0	1617	30
554	0	626	30
555	0	521	29
555	0	2087	30
556	0	1043	30
557	0	2243	30
558	0	678	30
559	0	1617	30
560	0	1930	30
561	0	1148	30
562	0	1617	30
563	0	1565	30
564	0	1878	30
565	0	782	30
566	0	782	30
567	0	1617	30
568	0	730	30
569	0	1774	30
570	0	1878	30
571	0	521	29
572	0	1982	30
574	0	1043	30
575	0	521	29
576	0	1722	30
577	0	626	29
578	0	1617	30
579	0	1669	30
581	0	1617	30
582	0	1617	30
583	0	678	29
584	0	834	30
585	0	626	29
585	0	1878	30
586	0	1617	30
587	0	626	30
588	0	887	30
589	0	834	30
590	0	678	29
591	0	2035	30
593	0	1252	30
594	0	1669	30
595	0	678	29
596	0	1565	30
597	0	1148	30
598	0	521	29
599	0	574	29
600	0	2243	30
601	0	782	30
602	0	1774	30
603	0	991	30
604	0	1669	30
605	0	1669	30
606	0	1043	30
607	0	626	30
608	0	887	30
611	0	1617	30
612	0	1200	30
613	0	1826	30
614	0	1722	30
615	0	1774	30
616	0	1617	30
619	0	1826	30
620	0	678	29
621	0	1565	30
622	0	678	30
623	0	1669	30
624	0	834	30
625	0	1669	30
626	0	939	30
627	0	939	30
628	0	991	30
629	0	1774	30
630	0	1200	30
631	0	939	30
632	0	574	29
633	0	2087	30
634	0	1356	30
635	0	1930	30
639	0	678	30
640	0	1669	30
641	0	1043	30
642	0	1722	30
644	0	887	30
645	0	1200	30
646	0	626	29
647	0	2035	30
648	0	1669	30
649	0	887	30
650	0	2035	30
651	0	887	30
652	0	991	30
653	0	939	30
654	0	1722	30
655	0	939	30
656	0	1565	30
657	0	887	30
658	0	887	30
659	0	1722	30
660	0	1930	30
661	0	678	29
662	0	887	30
663	0	1617	30
664	0	730	30
665	0	782	30
666	0	626	29
667	0	730	30
668	0	1565	30
669	0	1722	30
670	0	1774	30
671	0	1878	30
672	0	1774	30
673	0	1669	30
674	0	1617	30
675	0	1617	30
676	0	574	29
677	0	1043	30
678	0	730	30
679	0	1774	30
680	0	1617	30
681	0	1826	30
682	0	887	30
683	0	1774	30
684	0	1617	30
685	0	991	30
686	0	678	29
687	0	1930	30
688	0	1774	30
689	0	1722	30
690	0	991	30
691	0	678	29
692	0	939	30
693	0	887	30
694	0	887	30
695	0	574	29
696	0	1826	30
697	0	782	30
698	0	1826	30
699	0	1565	30
700	0	1043	30
701	0	1095	30
702	0	1565	30
703	0	834	30
705	0	1565	30
706	0	678	30
707	0	834	30
708	0	1669	30
709	0	887	30
710	0	939	30
711	0	1617	30
712	0	1669	30
714	0	678	29
715	0	1669	30
716	0	574	29
717	0	1617	30
718	0	834	30
719	0	1722	30
721	0	1565	30
722	0	678	30
723	0	834	30
724	0	1617	30
725	0	834	30
726	0	1565	30
727	0	1774	30
729	0	834	30
730	0	1565	30
731	0	730	30
732	0	887	30
733	0	782	30
734	0	730	30
735	0	2191	30
736	0	1617	30
737	0	678	29
738	0	887	30
739	0	1669	30
741	0	887	30
742	0	626	29
743	0	626	29
744	0	1722	30
745	0	1669	30
746	0	1826	30
747	0	1565	30
749	0	1826	30
750	0	626	29
751	0	1774	30
752	0	1722	30
753	0	730	30
754	0	574	29
755	0	782	30
756	0	782	30
757	0	1982	30
758	0	574	29
759	0	1878	30
760	0	1565	30
761	0	1095	30
762	0	939	30
763	0	1722	30
764	0	939	30
765	0	782	30
766	0	834	30
767	0	1722	30
768	0	1982	30
769	0	1669	30
771	0	1669	30
772	0	1722	30
773	0	1982	30
774	0	678	30
775	0	1722	30
776	0	626	30
777	0	2191	30
778	0	782	30
780	0	1148	30
781	0	834	30
782	0	939	30
783	0	1982	30
784	0	730	30
785	0	782	30
786	0	1617	30
787	0	1878	30
788	0	782	30
789	0	1200	30
790	0	1722	30
791	0	1565	30
792	0	887	30
793	0	730	30
794	0	574	29
795	0	2191	30
796	0	1669	30
797	0	782	30
798	0	1565	30
800	0	1826	30
801	0	1878	30
802	0	887	30
803	0	939	30
804	0	1095	30
806	0	1930	30
807	0	626	29
809	0	2295	30
810	0	730	30
811	0	626	29
812	0	834	30
813	0	1043	30
814	0	2139	30
815	0	626	30
816	0	1669	30
818	0	991	30
819	0	1982	30
820	0	1722	30
821	0	1304	30
822	0	626	29
823	0	626	29
824	0	1617	30
825	0	1095	30
826	0	1148	30
827	0	1669	30
828	0	1826	30
830	0	1669	30
831	0	834	30
832	0	834	30
833	0	1356	30
834	0	678	29
835	0	1043	30
836	0	2295	30
837	0	1722	30
838	0	730	30
839	0	1930	30
840	0	574	30
841	0	834	30
842	0	1669	30
843	0	626	29
843	0	2243	30
844	0	1722	30
845	0	1774	30
846	0	1930	30
847	0	1722	30
848	0	521	29
850	0	521	29
853	0	1878	30
854	0	1669	30
855	0	834	30
856	0	991	30
857	0	1826	30
858	0	1043	30
860	0	2139	30
861	0	730	29
862	0	2087	30
863	0	887	30
864	0	626	30
865	0	730	30
866	0	574	29
867	0	1565	30
868	0	782	30
869	0	1565	30
870	0	1669	30
871	0	1669	30
873	0	730	30
875	0	834	30
876	0	730	30
877	0	678	30
878	0	1774	30
879	0	1095	30
880	0	626	29
881	0	1826	30
882	0	1826	30
883	0	2243	30
884	0	834	30
885	0	678	29
886	0	1774	30
887	0	939	30
889	0	1878	30
890	0	1826	30
891	0	626	29
892	0	2035	30
893	0	834	30
894	0	939	30
895	0	1043	30
896	0	626	29
897	0	782	30
898	0	834	30
899	0	782	30
900	0	1826	30
901	0	678	29
902	0	1095	30
903	0	678	30
905	0	1669	30
906	0	678	30
908	0	730	30
910	0	1252	30
911	0	1774	30
912	0	834	30
913	0	1826	30
914	0	1669	30
915	0	1774	30
916	0	626	29
917	0	834	30
918	0	1252	30
919	0	1826	30
920	0	1617	30
922	0	1095	30
923	0	1774	30
924	0	887	30
925	0	730	30
926	0	939	30
927	0	1095	30
929	0	834	30
931	0	574	29
932	0	1669	30
933	0	1826	30
934	0	1565	30
935	0	678	30
936	0	1617	30
937	0	1774	30
938	0	1565	30
939	0	1669	30
940	0	939	30
941	0	678	30
942	0	678	30
944	0	1565	30
945	0	2035	30
946	0	1617	30
947	0	678	29
948	0	730	30
949	0	574	30
950	0	678	29
953	0	678	29
954	0	730	30
956	0	1617	30
957	0	1982	30
958	0	1669	30
960	0	991	30
961	0	887	30
962	0	2087	30
963	0	730	30
964	0	782	30
965	0	1774	30
966	0	678	30
967	0	1878	30
968	0	887	30
969	0	1565	30
971	0	887	30
972	0	521	29
973	0	887	30
974	0	991	30
975	0	1826	30
976	0	991	30
978	0	782	30
979	0	1826	30
981	0	1148	30
982	0	887	30
983	0	678	30
984	0	1617	30
985	0	1669	30
987	0	1356	30
988	0	991	30
989	0	574	29
990	0	2295	30
993	0	1722	30
995	0	574	29
996	0	1461	30
998	0	991	30
999	0	1930	30
0	1	626	29
1	1	626	29
2	1	834	30
3	1	1252	30
4	1	834	30
5	1	782	30
6	1	887	30
7	1	1565	30
8	1	1043	30
10	1	574	29
12	1	1930	30
13	1	1669	30
14	1	678	30
15	1	730	30
16	1	678	29
17	1	574	29
18	1	730	30
20	1	834	30
21	1	678	30
22	1	1774	30
23	1	730	30
24	1	730	30
25	1	2139	30
26	1	1043	30
27	1	678	30
28	1	1617	30
29	1	1669	30
30	1	1826	30
31	1	834	30
32	1	1669	30
33	1	1043	30
34	1	1565	30
35	1	782	30
36	1	782	30
37	1	1043	30
38	1	939	30
39	1	887	30
40	1	574	29
41	1	1565	30
42	1	1617	30
43	1	730	30
45	1	730	29
46	1	782	30
47	1	1669	30
49	1	834	30
50	1	2139	30
52	1	2191	30
53	1	782	30
55	1	887	30
56	1	1722	30
57	1	730	30
58	1	834	30
59	1	834	30
60	1	2035	30
61	1	834	30
62	1	834	30
63	1	991	30
65	1	1565	30
66	1	1878	30
67	1	1617	30
68	1	1982	30
69	1	1148	30
70	1	782	30
71	1	1669	30
73	1	2243	30
74	1	1722	30
75	1	678	29
76	1	1930	30
77	1	2035	30
78	1	1878	30
79	1	1617	30
80	1	730	29
81	1	939	30
82	1	1304	30
83	1	1617	30
84	1	834	30
85	1	2295	30
86	1	1669	30
87	1	678	30
88	1	1565	30
89	1	1669	30
90	1	1878	30
91	1	834	30
92	1	730	30
93	1	1878	30
95	1	1774	30
96	1	1565	30
97	1	1774	30
98	1	1826	30
99	1	1617	30
100	1	1878	30
101	1	939	30
102	1	991	30
103	1	1722	30
104	1	678	30
106	1	1043	30
107	1	574	29
108	1	730	30
109	1	1774	30
110	1	730	30
111	1	939	30
112	1	1617	30
113	1	678	30
114	1	939	30
115	1	1982	30
116	1	1982	30
117	1	1669	30
118	1	1722	30
119	1	1774	30
120	1	1669	30
121	1	1930	30
122	1	626	29
124	1	678	29
125	1	834	30
126	1	626	30
127	1	626	29
128	1	574	29
129	1	1669	30
130	1	782	30
131	1	939	30
132	1	574	29
133	1	939	30
134	1	1722	30
135	1	730	30
136	1	626	30
137	1	1565	30
138	1	626	29
139	1	626	29
139	1	2087	30
141	1	834	30
142	1	1722	30
143	1	1826	30
145	1	1722	30
146	1	782	30
147	1	939	30
148	1	1878	30
149	1	626	29
150	1	782	30
151	1	1722	30
152	1	834	30
153	1	1565	30
154	1	678	29
155	1	521	29
156	1	574	29
158	1	887	30
159	1	574	29
160	1	1565	30
161	1	2191	30
162	1	1617	30
163	1	1722	30
164	1	782	30
165	1	782	30
167	1	1774	30
169	1	626	29
170	1	626	29
171	1	1826	30
172	1	1617	30
173	1	1878	30
174	1	1669	30
175	1	939	30
176	1	626	29
179	1	782	30
181	1	730	30
182	1	1565	30
183	1	730	30
184	1	1669	30
185	1	887	30
187	1	1148	30
188	1	1878	30
189	1	1565	30
190	1	1669	30
191	1	678	29
192	1	991	30
193	1	991	30
194	1	1565	30
196	1	626	30
198	1	939	30
199	1	626	29
200	1	1722	30
202	1	1148	30
203	1	1669	30
204	1	782	30
205	1	1826	30
206	1	574	29
206	1	1826	30
207	1	626	29
208	1	678	30
210	1	834	30
211	1	2087	30
212	1	1148	30
213	1	2191	30
214	1	1669	30
215	1	1774	30
216	1	1826	30
217	1	1252	30
218	1	1565	30
220	1	1930	30
221	1	1043	30
223	1	1722	30
224	1	1722	30
225	1	574	29
226	1	782	30
227	1	939	30
228	1	678	30
229	1	1617	30
230	1	678	30
231	1	626	30
232	1	678	29
233	1	1826	30
235	1	2035	30
236	1	1774	30
239	1	1774	30
240	1	678	30
241	1	1095	30
242	1	991	30
243	1	678	30
244	1	730	30
245	1	1669	30
248	1	730	30
249	1	678	30
250	1	626	29
251	1	939	30
252	1	2139	30
253	1	1722	30
255	1	1774	30
256	1	1669	30
257	1	1356	30
258	1	626	29
259	1	574	29
260	1	730	30
262	1	1095	30
263	1	1669	30
264	1	991	30
265	1	782	30
266	1	991	30
267	1	678	30
268	1	1617	30
269	1	678	29
270	1	1617	30
271	1	834	30
272	1	678	30
274	1	1722	30
275	1	2191	30
277	1	1617	30
278	1	2087	30
279	1	1774	30
280	1	1617	30
282	1	1826	30
283	1	1722	30
284	1	626	29
285	1	1669	30
286	1	678	30
287	1	1774	30
288	1	887	30
291	1	1043	30
292	1	2035	30
293	1	521	29
294	1	678	29
295	1	1617	30
296	1	730	30
297	1	2191	30
298	1	1200	30
299	1	574	29
300	1	1826	30
301	1	521	29
302	1	626	29
303	1	730	30
304	1	678	30
306	1	730	30
307	1	1565	30
308	1	1565	30
309	1	521	29
310	1	834	30
311	1	1774	30
312	1	1617	30
313	1	1565	30
314	1	1617	30
315	1	1095	30
317	1	1774	30
318	1	2035	30
320	1	1252	30
321	1	626	29
322	1	574	30
324	1	1565	30
325	1	1356	30
326	1	626	29
327	1	1669	30
328	1	1669	30
329	1	1930	30
330	1	1095	30
331	1	678	29
332	1	887	30
333	1	678	29
334	1	1774	30
335	1	574	29
336	1	678	29
337	1	1722	30
338	1	1982	30
339	1	782	30
340	1	1669	30
341	1	1722	30
342	1	521	29
343	1	574	29
345	1	991	30
346	1	834	30
347	1	730	29
348	1	678	29
349	1	730	30
351	1	887	30
352	1	887	30
353	1	730	30
354	1	626	30
355	1	782	30
356	1	1200	30
357	1	939	30
358	1	1617	30
360	1	1565	30
361	1	834	30
364	1	678	29
365	1	2191	30
366	1	1617	30
367	1	574	29
368	1	574	29
369	1	730	30
370	1	1722	30
371	1	834	30
372	1	1669	30
373	1	1826	30
374	1	2035	30
375	1	1826	30
376	1	887	30
377	1	1826	30
378	1	1617	30
379	1	1565	30
380	1	1826	30
381	1	1565	30
382	1	730	29
383	1	1930	30
384	1	887	30
385	1	1565	30
386	1	834	30
387	1	834	30
389	1	626	29
390	1	574	29
391	1	782	30
392	1	1878	30
393	1	521	29
394	1	991	30
395	1	1043	30
396	1	574	29
397	1	1774	30
398	1	1043	30
399	1	678	30
400	1	887	30
402	1	939	30
404	1	1669	30
405	1	1669	30
406	1	887	30
407	1	1669	30
409	1	1617	30
410	1	1826	30
411	1	626	30
412	1	730	29
412	1	1982	30
413	1	574	29
413	1	1930	30
414	1	887	30
415	1	678	29
416	1	2035	30
417	1	730	30
418	1	730	30
419	1	678	30
420	1	1200	30
422	1	1774	30
423	1	1617	30
424	1	678	30
425	1	939	30
426	1	1617	30
428	1	730	30
429	1	939	30
430	1	782	30
431	1	678	30
432	1	887	30
433	1	1043	30
434	1	834	30
435	1	626	30
436	1	626	29
437	1	626	29
438	1	1565	30
439	1	1826	30
440	1	939	30
442	1	1095	30
443	1	1617	30
444	1	2191	30
445	1	574	29
446	1	1356	30
447	1	2139	30
448	1	1617	30
451	1	1617	30
452	1	887	30
453	1	730	30
454	1	1878	30
455	1	1669	30
456	1	1826	30
457	1	1200	30
458	1	2295	30
459	1	1826	30
460	1	626	29
461	1	678	30
462	1	991	30
463	1	939	30
464	1	1774	30
465	1	626	29
466	1	730	30
467	1	678	30
468	1	574	29
469	1	574	29
470	1	2139	30
471	1	1669	30
472	1	834	30
473	1	1095	30
474	1	730	30
475	1	1826	30
476	1	1878	30
477	1	1826	30
478	1	1565	30
480	1	1617	30
481	1	834	30
482	1	834	30
483	1	2243	30
485	1	1722	30
486	1	1774	30
487	1	574	29
488	1	1826	30
489	1	574	29
490	1	1669	30
491	1	939	30
492	1	1565	30
494	1	782	30
495	1	1095	30
496	1	1565	30
497	1	626	30
498	1	1043	30
499	1	834	30
500	1	574	29
501	1	1826	30
502	1	1617	30
503	1	574	29
503	1	2087	30
505	1	1826	30
506	1	1617	30
507	1	2191	30
508	1	678	29
512	1	1148	30
513	1	1148	30
514	1	887	30
515	1	574	29
516	1	1878	30
517	1	1826	30
518	1	1565	30
519	1	834	30
520	1	887	30
521	1	626	29
522	1	1617	30
523	1	730	30
525	1	887	30
527	1	678	30
528	1	574	29
529	1	626	29
530	1	1408	30
531	1	1200	30
532	1	1200	30
534	1	626	29
535	1	2191	30
536	1	1878	30
537	1	991	30
538	1	678	30
539	1	626	29
541	1	782	30
542	1	1826	30
543	1	1669	30
544	1	782	30
545	1	1669	30
546	1	1774	30
547	1	939	30
548	1	1774	30
549	1	1826	30
550	1	730	30
551	1	678	30
552	1	1930	30
553	1	1617	30
554	1	626	30
555	1	521	29
555	1	2087	30
556	1	1043	30
557	1	2243	30
558	1	678	30
559	1	1617	30
560	1	1930	30
561	1	1148	30
562	1	1617	30
563	1	1565	30
564	1	1878	30
565	1	782	30
566	1	782	30
567	1	1617	30
568	1	730	30
569	1	1774	30
570	1	1878	30
571	1	521	29
572	1	1982	30
574	1	1043	30
575	1	521	29
576	1	1722	30
577	1	626	29
578	1	1617	30
579	1	1669	30
581	1	1617	30
582	1	1617	30
583	1	678	29
584	1	834	30
585	1	626	29
585	1	1878	30
586	1	1617	30
587	1	626	30
588	1	887	30
589	1	834	30
590	1	678	29
591	1	2035	30
593	1	1252	30
594	1	1669	30
595	1	678	29
596	1	1565	30
597	1	1148	30
598	1	521	29
599	1	574	29
600	1	2243	30
601	1	782	30
602	1	1774	30
603	1	991	30
604	1	1669	30
605	1	1669	30
606	1	1043	30
607	1	626	30
608	1	887	30
611	1	1617	30
612	1	1200	30
613	1	1826	30
614	1	1722	30
615	1	1774	30
616	1	1617	30
619	1	1826	30
620	1	678	29
621	1	1565	30
622	1	678	30
623	1	1669	30
624	1	834	30
625	1	1669	30
626	1	939	30
627	1	939	30
628	1	991	30
629	1	1774	30
630	1	1200	30
631	1	939	30
632	1	574	29
633	1	2087	30
634	1	1356	30
635	1	1930	30
639	1	678	30
640	1	1669	30
641	1	1043	30
642	1	1722	30
644	1	887	30
645	1	1200	30
646	1	626	29
647	1	2035	30
648	1	1669	30
649	1	887	30
650	1	2035	30
651	1	887	30
652	1	991	30
653	1	939	30
654	1	1722	30
655	1	939	30
656	1	1565	30
657	1	887	30
658	1	887	30
659	1	1722	30
660	1	1930	30
661	1	678	29
662	1	887	30
663	1	1617	30
664	1	730	30
665	1	782	30
666	1	626	29
667	1	730	30
668	1	1565	30
669	1	1722	30
670	1	1774	30
671	1	1878	30
672	1	1774	30
673	1	1669	30
674	1	1617	30
675	1	1617	30
676	1	574	29
677	1	1043	30
678	1	730	30
679	1	1774	30
680	1	1617	30
681	1	1826	30
682	1	887	30
683	1	1774	30
684	1	1617	30
685	1	991	30
686	1	678	29
687	1	1930	30
688	1	1774	30
689	1	1722	30
690	1	991	30
691	1	678	29
692	1	939	30
693	1	887	30
694	1	887	30
695	1	574	29
696	1	1826	30
697	1	782	30
698	1	1826	30
699	1	1565	30
700	1	1043	30
701	1	1095	30
702	1	1565	30
703	1	834	30
705	1	1565	30
706	1	678	30
707	1	834	30
708	1	1669	30
709	1	887	30
710	1	939	30
711	1	1617	30
712	1	1669	30
714	1	678	29
715	1	1669	30
716	1	574	29
717	1	1617	30
718	1	834	30
719	1	1722	30
721	1	1565	30
722	1	678	30
723	1	834	30
724	1	1617	30
725	1	834	30
726	1	1565	30
727	1	1774	30
729	1	834	30
730	1	1565	30
731	1	730	30
732	1	887	30
733	1	782	30
734	1	730	30
735	1	2191	30
736	1	1617	30
737	1	678	29
738	1	887	30
739	1	1669	30
741	1	887	30
742	1	626	29
743	1	626	29
744	1	1722	30
745	1	1669	30
746	1	1826	30
747	1	1565	30
749	1	1826	30
750	1	626	29
751	1	1774	30
752	1	1722	30
753	1	730	30
754	1	574	29
755	1	782	30
756	1	782	30
757	1	1982	30
758	1	574	29
759	1	1878	30
760	1	1565	30
761	1	1095	30
762	1	939	30
763	1	1722	30
764	1	939	30
765	1	782	30
766	1	834	30
767	1	1722	30
768	1	1982	30
769	1	1669	30
771	1	1669	30
772	1	1722	30
773	1	1982	30
774	1	678	30
775	1	1722	30
776	1	626	30
777	1	2191	30
778	1	782	30
780	1	1148	30
781	1	834	30
782	1	939	30
783	1	1982	30
784	1	730	30
785	1	782	30
786	1	1617	30
787	1	1878	30
788	1	782	30
789	1	1200	30
790	1	1722	30
791	1	1565	30
792	1	887	30
793	1	730	30
794	1	574	29
795	1	2191	30
796	1	1669	30
797	1	782	30
798	1	1565	30
800	1	1826	30
801	1	1878	30
802	1	887	30
803	1	939	30
804	1	1095	30
806	1	1930	30
807	1	626	29
809	1	2295	30
810	1	730	30
811	1	626	29
812	1	834	30
813	1	1043	30
814	1	2139	30
815	1	626	30
816	1	1669	30
818	1	991	30
819	1	1982	30
820	1	1722	30
821	1	1304	30
822	1	626	29
823	1	626	29
824	1	1617	30
825	1	1095	30
826	1	1148	30
827	1	1669	30
828	1	1826	30
830	1	1669	30
831	1	834	30
832	1	834	30
833	1	1356	30
834	1	678	29
835	1	1043	30
836	1	2295	30
837	1	1722	30
838	1	730	30
839	1	1930	30
840	1	574	30
841	1	834	30
842	1	1669	30
843	1	626	29
843	1	2243	30
844	1	1722	30
845	1	1774	30
846	1	1930	30
847	1	1722	30
848	1	521	29
850	1	521	29
853	1	1878	30
854	1	1669	30
855	1	834	30
856	1	991	30
857	1	1826	30
858	1	1043	30
860	1	2139	30
861	1	730	29
862	1	2087	30
863	1	887	30
864	1	626	30
865	1	730	30
866	1	574	29
867	1	1565	30
868	1	782	30
869	1	1565	30
870	1	1669	30
871	1	1669	30
873	1	730	30
875	1	834	30
876	1	730	30
877	1	678	30
878	1	1774	30
879	1	1095	30
880	1	626	29
881	1	1826	30
882	1	1826	30
883	1	2243	30
884	1	834	30
885	1	678	29
886	1	1774	30
887	1	939	30
889	1	1878	30
890	1	1826	30
891	1	626	29
892	1	2035	30
893	1	834	30
894	1	939	30
895	1	1043	30
896	1	626	29
897	1	782	30
898	1	834	30
899	1	782	30
900	1	1826	30
901	1	678	29
902	1	1095	30
903	1	678	30
905	1	1669	30
906	1	678	30
908	1	730	30
910	1	1252	30
911	1	1774	30
912	1	834	30
913	1	1826	30
914	1	1669	30
915	1	1774	30
916	1	626	29
917	1	834	30
918	1	1252	30
919	1	1826	30
920	1	1617	30
922	1	1095	30
923	1	1774	30
924	1	887	30
925	1	730	30
926	1	939	30
927	1	1095	30
929	1	834	30
931	1	574	29
932	1	1669	30
933	1	1826	30
934	1	1565	30
935	1	678	30
936	1	1617	30
937	1	1774	30
938	1	1565	30
939	1	1669	30
940	1	939	30
941	1	678	30
942	1	678	30
944	1	1565	30
945	1	2035	30
946	1	1617	30
947	1	678	29
948	1	730	30
949	1	574	30
950	1	678	29
953	1	678	29
954	1	730	30
956	1	1617	30
957	1	1982	30
958	1	1669	30
960	1	991	30
961	1	887	30
962	1	2087	30
963	1	730	30
964	1	782	30
965	1	1774	30
966	1	678	30
967	1	1878	30
968	1	887	30
969	1	1565	30
971	1	887	30
972	1	521	29
973	1	887	30
974	1	991	30
975	1	1826	30
976	1	991	30
978	1	782	30
979	1	1826	30
981	1	1148	30
982	1	887	30
983	1	678	30
984	1	1617	30
985	1	1669	30
987	1	1356	30
988	1	991	30
989	1	574	29
990	1	2295	30
993	1	1722	30
995	1	574	29
996	1	1461	30
998	1	991	30
999	1	1930	30
0	2	313	26
0	2	678	33
0	2	1148	13
1	2	313	26
1	2	678	33
1	2	1200	13
2	2	313	26
3	2	313	26
3	2	1722	13
4	2	313	26
4	2	887	33
4	2	1200	13
5	2	313	26
5	2	782	33
6	2	313	26
6	2	939	33
6	2	2139	13
7	2	313	26
7	2	1565	13
8	2	313	26
8	2	1095	33
8	2	1461	13
9	2	313	26
10	2	313	26
10	2	678	33
10	2	1148	13
11	2	313	26
12	2	313	26
13	2	313	26
14	2	313	26
14	2	678	33
14	2	1148	13
15	2	313	26
15	2	782	33
15	2	1617	13
16	2	313	26
16	2	834	33
16	2	1304	13
17	2	313	26
17	2	678	33
17	2	1148	13
18	2	313	26
18	2	730	33
18	2	1722	13
19	2	313	26
20	2	313	26
20	2	1095	33
20	2	1565	13
21	2	313	26
21	2	678	33
21	2	1148	13
22	2	313	26
23	2	313	26
23	2	730	33
23	2	1200	13
24	2	313	26
24	2	782	33
24	2	1304	13
25	2	313	26
26	2	313	26
26	2	1408	13
27	2	313	26
27	2	782	33
27	2	1252	13
28	2	313	26
28	2	1200	13
29	2	313	26
30	2	313	26
31	2	313	26
31	2	939	33
32	2	313	26
32	2	1722	13
33	2	313	26
33	2	1826	13
34	2	313	26
34	2	1408	13
35	2	313	26
35	2	782	33
35	2	1252	13
36	2	313	26
36	2	834	33
36	2	1461	13
37	2	313	26
38	2	313	26
38	2	1617	13
39	2	313	26
39	2	939	33
39	2	1722	13
40	2	313	26
40	2	678	33
40	2	1148	13
41	2	313	26
41	2	1461	13
42	2	313	26
42	2	1304	13
43	2	313	26
43	2	834	33
43	2	1304	13
44	2	313	26
45	2	313	26
45	2	1148	13
45	2	1617	33
46	2	313	26
46	2	834	33
46	2	2295	13
47	2	313	26
48	2	313	26
49	2	313	26
49	2	939	33
49	2	1304	13
50	2	313	26
51	2	313	26
52	2	313	26
53	2	313	26
53	2	834	33
53	2	1200	13
54	2	313	26
55	2	313	26
56	2	313	26
57	2	313	26
57	2	730	33
57	2	1148	13
58	2	313	26
58	2	1043	33
58	2	1408	13
59	2	313	26
59	2	730	33
59	2	1148	13
60	2	313	26
61	2	313	26
61	2	939	33
62	2	313	26
62	2	887	33
62	2	1252	13
63	2	313	26
63	2	1252	13
63	2	1669	33
64	2	313	26
65	2	313	26
65	2	1461	13
66	2	313	26
67	2	313	26
67	2	1304	13
68	2	313	26
69	2	313	26
69	2	1513	13
70	2	313	26
71	2	313	26
71	2	1722	13
72	2	313	26
73	2	313	26
74	2	313	26
75	2	313	26
75	2	782	33
75	2	1461	13
76	2	313	26
77	2	313	26
78	2	313	26
79	2	313	26
79	2	1617	13
80	2	313	26
80	2	834	33
80	2	1878	13
81	2	313	26
81	2	2035	13
82	2	313	26
83	2	313	26
84	2	313	26
84	2	939	33
85	2	313	26
86	2	313	26
87	2	313	26
87	2	730	33
87	2	1148	13
88	2	313	26
88	2	1252	13
89	2	313	26
89	2	1461	13
90	2	313	26
91	2	313	26
92	2	313	26
92	2	730	33
92	2	1252	13
93	2	313	26
94	2	313	26
95	2	313	26
96	2	313	26
96	2	1722	13
97	2	313	26
98	2	313	26
99	2	313	26
100	2	313	26
101	2	313	26
101	2	1513	13
102	2	313	26
102	2	1304	13
103	2	313	26
104	2	313	26
104	2	991	33
104	2	1461	13
105	2	313	26
106	2	313	26
106	2	1200	13
106	2	1513	33
107	2	313	26
107	2	730	33
107	2	1148	13
108	2	313	26
108	2	834	33
108	2	1565	13
109	2	313	26
110	2	313	26
110	2	782	33
110	2	1148	13
111	2	313	26
112	2	313	26
113	2	313	26
113	2	678	33
113	2	1148	13
114	2	313	26
114	2	2139	13
115	2	313	26
116	2	313	26
117	2	313	26
118	2	313	26
119	2	313	26
120	2	313	26
121	2	313	26
122	2	313	26
122	2	730	33
122	2	1148	13
123	2	313	26
124	2	313	26
124	2	730	33
124	2	1148	13
125	2	313	26
125	2	887	33
125	2	1252	13
126	2	313	26
126	2	730	33
126	2	1148	13
127	2	313	26
127	2	782	33
127	2	1148	13
128	2	313	26
128	2	678	33
128	2	1148	13
129	2	313	26
130	2	313	26
130	2	939	33
131	2	313	26
131	2	1148	13
131	2	1461	33
132	2	313	26
132	2	678	33
132	2	2035	13
133	2	313	26
133	2	939	33
133	2	1722	13
134	2	313	26
134	2	2139	13
135	2	313	26
135	2	782	33
135	2	1408	13
136	2	313	26
136	2	678	33
136	2	1148	13
137	2	313	26
137	2	1304	13
138	2	313	26
138	2	626	33
138	2	1148	13
139	2	313	26
139	2	782	33
139	2	1148	13
140	2	313	26
141	2	313	26
141	2	730	33
141	2	1148	13
142	2	313	26
143	2	313	26
144	2	313	26
145	2	313	26
146	2	313	26
146	2	1043	33
146	2	1617	13
147	2	313	26
147	2	1200	13
147	2	1669	33
148	2	313	26
149	2	313	26
149	2	730	33
149	2	1148	13
150	2	313	26
150	2	887	33
150	2	1461	13
151	2	313	26
152	2	313	26
152	2	1043	33
152	2	1408	13
153	2	313	26
154	2	313	26
154	2	834	33
154	2	1148	13
155	2	313	26
155	2	730	33
155	2	1148	13
156	2	313	26
156	2	730	33
156	2	1148	13
157	2	313	26
158	2	313	26
158	2	887	33
158	2	1408	13
159	2	313	26
159	2	678	33
159	2	1148	13
160	2	313	26
160	2	1304	13
161	2	313	26
162	2	313	26
162	2	1617	13
163	2	313	26
164	2	313	26
164	2	782	33
165	2	313	26
165	2	887	33
165	2	1252	13
166	2	313	26
167	2	313	26
168	2	313	26
169	2	313	26
169	2	782	33
170	2	313	26
170	2	678	33
170	2	1148	13
171	2	313	26
172	2	313	26
172	2	1565	13
173	2	313	26
174	2	313	26
174	2	1461	13
175	2	313	26
175	2	1148	13
175	2	1617	33
176	2	313	26
176	2	782	33
177	2	313	26
178	2	313	26
179	2	313	26
179	2	939	33
179	2	1461	13
180	2	313	26
181	2	313	26
181	2	730	33
181	2	2191	13
182	2	313	26
183	2	313	26
183	2	782	33
183	2	1252	13
184	2	313	26
185	2	313	26
185	2	887	33
185	2	1408	13
186	2	313	26
187	2	313	26
187	2	1461	13
188	2	313	26
189	2	313	26
189	2	1304	13
190	2	313	26
191	2	313	26
191	2	730	33
192	2	313	26
192	2	1148	13
192	2	1617	33
193	2	313	26
193	2	1252	13
193	2	2139	33
194	2	313	26
195	2	313	26
196	2	313	26
196	2	678	33
196	2	1148	13
197	2	313	26
198	2	313	26
198	2	1200	13
198	2	1565	33
199	2	313	26
199	2	782	33
199	2	1148	13
200	2	313	26
200	2	1722	13
201	2	313	26
202	2	313	26
202	2	1565	13
203	2	313	26
203	2	1408	13
204	2	313	26
204	2	834	33
204	2	1408	13
205	2	313	26
206	2	313	26
206	2	678	33
206	2	1148	13
207	2	313	26
207	2	782	33
207	2	1252	13
208	2	313	26
208	2	887	33
208	2	1461	13
209	2	313	26
210	2	313	26
210	2	939	33
211	2	313	26
212	2	313	26
212	2	1878	13
213	2	313	26
214	2	313	26
215	2	313	26
216	2	313	26
217	2	313	26
218	2	313	26
218	2	1304	13
219	2	313	26
220	2	313	26
221	2	313	26
221	2	1408	13
222	2	313	26
223	2	313	26
224	2	313	26
224	2	1722	13
225	2	313	26
225	2	730	33
225	2	1148	13
226	2	313	26
226	2	887	33
226	2	1200	13
227	2	313	26
228	2	313	26
228	2	834	33
228	2	1148	13
229	2	313	26
229	2	1304	13
230	2	313	26
230	2	730	33
230	2	2035	13
231	2	313	26
231	2	678	33
231	2	1148	13
232	2	313	26
232	2	782	33
232	2	1148	13
233	2	313	26
234	2	313	26
235	2	313	26
236	2	313	26
237	2	313	26
238	2	313	26
239	2	313	26
240	2	313	26
240	2	782	33
240	2	1148	13
241	2	313	26
241	2	1252	13
241	2	1617	33
242	2	313	26
242	2	1148	13
242	2	1513	33
243	2	313	26
243	2	678	33
243	2	1148	13
244	2	313	26
244	2	730	33
244	2	1148	13
245	2	313	26
246	2	313	26
247	2	313	26
248	2	313	26
248	2	730	33
248	2	1200	13
249	2	313	26
249	2	730	33
249	2	1148	13
250	2	313	26
250	2	730	33
250	2	1148	13
251	2	313	26
251	2	991	33
251	2	1774	13
252	2	313	26
253	2	313	26
254	2	313	26
255	2	313	26
256	2	313	26
256	2	1461	13
257	2	313	26
258	2	313	26
258	2	678	33
258	2	1148	13
259	2	313	26
259	2	730	33
259	2	1148	13
260	2	313	26
260	2	834	33
260	2	1878	13
261	2	313	26
262	2	313	26
262	2	1408	13
263	2	313	26
264	2	313	26
264	2	939	33
264	2	2295	13
265	2	313	26
265	2	887	33
266	2	313	26
266	2	1200	13
267	2	313	26
267	2	730	33
267	2	2035	13
268	2	313	26
268	2	1513	13
269	2	313	26
269	2	834	33
269	2	1252	13
270	2	313	26
271	2	313	26
271	2	1148	13
271	2	1565	33
272	2	313	26
272	2	782	33
272	2	1148	13
273	2	313	26
274	2	313	26
275	2	313	26
276	2	313	26
277	2	313	26
278	2	313	26
279	2	313	26
280	2	313	26
281	2	313	26
282	2	313	26
283	2	313	26
284	2	313	26
284	2	678	33
284	2	1148	13
285	2	313	26
285	2	1617	13
286	2	313	26
286	2	782	33
286	2	1148	13
287	2	313	26
288	2	313	26
288	2	834	33
289	2	313	26
290	2	313	26
291	2	313	26
292	2	313	26
293	2	313	26
293	2	626	33
293	2	1148	13
294	2	313	26
294	2	782	33
295	2	313	26
296	2	313	26
296	2	782	33
296	2	1252	13
297	2	313	26
298	2	313	26
298	2	1565	13
299	2	313	26
299	2	730	33
300	2	313	26
301	2	313	26
301	2	730	33
301	2	1148	13
302	2	313	26
302	2	939	33
302	2	1617	13
303	2	313	26
303	2	678	33
303	2	1148	13
304	2	313	26
304	2	678	33
304	2	1148	13
305	2	313	26
306	2	313	26
306	2	678	33
306	2	1148	13
307	2	313	26
308	2	313	26
309	2	313	26
309	2	678	33
309	2	1148	13
310	2	313	26
310	2	939	33
310	2	1304	13
311	2	313	26
312	2	313	26
313	2	313	26
314	2	313	26
315	2	313	26
315	2	1252	13
315	2	1669	33
316	2	313	26
317	2	313	26
318	2	313	26
319	2	313	26
320	2	313	26
321	2	313	26
321	2	730	33
322	2	313	26
322	2	834	33
323	2	313	26
324	2	313	26
325	2	313	26
326	2	313	26
326	2	678	33
326	2	1148	13
327	2	313	26
327	2	1617	13
328	2	313	26
329	2	313	26
330	2	313	26
330	2	1304	13
330	2	1617	33
331	2	313	26
331	2	730	33
331	2	1826	13
332	2	313	26
332	2	1043	33
332	2	1461	13
333	2	313	26
333	2	730	33
333	2	1148	13
334	2	313	26
335	2	313	26
335	2	678	33
335	2	1148	13
336	2	313	26
336	2	887	33
336	2	1722	13
337	2	313	26
338	2	313	26
339	2	313	26
339	2	782	33
339	2	2295	13
340	2	313	26
340	2	1722	13
341	2	313	26
341	2	1722	13
342	2	313	26
342	2	782	33
342	2	1148	13
343	2	313	26
343	2	678	33
343	2	1148	13
344	2	313	26
345	2	313	26
345	2	1043	33
345	2	1461	13
346	2	313	26
346	2	991	33
346	2	1304	13
347	2	313	26
347	2	1304	13
348	2	313	26
348	2	834	33
348	2	1461	13
349	2	313	26
349	2	834	33
349	2	1148	13
350	2	313	26
351	2	313	26
352	2	313	26
352	2	1252	13
352	2	1722	33
353	2	313	26
353	2	782	33
353	2	1565	13
354	2	313	26
354	2	678	33
354	2	1148	13
355	2	313	26
355	2	887	33
356	2	313	26
356	2	1722	13
357	2	313	26
357	2	939	33
358	2	313	26
358	2	1722	13
359	2	313	26
360	2	313	26
361	2	313	26
361	2	939	33
361	2	1722	13
362	2	313	26
363	2	313	26
364	2	313	26
364	2	782	33
365	2	313	26
366	2	313	26
366	2	1461	13
367	2	313	26
367	2	887	33
368	2	313	26
368	2	678	33
368	2	1148	13
369	2	313	26
369	2	887	33
369	2	1304	13
370	2	313	26
371	2	313	26
371	2	834	33
371	2	1565	13
372	2	313	26
372	2	1617	13
373	2	313	26
374	2	313	26
375	2	313	26
376	2	313	26
376	2	2035	13
377	2	313	26
378	2	313	26
379	2	313	26
379	2	1304	13
380	2	313	26
381	2	313	26
381	2	2139	13
382	2	313	26
382	2	834	33
383	2	313	26
384	2	313	26
384	2	939	33
384	2	1722	13
385	2	313	26
386	2	313	26
387	2	313	26
387	2	939	33
387	2	1304	13
388	2	313	26
389	2	313	26
389	2	730	33
390	2	313	26
390	2	678	33
390	2	1148	13
391	2	313	26
391	2	887	33
391	2	1408	13
392	2	313	26
393	2	313	26
393	2	626	33
393	2	1148	13
394	2	313	26
394	2	1774	13
395	2	313	26
396	2	313	26
396	2	730	33
396	2	1148	13
397	2	313	26
398	2	313	26
399	2	313	26
399	2	678	33
399	2	1148	13
400	2	313	26
400	2	991	33
401	2	313	26
402	2	313	26
402	2	1148	13
402	2	1617	33
403	2	313	26
404	2	313	26
405	2	313	26
406	2	313	26
406	2	887	33
406	2	1408	13
407	2	313	26
407	2	1722	13
408	2	313	26
409	2	313	26
410	2	313	26
411	2	313	26
411	2	730	33
411	2	1148	13
412	2	313	26
412	2	730	33
412	2	1148	13
413	2	313	26
413	2	678	33
413	2	1148	13
414	2	313	26
414	2	1095	33
414	2	1513	13
415	2	313	26
415	2	834	33
415	2	1461	13
416	2	313	26
417	2	313	26
417	2	939	33
417	2	2035	13
418	2	313	26
418	2	991	33
418	2	1304	13
419	2	313	26
419	2	887	33
419	2	1252	13
420	2	313	26
420	2	1722	13
421	2	313	26
422	2	313	26
423	2	313	26
423	2	1513	13
424	2	313	26
424	2	834	33
424	2	1148	13
425	2	313	26
425	2	1982	13
426	2	313	26
426	2	1565	13
427	2	313	26
428	2	313	26
428	2	782	33
429	2	313	26
429	2	1252	13
429	2	1669	33
430	2	313	26
430	2	834	33
430	2	1617	13
431	2	313	26
431	2	678	33
431	2	1148	13
432	2	313	26
432	2	887	33
432	2	1200	13
433	2	313	26
433	2	1304	13
434	2	313	26
434	2	834	33
434	2	1148	13
435	2	313	26
435	2	730	33
435	2	1148	13
436	2	313	26
436	2	730	33
436	2	1148	13
437	2	313	26
437	2	782	33
437	2	2035	13
438	2	313	26
438	2	1252	13
439	2	313	26
440	2	313	26
440	2	1826	13
441	2	313	26
442	2	313	26
442	2	1513	13
443	2	313	26
444	2	313	26
445	2	313	26
445	2	730	33
445	2	1252	13
446	2	313	26
447	2	313	26
448	2	313	26
449	2	313	26
450	2	313	26
451	2	313	26
451	2	1252	13
452	2	313	26
452	2	939	33
453	2	313	26
453	2	730	33
453	2	1148	13
454	2	313	26
455	2	313	26
455	2	1722	13
456	2	313	26
457	2	313	26
457	2	1513	13
458	2	313	26
459	2	313	26
460	2	313	26
460	2	782	33
460	2	2087	13
461	2	313	26
461	2	782	33
461	2	1148	13
462	2	313	26
462	2	1408	13
463	2	313	26
463	2	991	33
463	2	1304	13
464	2	313	26
464	2	1617	13
465	2	313	26
465	2	782	33
465	2	2035	13
466	2	313	26
466	2	730	33
466	2	1148	13
467	2	313	26
467	2	782	33
467	2	1722	13
468	2	313	26
468	2	730	33
468	2	1982	13
469	2	313	26
469	2	626	33
469	2	1148	13
470	2	313	26
471	2	313	26
472	2	313	26
472	2	834	33
472	2	1722	13
473	2	313	26
473	2	1461	13
474	2	313	26
474	2	834	33
474	2	1148	13
475	2	313	26
476	2	313	26
477	2	313	26
478	2	313	26
479	2	313	26
480	2	313	26
481	2	313	26
481	2	939	33
481	2	1200	13
482	2	313	26
482	2	1722	13
483	2	313	26
484	2	313	26
485	2	313	26
486	2	313	26
487	2	313	26
487	2	730	33
487	2	1513	13
488	2	313	26
489	2	313	26
489	2	678	33
489	2	1148	13
490	2	313	26
490	2	1408	13
491	2	313	26
491	2	1461	13
492	2	313	26
492	2	1565	13
493	2	313	26
494	2	313	26
494	2	887	33
495	2	313	26
495	2	1304	13
496	2	313	26
496	2	1252	13
497	2	313	26
497	2	782	33
498	2	313	26
498	2	1461	13
499	2	313	26
500	2	313	26
500	2	730	33
500	2	1148	13
501	2	313	26
502	2	313	26
502	2	1565	13
503	2	313	26
503	2	678	33
503	2	1148	13
504	2	313	26
505	2	313	26
506	2	313	26
507	2	313	26
508	2	313	26
508	2	782	33
508	2	1148	13
509	2	313	26
510	2	313	26
511	2	313	26
512	2	313	26
512	2	1461	13
513	2	313	26
513	2	1617	13
514	2	313	26
514	2	939	33
514	2	1722	13
515	2	313	26
515	2	678	33
515	2	1148	13
516	2	313	26
517	2	313	26
518	2	313	26
518	2	1617	13
519	2	313	26
519	2	834	33
519	2	1252	13
520	2	313	26
520	2	2295	13
521	2	313	26
521	2	730	33
521	2	1148	13
522	2	313	26
522	2	1252	13
523	2	313	26
523	2	782	33
523	2	1304	13
524	2	313	26
525	2	313	26
525	2	1043	33
525	2	1304	13
526	2	313	26
527	2	313	26
527	2	678	33
527	2	1252	13
528	2	313	26
528	2	678	33
528	2	1148	13
529	2	313	26
529	2	730	33
529	2	1148	13
530	2	313	26
531	2	313	26
531	2	1565	13
532	2	313	26
532	2	1722	13
533	2	313	26
534	2	313	26
534	2	678	33
534	2	1148	13
535	2	313	26
536	2	313	26
537	2	313	26
537	2	1200	13
537	2	1669	33
538	2	313	26
538	2	730	33
538	2	1148	13
539	2	313	26
539	2	678	33
539	2	1148	13
540	2	313	26
541	2	313	26
541	2	834	33
541	2	2035	13
542	2	313	26
543	2	313	26
543	2	1722	13
544	2	313	26
544	2	991	33
544	2	1408	13
545	2	313	26
546	2	313	26
547	2	313	26
547	2	1043	33
547	2	1461	13
548	2	313	26
549	2	313	26
550	2	313	26
550	2	730	33
550	2	1148	13
551	2	313	26
551	2	782	33
551	2	1148	13
552	2	313	26
553	2	313	26
553	2	1513	13
554	2	313	26
554	2	678	33
554	2	1148	13
555	2	313	26
555	2	730	33
555	2	1148	13
556	2	313	26
556	2	1304	13
557	2	313	26
558	2	313	26
558	2	782	33
559	2	313	26
559	2	1565	13
560	2	313	26
561	2	313	26
562	2	313	26
562	2	1565	13
563	2	313	26
563	2	1252	13
564	2	313	26
565	2	313	26
565	2	782	33
565	2	1148	13
566	2	313	26
566	2	834	33
567	2	313	26
568	2	313	26
568	2	730	33
568	2	1148	13
569	2	313	26
569	2	1565	13
570	2	313	26
571	2	313	26
571	2	730	33
571	2	1200	13
572	2	313	26
573	2	313	26
574	2	313	26
575	2	313	26
575	2	678	33
575	2	1148	13
576	2	313	26
577	2	313	26
577	2	730	33
577	2	1148	13
578	2	313	26
579	2	313	26
580	2	313	26
581	2	313	26
581	2	1617	13
582	2	313	26
582	2	1722	13
583	2	313	26
583	2	730	33
583	2	1148	13
584	2	313	26
584	2	782	33
585	2	313	26
585	2	678	33
585	2	1148	13
586	2	313	26
586	2	1252	13
587	2	313	26
587	2	678	33
587	2	1148	13
588	2	313	26
588	2	991	33
588	2	1617	13
589	2	313	26
589	2	939	33
589	2	1461	13
590	2	313	26
590	2	834	33
590	2	1461	13
591	2	313	26
592	2	313	26
593	2	313	26
594	2	313	26
594	2	2295	13
595	2	313	26
595	2	782	33
595	2	1148	13
596	2	313	26
596	2	1304	13
597	2	313	26
598	2	313	26
598	2	678	33
598	2	1148	13
599	2	313	26
599	2	678	33
599	2	1148	13
600	2	313	26
601	2	313	26
601	2	939	33
602	2	313	26
603	2	313	26
604	2	313	26
604	2	1565	13
605	2	313	26
606	2	313	26
606	2	1304	13
606	2	1722	33
607	2	313	26
607	2	782	33
607	2	1200	13
608	2	313	26
608	2	887	33
608	2	1461	13
609	2	313	26
610	2	313	26
611	2	313	26
611	2	1722	13
612	2	313	26
612	2	1722	13
613	2	313	26
614	2	313	26
615	2	313	26
616	2	313	26
616	2	1722	13
617	2	313	26
618	2	313	26
619	2	313	26
620	2	313	26
620	2	782	33
621	2	313	26
621	2	1461	13
622	2	313	26
622	2	678	33
623	2	313	26
624	2	313	26
624	2	887	33
625	2	313	26
625	2	1722	13
626	2	313	26
626	2	887	33
626	2	1408	13
627	2	313	26
627	2	1200	13
627	2	1722	33
628	2	313	26
628	2	1408	13
629	2	313	26
630	2	313	26
630	2	1722	13
631	2	313	26
631	2	1252	13
631	2	1617	33
632	2	313	26
632	2	678	33
632	2	1148	13
633	2	313	26
634	2	313	26
635	2	313	26
636	2	313	26
637	2	313	26
638	2	313	26
639	2	313	26
639	2	887	33
639	2	1200	13
640	2	313	26
641	2	313	26
642	2	313	26
643	2	313	26
644	2	313	26
644	2	939	33
645	2	313	26
645	2	1408	13
646	2	313	26
646	2	834	33
646	2	1148	13
647	2	313	26
648	2	313	26
648	2	1513	13
649	2	313	26
649	2	887	33
649	2	1513	13
650	2	313	26
651	2	313	26
652	2	313	26
652	2	1252	13
652	2	1878	33
653	2	313	26
653	2	1252	13
653	2	2139	33
654	2	313	26
655	2	313	26
655	2	1565	13
656	2	313	26
656	2	1408	13
657	2	313	26
657	2	887	33
658	2	313	26
658	2	939	33
658	2	1304	13
659	2	313	26
660	2	313	26
661	2	313	26
661	2	834	33
661	2	1461	13
662	2	313	26
662	2	1461	13
663	2	313	26
664	2	313	26
664	2	887	33
664	2	1252	13
665	2	313	26
665	2	782	33
665	2	1252	13
666	2	313	26
666	2	730	33
666	2	1304	13
667	2	313	26
667	2	834	33
668	2	313	26
668	2	2139	13
669	2	313	26
669	2	1565	13
670	2	313	26
670	2	1722	13
671	2	313	26
672	2	313	26
673	2	313	26
674	2	313	26
674	2	1408	13
675	2	313	26
675	2	1565	13
676	2	313	26
676	2	730	33
676	2	1148	13
677	2	313	26
677	2	1461	13
678	2	313	26
678	2	887	33
678	2	1878	13
679	2	313	26
680	2	313	26
680	2	1513	13
681	2	313	26
682	2	313	26
682	2	939	33
683	2	313	26
684	2	313	26
684	2	1513	13
685	2	313	26
686	2	313	26
686	2	939	33
687	2	313	26
688	2	313	26
689	2	313	26
690	2	313	26
691	2	313	26
691	2	834	33
691	2	1200	13
692	2	313	26
692	2	1095	33
692	2	1408	13
693	2	313	26
693	2	1200	13
693	2	1617	33
694	2	313	26
694	2	991	33
694	2	1565	13
695	2	313	26
695	2	678	33
695	2	1148	13
696	2	313	26
697	2	313	26
697	2	834	33
697	2	1408	13
698	2	313	26
699	2	313	26
699	2	1461	13
700	2	313	26
701	2	313	26
701	2	1461	13
702	2	313	26
703	2	313	26
703	2	782	33
703	2	1200	13
704	2	313	26
705	2	313	26
705	2	2191	13
706	2	313	26
706	2	678	33
706	2	1722	13
707	2	313	26
707	2	939	33
708	2	313	26
708	2	1722	13
709	2	313	26
709	2	939	33
709	2	1461	13
710	2	313	26
710	2	887	33
710	2	1252	13
711	2	313	26
711	2	1722	13
712	2	313	26
712	2	1617	13
713	2	313	26
714	2	313	26
714	2	678	33
714	2	1148	13
715	2	313	26
715	2	1722	13
716	2	313	26
716	2	678	33
716	2	1148	13
717	2	313	26
717	2	1513	13
718	2	313	26
718	2	834	33
718	2	1252	13
719	2	313	26
720	2	313	26
721	2	313	26
721	2	1304	13
722	2	313	26
722	2	730	33
722	2	1148	13
723	2	313	26
724	2	313	26
725	2	313	26
725	2	1043	33
725	2	1461	13
726	2	313	26
726	2	1252	13
727	2	313	26
728	2	313	26
729	2	313	26
729	2	887	33
730	2	313	26
730	2	1513	13
731	2	313	26
731	2	730	33
731	2	1148	13
732	2	313	26
732	2	1461	13
733	2	313	26
733	2	834	33
733	2	1304	13
734	2	313	26
734	2	730	33
734	2	1200	13
735	2	313	26
736	2	313	26
737	2	313	26
737	2	887	33
737	2	1304	13
738	2	313	26
738	2	939	33
738	2	1252	13
739	2	313	26
740	2	313	26
741	2	313	26
741	2	1461	13
742	2	313	26
742	2	678	33
742	2	1148	13
743	2	313	26
743	2	730	33
743	2	1408	13
744	2	313	26
744	2	2295	13
745	2	313	26
746	2	313	26
747	2	313	26
747	2	1722	13
748	2	313	26
749	2	313	26
750	2	313	26
751	2	313	26
752	2	313	26
752	2	1513	13
753	2	313	26
753	2	730	33
753	2	1148	13
754	2	313	26
754	2	782	33
754	2	1148	13
755	2	313	26
755	2	730	33
755	2	1513	13
756	2	313	26
756	2	782	33
756	2	1148	13
757	2	313	26
758	2	313	26
758	2	678	33
758	2	1148	13
759	2	313	26
760	2	313	26
761	2	313	26
761	2	2087	13
762	2	313	26
762	2	1095	33
762	2	1774	13
763	2	313	26
764	2	313	26
765	2	313	26
765	2	730	33
765	2	1774	13
766	2	313	26
766	2	887	33
767	2	313	26
768	2	313	26
769	2	313	26
770	2	313	26
771	2	313	26
772	2	313	26
773	2	313	26
774	2	313	26
774	2	782	33
774	2	1148	13
775	2	313	26
776	2	313	26
776	2	678	33
776	2	1148	13
777	2	313	26
778	2	313	26
778	2	939	33
779	2	313	26
780	2	313	26
781	2	313	26
781	2	1095	33
781	2	1513	13
782	2	313	26
782	2	2191	13
783	2	313	26
784	2	313	26
784	2	730	33
784	2	1722	13
785	2	313	26
786	2	313	26
787	2	313	26
788	2	313	26
788	2	887	33
788	2	1722	13
789	2	313	26
789	2	1617	13
790	2	313	26
790	2	1774	13
791	2	313	26
792	2	313	26
793	2	313	26
793	2	730	33
793	2	1148	13
794	2	313	26
794	2	730	33
794	2	2087	13
795	2	313	26
796	2	313	26
797	2	313	26
797	2	782	33
798	2	313	26
799	2	313	26
800	2	313	26
801	2	313	26
802	2	313	26
802	2	1095	33
802	2	1617	13
803	2	313	26
803	2	1095	33
803	2	1461	13
804	2	313	26
804	2	1513	13
805	2	313	26
806	2	313	26
807	2	313	26
807	2	678	33
807	2	1148	13
808	2	313	26
809	2	313	26
810	2	313	26
810	2	730	33
810	2	1148	13
811	2	313	26
811	2	678	33
811	2	1774	13
812	2	313	26
812	2	834	33
812	2	1252	13
813	2	313	26
813	2	1617	13
814	2	313	26
815	2	313	26
815	2	782	33
816	2	313	26
817	2	313	26
818	2	313	26
818	2	1408	13
819	2	313	26
820	2	313	26
821	2	313	26
822	2	313	26
822	2	678	33
822	2	1148	13
823	2	313	26
823	2	678	33
823	2	1148	13
824	2	313	26
824	2	1565	13
825	2	313	26
825	2	1617	13
826	2	313	26
826	2	1565	13
827	2	313	26
828	2	313	26
829	2	313	26
830	2	313	26
831	2	313	26
831	2	939	33
831	2	1252	13
832	2	313	26
832	2	782	33
832	2	1148	13
833	2	313	26
834	2	313	26
834	2	834	33
834	2	1200	13
835	2	313	26
835	2	1878	13
836	2	313	26
837	2	313	26
838	2	313	26
838	2	782	33
838	2	1148	13
839	2	313	26
840	2	313	26
840	2	678	33
840	2	1148	13
841	2	313	26
841	2	939	33
842	2	313	26
842	2	1461	13
843	2	313	26
843	2	730	33
843	2	1148	13
844	2	313	26
845	2	313	26
846	2	313	26
847	2	313	26
848	2	313	26
848	2	678	33
848	2	1148	13
849	2	313	26
850	2	313	26
850	2	834	33
850	2	1148	13
851	2	313	26
852	2	313	26
853	2	313	26
854	2	313	26
854	2	1565	13
855	2	313	26
855	2	939	33
856	2	313	26
857	2	313	26
858	2	313	26
858	2	1408	13
859	2	313	26
860	2	313	26
861	2	313	26
861	2	834	33
862	2	313	26
863	2	313	26
863	2	887	33
863	2	1200	13
864	2	313	26
864	2	730	33
864	2	1148	13
865	2	313	26
865	2	834	33
865	2	1513	13
866	2	313	26
866	2	730	33
866	2	1148	13
867	2	313	26
868	2	313	26
868	2	887	33
868	2	1722	13
869	2	313	26
869	2	1461	13
870	2	313	26
871	2	313	26
872	2	313	26
873	2	313	26
873	2	730	33
873	2	1148	13
874	2	313	26
875	2	313	26
875	2	939	33
875	2	1617	13
876	2	313	26
876	2	834	33
877	2	313	26
877	2	678	33
877	2	1148	13
878	2	313	26
879	2	313	26
879	2	2087	13
880	2	313	26
880	2	678	33
880	2	1148	13
881	2	313	26
882	2	313	26
883	2	313	26
884	2	313	26
884	2	834	33
885	2	313	26
885	2	730	33
885	2	1148	13
886	2	313	26
887	2	313	26
887	2	1304	13
888	2	313	26
889	2	313	26
890	2	313	26
891	2	313	26
891	2	887	33
892	2	313	26
893	2	313	26
893	2	939	33
894	2	313	26
894	2	1617	13
895	2	313	26
895	2	1826	13
896	2	313	26
896	2	834	33
897	2	313	26
897	2	834	33
897	2	1304	13
898	2	313	26
898	2	834	33
898	2	1200	13
899	2	313	26
899	2	834	33
899	2	1148	13
900	2	313	26
901	2	313	26
901	2	678	33
901	2	1408	13
902	2	313	26
902	2	1408	13
903	2	313	26
903	2	887	33
903	2	1304	13
904	2	313	26
905	2	313	26
906	2	313	26
906	2	834	33
907	2	313	26
908	2	313	26
908	2	782	33
908	2	1408	13
909	2	313	26
910	2	313	26
911	2	313	26
912	2	313	26
912	2	939	33
913	2	313	26
914	2	313	26
914	2	1408	13
915	2	313	26
916	2	313	26
916	2	887	33
916	2	1252	13
917	2	313	26
918	2	313	26
919	2	313	26
920	2	313	26
921	2	313	26
922	2	313	26
922	2	2035	13
923	2	313	26
924	2	313	26
924	2	887	33
924	2	1200	13
925	2	313	26
925	2	834	33
926	2	313	26
926	2	991	33
926	2	1461	13
927	2	313	26
927	2	1565	13
928	2	313	26
929	2	313	26
929	2	939	33
929	2	1461	13
930	2	313	26
931	2	313	26
931	2	782	33
931	2	1148	13
932	2	313	26
933	2	313	26
934	2	313	26
935	2	313	26
935	2	887	33
935	2	1617	13
936	2	313	26
937	2	313	26
938	2	313	26
938	2	1722	13
939	2	313	26
940	2	313	26
940	2	1148	13
940	2	1565	33
941	2	313	26
941	2	782	33
941	2	1148	13
942	2	313	26
942	2	782	33
942	2	1148	13
943	2	313	26
944	2	313	26
944	2	1722	13
945	2	313	26
946	2	313	26
946	2	1617	13
947	2	313	26
947	2	782	33
947	2	1148	13
948	2	313	26
948	2	730	33
948	2	1200	13
949	2	313	26
949	2	678	33
949	2	1148	13
950	2	313	26
950	2	678	33
950	2	1148	13
951	2	313	26
952	2	313	26
953	2	313	26
953	2	782	33
953	2	1200	13
954	2	313	26
954	2	678	33
954	2	1148	13
955	2	313	26
956	2	313	26
957	2	313	26
958	2	313	26
959	2	313	26
960	2	313	26
960	2	1408	13
961	2	313	26
961	2	1200	13
962	2	313	26
963	2	313	26
963	2	834	33
964	2	313	26
964	2	834	33
964	2	1148	13
965	2	313	26
965	2	1617	13
966	2	313	26
966	2	782	33
966	2	1617	13
967	2	313	26
968	2	313	26
968	2	1774	13
969	2	313	26
969	2	1304	13
970	2	313	26
971	2	313	26
971	2	887	33
971	2	1408	13
972	2	313	26
972	2	678	33
972	2	1148	13
973	2	313	26
974	2	313	26
974	2	939	33
975	2	313	26
976	2	313	26
976	2	1200	13
976	2	1565	33
977	2	313	26
978	2	313	26
978	2	782	33
978	2	1304	13
979	2	313	26
980	2	313	26
981	2	313	26
981	2	1461	13
981	2	1722	33
982	2	313	26
982	2	939	33
983	2	313	26
983	2	730	33
983	2	1513	13
984	2	313	26
984	2	1617	13
985	2	313	26
985	2	1722	13
986	2	313	26
987	2	313	26
988	2	313	26
988	2	1774	13
989	2	313	26
989	2	782	33
989	2	2191	13
990	2	313	26
991	2	313	26
992	2	313	26
993	2	313	26
994	2	313	26
995	2	313	26
995	2	678	33
995	2	1148	13
996	2	313	26
997	2	313	26
998	2	313	26
998	2	1043	33
998	2	1304	13
999	2	313	26
0	3	626	29
0	3	939	20
1	3	626	29
1	3	939	20
2	3	834	30
3	3	1252	30
3	3	1878	9
4	3	834	30
4	3	1200	9
4	3	1565	20
4	3	2087	12
5	3	782	30
6	3	887	30
6	3	2191	9
7	3	1513	9
7	3	1565	30
8	3	1043	30
8	3	1356	9
8	3	1669	20
10	3	574	29
10	3	939	20
12	3	1930	30
13	3	1669	30
14	3	678	30
14	3	991	20
15	3	730	30
16	3	678	29
16	3	1513	9
17	3	574	29
17	3	991	20
18	3	730	30
18	3	2035	9
20	3	834	30
20	3	1617	9
20	3	2139	20
21	3	678	30
21	3	991	20
22	3	1774	30
23	3	730	30
23	3	1461	9
24	3	730	30
24	3	1095	20
25	3	2139	30
26	3	1043	30
27	3	678	30
27	3	1930	9
28	3	1356	9
28	3	1617	30
29	3	1669	30
30	3	1826	30
31	3	834	30
32	3	1669	30
32	3	1982	9
33	3	1043	30
34	3	1565	30
34	3	1930	9
35	3	782	30
35	3	1513	9
35	3	2191	20
36	3	782	30
36	3	1461	9
37	3	1043	30
38	3	939	30
39	3	887	30
40	3	574	29
40	3	939	20
40	3	1565	9
40	3	2191	12
41	3	1513	9
41	3	1565	30
41	3	2191	20
42	3	1617	30
43	3	730	30
43	3	1408	9
45	3	730	29
45	3	1565	9
46	3	782	30
47	3	1669	30
49	3	834	30
49	3	1200	9
49	3	1669	20
50	3	2139	30
52	3	2191	30
53	3	782	30
53	3	1461	9
53	3	1774	20
55	3	887	30
56	3	1722	30
57	3	730	30
57	3	1043	20
57	3	1669	9
58	3	834	30
58	3	1356	9
58	3	1774	20
59	3	834	30
59	3	1304	9
59	3	2087	20
60	3	2035	30
61	3	834	30
62	3	834	30
62	3	1408	9
62	3	2035	20
63	3	991	30
63	3	1408	9
65	3	1565	30
66	3	1878	30
67	3	1408	9
67	3	1617	30
68	3	1982	30
69	3	1148	30
70	3	782	30
71	3	1669	30
73	3	2243	30
74	3	1722	30
75	3	678	29
75	3	1565	9
76	3	1930	30
77	3	2035	30
78	3	1878	30
79	3	1617	30
80	3	730	29
81	3	939	30
82	3	1304	30
83	3	1617	30
84	3	834	30
84	3	2295	9
85	3	2295	30
86	3	1669	30
87	3	678	30
87	3	1043	20
87	3	1565	9
87	3	2295	12
88	3	1513	9
88	3	1565	30
89	3	1669	30
90	3	1878	30
91	3	834	30
92	3	730	30
92	3	1043	20
93	3	1878	30
95	3	1774	30
96	3	1565	30
96	3	2295	9
97	3	1774	30
98	3	1826	30
99	3	1617	30
100	3	1878	30
101	3	939	30
102	3	991	30
102	3	2087	9
103	3	1722	30
104	3	678	30
104	3	1565	9
106	3	1043	30
106	3	1461	9
106	3	1826	20
107	3	574	29
107	3	939	20
108	3	730	30
109	3	1774	30
110	3	730	30
110	3	1148	20
111	3	939	30
112	3	1617	30
113	3	678	30
113	3	991	20
114	3	939	30
115	3	1982	30
116	3	1982	30
117	3	1669	30
118	3	1722	30
119	3	1774	30
119	3	2295	9
120	3	1669	30
121	3	1930	30
122	3	626	29
122	3	1043	20
122	3	2139	9
124	3	678	29
124	3	991	20
125	3	834	30
125	3	1461	9
126	3	626	30
126	3	1095	20
127	3	626	29
127	3	1095	20
128	3	574	29
128	3	939	20
128	3	1722	9
129	3	1669	30
130	3	782	30
131	3	939	30
131	3	1461	9
131	3	1826	20
132	3	574	29
132	3	991	20
133	3	939	30
134	3	1722	30
135	3	730	30
135	3	1200	9
135	3	1930	20
136	3	626	30
136	3	939	20
136	3	1252	9
136	3	1513	12
137	3	1565	30
138	3	626	29
138	3	939	20
138	3	1617	9
138	3	2295	12
139	3	626	29
139	3	1148	20
139	3	1513	9
139	3	1774	12
139	3	2087	30
141	3	834	30
141	3	1148	9
141	3	1513	20
142	3	1722	30
143	3	1826	30
145	3	1722	30
146	3	782	30
146	3	1722	9
147	3	939	30
147	3	1826	9
148	3	1878	30
149	3	626	29
149	3	1043	20
150	3	782	30
150	3	1878	9
151	3	1722	30
152	3	834	30
152	3	1408	9
152	3	2035	20
153	3	1565	30
154	3	678	29
154	3	1252	9
154	3	1722	20
155	3	521	29
155	3	991	20
155	3	2087	9
156	3	574	29
156	3	1304	9
156	3	1826	20
158	3	887	30
158	3	1408	9
158	3	1774	20
159	3	574	29
159	3	939	20
159	3	1930	9
160	3	1461	9
160	3	1565	30
161	3	2191	30
162	3	1565	9
162	3	1617	30
163	3	1722	30
164	3	782	30
164	3	2295	9
165	3	782	30
165	3	1408	9
165	3	1774	20
167	3	1774	30
169	3	626	29
170	3	626	29
170	3	939	20
170	3	1565	9
171	3	1826	30
172	3	1617	30
173	3	1878	30
174	3	1669	30
174	3	2035	9
175	3	939	30
175	3	1513	9
175	3	2139	20
176	3	626	29
179	3	782	30
179	3	1356	9
179	3	2191	20
181	3	730	30
182	3	1565	30
183	3	730	30
183	3	1774	9
184	3	1669	30
185	3	887	30
185	3	1304	9
185	3	1617	20
187	3	1148	30
188	3	1878	30
189	3	1461	9
189	3	1565	30
189	3	2035	20
190	3	1669	30
191	3	678	29
192	3	991	30
192	3	1304	9
193	3	991	30
193	3	1513	9
194	3	1565	30
196	3	626	30
196	3	939	20
196	3	1408	9
196	3	1722	12
198	3	939	30
198	3	1617	9
199	3	626	29
199	3	1043	20
199	3	2139	9
200	3	1722	30
202	3	1148	30
203	3	1669	30
204	3	782	30
204	3	1565	9
205	3	1826	30
206	3	574	29
206	3	887	20
206	3	1252	9
206	3	1513	12
206	3	1826	30
207	3	626	29
207	3	1722	9
207	3	2243	20
208	3	678	30
208	3	1513	9
210	3	834	30
210	3	1722	9
211	3	2087	30
212	3	1148	30
213	3	2191	30
214	3	1669	30
215	3	1774	30
216	3	1826	30
217	3	1252	30
218	3	1461	9
218	3	1565	30
220	3	1930	30
221	3	1043	30
221	3	1722	9
223	3	1722	30
224	3	1722	30
224	3	2295	9
225	3	574	29
225	3	991	20
225	3	1565	9
226	3	782	30
226	3	1200	9
226	3	1617	20
227	3	939	30
228	3	678	30
228	3	1095	20
228	3	1617	9
229	3	1461	9
229	3	1617	30
230	3	678	30
230	3	991	20
231	3	626	30
231	3	939	20
232	3	678	29
232	3	1200	9
232	3	1774	20
233	3	1826	30
235	3	2035	30
236	3	1774	30
239	3	1774	30
240	3	678	30
240	3	1461	9
240	3	1878	20
241	3	1095	30
241	3	1722	9
242	3	991	30
242	3	1669	9
243	3	678	30
243	3	991	20
243	3	1617	9
244	3	730	30
244	3	1043	20
245	3	1669	30
248	3	730	30
248	3	1043	20
249	3	678	30
249	3	991	20
250	3	626	29
250	3	991	20
250	3	1669	9
251	3	939	30
251	3	2035	9
252	3	2139	30
253	3	1722	30
255	3	1774	30
256	3	1617	9
256	3	1669	30
257	3	1356	30
258	3	626	29
258	3	939	20
259	3	574	29
259	3	2295	9
260	3	730	30
260	3	2035	9
262	3	1095	30
262	3	1617	9
263	3	1669	30
264	3	991	30
265	3	782	30
266	3	991	30
266	3	2139	9
267	3	678	30
267	3	991	20
268	3	1617	30
269	3	678	29
269	3	1148	9
270	3	1617	30
271	3	834	30
271	3	1461	9
271	3	2087	20
272	3	678	30
272	3	1095	20
272	3	1461	9
272	3	1722	12
274	3	1722	30
275	3	2191	30
277	3	1617	30
278	3	2087	30
279	3	1774	30
280	3	1617	30
282	3	1826	30
283	3	1722	30
284	3	626	29
284	3	939	20
284	3	1461	9
285	3	1617	9
285	3	1669	30
286	3	678	30
286	3	1148	9
286	3	1617	20
286	3	2139	12
287	3	1774	30
288	3	887	30
291	3	1043	30
292	3	2035	30
293	3	521	29
293	3	887	20
293	3	1617	9
294	3	678	29
295	3	1617	30
295	3	2295	9
296	3	730	30
296	3	1565	9
297	3	2191	30
298	3	1200	30
298	3	1722	9
299	3	574	29
300	3	1826	30
301	3	521	29
301	3	991	20
302	3	626	29
302	3	1826	9
303	3	730	30
303	3	1043	20
303	3	1461	9
303	3	2295	12
304	3	678	30
304	3	991	20
306	3	730	30
306	3	1043	20
307	3	1565	30
308	3	1565	30
309	3	521	29
309	3	939	20
309	3	1513	9
309	3	2243	12
310	3	834	30
310	3	1408	9
310	3	1774	20
311	3	1774	30
312	3	1617	30
313	3	1565	30
314	3	1617	30
315	3	1095	30
315	3	1565	9
315	3	2295	20
317	3	1774	30
318	3	2035	30
320	3	1252	30
321	3	626	29
321	3	991	20
322	3	574	30
322	3	2243	9
324	3	1565	30
325	3	1356	30
326	3	626	29
326	3	991	20
327	3	1669	30
327	3	2191	9
328	3	1669	30
329	3	1930	30
330	3	1095	30
330	3	1513	9
331	3	678	29
332	3	887	30
332	3	1461	9
333	3	678	29
333	3	991	20
333	3	2243	9
334	3	1774	30
335	3	574	29
335	3	939	20
336	3	678	29
336	3	1826	9
337	3	1722	30
338	3	1982	30
339	3	782	30
340	3	1669	30
341	3	1722	30
341	3	2191	9
342	3	521	29
342	3	1200	9
342	3	1565	20
343	3	574	29
343	3	887	20
345	3	991	30
345	3	1513	9
346	3	834	30
346	3	1304	9
346	3	1774	20
347	3	730	29
347	3	1722	9
348	3	678	29
348	3	1356	9
349	3	730	30
349	3	1148	9
349	3	1513	20
351	3	887	30
352	3	887	30
352	3	1722	9
353	3	730	30
354	3	626	30
354	3	939	20
354	3	1461	9
354	3	1722	12
355	3	782	30
356	3	1200	30
357	3	939	30
358	3	1617	30
358	3	2243	9
360	3	1565	30
361	3	834	30
361	3	1513	9
364	3	678	29
365	3	2191	30
366	3	1617	30
367	3	574	29
368	3	574	29
368	3	887	20
368	3	1408	9
368	3	2087	12
369	3	730	30
369	3	1252	9
369	3	1617	20
370	3	1722	30
371	3	834	30
372	3	1669	30
373	3	1826	30
374	3	2035	30
375	3	1826	30
376	3	887	30
377	3	1826	30
378	3	1617	30
379	3	1461	9
379	3	1565	30
380	3	1826	30
381	3	1565	30
382	3	730	29
383	3	1930	30
384	3	887	30
385	3	1565	30
386	3	834	30
387	3	834	30
387	3	1148	9
387	3	1461	20
389	3	626	29
390	3	574	29
390	3	939	20
391	3	782	30
391	3	1722	9
391	3	2243	20
392	3	1878	30
393	3	521	29
393	3	939	20
394	3	991	30
395	3	1043	30
396	3	574	29
396	3	939	20
396	3	1356	9
396	3	1722	12
397	3	1774	30
397	3	2295	9
398	3	1043	30
399	3	678	30
399	3	991	20
400	3	887	30
402	3	939	30
402	3	1513	9
404	3	1669	30
405	3	1669	30
406	3	887	30
406	3	1356	9
407	3	1669	30
409	3	1617	30
410	3	1826	30
411	3	626	30
411	3	1043	20
411	3	1565	9
412	3	730	29
412	3	1043	20
412	3	1356	9
412	3	1669	12
412	3	1982	30
413	3	574	29
413	3	939	20
413	3	1356	9
413	3	1617	12
413	3	1930	30
414	3	887	30
414	3	1669	9
414	3	2087	20
415	3	678	29
415	3	1304	9
416	3	2035	30
417	3	730	30
417	3	1982	9
418	3	730	30
418	3	1200	9
418	3	1565	20
419	3	678	30
419	3	1148	9
419	3	1565	20
420	3	1200	30
422	3	1774	30
423	3	1565	9
423	3	1617	30
424	3	678	30
424	3	1043	20
424	3	1461	9
424	3	1826	12
425	3	939	30
426	3	1617	30
426	3	1982	9
428	3	730	30
429	3	939	30
429	3	1565	9
430	3	782	30
431	3	678	30
431	3	991	20
432	3	887	30
432	3	1408	9
432	3	1774	20
433	3	1043	30
433	3	2191	9
434	3	834	30
434	3	1148	9
434	3	1513	20
434	3	2087	12
435	3	626	30
435	3	1043	20
436	3	626	29
436	3	1043	20
436	3	1722	9
437	3	626	29
437	3	2035	9
438	3	1408	9
438	3	1565	30
439	3	1826	30
440	3	939	30
442	3	1095	30
442	3	2191	9
443	3	1617	30
444	3	2191	30
445	3	574	29
445	3	991	20
446	3	1356	30
447	3	2139	30
448	3	1617	30
451	3	1617	30
451	3	1878	9
451	3	2191	20
452	3	887	30
453	3	730	30
453	3	1043	20
453	3	1513	9
454	3	1878	30
455	3	1669	30
455	3	2191	9
456	3	1826	30
457	3	1200	30
458	3	2295	30
459	3	1826	30
460	3	626	29
460	3	2295	9
461	3	678	30
461	3	1148	9
462	3	991	30
463	3	939	30
463	3	1356	9
463	3	1774	20
464	3	1722	9
464	3	1774	30
465	3	626	29
466	3	730	30
466	3	1722	9
467	3	678	30
467	3	2035	9
468	3	574	29
468	3	2139	9
469	3	574	29
469	3	939	20
469	3	2087	9
470	3	2139	30
471	3	1669	30
472	3	834	30
473	3	1095	30
473	3	2035	9
474	3	730	30
474	3	1252	9
474	3	1565	20
475	3	1826	30
476	3	1878	30
477	3	1826	30
478	3	1565	30
480	3	1617	30
481	3	834	30
481	3	1252	9
481	3	1565	20
482	3	834	30
483	3	2243	30
485	3	1722	30
486	3	1774	30
487	3	574	29
487	3	991	20
488	3	1826	30
489	3	574	29
489	3	939	20
490	3	1461	9
490	3	1669	30
490	3	1982	20
491	3	939	30
491	3	2191	9
492	3	1565	30
492	3	1826	9
492	3	2295	20
494	3	782	30
495	3	1095	30
495	3	1617	9
496	3	1356	9
496	3	1565	30
496	3	2087	20
497	3	626	30
498	3	1043	30
499	3	834	30
500	3	574	29
500	3	991	20
500	3	1408	9
500	3	1722	12
501	3	1826	30
502	3	1617	30
503	3	574	29
503	3	887	20
503	3	1408	9
503	3	1774	12
503	3	2087	30
505	3	1826	30
506	3	1617	30
507	3	2191	30
508	3	678	29
508	3	1304	9
508	3	1722	20
512	3	1148	30
512	3	1565	9
513	3	1148	30
514	3	887	30
515	3	574	29
515	3	887	20
515	3	2139	9
516	3	1878	30
517	3	1826	30
518	3	1565	30
519	3	834	30
519	3	1513	9
520	3	887	30
521	3	626	29
521	3	1095	20
522	3	1513	9
522	3	1617	30
523	3	730	30
523	3	1878	9
525	3	887	30
525	3	1304	9
525	3	1617	20
527	3	678	30
527	3	991	20
528	3	574	29
528	3	939	20
529	3	626	29
529	3	991	20
529	3	1408	9
529	3	1774	12
530	3	1408	30
530	3	2295	9
531	3	1200	30
531	3	1669	9
532	3	1200	30
534	3	626	29
534	3	939	20
534	3	1565	9
535	3	2191	30
536	3	1878	30
537	3	991	30
537	3	2087	9
538	3	678	30
538	3	991	20
539	3	626	29
539	3	991	20
541	3	782	30
541	3	2139	9
542	3	1826	30
543	3	1669	30
543	3	1930	9
544	3	782	30
544	3	1200	9
544	3	1565	20
544	3	2295	12
545	3	1669	30
546	3	1774	30
547	3	939	30
547	3	1356	9
547	3	1930	20
548	3	1774	30
549	3	1826	30
550	3	730	30
550	3	1043	20
550	3	1513	9
551	3	678	30
551	3	1095	20
551	3	1461	9
552	3	1930	30
553	3	1617	30
554	3	626	30
554	3	939	20
555	3	521	29
555	3	1043	20
555	3	1356	9
555	3	1722	12
555	3	2087	30
556	3	1043	30
556	3	1565	9
557	3	2243	30
558	3	678	30
559	3	1617	30
559	3	2191	9
560	3	1930	30
561	3	1148	30
562	3	1617	30
563	3	1513	9
563	3	1565	30
564	3	1878	30
565	3	782	30
565	3	1200	9
565	3	1565	20
565	3	2191	12
566	3	782	30
567	3	1617	30
568	3	730	30
568	3	1043	20
569	3	1774	30
570	3	1878	30
571	3	521	29
571	3	1774	9
572	3	1982	30
574	3	1043	30
575	3	521	29
575	3	939	20
575	3	1461	9
576	3	1722	30
577	3	626	29
577	3	939	20
578	3	1617	30
579	3	1669	30
581	3	1617	30
581	3	1878	9
582	3	1617	30
583	3	678	29
583	3	991	20
583	3	1461	9
584	3	834	30
585	3	626	29
585	3	939	20
585	3	1304	9
585	3	1565	12
585	3	1878	30
586	3	1356	9
586	3	1617	30
587	3	626	30
587	3	939	20
587	3	1408	9
588	3	887	30
589	3	834	30
589	3	1408	9
590	3	678	29
590	3	1513	9
591	3	2035	30
593	3	1252	30
594	3	1669	30
595	3	678	29
595	3	1200	9
595	3	1513	20
596	3	1565	30
597	3	1148	30
598	3	521	29
598	3	887	20
599	3	574	29
599	3	939	20
600	3	2243	30
601	3	782	30
602	3	1774	30
603	3	991	30
604	3	1669	30
604	3	1982	9
605	3	1669	30
606	3	1043	30
606	3	1565	9
607	3	626	30
607	3	1408	9
607	3	2243	20
608	3	887	30
608	3	2191	9
611	3	1617	30
612	3	1200	30
613	3	1826	30
614	3	1722	30
615	3	1774	30
616	3	1617	30
619	3	1826	30
620	3	678	29
621	3	1565	30
622	3	678	30
622	3	991	20
623	3	1669	30
624	3	834	30
625	3	1669	30
626	3	939	30
626	3	1461	9
627	3	939	30
627	3	1878	9
628	3	991	30
628	3	1722	9
629	3	1774	30
630	3	1200	30
630	3	2295	9
631	3	939	30
631	3	1722	9
631	3	2139	20
632	3	574	29
632	3	887	20
633	3	2087	30
634	3	1356	30
635	3	1930	30
639	3	678	30
639	3	1356	9
639	3	1722	20
640	3	1669	30
641	3	1043	30
642	3	1722	30
644	3	887	30
645	3	1200	30
645	3	1669	9
646	3	626	29
646	3	1095	20
647	3	2035	30
648	3	1669	30
649	3	887	30
649	3	2035	9
650	3	2035	30
651	3	887	30
652	3	991	30
652	3	1826	9
653	3	939	30
653	3	1722	9
654	3	1722	30
655	3	939	30
655	3	2087	9
656	3	1565	30
657	3	887	30
658	3	887	30
658	3	1148	9
658	3	1617	20
659	3	1722	30
660	3	1930	30
661	3	678	29
661	3	1461	9
662	3	887	30
662	3	1461	9
663	3	1617	30
664	3	730	30
664	3	1148	9
664	3	1617	20
665	3	782	30
666	3	626	29
666	3	991	20
667	3	730	30
668	3	1565	30
668	3	2295	9
669	3	1722	30
669	3	2035	9
670	3	1774	30
670	3	2035	9
671	3	1878	30
672	3	1774	30
673	3	1669	30
674	3	1461	9
674	3	1617	30
675	3	1617	30
676	3	574	29
676	3	1148	20
676	3	2295	9
677	3	1043	30
677	3	1513	9
678	3	730	30
679	3	1774	30
680	3	1617	30
681	3	1826	30
682	3	887	30
683	3	1774	30
684	3	1617	30
684	3	2295	9
685	3	991	30
686	3	678	29
687	3	1930	30
688	3	1774	30
689	3	1722	30
690	3	991	30
691	3	678	29
691	3	1304	9
691	3	1617	20
691	3	2295	12
692	3	939	30
692	3	1252	9
692	3	1565	20
693	3	887	30
693	3	1513	9
693	3	2243	20
694	3	887	30
695	3	574	29
695	3	939	20
696	3	1826	30
697	3	782	30
697	3	1461	9
697	3	2243	20
698	3	1826	30
699	3	1565	30
700	3	1043	30
701	3	1095	30
701	3	1722	9
702	3	1565	30
703	3	834	30
703	3	1461	9
705	3	1565	30
705	3	2087	9
706	3	678	30
706	3	2035	9
707	3	834	30
708	3	1669	30
709	3	887	30
709	3	1513	9
710	3	939	30
710	3	1200	9
710	3	1513	20
711	3	1617	30
711	3	2139	9
712	3	1669	30
714	3	678	29
714	3	991	20
715	3	1669	30
716	3	574	29
716	3	939	20
717	3	1617	30
717	3	1878	9
717	3	2243	20
718	3	834	30
718	3	1148	9
718	3	1669	20
719	3	1722	30
721	3	1565	30
721	3	2035	9
722	3	678	30
722	3	991	20
722	3	1513	9
723	3	834	30
724	3	1617	30
725	3	834	30
725	3	1669	9
726	3	1356	9
726	3	1565	30
727	3	1774	30
729	3	834	30
730	3	1565	30
731	3	730	30
731	3	1043	20
732	3	887	30
733	3	782	30
733	3	1461	9
734	3	730	30
734	3	1617	9
734	3	2191	20
735	3	2191	30
736	3	1617	30
737	3	678	29
737	3	1565	9
737	3	2139	20
738	3	887	30
738	3	1408	9
738	3	1722	20
738	3	2243	12
739	3	1669	30
741	3	887	30
742	3	626	29
742	3	939	20
742	3	1774	9
742	3	2243	12
743	3	626	29
743	3	1930	9
744	3	1722	30
744	3	2295	9
745	3	1669	30
746	3	1826	30
747	3	1565	30
749	3	1826	30
750	3	626	29
751	3	1774	30
752	3	1565	9
752	3	1722	30
753	3	730	30
753	3	1043	20
753	3	1722	9
753	3	2087	12
754	3	574	29
754	3	1513	9
755	3	782	30
755	3	1408	9
756	3	782	30
756	3	1148	9
756	3	1461	20
757	3	1982	30
758	3	574	29
758	3	939	20
759	3	1878	30
760	3	1565	30
761	3	1095	30
762	3	939	30
763	3	1722	30
763	3	2295	9
764	3	939	30
765	3	782	30
765	3	2087	9
766	3	834	30
767	3	1722	30
768	3	1982	30
769	3	1669	30
771	3	1669	30
772	3	1722	30
773	3	1982	30
774	3	678	30
774	3	1304	9
774	3	1774	20
775	3	1722	30
776	3	626	30
776	3	939	20
776	3	1878	9
776	3	2243	12
777	3	2191	30
778	3	782	30
780	3	1148	30
781	3	834	30
781	3	1617	9
782	3	939	30
783	3	1982	30
784	3	730	30
784	3	1878	9
785	3	782	30
786	3	1617	30
787	3	1878	30
788	3	782	30
789	3	1200	30
789	3	1774	9
790	3	1722	30
791	3	1565	30
792	3	887	30
793	3	730	30
793	3	1043	20
794	3	574	29
794	3	991	20
795	3	2191	30
796	3	1669	30
797	3	782	30
798	3	1565	30
798	3	2295	9
800	3	1826	30
801	3	1878	30
802	3	887	30
803	3	939	30
803	3	1356	9
803	3	1826	20
804	3	1095	30
804	3	2035	9
806	3	1930	30
807	3	626	29
807	3	939	20
807	3	1408	9
807	3	1722	12
809	3	2295	30
810	3	730	30
810	3	1043	20
811	3	626	29
811	3	991	20
812	3	834	30
812	3	1148	9
812	3	1774	20
813	3	1043	30
814	3	2139	30
815	3	626	30
816	3	1669	30
818	3	991	30
818	3	2035	9
819	3	1982	30
820	3	1722	30
821	3	1304	30
822	3	626	29
822	3	991	20
823	3	626	29
823	3	991	20
823	3	1826	9
823	3	2295	12
824	3	1617	30
824	3	2295	9
825	3	1095	30
826	3	1148	30
827	3	1669	30
828	3	1826	30
830	3	1669	30
831	3	834	30
831	3	1200	9
831	3	1513	20
831	3	2035	12
832	3	834	30
832	3	1148	9
832	3	1565	20
832	3	2243	12
833	3	1356	30
834	3	678	29
834	3	1304	9
834	3	1617	20
834	3	2295	12
835	3	1043	30
836	3	2295	30
837	3	1722	30
838	3	730	30
838	3	1408	9
838	3	2035	20
839	3	1930	30
840	3	574	30
840	3	939	20
840	3	1304	9
840	3	1565	12
841	3	834	30
842	3	1669	30
842	3	1930	9
843	3	626	29
843	3	1043	20
843	3	1461	9
843	3	1930	12
843	3	2243	30
844	3	1722	30
845	3	1774	30
846	3	1930	30
847	3	1722	30
848	3	521	29
848	3	939	20
850	3	521	29
850	3	1148	20
850	3	1513	9
853	3	1878	30
854	3	1513	9
854	3	1669	30
855	3	834	30
856	3	991	30
857	3	1826	30
858	3	1043	30
858	3	1461	9
860	3	2139	30
861	3	730	29
862	3	2087	30
863	3	887	30
863	3	1148	9
863	3	1565	20
864	3	626	30
864	3	1148	20
864	3	1774	9
864	3	2295	12
865	3	730	30
866	3	574	29
866	3	991	20
867	3	1565	30
868	3	782	30
869	3	1565	30
870	3	1669	30
871	3	1669	30
873	3	730	30
873	3	1043	20
875	3	834	30
876	3	730	30
877	3	678	30
877	3	991	20
877	3	1461	9
878	3	1774	30
878	3	2295	9
879	3	1095	30
880	3	626	29
880	3	991	20
881	3	1826	30
882	3	1826	30
883	3	2243	30
884	3	834	30
885	3	678	29
885	3	1095	20
885	3	1461	9
886	3	1774	30
887	3	939	30
889	3	1878	30
890	3	1826	30
891	3	626	29
892	3	2035	30
893	3	834	30
894	3	939	30
895	3	1043	30
896	3	626	29
897	3	782	30
897	3	1408	9
898	3	834	30
898	3	1408	9
898	3	1774	20
899	3	782	30
899	3	1408	9
899	3	1774	20
900	3	1826	30
901	3	678	29
901	3	991	20
902	3	1095	30
902	3	1461	9
903	3	678	30
903	3	1461	9
903	3	1982	20
905	3	1669	30
906	3	678	30
908	3	730	30
908	3	1461	9
910	3	1252	30
911	3	1774	30
912	3	834	30
913	3	1826	30
914	3	1513	9
914	3	1669	30
915	3	1774	30
916	3	626	29
916	3	1304	9
916	3	1774	20
917	3	834	30
918	3	1252	30
919	3	1826	30
920	3	1617	30
922	3	1095	30
923	3	1774	30
924	3	887	30
924	3	1304	9
924	3	1617	20
925	3	730	30
926	3	939	30
926	3	1513	9
926	3	2087	20
927	3	1095	30
929	3	834	30
929	3	1722	9
931	3	574	29
931	3	1043	20
931	3	1513	9
932	3	1669	30
932	3	2243	9
933	3	1826	30
934	3	1565	30
935	3	678	30
936	3	1617	30
937	3	1774	30
938	3	1565	30
938	3	2035	9
939	3	1669	30
940	3	939	30
940	3	1461	9
940	3	2087	20
941	3	678	30
941	3	1043	20
941	3	1826	9
942	3	678	30
942	3	1095	20
942	3	1722	9
944	3	1565	30
945	3	2035	30
946	3	1617	30
947	3	678	29
947	3	1095	20
947	3	1461	9
948	3	730	30
949	3	574	30
949	3	939	20
949	3	1356	9
950	3	678	29
950	3	991	20
953	3	678	29
953	3	1356	9
954	3	730	30
954	3	1043	20
956	3	1617	30
957	3	1982	30
958	3	1669	30
960	3	991	30
960	3	1461	9
961	3	887	30
961	3	1774	9
962	3	2087	30
963	3	730	30
964	3	782	30
964	3	1200	9
964	3	1513	20
965	3	1774	30
966	3	678	30
966	3	1930	9
967	3	1878	30
968	3	887	30
969	3	1461	9
969	3	1565	30
971	3	887	30
971	3	1565	9
972	3	521	29
972	3	939	20
972	3	1408	9
972	3	1669	12
973	3	887	30
974	3	991	30
975	3	1826	30
976	3	991	30
976	3	1461	9
976	3	2139	20
978	3	782	30
978	3	1200	9
978	3	2295	20
979	3	1826	30
981	3	1148	30
981	3	1565	9
982	3	887	30
983	3	678	30
984	3	1617	30
985	3	1669	30
985	3	2087	9
987	3	1356	30
988	3	991	30
989	3	574	29
989	3	2295	9
990	3	2295	30
993	3	1722	30
995	3	574	29
995	3	939	20
996	3	1461	30
998	3	991	30
998	3	1252	9
998	3	1565	20
998	3	2087	12
999	3	1930	30
0	4	626	29
1	4	626	29
2	4	834	30
3	4	1252	30
3	4	1774	28
4	4	834	30
4	4	1252	28
5	4	782	30
6	4	887	30
6	4	1826	28
7	4	991	28
7	4	1565	30
8	4	1043	30
8	4	1356	28
10	4	574	29
10	4	991	28
12	4	1356	28
12	4	1930	30
13	4	1095	28
13	4	1669	30
14	4	678	30
14	4	991	28
15	4	730	30
15	4	1722	28
16	4	678	29
16	4	1252	28
17	4	574	29
17	4	991	28
18	4	730	30
19	4	1826	28
20	4	834	30
20	4	1513	28
21	4	678	30
21	4	991	28
22	4	1200	28
22	4	1774	30
23	4	730	30
24	4	730	30
24	4	1408	28
25	4	1565	28
25	4	2139	30
26	4	1043	30
26	4	1669	28
27	4	678	30
27	4	1461	28
28	4	1043	28
28	4	1617	30
29	4	1095	28
29	4	1669	30
30	4	1252	28
30	4	1826	30
31	4	834	30
31	4	2087	28
32	4	1095	28
32	4	1669	30
33	4	1043	30
33	4	2035	28
34	4	991	28
34	4	1565	30
35	4	782	30
36	4	782	30
36	4	1461	28
37	4	1043	30
38	4	939	30
39	4	887	30
39	4	1617	28
40	4	574	29
40	4	991	28
41	4	991	28
41	4	1565	30
42	4	1043	28
42	4	1617	30
43	4	730	30
43	4	1408	28
45	4	730	29
45	4	1408	28
46	4	782	30
46	4	1982	28
47	4	1095	28
47	4	1669	30
48	4	2035	28
49	4	834	30
49	4	1356	28
50	4	1565	28
50	4	2139	30
51	4	1774	28
52	4	2191	30
53	4	782	30
53	4	1252	28
55	4	887	30
56	4	1148	28
56	4	1722	30
57	4	730	30
57	4	2087	28
58	4	834	30
58	4	1356	28
59	4	834	30
60	4	2035	30
61	4	834	30
62	4	834	30
62	4	1356	28
63	4	991	30
63	4	1513	28
64	4	1878	28
65	4	991	28
65	4	1565	30
66	4	1304	28
66	4	1878	30
67	4	1043	28
67	4	1617	30
68	4	1408	28
68	4	1982	30
69	4	1148	30
69	4	1774	28
70	4	782	30
71	4	1095	28
71	4	1669	30
73	4	1669	28
73	4	2243	30
74	4	1148	28
74	4	1722	30
75	4	678	29
75	4	1461	28
76	4	1356	28
76	4	1930	30
77	4	1461	28
77	4	2035	30
78	4	1304	28
78	4	1878	30
79	4	1043	28
79	4	1617	30
80	4	730	29
80	4	1669	28
81	4	939	30
81	4	2139	28
82	4	1304	30
82	4	2139	28
83	4	1043	28
83	4	1617	30
84	4	834	30
84	4	2087	28
85	4	1722	28
85	4	2295	30
86	4	1095	28
86	4	1669	30
87	4	678	30
87	4	1095	28
88	4	991	28
88	4	1565	30
89	4	1095	28
89	4	1669	30
90	4	1304	28
90	4	1878	30
91	4	834	30
92	4	730	30
93	4	1304	28
93	4	1878	30
94	4	1826	28
95	4	1200	28
95	4	1774	30
96	4	991	28
96	4	1565	30
97	4	1200	28
97	4	1774	30
98	4	1826	30
99	4	1043	28
99	4	1617	30
100	4	1304	28
100	4	1878	30
101	4	939	30
102	4	991	30
102	4	1774	28
103	4	1148	28
103	4	1722	30
104	4	678	30
104	4	1356	28
105	4	2243	28
106	4	1043	30
106	4	1408	28
107	4	574	29
107	4	1095	28
108	4	730	30
108	4	1669	28
109	4	1200	28
109	4	1774	30
110	4	730	30
110	4	1304	28
111	4	939	30
111	4	2191	28
112	4	1043	28
112	4	1617	30
113	4	678	30
114	4	939	30
114	4	2295	28
115	4	1408	28
115	4	1982	30
116	4	1408	28
116	4	1982	30
117	4	1669	30
117	4	2243	28
118	4	1148	28
118	4	1722	30
119	4	1200	28
119	4	1774	30
120	4	1095	28
120	4	1669	30
121	4	1356	28
121	4	1930	30
122	4	626	29
122	4	1095	28
123	4	1878	28
124	4	678	29
124	4	1304	28
125	4	834	30
125	4	1304	28
126	4	626	30
126	4	1148	28
127	4	626	29
127	4	1148	28
128	4	574	29
128	4	991	28
129	4	1095	28
129	4	1669	30
130	4	782	30
131	4	939	30
131	4	1408	28
132	4	574	29
132	4	991	28
133	4	939	30
134	4	1148	28
134	4	1722	30
135	4	730	30
135	4	1461	28
136	4	626	30
136	4	991	28
137	4	991	28
137	4	1565	30
138	4	626	29
138	4	2139	28
139	4	626	29
139	4	1095	28
139	4	2087	30
140	4	1826	28
141	4	834	30
141	4	1774	28
142	4	1148	28
142	4	1722	30
143	4	1252	28
143	4	1826	30
145	4	1148	28
145	4	1722	30
146	4	782	30
146	4	1513	28
147	4	939	30
147	4	1565	28
148	4	1304	28
148	4	1878	30
149	4	626	29
149	4	1043	28
150	4	782	30
150	4	1513	28
151	4	1148	28
151	4	1722	30
152	4	834	30
152	4	1408	28
153	4	991	28
153	4	1565	30
154	4	678	29
154	4	1148	28
155	4	521	29
155	4	991	28
156	4	574	29
156	4	1095	28
158	4	887	30
159	4	574	29
159	4	2243	28
160	4	991	28
160	4	1565	30
161	4	1617	28
161	4	2191	30
162	4	1043	28
162	4	1617	30
163	4	1148	28
163	4	1722	30
164	4	782	30
165	4	782	30
165	4	1304	28
166	4	1826	28
167	4	1200	28
167	4	1774	30
169	4	626	29
169	4	2087	28
170	4	626	29
170	4	991	28
171	4	1252	28
171	4	1826	30
172	4	1043	28
172	4	1617	30
173	4	1304	28
173	4	1878	30
174	4	1095	28
174	4	1669	30
175	4	939	30
175	4	1513	28
176	4	626	29
176	4	1930	28
178	4	2035	28
179	4	782	30
179	4	1461	28
180	4	1930	28
181	4	730	30
182	4	991	28
182	4	1565	30
183	4	730	30
183	4	1461	28
184	4	1095	28
184	4	1669	30
185	4	887	30
186	4	2139	28
187	4	1148	30
187	4	1617	28
188	4	1878	30
189	4	991	28
189	4	1565	30
190	4	1095	28
190	4	1669	30
191	4	678	29
192	4	991	30
192	4	1461	28
193	4	991	30
193	4	1722	28
194	4	991	28
194	4	1565	30
196	4	626	30
196	4	1043	28
198	4	939	30
198	4	1461	28
199	4	626	29
199	4	1095	28
200	4	1148	28
200	4	1722	30
201	4	1826	28
202	4	1148	30
202	4	2035	28
203	4	1095	28
203	4	1669	30
204	4	782	30
204	4	1461	28
205	4	1252	28
205	4	1826	30
206	4	574	29
206	4	1722	28
206	4	1826	30
207	4	626	29
207	4	1252	28
208	4	678	30
208	4	1461	28
209	4	2191	28
210	4	834	30
210	4	1669	28
211	4	1513	28
211	4	2087	30
212	4	1148	30
212	4	2243	28
213	4	1617	28
213	4	2191	30
214	4	1095	28
214	4	1669	30
215	4	1200	28
215	4	1774	30
216	4	1252	28
216	4	1826	30
217	4	1252	30
217	4	1774	28
218	4	991	28
218	4	1565	30
219	4	2191	28
220	4	1356	28
220	4	1930	30
221	4	1043	30
221	4	1669	28
222	4	1826	28
223	4	1148	28
223	4	1722	30
224	4	1148	28
224	4	1722	30
225	4	574	29
225	4	1043	28
226	4	782	30
226	4	1304	28
227	4	939	30
227	4	2243	28
228	4	678	30
228	4	1200	28
229	4	1043	28
229	4	1617	30
230	4	678	30
230	4	1982	28
231	4	626	30
231	4	991	28
232	4	678	29
232	4	1148	28
233	4	1252	28
233	4	1826	30
235	4	1461	28
235	4	2035	30
236	4	1200	28
236	4	1774	30
239	4	1200	28
239	4	1774	30
240	4	678	30
240	4	1252	28
241	4	1095	30
241	4	1461	28
242	4	991	30
242	4	1408	28
243	4	678	30
243	4	991	28
244	4	730	30
245	4	1095	28
245	4	1669	30
246	4	2035	28
248	4	730	30
249	4	678	30
249	4	1930	28
250	4	626	29
250	4	991	28
251	4	939	30
251	4	1722	28
252	4	2139	30
253	4	1148	28
253	4	1722	30
255	4	1200	28
255	4	1774	30
256	4	1095	28
256	4	1669	30
257	4	1356	30
257	4	1878	28
258	4	626	29
258	4	991	28
259	4	574	29
259	4	1617	28
260	4	730	30
260	4	1826	28
262	4	1095	30
262	4	1669	28
263	4	1095	28
263	4	1669	30
264	4	991	30
265	4	782	30
266	4	991	30
266	4	1669	28
267	4	678	30
267	4	2035	28
268	4	1043	28
268	4	1617	30
269	4	678	29
269	4	1252	28
270	4	1043	28
270	4	1617	30
271	4	834	30
271	4	1461	28
272	4	678	30
272	4	1148	28
273	4	2295	28
274	4	1148	28
274	4	1722	30
275	4	1617	28
275	4	2191	30
277	4	1043	28
277	4	1617	30
278	4	1513	28
278	4	2087	30
279	4	1200	28
279	4	1774	30
280	4	1043	28
280	4	1617	30
282	4	1826	30
283	4	1148	28
283	4	1722	30
284	4	626	29
284	4	991	28
285	4	1095	28
285	4	1669	30
286	4	678	30
286	4	1252	28
287	4	1200	28
287	4	1774	30
288	4	887	30
289	4	1930	28
291	4	1043	30
292	4	1461	28
292	4	2035	30
293	4	521	29
293	4	2139	28
294	4	678	29
294	4	2243	28
295	4	1043	28
295	4	1617	30
296	4	730	30
296	4	1461	28
297	4	2191	30
298	4	1200	30
298	4	1722	28
299	4	574	29
300	4	1252	28
300	4	1826	30
301	4	521	29
301	4	991	28
302	4	626	29
302	4	1408	28
303	4	730	30
303	4	1826	28
304	4	678	30
306	4	730	30
307	4	991	28
307	4	1565	30
308	4	991	28
308	4	1565	30
309	4	521	29
309	4	991	28
310	4	834	30
310	4	1304	28
311	4	1200	28
311	4	1774	30
312	4	1043	28
312	4	1617	30
313	4	991	28
313	4	1565	30
314	4	1617	30
315	4	1095	30
315	4	1513	28
316	4	2035	28
317	4	1200	28
317	4	1774	30
318	4	1461	28
318	4	2035	30
319	4	1826	28
320	4	1252	30
321	4	626	29
321	4	991	28
322	4	574	30
322	4	1930	28
323	4	1826	28
324	4	1565	30
325	4	1356	30
326	4	626	29
326	4	991	28
327	4	1095	28
327	4	1669	30
328	4	1095	28
328	4	1669	30
329	4	1356	28
329	4	1930	30
330	4	1095	30
330	4	1461	28
331	4	678	29
331	4	1878	28
332	4	887	30
332	4	1408	28
333	4	678	29
333	4	991	28
334	4	1200	28
334	4	1774	30
335	4	574	29
336	4	678	29
336	4	1513	28
337	4	1148	28
337	4	1722	30
338	4	1408	28
338	4	1982	30
339	4	782	30
340	4	1095	28
340	4	1669	30
341	4	1148	28
341	4	1722	30
342	4	521	29
342	4	1095	28
343	4	574	29
344	4	1930	28
345	4	991	30
345	4	1408	28
346	4	834	30
346	4	1304	28
347	4	730	29
347	4	1669	28
348	4	678	29
348	4	1356	28
349	4	730	30
349	4	1148	28
350	4	1982	28
351	4	887	30
352	4	887	30
352	4	1513	28
353	4	730	30
353	4	1722	28
354	4	626	30
354	4	1043	28
355	4	782	30
356	4	1200	30
356	4	1878	28
357	4	939	30
358	4	1043	28
358	4	1617	30
360	4	991	28
360	4	1565	30
361	4	834	30
361	4	1669	28
362	4	1982	28
364	4	678	29
364	4	2087	28
365	4	1617	28
365	4	2191	30
366	4	1043	28
366	4	1617	30
367	4	574	29
367	4	1982	28
368	4	574	29
368	4	2087	28
369	4	730	30
369	4	1304	28
370	4	1148	28
370	4	1722	30
371	4	834	30
372	4	1095	28
372	4	1669	30
373	4	1252	28
373	4	1826	30
374	4	1461	28
374	4	2035	30
375	4	1252	28
375	4	1826	30
376	4	887	30
376	4	2191	28
377	4	1252	28
377	4	1826	30
378	4	1043	28
378	4	1617	30
379	4	991	28
379	4	1565	30
380	4	1826	30
381	4	991	28
381	4	1565	30
382	4	730	29
382	4	1930	28
383	4	1356	28
383	4	1930	30
384	4	887	30
384	4	1669	28
385	4	991	28
385	4	1565	30
386	4	834	30
387	4	834	30
387	4	1304	28
388	4	2035	28
389	4	626	29
390	4	574	29
391	4	782	30
391	4	1408	28
392	4	1878	30
392	4	2191	28
393	4	521	29
394	4	991	30
394	4	2243	28
395	4	1043	30
396	4	574	29
396	4	991	28
397	4	1200	28
397	4	1774	30
398	4	1043	30
399	4	678	30
400	4	887	30
400	4	1982	28
401	4	2139	28
402	4	939	30
402	4	1513	28
403	4	1930	28
404	4	1095	28
404	4	1669	30
405	4	1095	28
405	4	1669	30
406	4	887	30
407	4	1095	28
407	4	1669	30
409	4	1043	28
409	4	1617	30
410	4	1252	28
410	4	1826	30
411	4	626	30
411	4	1095	28
412	4	730	29
412	4	1043	28
412	4	1982	30
413	4	574	29
413	4	991	28
413	4	1930	30
414	4	887	30
414	4	1461	28
415	4	678	29
415	4	1356	28
416	4	1461	28
416	4	2035	30
417	4	730	30
417	4	1826	28
418	4	730	30
418	4	1304	28
419	4	678	30
419	4	1304	28
420	4	1200	30
420	4	1774	28
421	4	1930	28
422	4	1200	28
422	4	1774	30
423	4	1043	28
423	4	1617	30
424	4	678	30
424	4	1200	28
425	4	939	30
425	4	1982	28
426	4	1043	28
426	4	1617	30
427	4	2035	28
428	4	730	30
429	4	939	30
429	4	1461	28
430	4	782	30
430	4	1617	28
431	4	678	30
431	4	991	28
432	4	887	30
432	4	2243	28
433	4	1043	30
433	4	1669	28
434	4	834	30
434	4	1930	28
435	4	626	30
435	4	1200	28
436	4	626	29
436	4	1043	28
437	4	626	29
437	4	1878	28
438	4	991	28
438	4	1565	30
439	4	1252	28
439	4	1826	30
440	4	939	30
441	4	1826	28
442	4	1095	30
442	4	1878	28
443	4	1043	28
443	4	1617	30
444	4	1617	28
444	4	2191	30
445	4	574	29
445	4	1461	28
446	4	1356	30
446	4	2191	28
447	4	1565	28
447	4	2139	30
448	4	1043	28
448	4	1617	30
449	4	2035	28
450	4	2243	28
451	4	1043	28
451	4	1617	30
452	4	887	30
452	4	2139	28
453	4	730	30
453	4	1774	28
454	4	1304	28
454	4	1878	30
455	4	1095	28
455	4	1669	30
456	4	1252	28
456	4	1826	30
457	4	1200	30
458	4	1722	28
458	4	2295	30
459	4	1252	28
459	4	1826	30
460	4	626	29
460	4	1930	28
461	4	678	30
461	4	1304	28
462	4	991	30
462	4	1878	28
463	4	939	30
463	4	1304	28
464	4	1200	28
464	4	1774	30
465	4	626	29
465	4	1826	28
466	4	730	30
467	4	678	30
467	4	1878	28
468	4	574	29
468	4	1878	28
469	4	574	29
470	4	1565	28
470	4	2139	30
471	4	1095	28
471	4	1669	30
472	4	834	30
473	4	1095	30
473	4	1774	28
474	4	730	30
474	4	1252	28
475	4	1252	28
475	4	1826	30
476	4	1304	28
476	4	1878	30
477	4	1252	28
477	4	1826	30
478	4	991	28
478	4	1565	30
480	4	1043	28
480	4	1617	30
481	4	834	30
481	4	1252	28
482	4	834	30
482	4	2243	28
483	4	1669	28
483	4	2243	30
484	4	2035	28
485	4	1148	28
485	4	1722	30
486	4	1200	28
486	4	1774	30
487	4	574	29
487	4	1826	28
488	4	1252	28
488	4	1826	30
489	4	574	29
490	4	1095	28
490	4	1669	30
491	4	939	30
491	4	1878	28
492	4	991	28
492	4	1565	30
494	4	782	30
495	4	1095	30
495	4	1617	28
496	4	991	28
496	4	1565	30
497	4	626	30
498	4	1043	30
498	4	2139	28
499	4	834	30
500	4	574	29
500	4	991	28
501	4	1252	28
501	4	1826	30
502	4	1043	28
502	4	1617	30
503	4	574	29
503	4	991	28
503	4	2087	30
505	4	1252	28
505	4	1826	30
506	4	1043	28
506	4	1617	30
507	4	1617	28
507	4	2191	30
508	4	678	29
508	4	1095	28
510	4	1982	28
512	4	1148	30
512	4	1669	28
513	4	1148	30
514	4	887	30
514	4	1669	28
515	4	574	29
515	4	991	28
516	4	1304	28
516	4	1878	30
517	4	1252	28
517	4	1826	30
518	4	991	28
518	4	1565	30
519	4	834	30
520	4	887	30
520	4	2087	28
521	4	626	29
521	4	1043	28
522	4	1043	28
522	4	1617	30
523	4	730	30
523	4	1513	28
524	4	2087	28
525	4	887	30
525	4	1304	28
526	4	1930	28
527	4	678	30
528	4	574	29
528	4	991	28
529	4	626	29
529	4	991	28
530	4	1408	30
530	4	1878	28
531	4	1200	30
531	4	1669	28
532	4	1200	30
533	4	1982	28
534	4	626	29
534	4	991	28
535	4	1617	28
535	4	2191	30
536	4	1304	28
536	4	1878	30
537	4	991	30
537	4	1565	28
538	4	678	30
538	4	1304	28
539	4	626	29
539	4	991	28
540	4	1930	28
541	4	782	30
541	4	1930	28
542	4	1252	28
542	4	1826	30
543	4	1095	28
543	4	1669	30
544	4	782	30
544	4	1304	28
545	4	1095	28
545	4	1669	30
546	4	1200	28
546	4	1774	30
547	4	939	30
547	4	1408	28
548	4	1774	30
549	4	1252	28
549	4	1826	30
550	4	730	30
550	4	1774	28
551	4	678	30
551	4	1148	28
552	4	1356	28
552	4	1930	30
553	4	1043	28
553	4	1617	30
554	4	626	30
554	4	991	28
555	4	521	29
555	4	1043	28
555	4	2087	30
556	4	1043	30
556	4	1617	28
557	4	1669	28
557	4	2243	30
558	4	678	30
558	4	2035	28
559	4	1043	28
559	4	1617	30
560	4	1356	28
560	4	1930	30
561	4	1148	30
562	4	1043	28
562	4	1617	30
563	4	991	28
563	4	1565	30
564	4	1304	28
564	4	1878	30
565	4	782	30
565	4	1930	28
566	4	782	30
566	4	2139	28
567	4	1043	28
567	4	1617	30
568	4	730	30
569	4	1200	28
569	4	1774	30
570	4	1304	28
570	4	1878	30
571	4	521	29
571	4	1304	28
572	4	1408	28
572	4	1982	30
574	4	1043	30
575	4	521	29
575	4	2243	28
576	4	1148	28
576	4	1722	30
577	4	626	29
577	4	1043	28
578	4	1043	28
578	4	1617	30
579	4	1095	28
579	4	1669	30
580	4	2035	28
581	4	1043	28
581	4	1617	30
582	4	1043	28
582	4	1617	30
583	4	678	29
583	4	991	28
584	4	834	30
585	4	626	29
585	4	1774	28
585	4	1878	30
586	4	1043	28
586	4	1617	30
587	4	626	30
587	4	991	28
588	4	887	30
588	4	1617	28
589	4	834	30
589	4	1408	28
590	4	678	29
590	4	1356	28
591	4	1461	28
591	4	2035	30
593	4	1252	30
594	4	1095	28
594	4	1669	30
595	4	678	29
595	4	1095	28
596	4	991	28
596	4	1565	30
597	4	1148	30
598	4	521	29
599	4	574	29
599	4	991	28
600	4	1669	28
600	4	2243	30
601	4	782	30
602	4	1200	28
602	4	1774	30
603	4	991	30
604	4	1095	28
604	4	1669	30
605	4	1095	28
605	4	1669	30
606	4	1043	30
606	4	1513	28
607	4	626	30
607	4	1304	28
608	4	887	30
610	4	2243	28
611	4	1043	28
611	4	1617	30
612	4	1200	30
612	4	1722	28
613	4	1252	28
613	4	1826	30
614	4	1148	28
614	4	1722	30
615	4	1200	28
615	4	1774	30
616	4	1043	28
616	4	1617	30
617	4	1930	28
618	4	2035	28
619	4	1252	28
619	4	1826	30
620	4	678	29
620	4	2191	28
621	4	991	28
621	4	1565	30
622	4	678	30
623	4	1095	28
623	4	1669	30
624	4	834	30
625	4	1095	28
625	4	1669	30
626	4	939	30
627	4	939	30
627	4	1513	28
628	4	991	30
628	4	1669	28
629	4	1200	28
629	4	1774	30
630	4	1200	30
630	4	1930	28
631	4	939	30
631	4	1513	28
632	4	574	29
633	4	1513	28
633	4	2087	30
634	4	1356	30
635	4	1356	28
635	4	1930	30
636	4	2191	28
638	4	1878	28
639	4	678	30
639	4	1252	28
640	4	1095	28
640	4	1669	30
641	4	1043	30
642	4	1148	28
642	4	1722	30
643	4	2295	28
644	4	887	30
645	4	1200	30
645	4	1565	28
646	4	626	29
646	4	1148	28
647	4	1461	28
647	4	2035	30
648	4	1095	28
648	4	1669	30
649	4	887	30
650	4	1461	28
650	4	2035	30
651	4	887	30
652	4	991	30
652	4	1617	28
653	4	939	30
653	4	1617	28
654	4	1148	28
654	4	1722	30
655	4	939	30
655	4	1774	28
656	4	991	28
656	4	1565	30
657	4	887	30
658	4	887	30
658	4	1304	28
659	4	1148	28
659	4	1722	30
660	4	1930	30
661	4	678	29
661	4	1356	28
662	4	887	30
662	4	1669	28
663	4	1043	28
663	4	1617	30
664	4	730	30
664	4	1304	28
665	4	782	30
666	4	626	29
666	4	1826	28
667	4	730	30
668	4	991	28
668	4	1565	30
669	4	1148	28
669	4	1722	30
670	4	1200	28
670	4	1774	30
671	4	1304	28
671	4	1878	30
672	4	1200	28
672	4	1774	30
673	4	1095	28
673	4	1669	30
674	4	1043	28
674	4	1617	30
675	4	1043	28
675	4	1617	30
676	4	574	29
676	4	1095	28
677	4	1043	30
677	4	1617	28
678	4	730	30
678	4	1774	28
679	4	1200	28
679	4	1774	30
680	4	1043	28
680	4	1617	30
681	4	1252	28
681	4	1826	30
682	4	887	30
682	4	1930	28
683	4	1200	28
683	4	1774	30
684	4	1043	28
684	4	1617	30
685	4	991	30
685	4	2295	28
686	4	678	29
687	4	1356	28
687	4	1930	30
688	4	1200	28
688	4	1774	30
689	4	1148	28
689	4	1722	30
690	4	991	30
691	4	678	29
691	4	1252	28
692	4	939	30
692	4	1304	28
693	4	887	30
693	4	1461	28
694	4	887	30
694	4	1565	28
695	4	574	29
695	4	991	28
696	4	1252	28
696	4	1826	30
697	4	782	30
697	4	1408	28
698	4	1826	30
698	4	2243	28
699	4	991	28
699	4	1565	30
700	4	1043	30
701	4	1095	30
701	4	1669	28
702	4	991	28
702	4	1565	30
703	4	834	30
704	4	1982	28
705	4	991	28
705	4	1565	30
706	4	678	30
707	4	834	30
707	4	2035	28
708	4	1095	28
708	4	1669	30
709	4	887	30
709	4	1408	28
710	4	939	30
711	4	1043	28
711	4	1617	30
712	4	1095	28
712	4	1669	30
714	4	678	29
715	4	1095	28
715	4	1669	30
716	4	574	29
717	4	1043	28
717	4	1617	30
718	4	834	30
719	4	1148	28
719	4	1722	30
720	4	1930	28
721	4	991	28
721	4	1565	30
722	4	678	30
722	4	1043	28
723	4	834	30
724	4	1043	28
724	4	1617	30
725	4	834	30
725	4	1408	28
726	4	991	28
726	4	1565	30
727	4	1200	28
727	4	1774	30
728	4	1826	28
729	4	834	30
729	4	2191	28
730	4	991	28
730	4	1565	30
731	4	730	30
732	4	887	30
732	4	2243	28
733	4	782	30
733	4	1356	28
734	4	730	30
735	4	2191	30
736	4	1043	28
736	4	1617	30
737	4	678	29
737	4	1304	28
738	4	887	30
738	4	1304	28
739	4	1095	28
739	4	1669	30
741	4	887	30
742	4	626	29
742	4	991	28
743	4	626	29
743	4	1565	28
744	4	1148	28
744	4	1722	30
745	4	1095	28
745	4	1669	30
746	4	1252	28
746	4	1826	30
747	4	991	28
747	4	1565	30
748	4	1982	28
749	4	1826	30
750	4	626	29
750	4	2191	28
751	4	1200	28
751	4	1774	30
752	4	1148	28
752	4	1722	30
753	4	730	30
753	4	2087	28
754	4	574	29
754	4	1252	28
755	4	782	30
756	4	782	30
756	4	2087	28
757	4	1982	30
758	4	574	29
759	4	1304	28
759	4	1878	30
760	4	991	28
760	4	1565	30
761	4	1095	30
761	4	1982	28
762	4	939	30
762	4	1669	28
763	4	1148	28
763	4	1722	30
764	4	939	30
765	4	782	30
766	4	834	30
767	4	1148	28
767	4	1722	30
768	4	1408	28
768	4	1982	30
769	4	1095	28
769	4	1669	30
770	4	1982	28
771	4	1095	28
771	4	1669	30
772	4	1148	28
772	4	1722	30
773	4	1408	28
773	4	1982	30
774	4	678	30
774	4	1200	28
775	4	1148	28
775	4	1722	30
776	4	626	30
776	4	1043	28
777	4	2191	30
778	4	782	30
778	4	1982	28
779	4	1930	28
780	4	1148	30
781	4	834	30
781	4	1461	28
782	4	939	30
782	4	2191	28
783	4	1408	28
783	4	1982	30
784	4	730	30
785	4	782	30
785	4	2295	28
786	4	1043	28
786	4	1617	30
787	4	1304	28
787	4	1878	30
788	4	782	30
788	4	1669	28
789	4	1200	30
789	4	1722	28
790	4	1148	28
790	4	1722	30
791	4	1565	30
792	4	887	30
793	4	730	30
794	4	574	29
794	4	1930	28
795	4	1617	28
795	4	2191	30
796	4	1669	30
797	4	782	30
798	4	991	28
798	4	1565	30
800	4	1252	28
800	4	1826	30
801	4	1304	28
801	4	1878	30
802	4	887	30
802	4	1617	28
803	4	939	30
803	4	1461	28
804	4	1095	30
804	4	1930	28
806	4	1356	28
806	4	1930	30
807	4	626	29
808	4	1982	28
809	4	1722	28
809	4	2295	30
810	4	730	30
811	4	626	29
811	4	991	28
812	4	834	30
812	4	2139	28
813	4	1043	30
814	4	2139	30
815	4	626	30
816	4	1095	28
816	4	1669	30
817	4	2087	28
818	4	991	30
818	4	1722	28
819	4	1408	28
819	4	1982	30
820	4	1722	30
821	4	1304	30
821	4	2087	28
822	4	626	29
822	4	991	28
823	4	626	29
823	4	991	28
824	4	1043	28
824	4	1617	30
825	4	1095	30
825	4	1669	28
826	4	1148	30
827	4	1095	28
827	4	1669	30
828	4	1252	28
828	4	1826	30
829	4	1982	28
830	4	1095	28
830	4	1669	30
831	4	834	30
831	4	1304	28
832	4	834	30
832	4	1930	28
833	4	1356	30
834	4	678	29
834	4	1200	28
835	4	1043	30
835	4	2191	28
836	4	2295	30
837	4	1148	28
837	4	1722	30
838	4	730	30
838	4	1304	28
839	4	1356	28
839	4	1930	30
840	4	574	30
840	4	991	28
841	4	834	30
842	4	1095	28
842	4	1669	30
843	4	626	29
843	4	1043	28
843	4	2243	30
844	4	1148	28
844	4	1722	30
845	4	1200	28
845	4	1774	30
846	4	1356	28
846	4	1930	30
847	4	1148	28
847	4	1722	30
848	4	521	29
849	4	1930	28
850	4	521	29
850	4	1148	28
851	4	2243	28
853	4	1304	28
853	4	1878	30
854	4	1095	28
854	4	1669	30
855	4	834	30
856	4	991	30
857	4	1252	28
857	4	1826	30
858	4	1043	30
858	4	1565	28
860	4	1565	28
860	4	2139	30
861	4	730	29
862	4	1513	28
862	4	2087	30
863	4	887	30
864	4	626	30
864	4	1148	28
865	4	730	30
865	4	1722	28
866	4	574	29
866	4	991	28
867	4	991	28
867	4	1565	30
868	4	782	30
868	4	1722	28
869	4	991	28
869	4	1565	30
870	4	1095	28
870	4	1669	30
871	4	1095	28
871	4	1669	30
873	4	730	30
875	4	834	30
875	4	1669	28
876	4	730	30
877	4	678	30
877	4	1774	28
878	4	1200	28
878	4	1774	30
879	4	1095	30
879	4	2191	28
880	4	626	29
880	4	991	28
881	4	1252	28
881	4	1826	30
882	4	1252	28
882	4	1826	30
883	4	1669	28
883	4	2243	30
884	4	834	30
885	4	678	29
885	4	1095	28
886	4	1200	28
886	4	1774	30
887	4	939	30
888	4	1826	28
889	4	1304	28
889	4	1878	30
890	4	1252	28
890	4	1826	30
891	4	626	29
891	4	1774	28
892	4	1461	28
892	4	2035	30
893	4	834	30
894	4	939	30
894	4	2295	28
895	4	1043	30
895	4	1930	28
896	4	626	29
897	4	782	30
897	4	1356	28
898	4	834	30
899	4	782	30
899	4	1252	28
900	4	1252	28
900	4	1826	30
901	4	678	29
901	4	991	28
902	4	1095	30
902	4	1617	28
903	4	678	30
903	4	1356	28
905	4	1095	28
905	4	1669	30
906	4	678	30
907	4	1982	28
908	4	730	30
908	4	1461	28
909	4	1930	28
910	4	1252	30
910	4	2035	28
911	4	1200	28
911	4	1774	30
912	4	834	30
913	4	1252	28
913	4	1826	30
914	4	1095	28
914	4	1669	30
915	4	1200	28
915	4	1774	30
916	4	626	29
916	4	1200	28
917	4	834	30
917	4	2243	28
918	4	1252	30
919	4	1252	28
919	4	1826	30
920	4	1043	28
920	4	1617	30
922	4	1095	30
922	4	1982	28
923	4	1200	28
923	4	1774	30
924	4	887	30
925	4	730	30
926	4	939	30
926	4	1461	28
927	4	1095	30
927	4	1826	28
929	4	834	30
929	4	1461	28
931	4	574	29
931	4	1043	28
932	4	1095	28
932	4	1669	30
933	4	1252	28
933	4	1826	30
934	4	991	28
934	4	1565	30
935	4	678	30
935	4	1722	28
936	4	1043	28
936	4	1617	30
937	4	1200	28
937	4	1774	30
938	4	991	28
938	4	1565	30
939	4	1669	30
940	4	939	30
940	4	1408	28
941	4	678	30
941	4	1200	28
942	4	678	30
942	4	1148	28
944	4	991	28
944	4	1565	30
945	4	1461	28
945	4	2035	30
946	4	1043	28
946	4	1617	30
947	4	678	29
947	4	1095	28
948	4	730	30
949	4	574	30
949	4	991	28
950	4	678	29
950	4	991	28
951	4	2243	28
952	4	2087	28
953	4	678	29
953	4	1200	28
954	4	730	30
956	4	1043	28
956	4	1617	30
957	4	1408	28
957	4	1982	30
958	4	1095	28
958	4	1669	30
960	4	991	30
960	4	1617	28
961	4	887	30
961	4	1617	28
962	4	2087	30
963	4	730	30
963	4	2035	28
964	4	782	30
964	4	1252	28
965	4	1200	28
965	4	1774	30
966	4	678	30
966	4	1722	28
967	4	1304	28
967	4	1878	30
968	4	887	30
968	4	1982	28
969	4	991	28
969	4	1565	30
971	4	887	30
972	4	521	29
972	4	991	28
973	4	887	30
974	4	991	30
975	4	1252	28
975	4	1826	30
976	4	991	30
976	4	1408	28
977	4	1774	28
978	4	782	30
979	4	1252	28
979	4	1826	30
980	4	1826	28
981	4	1148	30
981	4	1513	28
982	4	887	30
983	4	678	30
983	4	2243	28
984	4	1043	28
984	4	1617	30
985	4	1095	28
985	4	1669	30
986	4	2243	28
987	4	1356	30
988	4	991	30
988	4	2035	28
989	4	574	29
989	4	1982	28
990	4	1722	28
990	4	2295	30
993	4	1148	28
993	4	1722	30
994	4	1930	28
995	4	574	29
996	4	1461	30
997	4	2295	28
998	4	991	30
998	4	1304	28
999	4	1356	28
999	4	1930	30
0	5	365	24
0	5	626	29
0	5	939	27
1	5	365	24
1	5	626	29
1	5	939	27
2	5	521	24
2	5	834	30
3	5	365	24
3	5	1252	30
3	5	1774	28
4	5	365	24
4	5	834	30
4	5	1252	28
4	5	2243	25
5	5	365	24
5	5	782	30
6	5	521	24
6	5	887	30
6	5	1826	28
7	5	991	28
7	5	1252	24
7	5	1565	30
8	5	574	24
8	5	1043	30
8	5	1356	28
9	5	365	24
10	5	417	24
10	5	574	29
10	5	991	28
12	5	1356	28
12	5	1617	24
12	5	1930	30
13	5	1095	28
13	5	1356	24
13	5	1669	30
14	5	417	24
14	5	678	30
14	5	991	28
15	5	417	24
15	5	730	30
15	5	1722	28
16	5	469	24
16	5	678	29
16	5	1252	28
17	5	417	24
17	5	574	29
17	5	991	28
18	5	417	24
18	5	730	30
19	5	1826	28
19	5	2087	24
20	5	365	24
20	5	834	30
20	5	1513	28
21	5	417	24
21	5	678	30
21	5	991	28
22	5	887	27
22	5	1200	28
22	5	1461	24
22	5	1774	30
23	5	417	24
23	5	730	30
24	5	417	24
24	5	730	30
24	5	1408	28
25	5	1565	28
25	5	1826	24
25	5	2139	30
26	5	365	24
26	5	1043	30
26	5	1669	28
27	5	417	24
27	5	678	30
27	5	1461	28
28	5	730	27
28	5	1043	28
28	5	1304	24
28	5	1617	30
29	5	782	27
29	5	1095	28
29	5	1356	24
29	5	1669	30
30	5	1252	28
30	5	1513	24
30	5	1826	30
31	5	469	24
31	5	834	30
31	5	2087	28
32	5	1095	28
32	5	1356	24
32	5	1669	30
33	5	574	24
33	5	1043	30
33	5	2035	28
34	5	678	27
34	5	991	28
34	5	1252	24
34	5	1565	30
35	5	417	24
35	5	782	30
36	5	417	24
36	5	782	30
36	5	1461	28
37	5	365	24
37	5	1043	30
38	5	574	24
38	5	939	30
39	5	469	24
39	5	887	30
39	5	1617	28
40	5	417	24
40	5	574	29
40	5	991	28
41	5	678	27
41	5	991	28
41	5	1252	24
41	5	1565	30
41	5	2295	25
42	5	730	27
42	5	1043	28
42	5	1304	24
42	5	1617	30
43	5	469	24
43	5	730	30
43	5	1408	28
44	5	365	24
45	5	365	24
45	5	730	29
45	5	1408	28
46	5	417	24
46	5	782	30
46	5	1982	28
47	5	1095	28
47	5	1356	24
47	5	1669	30
48	5	2035	28
48	5	2295	24
49	5	469	24
49	5	834	30
49	5	1356	28
50	5	1565	28
50	5	1826	24
50	5	2139	30
51	5	1774	28
51	5	2035	24
52	5	365	24
52	5	2191	30
53	5	469	24
53	5	782	30
53	5	1252	28
53	5	2295	25
55	5	521	24
55	5	887	30
56	5	1148	28
56	5	1408	24
56	5	1722	30
57	5	365	24
57	5	730	30
57	5	2087	28
58	5	521	24
58	5	834	30
58	5	1356	28
59	5	365	24
59	5	834	30
60	5	365	24
60	5	2035	30
61	5	521	24
61	5	834	30
62	5	469	24
62	5	834	30
62	5	1356	28
63	5	574	24
63	5	991	30
63	5	1513	28
64	5	1878	28
64	5	2139	24
65	5	678	27
65	5	991	28
65	5	1252	24
65	5	1565	30
66	5	1304	28
66	5	1565	24
66	5	1878	30
67	5	730	27
67	5	1043	28
67	5	1304	24
67	5	1617	30
68	5	1408	28
68	5	1669	24
68	5	1982	30
69	5	887	27
69	5	1148	30
69	5	1774	28
70	5	574	24
70	5	782	30
71	5	1095	28
71	5	1356	24
71	5	1669	30
73	5	1669	28
73	5	1930	24
73	5	2243	30
74	5	834	27
74	5	1148	28
74	5	1408	24
74	5	1722	30
75	5	417	24
75	5	678	29
75	5	1461	28
76	5	1356	28
76	5	1617	24
76	5	1930	30
77	5	1461	28
77	5	1722	24
77	5	2035	30
78	5	1304	28
78	5	1565	24
78	5	1878	30
79	5	730	27
79	5	1043	28
79	5	1304	24
79	5	1617	30
80	5	469	24
80	5	730	29
80	5	1669	28
81	5	521	24
81	5	939	30
81	5	2139	28
82	5	574	24
82	5	1304	30
82	5	2139	28
83	5	1043	28
83	5	1304	24
83	5	1617	30
84	5	469	24
84	5	834	30
84	5	2087	28
85	5	1722	28
85	5	1982	24
85	5	2295	30
86	5	1095	28
86	5	1356	24
86	5	1669	30
87	5	417	24
87	5	678	30
87	5	1095	28
88	5	678	27
88	5	991	28
88	5	1252	24
88	5	1565	30
89	5	782	27
89	5	1095	28
89	5	1356	24
89	5	1669	30
90	5	1304	28
90	5	1565	24
90	5	1878	30
91	5	574	24
91	5	834	30
92	5	417	24
92	5	730	30
93	5	1304	28
93	5	1565	24
93	5	1878	30
94	5	1826	28
94	5	2087	24
95	5	887	27
95	5	1200	28
95	5	1461	24
95	5	1774	30
96	5	991	28
96	5	1252	24
96	5	1565	30
97	5	1200	28
97	5	1461	24
97	5	1774	30
98	5	365	24
98	5	1826	30
99	5	1043	28
99	5	1304	24
99	5	1617	30
100	5	1304	28
100	5	1565	24
100	5	1878	30
101	5	365	24
101	5	939	30
102	5	574	24
102	5	991	30
102	5	1774	28
103	5	834	27
103	5	1148	28
103	5	1408	24
103	5	1722	30
104	5	469	24
104	5	678	30
104	5	1356	28
105	5	2243	28
106	5	365	24
106	5	1043	30
106	5	1408	28
106	5	2087	25
107	5	365	24
107	5	574	29
107	5	1095	28
108	5	469	24
108	5	730	30
108	5	1669	28
109	5	1200	28
109	5	1461	24
109	5	1774	30
110	5	417	24
110	5	730	30
110	5	1304	28
111	5	521	24
111	5	939	30
111	5	2191	28
112	5	730	27
112	5	1043	28
112	5	1304	24
112	5	1617	30
113	5	417	24
113	5	678	30
114	5	574	24
114	5	939	30
114	5	2295	28
115	5	1408	28
115	5	1669	24
115	5	1982	30
116	5	1408	28
116	5	1669	24
116	5	1982	30
117	5	365	24
117	5	1669	30
117	5	2243	28
118	5	1148	28
118	5	1408	24
118	5	1722	30
119	5	1200	28
119	5	1461	24
119	5	1774	30
120	5	782	27
120	5	1095	28
120	5	1356	24
120	5	1669	30
121	5	1356	28
121	5	1617	24
121	5	1930	30
122	5	365	24
122	5	626	29
122	5	1095	28
123	5	1878	28
123	5	2139	24
124	5	417	24
124	5	678	29
124	5	1304	28
125	5	469	24
125	5	834	30
125	5	1304	28
126	5	417	24
126	5	626	30
126	5	1148	28
127	5	417	24
127	5	626	29
127	5	1148	28
128	5	417	24
128	5	574	29
128	5	991	28
129	5	1095	28
129	5	1356	24
129	5	1669	30
130	5	469	24
130	5	782	30
131	5	574	24
131	5	939	30
131	5	1408	28
131	5	2087	25
132	5	365	24
132	5	574	29
132	5	991	28
133	5	365	24
133	5	939	30
134	5	834	27
134	5	1148	28
134	5	1408	24
134	5	1722	30
135	5	417	24
135	5	730	30
135	5	1461	28
136	5	417	24
136	5	626	30
136	5	991	28
137	5	678	27
137	5	991	28
137	5	1252	24
137	5	1565	30
138	5	417	24
138	5	626	29
138	5	939	27
138	5	2139	28
139	5	365	24
139	5	626	29
139	5	1095	28
139	5	2087	30
140	5	1826	28
140	5	2087	24
141	5	417	24
141	5	834	30
141	5	1774	28
142	5	834	27
142	5	1148	28
142	5	1408	24
142	5	1722	30
143	5	1252	28
143	5	1513	24
143	5	1826	30
145	5	1148	28
145	5	1408	24
145	5	1722	30
146	5	521	24
146	5	782	30
146	5	1513	28
147	5	521	24
147	5	939	30
147	5	1565	28
148	5	1304	28
148	5	1565	24
148	5	1878	30
149	5	365	24
149	5	626	29
149	5	1043	28
150	5	469	24
150	5	782	30
150	5	1513	28
151	5	834	27
151	5	1148	28
151	5	1408	24
151	5	1722	30
152	5	521	24
152	5	834	30
152	5	1408	28
153	5	678	27
153	5	991	28
153	5	1252	24
153	5	1565	30
154	5	469	24
154	5	678	29
154	5	1148	28
155	5	417	24
155	5	521	29
155	5	991	28
156	5	417	24
156	5	574	29
156	5	1095	28
158	5	469	24
158	5	887	30
159	5	417	24
159	5	574	29
159	5	939	27
159	5	2243	28
160	5	678	27
160	5	991	28
160	5	1252	24
160	5	1565	30
161	5	1617	28
161	5	1878	24
161	5	2191	30
162	5	1043	28
162	5	1304	24
162	5	1617	30
163	5	1148	28
163	5	1408	24
163	5	1722	30
164	5	365	24
164	5	782	30
165	5	469	24
165	5	782	30
165	5	1304	28
166	5	1826	28
166	5	2087	24
167	5	1200	28
167	5	1461	24
167	5	1774	30
169	5	417	24
169	5	626	29
169	5	2087	28
170	5	365	24
170	5	626	29
170	5	991	28
171	5	939	27
171	5	1252	28
171	5	1513	24
171	5	1826	30
172	5	1043	28
172	5	1304	24
172	5	1617	30
173	5	1304	28
173	5	1565	24
173	5	1878	30
174	5	782	27
174	5	1095	28
174	5	1356	24
174	5	1669	30
175	5	574	24
175	5	939	30
175	5	1513	28
175	5	2295	25
176	5	417	24
176	5	626	29
176	5	1930	28
177	5	365	24
178	5	2035	28
178	5	2295	24
179	5	521	24
179	5	782	30
179	5	1461	28
180	5	1930	28
180	5	2191	24
181	5	417	24
181	5	730	30
182	5	678	27
182	5	991	28
182	5	1252	24
182	5	1565	30
183	5	417	24
183	5	730	30
183	5	1461	28
184	5	1095	28
184	5	1356	24
184	5	1669	30
185	5	469	24
185	5	887	30
186	5	2139	28
187	5	365	24
187	5	1148	30
187	5	1617	28
188	5	365	24
188	5	1878	30
189	5	678	27
189	5	991	28
189	5	1252	24
189	5	1565	30
189	5	2243	25
190	5	1095	28
190	5	1356	24
190	5	1669	30
191	5	417	24
191	5	678	29
192	5	521	24
192	5	991	30
192	5	1461	28
193	5	574	24
193	5	991	30
193	5	1722	28
194	5	678	27
194	5	991	28
194	5	1252	24
194	5	1565	30
196	5	417	24
196	5	626	30
196	5	1043	28
196	5	2035	25
198	5	574	24
198	5	939	30
198	5	1461	28
199	5	417	24
199	5	626	29
199	5	1095	28
200	5	1148	28
200	5	1408	24
200	5	1722	30
201	5	1826	28
201	5	2087	24
202	5	939	27
202	5	1148	30
202	5	2035	28
203	5	782	27
203	5	1095	28
203	5	1356	24
203	5	1669	30
204	5	469	24
204	5	782	30
204	5	1461	28
205	5	1252	28
205	5	1513	24
205	5	1826	30
206	5	417	24
206	5	574	29
206	5	939	27
206	5	1722	28
206	5	1826	30
206	5	2087	25
207	5	417	24
207	5	626	29
207	5	1252	28
208	5	469	24
208	5	678	30
208	5	1461	28
209	5	2191	28
210	5	521	24
210	5	834	30
210	5	1669	28
211	5	1513	28
211	5	1774	24
211	5	2087	30
212	5	365	24
212	5	1148	30
212	5	2243	28
213	5	1617	28
213	5	1878	24
213	5	2191	30
214	5	782	27
214	5	1095	28
214	5	1356	24
214	5	1669	30
215	5	1200	28
215	5	1461	24
215	5	1774	30
216	5	939	27
216	5	1252	28
216	5	1513	24
216	5	1826	30
217	5	365	24
217	5	1252	30
217	5	1774	28
218	5	678	27
218	5	991	28
218	5	1252	24
218	5	1565	30
219	5	2191	28
220	5	1356	28
220	5	1617	24
220	5	1930	30
221	5	365	24
221	5	1043	30
221	5	1669	28
222	5	1826	28
222	5	2087	24
223	5	834	27
223	5	1148	28
223	5	1408	24
223	5	1722	30
224	5	834	27
224	5	1148	28
224	5	1408	24
224	5	1722	30
225	5	417	24
225	5	574	29
225	5	1043	28
226	5	469	24
226	5	782	30
226	5	1304	28
227	5	574	24
227	5	939	30
227	5	2243	28
228	5	365	24
228	5	678	30
228	5	1200	28
229	5	730	27
229	5	1043	28
229	5	1304	24
229	5	1617	30
230	5	417	24
230	5	678	30
230	5	1982	28
231	5	417	24
231	5	626	30
231	5	991	28
232	5	417	24
232	5	678	29
232	5	1148	28
233	5	1252	28
233	5	1513	24
233	5	1826	30
235	5	1461	28
235	5	1722	24
235	5	2035	30
236	5	887	27
236	5	1200	28
236	5	1461	24
236	5	1774	30
237	5	365	24
239	5	1200	28
239	5	1461	24
239	5	1774	30
240	5	417	24
240	5	678	30
240	5	1252	28
241	5	365	24
241	5	1095	30
241	5	1461	28
242	5	574	24
242	5	991	30
242	5	1408	28
243	5	417	24
243	5	678	30
243	5	991	28
244	5	417	24
244	5	730	30
245	5	1095	28
245	5	1356	24
245	5	1669	30
246	5	2035	28
246	5	2295	24
248	5	417	24
248	5	730	30
249	5	365	24
249	5	678	30
249	5	1930	28
250	5	365	24
250	5	626	29
250	5	991	28
251	5	521	24
251	5	939	30
251	5	1722	28
252	5	365	24
252	5	2139	30
253	5	834	27
253	5	1148	28
253	5	1408	24
253	5	1722	30
254	5	365	24
255	5	887	27
255	5	1200	28
255	5	1461	24
255	5	1774	30
256	5	782	27
256	5	1095	28
256	5	1356	24
256	5	1669	30
257	5	365	24
257	5	1356	30
257	5	1878	28
258	5	417	24
258	5	626	29
258	5	991	28
259	5	417	24
259	5	574	29
259	5	1617	28
260	5	469	24
260	5	730	30
260	5	1826	28
262	5	834	27
262	5	1095	30
262	5	1669	28
263	5	782	27
263	5	1095	28
263	5	1356	24
263	5	1669	30
264	5	469	24
264	5	991	30
265	5	469	24
265	5	782	30
266	5	365	24
266	5	991	30
266	5	1669	28
267	5	365	24
267	5	678	30
267	5	2035	28
268	5	1043	28
268	5	1304	24
268	5	1617	30
269	5	469	24
269	5	678	29
269	5	1252	28
270	5	730	27
270	5	1043	28
270	5	1304	24
270	5	1617	30
271	5	574	24
271	5	834	30
271	5	1461	28
271	5	2191	25
272	5	417	24
272	5	678	30
272	5	1148	28
272	5	2139	25
273	5	2295	28
274	5	1148	28
274	5	1408	24
274	5	1722	30
275	5	1617	28
275	5	1878	24
275	5	2191	30
276	5	365	24
277	5	730	27
277	5	1043	28
277	5	1304	24
277	5	1617	30
278	5	1513	28
278	5	1774	24
278	5	2087	30
279	5	1200	28
279	5	1461	24
279	5	1774	30
280	5	730	27
280	5	1043	28
280	5	1304	24
280	5	1617	30
282	5	365	24
282	5	1826	30
283	5	1148	28
283	5	1408	24
283	5	1722	30
284	5	417	24
284	5	626	29
284	5	991	28
285	5	1095	28
285	5	1356	24
285	5	1669	30
286	5	365	24
286	5	678	30
286	5	1252	28
287	5	1200	28
287	5	1461	24
287	5	1774	30
288	5	469	24
288	5	887	30
289	5	1930	28
289	5	2191	24
290	5	365	24
291	5	574	24
291	5	1043	30
292	5	1461	28
292	5	1722	24
292	5	2035	30
293	5	417	24
293	5	521	29
293	5	939	27
293	5	2139	28
294	5	417	24
294	5	678	29
294	5	2243	28
295	5	1043	28
295	5	1304	24
295	5	1617	30
296	5	417	24
296	5	730	30
296	5	1461	28
297	5	365	24
297	5	2191	30
298	5	365	24
298	5	1200	30
298	5	1722	28
299	5	417	24
299	5	574	29
300	5	1252	28
300	5	1513	24
300	5	1826	30
301	5	417	24
301	5	521	29
301	5	991	28
302	5	521	24
302	5	626	29
302	5	1408	28
303	5	365	24
303	5	730	30
303	5	1826	28
304	5	417	24
304	5	678	30
306	5	417	24
306	5	730	30
307	5	678	27
307	5	991	28
307	5	1252	24
307	5	1565	30
308	5	678	27
308	5	991	28
308	5	1252	24
308	5	1565	30
309	5	417	24
309	5	521	29
309	5	991	28
310	5	521	24
310	5	834	30
310	5	1304	28
310	5	2295	25
311	5	887	27
311	5	1200	28
311	5	1461	24
311	5	1774	30
312	5	1043	28
312	5	1304	24
312	5	1617	30
313	5	678	27
313	5	991	28
313	5	1252	24
313	5	1565	30
314	5	365	24
314	5	1617	30
315	5	574	24
315	5	1095	30
315	5	1513	28
316	5	2035	28
316	5	2295	24
317	5	1200	28
317	5	1461	24
317	5	1774	30
318	5	1461	28
318	5	1722	24
318	5	2035	30
319	5	1826	28
319	5	2087	24
320	5	1252	30
321	5	417	24
321	5	626	29
321	5	991	28
322	5	469	24
322	5	574	30
322	5	1930	28
323	5	1826	28
323	5	2087	24
324	5	365	24
324	5	1565	30
325	5	365	24
325	5	1356	30
326	5	365	24
326	5	626	29
326	5	991	28
327	5	1095	28
327	5	1356	24
327	5	1669	30
328	5	782	27
328	5	1095	28
328	5	1356	24
328	5	1669	30
329	5	1356	28
329	5	1617	24
329	5	1930	30
330	5	365	24
330	5	1095	30
330	5	1461	28
331	5	417	24
331	5	678	29
331	5	1878	28
332	5	521	24
332	5	887	30
332	5	1408	28
333	5	365	24
333	5	678	29
333	5	991	28
334	5	1200	28
334	5	1461	24
334	5	1774	30
335	5	417	24
335	5	574	29
335	5	939	27
336	5	469	24
336	5	678	29
336	5	1513	28
337	5	834	27
337	5	1148	28
337	5	1408	24
337	5	1722	30
338	5	1408	28
338	5	1669	24
338	5	1982	30
339	5	417	24
339	5	782	30
340	5	1095	28
340	5	1356	24
340	5	1669	30
341	5	1148	28
341	5	1408	24
341	5	1722	30
342	5	417	24
342	5	521	29
342	5	1095	28
343	5	417	24
343	5	574	29
343	5	939	27
344	5	1930	28
344	5	2191	24
345	5	521	24
345	5	991	30
345	5	1408	28
346	5	521	24
346	5	834	30
346	5	1304	28
347	5	574	24
347	5	730	29
347	5	1669	28
348	5	469	24
348	5	678	29
348	5	1356	28
349	5	417	24
349	5	730	30
349	5	1148	28
350	5	1982	28
350	5	2243	24
351	5	521	24
351	5	887	30
352	5	574	24
352	5	887	30
352	5	1513	28
353	5	469	24
353	5	730	30
353	5	1722	28
354	5	417	24
354	5	626	30
354	5	1043	28
355	5	469	24
355	5	782	30
356	5	365	24
356	5	1200	30
356	5	1878	28
357	5	521	24
357	5	939	30
358	5	1043	28
358	5	1304	24
358	5	1617	30
359	5	365	24
360	5	678	27
360	5	991	28
360	5	1252	24
360	5	1565	30
361	5	521	24
361	5	834	30
361	5	1669	28
362	5	1982	28
362	5	2243	24
364	5	417	24
364	5	678	29
364	5	2087	28
365	5	1617	28
365	5	1878	24
365	5	2191	30
366	5	730	27
366	5	1043	28
366	5	1304	24
366	5	1617	30
367	5	469	24
367	5	574	29
367	5	1982	28
368	5	417	24
368	5	574	29
368	5	939	27
368	5	2087	28
369	5	469	24
369	5	730	30
369	5	1304	28
370	5	834	27
370	5	1148	28
370	5	1408	24
370	5	1722	30
371	5	417	24
371	5	834	30
372	5	782	27
372	5	1095	28
372	5	1356	24
372	5	1669	30
373	5	939	27
373	5	1252	28
373	5	1513	24
373	5	1826	30
374	5	1461	28
374	5	1722	24
374	5	2035	30
375	5	1252	28
375	5	1513	24
375	5	1826	30
376	5	521	24
376	5	887	30
376	5	2191	28
377	5	1252	28
377	5	1513	24
377	5	1826	30
378	5	1043	28
378	5	1304	24
378	5	1617	30
379	5	678	27
379	5	991	28
379	5	1252	24
379	5	1565	30
380	5	365	24
380	5	1826	30
381	5	678	27
381	5	991	28
381	5	1252	24
381	5	1565	30
382	5	365	24
382	5	730	29
382	5	1930	28
383	5	1356	28
383	5	1617	24
383	5	1930	30
384	5	469	24
384	5	887	30
384	5	1669	28
385	5	678	27
385	5	991	28
385	5	1252	24
385	5	1565	30
386	5	521	24
386	5	834	30
387	5	469	24
387	5	834	30
387	5	1304	28
388	5	2035	28
388	5	2295	24
389	5	417	24
389	5	626	29
390	5	365	24
390	5	574	29
390	5	939	27
391	5	469	24
391	5	782	30
391	5	1408	28
392	5	365	24
392	5	1878	30
392	5	2191	28
393	5	417	24
393	5	521	29
393	5	939	27
394	5	574	24
394	5	991	30
394	5	2243	28
395	5	574	24
395	5	1043	30
396	5	417	24
396	5	574	29
396	5	991	28
397	5	1200	28
397	5	1461	24
397	5	1774	30
398	5	365	24
398	5	1043	30
399	5	417	24
399	5	678	30
400	5	521	24
400	5	887	30
400	5	1982	28
401	5	2139	28
402	5	521	24
402	5	939	30
402	5	1513	28
403	5	1930	28
403	5	2191	24
404	5	782	27
404	5	1095	28
404	5	1356	24
404	5	1669	30
405	5	1095	28
405	5	1356	24
405	5	1669	30
406	5	469	24
406	5	887	30
407	5	1095	28
407	5	1356	24
407	5	1669	30
409	5	1043	28
409	5	1304	24
409	5	1617	30
410	5	939	27
410	5	1252	28
410	5	1513	24
410	5	1826	30
411	5	417	24
411	5	626	30
411	5	1095	28
412	5	417	24
412	5	730	29
412	5	1043	28
412	5	1982	30
412	5	2243	25
413	5	417	24
413	5	574	29
413	5	991	28
413	5	1930	30
414	5	574	24
414	5	887	30
414	5	1461	28
415	5	365	24
415	5	678	29
415	5	1356	28
416	5	1461	28
416	5	1722	24
416	5	2035	30
417	5	469	24
417	5	730	30
417	5	1826	28
418	5	521	24
418	5	730	30
418	5	1304	28
419	5	469	24
419	5	678	30
419	5	1304	28
420	5	365	24
420	5	1200	30
420	5	1774	28
421	5	1930	28
421	5	2191	24
422	5	887	27
422	5	1200	28
422	5	1461	24
422	5	1774	30
423	5	1043	28
423	5	1304	24
423	5	1617	30
424	5	417	24
424	5	678	30
424	5	1200	28
424	5	2191	25
425	5	365	24
425	5	939	30
425	5	1982	28
426	5	1043	28
426	5	1304	24
426	5	1617	30
427	5	2035	28
427	5	2295	24
428	5	365	24
428	5	730	30
429	5	521	24
429	5	939	30
429	5	1461	28
430	5	469	24
430	5	782	30
430	5	1617	28
431	5	417	24
431	5	678	30
431	5	991	28
432	5	469	24
432	5	887	30
432	5	2243	28
433	5	365	24
433	5	1043	30
433	5	1669	28
434	5	469	24
434	5	834	30
434	5	1930	28
434	5	2243	25
435	5	417	24
435	5	626	30
435	5	1200	28
436	5	417	24
436	5	626	29
436	5	1043	28
437	5	417	24
437	5	626	29
437	5	1878	28
438	5	678	27
438	5	991	28
438	5	1252	24
438	5	1565	30
439	5	939	27
439	5	1252	28
439	5	1513	24
439	5	1826	30
440	5	678	27
440	5	939	30
441	5	1826	28
441	5	2087	24
442	5	574	24
442	5	1095	30
442	5	1878	28
443	5	730	27
443	5	1043	28
443	5	1304	24
443	5	1617	30
444	5	1617	28
444	5	1878	24
444	5	2191	30
445	5	417	24
445	5	574	29
445	5	1461	28
446	5	365	24
446	5	1356	30
446	5	2191	28
447	5	1565	28
447	5	1826	24
447	5	2139	30
448	5	1043	28
448	5	1304	24
448	5	1617	30
449	5	2035	28
449	5	2295	24
450	5	2243	28
451	5	730	27
451	5	1043	28
451	5	1304	24
451	5	1617	30
451	5	2139	25
452	5	469	24
452	5	887	30
452	5	2139	28
453	5	417	24
453	5	730	30
453	5	1774	28
454	5	1304	28
454	5	1565	24
454	5	1878	30
455	5	1095	28
455	5	1356	24
455	5	1669	30
456	5	1252	28
456	5	1513	24
456	5	1826	30
457	5	365	24
457	5	1200	30
458	5	1722	28
458	5	1982	24
458	5	2295	30
459	5	939	27
459	5	1252	28
459	5	1513	24
459	5	1826	30
460	5	417	24
460	5	626	29
460	5	1930	28
461	5	417	24
461	5	678	30
461	5	1304	28
462	5	521	24
462	5	991	30
462	5	1878	28
463	5	521	24
463	5	939	30
463	5	1304	28
464	5	887	27
464	5	1200	28
464	5	1461	24
464	5	1774	30
465	5	417	24
465	5	626	29
465	5	1826	28
466	5	417	24
466	5	730	30
467	5	417	24
467	5	678	30
467	5	1878	28
468	5	417	24
468	5	574	29
468	5	1878	28
469	5	417	24
469	5	574	29
469	5	939	27
470	5	1565	28
470	5	1826	24
470	5	2139	30
471	5	1095	28
471	5	1356	24
471	5	1669	30
472	5	469	24
472	5	834	30
473	5	365	24
473	5	1095	30
473	5	1774	28
474	5	469	24
474	5	730	30
474	5	1252	28
475	5	939	27
475	5	1252	28
475	5	1513	24
475	5	1826	30
476	5	1304	28
476	5	1565	24
476	5	1878	30
477	5	939	27
477	5	1252	28
477	5	1513	24
477	5	1826	30
478	5	678	27
478	5	991	28
478	5	1252	24
478	5	1565	30
480	5	730	27
480	5	1043	28
480	5	1304	24
480	5	1617	30
481	5	521	24
481	5	834	30
481	5	1252	28
482	5	521	24
482	5	834	30
482	5	2243	28
483	5	1669	28
483	5	1930	24
483	5	2243	30
484	5	2035	28
484	5	2295	24
485	5	1148	28
485	5	1408	24
485	5	1722	30
486	5	1200	28
486	5	1461	24
486	5	1774	30
487	5	417	24
487	5	574	29
487	5	1826	28
488	5	1252	28
488	5	1513	24
488	5	1826	30
489	5	417	24
489	5	574	29
489	5	939	27
490	5	782	27
490	5	1095	28
490	5	1356	24
490	5	1669	30
490	5	2191	25
491	5	574	24
491	5	939	30
491	5	1878	28
492	5	991	28
492	5	1252	24
492	5	1565	30
493	5	365	24
494	5	469	24
494	5	782	30
495	5	834	27
495	5	1095	30
495	5	1617	28
496	5	678	27
496	5	991	28
496	5	1252	24
496	5	1565	30
497	5	417	24
497	5	626	30
498	5	365	24
498	5	1043	30
498	5	2139	28
499	5	521	24
499	5	834	30
500	5	417	24
500	5	574	29
500	5	991	28
501	5	1252	28
501	5	1513	24
501	5	1826	30
502	5	730	27
502	5	1043	28
502	5	1304	24
502	5	1617	30
503	5	417	24
503	5	574	29
503	5	991	28
503	5	2087	30
505	5	1252	28
505	5	1513	24
505	5	1826	30
506	5	1043	28
506	5	1304	24
506	5	1617	30
507	5	1617	28
507	5	1878	24
507	5	2191	30
508	5	417	24
508	5	678	29
508	5	1095	28
510	5	1982	28
510	5	2243	24
511	5	365	24
512	5	887	27
512	5	1148	30
512	5	1669	28
512	5	2191	24
513	5	939	27
513	5	1148	30
514	5	365	24
514	5	887	30
514	5	1669	28
515	5	417	24
515	5	574	29
515	5	991	28
516	5	1304	28
516	5	1565	24
516	5	1878	30
517	5	1252	28
517	5	1513	24
517	5	1826	30
518	5	991	28
518	5	1252	24
518	5	1565	30
519	5	469	24
519	5	834	30
520	5	521	24
520	5	887	30
520	5	2087	28
521	5	417	24
521	5	626	29
521	5	1043	28
522	5	730	27
522	5	1043	28
522	5	1304	24
522	5	1617	30
523	5	417	24
523	5	730	30
523	5	1513	28
524	5	2087	28
525	5	521	24
525	5	887	30
525	5	1304	28
526	5	1930	28
526	5	2191	24
527	5	417	24
527	5	678	30
528	5	417	24
528	5	574	29
528	5	991	28
529	5	417	24
529	5	626	29
529	5	991	28
530	5	365	24
530	5	1408	30
530	5	1878	28
531	5	365	24
531	5	1200	30
531	5	1669	28
532	5	939	27
532	5	1200	30
533	5	1982	28
533	5	2243	24
534	5	417	24
534	5	626	29
534	5	991	28
535	5	1617	28
535	5	1878	24
535	5	2191	30
536	5	1304	28
536	5	1565	24
536	5	1878	30
537	5	574	24
537	5	991	30
537	5	1565	28
538	5	365	24
538	5	678	30
538	5	1304	28
539	5	417	24
539	5	626	29
539	5	991	28
540	5	1930	28
540	5	2191	24
541	5	469	24
541	5	782	30
541	5	1930	28
542	5	939	27
542	5	1252	28
542	5	1513	24
542	5	1826	30
543	5	1095	28
543	5	1356	24
543	5	1669	30
544	5	521	24
544	5	782	30
544	5	1304	28
545	5	782	27
545	5	1095	28
545	5	1356	24
545	5	1669	30
546	5	1200	28
546	5	1461	24
546	5	1774	30
547	5	574	24
547	5	939	30
547	5	1408	28
548	5	365	24
548	5	1774	30
549	5	1252	28
549	5	1513	24
549	5	1826	30
550	5	417	24
550	5	730	30
550	5	1774	28
551	5	365	24
551	5	678	30
551	5	1148	28
552	5	1356	28
552	5	1617	24
552	5	1930	30
553	5	730	27
553	5	1043	28
553	5	1304	24
553	5	1617	30
554	5	417	24
554	5	626	30
554	5	991	28
555	5	417	24
555	5	521	29
555	5	1043	28
555	5	2087	30
556	5	834	27
556	5	1043	30
556	5	1617	28
557	5	1669	28
557	5	1930	24
557	5	2243	30
558	5	417	24
558	5	678	30
558	5	2035	28
559	5	1043	28
559	5	1304	24
559	5	1617	30
560	5	1356	28
560	5	1617	24
560	5	1930	30
561	5	365	24
561	5	1148	30
562	5	1043	28
562	5	1304	24
562	5	1617	30
563	5	678	27
563	5	991	28
563	5	1252	24
563	5	1565	30
564	5	1304	28
564	5	1565	24
564	5	1878	30
565	5	417	24
565	5	782	30
565	5	1930	28
565	5	2243	25
566	5	469	24
566	5	782	30
566	5	2139	28
567	5	730	27
567	5	1043	28
567	5	1304	24
567	5	1617	30
568	5	417	24
568	5	730	30
569	5	887	27
569	5	1200	28
569	5	1461	24
569	5	1774	30
570	5	1304	28
570	5	1565	24
570	5	1878	30
571	5	417	24
571	5	521	29
571	5	1304	28
572	5	1408	28
572	5	1669	24
572	5	1982	30
574	5	574	24
574	5	1043	30
575	5	365	24
575	5	521	29
575	5	939	27
575	5	2243	28
576	5	1148	28
576	5	1408	24
576	5	1722	30
577	5	417	24
577	5	626	29
577	5	1043	28
578	5	1043	28
578	5	1304	24
578	5	1617	30
579	5	782	27
579	5	1095	28
579	5	1356	24
579	5	1669	30
580	5	2035	28
580	5	2295	24
581	5	1043	28
581	5	1304	24
581	5	1617	30
582	5	730	27
582	5	1043	28
582	5	1304	24
582	5	1617	30
583	5	417	24
583	5	678	29
583	5	991	28
584	5	417	24
584	5	834	30
585	5	365	24
585	5	626	29
585	5	939	27
585	5	1774	28
585	5	1878	30
586	5	730	27
586	5	1043	28
586	5	1304	24
586	5	1617	30
587	5	365	24
587	5	626	30
587	5	991	28
588	5	521	24
588	5	887	30
588	5	1617	28
589	5	521	24
589	5	834	30
589	5	1408	28
590	5	417	24
590	5	678	29
590	5	1356	28
591	5	1461	28
591	5	1722	24
591	5	2035	30
593	5	365	24
593	5	1252	30
594	5	782	27
594	5	1095	28
594	5	1356	24
594	5	1669	30
595	5	417	24
595	5	678	29
595	5	1095	28
596	5	678	27
596	5	991	28
596	5	1252	24
596	5	1565	30
597	5	365	24
597	5	1148	30
598	5	417	24
598	5	521	29
598	5	939	27
599	5	365	24
599	5	574	29
599	5	991	28
600	5	1669	28
600	5	1930	24
600	5	2243	30
601	5	521	24
601	5	782	30
602	5	1200	28
602	5	1461	24
602	5	1774	30
603	5	730	27
603	5	991	30
604	5	782	27
604	5	1095	28
604	5	1356	24
604	5	1669	30
605	5	1095	28
605	5	1356	24
605	5	1669	30
606	5	365	24
606	5	1043	30
606	5	1513	28
607	5	417	24
607	5	626	30
607	5	1304	28
608	5	469	24
608	5	887	30
610	5	2243	28
611	5	730	27
611	5	1043	28
611	5	1304	24
611	5	1617	30
612	5	365	24
612	5	1200	30
612	5	1722	28
613	5	1252	28
613	5	1513	24
613	5	1826	30
614	5	1148	28
614	5	1408	24
614	5	1722	30
615	5	887	27
615	5	1200	28
615	5	1461	24
615	5	1774	30
616	5	1043	28
616	5	1304	24
616	5	1617	30
617	5	1930	28
617	5	2191	24
618	5	2035	28
618	5	2295	24
619	5	939	27
619	5	1252	28
619	5	1513	24
619	5	1826	30
620	5	469	24
620	5	678	29
620	5	2191	28
621	5	991	28
621	5	1252	24
621	5	1565	30
622	5	417	24
622	5	678	30
623	5	1095	28
623	5	1356	24
623	5	1669	30
624	5	469	24
624	5	834	30
625	5	1095	28
625	5	1356	24
625	5	1669	30
626	5	469	24
626	5	939	30
627	5	365	24
627	5	939	30
627	5	1513	28
628	5	365	24
628	5	991	30
628	5	1669	28
629	5	887	27
629	5	1200	28
629	5	1461	24
629	5	1774	30
630	5	365	24
630	5	1200	30
630	5	1930	28
631	5	365	24
631	5	939	30
631	5	1513	28
631	5	2191	25
632	5	417	24
632	5	574	29
632	5	939	27
633	5	1513	28
633	5	1774	24
633	5	2087	30
634	5	365	24
634	5	1356	30
635	5	1356	28
635	5	1617	24
635	5	1930	30
636	5	2191	28
637	5	365	24
638	5	1878	28
638	5	2139	24
639	5	469	24
639	5	678	30
639	5	1252	28
640	5	782	27
640	5	1095	28
640	5	1356	24
640	5	1669	30
641	5	574	24
641	5	1043	30
642	5	1148	28
642	5	1408	24
642	5	1722	30
643	5	2295	28
644	5	521	24
644	5	887	30
645	5	365	24
645	5	1200	30
645	5	1565	28
646	5	417	24
646	5	626	29
646	5	1148	28
647	5	1461	28
647	5	1722	24
647	5	2035	30
648	5	782	27
648	5	1095	28
648	5	1356	24
648	5	1669	30
649	5	469	24
649	5	887	30
650	5	1461	28
650	5	1722	24
650	5	2035	30
651	5	521	24
651	5	887	30
652	5	521	24
652	5	991	30
652	5	1617	28
653	5	521	24
653	5	939	30
653	5	1617	28
654	5	834	27
654	5	1148	28
654	5	1408	24
654	5	1722	30
655	5	365	24
655	5	939	30
655	5	1774	28
656	5	678	27
656	5	991	28
656	5	1252	24
656	5	1565	30
657	5	469	24
657	5	887	30
658	5	469	24
658	5	887	30
658	5	1304	28
659	5	1148	28
659	5	1408	24
659	5	1722	30
660	5	365	24
660	5	1930	30
661	5	417	24
661	5	678	29
661	5	1356	28
662	5	678	27
662	5	887	30
662	5	1669	28
663	5	1043	28
663	5	1304	24
663	5	1617	30
664	5	469	24
664	5	730	30
664	5	1304	28
665	5	417	24
665	5	782	30
666	5	417	24
666	5	626	29
666	5	1826	28
667	5	365	24
667	5	730	30
668	5	991	28
668	5	1252	24
668	5	1565	30
669	5	834	27
669	5	1148	28
669	5	1408	24
669	5	1722	30
670	5	887	27
670	5	1200	28
670	5	1461	24
670	5	1774	30
671	5	1304	28
671	5	1565	24
671	5	1878	30
672	5	887	27
672	5	1200	28
672	5	1461	24
672	5	1774	30
673	5	782	27
673	5	1095	28
673	5	1356	24
673	5	1669	30
674	5	730	27
674	5	1043	28
674	5	1304	24
674	5	1617	30
675	5	1043	28
675	5	1304	24
675	5	1617	30
676	5	417	24
676	5	574	29
676	5	1095	28
677	5	834	27
677	5	1043	30
677	5	1617	28
678	5	469	24
678	5	730	30
678	5	1774	28
679	5	1200	28
679	5	1461	24
679	5	1774	30
680	5	1043	28
680	5	1304	24
680	5	1617	30
681	5	939	27
681	5	1252	28
681	5	1513	24
681	5	1826	30
682	5	365	24
682	5	887	30
682	5	1930	28
683	5	1200	28
683	5	1461	24
683	5	1774	30
684	5	1043	28
684	5	1304	24
684	5	1617	30
685	5	365	24
685	5	991	30
685	5	2295	28
686	5	469	24
686	5	678	29
687	5	1356	28
687	5	1617	24
687	5	1930	30
688	5	1200	28
688	5	1461	24
688	5	1774	30
689	5	1148	28
689	5	1408	24
689	5	1722	30
690	5	365	24
690	5	991	30
691	5	469	24
691	5	678	29
691	5	1252	28
692	5	521	24
692	5	939	30
692	5	1304	28
693	5	574	24
693	5	887	30
693	5	1461	28
694	5	521	24
694	5	887	30
694	5	1565	28
695	5	417	24
695	5	574	29
695	5	991	28
696	5	939	27
696	5	1252	28
696	5	1513	24
696	5	1826	30
697	5	469	24
697	5	782	30
697	5	1408	28
698	5	365	24
698	5	1826	30
698	5	2243	28
699	5	678	27
699	5	991	28
699	5	1252	24
699	5	1565	30
700	5	365	24
700	5	1043	30
701	5	939	27
701	5	1095	30
701	5	1669	28
701	5	2295	24
702	5	678	27
702	5	991	28
702	5	1252	24
702	5	1565	30
703	5	469	24
703	5	834	30
704	5	1982	28
704	5	2243	24
705	5	991	28
705	5	1252	24
705	5	1565	30
706	5	417	24
706	5	678	30
707	5	521	24
707	5	834	30
707	5	2035	28
708	5	1095	28
708	5	1356	24
708	5	1669	30
709	5	521	24
709	5	887	30
709	5	1408	28
710	5	365	24
710	5	939	30
711	5	1043	28
711	5	1304	24
711	5	1617	30
712	5	782	27
712	5	1095	28
712	5	1356	24
712	5	1669	30
714	5	365	24
714	5	678	29
715	5	782	27
715	5	1095	28
715	5	1356	24
715	5	1669	30
716	5	417	24
716	5	574	29
716	5	939	27
717	5	1043	28
717	5	1304	24
717	5	1617	30
717	5	2295	25
718	5	417	24
718	5	834	30
719	5	834	27
719	5	1148	28
719	5	1408	24
719	5	1722	30
720	5	1930	28
720	5	2191	24
721	5	678	27
721	5	991	28
721	5	1252	24
721	5	1565	30
722	5	417	24
722	5	678	30
722	5	1043	28
723	5	730	27
723	5	834	30
724	5	730	27
724	5	1043	28
724	5	1304	24
724	5	1617	30
725	5	521	24
725	5	834	30
725	5	1408	28
726	5	678	27
726	5	991	28
726	5	1252	24
726	5	1565	30
727	5	1200	28
727	5	1461	24
727	5	1774	30
728	5	1826	28
728	5	2087	24
729	5	469	24
729	5	834	30
729	5	2191	28
730	5	678	27
730	5	991	28
730	5	1252	24
730	5	1565	30
731	5	417	24
731	5	730	30
732	5	521	24
732	5	887	30
732	5	2243	28
733	5	469	24
733	5	782	30
733	5	1356	28
734	5	417	24
734	5	730	30
735	5	365	24
735	5	2191	30
736	5	1043	28
736	5	1304	24
736	5	1617	30
737	5	469	24
737	5	678	29
737	5	1304	28
738	5	365	24
738	5	887	30
738	5	1304	28
738	5	2295	25
739	5	1095	28
739	5	1356	24
739	5	1669	30
741	5	365	24
741	5	887	30
742	5	417	24
742	5	626	29
742	5	991	28
743	5	417	24
743	5	626	29
743	5	1565	28
744	5	1148	28
744	5	1408	24
744	5	1722	30
745	5	1095	28
745	5	1356	24
745	5	1669	30
746	5	1252	28
746	5	1513	24
746	5	1826	30
747	5	678	27
747	5	991	28
747	5	1252	24
747	5	1565	30
748	5	1982	28
748	5	2243	24
749	5	365	24
749	5	1826	30
750	5	574	24
750	5	626	29
750	5	2191	28
751	5	1200	28
751	5	1461	24
751	5	1774	30
752	5	834	27
752	5	1148	28
752	5	1408	24
752	5	1722	30
753	5	417	24
753	5	730	30
753	5	2087	28
754	5	365	24
754	5	574	29
754	5	1252	28
755	5	417	24
755	5	782	30
756	5	469	24
756	5	782	30
756	5	2087	28
757	5	365	24
757	5	1982	30
758	5	417	24
758	5	574	29
758	5	939	27
759	5	1304	28
759	5	1565	24
759	5	1878	30
760	5	678	27
760	5	991	28
760	5	1252	24
760	5	1565	30
761	5	365	24
761	5	1095	30
761	5	1982	28
762	5	365	24
762	5	939	30
762	5	1669	28
763	5	1148	28
763	5	1408	24
763	5	1722	30
764	5	574	24
764	5	939	30
765	5	417	24
765	5	782	30
766	5	469	24
766	5	834	30
767	5	1148	28
767	5	1408	24
767	5	1722	30
768	5	1408	28
768	5	1669	24
768	5	1982	30
769	5	782	27
769	5	1095	28
769	5	1356	24
769	5	1669	30
770	5	1982	28
770	5	2243	24
771	5	1095	28
771	5	1356	24
771	5	1669	30
772	5	834	27
772	5	1148	28
772	5	1408	24
772	5	1722	30
773	5	1408	28
773	5	1669	24
773	5	1982	30
774	5	417	24
774	5	678	30
774	5	1200	28
775	5	1148	28
775	5	1408	24
775	5	1722	30
776	5	417	24
776	5	626	30
776	5	1043	28
777	5	365	24
777	5	2191	30
778	5	521	24
778	5	782	30
778	5	1982	28
779	5	1930	28
779	5	2191	24
780	5	521	24
780	5	1148	30
781	5	521	24
781	5	834	30
781	5	1461	28
782	5	574	24
782	5	939	30
782	5	2191	28
783	5	1408	28
783	5	1669	24
783	5	1982	30
784	5	417	24
784	5	730	30
785	5	365	24
785	5	782	30
785	5	2295	28
786	5	730	27
786	5	1043	28
786	5	1304	24
786	5	1617	30
787	5	1304	28
787	5	1565	24
787	5	1878	30
788	5	469	24
788	5	782	30
788	5	1669	28
789	5	365	24
789	5	1200	30
789	5	1722	28
790	5	834	27
790	5	1148	28
790	5	1408	24
790	5	1722	30
791	5	365	24
791	5	1565	30
792	5	521	24
792	5	887	30
793	5	417	24
793	5	730	30
794	5	417	24
794	5	574	29
794	5	1930	28
795	5	1617	28
795	5	1878	24
795	5	2191	30
796	5	365	24
796	5	1669	30
797	5	417	24
797	5	782	30
798	5	991	28
798	5	1252	24
798	5	1565	30
800	5	1252	28
800	5	1513	24
800	5	1826	30
801	5	1304	28
801	5	1565	24
801	5	1878	30
802	5	521	24
802	5	887	30
802	5	1617	28
803	5	521	24
803	5	939	30
803	5	1461	28
804	5	365	24
804	5	1095	30
804	5	1930	28
806	5	1356	28
806	5	1617	24
806	5	1930	30
807	5	417	24
807	5	626	29
807	5	939	27
808	5	1982	28
808	5	2243	24
809	5	1722	28
809	5	1982	24
809	5	2295	30
810	5	417	24
810	5	730	30
811	5	417	24
811	5	626	29
811	5	991	28
812	5	469	24
812	5	834	30
812	5	2139	28
813	5	365	24
813	5	1043	30
814	5	574	24
814	5	2139	30
815	5	417	24
815	5	626	30
816	5	1095	28
816	5	1356	24
816	5	1669	30
817	5	2087	28
818	5	574	24
818	5	991	30
818	5	1722	28
819	5	1408	28
819	5	1669	24
819	5	1982	30
820	5	365	24
820	5	1722	30
821	5	365	24
821	5	1304	30
821	5	2087	28
822	5	417	24
822	5	626	29
822	5	991	28
823	5	417	24
823	5	626	29
823	5	991	28
824	5	1043	28
824	5	1304	24
824	5	1617	30
825	5	365	24
825	5	1095	30
825	5	1669	28
826	5	887	27
826	5	1148	30
827	5	782	27
827	5	1095	28
827	5	1356	24
827	5	1669	30
828	5	1252	28
828	5	1513	24
828	5	1826	30
829	5	1982	28
829	5	2243	24
830	5	1095	28
830	5	1356	24
830	5	1669	30
831	5	469	24
831	5	834	30
831	5	1304	28
831	5	2295	25
832	5	417	24
832	5	834	30
832	5	1930	28
832	5	2295	25
833	5	365	24
833	5	1356	30
834	5	469	24
834	5	678	29
834	5	1200	28
835	5	574	24
835	5	1043	30
835	5	2191	28
836	5	365	24
836	5	2295	30
837	5	1148	28
837	5	1408	24
837	5	1722	30
838	5	417	24
838	5	730	30
838	5	1304	28
839	5	1356	28
839	5	1617	24
839	5	1930	30
840	5	417	24
840	5	574	30
840	5	991	28
841	5	365	24
841	5	834	30
842	5	782	27
842	5	1095	28
842	5	1356	24
842	5	1669	30
843	5	417	24
843	5	626	29
843	5	1043	28
843	5	2243	30
844	5	1148	28
844	5	1408	24
844	5	1722	30
845	5	1200	28
845	5	1461	24
845	5	1774	30
846	5	1356	28
846	5	1617	24
846	5	1930	30
847	5	1148	28
847	5	1408	24
847	5	1722	30
848	5	417	24
848	5	521	29
848	5	939	27
849	5	1930	28
849	5	2191	24
850	5	365	24
850	5	521	29
850	5	1148	28
851	5	2243	28
852	5	365	24
853	5	1304	28
853	5	1565	24
853	5	1878	30
854	5	1095	28
854	5	1356	24
854	5	1669	30
855	5	521	24
855	5	834	30
856	5	574	24
856	5	991	30
857	5	1252	28
857	5	1513	24
857	5	1826	30
858	5	365	24
858	5	1043	30
858	5	1565	28
859	5	365	24
860	5	1565	28
860	5	1826	24
860	5	2139	30
861	5	469	24
861	5	730	29
862	5	1513	28
862	5	1774	24
862	5	2087	30
863	5	469	24
863	5	887	30
864	5	417	24
864	5	626	30
864	5	1148	28
865	5	469	24
865	5	730	30
865	5	1722	28
866	5	417	24
866	5	574	29
866	5	991	28
867	5	678	27
867	5	991	28
867	5	1252	24
867	5	1565	30
868	5	469	24
868	5	782	30
868	5	1722	28
869	5	991	28
869	5	1252	24
869	5	1565	30
870	5	1095	28
870	5	1356	24
870	5	1669	30
871	5	1095	28
871	5	1356	24
871	5	1669	30
872	5	365	24
873	5	417	24
873	5	730	30
875	5	521	24
875	5	834	30
875	5	1669	28
876	5	469	24
876	5	730	30
877	5	417	24
877	5	678	30
877	5	1774	28
878	5	1200	28
878	5	1461	24
878	5	1774	30
879	5	574	24
879	5	1095	30
879	5	2191	28
880	5	417	24
880	5	626	29
880	5	991	28
881	5	939	27
881	5	1252	28
881	5	1513	24
881	5	1826	30
882	5	1252	28
882	5	1513	24
882	5	1826	30
883	5	1669	28
883	5	1930	24
883	5	2243	30
884	5	469	24
884	5	834	30
885	5	417	24
885	5	678	29
885	5	1095	28
886	5	887	27
886	5	1200	28
886	5	1461	24
886	5	1774	30
887	5	574	24
887	5	939	30
888	5	1826	28
888	5	2087	24
889	5	1304	28
889	5	1565	24
889	5	1878	30
890	5	1252	28
890	5	1513	24
890	5	1826	30
891	5	469	24
891	5	626	29
891	5	1774	28
892	5	1461	28
892	5	1722	24
892	5	2035	30
893	5	521	24
893	5	834	30
894	5	521	24
894	5	939	30
894	5	2295	28
895	5	574	24
895	5	1043	30
895	5	1930	28
896	5	469	24
896	5	626	29
897	5	469	24
897	5	782	30
897	5	1356	28
898	5	469	24
898	5	834	30
899	5	417	24
899	5	782	30
899	5	1252	28
900	5	939	27
900	5	1252	28
900	5	1513	24
900	5	1826	30
901	5	417	24
901	5	678	29
901	5	991	28
902	5	834	27
902	5	1095	30
902	5	1617	28
903	5	469	24
903	5	678	30
903	5	1356	28
904	5	365	24
905	5	1095	28
905	5	1356	24
905	5	1669	30
906	5	365	24
906	5	678	30
907	5	1982	28
907	5	2243	24
908	5	417	24
908	5	730	30
908	5	1461	28
909	5	1930	28
909	5	2191	24
910	5	365	24
910	5	1252	30
910	5	2035	28
911	5	887	27
911	5	1200	28
911	5	1461	24
911	5	1774	30
912	5	469	24
912	5	834	30
913	5	1252	28
913	5	1513	24
913	5	1826	30
914	5	782	27
914	5	1095	28
914	5	1356	24
914	5	1669	30
915	5	1200	28
915	5	1461	24
915	5	1774	30
916	5	469	24
916	5	626	29
916	5	1200	28
917	5	678	27
917	5	834	30
917	5	2243	28
918	5	365	24
918	5	1252	30
919	5	1252	28
919	5	1513	24
919	5	1826	30
920	5	730	27
920	5	1043	28
920	5	1304	24
920	5	1617	30
921	5	365	24
922	5	574	24
922	5	1095	30
922	5	1982	28
923	5	1200	28
923	5	1461	24
923	5	1774	30
924	5	469	24
924	5	887	30
925	5	469	24
925	5	730	30
926	5	365	24
926	5	939	30
926	5	1461	28
927	5	834	27
927	5	1095	30
927	5	1826	28
929	5	521	24
929	5	834	30
929	5	1461	28
931	5	417	24
931	5	574	29
931	5	1043	28
932	5	1095	28
932	5	1356	24
932	5	1669	30
933	5	1252	28
933	5	1513	24
933	5	1826	30
934	5	991	28
934	5	1252	24
934	5	1565	30
935	5	365	24
935	5	678	30
935	5	1722	28
936	5	730	27
936	5	1043	28
936	5	1304	24
936	5	1617	30
937	5	887	27
937	5	1200	28
937	5	1461	24
937	5	1774	30
938	5	991	28
938	5	1252	24
938	5	1565	30
939	5	365	24
939	5	1669	30
940	5	574	24
940	5	939	30
940	5	1408	28
940	5	2243	25
941	5	417	24
941	5	678	30
941	5	1200	28
942	5	417	24
942	5	678	30
942	5	1148	28
943	5	365	24
944	5	678	27
944	5	991	28
944	5	1252	24
944	5	1565	30
945	5	1461	28
945	5	1722	24
945	5	2035	30
946	5	730	27
946	5	1043	28
946	5	1304	24
946	5	1617	30
947	5	417	24
947	5	678	29
947	5	1095	28
948	5	417	24
948	5	730	30
949	5	417	24
949	5	574	30
949	5	991	28
950	5	417	24
950	5	678	29
950	5	991	28
951	5	2243	28
952	5	2087	28
953	5	417	24
953	5	678	29
953	5	1200	28
954	5	417	24
954	5	730	30
956	5	730	27
956	5	1043	28
956	5	1304	24
956	5	1617	30
957	5	1408	28
957	5	1669	24
957	5	1982	30
958	5	1095	28
958	5	1356	24
958	5	1669	30
960	5	574	24
960	5	991	30
960	5	1617	28
961	5	521	24
961	5	887	30
961	5	1617	28
962	5	365	24
962	5	2087	30
963	5	469	24
963	5	730	30
963	5	2035	28
964	5	469	24
964	5	782	30
964	5	1252	28
965	5	887	27
965	5	1200	28
965	5	1461	24
965	5	1774	30
966	5	417	24
966	5	678	30
966	5	1722	28
967	5	1304	28
967	5	1565	24
967	5	1878	30
968	5	574	24
968	5	887	30
968	5	1982	28
969	5	678	27
969	5	991	28
969	5	1252	24
969	5	1565	30
971	5	469	24
971	5	887	30
972	5	417	24
972	5	521	29
972	5	991	28
973	5	574	24
973	5	887	30
974	5	365	24
974	5	991	30
975	5	1252	28
975	5	1513	24
975	5	1826	30
976	5	574	24
976	5	991	30
976	5	1408	28
976	5	2243	25
977	5	1774	28
977	5	2035	24
978	5	469	24
978	5	782	30
979	5	1252	28
979	5	1513	24
979	5	1826	30
980	5	1826	28
980	5	2087	24
981	5	365	24
981	5	1148	30
981	5	1513	28
982	5	521	24
982	5	887	30
983	5	417	24
983	5	678	30
983	5	2243	28
984	5	1043	28
984	5	1304	24
984	5	1617	30
985	5	1095	28
985	5	1356	24
985	5	1669	30
986	5	2243	28
987	5	365	24
987	5	1356	30
988	5	365	24
988	5	991	30
988	5	2035	28
989	5	417	24
989	5	574	29
989	5	1982	28
990	5	1722	28
990	5	1982	24
990	5	2295	30
992	5	365	24
993	5	834	27
993	5	1148	28
993	5	1408	24
993	5	1722	30
994	5	1930	28
994	5	2191	24
995	5	417	24
995	5	574	29
995	5	939	27
996	5	365	24
996	5	1461	30
997	5	2295	28
998	5	521	24
998	5	991	30
998	5	1304	28
999	5	1356	28
999	5	1617	24
999	5	1930	30
