Realization	utility	week	infra.
0	0	678	29
1	0	678	29
2	0	834	29
3	0	1356	29
4	0	834	29
4	0	2295	30
5	0	678	29
6	0	730	29
7	0	939	29
8	0	939	29
9	0	1461	29
10	0	574	29
12	0	939	29
13	0	939	29
14	0	521	29
15	0	574	29
16	0	678	29
17	0	626	29
18	0	678	29
19	0	1774	29
20	0	730	29
21	0	626	29
22	0	939	29
23	0	626	29
24	0	626	29
25	0	1565	29
26	0	939	29
27	0	678	29
28	0	939	29
29	0	939	29
30	0	1461	29
31	0	834	29
32	0	1356	29
33	0	939	29
34	0	939	29
35	0	678	29
36	0	782	29
37	0	939	29
38	0	939	29
39	0	887	29
40	0	626	29
41	0	939	29
42	0	939	29
43	0	730	29
44	0	1565	29
45	0	782	29
46	0	782	29
47	0	1356	29
48	0	1356	29
49	0	730	29
50	0	1565	29
51	0	1513	29
52	0	939	29
53	0	782	29
55	0	887	29
56	0	1461	29
57	0	521	29
58	0	834	29
59	0	574	29
60	0	939	29
61	0	834	29
62	0	626	29
63	0	939	29
64	0	2087	29
65	0	678	29
66	0	1461	29
67	0	939	29
68	0	1513	29
69	0	939	29
70	0	730	29
71	0	1513	29
72	0	2087	29
73	0	1565	29
74	0	939	29
75	0	678	29
76	0	1513	29
77	0	1461	29
78	0	1408	29
79	0	939	29
80	0	678	29
81	0	678	29
82	0	834	29
83	0	939	29
84	0	834	29
85	0	1565	29
86	0	939	29
87	0	678	29
88	0	939	29
89	0	939	29
90	0	1461	29
91	0	939	29
92	0	678	29
93	0	1408	29
94	0	1565	29
95	0	939	29
96	0	939	29
97	0	1356	29
98	0	1565	29
99	0	939	29
100	0	1356	29
101	0	939	29
102	0	887	29
103	0	939	29
104	0	678	29
105	0	2295	29
106	0	939	29
107	0	626	29
108	0	730	29
109	0	1356	29
110	0	678	29
111	0	939	29
112	0	939	29
113	0	678	29
114	0	939	29
115	0	1513	29
116	0	1513	29
117	0	1513	29
118	0	1356	29
119	0	1408	29
120	0	939	29
121	0	1461	29
122	0	678	29
123	0	1878	29
124	0	730	29
125	0	782	29
126	0	626	29
127	0	678	29
128	0	626	29
129	0	939	29
130	0	834	29
131	0	782	29
132	0	626	29
133	0	887	29
134	0	939	29
135	0	730	29
136	0	574	29
136	0	1722	30
137	0	939	29
138	0	678	29
139	0	730	29
139	0	2035	30
140	0	1617	29
141	0	574	29
142	0	939	29
143	0	1461	29
145	0	1356	29
146	0	782	29
147	0	939	29
148	0	1461	29
149	0	678	29
150	0	678	29
151	0	939	29
152	0	834	29
153	0	939	29
154	0	626	29
155	0	574	29
156	0	574	29
158	0	678	29
159	0	626	29
160	0	939	29
161	0	1565	29
162	0	939	29
163	0	1356	29
164	0	521	29
165	0	782	29
166	0	1722	29
167	0	1408	29
169	0	678	29
170	0	626	29
171	0	939	29
172	0	939	29
173	0	1461	29
174	0	939	29
175	0	887	29
176	0	574	29
177	0	1669	29
178	0	2191	29
179	0	782	29
180	0	1356	29
181	0	574	29
182	0	939	29
183	0	626	29
184	0	939	29
185	0	834	29
186	0	2295	29
187	0	939	29
188	0	939	29
189	0	939	29
190	0	939	29
191	0	730	29
192	0	834	29
193	0	730	29
194	0	782	29
196	0	574	29
196	0	2035	30
198	0	782	29
199	0	574	29
200	0	1356	29
201	0	1617	29
202	0	939	29
203	0	939	29
204	0	887	29
205	0	1408	29
206	0	574	29
206	0	1722	30
207	0	678	29
208	0	574	29
209	0	2243	29
210	0	887	29
211	0	1565	29
212	0	939	29
213	0	1565	29
214	0	939	29
215	0	1408	29
216	0	939	29
217	0	1356	29
218	0	939	29
219	0	2191	29
220	0	1461	29
221	0	939	29
222	0	1304	29
223	0	939	29
224	0	939	29
225	0	626	29
226	0	521	29
227	0	939	29
228	0	678	29
229	0	939	29
230	0	521	29
231	0	574	29
232	0	626	29
233	0	1461	29
235	0	1513	29
236	0	939	29
237	0	939	29
238	0	939	29
239	0	1513	29
240	0	626	29
241	0	939	29
242	0	939	29
243	0	678	29
244	0	521	29
245	0	1461	29
246	0	2139	29
247	0	1826	29
248	0	574	29
249	0	678	29
250	0	678	29
251	0	939	29
252	0	1356	29
253	0	939	29
254	0	2087	29
255	0	939	29
256	0	939	29
257	0	1461	29
258	0	678	29
259	0	626	29
260	0	730	29
262	0	939	29
263	0	939	29
264	0	730	29
265	0	678	29
266	0	626	29
267	0	678	29
268	0	939	29
269	0	730	29
270	0	939	29
271	0	834	29
272	0	626	29
272	0	1982	30
273	0	2295	29
274	0	1304	29
275	0	1513	29
276	0	2243	29
277	0	939	29
278	0	1513	29
279	0	1356	29
280	0	939	29
282	0	1513	29
283	0	1356	29
284	0	626	29
285	0	1356	29
286	0	574	29
287	0	1356	29
288	0	834	29
289	0	469	29
291	0	939	29
292	0	1513	29
293	0	574	29
294	0	626	29
295	0	939	29
296	0	574	29
297	0	1304	29
298	0	939	29
299	0	626	29
300	0	939	29
301	0	574	29
302	0	678	29
303	0	626	29
304	0	574	29
306	0	730	29
307	0	939	29
308	0	939	29
309	0	574	29
310	0	834	29
311	0	939	29
312	0	939	29
313	0	939	29
314	0	1408	29
315	0	939	29
316	0	2191	29
317	0	1408	29
318	0	1513	29
319	0	1461	29
320	0	1461	29
321	0	678	29
322	0	574	29
323	0	1774	29
324	0	1461	29
325	0	1408	29
326	0	626	29
327	0	1304	29
328	0	939	29
329	0	1461	29
330	0	939	29
331	0	730	29
332	0	782	29
333	0	626	29
334	0	1408	29
335	0	626	29
336	0	730	29
337	0	939	29
338	0	939	29
339	0	730	29
340	0	1356	29
341	0	1356	29
342	0	574	29
343	0	626	29
344	0	2139	29
345	0	939	29
346	0	834	29
347	0	782	29
348	0	678	29
349	0	626	29
350	0	2191	29
351	0	834	29
352	0	834	29
353	0	730	29
354	0	521	29
355	0	782	29
356	0	939	29
357	0	782	29
358	0	939	29
360	0	939	29
361	0	939	29
362	0	1356	29
364	0	678	29
365	0	1513	29
366	0	939	29
367	0	678	29
368	0	626	29
369	0	730	29
370	0	939	29
371	0	574	29
372	0	939	29
373	0	939	29
374	0	1513	29
375	0	1461	29
376	0	939	29
377	0	1408	29
378	0	939	29
379	0	939	29
380	0	939	29
381	0	834	29
382	0	782	29
383	0	1461	29
384	0	678	29
385	0	939	29
386	0	730	29
387	0	834	29
388	0	2191	29
389	0	678	29
390	0	626	29
391	0	678	29
392	0	939	29
393	0	574	29
394	0	939	29
395	0	939	29
396	0	626	29
397	0	1408	29
398	0	939	29
399	0	574	29
400	0	887	29
401	0	2243	29
402	0	939	29
403	0	1304	29
404	0	939	29
405	0	939	29
406	0	626	29
407	0	1304	29
409	0	939	29
410	0	939	29
411	0	521	29
412	0	678	29
412	0	1930	30
413	0	626	29
413	0	1774	30
414	0	782	29
415	0	730	29
416	0	1408	29
417	0	730	29
418	0	782	29
419	0	521	29
420	0	939	29
421	0	2191	29
422	0	939	29
423	0	939	29
424	0	626	29
424	0	1982	30
425	0	939	29
426	0	939	29
427	0	2191	29
428	0	678	29
429	0	939	29
430	0	626	29
431	0	626	29
432	0	887	29
433	0	939	29
434	0	834	29
434	0	2295	30
435	0	521	29
436	0	678	29
437	0	678	29
438	0	939	29
439	0	939	29
440	0	782	29
441	0	1617	29
442	0	939	29
443	0	939	29
444	0	1565	29
445	0	626	29
446	0	939	29
447	0	1513	29
448	0	939	29
449	0	2191	29
450	0	2295	29
451	0	939	29
452	0	887	29
453	0	626	29
454	0	1408	29
455	0	1356	29
456	0	1461	29
457	0	939	29
458	0	1356	29
459	0	939	29
460	0	626	29
461	0	626	29
462	0	939	29
463	0	782	29
464	0	939	29
465	0	678	29
466	0	678	29
467	0	626	29
468	0	626	29
469	0	574	29
470	0	1304	29
471	0	939	29
472	0	574	29
473	0	939	29
474	0	730	29
475	0	939	29
476	0	1356	29
477	0	939	29
478	0	939	29
480	0	939	29
481	0	782	29
482	0	887	29
483	0	1669	29
484	0	2243	29
485	0	1408	29
486	0	1461	29
487	0	730	29
488	0	1461	29
489	0	626	29
490	0	939	29
491	0	782	29
492	0	939	29
493	0	939	29
494	0	730	29
495	0	939	29
496	0	939	29
497	0	678	29
498	0	782	29
499	0	782	29
500	0	626	29
501	0	1408	29
502	0	939	29
503	0	626	29
503	0	1878	30
504	0	1565	29
505	0	1408	29
506	0	939	29
507	0	1565	29
508	0	730	29
510	0	2191	29
512	0	939	29
513	0	939	29
514	0	887	29
515	0	626	29
516	0	1461	29
517	0	1461	29
518	0	939	29
519	0	782	29
520	0	939	29
521	0	626	29
522	0	939	29
523	0	782	29
524	0	2243	29
525	0	782	29
526	0	1304	29
527	0	678	29
528	0	626	29
529	0	678	29
530	0	1408	29
531	0	1304	29
532	0	939	29
533	0	2191	29
534	0	678	29
535	0	1513	29
536	0	1356	29
537	0	939	29
538	0	574	29
539	0	626	29
540	0	1408	29
541	0	678	29
542	0	939	29
543	0	1356	29
544	0	678	29
545	0	939	29
546	0	1408	29
547	0	939	29
548	0	1408	29
549	0	1461	29
550	0	730	29
551	0	626	29
552	0	1461	29
553	0	939	29
554	0	574	29
555	0	574	29
555	0	1774	30
556	0	939	29
557	0	1356	29
558	0	469	29
559	0	939	29
560	0	1461	29
561	0	939	29
562	0	939	29
563	0	939	29
564	0	1461	29
565	0	782	29
565	0	2243	30
566	0	730	29
567	0	834	29
568	0	574	29
569	0	939	29
570	0	1461	29
571	0	574	29
572	0	1513	29
573	0	2243	29
574	0	939	29
575	0	574	29
576	0	1356	29
577	0	678	29
578	0	939	29
579	0	939	29
580	0	1826	29
581	0	939	29
582	0	939	29
583	0	730	29
584	0	574	29
585	0	626	29
585	0	1878	30
586	0	939	29
587	0	521	29
588	0	939	29
589	0	678	29
590	0	730	29
591	0	1513	29
593	0	939	29
594	0	939	29
595	0	626	29
596	0	939	29
597	0	939	29
598	0	574	29
599	0	626	29
600	0	1461	29
601	0	782	29
602	0	1461	29
603	0	939	29
604	0	939	29
605	0	939	29
606	0	939	29
607	0	626	29
608	0	887	29
610	0	2295	29
611	0	939	29
612	0	1304	29
613	0	1304	29
614	0	1356	29
615	0	939	29
616	0	939	29
617	0	1356	29
618	0	2139	29
619	0	939	29
620	0	730	29
621	0	939	29
622	0	574	29
623	0	939	29
624	0	678	29
625	0	1408	29
626	0	939	29
627	0	939	29
628	0	939	29
629	0	939	29
630	0	939	29
631	0	939	29
632	0	626	29
633	0	1565	29
634	0	1408	29
635	0	1513	29
636	0	2243	29
637	0	939	29
638	0	1304	29
639	0	678	29
640	0	939	29
641	0	939	29
642	0	1356	29
643	0	2295	29
644	0	887	29
645	0	939	29
646	0	678	29
647	0	1408	29
648	0	939	29
649	0	730	29
650	0	1513	29
651	0	678	29
652	0	939	29
653	0	939	29
654	0	939	29
655	0	939	29
656	0	939	29
657	0	834	29
658	0	887	29
659	0	1356	29
660	0	939	29
661	0	678	29
662	0	887	29
663	0	939	29
664	0	678	29
665	0	678	29
666	0	678	29
667	0	730	29
668	0	939	29
669	0	939	29
670	0	939	29
671	0	939	29
672	0	939	29
673	0	939	29
674	0	939	29
675	0	939	29
676	0	626	29
677	0	939	29
678	0	626	29
679	0	1356	29
680	0	939	29
681	0	939	29
682	0	678	29
683	0	1356	29
684	0	939	29
685	0	730	29
686	0	730	29
687	0	1461	29
688	0	1408	29
689	0	1356	29
690	0	939	29
691	0	730	29
692	0	939	29
693	0	887	29
694	0	939	29
695	0	574	29
696	0	939	29
697	0	574	29
698	0	1513	29
699	0	939	29
700	0	939	29
701	0	939	29
702	0	939	29
703	0	521	29
704	0	1930	29
705	0	939	29
706	0	574	29
707	0	782	29
708	0	1304	29
709	0	887	29
710	0	939	29
711	0	1304	29
712	0	939	29
713	0	1408	29
714	0	678	29
715	0	939	29
716	0	626	29
717	0	939	29
718	0	678	29
719	0	939	29
720	0	2139	29
721	0	939	29
722	0	521	29
723	0	469	29
724	0	939	29
725	0	834	29
726	0	939	29
727	0	1304	29
728	0	1826	29
729	0	730	29
730	0	939	29
731	0	626	29
732	0	887	29
733	0	626	29
734	0	521	29
735	0	2191	29
736	0	939	29
737	0	678	29
738	0	730	29
739	0	1356	29
741	0	887	29
742	0	678	29
743	0	626	29
744	0	1356	29
745	0	939	29
746	0	1461	29
747	0	939	29
748	0	2139	29
749	0	1513	29
750	0	678	29
751	0	939	29
752	0	939	29
753	0	782	29
754	0	626	29
755	0	626	29
756	0	626	29
757	0	1461	29
758	0	626	29
759	0	1461	29
760	0	939	29
761	0	939	29
762	0	939	29
763	0	1356	29
764	0	939	29
765	0	626	29
766	0	834	29
767	0	1356	29
768	0	1513	29
769	0	939	29
770	0	2139	29
771	0	1356	29
772	0	939	29
773	0	1513	29
774	0	574	29
775	0	939	29
776	0	574	29
777	0	2191	29
778	0	730	29
779	0	1304	29
780	0	939	29
781	0	834	29
782	0	939	29
783	0	1461	29
784	0	730	29
785	0	782	29
786	0	939	29
787	0	1461	29
788	0	782	29
789	0	1408	29
790	0	939	29
791	0	1408	29
792	0	887	29
793	0	626	29
794	0	574	29
795	0	1356	29
796	0	1461	29
797	0	834	29
798	0	939	29
800	0	1408	29
801	0	1461	29
802	0	887	29
803	0	939	29
804	0	782	29
806	0	1461	29
807	0	678	29
808	0	2191	29
809	0	1669	29
810	0	730	29
811	0	574	29
812	0	678	29
813	0	939	29
814	0	939	29
815	0	574	29
816	0	1304	29
817	0	2243	29
818	0	939	29
819	0	1513	29
820	0	939	29
821	0	1356	29
822	0	574	29
823	0	678	29
824	0	939	29
825	0	939	29
826	0	939	29
827	0	939	29
828	0	1461	29
829	0	2191	29
830	0	939	29
831	0	574	29
831	0	2191	30
832	0	730	29
833	0	1356	29
834	0	730	29
835	0	939	29
836	0	2243	29
837	0	1304	29
838	0	574	29
839	0	1513	29
840	0	574	29
841	0	782	29
842	0	939	29
843	0	678	29
843	0	2087	30
844	0	1356	29
845	0	1408	29
846	0	1513	29
847	0	1408	29
848	0	521	29
849	0	1461	29
850	0	574	29
851	0	2243	29
852	0	939	29
853	0	1408	29
854	0	1356	29
855	0	730	29
856	0	730	29
857	0	1408	29
858	0	939	29
859	0	939	29
860	0	1565	29
861	0	782	29
862	0	1513	29
863	0	626	29
864	0	574	29
865	0	626	29
866	0	626	29
867	0	939	29
868	0	782	29
869	0	939	29
870	0	1461	29
871	0	1356	29
873	0	678	29
875	0	782	29
876	0	730	29
877	0	574	29
878	0	1356	29
879	0	834	29
880	0	678	29
881	0	939	29
882	0	1461	29
883	0	1565	29
884	0	782	29
885	0	730	29
886	0	939	29
887	0	939	29
888	0	939	29
889	0	1461	29
890	0	1461	29
891	0	678	29
892	0	1513	29
893	0	782	29
894	0	887	29
895	0	782	29
896	0	678	29
897	0	678	29
898	0	521	29
899	0	626	29
900	0	939	29
901	0	626	29
902	0	939	29
903	0	469	29
905	0	1356	29
906	0	678	29
907	0	2035	29
908	0	782	29
909	0	1982	29
910	0	1304	29
911	0	939	29
912	0	834	29
913	0	1461	29
914	0	939	29
915	0	1408	29
916	0	678	29
917	0	834	29
918	0	1408	29
919	0	1356	29
920	0	939	29
921	0	939	29
922	0	939	29
923	0	1356	29
924	0	887	29
925	0	678	29
926	0	887	29
927	0	939	29
929	0	730	29
930	0	939	29
931	0	626	29
932	0	1304	29
933	0	1408	29
934	0	939	29
935	0	678	29
936	0	939	29
937	0	939	29
938	0	939	29
939	0	1408	29
940	0	521	29
941	0	678	29
942	0	574	29
943	0	939	29
944	0	939	29
945	0	1461	29
946	0	939	29
947	0	730	29
948	0	730	29
949	0	521	29
950	0	678	29
951	0	1982	29
952	0	1826	29
953	0	678	29
954	0	574	29
955	0	1356	29
956	0	939	29
957	0	1356	29
958	0	939	29
959	0	2087	29
960	0	939	29
961	0	887	29
962	0	2191	29
963	0	730	29
964	0	678	29
965	0	939	29
966	0	574	29
967	0	1304	29
968	0	887	29
969	0	782	29
971	0	626	29
972	0	574	29
972	0	2191	30
973	0	887	29
974	0	834	29
975	0	1408	29
976	0	834	29
977	0	1669	29
978	0	730	29
979	0	1461	29
980	0	1565	29
981	0	939	29
982	0	887	29
983	0	574	29
984	0	939	29
985	0	1356	29
986	0	2295	29
987	0	1356	29
988	0	782	29
989	0	626	29
990	0	1617	29
991	0	1356	29
992	0	1617	29
993	0	939	29
994	0	2139	29
995	0	626	29
996	0	1356	29
998	0	939	29
999	0	1513	29
0	1	678	29
1	1	678	29
2	1	834	29
3	1	1356	29
4	1	834	29
4	1	2295	30
5	1	678	29
6	1	730	29
7	1	939	29
8	1	939	29
9	1	1461	29
10	1	574	29
12	1	939	29
13	1	939	29
14	1	521	29
15	1	574	29
16	1	678	29
17	1	626	29
18	1	678	29
19	1	1774	29
20	1	730	29
21	1	626	29
22	1	939	29
23	1	626	29
24	1	626	29
25	1	1565	29
26	1	939	29
27	1	678	29
28	1	939	29
29	1	939	29
30	1	1461	29
31	1	834	29
32	1	1356	29
33	1	939	29
34	1	939	29
35	1	678	29
36	1	782	29
37	1	939	29
38	1	939	29
39	1	887	29
40	1	626	29
41	1	939	29
42	1	939	29
43	1	730	29
44	1	1565	29
45	1	782	29
46	1	782	29
47	1	1356	29
48	1	1356	29
49	1	730	29
50	1	1565	29
51	1	1513	29
52	1	939	29
53	1	782	29
55	1	887	29
56	1	1461	29
57	1	521	29
58	1	834	29
59	1	574	29
60	1	939	29
61	1	834	29
62	1	626	29
63	1	939	29
64	1	2087	29
65	1	678	29
66	1	1461	29
67	1	939	29
68	1	1513	29
69	1	939	29
70	1	730	29
71	1	1513	29
72	1	2087	29
73	1	1565	29
74	1	939	29
75	1	678	29
76	1	1513	29
77	1	1461	29
78	1	1408	29
79	1	939	29
80	1	678	29
81	1	678	29
82	1	834	29
83	1	939	29
84	1	834	29
85	1	1565	29
86	1	939	29
87	1	678	29
88	1	939	29
89	1	939	29
90	1	1461	29
91	1	939	29
92	1	678	29
93	1	1408	29
94	1	1565	29
95	1	939	29
96	1	939	29
97	1	1356	29
98	1	1565	29
99	1	939	29
100	1	1356	29
101	1	939	29
102	1	887	29
103	1	939	29
104	1	678	29
105	1	2295	29
106	1	939	29
107	1	626	29
108	1	730	29
109	1	1356	29
110	1	678	29
111	1	939	29
112	1	939	29
113	1	678	29
114	1	939	29
115	1	1513	29
116	1	1513	29
117	1	1513	29
118	1	1356	29
119	1	1408	29
120	1	939	29
121	1	1461	29
122	1	678	29
123	1	1878	29
124	1	730	29
125	1	782	29
126	1	626	29
127	1	678	29
128	1	626	29
129	1	939	29
130	1	834	29
131	1	782	29
132	1	626	29
133	1	887	29
134	1	939	29
135	1	730	29
136	1	574	29
136	1	1722	30
137	1	939	29
138	1	678	29
139	1	730	29
139	1	2035	30
140	1	1617	29
141	1	574	29
142	1	939	29
143	1	1461	29
145	1	1356	29
146	1	782	29
147	1	939	29
148	1	1461	29
149	1	678	29
150	1	678	29
151	1	939	29
152	1	834	29
153	1	939	29
154	1	626	29
155	1	574	29
156	1	574	29
158	1	678	29
159	1	626	29
160	1	939	29
161	1	1565	29
162	1	939	29
163	1	1356	29
164	1	521	29
165	1	782	29
166	1	1722	29
167	1	1408	29
169	1	678	29
170	1	626	29
171	1	939	29
172	1	939	29
173	1	1461	29
174	1	939	29
175	1	887	29
176	1	574	29
177	1	1669	29
178	1	2191	29
179	1	782	29
180	1	1356	29
181	1	574	29
182	1	939	29
183	1	626	29
184	1	939	29
185	1	834	29
186	1	2295	29
187	1	939	29
188	1	939	29
189	1	939	29
190	1	939	29
191	1	730	29
192	1	834	29
193	1	730	29
194	1	782	29
196	1	574	29
196	1	2035	30
198	1	782	29
199	1	574	29
200	1	1356	29
201	1	1617	29
202	1	939	29
203	1	939	29
204	1	887	29
205	1	1408	29
206	1	574	29
206	1	1722	30
207	1	678	29
208	1	574	29
209	1	2243	29
210	1	887	29
211	1	1565	29
212	1	939	29
213	1	1565	29
214	1	939	29
215	1	1408	29
216	1	939	29
217	1	1356	29
218	1	939	29
219	1	2191	29
220	1	1461	29
221	1	939	29
222	1	1304	29
223	1	939	29
224	1	939	29
225	1	626	29
226	1	521	29
227	1	939	29
228	1	678	29
229	1	939	29
230	1	521	29
231	1	574	29
232	1	626	29
233	1	1461	29
235	1	1513	29
236	1	939	29
237	1	939	29
238	1	939	29
239	1	1513	29
240	1	626	29
241	1	939	29
242	1	939	29
243	1	678	29
244	1	521	29
245	1	1461	29
246	1	2139	29
247	1	1826	29
248	1	574	29
249	1	678	29
250	1	678	29
251	1	939	29
252	1	1356	29
253	1	939	29
254	1	2087	29
255	1	939	29
256	1	939	29
257	1	1461	29
258	1	678	29
259	1	626	29
260	1	730	29
262	1	939	29
263	1	939	29
264	1	730	29
265	1	678	29
266	1	626	29
267	1	678	29
268	1	939	29
269	1	730	29
270	1	939	29
271	1	834	29
272	1	626	29
272	1	1982	30
273	1	2295	29
274	1	1304	29
275	1	1513	29
276	1	2243	29
277	1	939	29
278	1	1513	29
279	1	1356	29
280	1	939	29
282	1	1513	29
283	1	1356	29
284	1	626	29
285	1	1356	29
286	1	574	29
287	1	1356	29
288	1	834	29
289	1	469	29
291	1	939	29
292	1	1513	29
293	1	574	29
294	1	626	29
295	1	939	29
296	1	574	29
297	1	1304	29
298	1	939	29
299	1	626	29
300	1	939	29
301	1	574	29
302	1	678	29
303	1	626	29
304	1	574	29
306	1	730	29
307	1	939	29
308	1	939	29
309	1	574	29
310	1	834	29
311	1	939	29
312	1	939	29
313	1	939	29
314	1	1408	29
315	1	939	29
316	1	2191	29
317	1	1408	29
318	1	1513	29
319	1	1461	29
320	1	1461	29
321	1	678	29
322	1	574	29
323	1	1774	29
324	1	1461	29
325	1	1408	29
326	1	626	29
327	1	1304	29
328	1	939	29
329	1	1461	29
330	1	939	29
331	1	730	29
332	1	782	29
333	1	626	29
334	1	1408	29
335	1	626	29
336	1	730	29
337	1	939	29
338	1	939	29
339	1	730	29
340	1	1356	29
341	1	1356	29
342	1	574	29
343	1	626	29
344	1	2139	29
345	1	939	29
346	1	834	29
347	1	782	29
348	1	678	29
349	1	626	29
350	1	2191	29
351	1	834	29
352	1	834	29
353	1	730	29
354	1	521	29
355	1	782	29
356	1	939	29
357	1	782	29
358	1	939	29
360	1	939	29
361	1	939	29
362	1	1356	29
364	1	678	29
365	1	1513	29
366	1	939	29
367	1	678	29
368	1	626	29
369	1	730	29
370	1	939	29
371	1	574	29
372	1	939	29
373	1	939	29
374	1	1513	29
375	1	1461	29
376	1	939	29
377	1	1408	29
378	1	939	29
379	1	939	29
380	1	939	29
381	1	834	29
382	1	782	29
383	1	1461	29
384	1	678	29
385	1	939	29
386	1	730	29
387	1	834	29
388	1	2191	29
389	1	678	29
390	1	626	29
391	1	678	29
392	1	939	29
393	1	574	29
394	1	939	29
395	1	939	29
396	1	626	29
397	1	1408	29
398	1	939	29
399	1	574	29
400	1	887	29
401	1	2243	29
402	1	939	29
403	1	1304	29
404	1	939	29
405	1	939	29
406	1	626	29
407	1	1304	29
409	1	939	29
410	1	939	29
411	1	521	29
412	1	678	29
412	1	1930	30
413	1	626	29
413	1	1774	30
414	1	782	29
415	1	730	29
416	1	1408	29
417	1	730	29
418	1	782	29
419	1	521	29
420	1	939	29
421	1	2191	29
422	1	939	29
423	1	939	29
424	1	626	29
424	1	1982	30
425	1	939	29
426	1	939	29
427	1	2191	29
428	1	678	29
429	1	939	29
430	1	626	29
431	1	626	29
432	1	887	29
433	1	939	29
434	1	834	29
434	1	2295	30
435	1	521	29
436	1	678	29
437	1	678	29
438	1	939	29
439	1	939	29
440	1	782	29
441	1	1617	29
442	1	939	29
443	1	939	29
444	1	1565	29
445	1	626	29
446	1	939	29
447	1	1513	29
448	1	939	29
449	1	2191	29
450	1	2295	29
451	1	939	29
452	1	887	29
453	1	626	29
454	1	1408	29
455	1	1356	29
456	1	1461	29
457	1	939	29
458	1	1356	29
459	1	939	29
460	1	626	29
461	1	626	29
462	1	939	29
463	1	782	29
464	1	939	29
465	1	678	29
466	1	678	29
467	1	626	29
468	1	626	29
469	1	574	29
470	1	1304	29
471	1	939	29
472	1	574	29
473	1	939	29
474	1	730	29
475	1	939	29
476	1	1356	29
477	1	939	29
478	1	939	29
480	1	939	29
481	1	782	29
482	1	887	29
483	1	1669	29
484	1	2243	29
485	1	1408	29
486	1	1461	29
487	1	730	29
488	1	1461	29
489	1	626	29
490	1	939	29
491	1	782	29
492	1	939	29
493	1	939	29
494	1	730	29
495	1	939	29
496	1	939	29
497	1	678	29
498	1	782	29
499	1	782	29
500	1	626	29
501	1	1408	29
502	1	939	29
503	1	626	29
503	1	1878	30
504	1	1565	29
505	1	1408	29
506	1	939	29
507	1	1565	29
508	1	730	29
510	1	2191	29
512	1	939	29
513	1	939	29
514	1	887	29
515	1	626	29
516	1	1461	29
517	1	1461	29
518	1	939	29
519	1	782	29
520	1	939	29
521	1	626	29
522	1	939	29
523	1	782	29
524	1	2243	29
525	1	782	29
526	1	1304	29
527	1	678	29
528	1	626	29
529	1	678	29
530	1	1408	29
531	1	1304	29
532	1	939	29
533	1	2191	29
534	1	678	29
535	1	1513	29
536	1	1356	29
537	1	939	29
538	1	574	29
539	1	626	29
540	1	1408	29
541	1	678	29
542	1	939	29
543	1	1356	29
544	1	678	29
545	1	939	29
546	1	1408	29
547	1	939	29
548	1	1408	29
549	1	1461	29
550	1	730	29
551	1	626	29
552	1	1461	29
553	1	939	29
554	1	574	29
555	1	574	29
555	1	1774	30
556	1	939	29
557	1	1356	29
558	1	469	29
559	1	939	29
560	1	1461	29
561	1	939	29
562	1	939	29
563	1	939	29
564	1	1461	29
565	1	782	29
565	1	2243	30
566	1	730	29
567	1	834	29
568	1	574	29
569	1	939	29
570	1	1461	29
571	1	574	29
572	1	1513	29
573	1	2243	29
574	1	939	29
575	1	574	29
576	1	1356	29
577	1	678	29
578	1	939	29
579	1	939	29
580	1	1826	29
581	1	939	29
582	1	939	29
583	1	730	29
584	1	574	29
585	1	626	29
585	1	1878	30
586	1	939	29
587	1	521	29
588	1	939	29
589	1	678	29
590	1	730	29
591	1	1513	29
593	1	939	29
594	1	939	29
595	1	626	29
596	1	939	29
597	1	939	29
598	1	574	29
599	1	626	29
600	1	1461	29
601	1	782	29
602	1	1461	29
603	1	939	29
604	1	939	29
605	1	939	29
606	1	939	29
607	1	626	29
608	1	887	29
610	1	2295	29
611	1	939	29
612	1	1304	29
613	1	1304	29
614	1	1356	29
615	1	939	29
616	1	939	29
617	1	1356	29
618	1	2139	29
619	1	939	29
620	1	730	29
621	1	939	29
622	1	574	29
623	1	939	29
624	1	678	29
625	1	1408	29
626	1	939	29
627	1	939	29
628	1	939	29
629	1	939	29
630	1	939	29
631	1	939	29
632	1	626	29
633	1	1565	29
634	1	1408	29
635	1	1513	29
636	1	2243	29
637	1	939	29
638	1	1304	29
639	1	678	29
640	1	939	29
641	1	939	29
642	1	1356	29
643	1	2295	29
644	1	887	29
645	1	939	29
646	1	678	29
647	1	1408	29
648	1	939	29
649	1	730	29
650	1	1513	29
651	1	678	29
652	1	939	29
653	1	939	29
654	1	939	29
655	1	939	29
656	1	939	29
657	1	834	29
658	1	887	29
659	1	1356	29
660	1	939	29
661	1	678	29
662	1	887	29
663	1	939	29
664	1	678	29
665	1	678	29
666	1	678	29
667	1	730	29
668	1	939	29
669	1	939	29
670	1	939	29
671	1	939	29
672	1	939	29
673	1	939	29
674	1	939	29
675	1	939	29
676	1	626	29
677	1	939	29
678	1	626	29
679	1	1356	29
680	1	939	29
681	1	939	29
682	1	678	29
683	1	1356	29
684	1	939	29
685	1	730	29
686	1	730	29
687	1	1461	29
688	1	1408	29
689	1	1356	29
690	1	939	29
691	1	730	29
692	1	939	29
693	1	887	29
694	1	939	29
695	1	574	29
696	1	939	29
697	1	574	29
698	1	1513	29
699	1	939	29
700	1	939	29
701	1	939	29
702	1	939	29
703	1	521	29
704	1	1930	29
705	1	939	29
706	1	574	29
707	1	782	29
708	1	1304	29
709	1	887	29
710	1	939	29
711	1	1304	29
712	1	939	29
713	1	1408	29
714	1	678	29
715	1	939	29
716	1	626	29
717	1	939	29
718	1	678	29
719	1	939	29
720	1	2139	29
721	1	939	29
722	1	521	29
723	1	469	29
724	1	939	29
725	1	834	29
726	1	939	29
727	1	1304	29
728	1	1826	29
729	1	730	29
730	1	939	29
731	1	626	29
732	1	887	29
733	1	626	29
734	1	521	29
735	1	2191	29
736	1	939	29
737	1	678	29
738	1	730	29
739	1	1356	29
741	1	887	29
742	1	678	29
743	1	626	29
744	1	1356	29
745	1	939	29
746	1	1461	29
747	1	939	29
748	1	2139	29
749	1	1513	29
750	1	678	29
751	1	939	29
752	1	939	29
753	1	782	29
754	1	626	29
755	1	626	29
756	1	626	29
757	1	1461	29
758	1	626	29
759	1	1461	29
760	1	939	29
761	1	939	29
762	1	939	29
763	1	1356	29
764	1	939	29
765	1	626	29
766	1	834	29
767	1	1356	29
768	1	1513	29
769	1	939	29
770	1	2139	29
771	1	1356	29
772	1	939	29
773	1	1513	29
774	1	574	29
775	1	939	29
776	1	574	29
777	1	2191	29
778	1	730	29
779	1	1304	29
780	1	939	29
781	1	834	29
782	1	939	29
783	1	1461	29
784	1	730	29
785	1	782	29
786	1	939	29
787	1	1461	29
788	1	782	29
789	1	1408	29
790	1	939	29
791	1	1408	29
792	1	887	29
793	1	626	29
794	1	574	29
795	1	1356	29
796	1	1461	29
797	1	834	29
798	1	939	29
800	1	1408	29
801	1	1461	29
802	1	887	29
803	1	939	29
804	1	782	29
806	1	1461	29
807	1	678	29
808	1	2191	29
809	1	1669	29
810	1	730	29
811	1	574	29
812	1	678	29
813	1	939	29
814	1	939	29
815	1	574	29
816	1	1304	29
817	1	2243	29
818	1	939	29
819	1	1513	29
820	1	939	29
821	1	1356	29
822	1	574	29
823	1	678	29
824	1	939	29
825	1	939	29
826	1	939	29
827	1	939	29
828	1	1461	29
829	1	2191	29
830	1	939	29
831	1	574	29
831	1	2191	30
832	1	730	29
833	1	1356	29
834	1	730	29
835	1	939	29
836	1	2243	29
837	1	1304	29
838	1	574	29
839	1	1513	29
840	1	574	29
841	1	782	29
842	1	939	29
843	1	678	29
843	1	2087	30
844	1	1356	29
845	1	1408	29
846	1	1513	29
847	1	1408	29
848	1	521	29
849	1	1461	29
850	1	574	29
851	1	2243	29
852	1	939	29
853	1	1408	29
854	1	1356	29
855	1	730	29
856	1	730	29
857	1	1408	29
858	1	939	29
859	1	939	29
860	1	1565	29
861	1	782	29
862	1	1513	29
863	1	626	29
864	1	574	29
865	1	626	29
866	1	626	29
867	1	939	29
868	1	782	29
869	1	939	29
870	1	1461	29
871	1	1356	29
873	1	678	29
875	1	782	29
876	1	730	29
877	1	574	29
878	1	1356	29
879	1	834	29
880	1	678	29
881	1	939	29
882	1	1461	29
883	1	1565	29
884	1	782	29
885	1	730	29
886	1	939	29
887	1	939	29
888	1	939	29
889	1	1461	29
890	1	1461	29
891	1	678	29
892	1	1513	29
893	1	782	29
894	1	887	29
895	1	782	29
896	1	678	29
897	1	678	29
898	1	521	29
899	1	626	29
900	1	939	29
901	1	626	29
902	1	939	29
903	1	469	29
905	1	1356	29
906	1	678	29
907	1	2035	29
908	1	782	29
909	1	1982	29
910	1	1304	29
911	1	939	29
912	1	834	29
913	1	1461	29
914	1	939	29
915	1	1408	29
916	1	678	29
917	1	834	29
918	1	1408	29
919	1	1356	29
920	1	939	29
921	1	939	29
922	1	939	29
923	1	1356	29
924	1	887	29
925	1	678	29
926	1	887	29
927	1	939	29
929	1	730	29
930	1	939	29
931	1	626	29
932	1	1304	29
933	1	1408	29
934	1	939	29
935	1	678	29
936	1	939	29
937	1	939	29
938	1	939	29
939	1	1408	29
940	1	521	29
941	1	678	29
942	1	574	29
943	1	939	29
944	1	939	29
945	1	1461	29
946	1	939	29
947	1	730	29
948	1	730	29
949	1	521	29
950	1	678	29
951	1	1982	29
952	1	1826	29
953	1	678	29
954	1	574	29
955	1	1356	29
956	1	939	29
957	1	1356	29
958	1	939	29
959	1	2087	29
960	1	939	29
961	1	887	29
962	1	2191	29
963	1	730	29
964	1	678	29
965	1	939	29
966	1	574	29
967	1	1304	29
968	1	887	29
969	1	782	29
971	1	626	29
972	1	574	29
972	1	2191	30
973	1	887	29
974	1	834	29
975	1	1408	29
976	1	834	29
977	1	1669	29
978	1	730	29
979	1	1461	29
980	1	1565	29
981	1	939	29
982	1	887	29
983	1	574	29
984	1	939	29
985	1	1356	29
986	1	2295	29
987	1	1356	29
988	1	782	29
989	1	626	29
990	1	1617	29
991	1	1356	29
992	1	1617	29
993	1	939	29
994	1	2139	29
995	1	626	29
996	1	1356	29
998	1	939	29
999	1	1513	29
0	2	261	26
0	2	521	33
0	2	1148	13
1	2	261	26
1	2	521	33
1	2	1148	13
2	2	261	26
2	2	782	33
3	2	261	26
3	2	1565	33
4	2	261	26
4	2	678	33
4	2	1148	13
5	2	261	26
5	2	574	33
6	2	261	26
6	2	678	33
6	2	2139	13
7	2	261	26
7	2	1304	33
7	2	1722	13
8	2	261	26
8	2	939	33
8	2	1252	13
9	2	261	26
10	2	261	26
10	2	521	33
10	2	1148	13
11	2	261	26
12	2	261	26
13	2	261	26
14	2	261	26
14	2	521	33
14	2	1148	13
15	2	261	26
15	2	626	33
15	2	1148	13
16	2	261	26
16	2	678	33
16	2	1148	13
17	2	261	26
17	2	521	33
17	2	1148	13
18	2	261	26
18	2	574	33
18	2	1148	13
19	2	261	26
20	2	261	26
20	2	834	33
20	2	1408	13
21	2	261	26
21	2	521	33
21	2	1148	13
22	2	261	26
22	2	1565	33
23	2	261	26
23	2	521	33
23	2	1148	13
24	2	261	26
24	2	574	33
24	2	1148	13
25	2	261	26
26	2	261	26
26	2	939	33
26	2	1669	13
27	2	261	26
27	2	574	33
27	2	1148	13
28	2	261	26
28	2	991	33
28	2	1304	13
29	2	261	26
30	2	261	26
31	2	261	26
31	2	730	33
32	2	261	26
32	2	1513	33
33	2	261	26
33	2	887	33
34	2	261	26
34	2	991	33
34	2	1565	13
35	2	261	26
35	2	574	33
35	2	1148	13
36	2	261	26
36	2	574	33
36	2	1148	13
37	2	261	26
37	2	834	33
38	2	261	26
38	2	782	33
39	2	261	26
39	2	730	33
39	2	1513	13
40	2	261	26
40	2	521	33
40	2	1148	13
41	2	261	26
41	2	1095	33
41	2	1617	13
42	2	261	26
42	2	1043	33
42	2	1408	13
43	2	261	26
43	2	626	33
43	2	1148	13
44	2	261	26
45	2	261	26
45	2	782	33
45	2	1408	13
46	2	261	26
46	2	574	33
46	2	1982	13
47	2	261	26
47	2	1617	33
48	2	261	26
49	2	261	26
49	2	678	33
49	2	1148	13
50	2	261	26
51	2	261	26
52	2	261	26
53	2	261	26
53	2	574	33
53	2	1148	13
54	2	261	26
55	2	261	26
55	2	782	33
56	2	261	26
57	2	261	26
57	2	521	33
57	2	1148	13
58	2	261	26
58	2	782	33
58	2	1148	13
59	2	261	26
59	2	574	33
59	2	1148	13
60	2	261	26
61	2	261	26
61	2	678	33
62	2	261	26
62	2	678	33
62	2	1148	13
63	2	261	26
63	2	939	33
63	2	1461	13
64	2	261	26
65	2	261	26
65	2	1200	33
66	2	261	26
67	2	261	26
67	2	1095	33
67	2	1461	13
68	2	261	26
69	2	261	26
69	2	1200	33
69	2	1669	13
70	2	261	26
70	2	939	33
71	2	261	26
71	2	1408	33
72	2	261	26
73	2	261	26
74	2	261	26
75	2	261	26
75	2	574	33
75	2	1148	13
76	2	261	26
77	2	261	26
78	2	261	26
79	2	261	26
79	2	1356	33
80	2	261	26
80	2	626	33
80	2	1461	13
81	2	261	26
81	2	782	33
82	2	261	26
82	2	2035	33
83	2	261	26
83	2	1722	33
84	2	261	26
84	2	678	33
85	2	261	26
86	2	261	26
87	2	261	26
87	2	521	33
87	2	1148	13
88	2	261	26
88	2	939	33
88	2	1461	13
89	2	261	26
89	2	1356	33
90	2	261	26
91	2	261	26
91	2	834	33
92	2	261	26
92	2	521	33
92	2	1148	13
93	2	261	26
94	2	261	26
95	2	261	26
96	2	261	26
96	2	1513	33
97	2	261	26
98	2	261	26
99	2	261	26
100	2	261	26
101	2	261	26
101	2	887	33
102	2	261	26
102	2	887	33
103	2	261	26
103	2	1617	33
104	2	261	26
104	2	730	33
104	2	1252	13
105	2	261	26
106	2	261	26
106	2	939	33
106	2	1304	13
107	2	261	26
107	2	521	33
107	2	1148	13
108	2	261	26
108	2	626	33
108	2	1148	13
109	2	261	26
110	2	261	26
110	2	574	33
110	2	1148	13
111	2	261	26
111	2	834	33
112	2	261	26
113	2	261	26
113	2	521	33
113	2	1148	13
114	2	261	26
114	2	834	33
115	2	261	26
116	2	261	26
117	2	261	26
118	2	261	26
118	2	1617	33
119	2	261	26
119	2	2243	33
120	2	261	26
120	2	1513	33
121	2	261	26
122	2	261	26
122	2	574	33
122	2	1148	13
123	2	261	26
124	2	261	26
124	2	574	33
124	2	1148	13
125	2	261	26
125	2	678	33
125	2	1148	13
126	2	261	26
126	2	521	33
126	2	1148	13
127	2	261	26
127	2	521	33
127	2	1148	13
128	2	261	26
128	2	521	33
128	2	1148	13
129	2	261	26
130	2	261	26
130	2	678	33
131	2	261	26
131	2	887	33
131	2	1252	13
132	2	261	26
132	2	521	33
132	2	1148	13
133	2	261	26
133	2	730	33
133	2	1669	13
134	2	261	26
134	2	1565	33
135	2	261	26
135	2	626	33
135	2	1148	13
136	2	261	26
136	2	521	33
136	2	1148	13
137	2	261	26
137	2	1095	33
137	2	1669	13
138	2	261	26
138	2	521	33
138	2	1148	13
139	2	261	26
139	2	626	33
139	2	1148	13
140	2	261	26
141	2	261	26
141	2	521	33
141	2	1148	13
142	2	261	26
143	2	261	26
144	2	261	26
145	2	261	26
145	2	1565	33
146	2	261	26
146	2	730	33
146	2	1304	13
147	2	261	26
147	2	834	33
147	2	1565	13
148	2	261	26
149	2	261	26
149	2	574	33
149	2	1148	13
150	2	261	26
150	2	626	33
150	2	1200	13
151	2	261	26
151	2	2191	33
152	2	261	26
152	2	730	33
152	2	1252	13
153	2	261	26
154	2	261	26
154	2	626	33
154	2	1148	13
155	2	261	26
155	2	521	33
155	2	1148	13
156	2	261	26
156	2	521	33
156	2	1148	13
157	2	261	26
158	2	261	26
158	2	678	33
158	2	1252	13
159	2	261	26
159	2	521	33
159	2	1148	13
160	2	261	26
160	2	991	33
160	2	1565	13
161	2	261	26
162	2	261	26
162	2	1304	33
162	2	1669	13
163	2	261	26
164	2	261	26
164	2	626	33
164	2	2243	13
165	2	261	26
165	2	678	33
165	2	1148	13
166	2	261	26
167	2	261	26
168	2	261	26
169	2	261	26
169	2	521	33
170	2	261	26
170	2	521	33
170	2	1148	13
171	2	261	26
172	2	261	26
172	2	1356	33
172	2	1722	13
173	2	261	26
174	2	261	26
174	2	1304	33
175	2	261	26
175	2	834	33
175	2	1304	13
176	2	261	26
176	2	626	33
176	2	2139	13
177	2	261	26
178	2	261	26
179	2	261	26
179	2	678	33
179	2	1200	13
180	2	261	26
181	2	261	26
181	2	521	33
181	2	1148	13
182	2	261	26
183	2	261	26
183	2	574	33
183	2	1148	13
184	2	261	26
185	2	261	26
185	2	730	33
185	2	1148	13
186	2	261	26
187	2	261	26
187	2	1095	33
187	2	1565	13
188	2	261	26
189	2	261	26
189	2	1043	33
189	2	1461	13
190	2	261	26
191	2	261	26
191	2	574	33
192	2	261	26
192	2	782	33
192	2	1304	13
193	2	261	26
193	2	834	33
193	2	1669	13
194	2	261	26
195	2	261	26
196	2	261	26
196	2	521	33
196	2	1148	13
197	2	261	26
198	2	261	26
198	2	939	33
198	2	1304	13
199	2	261	26
199	2	521	33
199	2	1148	13
200	2	261	26
200	2	1565	33
201	2	261	26
202	2	261	26
202	2	1356	33
203	2	261	26
203	2	1304	33
203	2	1669	13
204	2	261	26
204	2	626	33
204	2	1148	13
205	2	261	26
206	2	261	26
206	2	521	33
206	2	1148	13
207	2	261	26
207	2	574	33
207	2	1148	13
208	2	261	26
208	2	626	33
208	2	1148	13
209	2	261	26
210	2	261	26
210	2	730	33
210	2	1513	13
211	2	261	26
212	2	261	26
212	2	1408	33
213	2	261	26
214	2	261	26
215	2	261	26
215	2	1669	33
216	2	261	26
217	2	261	26
217	2	1513	33
218	2	261	26
218	2	991	33
218	2	1513	13
219	2	261	26
220	2	261	26
221	2	261	26
221	2	939	33
221	2	1722	13
222	2	261	26
223	2	261	26
224	2	261	26
224	2	1513	33
225	2	261	26
225	2	521	33
225	2	1148	13
226	2	261	26
226	2	678	33
226	2	1148	13
227	2	261	26
227	2	887	33
228	2	261	26
228	2	574	33
228	2	1148	13
229	2	261	26
229	2	1148	33
229	2	1513	13
230	2	261	26
230	2	521	33
230	2	1148	13
231	2	261	26
231	2	521	33
231	2	1148	13
232	2	261	26
232	2	521	33
232	2	1148	13
233	2	261	26
234	2	261	26
235	2	261	26
236	2	261	26
237	2	261	26
238	2	261	26
239	2	261	26
240	2	261	26
240	2	574	33
240	2	1148	13
241	2	261	26
241	2	991	33
241	2	1513	13
242	2	261	26
242	2	834	33
242	2	1304	13
243	2	261	26
243	2	521	33
243	2	1148	13
244	2	261	26
244	2	521	33
244	2	1148	13
245	2	261	26
246	2	261	26
247	2	261	26
248	2	261	26
248	2	521	33
248	2	1148	13
249	2	261	26
249	2	521	33
249	2	1148	13
250	2	261	26
250	2	521	33
250	2	1148	13
251	2	261	26
251	2	782	33
251	2	1617	13
252	2	261	26
253	2	261	26
253	2	2295	33
254	2	261	26
255	2	261	26
256	2	261	26
256	2	1200	33
256	2	1722	13
257	2	261	26
257	2	1565	33
258	2	261	26
258	2	521	33
258	2	1148	13
259	2	261	26
259	2	521	33
259	2	1148	13
260	2	261	26
260	2	626	33
260	2	1617	13
261	2	261	26
262	2	261	26
262	2	1200	33
262	2	1513	13
263	2	261	26
264	2	261	26
264	2	678	33
264	2	2243	13
265	2	261	26
265	2	678	33
266	2	261	26
266	2	782	33
266	2	1513	13
267	2	261	26
267	2	521	33
267	2	1148	13
268	2	261	26
268	2	1252	33
268	2	1722	13
269	2	261	26
269	2	626	33
269	2	1148	13
270	2	261	26
271	2	261	26
271	2	834	33
271	2	1408	13
272	2	261	26
272	2	574	33
272	2	1148	13
273	2	261	26
274	2	261	26
275	2	261	26
276	2	261	26
277	2	261	26
278	2	261	26
279	2	261	26
280	2	261	26
280	2	2191	33
281	2	261	26
282	2	261	26
283	2	261	26
283	2	1513	33
284	2	261	26
284	2	521	33
284	2	1148	13
285	2	261	26
285	2	1461	33
286	2	261	26
286	2	521	33
286	2	1148	13
287	2	261	26
288	2	261	26
288	2	626	33
288	2	1617	13
289	2	261	26
290	2	261	26
291	2	261	26
291	2	887	33
292	2	261	26
293	2	261	26
293	2	521	33
293	2	1148	13
294	2	261	26
294	2	626	33
295	2	261	26
296	2	261	26
296	2	574	33
296	2	1148	13
297	2	261	26
298	2	261	26
298	2	1356	33
299	2	261	26
299	2	574	33
300	2	261	26
301	2	261	26
301	2	521	33
301	2	1148	13
302	2	261	26
302	2	730	33
302	2	1461	13
303	2	261	26
303	2	521	33
303	2	1148	13
304	2	261	26
304	2	521	33
304	2	1148	13
305	2	261	26
306	2	261	26
306	2	521	33
306	2	1148	13
307	2	261	26
307	2	939	33
308	2	261	26
308	2	939	33
309	2	261	26
309	2	521	33
309	2	1148	13
310	2	261	26
310	2	678	33
310	2	1148	13
311	2	261	26
312	2	261	26
313	2	261	26
314	2	261	26
315	2	261	26
315	2	939	33
315	2	1408	13
316	2	261	26
317	2	261	26
317	2	1722	33
318	2	261	26
319	2	261	26
320	2	261	26
321	2	261	26
321	2	521	33
321	2	1148	13
322	2	261	26
322	2	678	33
322	2	2191	13
323	2	261	26
324	2	261	26
325	2	261	26
326	2	261	26
326	2	521	33
326	2	1148	13
327	2	261	26
327	2	1304	33
328	2	261	26
329	2	261	26
330	2	261	26
330	2	1095	33
330	2	1461	13
331	2	261	26
331	2	574	33
331	2	1148	13
332	2	261	26
332	2	782	33
332	2	1200	13
333	2	261	26
333	2	521	33
333	2	1148	13
334	2	261	26
335	2	261	26
335	2	521	33
335	2	1148	13
336	2	261	26
336	2	626	33
336	2	1356	13
337	2	261	26
338	2	261	26
339	2	261	26
339	2	626	33
339	2	1930	13
340	2	261	26
340	2	1513	33
341	2	261	26
341	2	1565	33
342	2	261	26
342	2	574	33
342	2	1148	13
343	2	261	26
343	2	521	33
343	2	1148	13
344	2	261	26
345	2	261	26
345	2	834	33
345	2	1304	13
346	2	261	26
346	2	678	33
346	2	1148	13
347	2	261	26
347	2	834	33
348	2	261	26
348	2	626	33
348	2	1148	13
349	2	261	26
349	2	574	33
349	2	1148	13
350	2	261	26
351	2	261	26
351	2	782	33
352	2	261	26
352	2	782	33
352	2	1513	13
353	2	261	26
353	2	574	33
353	2	1148	13
354	2	261	26
354	2	521	33
354	2	1148	13
355	2	261	26
355	2	678	33
356	2	261	26
356	2	1461	33
357	2	261	26
357	2	730	33
358	2	261	26
358	2	1408	33
359	2	261	26
360	2	261	26
361	2	261	26
361	2	730	33
361	2	1722	13
362	2	261	26
363	2	261	26
364	2	261	26
364	2	574	33
364	2	2191	13
365	2	261	26
366	2	261	26
366	2	1252	33
366	2	1617	13
367	2	261	26
367	2	626	33
368	2	261	26
368	2	521	33
368	2	1148	13
369	2	261	26
369	2	678	33
369	2	1148	13
370	2	261	26
371	2	261	26
371	2	574	33
371	2	1148	13
372	2	261	26
372	2	1356	33
373	2	261	26
374	2	261	26
375	2	261	26
376	2	261	26
376	2	678	33
377	2	261	26
378	2	261	26
378	2	1513	33
379	2	261	26
379	2	887	33
379	2	1565	13
380	2	261	26
380	2	834	33
381	2	261	26
381	2	834	33
382	2	261	26
382	2	626	33
382	2	2191	13
383	2	261	26
384	2	261	26
384	2	730	33
384	2	1617	13
385	2	261	26
385	2	939	33
386	2	261	26
386	2	730	33
387	2	261	26
387	2	678	33
387	2	1148	13
388	2	261	26
389	2	261	26
389	2	574	33
389	2	1148	13
390	2	261	26
390	2	521	33
390	2	1148	13
391	2	261	26
391	2	626	33
391	2	1148	13
392	2	261	26
393	2	261	26
393	2	521	33
393	2	1148	13
394	2	261	26
394	2	939	33
395	2	261	26
395	2	939	33
396	2	261	26
396	2	521	33
396	2	1148	13
397	2	261	26
397	2	1565	33
398	2	261	26
398	2	887	33
399	2	261	26
399	2	521	33
399	2	1148	13
400	2	261	26
400	2	678	33
401	2	261	26
402	2	261	26
402	2	730	33
402	2	1461	13
403	2	261	26
404	2	261	26
404	2	1722	33
405	2	261	26
406	2	261	26
406	2	678	33
406	2	1148	13
407	2	261	26
407	2	1408	33
408	2	261	26
409	2	261	26
410	2	261	26
411	2	261	26
411	2	574	33
411	2	1148	13
412	2	261	26
412	2	521	33
412	2	1148	13
413	2	261	26
413	2	521	33
413	2	1148	13
414	2	261	26
414	2	834	33
414	2	1408	13
415	2	261	26
415	2	626	33
415	2	1148	13
416	2	261	26
417	2	261	26
417	2	678	33
417	2	1878	13
418	2	261	26
418	2	782	33
418	2	1148	13
419	2	261	26
419	2	678	33
419	2	1148	13
420	2	261	26
420	2	1356	33
421	2	261	26
422	2	261	26
423	2	261	26
423	2	1304	33
423	2	1669	13
424	2	261	26
424	2	574	33
424	2	1148	13
425	2	261	26
425	2	887	33
426	2	261	26
426	2	1304	33
426	2	1669	13
427	2	261	26
428	2	261	26
428	2	574	33
429	2	261	26
429	2	834	33
429	2	1356	13
430	2	261	26
430	2	626	33
430	2	1148	13
431	2	261	26
431	2	521	33
431	2	1148	13
432	2	261	26
432	2	730	33
432	2	1148	13
433	2	261	26
433	2	887	33
433	2	1617	13
434	2	261	26
434	2	626	33
434	2	1148	13
435	2	261	26
435	2	521	33
435	2	1148	13
436	2	261	26
436	2	521	33
436	2	1148	13
437	2	261	26
437	2	574	33
437	2	1878	13
438	2	261	26
438	2	1043	33
438	2	1356	13
439	2	261	26
440	2	261	26
440	2	1356	33
441	2	261	26
442	2	261	26
442	2	939	33
443	2	261	26
444	2	261	26
445	2	261	26
445	2	521	33
445	2	1148	13
446	2	261	26
447	2	261	26
448	2	261	26
449	2	261	26
450	2	261	26
451	2	261	26
451	2	1095	33
451	2	1461	13
452	2	261	26
452	2	678	33
453	2	261	26
453	2	521	33
453	2	1148	13
454	2	261	26
455	2	261	26
455	2	1513	33
456	2	261	26
457	2	261	26
457	2	1356	33
458	2	261	26
459	2	261	26
460	2	261	26
460	2	574	33
460	2	1982	13
461	2	261	26
461	2	574	33
461	2	1148	13
462	2	261	26
462	2	782	33
463	2	261	26
463	2	730	33
463	2	1148	13
464	2	261	26
464	2	1356	33
465	2	261	26
465	2	626	33
465	2	1826	13
466	2	261	26
466	2	574	33
466	2	1148	13
467	2	261	26
467	2	574	33
467	2	1148	13
468	2	261	26
468	2	521	33
468	2	1148	13
469	2	261	26
469	2	521	33
469	2	1148	13
470	2	261	26
471	2	261	26
472	2	261	26
472	2	626	33
472	2	1356	13
473	2	261	26
473	2	1148	33
474	2	261	26
474	2	574	33
474	2	1148	13
475	2	261	26
476	2	261	26
477	2	261	26
478	2	261	26
479	2	261	26
480	2	261	26
481	2	261	26
481	2	730	33
481	2	1148	13
482	2	261	26
482	2	782	33
483	2	261	26
484	2	261	26
485	2	261	26
486	2	261	26
487	2	261	26
487	2	521	33
487	2	1148	13
488	2	261	26
489	2	261	26
489	2	521	33
489	2	1148	13
490	2	261	26
490	2	1148	33
490	2	1461	13
491	2	261	26
491	2	939	33
492	2	261	26
492	2	1304	33
492	2	1722	13
493	2	261	26
494	2	261	26
494	2	678	33
495	2	261	26
495	2	1148	33
495	2	1513	13
496	2	261	26
496	2	939	33
496	2	1356	13
497	2	261	26
497	2	574	33
498	2	261	26
498	2	834	33
499	2	261	26
499	2	730	33
500	2	261	26
500	2	521	33
500	2	1148	13
501	2	261	26
502	2	261	26
502	2	1304	33
503	2	261	26
503	2	521	33
503	2	1148	13
504	2	261	26
505	2	261	26
506	2	261	26
507	2	261	26
508	2	261	26
508	2	521	33
508	2	1148	13
509	2	261	26
510	2	261	26
511	2	261	26
512	2	261	26
512	2	1200	33
512	2	1565	13
513	2	261	26
513	2	1304	33
514	2	261	26
514	2	730	33
514	2	1669	13
515	2	261	26
515	2	521	33
515	2	1148	13
516	2	261	26
517	2	261	26
518	2	261	26
518	2	1356	33
519	2	261	26
519	2	626	33
519	2	1148	13
520	2	261	26
520	2	782	33
521	2	261	26
521	2	521	33
521	2	1148	13
522	2	261	26
522	2	1043	33
522	2	1408	13
523	2	261	26
523	2	574	33
523	2	1148	13
524	2	261	26
525	2	261	26
525	2	730	33
525	2	1148	13
526	2	261	26
527	2	261	26
527	2	521	33
527	2	1148	13
528	2	261	26
528	2	521	33
528	2	1148	13
529	2	261	26
529	2	521	33
529	2	1148	13
530	2	261	26
530	2	1722	33
531	2	261	26
531	2	1356	33
532	2	261	26
532	2	1461	33
533	2	261	26
534	2	261	26
534	2	521	33
534	2	1148	13
535	2	261	26
536	2	261	26
537	2	261	26
537	2	834	33
537	2	1461	13
538	2	261	26
538	2	521	33
538	2	1148	13
539	2	261	26
539	2	521	33
539	2	1148	13
540	2	261	26
541	2	261	26
541	2	626	33
541	2	1930	13
542	2	261	26
542	2	1565	33
543	2	261	26
543	2	1513	33
544	2	261	26
544	2	730	33
544	2	1148	13
545	2	261	26
546	2	261	26
546	2	1617	33
547	2	261	26
547	2	782	33
547	2	1200	13
548	2	261	26
549	2	261	26
550	2	261	26
550	2	521	33
550	2	1148	13
551	2	261	26
551	2	574	33
551	2	1148	13
552	2	261	26
553	2	261	26
553	2	1304	33
554	2	261	26
554	2	521	33
554	2	1148	13
555	2	261	26
555	2	521	33
555	2	1148	13
556	2	261	26
556	2	1200	33
556	2	1513	13
557	2	261	26
558	2	261	26
558	2	574	33
558	2	2139	13
559	2	261	26
559	2	1408	33
560	2	261	26
561	2	261	26
562	2	261	26
562	2	1304	33
562	2	1722	13
563	2	261	26
563	2	1043	33
563	2	1304	13
564	2	261	26
565	2	261	26
565	2	574	33
565	2	1148	13
566	2	261	26
566	2	626	33
566	2	1617	13
567	2	261	26
567	2	1565	33
568	2	261	26
568	2	574	33
568	2	1148	13
569	2	261	26
569	2	1252	33
570	2	261	26
571	2	261	26
571	2	521	33
571	2	1148	13
572	2	261	26
573	2	261	26
574	2	261	26
574	2	887	33
575	2	261	26
575	2	521	33
575	2	1148	13
576	2	261	26
576	2	1617	33
577	2	261	26
577	2	521	33
577	2	1148	13
578	2	261	26
579	2	261	26
580	2	261	26
581	2	261	26
581	2	1513	33
582	2	261	26
582	2	1356	33
583	2	261	26
583	2	521	33
583	2	1148	13
584	2	261	26
584	2	574	33
584	2	2087	13
585	2	261	26
585	2	521	33
585	2	1148	13
586	2	261	26
586	2	991	33
586	2	1356	13
587	2	261	26
587	2	521	33
587	2	1148	13
588	2	261	26
588	2	730	33
588	2	1565	13
589	2	261	26
589	2	730	33
589	2	1252	13
590	2	261	26
590	2	626	33
590	2	1148	13
591	2	261	26
592	2	261	26
593	2	261	26
593	2	887	33
594	2	261	26
594	2	1722	33
595	2	261	26
595	2	574	33
595	2	1148	13
596	2	261	26
596	2	1043	33
596	2	1617	13
597	2	261	26
598	2	261	26
598	2	521	33
598	2	1148	13
599	2	261	26
599	2	521	33
599	2	1148	13
600	2	261	26
601	2	261	26
601	2	678	33
602	2	261	26
603	2	261	26
604	2	261	26
604	2	1356	33
605	2	261	26
605	2	1617	33
606	2	261	26
606	2	991	33
606	2	1461	13
607	2	261	26
607	2	574	33
607	2	1148	13
608	2	261	26
608	2	678	33
608	2	1148	13
609	2	261	26
610	2	261	26
611	2	261	26
611	2	1356	33
612	2	261	26
612	2	1461	33
613	2	261	26
614	2	261	26
614	2	1617	33
615	2	261	26
615	2	1565	33
616	2	261	26
616	2	1408	33
617	2	261	26
618	2	261	26
619	2	261	26
620	2	261	26
620	2	574	33
621	2	261	26
621	2	1252	33
621	2	1565	13
622	2	261	26
622	2	521	33
622	2	1148	13
623	2	261	26
624	2	261	26
624	2	626	33
625	2	261	26
625	2	1461	33
626	2	261	26
626	2	730	33
626	2	1252	13
627	2	261	26
627	2	782	33
627	2	1461	13
628	2	261	26
628	2	939	33
628	2	1617	13
629	2	261	26
630	2	261	26
630	2	1461	33
631	2	261	26
631	2	887	33
631	2	1408	13
632	2	261	26
632	2	521	33
632	2	1148	13
633	2	261	26
634	2	261	26
634	2	1513	33
635	2	261	26
636	2	261	26
637	2	261	26
638	2	261	26
639	2	261	26
639	2	626	33
639	2	1148	13
640	2	261	26
641	2	261	26
641	2	939	33
642	2	261	26
642	2	1722	33
643	2	261	26
644	2	261	26
644	2	678	33
645	2	261	26
645	2	1148	33
645	2	1565	13
646	2	261	26
646	2	574	33
646	2	1148	13
647	2	261	26
648	2	261	26
648	2	1252	33
649	2	261	26
649	2	678	33
649	2	1356	13
650	2	261	26
651	2	261	26
651	2	782	33
652	2	261	26
652	2	834	33
652	2	1565	13
653	2	261	26
653	2	782	33
653	2	1617	13
654	2	261	26
655	2	261	26
655	2	1356	33
655	2	1722	13
656	2	261	26
656	2	939	33
656	2	1669	13
657	2	261	26
657	2	678	33
658	2	261	26
658	2	782	33
658	2	1148	13
659	2	261	26
659	2	1617	33
660	2	261	26
661	2	261	26
661	2	626	33
661	2	1148	13
662	2	261	26
662	2	1148	33
662	2	1565	13
663	2	261	26
663	2	1669	33
664	2	261	26
664	2	626	33
664	2	1148	13
665	2	261	26
665	2	521	33
665	2	1148	13
666	2	261	26
666	2	521	33
666	2	1148	13
667	2	261	26
667	2	626	33
668	2	261	26
668	2	1617	33
669	2	261	26
669	2	1408	33
670	2	261	26
670	2	1461	33
671	2	261	26
672	2	261	26
673	2	261	26
673	2	1669	33
674	2	261	26
674	2	1095	33
674	2	1565	13
675	2	261	26
675	2	1304	33
675	2	1669	13
676	2	261	26
676	2	574	33
676	2	1148	13
677	2	261	26
677	2	1148	33
677	2	1565	13
678	2	261	26
678	2	626	33
678	2	1565	13
679	2	261	26
680	2	261	26
680	2	1304	33
680	2	1617	13
681	2	261	26
682	2	261	26
682	2	678	33
683	2	261	26
684	2	261	26
684	2	1252	33
684	2	1669	13
685	2	261	26
685	2	834	33
686	2	261	26
686	2	730	33
687	2	261	26
688	2	261	26
689	2	261	26
689	2	1617	33
690	2	261	26
690	2	834	33
691	2	261	26
691	2	626	33
691	2	1148	13
692	2	261	26
692	2	834	33
692	2	1200	13
693	2	261	26
693	2	887	33
693	2	1356	13
694	2	261	26
694	2	782	33
694	2	1513	13
695	2	261	26
695	2	521	33
695	2	1148	13
696	2	261	26
697	2	261	26
697	2	626	33
697	2	1148	13
698	2	261	26
699	2	261	26
699	2	939	33
699	2	1722	13
700	2	261	26
700	2	782	33
701	2	261	26
701	2	1252	33
701	2	1617	13
702	2	261	26
702	2	939	33
703	2	261	26
703	2	574	33
703	2	1148	13
704	2	261	26
705	2	261	26
705	2	1617	33
706	2	261	26
706	2	521	33
706	2	1148	13
707	2	261	26
707	2	678	33
708	2	261	26
708	2	1461	33
709	2	261	26
709	2	730	33
709	2	1200	13
710	2	261	26
710	2	678	33
710	2	1148	13
711	2	261	26
711	2	1461	33
712	2	261	26
712	2	1408	33
713	2	261	26
714	2	261	26
714	2	521	33
714	2	1148	13
715	2	261	26
715	2	1408	33
716	2	261	26
716	2	521	33
716	2	1148	13
717	2	261	26
717	2	1304	33
717	2	1617	13
718	2	261	26
718	2	626	33
718	2	1148	13
719	2	261	26
720	2	261	26
721	2	261	26
721	2	1043	33
721	2	1617	13
722	2	261	26
722	2	521	33
722	2	1148	13
723	2	261	26
724	2	261	26
725	2	261	26
725	2	730	33
725	2	1252	13
726	2	261	26
726	2	991	33
726	2	1304	13
727	2	261	26
728	2	261	26
729	2	261	26
729	2	678	33
730	2	261	26
730	2	1252	33
731	2	261	26
731	2	521	33
731	2	1148	13
732	2	261	26
732	2	782	33
733	2	261	26
733	2	626	33
733	2	1148	13
734	2	261	26
734	2	574	33
734	2	1148	13
735	2	261	26
736	2	261	26
737	2	261	26
737	2	626	33
737	2	1148	13
738	2	261	26
738	2	730	33
738	2	1200	13
739	2	261	26
739	2	1513	33
740	2	261	26
741	2	261	26
741	2	834	33
742	2	261	26
742	2	521	33
742	2	1148	13
743	2	261	26
743	2	521	33
743	2	1148	13
744	2	261	26
744	2	1513	33
745	2	261	26
746	2	261	26
747	2	261	26
747	2	939	33
748	2	261	26
749	2	261	26
750	2	261	26
750	2	782	33
751	2	261	26
752	2	261	26
752	2	1252	33
752	2	1722	13
753	2	261	26
753	2	521	33
753	2	1148	13
754	2	261	26
754	2	574	33
754	2	1148	13
755	2	261	26
755	2	574	33
755	2	1148	13
756	2	261	26
756	2	574	33
756	2	1148	13
757	2	261	26
758	2	261	26
758	2	521	33
758	2	1148	13
759	2	261	26
760	2	261	26
760	2	939	33
761	2	261	26
761	2	1617	33
762	2	261	26
762	2	834	33
762	2	1617	13
763	2	261	26
763	2	1669	33
764	2	261	26
764	2	939	33
765	2	261	26
765	2	521	33
765	2	1148	13
766	2	261	26
766	2	678	33
767	2	261	26
767	2	1617	33
768	2	261	26
769	2	261	26
770	2	261	26
771	2	261	26
771	2	1617	33
772	2	261	26
773	2	261	26
774	2	261	26
774	2	521	33
774	2	1148	13
775	2	261	26
776	2	261	26
776	2	521	33
776	2	1148	13
777	2	261	26
778	2	261	26
778	2	678	33
779	2	261	26
780	2	261	26
780	2	782	33
781	2	261	26
781	2	782	33
781	2	1304	13
782	2	261	26
782	2	887	33
783	2	261	26
784	2	261	26
784	2	574	33
784	2	1148	13
785	2	261	26
785	2	782	33
786	2	261	26
787	2	261	26
788	2	261	26
788	2	678	33
788	2	1565	13
789	2	261	26
789	2	1408	33
790	2	261	26
790	2	1617	33
791	2	261	26
792	2	261	26
792	2	730	33
793	2	261	26
793	2	521	33
793	2	1148	13
794	2	261	26
794	2	521	33
794	2	1982	13
795	2	261	26
796	2	261	26
797	2	261	26
797	2	574	33
797	2	2295	13
798	2	261	26
799	2	261	26
800	2	261	26
801	2	261	26
802	2	261	26
802	2	834	33
802	2	1565	13
803	2	261	26
803	2	782	33
803	2	1408	13
804	2	261	26
804	2	782	33
805	2	261	26
806	2	261	26
807	2	261	26
807	2	521	33
807	2	1148	13
808	2	261	26
809	2	261	26
810	2	261	26
810	2	521	33
810	2	1148	13
811	2	261	26
811	2	521	33
811	2	1148	13
812	2	261	26
812	2	574	33
812	2	1148	13
813	2	261	26
813	2	834	33
814	2	261	26
814	2	939	33
815	2	261	26
815	2	521	33
816	2	261	26
816	2	1513	33
817	2	261	26
818	2	261	26
818	2	887	33
818	2	1617	13
819	2	261	26
820	2	261	26
821	2	261	26
821	2	1669	33
822	2	261	26
822	2	521	33
822	2	1148	13
823	2	261	26
823	2	521	33
823	2	1148	13
824	2	261	26
824	2	1304	33
824	2	1722	13
825	2	261	26
825	2	1304	33
826	2	261	26
826	2	1408	33
827	2	261	26
828	2	261	26
829	2	261	26
830	2	261	26
831	2	261	26
831	2	730	33
831	2	1148	13
832	2	261	26
832	2	626	33
832	2	1148	13
833	2	261	26
833	2	1722	33
834	2	261	26
834	2	626	33
834	2	1148	13
835	2	261	26
835	2	887	33
836	2	261	26
837	2	261	26
838	2	261	26
838	2	574	33
838	2	1148	13
839	2	261	26
840	2	261	26
840	2	521	33
840	2	1148	13
841	2	261	26
841	2	730	33
842	2	261	26
842	2	1252	33
842	2	1722	13
843	2	261	26
843	2	521	33
843	2	1148	13
844	2	261	26
845	2	261	26
846	2	261	26
847	2	261	26
847	2	1669	33
848	2	261	26
848	2	521	33
848	2	1148	13
849	2	261	26
850	2	261	26
850	2	626	33
850	2	1148	13
851	2	261	26
852	2	261	26
853	2	261	26
854	2	261	26
854	2	1356	33
855	2	261	26
855	2	782	33
856	2	261	26
856	2	939	33
857	2	261	26
858	2	261	26
858	2	991	33
858	2	1513	13
859	2	261	26
860	2	261	26
861	2	261	26
861	2	626	33
862	2	261	26
863	2	261	26
863	2	626	33
863	2	1148	13
864	2	261	26
864	2	521	33
864	2	1148	13
865	2	261	26
865	2	574	33
865	2	1252	13
866	2	261	26
866	2	521	33
866	2	1148	13
867	2	261	26
867	2	1669	33
868	2	261	26
868	2	678	33
868	2	1722	13
869	2	261	26
869	2	1252	33
869	2	1617	13
870	2	261	26
870	2	1513	33
871	2	261	26
871	2	1565	33
872	2	261	26
873	2	261	26
873	2	521	33
873	2	1148	13
874	2	261	26
875	2	261	26
875	2	730	33
875	2	1356	13
876	2	261	26
876	2	574	33
877	2	261	26
877	2	521	33
877	2	1148	13
878	2	261	26
879	2	261	26
879	2	887	33
880	2	261	26
880	2	521	33
880	2	1148	13
881	2	261	26
882	2	261	26
883	2	261	26
884	2	261	26
884	2	626	33
884	2	2191	13
885	2	261	26
885	2	521	33
885	2	1148	13
886	2	261	26
887	2	261	26
887	2	834	33
888	2	261	26
889	2	261	26
890	2	261	26
891	2	261	26
891	2	626	33
891	2	1461	13
892	2	261	26
893	2	261	26
893	2	730	33
894	2	261	26
894	2	782	33
895	2	261	26
895	2	939	33
896	2	261	26
896	2	574	33
897	2	261	26
897	2	626	33
897	2	1148	13
898	2	261	26
898	2	626	33
898	2	1148	13
899	2	261	26
899	2	626	33
899	2	1148	13
900	2	261	26
900	2	1565	33
901	2	261	26
901	2	521	33
901	2	1148	13
902	2	261	26
902	2	1200	33
902	2	1513	13
903	2	261	26
903	2	626	33
903	2	1148	13
904	2	261	26
905	2	261	26
906	2	261	26
906	2	574	33
907	2	261	26
908	2	261	26
908	2	626	33
908	2	1148	13
909	2	261	26
910	2	261	26
910	2	1617	33
911	2	261	26
912	2	261	26
912	2	678	33
913	2	261	26
914	2	261	26
914	2	1148	33
914	2	1565	13
915	2	261	26
916	2	261	26
916	2	626	33
916	2	1148	13
917	2	261	26
917	2	991	33
918	2	261	26
918	2	1617	33
919	2	261	26
920	2	261	26
921	2	261	26
922	2	261	26
922	2	834	33
923	2	261	26
924	2	261	26
924	2	678	33
924	2	1148	13
925	2	261	26
925	2	574	33
926	2	261	26
926	2	730	33
926	2	1304	13
927	2	261	26
927	2	1304	33
927	2	1722	13
928	2	261	26
929	2	261	26
929	2	730	33
929	2	1356	13
930	2	261	26
931	2	261	26
931	2	574	33
931	2	1148	13
932	2	261	26
932	2	1722	33
933	2	261	26
933	2	1617	33
934	2	261	26
934	2	1565	33
935	2	261	26
935	2	626	33
935	2	1461	13
936	2	261	26
937	2	261	26
938	2	261	26
938	2	1513	33
939	2	261	26
940	2	261	26
940	2	887	33
940	2	1252	13
941	2	261	26
941	2	521	33
941	2	1148	13
942	2	261	26
942	2	521	33
942	2	1148	13
943	2	261	26
944	2	261	26
944	2	1461	33
945	2	261	26
946	2	261	26
946	2	1304	33
947	2	261	26
947	2	626	33
947	2	1148	13
948	2	261	26
948	2	521	33
948	2	1148	13
949	2	261	26
949	2	521	33
949	2	1148	13
950	2	261	26
950	2	521	33
950	2	1148	13
951	2	261	26
952	2	261	26
953	2	261	26
953	2	574	33
953	2	1148	13
954	2	261	26
954	2	521	33
954	2	1148	13
955	2	261	26
956	2	261	26
957	2	261	26
958	2	261	26
959	2	261	26
960	2	261	26
960	2	939	33
960	2	1617	13
961	2	261	26
961	2	834	33
961	2	1722	13
962	2	261	26
963	2	261	26
963	2	626	33
964	2	261	26
964	2	626	33
964	2	1148	13
965	2	261	26
965	2	1408	33
966	2	261	26
966	2	574	33
966	2	1148	13
967	2	261	26
968	2	261	26
968	2	834	33
969	2	261	26
969	2	939	33
969	2	1513	13
970	2	261	26
971	2	261	26
971	2	626	33
971	2	1148	13
972	2	261	26
972	2	521	33
972	2	1148	13
973	2	261	26
973	2	887	33
974	2	261	26
974	2	782	33
975	2	261	26
976	2	261	26
976	2	887	33
976	2	1356	13
977	2	261	26
978	2	261	26
978	2	626	33
978	2	1148	13
979	2	261	26
980	2	261	26
981	2	261	26
981	2	1200	33
981	2	1513	13
982	2	261	26
982	2	730	33
983	2	261	26
983	2	521	33
983	2	1148	13
984	2	261	26
984	2	1356	33
985	2	261	26
985	2	1461	33
986	2	261	26
987	2	261	26
988	2	261	26
988	2	730	33
989	2	261	26
989	2	521	33
989	2	2087	13
990	2	261	26
991	2	261	26
992	2	261	26
993	2	261	26
994	2	261	26
995	2	261	26
995	2	521	33
995	2	1148	13
996	2	261	26
997	2	261	26
998	2	261	26
998	2	782	33
998	2	1148	13
999	2	261	26
0	3	678	29
0	3	939	20
1	3	678	29
1	3	939	20
2	3	834	29
3	3	1356	29
3	3	1722	9
4	3	834	29
4	3	1148	9
4	3	1461	20
4	3	1982	12
4	3	2295	30
5	3	678	29
6	3	730	29
6	3	2035	9
7	3	939	29
7	3	1669	9
8	3	939	29
8	3	1304	9
8	3	1565	20
9	3	1461	29
10	3	574	29
10	3	834	20
12	3	939	29
13	3	939	29
14	3	521	29
14	3	782	20
15	3	574	29
16	3	678	29
16	3	1408	9
17	3	626	29
17	3	887	20
18	3	678	29
18	3	939	20
19	3	1774	29
20	3	730	29
20	3	1617	9
21	3	626	29
21	3	887	20
22	3	939	29
23	3	626	29
23	3	991	20
24	3	626	29
24	3	887	20
25	3	1565	29
26	3	939	29
27	3	678	29
27	3	1565	9
28	3	939	29
28	3	1356	9
28	3	1669	20
29	3	939	29
30	3	1461	29
31	3	834	29
32	3	1356	29
32	3	1669	9
33	3	939	29
34	3	939	29
34	3	1774	9
35	3	678	29
35	3	1878	9
36	3	782	29
36	3	1565	9
37	3	939	29
38	3	939	29
39	3	887	29
40	3	626	29
40	3	887	20
40	3	1722	9
40	3	2087	12
41	3	939	29
41	3	1565	9
41	3	2295	20
42	3	939	29
42	3	1722	9
43	3	730	29
43	3	1356	9
44	3	1565	29
45	3	782	29
45	3	1617	9
46	3	782	29
47	3	1356	29
48	3	1356	29
49	3	730	29
49	3	1200	9
50	3	1565	29
51	3	1513	29
52	3	939	29
53	3	782	29
53	3	1200	9
53	3	1513	20
55	3	887	29
56	3	1461	29
57	3	521	29
57	3	887	20
57	3	1617	9
58	3	834	29
58	3	1200	9
58	3	1565	20
59	3	574	29
59	3	887	20
60	3	939	29
61	3	834	29
62	3	626	29
62	3	1304	9
62	3	1982	20
63	3	939	29
63	3	1565	9
64	3	2087	29
65	3	678	29
66	3	1461	29
67	3	939	29
67	3	1461	9
67	3	1722	20
68	3	1513	29
69	3	939	29
70	3	730	29
71	3	1513	29
72	3	2087	29
73	3	1565	29
74	3	939	29
75	3	678	29
75	3	939	20
76	3	1513	29
77	3	1461	29
78	3	1408	29
79	3	939	29
80	3	678	29
81	3	678	29
82	3	834	29
83	3	939	29
84	3	834	29
84	3	2295	9
85	3	1565	29
86	3	939	29
87	3	678	29
87	3	939	20
87	3	1722	9
87	3	2243	12
88	3	939	29
88	3	1408	9
89	3	939	29
90	3	1461	29
91	3	939	29
92	3	678	29
92	3	939	20
93	3	1408	29
94	3	1565	29
95	3	939	29
96	3	939	29
96	3	2295	9
97	3	1356	29
98	3	1565	29
99	3	939	29
100	3	1356	29
101	3	939	29
102	3	887	29
102	3	2295	9
103	3	939	29
104	3	678	29
104	3	1461	9
105	3	2295	29
106	3	939	29
106	3	1356	9
106	3	1617	20
107	3	626	29
107	3	887	20
108	3	730	29
109	3	1356	29
110	3	678	29
110	3	1356	9
111	3	939	29
112	3	939	29
113	3	678	29
113	3	939	20
114	3	939	29
115	3	1513	29
116	3	1513	29
117	3	1513	29
118	3	1356	29
119	3	1408	29
119	3	2087	9
120	3	939	29
121	3	1461	29
122	3	678	29
122	3	939	20
122	3	1722	9
123	3	1878	29
124	3	730	29
124	3	991	20
125	3	782	29
125	3	1304	9
125	3	1617	20
126	3	626	29
126	3	887	20
127	3	678	29
127	3	1356	9
128	3	626	29
128	3	887	20
129	3	939	29
130	3	834	29
131	3	782	29
131	3	1356	9
131	3	1722	20
132	3	626	29
132	3	887	20
133	3	887	29
134	3	939	29
135	3	730	29
135	3	991	20
136	3	574	29
136	3	834	20
136	3	1148	9
136	3	1408	12
136	3	1722	30
137	3	939	29
138	3	678	29
138	3	939	20
138	3	1826	9
139	3	730	29
139	3	991	20
139	3	1356	9
139	3	1722	12
139	3	2035	30
140	3	1617	29
141	3	574	29
141	3	939	20
141	3	1461	9
141	3	1722	12
142	3	939	29
143	3	1461	29
145	3	1356	29
146	3	782	29
146	3	1617	9
147	3	939	29
147	3	1669	9
148	3	1461	29
149	3	678	29
149	3	939	20
149	3	1722	9
150	3	678	29
150	3	1774	9
151	3	939	29
152	3	834	29
152	3	1408	9
152	3	1722	20
153	3	939	29
154	3	626	29
154	3	1095	20
154	3	1722	9
155	3	574	29
155	3	834	20
155	3	2035	9
156	3	574	29
156	3	939	20
156	3	2243	9
158	3	678	29
158	3	1408	9
159	3	626	29
159	3	887	20
159	3	1930	9
160	3	939	29
160	3	1722	9
161	3	1565	29
162	3	939	29
162	3	1565	9
163	3	1356	29
164	3	521	29
164	3	2087	9
165	3	782	29
165	3	1356	9
165	3	1617	20
166	3	1722	29
167	3	1408	29
169	3	678	29
169	3	939	20
170	3	626	29
170	3	887	20
171	3	939	29
172	3	939	29
172	3	1722	9
173	3	1461	29
174	3	939	29
174	3	1826	9
175	3	887	29
175	3	1513	9
175	3	1774	20
176	3	574	29
177	3	1669	29
178	3	2191	29
179	3	782	29
179	3	1356	9
180	3	1356	29
181	3	574	29
181	3	887	20
182	3	939	29
183	3	626	29
183	3	1617	9
184	3	939	29
185	3	834	29
185	3	1304	9
185	3	1565	20
186	3	2295	29
187	3	939	29
188	3	939	29
189	3	939	29
189	3	1461	9
189	3	1878	20
190	3	939	29
191	3	730	29
192	3	834	29
192	3	1408	9
193	3	730	29
193	3	1878	9
193	3	2191	20
194	3	782	29
196	3	574	29
196	3	834	20
196	3	1356	9
196	3	1722	12
196	3	2035	30
198	3	782	29
198	3	1461	9
199	3	574	29
199	3	887	20
200	3	1356	29
201	3	1617	29
202	3	939	29
203	3	939	29
204	3	887	29
204	3	1565	9
205	3	1408	29
206	3	574	29
206	3	834	20
206	3	1148	9
206	3	1408	12
206	3	1722	30
207	3	678	29
207	3	1774	9
207	3	2191	20
208	3	574	29
208	3	1461	9
209	3	2243	29
210	3	887	29
211	3	1565	29
212	3	939	29
212	3	1722	9
213	3	1565	29
214	3	939	29
215	3	1408	29
216	3	939	29
217	3	1356	29
218	3	939	29
218	3	1513	9
219	3	2191	29
220	3	1461	29
221	3	939	29
222	3	1304	29
223	3	939	29
224	3	939	29
224	3	2295	9
225	3	626	29
225	3	887	20
225	3	1669	9
226	3	521	29
226	3	1200	9
226	3	1513	20
227	3	939	29
228	3	678	29
228	3	991	20
228	3	1722	9
229	3	939	29
229	3	1565	9
230	3	521	29
230	3	834	20
231	3	574	29
231	3	834	20
232	3	626	29
232	3	991	20
233	3	1461	29
235	3	1513	29
236	3	939	29
237	3	939	29
238	3	939	29
239	3	1513	29
240	3	626	29
240	3	991	20
240	3	1878	9
240	3	2243	12
241	3	939	29
241	3	1408	9
242	3	939	29
242	3	1408	9
243	3	678	29
243	3	939	20
243	3	1722	9
243	3	2295	12
244	3	521	29
244	3	887	20
245	3	1461	29
246	3	2139	29
247	3	1826	29
248	3	574	29
248	3	834	20
249	3	678	29
249	3	939	20
250	3	678	29
250	3	939	20
250	3	1461	9
250	3	2243	12
251	3	939	29
251	3	2035	9
252	3	1356	29
253	3	939	29
254	3	2087	29
255	3	939	29
256	3	939	29
256	3	1774	9
257	3	1461	29
258	3	678	29
258	3	939	20
259	3	626	29
259	3	939	20
260	3	730	29
262	3	939	29
262	3	1513	9
263	3	939	29
264	3	730	29
265	3	678	29
266	3	626	29
266	3	2139	9
267	3	678	29
267	3	939	20
268	3	939	29
268	3	1722	9
269	3	730	29
269	3	1252	9
270	3	939	29
271	3	834	29
271	3	1461	9
271	3	1774	20
272	3	626	29
272	3	991	20
272	3	1408	9
272	3	1669	12
272	3	1982	30
273	3	2295	29
274	3	1304	29
275	3	1513	29
276	3	2243	29
277	3	939	29
278	3	1513	29
279	3	1356	29
280	3	939	29
282	3	1513	29
283	3	1356	29
284	3	626	29
284	3	887	20
284	3	1461	9
285	3	1356	29
285	3	1722	9
286	3	574	29
286	3	887	20
286	3	1722	9
286	3	2035	12
287	3	1356	29
288	3	834	29
289	3	469	29
291	3	939	29
292	3	1513	29
293	3	574	29
293	3	834	20
293	3	1408	9
294	3	626	29
295	3	939	29
296	3	574	29
296	3	1722	9
297	3	1304	29
298	3	939	29
299	3	626	29
299	3	887	20
300	3	939	29
301	3	574	29
301	3	834	20
302	3	678	29
302	3	1774	9
303	3	626	29
303	3	887	20
303	3	1565	9
303	3	2139	12
304	3	574	29
304	3	939	20
306	3	730	29
306	3	991	20
307	3	939	29
308	3	939	29
309	3	574	29
309	3	887	20
309	3	1513	9
309	3	2035	12
310	3	834	29
310	3	1252	9
310	3	1565	20
311	3	939	29
312	3	939	29
313	3	939	29
314	3	1408	29
315	3	939	29
315	3	1461	9
315	3	2191	20
316	3	2191	29
317	3	1408	29
318	3	1513	29
319	3	1461	29
320	3	1461	29
321	3	678	29
321	3	939	20
322	3	574	29
322	3	2087	9
323	3	1774	29
324	3	1461	29
325	3	1408	29
326	3	626	29
326	3	887	20
327	3	1304	29
327	3	1722	9
328	3	939	29
329	3	1461	29
330	3	939	29
330	3	1408	9
330	3	1669	20
331	3	730	29
332	3	782	29
332	3	1356	9
332	3	1669	20
333	3	626	29
333	3	887	20
333	3	2139	9
334	3	1408	29
335	3	626	29
335	3	887	20
336	3	730	29
336	3	1826	9
337	3	939	29
338	3	939	29
339	3	730	29
340	3	1356	29
341	3	1356	29
341	3	1669	9
342	3	574	29
342	3	1043	20
342	3	1722	9
343	3	626	29
343	3	887	20
344	3	2139	29
345	3	939	29
345	3	1408	9
345	3	1722	20
346	3	834	29
346	3	1200	9
346	3	1513	20
347	3	782	29
347	3	1722	9
348	3	678	29
348	3	939	20
349	3	626	29
349	3	991	20
349	3	1408	9
349	3	1722	12
350	3	2191	29
351	3	834	29
352	3	834	29
352	3	1513	9
353	3	730	29
354	3	521	29
354	3	782	20
354	3	1408	9
354	3	1669	12
355	3	782	29
356	3	939	29
357	3	782	29
358	3	939	29
358	3	1982	9
360	3	939	29
361	3	939	29
361	3	1826	9
362	3	1356	29
364	3	678	29
364	3	939	20
365	3	1513	29
366	3	939	29
366	3	1722	9
367	3	678	29
367	3	2191	9
368	3	626	29
368	3	887	20
368	3	1408	9
369	3	730	29
369	3	1252	9
369	3	1565	20
370	3	939	29
371	3	574	29
372	3	939	29
373	3	939	29
374	3	1513	29
375	3	1461	29
376	3	939	29
377	3	1408	29
378	3	939	29
379	3	939	29
379	3	1565	9
380	3	939	29
381	3	834	29
382	3	782	29
383	3	1461	29
384	3	678	29
385	3	939	29
386	3	730	29
387	3	834	29
387	3	1200	9
387	3	1461	20
388	3	2191	29
389	3	678	29
389	3	939	20
390	3	626	29
390	3	887	20
391	3	678	29
391	3	1565	9
391	3	2295	20
392	3	939	29
393	3	574	29
393	3	834	20
394	3	939	29
395	3	939	29
396	3	626	29
396	3	887	20
396	3	1304	9
396	3	1565	12
397	3	1408	29
397	3	2087	9
398	3	939	29
399	3	574	29
399	3	939	20
400	3	887	29
401	3	2243	29
402	3	939	29
402	3	1565	9
403	3	1304	29
404	3	939	29
405	3	939	29
406	3	626	29
406	3	1408	9
407	3	1304	29
409	3	939	29
410	3	939	29
411	3	521	29
411	3	887	20
411	3	1408	9
411	3	1722	12
412	3	678	29
412	3	939	20
412	3	1356	9
412	3	1617	12
412	3	1930	30
413	3	626	29
413	3	887	20
413	3	1148	9
413	3	1461	12
413	3	1774	30
414	3	782	29
414	3	1513	9
414	3	2035	20
415	3	730	29
415	3	1513	9
415	3	2139	20
416	3	1408	29
417	3	730	29
417	3	1878	9
418	3	782	29
418	3	1095	20
418	3	1513	9
419	3	521	29
419	3	1356	9
419	3	1722	20
420	3	939	29
421	3	2191	29
422	3	939	29
423	3	939	29
423	3	1565	9
423	3	2295	20
424	3	626	29
424	3	887	20
424	3	1408	9
424	3	1669	12
424	3	1982	30
425	3	939	29
426	3	939	29
426	3	1774	9
426	3	2295	20
427	3	2191	29
428	3	678	29
429	3	939	29
429	3	1408	9
430	3	626	29
431	3	626	29
431	3	887	20
432	3	887	29
432	3	1252	9
432	3	1513	20
433	3	939	29
433	3	2087	9
434	3	834	29
434	3	1148	9
434	3	1461	20
434	3	1982	12
434	3	2295	30
435	3	521	29
435	3	887	20
436	3	678	29
436	3	991	20
436	3	1617	9
437	3	678	29
437	3	2295	9
438	3	939	29
438	3	1408	9
439	3	939	29
440	3	782	29
441	3	1617	29
442	3	939	29
442	3	2087	9
443	3	939	29
444	3	1565	29
445	3	626	29
445	3	887	20
445	3	2295	9
446	3	939	29
447	3	1513	29
448	3	939	29
449	3	2191	29
450	3	2295	29
451	3	939	29
451	3	1461	9
451	3	1826	20
452	3	887	29
453	3	626	29
453	3	887	20
453	3	1461	9
454	3	1408	29
455	3	1356	29
455	3	2295	9
456	3	1461	29
457	3	939	29
458	3	1356	29
459	3	939	29
460	3	626	29
461	3	626	29
461	3	991	20
462	3	939	29
463	3	782	29
463	3	1200	9
463	3	1565	20
464	3	939	29
465	3	678	29
466	3	678	29
466	3	939	20
467	3	626	29
467	3	939	20
468	3	626	29
468	3	887	20
469	3	574	29
469	3	834	20
469	3	2087	9
470	3	1304	29
471	3	939	29
472	3	574	29
473	3	939	29
473	3	1878	9
474	3	730	29
474	3	991	20
475	3	939	29
476	3	1356	29
477	3	939	29
478	3	939	29
480	3	939	29
481	3	782	29
481	3	1200	9
481	3	1461	20
481	3	1722	12
482	3	887	29
483	3	1669	29
484	3	2243	29
485	3	1408	29
486	3	1461	29
487	3	730	29
487	3	991	20
488	3	1461	29
489	3	626	29
489	3	887	20
489	3	1669	9
490	3	939	29
490	3	1408	9
490	3	1722	20
490	3	2295	12
491	3	782	29
492	3	939	29
492	3	1722	9
492	3	2087	20
493	3	939	29
494	3	730	29
495	3	939	29
495	3	1461	9
496	3	939	29
496	3	1356	9
496	3	1669	20
497	3	678	29
497	3	939	20
498	3	782	29
499	3	782	29
500	3	626	29
500	3	887	20
500	3	1408	9
500	3	1722	12
501	3	1408	29
502	3	939	29
503	3	626	29
503	3	887	20
503	3	1304	9
503	3	1565	12
503	3	1878	30
504	3	1565	29
505	3	1408	29
506	3	939	29
507	3	1565	29
508	3	730	29
508	3	991	20
508	3	1878	9
508	3	2243	12
510	3	2191	29
512	3	939	29
512	3	1513	9
512	3	2295	20
513	3	939	29
514	3	887	29
515	3	626	29
515	3	887	20
515	3	2139	9
516	3	1461	29
517	3	1461	29
518	3	939	29
519	3	782	29
519	3	1408	9
519	3	1722	20
520	3	939	29
521	3	626	29
521	3	939	20
522	3	939	29
522	3	1461	9
523	3	782	29
523	3	1826	9
524	3	2243	29
525	3	782	29
525	3	1148	9
525	3	1408	20
526	3	1304	29
527	3	678	29
527	3	939	20
528	3	626	29
528	3	887	20
529	3	678	29
529	3	939	20
529	3	1408	9
529	3	1722	12
530	3	1408	29
531	3	1304	29
531	3	1617	9
532	3	939	29
533	3	2191	29
534	3	678	29
534	3	939	20
534	3	1565	9
535	3	1513	29
536	3	1356	29
537	3	939	29
537	3	1669	9
538	3	574	29
538	3	887	20
539	3	626	29
539	3	887	20
540	3	1408	29
541	3	678	29
541	3	2035	9
542	3	939	29
543	3	1356	29
543	3	1774	9
544	3	678	29
544	3	1252	9
544	3	1513	20
544	3	2139	12
545	3	939	29
546	3	1408	29
547	3	939	29
547	3	1356	9
547	3	1617	20
548	3	1408	29
549	3	1461	29
550	3	730	29
550	3	991	20
550	3	1513	9
550	3	2295	12
551	3	626	29
551	3	939	20
551	3	1461	9
552	3	1461	29
553	3	939	29
554	3	574	29
554	3	834	20
555	3	574	29
555	3	834	20
555	3	1200	9
555	3	1461	12
555	3	1774	30
556	3	939	29
556	3	1408	9
556	3	1722	20
557	3	1356	29
558	3	469	29
559	3	939	29
559	3	1617	9
560	3	1461	29
561	3	939	29
562	3	939	29
563	3	939	29
563	3	1408	9
564	3	1461	29
565	3	782	29
565	3	1043	20
565	3	1513	9
565	3	1930	12
565	3	2243	30
566	3	730	29
567	3	834	29
568	3	574	29
568	3	834	20
568	3	1669	9
569	3	939	29
570	3	1461	29
571	3	574	29
571	3	834	20
572	3	1513	29
573	3	2243	29
574	3	939	29
575	3	574	29
575	3	834	20
575	3	1356	9
575	3	1669	12
576	3	1356	29
577	3	678	29
577	3	939	20
578	3	939	29
579	3	939	29
580	3	1826	29
581	3	939	29
581	3	1774	9
582	3	939	29
583	3	730	29
583	3	991	20
583	3	1356	9
583	3	1774	12
584	3	574	29
585	3	626	29
585	3	887	20
585	3	1304	9
585	3	1565	12
585	3	1878	30
586	3	939	29
586	3	1408	9
586	3	1722	20
587	3	521	29
587	3	834	20
587	3	1461	9
587	3	1722	12
588	3	939	29
589	3	678	29
589	3	1408	9
590	3	730	29
590	3	1565	9
591	3	1513	29
593	3	939	29
594	3	939	29
594	3	2295	9
595	3	626	29
595	3	1095	20
595	3	1461	9
596	3	939	29
596	3	1565	9
597	3	939	29
598	3	574	29
598	3	834	20
599	3	626	29
599	3	887	20
600	3	1461	29
601	3	782	29
602	3	1461	29
603	3	939	29
604	3	939	29
604	3	1878	9
604	3	2295	20
605	3	939	29
606	3	939	29
606	3	1513	9
607	3	626	29
607	3	1408	9
607	3	2243	20
608	3	887	29
610	3	2295	29
611	3	939	29
612	3	1304	29
613	3	1304	29
614	3	1356	29
615	3	939	29
616	3	939	29
617	3	1356	29
618	3	2139	29
619	3	939	29
620	3	730	29
621	3	939	29
621	3	1565	9
622	3	574	29
622	3	834	20
623	3	939	29
624	3	678	29
625	3	1408	29
625	3	1722	9
626	3	939	29
626	3	1356	9
626	3	1722	20
627	3	939	29
627	3	1878	9
628	3	939	29
629	3	939	29
630	3	939	29
631	3	939	29
631	3	1513	9
631	3	1930	20
632	3	626	29
632	3	887	20
633	3	1565	29
634	3	1408	29
635	3	1513	29
636	3	2243	29
637	3	939	29
638	3	1304	29
639	3	678	29
639	3	1200	9
639	3	1513	20
640	3	939	29
641	3	939	29
642	3	1356	29
643	3	2295	29
644	3	887	29
645	3	939	29
645	3	1669	9
646	3	678	29
646	3	991	20
647	3	1408	29
648	3	939	29
649	3	730	29
649	3	1565	9
650	3	1513	29
651	3	678	29
652	3	939	29
652	3	1722	9
653	3	939	29
653	3	1617	9
654	3	939	29
655	3	939	29
655	3	2191	9
656	3	939	29
657	3	834	29
658	3	887	29
658	3	1356	9
658	3	1669	20
659	3	1356	29
660	3	939	29
661	3	678	29
661	3	1669	9
662	3	887	29
662	3	1461	9
663	3	939	29
664	3	678	29
664	3	1148	9
664	3	1513	20
664	3	2087	12
665	3	678	29
666	3	678	29
666	3	939	20
667	3	730	29
668	3	939	29
668	3	2139	9
669	3	939	29
669	3	1878	9
670	3	939	29
670	3	2139	9
671	3	939	29
672	3	939	29
673	3	939	29
674	3	939	29
674	3	1513	9
675	3	939	29
675	3	1722	9
676	3	626	29
676	3	887	20
676	3	2295	9
677	3	939	29
677	3	1513	9
677	3	1774	20
678	3	626	29
679	3	1356	29
680	3	939	29
680	3	1722	9
681	3	939	29
682	3	678	29
683	3	1356	29
684	3	939	29
684	3	1461	9
685	3	730	29
686	3	730	29
687	3	1461	29
688	3	1408	29
689	3	1356	29
690	3	939	29
691	3	730	29
691	3	1304	9
691	3	1565	20
692	3	939	29
692	3	1200	9
692	3	1461	20
693	3	887	29
693	3	1408	9
693	3	1774	20
694	3	939	29
695	3	574	29
695	3	834	20
696	3	939	29
697	3	574	29
697	3	1461	9
698	3	1513	29
699	3	939	29
700	3	939	29
701	3	939	29
701	3	1617	9
702	3	939	29
703	3	521	29
703	3	1408	9
704	3	1930	29
705	3	939	29
705	3	2087	9
706	3	574	29
706	3	887	20
707	3	782	29
708	3	1304	29
709	3	887	29
709	3	1461	9
710	3	939	29
710	3	1200	9
710	3	1461	20
711	3	1304	29
711	3	2139	9
712	3	939	29
713	3	1408	29
714	3	678	29
714	3	939	20
715	3	939	29
716	3	626	29
716	3	887	20
716	3	1617	9
717	3	939	29
717	3	1513	9
717	3	1826	20
718	3	678	29
718	3	939	20
718	3	2295	9
719	3	939	29
720	3	2139	29
721	3	939	29
721	3	1774	9
722	3	521	29
722	3	887	20
722	3	1356	9
722	3	1722	12
723	3	469	29
724	3	939	29
725	3	834	29
725	3	1617	9
726	3	939	29
726	3	1356	9
726	3	1722	20
727	3	1304	29
728	3	1826	29
729	3	730	29
730	3	939	29
731	3	626	29
731	3	887	20
732	3	887	29
733	3	626	29
733	3	1356	9
734	3	521	29
734	3	1774	9
734	3	2035	20
735	3	2191	29
736	3	939	29
737	3	678	29
737	3	1513	9
737	3	1982	20
737	3	2295	12
738	3	730	29
738	3	1200	9
738	3	1513	20
738	3	2087	12
739	3	1356	29
741	3	887	29
742	3	678	29
742	3	939	20
742	3	1774	9
742	3	2035	12
743	3	626	29
743	3	887	20
744	3	1356	29
744	3	2139	9
745	3	939	29
746	3	1461	29
747	3	939	29
748	3	2139	29
749	3	1513	29
750	3	678	29
751	3	939	29
752	3	939	29
752	3	1565	9
753	3	782	29
753	3	1043	20
753	3	1774	9
753	3	2087	12
754	3	626	29
754	3	1356	9
755	3	626	29
755	3	887	20
756	3	626	29
756	3	991	20
756	3	1774	9
757	3	1461	29
758	3	626	29
758	3	887	20
759	3	1461	29
760	3	939	29
761	3	939	29
762	3	939	29
763	3	1356	29
763	3	2191	9
764	3	939	29
765	3	626	29
765	3	887	20
766	3	834	29
767	3	1356	29
768	3	1513	29
769	3	939	29
770	3	2139	29
771	3	1356	29
772	3	939	29
773	3	1513	29
774	3	574	29
774	3	991	20
775	3	939	29
776	3	574	29
776	3	834	20
776	3	1826	9
776	3	2087	12
777	3	2191	29
778	3	730	29
779	3	1304	29
780	3	939	29
781	3	834	29
781	3	1461	9
781	3	2087	20
782	3	939	29
783	3	1461	29
784	3	730	29
784	3	991	20
785	3	782	29
786	3	939	29
787	3	1461	29
788	3	782	29
789	3	1408	29
789	3	1774	9
790	3	939	29
791	3	1408	29
792	3	887	29
793	3	626	29
793	3	887	20
793	3	2295	9
794	3	574	29
794	3	834	20
795	3	1356	29
796	3	1461	29
797	3	834	29
798	3	939	29
798	3	2295	9
800	3	1408	29
801	3	1461	29
802	3	887	29
803	3	939	29
803	3	1513	9
803	3	2191	20
804	3	782	29
804	3	2295	9
806	3	1461	29
807	3	678	29
807	3	939	20
807	3	1408	9
807	3	1669	12
808	3	2191	29
809	3	1669	29
810	3	730	29
810	3	991	20
811	3	574	29
811	3	834	20
811	3	2295	9
812	3	678	29
812	3	939	20
812	3	1878	9
813	3	939	29
814	3	939	29
815	3	574	29
815	3	939	20
816	3	1304	29
817	3	2243	29
818	3	939	29
818	3	1774	9
818	3	2295	20
819	3	1513	29
820	3	939	29
821	3	1356	29
822	3	574	29
822	3	887	20
823	3	678	29
823	3	939	20
823	3	1722	9
823	3	2243	12
824	3	939	29
824	3	2295	9
825	3	939	29
825	3	1722	9
826	3	939	29
826	3	1774	9
827	3	939	29
828	3	1461	29
829	3	2191	29
830	3	939	29
831	3	574	29
831	3	1200	9
831	3	1461	20
831	3	1878	12
831	3	2191	30
832	3	730	29
832	3	1095	20
832	3	1617	9
832	3	2035	12
833	3	1356	29
834	3	730	29
834	3	1148	9
834	3	1565	20
834	3	2295	12
835	3	939	29
836	3	2243	29
837	3	1304	29
838	3	574	29
838	3	1252	9
838	3	1930	20
839	3	1513	29
840	3	574	29
840	3	834	20
840	3	1356	9
840	3	1722	12
841	3	782	29
842	3	939	29
842	3	1774	9
843	3	678	29
843	3	939	20
843	3	1408	9
843	3	1774	12
843	3	2087	30
844	3	1356	29
845	3	1408	29
846	3	1513	29
847	3	1408	29
847	3	2191	9
848	3	521	29
848	3	834	20
849	3	1461	29
850	3	574	29
850	3	1095	20
850	3	1461	9
850	3	1722	12
851	3	2243	29
852	3	939	29
853	3	1408	29
854	3	1356	29
854	3	1617	9
855	3	730	29
856	3	730	29
857	3	1408	29
858	3	939	29
858	3	1617	9
859	3	939	29
860	3	1565	29
861	3	782	29
862	3	1513	29
863	3	626	29
863	3	1200	9
863	3	1513	20
864	3	574	29
864	3	939	20
864	3	1513	9
864	3	2087	12
865	3	626	29
866	3	626	29
866	3	887	20
867	3	939	29
868	3	782	29
869	3	939	29
869	3	1565	9
870	3	1461	29
871	3	1356	29
873	3	678	29
873	3	939	20
873	3	1669	9
875	3	782	29
876	3	730	29
877	3	574	29
877	3	834	20
877	3	1304	9
877	3	1565	12
878	3	1356	29
879	3	834	29
880	3	678	29
880	3	939	20
881	3	939	29
882	3	1461	29
883	3	1565	29
884	3	782	29
885	3	730	29
885	3	991	20
885	3	1565	9
886	3	939	29
887	3	939	29
888	3	939	29
889	3	1461	29
890	3	1461	29
891	3	678	29
892	3	1513	29
893	3	782	29
894	3	887	29
895	3	782	29
896	3	678	29
897	3	678	29
897	3	1304	9
898	3	521	29
898	3	1252	9
898	3	1565	20
899	3	626	29
899	3	1200	9
899	3	1513	20
900	3	939	29
901	3	626	29
901	3	887	20
902	3	939	29
902	3	1461	9
903	3	469	29
903	3	1461	9
903	3	2035	20
905	3	1356	29
906	3	678	29
906	3	939	20
907	3	2035	29
908	3	782	29
909	3	1982	29
910	3	1304	29
911	3	939	29
912	3	834	29
913	3	1461	29
914	3	939	29
914	3	1513	9
915	3	1408	29
916	3	678	29
916	3	1252	9
916	3	1565	20
917	3	834	29
918	3	1408	29
919	3	1356	29
920	3	939	29
921	3	939	29
922	3	939	29
923	3	1356	29
924	3	887	29
924	3	1200	9
924	3	1461	20
925	3	678	29
926	3	887	29
926	3	1461	9
926	3	1930	20
927	3	939	29
927	3	1722	9
929	3	730	29
929	3	1513	9
930	3	939	29
931	3	626	29
931	3	939	20
931	3	1408	9
931	3	1669	12
932	3	1304	29
932	3	1982	9
933	3	1408	29
934	3	939	29
935	3	678	29
936	3	939	29
937	3	939	29
938	3	939	29
939	3	1408	29
940	3	521	29
940	3	1408	9
940	3	2035	20
941	3	678	29
941	3	939	20
941	3	1774	9
942	3	574	29
942	3	887	20
942	3	1722	9
943	3	939	29
944	3	939	29
945	3	1461	29
946	3	939	29
947	3	730	29
947	3	1043	20
947	3	1513	9
948	3	730	29
949	3	521	29
949	3	834	20
949	3	1356	9
949	3	1669	12
950	3	678	29
950	3	939	20
951	3	1982	29
952	3	1826	29
953	3	678	29
953	3	1304	9
953	3	1722	20
954	3	574	29
954	3	834	20
955	3	1356	29
956	3	939	29
957	3	1356	29
958	3	939	29
959	3	2087	29
960	3	939	29
960	3	1461	9
961	3	887	29
961	3	1774	9
962	3	2191	29
963	3	730	29
964	3	678	29
964	3	1200	9
964	3	1461	20
965	3	939	29
966	3	574	29
966	3	1930	9
967	3	1304	29
968	3	887	29
969	3	782	29
969	3	1565	9
969	3	2087	20
971	3	626	29
971	3	1617	9
972	3	574	29
972	3	834	20
972	3	1408	9
972	3	1722	12
972	3	2191	30
973	3	887	29
974	3	834	29
975	3	1408	29
976	3	834	29
976	3	1356	9
976	3	1669	20
977	3	1669	29
978	3	730	29
978	3	1095	20
979	3	1461	29
980	3	1565	29
981	3	939	29
981	3	1513	9
981	3	1774	20
982	3	887	29
983	3	574	29
983	3	887	20
984	3	939	29
985	3	1356	29
985	3	1669	9
986	3	2295	29
987	3	1356	29
988	3	782	29
988	3	2295	9
989	3	626	29
989	3	887	20
990	3	1617	29
991	3	1356	29
992	3	1617	29
993	3	939	29
994	3	2139	29
995	3	626	29
995	3	887	20
996	3	1356	29
998	3	939	29
998	3	1200	9
998	3	1461	20
998	3	2087	12
999	3	1513	29
0	4	678	29
1	4	678	29
2	4	834	29
3	4	1043	28
3	4	1356	29
4	4	834	29
4	4	1774	28
4	4	2295	30
5	4	678	29
6	4	730	29
7	4	939	29
7	4	1669	28
8	4	939	29
9	4	1148	28
9	4	1461	29
10	4	574	29
10	4	2295	28
11	4	2035	28
12	4	939	29
13	4	939	29
14	4	521	29
15	4	574	29
15	4	2191	28
16	4	678	29
17	4	626	29
17	4	2191	28
18	4	678	29
19	4	1461	28
19	4	1774	29
20	4	730	29
20	4	1565	28
21	4	626	29
22	4	939	29
23	4	626	29
24	4	626	29
24	4	2191	28
25	4	1252	28
25	4	1565	29
26	4	939	29
27	4	678	29
28	4	939	29
28	4	1408	28
29	4	939	29
29	4	2295	28
30	4	1148	28
30	4	1461	29
31	4	834	29
32	4	1043	28
32	4	1356	29
33	4	939	29
34	4	939	29
34	4	1669	28
35	4	678	29
35	4	2295	28
36	4	782	29
37	4	939	29
38	4	939	29
39	4	887	29
40	4	626	29
40	4	1774	28
41	4	939	29
41	4	1617	28
42	4	939	29
42	4	1461	28
43	4	730	29
44	4	1252	28
44	4	1565	29
45	4	782	29
46	4	782	29
47	4	1043	28
47	4	1356	29
48	4	1043	28
48	4	1356	29
49	4	730	29
50	4	1252	28
50	4	1565	29
51	4	1200	28
51	4	1513	29
52	4	939	29
53	4	782	29
53	4	1930	28
55	4	887	29
56	4	1148	28
56	4	1461	29
57	4	521	29
57	4	1722	28
58	4	834	29
59	4	574	29
59	4	2243	28
60	4	939	29
61	4	834	29
62	4	626	29
62	4	1617	28
63	4	939	29
64	4	1774	28
64	4	2087	29
65	4	678	29
65	4	1982	28
66	4	1148	28
66	4	1461	29
67	4	939	29
67	4	1461	28
68	4	1200	28
68	4	1513	29
69	4	939	29
69	4	1617	28
70	4	730	29
71	4	1200	28
71	4	1513	29
72	4	1774	28
72	4	2087	29
73	4	1252	28
73	4	1565	29
74	4	939	29
75	4	678	29
76	4	1200	28
76	4	1513	29
77	4	1148	28
77	4	1461	29
78	4	1095	28
78	4	1408	29
79	4	939	29
79	4	1930	28
80	4	678	29
81	4	678	29
81	4	2243	28
82	4	834	29
82	4	2191	28
83	4	939	29
84	4	834	29
85	4	1252	28
85	4	1565	29
86	4	939	29
87	4	678	29
87	4	1930	28
88	4	939	29
89	4	939	29
89	4	1722	28
90	4	1148	28
90	4	1461	29
91	4	939	29
92	4	678	29
93	4	1095	28
93	4	1408	29
94	4	1252	28
94	4	1565	29
95	4	939	29
95	4	2243	28
96	4	939	29
96	4	1878	28
97	4	1043	28
97	4	1356	29
98	4	1252	28
98	4	1565	29
99	4	939	29
99	4	2139	28
100	4	1043	28
100	4	1356	29
101	4	939	29
102	4	887	29
103	4	939	29
104	4	678	29
104	4	1408	28
105	4	1982	28
105	4	2295	29
106	4	939	29
106	4	1982	28
107	4	626	29
107	4	1982	28
108	4	730	29
109	4	1043	28
109	4	1356	29
110	4	678	29
111	4	939	29
112	4	939	29
113	4	678	29
114	4	939	29
115	4	1200	28
115	4	1513	29
116	4	1200	28
116	4	1513	29
117	4	1200	28
117	4	1513	29
118	4	1043	28
118	4	1356	29
119	4	1095	28
119	4	1408	29
120	4	939	29
121	4	1148	28
121	4	1461	29
122	4	678	29
122	4	2191	28
123	4	1565	28
123	4	1878	29
124	4	730	29
125	4	782	29
126	4	626	29
127	4	678	29
128	4	626	29
129	4	939	29
130	4	834	29
131	4	782	29
131	4	1408	28
132	4	626	29
133	4	887	29
134	4	939	29
134	4	2035	28
135	4	730	29
136	4	574	29
136	4	1461	28
136	4	1722	30
137	4	939	29
137	4	1669	28
138	4	678	29
138	4	1982	28
139	4	730	29
139	4	1669	28
139	4	2035	30
140	4	1304	28
140	4	1617	29
141	4	574	29
141	4	1565	28
142	4	939	29
143	4	1148	28
143	4	1461	29
145	4	1043	28
145	4	1356	29
146	4	782	29
147	4	939	29
148	4	1148	28
148	4	1461	29
149	4	678	29
149	4	2191	28
150	4	678	29
150	4	2243	28
151	4	939	29
151	4	2087	28
152	4	834	29
152	4	2139	28
153	4	939	29
154	4	626	29
155	4	574	29
155	4	1982	28
156	4	574	29
156	4	2139	28
158	4	678	29
159	4	626	29
159	4	1878	28
160	4	939	29
160	4	1617	28
161	4	1252	28
161	4	1565	29
162	4	939	29
162	4	1617	28
163	4	1043	28
163	4	1356	29
164	4	521	29
164	4	2191	28
165	4	782	29
166	4	1408	28
166	4	1722	29
167	4	1095	28
167	4	1408	29
168	4	2139	28
169	4	678	29
170	4	626	29
170	4	1774	28
171	4	939	29
172	4	939	29
172	4	1669	28
173	4	1148	28
173	4	1461	29
174	4	939	29
174	4	1722	28
175	4	887	29
175	4	2139	28
176	4	574	29
177	4	1356	28
177	4	1669	29
178	4	1878	28
178	4	2191	29
179	4	782	29
180	4	1043	28
180	4	1356	29
181	4	574	29
182	4	939	29
183	4	626	29
183	4	2087	28
184	4	939	29
185	4	834	29
186	4	1982	28
186	4	2295	29
187	4	939	29
187	4	1669	28
188	4	939	29
189	4	939	29
189	4	1513	28
190	4	939	29
191	4	730	29
192	4	834	29
193	4	730	29
193	4	1774	28
194	4	782	29
196	4	574	29
196	4	1408	28
196	4	2035	30
197	4	2139	28
198	4	782	29
198	4	1461	28
199	4	574	29
199	4	1982	28
200	4	1043	28
200	4	1356	29
201	4	1304	28
201	4	1617	29
202	4	939	29
202	4	1722	28
203	4	939	29
203	4	1617	28
204	4	887	29
205	4	1095	28
205	4	1408	29
206	4	574	29
206	4	1408	28
206	4	1722	30
207	4	678	29
207	4	2139	28
208	4	574	29
209	4	1930	28
209	4	2243	29
210	4	887	29
211	4	1252	28
211	4	1565	29
212	4	939	29
213	4	1252	28
213	4	1565	29
214	4	939	29
215	4	1095	28
215	4	1408	29
216	4	939	29
217	4	1043	28
217	4	1356	29
218	4	939	29
218	4	1565	28
219	4	1878	28
219	4	2191	29
220	4	1148	28
220	4	1461	29
221	4	939	29
222	4	991	28
222	4	1304	29
223	4	939	29
224	4	939	29
224	4	1930	28
225	4	626	29
225	4	1669	28
226	4	521	29
226	4	1408	28
227	4	939	29
228	4	678	29
229	4	939	29
229	4	1565	28
230	4	521	29
231	4	574	29
232	4	626	29
232	4	2191	28
233	4	1148	28
233	4	1461	29
235	4	1200	28
235	4	1513	29
236	4	939	29
236	4	2295	28
237	4	939	29
238	4	939	29
239	4	1200	28
239	4	1513	29
240	4	626	29
240	4	1878	28
241	4	939	29
241	4	1461	28
242	4	939	29
242	4	2295	28
243	4	678	29
243	4	1930	28
244	4	521	29
245	4	1148	28
245	4	1461	29
246	4	1826	28
246	4	2139	29
247	4	1513	28
247	4	1826	29
248	4	574	29
249	4	678	29
250	4	678	29
250	4	1930	28
251	4	939	29
252	4	1043	28
252	4	1356	29
253	4	939	29
253	4	2139	28
254	4	1774	28
254	4	2087	29
255	4	939	29
256	4	939	29
256	4	1722	28
257	4	1148	28
257	4	1461	29
258	4	678	29
259	4	626	29
260	4	730	29
262	4	939	29
262	4	1565	28
263	4	939	29
264	4	730	29
265	4	678	29
266	4	626	29
266	4	1095	28
267	4	678	29
268	4	939	29
268	4	1617	28
269	4	730	29
270	4	939	29
271	4	834	29
271	4	2087	28
272	4	626	29
272	4	1565	28
272	4	1982	30
273	4	1982	28
273	4	2295	29
274	4	991	28
274	4	1304	29
275	4	1200	28
275	4	1513	29
276	4	1930	28
276	4	2243	29
277	4	939	29
278	4	1200	28
278	4	1513	29
279	4	1043	28
279	4	1356	29
280	4	939	29
280	4	2087	28
282	4	1200	28
282	4	1513	29
283	4	1043	28
283	4	1356	29
284	4	626	29
284	4	1513	28
285	4	1043	28
285	4	1356	29
286	4	574	29
286	4	1878	28
287	4	1043	28
287	4	1356	29
288	4	834	29
289	4	469	29
290	4	2191	28
291	4	939	29
292	4	1200	28
292	4	1513	29
293	4	574	29
293	4	1669	28
294	4	626	29
295	4	939	29
295	4	2087	28
296	4	574	29
297	4	991	28
297	4	1304	29
298	4	939	29
298	4	1774	28
299	4	626	29
300	4	939	29
300	4	2295	28
301	4	574	29
302	4	678	29
302	4	1617	28
303	4	626	29
303	4	1565	28
304	4	574	29
306	4	730	29
307	4	939	29
308	4	939	29
309	4	574	29
309	4	1617	28
310	4	834	29
310	4	1878	28
311	4	939	29
312	4	939	29
312	4	2087	28
313	4	939	29
314	4	1095	28
314	4	1408	29
315	4	939	29
316	4	1878	28
316	4	2191	29
317	4	1095	28
317	4	1408	29
318	4	1200	28
318	4	1513	29
319	4	1148	28
319	4	1461	29
320	4	1148	28
320	4	1461	29
321	4	678	29
322	4	574	29
322	4	2087	28
323	4	1461	28
323	4	1774	29
324	4	1148	28
324	4	1461	29
325	4	1095	28
325	4	1408	29
326	4	626	29
326	4	2243	28
327	4	991	28
327	4	1304	29
328	4	939	29
329	4	1148	28
329	4	1461	29
330	4	939	29
330	4	1461	28
331	4	730	29
332	4	782	29
333	4	626	29
333	4	2139	28
334	4	1095	28
334	4	1408	29
335	4	626	29
336	4	730	29
337	4	939	29
338	4	939	29
339	4	730	29
340	4	1043	28
340	4	1356	29
341	4	1043	28
341	4	1356	29
342	4	574	29
342	4	1774	28
343	4	626	29
343	4	2191	28
344	4	1826	28
344	4	2139	29
345	4	939	29
346	4	834	29
346	4	1930	28
347	4	782	29
348	4	678	29
349	4	626	29
349	4	1617	28
350	4	1878	28
350	4	2191	29
351	4	834	29
352	4	834	29
353	4	730	29
354	4	521	29
354	4	1669	28
355	4	782	29
356	4	939	29
356	4	1930	28
357	4	782	29
358	4	939	29
358	4	1774	28
359	4	2243	28
360	4	939	29
361	4	939	29
362	4	1043	28
362	4	1356	29
363	4	2243	28
364	4	678	29
365	4	1200	28
365	4	1513	29
366	4	939	29
366	4	1669	28
367	4	678	29
368	4	626	29
368	4	1617	28
369	4	730	29
370	4	939	29
371	4	574	29
372	4	939	29
373	4	939	29
374	4	1200	28
374	4	1513	29
375	4	1148	28
375	4	1461	29
376	4	939	29
377	4	1095	28
377	4	1408	29
378	4	939	29
379	4	939	29
380	4	939	29
381	4	834	29
382	4	782	29
383	4	1148	28
383	4	1461	29
384	4	678	29
384	4	1774	28
385	4	939	29
386	4	730	29
387	4	834	29
388	4	1878	28
388	4	2191	29
389	4	678	29
390	4	626	29
390	4	2191	28
391	4	678	29
391	4	2139	28
392	4	939	29
392	4	2191	28
393	4	574	29
394	4	939	29
395	4	939	29
396	4	626	29
396	4	1461	28
397	4	1095	28
397	4	1408	29
398	4	939	29
399	4	574	29
400	4	887	29
401	4	1930	28
401	4	2243	29
402	4	939	29
403	4	991	28
403	4	1304	29
404	4	939	29
404	4	2139	28
405	4	939	29
406	4	626	29
406	4	1722	28
407	4	991	28
407	4	1304	29
409	4	939	29
410	4	939	29
410	4	2139	28
411	4	521	29
411	4	1200	28
412	4	678	29
412	4	1617	28
412	4	1930	30
413	4	626	29
413	4	1513	28
413	4	1774	30
414	4	782	29
414	4	1513	28
415	4	730	29
416	4	1095	28
416	4	1408	29
417	4	730	29
418	4	782	29
419	4	521	29
419	4	1356	28
420	4	939	29
420	4	1878	28
421	4	1878	28
421	4	2191	29
422	4	939	29
423	4	939	29
423	4	1617	28
424	4	626	29
424	4	1669	28
424	4	1982	30
425	4	939	29
426	4	939	29
426	4	1617	28
427	4	1878	28
427	4	2191	29
428	4	678	29
429	4	939	29
430	4	626	29
431	4	626	29
432	4	887	29
432	4	2139	28
433	4	939	29
434	4	834	29
434	4	1826	28
434	4	2295	30
435	4	521	29
436	4	678	29
437	4	678	29
438	4	939	29
438	4	1513	28
439	4	939	29
440	4	782	29
440	4	2295	28
441	4	1304	28
441	4	1617	29
442	4	939	29
443	4	939	29
444	4	1252	28
444	4	1565	29
445	4	626	29
445	4	2139	28
446	4	939	29
446	4	2243	28
447	4	1200	28
447	4	1513	29
448	4	939	29
449	4	1878	28
449	4	2191	29
450	4	1982	28
450	4	2295	29
451	4	939	29
451	4	1461	28
452	4	887	29
453	4	626	29
453	4	1565	28
454	4	1095	28
454	4	1408	29
455	4	1043	28
455	4	1356	29
456	4	1148	28
456	4	1461	29
457	4	939	29
458	4	1043	28
458	4	1356	29
459	4	939	29
460	4	626	29
461	4	626	29
462	4	939	29
463	4	782	29
463	4	2087	28
464	4	939	29
464	4	1722	28
465	4	678	29
466	4	678	29
467	4	626	29
468	4	626	29
469	4	574	29
469	4	1930	28
470	4	991	28
470	4	1304	29
471	4	939	29
471	4	2191	28
472	4	574	29
472	4	2035	28
473	4	939	29
473	4	1826	28
474	4	730	29
475	4	939	29
475	4	2243	28
476	4	1043	28
476	4	1356	29
477	4	939	29
478	4	939	29
480	4	939	29
481	4	782	29
481	4	1774	28
482	4	887	29
483	4	1356	28
483	4	1669	29
484	4	1930	28
484	4	2243	29
485	4	1095	28
485	4	1408	29
486	4	1148	28
486	4	1461	29
487	4	730	29
488	4	1148	28
488	4	1461	29
489	4	626	29
489	4	1722	28
490	4	939	29
490	4	1513	28
491	4	782	29
491	4	1930	28
492	4	939	29
492	4	1669	28
493	4	939	29
494	4	730	29
495	4	939	29
495	4	1513	28
496	4	939	29
496	4	2243	28
497	4	678	29
498	4	782	29
499	4	782	29
500	4	626	29
500	4	1565	28
501	4	1095	28
501	4	1408	29
502	4	939	29
502	4	2243	28
503	4	626	29
503	4	1513	28
503	4	1878	30
504	4	1252	28
504	4	1565	29
505	4	1095	28
505	4	1408	29
506	4	939	29
507	4	1252	28
507	4	1565	29
508	4	730	29
508	4	1878	28
510	4	1878	28
510	4	2191	29
512	4	939	29
512	4	1565	28
513	4	939	29
513	4	1722	28
514	4	887	29
515	4	626	29
515	4	2035	28
516	4	1148	28
516	4	1461	29
517	4	1148	28
517	4	1461	29
518	4	939	29
518	4	1774	28
519	4	782	29
520	4	939	29
521	4	626	29
521	4	1722	28
522	4	939	29
522	4	1461	28
523	4	782	29
524	4	1930	28
524	4	2243	29
525	4	782	29
525	4	2139	28
526	4	991	28
526	4	1304	29
527	4	678	29
528	4	626	29
529	4	678	29
529	4	1617	28
530	4	1095	28
530	4	1408	29
531	4	991	28
531	4	1304	29
532	4	939	29
533	4	1878	28
533	4	2191	29
534	4	678	29
534	4	2139	28
535	4	1200	28
535	4	1513	29
536	4	1043	28
536	4	1356	29
537	4	939	29
538	4	574	29
539	4	626	29
540	4	1095	28
540	4	1408	29
541	4	678	29
542	4	939	29
543	4	1043	28
543	4	1356	29
544	4	678	29
544	4	1304	28
545	4	939	29
546	4	1095	28
546	4	1408	29
547	4	939	29
547	4	1982	28
548	4	1095	28
548	4	1408	29
549	4	1148	28
549	4	1461	29
550	4	730	29
550	4	1669	28
551	4	626	29
551	4	1669	28
552	4	1148	28
552	4	1461	29
553	4	939	29
553	4	2035	28
554	4	574	29
554	4	2295	28
555	4	574	29
555	4	1461	28
555	4	1774	30
556	4	939	29
556	4	1513	28
557	4	1043	28
557	4	1356	29
558	4	469	29
558	4	2191	28
559	4	939	29
559	4	1722	28
560	4	1148	28
560	4	1461	29
561	4	939	29
562	4	939	29
562	4	1669	28
563	4	939	29
563	4	1408	28
564	4	1148	28
564	4	1461	29
565	4	782	29
565	4	1826	28
565	4	2243	30
566	4	730	29
567	4	834	29
568	4	574	29
569	4	939	29
569	4	1722	28
570	4	1148	28
570	4	1461	29
571	4	574	29
572	4	1200	28
572	4	1513	29
573	4	1930	28
573	4	2243	29
574	4	939	29
575	4	574	29
575	4	1513	28
576	4	1043	28
576	4	1356	29
577	4	678	29
578	4	939	29
578	4	2295	28
579	4	939	29
580	4	1513	28
580	4	1826	29
581	4	939	29
581	4	1722	28
582	4	939	29
582	4	1982	28
583	4	730	29
583	4	1617	28
584	4	574	29
585	4	626	29
585	4	1461	28
585	4	1878	30
586	4	939	29
586	4	1408	28
587	4	521	29
587	4	1774	28
588	4	939	29
589	4	678	29
589	4	1461	28
590	4	730	29
591	4	1200	28
591	4	1513	29
593	4	939	29
594	4	939	29
594	4	2035	28
595	4	626	29
595	4	1669	28
596	4	939	29
596	4	1565	28
597	4	939	29
598	4	574	29
599	4	626	29
599	4	2243	28
600	4	1148	28
600	4	1461	29
601	4	782	29
602	4	1148	28
602	4	1461	29
603	4	939	29
604	4	939	29
604	4	1774	28
605	4	939	29
606	4	939	29
606	4	1513	28
607	4	626	29
607	4	2139	28
608	4	887	29
609	4	2087	28
610	4	1982	28
610	4	2295	29
611	4	939	29
611	4	2035	28
612	4	991	28
612	4	1304	29
613	4	991	28
613	4	1304	29
614	4	1043	28
614	4	1356	29
615	4	939	29
616	4	939	29
617	4	1043	28
617	4	1356	29
618	4	1826	28
618	4	2139	29
619	4	939	29
620	4	730	29
621	4	939	29
621	4	1565	28
622	4	574	29
623	4	939	29
624	4	678	29
625	4	1095	28
625	4	1408	29
626	4	939	29
627	4	939	29
628	4	939	29
629	4	939	29
629	4	2295	28
630	4	939	29
630	4	2035	28
631	4	939	29
631	4	2087	28
632	4	626	29
632	4	2087	28
633	4	1252	28
633	4	1565	29
634	4	1095	28
634	4	1408	29
635	4	1200	28
635	4	1513	29
636	4	1930	28
636	4	2243	29
637	4	939	29
638	4	991	28
638	4	1304	29
639	4	678	29
639	4	2295	28
640	4	939	29
641	4	939	29
642	4	1043	28
642	4	1356	29
643	4	1982	28
643	4	2295	29
644	4	887	29
645	4	939	29
645	4	1565	28
646	4	678	29
647	4	1095	28
647	4	1408	29
648	4	939	29
648	4	1722	28
649	4	730	29
650	4	1200	28
650	4	1513	29
651	4	678	29
652	4	939	29
653	4	939	29
654	4	939	29
655	4	939	29
655	4	1826	28
656	4	939	29
657	4	834	29
658	4	887	29
658	4	2087	28
659	4	1043	28
659	4	1356	29
660	4	939	29
661	4	678	29
662	4	887	29
662	4	1565	28
663	4	939	29
664	4	678	29
664	4	1982	28
665	4	678	29
666	4	678	29
667	4	730	29
668	4	939	29
668	4	1930	28
669	4	939	29
669	4	1826	28
670	4	939	29
670	4	1930	28
671	4	939	29
672	4	939	29
672	4	2243	28
673	4	939	29
674	4	939	29
674	4	1565	28
675	4	939	29
675	4	1617	28
676	4	626	29
676	4	1826	28
677	4	939	29
677	4	1513	28
678	4	626	29
679	4	1043	28
679	4	1356	29
680	4	939	29
680	4	1617	28
681	4	939	29
682	4	678	29
683	4	1043	28
683	4	1356	29
684	4	939	29
684	4	1617	28
685	4	730	29
685	4	2295	28
686	4	730	29
687	4	1148	28
687	4	1461	29
688	4	1095	28
688	4	1408	29
689	4	1043	28
689	4	1356	29
690	4	939	29
691	4	730	29
691	4	1982	28
692	4	939	29
693	4	887	29
693	4	2295	28
694	4	939	29
695	4	574	29
695	4	2243	28
696	4	939	29
697	4	574	29
697	4	1722	28
698	4	1200	28
698	4	1513	29
699	4	939	29
700	4	939	29
701	4	939	29
701	4	1565	28
702	4	939	29
703	4	521	29
703	4	1565	28
704	4	1617	28
704	4	1930	29
705	4	939	29
705	4	1930	28
706	4	574	29
707	4	782	29
708	4	991	28
708	4	1304	29
709	4	887	29
709	4	2139	28
710	4	939	29
711	4	991	28
711	4	1304	29
712	4	939	29
713	4	1095	28
713	4	1408	29
714	4	678	29
715	4	939	29
715	4	2243	28
716	4	626	29
716	4	1722	28
717	4	939	29
717	4	1565	28
718	4	678	29
719	4	939	29
720	4	1826	28
720	4	2139	29
721	4	939	29
721	4	1617	28
722	4	521	29
722	4	1617	28
723	4	469	29
723	4	1930	28
724	4	939	29
725	4	834	29
726	4	939	29
726	4	1408	28
727	4	991	28
727	4	1304	29
728	4	1513	28
728	4	1826	29
729	4	730	29
730	4	939	29
731	4	626	29
732	4	887	29
733	4	626	29
734	4	521	29
734	4	1722	28
735	4	1878	28
735	4	2191	29
736	4	939	29
737	4	678	29
737	4	2087	28
738	4	730	29
738	4	1930	28
739	4	1043	28
739	4	1356	29
740	4	2191	28
741	4	887	29
742	4	678	29
742	4	1878	28
743	4	626	29
743	4	2295	28
744	4	1043	28
744	4	1356	29
745	4	939	29
746	4	1148	28
746	4	1461	29
747	4	939	29
748	4	1826	28
748	4	2139	29
749	4	1200	28
749	4	1513	29
750	4	678	29
750	4	2295	28
751	4	939	29
752	4	939	29
752	4	1617	28
753	4	782	29
753	4	1982	28
754	4	626	29
755	4	626	29
756	4	626	29
756	4	1669	28
757	4	1148	28
757	4	1461	29
758	4	626	29
759	4	1148	28
759	4	1461	29
760	4	939	29
761	4	939	29
761	4	2035	28
762	4	939	29
763	4	1043	28
763	4	1356	29
764	4	939	29
765	4	626	29
766	4	834	29
767	4	1043	28
767	4	1356	29
768	4	1200	28
768	4	1513	29
769	4	939	29
770	4	1826	28
770	4	2139	29
771	4	1043	28
771	4	1356	29
772	4	939	29
773	4	1200	28
773	4	1513	29
774	4	574	29
774	4	1774	28
775	4	939	29
776	4	574	29
776	4	1826	28
777	4	1878	28
777	4	2191	29
778	4	730	29
779	4	991	28
779	4	1304	29
780	4	939	29
781	4	834	29
781	4	2295	28
782	4	939	29
783	4	1148	28
783	4	1461	29
784	4	730	29
785	4	782	29
786	4	939	29
787	4	1148	28
787	4	1461	29
788	4	782	29
789	4	1095	28
789	4	1408	29
790	4	939	29
790	4	2087	28
791	4	1095	28
791	4	1408	29
792	4	887	29
793	4	626	29
793	4	2139	28
794	4	574	29
795	4	1043	28
795	4	1356	29
796	4	1148	28
796	4	1461	29
797	4	834	29
798	4	939	29
798	4	2035	28
799	4	2035	28
800	4	1095	28
800	4	1408	29
801	4	1148	28
801	4	1461	29
802	4	887	29
803	4	939	29
804	4	782	29
805	4	2035	28
806	4	1148	28
806	4	1461	29
807	4	678	29
807	4	1565	28
808	4	1878	28
808	4	2191	29
809	4	1356	28
809	4	1669	29
810	4	730	29
811	4	574	29
812	4	678	29
812	4	2035	28
813	4	939	29
814	4	939	29
815	4	574	29
816	4	991	28
816	4	1304	29
817	4	1930	28
817	4	2243	29
818	4	939	29
819	4	1200	28
819	4	1513	29
820	4	939	29
821	4	1043	28
821	4	1356	29
822	4	574	29
822	4	2243	28
823	4	678	29
823	4	1878	28
824	4	939	29
824	4	1669	28
825	4	939	29
825	4	1669	28
826	4	939	29
826	4	1722	28
827	4	939	29
828	4	1148	28
828	4	1461	29
829	4	1878	28
829	4	2191	29
830	4	939	29
831	4	574	29
831	4	1461	28
831	4	2191	30
832	4	730	29
832	4	1774	28
833	4	1043	28
833	4	1356	29
834	4	730	29
834	4	1930	28
835	4	939	29
836	4	1930	28
836	4	2243	29
837	4	991	28
837	4	1304	29
838	4	574	29
838	4	2087	28
839	4	1200	28
839	4	1513	29
840	4	574	29
840	4	1461	28
841	4	782	29
842	4	939	29
842	4	1722	28
843	4	678	29
843	4	1722	28
843	4	2087	30
844	4	1043	28
844	4	1356	29
845	4	1095	28
845	4	1408	29
846	4	1200	28
846	4	1513	29
847	4	1095	28
847	4	1408	29
848	4	521	29
849	4	1148	28
849	4	1461	29
850	4	574	29
850	4	1252	28
851	4	1930	28
851	4	2243	29
852	4	939	29
853	4	1095	28
853	4	1408	29
854	4	1043	28
854	4	1356	29
855	4	730	29
856	4	730	29
857	4	1095	28
857	4	1408	29
858	4	939	29
858	4	1617	28
859	4	939	29
860	4	1252	28
860	4	1565	29
861	4	782	29
862	4	1200	28
862	4	1513	29
863	4	626	29
864	4	574	29
864	4	1722	28
865	4	626	29
866	4	626	29
867	4	939	29
868	4	782	29
869	4	939	29
869	4	1565	28
870	4	1148	28
870	4	1461	29
871	4	1043	28
871	4	1356	29
873	4	678	29
873	4	1774	28
875	4	782	29
876	4	730	29
877	4	574	29
877	4	1513	28
878	4	1043	28
878	4	1356	29
879	4	834	29
879	4	2243	28
880	4	678	29
881	4	939	29
882	4	1148	28
882	4	1461	29
883	4	1252	28
883	4	1565	29
884	4	782	29
885	4	730	29
885	4	1722	28
886	4	939	29
886	4	2295	28
887	4	939	29
888	4	939	29
889	4	1148	28
889	4	1461	29
890	4	1148	28
890	4	1461	29
891	4	678	29
892	4	1200	28
892	4	1513	29
893	4	782	29
894	4	887	29
895	4	782	29
895	4	1982	28
896	4	678	29
897	4	678	29
898	4	521	29
898	4	1304	28
899	4	626	29
899	4	2295	28
900	4	939	29
900	4	2087	28
901	4	626	29
902	4	939	29
902	4	1513	28
903	4	469	29
903	4	1513	28
905	4	1043	28
905	4	1356	29
906	4	678	29
907	4	1722	28
907	4	2035	29
908	4	782	29
909	4	1669	28
909	4	1982	29
910	4	991	28
910	4	1304	29
911	4	939	29
912	4	834	29
913	4	1148	28
913	4	1461	29
914	4	939	29
914	4	1565	28
915	4	1095	28
915	4	1408	29
916	4	678	29
917	4	834	29
917	4	2087	28
918	4	1095	28
918	4	1408	29
919	4	1043	28
919	4	1356	29
920	4	939	29
921	4	939	29
922	4	939	29
923	4	1043	28
923	4	1356	29
924	4	887	29
924	4	1774	28
925	4	678	29
926	4	887	29
926	4	2139	28
927	4	939	29
927	4	1669	28
929	4	730	29
930	4	939	29
931	4	626	29
931	4	1565	28
932	4	991	28
932	4	1304	29
933	4	1095	28
933	4	1408	29
934	4	939	29
935	4	678	29
936	4	939	29
936	4	2243	28
937	4	939	29
937	4	2295	28
938	4	939	29
938	4	1982	28
939	4	1095	28
939	4	1408	29
940	4	521	29
940	4	1095	28
941	4	678	29
941	4	2087	28
942	4	574	29
942	4	1722	28
943	4	939	29
944	4	939	29
944	4	1982	28
945	4	1148	28
945	4	1461	29
946	4	939	29
946	4	1930	28
947	4	730	29
947	4	1669	28
948	4	730	29
949	4	521	29
949	4	1669	28
950	4	678	29
951	4	1669	28
951	4	1982	29
952	4	1513	28
952	4	1826	29
953	4	678	29
954	4	574	29
954	4	2191	28
955	4	1043	28
955	4	1356	29
956	4	939	29
957	4	1043	28
957	4	1356	29
958	4	939	29
959	4	1774	28
959	4	2087	29
960	4	939	29
961	4	887	29
962	4	1878	28
962	4	2191	29
963	4	730	29
964	4	678	29
964	4	1878	28
965	4	939	29
965	4	1774	28
966	4	574	29
966	4	2295	28
967	4	991	28
967	4	1304	29
968	4	887	29
969	4	782	29
969	4	1617	28
970	4	2243	28
971	4	626	29
972	4	574	29
972	4	1565	28
972	4	2191	30
973	4	887	29
974	4	834	29
975	4	1095	28
975	4	1408	29
976	4	834	29
976	4	1461	28
977	4	1356	28
977	4	1669	29
978	4	730	29
979	4	1148	28
979	4	1461	29
980	4	1252	28
980	4	1565	29
981	4	939	29
981	4	1513	28
982	4	887	29
983	4	574	29
984	4	939	29
984	4	1722	28
985	4	1043	28
985	4	1356	29
986	4	1982	28
986	4	2295	29
987	4	1043	28
987	4	1356	29
988	4	782	29
989	4	626	29
990	4	1304	28
990	4	1617	29
991	4	1043	28
991	4	1356	29
992	4	1304	28
992	4	1617	29
993	4	939	29
994	4	1826	28
994	4	2139	29
995	4	626	29
995	4	2295	28
996	4	1043	28
996	4	1356	29
997	4	2035	28
998	4	939	29
998	4	1826	28
999	4	1200	28
999	4	1513	29
0	5	365	24
0	5	626	27
0	5	678	29
1	5	365	24
1	5	626	27
1	5	678	29
2	5	365	24
2	5	626	27
2	5	834	29
3	5	365	24
3	5	1043	28
3	5	1356	29
4	5	365	24
4	5	626	27
4	5	834	29
4	5	1774	28
4	5	2035	25
4	5	2295	30
5	5	365	24
5	5	626	27
5	5	678	29
6	5	365	24
6	5	626	27
6	5	730	29
7	5	365	24
7	5	626	27
7	5	939	29
7	5	1669	28
8	5	365	24
8	5	626	27
8	5	939	29
9	5	365	24
9	5	834	27
9	5	1148	28
9	5	1461	29
10	5	365	24
10	5	574	29
10	5	2295	28
11	5	365	24
11	5	2035	28
12	5	365	24
12	5	626	27
12	5	939	29
13	5	365	24
13	5	626	27
13	5	939	29
14	5	365	24
14	5	521	29
14	5	782	27
15	5	365	24
15	5	574	29
15	5	834	27
15	5	2191	28
16	5	365	24
16	5	626	27
16	5	678	29
17	5	365	24
17	5	626	29
17	5	2191	28
18	5	365	24
18	5	626	27
18	5	678	29
19	5	365	24
19	5	1461	28
19	5	1774	29
20	5	365	24
20	5	626	27
20	5	730	29
20	5	1565	28
21	5	365	24
21	5	626	29
22	5	365	24
22	5	626	27
22	5	939	29
23	5	365	24
23	5	626	29
24	5	365	24
24	5	626	29
24	5	2191	28
25	5	365	24
25	5	1252	28
25	5	1565	29
26	5	365	24
26	5	626	27
26	5	939	29
27	5	365	24
27	5	626	27
27	5	678	29
28	5	365	24
28	5	626	27
28	5	939	29
28	5	1408	28
29	5	365	24
29	5	626	27
29	5	939	29
29	5	2295	28
30	5	365	24
30	5	1148	28
30	5	1461	29
31	5	365	24
31	5	626	27
31	5	834	29
32	5	365	24
32	5	1043	28
32	5	1356	29
33	5	365	24
33	5	626	27
33	5	939	29
34	5	365	24
34	5	626	27
34	5	939	29
34	5	1669	28
35	5	365	24
35	5	626	27
35	5	678	29
35	5	2295	28
36	5	365	24
36	5	626	27
36	5	782	29
37	5	365	24
37	5	626	27
37	5	939	29
38	5	365	24
38	5	626	27
38	5	939	29
39	5	365	24
39	5	626	27
39	5	887	29
40	5	365	24
40	5	626	29
40	5	1774	28
40	5	2139	25
41	5	365	24
41	5	626	27
41	5	939	29
41	5	1617	28
42	5	365	24
42	5	626	27
42	5	939	29
42	5	1461	28
43	5	365	24
43	5	626	27
43	5	730	29
44	5	365	24
44	5	1252	28
44	5	1565	29
45	5	365	24
45	5	626	27
45	5	782	29
46	5	365	24
46	5	626	27
46	5	782	29
47	5	365	24
47	5	730	27
47	5	1043	28
47	5	1356	29
48	5	365	24
48	5	730	27
48	5	1043	28
48	5	1356	29
49	5	365	24
49	5	626	27
49	5	730	29
50	5	365	24
50	5	1252	28
50	5	1565	29
51	5	365	24
51	5	887	27
51	5	1200	28
51	5	1513	29
52	5	365	24
52	5	626	27
52	5	939	29
53	5	365	24
53	5	626	27
53	5	782	29
53	5	1930	28
53	5	2191	25
54	5	365	24
55	5	365	24
55	5	626	27
55	5	887	29
56	5	365	24
56	5	834	27
56	5	1148	28
56	5	1461	29
57	5	365	24
57	5	521	29
57	5	782	27
57	5	1722	28
58	5	365	24
58	5	626	27
58	5	834	29
59	5	365	24
59	5	574	29
59	5	834	27
59	5	2243	28
60	5	365	24
60	5	626	27
60	5	939	29
61	5	365	24
61	5	626	27
61	5	834	29
62	5	365	24
62	5	626	29
62	5	887	27
62	5	1617	28
63	5	365	24
63	5	626	27
63	5	939	29
64	5	365	24
64	5	1774	28
64	5	2087	29
65	5	365	24
65	5	626	27
65	5	678	29
65	5	1982	28
66	5	365	24
66	5	1148	28
66	5	1461	29
67	5	365	24
67	5	626	27
67	5	939	29
67	5	1461	28
68	5	365	24
68	5	1200	28
68	5	1513	29
69	5	365	24
69	5	626	27
69	5	939	29
69	5	1617	28
70	5	365	24
70	5	626	27
70	5	730	29
71	5	365	24
71	5	887	27
71	5	1200	28
71	5	1513	29
72	5	365	24
72	5	1774	28
72	5	2087	29
73	5	365	24
73	5	1252	28
73	5	1565	29
74	5	365	24
74	5	626	27
74	5	939	29
75	5	365	24
75	5	626	27
75	5	678	29
76	5	365	24
76	5	1200	28
76	5	1513	29
77	5	365	24
77	5	1148	28
77	5	1461	29
78	5	365	24
78	5	1095	28
78	5	1408	29
79	5	365	24
79	5	626	27
79	5	939	29
79	5	1930	28
80	5	365	24
80	5	626	27
80	5	678	29
81	5	365	24
81	5	626	27
81	5	678	29
81	5	2243	28
82	5	365	24
82	5	626	27
82	5	834	29
82	5	2191	28
83	5	365	24
83	5	626	27
83	5	939	29
84	5	365	24
84	5	626	27
84	5	834	29
85	5	365	24
85	5	1252	28
85	5	1565	29
86	5	365	24
86	5	626	27
86	5	939	29
87	5	365	24
87	5	626	27
87	5	678	29
87	5	1930	28
87	5	2243	25
88	5	365	24
88	5	626	27
88	5	939	29
89	5	365	24
89	5	626	27
89	5	939	29
89	5	1722	28
90	5	365	24
90	5	1148	28
90	5	1461	29
91	5	365	24
91	5	626	27
91	5	939	29
92	5	365	24
92	5	626	27
92	5	678	29
93	5	365	24
93	5	1095	28
93	5	1408	29
94	5	365	24
94	5	1252	28
94	5	1565	29
95	5	365	24
95	5	626	27
95	5	939	29
95	5	2243	28
96	5	365	24
96	5	626	27
96	5	939	29
96	5	1878	28
97	5	365	24
97	5	730	27
97	5	1043	28
97	5	1356	29
98	5	365	24
98	5	1252	28
98	5	1565	29
99	5	365	24
99	5	626	27
99	5	939	29
99	5	2139	28
100	5	365	24
100	5	1043	28
100	5	1356	29
101	5	365	24
101	5	626	27
101	5	939	29
102	5	365	24
102	5	626	27
102	5	887	29
103	5	365	24
103	5	626	27
103	5	939	29
104	5	365	24
104	5	626	27
104	5	678	29
104	5	1408	28
105	5	365	24
105	5	1982	28
105	5	2295	29
106	5	365	24
106	5	626	27
106	5	939	29
106	5	1982	28
106	5	2243	25
107	5	365	24
107	5	626	29
107	5	1982	28
108	5	365	24
108	5	626	27
108	5	730	29
109	5	365	24
109	5	1043	28
109	5	1356	29
110	5	365	24
110	5	626	27
110	5	678	29
111	5	365	24
111	5	626	27
111	5	939	29
112	5	365	24
112	5	626	27
112	5	939	29
113	5	365	24
113	5	626	27
113	5	678	29
114	5	365	24
114	5	626	27
114	5	939	29
115	5	365	24
115	5	1200	28
115	5	1513	29
116	5	365	24
116	5	1200	28
116	5	1513	29
117	5	365	24
117	5	1200	28
117	5	1513	29
118	5	365	24
118	5	1043	28
118	5	1356	29
119	5	365	24
119	5	1095	28
119	5	1408	29
120	5	365	24
120	5	626	27
120	5	939	29
121	5	365	24
121	5	834	27
121	5	1148	28
121	5	1461	29
122	5	365	24
122	5	626	27
122	5	678	29
122	5	2191	28
123	5	365	24
123	5	1565	28
123	5	1878	29
124	5	365	24
124	5	626	27
124	5	730	29
125	5	365	24
125	5	626	27
125	5	782	29
126	5	365	24
126	5	626	29
127	5	365	24
127	5	626	27
127	5	678	29
128	5	365	24
128	5	626	29
129	5	365	24
129	5	626	27
129	5	939	29
130	5	365	24
130	5	626	27
130	5	834	29
131	5	365	24
131	5	626	27
131	5	782	29
131	5	1408	28
131	5	2243	25
132	5	365	24
132	5	626	29
133	5	365	24
133	5	626	27
133	5	887	29
134	5	365	24
134	5	626	27
134	5	939	29
134	5	2035	28
135	5	365	24
135	5	626	27
135	5	730	29
136	5	365	24
136	5	574	29
136	5	1461	28
136	5	1722	30
137	5	365	24
137	5	626	27
137	5	939	29
137	5	1669	28
138	5	365	24
138	5	626	27
138	5	678	29
138	5	1982	28
138	5	2243	25
139	5	365	24
139	5	626	27
139	5	730	29
139	5	1669	28
139	5	1930	25
139	5	2035	30
140	5	365	24
140	5	1304	28
140	5	1617	29
141	5	365	24
141	5	574	29
141	5	1565	28
142	5	365	24
142	5	626	27
142	5	939	29
143	5	365	24
143	5	1148	28
143	5	1461	29
144	5	365	24
145	5	365	24
145	5	1043	28
145	5	1356	29
146	5	365	24
146	5	626	27
146	5	782	29
147	5	365	24
147	5	626	27
147	5	939	29
148	5	365	24
148	5	1148	28
148	5	1461	29
149	5	365	24
149	5	626	27
149	5	678	29
149	5	2191	28
150	5	365	24
150	5	626	27
150	5	678	29
150	5	2243	28
151	5	365	24
151	5	626	27
151	5	939	29
151	5	2087	28
152	5	365	24
152	5	626	27
152	5	834	29
152	5	2139	28
153	5	365	24
153	5	626	27
153	5	939	29
154	5	365	24
154	5	626	29
154	5	887	27
155	5	365	24
155	5	574	29
155	5	1982	28
156	5	365	24
156	5	574	29
156	5	2139	28
157	5	365	24
158	5	365	24
158	5	626	27
158	5	678	29
159	5	365	24
159	5	626	29
159	5	1878	28
159	5	2295	25
160	5	365	24
160	5	626	27
160	5	939	29
160	5	1617	28
161	5	365	24
161	5	1252	28
161	5	1565	29
162	5	365	24
162	5	626	27
162	5	939	29
162	5	1617	28
163	5	365	24
163	5	730	27
163	5	1043	28
163	5	1356	29
164	5	365	24
164	5	521	29
164	5	782	27
164	5	2191	28
165	5	365	24
165	5	626	27
165	5	782	29
166	5	365	24
166	5	1408	28
166	5	1722	29
167	5	365	24
167	5	782	27
167	5	1095	28
167	5	1408	29
168	5	365	24
168	5	2139	28
169	5	365	24
169	5	626	27
169	5	678	29
170	5	365	24
170	5	626	29
170	5	1774	28
171	5	365	24
171	5	626	27
171	5	939	29
172	5	365	24
172	5	626	27
172	5	939	29
172	5	1669	28
173	5	365	24
173	5	1148	28
173	5	1461	29
174	5	365	24
174	5	626	27
174	5	939	29
174	5	1722	28
175	5	365	24
175	5	626	27
175	5	887	29
175	5	2139	28
176	5	365	24
176	5	574	29
176	5	834	27
177	5	365	24
177	5	1356	28
177	5	1669	29
178	5	365	24
178	5	1878	28
178	5	2191	29
179	5	365	24
179	5	626	27
179	5	782	29
180	5	365	24
180	5	730	27
180	5	1043	28
180	5	1356	29
181	5	365	24
181	5	574	29
182	5	365	24
182	5	626	27
182	5	939	29
183	5	365	24
183	5	626	29
183	5	2087	28
184	5	365	24
184	5	626	27
184	5	939	29
185	5	365	24
185	5	626	27
185	5	834	29
186	5	365	24
186	5	1982	28
186	5	2295	29
187	5	365	24
187	5	626	27
187	5	939	29
187	5	1669	28
188	5	365	24
188	5	626	27
188	5	939	29
189	5	365	24
189	5	626	27
189	5	939	29
189	5	1513	28
190	5	365	24
190	5	626	27
190	5	939	29
191	5	365	24
191	5	626	27
191	5	730	29
192	5	365	24
192	5	626	27
192	5	834	29
193	5	365	24
193	5	626	27
193	5	730	29
193	5	1774	28
194	5	365	24
194	5	626	27
194	5	782	29
195	5	365	24
196	5	365	24
196	5	574	29
196	5	1408	28
196	5	1722	25
196	5	2035	30
197	5	365	24
197	5	2139	28
198	5	365	24
198	5	626	27
198	5	782	29
198	5	1461	28
199	5	365	24
199	5	574	29
199	5	1982	28
200	5	365	24
200	5	1043	28
200	5	1356	29
201	5	365	24
201	5	1304	28
201	5	1617	29
202	5	365	24
202	5	626	27
202	5	939	29
202	5	1722	28
203	5	365	24
203	5	626	27
203	5	939	29
203	5	1617	28
204	5	365	24
204	5	626	27
204	5	887	29
205	5	365	24
205	5	1095	28
205	5	1408	29
206	5	365	24
206	5	574	29
206	5	1408	28
206	5	1722	30
206	5	1982	25
207	5	365	24
207	5	626	27
207	5	678	29
207	5	2139	28
208	5	365	24
208	5	574	29
208	5	834	27
209	5	365	24
209	5	1930	28
209	5	2243	29
210	5	365	24
210	5	626	27
210	5	887	29
211	5	365	24
211	5	1252	28
211	5	1565	29
212	5	365	24
212	5	626	27
212	5	939	29
213	5	365	24
213	5	1252	28
213	5	1565	29
214	5	365	24
214	5	626	27
214	5	939	29
215	5	365	24
215	5	1095	28
215	5	1408	29
216	5	365	24
216	5	626	27
216	5	939	29
217	5	365	24
217	5	1043	28
217	5	1356	29
218	5	365	24
218	5	626	27
218	5	939	29
218	5	1565	28
219	5	365	24
219	5	1878	28
219	5	2191	29
220	5	365	24
220	5	1148	28
220	5	1461	29
221	5	365	24
221	5	626	27
221	5	939	29
222	5	365	24
222	5	678	27
222	5	991	28
222	5	1304	29
223	5	365	24
223	5	626	27
223	5	939	29
224	5	365	24
224	5	626	27
224	5	939	29
224	5	1930	28
225	5	365	24
225	5	626	29
225	5	1669	28
225	5	2243	25
226	5	365	24
226	5	521	29
226	5	834	27
226	5	1408	28
227	5	365	24
227	5	626	27
227	5	939	29
228	5	365	24
228	5	626	27
228	5	678	29
229	5	365	24
229	5	626	27
229	5	939	29
229	5	1565	28
230	5	365	24
230	5	521	29
230	5	782	27
231	5	365	24
231	5	574	29
232	5	365	24
232	5	626	29
232	5	2191	28
233	5	365	24
233	5	1148	28
233	5	1461	29
234	5	365	24
235	5	365	24
235	5	1200	28
235	5	1513	29
236	5	365	24
236	5	626	27
236	5	939	29
236	5	2295	28
237	5	365	24
237	5	626	27
237	5	939	29
238	5	365	24
238	5	626	27
238	5	939	29
239	5	365	24
239	5	887	27
239	5	1200	28
239	5	1513	29
240	5	365	24
240	5	626	29
240	5	1878	28
240	5	2243	25
241	5	365	24
241	5	626	27
241	5	939	29
241	5	1461	28
242	5	365	24
242	5	626	27
242	5	939	29
242	5	2295	28
243	5	365	24
243	5	626	27
243	5	678	29
243	5	1930	28
243	5	2243	25
244	5	365	24
244	5	521	29
244	5	782	27
245	5	365	24
245	5	834	27
245	5	1148	28
245	5	1461	29
246	5	365	24
246	5	1826	28
246	5	2139	29
247	5	365	24
247	5	1513	28
247	5	1826	29
248	5	365	24
248	5	574	29
249	5	365	24
249	5	626	27
249	5	678	29
250	5	365	24
250	5	626	27
250	5	678	29
250	5	1930	28
250	5	2243	25
251	5	365	24
251	5	626	27
251	5	939	29
252	5	365	24
252	5	730	27
252	5	1043	28
252	5	1356	29
253	5	365	24
253	5	626	27
253	5	939	29
253	5	2139	28
254	5	365	24
254	5	1774	28
254	5	2087	29
255	5	365	24
255	5	626	27
255	5	939	29
256	5	365	24
256	5	626	27
256	5	939	29
256	5	1722	28
257	5	365	24
257	5	834	27
257	5	1148	28
257	5	1461	29
258	5	365	24
258	5	626	27
258	5	678	29
259	5	365	24
259	5	626	29
260	5	365	24
260	5	626	27
260	5	730	29
261	5	365	24
262	5	365	24
262	5	626	27
262	5	939	29
262	5	1565	28
263	5	365	24
263	5	626	27
263	5	939	29
264	5	365	24
264	5	626	27
264	5	730	29
265	5	365	24
265	5	626	27
265	5	678	29
266	5	365	24
266	5	626	29
266	5	1095	28
267	5	365	24
267	5	626	27
267	5	678	29
268	5	365	24
268	5	626	27
268	5	939	29
268	5	1617	28
269	5	365	24
269	5	626	27
269	5	730	29
270	5	365	24
270	5	626	27
270	5	939	29
271	5	365	24
271	5	626	27
271	5	834	29
271	5	2087	28
272	5	365	24
272	5	626	29
272	5	1565	28
272	5	1878	25
272	5	1982	30
273	5	365	24
273	5	1982	28
273	5	2295	29
274	5	365	24
274	5	991	28
274	5	1304	29
275	5	365	24
275	5	1200	28
275	5	1513	29
276	5	365	24
276	5	1930	28
276	5	2243	29
277	5	365	24
277	5	626	27
277	5	939	29
278	5	365	24
278	5	1200	28
278	5	1513	29
279	5	365	24
279	5	1043	28
279	5	1356	29
280	5	365	24
280	5	626	27
280	5	939	29
280	5	2087	28
281	5	365	24
282	5	365	24
282	5	1200	28
282	5	1513	29
283	5	365	24
283	5	1043	28
283	5	1356	29
284	5	365	24
284	5	626	29
284	5	1513	28
284	5	2191	25
285	5	365	24
285	5	1043	28
285	5	1356	29
286	5	365	24
286	5	574	29
286	5	1878	28
286	5	2191	25
287	5	365	24
287	5	1043	28
287	5	1356	29
288	5	365	24
288	5	626	27
288	5	834	29
289	5	365	24
289	5	469	29
290	5	365	24
290	5	2191	28
291	5	365	24
291	5	626	27
291	5	939	29
292	5	365	24
292	5	1200	28
292	5	1513	29
293	5	365	24
293	5	574	29
293	5	1669	28
293	5	2191	25
294	5	365	24
294	5	626	29
294	5	887	27
295	5	365	24
295	5	626	27
295	5	939	29
295	5	2087	28
296	5	365	24
296	5	574	29
296	5	834	27
297	5	365	24
297	5	991	28
297	5	1304	29
298	5	365	24
298	5	626	27
298	5	939	29
298	5	1774	28
299	5	365	24
299	5	626	29
300	5	365	24
300	5	626	27
300	5	939	29
300	5	2295	28
301	5	365	24
301	5	574	29
302	5	365	24
302	5	626	27
302	5	678	29
302	5	1617	28
303	5	365	24
303	5	626	29
303	5	1565	28
303	5	2243	25
304	5	365	24
304	5	574	29
305	5	365	24
306	5	365	24
306	5	626	27
306	5	730	29
307	5	365	24
307	5	626	27
307	5	939	29
308	5	365	24
308	5	626	27
308	5	939	29
309	5	365	24
309	5	574	29
309	5	1617	28
309	5	2087	25
310	5	365	24
310	5	626	27
310	5	834	29
310	5	1878	28
310	5	2139	25
311	5	365	24
311	5	626	27
311	5	939	29
312	5	365	24
312	5	626	27
312	5	939	29
312	5	2087	28
313	5	365	24
313	5	626	27
313	5	939	29
314	5	365	24
314	5	1095	28
314	5	1408	29
315	5	365	24
315	5	626	27
315	5	939	29
316	5	365	24
316	5	1878	28
316	5	2191	29
317	5	365	24
317	5	1095	28
317	5	1408	29
318	5	365	24
318	5	1200	28
318	5	1513	29
319	5	365	24
319	5	834	27
319	5	1148	28
319	5	1461	29
320	5	365	24
320	5	1148	28
320	5	1461	29
321	5	365	24
321	5	626	27
321	5	678	29
322	5	365	24
322	5	574	29
322	5	834	27
322	5	2087	28
323	5	365	24
323	5	1461	28
323	5	1774	29
324	5	365	24
324	5	1148	28
324	5	1461	29
325	5	365	24
325	5	1095	28
325	5	1408	29
326	5	365	24
326	5	626	29
326	5	2243	28
327	5	365	24
327	5	991	28
327	5	1304	29
328	5	365	24
328	5	626	27
328	5	939	29
329	5	365	24
329	5	1148	28
329	5	1461	29
330	5	365	24
330	5	626	27
330	5	939	29
330	5	1461	28
331	5	365	24
331	5	626	27
331	5	730	29
332	5	365	24
332	5	626	27
332	5	782	29
333	5	365	24
333	5	626	29
333	5	2139	28
334	5	365	24
334	5	1095	28
334	5	1408	29
335	5	365	24
335	5	626	29
336	5	365	24
336	5	626	27
336	5	730	29
337	5	365	24
337	5	626	27
337	5	939	29
338	5	365	24
338	5	626	27
338	5	939	29
339	5	365	24
339	5	626	27
339	5	730	29
340	5	365	24
340	5	1043	28
340	5	1356	29
341	5	365	24
341	5	1043	28
341	5	1356	29
342	5	365	24
342	5	574	29
342	5	834	27
342	5	1774	28
343	5	365	24
343	5	626	29
343	5	2191	28
344	5	365	24
344	5	1826	28
344	5	2139	29
345	5	365	24
345	5	626	27
345	5	939	29
346	5	365	24
346	5	626	27
346	5	834	29
346	5	1930	28
346	5	2191	25
347	5	365	24
347	5	626	27
347	5	782	29
348	5	365	24
348	5	626	27
348	5	678	29
349	5	365	24
349	5	626	29
349	5	1617	28
350	5	365	24
350	5	1878	28
350	5	2191	29
351	5	365	24
351	5	626	27
351	5	834	29
352	5	365	24
352	5	626	27
352	5	834	29
353	5	365	24
353	5	626	27
353	5	730	29
354	5	365	24
354	5	521	29
354	5	782	27
354	5	1669	28
355	5	365	24
355	5	626	27
355	5	782	29
356	5	365	24
356	5	626	27
356	5	939	29
356	5	1930	28
357	5	365	24
357	5	626	27
357	5	782	29
358	5	365	24
358	5	626	27
358	5	939	29
358	5	1774	28
359	5	365	24
359	5	2243	28
360	5	365	24
360	5	626	27
360	5	939	29
361	5	365	24
361	5	626	27
361	5	939	29
362	5	365	24
362	5	730	27
362	5	1043	28
362	5	1356	29
363	5	365	24
363	5	2243	28
364	5	365	24
364	5	626	27
364	5	678	29
365	5	365	24
365	5	1200	28
365	5	1513	29
366	5	365	24
366	5	626	27
366	5	939	29
366	5	1669	28
367	5	365	24
367	5	626	27
367	5	678	29
368	5	365	24
368	5	626	29
368	5	1617	28
368	5	2139	25
369	5	365	24
369	5	626	27
369	5	730	29
370	5	365	24
370	5	626	27
370	5	939	29
371	5	365	24
371	5	574	29
371	5	834	27
372	5	365	24
372	5	626	27
372	5	939	29
373	5	365	24
373	5	626	27
373	5	939	29
374	5	365	24
374	5	1200	28
374	5	1513	29
375	5	365	24
375	5	1148	28
375	5	1461	29
376	5	365	24
376	5	626	27
376	5	939	29
377	5	365	24
377	5	1095	28
377	5	1408	29
378	5	365	24
378	5	626	27
378	5	939	29
379	5	365	24
379	5	626	27
379	5	939	29
380	5	365	24
380	5	626	27
380	5	939	29
381	5	365	24
381	5	626	27
381	5	834	29
382	5	365	24
382	5	626	27
382	5	782	29
383	5	365	24
383	5	1148	28
383	5	1461	29
384	5	365	24
384	5	626	27
384	5	678	29
384	5	1774	28
385	5	365	24
385	5	626	27
385	5	939	29
386	5	365	24
386	5	626	27
386	5	730	29
387	5	365	24
387	5	626	27
387	5	834	29
388	5	365	24
388	5	1878	28
388	5	2191	29
389	5	365	24
389	5	626	27
389	5	678	29
390	5	365	24
390	5	626	29
390	5	2191	28
391	5	365	24
391	5	626	27
391	5	678	29
391	5	2139	28
392	5	365	24
392	5	626	27
392	5	939	29
392	5	2191	28
393	5	365	24
393	5	574	29
394	5	365	24
394	5	626	27
394	5	939	29
395	5	365	24
395	5	626	27
395	5	939	29
396	5	365	24
396	5	626	29
396	5	1461	28
397	5	365	24
397	5	1095	28
397	5	1408	29
398	5	365	24
398	5	626	27
398	5	939	29
399	5	365	24
399	5	574	29
400	5	365	24
400	5	626	27
400	5	887	29
401	5	365	24
401	5	1930	28
401	5	2243	29
402	5	365	24
402	5	626	27
402	5	939	29
403	5	365	24
403	5	991	28
403	5	1304	29
404	5	365	24
404	5	626	27
404	5	939	29
404	5	2139	28
405	5	365	24
405	5	626	27
405	5	939	29
406	5	365	24
406	5	626	29
406	5	887	27
406	5	1722	28
407	5	365	24
407	5	991	28
407	5	1304	29
408	5	365	24
409	5	365	24
409	5	626	27
409	5	939	29
410	5	365	24
410	5	626	27
410	5	939	29
410	5	2139	28
411	5	365	24
411	5	521	29
411	5	782	27
411	5	1200	28
412	5	365	24
412	5	626	27
412	5	678	29
412	5	1617	28
412	5	1878	25
412	5	1930	30
413	5	365	24
413	5	626	29
413	5	1513	28
413	5	1774	30
414	5	365	24
414	5	626	27
414	5	782	29
414	5	1513	28
414	5	2295	25
415	5	365	24
415	5	626	27
415	5	730	29
416	5	365	24
416	5	1095	28
416	5	1408	29
417	5	365	24
417	5	626	27
417	5	730	29
418	5	365	24
418	5	626	27
418	5	782	29
419	5	365	24
419	5	521	29
419	5	834	27
419	5	1356	28
420	5	365	24
420	5	626	27
420	5	939	29
420	5	1878	28
421	5	365	24
421	5	1878	28
421	5	2191	29
422	5	365	24
422	5	626	27
422	5	939	29
423	5	365	24
423	5	626	27
423	5	939	29
423	5	1617	28
424	5	365	24
424	5	626	29
424	5	1669	28
424	5	1982	30
424	5	2243	25
425	5	365	24
425	5	626	27
425	5	939	29
426	5	365	24
426	5	626	27
426	5	939	29
426	5	1617	28
427	5	365	24
427	5	1878	28
427	5	2191	29
428	5	365	24
428	5	626	27
428	5	678	29
429	5	365	24
429	5	626	27
429	5	939	29
430	5	365	24
430	5	626	29
430	5	887	27
431	5	365	24
431	5	626	29
432	5	365	24
432	5	626	27
432	5	887	29
432	5	2139	28
433	5	365	24
433	5	626	27
433	5	939	29
434	5	365	24
434	5	626	27
434	5	834	29
434	5	1826	28
434	5	2087	25
434	5	2295	30
435	5	365	24
435	5	521	29
435	5	782	27
436	5	365	24
436	5	626	27
436	5	678	29
437	5	365	24
437	5	626	27
437	5	678	29
438	5	365	24
438	5	626	27
438	5	939	29
438	5	1513	28
439	5	365	24
439	5	626	27
439	5	939	29
440	5	365	24
440	5	626	27
440	5	782	29
440	5	2295	28
441	5	365	24
441	5	1304	28
441	5	1617	29
442	5	365	24
442	5	626	27
442	5	939	29
443	5	365	24
443	5	626	27
443	5	939	29
444	5	365	24
444	5	1252	28
444	5	1565	29
445	5	365	24
445	5	626	29
445	5	2139	28
446	5	365	24
446	5	626	27
446	5	939	29
446	5	2243	28
447	5	365	24
447	5	1200	28
447	5	1513	29
448	5	365	24
448	5	626	27
448	5	939	29
449	5	365	24
449	5	1878	28
449	5	2191	29
450	5	365	24
450	5	1982	28
450	5	2295	29
451	5	365	24
451	5	626	27
451	5	939	29
451	5	1461	28
451	5	2243	25
452	5	365	24
452	5	626	27
452	5	887	29
453	5	365	24
453	5	626	29
453	5	1565	28
454	5	365	24
454	5	1095	28
454	5	1408	29
455	5	365	24
455	5	1043	28
455	5	1356	29
455	5	2243	25
456	5	365	24
456	5	1148	28
456	5	1461	29
457	5	365	24
457	5	626	27
457	5	939	29
458	5	365	24
458	5	1043	28
458	5	1356	29
459	5	365	24
459	5	626	27
459	5	939	29
460	5	365	24
460	5	626	29
461	5	365	24
461	5	626	29
462	5	365	24
462	5	626	27
462	5	939	29
463	5	365	24
463	5	626	27
463	5	782	29
463	5	2087	28
464	5	365	24
464	5	626	27
464	5	939	29
464	5	1722	28
465	5	365	24
465	5	626	27
465	5	678	29
466	5	365	24
466	5	626	27
466	5	678	29
467	5	365	24
467	5	626	29
468	5	365	24
468	5	626	29
469	5	365	24
469	5	574	29
469	5	1930	28
470	5	365	24
470	5	991	28
470	5	1304	29
471	5	365	24
471	5	626	27
471	5	939	29
471	5	2191	28
472	5	365	24
472	5	574	29
472	5	834	27
472	5	2035	28
473	5	365	24
473	5	626	27
473	5	939	29
473	5	1826	28
474	5	365	24
474	5	626	27
474	5	730	29
475	5	365	24
475	5	626	27
475	5	939	29
475	5	2243	28
476	5	365	24
476	5	1043	28
476	5	1356	29
477	5	365	24
477	5	626	27
477	5	939	29
478	5	365	24
478	5	626	27
478	5	939	29
479	5	365	24
480	5	365	24
480	5	626	27
480	5	939	29
481	5	365	24
481	5	626	27
481	5	782	29
481	5	1774	28
482	5	365	24
482	5	626	27
482	5	887	29
483	5	365	24
483	5	1356	28
483	5	1669	29
484	5	365	24
484	5	1930	28
484	5	2243	29
485	5	365	24
485	5	782	27
485	5	1095	28
485	5	1408	29
486	5	365	24
486	5	1148	28
486	5	1461	29
487	5	365	24
487	5	626	27
487	5	730	29
488	5	365	24
488	5	1148	28
488	5	1461	29
489	5	365	24
489	5	626	29
489	5	1722	28
490	5	365	24
490	5	626	27
490	5	939	29
490	5	1513	28
490	5	2295	25
491	5	365	24
491	5	626	27
491	5	782	29
491	5	1930	28
492	5	365	24
492	5	626	27
492	5	939	29
492	5	1669	28
493	5	365	24
493	5	626	27
493	5	939	29
494	5	365	24
494	5	626	27
494	5	730	29
495	5	365	24
495	5	626	27
495	5	939	29
495	5	1513	28
496	5	365	24
496	5	626	27
496	5	939	29
496	5	2243	28
497	5	365	24
497	5	626	27
497	5	678	29
498	5	365	24
498	5	626	27
498	5	782	29
499	5	365	24
499	5	626	27
499	5	782	29
500	5	365	24
500	5	626	29
500	5	1565	28
501	5	365	24
501	5	1095	28
501	5	1408	29
502	5	365	24
502	5	626	27
502	5	939	29
502	5	2243	28
503	5	365	24
503	5	626	29
503	5	1513	28
503	5	1878	30
503	5	2139	25
504	5	365	24
504	5	1252	28
504	5	1565	29
505	5	365	24
505	5	1095	28
505	5	1408	29
506	5	365	24
506	5	626	27
506	5	939	29
507	5	365	24
507	5	1252	28
507	5	1565	29
508	5	365	24
508	5	626	27
508	5	730	29
508	5	1878	28
508	5	2139	25
509	5	365	24
510	5	365	24
510	5	1878	28
510	5	2191	29
511	5	365	24
512	5	365	24
512	5	626	27
512	5	939	29
512	5	1565	28
513	5	365	24
513	5	626	27
513	5	939	29
513	5	1722	28
514	5	365	24
514	5	626	27
514	5	887	29
515	5	365	24
515	5	626	29
515	5	2035	28
516	5	365	24
516	5	1148	28
516	5	1461	29
517	5	365	24
517	5	1148	28
517	5	1461	29
518	5	365	24
518	5	626	27
518	5	939	29
518	5	1774	28
519	5	365	24
519	5	626	27
519	5	782	29
520	5	365	24
520	5	626	27
520	5	939	29
521	5	365	24
521	5	626	29
521	5	1722	28
522	5	365	24
522	5	626	27
522	5	939	29
522	5	1461	28
523	5	365	24
523	5	626	27
523	5	782	29
524	5	365	24
524	5	1930	28
524	5	2243	29
525	5	365	24
525	5	626	27
525	5	782	29
525	5	2139	28
526	5	365	24
526	5	991	28
526	5	1304	29
527	5	365	24
527	5	626	27
527	5	678	29
528	5	365	24
528	5	626	29
529	5	365	24
529	5	626	27
529	5	678	29
529	5	1617	28
529	5	2191	25
530	5	365	24
530	5	1095	28
530	5	1408	29
531	5	365	24
531	5	678	27
531	5	991	28
531	5	1304	29
532	5	365	24
532	5	626	27
532	5	939	29
533	5	365	24
533	5	1878	28
533	5	2191	29
534	5	365	24
534	5	626	27
534	5	678	29
534	5	2139	28
535	5	365	24
535	5	1200	28
535	5	1513	29
536	5	365	24
536	5	1043	28
536	5	1356	29
537	5	365	24
537	5	626	27
537	5	939	29
538	5	365	24
538	5	574	29
539	5	365	24
539	5	626	29
540	5	365	24
540	5	782	27
540	5	1095	28
540	5	1408	29
541	5	365	24
541	5	626	27
541	5	678	29
542	5	365	24
542	5	626	27
542	5	939	29
543	5	365	24
543	5	1043	28
543	5	1356	29
543	5	2295	25
544	5	365	24
544	5	626	27
544	5	678	29
544	5	1304	28
544	5	2139	25
545	5	365	24
545	5	626	27
545	5	939	29
546	5	365	24
546	5	1095	28
546	5	1408	29
547	5	365	24
547	5	626	27
547	5	939	29
547	5	1982	28
547	5	2243	25
548	5	365	24
548	5	1095	28
548	5	1408	29
549	5	365	24
549	5	1148	28
549	5	1461	29
550	5	365	24
550	5	626	27
550	5	730	29
550	5	1669	28
550	5	2139	25
551	5	365	24
551	5	626	29
551	5	1669	28
552	5	365	24
552	5	1148	28
552	5	1461	29
553	5	365	24
553	5	626	27
553	5	939	29
553	5	2035	28
554	5	365	24
554	5	574	29
554	5	2295	28
555	5	365	24
555	5	574	29
555	5	1461	28
555	5	1774	30
555	5	2035	25
556	5	365	24
556	5	626	27
556	5	939	29
556	5	1513	28
557	5	365	24
557	5	730	27
557	5	1043	28
557	5	1356	29
558	5	365	24
558	5	469	29
558	5	730	27
558	5	2191	28
559	5	365	24
559	5	626	27
559	5	939	29
559	5	1722	28
560	5	365	24
560	5	1148	28
560	5	1461	29
561	5	365	24
561	5	626	27
561	5	939	29
562	5	365	24
562	5	626	27
562	5	939	29
562	5	1669	28
563	5	365	24
563	5	626	27
563	5	939	29
563	5	1408	28
564	5	365	24
564	5	1148	28
564	5	1461	29
565	5	365	24
565	5	626	27
565	5	782	29
565	5	1826	28
565	5	2087	25
565	5	2243	30
566	5	365	24
566	5	626	27
566	5	730	29
567	5	365	24
567	5	626	27
567	5	834	29
568	5	365	24
568	5	574	29
568	5	834	27
569	5	365	24
569	5	626	27
569	5	939	29
569	5	1722	28
570	5	365	24
570	5	1148	28
570	5	1461	29
571	5	365	24
571	5	574	29
572	5	365	24
572	5	1200	28
572	5	1513	29
573	5	365	24
573	5	1930	28
573	5	2243	29
574	5	365	24
574	5	626	27
574	5	939	29
575	5	365	24
575	5	574	29
575	5	1513	28
576	5	365	24
576	5	1043	28
576	5	1356	29
577	5	365	24
577	5	626	27
577	5	678	29
578	5	365	24
578	5	626	27
578	5	939	29
578	5	2295	28
579	5	365	24
579	5	626	27
579	5	939	29
580	5	365	24
580	5	1513	28
580	5	1826	29
581	5	365	24
581	5	626	27
581	5	939	29
581	5	1722	28
582	5	365	24
582	5	626	27
582	5	939	29
582	5	1982	28
583	5	365	24
583	5	626	27
583	5	730	29
583	5	1617	28
584	5	365	24
584	5	574	29
584	5	834	27
585	5	365	24
585	5	626	29
585	5	1461	28
585	5	1878	30
586	5	365	24
586	5	626	27
586	5	939	29
586	5	1408	28
587	5	365	24
587	5	521	29
587	5	782	27
587	5	1774	28
588	5	365	24
588	5	626	27
588	5	939	29
589	5	365	24
589	5	626	27
589	5	678	29
589	5	1461	28
590	5	365	24
590	5	626	27
590	5	730	29
591	5	365	24
591	5	1200	28
591	5	1513	29
592	5	365	24
593	5	365	24
593	5	626	27
593	5	939	29
594	5	365	24
594	5	626	27
594	5	939	29
594	5	2035	28
595	5	365	24
595	5	626	29
595	5	1669	28
595	5	2191	25
596	5	365	24
596	5	626	27
596	5	939	29
596	5	1565	28
597	5	365	24
597	5	626	27
597	5	939	29
598	5	365	24
598	5	574	29
599	5	365	24
599	5	626	29
599	5	2243	28
600	5	365	24
600	5	1148	28
600	5	1461	29
601	5	365	24
601	5	626	27
601	5	782	29
602	5	365	24
602	5	834	27
602	5	1148	28
602	5	1461	29
603	5	365	24
603	5	626	27
603	5	939	29
604	5	365	24
604	5	626	27
604	5	939	29
604	5	1774	28
605	5	365	24
605	5	626	27
605	5	939	29
606	5	365	24
606	5	626	27
606	5	939	29
606	5	1513	28
607	5	365	24
607	5	626	29
607	5	2139	28
608	5	365	24
608	5	626	27
608	5	887	29
609	5	365	24
609	5	2087	28
610	5	365	24
610	5	1982	28
610	5	2295	29
611	5	365	24
611	5	626	27
611	5	939	29
611	5	2035	28
612	5	365	24
612	5	991	28
612	5	1304	29
613	5	365	24
613	5	991	28
613	5	1304	29
614	5	365	24
614	5	1043	28
614	5	1356	29
615	5	365	24
615	5	626	27
615	5	939	29
616	5	365	24
616	5	626	27
616	5	939	29
617	5	365	24
617	5	730	27
617	5	1043	28
617	5	1356	29
618	5	365	24
618	5	1826	28
618	5	2139	29
619	5	365	24
619	5	626	27
619	5	939	29
620	5	365	24
620	5	626	27
620	5	730	29
621	5	365	24
621	5	626	27
621	5	939	29
621	5	1565	28
622	5	365	24
622	5	574	29
623	5	365	24
623	5	626	27
623	5	939	29
624	5	365	24
624	5	626	27
624	5	678	29
625	5	365	24
625	5	782	27
625	5	1095	28
625	5	1408	29
626	5	365	24
626	5	626	27
626	5	939	29
627	5	365	24
627	5	626	27
627	5	939	29
628	5	365	24
628	5	626	27
628	5	939	29
629	5	365	24
629	5	626	27
629	5	939	29
629	5	2295	28
630	5	365	24
630	5	626	27
630	5	939	29
630	5	2035	28
631	5	365	24
631	5	626	27
631	5	939	29
631	5	2087	28
632	5	365	24
632	5	626	29
632	5	2087	28
633	5	365	24
633	5	1252	28
633	5	1565	29
634	5	365	24
634	5	1095	28
634	5	1408	29
635	5	365	24
635	5	1200	28
635	5	1513	29
636	5	365	24
636	5	1930	28
636	5	2243	29
637	5	365	24
637	5	626	27
637	5	939	29
638	5	365	24
638	5	991	28
638	5	1304	29
639	5	365	24
639	5	626	27
639	5	678	29
639	5	2295	28
640	5	365	24
640	5	626	27
640	5	939	29
641	5	365	24
641	5	626	27
641	5	939	29
642	5	365	24
642	5	1043	28
642	5	1356	29
643	5	365	24
643	5	1982	28
643	5	2295	29
644	5	365	24
644	5	626	27
644	5	887	29
645	5	365	24
645	5	626	27
645	5	939	29
645	5	1565	28
646	5	365	24
646	5	626	27
646	5	678	29
647	5	365	24
647	5	1095	28
647	5	1408	29
648	5	365	24
648	5	626	27
648	5	939	29
648	5	1722	28
649	5	365	24
649	5	626	27
649	5	730	29
650	5	365	24
650	5	1200	28
650	5	1513	29
651	5	365	24
651	5	626	27
651	5	678	29
652	5	365	24
652	5	626	27
652	5	939	29
653	5	365	24
653	5	626	27
653	5	939	29
654	5	365	24
654	5	626	27
654	5	939	29
655	5	365	24
655	5	626	27
655	5	939	29
655	5	1826	28
656	5	365	24
656	5	626	27
656	5	939	29
657	5	365	24
657	5	626	27
657	5	834	29
658	5	365	24
658	5	626	27
658	5	887	29
658	5	2087	28
659	5	365	24
659	5	1043	28
659	5	1356	29
660	5	365	24
660	5	626	27
660	5	939	29
661	5	365	24
661	5	626	27
661	5	678	29
662	5	365	24
662	5	626	27
662	5	887	29
662	5	1565	28
663	5	365	24
663	5	626	27
663	5	939	29
664	5	365	24
664	5	626	27
664	5	678	29
664	5	1982	28
664	5	2295	25
665	5	365	24
665	5	626	27
665	5	678	29
666	5	365	24
666	5	626	27
666	5	678	29
667	5	365	24
667	5	626	27
667	5	730	29
668	5	365	24
668	5	626	27
668	5	939	29
668	5	1930	28
669	5	365	24
669	5	626	27
669	5	939	29
669	5	1826	28
670	5	365	24
670	5	626	27
670	5	939	29
670	5	1930	28
671	5	365	24
671	5	626	27
671	5	939	29
672	5	365	24
672	5	626	27
672	5	939	29
672	5	2243	28
673	5	365	24
673	5	626	27
673	5	939	29
674	5	365	24
674	5	626	27
674	5	939	29
674	5	1565	28
675	5	365	24
675	5	626	27
675	5	939	29
675	5	1617	28
676	5	365	24
676	5	626	29
676	5	1826	28
677	5	365	24
677	5	626	27
677	5	939	29
677	5	1513	28
678	5	365	24
678	5	626	29
678	5	887	27
679	5	365	24
679	5	730	27
679	5	1043	28
679	5	1356	29
680	5	365	24
680	5	626	27
680	5	939	29
680	5	1617	28
681	5	365	24
681	5	626	27
681	5	939	29
682	5	365	24
682	5	626	27
682	5	678	29
683	5	365	24
683	5	1043	28
683	5	1356	29
684	5	365	24
684	5	626	27
684	5	939	29
684	5	1617	28
685	5	365	24
685	5	626	27
685	5	730	29
685	5	2295	28
686	5	365	24
686	5	626	27
686	5	730	29
687	5	365	24
687	5	1148	28
687	5	1461	29
688	5	365	24
688	5	1095	28
688	5	1408	29
689	5	365	24
689	5	1043	28
689	5	1356	29
690	5	365	24
690	5	626	27
690	5	939	29
691	5	365	24
691	5	626	27
691	5	730	29
691	5	1982	28
691	5	2243	25
692	5	365	24
692	5	626	27
692	5	939	29
693	5	365	24
693	5	626	27
693	5	887	29
693	5	2295	28
694	5	365	24
694	5	626	27
694	5	939	29
695	5	365	24
695	5	574	29
695	5	2243	28
696	5	365	24
696	5	626	27
696	5	939	29
697	5	365	24
697	5	574	29
697	5	834	27
697	5	1722	28
698	5	365	24
698	5	1200	28
698	5	1513	29
699	5	365	24
699	5	626	27
699	5	939	29
700	5	365	24
700	5	626	27
700	5	939	29
701	5	365	24
701	5	626	27
701	5	939	29
701	5	1565	28
702	5	365	24
702	5	626	27
702	5	939	29
703	5	365	24
703	5	521	29
703	5	782	27
703	5	1565	28
704	5	365	24
704	5	1617	28
704	5	1930	29
705	5	365	24
705	5	626	27
705	5	939	29
705	5	1930	28
706	5	365	24
706	5	574	29
707	5	365	24
707	5	626	27
707	5	782	29
708	5	365	24
708	5	991	28
708	5	1304	29
709	5	365	24
709	5	626	27
709	5	887	29
709	5	2139	28
710	5	365	24
710	5	626	27
710	5	939	29
711	5	365	24
711	5	678	27
711	5	991	28
711	5	1304	29
711	5	2191	25
712	5	365	24
712	5	626	27
712	5	939	29
713	5	365	24
713	5	782	27
713	5	1095	28
713	5	1408	29
714	5	365	24
714	5	626	27
714	5	678	29
715	5	365	24
715	5	626	27
715	5	939	29
715	5	2243	28
716	5	365	24
716	5	626	29
716	5	1722	28
717	5	365	24
717	5	626	27
717	5	939	29
717	5	1565	28
718	5	365	24
718	5	626	27
718	5	678	29
719	5	365	24
719	5	626	27
719	5	939	29
720	5	365	24
720	5	1826	28
720	5	2139	29
721	5	365	24
721	5	626	27
721	5	939	29
721	5	1617	28
722	5	365	24
722	5	521	29
722	5	782	27
722	5	1617	28
723	5	365	24
723	5	469	29
723	5	1930	28
724	5	365	24
724	5	626	27
724	5	939	29
725	5	365	24
725	5	626	27
725	5	834	29
726	5	365	24
726	5	626	27
726	5	939	29
726	5	1408	28
727	5	365	24
727	5	991	28
727	5	1304	29
728	5	365	24
728	5	1513	28
728	5	1826	29
729	5	365	24
729	5	626	27
729	5	730	29
730	5	365	24
730	5	626	27
730	5	939	29
731	5	365	24
731	5	626	29
732	5	365	24
732	5	626	27
732	5	887	29
733	5	365	24
733	5	626	29
733	5	887	27
734	5	365	24
734	5	521	29
734	5	782	27
734	5	1722	28
735	5	365	24
735	5	1878	28
735	5	2191	29
736	5	365	24
736	5	626	27
736	5	939	29
737	5	365	24
737	5	626	27
737	5	678	29
737	5	2087	28
738	5	365	24
738	5	626	27
738	5	730	29
738	5	1930	28
738	5	2191	25
739	5	365	24
739	5	1043	28
739	5	1356	29
740	5	365	24
740	5	2191	28
741	5	365	24
741	5	626	27
741	5	887	29
742	5	365	24
742	5	626	27
742	5	678	29
742	5	1878	28
742	5	2139	25
743	5	365	24
743	5	626	29
743	5	2295	28
744	5	365	24
744	5	1043	28
744	5	1356	29
744	5	2295	25
745	5	365	24
745	5	626	27
745	5	939	29
746	5	365	24
746	5	1148	28
746	5	1461	29
747	5	365	24
747	5	626	27
747	5	939	29
748	5	365	24
748	5	1826	28
748	5	2139	29
749	5	365	24
749	5	887	27
749	5	1200	28
749	5	1513	29
750	5	365	24
750	5	626	27
750	5	678	29
750	5	2295	28
751	5	365	24
751	5	626	27
751	5	939	29
752	5	365	24
752	5	626	27
752	5	939	29
752	5	1617	28
753	5	365	24
753	5	626	27
753	5	782	29
753	5	1982	28
753	5	2243	25
754	5	365	24
754	5	626	29
755	5	365	24
755	5	626	29
756	5	365	24
756	5	626	29
756	5	1669	28
757	5	365	24
757	5	1148	28
757	5	1461	29
758	5	365	24
758	5	626	29
759	5	365	24
759	5	1148	28
759	5	1461	29
760	5	365	24
760	5	626	27
760	5	939	29
761	5	365	24
761	5	626	27
761	5	939	29
761	5	2035	28
762	5	365	24
762	5	626	27
762	5	939	29
763	5	365	24
763	5	1043	28
763	5	1356	29
764	5	365	24
764	5	626	27
764	5	939	29
765	5	365	24
765	5	626	29
766	5	365	24
766	5	626	27
766	5	834	29
767	5	365	24
767	5	1043	28
767	5	1356	29
768	5	365	24
768	5	1200	28
768	5	1513	29
769	5	365	24
769	5	626	27
769	5	939	29
770	5	365	24
770	5	1826	28
770	5	2139	29
771	5	365	24
771	5	1043	28
771	5	1356	29
772	5	365	24
772	5	626	27
772	5	939	29
773	5	365	24
773	5	1200	28
773	5	1513	29
774	5	365	24
774	5	574	29
774	5	1774	28
775	5	365	24
775	5	626	27
775	5	939	29
776	5	365	24
776	5	574	29
776	5	1826	28
776	5	2243	25
777	5	365	24
777	5	1878	28
777	5	2191	29
778	5	365	24
778	5	626	27
778	5	730	29
779	5	365	24
779	5	991	28
779	5	1304	29
780	5	365	24
780	5	626	27
780	5	939	29
781	5	365	24
781	5	626	27
781	5	834	29
781	5	2295	28
782	5	365	24
782	5	626	27
782	5	939	29
783	5	365	24
783	5	1148	28
783	5	1461	29
784	5	365	24
784	5	626	27
784	5	730	29
785	5	365	24
785	5	626	27
785	5	782	29
786	5	365	24
786	5	626	27
786	5	939	29
787	5	365	24
787	5	1148	28
787	5	1461	29
788	5	365	24
788	5	626	27
788	5	782	29
789	5	365	24
789	5	782	27
789	5	1095	28
789	5	1408	29
790	5	365	24
790	5	626	27
790	5	939	29
790	5	2087	28
791	5	365	24
791	5	1095	28
791	5	1408	29
792	5	365	24
792	5	626	27
792	5	887	29
793	5	365	24
793	5	626	29
793	5	2139	28
794	5	365	24
794	5	574	29
795	5	365	24
795	5	730	27
795	5	1043	28
795	5	1356	29
796	5	365	24
796	5	1148	28
796	5	1461	29
797	5	365	24
797	5	626	27
797	5	834	29
798	5	365	24
798	5	626	27
798	5	939	29
798	5	2035	28
799	5	365	24
799	5	2035	28
800	5	365	24
800	5	1095	28
800	5	1408	29
801	5	365	24
801	5	1148	28
801	5	1461	29
802	5	365	24
802	5	626	27
802	5	887	29
803	5	365	24
803	5	626	27
803	5	939	29
804	5	365	24
804	5	626	27
804	5	782	29
805	5	365	24
805	5	2035	28
806	5	365	24
806	5	1148	28
806	5	1461	29
807	5	365	24
807	5	626	27
807	5	678	29
807	5	1565	28
808	5	365	24
808	5	1878	28
808	5	2191	29
809	5	365	24
809	5	1356	28
809	5	1669	29
810	5	365	24
810	5	626	27
810	5	730	29
811	5	365	24
811	5	574	29
812	5	365	24
812	5	626	27
812	5	678	29
812	5	2035	28
812	5	2295	25
813	5	365	24
813	5	626	27
813	5	939	29
814	5	365	24
814	5	626	27
814	5	939	29
815	5	365	24
815	5	574	29
816	5	365	24
816	5	678	27
816	5	991	28
816	5	1304	29
817	5	365	24
817	5	1930	28
817	5	2243	29
818	5	365	24
818	5	626	27
818	5	939	29
819	5	365	24
819	5	1200	28
819	5	1513	29
820	5	365	24
820	5	626	27
820	5	939	29
821	5	365	24
821	5	1043	28
821	5	1356	29
822	5	365	24
822	5	574	29
822	5	2243	28
823	5	365	24
823	5	626	27
823	5	678	29
823	5	1878	28
823	5	2139	25
824	5	365	24
824	5	626	27
824	5	939	29
824	5	1669	28
825	5	365	24
825	5	626	27
825	5	939	29
825	5	1669	28
826	5	365	24
826	5	626	27
826	5	939	29
826	5	1722	28
827	5	365	24
827	5	626	27
827	5	939	29
828	5	365	24
828	5	1148	28
828	5	1461	29
829	5	365	24
829	5	1878	28
829	5	2191	29
830	5	365	24
830	5	626	27
830	5	939	29
831	5	365	24
831	5	574	29
831	5	887	27
831	5	1461	28
831	5	2087	25
831	5	2191	30
832	5	365	24
832	5	626	27
832	5	730	29
832	5	1774	28
832	5	2087	25
833	5	365	24
833	5	1043	28
833	5	1356	29
834	5	365	24
834	5	626	27
834	5	730	29
834	5	1930	28
834	5	2191	25
835	5	365	24
835	5	626	27
835	5	939	29
836	5	365	24
836	5	1930	28
836	5	2243	29
837	5	365	24
837	5	991	28
837	5	1304	29
838	5	365	24
838	5	574	29
838	5	834	27
838	5	2087	28
839	5	365	24
839	5	1200	28
839	5	1513	29
840	5	365	24
840	5	574	29
840	5	1461	28
841	5	365	24
841	5	626	27
841	5	782	29
842	5	365	24
842	5	626	27
842	5	939	29
842	5	1722	28
843	5	365	24
843	5	626	27
843	5	678	29
843	5	1722	28
843	5	1982	25
843	5	2087	30
844	5	365	24
844	5	730	27
844	5	1043	28
844	5	1356	29
845	5	365	24
845	5	1095	28
845	5	1408	29
846	5	365	24
846	5	1200	28
846	5	1513	29
847	5	365	24
847	5	1095	28
847	5	1408	29
848	5	365	24
848	5	521	29
848	5	782	27
849	5	365	24
849	5	834	27
849	5	1148	28
849	5	1461	29
850	5	365	24
850	5	574	29
850	5	834	27
850	5	1252	28
851	5	365	24
851	5	1930	28
851	5	2243	29
852	5	365	24
852	5	626	27
852	5	939	29
853	5	365	24
853	5	1095	28
853	5	1408	29
854	5	365	24
854	5	730	27
854	5	1043	28
854	5	1356	29
855	5	365	24
855	5	626	27
855	5	730	29
856	5	365	24
856	5	626	27
856	5	730	29
857	5	365	24
857	5	1095	28
857	5	1408	29
858	5	365	24
858	5	626	27
858	5	939	29
858	5	1617	28
859	5	365	24
859	5	626	27
859	5	939	29
860	5	365	24
860	5	1252	28
860	5	1565	29
861	5	365	24
861	5	626	27
861	5	782	29
862	5	365	24
862	5	1200	28
862	5	1513	29
863	5	365	24
863	5	626	29
863	5	887	27
864	5	365	24
864	5	574	29
864	5	1722	28
864	5	2139	25
865	5	365	24
865	5	626	29
866	5	365	24
866	5	626	29
867	5	365	24
867	5	626	27
867	5	939	29
868	5	365	24
868	5	626	27
868	5	782	29
869	5	365	24
869	5	626	27
869	5	939	29
869	5	1565	28
870	5	365	24
870	5	834	27
870	5	1148	28
870	5	1461	29
871	5	365	24
871	5	1043	28
871	5	1356	29
872	5	365	24
873	5	365	24
873	5	626	27
873	5	678	29
873	5	1774	28
874	5	365	24
875	5	365	24
875	5	626	27
875	5	782	29
876	5	365	24
876	5	626	27
876	5	730	29
877	5	365	24
877	5	574	29
877	5	1513	28
878	5	365	24
878	5	1043	28
878	5	1356	29
879	5	365	24
879	5	626	27
879	5	834	29
879	5	2243	28
880	5	365	24
880	5	626	27
880	5	678	29
881	5	365	24
881	5	626	27
881	5	939	29
882	5	365	24
882	5	1148	28
882	5	1461	29
883	5	365	24
883	5	1252	28
883	5	1565	29
884	5	365	24
884	5	626	27
884	5	782	29
885	5	365	24
885	5	626	27
885	5	730	29
885	5	1722	28
886	5	365	24
886	5	626	27
886	5	939	29
886	5	2295	28
887	5	365	24
887	5	626	27
887	5	939	29
888	5	365	24
888	5	626	27
888	5	939	29
889	5	365	24
889	5	1148	28
889	5	1461	29
890	5	365	24
890	5	1148	28
890	5	1461	29
891	5	365	24
891	5	626	27
891	5	678	29
892	5	365	24
892	5	1200	28
892	5	1513	29
893	5	365	24
893	5	626	27
893	5	782	29
894	5	365	24
894	5	626	27
894	5	887	29
895	5	365	24
895	5	626	27
895	5	782	29
895	5	1982	28
896	5	365	24
896	5	626	27
896	5	678	29
897	5	365	24
897	5	626	27
897	5	678	29
898	5	365	24
898	5	521	29
898	5	782	27
898	5	1304	28
899	5	365	24
899	5	626	29
899	5	887	27
899	5	2295	28
900	5	365	24
900	5	626	27
900	5	939	29
900	5	2087	28
901	5	365	24
901	5	626	29
902	5	365	24
902	5	626	27
902	5	939	29
902	5	1513	28
903	5	365	24
903	5	469	29
903	5	834	27
903	5	1513	28
903	5	2243	25
904	5	365	24
905	5	365	24
905	5	730	27
905	5	1043	28
905	5	1356	29
906	5	365	24
906	5	626	27
906	5	678	29
907	5	365	24
907	5	1722	28
907	5	2035	29
908	5	365	24
908	5	626	27
908	5	782	29
909	5	365	24
909	5	1669	28
909	5	1982	29
910	5	365	24
910	5	991	28
910	5	1304	29
911	5	365	24
911	5	626	27
911	5	939	29
912	5	365	24
912	5	626	27
912	5	834	29
913	5	365	24
913	5	1148	28
913	5	1461	29
914	5	365	24
914	5	626	27
914	5	939	29
914	5	1565	28
915	5	365	24
915	5	1095	28
915	5	1408	29
916	5	365	24
916	5	626	27
916	5	678	29
917	5	365	24
917	5	626	27
917	5	834	29
917	5	2087	28
918	5	365	24
918	5	1095	28
918	5	1408	29
919	5	365	24
919	5	1043	28
919	5	1356	29
920	5	365	24
920	5	626	27
920	5	939	29
921	5	365	24
921	5	626	27
921	5	939	29
922	5	365	24
922	5	626	27
922	5	939	29
923	5	365	24
923	5	1043	28
923	5	1356	29
924	5	365	24
924	5	626	27
924	5	887	29
924	5	1774	28
925	5	365	24
925	5	626	27
925	5	678	29
926	5	365	24
926	5	626	27
926	5	887	29
926	5	2139	28
927	5	365	24
927	5	626	27
927	5	939	29
927	5	1669	28
928	5	365	24
929	5	365	24
929	5	626	27
929	5	730	29
930	5	365	24
930	5	626	27
930	5	939	29
931	5	365	24
931	5	626	29
931	5	1565	28
932	5	365	24
932	5	678	27
932	5	991	28
932	5	1304	29
933	5	365	24
933	5	1095	28
933	5	1408	29
934	5	365	24
934	5	626	27
934	5	939	29
935	5	365	24
935	5	626	27
935	5	678	29
936	5	365	24
936	5	626	27
936	5	939	29
936	5	2243	28
937	5	365	24
937	5	626	27
937	5	939	29
937	5	2295	28
938	5	365	24
938	5	626	27
938	5	939	29
938	5	1982	28
939	5	365	24
939	5	782	27
939	5	1095	28
939	5	1408	29
940	5	365	24
940	5	521	29
940	5	1095	28
941	5	365	24
941	5	626	27
941	5	678	29
941	5	2087	28
942	5	365	24
942	5	574	29
942	5	1722	28
943	5	365	24
943	5	626	27
943	5	939	29
944	5	365	24
944	5	626	27
944	5	939	29
944	5	1982	28
945	5	365	24
945	5	1148	28
945	5	1461	29
946	5	365	24
946	5	626	27
946	5	939	29
946	5	1930	28
947	5	365	24
947	5	626	27
947	5	730	29
947	5	1669	28
947	5	2139	25
948	5	365	24
948	5	626	27
948	5	730	29
949	5	365	24
949	5	521	29
949	5	782	27
949	5	1669	28
950	5	365	24
950	5	626	27
950	5	678	29
951	5	365	24
951	5	1669	28
951	5	1982	29
952	5	365	24
952	5	1513	28
952	5	1826	29
953	5	365	24
953	5	626	27
953	5	678	29
954	5	365	24
954	5	574	29
954	5	2191	28
955	5	365	24
955	5	730	27
955	5	1043	28
955	5	1356	29
956	5	365	24
956	5	626	27
956	5	939	29
957	5	365	24
957	5	1043	28
957	5	1356	29
958	5	365	24
958	5	626	27
958	5	939	29
959	5	365	24
959	5	1774	28
959	5	2087	29
960	5	365	24
960	5	626	27
960	5	939	29
961	5	365	24
961	5	626	27
961	5	887	29
962	5	365	24
962	5	1878	28
962	5	2191	29
963	5	365	24
963	5	626	27
963	5	730	29
964	5	365	24
964	5	626	27
964	5	678	29
964	5	1878	28
964	5	2243	25
965	5	365	24
965	5	626	27
965	5	939	29
965	5	1774	28
966	5	365	24
966	5	574	29
966	5	834	27
966	5	2295	28
967	5	365	24
967	5	678	27
967	5	991	28
967	5	1304	29
968	5	365	24
968	5	626	27
968	5	887	29
969	5	365	24
969	5	626	27
969	5	782	29
969	5	1617	28
970	5	365	24
970	5	2243	28
971	5	365	24
971	5	626	29
971	5	887	27
972	5	365	24
972	5	574	29
972	5	1565	28
972	5	2191	30
973	5	365	24
973	5	626	27
973	5	887	29
974	5	365	24
974	5	626	27
974	5	834	29
975	5	365	24
975	5	1095	28
975	5	1408	29
976	5	365	24
976	5	626	27
976	5	834	29
976	5	1461	28
977	5	365	24
977	5	1356	28
977	5	1669	29
978	5	365	24
978	5	626	27
978	5	730	29
979	5	365	24
979	5	1148	28
979	5	1461	29
980	5	365	24
980	5	1252	28
980	5	1565	29
981	5	365	24
981	5	626	27
981	5	939	29
981	5	1513	28
982	5	365	24
982	5	626	27
982	5	887	29
983	5	365	24
983	5	574	29
984	5	365	24
984	5	626	27
984	5	939	29
984	5	1722	28
985	5	365	24
985	5	1043	28
985	5	1356	29
985	5	2295	25
986	5	365	24
986	5	1982	28
986	5	2295	29
987	5	365	24
987	5	730	27
987	5	1043	28
987	5	1356	29
988	5	365	24
988	5	626	27
988	5	782	29
989	5	365	24
989	5	626	29
990	5	365	24
990	5	1304	28
990	5	1617	29
991	5	365	24
991	5	730	27
991	5	1043	28
991	5	1356	29
992	5	365	24
992	5	1304	28
992	5	1617	29
993	5	365	24
993	5	626	27
993	5	939	29
994	5	365	24
994	5	1826	28
994	5	2139	29
995	5	365	24
995	5	626	29
995	5	2295	28
996	5	365	24
996	5	1043	28
996	5	1356	29
997	5	365	24
997	5	2035	28
998	5	365	24
998	5	626	27
998	5	939	29
998	5	1826	28
998	5	2139	25
999	5	365	24
999	5	1200	28
999	5	1513	29
