Realization	utility	week	infra.
0	0	626	29
1	0	626	29
2	0	782	29
3	0	1200	29
4	0	782	29
4	0	2243	30
5	0	678	29
6	0	939	29
7	0	1774	29
8	0	991	29
10	0	626	29
12	0	1982	29
13	0	1878	29
14	0	626	29
15	0	730	29
16	0	678	29
17	0	626	29
18	0	730	29
19	0	1930	29
20	0	782	29
21	0	626	29
22	0	1722	29
23	0	678	29
24	0	678	29
25	0	1774	29
26	0	939	29
27	0	626	29
28	0	1565	29
29	0	1669	29
30	0	1408	29
31	0	834	29
32	0	1200	29
33	0	1043	29
34	0	1565	29
35	0	730	29
36	0	730	29
37	0	991	29
38	0	887	29
39	0	834	29
40	0	574	29
40	0	2139	30
41	0	1565	29
42	0	1565	29
43	0	678	29
45	0	991	29
46	0	730	29
47	0	1252	29
49	0	782	29
52	0	1774	29
53	0	730	29
55	0	834	29
56	0	1982	29
57	0	678	29
58	0	782	29
59	0	782	29
60	0	1930	29
61	0	834	29
62	0	782	29
63	0	887	29
64	0	1982	29
65	0	887	29
66	0	1356	29
67	0	1617	29
68	0	1617	29
69	0	1722	29
70	0	939	29
71	0	1148	29
74	0	1669	29
75	0	678	29
76	0	1513	29
77	0	2295	29
78	0	2139	29
79	0	1617	29
80	0	730	29
81	0	887	29
82	0	1252	29
83	0	1878	29
84	0	834	29
86	0	1930	29
87	0	626	29
87	0	2191	30
88	0	1565	29
89	0	1617	29
90	0	1461	29
91	0	939	29
92	0	678	29
93	0	2139	29
95	0	1722	29
96	0	1148	29
97	0	1982	29
99	0	1878	29
100	0	2139	29
101	0	887	29
102	0	834	29
103	0	1722	29
104	0	834	29
106	0	1565	29
107	0	574	29
108	0	678	29
109	0	2087	29
110	0	626	29
111	0	887	29
112	0	1565	29
113	0	626	29
114	0	1148	29
115	0	1565	29
116	0	2243	29
117	0	2243	29
118	0	1252	29
119	0	1356	29
120	0	1617	29
121	0	2139	29
122	0	678	29
124	0	678	29
125	0	782	29
126	0	574	29
127	0	626	29
128	0	574	29
129	0	1930	29
130	0	782	29
131	0	887	29
132	0	626	29
133	0	887	29
134	0	1617	29
135	0	678	29
136	0	626	29
136	0	1826	30
137	0	939	29
138	0	626	29
138	0	2191	30
139	0	730	29
139	0	2035	30
141	0	782	29
142	0	1669	29
143	0	1304	29
145	0	1304	29
146	0	730	29
147	0	887	29
148	0	2191	29
149	0	730	29
150	0	730	29
151	0	1722	29
152	0	782	29
153	0	1043	29
154	0	678	29
155	0	574	29
156	0	678	29
158	0	834	29
159	0	574	29
160	0	1565	29
162	0	1148	29
163	0	1982	29
164	0	730	29
165	0	834	29
167	0	1982	29
169	0	626	29
170	0	626	29
171	0	1722	29
172	0	1148	29
173	0	2139	29
174	0	1669	29
175	0	834	29
176	0	678	29
177	0	1722	29
179	0	782	29
181	0	678	29
182	0	1565	29
183	0	678	29
184	0	1930	29
185	0	782	29
187	0	1565	29
188	0	1982	29
189	0	1565	29
190	0	1200	29
191	0	678	29
192	0	939	29
193	0	939	29
194	0	1565	29
196	0	626	29
196	0	1826	30
198	0	887	29
199	0	678	29
200	0	1200	29
201	0	1878	29
202	0	1774	29
203	0	1617	29
204	0	834	29
205	0	2087	29
206	0	626	29
206	0	1774	30
207	0	626	29
208	0	626	29
210	0	782	29
211	0	1722	29
212	0	1669	29
214	0	1669	29
215	0	1304	29
216	0	1774	29
217	0	1200	29
218	0	834	29
220	0	2243	29
221	0	1043	29
222	0	1982	29
223	0	1617	29
224	0	1669	29
225	0	678	29
226	0	730	29
227	0	887	29
228	0	626	29
229	0	1565	29
230	0	626	29
231	0	626	29
232	0	678	29
233	0	1408	29
236	0	1774	29
237	0	1669	29
239	0	2035	29
240	0	626	29
241	0	1565	29
242	0	939	29
243	0	626	29
243	0	2295	30
244	0	678	29
245	0	1982	29
248	0	730	29
249	0	626	29
250	0	626	29
251	0	887	29
252	0	2191	29
253	0	1669	29
255	0	1774	29
256	0	1617	29
257	0	1252	29
258	0	626	29
259	0	678	29
260	0	730	29
262	0	1722	29
263	0	1617	29
264	0	939	29
265	0	730	29
266	0	887	29
267	0	626	29
268	0	1148	29
269	0	678	29
270	0	1617	29
271	0	782	29
272	0	626	29
272	0	1982	30
274	0	1982	29
277	0	1617	29
279	0	1304	29
280	0	1565	29
283	0	1304	29
284	0	626	29
284	0	1930	30
285	0	1148	29
286	0	626	29
287	0	1304	29
288	0	834	29
291	0	991	29
292	0	2295	29
293	0	574	29
294	0	678	29
295	0	1930	29
296	0	678	29
297	0	2191	29
298	0	1669	29
299	0	730	29
300	0	1878	29
301	0	626	29
302	0	626	29
303	0	678	29
303	0	1930	30
304	0	626	29
306	0	678	29
307	0	1200	29
308	0	1148	29
309	0	626	29
309	0	2139	30
310	0	782	29
311	0	1722	29
312	0	1878	29
313	0	1565	29
314	0	2087	29
315	0	991	29
317	0	1304	29
318	0	2295	29
320	0	1408	29
321	0	626	29
322	0	782	29
323	0	2035	29
324	0	1513	29
325	0	1304	29
326	0	626	29
327	0	1252	29
328	0	1617	29
329	0	2243	29
330	0	1565	29
331	0	678	29
332	0	834	29
333	0	730	29
334	0	1356	29
335	0	574	29
336	0	678	29
337	0	1722	29
338	0	1878	29
339	0	782	29
340	0	1304	29
341	0	1200	29
342	0	678	29
343	0	574	29
345	0	939	29
346	0	834	29
347	0	730	29
348	0	678	29
349	0	730	29
351	0	834	29
352	0	939	29
353	0	678	29
354	0	574	29
355	0	730	29
356	0	1669	29
357	0	887	29
358	0	1148	29
360	0	1565	29
361	0	939	29
362	0	2087	29
364	0	678	29
366	0	1617	29
367	0	834	29
368	0	626	29
368	0	1878	30
369	0	678	29
370	0	1669	29
371	0	782	29
372	0	1669	29
373	0	1722	29
374	0	2295	29
375	0	1408	29
376	0	887	29
377	0	1408	29
378	0	1252	29
379	0	730	29
380	0	1774	29
381	0	1252	29
382	0	730	29
383	0	1408	29
384	0	834	29
385	0	1043	29
386	0	887	29
387	0	782	29
388	0	2139	29
389	0	678	29
390	0	678	29
391	0	730	29
392	0	1826	29
393	0	521	29
394	0	939	29
395	0	991	29
396	0	678	29
396	0	1826	30
397	0	1356	29
398	0	939	29
399	0	626	29
400	0	887	29
401	0	2295	29
402	0	991	29
403	0	2087	29
404	0	1669	29
405	0	1930	29
406	0	782	29
407	0	1252	29
409	0	1878	29
410	0	1774	29
411	0	678	29
411	0	2295	30
412	0	626	29
412	0	1878	30
413	0	574	29
413	0	1930	30
414	0	834	29
415	0	678	29
416	0	2295	29
417	0	678	29
418	0	834	29
419	0	678	29
420	0	1722	29
421	0	2087	29
422	0	1722	29
423	0	1095	29
424	0	626	29
424	0	2139	30
425	0	991	29
426	0	1148	29
427	0	2243	29
428	0	678	29
429	0	887	29
430	0	782	29
431	0	626	29
432	0	834	29
433	0	991	29
434	0	782	29
434	0	2191	30
435	0	574	29
436	0	678	29
437	0	730	29
438	0	939	29
439	0	1774	29
440	0	1565	29
442	0	1095	29
443	0	1617	29
445	0	678	29
446	0	1617	29
448	0	1826	29
449	0	2243	29
451	0	1617	29
452	0	834	29
453	0	574	29
454	0	2191	29
455	0	1304	29
456	0	1461	29
457	0	1565	29
459	0	1774	29
460	0	626	29
461	0	626	29
462	0	1043	29
463	0	887	29
464	0	1722	29
465	0	678	29
466	0	678	29
467	0	626	29
468	0	678	29
469	0	574	29
470	0	2295	29
471	0	1982	29
472	0	782	29
473	0	1565	29
474	0	730	29
475	0	1774	29
476	0	2139	29
477	0	1774	29
478	0	1043	29
480	0	1565	29
481	0	782	29
482	0	782	29
484	0	2139	29
485	0	1982	29
486	0	1408	29
487	0	730	29
488	0	1408	29
489	0	626	29
490	0	1617	29
491	0	887	29
492	0	1148	29
493	0	1565	29
494	0	834	29
495	0	1669	29
496	0	991	29
497	0	626	29
498	0	991	29
499	0	730	29
500	0	626	29
500	0	2035	30
501	0	1461	29
502	0	1617	29
503	0	626	29
503	0	1878	30
505	0	2139	29
506	0	1930	29
508	0	782	29
510	0	2087	29
512	0	1095	29
513	0	1095	29
514	0	834	29
515	0	678	29
516	0	1461	29
517	0	1408	29
518	0	1826	29
519	0	782	29
520	0	834	29
521	0	626	29
522	0	1565	29
523	0	730	29
525	0	834	29
526	0	2087	29
527	0	626	29
528	0	574	29
529	0	678	29
529	0	1930	30
530	0	1356	29
531	0	1148	29
532	0	1774	29
533	0	2191	29
534	0	626	29
536	0	2139	29
537	0	1043	29
538	0	678	29
539	0	626	29
540	0	2087	29
541	0	678	29
542	0	1774	29
543	0	1252	29
544	0	730	29
545	0	1617	29
546	0	1252	29
547	0	887	29
548	0	2139	29
549	0	1408	29
550	0	678	29
551	0	626	29
551	0	2139	30
552	0	2191	29
553	0	1617	29
554	0	574	29
555	0	626	29
555	0	1878	30
556	0	1617	29
557	0	2243	29
558	0	626	29
559	0	1043	29
560	0	2191	29
561	0	1669	29
562	0	1148	29
563	0	1565	29
564	0	2191	29
565	0	782	29
566	0	730	29
567	0	1565	29
568	0	678	29
569	0	1774	29
570	0	1461	29
571	0	626	29
572	0	2295	29
574	0	991	29
575	0	521	29
576	0	1304	29
577	0	730	29
578	0	1826	29
579	0	1669	29
581	0	1252	29
582	0	1565	29
583	0	678	29
584	0	730	29
585	0	626	29
585	0	1826	30
586	0	1565	29
587	0	574	29
588	0	887	29
589	0	834	29
590	0	730	29
593	0	1565	29
594	0	1617	29
595	0	678	29
595	0	2035	30
596	0	1565	29
597	0	1565	29
598	0	626	29
599	0	678	29
601	0	730	29
602	0	2087	29
603	0	939	29
604	0	1617	29
605	0	1930	29
606	0	991	29
607	0	626	29
608	0	834	29
611	0	1565	29
612	0	1148	29
613	0	2139	29
614	0	1200	29
615	0	1722	29
616	0	1200	29
617	0	1982	29
619	0	1774	29
620	0	678	29
621	0	1095	29
622	0	626	29
623	0	1930	29
624	0	782	29
625	0	1200	29
626	0	887	29
627	0	887	29
628	0	991	29
629	0	1722	29
630	0	1669	29
631	0	887	29
632	0	626	29
633	0	1669	29
634	0	1304	29
635	0	1513	29
637	0	1930	29
638	0	1930	29
639	0	730	29
640	0	1617	29
641	0	939	29
642	0	2035	29
644	0	834	29
645	0	1617	29
646	0	626	29
647	0	2295	29
648	0	1669	29
649	0	782	29
651	0	834	29
652	0	939	29
653	0	939	29
654	0	1669	29
655	0	1565	29
656	0	991	29
657	0	834	29
658	0	834	29
659	0	1148	29
660	0	1722	29
661	0	834	29
662	0	1565	29
663	0	1878	29
664	0	730	29
665	0	730	29
666	0	626	29
667	0	678	29
668	0	1826	29
669	0	1669	29
670	0	1722	29
671	0	2035	29
672	0	1722	29
673	0	1617	29
674	0	1565	29
675	0	1148	29
676	0	574	29
677	0	991	29
678	0	678	29
679	0	2035	29
680	0	1148	29
681	0	1774	29
682	0	834	29
683	0	2035	29
684	0	1148	29
685	0	939	29
686	0	782	29
687	0	2243	29
688	0	2035	29
689	0	1356	29
690	0	939	29
691	0	730	29
692	0	939	29
693	0	834	29
694	0	887	29
695	0	574	29
696	0	1722	29
697	0	730	29
698	0	2295	29
699	0	991	29
700	0	939	29
701	0	1043	29
702	0	939	29
703	0	782	29
705	0	1826	29
706	0	626	29
707	0	782	29
708	0	1252	29
709	0	834	29
710	0	887	29
711	0	1148	29
712	0	1669	29
714	0	678	29
715	0	1617	29
716	0	574	29
717	0	1148	29
718	0	782	29
719	0	1722	29
721	0	1565	29
722	0	678	29
723	0	834	29
724	0	1565	29
725	0	782	29
726	0	991	29
727	0	2035	29
728	0	1982	29
729	0	782	29
730	0	1565	29
731	0	678	29
732	0	834	29
733	0	782	29
734	0	678	29
735	0	2139	29
736	0	1878	29
737	0	678	29
738	0	834	29
739	0	1200	29
741	0	887	29
742	0	626	29
743	0	574	29
744	0	1252	29
745	0	1826	29
746	0	1461	29
747	0	1565	29
749	0	2087	29
750	0	626	29
751	0	1982	29
752	0	1722	29
753	0	730	29
754	0	678	29
755	0	730	29
756	0	782	29
758	0	626	29
759	0	2139	29
760	0	1043	29
761	0	1617	29
762	0	1043	29
763	0	1304	29
764	0	2243	29
765	0	730	29
766	0	782	29
767	0	1304	29
768	0	2295	29
769	0	1617	29
771	0	1982	29
772	0	1722	29
773	0	1565	29
774	0	626	29
775	0	2035	29
776	0	626	29
776	0	2243	30
777	0	2139	29
778	0	887	29
779	0	2139	29
780	0	1095	29
781	0	782	29
782	0	887	29
783	0	2243	29
784	0	678	29
785	0	730	29
786	0	1617	29
787	0	2191	29
788	0	730	29
789	0	1148	29
790	0	1722	29
791	0	1513	29
792	0	834	29
793	0	678	29
794	0	521	29
796	0	2191	29
797	0	730	29
798	0	1774	29
800	0	2087	29
801	0	2191	29
802	0	887	29
803	0	887	29
804	0	1043	29
806	0	1513	29
807	0	626	29
807	0	1878	30
810	0	678	29
811	0	626	29
812	0	782	29
813	0	1304	29
814	0	2087	29
815	0	678	29
816	0	1148	29
817	0	2243	29
818	0	939	29
819	0	2295	29
820	0	1565	29
821	0	1252	29
822	0	678	29
823	0	626	29
824	0	1148	29
825	0	1043	29
826	0	1722	29
827	0	1669	29
828	0	1252	29
829	0	2087	29
830	0	1930	29
831	0	887	29
831	0	2191	30
832	0	730	29
833	0	1304	29
834	0	678	29
835	0	887	29
836	0	2243	29
837	0	2035	29
838	0	678	29
839	0	1513	29
840	0	574	29
840	0	1826	30
841	0	782	29
842	0	1617	29
843	0	678	29
843	0	2035	30
844	0	2035	29
845	0	1408	29
846	0	1565	29
847	0	1356	29
848	0	521	29
850	0	834	29
852	0	1722	29
853	0	2191	29
854	0	1148	29
855	0	782	29
856	0	991	29
857	0	2139	29
858	0	1565	29
859	0	1617	29
861	0	782	29
863	0	782	29
864	0	574	29
865	0	678	29
866	0	678	29
867	0	1565	29
868	0	730	29
869	0	1043	29
870	0	1304	29
871	0	1252	29
873	0	678	29
875	0	887	29
876	0	678	29
877	0	626	29
878	0	2035	29
879	0	991	29
880	0	626	29
881	0	1774	29
882	0	1356	29
884	0	730	29
885	0	678	29
886	0	1774	29
887	0	939	29
888	0	1878	29
889	0	2191	29
890	0	1408	29
891	0	782	29
892	0	1669	29
893	0	782	29
894	0	887	29
895	0	991	29
896	0	626	29
897	0	730	29
898	0	782	29
899	0	730	29
900	0	1722	29
901	0	678	29
902	0	1669	29
903	0	626	29
905	0	1982	29
906	0	626	29
908	0	730	29
909	0	2035	29
910	0	1200	29
911	0	1722	29
912	0	834	29
913	0	1408	29
914	0	1617	29
915	0	1356	29
916	0	626	29
917	0	782	29
918	0	1252	29
919	0	2139	29
920	0	1617	29
921	0	1617	29
922	0	939	29
923	0	2035	29
924	0	834	29
925	0	678	29
926	0	887	29
927	0	1043	29
929	0	678	29
931	0	678	29
932	0	1304	29
933	0	1356	29
934	0	1200	29
935	0	626	29
936	0	1617	29
937	0	1669	29
938	0	1826	29
939	0	2035	29
940	0	1043	29
941	0	678	29
942	0	678	29
943	0	1565	29
944	0	1565	29
945	0	2295	29
946	0	1565	29
947	0	678	29
947	0	1982	30
948	0	678	29
949	0	521	29
949	0	1878	30
950	0	626	29
953	0	834	29
954	0	730	29
956	0	1617	29
957	0	2243	29
958	0	1878	29
960	0	939	29
961	0	834	29
962	0	2035	29
963	0	678	29
964	0	834	29
965	0	1722	29
966	0	678	29
967	0	2087	29
968	0	834	29
969	0	939	29
971	0	834	29
972	0	626	29
972	0	1982	30
973	0	834	29
974	0	887	29
975	0	1356	29
976	0	991	29
978	0	730	29
979	0	1461	29
981	0	1095	29
982	0	730	29
983	0	574	29
984	0	1878	29
985	0	1252	29
987	0	1982	29
988	0	834	29
989	0	574	29
990	0	1826	29
993	0	1722	29
994	0	2139	29
995	0	574	29
996	0	2035	29
998	0	991	29
999	0	1565	29
0	1	626	29
1	1	626	29
2	1	782	29
3	1	1200	29
4	1	782	29
4	1	2243	30
5	1	678	29
6	1	939	29
7	1	1774	29
8	1	991	29
10	1	626	29
12	1	1982	29
13	1	1878	29
14	1	626	29
15	1	730	29
16	1	678	29
17	1	626	29
18	1	730	29
19	1	1930	29
20	1	782	29
21	1	626	29
22	1	1722	29
23	1	678	29
24	1	678	29
25	1	1774	29
26	1	939	29
27	1	626	29
28	1	1565	29
29	1	1669	29
30	1	1408	29
31	1	834	29
32	1	1200	29
33	1	1043	29
34	1	1565	29
35	1	730	29
36	1	730	29
37	1	991	29
38	1	887	29
39	1	834	29
40	1	574	29
40	1	2139	30
41	1	1565	29
42	1	1565	29
43	1	678	29
45	1	991	29
46	1	730	29
47	1	1252	29
49	1	782	29
52	1	1774	29
53	1	730	29
55	1	834	29
56	1	1982	29
57	1	678	29
58	1	782	29
59	1	782	29
60	1	1930	29
61	1	834	29
62	1	782	29
63	1	887	29
64	1	1982	29
65	1	887	29
66	1	1356	29
67	1	1617	29
68	1	1617	29
69	1	1722	29
70	1	939	29
71	1	1148	29
74	1	1669	29
75	1	678	29
76	1	1513	29
77	1	2295	29
78	1	2139	29
79	1	1617	29
80	1	730	29
81	1	887	29
82	1	1252	29
83	1	1878	29
84	1	834	29
86	1	1930	29
87	1	626	29
87	1	2191	30
88	1	1565	29
89	1	1617	29
90	1	1461	29
91	1	939	29
92	1	678	29
93	1	2139	29
95	1	1722	29
96	1	1148	29
97	1	1982	29
99	1	1878	29
100	1	2139	29
101	1	887	29
102	1	834	29
103	1	1722	29
104	1	834	29
106	1	1565	29
107	1	574	29
108	1	678	29
109	1	2087	29
110	1	626	29
111	1	887	29
112	1	1565	29
113	1	626	29
114	1	1148	29
115	1	1565	29
116	1	2243	29
117	1	2243	29
118	1	1252	29
119	1	1356	29
120	1	1617	29
121	1	2139	29
122	1	678	29
124	1	678	29
125	1	782	29
126	1	574	29
127	1	626	29
128	1	574	29
129	1	1930	29
130	1	782	29
131	1	887	29
132	1	626	29
133	1	887	29
134	1	1617	29
135	1	678	29
136	1	626	29
136	1	1826	30
137	1	939	29
138	1	626	29
138	1	2191	30
139	1	730	29
139	1	2035	30
141	1	782	29
142	1	1669	29
143	1	1304	29
145	1	1304	29
146	1	730	29
147	1	887	29
148	1	2191	29
149	1	730	29
150	1	730	29
151	1	1722	29
152	1	782	29
153	1	1043	29
154	1	678	29
155	1	574	29
156	1	678	29
158	1	834	29
159	1	574	29
160	1	1565	29
162	1	1148	29
163	1	1982	29
164	1	730	29
165	1	834	29
167	1	1982	29
169	1	626	29
170	1	626	29
171	1	1722	29
172	1	1148	29
173	1	2139	29
174	1	1669	29
175	1	834	29
176	1	678	29
177	1	1722	29
179	1	782	29
181	1	678	29
182	1	1565	29
183	1	678	29
184	1	1930	29
185	1	782	29
187	1	1565	29
188	1	1982	29
189	1	1565	29
190	1	1200	29
191	1	678	29
192	1	939	29
193	1	939	29
194	1	1565	29
196	1	626	29
196	1	1826	30
198	1	887	29
199	1	678	29
200	1	1200	29
201	1	1878	29
202	1	1774	29
203	1	1617	29
204	1	834	29
205	1	2087	29
206	1	626	29
206	1	1774	30
207	1	626	29
208	1	626	29
210	1	782	29
211	1	1722	29
212	1	1669	29
214	1	1669	29
215	1	1304	29
216	1	1774	29
217	1	1200	29
218	1	834	29
220	1	2243	29
221	1	1043	29
222	1	1982	29
223	1	1617	29
224	1	1669	29
225	1	678	29
226	1	730	29
227	1	887	29
228	1	626	29
229	1	1565	29
230	1	626	29
231	1	626	29
232	1	678	29
233	1	1408	29
236	1	1774	29
237	1	1669	29
239	1	2035	29
240	1	626	29
241	1	1565	29
242	1	939	29
243	1	626	29
243	1	2295	30
244	1	678	29
245	1	1982	29
248	1	730	29
249	1	626	29
250	1	626	29
251	1	887	29
252	1	2191	29
253	1	1669	29
255	1	1774	29
256	1	1617	29
257	1	1252	29
258	1	626	29
259	1	678	29
260	1	730	29
262	1	1722	29
263	1	1617	29
264	1	939	29
265	1	730	29
266	1	887	29
267	1	626	29
268	1	1148	29
269	1	678	29
270	1	1617	29
271	1	782	29
272	1	626	29
272	1	1982	30
274	1	1982	29
277	1	1617	29
279	1	1304	29
280	1	1565	29
283	1	1304	29
284	1	626	29
284	1	1930	30
285	1	1148	29
286	1	626	29
287	1	1304	29
288	1	834	29
291	1	991	29
292	1	2295	29
293	1	574	29
294	1	678	29
295	1	1930	29
296	1	678	29
297	1	2191	29
298	1	1669	29
299	1	730	29
300	1	1878	29
301	1	626	29
302	1	626	29
303	1	678	29
303	1	1930	30
304	1	626	29
306	1	678	29
307	1	1200	29
308	1	1148	29
309	1	626	29
309	1	2139	30
310	1	782	29
311	1	1722	29
312	1	1878	29
313	1	1565	29
314	1	2087	29
315	1	991	29
317	1	1304	29
318	1	2295	29
320	1	1408	29
321	1	626	29
322	1	782	29
323	1	2035	29
324	1	1513	29
325	1	1304	29
326	1	626	29
327	1	1252	29
328	1	1617	29
329	1	2243	29
330	1	1565	29
331	1	678	29
332	1	834	29
333	1	730	29
334	1	1356	29
335	1	574	29
336	1	678	29
337	1	1722	29
338	1	1878	29
339	1	782	29
340	1	1304	29
341	1	1200	29
342	1	678	29
343	1	574	29
345	1	939	29
346	1	834	29
347	1	730	29
348	1	678	29
349	1	730	29
351	1	834	29
352	1	939	29
353	1	678	29
354	1	574	29
355	1	730	29
356	1	1669	29
357	1	887	29
358	1	1148	29
360	1	1565	29
361	1	939	29
362	1	2087	29
364	1	678	29
366	1	1617	29
367	1	834	29
368	1	626	29
368	1	1878	30
369	1	678	29
370	1	1669	29
371	1	782	29
372	1	1669	29
373	1	1722	29
374	1	2295	29
375	1	1408	29
376	1	887	29
377	1	1408	29
378	1	1252	29
379	1	730	29
380	1	1774	29
381	1	1252	29
382	1	730	29
383	1	1408	29
384	1	834	29
385	1	1043	29
386	1	887	29
387	1	782	29
388	1	2139	29
389	1	678	29
390	1	678	29
391	1	730	29
392	1	1826	29
393	1	521	29
394	1	939	29
395	1	991	29
396	1	678	29
396	1	1826	30
397	1	1356	29
398	1	939	29
399	1	626	29
400	1	887	29
401	1	2295	29
402	1	991	29
403	1	2087	29
404	1	1669	29
405	1	1930	29
406	1	782	29
407	1	1252	29
409	1	1878	29
410	1	1774	29
411	1	678	29
411	1	2295	30
412	1	626	29
412	1	1878	30
413	1	574	29
413	1	1930	30
414	1	834	29
415	1	678	29
416	1	2295	29
417	1	678	29
418	1	834	29
419	1	678	29
420	1	1722	29
421	1	2087	29
422	1	1722	29
423	1	1095	29
424	1	626	29
424	1	2139	30
425	1	991	29
426	1	1148	29
427	1	2243	29
428	1	678	29
429	1	887	29
430	1	782	29
431	1	626	29
432	1	834	29
433	1	991	29
434	1	782	29
434	1	2191	30
435	1	574	29
436	1	678	29
437	1	730	29
438	1	939	29
439	1	1774	29
440	1	1565	29
442	1	1095	29
443	1	1617	29
445	1	678	29
446	1	1617	29
448	1	1826	29
449	1	2243	29
451	1	1617	29
452	1	834	29
453	1	574	29
454	1	2191	29
455	1	1304	29
456	1	1461	29
457	1	1565	29
459	1	1774	29
460	1	626	29
461	1	626	29
462	1	1043	29
463	1	887	29
464	1	1722	29
465	1	678	29
466	1	678	29
467	1	626	29
468	1	678	29
469	1	574	29
470	1	2295	29
471	1	1982	29
472	1	782	29
473	1	1565	29
474	1	730	29
475	1	1774	29
476	1	2139	29
477	1	1774	29
478	1	1043	29
480	1	1565	29
481	1	782	29
482	1	782	29
484	1	2139	29
485	1	1982	29
486	1	1408	29
487	1	730	29
488	1	1408	29
489	1	626	29
490	1	1617	29
491	1	887	29
492	1	1148	29
493	1	1565	29
494	1	834	29
495	1	1669	29
496	1	991	29
497	1	626	29
498	1	991	29
499	1	730	29
500	1	626	29
500	1	2035	30
501	1	1461	29
502	1	1617	29
503	1	626	29
503	1	1878	30
505	1	2139	29
506	1	1930	29
508	1	782	29
510	1	2087	29
512	1	1095	29
513	1	1095	29
514	1	834	29
515	1	678	29
516	1	1461	29
517	1	1408	29
518	1	1826	29
519	1	782	29
520	1	834	29
521	1	626	29
522	1	1565	29
523	1	730	29
525	1	834	29
526	1	2087	29
527	1	626	29
528	1	574	29
529	1	678	29
529	1	1930	30
530	1	1356	29
531	1	1148	29
532	1	1774	29
533	1	2191	29
534	1	626	29
536	1	2139	29
537	1	1043	29
538	1	678	29
539	1	626	29
540	1	2087	29
541	1	678	29
542	1	1774	29
543	1	1252	29
544	1	730	29
545	1	1617	29
546	1	1252	29
547	1	887	29
548	1	2139	29
549	1	1408	29
550	1	678	29
551	1	626	29
551	1	2139	30
552	1	2191	29
553	1	1617	29
554	1	574	29
555	1	626	29
555	1	1878	30
556	1	1617	29
557	1	2243	29
558	1	626	29
559	1	1043	29
560	1	2191	29
561	1	1669	29
562	1	1148	29
563	1	1565	29
564	1	2191	29
565	1	782	29
566	1	730	29
567	1	1565	29
568	1	678	29
569	1	1774	29
570	1	1461	29
571	1	626	29
572	1	2295	29
574	1	991	29
575	1	521	29
576	1	1304	29
577	1	730	29
578	1	1826	29
579	1	1669	29
581	1	1252	29
582	1	1565	29
583	1	678	29
584	1	730	29
585	1	626	29
585	1	1826	30
586	1	1565	29
587	1	574	29
588	1	887	29
589	1	834	29
590	1	730	29
593	1	1565	29
594	1	1617	29
595	1	678	29
595	1	2035	30
596	1	1565	29
597	1	1565	29
598	1	626	29
599	1	678	29
601	1	730	29
602	1	2087	29
603	1	939	29
604	1	1617	29
605	1	1930	29
606	1	991	29
607	1	626	29
608	1	834	29
611	1	1565	29
612	1	1148	29
613	1	2139	29
614	1	1200	29
615	1	1722	29
616	1	1200	29
617	1	1982	29
619	1	1774	29
620	1	678	29
621	1	1095	29
622	1	626	29
623	1	1930	29
624	1	782	29
625	1	1200	29
626	1	887	29
627	1	887	29
628	1	991	29
629	1	1722	29
630	1	1669	29
631	1	887	29
632	1	626	29
633	1	1669	29
634	1	1304	29
635	1	1513	29
637	1	1930	29
638	1	1930	29
639	1	730	29
640	1	1617	29
641	1	939	29
642	1	2035	29
644	1	834	29
645	1	1617	29
646	1	626	29
647	1	2295	29
648	1	1669	29
649	1	782	29
651	1	834	29
652	1	939	29
653	1	939	29
654	1	1669	29
655	1	1565	29
656	1	991	29
657	1	834	29
658	1	834	29
659	1	1148	29
660	1	1722	29
661	1	834	29
662	1	1565	29
663	1	1878	29
664	1	730	29
665	1	730	29
666	1	626	29
667	1	678	29
668	1	1826	29
669	1	1669	29
670	1	1722	29
671	1	2035	29
672	1	1722	29
673	1	1617	29
674	1	1565	29
675	1	1148	29
676	1	574	29
677	1	991	29
678	1	678	29
679	1	2035	29
680	1	1148	29
681	1	1774	29
682	1	834	29
683	1	2035	29
684	1	1148	29
685	1	939	29
686	1	782	29
687	1	2243	29
688	1	2035	29
689	1	1356	29
690	1	939	29
691	1	730	29
692	1	939	29
693	1	834	29
694	1	887	29
695	1	574	29
696	1	1722	29
697	1	730	29
698	1	2295	29
699	1	991	29
700	1	939	29
701	1	1043	29
702	1	939	29
703	1	782	29
705	1	1826	29
706	1	626	29
707	1	782	29
708	1	1252	29
709	1	834	29
710	1	887	29
711	1	1148	29
712	1	1669	29
714	1	678	29
715	1	1617	29
716	1	574	29
717	1	1148	29
718	1	782	29
719	1	1722	29
721	1	1565	29
722	1	678	29
723	1	834	29
724	1	1565	29
725	1	782	29
726	1	991	29
727	1	2035	29
728	1	1982	29
729	1	782	29
730	1	1565	29
731	1	678	29
732	1	834	29
733	1	782	29
734	1	678	29
735	1	2139	29
736	1	1878	29
737	1	678	29
738	1	834	29
739	1	1200	29
741	1	887	29
742	1	626	29
743	1	574	29
744	1	1252	29
745	1	1826	29
746	1	1461	29
747	1	1565	29
749	1	2087	29
750	1	626	29
751	1	1982	29
752	1	1722	29
753	1	730	29
754	1	678	29
755	1	730	29
756	1	782	29
758	1	626	29
759	1	2139	29
760	1	1043	29
761	1	1617	29
762	1	1043	29
763	1	1304	29
764	1	2243	29
765	1	730	29
766	1	782	29
767	1	1304	29
768	1	2295	29
769	1	1617	29
771	1	1982	29
772	1	1722	29
773	1	1565	29
774	1	626	29
775	1	2035	29
776	1	626	29
776	1	2243	30
777	1	2139	29
778	1	887	29
779	1	2139	29
780	1	1095	29
781	1	782	29
782	1	887	29
783	1	2243	29
784	1	678	29
785	1	730	29
786	1	1617	29
787	1	2191	29
788	1	730	29
789	1	1148	29
790	1	1722	29
791	1	1513	29
792	1	834	29
793	1	678	29
794	1	521	29
796	1	2191	29
797	1	730	29
798	1	1774	29
800	1	2087	29
801	1	2191	29
802	1	887	29
803	1	887	29
804	1	1043	29
806	1	1513	29
807	1	626	29
807	1	1878	30
810	1	678	29
811	1	626	29
812	1	782	29
813	1	1304	29
814	1	2087	29
815	1	678	29
816	1	1148	29
817	1	2243	29
818	1	939	29
819	1	2295	29
820	1	1565	29
821	1	1252	29
822	1	678	29
823	1	626	29
824	1	1148	29
825	1	1043	29
826	1	1722	29
827	1	1669	29
828	1	1252	29
829	1	2087	29
830	1	1930	29
831	1	887	29
831	1	2191	30
832	1	730	29
833	1	1304	29
834	1	678	29
835	1	887	29
836	1	2243	29
837	1	2035	29
838	1	678	29
839	1	1513	29
840	1	574	29
840	1	1826	30
841	1	782	29
842	1	1617	29
843	1	678	29
843	1	2035	30
844	1	2035	29
845	1	1408	29
846	1	1565	29
847	1	1356	29
848	1	521	29
850	1	834	29
852	1	1722	29
853	1	2191	29
854	1	1148	29
855	1	782	29
856	1	991	29
857	1	2139	29
858	1	1565	29
859	1	1617	29
861	1	782	29
863	1	782	29
864	1	574	29
865	1	678	29
866	1	678	29
867	1	1565	29
868	1	730	29
869	1	1043	29
870	1	1304	29
871	1	1252	29
873	1	678	29
875	1	887	29
876	1	678	29
877	1	626	29
878	1	2035	29
879	1	991	29
880	1	626	29
881	1	1774	29
882	1	1356	29
884	1	730	29
885	1	678	29
886	1	1774	29
887	1	939	29
888	1	1878	29
889	1	2191	29
890	1	1408	29
891	1	782	29
892	1	1669	29
893	1	782	29
894	1	887	29
895	1	991	29
896	1	626	29
897	1	730	29
898	1	782	29
899	1	730	29
900	1	1722	29
901	1	678	29
902	1	1669	29
903	1	626	29
905	1	1982	29
906	1	626	29
908	1	730	29
909	1	2035	29
910	1	1200	29
911	1	1722	29
912	1	834	29
913	1	1408	29
914	1	1617	29
915	1	1356	29
916	1	626	29
917	1	782	29
918	1	1252	29
919	1	2139	29
920	1	1617	29
921	1	1617	29
922	1	939	29
923	1	2035	29
924	1	834	29
925	1	678	29
926	1	887	29
927	1	1043	29
929	1	678	29
931	1	678	29
932	1	1304	29
933	1	1356	29
934	1	1200	29
935	1	626	29
936	1	1617	29
937	1	1669	29
938	1	1826	29
939	1	2035	29
940	1	1043	29
941	1	678	29
942	1	678	29
943	1	1565	29
944	1	1565	29
945	1	2295	29
946	1	1565	29
947	1	678	29
947	1	1982	30
948	1	678	29
949	1	521	29
949	1	1878	30
950	1	626	29
953	1	834	29
954	1	730	29
956	1	1617	29
957	1	2243	29
958	1	1878	29
960	1	939	29
961	1	834	29
962	1	2035	29
963	1	678	29
964	1	834	29
965	1	1722	29
966	1	678	29
967	1	2087	29
968	1	834	29
969	1	939	29
971	1	834	29
972	1	626	29
972	1	1982	30
973	1	834	29
974	1	887	29
975	1	1356	29
976	1	991	29
978	1	730	29
979	1	1461	29
981	1	1095	29
982	1	730	29
983	1	574	29
984	1	1878	29
985	1	1252	29
987	1	1982	29
988	1	834	29
989	1	574	29
990	1	1826	29
993	1	1722	29
994	1	2139	29
995	1	574	29
996	1	2035	29
998	1	991	29
999	1	1565	29
0	2	313	26
0	2	782	33
0	2	1200	13
1	2	313	26
1	2	782	33
1	2	1200	13
2	2	313	26
3	2	313	26
3	2	2243	33
4	2	313	26
4	2	991	33
4	2	1304	13
5	2	313	26
5	2	834	33
6	2	313	26
6	2	1356	33
6	2	2191	13
7	2	313	26
7	2	1617	33
8	2	313	26
8	2	1252	33
8	2	1565	13
9	2	313	26
10	2	313	26
10	2	730	33
10	2	1200	13
11	2	313	26
12	2	313	26
13	2	313	26
14	2	313	26
14	2	782	33
14	2	1200	13
15	2	313	26
15	2	834	33
15	2	1669	13
16	2	313	26
16	2	939	33
16	2	1408	13
17	2	313	26
17	2	782	33
17	2	1200	13
18	2	313	26
18	2	834	33
18	2	1722	13
19	2	313	26
20	2	313	26
20	2	1252	33
20	2	1669	13
21	2	313	26
21	2	730	33
21	2	1200	13
22	2	313	26
23	2	313	26
23	2	834	33
23	2	1252	13
24	2	313	26
24	2	887	33
24	2	1356	13
25	2	313	26
26	2	313	26
26	2	1461	33
26	2	2295	13
27	2	313	26
27	2	887	33
27	2	1252	13
28	2	313	26
28	2	1304	33
29	2	313	26
30	2	313	26
31	2	313	26
31	2	991	33
32	2	313	26
32	2	1774	33
33	2	313	26
33	2	1826	33
34	2	313	26
34	2	1408	33
35	2	313	26
35	2	834	33
35	2	1304	13
36	2	313	26
36	2	887	33
36	2	1513	13
37	2	313	26
38	2	313	26
38	2	1669	33
39	2	313	26
39	2	991	33
39	2	1774	13
40	2	313	26
40	2	782	33
40	2	1200	13
41	2	313	26
41	2	1461	33
42	2	313	26
42	2	1356	33
43	2	313	26
43	2	887	33
43	2	1356	13
44	2	313	26
45	2	313	26
45	2	1200	33
45	2	1669	13
46	2	313	26
46	2	939	33
47	2	313	26
48	2	313	26
49	2	313	26
49	2	991	33
49	2	1408	13
50	2	313	26
51	2	313	26
52	2	313	26
53	2	313	26
53	2	887	33
53	2	1252	13
54	2	313	26
55	2	313	26
56	2	313	26
57	2	313	26
57	2	782	33
57	2	1200	13
58	2	313	26
58	2	1095	33
58	2	1408	13
59	2	313	26
59	2	834	33
59	2	1200	13
60	2	313	26
61	2	313	26
61	2	1461	33
62	2	313	26
62	2	939	33
62	2	1356	13
63	2	313	26
63	2	1356	33
63	2	1722	13
64	2	313	26
65	2	313	26
65	2	1461	33
66	2	313	26
67	2	313	26
67	2	1408	33
68	2	313	26
69	2	313	26
69	2	1617	33
70	2	313	26
71	2	313	26
71	2	1774	33
72	2	313	26
73	2	313	26
74	2	313	26
75	2	313	26
75	2	887	33
75	2	1461	13
76	2	313	26
77	2	313	26
78	2	313	26
79	2	313	26
79	2	1669	33
80	2	313	26
80	2	887	33
80	2	1774	13
81	2	313	26
81	2	2087	33
82	2	313	26
83	2	313	26
84	2	313	26
84	2	991	33
85	2	313	26
86	2	313	26
87	2	313	26
87	2	782	33
87	2	1200	13
88	2	313	26
88	2	1304	33
89	2	313	26
89	2	1513	33
90	2	313	26
91	2	313	26
92	2	313	26
92	2	834	33
92	2	1304	13
93	2	313	26
94	2	313	26
95	2	313	26
96	2	313	26
96	2	1774	33
97	2	313	26
98	2	313	26
99	2	313	26
100	2	313	26
101	2	313	26
101	2	1565	33
102	2	313	26
102	2	1356	33
103	2	313	26
104	2	313	26
104	2	1095	33
104	2	1461	13
105	2	313	26
106	2	313	26
106	2	1252	33
106	2	2191	13
107	2	313	26
107	2	782	33
107	2	1200	13
108	2	313	26
108	2	887	33
108	2	1617	13
109	2	313	26
110	2	313	26
110	2	887	33
110	2	1200	13
111	2	313	26
111	2	2295	33
112	2	313	26
113	2	313	26
113	2	782	33
113	2	1200	13
114	2	313	26
114	2	2139	33
115	2	313	26
116	2	313	26
117	2	313	26
118	2	313	26
119	2	313	26
120	2	313	26
121	2	313	26
122	2	313	26
122	2	834	33
122	2	1200	13
123	2	313	26
124	2	313	26
124	2	834	33
124	2	1200	13
125	2	313	26
125	2	991	33
125	2	1356	13
126	2	313	26
126	2	834	33
126	2	1200	13
127	2	313	26
127	2	834	33
127	2	1200	13
128	2	313	26
128	2	730	33
128	2	1200	13
129	2	313	26
130	2	313	26
131	2	313	26
131	2	1200	33
131	2	1513	13
132	2	313	26
132	2	782	33
132	2	2087	13
133	2	313	26
133	2	991	33
133	2	1774	13
134	2	313	26
134	2	2087	33
135	2	313	26
135	2	939	33
135	2	1408	13
136	2	313	26
136	2	730	33
136	2	1200	13
137	2	313	26
137	2	1356	33
137	2	1774	13
138	2	313	26
138	2	730	33
138	2	1200	13
139	2	313	26
139	2	887	33
139	2	1200	13
140	2	313	26
141	2	313	26
141	2	834	33
141	2	1200	13
142	2	313	26
143	2	313	26
144	2	313	26
145	2	313	26
146	2	313	26
146	2	1148	33
146	2	1669	13
147	2	313	26
147	2	1252	33
147	2	1669	13
148	2	313	26
149	2	313	26
149	2	782	33
149	2	1200	13
150	2	313	26
150	2	939	33
150	2	1461	13
151	2	313	26
152	2	313	26
152	2	1095	33
152	2	1513	13
153	2	313	26
154	2	313	26
154	2	939	33
154	2	1252	13
155	2	313	26
155	2	782	33
155	2	1200	13
156	2	313	26
156	2	834	33
156	2	1200	13
157	2	313	26
158	2	313	26
158	2	991	33
158	2	1408	13
159	2	313	26
159	2	730	33
159	2	1200	13
160	2	313	26
160	2	1408	33
161	2	313	26
162	2	313	26
162	2	1617	33
163	2	313	26
164	2	313	26
164	2	887	33
165	2	313	26
165	2	991	33
165	2	1304	13
166	2	313	26
167	2	313	26
168	2	313	26
169	2	313	26
169	2	834	33
170	2	313	26
170	2	782	33
170	2	1200	13
171	2	313	26
172	2	313	26
172	2	1617	33
173	2	313	26
174	2	313	26
174	2	1565	33
175	2	313	26
175	2	1200	33
175	2	1565	13
176	2	313	26
176	2	834	33
177	2	313	26
178	2	313	26
179	2	313	26
179	2	991	33
179	2	1513	13
180	2	313	26
181	2	313	26
181	2	782	33
181	2	2243	13
182	2	313	26
183	2	313	26
183	2	887	33
183	2	1304	13
184	2	313	26
185	2	313	26
185	2	939	33
185	2	1408	13
186	2	313	26
187	2	313	26
187	2	1461	33
188	2	313	26
189	2	313	26
189	2	1356	33
190	2	313	26
191	2	313	26
191	2	834	33
192	2	313	26
192	2	1200	33
192	2	1513	13
193	2	313	26
193	2	1304	33
193	2	2087	13
194	2	313	26
195	2	313	26
196	2	313	26
196	2	782	33
196	2	1200	13
197	2	313	26
198	2	313	26
198	2	1252	33
198	2	1565	13
199	2	313	26
199	2	834	33
199	2	1200	13
200	2	313	26
200	2	1774	33
201	2	313	26
202	2	313	26
202	2	1669	33
203	2	313	26
203	2	1513	33
204	2	313	26
204	2	939	33
204	2	1461	13
205	2	313	26
206	2	313	26
206	2	730	33
206	2	1200	13
207	2	313	26
207	2	887	33
207	2	1252	13
208	2	313	26
208	2	939	33
208	2	1461	13
209	2	313	26
210	2	313	26
210	2	1252	33
211	2	313	26
212	2	313	26
212	2	1826	33
213	2	313	26
214	2	313	26
215	2	313	26
216	2	313	26
217	2	313	26
218	2	313	26
218	2	1356	33
219	2	313	26
220	2	313	26
221	2	313	26
221	2	1408	33
222	2	313	26
223	2	313	26
224	2	313	26
224	2	1774	33
225	2	313	26
225	2	782	33
225	2	1200	13
226	2	313	26
226	2	939	33
226	2	1304	13
227	2	313	26
228	2	313	26
228	2	887	33
228	2	1200	13
229	2	313	26
229	2	1356	33
230	2	313	26
230	2	782	33
230	2	2035	13
231	2	313	26
231	2	730	33
231	2	1200	13
232	2	313	26
232	2	834	33
232	2	1200	13
233	2	313	26
234	2	313	26
235	2	313	26
236	2	313	26
237	2	313	26
238	2	313	26
239	2	313	26
240	2	313	26
240	2	834	33
240	2	1252	13
241	2	313	26
241	2	1304	33
242	2	313	26
242	2	1200	33
242	2	1565	13
243	2	313	26
243	2	730	33
243	2	1200	13
244	2	313	26
244	2	782	33
244	2	1200	13
245	2	313	26
246	2	313	26
247	2	313	26
248	2	313	26
248	2	782	33
248	2	1200	13
249	2	313	26
249	2	782	33
249	2	1200	13
250	2	313	26
250	2	782	33
250	2	1200	13
251	2	313	26
251	2	1200	33
251	2	2035	13
252	2	313	26
253	2	313	26
254	2	313	26
255	2	313	26
256	2	313	26
256	2	1461	33
257	2	313	26
258	2	313	26
258	2	782	33
258	2	1200	13
259	2	313	26
259	2	782	33
259	2	1200	13
260	2	313	26
260	2	887	33
260	2	1982	13
261	2	313	26
262	2	313	26
262	2	1461	33
263	2	313	26
264	2	313	26
264	2	991	33
264	2	2295	13
265	2	313	26
265	2	939	33
266	2	313	26
266	2	1252	33
266	2	2035	13
267	2	313	26
267	2	834	33
267	2	2087	13
268	2	313	26
268	2	1617	33
269	2	313	26
269	2	939	33
269	2	1356	13
270	2	313	26
271	2	313	26
271	2	1200	33
271	2	1617	13
272	2	313	26
272	2	834	33
272	2	1200	13
273	2	313	26
274	2	313	26
275	2	313	26
276	2	313	26
277	2	313	26
278	2	313	26
279	2	313	26
280	2	313	26
281	2	313	26
282	2	313	26
283	2	313	26
284	2	313	26
284	2	730	33
284	2	1200	13
285	2	313	26
285	2	1774	33
286	2	313	26
286	2	834	33
286	2	1200	13
287	2	313	26
288	2	313	26
288	2	939	33
289	2	313	26
290	2	313	26
291	2	313	26
292	2	313	26
293	2	313	26
293	2	730	33
293	2	1200	13
294	2	313	26
294	2	887	33
295	2	313	26
296	2	313	26
296	2	887	33
296	2	1304	13
297	2	313	26
298	2	313	26
298	2	1617	33
299	2	313	26
299	2	834	33
300	2	313	26
301	2	313	26
301	2	782	33
301	2	1200	13
302	2	313	26
302	2	1095	33
302	2	1669	13
303	2	313	26
303	2	782	33
303	2	1200	13
304	2	313	26
304	2	834	33
304	2	1200	13
305	2	313	26
306	2	313	26
306	2	782	33
306	2	1200	13
307	2	313	26
308	2	313	26
309	2	313	26
309	2	730	33
309	2	1200	13
310	2	313	26
310	2	991	33
310	2	1356	13
311	2	313	26
312	2	313	26
313	2	313	26
314	2	313	26
315	2	313	26
315	2	1304	33
315	2	1669	13
316	2	313	26
317	2	313	26
318	2	313	26
319	2	313	26
320	2	313	26
321	2	313	26
321	2	782	33
322	2	313	26
322	2	939	33
322	2	2295	13
323	2	313	26
324	2	313	26
325	2	313	26
326	2	313	26
326	2	782	33
326	2	1200	13
327	2	313	26
327	2	1669	33
328	2	313	26
329	2	313	26
330	2	313	26
330	2	1408	33
331	2	313	26
331	2	834	33
331	2	1930	13
332	2	313	26
332	2	1095	33
332	2	1513	13
333	2	313	26
333	2	782	33
333	2	1200	13
334	2	313	26
335	2	313	26
335	2	730	33
335	2	1200	13
336	2	313	26
336	2	939	33
336	2	1722	13
337	2	313	26
338	2	313	26
339	2	313	26
339	2	887	33
339	2	2243	13
340	2	313	26
341	2	313	26
342	2	313	26
342	2	834	33
342	2	1200	13
343	2	313	26
343	2	730	33
343	2	1200	13
344	2	313	26
345	2	313	26
345	2	1095	33
345	2	1461	13
346	2	313	26
346	2	1043	33
346	2	1356	13
347	2	313	26
347	2	1356	33
348	2	313	26
348	2	939	33
348	2	1461	13
349	2	313	26
349	2	887	33
349	2	1200	13
350	2	313	26
351	2	313	26
352	2	313	26
352	2	1304	33
352	2	1669	13
353	2	313	26
353	2	834	33
353	2	1617	13
354	2	313	26
354	2	834	33
354	2	1200	13
355	2	313	26
355	2	991	33
356	2	313	26
356	2	1774	33
357	2	313	26
357	2	1304	33
358	2	313	26
358	2	1722	33
359	2	313	26
360	2	313	26
361	2	313	26
361	2	991	33
361	2	1774	13
362	2	313	26
363	2	313	26
364	2	313	26
364	2	834	33
365	2	313	26
366	2	313	26
366	2	1513	33
367	2	313	26
367	2	991	33
368	2	313	26
368	2	782	33
368	2	1200	13
369	2	313	26
369	2	991	33
369	2	1408	13
370	2	313	26
371	2	313	26
371	2	887	33
371	2	1722	13
372	2	313	26
372	2	1669	33
373	2	313	26
374	2	313	26
375	2	313	26
376	2	313	26
376	2	1982	33
377	2	313	26
378	2	313	26
379	2	313	26
379	2	1356	33
379	2	1722	13
380	2	313	26
381	2	313	26
381	2	2191	33
382	2	313	26
382	2	887	33
383	2	313	26
384	2	313	26
384	2	991	33
384	2	1722	13
385	2	313	26
385	2	2087	33
386	2	313	26
387	2	313	26
387	2	991	33
387	2	1356	13
388	2	313	26
389	2	313	26
389	2	834	33
389	2	1722	13
390	2	313	26
390	2	730	33
390	2	1200	13
391	2	313	26
391	2	939	33
391	2	1408	13
392	2	313	26
393	2	313	26
393	2	730	33
393	2	1200	13
394	2	313	26
394	2	1826	33
395	2	313	26
396	2	313	26
396	2	782	33
396	2	1200	13
397	2	313	26
398	2	313	26
399	2	313	26
399	2	782	33
399	2	1200	13
400	2	313	26
400	2	1252	33
401	2	313	26
402	2	313	26
402	2	1200	33
402	2	1617	13
403	2	313	26
404	2	313	26
405	2	313	26
406	2	313	26
406	2	991	33
406	2	1461	13
407	2	313	26
407	2	1774	33
408	2	313	26
409	2	313	26
410	2	313	26
411	2	313	26
411	2	834	33
411	2	1200	13
412	2	313	26
412	2	782	33
412	2	1200	13
413	2	313	26
413	2	782	33
413	2	1200	13
414	2	313	26
414	2	1200	33
414	2	1565	13
415	2	313	26
415	2	939	33
415	2	1461	13
416	2	313	26
417	2	313	26
417	2	1043	33
417	2	1930	13
418	2	313	26
418	2	1043	33
418	2	1408	13
419	2	313	26
419	2	991	33
419	2	1356	13
420	2	313	26
420	2	1722	33
421	2	313	26
422	2	313	26
423	2	313	26
423	2	1565	33
424	2	313	26
424	2	887	33
424	2	1200	13
425	2	313	26
425	2	1982	33
426	2	313	26
426	2	1617	33
427	2	313	26
428	2	313	26
428	2	834	33
429	2	313	26
429	2	1252	33
429	2	1617	13
430	2	313	26
430	2	887	33
430	2	1565	13
431	2	313	26
431	2	782	33
431	2	1200	13
432	2	313	26
432	2	991	33
432	2	1304	13
433	2	313	26
433	2	1408	33
433	2	2191	13
434	2	313	26
434	2	887	33
434	2	1200	13
435	2	313	26
435	2	782	33
435	2	1200	13
436	2	313	26
436	2	782	33
436	2	1200	13
437	2	313	26
437	2	834	33
437	2	2087	13
438	2	313	26
438	2	1304	33
438	2	1669	13
439	2	313	26
440	2	313	26
440	2	1774	33
441	2	313	26
442	2	313	26
442	2	1565	33
443	2	313	26
444	2	313	26
445	2	313	26
445	2	834	33
445	2	1304	13
446	2	313	26
447	2	313	26
448	2	313	26
449	2	313	26
450	2	313	26
451	2	313	26
451	2	1408	33
452	2	313	26
452	2	991	33
453	2	313	26
453	2	782	33
453	2	1200	13
454	2	313	26
455	2	313	26
455	2	1774	33
456	2	313	26
457	2	313	26
457	2	1669	33
458	2	313	26
459	2	313	26
460	2	313	26
460	2	834	33
460	2	2139	13
461	2	313	26
461	2	834	33
461	2	1200	13
462	2	313	26
462	2	1408	33
463	2	313	26
463	2	1043	33
463	2	1356	13
464	2	313	26
464	2	1669	33
465	2	313	26
465	2	887	33
465	2	2035	13
466	2	313	26
466	2	834	33
466	2	1200	13
467	2	313	26
467	2	834	33
467	2	1722	13
468	2	313	26
468	2	782	33
468	2	1408	13
469	2	313	26
469	2	730	33
469	2	1200	13
470	2	313	26
471	2	313	26
472	2	313	26
472	2	887	33
472	2	1722	13
473	2	313	26
473	2	1513	33
474	2	313	26
474	2	887	33
474	2	1252	13
475	2	313	26
476	2	313	26
477	2	313	26
478	2	313	26
479	2	313	26
480	2	313	26
481	2	313	26
481	2	991	33
481	2	1304	13
482	2	313	26
482	2	1774	33
483	2	313	26
484	2	313	26
485	2	313	26
486	2	313	26
487	2	313	26
487	2	782	33
487	2	1565	13
488	2	313	26
489	2	313	26
489	2	782	33
489	2	1200	13
490	2	313	26
490	2	1461	33
491	2	313	26
491	2	1513	33
492	2	313	26
492	2	1617	33
493	2	313	26
494	2	313	26
494	2	939	33
495	2	313	26
495	2	1408	33
496	2	313	26
496	2	1304	33
496	2	1669	13
497	2	313	26
497	2	834	33
498	2	313	26
498	2	1513	33
499	2	313	26
500	2	313	26
500	2	782	33
500	2	1200	13
501	2	313	26
502	2	313	26
502	2	1617	33
503	2	313	26
503	2	782	33
503	2	1200	13
504	2	313	26
505	2	313	26
506	2	313	26
507	2	313	26
508	2	313	26
508	2	834	33
508	2	1200	13
509	2	313	26
510	2	313	26
511	2	313	26
512	2	313	26
512	2	1513	33
513	2	313	26
513	2	1669	33
514	2	313	26
514	2	991	33
514	2	1722	13
515	2	313	26
515	2	730	33
515	2	1200	13
516	2	313	26
517	2	313	26
518	2	313	26
518	2	1669	33
519	2	313	26
519	2	939	33
519	2	1304	13
520	2	313	26
520	2	2139	33
521	2	313	26
521	2	782	33
521	2	1200	13
522	2	313	26
522	2	1304	33
523	2	313	26
523	2	834	33
523	2	1356	13
524	2	313	26
525	2	313	26
525	2	1095	33
525	2	1408	13
526	2	313	26
527	2	313	26
527	2	782	33
527	2	1252	13
528	2	313	26
528	2	782	33
528	2	1200	13
529	2	313	26
529	2	782	33
529	2	1200	13
530	2	313	26
531	2	313	26
531	2	1669	33
532	2	313	26
532	2	1774	33
533	2	313	26
534	2	313	26
534	2	782	33
534	2	1200	13
535	2	313	26
536	2	313	26
537	2	313	26
537	2	1252	33
537	2	1669	13
538	2	313	26
538	2	782	33
538	2	1200	13
539	2	313	26
539	2	730	33
539	2	1200	13
540	2	313	26
541	2	313	26
541	2	887	33
541	2	2243	13
542	2	313	26
543	2	313	26
543	2	1774	33
544	2	313	26
544	2	1095	33
544	2	1408	13
545	2	313	26
546	2	313	26
547	2	313	26
547	2	1148	33
547	2	1461	13
548	2	313	26
549	2	313	26
550	2	313	26
550	2	782	33
550	2	1200	13
551	2	313	26
551	2	834	33
551	2	1200	13
552	2	313	26
553	2	313	26
553	2	1565	33
554	2	313	26
554	2	730	33
554	2	1200	13
555	2	313	26
555	2	782	33
555	2	1200	13
556	2	313	26
556	2	1408	33
557	2	313	26
558	2	313	26
558	2	887	33
559	2	313	26
559	2	1669	33
560	2	313	26
561	2	313	26
562	2	313	26
562	2	1669	33
563	2	313	26
563	2	1304	33
564	2	313	26
565	2	313	26
565	2	887	33
565	2	1200	13
566	2	313	26
566	2	887	33
566	2	2139	13
567	2	313	26
568	2	313	26
568	2	834	33
568	2	1200	13
569	2	313	26
569	2	1617	33
570	2	313	26
571	2	313	26
571	2	782	33
571	2	1252	13
572	2	313	26
573	2	313	26
574	2	313	26
575	2	313	26
575	2	782	33
575	2	1200	13
576	2	313	26
577	2	313	26
577	2	782	33
577	2	1200	13
578	2	313	26
579	2	313	26
580	2	313	26
581	2	313	26
581	2	1722	33
582	2	313	26
582	2	1774	33
583	2	313	26
583	2	782	33
583	2	1200	13
584	2	313	26
584	2	887	33
585	2	313	26
585	2	782	33
585	2	1200	13
586	2	313	26
586	2	1304	33
587	2	313	26
587	2	782	33
587	2	1200	13
588	2	313	26
588	2	1043	33
588	2	1722	13
589	2	313	26
589	2	1095	33
589	2	1565	13
590	2	313	26
590	2	939	33
590	2	1461	13
591	2	313	26
592	2	313	26
593	2	313	26
594	2	313	26
594	2	2295	33
595	2	313	26
595	2	834	33
595	2	1200	13
596	2	313	26
596	2	1356	33
597	2	313	26
598	2	313	26
598	2	730	33
598	2	1200	13
599	2	313	26
599	2	782	33
599	2	1200	13
600	2	313	26
601	2	313	26
601	2	1043	33
602	2	313	26
603	2	313	26
604	2	313	26
604	2	1617	33
605	2	313	26
606	2	313	26
606	2	1356	33
606	2	1669	13
607	2	313	26
607	2	834	33
607	2	1252	13
608	2	313	26
608	2	991	33
608	2	1461	13
609	2	313	26
610	2	313	26
611	2	313	26
611	2	1722	33
612	2	313	26
612	2	2243	33
613	2	313	26
614	2	313	26
615	2	313	26
616	2	313	26
616	2	1774	33
617	2	313	26
618	2	313	26
619	2	313	26
620	2	313	26
620	2	887	33
621	2	313	26
621	2	1513	33
622	2	313	26
622	2	782	33
623	2	313	26
624	2	313	26
624	2	939	33
625	2	313	26
625	2	1774	33
626	2	313	26
626	2	991	33
626	2	1408	13
627	2	313	26
627	2	1252	33
627	2	1617	13
628	2	313	26
628	2	1461	33
628	2	2243	13
629	2	313	26
630	2	313	26
630	2	1722	33
631	2	313	26
631	2	1304	33
631	2	1669	13
632	2	313	26
632	2	730	33
632	2	1200	13
633	2	313	26
634	2	313	26
635	2	313	26
636	2	313	26
637	2	313	26
638	2	313	26
639	2	313	26
639	2	939	33
639	2	1252	13
640	2	313	26
641	2	313	26
642	2	313	26
643	2	313	26
644	2	313	26
644	2	991	33
645	2	313	26
645	2	1408	33
646	2	313	26
646	2	887	33
646	2	1200	13
647	2	313	26
648	2	313	26
648	2	1617	33
649	2	313	26
649	2	939	33
649	2	1565	13
650	2	313	26
651	2	313	26
652	2	313	26
652	2	1304	33
652	2	1774	13
653	2	313	26
653	2	1304	33
653	2	1722	13
654	2	313	26
655	2	313	26
655	2	1617	33
656	2	313	26
656	2	1408	33
656	2	2087	13
657	2	313	26
657	2	991	33
658	2	313	26
658	2	991	33
658	2	1408	13
659	2	313	26
660	2	313	26
661	2	313	26
661	2	887	33
661	2	1408	13
662	2	313	26
662	2	1461	33
663	2	313	26
664	2	313	26
664	2	939	33
664	2	1304	13
665	2	313	26
665	2	887	33
665	2	1304	13
666	2	313	26
666	2	782	33
666	2	1200	13
667	2	313	26
667	2	887	33
668	2	313	26
668	2	2035	33
669	2	313	26
669	2	1617	33
670	2	313	26
670	2	1722	33
671	2	313	26
672	2	313	26
673	2	313	26
674	2	313	26
674	2	1461	33
675	2	313	26
675	2	1617	33
676	2	313	26
676	2	834	33
676	2	1200	13
677	2	313	26
677	2	1461	33
678	2	313	26
678	2	939	33
678	2	1930	13
679	2	313	26
680	2	313	26
680	2	1565	33
681	2	313	26
682	2	313	26
682	2	1461	33
683	2	313	26
684	2	313	26
684	2	1617	33
685	2	313	26
686	2	313	26
686	2	991	33
687	2	313	26
688	2	313	26
689	2	313	26
690	2	313	26
691	2	313	26
691	2	991	33
691	2	1304	13
692	2	313	26
692	2	1148	33
692	2	1461	13
693	2	313	26
693	2	1252	33
693	2	1617	13
694	2	313	26
694	2	1200	33
694	2	1669	13
695	2	313	26
695	2	730	33
695	2	1200	13
696	2	313	26
697	2	313	26
697	2	939	33
697	2	1408	13
698	2	313	26
699	2	313	26
699	2	1461	33
700	2	313	26
701	2	313	26
701	2	1513	33
702	2	313	26
703	2	313	26
703	2	887	33
703	2	1252	13
704	2	313	26
705	2	313	26
705	2	2243	33
706	2	313	26
706	2	834	33
706	2	1669	13
707	2	313	26
707	2	991	33
708	2	313	26
708	2	1774	33
709	2	313	26
709	2	991	33
709	2	1461	13
710	2	313	26
710	2	939	33
710	2	1304	13
711	2	313	26
711	2	1774	33
712	2	313	26
712	2	1669	33
713	2	313	26
714	2	313	26
714	2	782	33
714	2	1200	13
715	2	313	26
715	2	1774	33
716	2	313	26
716	2	730	33
716	2	1200	13
717	2	313	26
717	2	1617	33
718	2	313	26
718	2	939	33
718	2	1304	13
719	2	313	26
720	2	313	26
721	2	313	26
721	2	1356	33
722	2	313	26
722	2	782	33
722	2	1200	13
723	2	313	26
724	2	313	26
725	2	313	26
725	2	1095	33
725	2	1513	13
726	2	313	26
726	2	1304	33
726	2	1617	13
727	2	313	26
728	2	313	26
729	2	313	26
729	2	939	33
730	2	313	26
730	2	1565	33
731	2	313	26
731	2	782	33
731	2	1200	13
732	2	313	26
732	2	1513	33
733	2	313	26
733	2	939	33
733	2	1356	13
734	2	313	26
734	2	782	33
734	2	1200	13
735	2	313	26
736	2	313	26
737	2	313	26
737	2	939	33
737	2	1356	13
738	2	313	26
738	2	991	33
738	2	1356	13
739	2	313	26
740	2	313	26
741	2	313	26
741	2	1461	33
742	2	313	26
742	2	782	33
742	2	1200	13
743	2	313	26
743	2	782	33
743	2	1408	13
744	2	313	26
744	2	2243	33
745	2	313	26
746	2	313	26
747	2	313	26
747	2	1722	33
748	2	313	26
749	2	313	26
750	2	313	26
751	2	313	26
752	2	313	26
752	2	1565	33
753	2	313	26
753	2	887	33
753	2	1200	13
754	2	313	26
754	2	834	33
754	2	1200	13
755	2	313	26
755	2	834	33
755	2	1513	13
756	2	313	26
756	2	887	33
756	2	1200	13
757	2	313	26
758	2	313	26
758	2	730	33
758	2	1200	13
759	2	313	26
760	2	313	26
761	2	313	26
761	2	2139	33
762	2	313	26
762	2	1252	33
762	2	2243	13
763	2	313	26
764	2	313	26
765	2	313	26
765	2	834	33
765	2	1826	13
766	2	313	26
766	2	991	33
767	2	313	26
768	2	313	26
769	2	313	26
770	2	313	26
771	2	313	26
772	2	313	26
773	2	313	26
774	2	313	26
774	2	834	33
774	2	1200	13
775	2	313	26
776	2	313	26
776	2	782	33
776	2	1200	13
777	2	313	26
778	2	313	26
778	2	991	33
779	2	313	26
780	2	313	26
781	2	313	26
781	2	1148	33
781	2	1565	13
782	2	313	26
782	2	2243	33
783	2	313	26
784	2	313	26
784	2	834	33
784	2	1722	13
785	2	313	26
786	2	313	26
787	2	313	26
788	2	313	26
788	2	991	33
788	2	1774	13
789	2	313	26
789	2	1669	33
790	2	313	26
790	2	2295	33
791	2	313	26
792	2	313	26
793	2	313	26
793	2	782	33
793	2	1200	13
794	2	313	26
794	2	834	33
794	2	2139	13
795	2	313	26
796	2	313	26
797	2	313	26
797	2	834	33
798	2	313	26
799	2	313	26
800	2	313	26
801	2	313	26
802	2	313	26
802	2	1200	33
802	2	1669	13
803	2	313	26
803	2	1148	33
803	2	1565	13
804	2	313	26
804	2	1565	33
805	2	313	26
806	2	313	26
807	2	313	26
807	2	782	33
807	2	1200	13
808	2	313	26
809	2	313	26
810	2	313	26
810	2	782	33
810	2	1200	13
811	2	313	26
811	2	782	33
811	2	1356	13
812	2	313	26
812	2	887	33
812	2	1304	13
813	2	313	26
813	2	1669	33
814	2	313	26
815	2	313	26
815	2	834	33
816	2	313	26
817	2	313	26
818	2	313	26
818	2	1304	33
818	2	2191	13
819	2	313	26
820	2	313	26
821	2	313	26
822	2	313	26
822	2	730	33
822	2	1200	13
823	2	313	26
823	2	782	33
823	2	1200	13
824	2	313	26
824	2	1617	33
825	2	313	26
825	2	1669	33
826	2	313	26
826	2	1669	33
827	2	313	26
828	2	313	26
829	2	313	26
830	2	313	26
831	2	313	26
831	2	991	33
831	2	1356	13
832	2	313	26
832	2	887	33
832	2	1200	13
833	2	313	26
834	2	313	26
834	2	887	33
834	2	1304	13
835	2	313	26
835	2	1930	33
836	2	313	26
837	2	313	26
838	2	313	26
838	2	834	33
838	2	1200	13
839	2	313	26
840	2	313	26
840	2	730	33
840	2	1200	13
841	2	313	26
841	2	991	33
842	2	313	26
842	2	1513	33
843	2	313	26
843	2	782	33
843	2	1200	13
844	2	313	26
845	2	313	26
846	2	313	26
847	2	313	26
848	2	313	26
848	2	730	33
848	2	1200	13
849	2	313	26
850	2	313	26
850	2	939	33
850	2	1252	13
851	2	313	26
852	2	313	26
853	2	313	26
854	2	313	26
854	2	1617	33
855	2	313	26
856	2	313	26
857	2	313	26
858	2	313	26
858	2	1408	33
859	2	313	26
860	2	313	26
861	2	313	26
861	2	887	33
862	2	313	26
863	2	313	26
863	2	939	33
863	2	1304	13
864	2	313	26
864	2	834	33
864	2	1200	13
865	2	313	26
865	2	887	33
865	2	1565	13
866	2	313	26
866	2	834	33
866	2	1200	13
867	2	313	26
868	2	313	26
868	2	939	33
868	2	1774	13
869	2	313	26
869	2	1565	33
870	2	313	26
871	2	313	26
872	2	313	26
873	2	313	26
873	2	782	33
873	2	1200	13
874	2	313	26
875	2	313	26
875	2	991	33
875	2	1722	13
876	2	313	26
876	2	887	33
877	2	313	26
877	2	730	33
877	2	1200	13
878	2	313	26
879	2	313	26
879	2	2139	33
880	2	313	26
880	2	782	33
880	2	1200	13
881	2	313	26
882	2	313	26
883	2	313	26
884	2	313	26
884	2	939	33
885	2	313	26
885	2	834	33
885	2	1200	13
886	2	313	26
887	2	313	26
887	2	1356	33
888	2	313	26
889	2	313	26
890	2	313	26
891	2	313	26
891	2	939	33
892	2	313	26
893	2	313	26
894	2	313	26
894	2	1669	33
895	2	313	26
895	2	1878	33
896	2	313	26
896	2	939	33
897	2	313	26
897	2	939	33
897	2	1356	13
898	2	313	26
898	2	939	33
898	2	1252	13
899	2	313	26
899	2	887	33
899	2	1200	13
900	2	313	26
900	2	2295	33
901	2	313	26
901	2	730	33
901	2	1200	13
902	2	313	26
902	2	1461	33
903	2	313	26
903	2	939	33
903	2	1408	13
904	2	313	26
905	2	313	26
906	2	313	26
906	2	887	33
907	2	313	26
908	2	313	26
908	2	887	33
908	2	1408	13
909	2	313	26
910	2	313	26
911	2	313	26
912	2	313	26
912	2	991	33
913	2	313	26
914	2	313	26
914	2	1408	33
915	2	313	26
916	2	313	26
916	2	939	33
916	2	1304	13
917	2	313	26
918	2	313	26
919	2	313	26
920	2	313	26
921	2	313	26
922	2	313	26
922	2	2035	33
923	2	313	26
924	2	313	26
924	2	991	33
924	2	1304	13
925	2	313	26
925	2	887	33
926	2	313	26
926	2	1043	33
926	2	1513	13
927	2	313	26
927	2	1669	33
928	2	313	26
929	2	313	26
929	2	991	33
929	2	1513	13
930	2	313	26
931	2	313	26
931	2	834	33
931	2	1200	13
932	2	313	26
933	2	313	26
934	2	313	26
935	2	313	26
935	2	939	33
935	2	1669	13
936	2	313	26
937	2	313	26
938	2	313	26
938	2	2243	33
939	2	313	26
940	2	313	26
940	2	1252	33
940	2	1565	13
941	2	313	26
941	2	834	33
941	2	1200	13
942	2	313	26
942	2	834	33
942	2	1200	13
943	2	313	26
944	2	313	26
944	2	1774	33
945	2	313	26
946	2	313	26
946	2	1669	33
947	2	313	26
947	2	887	33
947	2	1200	13
948	2	313	26
948	2	834	33
948	2	1252	13
949	2	313	26
949	2	730	33
949	2	1200	13
950	2	313	26
950	2	782	33
950	2	1200	13
951	2	313	26
952	2	313	26
953	2	313	26
953	2	834	33
953	2	1252	13
954	2	313	26
954	2	782	33
954	2	1200	13
955	2	313	26
956	2	313	26
957	2	313	26
958	2	313	26
959	2	313	26
960	2	313	26
960	2	1408	33
961	2	313	26
961	2	1304	33
961	2	1774	13
962	2	313	26
963	2	313	26
963	2	939	33
964	2	313	26
964	2	939	33
964	2	1252	13
965	2	313	26
965	2	1669	33
966	2	313	26
966	2	887	33
966	2	1617	13
967	2	313	26
968	2	313	26
968	2	1669	33
969	2	313	26
969	2	1408	33
969	2	1774	13
970	2	313	26
971	2	313	26
971	2	939	33
971	2	1408	13
972	2	313	26
972	2	782	33
972	2	1200	13
973	2	313	26
974	2	313	26
975	2	313	26
976	2	313	26
976	2	1252	33
976	2	1565	13
977	2	313	26
978	2	313	26
978	2	887	33
978	2	1356	13
979	2	313	26
980	2	313	26
981	2	313	26
981	2	1461	33
982	2	313	26
982	2	1513	33
983	2	313	26
983	2	782	33
983	2	1565	13
984	2	313	26
984	2	1669	33
985	2	313	26
985	2	1722	33
986	2	313	26
987	2	313	26
988	2	313	26
988	2	1461	33
989	2	313	26
989	2	834	33
989	2	2243	13
990	2	313	26
991	2	313	26
992	2	313	26
993	2	313	26
994	2	313	26
995	2	313	26
995	2	730	33
995	2	1200	13
996	2	313	26
997	2	313	26
998	2	313	26
998	2	1095	33
998	2	1408	13
999	2	313	26
0	3	626	29
0	3	887	20
0	3	2295	9
1	3	626	29
1	3	887	20
2	3	782	29
3	3	1200	29
3	3	1722	20
4	3	782	29
4	3	1095	20
4	3	1565	9
4	3	1930	12
4	3	2243	30
5	3	678	29
6	3	939	29
6	3	2035	20
7	3	1461	20
7	3	1774	29
8	3	991	29
8	3	1304	20
8	3	1669	9
10	3	626	29
10	3	887	20
12	3	1982	29
13	3	1878	29
14	3	626	29
14	3	887	20
15	3	730	29
15	3	1461	20
16	3	678	29
16	3	1148	20
17	3	626	29
17	3	887	20
18	3	730	29
18	3	1513	20
19	3	1930	29
20	3	782	29
20	3	1408	20
20	3	2295	9
21	3	626	29
21	3	887	20
22	3	1722	29
23	3	678	29
23	3	991	20
24	3	678	29
24	3	939	20
24	3	2295	9
25	3	1774	29
26	3	939	29
26	3	1565	20
27	3	626	29
27	3	1200	20
28	3	1304	20
28	3	1565	29
28	3	1826	9
29	3	1669	29
30	3	1408	29
30	3	2139	20
31	3	834	29
32	3	1200	29
32	3	1722	20
33	3	1043	29
34	3	1408	20
34	3	1565	29
35	3	730	29
35	3	1200	20
35	3	2295	9
36	3	730	29
36	3	1148	20
37	3	991	29
38	3	887	29
39	3	834	29
39	3	1513	20
40	3	574	29
40	3	834	20
40	3	1513	9
40	3	1826	12
40	3	2139	30
41	3	1461	20
41	3	1565	29
41	3	2295	9
42	3	1461	20
42	3	1565	29
43	3	678	29
43	3	1200	20
45	3	991	29
45	3	1408	20
46	3	730	29
47	3	1252	29
49	3	782	29
49	3	1148	20
49	3	1722	9
52	3	1774	29
53	3	730	29
53	3	1148	20
53	3	1617	9
53	3	2243	12
55	3	834	29
56	3	1982	29
57	3	678	29
57	3	939	20
57	3	1408	9
57	3	2295	12
58	3	782	29
58	3	1200	20
58	3	1669	9
59	3	782	29
59	3	1043	20
59	3	2295	9
60	3	1930	29
61	3	834	29
62	3	782	29
62	3	1200	20
62	3	1878	9
63	3	887	29
63	3	1356	20
64	3	1982	29
65	3	887	29
66	3	1356	29
67	3	1356	20
67	3	1617	29
68	3	1617	29
69	3	1565	20
69	3	1722	29
70	3	939	29
71	3	1148	29
74	3	1669	29
75	3	678	29
75	3	939	20
76	3	1513	29
77	3	2295	29
78	3	2139	29
79	3	1617	29
79	3	2295	20
80	3	730	29
80	3	2191	20
81	3	887	29
82	3	1252	29
83	3	1878	29
84	3	834	29
84	3	2295	20
86	3	1930	29
87	3	626	29
87	3	887	20
87	3	1513	9
87	3	1878	12
87	3	2191	30
88	3	1356	20
88	3	1565	29
89	3	1617	29
89	3	2087	20
90	3	1461	29
91	3	939	29
92	3	678	29
92	3	939	20
93	3	2139	29
95	3	1722	29
96	3	1148	29
96	3	1513	20
97	3	1982	29
99	3	1878	29
99	3	2139	20
100	3	2139	29
101	3	887	29
102	3	834	29
102	3	1930	20
103	3	1722	29
104	3	834	29
104	3	1252	20
106	3	1304	20
106	3	1565	29
106	3	1826	9
107	3	574	29
107	3	834	20
107	3	1722	9
108	3	678	29
108	3	1565	20
109	3	2087	29
110	3	626	29
110	3	1043	20
110	3	1774	9
111	3	887	29
112	3	1565	29
113	3	626	29
113	3	887	20
114	3	1148	29
115	3	1565	29
116	3	2243	29
117	3	2243	29
118	3	1252	29
119	3	1356	29
119	3	2295	20
120	3	1617	29
121	3	2139	29
122	3	678	29
122	3	939	20
122	3	1722	9
124	3	678	29
124	3	939	20
125	3	782	29
125	3	1200	20
125	3	1774	9
126	3	574	29
126	3	939	20
126	3	1669	9
127	3	626	29
127	3	939	20
127	3	1774	9
128	3	574	29
128	3	887	20
128	3	1722	9
129	3	1930	29
130	3	782	29
131	3	887	29
131	3	1356	20
131	3	1722	9
132	3	626	29
132	3	939	20
133	3	887	29
133	3	1513	20
134	3	1617	29
134	3	1930	20
135	3	678	29
135	3	1200	20
135	3	2295	9
136	3	626	29
136	3	887	20
136	3	1200	9
136	3	1513	12
136	3	1826	30
137	3	939	29
137	3	1617	20
138	3	626	29
138	3	887	20
138	3	1565	9
138	3	1878	12
138	3	2191	30
139	3	730	29
139	3	1043	20
139	3	1408	9
139	3	1722	12
139	3	2035	30
141	3	782	29
141	3	1043	20
141	3	1408	9
141	3	1722	12
142	3	1669	29
143	3	1304	29
145	3	1304	29
146	3	730	29
146	3	1408	20
147	3	887	29
147	3	1513	20
148	3	2191	29
149	3	730	29
149	3	991	20
149	3	1513	9
150	3	730	29
150	3	1356	20
151	3	1722	29
152	3	782	29
152	3	1304	20
152	3	1826	9
153	3	1043	29
154	3	678	29
154	3	1095	20
154	3	1565	9
155	3	574	29
155	3	939	20
155	3	1878	9
156	3	678	29
156	3	1043	20
156	3	1774	9
158	3	834	29
158	3	1304	20
158	3	1722	9
159	3	574	29
159	3	887	20
159	3	1565	9
160	3	1408	20
160	3	1565	29
162	3	1148	29
162	3	1565	20
163	3	1982	29
164	3	730	29
164	3	2087	20
165	3	834	29
165	3	1200	20
165	3	1722	9
167	3	1982	29
169	3	626	29
169	3	887	20
170	3	626	29
170	3	887	20
170	3	1461	9
171	3	1722	29
172	3	1148	29
172	3	1617	20
173	3	2139	29
174	3	1513	20
174	3	1669	29
175	3	834	29
175	3	1356	20
175	3	2087	9
176	3	678	29
176	3	2139	20
177	3	1722	29
179	3	782	29
179	3	1200	20
181	3	678	29
181	3	939	20
182	3	1565	29
183	3	678	29
183	3	1200	20
184	3	1930	29
185	3	782	29
185	3	1148	20
185	3	1722	9
187	3	1513	20
187	3	1565	29
188	3	1982	29
189	3	1408	20
189	3	1565	29
189	3	1982	9
190	3	1200	29
190	3	2295	20
191	3	678	29
192	3	939	29
192	3	1200	20
193	3	939	29
193	3	1513	20
193	3	2139	9
194	3	1565	29
196	3	626	29
196	3	887	20
196	3	1252	9
196	3	1513	12
196	3	1826	30
198	3	887	29
198	3	1356	20
198	3	2139	9
199	3	678	29
199	3	939	20
199	3	1722	9
200	3	1200	29
200	3	1826	20
201	3	1878	29
202	3	1513	20
202	3	1774	29
203	3	1461	20
203	3	1617	29
204	3	834	29
204	3	1200	20
205	3	2087	29
206	3	626	29
206	3	887	20
206	3	1200	9
206	3	1461	12
206	3	1774	30
207	3	626	29
207	3	1148	20
208	3	626	29
208	3	1356	20
210	3	782	29
210	3	1565	20
211	3	1722	29
212	3	1669	29
212	3	1982	20
214	3	1669	29
215	3	1304	29
216	3	1774	29
217	3	1200	29
218	3	834	29
218	3	1408	20
220	3	2243	29
221	3	1043	29
221	3	1617	20
222	3	1982	29
223	3	1617	29
224	3	1669	29
224	3	2087	20
225	3	678	29
225	3	939	20
225	3	1408	9
225	3	1722	12
226	3	730	29
226	3	1200	20
226	3	1722	9
227	3	887	29
228	3	626	29
228	3	991	20
228	3	1461	9
229	3	1408	20
229	3	1565	29
230	3	626	29
230	3	887	20
231	3	626	29
231	3	887	20
232	3	678	29
232	3	1095	20
232	3	1565	9
233	3	1408	29
236	3	1774	29
237	3	1669	29
239	3	2035	29
240	3	626	29
240	3	1095	20
240	3	2087	9
241	3	1408	20
241	3	1565	29
242	3	939	29
242	3	1356	20
243	3	626	29
243	3	887	20
243	3	1513	9
243	3	1930	12
243	3	2295	30
244	3	678	29
244	3	939	20
245	3	1982	29
248	3	730	29
248	3	991	20
249	3	626	29
249	3	887	20
250	3	626	29
250	3	939	20
250	3	1565	9
250	3	2139	12
251	3	887	29
251	3	1513	20
252	3	2191	29
253	3	1669	29
255	3	1774	29
256	3	1461	20
256	3	1617	29
257	3	1252	29
258	3	626	29
258	3	887	20
259	3	678	29
259	3	939	20
260	3	730	29
260	3	1878	20
262	3	1408	20
262	3	1722	29
263	3	1617	29
264	3	939	29
265	3	730	29
266	3	887	29
266	3	1513	20
267	3	626	29
267	3	887	20
268	3	1148	29
268	3	1722	20
269	3	678	29
269	3	1148	20
269	3	1774	9
270	3	1617	29
271	3	782	29
271	3	1408	20
271	3	2139	9
272	3	626	29
272	3	991	20
272	3	1408	9
272	3	1669	12
272	3	1982	30
274	3	1982	29
277	3	1617	29
279	3	1304	29
280	3	1565	29
283	3	1304	29
283	3	2295	20
284	3	626	29
284	3	887	20
284	3	1304	9
284	3	1617	12
284	3	1930	30
285	3	1148	29
285	3	1617	20
286	3	626	29
286	3	991	20
286	3	1669	9
286	3	2035	12
287	3	1304	29
288	3	834	29
291	3	991	29
292	3	2295	29
293	3	574	29
293	3	834	20
293	3	1408	9
293	3	2087	12
294	3	678	29
295	3	1930	29
295	3	2295	20
296	3	678	29
296	3	1148	20
297	3	2191	29
298	3	1669	29
299	3	730	29
299	3	991	20
300	3	1878	29
301	3	626	29
301	3	887	20
302	3	626	29
302	3	1408	20
303	3	678	29
303	3	939	20
303	3	1356	9
303	3	1617	12
303	3	1930	30
304	3	626	29
304	3	939	20
306	3	678	29
306	3	939	20
306	3	1617	9
307	3	1200	29
308	3	1148	29
309	3	626	29
309	3	887	20
309	3	1408	9
309	3	1774	12
309	3	2139	30
310	3	782	29
310	3	1200	20
310	3	1617	9
310	3	1878	12
311	3	1722	29
312	3	1878	29
313	3	1565	29
314	3	2087	29
315	3	991	29
315	3	1408	20
317	3	1304	29
318	3	2295	29
320	3	1408	29
321	3	626	29
321	3	887	20
322	3	782	29
322	3	2139	20
323	3	2035	29
324	3	1513	29
325	3	1304	29
326	3	626	29
326	3	887	20
327	3	1252	29
327	3	2139	20
328	3	1617	29
329	3	2243	29
330	3	1356	20
330	3	1565	29
331	3	678	29
331	3	939	20
332	3	834	29
332	3	1356	20
333	3	730	29
333	3	991	20
333	3	2243	9
334	3	1356	29
335	3	574	29
335	3	834	20
336	3	678	29
336	3	1461	20
337	3	1722	29
338	3	1878	29
339	3	782	29
339	3	2243	20
340	3	1304	29
340	3	1722	20
341	3	1200	29
341	3	1722	20
342	3	678	29
342	3	1043	20
342	3	1461	9
343	3	574	29
343	3	834	20
343	3	1774	9
345	3	939	29
345	3	1304	20
346	3	834	29
346	3	1148	20
346	3	1617	9
347	3	730	29
347	3	1722	20
348	3	678	29
348	3	1252	20
349	3	730	29
349	3	1043	20
349	3	1461	9
349	3	1722	12
351	3	834	29
352	3	939	29
352	3	1461	20
353	3	678	29
353	3	1200	20
354	3	574	29
354	3	887	20
354	3	1304	9
354	3	1565	12
355	3	730	29
356	3	1669	29
356	3	2243	20
357	3	887	29
358	3	1148	29
358	3	2139	20
360	3	1565	29
361	3	939	29
361	3	1356	20
361	3	2295	9
362	3	2087	29
364	3	678	29
364	3	939	20
366	3	1513	20
366	3	1617	29
367	3	834	29
368	3	626	29
368	3	887	20
368	3	1304	9
368	3	1565	12
368	3	1878	30
369	3	678	29
369	3	1148	20
369	3	1669	9
370	3	1669	29
371	3	782	29
371	3	1148	20
372	3	1669	29
373	3	1722	29
374	3	2295	29
375	3	1408	29
376	3	887	29
377	3	1408	29
377	3	2243	20
378	3	1252	29
379	3	730	29
379	3	1408	20
380	3	1774	29
381	3	1252	29
382	3	730	29
382	3	2295	20
383	3	1408	29
384	3	834	29
384	3	1461	20
385	3	1043	29
386	3	887	29
387	3	782	29
387	3	1148	20
387	3	1513	9
388	3	2139	29
389	3	678	29
390	3	678	29
390	3	939	20
391	3	730	29
391	3	1252	20
392	3	1826	29
393	3	521	29
393	3	887	20
394	3	939	29
395	3	991	29
396	3	678	29
396	3	939	20
396	3	1252	9
396	3	1513	12
396	3	1826	30
397	3	1356	29
397	3	2191	20
398	3	939	29
399	3	626	29
399	3	939	20
400	3	887	29
400	3	1669	20
401	3	2295	29
402	3	991	29
402	3	1408	20
403	3	2087	29
404	3	1669	29
404	3	2295	20
405	3	1930	29
406	3	782	29
406	3	1304	20
407	3	1252	29
407	3	1722	20
409	3	1878	29
410	3	1774	29
411	3	678	29
411	3	939	20
411	3	1408	9
411	3	1826	12
411	3	2295	30
412	3	626	29
412	3	939	20
412	3	1304	9
412	3	1565	12
412	3	1878	30
413	3	574	29
413	3	834	20
413	3	1356	9
413	3	1617	12
413	3	1930	30
414	3	834	29
414	3	1356	20
414	3	2139	9
415	3	678	29
415	3	1148	20
416	3	2295	29
417	3	678	29
417	3	1669	20
418	3	834	29
418	3	1148	20
418	3	1565	9
419	3	678	29
419	3	1095	20
419	3	1669	9
420	3	1669	20
420	3	1722	29
421	3	2087	29
422	3	1722	29
423	3	1095	29
423	3	1513	20
424	3	626	29
424	3	991	20
424	3	1461	9
424	3	1826	12
424	3	2139	30
425	3	991	29
426	3	1148	29
426	3	1774	20
427	3	2243	29
428	3	678	29
429	3	887	29
429	3	1408	20
430	3	782	29
430	3	1408	20
431	3	626	29
431	3	887	20
432	3	834	29
432	3	1148	20
432	3	2139	9
433	3	991	29
433	3	1722	20
434	3	782	29
434	3	1043	20
434	3	1513	9
434	3	1878	12
434	3	2191	30
435	3	574	29
435	3	939	20
435	3	1722	9
436	3	678	29
436	3	939	20
436	3	1408	9
437	3	730	29
437	3	1826	20
438	3	939	29
438	3	1304	20
439	3	1774	29
440	3	1565	29
440	3	2139	20
442	3	1095	29
442	3	1774	20
443	3	1617	29
445	3	678	29
445	3	939	20
445	3	2139	9
446	3	1617	29
448	3	1826	29
449	3	2243	29
451	3	1408	20
451	3	1617	29
451	3	2139	9
452	3	834	29
452	3	2295	20
453	3	574	29
453	3	939	20
453	3	1356	9
453	3	1669	12
454	3	2191	29
455	3	1304	29
455	3	2035	20
456	3	1461	29
457	3	1565	29
459	3	1774	29
460	3	626	29
460	3	939	20
461	3	626	29
461	3	939	20
462	3	1043	29
463	3	887	29
463	3	1148	20
463	3	1617	9
464	3	1565	20
464	3	1722	29
465	3	678	29
466	3	678	29
466	3	939	20
467	3	626	29
467	3	939	20
468	3	678	29
468	3	939	20
469	3	574	29
469	3	834	20
469	3	1565	9
469	3	2295	12
470	3	2295	29
471	3	1982	29
471	3	2243	20
472	3	782	29
472	3	1565	20
473	3	1513	20
473	3	1565	29
474	3	730	29
474	3	1148	20
474	3	1774	9
475	3	1774	29
476	3	2139	29
477	3	1774	29
478	3	1043	29
480	3	1565	29
481	3	782	29
481	3	1148	20
481	3	1513	9
481	3	2295	12
482	3	782	29
484	3	2139	29
485	3	1982	29
486	3	1408	29
486	3	2295	20
487	3	730	29
487	3	991	20
488	3	1408	29
489	3	626	29
489	3	887	20
489	3	1356	9
490	3	1408	20
490	3	1617	29
490	3	1930	9
490	3	2295	12
491	3	887	29
491	3	2139	20
492	3	1148	29
492	3	1565	20
492	3	2243	9
493	3	1565	29
494	3	834	29
495	3	1461	20
495	3	1669	29
496	3	991	29
496	3	1356	20
496	3	2035	9
497	3	626	29
498	3	991	29
499	3	730	29
500	3	626	29
500	3	887	20
500	3	1356	9
500	3	1669	12
500	3	2035	30
501	3	1461	29
502	3	1617	29
502	3	2035	20
503	3	626	29
503	3	887	20
503	3	1304	9
503	3	1565	12
503	3	1878	30
505	3	2139	29
506	3	1930	29
508	3	782	29
508	3	1043	20
508	3	1565	9
508	3	2243	12
510	3	2087	29
512	3	1095	29
512	3	1461	20
513	3	1095	29
513	3	1722	20
514	3	834	29
514	3	1513	20
515	3	678	29
515	3	939	20
515	3	1722	9
515	3	2139	12
516	3	1461	29
517	3	1408	29
517	3	2139	20
518	3	1826	29
519	3	782	29
519	3	1200	20
520	3	834	29
520	3	2243	20
521	3	626	29
521	3	991	20
521	3	1513	9
522	3	1356	20
522	3	1565	29
523	3	730	29
523	3	1148	20
525	3	834	29
525	3	1200	20
525	3	1565	9
525	3	2295	12
526	3	2087	29
527	3	626	29
527	3	887	20
528	3	574	29
528	3	887	20
529	3	678	29
529	3	939	20
529	3	1356	9
529	3	1617	12
529	3	1930	30
530	3	1356	29
530	3	2243	20
531	3	1148	29
531	3	1617	20
532	3	1774	29
533	3	2191	29
534	3	626	29
534	3	887	20
534	3	1513	9
534	3	2139	12
536	3	2139	29
537	3	1043	29
537	3	1461	20
538	3	678	29
538	3	939	20
539	3	626	29
539	3	887	20
540	3	2087	29
541	3	678	29
541	3	1878	20
542	3	1774	29
543	3	1252	29
543	3	1669	20
544	3	730	29
544	3	1148	20
544	3	1617	9
544	3	2087	12
545	3	1617	29
546	3	1252	29
547	3	887	29
547	3	1356	20
547	3	1774	9
548	3	2139	29
549	3	1408	29
550	3	678	29
550	3	991	20
550	3	1356	9
550	3	1617	12
551	3	626	29
551	3	991	20
551	3	1461	9
551	3	1722	12
551	3	2139	30
552	3	2191	29
553	3	1617	29
553	3	2139	20
554	3	574	29
554	3	834	20
554	3	1722	9
555	3	626	29
555	3	887	20
555	3	1304	9
555	3	1565	12
555	3	1878	30
556	3	1408	20
556	3	1617	29
557	3	2243	29
558	3	626	29
559	3	1043	29
559	3	1617	20
560	3	2191	29
561	3	1669	29
562	3	1148	29
562	3	1617	20
563	3	1408	20
563	3	1565	29
564	3	2191	29
565	3	782	29
565	3	1043	20
565	3	1513	9
565	3	2087	12
566	3	730	29
566	3	1461	20
567	3	1565	29
568	3	678	29
568	3	939	20
568	3	1565	9
569	3	1774	29
570	3	1461	29
571	3	626	29
571	3	939	20
572	3	2295	29
574	3	991	29
575	3	521	29
575	3	887	20
575	3	1304	9
575	3	1722	12
576	3	1304	29
577	3	730	29
577	3	991	20
578	3	1826	29
579	3	1669	29
581	3	1252	29
581	3	1669	20
581	3	2295	9
582	3	1565	29
583	3	678	29
583	3	939	20
583	3	1356	9
583	3	1617	12
584	3	730	29
584	3	2243	20
585	3	626	29
585	3	887	20
585	3	1252	9
585	3	1513	12
585	3	1826	30
586	3	1304	20
586	3	1565	29
587	3	574	29
587	3	834	20
587	3	1356	9
587	3	1669	12
588	3	887	29
588	3	1461	20
589	3	834	29
589	3	1252	20
590	3	730	29
590	3	1200	20
593	3	1565	29
594	3	1617	29
595	3	678	29
595	3	1043	20
595	3	1461	9
595	3	1722	12
595	3	2035	30
596	3	1461	20
596	3	1565	29
597	3	1565	29
598	3	626	29
598	3	887	20
599	3	678	29
599	3	939	20
601	3	730	29
601	3	1669	20
602	3	2087	29
603	3	939	29
604	3	1617	29
604	3	1878	20
605	3	1930	29
606	3	991	29
606	3	1356	20
607	3	626	29
607	3	1200	20
607	3	2243	9
608	3	834	29
608	3	1304	20
611	3	1565	29
612	3	1148	29
613	3	2139	29
614	3	1200	29
614	3	1722	20
615	3	1722	29
616	3	1200	29
617	3	1982	29
619	3	1774	29
620	3	678	29
621	3	1095	29
621	3	1565	20
622	3	626	29
622	3	887	20
623	3	1930	29
624	3	782	29
625	3	1200	29
625	3	1722	20
626	3	887	29
626	3	1304	20
627	3	887	29
627	3	1461	20
628	3	991	29
628	3	1513	20
629	3	1722	29
630	3	1669	29
630	3	2139	20
631	3	887	29
631	3	1408	20
631	3	2243	9
632	3	626	29
632	3	887	20
633	3	1669	29
634	3	1304	29
635	3	1513	29
637	3	1930	29
638	3	1930	29
639	3	730	29
639	3	1148	20
639	3	1565	9
640	3	1617	29
641	3	939	29
642	3	2035	29
644	3	834	29
645	3	1408	20
645	3	1617	29
646	3	626	29
646	3	991	20
646	3	1513	9
647	3	2295	29
648	3	1669	29
649	3	782	29
649	3	1356	20
651	3	834	29
652	3	939	29
652	3	1513	20
653	3	939	29
653	3	1461	20
654	3	1669	29
655	3	1565	29
655	3	1878	20
656	3	991	29
656	3	1722	20
657	3	834	29
658	3	834	29
658	3	1095	20
658	3	1669	9
658	3	2295	12
659	3	1148	29
660	3	1722	29
661	3	834	29
661	3	1304	20
662	3	1408	20
662	3	1565	29
663	3	1878	29
664	3	730	29
664	3	1095	20
664	3	1722	9
664	3	2139	12
665	3	730	29
665	3	1356	20
666	3	626	29
666	3	939	20
666	3	2295	9
667	3	678	29
668	3	1774	20
668	3	1826	29
669	3	1669	29
670	3	1722	29
670	3	1982	20
671	3	2035	29
672	3	1722	29
673	3	1617	29
674	3	1461	20
674	3	1565	29
675	3	1148	29
675	3	1722	20
676	3	574	29
676	3	1043	20
676	3	1565	9
677	3	991	29
677	3	1408	20
678	3	678	29
678	3	1461	20
679	3	2035	29
680	3	1148	29
680	3	1565	20
681	3	1774	29
682	3	834	29
682	3	2087	20
683	3	2035	29
684	3	1148	29
684	3	1565	20
685	3	939	29
686	3	782	29
687	3	2243	29
688	3	2035	29
689	3	1356	29
690	3	939	29
691	3	730	29
691	3	1200	20
691	3	1722	9
691	3	2035	12
692	3	939	29
692	3	1200	20
692	3	1565	9
693	3	834	29
693	3	1356	20
693	3	2295	9
694	3	887	29
694	3	1408	20
695	3	574	29
695	3	887	20
696	3	1722	29
697	3	730	29
697	3	1200	20
697	3	2295	9
698	3	2295	29
699	3	991	29
699	3	1617	20
700	3	939	29
701	3	1043	29
701	3	1513	20
702	3	939	29
703	3	782	29
703	3	1043	20
705	3	1826	29
705	3	2087	20
706	3	626	29
706	3	887	20
707	3	782	29
708	3	1252	29
708	3	1722	20
709	3	834	29
709	3	1200	20
709	3	1878	9
710	3	887	29
710	3	1200	20
710	3	1669	9
711	3	1148	29
711	3	1878	20
712	3	1669	29
714	3	678	29
714	3	939	20
715	3	1617	29
716	3	574	29
716	3	834	20
716	3	1513	9
717	3	1148	29
717	3	1513	20
717	3	2139	9
718	3	782	29
718	3	1148	20
718	3	1722	9
719	3	1722	29
721	3	1461	20
721	3	1565	29
722	3	678	29
722	3	939	20
722	3	1356	9
722	3	1722	12
723	3	834	29
724	3	1565	29
725	3	782	29
725	3	1304	20
726	3	991	29
726	3	1356	20
727	3	2035	29
728	3	1982	29
729	3	782	29
730	3	1565	29
731	3	678	29
731	3	939	20
732	3	834	29
733	3	782	29
733	3	1148	20
734	3	678	29
734	3	1148	20
734	3	2139	9
735	3	2139	29
736	3	1878	29
737	3	678	29
737	3	1252	20
737	3	2295	9
738	3	834	29
738	3	1148	20
738	3	1669	9
738	3	2139	12
739	3	1200	29
741	3	887	29
742	3	626	29
742	3	887	20
742	3	1461	9
742	3	2087	12
743	3	574	29
743	3	939	20
744	3	1252	29
744	3	1774	20
745	3	1826	29
746	3	1461	29
747	3	1565	29
749	3	2087	29
750	3	626	29
751	3	1982	29
752	3	1513	20
752	3	1722	29
752	3	2295	9
753	3	730	29
753	3	991	20
753	3	1669	9
753	3	2035	12
754	3	678	29
754	3	1148	20
755	3	730	29
755	3	991	20
755	3	2295	9
756	3	782	29
756	3	1043	20
756	3	1461	9
756	3	1774	12
758	3	626	29
758	3	887	20
759	3	2139	29
760	3	1043	29
761	3	1617	29
761	3	1982	20
762	3	1043	29
762	3	1461	20
763	3	1304	29
763	3	2139	20
764	3	2243	29
765	3	730	29
765	3	1878	20
766	3	782	29
767	3	1304	29
768	3	2295	29
769	3	1617	29
771	3	1722	20
771	3	1982	29
772	3	1722	29
773	3	1565	29
774	3	626	29
774	3	1043	20
774	3	1565	9
775	3	2035	29
776	3	626	29
776	3	887	20
776	3	1461	9
776	3	1930	12
776	3	2243	30
777	3	2139	29
778	3	887	29
779	3	2139	29
780	3	1095	29
781	3	782	29
781	3	1408	20
782	3	887	29
782	3	2295	20
783	3	2243	29
784	3	678	29
784	3	939	20
785	3	730	29
786	3	1617	29
787	3	2191	29
788	3	730	29
788	3	1513	20
789	3	1148	29
789	3	1669	20
790	3	1722	29
791	3	1513	29
792	3	834	29
793	3	678	29
793	3	939	20
793	3	2139	9
794	3	521	29
794	3	887	20
796	3	2191	29
797	3	730	29
798	3	1774	29
798	3	2035	20
800	3	2087	29
801	3	2191	29
802	3	887	29
802	3	1565	20
803	3	887	29
803	3	1148	20
803	3	2035	9
804	3	1043	29
804	3	1774	20
806	3	1513	29
807	3	626	29
807	3	887	20
807	3	1304	9
807	3	1565	12
807	3	1878	30
810	3	678	29
810	3	939	20
811	3	626	29
811	3	887	20
812	3	782	29
812	3	1043	20
812	3	1722	9
812	3	2295	12
813	3	1304	29
814	3	2087	29
815	3	678	29
816	3	1148	29
817	3	2243	29
818	3	939	29
818	3	1461	20
819	3	2295	29
820	3	1565	29
821	3	1252	29
822	3	678	29
822	3	939	20
823	3	626	29
823	3	887	20
823	3	1408	9
823	3	2243	12
824	3	1148	29
824	3	1774	20
825	3	1043	29
825	3	1565	20
826	3	1565	20
826	3	1722	29
827	3	1669	29
828	3	1252	29
829	3	2087	29
830	3	1930	29
831	3	887	29
831	3	1148	20
831	3	1565	9
831	3	1878	12
831	3	2191	30
832	3	730	29
832	3	1095	20
832	3	1513	9
832	3	2087	12
833	3	1304	29
834	3	678	29
834	3	1148	20
834	3	1669	9
834	3	2139	12
835	3	887	29
836	3	2243	29
837	3	2035	29
838	3	678	29
838	3	1095	20
838	3	2295	9
839	3	1513	29
840	3	574	29
840	3	834	20
840	3	1252	9
840	3	1513	12
840	3	1826	30
841	3	782	29
842	3	1513	20
842	3	1617	29
843	3	678	29
843	3	939	20
843	3	1356	9
843	3	1669	12
843	3	2035	30
844	3	2035	29
845	3	1408	29
846	3	1565	29
847	3	1356	29
847	3	2191	20
848	3	521	29
848	3	887	20
848	3	1513	9
850	3	834	29
850	3	1095	20
850	3	1513	9
850	3	1774	12
852	3	1722	29
853	3	2191	29
854	3	1148	29
854	3	1513	20
855	3	782	29
856	3	991	29
857	3	2139	29
858	3	1408	20
858	3	1565	29
859	3	1617	29
861	3	782	29
863	3	782	29
863	3	1148	20
863	3	1617	9
864	3	574	29
864	3	991	20
864	3	1513	9
864	3	2035	12
865	3	678	29
865	3	1356	20
866	3	678	29
866	3	939	20
867	3	1565	29
868	3	730	29
868	3	1513	20
869	3	1043	29
869	3	1513	20
870	3	1304	29
871	3	1252	29
873	3	678	29
873	3	939	20
873	3	1461	9
875	3	887	29
875	3	1565	20
876	3	678	29
877	3	626	29
877	3	887	20
877	3	1408	9
878	3	2035	29
879	3	991	29
880	3	626	29
880	3	887	20
880	3	1774	9
881	3	1774	29
882	3	1356	29
884	3	730	29
885	3	678	29
885	3	1043	20
885	3	1408	9
885	3	1774	12
886	3	1774	29
887	3	939	29
888	3	1878	29
889	3	2191	29
890	3	1408	29
891	3	782	29
892	3	1669	29
893	3	782	29
894	3	887	29
895	3	991	29
895	3	2295	20
896	3	626	29
897	3	730	29
897	3	1200	20
898	3	782	29
898	3	1148	20
898	3	1617	9
899	3	730	29
899	3	1095	20
899	3	1669	9
900	3	1722	29
901	3	678	29
901	3	939	20
902	3	1408	20
902	3	1669	29
903	3	626	29
903	3	1200	20
903	3	1774	9
905	3	1982	29
906	3	626	29
908	3	730	29
908	3	1252	20
909	3	2035	29
910	3	1200	29
911	3	1722	29
912	3	834	29
913	3	1408	29
914	3	1408	20
914	3	1617	29
915	3	1356	29
916	3	626	29
916	3	1200	20
916	3	1722	9
917	3	782	29
918	3	1252	29
919	3	2139	29
920	3	1617	29
921	3	1617	29
922	3	939	29
922	3	1982	20
923	3	2035	29
924	3	834	29
924	3	1148	20
924	3	1565	9
925	3	678	29
926	3	887	29
926	3	1408	20
926	3	2087	9
927	3	1043	29
927	3	1513	20
929	3	678	29
929	3	1356	20
931	3	678	29
931	3	939	20
931	3	1408	9
931	3	1669	12
932	3	1304	29
932	3	2087	20
933	3	1356	29
933	3	1774	20
934	3	1200	29
934	3	1669	20
935	3	626	29
935	3	1408	20
936	3	1617	29
937	3	1669	29
938	3	1722	20
938	3	1826	29
939	3	2035	29
940	3	1043	29
940	3	1304	20
940	3	1878	9
941	3	678	29
941	3	991	20
941	3	1565	9
941	3	2087	12
942	3	678	29
942	3	939	20
942	3	1513	9
943	3	1565	29
944	3	1565	29
944	3	2087	20
945	3	2295	29
946	3	1565	29
946	3	2139	20
947	3	678	29
947	3	991	20
947	3	1408	9
947	3	1669	12
947	3	1982	30
948	3	678	29
948	3	939	20
949	3	521	29
949	3	834	20
949	3	1304	9
949	3	1565	12
949	3	1878	30
950	3	626	29
950	3	887	20
953	3	834	29
953	3	1095	20
954	3	730	29
954	3	991	20
956	3	1617	29
957	3	2243	29
958	3	1878	29
960	3	939	29
960	3	1408	20
961	3	834	29
961	3	1461	20
962	3	2035	29
963	3	678	29
964	3	834	29
964	3	1095	20
964	3	1565	9
965	3	1722	29
966	3	678	29
966	3	1461	20
967	3	2087	29
968	3	834	29
968	3	2243	20
969	3	939	29
969	3	1461	20
971	3	834	29
971	3	1304	20
972	3	626	29
972	3	887	20
972	3	1356	9
972	3	1669	12
972	3	1982	30
973	3	834	29
974	3	887	29
975	3	1356	29
976	3	991	29
976	3	1356	20
976	3	2139	9
978	3	730	29
978	3	1095	20
978	3	2139	9
979	3	1461	29
981	3	1095	29
981	3	1513	20
982	3	730	29
983	3	574	29
983	3	939	20
984	3	1565	20
984	3	1878	29
985	3	1252	29
985	3	1722	20
987	3	1982	29
988	3	834	29
989	3	574	29
989	3	2191	20
990	3	1826	29
993	3	1722	29
994	3	2139	29
995	3	574	29
995	3	887	20
996	3	2035	29
998	3	991	29
998	3	1252	20
998	3	1669	9
998	3	2087	12
999	3	1565	29
0	4	626	29
1	4	626	29
2	4	782	29
3	4	1200	29
3	4	1878	28
4	4	782	29
4	4	2087	28
4	4	2243	30
5	4	678	29
6	4	939	29
7	4	1200	28
7	4	1774	29
8	4	991	29
9	4	2243	28
10	4	626	29
12	4	1408	28
12	4	1982	29
13	4	1304	28
13	4	1878	29
14	4	626	29
15	4	730	29
16	4	678	29
17	4	626	29
18	4	730	29
19	4	1930	29
20	4	782	29
21	4	626	29
22	4	1148	28
22	4	1722	29
23	4	678	29
24	4	678	29
25	4	1774	29
26	4	939	29
27	4	626	29
28	4	991	28
28	4	1565	29
29	4	1095	28
29	4	1669	29
30	4	1408	29
30	4	2191	28
31	4	834	29
32	4	1200	29
32	4	1826	28
33	4	1043	29
34	4	991	28
34	4	1565	29
35	4	730	29
36	4	730	29
37	4	991	29
38	4	887	29
39	4	834	29
40	4	574	29
40	4	2139	30
41	4	991	28
41	4	1565	29
42	4	991	28
42	4	1565	29
43	4	678	29
44	4	1878	28
45	4	991	29
46	4	730	29
47	4	1252	29
48	4	2295	28
49	4	782	29
50	4	1826	28
51	4	1826	28
52	4	1200	28
52	4	1774	29
53	4	730	29
53	4	2139	28
55	4	834	29
56	4	1408	28
56	4	1982	29
57	4	678	29
58	4	782	29
59	4	782	29
60	4	1356	28
60	4	1930	29
61	4	834	29
62	4	782	29
63	4	887	29
64	4	1982	29
65	4	887	29
65	4	2035	28
66	4	1356	29
66	4	2139	28
67	4	1043	28
67	4	1617	29
68	4	1617	29
69	4	1148	28
69	4	1722	29
70	4	939	29
71	4	1148	29
71	4	1982	28
73	4	1930	28
74	4	1095	28
74	4	1669	29
75	4	678	29
76	4	1513	29
77	4	1722	28
77	4	2295	29
78	4	1565	28
78	4	2139	29
79	4	1043	28
79	4	1617	29
80	4	730	29
81	4	887	29
82	4	1252	29
83	4	1304	28
83	4	1878	29
84	4	834	29
85	4	1930	28
86	4	1356	28
86	4	1930	29
87	4	626	29
87	4	2191	30
88	4	991	28
88	4	1565	29
89	4	1043	28
89	4	1617	29
90	4	1461	29
91	4	939	29
92	4	678	29
93	4	1565	28
93	4	2139	29
94	4	2087	28
95	4	1148	28
95	4	1722	29
96	4	1148	29
96	4	1930	28
97	4	1408	28
97	4	1982	29
98	4	1930	28
99	4	1304	28
99	4	1878	29
100	4	1565	28
100	4	2139	29
101	4	887	29
102	4	834	29
103	4	1148	28
103	4	1722	29
104	4	834	29
106	4	991	28
106	4	1565	29
107	4	574	29
108	4	678	29
109	4	1513	28
109	4	2087	29
110	4	626	29
111	4	887	29
112	4	991	28
112	4	1565	29
113	4	626	29
114	4	1148	29
115	4	1565	29
116	4	1669	28
116	4	2243	29
117	4	1669	28
117	4	2243	29
118	4	1252	29
119	4	1356	29
119	4	2035	28
120	4	1043	28
120	4	1617	29
121	4	1565	28
121	4	2139	29
122	4	678	29
123	4	2191	28
124	4	678	29
125	4	782	29
126	4	574	29
127	4	626	29
128	4	574	29
129	4	1356	28
129	4	1930	29
130	4	782	29
131	4	887	29
131	4	2243	28
132	4	626	29
133	4	887	29
134	4	1043	28
134	4	1617	29
135	4	678	29
136	4	626	29
136	4	1826	30
136	4	2191	28
137	4	939	29
138	4	626	29
138	4	2191	30
139	4	730	29
139	4	1930	28
139	4	2035	30
140	4	2035	28
141	4	782	29
142	4	1095	28
142	4	1669	29
143	4	1304	29
143	4	2139	28
145	4	1304	29
145	4	2035	28
146	4	730	29
147	4	887	29
148	4	1617	28
148	4	2191	29
149	4	730	29
150	4	730	29
151	4	1148	28
151	4	1722	29
152	4	782	29
153	4	1043	29
154	4	678	29
155	4	574	29
156	4	678	29
158	4	834	29
159	4	574	29
159	4	2295	28
160	4	991	28
160	4	1565	29
161	4	1826	28
162	4	1148	29
162	4	1722	28
163	4	1408	28
163	4	1982	29
164	4	730	29
165	4	834	29
166	4	2087	28
167	4	1408	28
167	4	1982	29
169	4	626	29
170	4	626	29
171	4	1148	28
171	4	1722	29
172	4	1148	29
172	4	1722	28
173	4	1565	28
173	4	2139	29
174	4	1095	28
174	4	1669	29
175	4	834	29
176	4	678	29
177	4	1722	29
178	4	2295	28
179	4	782	29
180	4	2191	28
181	4	678	29
182	4	991	28
182	4	1565	29
183	4	678	29
184	4	1356	28
184	4	1930	29
185	4	782	29
187	4	991	28
187	4	1565	29
188	4	1408	28
188	4	1982	29
189	4	991	28
189	4	1565	29
190	4	1200	29
191	4	678	29
192	4	939	29
193	4	939	29
194	4	991	28
194	4	1565	29
196	4	626	29
196	4	1774	28
196	4	1826	30
198	4	887	29
199	4	678	29
200	4	1200	29
200	4	1930	28
201	4	1878	29
202	4	1200	28
202	4	1774	29
203	4	1043	28
203	4	1617	29
204	4	834	29
205	4	1513	28
205	4	2087	29
206	4	626	29
206	4	1774	30
207	4	626	29
208	4	626	29
210	4	782	29
211	4	1722	29
212	4	1095	28
212	4	1669	29
213	4	1878	28
214	4	1095	28
214	4	1669	29
215	4	1304	29
216	4	1200	28
216	4	1774	29
217	4	1200	29
217	4	2295	28
218	4	834	29
218	4	1617	28
220	4	1669	28
220	4	2243	29
221	4	1043	29
222	4	1982	29
223	4	1043	28
223	4	1617	29
224	4	1095	28
224	4	1669	29
225	4	678	29
225	4	2191	28
226	4	730	29
227	4	887	29
228	4	626	29
229	4	991	28
229	4	1565	29
230	4	626	29
231	4	626	29
232	4	678	29
233	4	1408	29
233	4	2035	28
235	4	1774	28
236	4	1200	28
236	4	1774	29
237	4	1095	28
237	4	1669	29
239	4	1461	28
239	4	2035	29
240	4	626	29
240	4	2295	28
241	4	991	28
241	4	1565	29
242	4	939	29
243	4	626	29
243	4	2191	28
243	4	2295	30
244	4	678	29
245	4	1408	28
245	4	1982	29
246	4	2295	28
248	4	730	29
249	4	626	29
250	4	626	29
250	4	2191	28
251	4	887	29
252	4	1617	28
252	4	2191	29
253	4	1095	28
253	4	1669	29
255	4	1200	28
255	4	1774	29
256	4	1043	28
256	4	1617	29
257	4	1252	29
257	4	2035	28
258	4	626	29
259	4	678	29
260	4	730	29
262	4	1148	28
262	4	1722	29
263	4	1043	28
263	4	1617	29
264	4	939	29
265	4	730	29
266	4	887	29
267	4	626	29
268	4	1148	29
268	4	1722	28
269	4	678	29
270	4	1043	28
270	4	1617	29
271	4	782	29
272	4	626	29
272	4	1930	28
272	4	1982	30
274	4	1408	28
274	4	1982	29
275	4	1878	28
277	4	1043	28
277	4	1617	29
278	4	1774	28
279	4	1304	29
280	4	991	28
280	4	1565	29
282	4	1826	28
283	4	1304	29
283	4	1982	28
284	4	626	29
284	4	1930	30
284	4	2243	28
285	4	1148	29
285	4	1774	28
286	4	626	29
286	4	2191	28
287	4	1304	29
288	4	834	29
289	4	2243	28
291	4	991	29
292	4	1722	28
292	4	2295	29
293	4	574	29
293	4	2139	28
294	4	678	29
295	4	1356	28
295	4	1930	29
296	4	678	29
297	4	1617	28
297	4	2191	29
298	4	1095	28
298	4	1669	29
299	4	730	29
300	4	1304	28
300	4	1878	29
301	4	626	29
302	4	626	29
303	4	678	29
303	4	1930	30
303	4	2243	28
304	4	626	29
306	4	678	29
307	4	1200	29
308	4	1148	29
309	4	626	29
309	4	2035	28
309	4	2139	30
310	4	782	29
310	4	2139	28
311	4	1148	28
311	4	1722	29
312	4	1304	28
312	4	1878	29
313	4	991	28
313	4	1565	29
314	4	1513	28
314	4	2087	29
315	4	991	29
317	4	1304	29
318	4	1722	28
318	4	2295	29
319	4	1930	28
320	4	1408	29
321	4	626	29
322	4	782	29
323	4	2035	29
324	4	1513	29
325	4	1304	29
326	4	626	29
327	4	1252	29
327	4	1774	28
328	4	1043	28
328	4	1617	29
329	4	1669	28
329	4	2243	29
330	4	991	28
330	4	1565	29
331	4	678	29
332	4	834	29
333	4	730	29
334	4	1356	29
335	4	574	29
336	4	678	29
337	4	1148	28
337	4	1722	29
338	4	1304	28
338	4	1878	29
339	4	782	29
340	4	1304	29
341	4	1200	29
341	4	1878	28
342	4	678	29
343	4	574	29
344	4	2243	28
345	4	939	29
346	4	834	29
346	4	2191	28
347	4	730	29
348	4	678	29
349	4	730	29
350	4	2295	28
351	4	834	29
352	4	939	29
353	4	678	29
354	4	574	29
355	4	730	29
356	4	1095	28
356	4	1669	29
357	4	887	29
358	4	1148	29
358	4	1826	28
360	4	991	28
360	4	1565	29
361	4	939	29
362	4	2087	29
364	4	678	29
365	4	1878	28
366	4	1043	28
366	4	1617	29
367	4	834	29
368	4	626	29
368	4	1878	30
368	4	2191	28
369	4	678	29
370	4	1095	28
370	4	1669	29
371	4	782	29
372	4	1095	28
372	4	1669	29
373	4	1148	28
373	4	1722	29
374	4	1722	28
374	4	2295	29
375	4	1408	29
376	4	887	29
377	4	1408	29
377	4	2243	28
378	4	1252	29
379	4	730	29
380	4	1774	29
381	4	1252	29
382	4	730	29
383	4	1408	29
384	4	834	29
385	4	1043	29
386	4	887	29
387	4	782	29
388	4	2139	29
389	4	678	29
390	4	678	29
391	4	730	29
392	4	1252	28
392	4	1826	29
393	4	521	29
394	4	939	29
395	4	991	29
396	4	678	29
396	4	1826	30
397	4	1356	29
397	4	1878	28
398	4	939	29
399	4	626	29
400	4	887	29
401	4	2295	29
402	4	991	29
403	4	2087	29
404	4	1095	28
404	4	1669	29
405	4	1356	28
405	4	1930	29
406	4	782	29
407	4	1252	29
409	4	1304	28
409	4	1878	29
410	4	1200	28
410	4	1774	29
411	4	678	29
411	4	2295	30
412	4	626	29
412	4	1878	30
413	4	574	29
413	4	1930	30
413	4	2295	28
414	4	834	29
415	4	678	29
416	4	1722	28
416	4	2295	29
417	4	678	29
418	4	834	29
419	4	678	29
420	4	1148	28
420	4	1722	29
421	4	2087	29
422	4	1148	28
422	4	1722	29
423	4	1095	29
423	4	1722	28
424	4	626	29
424	4	2035	28
424	4	2139	30
425	4	991	29
426	4	1148	29
426	4	1722	28
427	4	2243	29
428	4	678	29
429	4	887	29
430	4	782	29
431	4	626	29
432	4	834	29
433	4	991	29
434	4	782	29
434	4	2087	28
434	4	2191	30
435	4	574	29
436	4	678	29
437	4	730	29
438	4	939	29
439	4	1200	28
439	4	1774	29
440	4	991	28
440	4	1565	29
441	4	2035	28
442	4	1095	29
443	4	1043	28
443	4	1617	29
444	4	1878	28
445	4	678	29
446	4	1043	28
446	4	1617	29
447	4	1826	28
448	4	1252	28
448	4	1826	29
449	4	2243	29
451	4	1043	28
451	4	1617	29
452	4	834	29
453	4	574	29
454	4	1617	28
454	4	2191	29
455	4	1304	29
455	4	1826	28
456	4	1461	29
457	4	991	28
457	4	1565	29
458	4	1930	28
459	4	1200	28
459	4	1774	29
460	4	626	29
461	4	626	29
462	4	1043	29
463	4	887	29
464	4	1148	28
464	4	1722	29
465	4	678	29
466	4	678	29
467	4	626	29
468	4	678	29
469	4	574	29
470	4	1722	28
470	4	2295	29
471	4	1408	28
471	4	1982	29
472	4	782	29
473	4	991	28
473	4	1565	29
474	4	730	29
475	4	1200	28
475	4	1774	29
476	4	1565	28
476	4	2139	29
477	4	1200	28
477	4	1774	29
478	4	1043	29
480	4	991	28
480	4	1565	29
481	4	782	29
482	4	782	29
483	4	1982	28
484	4	2139	29
485	4	1408	28
485	4	1982	29
486	4	1408	29
486	4	2139	28
487	4	730	29
488	4	1408	29
489	4	626	29
490	4	1043	28
490	4	1617	29
491	4	887	29
492	4	1148	29
492	4	1774	28
493	4	991	28
493	4	1565	29
494	4	834	29
495	4	1095	28
495	4	1669	29
496	4	991	29
497	4	626	29
498	4	991	29
499	4	730	29
500	4	626	29
500	4	2035	30
501	4	1461	29
501	4	2295	28
502	4	1043	28
502	4	1617	29
503	4	626	29
503	4	1878	30
505	4	1565	28
505	4	2139	29
506	4	1356	28
506	4	1930	29
507	4	1930	28
508	4	782	29
508	4	2139	28
510	4	2087	29
512	4	1095	29
512	4	1669	28
513	4	1095	29
514	4	834	29
515	4	678	29
516	4	1461	29
516	4	2243	28
517	4	1408	29
517	4	2191	28
518	4	1252	28
518	4	1826	29
519	4	782	29
520	4	834	29
521	4	626	29
522	4	991	28
522	4	1565	29
523	4	730	29
525	4	834	29
526	4	2087	29
527	4	626	29
528	4	574	29
529	4	678	29
529	4	1930	30
529	4	2243	28
530	4	1356	29
530	4	1982	28
531	4	1148	29
531	4	1722	28
532	4	1200	28
532	4	1774	29
533	4	2191	29
534	4	626	29
535	4	1878	28
536	4	1565	28
536	4	2139	29
537	4	1043	29
538	4	678	29
539	4	626	29
540	4	2087	29
541	4	678	29
542	4	1200	28
542	4	1774	29
543	4	1252	29
543	4	1774	28
544	4	730	29
544	4	2191	28
545	4	1043	28
545	4	1617	29
546	4	1252	29
547	4	887	29
547	4	2243	28
548	4	1565	28
548	4	2139	29
549	4	1408	29
550	4	678	29
550	4	2087	28
551	4	626	29
551	4	2139	30
552	4	1617	28
552	4	2191	29
553	4	1043	28
553	4	1617	29
554	4	574	29
555	4	626	29
555	4	1878	30
555	4	2191	28
556	4	1043	28
556	4	1617	29
557	4	1669	28
557	4	2243	29
558	4	626	29
559	4	1043	29
559	4	1826	28
560	4	1617	28
560	4	2191	29
561	4	1095	28
561	4	1669	29
562	4	1148	29
562	4	1774	28
563	4	991	28
563	4	1565	29
564	4	1617	28
564	4	2191	29
565	4	782	29
565	4	2087	28
566	4	730	29
567	4	991	28
567	4	1565	29
568	4	678	29
569	4	1200	28
569	4	1774	29
570	4	1461	29
571	4	626	29
572	4	1722	28
572	4	2295	29
574	4	991	29
575	4	521	29
575	4	2295	28
576	4	1304	29
577	4	730	29
578	4	1252	28
578	4	1826	29
579	4	1095	28
579	4	1669	29
580	4	2243	28
581	4	1252	29
581	4	1826	28
582	4	991	28
582	4	1565	29
583	4	678	29
584	4	730	29
585	4	626	29
585	4	1826	30
585	4	2295	28
586	4	991	28
586	4	1565	29
587	4	574	29
588	4	887	29
589	4	834	29
590	4	730	29
591	4	1774	28
593	4	991	28
593	4	1565	29
594	4	1043	28
594	4	1617	29
595	4	678	29
595	4	2035	30
596	4	991	28
596	4	1565	29
597	4	991	28
597	4	1565	29
598	4	626	29
599	4	678	29
600	4	1878	28
601	4	730	29
602	4	1513	28
602	4	2087	29
603	4	939	29
604	4	1043	28
604	4	1617	29
605	4	1356	28
605	4	1930	29
606	4	991	29
607	4	626	29
608	4	834	29
611	4	991	28
611	4	1565	29
612	4	1148	29
612	4	1930	28
613	4	1565	28
613	4	2139	29
614	4	1200	29
615	4	1148	28
615	4	1722	29
616	4	1200	29
617	4	1982	29
618	4	2243	28
619	4	1200	28
619	4	1774	29
620	4	678	29
621	4	1095	29
621	4	1669	28
622	4	626	29
623	4	1356	28
623	4	1930	29
624	4	782	29
625	4	1200	29
625	4	1774	28
626	4	887	29
627	4	887	29
628	4	991	29
629	4	1148	28
629	4	1722	29
630	4	1095	28
630	4	1669	29
631	4	887	29
632	4	626	29
633	4	1669	29
634	4	1304	29
635	4	1513	29
637	4	1356	28
637	4	1930	29
638	4	1930	29
639	4	730	29
640	4	1043	28
640	4	1617	29
641	4	939	29
642	4	1461	28
642	4	2035	29
644	4	834	29
645	4	1043	28
645	4	1617	29
646	4	626	29
647	4	1722	28
647	4	2295	29
648	4	1095	28
648	4	1669	29
649	4	782	29
650	4	1774	28
651	4	834	29
652	4	939	29
653	4	939	29
654	4	1095	28
654	4	1669	29
655	4	991	28
655	4	1565	29
656	4	991	29
657	4	834	29
658	4	834	29
659	4	1148	29
659	4	2191	28
660	4	1148	28
660	4	1722	29
661	4	834	29
662	4	991	28
662	4	1565	29
663	4	1304	28
663	4	1878	29
664	4	730	29
664	4	2243	28
665	4	730	29
666	4	626	29
667	4	678	29
668	4	1252	28
668	4	1826	29
669	4	1095	28
669	4	1669	29
670	4	1148	28
670	4	1722	29
671	4	1461	28
671	4	2035	29
672	4	1148	28
672	4	1722	29
673	4	1043	28
673	4	1617	29
674	4	991	28
674	4	1565	29
675	4	1148	29
675	4	1722	28
676	4	574	29
677	4	991	29
677	4	1617	28
678	4	678	29
679	4	1461	28
679	4	2035	29
680	4	1148	29
680	4	1669	28
681	4	1200	28
681	4	1774	29
682	4	834	29
683	4	1461	28
683	4	2035	29
684	4	1148	29
684	4	1669	28
685	4	939	29
686	4	782	29
687	4	1669	28
687	4	2243	29
688	4	1461	28
688	4	2035	29
689	4	1356	29
690	4	939	29
691	4	730	29
691	4	2243	28
692	4	939	29
693	4	834	29
694	4	887	29
695	4	574	29
696	4	1148	28
696	4	1722	29
697	4	730	29
698	4	1722	28
698	4	2295	29
699	4	991	29
700	4	939	29
701	4	1043	29
701	4	1669	28
702	4	939	29
703	4	782	29
704	4	2243	28
705	4	1252	28
705	4	1826	29
706	4	626	29
707	4	782	29
708	4	1252	29
708	4	1774	28
709	4	834	29
710	4	887	29
711	4	1148	29
711	4	1878	28
712	4	1095	28
712	4	1669	29
713	4	1930	28
714	4	678	29
715	4	1043	28
715	4	1617	29
716	4	574	29
717	4	1148	29
717	4	1669	28
718	4	782	29
719	4	1148	28
719	4	1722	29
720	4	2191	28
721	4	991	28
721	4	1565	29
722	4	678	29
723	4	834	29
724	4	991	28
724	4	1565	29
725	4	782	29
726	4	991	29
727	4	1461	28
727	4	2035	29
728	4	1982	29
729	4	782	29
730	4	991	28
730	4	1565	29
731	4	678	29
732	4	834	29
733	4	782	29
734	4	678	29
735	4	2139	29
736	4	1304	28
736	4	1878	29
737	4	678	29
738	4	834	29
738	4	2139	28
739	4	1200	29
741	4	887	29
742	4	626	29
742	4	2139	28
743	4	574	29
744	4	1252	29
744	4	1826	28
745	4	1252	28
745	4	1826	29
746	4	1461	29
747	4	991	28
747	4	1565	29
748	4	2295	28
749	4	1513	28
749	4	2087	29
750	4	626	29
751	4	1408	28
751	4	1982	29
752	4	1148	28
752	4	1722	29
753	4	730	29
753	4	2191	28
754	4	678	29
755	4	730	29
756	4	782	29
756	4	2295	28
757	4	1774	28
758	4	626	29
759	4	1565	28
759	4	2139	29
760	4	1043	29
761	4	1043	28
761	4	1617	29
762	4	1043	29
763	4	1304	29
763	4	1982	28
764	4	2243	29
765	4	730	29
766	4	782	29
767	4	1304	29
767	4	2035	28
768	4	1722	28
768	4	2295	29
769	4	1043	28
769	4	1617	29
770	4	2243	28
771	4	1408	28
771	4	1982	29
772	4	1148	28
772	4	1722	29
773	4	1565	29
774	4	626	29
775	4	1461	28
775	4	2035	29
776	4	626	29
776	4	2243	30
777	4	2139	29
778	4	887	29
779	4	2139	29
780	4	1095	29
781	4	782	29
782	4	887	29
783	4	1669	28
783	4	2243	29
784	4	678	29
785	4	730	29
786	4	1043	28
786	4	1617	29
787	4	1617	28
787	4	2191	29
788	4	730	29
789	4	1148	29
789	4	1774	28
790	4	1148	28
790	4	1722	29
791	4	1513	29
792	4	834	29
793	4	678	29
794	4	521	29
795	4	1774	28
796	4	1617	28
796	4	2191	29
797	4	730	29
798	4	1200	28
798	4	1774	29
800	4	1513	28
800	4	2087	29
801	4	1617	28
801	4	2191	29
802	4	887	29
803	4	887	29
804	4	1043	29
806	4	1513	29
807	4	626	29
807	4	1878	30
808	4	2295	28
809	4	1982	28
810	4	678	29
811	4	626	29
812	4	782	29
812	4	2295	28
813	4	1304	29
814	4	2087	29
815	4	678	29
816	4	1148	29
816	4	2295	28
817	4	2243	29
818	4	939	29
819	4	1722	28
819	4	2295	29
820	4	1565	29
821	4	1252	29
821	4	2243	28
822	4	678	29
823	4	626	29
823	4	2139	28
824	4	1148	29
824	4	1722	28
825	4	1043	29
825	4	1722	28
826	4	1148	28
826	4	1722	29
827	4	1095	28
827	4	1669	29
828	4	1252	29
828	4	2191	28
829	4	2087	29
830	4	1356	28
830	4	1930	29
831	4	887	29
831	4	2139	28
831	4	2191	30
832	4	730	29
832	4	2087	28
833	4	1304	29
834	4	678	29
834	4	2191	28
835	4	887	29
836	4	2243	29
837	4	1461	28
837	4	2035	29
838	4	678	29
839	4	1513	29
839	4	2243	28
840	4	574	29
840	4	1826	30
841	4	782	29
842	4	1043	28
842	4	1617	29
843	4	678	29
843	4	1982	28
843	4	2035	30
844	4	1461	28
844	4	2035	29
845	4	1408	29
846	4	1565	29
847	4	1356	29
847	4	1930	28
848	4	521	29
849	4	2191	28
850	4	834	29
852	4	1148	28
852	4	1722	29
853	4	1617	28
853	4	2191	29
854	4	1148	29
854	4	1722	28
855	4	782	29
856	4	991	29
857	4	1565	28
857	4	2139	29
858	4	991	28
858	4	1565	29
859	4	1043	28
859	4	1617	29
860	4	1826	28
861	4	782	29
862	4	1826	28
863	4	782	29
864	4	574	29
864	4	2139	28
865	4	678	29
866	4	678	29
867	4	991	28
867	4	1565	29
868	4	730	29
869	4	1043	29
869	4	1669	28
870	4	1304	29
871	4	1252	29
871	4	2035	28
873	4	678	29
875	4	887	29
876	4	678	29
877	4	626	29
878	4	1461	28
878	4	2035	29
879	4	991	29
880	4	626	29
881	4	1200	28
881	4	1774	29
882	4	1356	29
883	4	1930	28
884	4	730	29
885	4	678	29
886	4	1200	28
886	4	1774	29
887	4	939	29
888	4	1304	28
888	4	1878	29
889	4	1617	28
889	4	2191	29
890	4	1408	29
890	4	2035	28
891	4	782	29
892	4	1669	29
893	4	782	29
894	4	887	29
895	4	991	29
896	4	626	29
897	4	730	29
898	4	782	29
899	4	730	29
900	4	1148	28
900	4	1722	29
901	4	678	29
902	4	1095	28
902	4	1669	29
903	4	626	29
903	4	2295	28
905	4	1408	28
905	4	1982	29
906	4	626	29
907	4	2243	28
908	4	730	29
909	4	2035	29
910	4	1200	29
910	4	2191	28
911	4	1148	28
911	4	1722	29
912	4	834	29
913	4	1408	29
913	4	2139	28
914	4	1043	28
914	4	1617	29
915	4	1356	29
916	4	626	29
917	4	782	29
918	4	1252	29
919	4	1565	28
919	4	2139	29
920	4	1043	28
920	4	1617	29
921	4	1043	28
921	4	1617	29
922	4	939	29
922	4	2295	28
923	4	1461	28
923	4	2035	29
924	4	834	29
925	4	678	29
926	4	887	29
927	4	1043	29
927	4	1774	28
929	4	678	29
930	4	2139	28
931	4	678	29
932	4	1304	29
932	4	1982	28
933	4	1356	29
933	4	1982	28
934	4	1200	29
935	4	626	29
936	4	1043	28
936	4	1617	29
937	4	1095	28
937	4	1669	29
938	4	1252	28
938	4	1826	29
939	4	1461	28
939	4	2035	29
940	4	1043	29
941	4	678	29
942	4	678	29
943	4	991	28
943	4	1565	29
944	4	991	28
944	4	1565	29
945	4	1722	28
945	4	2295	29
946	4	991	28
946	4	1565	29
947	4	678	29
947	4	1982	30
947	4	2295	28
948	4	678	29
949	4	521	29
949	4	1878	30
950	4	626	29
952	4	2243	28
953	4	834	29
954	4	730	29
955	4	2295	28
956	4	1043	28
956	4	1617	29
957	4	1669	28
957	4	2243	29
958	4	1304	28
958	4	1878	29
960	4	939	29
961	4	834	29
962	4	2035	29
963	4	678	29
964	4	834	29
964	4	2243	28
965	4	1148	28
965	4	1722	29
966	4	678	29
967	4	1513	28
967	4	2087	29
968	4	834	29
969	4	939	29
971	4	834	29
972	4	626	29
972	4	1982	30
972	4	2295	28
973	4	834	29
974	4	887	29
975	4	1356	29
976	4	991	29
977	4	2035	28
978	4	730	29
979	4	1461	29
979	4	2035	28
980	4	1930	28
981	4	1095	29
981	4	1617	28
982	4	730	29
983	4	574	29
984	4	1304	28
984	4	1878	29
985	4	1252	29
985	4	1774	28
987	4	1408	28
987	4	1982	29
988	4	834	29
989	4	574	29
990	4	1826	29
992	4	1982	28
993	4	1148	28
993	4	1722	29
994	4	2139	29
995	4	574	29
996	4	1461	28
996	4	2035	29
998	4	991	29
998	4	2139	28
999	4	1565	29
0	5	417	24
0	5	626	29
0	5	939	27
1	5	417	24
1	5	626	29
1	5	991	27
2	5	521	24
2	5	782	29
3	5	1148	27
3	5	1200	29
3	5	1878	28
4	5	521	24
4	5	782	29
4	5	1252	27
4	5	2087	28
4	5	2243	30
5	5	469	24
5	5	678	29
5	5	2087	27
6	5	574	24
6	5	939	29
6	5	1826	27
7	5	887	27
7	5	1200	28
7	5	1513	24
7	5	1774	29
8	5	626	24
8	5	991	29
8	5	1356	27
9	5	1930	27
9	5	2243	28
10	5	417	24
10	5	626	29
10	5	991	27
12	5	1095	27
12	5	1408	28
12	5	1722	24
12	5	1982	29
13	5	991	27
13	5	1304	28
13	5	1617	24
13	5	1878	29
14	5	417	24
14	5	626	29
14	5	991	27
15	5	469	24
15	5	730	29
15	5	1565	27
16	5	521	24
16	5	678	29
16	5	1304	27
17	5	469	24
17	5	626	29
17	5	1513	27
18	5	469	24
18	5	730	29
18	5	1826	27
19	5	1826	27
19	5	1930	29
20	5	574	24
20	5	782	29
20	5	1461	27
21	5	417	24
21	5	626	29
21	5	991	27
22	5	834	27
22	5	1148	28
22	5	1461	24
22	5	1722	29
23	5	469	24
23	5	678	29
23	5	1304	27
24	5	469	24
24	5	678	29
24	5	1304	27
25	5	1565	27
25	5	1774	29
26	5	626	24
26	5	939	29
26	5	1617	27
27	5	469	24
27	5	626	29
27	5	1356	27
28	5	678	27
28	5	991	28
28	5	1304	24
28	5	1565	29
29	5	782	27
29	5	1095	28
29	5	1408	24
29	5	1669	29
30	5	1252	27
30	5	1408	29
30	5	2191	28
31	5	521	24
31	5	834	29
31	5	2035	27
32	5	1095	27
32	5	1200	29
32	5	1826	28
33	5	574	24
33	5	1043	29
33	5	1982	27
34	5	678	27
34	5	991	28
34	5	1304	24
34	5	1565	29
35	5	469	24
35	5	730	29
35	5	1304	27
36	5	469	24
36	5	730	29
36	5	1356	27
37	5	574	24
37	5	991	29
37	5	2243	27
38	5	574	24
38	5	887	29
39	5	521	24
39	5	834	29
39	5	1513	27
40	5	469	24
40	5	574	29
40	5	991	27
40	5	2139	30
41	5	678	27
41	5	991	28
41	5	1304	24
41	5	1565	29
42	5	678	27
42	5	991	28
42	5	1304	24
42	5	1565	29
43	5	521	24
43	5	678	29
43	5	1304	27
44	5	1565	27
44	5	1878	28
44	5	2191	24
45	5	626	24
45	5	991	29
45	5	1461	27
46	5	469	24
46	5	730	29
46	5	1878	27
47	5	1095	27
47	5	1252	29
48	5	1982	27
48	5	2295	28
49	5	521	24
49	5	782	29
49	5	1304	27
50	5	1513	27
50	5	1826	28
50	5	2139	24
51	5	1513	27
51	5	1826	28
51	5	2139	24
52	5	887	27
52	5	1200	28
52	5	1513	24
52	5	1774	29
53	5	469	24
53	5	730	29
53	5	1200	27
53	5	2139	28
55	5	574	24
55	5	834	29
56	5	1095	27
56	5	1408	28
56	5	1722	24
56	5	1982	29
57	5	469	24
57	5	678	29
57	5	1043	27
58	5	574	24
58	5	782	29
58	5	1304	27
59	5	469	24
59	5	782	29
59	5	1200	27
60	5	1043	27
60	5	1356	28
60	5	1669	24
60	5	1930	29
61	5	574	24
61	5	834	29
61	5	2243	27
62	5	521	24
62	5	782	29
62	5	1304	27
63	5	626	24
63	5	887	29
63	5	1461	27
64	5	1878	27
64	5	1982	29
65	5	678	27
65	5	887	29
65	5	2035	28
66	5	1304	27
66	5	1356	29
66	5	2139	28
67	5	730	27
67	5	1043	28
67	5	1356	24
67	5	1617	29
68	5	1408	27
68	5	1617	29
69	5	834	27
69	5	1148	28
69	5	1461	24
69	5	1722	29
70	5	626	24
70	5	939	29
71	5	1095	27
71	5	1148	29
71	5	1982	28
73	5	1617	27
73	5	1930	28
73	5	2243	24
74	5	782	27
74	5	1095	28
74	5	1408	24
74	5	1669	29
75	5	469	24
75	5	678	29
75	5	1461	27
76	5	1356	27
76	5	1513	29
77	5	1408	27
77	5	1722	28
77	5	2035	24
77	5	2295	29
78	5	1252	27
78	5	1565	28
78	5	1878	24
78	5	2139	29
79	5	730	27
79	5	1043	28
79	5	1356	24
79	5	1617	29
80	5	521	24
80	5	730	29
80	5	1722	27
81	5	574	24
81	5	887	29
81	5	2087	27
82	5	626	24
82	5	1252	29
82	5	2087	27
83	5	991	27
83	5	1304	28
83	5	1617	24
83	5	1878	29
84	5	521	24
84	5	834	29
84	5	2035	27
85	5	1617	27
85	5	1930	28
85	5	2243	24
86	5	1043	27
86	5	1356	28
86	5	1669	24
86	5	1930	29
87	5	469	24
87	5	626	29
87	5	1095	27
87	5	2191	30
88	5	678	27
88	5	991	28
88	5	1304	24
88	5	1565	29
89	5	730	27
89	5	1043	28
89	5	1356	24
89	5	1617	29
90	5	1304	27
90	5	1461	29
91	5	626	24
91	5	939	29
92	5	469	24
92	5	678	29
92	5	1356	27
93	5	1252	27
93	5	1565	28
93	5	1878	24
93	5	2139	29
94	5	1774	27
94	5	2087	28
95	5	834	27
95	5	1148	28
95	5	1461	24
95	5	1722	29
96	5	939	27
96	5	1148	29
96	5	1930	28
97	5	1095	27
97	5	1408	28
97	5	1722	24
97	5	1982	29
98	5	1617	27
98	5	1930	28
98	5	2243	24
99	5	991	27
99	5	1304	28
99	5	1617	24
99	5	1878	29
100	5	1252	27
100	5	1565	28
100	5	1878	24
100	5	2139	29
101	5	626	24
101	5	887	29
102	5	626	24
102	5	834	29
102	5	1722	27
103	5	834	27
103	5	1148	28
103	5	1461	24
103	5	1722	29
104	5	521	24
104	5	834	29
104	5	1304	27
105	5	2191	27
106	5	678	27
106	5	991	28
106	5	1304	24
106	5	1565	29
107	5	469	24
107	5	574	29
107	5	1148	27
108	5	521	24
108	5	678	29
108	5	1513	27
109	5	1200	27
109	5	1513	28
109	5	1826	24
109	5	2087	29
110	5	469	24
110	5	626	29
110	5	1200	27
111	5	574	24
111	5	887	29
111	5	2139	27
112	5	678	27
112	5	991	28
112	5	1304	24
112	5	1565	29
113	5	469	24
113	5	626	29
113	5	1043	27
114	5	574	24
114	5	1148	29
114	5	2243	27
115	5	1408	27
115	5	1565	29
116	5	1356	27
116	5	1669	28
116	5	1982	24
116	5	2243	29
117	5	1356	27
117	5	1669	28
117	5	1982	24
117	5	2243	29
118	5	1148	27
118	5	1252	29
119	5	1148	27
119	5	1356	29
119	5	2035	28
120	5	730	27
120	5	1043	28
120	5	1356	24
120	5	1617	29
121	5	1252	27
121	5	1565	28
121	5	1878	24
121	5	2139	29
122	5	469	24
122	5	678	29
122	5	1148	27
123	5	1878	27
123	5	2191	28
124	5	469	24
124	5	678	29
124	5	1304	27
125	5	521	24
125	5	782	29
125	5	1252	27
126	5	469	24
126	5	574	29
126	5	1095	27
127	5	469	24
127	5	626	29
127	5	1200	27
128	5	469	24
128	5	574	29
128	5	991	27
129	5	1043	27
129	5	1356	28
129	5	1669	24
129	5	1930	29
130	5	521	24
130	5	782	29
131	5	626	24
131	5	887	29
131	5	1356	27
131	5	2243	28
132	5	469	24
132	5	626	29
132	5	1982	27
133	5	521	24
133	5	887	29
133	5	1565	27
134	5	730	27
134	5	1043	28
134	5	1356	24
134	5	1617	29
135	5	469	24
135	5	678	29
135	5	1408	27
136	5	417	24
136	5	626	29
136	5	991	27
136	5	1826	30
136	5	2191	28
137	5	626	24
137	5	939	29
137	5	1565	27
138	5	469	24
138	5	626	29
138	5	939	27
138	5	2191	30
139	5	469	24
139	5	730	29
139	5	1095	27
139	5	1930	28
139	5	2035	30
140	5	1722	27
140	5	2035	28
141	5	469	24
141	5	782	29
141	5	1095	27
142	5	782	27
142	5	1095	28
142	5	1408	24
142	5	1669	29
143	5	1252	27
143	5	1304	29
143	5	2139	28
145	5	1148	27
145	5	1304	29
145	5	2035	28
146	5	574	24
146	5	730	29
146	5	1461	27
147	5	574	24
147	5	887	29
147	5	1461	27
148	5	1304	27
148	5	1617	28
148	5	1930	24
148	5	2191	29
149	5	469	24
149	5	730	29
149	5	1095	27
150	5	521	24
150	5	730	29
150	5	1408	27
151	5	834	27
151	5	1148	28
151	5	1461	24
151	5	1722	29
152	5	574	24
152	5	782	29
152	5	1356	27
153	5	626	24
153	5	1043	29
153	5	2295	27
154	5	521	24
154	5	678	29
154	5	1200	27
155	5	417	24
155	5	574	29
155	5	1043	27
156	5	469	24
156	5	678	29
156	5	1148	27
158	5	521	24
158	5	834	29
158	5	1356	27
159	5	417	24
159	5	574	29
159	5	991	27
159	5	2295	28
160	5	678	27
160	5	991	28
160	5	1304	24
160	5	1565	29
161	5	1513	27
161	5	1826	28
161	5	2139	24
162	5	991	27
162	5	1148	29
162	5	1722	28
163	5	1095	27
163	5	1408	28
163	5	1722	24
163	5	1982	29
164	5	469	24
164	5	730	29
164	5	1982	27
165	5	521	24
165	5	834	29
165	5	1252	27
166	5	1774	27
166	5	2087	28
167	5	1095	27
167	5	1408	28
167	5	1722	24
167	5	1982	29
169	5	469	24
169	5	626	29
169	5	2087	27
170	5	469	24
170	5	626	29
170	5	1043	27
171	5	834	27
171	5	1148	28
171	5	1461	24
171	5	1722	29
172	5	1043	27
172	5	1148	29
172	5	1722	28
173	5	1252	27
173	5	1565	28
173	5	1878	24
173	5	2139	29
174	5	782	27
174	5	1095	28
174	5	1408	24
174	5	1669	29
175	5	574	24
175	5	834	29
175	5	1461	27
176	5	469	24
176	5	678	29
176	5	1930	27
177	5	1669	27
177	5	1722	29
178	5	1982	27
178	5	2295	28
179	5	521	24
179	5	782	29
179	5	1356	27
180	5	1878	27
180	5	2191	28
181	5	469	24
181	5	678	29
181	5	991	27
182	5	678	27
182	5	991	28
182	5	1304	24
182	5	1565	29
183	5	521	24
183	5	678	29
183	5	1304	27
184	5	1043	27
184	5	1356	28
184	5	1669	24
184	5	1930	29
185	5	521	24
185	5	782	29
185	5	1252	27
186	5	2139	27
187	5	678	27
187	5	991	28
187	5	1304	24
187	5	1565	29
188	5	1095	27
188	5	1408	28
188	5	1722	24
188	5	1982	29
189	5	678	27
189	5	991	28
189	5	1304	24
189	5	1565	29
190	5	1043	27
190	5	1200	29
191	5	469	24
191	5	678	29
192	5	574	24
192	5	939	29
192	5	1408	27
193	5	574	24
193	5	939	29
193	5	1617	27
194	5	678	27
194	5	991	28
194	5	1304	24
194	5	1565	29
196	5	417	24
196	5	626	29
196	5	991	27
196	5	1774	28
196	5	1826	30
196	5	2191	25
198	5	626	24
198	5	887	29
198	5	1408	27
199	5	469	24
199	5	678	29
199	5	1200	27
200	5	1095	27
200	5	1200	29
200	5	1930	28
201	5	1774	27
201	5	1878	29
202	5	887	27
202	5	1200	28
202	5	1513	24
202	5	1774	29
203	5	730	27
203	5	1043	28
203	5	1356	24
203	5	1617	29
204	5	469	24
204	5	834	29
204	5	1408	27
205	5	1200	27
205	5	1513	28
205	5	1826	24
205	5	2087	29
206	5	417	24
206	5	626	29
206	5	991	27
206	5	1774	30
206	5	2087	25
207	5	469	24
207	5	626	29
207	5	1304	27
208	5	521	24
208	5	626	29
208	5	1408	27
209	5	2191	27
210	5	574	24
210	5	782	29
210	5	1617	27
211	5	1513	27
211	5	1722	29
212	5	782	27
212	5	1095	28
212	5	1408	24
212	5	1669	29
213	5	1565	27
213	5	1878	28
213	5	2191	24
214	5	782	27
214	5	1095	28
214	5	1408	24
214	5	1669	29
215	5	1148	27
215	5	1304	29
216	5	887	27
216	5	1200	28
216	5	1513	24
216	5	1774	29
217	5	1148	27
217	5	1200	29
217	5	2295	28
218	5	678	27
218	5	834	29
218	5	1617	28
219	5	2139	27
220	5	1356	27
220	5	1669	28
220	5	1982	24
220	5	2243	29
221	5	626	24
221	5	1043	29
221	5	1565	27
222	5	1826	27
222	5	1982	29
223	5	730	27
223	5	1043	28
223	5	1356	24
223	5	1617	29
224	5	782	27
224	5	1095	28
224	5	1408	24
224	5	1669	29
225	5	469	24
225	5	678	29
225	5	1043	27
225	5	2191	28
226	5	521	24
226	5	730	29
226	5	1252	27
227	5	626	24
227	5	887	29
227	5	2191	27
228	5	469	24
228	5	626	29
228	5	1148	27
229	5	678	27
229	5	991	28
229	5	1304	24
229	5	1565	29
230	5	469	24
230	5	626	29
230	5	991	27
231	5	417	24
231	5	626	29
231	5	991	27
232	5	469	24
232	5	678	29
232	5	1200	27
233	5	1252	27
233	5	1408	29
233	5	2035	28
235	5	1461	27
235	5	1774	28
235	5	2087	24
236	5	887	27
236	5	1200	28
236	5	1513	24
236	5	1774	29
237	5	782	27
237	5	1095	28
237	5	1408	24
237	5	1669	29
239	5	1148	27
239	5	1461	28
239	5	1774	24
239	5	2035	29
240	5	469	24
240	5	626	29
240	5	1200	27
240	5	2295	28
241	5	678	27
241	5	991	28
241	5	1304	24
241	5	1565	29
242	5	574	24
242	5	939	29
242	5	1408	27
243	5	417	24
243	5	626	29
243	5	991	27
243	5	2191	28
243	5	2295	30
244	5	469	24
244	5	678	29
244	5	1252	27
245	5	1095	27
245	5	1408	28
245	5	1722	24
245	5	1982	29
246	5	1982	27
246	5	2295	28
248	5	417	24
248	5	730	29
248	5	1043	27
249	5	469	24
249	5	626	29
249	5	991	27
250	5	469	24
250	5	626	29
250	5	1043	27
250	5	2191	28
251	5	574	24
251	5	887	29
251	5	1617	27
252	5	1304	27
252	5	1617	28
252	5	1930	24
252	5	2191	29
253	5	782	27
253	5	1095	28
253	5	1408	24
253	5	1669	29
255	5	887	27
255	5	1200	28
255	5	1513	24
255	5	1774	29
256	5	730	27
256	5	1043	28
256	5	1356	24
256	5	1617	29
257	5	1043	27
257	5	1252	29
257	5	2035	28
258	5	469	24
258	5	626	29
258	5	991	27
259	5	469	24
259	5	678	29
259	5	1617	27
260	5	469	24
260	5	730	29
260	5	1826	27
262	5	834	27
262	5	1148	28
262	5	1461	24
262	5	1722	29
263	5	730	27
263	5	1043	28
263	5	1356	24
263	5	1617	29
264	5	521	24
264	5	939	29
264	5	1826	27
265	5	521	24
265	5	730	29
265	5	2295	27
266	5	574	24
266	5	887	29
266	5	1617	27
267	5	469	24
267	5	626	29
267	5	1982	27
268	5	939	27
268	5	1148	29
268	5	1722	28
269	5	521	24
269	5	678	29
269	5	1252	27
270	5	730	27
270	5	1043	28
270	5	1356	24
270	5	1617	29
271	5	574	24
271	5	782	29
271	5	1408	27
272	5	469	24
272	5	626	29
272	5	1095	27
272	5	1930	28
272	5	1982	30
272	5	2295	25
273	5	2243	27
274	5	1095	27
274	5	1408	28
274	5	1722	24
274	5	1982	29
275	5	1565	27
275	5	1878	28
275	5	2191	24
276	5	2139	27
277	5	730	27
277	5	1043	28
277	5	1356	24
277	5	1617	29
278	5	1461	27
278	5	1774	28
278	5	2087	24
279	5	1148	27
279	5	1304	29
280	5	678	27
280	5	991	28
280	5	1304	24
280	5	1565	29
282	5	1513	27
282	5	1826	28
282	5	2139	24
283	5	1148	27
283	5	1304	29
283	5	1982	28
284	5	469	24
284	5	626	29
284	5	991	27
284	5	1930	30
284	5	2243	28
285	5	1095	27
285	5	1148	29
285	5	1774	28
286	5	469	24
286	5	626	29
286	5	1148	27
286	5	2191	28
287	5	1148	27
287	5	1304	29
288	5	521	24
288	5	834	29
288	5	1774	27
289	5	1930	27
289	5	2243	28
291	5	574	24
291	5	991	29
292	5	1408	27
292	5	1722	28
292	5	2035	24
292	5	2295	29
293	5	417	24
293	5	574	29
293	5	939	27
293	5	2139	28
294	5	469	24
294	5	678	29
294	5	2243	27
295	5	1043	27
295	5	1356	28
295	5	1669	24
295	5	1930	29
296	5	469	24
296	5	678	29
296	5	1304	27
297	5	1304	27
297	5	1617	28
297	5	1930	24
297	5	2191	29
298	5	782	27
298	5	1095	28
298	5	1408	24
298	5	1669	29
299	5	469	24
299	5	730	29
300	5	991	27
300	5	1304	28
300	5	1617	24
300	5	1878	29
301	5	469	24
301	5	626	29
301	5	991	27
302	5	574	24
302	5	626	29
302	5	1461	27
303	5	469	24
303	5	678	29
303	5	991	27
303	5	1930	30
303	5	2243	28
304	5	469	24
304	5	626	29
304	5	1461	27
306	5	469	24
306	5	678	29
306	5	991	27
307	5	626	24
307	5	1200	29
308	5	626	24
308	5	1148	29
309	5	469	24
309	5	626	29
309	5	991	27
309	5	2035	28
309	5	2139	30
310	5	521	24
310	5	782	29
310	5	1252	27
310	5	2139	28
311	5	834	27
311	5	1148	28
311	5	1461	24
311	5	1722	29
312	5	991	27
312	5	1304	28
312	5	1617	24
312	5	1878	29
313	5	678	27
313	5	991	28
313	5	1304	24
313	5	1565	29
314	5	1200	27
314	5	1513	28
314	5	1826	24
314	5	2087	29
315	5	574	24
315	5	991	29
315	5	1461	27
316	5	2035	27
317	5	1200	27
317	5	1304	29
318	5	1408	27
318	5	1722	28
318	5	2035	24
318	5	2295	29
319	5	1617	27
319	5	1930	28
319	5	2243	24
320	5	1252	27
320	5	1408	29
321	5	469	24
321	5	626	29
322	5	521	24
322	5	782	29
322	5	1878	27
323	5	1826	27
323	5	2035	29
324	5	1304	27
324	5	1513	29
325	5	1200	27
325	5	1304	29
326	5	469	24
326	5	626	29
326	5	1826	27
327	5	1043	27
327	5	1252	29
327	5	1774	28
328	5	730	27
328	5	1043	28
328	5	1356	24
328	5	1617	29
329	5	1356	27
329	5	1669	28
329	5	1982	24
329	5	2243	29
330	5	678	27
330	5	991	28
330	5	1304	24
330	5	1565	29
331	5	469	24
331	5	678	29
331	5	1878	27
332	5	574	24
332	5	834	29
332	5	1356	27
333	5	469	24
333	5	730	29
333	5	1252	27
334	5	1148	27
334	5	1356	29
335	5	417	24
335	5	574	29
335	5	939	27
336	5	521	24
336	5	678	29
336	5	1513	27
337	5	834	27
337	5	1148	28
337	5	1461	24
337	5	1722	29
338	5	991	27
338	5	1304	28
338	5	1617	24
338	5	1878	29
339	5	469	24
339	5	782	29
339	5	1878	27
340	5	1095	27
340	5	1304	29
341	5	1148	27
341	5	1200	29
341	5	1878	28
342	5	469	24
342	5	678	29
342	5	1095	27
343	5	417	24
343	5	574	29
343	5	939	27
344	5	1930	27
344	5	2243	28
345	5	574	24
345	5	939	29
345	5	1356	27
346	5	521	24
346	5	834	29
346	5	1252	27
346	5	2191	28
347	5	626	24
347	5	730	29
347	5	1669	27
348	5	521	24
348	5	678	29
348	5	1356	27
349	5	469	24
349	5	730	29
349	5	1148	27
350	5	1982	27
350	5	2295	28
351	5	574	24
351	5	834	29
352	5	574	24
352	5	939	29
352	5	1461	27
353	5	469	24
353	5	678	29
353	5	1513	27
354	5	469	24
354	5	574	29
354	5	991	27
355	5	521	24
355	5	730	29
356	5	782	27
356	5	1095	28
356	5	1408	24
356	5	1669	29
357	5	574	24
357	5	887	29
357	5	1774	27
358	5	939	27
358	5	1148	29
358	5	1826	28
360	5	678	27
360	5	991	28
360	5	1304	24
360	5	1565	29
361	5	574	24
361	5	939	29
361	5	1565	27
362	5	1930	27
362	5	2087	29
364	5	469	24
364	5	678	29
364	5	2087	27
365	5	1565	27
365	5	1878	28
365	5	2191	24
366	5	730	27
366	5	1043	28
366	5	1356	24
366	5	1617	29
367	5	521	24
367	5	834	29
367	5	1982	27
368	5	417	24
368	5	626	29
368	5	939	27
368	5	1878	30
368	5	2191	28
369	5	521	24
369	5	678	29
369	5	1304	27
370	5	782	27
370	5	1095	28
370	5	1408	24
370	5	1669	29
371	5	469	24
371	5	782	29
371	5	1617	27
372	5	782	27
372	5	1095	28
372	5	1408	24
372	5	1669	29
373	5	834	27
373	5	1148	28
373	5	1461	24
373	5	1722	29
374	5	1408	27
374	5	1722	28
374	5	2035	24
374	5	2295	29
375	5	1252	27
375	5	1408	29
376	5	574	24
376	5	887	29
376	5	2087	27
377	5	1252	27
377	5	1408	29
377	5	2243	28
378	5	1043	27
378	5	1252	29
379	5	626	24
379	5	730	29
379	5	1513	27
380	5	574	24
380	5	1774	29
381	5	626	24
381	5	1252	29
381	5	2035	27
382	5	469	24
382	5	730	29
382	5	1930	27
383	5	1252	27
383	5	1408	29
384	5	521	24
384	5	834	29
384	5	1565	27
385	5	626	24
385	5	1043	29
386	5	521	24
386	5	887	29
387	5	521	24
387	5	782	29
387	5	1252	27
388	5	2035	27
388	5	2139	29
389	5	469	24
389	5	678	29
390	5	417	24
390	5	678	29
390	5	991	27
391	5	521	24
391	5	730	29
391	5	1356	27
392	5	939	27
392	5	1252	28
392	5	1565	24
392	5	1826	29
393	5	417	24
393	5	521	29
393	5	991	27
394	5	626	24
394	5	939	29
394	5	2139	27
395	5	626	24
395	5	991	29
396	5	417	24
396	5	678	29
396	5	991	27
396	5	1826	30
397	5	1148	27
397	5	1356	29
397	5	1878	28
398	5	574	24
398	5	939	29
399	5	469	24
399	5	626	29
399	5	1200	27
400	5	574	24
400	5	887	29
400	5	1774	27
401	5	2139	27
401	5	2295	29
402	5	574	24
402	5	991	29
402	5	1461	27
403	5	1930	27
403	5	2087	29
404	5	782	27
404	5	1095	28
404	5	1408	24
404	5	1669	29
405	5	1043	27
405	5	1356	28
405	5	1669	24
405	5	1930	29
406	5	521	24
406	5	782	29
406	5	1356	27
407	5	1095	27
407	5	1252	29
409	5	991	27
409	5	1304	28
409	5	1617	24
409	5	1878	29
410	5	887	27
410	5	1200	28
410	5	1513	24
410	5	1774	29
411	5	469	24
411	5	678	29
411	5	1095	27
411	5	2295	30
412	5	469	24
412	5	626	29
412	5	1043	27
412	5	1878	30
412	5	2191	25
413	5	417	24
413	5	574	29
413	5	991	27
413	5	1930	30
413	5	2295	28
414	5	574	24
414	5	834	29
414	5	1408	27
415	5	521	24
415	5	678	29
415	5	1356	27
416	5	1408	27
416	5	1722	28
416	5	2035	24
416	5	2295	29
417	5	521	24
417	5	678	29
417	5	1722	27
418	5	521	24
418	5	834	29
418	5	1252	27
419	5	521	24
419	5	678	29
419	5	1252	27
420	5	834	27
420	5	1148	28
420	5	1461	24
420	5	1722	29
421	5	1930	27
421	5	2087	29
422	5	834	27
422	5	1148	28
422	5	1461	24
422	5	1722	29
423	5	1043	27
423	5	1095	29
423	5	1722	28
424	5	469	24
424	5	626	29
424	5	1148	27
424	5	2035	28
424	5	2139	30
425	5	574	24
425	5	991	29
425	5	1982	27
426	5	1043	27
426	5	1148	29
426	5	1722	28
427	5	2035	27
427	5	2243	29
428	5	469	24
428	5	678	29
429	5	574	24
429	5	887	29
429	5	1408	27
430	5	521	24
430	5	782	29
430	5	1513	27
431	5	417	24
431	5	626	29
431	5	991	27
432	5	521	24
432	5	834	29
432	5	1252	27
433	5	626	24
433	5	991	29
433	5	1617	27
434	5	521	24
434	5	782	29
434	5	1148	27
434	5	2087	28
434	5	2191	30
435	5	469	24
435	5	574	29
435	5	1148	27
436	5	469	24
436	5	678	29
436	5	1043	27
437	5	469	24
437	5	730	29
437	5	1878	27
438	5	626	24
438	5	939	29
438	5	1408	27
439	5	887	27
439	5	1200	28
439	5	1513	24
439	5	1774	29
440	5	678	27
440	5	991	28
440	5	1304	24
440	5	1565	29
441	5	1722	27
441	5	2035	28
442	5	626	24
442	5	1095	29
442	5	1826	27
443	5	730	27
443	5	1043	28
443	5	1356	24
443	5	1617	29
444	5	1565	27
444	5	1878	28
444	5	2191	24
445	5	469	24
445	5	678	29
445	5	1461	27
446	5	730	27
446	5	1043	28
446	5	1356	24
446	5	1617	29
447	5	1513	27
447	5	1826	28
447	5	2139	24
448	5	939	27
448	5	1252	28
448	5	1565	24
448	5	1826	29
449	5	2035	27
449	5	2243	29
450	5	2243	27
451	5	730	27
451	5	1043	28
451	5	1356	24
451	5	1617	29
452	5	521	24
452	5	834	29
452	5	2087	27
453	5	469	24
453	5	574	29
453	5	1043	27
454	5	1304	27
454	5	1617	28
454	5	1930	24
454	5	2191	29
455	5	1095	27
455	5	1304	29
455	5	1826	28
456	5	1252	27
456	5	1461	29
457	5	678	27
457	5	991	28
457	5	1304	24
457	5	1565	29
458	5	1617	27
458	5	1930	28
458	5	2243	24
459	5	887	27
459	5	1200	28
459	5	1513	24
459	5	1774	29
460	5	469	24
460	5	626	29
460	5	1930	27
461	5	469	24
461	5	626	29
461	5	1200	27
462	5	574	24
462	5	1043	29
462	5	1826	27
463	5	574	24
463	5	887	29
463	5	1252	27
464	5	834	27
464	5	1148	28
464	5	1461	24
464	5	1722	29
465	5	469	24
465	5	678	29
465	5	1826	27
466	5	469	24
466	5	678	29
466	5	1252	27
467	5	469	24
467	5	626	29
467	5	1826	27
468	5	469	24
468	5	678	29
468	5	1878	27
469	5	417	24
469	5	574	29
469	5	939	27
470	5	1408	27
470	5	1722	28
470	5	2035	24
470	5	2295	29
471	5	1095	27
471	5	1408	28
471	5	1722	24
471	5	1982	29
472	5	469	24
472	5	782	29
472	5	1617	27
473	5	678	27
473	5	991	28
473	5	1304	24
473	5	1565	29
474	5	521	24
474	5	730	29
474	5	1200	27
475	5	887	27
475	5	1200	28
475	5	1513	24
475	5	1774	29
476	5	1252	27
476	5	1565	28
476	5	1878	24
476	5	2139	29
477	5	887	27
477	5	1200	28
477	5	1513	24
477	5	1774	29
478	5	626	24
478	5	1043	29
480	5	678	27
480	5	991	28
480	5	1304	24
480	5	1565	29
481	5	574	24
481	5	782	29
481	5	1200	27
482	5	574	24
482	5	782	29
482	5	2139	27
483	5	1669	27
483	5	1982	28
483	5	2295	24
484	5	2035	27
484	5	2139	29
485	5	1095	27
485	5	1408	28
485	5	1722	24
485	5	1982	29
486	5	1200	27
486	5	1408	29
486	5	2139	28
487	5	469	24
487	5	730	29
487	5	1826	27
488	5	1252	27
488	5	1408	29
489	5	417	24
489	5	626	29
489	5	991	27
490	5	730	27
490	5	1043	28
490	5	1356	24
490	5	1617	29
491	5	626	24
491	5	887	29
491	5	1826	27
492	5	939	27
492	5	1148	29
492	5	1774	28
493	5	678	27
493	5	991	28
493	5	1304	24
493	5	1565	29
494	5	521	24
494	5	834	29
494	5	2295	27
495	5	782	27
495	5	1095	28
495	5	1408	24
495	5	1669	29
496	5	626	24
496	5	991	29
496	5	1408	27
497	5	469	24
497	5	626	29
498	5	574	24
498	5	991	29
498	5	1930	27
499	5	574	24
499	5	730	29
500	5	469	24
500	5	626	29
500	5	1043	27
500	5	2035	30
501	5	1252	27
501	5	1461	29
501	5	2295	28
502	5	730	27
502	5	1043	28
502	5	1356	24
502	5	1617	29
503	5	469	24
503	5	626	29
503	5	991	27
503	5	1878	30
503	5	2243	25
505	5	1252	27
505	5	1565	28
505	5	1878	24
505	5	2139	29
506	5	1043	27
506	5	1356	28
506	5	1669	24
506	5	1930	29
507	5	1617	27
507	5	1930	28
507	5	2243	24
508	5	469	24
508	5	782	29
508	5	1148	27
508	5	2139	28
510	5	1930	27
510	5	2087	29
512	5	887	27
512	5	1095	29
512	5	1669	28
513	5	887	27
513	5	1095	29
514	5	521	24
514	5	834	29
514	5	1565	27
515	5	469	24
515	5	678	29
515	5	991	27
516	5	1304	27
516	5	1461	29
516	5	2243	28
517	5	1252	27
517	5	1408	29
517	5	2191	28
518	5	939	27
518	5	1252	28
518	5	1565	24
518	5	1826	29
519	5	521	24
519	5	782	29
519	5	1304	27
520	5	574	24
520	5	834	29
520	5	2087	27
521	5	469	24
521	5	626	29
521	5	1095	27
522	5	678	27
522	5	991	28
522	5	1304	24
522	5	1565	29
523	5	469	24
523	5	730	29
523	5	1356	27
524	5	2035	27
525	5	574	24
525	5	834	29
525	5	1252	27
526	5	1878	27
526	5	2087	29
527	5	469	24
527	5	626	29
527	5	1878	27
528	5	469	24
528	5	574	29
528	5	991	27
529	5	469	24
529	5	678	29
529	5	1043	27
529	5	1930	30
529	5	2243	28
530	5	1200	27
530	5	1356	29
530	5	1982	28
531	5	1043	27
531	5	1148	29
531	5	1722	28
532	5	887	27
532	5	1200	28
532	5	1513	24
532	5	1774	29
533	5	1982	27
533	5	2191	29
534	5	469	24
534	5	626	29
534	5	1043	27
535	5	1565	27
535	5	1878	28
535	5	2191	24
536	5	1252	27
536	5	1565	28
536	5	1878	24
536	5	2139	29
537	5	574	24
537	5	1043	29
537	5	1513	27
538	5	417	24
538	5	678	29
538	5	1043	27
539	5	417	24
539	5	626	29
539	5	991	27
540	5	1930	27
540	5	2087	29
541	5	521	24
541	5	678	29
541	5	1878	27
542	5	887	27
542	5	1200	28
542	5	1513	24
542	5	1774	29
543	5	1095	27
543	5	1252	29
543	5	1774	28
544	5	574	24
544	5	730	29
544	5	1304	27
544	5	2191	28
545	5	730	27
545	5	1043	28
545	5	1356	24
545	5	1617	29
546	5	1148	27
546	5	1252	29
547	5	574	24
547	5	887	29
547	5	1356	27
547	5	2243	28
548	5	1252	27
548	5	1565	28
548	5	1878	24
548	5	2139	29
549	5	1252	27
549	5	1408	29
550	5	469	24
550	5	678	29
550	5	1043	27
550	5	2087	28
551	5	469	24
551	5	626	29
551	5	1148	27
551	5	2139	30
552	5	1304	27
552	5	1617	28
552	5	1930	24
552	5	2191	29
553	5	730	27
553	5	1043	28
553	5	1356	24
553	5	1617	29
554	5	417	24
554	5	574	29
554	5	939	27
555	5	469	24
555	5	626	29
555	5	1043	27
555	5	1878	30
555	5	2191	28
556	5	730	27
556	5	1043	28
556	5	1356	24
556	5	1617	29
557	5	1356	27
557	5	1669	28
557	5	1982	24
557	5	2243	29
558	5	469	24
558	5	626	29
558	5	1982	27
559	5	939	27
559	5	1043	29
559	5	1826	28
560	5	1304	27
560	5	1617	28
560	5	1930	24
560	5	2191	29
561	5	782	27
561	5	1095	28
561	5	1408	24
561	5	1669	29
562	5	939	27
562	5	1148	29
562	5	1774	28
563	5	678	27
563	5	991	28
563	5	1304	24
563	5	1565	29
564	5	1304	27
564	5	1617	28
564	5	1930	24
564	5	2191	29
565	5	469	24
565	5	782	29
565	5	1148	27
565	5	2087	28
566	5	521	24
566	5	730	29
566	5	1774	27
567	5	678	27
567	5	991	28
567	5	1304	24
567	5	1565	29
568	5	469	24
568	5	678	29
568	5	1095	27
569	5	887	27
569	5	1200	28
569	5	1513	24
569	5	1774	29
570	5	1304	27
570	5	1461	29
571	5	469	24
571	5	626	29
571	5	1356	27
572	5	1408	27
572	5	1722	28
572	5	2035	24
572	5	2295	29
574	5	574	24
574	5	991	29
575	5	417	24
575	5	521	29
575	5	991	27
575	5	2295	28
576	5	1095	27
576	5	1304	29
577	5	469	24
577	5	730	29
577	5	1148	27
578	5	939	27
578	5	1252	28
578	5	1565	24
578	5	1826	29
579	5	782	27
579	5	1095	28
579	5	1408	24
579	5	1669	29
580	5	1930	27
580	5	2243	28
581	5	1043	27
581	5	1252	29
581	5	1826	28
582	5	678	27
582	5	991	28
582	5	1304	24
582	5	1565	29
583	5	469	24
583	5	678	29
583	5	1043	27
584	5	469	24
584	5	730	29
584	5	1930	27
585	5	417	24
585	5	626	29
585	5	991	27
585	5	1826	30
585	5	2295	28
586	5	678	27
586	5	991	28
586	5	1304	24
586	5	1565	29
587	5	417	24
587	5	574	29
587	5	991	27
588	5	521	24
588	5	887	29
588	5	1513	27
589	5	574	24
589	5	834	29
589	5	1356	27
590	5	469	24
590	5	730	29
590	5	1356	27
591	5	1461	27
591	5	1774	28
591	5	2087	24
593	5	678	27
593	5	991	28
593	5	1304	24
593	5	1565	29
594	5	730	27
594	5	1043	28
594	5	1356	24
594	5	1617	29
595	5	469	24
595	5	678	29
595	5	1095	27
595	5	2035	30
596	5	678	27
596	5	991	28
596	5	1304	24
596	5	1565	29
597	5	678	27
597	5	991	28
597	5	1304	24
597	5	1565	29
598	5	417	24
598	5	626	29
598	5	991	27
599	5	417	24
599	5	678	29
599	5	991	27
600	5	1565	27
600	5	1878	28
600	5	2191	24
601	5	521	24
601	5	730	29
601	5	1722	27
602	5	1200	27
602	5	1513	28
602	5	1826	24
602	5	2087	29
603	5	730	27
603	5	939	29
604	5	730	27
604	5	1043	28
604	5	1356	24
604	5	1617	29
605	5	1043	27
605	5	1356	28
605	5	1669	24
605	5	1930	29
606	5	626	24
606	5	991	29
606	5	1461	27
607	5	469	24
607	5	626	29
607	5	1252	27
608	5	521	24
608	5	834	29
608	5	1356	27
610	5	2191	27
611	5	678	27
611	5	991	28
611	5	1304	24
611	5	1565	29
612	5	1095	27
612	5	1148	29
612	5	1930	28
613	5	1252	27
613	5	1565	28
613	5	1878	24
613	5	2139	29
614	5	1148	27
614	5	1200	29
615	5	834	27
615	5	1148	28
615	5	1461	24
615	5	1722	29
616	5	991	27
616	5	1200	29
617	5	1878	27
617	5	1982	29
618	5	1930	27
618	5	2243	28
619	5	887	27
619	5	1200	28
619	5	1513	24
619	5	1774	29
620	5	469	24
620	5	678	29
620	5	2191	27
621	5	939	27
621	5	1095	29
621	5	1669	28
622	5	417	24
622	5	626	29
622	5	991	27
623	5	1043	27
623	5	1356	28
623	5	1669	24
623	5	1930	29
624	5	521	24
624	5	782	29
624	5	2243	27
625	5	1043	27
625	5	1200	29
625	5	1774	28
626	5	521	24
626	5	887	29
626	5	1304	27
627	5	574	24
627	5	887	29
627	5	1461	27
628	5	626	24
628	5	991	29
628	5	1617	27
629	5	834	27
629	5	1148	28
629	5	1461	24
629	5	1722	29
630	5	782	27
630	5	1095	28
630	5	1408	24
630	5	1669	29
631	5	626	24
631	5	887	29
631	5	1461	27
632	5	417	24
632	5	626	29
632	5	939	27
633	5	1513	27
633	5	1669	29
634	5	1148	27
634	5	1304	29
635	5	1356	27
635	5	1513	29
636	5	2191	27
637	5	1043	27
637	5	1356	28
637	5	1669	24
637	5	1930	29
638	5	1826	27
638	5	1930	29
639	5	521	24
639	5	730	29
639	5	1200	27
640	5	730	27
640	5	1043	28
640	5	1356	24
640	5	1617	29
641	5	574	24
641	5	939	29
642	5	1148	27
642	5	1461	28
642	5	1774	24
642	5	2035	29
643	5	2243	27
644	5	521	24
644	5	834	29
645	5	730	27
645	5	1043	28
645	5	1356	24
645	5	1617	29
646	5	469	24
646	5	626	29
646	5	1200	27
647	5	1408	27
647	5	1722	28
647	5	2035	24
647	5	2295	29
648	5	782	27
648	5	1095	28
648	5	1408	24
648	5	1669	29
649	5	521	24
649	5	782	29
649	5	1408	27
650	5	1461	27
650	5	1774	28
650	5	2087	24
651	5	574	24
651	5	834	29
652	5	574	24
652	5	939	29
652	5	1513	27
653	5	574	24
653	5	939	29
653	5	1513	27
654	5	782	27
654	5	1095	28
654	5	1408	24
654	5	1669	29
655	5	678	27
655	5	991	28
655	5	1304	24
655	5	1565	29
656	5	626	24
656	5	991	29
656	5	1617	27
657	5	521	24
657	5	834	29
658	5	521	24
658	5	834	29
658	5	1304	27
659	5	1095	27
659	5	1148	29
659	5	2191	28
660	5	834	27
660	5	1148	28
660	5	1461	24
660	5	1722	29
661	5	469	24
661	5	834	29
661	5	1356	27
662	5	678	27
662	5	991	28
662	5	1304	24
662	5	1565	29
663	5	991	27
663	5	1304	28
663	5	1617	24
663	5	1878	29
664	5	521	24
664	5	730	29
664	5	1252	27
664	5	2243	28
665	5	469	24
665	5	730	29
665	5	1356	27
666	5	469	24
666	5	626	29
666	5	1774	27
667	5	521	24
667	5	678	29
668	5	939	27
668	5	1252	28
668	5	1565	24
668	5	1826	29
669	5	782	27
669	5	1095	28
669	5	1408	24
669	5	1669	29
670	5	834	27
670	5	1148	28
670	5	1461	24
670	5	1722	29
671	5	1148	27
671	5	1461	28
671	5	1774	24
671	5	2035	29
672	5	834	27
672	5	1148	28
672	5	1461	24
672	5	1722	29
673	5	730	27
673	5	1043	28
673	5	1356	24
673	5	1617	29
674	5	678	27
674	5	991	28
674	5	1304	24
674	5	1565	29
675	5	1043	27
675	5	1148	29
675	5	1722	28
676	5	469	24
676	5	574	29
676	5	1148	27
677	5	834	27
677	5	991	29
677	5	1617	28
678	5	521	24
678	5	678	29
678	5	1617	27
679	5	1148	27
679	5	1461	28
679	5	1774	24
679	5	2035	29
680	5	991	27
680	5	1148	29
680	5	1669	28
681	5	887	27
681	5	1200	28
681	5	1513	24
681	5	1774	29
682	5	574	24
682	5	834	29
682	5	1878	27
683	5	1148	27
683	5	1461	28
683	5	1774	24
683	5	2035	29
684	5	991	27
684	5	1148	29
684	5	1669	28
685	5	574	24
685	5	939	29
685	5	2191	27
686	5	521	24
686	5	782	29
687	5	1356	27
687	5	1669	28
687	5	1982	24
687	5	2243	29
688	5	1148	27
688	5	1461	28
688	5	1774	24
688	5	2035	29
689	5	1148	27
689	5	1356	29
690	5	626	24
690	5	939	29
691	5	521	24
691	5	730	29
691	5	1252	27
691	5	2243	28
692	5	574	24
692	5	939	29
692	5	1304	27
693	5	626	24
693	5	834	29
693	5	1461	27
694	5	574	24
694	5	887	29
694	5	1513	27
695	5	417	24
695	5	574	29
695	5	991	27
696	5	834	27
696	5	1148	28
696	5	1461	24
696	5	1722	29
697	5	521	24
697	5	730	29
697	5	1356	27
698	5	1408	27
698	5	1722	28
698	5	2035	24
698	5	2295	29
699	5	626	24
699	5	991	29
699	5	1669	27
700	5	574	24
700	5	939	29
701	5	887	27
701	5	1043	29
701	5	1669	28
702	5	626	24
702	5	939	29
703	5	521	24
703	5	782	29
703	5	1252	27
704	5	1930	27
704	5	2243	28
705	5	939	27
705	5	1252	28
705	5	1565	24
705	5	1826	29
706	5	469	24
706	5	626	29
706	5	1826	27
707	5	574	24
707	5	782	29
707	5	1878	27
708	5	1095	27
708	5	1252	29
708	5	1774	28
709	5	521	24
709	5	834	29
709	5	1356	27
710	5	521	24
710	5	887	29
710	5	1252	27
711	5	1043	27
711	5	1148	29
711	5	1878	28
712	5	782	27
712	5	1095	28
712	5	1408	24
712	5	1669	29
713	5	1617	27
713	5	1930	28
713	5	2243	24
714	5	469	24
714	5	678	29
714	5	1356	27
715	5	730	27
715	5	1043	28
715	5	1356	24
715	5	1617	29
716	5	417	24
716	5	574	29
716	5	991	27
717	5	1043	27
717	5	1148	29
717	5	1669	28
718	5	469	24
718	5	782	29
718	5	1252	27
719	5	834	27
719	5	1148	28
719	5	1461	24
719	5	1722	29
720	5	1878	27
720	5	2191	28
721	5	678	27
721	5	991	28
721	5	1304	24
721	5	1565	29
722	5	417	24
722	5	678	29
722	5	991	27
723	5	678	27
723	5	834	29
724	5	678	27
724	5	991	28
724	5	1304	24
724	5	1565	29
725	5	521	24
725	5	782	29
725	5	1356	27
726	5	626	24
726	5	991	29
726	5	1408	27
727	5	1148	27
727	5	1461	28
727	5	1774	24
727	5	2035	29
728	5	1826	27
728	5	1982	29
729	5	521	24
729	5	782	29
729	5	2139	27
730	5	678	27
730	5	991	28
730	5	1304	24
730	5	1565	29
731	5	469	24
731	5	678	29
731	5	991	27
732	5	574	24
732	5	834	29
732	5	2191	27
733	5	521	24
733	5	782	29
733	5	1304	27
734	5	469	24
734	5	678	29
734	5	1304	27
735	5	1930	27
735	5	2139	29
736	5	991	27
736	5	1304	28
736	5	1617	24
736	5	1878	29
737	5	521	24
737	5	678	29
737	5	1356	27
738	5	521	24
738	5	834	29
738	5	1304	27
738	5	2139	28
739	5	1095	27
739	5	1200	29
741	5	574	24
741	5	887	29
742	5	469	24
742	5	626	29
742	5	991	27
742	5	2139	28
743	5	469	24
743	5	574	29
743	5	1513	27
744	5	1148	27
744	5	1252	29
744	5	1826	28
745	5	939	27
745	5	1252	28
745	5	1565	24
745	5	1826	29
746	5	1252	27
746	5	1461	29
747	5	678	27
747	5	991	28
747	5	1304	24
747	5	1565	29
748	5	1982	27
748	5	2295	28
749	5	1200	27
749	5	1513	28
749	5	1826	24
749	5	2087	29
750	5	574	24
750	5	626	29
750	5	2243	27
751	5	1095	27
751	5	1408	28
751	5	1722	24
751	5	1982	29
752	5	834	27
752	5	1148	28
752	5	1461	24
752	5	1722	29
753	5	469	24
753	5	730	29
753	5	1200	27
753	5	2191	28
754	5	469	24
754	5	678	29
754	5	1252	27
755	5	469	24
755	5	730	29
755	5	1617	27
756	5	469	24
756	5	782	29
756	5	1148	27
756	5	2295	28
757	5	1461	27
757	5	1774	28
757	5	2087	24
758	5	417	24
758	5	626	29
758	5	939	27
759	5	1252	27
759	5	1565	28
759	5	1878	24
759	5	2139	29
760	5	626	24
760	5	1043	29
761	5	730	27
761	5	1043	28
761	5	1356	24
761	5	1617	29
762	5	574	24
762	5	1043	29
762	5	1565	27
763	5	1148	27
763	5	1304	29
763	5	1982	28
764	5	626	24
764	5	2243	29
765	5	469	24
765	5	730	29
765	5	1826	27
766	5	521	24
766	5	782	29
767	5	1095	27
767	5	1304	29
767	5	2035	28
768	5	1408	27
768	5	1722	28
768	5	2035	24
768	5	2295	29
769	5	730	27
769	5	1043	28
769	5	1356	24
769	5	1617	29
770	5	1930	27
770	5	2243	28
771	5	1095	27
771	5	1408	28
771	5	1722	24
771	5	1982	29
772	5	834	27
772	5	1148	28
772	5	1461	24
772	5	1722	29
773	5	1408	27
773	5	1565	29
774	5	469	24
774	5	626	29
774	5	1148	27
775	5	1148	27
775	5	1461	28
775	5	1774	24
775	5	2035	29
776	5	469	24
776	5	626	29
776	5	991	27
776	5	2243	30
777	5	1982	27
777	5	2139	29
778	5	521	24
778	5	887	29
778	5	1878	27
779	5	1930	27
779	5	2139	29
780	5	574	24
780	5	1095	29
780	5	2295	27
781	5	574	24
781	5	782	29
781	5	1408	27
782	5	626	24
782	5	887	29
782	5	2139	27
783	5	1356	27
783	5	1669	28
783	5	1982	24
783	5	2243	29
784	5	469	24
784	5	678	29
784	5	1826	27
785	5	574	24
785	5	730	29
785	5	2243	27
786	5	730	27
786	5	1043	28
786	5	1356	24
786	5	1617	29
787	5	1304	27
787	5	1617	28
787	5	1930	24
787	5	2191	29
788	5	521	24
788	5	730	29
788	5	1565	27
789	5	1043	27
789	5	1148	29
789	5	1774	28
790	5	834	27
790	5	1148	28
790	5	1461	24
790	5	1722	29
791	5	1304	27
791	5	1513	29
792	5	521	24
792	5	834	29
793	5	417	24
793	5	678	29
793	5	991	27
794	5	469	24
794	5	521	29
794	5	1930	27
795	5	1461	27
795	5	1774	28
795	5	2087	24
796	5	1304	27
796	5	1617	28
796	5	1930	24
796	5	2191	29
797	5	469	24
797	5	730	29
797	5	2035	27
798	5	887	27
798	5	1200	28
798	5	1513	24
798	5	1774	29
800	5	1200	27
800	5	1513	28
800	5	1826	24
800	5	2087	29
801	5	1304	27
801	5	1617	28
801	5	1930	24
801	5	2191	29
802	5	574	24
802	5	887	29
802	5	1565	27
803	5	574	24
803	5	887	29
803	5	1408	27
804	5	574	24
804	5	1043	29
804	5	1878	27
806	5	1304	27
806	5	1513	29
807	5	417	24
807	5	626	29
807	5	991	27
807	5	1878	30
808	5	1982	27
808	5	2295	28
809	5	1669	27
809	5	1982	28
809	5	2295	24
810	5	469	24
810	5	678	29
810	5	991	27
811	5	469	24
811	5	626	29
811	5	1878	27
812	5	521	24
812	5	782	29
812	5	1252	27
812	5	2295	28
813	5	626	24
813	5	1304	29
814	5	626	24
814	5	2087	29
815	5	469	24
815	5	678	29
816	5	1043	27
816	5	1148	29
816	5	2295	28
817	5	2087	27
817	5	2243	29
818	5	626	24
818	5	939	29
818	5	1617	27
819	5	1408	27
819	5	1722	28
819	5	2035	24
819	5	2295	29
820	5	626	24
820	5	1565	29
821	5	1148	27
821	5	1252	29
821	5	2243	28
822	5	469	24
822	5	678	29
822	5	991	27
823	5	469	24
823	5	626	29
823	5	991	27
823	5	2139	28
824	5	1043	27
824	5	1148	29
824	5	1722	28
825	5	991	27
825	5	1043	29
825	5	1722	28
826	5	834	27
826	5	1148	28
826	5	1461	24
826	5	1722	29
827	5	782	27
827	5	1095	28
827	5	1408	24
827	5	1669	29
828	5	1252	29
828	5	2191	28
829	5	1982	27
829	5	2087	29
830	5	1043	27
830	5	1356	28
830	5	1669	24
830	5	1930	29
831	5	521	24
831	5	887	29
831	5	1252	27
831	5	2139	28
831	5	2191	30
832	5	469	24
832	5	730	29
832	5	1148	27
832	5	2087	28
833	5	1148	27
833	5	1304	29
834	5	521	24
834	5	678	29
834	5	1252	27
834	5	2191	28
835	5	626	24
835	5	887	29
835	5	2087	27
836	5	2035	27
836	5	2243	29
837	5	1148	27
837	5	1461	28
837	5	1774	24
837	5	2035	29
838	5	469	24
838	5	678	29
838	5	1252	27
839	5	1304	27
839	5	1513	29
839	5	2243	28
840	5	417	24
840	5	574	29
840	5	939	27
840	5	1826	30
841	5	521	24
841	5	782	29
842	5	730	27
842	5	1043	28
842	5	1356	24
842	5	1617	29
843	5	469	24
843	5	678	29
843	5	1043	27
843	5	1982	28
843	5	2035	30
844	5	1148	27
844	5	1461	28
844	5	1774	24
844	5	2035	29
845	5	1200	27
845	5	1408	29
846	5	1356	27
846	5	1565	29
847	5	1148	27
847	5	1356	29
847	5	1930	28
848	5	417	24
848	5	521	29
848	5	939	27
849	5	1878	27
849	5	2191	28
850	5	469	24
850	5	834	29
850	5	1148	27
851	5	2191	27
852	5	834	27
852	5	1148	28
852	5	1461	24
852	5	1722	29
853	5	1304	27
853	5	1617	28
853	5	1930	24
853	5	2191	29
854	5	1043	27
854	5	1148	29
854	5	1722	28
855	5	574	24
855	5	782	29
856	5	626	24
856	5	991	29
857	5	1252	27
857	5	1565	28
857	5	1878	24
857	5	2139	29
858	5	678	27
858	5	991	28
858	5	1304	24
858	5	1565	29
859	5	730	27
859	5	1043	28
859	5	1356	24
859	5	1617	29
860	5	1513	27
860	5	1826	28
860	5	2139	24
861	5	521	24
861	5	782	29
862	5	1513	27
862	5	1826	28
862	5	2139	24
863	5	469	24
863	5	782	29
863	5	1252	27
864	5	469	24
864	5	574	29
864	5	1095	27
864	5	2139	28
865	5	521	24
865	5	678	29
865	5	1565	27
866	5	469	24
866	5	678	29
866	5	1252	27
867	5	678	27
867	5	991	28
867	5	1304	24
867	5	1565	29
868	5	521	24
868	5	730	29
868	5	1617	27
869	5	939	27
869	5	1043	29
869	5	1669	28
870	5	1095	27
870	5	1304	29
871	5	1095	27
871	5	1252	29
871	5	2035	28
873	5	469	24
873	5	678	29
873	5	1043	27
875	5	574	24
875	5	887	29
875	5	1513	27
876	5	521	24
876	5	678	29
877	5	417	24
877	5	626	29
877	5	991	27
878	5	1148	27
878	5	1461	28
878	5	1774	24
878	5	2035	29
879	5	626	24
879	5	991	29
879	5	2087	27
880	5	469	24
880	5	626	29
880	5	991	27
881	5	887	27
881	5	1200	28
881	5	1513	24
881	5	1774	29
882	5	1200	27
882	5	1356	29
883	5	1617	27
883	5	1930	28
883	5	2243	24
884	5	521	24
884	5	730	29
884	5	1982	27
885	5	469	24
885	5	678	29
885	5	1095	27
886	5	887	27
886	5	1200	28
886	5	1513	24
886	5	1774	29
887	5	574	24
887	5	939	29
887	5	1722	27
888	5	991	27
888	5	1304	28
888	5	1617	24
888	5	1878	29
889	5	1304	27
889	5	1617	28
889	5	1930	24
889	5	2191	29
890	5	1252	27
890	5	1408	29
890	5	2035	28
891	5	521	24
891	5	782	29
891	5	1774	27
892	5	1461	27
892	5	1669	29
893	5	521	24
893	5	782	29
894	5	574	24
894	5	887	29
894	5	2139	27
895	5	574	24
895	5	991	29
895	5	1930	27
896	5	521	24
896	5	626	29
897	5	521	24
897	5	730	29
897	5	1304	27
898	5	521	24
898	5	782	29
898	5	1200	27
899	5	469	24
899	5	730	29
899	5	1148	27
900	5	834	27
900	5	1148	28
900	5	1461	24
900	5	1722	29
901	5	417	24
901	5	678	29
901	5	991	27
902	5	782	27
902	5	1095	28
902	5	1408	24
902	5	1669	29
903	5	521	24
903	5	626	29
903	5	1304	27
903	5	2295	28
905	5	1095	27
905	5	1408	28
905	5	1722	24
905	5	1982	29
906	5	469	24
906	5	626	29
907	5	1930	27
907	5	2243	28
908	5	469	24
908	5	730	29
908	5	1356	27
909	5	1878	27
909	5	2035	29
910	5	1095	27
910	5	1200	29
910	5	2191	28
911	5	834	27
911	5	1148	28
911	5	1461	24
911	5	1722	29
912	5	521	24
912	5	834	29
913	5	1252	27
913	5	1408	29
913	5	2139	28
914	5	730	27
914	5	1043	28
914	5	1356	24
914	5	1617	29
915	5	1200	27
915	5	1356	29
916	5	521	24
916	5	626	29
916	5	1200	27
917	5	626	24
917	5	782	29
917	5	2087	27
918	5	1148	27
918	5	1252	29
919	5	1252	27
919	5	1565	28
919	5	1878	24
919	5	2139	29
920	5	730	27
920	5	1043	28
920	5	1356	24
920	5	1617	29
921	5	730	27
921	5	1043	28
921	5	1356	24
921	5	1617	29
922	5	626	24
922	5	939	29
922	5	1930	27
922	5	2295	28
923	5	1148	27
923	5	1461	28
923	5	1774	24
923	5	2035	29
924	5	521	24
924	5	834	29
924	5	1200	27
925	5	469	24
925	5	678	29
926	5	574	24
926	5	887	29
926	5	1356	27
927	5	834	27
927	5	1043	29
927	5	1774	28
929	5	521	24
929	5	678	29
929	5	1408	27
930	5	1826	27
930	5	2139	28
931	5	469	24
931	5	678	29
931	5	1095	27
932	5	1095	27
932	5	1304	29
932	5	1982	28
933	5	1200	27
933	5	1356	29
933	5	1982	28
934	5	991	27
934	5	1200	29
935	5	521	24
935	5	626	29
935	5	1565	27
936	5	730	27
936	5	1043	28
936	5	1356	24
936	5	1617	29
937	5	782	27
937	5	1095	28
937	5	1408	24
937	5	1669	29
938	5	939	27
938	5	1252	28
938	5	1565	24
938	5	1826	29
939	5	1148	27
939	5	1461	28
939	5	1774	24
939	5	2035	29
940	5	626	24
940	5	1043	29
940	5	1356	27
941	5	469	24
941	5	678	29
941	5	1095	27
942	5	469	24
942	5	678	29
942	5	1095	27
943	5	678	27
943	5	991	28
943	5	1304	24
943	5	1565	29
944	5	678	27
944	5	991	28
944	5	1304	24
944	5	1565	29
945	5	1408	27
945	5	1722	28
945	5	2035	24
945	5	2295	29
946	5	678	27
946	5	991	28
946	5	1304	24
946	5	1565	29
947	5	469	24
947	5	678	29
947	5	1148	27
947	5	1982	30
947	5	2295	28
948	5	469	24
948	5	678	29
948	5	1304	27
949	5	417	24
949	5	521	29
949	5	991	27
949	5	1878	30
950	5	469	24
950	5	626	29
950	5	991	27
951	5	2139	27
952	5	1930	27
952	5	2243	28
953	5	469	24
953	5	834	29
954	5	469	24
954	5	730	29
954	5	1043	27
955	5	1982	27
955	5	2295	28
956	5	730	27
956	5	1043	28
956	5	1356	24
956	5	1617	29
957	5	1356	27
957	5	1669	28
957	5	1982	24
957	5	2243	29
958	5	991	27
958	5	1304	28
958	5	1617	24
958	5	1878	29
959	5	2191	27
960	5	626	24
960	5	939	29
960	5	1565	27
961	5	574	24
961	5	834	29
961	5	1565	27
962	5	1982	27
962	5	2035	29
963	5	521	24
963	5	678	29
963	5	2035	27
964	5	521	24
964	5	834	29
964	5	1200	27
964	5	2243	28
965	5	834	27
965	5	1148	28
965	5	1461	24
965	5	1722	29
966	5	469	24
966	5	678	29
966	5	1565	27
967	5	1200	27
967	5	1513	28
967	5	1826	24
967	5	2087	29
968	5	574	24
968	5	834	29
968	5	1878	27
969	5	626	24
969	5	939	29
969	5	1513	27
971	5	521	24
971	5	834	29
971	5	1356	27
972	5	469	24
972	5	626	29
972	5	991	27
972	5	1982	30
972	5	2295	28
973	5	626	24
973	5	834	29
974	5	574	24
974	5	887	29
975	5	1200	27
975	5	1356	29
976	5	574	24
976	5	991	29
976	5	1408	27
977	5	1722	27
977	5	2035	28
978	5	521	24
978	5	730	29
978	5	1304	27
979	5	1252	27
979	5	1461	29
979	5	2035	28
980	5	1617	27
980	5	1930	28
980	5	2243	24
981	5	887	27
981	5	1095	29
981	5	1617	28
982	5	574	24
982	5	730	29
983	5	469	24
983	5	574	29
983	5	1617	27
984	5	991	27
984	5	1304	28
984	5	1617	24
984	5	1878	29
985	5	1095	27
985	5	1252	29
985	5	1774	28
986	5	2191	27
987	5	1095	27
987	5	1408	28
987	5	1722	24
987	5	1982	29
988	5	574	24
988	5	834	29
988	5	1982	27
989	5	469	24
989	5	574	29
989	5	1982	27
990	5	1669	27
990	5	1826	29
992	5	1669	27
992	5	1982	28
992	5	2295	24
993	5	834	27
993	5	1148	28
993	5	1461	24
993	5	1722	29
994	5	1930	27
994	5	2139	29
995	5	417	24
995	5	574	29
995	5	991	27
996	5	1148	27
996	5	1461	28
996	5	1774	24
996	5	2035	29
997	5	2295	27
998	5	574	24
998	5	991	29
998	5	1304	27
998	5	2139	28
999	5	1356	27
999	5	1565	29
