Realization	utility	week	infra.
0	0	626	29
0	0	991	30
1	0	626	29
1	0	991	30
2	0	730	29
3	0	1461	30
4	0	574	29
4	0	1826	30
5	0	574	29
6	0	417	29
7	0	1304	30
8	0	782	29
8	0	2035	30
9	0	2295	30
10	0	521	29
12	0	1252	30
13	0	1200	30
14	0	469	29
15	0	469	29
16	0	574	29
17	0	574	29
18	0	417	29
19	0	2191	30
20	0	678	29
20	0	2243	30
21	0	417	29
21	0	1043	30
22	0	887	29
23	0	521	29
24	0	469	29
24	0	2243	30
25	0	1878	30
26	0	730	29
27	0	469	29
28	0	834	29
28	0	2087	30
29	0	887	29
30	0	1565	30
31	0	626	29
32	0	1461	30
33	0	521	29
34	0	469	29
35	0	574	29
36	0	678	29
37	0	678	29
38	0	626	29
39	0	574	29
40	0	574	29
40	0	1774	30
41	0	834	29
42	0	1356	30
43	0	417	29
44	0	1669	30
45	0	730	29
46	0	469	29
47	0	1304	30
48	0	2243	30
49	0	469	29
49	0	2087	30
50	0	1669	30
51	0	1826	30
52	0	834	29
53	0	626	29
53	0	1878	30
55	0	626	29
56	0	1461	30
57	0	469	29
57	0	1095	30
58	0	626	29
59	0	521	29
59	0	2191	30
60	0	1252	30
61	0	626	29
62	0	574	29
62	0	2087	30
63	0	417	29
64	0	2243	30
65	0	574	29
66	0	1513	30
67	0	834	29
68	0	1722	30
69	0	678	29
70	0	678	29
71	0	1461	30
73	0	1982	30
74	0	574	29
75	0	626	29
76	0	1669	30
77	0	1617	30
78	0	1513	30
79	0	834	29
80	0	626	29
81	0	574	29
82	0	730	29
83	0	1461	30
84	0	574	29
85	0	1774	30
86	0	1148	30
87	0	417	29
87	0	1043	30
88	0	730	29
89	0	626	29
90	0	1513	30
91	0	730	29
92	0	521	29
93	0	1617	30
94	0	2243	30
95	0	730	29
96	0	1356	30
97	0	1408	30
98	0	1722	30
99	0	1200	30
100	0	1461	30
101	0	574	29
102	0	626	29
103	0	887	29
104	0	417	29
104	0	2139	30
106	0	730	29
106	0	1982	30
107	0	574	29
107	0	2139	30
108	0	574	29
109	0	1669	30
110	0	574	29
111	0	730	29
112	0	574	29
113	0	521	29
114	0	678	29
115	0	1565	30
116	0	1565	30
117	0	1669	30
118	0	1513	30
119	0	1461	30
120	0	730	29
121	0	1408	30
122	0	626	29
122	0	1043	30
124	0	678	29
124	0	991	30
125	0	626	29
126	0	469	29
126	0	1148	30
127	0	574	29
128	0	521	29
128	0	2295	30
129	0	1461	30
130	0	417	29
131	0	626	29
131	0	1982	30
132	0	574	29
133	0	730	29
134	0	1304	30
135	0	521	29
136	0	469	29
136	0	1095	30
137	0	678	29
138	0	574	29
138	0	1774	30
139	0	626	29
139	0	1826	30
140	0	1878	30
141	0	521	29
141	0	1148	30
142	0	678	29
143	0	1565	30
145	0	1461	30
146	0	574	29
147	0	574	29
148	0	1669	30
149	0	574	29
149	0	1878	30
150	0	469	29
151	0	991	30
152	0	469	29
152	0	2035	30
153	0	574	29
154	0	574	29
154	0	1826	30
155	0	521	29
155	0	1148	30
156	0	521	29
156	0	2139	30
158	0	469	29
159	0	574	29
159	0	1878	30
160	0	834	29
161	0	1826	30
162	0	1408	30
163	0	1200	30
164	0	469	29
165	0	678	29
166	0	2139	30
167	0	1356	30
169	0	626	29
169	0	991	30
170	0	574	29
170	0	1774	30
171	0	1722	30
172	0	1408	30
173	0	1565	30
174	0	626	30
175	0	521	29
175	0	2139	30
176	0	521	29
177	0	1878	30
179	0	574	29
180	0	1304	30
181	0	521	29
182	0	417	29
183	0	521	29
184	0	1200	30
185	0	678	29
187	0	834	29
188	0	1200	30
189	0	1304	30
190	0	1461	30
191	0	626	29
192	0	730	29
193	0	678	29
194	0	678	29
196	0	469	29
196	0	1095	30
198	0	678	29
198	0	2191	30
199	0	521	29
199	0	2087	30
200	0	1513	30
201	0	1982	30
202	0	834	29
203	0	574	30
204	0	574	29
205	0	1513	30
206	0	521	29
206	0	1148	30
207	0	626	29
207	0	2191	30
208	0	521	29
210	0	417	29
211	0	1774	30
212	0	834	29
213	0	1930	30
214	0	574	30
215	0	1565	30
216	0	887	29
217	0	1461	30
218	0	574	29
220	0	1513	30
221	0	417	29
222	0	2191	30
223	0	574	30
224	0	1461	30
225	0	574	29
225	0	1774	30
226	0	469	29
227	0	626	29
228	0	521	29
228	0	1148	30
229	0	626	29
230	0	469	29
231	0	469	29
232	0	574	29
232	0	1878	30
233	0	1513	30
235	0	1617	30
236	0	834	29
237	0	626	30
238	0	1200	30
239	0	1565	30
240	0	521	29
240	0	2035	30
241	0	887	29
242	0	678	29
243	0	469	29
243	0	1095	30
244	0	417	29
245	0	1356	30
246	0	2243	30
248	0	521	29
249	0	521	29
250	0	521	29
250	0	1148	30
251	0	730	29
252	0	1513	30
253	0	834	29
255	0	1095	30
256	0	574	30
257	0	1408	30
258	0	626	29
258	0	991	30
259	0	521	29
260	0	626	29
262	0	991	30
263	0	730	29
264	0	574	29
265	0	626	29
266	0	521	29
267	0	521	29
268	0	1356	30
269	0	626	29
270	0	1513	30
271	0	782	29
271	0	2087	30
272	0	521	29
272	0	1148	30
274	0	1461	30
275	0	1669	30
277	0	887	29
278	0	1565	30
279	0	1617	30
280	0	626	29
282	0	1617	30
283	0	1461	30
284	0	574	29
284	0	1774	30
285	0	1408	30
286	0	469	29
286	0	1930	30
287	0	1617	30
288	0	626	29
289	0	1200	30
291	0	782	29
292	0	1617	30
293	0	521	29
293	0	1148	30
294	0	574	29
295	0	1461	30
296	0	521	29
297	0	1408	30
298	0	1513	30
299	0	574	29
300	0	1148	30
301	0	521	29
302	0	626	29
303	0	469	29
303	0	1095	30
304	0	521	29
306	0	521	29
306	0	1148	30
307	0	469	29
308	0	417	29
309	0	521	29
309	0	1148	30
310	0	678	29
310	0	1930	30
311	0	2035	30
312	0	834	29
313	0	782	29
314	0	1565	30
315	0	574	29
317	0	1513	30
318	0	1617	30
319	0	2191	30
320	0	1461	30
321	0	626	29
321	0	991	30
322	0	469	29
323	0	2243	30
324	0	1669	30
325	0	1565	30
326	0	574	29
327	0	1461	30
328	0	626	30
329	0	1617	30
330	0	730	29
331	0	626	29
331	0	991	30
332	0	678	29
333	0	574	29
334	0	1513	30
335	0	574	29
336	0	626	29
337	0	1408	30
338	0	1043	30
339	0	626	29
340	0	1513	30
341	0	1461	30
342	0	521	29
342	0	1148	30
343	0	574	29
344	0	2243	30
345	0	574	29
346	0	417	29
346	0	1878	30
347	0	678	29
348	0	574	29
349	0	574	29
349	0	1774	30
351	0	574	29
352	0	730	29
353	0	574	29
354	0	469	29
354	0	1095	30
355	0	626	29
356	0	887	29
357	0	678	29
358	0	1461	30
360	0	887	29
361	0	626	29
362	0	1304	30
364	0	574	29
365	0	1722	30
366	0	782	29
367	0	521	29
368	0	574	29
368	0	1774	30
369	0	574	29
370	0	626	30
371	0	469	29
372	0	678	29
373	0	1043	30
374	0	1669	30
375	0	1617	30
376	0	574	29
377	0	1513	30
378	0	1356	30
379	0	730	29
380	0	678	29
381	0	678	29
382	0	626	29
383	0	1461	30
384	0	626	29
385	0	782	29
386	0	417	29
387	0	626	29
387	0	1826	30
389	0	574	29
390	0	521	29
391	0	626	29
391	0	2243	30
392	0	1043	30
393	0	521	29
394	0	782	29
395	0	887	29
396	0	574	29
396	0	1774	30
397	0	1513	30
398	0	574	29
399	0	469	29
400	0	626	29
402	0	574	29
403	0	2295	30
404	0	1461	30
405	0	1461	30
406	0	574	29
407	0	1408	30
409	0	1200	30
410	0	1043	30
411	0	417	29
411	0	1043	30
412	0	626	29
412	0	991	30
413	0	574	29
413	0	1774	30
414	0	678	29
414	0	2191	30
415	0	626	29
416	0	1513	30
417	0	521	29
418	0	521	29
418	0	1878	30
419	0	417	29
419	0	1878	30
420	0	1356	30
421	0	2295	30
422	0	834	29
423	0	1095	30
424	0	521	29
424	0	1148	30
425	0	574	29
426	0	1304	30
427	0	2295	30
428	0	574	29
429	0	417	29
430	0	521	29
431	0	521	29
432	0	626	29
432	0	1878	30
433	0	730	29
434	0	626	29
434	0	1826	30
435	0	469	29
435	0	2295	30
436	0	574	29
436	0	1774	30
437	0	521	29
438	0	417	29
439	0	1043	30
440	0	678	29
441	0	1826	30
442	0	678	29
443	0	730	29
444	0	1930	30
445	0	574	29
446	0	730	29
447	0	1669	30
448	0	1095	30
449	0	2295	30
451	0	730	29
451	0	2087	30
452	0	469	29
453	0	521	29
453	0	1148	30
454	0	1722	30
455	0	1408	30
456	0	1513	30
457	0	678	29
458	0	1826	30
459	0	1043	30
460	0	574	29
461	0	521	29
462	0	782	29
463	0	521	29
463	0	1878	30
464	0	1043	30
465	0	574	29
466	0	574	29
467	0	469	29
468	0	574	29
469	0	521	29
469	0	1148	30
470	0	1617	30
471	0	1304	30
472	0	469	29
473	0	626	29
474	0	521	29
474	0	1930	30
475	0	991	30
476	0	1461	30
477	0	1095	30
478	0	782	29
480	0	782	29
481	0	574	29
481	0	1826	30
482	0	782	29
483	0	1878	30
484	0	2295	30
485	0	1513	30
486	0	1513	30
487	0	574	29
488	0	1565	30
489	0	574	29
489	0	1774	30
490	0	834	29
490	0	2087	30
491	0	678	29
492	0	1043	30
494	0	521	29
495	0	1408	30
496	0	730	29
496	0	2139	30
497	0	469	29
498	0	574	29
499	0	730	29
500	0	521	29
500	0	1148	30
501	0	1513	30
502	0	1304	30
503	0	574	29
503	0	1774	30
504	0	2087	30
505	0	1565	30
506	0	1408	30
507	0	2035	30
508	0	626	29
508	0	1148	30
510	0	2243	30
512	0	1043	30
513	0	1095	30
514	0	626	29
515	0	521	29
515	0	1148	30
516	0	1669	30
517	0	1513	30
518	0	1095	30
519	0	521	29
520	0	574	29
521	0	574	29
521	0	1826	30
522	0	626	29
522	0	2139	30
523	0	574	29
524	0	2295	30
525	0	574	29
525	0	1878	30
526	0	2243	30
527	0	469	29
528	0	574	29
529	0	626	29
529	0	991	30
530	0	1565	30
531	0	1356	30
532	0	991	30
534	0	626	29
534	0	991	30
535	0	1722	30
536	0	1617	30
537	0	521	29
538	0	469	29
538	0	1095	30
539	0	574	29
540	0	1304	30
541	0	469	29
542	0	834	29
543	0	1513	30
544	0	521	29
544	0	1930	30
545	0	887	29
546	0	1461	30
547	0	678	29
547	0	2035	30
548	0	1617	30
549	0	1513	30
550	0	469	29
550	0	1095	30
551	0	469	29
551	0	1095	30
552	0	1722	30
553	0	730	29
554	0	469	29
554	0	1095	30
555	0	469	29
555	0	1095	30
556	0	678	29
557	0	1669	30
558	0	417	29
559	0	1356	30
560	0	1617	30
561	0	1408	30
562	0	1095	30
563	0	730	29
564	0	1617	30
565	0	574	29
565	0	1774	30
566	0	574	29
567	0	782	29
568	0	521	29
568	0	1148	30
569	0	991	30
570	0	1513	30
571	0	521	29
572	0	1669	30
574	0	730	29
575	0	521	29
575	0	1148	30
576	0	1513	30
577	0	626	29
577	0	991	30
578	0	1304	30
579	0	834	29
580	0	2191	30
581	0	1148	30
582	0	730	29
583	0	626	29
583	0	991	30
584	0	521	29
585	0	521	29
585	0	1148	30
586	0	521	29
587	0	469	29
587	0	1095	30
588	0	521	29
589	0	521	29
590	0	626	29
591	0	1565	30
593	0	521	29
594	0	574	30
595	0	574	29
595	0	1826	30
596	0	1356	30
597	0	678	29
598	0	521	29
599	0	574	29
600	0	1722	30
601	0	626	29
602	0	1565	30
603	0	574	30
604	0	1408	30
605	0	1356	30
606	0	626	29
607	0	521	29
607	0	2191	30
608	0	574	29
611	0	574	30
612	0	1513	30
613	0	1513	30
614	0	1461	30
615	0	626	30
616	0	1356	30
617	0	2295	30
619	0	1043	30
620	0	574	29
621	0	1043	30
622	0	469	29
623	0	1565	30
624	0	469	29
625	0	1408	30
626	0	417	29
627	0	678	29
628	0	626	29
629	0	991	30
630	0	1356	30
631	0	834	29
631	0	2139	30
632	0	574	29
632	0	2191	30
633	0	1565	30
634	0	1513	30
635	0	1617	30
637	0	1148	30
638	0	2243	30
639	0	521	29
639	0	1826	30
640	0	626	30
641	0	574	29
642	0	1408	30
644	0	626	29
645	0	730	29
646	0	574	29
646	0	1774	30
647	0	1513	30
648	0	834	29
649	0	574	29
650	0	1565	30
651	0	626	29
652	0	626	29
653	0	730	29
654	0	782	29
655	0	574	30
656	0	521	29
657	0	469	29
658	0	678	29
658	0	1930	30
659	0	1408	30
660	0	574	29
661	0	574	29
662	0	678	29
663	0	1356	30
664	0	521	29
664	0	1930	30
665	0	626	29
666	0	574	29
667	0	469	29
668	0	1043	30
669	0	1356	30
670	0	887	29
671	0	1200	30
672	0	991	30
673	0	887	29
674	0	1408	30
675	0	1148	30
676	0	574	29
676	0	1878	30
677	0	1356	30
678	0	574	29
679	0	1565	30
680	0	1461	30
681	0	887	29
682	0	469	29
683	0	1513	30
684	0	1408	30
685	0	626	29
686	0	626	29
687	0	1617	30
688	0	1513	30
689	0	1513	30
690	0	521	29
691	0	626	29
691	0	1930	30
692	0	521	29
692	0	1930	30
693	0	417	29
694	0	678	29
695	0	521	29
696	0	991	30
697	0	521	29
698	0	1565	30
699	0	834	29
700	0	574	29
701	0	991	30
702	0	730	29
703	0	469	29
705	0	1095	30
706	0	469	29
707	0	574	29
708	0	1461	30
709	0	469	29
709	0	1982	30
710	0	521	29
710	0	1878	30
711	0	1408	30
712	0	991	30
713	0	1774	30
714	0	626	29
714	0	991	30
715	0	887	29
716	0	574	29
716	0	1774	30
717	0	1408	30
718	0	574	29
718	0	2035	30
719	0	834	29
720	0	2243	30
721	0	678	29
722	0	469	29
722	0	1095	30
723	0	782	29
724	0	1930	30
725	0	574	29
726	0	1356	30
727	0	1669	30
728	0	2191	30
729	0	678	29
730	0	782	29
731	0	521	29
732	0	678	29
733	0	574	29
734	0	469	29
735	0	2243	30
736	0	1095	30
737	0	574	29
737	0	2191	30
738	0	626	29
738	0	1930	30
739	0	1461	30
741	0	678	29
742	0	574	29
742	0	1774	30
743	0	521	29
744	0	1461	30
745	0	1095	30
746	0	1513	30
747	0	834	29
749	0	1461	30
750	0	626	29
751	0	1252	30
752	0	991	30
753	0	574	29
753	0	1982	30
754	0	574	29
755	0	574	29
756	0	574	29
756	0	1774	30
757	0	1669	30
758	0	574	29
759	0	1461	30
760	0	730	29
761	0	834	29
762	0	521	29
763	0	1461	30
764	0	834	29
765	0	469	29
766	0	574	29
767	0	1461	30
768	0	1565	30
769	0	782	29
771	0	1461	30
772	0	1826	30
773	0	1513	30
774	0	521	29
774	0	1148	30
775	0	1304	30
776	0	469	29
776	0	1095	30
778	0	574	29
779	0	2295	30
780	0	626	29
781	0	521	29
782	0	782	29
783	0	1513	30
784	0	469	29
785	0	730	29
786	0	574	30
787	0	1669	30
788	0	469	29
789	0	1461	30
790	0	626	30
791	0	1617	30
792	0	730	29
793	0	521	29
793	0	2295	30
794	0	521	29
795	0	1617	30
796	0	1774	30
797	0	574	29
798	0	782	29
800	0	1513	30
801	0	1669	30
802	0	521	29
803	0	574	29
803	0	2139	30
804	0	574	29
806	0	1774	30
807	0	626	29
807	0	991	30
808	0	2295	30
809	0	1826	30
810	0	521	29
811	0	521	29
812	0	417	29
812	0	2087	30
813	0	626	29
814	0	887	29
815	0	417	29
816	0	1513	30
818	0	678	29
819	0	1565	30
820	0	626	29
821	0	1408	30
822	0	521	29
823	0	626	29
823	0	991	30
824	0	1461	30
825	0	1095	30
826	0	1043	30
827	0	678	29
828	0	1408	30
829	0	2243	30
830	0	1513	30
831	0	469	29
831	0	1826	30
832	0	626	29
832	0	1826	30
833	0	1565	30
834	0	574	29
834	0	1930	30
835	0	782	29
836	0	2295	30
837	0	1617	30
838	0	417	29
838	0	2087	30
839	0	1669	30
840	0	417	29
840	0	1043	30
841	0	626	29
842	0	1304	30
843	0	574	29
843	0	1774	30
844	0	1617	30
845	0	1565	30
846	0	1513	30
847	0	1565	30
848	0	469	29
848	0	1095	30
850	0	521	29
850	0	1774	30
852	0	991	30
853	0	1669	30
854	0	1513	30
855	0	574	29
856	0	678	29
857	0	1617	30
858	0	834	29
860	0	1774	30
861	0	626	29
862	0	1722	30
863	0	469	29
863	0	1878	30
864	0	469	29
864	0	1095	30
865	0	521	29
866	0	574	29
867	0	521	29
868	0	626	29
869	0	1095	30
870	0	1461	30
871	0	1461	30
873	0	521	29
873	0	1774	30
875	0	417	29
876	0	521	29
877	0	521	29
877	0	1148	30
878	0	1461	30
879	0	678	29
880	0	626	29
880	0	991	30
881	0	991	30
882	0	1565	30
883	0	1774	30
884	0	574	29
885	0	678	29
885	0	1095	30
886	0	1461	30
887	0	521	29
888	0	782	29
889	0	1722	30
890	0	1565	30
891	0	574	29
892	0	1878	30
893	0	626	29
894	0	678	29
895	0	417	29
896	0	626	29
897	0	574	29
898	0	469	29
898	0	1878	30
899	0	521	29
899	0	1878	30
900	0	1043	30
901	0	574	29
902	0	887	29
902	0	2191	30
903	0	417	29
903	0	2087	30
905	0	1461	30
906	0	521	29
907	0	2139	30
908	0	574	29
909	0	2243	30
910	0	1461	30
911	0	1043	30
912	0	678	29
913	0	1565	30
914	0	1356	30
915	0	1513	30
916	0	521	29
917	0	782	29
918	0	1513	30
919	0	1565	30
920	0	1356	30
921	0	782	29
922	0	678	29
923	0	1617	30
924	0	521	29
924	0	1878	30
925	0	626	29
926	0	521	29
926	0	2243	30
927	0	887	29
929	0	574	29
930	0	1252	30
931	0	574	29
931	0	1774	30
932	0	1461	30
933	0	1513	30
934	0	1356	30
935	0	417	29
936	0	887	29
937	0	2087	30
938	0	1408	30
939	0	1356	30
940	0	469	29
940	0	2035	30
941	0	469	29
941	0	1930	30
942	0	469	29
942	0	1826	30
943	0	2139	30
944	0	834	29
945	0	1722	30
946	0	834	29
947	0	626	29
947	0	1826	30
948	0	574	29
949	0	417	29
949	0	1043	30
950	0	626	29
950	0	991	30
951	0	2243	30
952	0	1982	30
953	0	626	29
954	0	469	29
954	0	2243	30
955	0	2295	30
956	0	782	29
957	0	1617	30
958	0	1148	30
960	0	626	29
961	0	678	29
963	0	574	29
964	0	469	29
964	0	1826	30
965	0	1461	30
966	0	521	29
967	0	1617	30
968	0	678	29
969	0	574	29
971	0	521	29
972	0	521	29
972	0	1148	30
973	0	730	29
974	0	574	29
975	0	1669	30
976	0	626	29
976	0	2139	30
977	0	1774	30
978	0	626	29
979	0	1513	30
980	0	1826	30
981	0	991	30
982	0	469	29
983	0	521	29
984	0	1148	30
985	0	1408	30
987	0	1304	30
988	0	626	29
989	0	521	29
990	0	1878	30
992	0	1774	30
995	0	521	29
996	0	1513	30
998	0	678	29
998	0	1878	30
999	0	1669	30
0	1	626	29
0	1	991	30
1	1	626	29
1	1	991	30
2	1	730	29
3	1	1461	30
4	1	574	29
4	1	1826	30
5	1	574	29
6	1	417	29
7	1	1304	30
8	1	782	29
8	1	2035	30
9	1	2295	30
10	1	521	29
12	1	1252	30
13	1	1200	30
14	1	469	29
15	1	469	29
16	1	574	29
17	1	574	29
18	1	417	29
19	1	2191	30
20	1	678	29
20	1	2243	30
21	1	417	29
21	1	1043	30
22	1	887	29
23	1	521	29
24	1	469	29
24	1	2243	30
25	1	1878	30
26	1	730	29
27	1	469	29
28	1	834	29
28	1	2087	30
29	1	887	29
30	1	1565	30
31	1	626	29
32	1	1461	30
33	1	521	29
34	1	469	29
35	1	574	29
36	1	678	29
37	1	678	29
38	1	626	29
39	1	574	29
40	1	574	29
40	1	1774	30
41	1	834	29
42	1	1356	30
43	1	417	29
44	1	1669	30
45	1	730	29
46	1	469	29
47	1	1304	30
48	1	2243	30
49	1	469	29
49	1	2087	30
50	1	1669	30
51	1	1826	30
52	1	834	29
53	1	626	29
53	1	1878	30
55	1	626	29
56	1	1461	30
57	1	469	29
57	1	1095	30
58	1	626	29
59	1	521	29
59	1	2191	30
60	1	1252	30
61	1	626	29
62	1	574	29
62	1	2087	30
63	1	417	29
64	1	2243	30
65	1	574	29
66	1	1513	30
67	1	834	29
68	1	1722	30
69	1	678	29
70	1	678	29
71	1	1461	30
73	1	1982	30
74	1	574	29
75	1	626	29
76	1	1669	30
77	1	1617	30
78	1	1513	30
79	1	834	29
80	1	626	29
81	1	574	29
82	1	730	29
83	1	1461	30
84	1	574	29
85	1	1774	30
86	1	1148	30
87	1	417	29
87	1	1043	30
88	1	730	29
89	1	626	29
90	1	1513	30
91	1	730	29
92	1	521	29
93	1	1617	30
94	1	2243	30
95	1	730	29
96	1	1356	30
97	1	1408	30
98	1	1722	30
99	1	1200	30
100	1	1461	30
101	1	574	29
102	1	626	29
103	1	887	29
104	1	417	29
104	1	2139	30
106	1	730	29
106	1	1982	30
107	1	574	29
107	1	2139	30
108	1	574	29
109	1	1669	30
110	1	574	29
111	1	730	29
112	1	574	29
113	1	521	29
114	1	678	29
115	1	1565	30
116	1	1565	30
117	1	1669	30
118	1	1513	30
119	1	1461	30
120	1	730	29
121	1	1408	30
122	1	626	29
122	1	1043	30
124	1	678	29
124	1	991	30
125	1	626	29
126	1	469	29
126	1	1148	30
127	1	574	29
128	1	521	29
128	1	2295	30
129	1	1461	30
130	1	417	29
131	1	626	29
131	1	1982	30
132	1	574	29
133	1	730	29
134	1	1304	30
135	1	521	29
136	1	469	29
136	1	1095	30
137	1	678	29
138	1	574	29
138	1	1774	30
139	1	626	29
139	1	1826	30
140	1	1878	30
141	1	521	29
141	1	1148	30
142	1	678	29
143	1	1565	30
145	1	1461	30
146	1	574	29
147	1	574	29
148	1	1669	30
149	1	574	29
149	1	1878	30
150	1	469	29
151	1	991	30
152	1	469	29
152	1	2035	30
153	1	574	29
154	1	574	29
154	1	1826	30
155	1	521	29
155	1	1148	30
156	1	521	29
156	1	2139	30
158	1	469	29
159	1	574	29
159	1	1878	30
160	1	834	29
161	1	1826	30
162	1	1408	30
163	1	1200	30
164	1	469	29
165	1	678	29
166	1	2139	30
167	1	1356	30
169	1	626	29
169	1	991	30
170	1	574	29
170	1	1774	30
171	1	1722	30
172	1	1408	30
173	1	1565	30
174	1	626	30
175	1	521	29
175	1	2139	30
176	1	521	29
177	1	1878	30
179	1	574	29
180	1	1304	30
181	1	521	29
182	1	417	29
183	1	521	29
184	1	1200	30
185	1	678	29
187	1	834	29
188	1	1200	30
189	1	1304	30
190	1	1461	30
191	1	626	29
192	1	730	29
193	1	678	29
194	1	678	29
196	1	469	29
196	1	1095	30
198	1	678	29
198	1	2191	30
199	1	521	29
199	1	2087	30
200	1	1513	30
201	1	1982	30
202	1	834	29
203	1	574	30
204	1	574	29
205	1	1513	30
206	1	521	29
206	1	1148	30
207	1	626	29
207	1	2191	30
208	1	521	29
210	1	417	29
211	1	1774	30
212	1	834	29
213	1	1930	30
214	1	574	30
215	1	1565	30
216	1	887	29
217	1	1461	30
218	1	574	29
220	1	1513	30
221	1	417	29
222	1	2191	30
223	1	574	30
224	1	1461	30
225	1	574	29
225	1	1774	30
226	1	469	29
227	1	626	29
228	1	521	29
228	1	1148	30
229	1	626	29
230	1	469	29
231	1	469	29
232	1	574	29
232	1	1878	30
233	1	1513	30
235	1	1617	30
236	1	834	29
237	1	626	30
238	1	1200	30
239	1	1565	30
240	1	521	29
240	1	2035	30
241	1	887	29
242	1	678	29
243	1	469	29
243	1	1095	30
244	1	417	29
245	1	1356	30
246	1	2243	30
248	1	521	29
249	1	521	29
250	1	521	29
250	1	1148	30
251	1	730	29
252	1	1513	30
253	1	834	29
255	1	1095	30
256	1	574	30
257	1	1408	30
258	1	626	29
258	1	991	30
259	1	521	29
260	1	626	29
262	1	991	30
263	1	730	29
264	1	574	29
265	1	626	29
266	1	521	29
267	1	521	29
268	1	1356	30
269	1	626	29
270	1	1513	30
271	1	782	29
271	1	2087	30
272	1	521	29
272	1	1148	30
274	1	1461	30
275	1	1669	30
277	1	887	29
278	1	1565	30
279	1	1617	30
280	1	626	29
282	1	1617	30
283	1	1461	30
284	1	574	29
284	1	1774	30
285	1	1408	30
286	1	469	29
286	1	1930	30
287	1	1617	30
288	1	626	29
289	1	1200	30
291	1	782	29
292	1	1617	30
293	1	521	29
293	1	1148	30
294	1	574	29
295	1	1461	30
296	1	521	29
297	1	1408	30
298	1	1513	30
299	1	574	29
300	1	1148	30
301	1	521	29
302	1	626	29
303	1	469	29
303	1	1095	30
304	1	521	29
306	1	521	29
306	1	1148	30
307	1	469	29
308	1	417	29
309	1	521	29
309	1	1148	30
310	1	678	29
310	1	1930	30
311	1	2035	30
312	1	834	29
313	1	782	29
314	1	1565	30
315	1	574	29
317	1	1513	30
318	1	1617	30
319	1	2191	30
320	1	1461	30
321	1	626	29
321	1	991	30
322	1	469	29
323	1	2243	30
324	1	1669	30
325	1	1565	30
326	1	574	29
327	1	1461	30
328	1	626	30
329	1	1617	30
330	1	730	29
331	1	626	29
331	1	991	30
332	1	678	29
333	1	574	29
334	1	1513	30
335	1	574	29
336	1	626	29
337	1	1408	30
338	1	1043	30
339	1	626	29
340	1	1513	30
341	1	1461	30
342	1	521	29
342	1	1148	30
343	1	574	29
344	1	2243	30
345	1	574	29
346	1	417	29
346	1	1878	30
347	1	678	29
348	1	574	29
349	1	574	29
349	1	1774	30
351	1	574	29
352	1	730	29
353	1	574	29
354	1	469	29
354	1	1095	30
355	1	626	29
356	1	887	29
357	1	678	29
358	1	1461	30
360	1	887	29
361	1	626	29
362	1	1304	30
364	1	574	29
365	1	1722	30
366	1	782	29
367	1	521	29
368	1	574	29
368	1	1774	30
369	1	574	29
370	1	626	30
371	1	469	29
372	1	678	29
373	1	1043	30
374	1	1669	30
375	1	1617	30
376	1	574	29
377	1	1513	30
378	1	1356	30
379	1	730	29
380	1	678	29
381	1	678	29
382	1	626	29
383	1	1461	30
384	1	626	29
385	1	782	29
386	1	417	29
387	1	626	29
387	1	1826	30
389	1	574	29
390	1	521	29
391	1	626	29
391	1	2243	30
392	1	1043	30
393	1	521	29
394	1	782	29
395	1	887	29
396	1	574	29
396	1	1774	30
397	1	1513	30
398	1	574	29
399	1	469	29
400	1	626	29
402	1	574	29
403	1	2295	30
404	1	1461	30
405	1	1461	30
406	1	574	29
407	1	1408	30
409	1	1200	30
410	1	1043	30
411	1	417	29
411	1	1043	30
412	1	626	29
412	1	991	30
413	1	574	29
413	1	1774	30
414	1	678	29
414	1	2191	30
415	1	626	29
416	1	1513	30
417	1	521	29
418	1	521	29
418	1	1878	30
419	1	417	29
419	1	1878	30
420	1	1356	30
421	1	2295	30
422	1	834	29
423	1	1095	30
424	1	521	29
424	1	1148	30
425	1	574	29
426	1	1304	30
427	1	2295	30
428	1	574	29
429	1	417	29
430	1	521	29
431	1	521	29
432	1	626	29
432	1	1878	30
433	1	730	29
434	1	626	29
434	1	1826	30
435	1	469	29
435	1	2295	30
436	1	574	29
436	1	1774	30
437	1	521	29
438	1	417	29
439	1	1043	30
440	1	678	29
441	1	1826	30
442	1	678	29
443	1	730	29
444	1	1930	30
445	1	574	29
446	1	730	29
447	1	1669	30
448	1	1095	30
449	1	2295	30
451	1	730	29
451	1	2087	30
452	1	469	29
453	1	521	29
453	1	1148	30
454	1	1722	30
455	1	1408	30
456	1	1513	30
457	1	678	29
458	1	1826	30
459	1	1043	30
460	1	574	29
461	1	521	29
462	1	782	29
463	1	521	29
463	1	1878	30
464	1	1043	30
465	1	574	29
466	1	574	29
467	1	469	29
468	1	574	29
469	1	521	29
469	1	1148	30
470	1	1617	30
471	1	1304	30
472	1	469	29
473	1	626	29
474	1	521	29
474	1	1930	30
475	1	991	30
476	1	1461	30
477	1	1095	30
478	1	782	29
480	1	782	29
481	1	574	29
481	1	1826	30
482	1	782	29
483	1	1878	30
484	1	2295	30
485	1	1513	30
486	1	1513	30
487	1	574	29
488	1	1565	30
489	1	574	29
489	1	1774	30
490	1	834	29
490	1	2087	30
491	1	678	29
492	1	1043	30
494	1	521	29
495	1	1408	30
496	1	730	29
496	1	2139	30
497	1	469	29
498	1	574	29
499	1	730	29
500	1	521	29
500	1	1148	30
501	1	1513	30
502	1	1304	30
503	1	574	29
503	1	1774	30
504	1	2087	30
505	1	1565	30
506	1	1408	30
507	1	2035	30
508	1	626	29
508	1	1148	30
510	1	2243	30
512	1	1043	30
513	1	1095	30
514	1	626	29
515	1	521	29
515	1	1148	30
516	1	1669	30
517	1	1513	30
518	1	1095	30
519	1	521	29
520	1	574	29
521	1	574	29
521	1	1826	30
522	1	626	29
522	1	2139	30
523	1	574	29
524	1	2295	30
525	1	574	29
525	1	1878	30
526	1	2243	30
527	1	469	29
528	1	574	29
529	1	626	29
529	1	991	30
530	1	1565	30
531	1	1356	30
532	1	991	30
534	1	626	29
534	1	991	30
535	1	1722	30
536	1	1617	30
537	1	521	29
538	1	469	29
538	1	1095	30
539	1	574	29
540	1	1304	30
541	1	469	29
542	1	834	29
543	1	1513	30
544	1	521	29
544	1	1930	30
545	1	887	29
546	1	1461	30
547	1	678	29
547	1	2035	30
548	1	1617	30
549	1	1513	30
550	1	469	29
550	1	1095	30
551	1	469	29
551	1	1095	30
552	1	1722	30
553	1	730	29
554	1	469	29
554	1	1095	30
555	1	469	29
555	1	1095	30
556	1	678	29
557	1	1669	30
558	1	417	29
559	1	1356	30
560	1	1617	30
561	1	1408	30
562	1	1095	30
563	1	730	29
564	1	1617	30
565	1	574	29
565	1	1774	30
566	1	574	29
567	1	782	29
568	1	521	29
568	1	1148	30
569	1	991	30
570	1	1513	30
571	1	521	29
572	1	1669	30
574	1	730	29
575	1	521	29
575	1	1148	30
576	1	1513	30
577	1	626	29
577	1	991	30
578	1	1304	30
579	1	834	29
580	1	2191	30
581	1	1148	30
582	1	730	29
583	1	626	29
583	1	991	30
584	1	521	29
585	1	521	29
585	1	1148	30
586	1	521	29
587	1	469	29
587	1	1095	30
588	1	521	29
589	1	521	29
590	1	626	29
591	1	1565	30
593	1	521	29
594	1	574	30
595	1	574	29
595	1	1826	30
596	1	1356	30
597	1	678	29
598	1	521	29
599	1	574	29
600	1	1722	30
601	1	626	29
602	1	1565	30
603	1	574	30
604	1	1408	30
605	1	1356	30
606	1	626	29
607	1	521	29
607	1	2191	30
608	1	574	29
611	1	574	30
612	1	1513	30
613	1	1513	30
614	1	1461	30
615	1	626	30
616	1	1356	30
617	1	2295	30
619	1	1043	30
620	1	574	29
621	1	1043	30
622	1	469	29
623	1	1565	30
624	1	469	29
625	1	1408	30
626	1	417	29
627	1	678	29
628	1	626	29
629	1	991	30
630	1	1356	30
631	1	834	29
631	1	2139	30
632	1	574	29
632	1	2191	30
633	1	1565	30
634	1	1513	30
635	1	1617	30
637	1	1148	30
638	1	2243	30
639	1	521	29
639	1	1826	30
640	1	626	30
641	1	574	29
642	1	1408	30
644	1	626	29
645	1	730	29
646	1	574	29
646	1	1774	30
647	1	1513	30
648	1	834	29
649	1	574	29
650	1	1565	30
651	1	626	29
652	1	626	29
653	1	730	29
654	1	782	29
655	1	574	30
656	1	521	29
657	1	469	29
658	1	678	29
658	1	1930	30
659	1	1408	30
660	1	574	29
661	1	574	29
662	1	678	29
663	1	1356	30
664	1	521	29
664	1	1930	30
665	1	626	29
666	1	574	29
667	1	469	29
668	1	1043	30
669	1	1356	30
670	1	887	29
671	1	1200	30
672	1	991	30
673	1	887	29
674	1	1408	30
675	1	1148	30
676	1	574	29
676	1	1878	30
677	1	1356	30
678	1	574	29
679	1	1565	30
680	1	1461	30
681	1	887	29
682	1	469	29
683	1	1513	30
684	1	1408	30
685	1	626	29
686	1	626	29
687	1	1617	30
688	1	1513	30
689	1	1513	30
690	1	521	29
691	1	626	29
691	1	1930	30
692	1	521	29
692	1	1930	30
693	1	417	29
694	1	678	29
695	1	521	29
696	1	991	30
697	1	521	29
698	1	1565	30
699	1	834	29
700	1	574	29
701	1	991	30
702	1	730	29
703	1	469	29
705	1	1095	30
706	1	469	29
707	1	574	29
708	1	1461	30
709	1	469	29
709	1	1982	30
710	1	521	29
710	1	1878	30
711	1	1408	30
712	1	991	30
713	1	1774	30
714	1	626	29
714	1	991	30
715	1	887	29
716	1	574	29
716	1	1774	30
717	1	1408	30
718	1	574	29
718	1	2035	30
719	1	834	29
720	1	2243	30
721	1	678	29
722	1	469	29
722	1	1095	30
723	1	782	29
724	1	1930	30
725	1	574	29
726	1	1356	30
727	1	1669	30
728	1	2191	30
729	1	678	29
730	1	782	29
731	1	521	29
732	1	678	29
733	1	574	29
734	1	469	29
735	1	2243	30
736	1	1095	30
737	1	574	29
737	1	2191	30
738	1	626	29
738	1	1930	30
739	1	1461	30
741	1	678	29
742	1	574	29
742	1	1774	30
743	1	521	29
744	1	1461	30
745	1	1095	30
746	1	1513	30
747	1	834	29
749	1	1461	30
750	1	626	29
751	1	1252	30
752	1	991	30
753	1	574	29
753	1	1982	30
754	1	574	29
755	1	574	29
756	1	574	29
756	1	1774	30
757	1	1669	30
758	1	574	29
759	1	1461	30
760	1	730	29
761	1	834	29
762	1	521	29
763	1	1461	30
764	1	834	29
765	1	469	29
766	1	574	29
767	1	1461	30
768	1	1565	30
769	1	782	29
771	1	1461	30
772	1	1826	30
773	1	1513	30
774	1	521	29
774	1	1148	30
775	1	1304	30
776	1	469	29
776	1	1095	30
778	1	574	29
779	1	2295	30
780	1	626	29
781	1	521	29
782	1	782	29
783	1	1513	30
784	1	469	29
785	1	730	29
786	1	574	30
787	1	1669	30
788	1	469	29
789	1	1461	30
790	1	626	30
791	1	1617	30
792	1	730	29
793	1	521	29
793	1	2295	30
794	1	521	29
795	1	1617	30
796	1	1774	30
797	1	574	29
798	1	782	29
800	1	1513	30
801	1	1669	30
802	1	521	29
803	1	574	29
803	1	2139	30
804	1	574	29
806	1	1774	30
807	1	626	29
807	1	991	30
808	1	2295	30
809	1	1826	30
810	1	521	29
811	1	521	29
812	1	417	29
812	1	2087	30
813	1	626	29
814	1	887	29
815	1	417	29
816	1	1513	30
818	1	678	29
819	1	1565	30
820	1	626	29
821	1	1408	30
822	1	521	29
823	1	626	29
823	1	991	30
824	1	1461	30
825	1	1095	30
826	1	1043	30
827	1	678	29
828	1	1408	30
829	1	2243	30
830	1	1513	30
831	1	469	29
831	1	1826	30
832	1	626	29
832	1	1826	30
833	1	1565	30
834	1	574	29
834	1	1930	30
835	1	782	29
836	1	2295	30
837	1	1617	30
838	1	417	29
838	1	2087	30
839	1	1669	30
840	1	417	29
840	1	1043	30
841	1	626	29
842	1	1304	30
843	1	574	29
843	1	1774	30
844	1	1617	30
845	1	1565	30
846	1	1513	30
847	1	1565	30
848	1	469	29
848	1	1095	30
850	1	521	29
850	1	1774	30
852	1	991	30
853	1	1669	30
854	1	1513	30
855	1	574	29
856	1	678	29
857	1	1617	30
858	1	834	29
860	1	1774	30
861	1	626	29
862	1	1722	30
863	1	469	29
863	1	1878	30
864	1	469	29
864	1	1095	30
865	1	521	29
866	1	574	29
867	1	521	29
868	1	626	29
869	1	1095	30
870	1	1461	30
871	1	1461	30
873	1	521	29
873	1	1774	30
875	1	417	29
876	1	521	29
877	1	521	29
877	1	1148	30
878	1	1461	30
879	1	678	29
880	1	626	29
880	1	991	30
881	1	991	30
882	1	1565	30
883	1	1774	30
884	1	574	29
885	1	678	29
885	1	1095	30
886	1	1461	30
887	1	521	29
888	1	782	29
889	1	1722	30
890	1	1565	30
891	1	574	29
892	1	1878	30
893	1	626	29
894	1	678	29
895	1	417	29
896	1	626	29
897	1	574	29
898	1	469	29
898	1	1878	30
899	1	521	29
899	1	1878	30
900	1	1043	30
901	1	574	29
902	1	887	29
902	1	2191	30
903	1	417	29
903	1	2087	30
905	1	1461	30
906	1	521	29
907	1	2139	30
908	1	574	29
909	1	2243	30
910	1	1461	30
911	1	1043	30
912	1	678	29
913	1	1565	30
914	1	1356	30
915	1	1513	30
916	1	521	29
917	1	782	29
918	1	1513	30
919	1	1565	30
920	1	1356	30
921	1	782	29
922	1	678	29
923	1	1617	30
924	1	521	29
924	1	1878	30
925	1	626	29
926	1	521	29
926	1	2243	30
927	1	887	29
929	1	574	29
930	1	1252	30
931	1	574	29
931	1	1774	30
932	1	1461	30
933	1	1513	30
934	1	1356	30
935	1	417	29
936	1	887	29
937	1	2087	30
938	1	1408	30
939	1	1356	30
940	1	469	29
940	1	2035	30
941	1	469	29
941	1	1930	30
942	1	469	29
942	1	1826	30
943	1	2139	30
944	1	834	29
945	1	1722	30
946	1	834	29
947	1	626	29
947	1	1826	30
948	1	574	29
949	1	417	29
949	1	1043	30
950	1	626	29
950	1	991	30
951	1	2243	30
952	1	1982	30
953	1	626	29
954	1	469	29
954	1	2243	30
955	1	2295	30
956	1	782	29
957	1	1617	30
958	1	1148	30
960	1	626	29
961	1	678	29
963	1	574	29
964	1	469	29
964	1	1826	30
965	1	1461	30
966	1	521	29
967	1	1617	30
968	1	678	29
969	1	574	29
971	1	521	29
972	1	521	29
972	1	1148	30
973	1	730	29
974	1	574	29
975	1	1669	30
976	1	626	29
976	1	2139	30
977	1	1774	30
978	1	626	29
979	1	1513	30
980	1	1826	30
981	1	991	30
982	1	469	29
983	1	521	29
984	1	1148	30
985	1	1408	30
987	1	1304	30
988	1	626	29
989	1	521	29
990	1	1878	30
992	1	1774	30
995	1	521	29
996	1	1513	30
998	1	678	29
998	1	1878	30
999	1	1669	30
0	2	261	26
0	2	521	33
0	2	1200	13
1	2	261	26
1	2	521	33
1	2	1252	13
2	2	261	26
2	2	834	33
3	2	261	26
3	2	1617	13
4	2	261	26
4	2	730	33
4	2	1200	13
5	2	261	26
5	2	626	33
6	2	261	26
6	2	678	33
6	2	1878	13
7	2	261	26
7	2	1461	13
8	2	261	26
8	2	991	33
8	2	1304	13
9	2	261	26
10	2	261	26
10	2	521	33
10	2	1200	13
11	2	261	26
12	2	261	26
13	2	261	26
14	2	261	26
14	2	521	33
14	2	1200	13
15	2	261	26
15	2	678	33
15	2	1200	13
16	2	261	26
16	2	678	33
16	2	1200	13
17	2	261	26
17	2	521	33
17	2	1200	13
18	2	261	26
18	2	574	33
18	2	1565	13
19	2	261	26
20	2	261	26
20	2	887	33
20	2	1408	13
21	2	261	26
21	2	521	33
21	2	1200	13
22	2	261	26
22	2	1669	13
23	2	261	26
23	2	521	33
23	2	1200	13
24	2	261	26
24	2	574	33
24	2	1200	13
25	2	261	26
26	2	261	26
26	2	991	33
26	2	1669	13
27	2	261	26
27	2	574	33
27	2	1200	13
28	2	261	26
28	2	1043	33
28	2	1356	13
29	2	261	26
30	2	261	26
31	2	261	26
31	2	730	33
32	2	261	26
32	2	1617	13
33	2	261	26
33	2	939	33
34	2	261	26
34	2	1095	33
34	2	1565	13
35	2	261	26
35	2	574	33
35	2	1200	13
36	2	261	26
36	2	678	33
36	2	1200	13
37	2	261	26
37	2	834	33
38	2	261	26
38	2	887	33
39	2	261	26
39	2	782	33
39	2	1565	13
40	2	261	26
40	2	521	33
40	2	1200	13
41	2	261	26
41	2	1095	33
41	2	1565	13
42	2	261	26
42	2	1043	33
42	2	1408	13
43	2	261	26
43	2	626	33
43	2	1200	13
44	2	261	26
45	2	261	26
45	2	887	33
45	2	1356	13
46	2	261	26
46	2	678	33
46	2	2139	13
47	2	261	26
47	2	1722	13
48	2	261	26
49	2	261	26
49	2	730	33
49	2	1200	13
50	2	261	26
51	2	261	26
52	2	261	26
53	2	261	26
53	2	678	33
53	2	1200	13
54	2	261	26
55	2	261	26
55	2	782	33
56	2	261	26
57	2	261	26
57	2	521	33
57	2	1200	13
58	2	261	26
58	2	782	33
58	2	1200	13
59	2	261	26
59	2	574	33
59	2	1200	13
60	2	261	26
61	2	261	26
61	2	782	33
62	2	261	26
62	2	678	33
62	2	1252	13
63	2	261	26
63	2	939	33
63	2	1408	13
64	2	261	26
65	2	261	26
65	2	1304	13
66	2	261	26
67	2	261	26
67	2	1200	13
67	2	1461	33
68	2	261	26
69	2	261	26
69	2	1304	13
70	2	261	26
70	2	939	33
71	2	261	26
71	2	1461	13
72	2	261	26
73	2	261	26
74	2	261	26
75	2	261	26
75	2	574	33
75	2	1200	13
76	2	261	26
77	2	261	26
78	2	261	26
79	2	261	26
79	2	1461	13
80	2	261	26
80	2	730	33
80	2	1513	13
81	2	261	26
81	2	782	33
82	2	261	26
82	2	2087	13
83	2	261	26
83	2	1774	13
84	2	261	26
84	2	730	33
85	2	261	26
86	2	261	26
87	2	261	26
87	2	521	33
87	2	1200	13
88	2	261	26
88	2	939	33
88	2	1461	13
89	2	261	26
89	2	1461	13
90	2	261	26
91	2	261	26
91	2	887	33
92	2	261	26
92	2	574	33
92	2	1252	13
93	2	261	26
94	2	261	26
95	2	261	26
96	2	261	26
96	2	1565	13
97	2	261	26
98	2	261	26
99	2	261	26
100	2	261	26
101	2	261	26
101	2	887	33
102	2	261	26
102	2	939	33
102	2	1774	13
103	2	261	26
103	2	1826	13
104	2	261	26
104	2	730	33
104	2	1200	13
105	2	261	26
106	2	261	26
106	2	991	33
106	2	1304	13
107	2	261	26
107	2	521	33
107	2	1200	13
108	2	261	26
108	2	626	33
108	2	1356	13
109	2	261	26
110	2	261	26
110	2	574	33
110	2	1200	13
111	2	261	26
111	2	834	33
112	2	261	26
113	2	261	26
113	2	521	33
113	2	1200	13
114	2	261	26
114	2	887	33
115	2	261	26
116	2	261	26
117	2	261	26
118	2	261	26
118	2	1669	13
119	2	261	26
120	2	261	26
120	2	1669	13
121	2	261	26
122	2	261	26
122	2	574	33
122	2	1200	13
123	2	261	26
124	2	261	26
124	2	574	33
124	2	1200	13
125	2	261	26
125	2	678	33
125	2	1200	13
126	2	261	26
126	2	521	33
126	2	1200	13
127	2	261	26
127	2	521	33
127	2	1200	13
128	2	261	26
128	2	521	33
128	2	1200	13
129	2	261	26
130	2	261	26
130	2	782	33
131	2	261	26
131	2	887	33
131	2	1252	13
132	2	261	26
132	2	521	33
132	2	1982	13
133	2	261	26
133	2	782	33
133	2	1461	13
134	2	261	26
134	2	1617	13
135	2	261	26
135	2	678	33
135	2	1200	13
136	2	261	26
136	2	521	33
136	2	1200	13
137	2	261	26
137	2	1095	33
137	2	1617	13
138	2	261	26
138	2	521	33
138	2	1200	13
139	2	261	26
139	2	626	33
139	2	1200	13
140	2	261	26
141	2	261	26
141	2	574	33
141	2	1200	13
142	2	261	26
143	2	261	26
144	2	261	26
145	2	261	26
145	2	1617	13
146	2	261	26
146	2	730	33
146	2	1356	13
147	2	261	26
147	2	887	33
147	2	1461	13
148	2	261	26
149	2	261	26
149	2	574	33
149	2	1200	13
150	2	261	26
150	2	678	33
150	2	1356	13
151	2	261	26
151	2	2243	13
152	2	261	26
152	2	782	33
152	2	1252	13
153	2	261	26
154	2	261	26
154	2	626	33
154	2	1200	13
155	2	261	26
155	2	521	33
155	2	1200	13
156	2	261	26
156	2	574	33
156	2	1200	13
157	2	261	26
158	2	261	26
158	2	730	33
158	2	1252	13
159	2	261	26
159	2	521	33
159	2	1200	13
160	2	261	26
160	2	991	33
160	2	1617	13
161	2	261	26
162	2	261	26
162	2	1408	13
163	2	261	26
164	2	261	26
164	2	626	33
164	2	2295	13
165	2	261	26
165	2	730	33
165	2	1200	13
166	2	261	26
167	2	261	26
168	2	261	26
169	2	261	26
169	2	574	33
170	2	261	26
170	2	574	33
170	2	1200	13
171	2	261	26
172	2	261	26
172	2	1461	13
173	2	261	26
174	2	261	26
174	2	1356	13
175	2	261	26
175	2	834	33
175	2	1304	13
176	2	261	26
176	2	626	33
176	2	2191	13
177	2	261	26
178	2	261	26
179	2	261	26
179	2	730	33
179	2	1252	13
180	2	261	26
181	2	261	26
181	2	521	33
181	2	2035	13
182	2	261	26
183	2	261	26
183	2	626	33
183	2	1200	13
184	2	261	26
185	2	261	26
185	2	730	33
185	2	1200	13
186	2	261	26
187	2	261	26
187	2	1200	13
187	2	1669	33
188	2	261	26
189	2	261	26
189	2	1043	33
189	2	1774	13
190	2	261	26
191	2	261	26
191	2	574	33
192	2	261	26
192	2	834	33
192	2	1304	13
193	2	261	26
193	2	834	33
193	2	1722	13
194	2	261	26
195	2	261	26
196	2	261	26
196	2	521	33
196	2	1200	13
197	2	261	26
198	2	261	26
198	2	1095	33
198	2	1408	13
199	2	261	26
199	2	574	33
199	2	1200	13
200	2	261	26
200	2	1617	13
201	2	261	26
202	2	261	26
202	2	1461	13
203	2	261	26
203	2	1408	13
203	2	1669	33
204	2	261	26
204	2	678	33
204	2	1252	13
205	2	261	26
206	2	261	26
206	2	521	33
206	2	1200	13
207	2	261	26
207	2	626	33
207	2	1200	13
208	2	261	26
208	2	678	33
208	2	1252	13
209	2	261	26
210	2	261	26
210	2	782	33
210	2	1513	13
211	2	261	26
212	2	261	26
212	2	1461	13
213	2	261	26
214	2	261	26
215	2	261	26
215	2	1774	13
216	2	261	26
217	2	261	26
217	2	1565	13
218	2	261	26
218	2	991	33
218	2	1513	13
219	2	261	26
220	2	261	26
221	2	261	26
221	2	1095	33
221	2	1722	13
222	2	261	26
223	2	261	26
224	2	261	26
224	2	1565	13
225	2	261	26
225	2	521	33
225	2	1200	13
226	2	261	26
226	2	678	33
226	2	1200	13
227	2	261	26
227	2	887	33
228	2	261	26
228	2	574	33
228	2	1200	13
229	2	261	26
229	2	1200	13
229	2	1617	33
230	2	261	26
230	2	521	33
230	2	1982	13
231	2	261	26
231	2	521	33
231	2	1200	13
232	2	261	26
232	2	574	33
232	2	1200	13
233	2	261	26
234	2	261	26
235	2	261	26
236	2	261	26
237	2	261	26
238	2	261	26
239	2	261	26
240	2	261	26
240	2	574	33
240	2	1200	13
241	2	261	26
241	2	1095	33
241	2	1408	13
242	2	261	26
242	2	887	33
242	2	1356	13
243	2	261	26
243	2	521	33
243	2	1200	13
244	2	261	26
244	2	574	33
244	2	1200	13
245	2	261	26
246	2	261	26
247	2	261	26
248	2	261	26
248	2	521	33
248	2	1252	13
249	2	261	26
249	2	521	33
249	2	1200	13
250	2	261	26
250	2	521	33
250	2	1200	13
251	2	261	26
251	2	782	33
251	2	1565	13
252	2	261	26
253	2	261	26
254	2	261	26
255	2	261	26
256	2	261	26
256	2	1304	13
256	2	1669	33
257	2	261	26
257	2	1669	13
258	2	261	26
258	2	521	33
258	2	1200	13
259	2	261	26
259	2	521	33
259	2	1200	13
260	2	261	26
260	2	678	33
260	2	1669	13
261	2	261	26
262	2	261	26
262	2	1252	13
262	2	1669	33
263	2	261	26
264	2	261	26
264	2	730	33
264	2	2295	13
265	2	261	26
265	2	678	33
266	2	261	26
266	2	834	33
266	2	1513	13
267	2	261	26
267	2	521	33
267	2	2087	13
268	2	261	26
268	2	1408	13
269	2	261	26
269	2	678	33
269	2	1200	13
270	2	261	26
271	2	261	26
271	2	887	33
271	2	1252	13
272	2	261	26
272	2	574	33
272	2	1200	13
273	2	261	26
274	2	261	26
275	2	261	26
276	2	261	26
277	2	261	26
278	2	261	26
279	2	261	26
280	2	261	26
280	2	2243	13
281	2	261	26
282	2	261	26
283	2	261	26
283	2	1617	13
284	2	261	26
284	2	521	33
284	2	1200	13
285	2	261	26
285	2	1513	13
286	2	261	26
286	2	521	33
286	2	1200	13
287	2	261	26
288	2	261	26
288	2	730	33
288	2	1774	13
289	2	261	26
290	2	261	26
291	2	261	26
291	2	887	33
292	2	261	26
293	2	261	26
293	2	521	33
293	2	1200	13
294	2	261	26
294	2	626	33
295	2	261	26
296	2	261	26
296	2	626	33
296	2	1200	13
297	2	261	26
298	2	261	26
298	2	1461	13
299	2	261	26
299	2	574	33
300	2	261	26
301	2	261	26
301	2	521	33
301	2	1200	13
302	2	261	26
302	2	730	33
302	2	1356	13
303	2	261	26
303	2	521	33
303	2	1200	13
304	2	261	26
304	2	521	33
304	2	1200	13
305	2	261	26
306	2	261	26
306	2	574	33
306	2	1200	13
307	2	261	26
308	2	261	26
308	2	939	33
309	2	261	26
309	2	521	33
309	2	1200	13
310	2	261	26
310	2	730	33
310	2	1200	13
311	2	261	26
312	2	261	26
313	2	261	26
314	2	261	26
315	2	261	26
315	2	939	33
315	2	1461	13
316	2	261	26
317	2	261	26
318	2	261	26
319	2	261	26
320	2	261	26
321	2	261	26
321	2	521	33
322	2	261	26
322	2	678	33
322	2	2087	13
323	2	261	26
324	2	261	26
325	2	261	26
326	2	261	26
326	2	521	33
326	2	1200	13
327	2	261	26
327	2	1461	13
328	2	261	26
329	2	261	26
330	2	261	26
330	2	1200	13
330	2	1461	33
331	2	261	26
331	2	574	33
331	2	1878	13
332	2	261	26
332	2	834	33
332	2	1252	13
333	2	261	26
333	2	521	33
333	2	1200	13
334	2	261	26
335	2	261	26
335	2	521	33
335	2	1200	13
336	2	261	26
336	2	678	33
336	2	1461	13
337	2	261	26
338	2	261	26
339	2	261	26
339	2	626	33
339	2	1982	13
340	2	261	26
340	2	1617	13
341	2	261	26
341	2	1617	13
342	2	261	26
342	2	574	33
342	2	1200	13
343	2	261	26
343	2	521	33
343	2	1200	13
344	2	261	26
345	2	261	26
345	2	834	33
345	2	1304	13
346	2	261	26
346	2	730	33
346	2	1200	13
347	2	261	26
347	2	834	33
347	2	1669	13
348	2	261	26
348	2	678	33
348	2	1252	13
349	2	261	26
349	2	626	33
349	2	1200	13
350	2	261	26
351	2	261	26
351	2	834	33
352	2	261	26
352	2	887	33
352	2	1408	13
353	2	261	26
353	2	626	33
353	2	1356	13
354	2	261	26
354	2	521	33
354	2	1200	13
355	2	261	26
355	2	730	33
356	2	261	26
356	2	1565	13
357	2	261	26
357	2	730	33
358	2	261	26
358	2	1461	13
359	2	261	26
360	2	261	26
361	2	261	26
361	2	834	33
361	2	1617	13
362	2	261	26
363	2	261	26
364	2	261	26
364	2	626	33
365	2	261	26
366	2	261	26
366	2	1304	13
366	2	1617	33
367	2	261	26
367	2	782	33
368	2	261	26
368	2	521	33
368	2	1200	13
369	2	261	26
369	2	678	33
369	2	1200	13
370	2	261	26
371	2	261	26
371	2	574	33
371	2	1461	13
372	2	261	26
372	2	1513	13
373	2	261	26
374	2	261	26
375	2	261	26
376	2	261	26
376	2	834	33
377	2	261	26
378	2	261	26
378	2	1669	13
379	2	261	26
379	2	1043	33
379	2	1565	13
380	2	261	26
380	2	887	33
381	2	261	26
381	2	939	33
382	2	261	26
382	2	678	33
382	2	2243	13
383	2	261	26
384	2	261	26
384	2	730	33
384	2	1408	13
385	2	261	26
385	2	939	33
386	2	261	26
386	2	730	33
387	2	261	26
387	2	730	33
387	2	1200	13
388	2	261	26
389	2	261	26
389	2	574	33
389	2	1252	13
390	2	261	26
390	2	521	33
390	2	1200	13
391	2	261	26
391	2	626	33
391	2	1252	13
392	2	261	26
393	2	261	26
393	2	521	33
393	2	1200	13
394	2	261	26
394	2	939	33
395	2	261	26
395	2	939	33
396	2	261	26
396	2	521	33
396	2	1200	13
397	2	261	26
397	2	1669	13
398	2	261	26
398	2	887	33
399	2	261	26
399	2	574	33
399	2	1200	13
400	2	261	26
400	2	730	33
400	2	2243	13
401	2	261	26
402	2	261	26
402	2	834	33
402	2	1461	13
403	2	261	26
404	2	261	26
404	2	1774	13
405	2	261	26
406	2	261	26
406	2	730	33
406	2	1252	13
407	2	261	26
407	2	1565	13
408	2	261	26
409	2	261	26
410	2	261	26
411	2	261	26
411	2	574	33
411	2	1200	13
412	2	261	26
412	2	626	33
412	2	1200	13
413	2	261	26
413	2	521	33
413	2	1200	13
414	2	261	26
414	2	834	33
414	2	1408	13
415	2	261	26
415	2	678	33
415	2	1304	13
416	2	261	26
417	2	261	26
417	2	730	33
417	2	1722	13
418	2	261	26
418	2	782	33
418	2	1200	13
419	2	261	26
419	2	730	33
419	2	1200	13
420	2	261	26
420	2	1461	13
421	2	261	26
422	2	261	26
423	2	261	26
423	2	1408	13
424	2	261	26
424	2	626	33
424	2	1200	13
425	2	261	26
425	2	887	33
426	2	261	26
426	2	1356	13
427	2	261	26
428	2	261	26
428	2	626	33
429	2	261	26
429	2	887	33
429	2	1304	13
430	2	261	26
430	2	678	33
430	2	1461	13
431	2	261	26
431	2	521	33
431	2	1200	13
432	2	261	26
432	2	730	33
432	2	1200	13
433	2	261	26
433	2	939	33
433	2	1669	13
434	2	261	26
434	2	626	33
434	2	1200	13
435	2	261	26
435	2	521	33
435	2	1200	13
436	2	261	26
436	2	521	33
436	2	1200	13
437	2	261	26
437	2	574	33
437	2	1982	13
438	2	261	26
438	2	1043	33
438	2	1408	13
439	2	261	26
440	2	261	26
440	2	1565	13
441	2	261	26
442	2	261	26
442	2	939	33
442	2	2243	13
443	2	261	26
444	2	261	26
445	2	261	26
445	2	574	33
445	2	1252	13
446	2	261	26
447	2	261	26
448	2	261	26
449	2	261	26
450	2	261	26
451	2	261	26
451	2	1043	33
451	2	1461	13
452	2	261	26
452	2	730	33
453	2	261	26
453	2	521	33
453	2	1200	13
454	2	261	26
455	2	261	26
455	2	1565	13
456	2	261	26
457	2	261	26
457	2	1408	13
458	2	261	26
459	2	261	26
460	2	261	26
460	2	626	33
460	2	2139	13
461	2	261	26
461	2	574	33
461	2	1200	13
462	2	261	26
462	2	834	33
463	2	261	26
463	2	782	33
463	2	1200	13
464	2	261	26
464	2	1408	13
465	2	261	26
465	2	626	33
465	2	1878	13
466	2	261	26
466	2	574	33
466	2	1200	13
467	2	261	26
467	2	574	33
467	2	1200	13
468	2	261	26
468	2	574	33
468	2	1774	13
469	2	261	26
469	2	521	33
469	2	1200	13
470	2	261	26
471	2	261	26
472	2	261	26
472	2	678	33
472	2	1408	13
473	2	261	26
473	2	1200	13
474	2	261	26
474	2	626	33
474	2	1200	13
475	2	261	26
476	2	261	26
477	2	261	26
478	2	261	26
479	2	261	26
480	2	261	26
481	2	261	26
481	2	782	33
481	2	1200	13
482	2	261	26
482	2	834	33
483	2	261	26
484	2	261	26
485	2	261	26
486	2	261	26
487	2	261	26
487	2	574	33
487	2	1200	13
488	2	261	26
489	2	261	26
489	2	521	33
489	2	1200	13
490	2	261	26
490	2	1200	13
490	2	1461	33
491	2	261	26
491	2	991	33
492	2	261	26
492	2	1356	13
493	2	261	26
494	2	261	26
494	2	730	33
495	2	261	26
495	2	1252	13
496	2	261	26
496	2	991	33
496	2	1408	13
497	2	261	26
497	2	574	33
498	2	261	26
498	2	939	33
499	2	261	26
499	2	782	33
500	2	261	26
500	2	574	33
500	2	1200	13
501	2	261	26
502	2	261	26
502	2	1356	13
503	2	261	26
503	2	521	33
503	2	1200	13
504	2	261	26
505	2	261	26
506	2	261	26
507	2	261	26
508	2	261	26
508	2	626	33
508	2	1200	13
509	2	261	26
510	2	261	26
511	2	261	26
512	2	261	26
512	2	1304	13
512	2	1617	33
513	2	261	26
513	2	1461	13
514	2	261	26
514	2	730	33
514	2	1461	13
515	2	261	26
515	2	521	33
515	2	1200	13
516	2	261	26
517	2	261	26
518	2	261	26
518	2	1408	13
519	2	261	26
519	2	678	33
519	2	1200	13
520	2	261	26
520	2	834	33
521	2	261	26
521	2	574	33
521	2	1200	13
522	2	261	26
522	2	1043	33
522	2	1461	13
523	2	261	26
523	2	626	33
523	2	1200	13
524	2	261	26
525	2	261	26
525	2	782	33
525	2	1200	13
526	2	261	26
527	2	261	26
527	2	521	33
527	2	1304	13
528	2	261	26
528	2	521	33
528	2	1200	13
529	2	261	26
529	2	574	33
529	2	1200	13
530	2	261	26
530	2	1774	13
531	2	261	26
531	2	1408	13
532	2	261	26
532	2	1565	13
533	2	261	26
534	2	261	26
534	2	521	33
534	2	1200	13
535	2	261	26
536	2	261	26
537	2	261	26
537	2	887	33
537	2	1461	13
538	2	261	26
538	2	521	33
538	2	1200	13
539	2	261	26
539	2	521	33
539	2	1200	13
540	2	261	26
541	2	261	26
541	2	678	33
541	2	2087	13
542	2	261	26
542	2	1722	13
543	2	261	26
543	2	1565	13
544	2	261	26
544	2	834	33
544	2	1200	13
545	2	261	26
546	2	261	26
546	2	1722	13
547	2	261	26
547	2	887	33
547	2	1252	13
548	2	261	26
549	2	261	26
550	2	261	26
550	2	626	33
550	2	1200	13
551	2	261	26
551	2	626	33
551	2	1200	13
552	2	261	26
553	2	261	26
553	2	1461	13
554	2	261	26
554	2	521	33
554	2	1200	13
555	2	261	26
555	2	521	33
555	2	1200	13
556	2	261	26
556	2	1252	13
556	2	1565	33
557	2	261	26
558	2	261	26
558	2	626	33
558	2	2191	13
559	2	261	26
559	2	1461	13
560	2	261	26
561	2	261	26
562	2	261	26
562	2	1461	13
563	2	261	26
563	2	1043	33
563	2	1356	13
564	2	261	26
565	2	261	26
565	2	574	33
565	2	1200	13
566	2	261	26
566	2	678	33
566	2	1722	13
567	2	261	26
567	2	1565	13
568	2	261	26
568	2	574	33
568	2	1200	13
569	2	261	26
569	2	1408	13
570	2	261	26
571	2	261	26
571	2	521	33
571	2	1200	13
572	2	261	26
573	2	261	26
574	2	261	26
574	2	887	33
575	2	261	26
575	2	521	33
575	2	1200	13
576	2	261	26
576	2	1722	13
577	2	261	26
577	2	521	33
577	2	1200	13
578	2	261	26
579	2	261	26
580	2	261	26
581	2	261	26
581	2	1565	13
582	2	261	26
582	2	1565	13
583	2	261	26
583	2	574	33
583	2	1200	13
584	2	261	26
584	2	678	33
584	2	1982	13
585	2	261	26
585	2	521	33
585	2	1200	13
586	2	261	26
586	2	1095	33
586	2	1408	13
587	2	261	26
587	2	521	33
587	2	1200	13
588	2	261	26
588	2	730	33
588	2	1513	13
589	2	261	26
589	2	782	33
589	2	1252	13
590	2	261	26
590	2	626	33
590	2	1252	13
591	2	261	26
592	2	261	26
593	2	261	26
594	2	261	26
594	2	1774	13
595	2	261	26
595	2	626	33
595	2	1200	13
596	2	261	26
596	2	991	33
596	2	1617	13
597	2	261	26
598	2	261	26
598	2	521	33
598	2	1200	13
599	2	261	26
599	2	521	33
599	2	1200	13
600	2	261	26
601	2	261	26
601	2	678	33
601	2	1930	13
602	2	261	26
603	2	261	26
604	2	261	26
604	2	1408	13
605	2	261	26
605	2	1669	13
606	2	261	26
606	2	991	33
606	2	1461	13
607	2	261	26
607	2	574	33
607	2	1200	13
608	2	261	26
608	2	730	33
608	2	1200	13
609	2	261	26
610	2	261	26
611	2	261	26
611	2	1513	13
612	2	261	26
612	2	1565	13
613	2	261	26
614	2	261	26
614	2	1722	13
615	2	261	26
615	2	1669	13
616	2	261	26
616	2	1565	13
617	2	261	26
618	2	261	26
619	2	261	26
620	2	261	26
620	2	626	33
621	2	261	26
621	2	1304	13
621	2	1722	33
622	2	261	26
622	2	521	33
623	2	261	26
624	2	261	26
624	2	730	33
625	2	261	26
625	2	1513	13
626	2	261	26
626	2	782	33
626	2	1252	13
627	2	261	26
627	2	834	33
627	2	1356	13
628	2	261	26
628	2	939	33
628	2	1669	13
629	2	261	26
630	2	261	26
630	2	1617	13
631	2	261	26
631	2	939	33
631	2	1461	13
632	2	261	26
632	2	521	33
632	2	1200	13
633	2	261	26
634	2	261	26
634	2	1722	13
635	2	261	26
636	2	261	26
637	2	261	26
638	2	261	26
639	2	261	26
639	2	626	33
639	2	1200	13
640	2	261	26
641	2	261	26
641	2	939	33
642	2	261	26
643	2	261	26
644	2	261	26
644	2	678	33
645	2	261	26
645	2	1200	13
645	2	1617	33
646	2	261	26
646	2	574	33
646	2	1200	13
647	2	261	26
648	2	261	26
648	2	1304	13
649	2	261	26
649	2	678	33
649	2	1304	13
650	2	261	26
651	2	261	26
651	2	782	33
652	2	261	26
652	2	939	33
652	2	1565	13
653	2	261	26
653	2	834	33
653	2	1617	13
654	2	261	26
655	2	261	26
655	2	1356	13
655	2	1722	33
656	2	261	26
656	2	991	33
656	2	1513	13
657	2	261	26
657	2	730	33
658	2	261	26
658	2	782	33
658	2	1200	13
659	2	261	26
659	2	1617	13
660	2	261	26
661	2	261	26
661	2	678	33
661	2	1200	13
662	2	261	26
662	2	1200	13
662	2	1565	33
663	2	261	26
663	2	1722	13
664	2	261	26
664	2	678	33
664	2	1200	13
665	2	261	26
665	2	626	33
665	2	1200	13
666	2	261	26
666	2	574	33
666	2	1252	13
667	2	261	26
667	2	626	33
668	2	261	26
668	2	1669	13
669	2	261	26
669	2	1461	13
670	2	261	26
670	2	1565	13
671	2	261	26
672	2	261	26
673	2	261	26
673	2	1722	13
674	2	261	26
674	2	1252	13
675	2	261	26
675	2	1304	13
675	2	1722	33
676	2	261	26
676	2	574	33
676	2	1200	13
677	2	261	26
677	2	1200	13
677	2	1722	33
678	2	261	26
678	2	678	33
678	2	1513	13
679	2	261	26
680	2	261	26
680	2	1356	13
681	2	261	26
682	2	261	26
682	2	782	33
683	2	261	26
684	2	261	26
684	2	1356	13
685	2	261	26
685	2	887	33
686	2	261	26
686	2	730	33
687	2	261	26
688	2	261	26
689	2	261	26
689	2	1669	13
690	2	261	26
690	2	939	33
691	2	261	26
691	2	678	33
691	2	1200	13
692	2	261	26
692	2	887	33
692	2	1252	13
693	2	261	26
693	2	939	33
693	2	1408	13
694	2	261	26
694	2	834	33
694	2	1461	13
695	2	261	26
695	2	521	33
695	2	1200	13
696	2	261	26
697	2	261	26
697	2	678	33
697	2	1252	13
698	2	261	26
699	2	261	26
699	2	939	33
699	2	1565	13
700	2	261	26
700	2	834	33
701	2	261	26
701	2	1356	13
701	2	1617	33
702	2	261	26
702	2	887	33
703	2	261	26
703	2	678	33
703	2	1200	13
704	2	261	26
705	2	261	26
705	2	1982	13
706	2	261	26
706	2	574	33
706	2	1356	13
707	2	261	26
707	2	678	33
708	2	261	26
708	2	1513	13
709	2	261	26
709	2	730	33
709	2	1200	13
710	2	261	26
710	2	678	33
710	2	1200	13
711	2	261	26
711	2	1513	13
712	2	261	26
712	2	1565	13
713	2	261	26
714	2	261	26
714	2	521	33
714	2	1200	13
715	2	261	26
715	2	1408	13
716	2	261	26
716	2	521	33
716	2	1200	13
717	2	261	26
717	2	1408	13
718	2	261	26
718	2	678	33
718	2	1200	13
719	2	261	26
720	2	261	26
721	2	261	26
721	2	1252	13
721	2	1565	33
722	2	261	26
722	2	521	33
722	2	1200	13
723	2	261	26
724	2	261	26
725	2	261	26
725	2	782	33
725	2	1252	13
726	2	261	26
726	2	991	33
726	2	1304	13
727	2	261	26
728	2	261	26
729	2	261	26
729	2	730	33
730	2	261	26
730	2	1356	13
731	2	261	26
731	2	521	33
731	2	1461	13
732	2	261	26
732	2	834	33
733	2	261	26
733	2	678	33
733	2	1200	13
734	2	261	26
734	2	574	33
734	2	1252	13
735	2	261	26
736	2	261	26
737	2	261	26
737	2	626	33
737	2	1304	13
738	2	261	26
738	2	782	33
738	2	1252	13
739	2	261	26
739	2	1617	13
740	2	261	26
741	2	261	26
741	2	834	33
742	2	261	26
742	2	521	33
742	2	1200	13
743	2	261	26
743	2	574	33
743	2	1252	13
744	2	261	26
744	2	1617	13
745	2	261	26
746	2	261	26
747	2	261	26
747	2	1722	13
748	2	261	26
749	2	261	26
750	2	261	26
750	2	834	33
751	2	261	26
752	2	261	26
752	2	1356	13
753	2	261	26
753	2	574	33
753	2	1200	13
754	2	261	26
754	2	626	33
754	2	1200	13
755	2	261	26
755	2	574	33
755	2	1461	13
756	2	261	26
756	2	574	33
756	2	1200	13
757	2	261	26
758	2	261	26
758	2	521	33
758	2	1200	13
759	2	261	26
760	2	261	26
760	2	939	33
761	2	261	26
761	2	1669	13
762	2	261	26
762	2	887	33
762	2	1617	13
763	2	261	26
763	2	1722	13
764	2	261	26
765	2	261	26
765	2	574	33
765	2	1513	13
766	2	261	26
766	2	730	33
767	2	261	26
767	2	1774	13
768	2	261	26
769	2	261	26
770	2	261	26
771	2	261	26
771	2	1722	13
772	2	261	26
773	2	261	26
774	2	261	26
774	2	626	33
774	2	1200	13
775	2	261	26
776	2	261	26
776	2	521	33
776	2	1200	13
777	2	261	26
778	2	261	26
778	2	730	33
779	2	261	26
780	2	261	26
780	2	887	33
781	2	261	26
781	2	834	33
781	2	1304	13
782	2	261	26
782	2	939	33
783	2	261	26
784	2	261	26
784	2	574	33
784	2	1513	13
785	2	261	26
785	2	782	33
786	2	261	26
787	2	261	26
788	2	261	26
788	2	678	33
788	2	1408	13
789	2	261	26
789	2	1513	13
790	2	261	26
790	2	1669	13
791	2	261	26
792	2	261	26
792	2	730	33
793	2	261	26
793	2	521	33
793	2	1200	13
794	2	261	26
794	2	574	33
794	2	1982	13
795	2	261	26
796	2	261	26
797	2	261	26
797	2	574	33
798	2	261	26
799	2	261	26
800	2	261	26
801	2	261	26
802	2	261	26
802	2	834	33
802	2	1565	13
803	2	261	26
803	2	834	33
803	2	1356	13
804	2	261	26
804	2	939	33
805	2	261	26
806	2	261	26
807	2	261	26
807	2	521	33
807	2	1200	13
808	2	261	26
809	2	261	26
810	2	261	26
810	2	521	33
810	2	1200	13
811	2	261	26
811	2	521	33
811	2	1461	13
812	2	261	26
812	2	626	33
812	2	1200	13
813	2	261	26
813	2	887	33
814	2	261	26
815	2	261	26
815	2	574	33
816	2	261	26
816	2	1669	13
817	2	261	26
818	2	261	26
818	2	939	33
818	2	1565	13
819	2	261	26
820	2	261	26
821	2	261	26
821	2	1722	13
822	2	261	26
822	2	521	33
822	2	1200	13
823	2	261	26
823	2	521	33
823	2	1200	13
824	2	261	26
824	2	1513	13
825	2	261	26
825	2	1461	13
826	2	261	26
826	2	1461	13
827	2	261	26
828	2	261	26
829	2	261	26
830	2	261	26
831	2	261	26
831	2	730	33
831	2	1200	13
832	2	261	26
832	2	678	33
832	2	1200	13
833	2	261	26
833	2	1774	13
834	2	261	26
834	2	678	33
834	2	1200	13
835	2	261	26
835	2	939	33
836	2	261	26
837	2	261	26
838	2	261	26
838	2	574	33
838	2	1200	13
839	2	261	26
840	2	261	26
840	2	521	33
840	2	1200	13
841	2	261	26
841	2	730	33
842	2	261	26
842	2	1304	13
843	2	261	26
843	2	521	33
843	2	1200	13
844	2	261	26
845	2	261	26
846	2	261	26
847	2	261	26
847	2	1722	13
848	2	261	26
848	2	521	33
848	2	1200	13
849	2	261	26
850	2	261	26
850	2	678	33
850	2	1200	13
851	2	261	26
852	2	261	26
853	2	261	26
854	2	261	26
854	2	1461	13
855	2	261	26
855	2	782	33
856	2	261	26
856	2	939	33
857	2	261	26
858	2	261	26
858	2	1200	13
858	2	1513	33
859	2	261	26
860	2	261	26
861	2	261	26
861	2	678	33
862	2	261	26
863	2	261	26
863	2	730	33
863	2	1200	13
864	2	261	26
864	2	574	33
864	2	1200	13
865	2	261	26
865	2	626	33
865	2	1565	13
866	2	261	26
866	2	521	33
866	2	1200	13
867	2	261	26
867	2	1722	13
868	2	261	26
868	2	730	33
868	2	1617	13
869	2	261	26
869	2	1356	13
869	2	1669	33
870	2	261	26
870	2	1669	13
871	2	261	26
871	2	1617	13
872	2	261	26
873	2	261	26
873	2	521	33
873	2	1200	13
874	2	261	26
875	2	261	26
875	2	730	33
875	2	1356	13
876	2	261	26
876	2	626	33
877	2	261	26
877	2	521	33
877	2	1200	13
878	2	261	26
879	2	261	26
879	2	1722	13
880	2	261	26
880	2	521	33
880	2	1200	13
881	2	261	26
882	2	261	26
883	2	261	26
884	2	261	26
884	2	678	33
884	2	2243	13
885	2	261	26
885	2	574	33
885	2	1200	13
886	2	261	26
887	2	261	26
887	2	887	33
888	2	261	26
889	2	261	26
890	2	261	26
891	2	261	26
891	2	678	33
891	2	1722	13
892	2	261	26
893	2	261	26
893	2	782	33
894	2	261	26
894	2	782	33
895	2	261	26
895	2	939	33
896	2	261	26
896	2	626	33
897	2	261	26
897	2	678	33
897	2	1252	13
898	2	261	26
898	2	678	33
898	2	1200	13
899	2	261	26
899	2	626	33
899	2	1200	13
900	2	261	26
900	2	1617	13
901	2	261	26
901	2	521	33
901	2	1408	13
902	2	261	26
902	2	1252	13
902	2	1513	33
903	2	261	26
903	2	678	33
903	2	1200	13
904	2	261	26
905	2	261	26
906	2	261	26
906	2	626	33
907	2	261	26
908	2	261	26
908	2	626	33
908	2	1200	13
909	2	261	26
910	2	261	26
910	2	1617	13
911	2	261	26
912	2	261	26
912	2	678	33
913	2	261	26
914	2	261	26
914	2	1200	13
915	2	261	26
916	2	261	26
916	2	678	33
916	2	1200	13
917	2	261	26
917	2	2191	13
918	2	261	26
918	2	1722	13
919	2	261	26
920	2	261	26
921	2	261	26
922	2	261	26
922	2	939	33
923	2	261	26
924	2	261	26
924	2	678	33
924	2	1200	13
925	2	261	26
925	2	626	33
926	2	261	26
926	2	834	33
926	2	1304	13
927	2	261	26
927	2	1356	13
928	2	261	26
929	2	261	26
929	2	730	33
929	2	1356	13
930	2	261	26
931	2	261	26
931	2	574	33
931	2	1200	13
932	2	261	26
932	2	1774	13
933	2	261	26
934	2	261	26
934	2	1617	13
935	2	261	26
935	2	626	33
935	2	1513	13
936	2	261	26
937	2	261	26
938	2	261	26
938	2	1565	13
939	2	261	26
940	2	261	26
940	2	887	33
940	2	1356	13
941	2	261	26
941	2	521	33
941	2	1200	13
942	2	261	26
942	2	521	33
942	2	1200	13
943	2	261	26
944	2	261	26
944	2	1565	13
945	2	261	26
946	2	261	26
946	2	1356	13
947	2	261	26
947	2	626	33
947	2	1200	13
948	2	261	26
948	2	574	33
948	2	1200	13
949	2	261	26
949	2	521	33
949	2	1200	13
950	2	261	26
950	2	521	33
950	2	1200	13
951	2	261	26
952	2	261	26
953	2	261	26
953	2	574	33
953	2	1200	13
954	2	261	26
954	2	521	33
954	2	1200	13
955	2	261	26
956	2	261	26
957	2	261	26
958	2	261	26
959	2	261	26
960	2	261	26
960	2	939	33
960	2	1513	13
961	2	261	26
961	2	834	33
961	2	1617	13
962	2	261	26
963	2	261	26
963	2	678	33
964	2	261	26
964	2	626	33
964	2	1200	13
965	2	261	26
965	2	1513	13
966	2	261	26
966	2	626	33
966	2	1304	13
967	2	261	26
968	2	261	26
968	2	887	33
969	2	261	26
969	2	1095	33
969	2	1565	13
970	2	261	26
971	2	261	26
971	2	678	33
971	2	1304	13
972	2	261	26
972	2	521	33
972	2	1200	13
973	2	261	26
973	2	887	33
974	2	261	26
974	2	782	33
975	2	261	26
976	2	261	26
976	2	887	33
976	2	1304	13
977	2	261	26
978	2	261	26
978	2	626	33
978	2	1200	13
979	2	261	26
980	2	261	26
981	2	261	26
981	2	1252	13
981	2	1617	33
982	2	261	26
982	2	730	33
983	2	261	26
983	2	574	33
983	2	1461	13
984	2	261	26
984	2	1513	13
985	2	261	26
985	2	1669	13
986	2	261	26
987	2	261	26
988	2	261	26
988	2	730	33
989	2	261	26
989	2	574	33
989	2	2191	13
990	2	261	26
991	2	261	26
992	2	261	26
993	2	261	26
994	2	261	26
995	2	261	26
995	2	521	33
995	2	1200	13
996	2	261	26
997	2	261	26
998	2	261	26
998	2	834	33
998	2	1200	13
999	2	261	26
0	3	626	29
0	3	678	20
0	3	991	30
0	3	1461	9
0	3	2243	12
1	3	626	29
1	3	678	20
1	3	991	30
2	3	730	29
2	3	1043	20
3	3	1356	9
3	3	1461	30
3	3	1774	20
4	3	574	29
4	3	887	20
4	3	1148	9
4	3	1513	12
4	3	1826	30
5	3	574	29
5	3	887	20
6	3	417	29
6	3	887	20
6	3	1930	9
7	3	1148	9
7	3	1304	30
7	3	1617	20
8	3	782	29
8	3	1095	20
8	3	1356	9
8	3	1669	12
8	3	2035	30
9	3	2295	30
10	3	521	29
10	3	834	20
10	3	1878	9
12	3	1252	30
13	3	1200	30
14	3	469	29
14	3	782	20
14	3	1461	9
15	3	469	29
15	3	782	20
16	3	574	29
16	3	887	20
16	3	1408	9
17	3	574	29
17	3	887	20
17	3	1878	9
17	3	2191	12
18	3	417	29
18	3	730	20
18	3	1930	9
19	3	2191	30
20	3	678	29
20	3	991	20
20	3	1513	9
20	3	1930	12
20	3	2243	30
21	3	417	29
21	3	730	20
21	3	1043	30
22	3	887	29
22	3	1304	9
23	3	521	29
23	3	834	20
23	3	1513	9
24	3	469	29
24	3	782	20
24	3	1408	9
24	3	1930	12
24	3	2243	30
25	3	1878	30
26	3	730	29
26	3	1095	20
27	3	469	29
27	3	782	20
27	3	1722	9
28	3	834	29
28	3	1148	20
28	3	1408	9
28	3	1722	12
28	3	2087	30
29	3	887	29
29	3	1722	9
30	3	1408	9
30	3	1565	30
31	3	626	29
31	3	939	20
32	3	1200	9
32	3	1461	30
32	3	1774	20
33	3	521	29
33	3	991	20
34	3	469	29
34	3	1095	20
34	3	1774	9
34	3	2243	12
35	3	574	29
35	3	887	20
35	3	1565	9
35	3	2087	12
36	3	678	29
36	3	730	20
36	3	1565	9
37	3	678	29
37	3	1982	9
38	3	626	29
38	3	991	20
39	3	574	29
39	3	887	20
40	3	574	29
40	3	887	20
40	3	1148	9
40	3	1461	12
40	3	1774	30
41	3	834	29
41	3	1148	20
41	3	1617	9
41	3	2087	12
42	3	1095	20
42	3	1356	30
42	3	1617	9
43	3	417	29
43	3	782	20
43	3	1461	9
43	3	2087	12
44	3	1669	30
45	3	730	29
45	3	1095	20
45	3	1565	9
46	3	469	29
46	3	782	20
47	3	1304	30
47	3	1565	9
48	3	2243	30
49	3	469	29
49	3	782	20
49	3	1304	9
49	3	1774	12
49	3	2087	30
50	3	1669	30
51	3	1826	30
51	3	2295	9
52	3	834	29
53	3	626	29
53	3	939	20
53	3	1200	9
53	3	1565	12
53	3	1878	30
55	3	626	29
55	3	939	20
56	3	1461	30
57	3	469	29
57	3	782	20
57	3	1095	30
57	3	1356	9
57	3	1669	12
58	3	626	29
58	3	939	20
58	3	1252	9
58	3	1617	12
59	3	521	29
59	3	834	20
59	3	1513	9
59	3	1878	12
59	3	2191	30
60	3	1252	30
61	3	626	29
61	3	939	20
62	3	574	29
62	3	887	20
62	3	1356	9
62	3	1774	12
62	3	2087	30
63	3	417	29
63	3	939	20
63	3	1565	9
64	3	2243	30
65	3	574	29
65	3	1200	9
65	3	2087	20
66	3	1408	9
66	3	1513	30
67	3	834	29
67	3	1148	20
67	3	1461	9
67	3	1774	12
68	3	1722	30
69	3	678	29
69	3	1200	9
69	3	1565	20
70	3	678	29
71	3	1304	9
71	3	1461	30
71	3	1774	20
73	3	1982	30
74	3	574	29
74	3	1982	9
75	3	626	29
75	3	678	20
76	3	1669	30
77	3	1617	30
78	3	1513	30
79	3	834	29
79	3	1356	9
79	3	1930	20
80	3	626	29
80	3	939	20
80	3	1982	9
81	3	574	29
81	3	887	20
82	3	730	29
82	3	1878	9
83	3	1408	9
83	3	1461	30
84	3	574	29
84	3	887	20
84	3	2295	9
85	3	1774	30
86	3	1148	30
86	3	2191	9
87	3	417	29
87	3	730	20
87	3	1043	30
87	3	1304	9
87	3	1617	12
88	3	730	29
88	3	1043	20
88	3	1408	9
89	3	626	29
89	3	1200	9
89	3	1722	20
90	3	1513	30
90	3	1774	9
91	3	730	29
92	3	521	29
92	3	834	20
92	3	1774	9
92	3	2243	12
93	3	1617	30
94	3	2243	30
95	3	730	29
95	3	1878	9
96	3	1148	9
96	3	1356	30
96	3	1669	20
96	3	2243	12
97	3	1408	30
98	3	1722	30
99	3	1200	30
99	3	1565	9
99	3	2191	20
100	3	1461	30
101	3	574	29
101	3	1356	9
102	3	626	29
102	3	991	20
102	3	2087	9
103	3	887	29
103	3	1461	9
104	3	417	29
104	3	887	20
104	3	1356	9
104	3	1774	12
104	3	2139	30
106	3	730	29
106	3	1043	20
106	3	1356	9
106	3	1669	12
106	3	1982	30
107	3	574	29
107	3	887	20
107	3	1252	9
107	3	1826	12
107	3	2139	30
108	3	574	29
108	3	887	20
109	3	1669	30
109	3	2087	9
110	3	574	29
110	3	887	20
110	3	1200	9
110	3	1774	12
111	3	730	29
111	3	2243	9
112	3	574	29
112	3	1461	9
113	3	521	29
113	3	834	20
113	3	1408	9
114	3	678	29
114	3	991	20
115	3	1565	30
116	3	1565	30
116	3	1826	9
116	3	2295	20
117	3	1669	30
117	3	2035	9
118	3	1304	9
118	3	1513	30
119	3	1461	30
119	3	1722	9
119	3	2035	20
120	3	730	29
120	3	1461	9
121	3	1408	30
122	3	626	29
122	3	678	20
122	3	1043	30
122	3	1304	9
122	3	1669	12
124	3	678	29
124	3	991	30
124	3	1722	9
125	3	626	29
125	3	939	20
125	3	1252	9
125	3	1669	12
126	3	469	29
126	3	782	20
126	3	1148	30
126	3	1408	9
126	3	1722	12
127	3	574	29
127	3	887	20
127	3	1252	9
127	3	1774	12
128	3	521	29
128	3	834	20
128	3	1252	9
128	3	1669	12
128	3	2295	30
129	3	1461	30
129	3	1722	9
130	3	417	29
130	3	887	20
131	3	626	29
131	3	1095	20
131	3	1356	9
131	3	1669	12
131	3	1982	30
132	3	574	29
132	3	887	20
133	3	730	29
133	3	1043	20
134	3	1304	30
134	3	1565	9
134	3	1930	20
135	3	521	29
135	3	834	20
135	3	1356	9
136	3	469	29
136	3	782	20
136	3	1095	30
136	3	1356	9
136	3	1669	12
137	3	678	29
137	3	1095	20
137	3	1722	9
138	3	574	29
138	3	887	20
138	3	1148	9
138	3	1461	12
138	3	1774	30
139	3	626	29
139	3	939	20
139	3	1200	9
139	3	1513	12
139	3	1826	30
140	3	1878	30
141	3	521	29
141	3	834	20
141	3	1148	30
141	3	1408	9
141	3	1722	12
142	3	678	29
142	3	1878	9
143	3	1513	9
143	3	1565	30
143	3	2191	20
145	3	1356	9
145	3	1461	30
145	3	1878	20
146	3	574	29
146	3	887	20
146	3	1461	9
146	3	2295	12
147	3	574	29
147	3	1043	20
147	3	1565	9
148	3	1669	30
149	3	574	29
149	3	887	20
149	3	1148	9
149	3	1565	12
149	3	1878	30
150	3	469	29
150	3	782	20
150	3	1722	9
150	3	2087	12
151	3	991	30
151	3	1669	9
151	3	2139	20
152	3	469	29
152	3	991	20
152	3	1356	9
152	3	1722	12
152	3	2035	30
153	3	574	29
153	3	1722	9
154	3	574	29
154	3	887	20
154	3	1148	9
154	3	1513	12
154	3	1826	30
155	3	521	29
155	3	834	20
155	3	1148	30
155	3	1408	9
155	3	1878	12
156	3	521	29
156	3	834	20
156	3	1356	9
156	3	1826	12
156	3	2139	30
158	3	469	29
158	3	782	20
158	3	1408	9
158	3	1774	12
159	3	574	29
159	3	887	20
159	3	1148	9
159	3	1565	12
159	3	1878	30
160	3	834	29
160	3	1148	20
160	3	1669	9
161	3	1826	30
162	3	1148	9
162	3	1408	30
162	3	1722	20
163	3	1200	30
164	3	469	29
164	3	782	20
164	3	2139	9
165	3	678	29
165	3	991	20
165	3	1304	9
165	3	1617	12
166	3	2139	30
167	3	1356	30
167	3	1982	9
169	3	626	29
169	3	678	20
169	3	991	30
170	3	574	29
170	3	887	20
170	3	1148	9
170	3	1461	12
170	3	1774	30
171	3	1722	30
171	3	2295	9
172	3	1252	9
172	3	1408	30
172	3	1722	20
173	3	1565	30
173	3	2087	9
174	3	626	30
174	3	1148	9
174	3	1565	20
174	3	2243	12
175	3	521	29
175	3	939	20
175	3	1513	9
175	3	1826	12
175	3	2139	30
176	3	521	29
176	3	834	20
176	3	2243	9
177	3	1878	30
179	3	574	29
179	3	887	20
179	3	1461	9
180	3	1304	30
181	3	521	29
181	3	834	20
182	3	417	29
183	3	521	29
183	3	834	20
183	3	1513	9
183	3	2295	12
184	3	1200	30
185	3	678	29
185	3	991	20
185	3	1304	9
185	3	1617	12
187	3	834	29
187	3	1148	20
188	3	1200	30
188	3	2087	9
189	3	1095	20
189	3	1304	30
189	3	1565	9
189	3	1930	12
190	3	1461	30
190	3	1722	9
191	3	626	29
191	3	678	20
192	3	730	29
192	3	1043	20
192	3	1408	9
192	3	1826	12
193	3	678	29
193	3	1043	20
193	3	1878	9
193	3	2191	12
194	3	678	29
196	3	469	29
196	3	782	20
196	3	1095	30
196	3	1356	9
196	3	1669	12
198	3	678	29
198	3	1095	20
198	3	1461	9
198	3	1774	12
198	3	2191	30
199	3	521	29
199	3	834	20
199	3	1252	9
199	3	1774	12
199	3	2087	30
200	3	1252	9
200	3	1513	30
200	3	1826	20
201	3	1982	30
202	3	834	29
202	3	1200	9
202	3	1565	20
203	3	574	30
203	3	1200	9
203	3	1669	20
204	3	574	29
204	3	887	20
204	3	1565	9
205	3	1513	30
205	3	1774	9
206	3	521	29
206	3	834	20
206	3	1148	30
206	3	1408	9
206	3	1722	12
207	3	626	29
207	3	939	20
207	3	1461	9
207	3	1878	12
207	3	2191	30
208	3	521	29
208	3	834	20
208	3	1669	9
210	3	417	29
210	3	887	20
211	3	1774	30
212	3	834	29
212	3	1356	9
213	3	1930	30
214	3	574	30
215	3	1356	9
215	3	1565	30
216	3	887	29
217	3	1304	9
217	3	1461	30
217	3	1774	20
218	3	574	29
218	3	1043	20
218	3	1513	9
220	3	1513	30
221	3	417	29
221	3	1148	9
221	3	1565	20
222	3	2191	30
223	3	574	30
224	3	1304	9
224	3	1461	30
224	3	1930	20
225	3	574	29
225	3	887	20
225	3	1148	9
225	3	1461	12
225	3	1774	30
226	3	469	29
226	3	834	20
226	3	1304	9
226	3	1617	12
227	3	626	29
227	3	991	20
228	3	521	29
228	3	834	20
228	3	1148	30
228	3	1408	9
228	3	1722	12
229	3	626	29
229	3	1148	9
229	3	1461	20
230	3	469	29
230	3	782	20
231	3	469	29
231	3	782	20
231	3	1930	9
232	3	574	29
232	3	887	20
232	3	1200	9
232	3	1565	12
232	3	1878	30
233	3	1461	9
233	3	1513	30
233	3	2087	20
235	3	1617	30
235	3	2191	9
236	3	834	29
236	3	2087	9
237	3	626	30
238	3	1200	30
239	3	1565	30
240	3	521	29
240	3	834	20
240	3	1252	9
240	3	1722	12
240	3	2035	30
241	3	887	29
241	3	1148	9
241	3	1461	20
241	3	1774	12
242	3	678	29
242	3	1043	20
242	3	1408	9
242	3	1774	12
243	3	469	29
243	3	782	20
243	3	1095	30
243	3	1356	9
243	3	1669	12
244	3	417	29
244	3	730	20
244	3	1722	9
245	3	1356	30
245	3	1722	9
246	3	2243	30
248	3	521	29
248	3	834	20
249	3	521	29
249	3	834	20
250	3	521	29
250	3	834	20
250	3	1148	30
250	3	1408	9
250	3	1722	12
251	3	730	29
251	3	1043	20
251	3	1878	9
252	3	1513	30
253	3	834	29
253	3	2035	9
255	3	1095	30
255	3	1722	9
256	3	574	30
256	3	1148	20
256	3	1617	9
256	3	2191	12
257	3	1408	30
257	3	1669	9
258	3	626	29
258	3	678	20
258	3	991	30
258	3	1774	9
258	3	2087	12
259	3	521	29
259	3	834	20
259	3	2139	9
260	3	626	29
260	3	939	20
260	3	1878	9
260	3	2191	12
262	3	991	30
262	3	1252	9
262	3	1565	20
263	3	730	29
264	3	574	29
264	3	887	20
264	3	2139	9
265	3	626	29
265	3	939	20
266	3	521	29
266	3	991	20
266	3	1878	9
267	3	521	29
267	3	834	20
267	3	2139	9
268	3	1148	9
268	3	1356	30
268	3	1669	20
269	3	626	29
269	3	939	20
269	3	1252	9
269	3	1774	12
270	3	1513	30
270	3	2139	9
271	3	782	29
271	3	1095	20
271	3	1461	9
271	3	1774	12
271	3	2087	30
272	3	521	29
272	3	834	20
272	3	1148	30
272	3	1408	9
272	3	1722	12
274	3	1461	30
274	3	1722	9
275	3	1669	30
277	3	887	29
277	3	2139	9
278	3	1565	30
279	3	1565	9
279	3	1617	30
280	3	626	29
280	3	1878	9
280	3	2191	20
282	3	1617	30
283	3	1356	9
283	3	1461	30
283	3	1774	20
284	3	574	29
284	3	887	20
284	3	1148	9
284	3	1461	12
284	3	1774	30
285	3	1252	9
285	3	1408	30
285	3	1722	20
286	3	469	29
286	3	782	20
286	3	1304	9
286	3	1617	12
286	3	1930	30
287	3	1617	30
288	3	626	29
288	3	939	20
289	3	1200	30
291	3	782	29
292	3	1617	30
292	3	2035	9
293	3	521	29
293	3	834	20
293	3	1148	30
293	3	1408	9
293	3	1722	12
294	3	574	29
294	3	887	20
295	3	1461	30
295	3	1774	9
295	3	2191	20
296	3	521	29
296	3	834	20
296	3	1669	9
297	3	1408	30
298	3	1148	9
298	3	1513	30
298	3	1826	20
299	3	574	29
299	3	887	20
300	3	1148	30
300	3	1982	9
301	3	521	29
301	3	834	20
301	3	1774	9
302	3	626	29
302	3	939	20
302	3	1669	9
302	3	2191	12
303	3	469	29
303	3	782	20
303	3	1095	30
303	3	1356	9
303	3	1669	12
304	3	521	29
304	3	834	20
304	3	2243	9
306	3	521	29
306	3	834	20
306	3	1148	30
306	3	1408	9
306	3	1774	12
307	3	469	29
307	3	2035	9
308	3	417	29
308	3	1565	9
309	3	521	29
309	3	834	20
309	3	1148	30
309	3	1408	9
309	3	1722	12
310	3	678	29
310	3	991	20
310	3	1252	9
310	3	1617	12
310	3	1930	30
311	3	2035	30
312	3	834	29
312	3	1826	9
312	3	2139	20
313	3	782	29
314	3	1565	30
315	3	574	29
315	3	1095	20
315	3	1513	9
315	3	2191	12
317	3	1408	9
317	3	1513	30
318	3	1617	30
319	3	2191	30
320	3	1461	30
320	3	1722	9
321	3	626	29
321	3	678	20
321	3	991	30
322	3	469	29
322	3	782	20
322	3	2139	9
323	3	2243	30
324	3	1513	9
324	3	1669	30
325	3	1565	30
325	3	1826	9
326	3	574	29
326	3	887	20
326	3	1878	9
326	3	2191	12
327	3	1200	9
327	3	1461	30
327	3	1774	20
328	3	626	30
328	3	2087	9
329	3	1617	30
330	3	730	29
330	3	1095	20
330	3	1408	9
330	3	1722	12
331	3	626	29
331	3	678	20
331	3	991	30
331	3	1982	9
332	3	678	29
332	3	991	20
332	3	1356	9
332	3	1722	12
333	3	574	29
333	3	887	20
333	3	1774	9
333	3	2139	12
334	3	1513	30
335	3	574	29
335	3	887	20
335	3	1617	9
336	3	626	29
336	3	939	20
336	3	1774	9
337	3	1408	30
337	3	2087	9
338	3	1043	30
339	3	626	29
339	3	678	20
339	3	2087	9
340	3	1304	9
340	3	1513	30
340	3	1826	20
341	3	1304	9
341	3	1461	30
341	3	1774	20
342	3	521	29
342	3	834	20
342	3	1148	30
342	3	1408	9
342	3	1722	12
343	3	574	29
343	3	887	20
343	3	1148	9
343	3	1982	12
344	3	2243	30
345	3	574	29
345	3	1043	20
345	3	1408	9
345	3	1722	12
346	3	417	29
346	3	834	20
346	3	1200	9
346	3	1565	12
346	3	1878	30
347	3	678	29
347	3	1148	20
348	3	574	29
348	3	887	20
348	3	1565	9
349	3	574	29
349	3	887	20
349	3	1148	9
349	3	1461	12
349	3	1774	30
351	3	574	29
351	3	939	20
352	3	730	29
352	3	1043	20
352	3	1513	9
353	3	574	29
353	3	887	20
354	3	469	29
354	3	782	20
354	3	1095	30
354	3	1356	9
354	3	1669	12
355	3	626	29
355	3	939	20
356	3	887	29
356	3	1356	9
356	3	1930	20
357	3	678	29
357	3	991	20
358	3	1252	9
358	3	1461	30
358	3	1774	20
360	3	887	29
360	3	1930	9
361	3	626	29
361	3	939	20
361	3	1774	9
362	3	1304	30
364	3	574	29
364	3	887	20
365	3	1722	30
366	3	782	29
366	3	1148	9
366	3	1565	20
367	3	521	29
367	3	834	20
367	3	2139	9
368	3	574	29
368	3	887	20
368	3	1148	9
368	3	1461	12
368	3	1774	30
369	3	574	29
369	3	887	20
369	3	1252	9
369	3	1617	12
370	3	626	30
371	3	469	29
371	3	782	20
372	3	678	29
372	3	1148	9
372	3	1774	20
373	3	1043	30
374	3	1669	30
374	3	1930	9
375	3	1461	9
375	3	1617	30
376	3	574	29
376	3	887	20
377	3	1356	9
377	3	1513	30
378	3	1356	30
378	3	1617	9
379	3	730	29
379	3	1095	20
379	3	1513	9
380	3	678	29
380	3	991	20
381	3	678	29
381	3	1774	9
381	3	2295	20
382	3	626	29
382	3	678	20
383	3	1461	30
384	3	626	29
384	3	939	20
385	3	782	29
385	3	1356	9
386	3	417	29
386	3	834	20
387	3	626	29
387	3	939	20
387	3	1200	9
387	3	1513	12
387	3	1826	30
389	3	574	29
389	3	887	20
390	3	521	29
390	3	834	20
390	3	1461	9
390	3	2139	12
391	3	626	29
391	3	939	20
391	3	1513	9
391	3	1930	12
391	3	2243	30
392	3	1043	30
392	3	1982	9
393	3	521	29
393	3	834	20
393	3	1617	9
394	3	782	29
394	3	1148	20
395	3	887	29
396	3	574	29
396	3	887	20
396	3	1148	9
396	3	1461	12
396	3	1774	30
397	3	1356	9
397	3	1513	30
397	3	1826	20
398	3	574	29
398	3	991	20
399	3	469	29
399	3	782	20
399	3	1513	9
400	3	626	29
400	3	939	20
402	3	574	29
402	3	1043	20
402	3	1513	9
403	3	2295	30
404	3	1408	9
404	3	1461	30
404	3	2243	20
405	3	1461	30
405	3	1982	9
406	3	574	29
406	3	887	20
406	3	1408	9
407	3	1304	9
407	3	1408	30
407	3	1722	20
409	3	1200	30
410	3	1043	30
410	3	1878	9
410	3	2191	20
411	3	417	29
411	3	730	20
411	3	1043	30
411	3	1304	9
411	3	1617	12
412	3	626	29
412	3	678	20
412	3	991	30
412	3	1252	9
412	3	1565	12
413	3	574	29
413	3	887	20
413	3	1148	9
413	3	1461	12
413	3	1774	30
414	3	678	29
414	3	991	20
414	3	1461	9
414	3	1878	12
414	3	2191	30
415	3	626	29
415	3	678	20
415	3	1461	9
416	3	1513	30
416	3	2035	9
417	3	521	29
417	3	887	20
417	3	1930	9
418	3	521	29
418	3	939	20
418	3	1252	9
418	3	1565	12
418	3	1878	30
419	3	417	29
419	3	730	20
419	3	1252	9
419	3	1565	12
419	3	1878	30
420	3	1200	9
420	3	1356	30
420	3	1826	20
421	3	2295	30
422	3	834	29
423	3	1095	30
423	3	1356	9
423	3	1669	20
424	3	521	29
424	3	834	20
424	3	1148	30
424	3	1408	9
424	3	1722	12
425	3	574	29
425	3	991	20
426	3	1200	9
426	3	1304	30
426	3	1617	20
426	3	2191	12
427	3	2295	30
428	3	574	29
428	3	887	20
429	3	417	29
429	3	1043	20
429	3	1408	9
429	3	1774	12
430	3	521	29
430	3	834	20
431	3	521	29
431	3	834	20
431	3	1356	9
432	3	626	29
432	3	939	20
432	3	1252	9
432	3	1565	12
432	3	1878	30
433	3	730	29
433	3	1095	20
433	3	1774	9
434	3	626	29
434	3	939	20
434	3	1200	9
434	3	1513	12
434	3	1826	30
435	3	469	29
435	3	782	20
435	3	1304	9
435	3	1774	12
435	3	2295	30
436	3	574	29
436	3	887	20
436	3	1148	9
436	3	1461	12
436	3	1774	30
437	3	521	29
437	3	834	20
437	3	1878	9
438	3	417	29
438	3	1148	20
438	3	1461	9
439	3	1043	30
440	3	678	29
440	3	1252	9
441	3	1826	30
442	3	678	29
442	3	991	20
442	3	1930	9
443	3	730	29
444	3	1930	30
445	3	574	29
445	3	887	20
445	3	1774	9
445	3	2087	12
446	3	730	29
446	3	1878	9
446	3	2295	20
447	3	1669	30
448	3	1095	30
449	3	2295	30
451	3	730	29
451	3	1095	20
451	3	1461	9
451	3	1774	12
451	3	2087	30
452	3	469	29
452	3	834	20
452	3	2295	9
453	3	521	29
453	3	834	20
453	3	1148	30
453	3	1408	9
453	3	1722	12
454	3	1722	30
455	3	1304	9
455	3	1408	30
455	3	1774	20
456	3	1461	9
456	3	1513	30
457	3	678	29
457	3	1304	9
458	3	1826	30
459	3	1043	30
460	3	574	29
460	3	887	20
460	3	2191	9
461	3	521	29
461	3	834	20
461	3	1461	9
462	3	782	29
462	3	1095	20
463	3	521	29
463	3	834	20
463	3	1252	9
463	3	1565	12
463	3	1878	30
464	3	1043	30
464	3	1304	9
464	3	1617	20
465	3	574	29
465	3	887	20
466	3	574	29
466	3	887	20
466	3	1408	9
467	3	469	29
467	3	782	20
467	3	1930	9
468	3	574	29
468	3	887	20
468	3	1930	9
469	3	521	29
469	3	834	20
469	3	1148	30
469	3	1408	9
469	3	1722	12
470	3	1617	30
471	3	1304	30
471	3	1826	9
471	3	2243	20
472	3	469	29
472	3	782	20
472	3	2087	9
473	3	626	29
473	3	1095	20
473	3	1774	9
473	3	2295	12
474	3	521	29
474	3	834	20
474	3	1304	9
474	3	1617	12
474	3	1930	30
475	3	991	30
475	3	1878	9
476	3	1461	30
477	3	1095	30
478	3	782	29
478	3	1095	20
480	3	782	29
480	3	1408	9
481	3	574	29
481	3	887	20
481	3	1200	9
481	3	1513	12
481	3	1826	30
482	3	782	29
482	3	1252	9
483	3	1878	30
484	3	2295	30
485	3	1513	30
485	3	2035	9
486	3	1408	9
486	3	1513	30
486	3	2139	20
487	3	574	29
487	3	887	20
487	3	2139	9
488	3	1461	9
488	3	1565	30
489	3	574	29
489	3	887	20
489	3	1148	9
489	3	1461	12
489	3	1774	30
490	3	834	29
490	3	1148	20
490	3	1461	9
490	3	1774	12
490	3	2087	30
491	3	678	29
491	3	1252	9
491	3	1878	20
492	3	1043	30
492	3	1304	9
492	3	1617	20
492	3	2139	12
494	3	521	29
494	3	834	20
495	3	1148	20
495	3	1408	30
495	3	1669	9
496	3	730	29
496	3	1043	20
496	3	1461	9
496	3	1826	12
496	3	2139	30
497	3	469	29
497	3	782	20
498	3	574	29
498	3	991	20
499	3	730	29
499	3	782	20
500	3	521	29
500	3	834	20
500	3	1148	30
500	3	1408	9
500	3	1722	12
501	3	1513	30
501	3	1982	9
502	3	1148	9
502	3	1304	30
502	3	1878	20
503	3	574	29
503	3	887	20
503	3	1148	9
503	3	1461	12
503	3	1774	30
504	3	2087	30
505	3	1565	30
505	3	1930	9
506	3	1408	30
506	3	1669	9
507	3	2035	30
508	3	626	29
508	3	678	20
508	3	1148	30
508	3	1408	9
508	3	1722	12
510	3	2243	30
512	3	1043	30
512	3	1304	9
512	3	1617	20
512	3	1930	12
513	3	1095	30
513	3	1356	9
514	3	626	29
514	3	939	20
514	3	2087	9
515	3	521	29
515	3	834	20
515	3	1148	30
515	3	1408	9
515	3	1826	12
516	3	1669	30
516	3	2035	9
517	3	1513	30
517	3	1774	9
517	3	2295	20
518	3	1095	30
518	3	1356	9
518	3	1774	20
519	3	521	29
519	3	887	20
519	3	1408	9
519	3	1774	12
520	3	574	29
520	3	887	20
520	3	2295	9
521	3	574	29
521	3	887	20
521	3	1200	9
521	3	1513	12
521	3	1826	30
522	3	626	29
522	3	1095	20
522	3	1461	9
522	3	1774	12
522	3	2139	30
523	3	574	29
523	3	887	20
523	3	1722	9
524	3	2295	30
525	3	574	29
525	3	887	20
525	3	1252	9
525	3	1565	12
525	3	1878	30
526	3	2243	30
527	3	469	29
527	3	782	20
528	3	574	29
528	3	887	20
528	3	1461	9
529	3	626	29
529	3	678	20
529	3	991	30
529	3	1252	9
529	3	1565	12
530	3	1356	9
530	3	1565	30
530	3	1878	20
531	3	1200	9
531	3	1356	30
531	3	1669	20
532	3	991	30
532	3	1304	9
534	3	626	29
534	3	678	20
534	3	991	30
534	3	1252	9
534	3	1565	12
535	3	1722	30
536	3	1617	30
536	3	1930	9
537	3	521	29
537	3	1095	20
537	3	1669	9
538	3	469	29
538	3	782	20
538	3	1095	30
538	3	1408	9
539	3	574	29
539	3	887	20
540	3	1304	30
541	3	469	29
541	3	834	20
541	3	2139	9
542	3	834	29
542	3	1408	9
543	3	1252	9
543	3	1513	30
543	3	1826	20
543	3	2191	12
544	3	521	29
544	3	939	20
544	3	1304	9
544	3	1617	12
544	3	1930	30
545	3	887	29
546	3	1304	9
546	3	1461	30
546	3	1774	20
547	3	678	29
547	3	991	20
547	3	1408	9
547	3	1722	12
547	3	2035	30
548	3	1617	30
549	3	1408	9
549	3	1513	30
550	3	469	29
550	3	782	20
550	3	1095	30
550	3	1356	9
550	3	1669	12
551	3	469	29
551	3	782	20
551	3	1095	30
551	3	1356	9
551	3	1669	12
552	3	1565	9
552	3	1722	30
553	3	730	29
553	3	1252	9
554	3	469	29
554	3	782	20
554	3	1095	30
554	3	1356	9
554	3	1826	12
555	3	469	29
555	3	782	20
555	3	1095	30
555	3	1356	9
555	3	1669	12
556	3	678	29
556	3	1148	20
556	3	1408	9
556	3	1774	12
557	3	1669	30
558	3	417	29
558	3	730	20
559	3	1200	9
559	3	1356	30
559	3	1669	20
560	3	1617	30
561	3	1408	30
562	3	1095	30
562	3	1356	9
562	3	1669	20
563	3	730	29
563	3	1095	20
563	3	1408	9
563	3	1722	12
564	3	1617	30
564	3	2035	9
565	3	574	29
565	3	887	20
565	3	1148	9
565	3	1461	12
565	3	1774	30
566	3	574	29
566	3	887	20
567	3	782	29
567	3	1252	9
567	3	1774	20
568	3	521	29
568	3	834	20
568	3	1148	30
568	3	1408	9
568	3	1722	12
569	3	991	30
569	3	1252	9
569	3	1774	20
570	3	1408	9
570	3	1513	30
571	3	521	29
571	3	834	20
571	3	1930	9
572	3	1669	30
574	3	730	29
575	3	521	29
575	3	834	20
575	3	1148	30
575	3	1408	9
575	3	1722	12
576	3	1408	9
576	3	1513	30
577	3	626	29
577	3	678	20
577	3	991	30
577	3	1408	9
578	3	1304	30
578	3	2035	9
579	3	834	29
580	3	2191	30
581	3	1148	30
581	3	1408	9
581	3	1722	20
582	3	730	29
582	3	1304	9
582	3	2139	20
583	3	626	29
583	3	678	20
583	3	991	30
583	3	1252	9
583	3	1565	12
584	3	521	29
584	3	834	20
585	3	521	29
585	3	834	20
585	3	1148	30
585	3	1408	9
585	3	1722	12
586	3	521	29
586	3	1095	20
586	3	1408	9
586	3	1722	12
587	3	469	29
587	3	782	20
587	3	1095	30
587	3	1356	9
587	3	1669	12
588	3	521	29
588	3	887	20
588	3	1722	9
589	3	521	29
589	3	887	20
589	3	1356	9
589	3	2295	12
590	3	626	29
590	3	939	20
590	3	1565	9
591	3	1565	30
593	3	521	29
594	3	574	30
594	3	1722	9
594	3	2035	20
595	3	574	29
595	3	887	20
595	3	1200	9
595	3	1513	12
595	3	1826	30
596	3	1148	20
596	3	1356	30
596	3	1617	9
597	3	678	29
598	3	521	29
598	3	834	20
598	3	1878	9
599	3	574	29
599	3	887	20
599	3	1774	9
600	3	1722	30
601	3	626	29
601	3	939	20
602	3	1565	30
603	3	574	30
604	3	1200	9
604	3	1408	30
604	3	1722	20
604	3	2139	12
605	3	1356	30
605	3	1617	9
606	3	626	29
606	3	1095	20
606	3	1461	9
606	3	2087	12
607	3	521	29
607	3	834	20
607	3	1408	9
607	3	1826	12
607	3	2191	30
608	3	574	29
608	3	887	20
608	3	1461	9
611	3	574	30
611	3	1304	9
612	3	1252	9
612	3	1513	30
612	3	1826	20
613	3	1513	30
614	3	1304	9
614	3	1461	30
614	3	1774	20
615	3	626	30
615	3	1408	9
616	3	1200	9
616	3	1356	30
616	3	1774	20
617	3	2295	30
619	3	1043	30
619	3	2139	9
620	3	574	29
620	3	887	20
621	3	1043	30
621	3	1304	9
621	3	1617	20
622	3	469	29
622	3	782	20
623	3	1565	30
623	3	2139	9
624	3	469	29
624	3	782	20
625	3	1200	9
625	3	1408	30
625	3	1722	20
626	3	417	29
626	3	834	20
626	3	1408	9
626	3	1774	12
627	3	678	29
627	3	991	20
627	3	1669	9
628	3	626	29
628	3	1095	20
628	3	1722	9
629	3	991	30
629	3	1930	9
630	3	1252	9
630	3	1356	30
630	3	2191	20
631	3	834	29
631	3	1148	20
631	3	1513	9
631	3	1826	12
631	3	2139	30
632	3	574	29
632	3	887	20
632	3	1304	9
632	3	1878	12
632	3	2191	30
633	3	1565	30
634	3	1356	9
634	3	1513	30
635	3	1408	9
635	3	1617	30
637	3	1148	30
638	3	2243	30
639	3	521	29
639	3	834	20
639	3	1200	9
639	3	1513	12
639	3	1826	30
640	3	626	30
641	3	574	29
642	3	1408	30
642	3	1669	9
644	3	626	29
644	3	939	20
645	3	730	29
645	3	1148	20
645	3	1617	9
646	3	574	29
646	3	887	20
646	3	1148	9
646	3	1461	12
646	3	1774	30
647	3	1513	30
648	3	834	29
648	3	1200	9
648	3	1722	20
649	3	574	29
649	3	887	20
649	3	1565	9
650	3	1565	30
650	3	2035	9
651	3	626	29
651	3	939	20
652	3	626	29
652	3	991	20
652	3	1774	9
653	3	730	29
653	3	1095	20
653	3	1930	9
654	3	782	29
654	3	1774	9
655	3	574	30
655	3	1252	9
655	3	1826	20
656	3	521	29
656	3	1095	20
657	3	469	29
657	3	834	20
658	3	678	29
658	3	991	20
658	3	1304	9
658	3	1617	12
658	3	1930	30
659	3	1356	9
659	3	1408	30
659	3	1774	20
660	3	574	29
661	3	574	29
661	3	887	20
661	3	1461	9
662	3	678	29
662	3	1148	20
662	3	1565	9
663	3	1356	30
663	3	1617	9
664	3	521	29
664	3	834	20
664	3	1252	9
664	3	1617	12
664	3	1930	30
665	3	626	29
665	3	678	20
666	3	574	29
666	3	887	20
666	3	1826	9
666	3	2295	12
667	3	469	29
667	3	782	20
668	3	1043	30
668	3	1304	9
668	3	1878	20
669	3	1252	9
669	3	1356	30
669	3	1722	20
670	3	887	29
670	3	1252	9
670	3	2035	20
671	3	1200	30
672	3	991	30
672	3	1774	9
673	3	887	29
673	3	1304	9
674	3	1095	20
674	3	1408	30
674	3	1669	9
675	3	1148	30
675	3	1408	9
675	3	1722	20
676	3	574	29
676	3	887	20
676	3	1200	9
676	3	1565	12
676	3	1878	30
677	3	1148	20
677	3	1356	30
677	3	1617	9
678	3	574	29
678	3	887	20
678	3	2035	9
679	3	1565	30
680	3	1200	9
680	3	1461	30
680	3	1774	20
681	3	887	29
682	3	469	29
682	3	887	20
682	3	2087	9
683	3	1513	30
684	3	1200	9
684	3	1408	30
684	3	1722	20
685	3	626	29
685	3	1930	9
686	3	626	29
686	3	939	20
687	3	1617	30
688	3	1513	30
688	3	1774	9
689	3	1408	9
689	3	1513	30
690	3	521	29
691	3	626	29
691	3	939	20
691	3	1304	9
691	3	1617	12
691	3	1930	30
692	3	521	29
692	3	1043	20
692	3	1304	9
692	3	1617	12
692	3	1930	30
693	3	417	29
693	3	1043	20
693	3	1408	9
693	3	1774	12
694	3	678	29
694	3	991	20
694	3	1722	9
695	3	521	29
695	3	834	20
695	3	1878	9
695	3	2191	12
696	3	991	30
696	3	2087	9
697	3	521	29
697	3	834	20
697	3	1565	9
697	3	2035	12
698	3	1565	30
698	3	2139	9
699	3	834	29
699	3	1148	20
700	3	574	29
700	3	887	20
701	3	991	30
701	3	1252	9
701	3	1565	20
702	3	730	29
703	3	469	29
703	3	782	20
703	3	1304	9
703	3	1774	12
705	3	1095	30
705	3	1408	9
705	3	1930	20
705	3	2295	12
706	3	469	29
706	3	782	20
706	3	2035	9
707	3	574	29
707	3	887	20
708	3	1252	9
708	3	1461	30
708	3	1774	20
709	3	469	29
709	3	887	20
709	3	1356	9
709	3	1669	12
709	3	1982	30
710	3	521	29
710	3	887	20
710	3	1252	9
710	3	1565	12
710	3	1878	30
711	3	1356	9
711	3	1408	30
711	3	1774	20
712	3	991	30
712	3	1252	9
712	3	1774	20
713	3	1774	30
714	3	626	29
714	3	678	20
714	3	991	30
714	3	1878	9
715	3	887	29
715	3	1304	9
716	3	574	29
716	3	887	20
716	3	1148	9
716	3	1461	12
716	3	1774	30
717	3	1200	9
717	3	1408	30
717	3	1722	20
717	3	2087	12
718	3	574	29
718	3	887	20
718	3	1304	9
718	3	1722	12
718	3	2035	30
719	3	834	29
720	3	2243	30
721	3	678	29
721	3	1148	20
721	3	1722	9
722	3	469	29
722	3	782	20
722	3	1095	30
722	3	1356	9
722	3	1669	12
723	3	782	29
723	3	2035	9
724	3	1930	30
724	3	2295	9
725	3	574	29
725	3	887	20
725	3	1408	9
725	3	1826	12
726	3	1095	20
726	3	1356	30
726	3	1617	9
727	3	1669	30
728	3	2191	30
729	3	678	29
729	3	730	20
730	3	782	29
730	3	1252	9
731	3	521	29
731	3	834	20
731	3	1982	9
732	3	678	29
732	3	991	20
733	3	574	29
733	3	887	20
733	3	1461	9
733	3	1774	12
734	3	469	29
734	3	782	20
734	3	1617	9
734	3	2087	12
735	3	2243	30
736	3	1095	30
736	3	1408	9
737	3	574	29
737	3	887	20
737	3	1513	9
737	3	1878	12
737	3	2191	30
738	3	626	29
738	3	939	20
738	3	1304	9
738	3	1617	12
738	3	1930	30
739	3	1304	9
739	3	1461	30
739	3	1774	20
741	3	678	29
741	3	991	20
742	3	574	29
742	3	887	20
742	3	1148	9
742	3	1461	12
742	3	1774	30
743	3	521	29
743	3	834	20
743	3	1826	9
743	3	2191	12
744	3	1304	9
744	3	1461	30
744	3	1774	20
745	3	1095	30
746	3	1513	30
746	3	1774	9
747	3	834	29
747	3	1408	9
749	3	1461	30
750	3	626	29
750	3	991	20
751	3	1252	30
752	3	991	30
752	3	1252	9
752	3	1617	20
752	3	2087	12
753	3	574	29
753	3	887	20
753	3	1252	9
753	3	1669	12
753	3	1982	30
754	3	574	29
754	3	887	20
754	3	1461	9
755	3	574	29
755	3	887	20
755	3	1930	9
756	3	574	29
756	3	887	20
756	3	1148	9
756	3	1461	12
756	3	1774	30
757	3	1669	30
757	3	2139	9
758	3	574	29
758	3	887	20
758	3	1513	9
759	3	1461	30
760	3	730	29
761	3	834	29
761	3	1408	9
761	3	1982	20
762	3	521	29
762	3	939	20
762	3	1722	9
763	3	1408	9
763	3	1461	30
763	3	1930	20
764	3	834	29
765	3	469	29
765	3	782	20
765	3	1982	9
766	3	574	29
766	3	887	20
767	3	1408	9
767	3	1461	30
767	3	2035	20
768	3	1565	30
769	3	782	29
771	3	1356	9
771	3	1461	30
771	3	1774	20
772	3	1826	30
772	3	2139	9
773	3	1513	30
774	3	521	29
774	3	834	20
774	3	1148	30
774	3	1408	9
774	3	1722	12
775	3	1304	30
776	3	469	29
776	3	782	20
776	3	1095	30
776	3	1356	9
776	3	1669	12
778	3	574	29
778	3	887	20
779	3	2295	30
780	3	626	29
780	3	939	20
781	3	521	29
781	3	939	20
781	3	1461	9
782	3	782	29
782	3	1565	9
783	3	1513	30
784	3	469	29
784	3	782	20
784	3	1878	9
785	3	730	29
786	3	574	30
787	3	1669	30
787	3	1930	9
788	3	469	29
788	3	834	20
789	3	1252	9
789	3	1461	30
789	3	1774	20
790	3	626	30
790	3	1461	9
790	3	2191	20
791	3	1617	30
791	3	2243	9
792	3	730	29
793	3	521	29
793	3	834	20
793	3	1669	9
793	3	1982	12
793	3	2295	30
794	3	521	29
794	3	834	20
794	3	1982	9
795	3	1617	30
795	3	2139	9
796	3	1774	30
797	3	574	29
797	3	887	20
798	3	782	29
798	3	1565	9
798	3	2035	20
800	3	1513	30
801	3	1669	30
801	3	1930	9
802	3	521	29
802	3	991	20
803	3	574	29
803	3	887	20
803	3	1513	9
803	3	1826	12
803	3	2139	30
804	3	574	29
804	3	887	20
804	3	1982	9
806	3	1774	30
807	3	626	29
807	3	678	20
807	3	991	30
807	3	1252	9
807	3	1565	12
808	3	2295	30
809	3	1826	30
809	3	2243	9
810	3	521	29
810	3	834	20
810	3	1565	9
810	3	2191	12
811	3	521	29
811	3	834	20
811	3	1982	9
812	3	417	29
812	3	782	20
812	3	1356	9
812	3	1774	12
812	3	2087	30
813	3	626	29
813	3	1200	9
814	3	887	29
815	3	417	29
815	3	730	20
816	3	1304	9
816	3	1513	30
816	3	1826	20
818	3	678	29
818	3	1095	20
818	3	1930	9
819	3	1565	30
820	3	626	29
820	3	2139	9
821	3	1408	30
821	3	1669	9
822	3	521	29
822	3	834	20
822	3	1774	9
822	3	2191	12
823	3	626	29
823	3	678	20
823	3	991	30
823	3	1252	9
823	3	1565	12
824	3	1200	9
824	3	1461	30
824	3	1774	20
825	3	1095	30
825	3	1356	9
825	3	1669	20
826	3	1043	30
826	3	1304	9
826	3	1617	20
827	3	678	29
828	3	1408	30
828	3	1669	9
829	3	2243	30
830	3	1513	30
830	3	1774	9
831	3	469	29
831	3	782	20
831	3	1200	9
831	3	1513	12
831	3	1826	30
832	3	626	29
832	3	939	20
832	3	1200	9
832	3	1513	12
832	3	1826	30
833	3	1461	9
833	3	1565	30
834	3	574	29
834	3	887	20
834	3	1252	9
834	3	1617	12
834	3	1930	30
835	3	782	29
835	3	1461	9
836	3	2295	30
837	3	1617	30
837	3	1878	9
838	3	417	29
838	3	730	20
838	3	1356	9
838	3	1774	12
838	3	2087	30
839	3	1617	9
839	3	1669	30
839	3	2295	20
840	3	417	29
840	3	730	20
840	3	1043	30
840	3	1304	9
840	3	1617	12
841	3	626	29
841	3	939	20
842	3	1148	9
842	3	1304	30
842	3	1617	20
843	3	574	29
843	3	887	20
843	3	1148	9
843	3	1461	12
843	3	1774	30
844	3	1617	30
845	3	1513	9
845	3	1565	30
846	3	1513	30
847	3	1408	9
847	3	1565	30
847	3	1878	20
848	3	469	29
848	3	782	20
848	3	1095	30
848	3	1356	9
848	3	1669	12
850	3	521	29
850	3	834	20
850	3	1148	9
850	3	1461	12
850	3	1774	30
852	3	991	30
853	3	1669	30
853	3	1930	9
854	3	1148	9
854	3	1513	30
855	3	574	29
855	3	887	20
856	3	678	29
856	3	2035	9
857	3	1617	30
858	3	834	29
858	3	1148	20
858	3	1565	9
860	3	1774	30
861	3	626	29
861	3	939	20
862	3	1722	30
863	3	469	29
863	3	782	20
863	3	1200	9
863	3	1565	12
863	3	1878	30
864	3	469	29
864	3	782	20
864	3	1095	30
864	3	1356	9
864	3	1669	12
865	3	521	29
865	3	834	20
866	3	574	29
866	3	887	20
866	3	1930	9
867	3	521	29
867	3	1669	9
868	3	626	29
868	3	939	20
869	3	1095	30
869	3	1356	9
869	3	1669	20
870	3	1252	9
870	3	1461	30
871	3	1304	9
871	3	1461	30
873	3	521	29
873	3	834	20
873	3	1148	9
873	3	1461	12
873	3	1774	30
875	3	417	29
875	3	834	20
875	3	1722	9
876	3	521	29
876	3	834	20
877	3	521	29
877	3	834	20
877	3	1148	30
877	3	1408	9
877	3	1722	12
878	3	1461	30
878	3	1722	9
878	3	2087	20
879	3	678	29
879	3	1565	9
880	3	626	29
880	3	678	20
880	3	991	30
880	3	1304	9
880	3	1878	12
881	3	991	30
882	3	1461	9
882	3	1565	30
883	3	1774	30
884	3	574	29
884	3	887	20
885	3	678	29
885	3	1095	30
885	3	1356	9
885	3	1669	12
886	3	1461	30
886	3	1826	9
887	3	521	29
887	3	991	20
888	3	782	29
889	3	1722	30
889	3	2087	9
890	3	1565	30
890	3	1826	9
890	3	2139	20
891	3	574	29
891	3	887	20
892	3	1878	30
892	3	2295	9
893	3	626	29
893	3	939	20
894	3	678	29
894	3	991	20
895	3	417	29
895	3	1513	9
895	3	2139	20
896	3	626	29
896	3	939	20
897	3	574	29
897	3	887	20
897	3	1513	9
898	3	469	29
898	3	782	20
898	3	1252	9
898	3	1565	12
898	3	1878	30
899	3	521	29
899	3	834	20
899	3	1252	9
899	3	1565	12
899	3	1878	30
900	3	1043	30
900	3	1461	9
901	3	574	29
901	3	887	20
902	3	887	29
902	3	1148	9
902	3	1461	20
902	3	1774	12
902	3	2191	30
903	3	417	29
903	3	782	20
903	3	1304	9
903	3	1774	12
903	3	2087	30
905	3	1461	30
905	3	1722	9
906	3	521	29
906	3	834	20
907	3	2139	30
908	3	574	29
908	3	887	20
908	3	1565	9
909	3	2243	30
910	3	1356	9
910	3	1461	30
911	3	1043	30
912	3	678	29
912	3	730	20
913	3	1461	9
913	3	1565	30
913	3	2191	20
914	3	1095	20
914	3	1356	30
914	3	1617	9
915	3	1513	30
915	3	1774	9
916	3	521	29
916	3	887	20
916	3	1304	9
916	3	1617	12
917	3	782	29
917	3	1878	9
918	3	1304	9
918	3	1513	30
919	3	1565	30
920	3	1356	30
920	3	2087	9
921	3	782	29
922	3	678	29
922	3	1565	9
922	3	1982	20
923	3	1617	30
924	3	521	29
924	3	887	20
924	3	1252	9
924	3	1565	12
924	3	1878	30
925	3	626	29
925	3	939	20
926	3	521	29
926	3	991	20
926	3	1513	9
926	3	1930	12
926	3	2243	30
927	3	887	29
927	3	1148	9
927	3	1565	20
929	3	574	29
929	3	887	20
929	3	1513	9
930	3	1252	30
931	3	574	29
931	3	887	20
931	3	1148	9
931	3	1461	12
931	3	1774	30
932	3	1408	9
932	3	1461	30
932	3	1930	20
933	3	1408	9
933	3	1513	30
933	3	1826	20
934	3	1356	30
934	3	1617	9
935	3	417	29
935	3	730	20
936	3	887	29
936	3	1982	9
937	3	2035	9
937	3	2087	30
938	3	1252	9
938	3	1408	30
938	3	1774	20
939	3	1356	30
940	3	469	29
940	3	991	20
940	3	1408	9
940	3	1722	12
940	3	2035	30
941	3	469	29
941	3	782	20
941	3	1200	9
941	3	1617	12
941	3	1930	30
942	3	469	29
942	3	782	20
942	3	1200	9
942	3	1513	12
942	3	1826	30
943	3	2139	30
944	3	834	29
944	3	1148	9
944	3	1982	20
945	3	1722	30
946	3	834	29
946	3	1252	9
946	3	1982	20
947	3	626	29
947	3	939	20
947	3	1200	9
947	3	1513	12
947	3	1826	30
948	3	574	29
948	3	887	20
948	3	1774	9
949	3	417	29
949	3	730	20
949	3	1043	30
949	3	1304	9
949	3	1617	12
950	3	626	29
950	3	678	20
950	3	991	30
950	3	1304	9
951	3	2243	30
952	3	1982	30
953	3	626	29
953	3	678	20
953	3	1408	9
953	3	1774	12
954	3	469	29
954	3	782	20
954	3	1252	9
954	3	1930	12
954	3	2243	30
955	3	2295	30
956	3	782	29
957	3	1617	30
958	3	1148	30
960	3	626	29
960	3	991	20
960	3	1774	9
961	3	678	29
961	3	991	20
961	3	1930	9
963	3	574	29
963	3	887	20
963	3	2295	9
964	3	469	29
964	3	782	20
964	3	1200	9
964	3	1513	12
964	3	1826	30
965	3	1252	9
965	3	1461	30
965	3	1774	20
966	3	521	29
966	3	834	20
966	3	1878	9
967	3	1617	30
968	3	678	29
968	3	1461	9
968	3	2035	20
969	3	574	29
969	3	1043	20
969	3	1513	9
969	3	2087	12
971	3	521	29
971	3	834	20
971	3	1408	9
971	3	2139	12
972	3	521	29
972	3	834	20
972	3	1148	30
972	3	1408	9
972	3	1722	12
973	3	730	29
974	3	574	29
974	3	939	20
975	3	1669	30
976	3	626	29
976	3	1043	20
976	3	1408	9
976	3	1774	12
976	3	2139	30
977	3	1774	30
978	3	626	29
978	3	939	20
978	3	1461	9
979	3	1461	9
979	3	1513	30
979	3	2191	20
980	3	1826	30
981	3	991	30
981	3	1252	9
981	3	1565	20
982	3	469	29
982	3	782	20
983	3	521	29
983	3	834	20
984	3	1148	30
984	3	1408	9
984	3	1722	20
985	3	1304	9
985	3	1408	30
985	3	1722	20
987	3	1304	30
988	3	626	29
988	3	939	20
989	3	521	29
989	3	834	20
990	3	1878	30
992	3	1774	30
995	3	521	29
995	3	834	20
995	3	1774	9
996	3	1513	30
998	3	678	29
998	3	991	20
998	3	1252	9
998	3	1565	12
998	3	1878	30
999	3	1669	30
0	4	626	29
0	4	991	30
1	4	626	29
1	4	991	30
2	4	730	29
3	4	1148	28
3	4	1461	30
4	4	574	29
4	4	1826	30
4	4	2191	28
5	4	574	29
6	4	417	29
7	4	991	28
7	4	1304	30
8	4	782	29
8	4	2035	30
9	4	1982	28
9	4	2295	30
10	4	521	29
12	4	1252	30
13	4	1200	30
14	4	469	29
15	4	469	29
16	4	574	29
17	4	574	29
18	4	417	29
19	4	1878	28
19	4	2191	30
20	4	678	29
20	4	2243	30
21	4	417	29
21	4	1043	30
22	4	887	29
23	4	521	29
24	4	469	29
24	4	2243	30
25	4	1565	28
25	4	1878	30
26	4	730	29
27	4	469	29
28	4	834	29
28	4	2087	30
29	4	887	29
30	4	1252	28
30	4	1565	30
31	4	626	29
32	4	1148	28
32	4	1461	30
33	4	521	29
34	4	469	29
35	4	574	29
36	4	678	29
37	4	678	29
38	4	626	29
39	4	574	29
40	4	574	29
40	4	1774	30
41	4	834	29
42	4	1043	28
42	4	1356	30
43	4	417	29
44	4	1669	30
45	4	730	29
46	4	469	29
47	4	1304	30
48	4	2243	30
49	4	469	29
49	4	2087	30
50	4	1669	30
51	4	1513	28
51	4	1826	30
52	4	834	29
53	4	626	29
53	4	1878	30
53	4	2243	28
55	4	626	29
56	4	1148	28
56	4	1461	30
57	4	469	29
57	4	1095	30
58	4	626	29
59	4	521	29
59	4	2191	30
60	4	1252	30
61	4	626	29
62	4	574	29
62	4	2087	30
63	4	417	29
64	4	1930	28
64	4	2243	30
65	4	574	29
66	4	1200	28
66	4	1513	30
67	4	834	29
68	4	1408	28
68	4	1722	30
69	4	678	29
70	4	678	29
71	4	1148	28
71	4	1461	30
73	4	1669	28
73	4	1982	30
74	4	574	29
75	4	626	29
76	4	1356	28
76	4	1669	30
77	4	1617	30
78	4	1513	30
79	4	834	29
80	4	626	29
81	4	574	29
82	4	730	29
83	4	1148	28
83	4	1461	30
84	4	574	29
85	4	1774	30
86	4	1148	30
87	4	417	29
87	4	1043	30
88	4	730	29
89	4	626	29
90	4	1200	28
90	4	1513	30
91	4	730	29
92	4	521	29
93	4	1304	28
93	4	1617	30
94	4	1930	28
94	4	2243	30
95	4	730	29
96	4	1043	28
96	4	1356	30
97	4	1408	30
98	4	1408	28
98	4	1722	30
99	4	1200	30
100	4	1461	30
101	4	574	29
102	4	626	29
103	4	887	29
104	4	417	29
104	4	2139	30
106	4	730	29
106	4	1982	30
107	4	574	29
107	4	2139	30
108	4	574	29
109	4	1356	28
109	4	1669	30
110	4	574	29
111	4	730	29
112	4	574	29
113	4	521	29
114	4	678	29
115	4	1252	28
115	4	1565	30
116	4	1252	28
116	4	1565	30
117	4	1356	28
117	4	1669	30
118	4	1200	28
118	4	1513	30
119	4	1148	28
119	4	1461	30
120	4	730	29
121	4	1408	30
122	4	626	29
122	4	1043	30
123	4	2035	28
124	4	678	29
124	4	991	30
125	4	626	29
126	4	469	29
126	4	1148	30
127	4	574	29
128	4	521	29
128	4	2295	30
129	4	1148	28
129	4	1461	30
130	4	417	29
131	4	626	29
131	4	1982	30
132	4	574	29
133	4	730	29
134	4	991	28
134	4	1304	30
135	4	521	29
136	4	469	29
136	4	1095	30
137	4	678	29
138	4	574	29
138	4	1774	30
139	4	626	29
139	4	1826	30
139	4	2139	28
140	4	1878	30
141	4	521	29
141	4	1148	30
142	4	678	29
143	4	1252	28
143	4	1565	30
145	4	1148	28
145	4	1461	30
146	4	574	29
147	4	574	29
148	4	1356	28
148	4	1669	30
149	4	574	29
149	4	1878	30
150	4	469	29
151	4	991	30
152	4	469	29
152	4	2035	30
153	4	574	29
154	4	574	29
154	4	1826	30
155	4	521	29
155	4	1148	30
156	4	521	29
156	4	2139	30
158	4	469	29
159	4	574	29
159	4	1878	30
160	4	834	29
161	4	1513	28
161	4	1826	30
162	4	1095	28
162	4	1408	30
163	4	1200	30
164	4	469	29
165	4	678	29
166	4	1826	28
166	4	2139	30
167	4	1356	30
169	4	626	29
169	4	991	30
170	4	574	29
170	4	1774	30
171	4	1043	28
171	4	1722	30
172	4	1095	28
172	4	1408	30
173	4	1252	28
173	4	1565	30
174	4	626	30
175	4	521	29
175	4	2139	30
176	4	521	29
177	4	1565	28
177	4	1878	30
178	4	2035	28
179	4	574	29
180	4	1304	30
181	4	521	29
182	4	417	29
183	4	521	29
184	4	1200	30
185	4	678	29
186	4	2087	28
187	4	834	29
188	4	1200	30
189	4	991	28
189	4	1304	30
190	4	1148	28
190	4	1461	30
191	4	626	29
192	4	730	29
193	4	678	29
194	4	678	29
196	4	469	29
196	4	1095	30
196	4	2087	28
198	4	678	29
198	4	2191	30
199	4	521	29
199	4	2087	30
200	4	1200	28
200	4	1513	30
201	4	1669	28
201	4	1982	30
202	4	834	29
203	4	574	30
204	4	574	29
205	4	1200	28
205	4	1513	30
206	4	521	29
206	4	1148	30
206	4	2087	28
207	4	626	29
207	4	2191	30
208	4	521	29
209	4	2295	28
210	4	417	29
211	4	1461	28
211	4	1774	30
212	4	834	29
213	4	1617	28
213	4	1930	30
214	4	574	30
215	4	1252	28
215	4	1565	30
216	4	887	29
217	4	1148	28
217	4	1461	30
218	4	574	29
219	4	2087	28
220	4	1513	30
221	4	417	29
222	4	1878	28
222	4	2191	30
223	4	574	30
224	4	1148	28
224	4	1461	30
225	4	574	29
225	4	1774	30
226	4	469	29
227	4	626	29
228	4	521	29
228	4	1148	30
229	4	626	29
230	4	469	29
231	4	469	29
232	4	574	29
232	4	1878	30
233	4	1200	28
233	4	1513	30
235	4	1304	28
235	4	1617	30
236	4	834	29
237	4	626	30
238	4	1200	30
239	4	1252	28
239	4	1565	30
240	4	521	29
240	4	2035	30
241	4	887	29
242	4	678	29
243	4	469	29
243	4	1095	30
244	4	417	29
245	4	1356	30
246	4	2243	30
248	4	521	29
249	4	521	29
250	4	521	29
250	4	1148	30
251	4	730	29
252	4	1513	30
253	4	834	29
255	4	1095	30
256	4	574	30
257	4	1095	28
257	4	1408	30
258	4	626	29
258	4	991	30
259	4	521	29
260	4	626	29
262	4	991	30
263	4	730	29
264	4	574	29
265	4	626	29
266	4	521	29
267	4	521	29
268	4	1043	28
268	4	1356	30
269	4	626	29
270	4	1043	28
270	4	1513	30
271	4	782	29
271	4	2087	30
272	4	521	29
272	4	1148	30
272	4	2295	28
273	4	2139	28
274	4	1148	28
274	4	1461	30
275	4	1669	30
276	4	2139	28
277	4	887	29
278	4	1252	28
278	4	1565	30
279	4	1304	28
279	4	1617	30
280	4	626	29
282	4	1617	30
283	4	1148	28
283	4	1461	30
284	4	574	29
284	4	1774	30
285	4	1095	28
285	4	1408	30
286	4	469	29
286	4	1930	30
287	4	1304	28
287	4	1617	30
288	4	626	29
289	4	1200	30
291	4	782	29
292	4	1617	30
293	4	521	29
293	4	1148	30
294	4	574	29
295	4	1148	28
295	4	1461	30
296	4	521	29
297	4	1408	30
298	4	1200	28
298	4	1513	30
299	4	574	29
300	4	1148	30
301	4	521	29
302	4	626	29
303	4	469	29
303	4	1095	30
304	4	521	29
306	4	521	29
306	4	1148	30
307	4	469	29
308	4	417	29
309	4	521	29
309	4	1148	30
310	4	678	29
310	4	1930	30
310	4	2243	28
311	4	1722	28
311	4	2035	30
312	4	834	29
313	4	782	29
314	4	1252	28
314	4	1565	30
315	4	574	29
316	4	2035	28
317	4	1200	28
317	4	1513	30
318	4	1304	28
318	4	1617	30
319	4	1878	28
319	4	2191	30
320	4	1148	28
320	4	1461	30
321	4	626	29
321	4	991	30
322	4	469	29
323	4	1930	28
323	4	2243	30
324	4	1356	28
324	4	1669	30
325	4	1252	28
325	4	1565	30
326	4	574	29
327	4	1148	28
327	4	1461	30
328	4	626	30
329	4	1304	28
329	4	1617	30
330	4	730	29
331	4	626	29
331	4	991	30
332	4	678	29
333	4	574	29
334	4	1200	28
334	4	1513	30
335	4	574	29
336	4	626	29
337	4	991	28
337	4	1408	30
338	4	1043	30
339	4	626	29
340	4	1200	28
340	4	1513	30
341	4	1148	28
341	4	1461	30
342	4	521	29
342	4	1148	30
343	4	574	29
344	4	1930	28
344	4	2243	30
345	4	574	29
346	4	417	29
346	4	1878	30
347	4	678	29
348	4	574	29
349	4	574	29
349	4	1774	30
350	4	2139	28
351	4	574	29
352	4	730	29
353	4	574	29
354	4	469	29
354	4	1095	30
355	4	626	29
356	4	887	29
357	4	678	29
358	4	1148	28
358	4	1461	30
360	4	887	29
361	4	626	29
362	4	1304	30
364	4	574	29
365	4	1722	30
366	4	782	29
367	4	521	29
368	4	574	29
368	4	1774	30
369	4	574	29
370	4	626	30
371	4	469	29
372	4	678	29
373	4	1043	30
374	4	1356	28
374	4	1669	30
375	4	1304	28
375	4	1617	30
376	4	574	29
377	4	1200	28
377	4	1513	30
378	4	1043	28
378	4	1356	30
379	4	730	29
380	4	678	29
381	4	678	29
382	4	626	29
383	4	1461	30
384	4	626	29
385	4	782	29
386	4	417	29
387	4	626	29
387	4	1826	30
388	4	2087	28
389	4	574	29
390	4	521	29
391	4	626	29
391	4	2243	30
392	4	1043	30
393	4	521	29
394	4	782	29
395	4	887	29
396	4	574	29
396	4	1774	30
397	4	1200	28
397	4	1513	30
398	4	574	29
399	4	469	29
400	4	626	29
401	4	2035	28
402	4	574	29
403	4	1982	28
403	4	2295	30
404	4	1148	28
404	4	1461	30
405	4	1148	28
405	4	1461	30
406	4	574	29
407	4	1095	28
407	4	1408	30
409	4	1200	30
410	4	1043	30
411	4	417	29
411	4	1043	30
412	4	626	29
412	4	991	30
412	4	2243	28
413	4	574	29
413	4	1774	30
414	4	678	29
414	4	2191	30
415	4	626	29
416	4	1513	30
417	4	521	29
418	4	521	29
418	4	1878	30
419	4	417	29
419	4	1878	30
420	4	1043	28
420	4	1356	30
421	4	1982	28
421	4	2295	30
422	4	834	29
423	4	1095	30
424	4	521	29
424	4	1148	30
425	4	574	29
426	4	991	28
426	4	1304	30
427	4	1982	28
427	4	2295	30
428	4	574	29
429	4	417	29
430	4	521	29
431	4	521	29
432	4	626	29
432	4	1878	30
433	4	730	29
434	4	626	29
434	4	1826	30
435	4	469	29
435	4	2295	30
436	4	574	29
436	4	1774	30
437	4	521	29
438	4	417	29
439	4	1043	30
440	4	678	29
441	4	1826	30
442	4	678	29
443	4	730	29
444	4	1617	28
444	4	1930	30
445	4	574	29
446	4	730	29
447	4	1669	30
448	4	1095	30
449	4	1982	28
449	4	2295	30
450	4	2139	28
451	4	730	29
451	4	2087	30
452	4	469	29
453	4	521	29
453	4	1148	30
454	4	1408	28
454	4	1722	30
455	4	1095	28
455	4	1408	30
456	4	1200	28
456	4	1513	30
457	4	678	29
458	4	1826	30
459	4	1043	30
460	4	574	29
461	4	521	29
462	4	782	29
463	4	521	29
463	4	1878	30
464	4	1043	30
465	4	574	29
466	4	574	29
467	4	469	29
468	4	574	29
469	4	521	29
469	4	1148	30
470	4	1617	30
471	4	1304	30
472	4	469	29
473	4	626	29
474	4	521	29
474	4	1930	30
475	4	991	30
476	4	1461	30
477	4	1095	30
478	4	782	29
480	4	782	29
481	4	574	29
481	4	1826	30
482	4	782	29
483	4	1565	28
483	4	1878	30
484	4	1982	28
484	4	2295	30
485	4	1200	28
485	4	1513	30
486	4	1200	28
486	4	1513	30
487	4	574	29
488	4	1252	28
488	4	1565	30
489	4	574	29
489	4	1774	30
490	4	834	29
490	4	2087	30
491	4	678	29
492	4	1043	30
493	4	991	28
494	4	521	29
495	4	1095	28
495	4	1408	30
496	4	730	29
496	4	2139	30
497	4	469	29
498	4	574	29
499	4	730	29
500	4	521	29
500	4	1148	30
501	4	1200	28
501	4	1513	30
502	4	991	28
502	4	1304	30
503	4	574	29
503	4	1774	30
504	4	2087	30
505	4	1252	28
505	4	1565	30
506	4	1095	28
506	4	1408	30
507	4	1722	28
507	4	2035	30
508	4	626	29
508	4	1148	30
510	4	1930	28
510	4	2243	30
512	4	1043	30
513	4	1095	30
514	4	626	29
515	4	521	29
515	4	1148	30
516	4	1356	28
516	4	1669	30
517	4	1200	28
517	4	1513	30
518	4	1095	30
519	4	521	29
520	4	574	29
521	4	574	29
521	4	1826	30
522	4	626	29
522	4	2139	30
523	4	574	29
524	4	1982	28
524	4	2295	30
525	4	574	29
525	4	1878	30
526	4	1930	28
526	4	2243	30
527	4	469	29
528	4	574	29
529	4	626	29
529	4	991	30
530	4	1252	28
530	4	1565	30
531	4	1043	28
531	4	1356	30
532	4	991	30
533	4	2087	28
534	4	626	29
534	4	991	30
535	4	1722	30
536	4	1304	28
536	4	1617	30
537	4	521	29
538	4	469	29
538	4	1095	30
539	4	574	29
540	4	1304	30
541	4	469	29
542	4	834	29
543	4	1200	28
543	4	1513	30
544	4	521	29
544	4	1930	30
545	4	887	29
546	4	1148	28
546	4	1461	30
547	4	678	29
547	4	2035	30
548	4	1304	28
548	4	1617	30
549	4	1200	28
549	4	1513	30
550	4	469	29
550	4	1095	30
551	4	469	29
551	4	1095	30
552	4	1408	28
552	4	1722	30
553	4	730	29
554	4	469	29
554	4	1095	30
555	4	469	29
555	4	1095	30
556	4	678	29
557	4	1669	30
558	4	417	29
559	4	1043	28
559	4	1356	30
560	4	1304	28
560	4	1617	30
561	4	1095	28
561	4	1408	30
562	4	1095	30
563	4	730	29
564	4	1304	28
564	4	1617	30
565	4	574	29
565	4	1774	30
566	4	574	29
567	4	782	29
568	4	521	29
568	4	1148	30
569	4	991	30
570	4	1200	28
570	4	1513	30
571	4	521	29
572	4	1356	28
572	4	1669	30
573	4	2243	28
574	4	730	29
575	4	521	29
575	4	1148	30
576	4	1200	28
576	4	1513	30
577	4	626	29
577	4	991	30
578	4	991	28
578	4	1304	30
579	4	834	29
580	4	2191	30
581	4	1148	30
582	4	730	29
583	4	626	29
583	4	991	30
584	4	521	29
585	4	521	29
585	4	1148	30
586	4	521	29
587	4	469	29
587	4	1095	30
588	4	521	29
589	4	521	29
590	4	626	29
591	4	1565	30
593	4	521	29
594	4	574	30
595	4	574	29
595	4	1826	30
596	4	1043	28
596	4	1356	30
597	4	678	29
598	4	521	29
599	4	574	29
600	4	1722	30
601	4	626	29
602	4	1252	28
602	4	1565	30
603	4	574	30
604	4	1095	28
604	4	1408	30
605	4	1043	28
605	4	1356	30
606	4	626	29
607	4	521	29
607	4	2191	30
608	4	574	29
610	4	2139	28
611	4	574	30
612	4	1200	28
612	4	1513	30
613	4	1200	28
613	4	1513	30
614	4	1148	28
614	4	1461	30
615	4	626	30
616	4	1043	28
616	4	1356	30
617	4	1982	28
617	4	2295	30
618	4	2191	28
619	4	1043	30
620	4	574	29
621	4	1043	30
622	4	469	29
623	4	1252	28
623	4	1565	30
624	4	469	29
625	4	1095	28
625	4	1408	30
626	4	417	29
627	4	678	29
628	4	626	29
629	4	991	30
630	4	1043	28
630	4	1356	30
631	4	834	29
631	4	2139	30
632	4	574	29
632	4	2191	30
633	4	1252	28
633	4	1565	30
634	4	1200	28
634	4	1513	30
635	4	1304	28
635	4	1617	30
636	4	2139	28
637	4	1148	30
638	4	1930	28
638	4	2243	30
639	4	521	29
639	4	1826	30
640	4	626	30
641	4	574	29
642	4	1095	28
642	4	1408	30
643	4	2243	28
644	4	626	29
645	4	730	29
646	4	574	29
646	4	1774	30
647	4	1513	30
648	4	834	29
649	4	574	29
650	4	1565	30
651	4	626	29
652	4	626	29
653	4	730	29
654	4	782	29
655	4	574	30
656	4	521	29
657	4	469	29
658	4	678	29
658	4	1930	30
659	4	1095	28
659	4	1408	30
660	4	574	29
661	4	574	29
662	4	678	29
663	4	1043	28
663	4	1356	30
664	4	521	29
664	4	1930	30
665	4	626	29
666	4	574	29
667	4	469	29
668	4	1043	30
669	4	1043	28
669	4	1356	30
670	4	887	29
671	4	1200	30
672	4	991	30
673	4	887	29
674	4	1095	28
674	4	1408	30
675	4	1148	30
676	4	574	29
676	4	1878	30
677	4	1043	28
677	4	1356	30
678	4	574	29
679	4	1252	28
679	4	1565	30
680	4	1148	28
680	4	1461	30
681	4	887	29
682	4	469	29
683	4	1200	28
683	4	1513	30
684	4	1095	28
684	4	1408	30
685	4	626	29
686	4	626	29
687	4	1304	28
687	4	1617	30
688	4	1200	28
688	4	1513	30
689	4	1200	28
689	4	1513	30
690	4	521	29
691	4	626	29
691	4	1930	30
692	4	521	29
692	4	1930	30
693	4	417	29
694	4	678	29
695	4	521	29
696	4	991	30
697	4	521	29
698	4	1565	30
699	4	834	29
700	4	574	29
701	4	991	30
702	4	730	29
703	4	469	29
704	4	2035	28
705	4	1095	30
706	4	469	29
707	4	574	29
708	4	1148	28
708	4	1461	30
709	4	469	29
709	4	1982	30
710	4	521	29
710	4	1878	30
711	4	1095	28
711	4	1408	30
712	4	991	30
713	4	1774	30
714	4	626	29
714	4	991	30
715	4	887	29
716	4	574	29
716	4	1774	30
717	4	1095	28
717	4	1408	30
718	4	574	29
718	4	2035	30
719	4	834	29
720	4	1930	28
720	4	2243	30
721	4	678	29
722	4	469	29
722	4	1095	30
723	4	782	29
724	4	991	28
724	4	1930	30
725	4	574	29
726	4	1043	28
726	4	1356	30
727	4	1356	28
727	4	1669	30
728	4	1878	28
728	4	2191	30
729	4	678	29
730	4	782	29
731	4	521	29
732	4	678	29
733	4	574	29
734	4	469	29
735	4	1930	28
735	4	2243	30
736	4	1095	30
737	4	574	29
737	4	2191	30
738	4	626	29
738	4	1930	30
738	4	2295	28
739	4	1148	28
739	4	1461	30
741	4	678	29
742	4	574	29
742	4	1774	30
743	4	521	29
744	4	1148	28
744	4	1461	30
745	4	1095	30
746	4	1200	28
746	4	1513	30
747	4	834	29
748	4	2035	28
749	4	1148	28
749	4	1461	30
750	4	626	29
751	4	1252	30
752	4	991	30
753	4	574	29
753	4	1982	30
754	4	574	29
755	4	574	29
756	4	574	29
756	4	1774	30
757	4	1669	30
758	4	574	29
759	4	1461	30
760	4	730	29
761	4	834	29
762	4	521	29
763	4	1148	28
763	4	1461	30
764	4	834	29
765	4	469	29
766	4	574	29
767	4	1148	28
767	4	1461	30
768	4	1252	28
768	4	1565	30
769	4	782	29
770	4	2035	28
771	4	1148	28
771	4	1461	30
772	4	1304	28
772	4	1826	30
773	4	1513	30
774	4	521	29
774	4	1148	30
775	4	1304	30
776	4	469	29
776	4	1095	30
777	4	2035	28
778	4	574	29
779	4	1982	28
779	4	2295	30
780	4	626	29
781	4	521	29
782	4	782	29
783	4	1513	30
784	4	469	29
785	4	730	29
786	4	574	30
787	4	1356	28
787	4	1669	30
788	4	469	29
789	4	1148	28
789	4	1461	30
790	4	626	30
791	4	1304	28
791	4	1617	30
792	4	730	29
793	4	521	29
793	4	2295	30
794	4	521	29
795	4	1617	30
796	4	1461	28
796	4	1774	30
797	4	574	29
798	4	782	29
800	4	1200	28
800	4	1513	30
801	4	1356	28
801	4	1669	30
802	4	521	29
803	4	574	29
803	4	2139	30
804	4	574	29
805	4	2191	28
806	4	1461	28
806	4	1774	30
807	4	626	29
807	4	991	30
808	4	1982	28
808	4	2295	30
809	4	1826	30
810	4	521	29
811	4	521	29
812	4	417	29
812	4	2087	30
813	4	626	29
814	4	887	29
815	4	417	29
816	4	1200	28
816	4	1513	30
817	4	2191	28
818	4	678	29
819	4	1252	28
819	4	1565	30
820	4	626	29
821	4	1095	28
821	4	1408	30
822	4	521	29
823	4	626	29
823	4	991	30
824	4	1148	28
824	4	1461	30
825	4	1095	30
826	4	1043	30
827	4	678	29
828	4	1095	28
828	4	1408	30
829	4	1930	28
829	4	2243	30
830	4	1200	28
830	4	1513	30
831	4	469	29
831	4	1826	30
831	4	2243	28
832	4	626	29
832	4	1826	30
832	4	2243	28
833	4	1252	28
833	4	1565	30
834	4	574	29
834	4	1930	30
834	4	2295	28
835	4	782	29
836	4	1982	28
836	4	2295	30
837	4	1304	28
837	4	1617	30
838	4	417	29
838	4	2087	30
839	4	1356	28
839	4	1669	30
840	4	417	29
840	4	1043	30
841	4	626	29
842	4	991	28
842	4	1304	30
843	4	574	29
843	4	1774	30
844	4	1304	28
844	4	1617	30
845	4	1252	28
845	4	1565	30
846	4	1200	28
846	4	1513	30
847	4	1252	28
847	4	1565	30
848	4	469	29
848	4	1095	30
849	4	2087	28
850	4	521	29
850	4	1774	30
852	4	991	30
853	4	1356	28
853	4	1669	30
854	4	1200	28
854	4	1513	30
855	4	574	29
856	4	678	29
857	4	1304	28
857	4	1617	30
858	4	834	29
859	4	1356	28
860	4	1461	28
860	4	1774	30
861	4	626	29
862	4	1408	28
862	4	1722	30
863	4	469	29
863	4	1878	30
864	4	469	29
864	4	1095	30
865	4	521	29
866	4	574	29
867	4	521	29
868	4	626	29
869	4	1095	30
870	4	1148	28
870	4	1461	30
871	4	1148	28
871	4	1461	30
873	4	521	29
873	4	1774	30
875	4	417	29
876	4	521	29
877	4	521	29
877	4	1148	30
878	4	1148	28
878	4	1461	30
879	4	678	29
880	4	626	29
880	4	991	30
881	4	991	30
882	4	1252	28
882	4	1565	30
883	4	1774	30
884	4	574	29
885	4	678	29
885	4	1095	30
886	4	1148	28
886	4	1461	30
887	4	521	29
888	4	782	29
889	4	1408	28
889	4	1722	30
890	4	1252	28
890	4	1565	30
891	4	574	29
892	4	1565	28
892	4	1878	30
893	4	626	29
894	4	678	29
895	4	417	29
896	4	626	29
897	4	574	29
898	4	469	29
898	4	1878	30
899	4	521	29
899	4	1878	30
900	4	1043	30
901	4	574	29
902	4	887	29
902	4	2191	30
903	4	417	29
903	4	2087	30
905	4	1148	28
905	4	1461	30
906	4	521	29
907	4	2139	30
908	4	574	29
909	4	1930	28
909	4	2243	30
910	4	1148	28
910	4	1461	30
911	4	1043	30
912	4	678	29
913	4	1252	28
913	4	1565	30
914	4	1043	28
914	4	1356	30
915	4	1200	28
915	4	1513	30
916	4	521	29
917	4	782	29
918	4	1200	28
918	4	1513	30
919	4	1252	28
919	4	1565	30
920	4	1043	28
920	4	1356	30
921	4	782	29
922	4	678	29
923	4	1304	28
923	4	1617	30
924	4	521	29
924	4	1878	30
925	4	626	29
926	4	521	29
926	4	2243	30
927	4	887	29
929	4	574	29
930	4	1252	30
931	4	574	29
931	4	1774	30
932	4	1148	28
932	4	1461	30
933	4	1200	28
933	4	1513	30
934	4	1043	28
934	4	1356	30
935	4	417	29
936	4	887	29
937	4	1774	28
937	4	2087	30
938	4	1095	28
938	4	1408	30
939	4	1356	30
940	4	469	29
940	4	2035	30
941	4	469	29
941	4	1930	30
942	4	469	29
942	4	1826	30
943	4	991	28
943	4	2139	30
944	4	834	29
945	4	1408	28
945	4	1722	30
946	4	834	29
947	4	626	29
947	4	1826	30
948	4	574	29
949	4	417	29
949	4	1043	30
950	4	626	29
950	4	991	30
951	4	2243	30
952	4	1982	30
953	4	626	29
954	4	469	29
954	4	2243	30
955	4	2295	30
956	4	782	29
957	4	1304	28
957	4	1617	30
958	4	1148	30
960	4	626	29
961	4	678	29
962	4	2035	28
963	4	574	29
964	4	469	29
964	4	1826	30
965	4	1148	28
965	4	1461	30
966	4	521	29
967	4	1304	28
967	4	1617	30
968	4	678	29
969	4	574	29
971	4	521	29
972	4	521	29
972	4	1148	30
973	4	730	29
974	4	574	29
975	4	1356	28
975	4	1669	30
976	4	626	29
976	4	2139	30
977	4	1774	30
978	4	626	29
979	4	1200	28
979	4	1513	30
980	4	1826	30
981	4	991	30
982	4	469	29
983	4	521	29
984	4	1148	30
985	4	1095	28
985	4	1408	30
986	4	2191	28
987	4	1304	30
988	4	626	29
989	4	521	29
990	4	1565	28
990	4	1878	30
992	4	1774	30
993	4	991	28
994	4	2087	28
995	4	521	29
996	4	1200	28
996	4	1513	30
997	4	2139	28
998	4	678	29
998	4	1878	30
998	4	2243	28
999	4	1356	28
999	4	1669	30
0	5	521	25
0	5	626	29
0	5	991	30
1	5	521	25
1	5	626	29
1	5	991	30
2	5	521	25
2	5	730	29
3	5	1095	27
3	5	1148	28
3	5	1461	30
4	5	521	25
4	5	574	29
4	5	1565	27
4	5	1826	30
4	5	2191	28
5	5	521	25
5	5	574	29
6	5	417	29
6	5	1930	27
7	5	730	27
7	5	991	28
7	5	1304	30
8	5	521	25
8	5	782	29
8	5	1722	27
8	5	2035	30
9	5	1930	27
9	5	1982	28
9	5	2295	30
10	5	521	29
11	5	2191	27
12	5	939	27
12	5	1252	30
13	5	887	27
13	5	1200	30
14	5	469	29
14	5	521	25
15	5	469	29
15	5	521	25
16	5	521	25
16	5	574	29
17	5	521	25
17	5	574	29
18	5	417	29
18	5	1982	27
19	5	1722	27
19	5	1878	28
19	5	2191	30
20	5	521	25
20	5	678	29
20	5	1982	27
20	5	2243	30
21	5	417	29
21	5	1043	30
22	5	678	27
22	5	887	29
23	5	521	29
24	5	469	29
24	5	521	25
24	5	2035	27
24	5	2243	30
25	5	1408	27
25	5	1565	28
25	5	1878	30
26	5	521	25
26	5	730	29
27	5	469	29
27	5	521	25
28	5	521	25
28	5	834	29
28	5	1722	27
28	5	2087	30
29	5	574	25
29	5	887	29
30	5	1148	27
30	5	1252	28
30	5	1565	30
31	5	521	25
31	5	626	29
32	5	1043	27
32	5	1148	28
32	5	1461	30
33	5	521	29
34	5	469	29
34	5	521	25
34	5	2087	27
35	5	521	25
35	5	574	29
36	5	521	25
36	5	678	29
37	5	521	25
37	5	678	29
38	5	521	25
38	5	626	29
39	5	521	25
39	5	574	29
40	5	521	25
40	5	574	29
40	5	1774	30
40	5	2243	27
41	5	521	25
41	5	834	29
41	5	1982	27
42	5	521	25
42	5	1043	28
42	5	1356	30
43	5	417	29
43	5	1617	27
44	5	1356	27
44	5	1669	30
45	5	521	25
45	5	730	29
46	5	469	29
46	5	521	25
47	5	991	27
47	5	1304	30
48	5	1930	27
48	5	2243	30
49	5	469	29
49	5	521	25
49	5	1878	27
49	5	2087	30
50	5	1356	27
50	5	1669	30
51	5	1461	27
51	5	1513	28
51	5	1826	30
52	5	782	27
52	5	834	29
53	5	521	25
53	5	626	29
53	5	1669	27
53	5	1878	30
53	5	2243	28
55	5	521	25
55	5	626	29
56	5	1043	27
56	5	1148	28
56	5	1461	30
57	5	469	29
57	5	521	25
57	5	1095	30
58	5	521	25
58	5	626	29
58	5	1722	27
59	5	521	29
59	5	1930	27
59	5	2191	30
60	5	939	27
60	5	1252	30
61	5	521	25
61	5	626	29
62	5	521	25
62	5	574	29
62	5	1878	27
62	5	2087	30
63	5	417	29
63	5	1669	27
64	5	1826	27
64	5	1930	28
64	5	2243	30
65	5	521	25
65	5	574	29
66	5	1148	27
66	5	1200	28
66	5	1513	30
67	5	521	25
67	5	834	29
68	5	1252	27
68	5	1408	28
68	5	1722	30
69	5	678	29
70	5	521	25
70	5	678	29
71	5	1043	27
71	5	1148	28
71	5	1461	30
73	5	1513	27
73	5	1669	28
73	5	1982	30
74	5	574	29
74	5	626	25
75	5	521	25
75	5	626	29
76	5	1200	27
76	5	1356	28
76	5	1669	30
77	5	1304	27
77	5	1617	30
78	5	1200	27
78	5	1513	30
79	5	574	25
79	5	834	29
79	5	2243	27
80	5	521	25
80	5	626	29
81	5	521	25
81	5	574	29
82	5	521	25
82	5	730	29
83	5	887	27
83	5	1148	28
83	5	1461	30
84	5	521	25
84	5	574	29
85	5	1461	27
85	5	1774	30
86	5	834	27
86	5	1148	30
87	5	417	29
87	5	1043	30
87	5	2191	27
88	5	521	25
88	5	730	29
88	5	2295	27
89	5	626	29
90	5	1200	28
90	5	1513	30
91	5	521	25
91	5	730	29
92	5	521	29
92	5	2139	27
93	5	1148	27
93	5	1304	28
93	5	1617	30
94	5	1669	27
94	5	1930	28
94	5	2243	30
95	5	678	27
95	5	730	29
96	5	834	27
96	5	1043	28
96	5	1356	30
97	5	1095	27
97	5	1408	30
98	5	1408	28
98	5	1722	30
99	5	887	27
99	5	1200	30
100	5	1148	27
100	5	1461	30
101	5	521	25
101	5	574	29
102	5	521	25
102	5	626	29
103	5	678	27
103	5	887	29
104	5	417	29
104	5	1513	27
104	5	2139	30
105	5	2087	27
106	5	521	25
106	5	730	29
106	5	1722	27
106	5	1982	30
107	5	521	25
107	5	574	29
107	5	2139	30
108	5	521	25
108	5	574	29
109	5	1095	27
109	5	1356	28
109	5	1669	30
110	5	521	25
110	5	574	29
111	5	521	25
111	5	730	29
112	5	574	29
113	5	521	29
114	5	521	25
114	5	678	29
115	5	1200	27
115	5	1252	28
115	5	1565	30
116	5	1252	28
116	5	1565	30
117	5	1200	27
117	5	1356	28
117	5	1669	30
118	5	1095	27
118	5	1200	28
118	5	1513	30
119	5	1148	28
119	5	1461	30
120	5	574	25
120	5	730	29
121	5	1095	27
121	5	1408	30
122	5	521	25
122	5	626	29
122	5	1043	30
123	5	1826	27
123	5	2035	28
124	5	521	25
124	5	678	29
124	5	991	30
125	5	521	25
125	5	626	29
125	5	1722	27
126	5	469	29
126	5	521	25
126	5	1148	30
127	5	521	25
127	5	574	29
128	5	521	29
128	5	2295	30
129	5	991	27
129	5	1148	28
129	5	1461	30
130	5	417	29
131	5	521	25
131	5	626	29
131	5	1722	27
131	5	1982	30
132	5	521	25
132	5	574	29
133	5	521	25
133	5	730	29
134	5	626	25
134	5	991	28
134	5	1304	30
135	5	521	29
136	5	469	29
136	5	521	25
136	5	1095	30
137	5	521	25
137	5	678	29
138	5	521	25
138	5	574	29
138	5	1774	30
138	5	2243	27
139	5	521	25
139	5	626	29
139	5	1826	30
139	5	2139	28
140	5	1565	27
140	5	1878	30
141	5	521	29
141	5	1148	30
142	5	626	25
142	5	678	29
143	5	1148	27
143	5	1252	28
143	5	1565	30
145	5	1095	27
145	5	1148	28
145	5	1461	30
146	5	521	25
146	5	574	29
146	5	2139	27
147	5	521	25
147	5	574	29
147	5	2191	27
148	5	1200	27
148	5	1356	28
148	5	1669	30
149	5	521	25
149	5	574	29
149	5	1878	30
150	5	469	29
150	5	521	25
150	5	2035	27
151	5	678	27
151	5	991	30
152	5	469	29
152	5	521	25
152	5	1826	27
152	5	2035	30
153	5	521	25
153	5	574	29
154	5	521	25
154	5	574	29
154	5	1617	27
154	5	1826	30
155	5	521	29
155	5	1148	30
156	5	521	29
156	5	1930	27
156	5	2139	30
158	5	469	29
158	5	521	25
159	5	521	25
159	5	574	29
159	5	1878	30
160	5	521	25
160	5	834	29
161	5	1356	27
161	5	1513	28
161	5	1826	30
162	5	887	27
162	5	1095	28
162	5	1408	30
163	5	887	27
163	5	1200	30
164	5	469	29
164	5	521	25
165	5	521	25
165	5	678	29
165	5	1669	27
166	5	1617	27
166	5	1826	28
166	5	2139	30
167	5	1043	27
167	5	1356	30
169	5	521	25
169	5	626	29
169	5	991	30
170	5	521	25
170	5	574	29
170	5	1774	30
171	5	626	25
171	5	1043	28
171	5	1722	30
172	5	939	27
172	5	1095	28
172	5	1408	30
173	5	1148	27
173	5	1252	28
173	5	1565	30
174	5	626	30
174	5	2191	27
175	5	521	29
175	5	1930	27
175	5	2139	30
176	5	521	29
177	5	1513	27
177	5	1565	28
177	5	1878	30
178	5	1930	27
178	5	2035	28
179	5	521	25
179	5	574	29
180	5	991	27
180	5	1304	30
181	5	521	29
182	5	417	29
183	5	521	29
183	5	1982	27
184	5	887	27
184	5	1200	30
185	5	521	25
185	5	678	29
185	5	1722	27
186	5	1982	27
186	5	2087	28
187	5	521	25
187	5	834	29
188	5	887	27
188	5	1200	30
189	5	521	25
189	5	991	28
189	5	1304	30
190	5	991	27
190	5	1148	28
190	5	1461	30
191	5	521	25
191	5	626	29
192	5	521	25
192	5	730	29
193	5	521	25
193	5	678	29
193	5	2035	27
194	5	521	25
194	5	678	29
196	5	469	29
196	5	521	25
196	5	1095	30
196	5	1774	27
196	5	2087	28
198	5	521	25
198	5	678	29
198	5	1878	27
198	5	2191	30
199	5	521	29
199	5	1930	27
199	5	2087	30
200	5	1043	27
200	5	1200	28
200	5	1513	30
201	5	1513	27
201	5	1669	28
201	5	1982	30
202	5	782	27
202	5	834	29
203	5	574	30
204	5	521	25
204	5	574	29
205	5	1148	27
205	5	1200	28
205	5	1513	30
206	5	521	29
206	5	1148	30
206	5	1774	27
206	5	2087	28
207	5	521	25
207	5	626	29
207	5	2191	30
208	5	521	29
209	5	2035	27
209	5	2295	28
210	5	417	29
211	5	1304	27
211	5	1461	28
211	5	1774	30
212	5	574	25
212	5	834	29
213	5	1356	27
213	5	1617	28
213	5	1930	30
214	5	574	30
215	5	1148	27
215	5	1252	28
215	5	1565	30
216	5	782	27
216	5	887	29
217	5	1095	27
217	5	1148	28
217	5	1461	30
218	5	521	25
218	5	574	29
219	5	1982	27
219	5	2087	28
220	5	1200	27
220	5	1513	30
221	5	417	29
221	5	1930	27
222	5	1826	27
222	5	1878	28
222	5	2191	30
223	5	574	30
224	5	626	25
224	5	1148	28
224	5	1461	30
225	5	521	25
225	5	574	29
225	5	1774	30
225	5	2295	27
226	5	469	29
226	5	521	25
226	5	1722	27
227	5	521	25
227	5	626	29
228	5	521	29
228	5	1148	30
229	5	521	25
229	5	626	29
230	5	469	29
230	5	521	25
231	5	469	29
231	5	521	25
232	5	521	25
232	5	574	29
232	5	1878	30
233	5	1148	27
233	5	1200	28
233	5	1513	30
235	5	1304	28
235	5	1617	30
236	5	730	27
236	5	834	29
237	5	626	30
238	5	887	27
238	5	1200	30
239	5	1043	27
239	5	1252	28
239	5	1565	30
240	5	521	29
240	5	1774	27
240	5	2035	30
241	5	521	25
241	5	887	29
242	5	521	25
242	5	678	29
242	5	1878	27
243	5	469	29
243	5	521	25
243	5	1095	30
243	5	2295	27
244	5	417	29
244	5	1826	27
245	5	1043	27
245	5	1356	30
246	5	1930	27
246	5	2243	30
248	5	521	29
249	5	521	29
250	5	521	29
250	5	1148	30
250	5	2295	27
251	5	521	25
251	5	730	29
251	5	2243	27
252	5	1200	27
252	5	1513	30
253	5	574	25
253	5	834	29
255	5	782	27
255	5	1095	30
256	5	574	30
256	5	2139	27
257	5	1043	27
257	5	1095	28
257	5	1408	30
258	5	521	25
258	5	626	29
258	5	991	30
259	5	521	29
260	5	521	25
260	5	626	29
260	5	2139	27
262	5	678	27
262	5	991	30
263	5	626	25
263	5	730	29
264	5	521	25
264	5	574	29
265	5	521	25
265	5	626	29
266	5	521	29
266	5	2295	27
267	5	521	29
268	5	782	27
268	5	1043	28
268	5	1356	30
269	5	521	25
269	5	626	29
270	5	574	25
270	5	1043	28
270	5	1513	30
271	5	521	25
271	5	782	29
271	5	1878	27
271	5	2087	30
272	5	521	29
272	5	1148	30
272	5	1982	27
272	5	2295	28
273	5	2087	27
273	5	2139	28
274	5	1043	27
274	5	1148	28
274	5	1461	30
275	5	1356	27
275	5	1669	30
276	5	1982	27
276	5	2139	28
277	5	521	25
277	5	887	29
278	5	1252	28
278	5	1565	30
279	5	1095	27
279	5	1304	28
279	5	1617	30
280	5	521	25
280	5	626	29
282	5	1304	27
282	5	1617	30
283	5	1095	27
283	5	1148	28
283	5	1461	30
284	5	521	25
284	5	574	29
284	5	1774	30
285	5	1043	27
285	5	1095	28
285	5	1408	30
286	5	469	29
286	5	521	25
286	5	1930	30
286	5	2243	27
287	5	1095	27
287	5	1304	28
287	5	1617	30
288	5	521	25
288	5	626	29
289	5	887	27
289	5	1200	30
291	5	521	25
291	5	782	29
292	5	1304	27
292	5	1617	30
293	5	521	29
293	5	1148	30
293	5	2243	27
294	5	521	25
294	5	574	29
295	5	939	27
295	5	1148	28
295	5	1461	30
296	5	521	29
297	5	1095	27
297	5	1408	30
298	5	574	25
298	5	1200	28
298	5	1513	30
299	5	521	25
299	5	574	29
300	5	834	27
300	5	1148	30
301	5	521	29
302	5	521	25
302	5	626	29
302	5	1982	27
303	5	469	29
303	5	521	25
303	5	1095	30
304	5	521	29
306	5	521	29
306	5	1148	30
307	5	469	29
307	5	521	25
308	5	417	29
309	5	521	29
309	5	1148	30
309	5	2139	27
310	5	521	25
310	5	678	29
310	5	1669	27
310	5	1930	30
310	5	2243	28
311	5	626	25
311	5	1722	28
311	5	2035	30
312	5	834	29
313	5	521	25
313	5	782	29
314	5	1148	27
314	5	1252	28
314	5	1565	30
315	5	521	25
315	5	574	29
315	5	2035	27
316	5	1930	27
316	5	2035	28
317	5	1148	27
317	5	1200	28
317	5	1513	30
318	5	1252	27
318	5	1304	28
318	5	1617	30
319	5	1617	27
319	5	1878	28
319	5	2191	30
320	5	1148	28
320	5	1461	30
321	5	521	25
321	5	626	29
321	5	991	30
322	5	469	29
322	5	521	25
322	5	2295	27
323	5	1722	27
323	5	1930	28
323	5	2243	30
324	5	1200	27
324	5	1356	28
324	5	1669	30
325	5	1148	27
325	5	1252	28
325	5	1565	30
326	5	521	25
326	5	574	29
327	5	1043	27
327	5	1148	28
327	5	1461	30
328	5	626	30
329	5	1200	27
329	5	1304	28
329	5	1617	30
330	5	521	25
330	5	730	29
331	5	521	25
331	5	626	29
331	5	991	30
332	5	521	25
332	5	678	29
332	5	1774	27
333	5	521	25
333	5	574	29
334	5	1095	27
334	5	1200	28
334	5	1513	30
335	5	521	25
335	5	574	29
336	5	521	25
336	5	626	29
336	5	2191	27
337	5	626	25
337	5	991	28
337	5	1408	30
338	5	730	27
338	5	1043	30
339	5	521	25
339	5	626	29
340	5	1043	27
340	5	1200	28
340	5	1513	30
341	5	1095	27
341	5	1148	28
341	5	1461	30
342	5	521	29
342	5	1148	30
343	5	521	25
343	5	574	29
344	5	1878	27
344	5	1930	28
344	5	2243	30
345	5	521	25
345	5	574	29
345	5	1774	27
346	5	417	29
346	5	1356	27
346	5	1878	30
346	5	2243	25
347	5	521	25
347	5	678	29
348	5	521	25
348	5	574	29
349	5	521	25
349	5	574	29
349	5	1513	27
349	5	1774	30
350	5	1930	27
350	5	2139	28
351	5	521	25
351	5	574	29
352	5	521	25
352	5	730	29
353	5	521	25
353	5	574	29
354	5	469	29
354	5	521	25
354	5	1095	30
355	5	521	25
355	5	626	29
356	5	626	25
356	5	887	29
357	5	521	25
357	5	678	29
358	5	887	27
358	5	1148	28
358	5	1461	30
360	5	521	25
360	5	887	29
361	5	521	25
361	5	626	29
362	5	991	27
362	5	1304	30
364	5	521	25
364	5	574	29
365	5	1408	27
365	5	1722	30
366	5	521	25
366	5	782	29
367	5	521	29
368	5	521	25
368	5	574	29
368	5	1774	30
368	5	2191	27
369	5	521	25
369	5	574	29
369	5	1774	27
370	5	626	30
371	5	469	29
371	5	521	25
372	5	574	25
372	5	678	29
373	5	730	27
373	5	1043	30
374	5	1252	27
374	5	1356	28
374	5	1669	30
375	5	1148	27
375	5	1304	28
375	5	1617	30
376	5	521	25
376	5	574	29
377	5	1148	27
377	5	1200	28
377	5	1513	30
378	5	887	27
378	5	1043	28
378	5	1356	30
379	5	521	25
379	5	730	29
380	5	521	25
380	5	678	29
381	5	521	25
381	5	678	29
382	5	521	25
382	5	626	29
383	5	1148	27
383	5	1461	30
384	5	521	25
384	5	626	29
385	5	521	25
385	5	782	29
386	5	417	29
387	5	521	25
387	5	626	29
387	5	1669	27
387	5	1826	30
388	5	1930	27
388	5	2087	28
389	5	521	25
389	5	574	29
390	5	521	29
391	5	521	25
391	5	626	29
391	5	2243	30
392	5	730	27
392	5	1043	30
393	5	521	29
394	5	521	25
394	5	782	29
395	5	521	25
395	5	887	29
396	5	521	25
396	5	574	29
396	5	1774	30
397	5	1095	27
397	5	1200	28
397	5	1513	30
398	5	521	25
398	5	574	29
399	5	469	29
399	5	521	25
400	5	521	25
400	5	626	29
401	5	1982	27
401	5	2035	28
402	5	521	25
402	5	574	29
403	5	1878	27
403	5	1982	28
403	5	2295	30
404	5	574	25
404	5	1148	28
404	5	1461	30
405	5	991	27
405	5	1148	28
405	5	1461	30
406	5	521	25
406	5	574	29
407	5	1043	27
407	5	1095	28
407	5	1408	30
409	5	887	27
409	5	1200	30
410	5	730	27
410	5	1043	30
411	5	417	29
411	5	1043	30
412	5	521	25
412	5	626	29
412	5	991	30
412	5	1930	27
412	5	2243	28
413	5	521	25
413	5	574	29
413	5	1774	30
414	5	521	25
414	5	678	29
414	5	1930	27
414	5	2191	30
415	5	521	25
415	5	626	29
415	5	2191	27
416	5	1200	27
416	5	1513	30
417	5	521	29
417	5	2191	27
418	5	521	29
418	5	1617	27
418	5	1878	30
419	5	417	29
419	5	1461	27
419	5	1878	30
420	5	626	25
420	5	1043	28
420	5	1356	30
421	5	1878	27
421	5	1982	28
421	5	2295	30
422	5	678	27
422	5	834	29
423	5	782	27
423	5	1095	30
424	5	521	29
424	5	1148	30
424	5	2035	27
425	5	521	25
425	5	574	29
426	5	939	27
426	5	991	28
426	5	1304	30
427	5	1930	27
427	5	1982	28
427	5	2295	30
428	5	521	25
428	5	574	29
429	5	417	29
429	5	1617	27
430	5	521	29
431	5	521	29
432	5	521	25
432	5	626	29
432	5	1669	27
432	5	1878	30
433	5	521	25
433	5	730	29
433	5	2191	27
434	5	521	25
434	5	626	29
434	5	1826	30
434	5	2139	27
435	5	469	29
435	5	521	25
435	5	2295	30
436	5	521	25
436	5	574	29
436	5	1774	30
437	5	521	29
437	5	2295	27
438	5	417	29
438	5	1565	27
439	5	730	27
439	5	1043	30
440	5	521	25
440	5	678	29
441	5	1513	27
441	5	1826	30
442	5	521	25
442	5	678	29
442	5	2295	27
443	5	521	25
443	5	730	29
444	5	1356	27
444	5	1617	28
444	5	1930	30
445	5	521	25
445	5	574	29
446	5	521	25
446	5	730	29
447	5	1356	27
447	5	1669	30
448	5	782	27
448	5	1095	30
449	5	1930	27
449	5	1982	28
449	5	2295	30
450	5	2035	27
450	5	2139	28
451	5	521	25
451	5	730	29
451	5	1826	27
451	5	2087	30
452	5	469	29
452	5	521	25
453	5	521	29
453	5	1148	30
454	5	1200	27
454	5	1408	28
454	5	1722	30
455	5	1043	27
455	5	1095	28
455	5	1408	30
456	5	1148	27
456	5	1200	28
456	5	1513	30
457	5	521	25
457	5	678	29
458	5	1513	27
458	5	1826	30
459	5	730	27
459	5	1043	30
460	5	521	25
460	5	574	29
461	5	521	29
461	5	2191	27
462	5	521	25
462	5	782	29
463	5	521	29
463	5	1617	27
463	5	1878	30
464	5	730	27
464	5	1043	30
465	5	521	25
465	5	574	29
466	5	521	25
466	5	574	29
467	5	469	29
467	5	521	25
468	5	521	25
468	5	574	29
469	5	521	29
469	5	1148	30
470	5	1304	27
470	5	1617	30
471	5	991	27
471	5	1304	30
472	5	469	29
472	5	521	25
473	5	521	25
473	5	626	29
473	5	2243	27
474	5	521	29
474	5	1722	27
474	5	1930	30
475	5	678	27
475	5	991	30
476	5	1148	27
476	5	1461	30
477	5	782	27
477	5	1095	30
478	5	521	25
478	5	782	29
480	5	521	25
480	5	782	29
481	5	521	25
481	5	574	29
481	5	1565	27
481	5	1826	30
482	5	521	25
482	5	782	29
483	5	1408	27
483	5	1565	28
483	5	1878	30
484	5	1930	27
484	5	1982	28
484	5	2295	30
485	5	1043	27
485	5	1200	28
485	5	1513	30
486	5	1148	27
486	5	1200	28
486	5	1513	30
487	5	521	25
487	5	574	29
488	5	1148	27
488	5	1252	28
488	5	1565	30
489	5	521	25
489	5	574	29
489	5	1774	30
490	5	574	25
490	5	834	29
490	5	1826	27
490	5	2087	30
491	5	521	25
491	5	678	29
491	5	2295	27
492	5	730	27
492	5	1043	30
492	5	2191	25
493	5	574	25
493	5	991	28
494	5	521	29
495	5	626	25
495	5	1095	28
495	5	1408	30
496	5	521	25
496	5	730	29
496	5	1930	27
496	5	2139	30
497	5	469	29
497	5	521	25
498	5	521	25
498	5	574	29
499	5	521	25
499	5	730	29
500	5	521	29
500	5	1148	30
501	5	1148	27
501	5	1200	28
501	5	1513	30
502	5	574	25
502	5	991	28
502	5	1304	30
503	5	521	25
503	5	574	29
503	5	1774	30
503	5	2087	27
504	5	1774	27
504	5	2087	30
505	5	1148	27
505	5	1252	28
505	5	1565	30
506	5	887	27
506	5	1095	28
506	5	1408	30
507	5	1461	27
507	5	1722	28
507	5	2035	30
508	5	521	25
508	5	626	29
508	5	1148	30
508	5	2139	27
510	5	1878	27
510	5	1930	28
510	5	2243	30
512	5	730	27
512	5	1043	30
512	5	2139	25
513	5	782	27
513	5	1095	30
514	5	521	25
514	5	626	29
514	5	2295	27
515	5	521	29
515	5	1148	30
516	5	1148	27
516	5	1356	28
516	5	1669	30
517	5	1148	27
517	5	1200	28
517	5	1513	30
518	5	782	27
518	5	1095	30
519	5	521	29
520	5	521	25
520	5	574	29
521	5	521	25
521	5	574	29
521	5	1826	30
522	5	521	25
522	5	626	29
522	5	1826	27
522	5	2139	30
523	5	521	25
523	5	574	29
523	5	2087	27
524	5	1982	28
524	5	2295	30
525	5	521	25
525	5	574	29
525	5	1617	27
525	5	1878	30
526	5	1878	27
526	5	1930	28
526	5	2243	30
527	5	469	29
527	5	521	25
528	5	521	25
528	5	574	29
529	5	521	25
529	5	626	29
529	5	991	30
530	5	1148	27
530	5	1252	28
530	5	1565	30
531	5	1043	28
531	5	1356	30
532	5	678	27
532	5	991	30
533	5	1878	27
533	5	2087	28
534	5	521	25
534	5	626	29
534	5	991	30
535	5	1408	27
535	5	1722	30
536	5	1200	27
536	5	1304	28
536	5	1617	30
537	5	521	29
537	5	2087	27
538	5	469	29
538	5	521	25
538	5	1095	30
539	5	521	25
539	5	574	29
540	5	991	27
540	5	1304	30
541	5	469	29
541	5	521	25
542	5	782	27
542	5	834	29
543	5	1043	27
543	5	1200	28
543	5	1513	30
544	5	521	29
544	5	1669	27
544	5	1930	30
545	5	574	25
545	5	887	29
546	5	1095	27
546	5	1148	28
546	5	1461	30
547	5	521	25
547	5	678	29
547	5	1774	27
547	5	2035	30
548	5	1148	27
548	5	1304	28
548	5	1617	30
549	5	1148	27
549	5	1200	28
549	5	1513	30
550	5	469	29
550	5	521	25
550	5	1095	30
550	5	2191	27
551	5	469	29
551	5	521	25
551	5	1095	30
552	5	1200	27
552	5	1408	28
552	5	1722	30
553	5	521	25
553	5	730	29
554	5	469	29
554	5	521	25
554	5	1095	30
555	5	469	29
555	5	521	25
555	5	1095	30
555	5	2035	27
556	5	574	25
556	5	678	29
557	5	1356	27
557	5	1669	30
558	5	417	29
558	5	2243	27
559	5	834	27
559	5	1043	28
559	5	1356	30
560	5	1200	27
560	5	1304	28
560	5	1617	30
561	5	626	25
561	5	1095	28
561	5	1408	30
562	5	782	27
562	5	1095	30
563	5	521	25
563	5	730	29
563	5	1774	27
564	5	1200	27
564	5	1304	28
564	5	1617	30
565	5	521	25
565	5	574	29
565	5	1774	30
565	5	2087	27
566	5	521	25
566	5	574	29
567	5	521	25
567	5	782	29
568	5	521	29
568	5	1148	30
569	5	678	27
569	5	991	30
570	5	1148	27
570	5	1200	28
570	5	1513	30
571	5	521	29
572	5	1200	27
572	5	1356	28
572	5	1669	30
573	5	2243	28
574	5	521	25
574	5	730	29
575	5	521	29
575	5	1148	30
576	5	1043	27
576	5	1200	28
576	5	1513	30
577	5	521	25
577	5	626	29
577	5	991	30
578	5	834	27
578	5	991	28
578	5	1304	30
579	5	574	25
579	5	834	29
580	5	1878	27
580	5	2191	30
581	5	834	27
581	5	1148	30
581	5	2243	25
582	5	521	25
582	5	730	29
583	5	521	25
583	5	626	29
583	5	991	30
584	5	521	29
585	5	521	29
585	5	1148	30
586	5	521	29
586	5	1774	27
587	5	469	29
587	5	521	25
587	5	1095	30
588	5	521	29
589	5	521	29
589	5	2139	27
590	5	521	25
590	5	626	29
591	5	1252	27
591	5	1565	30
593	5	521	29
594	5	574	30
595	5	521	25
595	5	574	29
595	5	1565	27
595	5	1826	30
596	5	521	25
596	5	1043	28
596	5	1356	30
597	5	521	25
597	5	678	29
598	5	521	29
599	5	521	25
599	5	574	29
600	5	1408	27
600	5	1722	30
601	5	521	25
601	5	626	29
602	5	1095	27
602	5	1252	28
602	5	1565	30
603	5	574	30
604	5	574	25
604	5	1095	28
604	5	1408	30
605	5	991	27
605	5	1043	28
605	5	1356	30
606	5	521	25
606	5	626	29
606	5	2191	27
607	5	521	29
607	5	1982	27
607	5	2191	30
608	5	521	25
608	5	574	29
610	5	2035	27
610	5	2139	28
611	5	574	30
612	5	1043	27
612	5	1200	28
612	5	1513	30
613	5	1095	27
613	5	1200	28
613	5	1513	30
614	5	1095	27
614	5	1148	28
614	5	1461	30
615	5	626	30
616	5	834	27
616	5	1043	28
616	5	1356	30
617	5	1878	27
617	5	1982	28
617	5	2295	30
618	5	1930	27
618	5	2191	28
619	5	730	27
619	5	1043	30
620	5	521	25
620	5	574	29
621	5	730	27
621	5	1043	30
622	5	469	29
622	5	521	25
623	5	991	27
623	5	1252	28
623	5	1565	30
624	5	469	29
624	5	521	25
625	5	1043	27
625	5	1095	28
625	5	1408	30
626	5	417	29
626	5	1565	27
627	5	521	25
627	5	678	29
628	5	521	25
628	5	626	29
628	5	2191	27
629	5	678	27
629	5	991	30
630	5	574	25
630	5	1043	28
630	5	1356	30
631	5	521	25
631	5	834	29
631	5	1878	27
631	5	2139	30
632	5	521	25
632	5	574	29
632	5	2191	30
633	5	1252	28
633	5	1565	30
634	5	1095	27
634	5	1200	28
634	5	1513	30
635	5	1200	27
635	5	1304	28
635	5	1617	30
636	5	1982	27
636	5	2139	28
637	5	834	27
637	5	1148	30
638	5	1826	27
638	5	1930	28
638	5	2243	30
639	5	521	29
639	5	1669	27
639	5	1826	30
640	5	626	30
641	5	521	25
641	5	574	29
642	5	1095	28
642	5	1408	30
643	5	2087	27
643	5	2243	28
644	5	521	25
644	5	626	29
645	5	521	25
645	5	730	29
646	5	521	25
646	5	574	29
646	5	1774	30
647	5	1200	27
647	5	1513	30
648	5	521	25
648	5	834	29
649	5	521	25
649	5	574	29
650	5	1252	27
650	5	1565	30
651	5	521	25
651	5	626	29
652	5	521	25
652	5	626	29
652	5	2139	27
653	5	521	25
653	5	730	29
654	5	678	27
654	5	782	29
655	5	574	30
655	5	2243	27
656	5	521	29
657	5	469	29
657	5	521	25
658	5	521	25
658	5	678	29
658	5	1722	27
658	5	1930	30
659	5	1095	28
659	5	1408	30
660	5	574	29
660	5	626	25
661	5	521	25
661	5	574	29
662	5	521	25
662	5	678	29
663	5	834	27
663	5	1043	28
663	5	1356	30
664	5	521	29
664	5	1774	27
664	5	1930	30
665	5	521	25
665	5	626	29
666	5	521	25
666	5	574	29
667	5	469	29
667	5	521	25
668	5	730	27
668	5	1043	30
669	5	574	25
669	5	1043	28
669	5	1356	30
670	5	626	25
670	5	887	29
671	5	887	27
671	5	1200	30
672	5	678	27
672	5	991	30
673	5	574	25
673	5	887	29
674	5	521	25
674	5	1095	28
674	5	1408	30
675	5	834	27
675	5	1148	30
676	5	521	25
676	5	574	29
676	5	1878	30
677	5	626	25
677	5	1043	28
677	5	1356	30
678	5	521	25
678	5	574	29
679	5	1043	27
679	5	1252	28
679	5	1565	30
680	5	887	27
680	5	1148	28
680	5	1461	30
681	5	730	27
681	5	887	29
682	5	469	29
682	5	521	25
683	5	1095	27
683	5	1200	28
683	5	1513	30
684	5	887	27
684	5	1095	28
684	5	1408	30
685	5	521	25
685	5	626	29
686	5	521	25
686	5	626	29
687	5	1200	27
687	5	1304	28
687	5	1617	30
688	5	1095	27
688	5	1200	28
688	5	1513	30
689	5	1095	27
689	5	1200	28
689	5	1513	30
690	5	521	29
691	5	521	25
691	5	626	29
691	5	1722	27
691	5	1930	30
692	5	521	29
692	5	1617	27
692	5	1930	30
693	5	417	29
693	5	1565	27
694	5	521	25
694	5	678	29
695	5	521	29
696	5	678	27
696	5	991	30
697	5	521	29
697	5	1982	27
698	5	1252	27
698	5	1565	30
699	5	521	25
699	5	834	29
700	5	521	25
700	5	574	29
701	5	678	27
701	5	991	30
701	5	2191	25
702	5	521	25
702	5	730	29
703	5	469	29
703	5	521	25
703	5	1982	27
704	5	1878	27
704	5	2035	28
705	5	782	27
705	5	1095	30
706	5	469	29
706	5	521	25
707	5	521	25
707	5	574	29
708	5	1043	27
708	5	1148	28
708	5	1461	30
709	5	469	29
709	5	521	25
709	5	1878	27
709	5	1982	30
710	5	521	29
710	5	1669	27
710	5	1878	30
711	5	991	27
711	5	1095	28
711	5	1408	30
712	5	678	27
712	5	991	30
713	5	1461	27
713	5	1774	30
714	5	521	25
714	5	626	29
714	5	991	30
715	5	574	25
715	5	887	29
716	5	521	25
716	5	574	29
716	5	1774	30
717	5	834	27
717	5	1095	28
717	5	1408	30
718	5	521	25
718	5	574	29
718	5	1878	27
718	5	2035	30
719	5	626	25
719	5	834	29
720	5	1878	27
720	5	1930	28
720	5	2243	30
721	5	521	25
721	5	678	29
721	5	2191	27
722	5	469	29
722	5	521	25
722	5	1095	30
723	5	521	25
723	5	782	29
724	5	574	25
724	5	991	28
724	5	1930	30
725	5	521	25
725	5	574	29
726	5	521	25
726	5	1043	28
726	5	1356	30
727	5	1095	27
727	5	1356	28
727	5	1669	30
728	5	1722	27
728	5	1878	28
728	5	2191	30
729	5	521	25
729	5	678	29
730	5	521	25
730	5	782	29
731	5	521	29
732	5	521	25
732	5	678	29
733	5	521	25
733	5	574	29
734	5	469	29
734	5	521	25
734	5	2087	27
735	5	1878	27
735	5	1930	28
735	5	2243	30
736	5	782	27
736	5	1095	30
737	5	521	25
737	5	574	29
737	5	1878	27
737	5	2191	30
738	5	521	25
738	5	626	29
738	5	1669	27
738	5	1930	30
738	5	2295	28
739	5	1043	27
739	5	1148	28
739	5	1461	30
741	5	521	25
741	5	678	29
742	5	521	25
742	5	574	29
742	5	1774	30
742	5	2191	27
743	5	521	29
743	5	2191	27
744	5	1095	27
744	5	1148	28
744	5	1461	30
745	5	782	27
745	5	1095	30
746	5	1148	27
746	5	1200	28
746	5	1513	30
747	5	521	25
747	5	834	29
748	5	1930	27
748	5	2035	28
749	5	1095	27
749	5	1148	28
749	5	1461	30
750	5	521	25
750	5	626	29
751	5	939	27
751	5	1252	30
752	5	678	27
752	5	991	30
752	5	2191	25
753	5	521	25
753	5	574	29
753	5	1982	30
753	5	2295	27
754	5	521	25
754	5	574	29
755	5	521	25
755	5	574	29
756	5	521	25
756	5	574	29
756	5	1774	30
757	5	1356	27
757	5	1669	30
758	5	521	25
758	5	574	29
759	5	1148	27
759	5	1461	30
760	5	521	25
760	5	730	29
761	5	521	25
761	5	834	29
762	5	521	29
763	5	1095	27
763	5	1148	28
763	5	1461	30
764	5	521	25
764	5	834	29
765	5	469	29
765	5	521	25
765	5	2295	27
766	5	521	25
766	5	574	29
767	5	1043	27
767	5	1148	28
767	5	1461	30
768	5	1200	27
768	5	1252	28
768	5	1565	30
769	5	574	25
769	5	782	29
770	5	1878	27
770	5	2035	28
771	5	1043	27
771	5	1148	28
771	5	1461	30
772	5	574	25
772	5	1304	28
772	5	1826	30
773	5	1200	27
773	5	1513	30
774	5	521	29
774	5	1148	30
775	5	991	27
775	5	1304	30
776	5	469	29
776	5	521	25
776	5	1095	30
777	5	1930	27
777	5	2035	28
778	5	521	25
778	5	574	29
779	5	1878	27
779	5	1982	28
779	5	2295	30
780	5	521	25
780	5	626	29
781	5	521	29
781	5	1982	27
782	5	521	25
782	5	782	29
783	5	1200	27
783	5	1513	30
784	5	469	29
784	5	521	25
784	5	2243	27
785	5	521	25
785	5	730	29
786	5	574	30
787	5	1148	27
787	5	1356	28
787	5	1669	30
788	5	469	29
788	5	521	25
789	5	1043	27
789	5	1148	28
789	5	1461	30
790	5	626	30
791	5	1148	27
791	5	1304	28
791	5	1617	30
792	5	521	25
792	5	730	29
793	5	521	29
793	5	2295	30
794	5	521	29
795	5	1304	27
795	5	1617	30
796	5	1200	27
796	5	1461	28
796	5	1774	30
797	5	521	25
797	5	574	29
798	5	782	29
799	5	2191	27
800	5	1148	27
800	5	1200	28
800	5	1513	30
801	5	1200	27
801	5	1356	28
801	5	1669	30
802	5	521	29
803	5	521	25
803	5	574	29
803	5	2087	27
803	5	2139	30
804	5	521	25
804	5	574	29
804	5	2243	27
805	5	2191	28
806	5	1200	27
806	5	1461	28
806	5	1774	30
807	5	521	25
807	5	626	29
807	5	991	30
808	5	1930	27
808	5	1982	28
808	5	2295	30
809	5	1513	27
809	5	1826	30
810	5	521	29
811	5	521	29
812	5	417	29
812	5	1461	27
812	5	2087	30
813	5	521	25
813	5	626	29
814	5	521	25
814	5	887	29
815	5	417	29
816	5	991	27
816	5	1200	28
816	5	1513	30
817	5	1982	27
817	5	2191	28
818	5	521	25
818	5	678	29
818	5	2191	27
819	5	1252	28
819	5	1565	30
820	5	521	25
820	5	626	29
821	5	1095	28
821	5	1408	30
822	5	521	29
823	5	521	25
823	5	626	29
823	5	991	30
823	5	2191	27
824	5	939	27
824	5	1148	28
824	5	1461	30
825	5	782	27
825	5	1095	30
826	5	730	27
826	5	1043	30
827	5	626	25
827	5	678	29
828	5	1095	28
828	5	1408	30
829	5	1878	27
829	5	1930	28
829	5	2243	30
830	5	939	27
830	5	1200	28
830	5	1513	30
831	5	469	29
831	5	521	25
831	5	1669	27
831	5	1826	30
831	5	2243	28
832	5	521	25
832	5	626	29
832	5	1565	27
832	5	1826	30
832	5	2243	28
833	5	1095	27
833	5	1252	28
833	5	1565	30
834	5	521	25
834	5	574	29
834	5	1722	27
834	5	1930	30
834	5	2295	28
835	5	521	25
835	5	782	29
836	5	1930	27
836	5	1982	28
836	5	2295	30
837	5	1043	27
837	5	1304	28
837	5	1617	30
838	5	417	29
838	5	1513	27
838	5	2087	30
839	5	1200	27
839	5	1356	28
839	5	1669	30
840	5	417	29
840	5	1043	30
841	5	521	25
841	5	626	29
842	5	574	25
842	5	991	28
842	5	1304	30
843	5	521	25
843	5	574	29
843	5	1774	30
843	5	2087	27
844	5	1043	27
844	5	1304	28
844	5	1617	30
845	5	1148	27
845	5	1252	28
845	5	1565	30
846	5	1200	28
846	5	1513	30
847	5	1095	27
847	5	1252	28
847	5	1565	30
848	5	469	29
848	5	521	25
848	5	1095	30
849	5	1878	27
849	5	2087	28
850	5	521	29
850	5	1513	27
850	5	1774	30
851	5	2035	27
852	5	678	27
852	5	991	30
853	5	1200	27
853	5	1356	28
853	5	1669	30
854	5	1043	27
854	5	1200	28
854	5	1513	30
855	5	521	25
855	5	574	29
856	5	521	25
856	5	678	29
857	5	1148	27
857	5	1304	28
857	5	1617	30
858	5	521	25
858	5	834	29
859	5	626	25
859	5	1356	28
860	5	1356	27
860	5	1461	28
860	5	1774	30
861	5	521	25
861	5	626	29
862	5	1304	27
862	5	1408	28
862	5	1722	30
863	5	469	29
863	5	521	25
863	5	1722	27
863	5	1878	30
864	5	469	29
864	5	521	25
864	5	1095	30
864	5	2243	27
865	5	521	29
866	5	521	25
866	5	574	29
867	5	521	29
868	5	521	25
868	5	626	29
869	5	782	27
869	5	1095	30
870	5	1043	27
870	5	1148	28
870	5	1461	30
871	5	1043	27
871	5	1148	28
871	5	1461	30
873	5	521	29
873	5	1774	30
875	5	417	29
876	5	521	29
877	5	521	29
877	5	1148	30
878	5	1095	27
878	5	1148	28
878	5	1461	30
879	5	521	25
879	5	678	29
880	5	521	25
880	5	626	29
880	5	991	30
881	5	678	27
881	5	991	30
882	5	1148	27
882	5	1252	28
882	5	1565	30
883	5	1461	27
883	5	1774	30
884	5	521	25
884	5	574	29
885	5	521	25
885	5	678	29
885	5	1095	30
886	5	626	25
886	5	1148	28
886	5	1461	30
887	5	521	29
888	5	782	29
889	5	1148	27
889	5	1408	28
889	5	1722	30
890	5	1148	27
890	5	1252	28
890	5	1565	30
891	5	521	25
891	5	574	29
892	5	1304	27
892	5	1565	28
892	5	1878	30
893	5	521	25
893	5	626	29
894	5	521	25
894	5	678	29
895	5	417	29
895	5	2035	27
896	5	521	25
896	5	626	29
897	5	521	25
897	5	574	29
898	5	469	29
898	5	521	25
898	5	1617	27
898	5	1878	30
899	5	521	29
899	5	1722	27
899	5	1878	30
900	5	730	27
900	5	1043	30
901	5	521	25
901	5	574	29
902	5	626	25
902	5	887	29
902	5	2087	27
902	5	2191	30
903	5	417	29
903	5	1513	27
903	5	2087	30
905	5	1043	27
905	5	1148	28
905	5	1461	30
906	5	521	29
907	5	1826	27
907	5	2139	30
908	5	521	25
908	5	574	29
909	5	1826	27
909	5	1930	28
909	5	2243	30
910	5	1043	27
910	5	1148	28
910	5	1461	30
911	5	730	27
911	5	1043	30
912	5	521	25
912	5	678	29
913	5	1148	27
913	5	1252	28
913	5	1565	30
914	5	521	25
914	5	1043	28
914	5	1356	30
915	5	1095	27
915	5	1200	28
915	5	1513	30
916	5	521	29
916	5	1669	27
917	5	521	25
917	5	782	29
918	5	1148	27
918	5	1200	28
918	5	1513	30
919	5	1148	27
919	5	1252	28
919	5	1565	30
920	5	574	25
920	5	1043	28
920	5	1356	30
921	5	521	25
921	5	782	29
922	5	521	25
922	5	678	29
923	5	1095	27
923	5	1304	28
923	5	1617	30
924	5	521	29
924	5	1565	27
924	5	1878	30
925	5	521	25
925	5	626	29
926	5	521	29
926	5	1878	27
926	5	2243	30
927	5	678	27
927	5	887	29
929	5	521	25
929	5	574	29
929	5	2295	27
930	5	939	27
930	5	1252	30
931	5	521	25
931	5	574	29
931	5	1774	30
932	5	1043	27
932	5	1148	28
932	5	1461	30
933	5	1148	27
933	5	1200	28
933	5	1513	30
934	5	834	27
934	5	1043	28
934	5	1356	30
935	5	417	29
936	5	574	25
936	5	887	29
937	5	626	25
937	5	1774	28
937	5	2087	30
938	5	834	27
938	5	1095	28
938	5	1408	30
939	5	1043	27
939	5	1356	30
940	5	469	29
940	5	521	25
940	5	1826	27
940	5	2035	30
941	5	469	29
941	5	521	25
941	5	1930	30
942	5	469	29
942	5	521	25
942	5	1826	30
943	5	574	25
943	5	991	28
943	5	2139	30
944	5	521	25
944	5	834	29
945	5	1200	27
945	5	1408	28
945	5	1722	30
946	5	521	25
946	5	834	29
947	5	521	25
947	5	626	29
947	5	1826	30
947	5	2243	27
948	5	521	25
948	5	574	29
949	5	417	29
949	5	1043	30
950	5	521	25
950	5	626	29
950	5	991	30
951	5	1930	27
951	5	2243	30
952	5	1669	27
952	5	1982	30
953	5	521	25
953	5	626	29
954	5	469	29
954	5	521	25
954	5	2243	30
955	5	1982	27
955	5	2295	30
956	5	521	25
956	5	782	29
957	5	1200	27
957	5	1304	28
957	5	1617	30
958	5	834	27
958	5	1148	30
959	5	2087	27
960	5	521	25
960	5	626	29
961	5	521	25
961	5	678	29
962	5	1930	27
962	5	2035	28
963	5	521	25
963	5	574	29
964	5	469	29
964	5	521	25
964	5	1617	27
964	5	1826	30
965	5	626	25
965	5	1148	28
965	5	1461	30
966	5	521	29
966	5	2087	27
967	5	1043	27
967	5	1304	28
967	5	1617	30
968	5	521	25
968	5	678	29
969	5	521	25
969	5	574	29
969	5	2139	27
971	5	521	29
971	5	2035	27
972	5	521	29
972	5	1148	30
973	5	521	25
973	5	730	29
974	5	521	25
974	5	574	29
975	5	1148	27
975	5	1356	28
975	5	1669	30
976	5	521	25
976	5	626	29
976	5	1878	27
976	5	2139	30
977	5	1461	27
977	5	1774	30
978	5	521	25
978	5	626	29
979	5	1200	28
979	5	1513	30
980	5	1513	27
980	5	1826	30
981	5	678	27
981	5	991	30
982	5	469	29
982	5	521	25
983	5	521	29
984	5	834	27
984	5	1148	30
985	5	1095	28
985	5	1408	30
986	5	2035	27
986	5	2191	28
987	5	991	27
987	5	1304	30
988	5	521	25
988	5	626	29
989	5	521	29
990	5	1513	27
990	5	1565	28
990	5	1878	30
992	5	1461	27
992	5	1774	30
993	5	626	25
993	5	991	28
994	5	1878	27
994	5	2087	28
995	5	521	29
996	5	1095	27
996	5	1200	28
996	5	1513	30
997	5	2087	27
997	5	2139	28
998	5	521	25
998	5	678	29
998	5	1617	27
998	5	1878	30
998	5	2243	28
999	5	1200	27
999	5	1356	28
999	5	1669	30
