Realization	utility	week	infra.
0	0	678	29
0	0	991	30
1	0	678	29
2	0	626	30
3	0	1304	30
4	0	626	29
4	0	2087	30
5	0	626	29
6	0	678	30
7	0	887	30
8	0	730	29
9	0	1252	30
10	0	574	29
11	0	2191	30
12	0	1252	30
13	0	1252	30
14	0	521	29
15	0	574	29
16	0	626	29
17	0	626	29
18	0	469	29
19	0	1565	30
20	0	574	29
21	0	469	29
22	0	574	29
23	0	574	29
24	0	521	29
25	0	1408	30
26	0	782	30
27	0	626	30
28	0	834	30
29	0	887	30
30	0	1356	30
31	0	626	29
32	0	1356	30
33	0	574	29
34	0	521	29
35	0	626	29
36	0	678	29
37	0	730	29
38	0	626	29
39	0	626	29
40	0	626	29
41	0	626	29
42	0	730	29
43	0	521	29
44	0	1461	30
45	0	730	29
46	0	521	29
47	0	1252	30
48	0	1252	30
49	0	521	29
50	0	1408	30
51	0	1356	30
52	0	887	30
53	0	521	29
53	0	2295	30
55	0	678	29
56	0	1356	30
57	0	574	29
58	0	626	30
59	0	574	29
60	0	1252	30
61	0	678	29
62	0	626	29
63	0	626	30
64	0	1826	30
65	0	626	30
66	0	1356	30
67	0	730	29
68	0	1356	30
69	0	730	30
70	0	626	30
71	0	1356	30
72	0	1669	30
73	0	1408	30
74	0	1252	30
75	0	678	29
76	0	1356	30
77	0	1304	30
78	0	1304	30
79	0	782	30
80	0	678	29
81	0	574	29
82	0	626	29
83	0	887	30
84	0	626	29
85	0	1408	30
86	0	834	30
87	0	521	29
87	0	2087	30
88	0	730	30
89	0	678	29
90	0	1356	30
91	0	678	29
92	0	574	29
93	0	1304	30
94	0	1304	30
95	0	730	29
96	0	782	30
97	0	1252	30
98	0	1408	30
99	0	887	30
100	0	1252	30
101	0	574	29
102	0	678	30
103	0	574	29
104	0	521	29
105	0	1408	30
106	0	782	30
107	0	626	29
108	0	626	29
109	0	1304	30
110	0	626	29
111	0	626	29
112	0	574	29
113	0	521	29
114	0	626	29
115	0	1356	30
116	0	1408	30
117	0	1356	30
118	0	1304	30
119	0	1304	30
120	0	782	30
121	0	1252	30
122	0	678	29
123	0	1617	30
124	0	678	29
125	0	574	29
126	0	521	29
127	0	626	29
128	0	574	29
129	0	1252	30
130	0	469	29
131	0	626	29
132	0	626	29
133	0	678	30
134	0	1252	30
135	0	574	29
136	0	521	29
136	0	1148	30
137	0	730	30
138	0	626	29
139	0	678	29
139	0	1930	30
140	0	1408	30
141	0	574	29
142	0	626	29
143	0	1356	30
144	0	1982	30
145	0	1304	30
146	0	626	29
147	0	626	29
148	0	1356	30
149	0	626	29
150	0	521	29
151	0	782	30
152	0	626	30
153	0	574	29
154	0	626	29
155	0	574	29
156	0	574	29
158	0	521	29
159	0	626	29
160	0	730	30
161	0	1408	30
162	0	1252	30
163	0	887	30
164	0	521	29
165	0	678	30
166	0	1408	30
167	0	1252	30
168	0	2295	30
169	0	678	29
170	0	626	29
171	0	678	29
172	0	1252	30
173	0	1356	30
174	0	939	30
175	0	678	30
176	0	574	29
177	0	1513	30
178	0	2087	30
179	0	574	29
180	0	1252	30
181	0	574	29
182	0	574	30
183	0	521	29
184	0	730	29
185	0	730	29
186	0	2139	30
187	0	730	30
188	0	1252	30
189	0	678	29
190	0	1252	30
191	0	678	29
192	0	678	29
193	0	626	29
194	0	678	30
196	0	521	29
196	0	1774	30
197	0	2243	30
198	0	678	29
199	0	574	29
200	0	1408	30
201	0	1408	30
202	0	887	30
203	0	626	30
204	0	574	29
205	0	1356	30
206	0	574	29
206	0	1774	30
207	0	626	29
208	0	574	29
209	0	2139	30
210	0	574	30
211	0	1408	30
212	0	887	30
213	0	1408	30
214	0	782	30
215	0	1304	30
216	0	939	30
217	0	574	29
218	0	626	29
219	0	2087	30
220	0	1356	30
221	0	730	30
222	0	1252	30
223	0	626	30
224	0	730	29
225	0	626	29
225	0	2139	30
226	0	521	29
227	0	678	29
228	0	521	29
229	0	678	30
230	0	521	29
231	0	521	29
232	0	626	29
233	0	1356	30
235	0	1356	30
236	0	782	30
237	0	939	30
238	0	1252	30
239	0	887	30
240	0	574	29
241	0	626	30
242	0	678	29
243	0	521	29
243	0	2295	30
244	0	469	29
245	0	1304	30
246	0	1826	30
247	0	1461	30
248	0	574	29
249	0	626	29
250	0	574	29
251	0	521	29
252	0	887	30
253	0	574	29
254	0	1826	30
255	0	782	30
256	0	521	29
257	0	1252	30
258	0	678	29
259	0	574	29
260	0	574	30
262	0	574	29
263	0	626	29
264	0	626	29
265	0	678	29
266	0	574	29
267	0	574	29
268	0	1252	30
269	0	678	29
270	0	782	30
271	0	730	30
272	0	521	29
272	0	1982	30
273	0	2191	30
274	0	1304	30
275	0	1356	30
276	0	1461	30
277	0	782	30
278	0	1408	30
279	0	1408	30
280	0	626	30
282	0	1356	30
283	0	1304	30
284	0	626	29
284	0	1826	30
285	0	1356	30
286	0	521	29
286	0	2243	30
287	0	1408	30
288	0	678	29
289	0	626	30
290	0	2087	30
291	0	782	29
292	0	1356	30
293	0	574	29
293	0	2139	30
294	0	626	29
295	0	1252	30
296	0	574	29
297	0	678	29
298	0	782	30
299	0	626	29
300	0	1252	30
301	0	574	29
302	0	678	29
303	0	521	29
303	0	1826	30
304	0	574	29
306	0	574	30
307	0	521	29
308	0	574	30
309	0	574	29
309	0	2243	30
310	0	626	29
310	0	2295	30
311	0	678	30
312	0	939	30
313	0	782	30
314	0	1304	30
315	0	574	29
316	0	2087	30
317	0	1304	30
318	0	1356	30
319	0	1252	30
320	0	1356	30
321	0	678	29
322	0	521	29
323	0	1513	30
324	0	1356	30
325	0	1304	30
326	0	626	29
327	0	1252	30
328	0	678	30
329	0	1356	30
330	0	730	30
331	0	678	29
332	0	678	29
333	0	626	29
334	0	1304	30
335	0	626	29
336	0	626	29
337	0	678	29
338	0	1252	30
339	0	678	29
340	0	1304	30
341	0	1304	30
342	0	521	29
343	0	626	29
344	0	1774	30
345	0	574	29
346	0	469	29
347	0	730	29
348	0	626	29
349	0	626	29
350	0	2087	30
351	0	626	29
352	0	730	30
353	0	626	29
354	0	521	29
354	0	1826	30
355	0	678	29
356	0	939	30
357	0	678	29
358	0	834	30
359	0	2295	30
360	0	678	30
361	0	678	29
362	0	1252	30
364	0	626	29
365	0	1356	30
366	0	782	30
367	0	574	29
368	0	626	29
368	0	1982	30
369	0	626	29
370	0	521	29
371	0	521	29
372	0	730	29
373	0	834	30
374	0	1408	30
375	0	1356	30
376	0	626	29
377	0	1304	30
378	0	939	30
379	0	782	29
380	0	782	30
381	0	678	30
382	0	678	29
383	0	1304	30
384	0	678	29
385	0	782	30
386	0	521	29
387	0	626	29
388	0	2087	30
389	0	626	29
390	0	574	29
391	0	678	30
392	0	1252	30
393	0	574	29
394	0	678	29
395	0	730	29
396	0	626	29
396	0	1826	30
397	0	1304	30
398	0	521	29
399	0	521	29
400	0	678	29
401	0	2191	30
402	0	626	29
403	0	1252	30
404	0	782	30
405	0	1252	30
406	0	626	29
407	0	1304	30
409	0	1252	30
410	0	1252	30
411	0	469	29
411	0	1930	30
412	0	678	29
412	0	1878	30
413	0	626	29
413	0	1826	30
414	0	626	30
415	0	678	29
416	0	1252	30
417	0	574	29
418	0	574	29
419	0	469	29
420	0	939	30
421	0	2087	30
422	0	834	30
423	0	1252	30
424	0	574	29
424	0	1930	30
425	0	574	29
426	0	1252	30
427	0	2139	30
428	0	574	29
429	0	574	30
430	0	574	29
431	0	574	29
432	0	730	29
433	0	782	30
434	0	678	29
434	0	2087	30
435	0	521	29
436	0	626	29
437	0	574	29
438	0	730	30
439	0	834	30
440	0	678	30
441	0	1408	30
442	0	730	30
443	0	626	30
444	0	1408	30
445	0	626	29
446	0	782	29
447	0	1408	30
448	0	1252	30
449	0	2087	30
450	0	2191	30
451	0	730	30
452	0	521	29
453	0	574	29
454	0	1252	30
455	0	1356	30
456	0	1356	30
457	0	521	29
458	0	1356	30
459	0	678	30
460	0	626	29
461	0	574	29
462	0	574	29
463	0	574	29
464	0	887	30
465	0	626	29
466	0	574	29
467	0	521	29
468	0	626	29
469	0	574	29
470	0	1356	30
471	0	1252	30
472	0	521	29
473	0	574	29
474	0	574	29
475	0	939	30
476	0	1252	30
477	0	887	30
478	0	782	30
480	0	730	30
481	0	626	29
481	0	2295	30
482	0	782	29
483	0	1461	30
484	0	2139	30
485	0	1252	30
486	0	1356	30
487	0	626	29
488	0	1356	30
489	0	626	29
490	0	834	30
491	0	730	29
492	0	1252	30
493	0	730	30
494	0	574	29
495	0	834	30
496	0	521	29
497	0	521	29
498	0	678	29
499	0	574	29
500	0	574	29
500	0	1826	30
501	0	1304	30
502	0	678	29
503	0	626	29
503	0	1826	30
504	0	1408	30
505	0	1304	30
506	0	1252	30
507	0	1408	30
508	0	678	29
510	0	2087	30
512	0	939	30
513	0	678	30
514	0	678	29
515	0	574	29
516	0	1356	30
517	0	1356	30
518	0	939	30
519	0	574	29
520	0	626	29
521	0	626	29
522	0	626	29
523	0	678	29
524	0	2087	30
525	0	678	30
526	0	1461	30
527	0	521	29
528	0	626	29
529	0	678	29
529	0	1878	30
530	0	1356	30
531	0	1252	30
532	0	730	30
533	0	2087	30
534	0	678	29
535	0	1356	30
536	0	1513	30
537	0	574	29
538	0	521	29
539	0	626	29
540	0	730	30
541	0	521	29
542	0	887	30
543	0	1356	30
544	0	521	29
545	0	678	29
546	0	1304	30
547	0	730	29
548	0	1252	30
549	0	1356	30
550	0	521	29
550	0	1982	30
551	0	521	29
552	0	1356	30
553	0	782	30
554	0	521	29
555	0	521	29
555	0	1148	30
556	0	626	30
557	0	1252	30
558	0	469	29
559	0	1252	30
560	0	1356	30
561	0	730	30
562	0	1252	30
563	0	730	30
564	0	1304	30
565	0	574	29
565	0	2191	30
566	0	521	29
567	0	521	29
568	0	574	29
569	0	626	29
570	0	1356	30
571	0	574	29
572	0	1356	30
573	0	2035	30
574	0	730	29
575	0	574	29
575	0	1826	30
576	0	1356	30
577	0	678	29
578	0	887	30
579	0	626	29
580	0	1513	30
581	0	1252	30
582	0	782	30
583	0	678	29
584	0	574	29
585	0	574	29
585	0	1774	30
586	0	574	29
587	0	521	29
588	0	574	29
589	0	521	29
590	0	626	29
591	0	1356	30
593	0	574	29
594	0	678	30
595	0	626	29
595	0	1982	30
596	0	626	29
597	0	730	29
598	0	574	29
599	0	626	29
600	0	1408	30
601	0	626	29
602	0	1252	30
603	0	626	30
604	0	678	30
605	0	1252	30
606	0	626	29
607	0	574	29
608	0	521	29
609	0	1408	30
610	0	2191	30
611	0	678	30
612	0	1356	30
613	0	1252	30
614	0	1304	30
615	0	834	30
616	0	1252	30
617	0	1252	30
618	0	1513	30
619	0	939	30
620	0	626	29
621	0	834	30
622	0	521	29
623	0	1252	30
624	0	521	29
625	0	1252	30
626	0	469	29
627	0	626	29
628	0	574	29
629	0	782	30
630	0	730	30
631	0	521	29
632	0	626	29
633	0	1408	30
634	0	1304	30
635	0	1408	30
636	0	2139	30
637	0	1252	30
638	0	1252	30
639	0	521	29
640	0	626	30
641	0	626	30
642	0	1304	30
643	0	2191	30
644	0	678	29
645	0	730	29
646	0	626	29
647	0	1408	30
648	0	834	30
649	0	626	29
650	0	1356	30
651	0	678	29
652	0	626	29
653	0	730	29
654	0	521	29
655	0	521	29
656	0	574	30
657	0	521	29
658	0	626	29
659	0	1304	30
660	0	574	29
661	0	626	29
662	0	834	30
663	0	1252	30
664	0	574	29
665	0	678	29
666	0	678	29
667	0	574	30
668	0	574	29
669	0	887	30
670	0	887	30
671	0	1252	30
672	0	730	29
673	0	521	29
674	0	834	30
675	0	834	30
676	0	626	29
677	0	626	29
678	0	626	29
679	0	1252	30
680	0	1252	30
681	0	626	29
682	0	521	29
683	0	1408	30
684	0	1252	30
685	0	626	30
686	0	626	29
687	0	1356	30
688	0	1304	30
689	0	1304	30
690	0	521	29
691	0	626	29
692	0	521	29
693	0	626	30
694	0	730	29
695	0	574	29
696	0	521	29
697	0	574	29
698	0	1408	30
699	0	834	30
700	0	626	30
701	0	730	30
702	0	678	30
703	0	521	29
704	0	1669	30
705	0	939	30
706	0	521	29
707	0	626	29
708	0	1304	30
709	0	521	29
710	0	521	29
711	0	1252	30
712	0	678	30
713	0	1304	30
714	0	678	29
715	0	939	30
716	0	626	29
717	0	834	30
718	0	521	29
719	0	626	29
720	0	1304	30
721	0	678	29
722	0	521	29
723	0	782	30
724	0	730	30
725	0	574	29
726	0	730	30
727	0	1356	30
728	0	1617	30
729	0	730	29
730	0	678	29
731	0	574	29
732	0	678	29
733	0	626	29
734	0	521	29
735	0	2087	30
736	0	887	30
737	0	626	29
738	0	574	29
738	0	2139	30
739	0	1356	30
740	0	2243	30
741	0	678	30
742	0	678	29
742	0	991	30
743	0	574	29
744	0	1304	30
745	0	1252	30
746	0	1356	30
747	0	678	29
748	0	1930	30
749	0	678	29
750	0	678	29
751	0	678	29
752	0	887	30
753	0	574	29
753	0	2243	30
754	0	626	29
755	0	626	29
756	0	574	29
757	0	1356	30
758	0	626	29
759	0	1304	30
760	0	678	30
761	0	574	30
762	0	574	29
763	0	1304	30
764	0	782	29
765	0	521	29
766	0	626	29
767	0	1304	30
768	0	1356	30
769	0	730	29
770	0	1878	30
771	0	1356	30
772	0	782	30
773	0	1408	30
774	0	574	29
775	0	574	29
776	0	521	29
777	0	2087	30
778	0	626	29
779	0	1356	30
780	0	626	29
781	0	574	29
782	0	574	29
783	0	1356	30
784	0	521	29
785	0	678	29
786	0	782	30
787	0	1356	30
788	0	521	29
789	0	1252	30
790	0	834	30
791	0	1304	30
792	0	782	30
793	0	521	29
794	0	574	29
795	0	1252	30
796	0	1356	30
797	0	626	29
798	0	782	30
799	0	2243	30
800	0	1304	30
801	0	1356	30
802	0	574	29
803	0	626	29
804	0	574	30
805	0	2191	30
806	0	1356	30
807	0	678	29
807	0	1878	30
808	0	2087	30
809	0	1513	30
810	0	574	29
811	0	574	29
812	0	574	30
813	0	887	30
814	0	626	29
815	0	469	29
816	0	1252	30
817	0	2139	30
818	0	626	29
819	0	1356	30
820	0	678	30
821	0	678	29
822	0	574	29
823	0	678	29
824	0	1252	30
825	0	1252	30
826	0	1252	30
827	0	730	30
828	0	1304	30
829	0	2087	30
830	0	1252	30
831	0	521	29
831	0	2035	30
832	0	678	29
832	0	2191	30
833	0	626	29
834	0	678	29
835	0	730	30
836	0	2139	30
837	0	1252	30
838	0	469	29
839	0	1356	30
840	0	469	29
840	0	1095	30
841	0	678	30
842	0	626	30
843	0	626	29
843	0	1826	30
844	0	1252	30
845	0	1304	30
846	0	1408	30
847	0	1304	30
848	0	521	29
849	0	1252	30
850	0	574	29
851	0	2139	30
852	0	782	29
853	0	1304	30
854	0	1252	30
855	0	574	30
856	0	730	29
857	0	1304	30
858	0	834	30
859	0	887	30
860	0	1408	30
861	0	678	29
862	0	1408	30
863	0	521	29
864	0	521	29
864	0	2139	30
865	0	521	29
866	0	626	29
867	0	574	29
868	0	521	29
869	0	1252	30
870	0	1356	30
871	0	1356	30
873	0	574	29
874	0	782	30
875	0	574	30
876	0	626	29
877	0	574	29
877	0	1878	30
878	0	1304	30
879	0	626	29
880	0	678	29
881	0	730	30
882	0	1356	30
883	0	1408	30
884	0	626	29
885	0	678	29
886	0	730	29
887	0	574	29
888	0	939	30
889	0	1356	30
890	0	1356	30
891	0	626	29
892	0	1408	30
893	0	574	29
894	0	678	29
895	0	574	30
896	0	678	29
897	0	626	30
898	0	521	29
899	0	574	29
900	0	1252	30
901	0	626	29
902	0	939	30
903	0	469	29
905	0	1252	30
906	0	574	29
907	0	1826	30
908	0	626	29
909	0	1826	30
910	0	1408	30
911	0	626	29
912	0	521	29
913	0	1356	30
914	0	730	29
915	0	1304	30
916	0	574	29
917	0	626	29
918	0	1304	30
919	0	1461	30
920	0	678	29
921	0	678	30
922	0	678	30
923	0	1304	30
924	0	574	30
925	0	678	29
926	0	574	29
927	0	782	30
929	0	626	29
930	0	939	30
931	0	574	29
932	0	782	30
933	0	1356	30
934	0	1252	30
935	0	626	30
936	0	730	30
937	0	1252	30
938	0	1252	30
939	0	678	29
940	0	521	29
941	0	521	29
942	0	521	29
943	0	521	29
944	0	782	30
945	0	1356	30
946	0	574	30
947	0	626	29
947	0	1826	30
948	0	626	29
949	0	469	29
949	0	1148	30
950	0	678	29
951	0	1408	30
952	0	1669	30
953	0	678	29
954	0	521	29
955	0	1252	30
956	0	574	29
957	0	834	30
958	0	1252	30
959	0	1722	30
960	0	678	29
961	0	626	29
962	0	2087	30
963	0	626	29
964	0	521	29
965	0	730	29
966	0	574	29
967	0	782	30
968	0	521	29
969	0	678	30
971	0	574	29
972	0	574	29
972	0	1826	30
973	0	678	30
974	0	626	30
975	0	1304	30
976	0	678	30
977	0	1461	30
978	0	626	30
979	0	1356	30
980	0	1304	30
981	0	887	30
982	0	521	29
983	0	574	29
984	0	1252	30
985	0	1304	30
986	0	2191	30
987	0	1252	30
988	0	626	29
989	0	574	29
990	0	1408	30
991	0	1252	30
992	0	1461	30
993	0	939	30
994	0	1878	30
995	0	574	29
996	0	1408	30
997	0	2191	30
998	0	678	30
999	0	1356	30
0	1	678	29
0	1	991	30
1	1	678	29
2	1	626	30
3	1	1304	30
4	1	626	29
4	1	2087	30
5	1	626	29
6	1	678	30
7	1	887	30
8	1	730	29
9	1	1252	30
10	1	574	29
11	1	2191	30
12	1	1252	30
13	1	1252	30
14	1	521	29
15	1	574	29
16	1	626	29
17	1	626	29
18	1	469	29
19	1	1565	30
20	1	574	29
21	1	469	29
22	1	574	29
23	1	574	29
24	1	521	29
25	1	1408	30
26	1	782	30
27	1	626	30
28	1	834	30
29	1	887	30
30	1	1356	30
31	1	626	29
32	1	1356	30
33	1	574	29
34	1	521	29
35	1	626	29
36	1	678	29
37	1	730	29
38	1	626	29
39	1	626	29
40	1	626	29
41	1	626	29
42	1	730	29
43	1	521	29
44	1	1461	30
45	1	730	29
46	1	521	29
47	1	1252	30
48	1	1252	30
49	1	521	29
50	1	1408	30
51	1	1356	30
52	1	887	30
53	1	521	29
53	1	2295	30
55	1	678	29
56	1	1356	30
57	1	574	29
58	1	626	30
59	1	574	29
60	1	1252	30
61	1	678	29
62	1	626	29
63	1	626	30
64	1	1826	30
65	1	626	30
66	1	1356	30
67	1	730	29
68	1	1356	30
69	1	730	30
70	1	626	30
71	1	1356	30
72	1	1669	30
73	1	1408	30
74	1	1252	30
75	1	678	29
76	1	1356	30
77	1	1304	30
78	1	1304	30
79	1	782	30
80	1	678	29
81	1	574	29
82	1	626	29
83	1	887	30
84	1	626	29
85	1	1408	30
86	1	834	30
87	1	521	29
87	1	2087	30
88	1	730	30
89	1	678	29
90	1	1356	30
91	1	678	29
92	1	574	29
93	1	1304	30
94	1	1304	30
95	1	730	29
96	1	782	30
97	1	1252	30
98	1	1408	30
99	1	887	30
100	1	1252	30
101	1	574	29
102	1	678	30
103	1	574	29
104	1	521	29
105	1	1408	30
106	1	782	30
107	1	626	29
108	1	626	29
109	1	1304	30
110	1	626	29
111	1	626	29
112	1	574	29
113	1	521	29
114	1	626	29
115	1	1356	30
116	1	1408	30
117	1	1356	30
118	1	1304	30
119	1	1304	30
120	1	782	30
121	1	1252	30
122	1	678	29
123	1	1617	30
124	1	678	29
125	1	574	29
126	1	521	29
127	1	626	29
128	1	574	29
129	1	1252	30
130	1	469	29
131	1	626	29
132	1	626	29
133	1	678	30
134	1	1252	30
135	1	574	29
136	1	521	29
136	1	1148	30
137	1	730	30
138	1	626	29
139	1	678	29
139	1	1930	30
140	1	1408	30
141	1	574	29
142	1	626	29
143	1	1356	30
144	1	1982	30
145	1	1304	30
146	1	626	29
147	1	626	29
148	1	1356	30
149	1	626	29
150	1	521	29
151	1	782	30
152	1	626	30
153	1	574	29
154	1	626	29
155	1	574	29
156	1	574	29
158	1	521	29
159	1	626	29
160	1	730	30
161	1	1408	30
162	1	1252	30
163	1	887	30
164	1	521	29
165	1	678	30
166	1	1408	30
167	1	1252	30
168	1	2295	30
169	1	678	29
170	1	626	29
171	1	678	29
172	1	1252	30
173	1	1356	30
174	1	939	30
175	1	678	30
176	1	574	29
177	1	1513	30
178	1	2087	30
179	1	574	29
180	1	1252	30
181	1	574	29
182	1	574	30
183	1	521	29
184	1	730	29
185	1	730	29
186	1	2139	30
187	1	730	30
188	1	1252	30
189	1	678	29
190	1	1252	30
191	1	678	29
192	1	678	29
193	1	626	29
194	1	678	30
196	1	521	29
196	1	1774	30
197	1	2243	30
198	1	678	29
199	1	574	29
200	1	1408	30
201	1	1408	30
202	1	887	30
203	1	626	30
204	1	574	29
205	1	1356	30
206	1	574	29
206	1	1774	30
207	1	626	29
208	1	574	29
209	1	2139	30
210	1	574	30
211	1	1408	30
212	1	887	30
213	1	1408	30
214	1	782	30
215	1	1304	30
216	1	939	30
217	1	574	29
218	1	626	29
219	1	2087	30
220	1	1356	30
221	1	730	30
222	1	1252	30
223	1	626	30
224	1	730	29
225	1	626	29
225	1	2139	30
226	1	521	29
227	1	678	29
228	1	521	29
229	1	678	30
230	1	521	29
231	1	521	29
232	1	626	29
233	1	1356	30
235	1	1356	30
236	1	782	30
237	1	939	30
238	1	1252	30
239	1	887	30
240	1	574	29
241	1	626	30
242	1	678	29
243	1	521	29
243	1	2295	30
244	1	469	29
245	1	1304	30
246	1	1826	30
247	1	1461	30
248	1	574	29
249	1	626	29
250	1	574	29
251	1	521	29
252	1	887	30
253	1	574	29
254	1	1826	30
255	1	782	30
256	1	521	29
257	1	1252	30
258	1	678	29
259	1	574	29
260	1	574	30
262	1	574	29
263	1	626	29
264	1	626	29
265	1	678	29
266	1	574	29
267	1	574	29
268	1	1252	30
269	1	678	29
270	1	782	30
271	1	730	30
272	1	521	29
272	1	1982	30
273	1	2191	30
274	1	1304	30
275	1	1356	30
276	1	1461	30
277	1	782	30
278	1	1408	30
279	1	1408	30
280	1	626	30
282	1	1356	30
283	1	1304	30
284	1	626	29
284	1	1826	30
285	1	1356	30
286	1	521	29
286	1	2243	30
287	1	1408	30
288	1	678	29
289	1	626	30
290	1	2087	30
291	1	782	29
292	1	1356	30
293	1	574	29
293	1	2139	30
294	1	626	29
295	1	1252	30
296	1	574	29
297	1	678	29
298	1	782	30
299	1	626	29
300	1	1252	30
301	1	574	29
302	1	678	29
303	1	521	29
303	1	1826	30
304	1	574	29
306	1	574	30
307	1	521	29
308	1	574	30
309	1	574	29
309	1	2243	30
310	1	626	29
310	1	2295	30
311	1	678	30
312	1	939	30
313	1	782	30
314	1	1304	30
315	1	574	29
316	1	2087	30
317	1	1304	30
318	1	1356	30
319	1	1252	30
320	1	1356	30
321	1	678	29
322	1	521	29
323	1	1513	30
324	1	1356	30
325	1	1304	30
326	1	626	29
327	1	1252	30
328	1	678	30
329	1	1356	30
330	1	730	30
331	1	678	29
332	1	678	29
333	1	626	29
334	1	1304	30
335	1	626	29
336	1	626	29
337	1	678	29
338	1	1252	30
339	1	678	29
340	1	1304	30
341	1	1304	30
342	1	521	29
343	1	626	29
344	1	1774	30
345	1	574	29
346	1	469	29
347	1	730	29
348	1	626	29
349	1	626	29
350	1	2087	30
351	1	626	29
352	1	730	30
353	1	626	29
354	1	521	29
354	1	1826	30
355	1	678	29
356	1	939	30
357	1	678	29
358	1	834	30
359	1	2295	30
360	1	678	30
361	1	678	29
362	1	1252	30
364	1	626	29
365	1	1356	30
366	1	782	30
367	1	574	29
368	1	626	29
368	1	1982	30
369	1	626	29
370	1	521	29
371	1	521	29
372	1	730	29
373	1	834	30
374	1	1408	30
375	1	1356	30
376	1	626	29
377	1	1304	30
378	1	939	30
379	1	782	29
380	1	782	30
381	1	678	30
382	1	678	29
383	1	1304	30
384	1	678	29
385	1	782	30
386	1	521	29
387	1	626	29
388	1	2087	30
389	1	626	29
390	1	574	29
391	1	678	30
392	1	1252	30
393	1	574	29
394	1	678	29
395	1	730	29
396	1	626	29
396	1	1826	30
397	1	1304	30
398	1	521	29
399	1	521	29
400	1	678	29
401	1	2191	30
402	1	626	29
403	1	1252	30
404	1	782	30
405	1	1252	30
406	1	626	29
407	1	1304	30
409	1	1252	30
410	1	1252	30
411	1	469	29
411	1	1930	30
412	1	678	29
412	1	1878	30
413	1	626	29
413	1	1826	30
414	1	626	30
415	1	678	29
416	1	1252	30
417	1	574	29
418	1	574	29
419	1	469	29
420	1	939	30
421	1	2087	30
422	1	834	30
423	1	1252	30
424	1	574	29
424	1	1930	30
425	1	574	29
426	1	1252	30
427	1	2139	30
428	1	574	29
429	1	574	30
430	1	574	29
431	1	574	29
432	1	730	29
433	1	782	30
434	1	678	29
434	1	2087	30
435	1	521	29
436	1	626	29
437	1	574	29
438	1	730	30
439	1	834	30
440	1	678	30
441	1	1408	30
442	1	730	30
443	1	626	30
444	1	1408	30
445	1	626	29
446	1	782	29
447	1	1408	30
448	1	1252	30
449	1	2087	30
450	1	2191	30
451	1	730	30
452	1	521	29
453	1	574	29
454	1	1252	30
455	1	1356	30
456	1	1356	30
457	1	521	29
458	1	1356	30
459	1	678	30
460	1	626	29
461	1	574	29
462	1	574	29
463	1	574	29
464	1	887	30
465	1	626	29
466	1	574	29
467	1	521	29
468	1	626	29
469	1	574	29
470	1	1356	30
471	1	1252	30
472	1	521	29
473	1	574	29
474	1	574	29
475	1	939	30
476	1	1252	30
477	1	887	30
478	1	782	30
480	1	730	30
481	1	626	29
481	1	2295	30
482	1	782	29
483	1	1461	30
484	1	2139	30
485	1	1252	30
486	1	1356	30
487	1	626	29
488	1	1356	30
489	1	626	29
490	1	834	30
491	1	730	29
492	1	1252	30
493	1	730	30
494	1	574	29
495	1	834	30
496	1	521	29
497	1	521	29
498	1	678	29
499	1	574	29
500	1	574	29
500	1	1826	30
501	1	1304	30
502	1	678	29
503	1	626	29
503	1	1826	30
504	1	1408	30
505	1	1304	30
506	1	1252	30
507	1	1408	30
508	1	678	29
510	1	2087	30
512	1	939	30
513	1	678	30
514	1	678	29
515	1	574	29
516	1	1356	30
517	1	1356	30
518	1	939	30
519	1	574	29
520	1	626	29
521	1	626	29
522	1	626	29
523	1	678	29
524	1	2087	30
525	1	678	30
526	1	1461	30
527	1	521	29
528	1	626	29
529	1	678	29
529	1	1878	30
530	1	1356	30
531	1	1252	30
532	1	730	30
533	1	2087	30
534	1	678	29
535	1	1356	30
536	1	1513	30
537	1	574	29
538	1	521	29
539	1	626	29
540	1	730	30
541	1	521	29
542	1	887	30
543	1	1356	30
544	1	521	29
545	1	678	29
546	1	1304	30
547	1	730	29
548	1	1252	30
549	1	1356	30
550	1	521	29
550	1	1982	30
551	1	521	29
552	1	1356	30
553	1	782	30
554	1	521	29
555	1	521	29
555	1	1148	30
556	1	626	30
557	1	1252	30
558	1	469	29
559	1	1252	30
560	1	1356	30
561	1	730	30
562	1	1252	30
563	1	730	30
564	1	1304	30
565	1	574	29
565	1	2191	30
566	1	521	29
567	1	521	29
568	1	574	29
569	1	626	29
570	1	1356	30
571	1	574	29
572	1	1356	30
573	1	2035	30
574	1	730	29
575	1	574	29
575	1	1826	30
576	1	1356	30
577	1	678	29
578	1	887	30
579	1	626	29
580	1	1513	30
581	1	1252	30
582	1	782	30
583	1	678	29
584	1	574	29
585	1	574	29
585	1	1774	30
586	1	574	29
587	1	521	29
588	1	574	29
589	1	521	29
590	1	626	29
591	1	1356	30
593	1	574	29
594	1	678	30
595	1	626	29
595	1	1982	30
596	1	626	29
597	1	730	29
598	1	574	29
599	1	626	29
600	1	1408	30
601	1	626	29
602	1	1252	30
603	1	626	30
604	1	678	30
605	1	1252	30
606	1	626	29
607	1	574	29
608	1	521	29
609	1	1408	30
610	1	2191	30
611	1	678	30
612	1	1356	30
613	1	1252	30
614	1	1304	30
615	1	834	30
616	1	1252	30
617	1	1252	30
618	1	1513	30
619	1	939	30
620	1	626	29
621	1	834	30
622	1	521	29
623	1	1252	30
624	1	521	29
625	1	1252	30
626	1	469	29
627	1	626	29
628	1	574	29
629	1	782	30
630	1	730	30
631	1	521	29
632	1	626	29
633	1	1408	30
634	1	1304	30
635	1	1408	30
636	1	2139	30
637	1	1252	30
638	1	1252	30
639	1	521	29
640	1	626	30
641	1	626	30
642	1	1304	30
643	1	2191	30
644	1	678	29
645	1	730	29
646	1	626	29
647	1	1408	30
648	1	834	30
649	1	626	29
650	1	1356	30
651	1	678	29
652	1	626	29
653	1	730	29
654	1	521	29
655	1	521	29
656	1	574	30
657	1	521	29
658	1	626	29
659	1	1304	30
660	1	574	29
661	1	626	29
662	1	834	30
663	1	1252	30
664	1	574	29
665	1	678	29
666	1	678	29
667	1	574	30
668	1	574	29
669	1	887	30
670	1	887	30
671	1	1252	30
672	1	730	29
673	1	521	29
674	1	834	30
675	1	834	30
676	1	626	29
677	1	626	29
678	1	626	29
679	1	1252	30
680	1	1252	30
681	1	626	29
682	1	521	29
683	1	1408	30
684	1	1252	30
685	1	626	30
686	1	626	29
687	1	1356	30
688	1	1304	30
689	1	1304	30
690	1	521	29
691	1	626	29
692	1	521	29
693	1	626	30
694	1	730	29
695	1	574	29
696	1	521	29
697	1	574	29
698	1	1408	30
699	1	834	30
700	1	626	30
701	1	730	30
702	1	678	30
703	1	521	29
704	1	1669	30
705	1	939	30
706	1	521	29
707	1	626	29
708	1	1304	30
709	1	521	29
710	1	521	29
711	1	1252	30
712	1	678	30
713	1	1304	30
714	1	678	29
715	1	939	30
716	1	626	29
717	1	834	30
718	1	521	29
719	1	626	29
720	1	1304	30
721	1	678	29
722	1	521	29
723	1	782	30
724	1	730	30
725	1	574	29
726	1	730	30
727	1	1356	30
728	1	1617	30
729	1	730	29
730	1	678	29
731	1	574	29
732	1	678	29
733	1	626	29
734	1	521	29
735	1	2087	30
736	1	887	30
737	1	626	29
738	1	574	29
738	1	2139	30
739	1	1356	30
740	1	2243	30
741	1	678	30
742	1	678	29
742	1	991	30
743	1	574	29
744	1	1304	30
745	1	1252	30
746	1	1356	30
747	1	678	29
748	1	1930	30
749	1	678	29
750	1	678	29
751	1	678	29
752	1	887	30
753	1	574	29
753	1	2243	30
754	1	626	29
755	1	626	29
756	1	574	29
757	1	1356	30
758	1	626	29
759	1	1304	30
760	1	678	30
761	1	574	30
762	1	574	29
763	1	1304	30
764	1	782	29
765	1	521	29
766	1	626	29
767	1	1304	30
768	1	1356	30
769	1	730	29
770	1	1878	30
771	1	1356	30
772	1	782	30
773	1	1408	30
774	1	574	29
775	1	574	29
776	1	521	29
777	1	2087	30
778	1	626	29
779	1	1356	30
780	1	626	29
781	1	574	29
782	1	574	29
783	1	1356	30
784	1	521	29
785	1	678	29
786	1	782	30
787	1	1356	30
788	1	521	29
789	1	1252	30
790	1	834	30
791	1	1304	30
792	1	782	30
793	1	521	29
794	1	574	29
795	1	1252	30
796	1	1356	30
797	1	626	29
798	1	782	30
799	1	2243	30
800	1	1304	30
801	1	1356	30
802	1	574	29
803	1	626	29
804	1	574	30
805	1	2191	30
806	1	1356	30
807	1	678	29
807	1	1878	30
808	1	2087	30
809	1	1513	30
810	1	574	29
811	1	574	29
812	1	574	30
813	1	887	30
814	1	626	29
815	1	469	29
816	1	1252	30
817	1	2139	30
818	1	626	29
819	1	1356	30
820	1	678	30
821	1	678	29
822	1	574	29
823	1	678	29
824	1	1252	30
825	1	1252	30
826	1	1252	30
827	1	730	30
828	1	1304	30
829	1	2087	30
830	1	1252	30
831	1	521	29
831	1	2035	30
832	1	678	29
832	1	2191	30
833	1	626	29
834	1	678	29
835	1	730	30
836	1	2139	30
837	1	1252	30
838	1	469	29
839	1	1356	30
840	1	469	29
840	1	1095	30
841	1	678	30
842	1	626	30
843	1	626	29
843	1	1826	30
844	1	1252	30
845	1	1304	30
846	1	1408	30
847	1	1304	30
848	1	521	29
849	1	1252	30
850	1	574	29
851	1	2139	30
852	1	782	29
853	1	1304	30
854	1	1252	30
855	1	574	30
856	1	730	29
857	1	1304	30
858	1	834	30
859	1	887	30
860	1	1408	30
861	1	678	29
862	1	1408	30
863	1	521	29
864	1	521	29
864	1	2139	30
865	1	521	29
866	1	626	29
867	1	574	29
868	1	521	29
869	1	1252	30
870	1	1356	30
871	1	1356	30
873	1	574	29
874	1	782	30
875	1	574	30
876	1	626	29
877	1	574	29
877	1	1878	30
878	1	1304	30
879	1	626	29
880	1	678	29
881	1	730	30
882	1	1356	30
883	1	1408	30
884	1	626	29
885	1	678	29
886	1	730	29
887	1	574	29
888	1	939	30
889	1	1356	30
890	1	1356	30
891	1	626	29
892	1	1408	30
893	1	574	29
894	1	678	29
895	1	574	30
896	1	678	29
897	1	626	30
898	1	521	29
899	1	574	29
900	1	1252	30
901	1	626	29
902	1	939	30
903	1	469	29
905	1	1252	30
906	1	574	29
907	1	1826	30
908	1	626	29
909	1	1826	30
910	1	1408	30
911	1	626	29
912	1	521	29
913	1	1356	30
914	1	730	29
915	1	1304	30
916	1	574	29
917	1	626	29
918	1	1304	30
919	1	1461	30
920	1	678	29
921	1	678	30
922	1	678	30
923	1	1304	30
924	1	574	30
925	1	678	29
926	1	574	29
927	1	782	30
929	1	626	29
930	1	939	30
931	1	574	29
932	1	782	30
933	1	1356	30
934	1	1252	30
935	1	626	30
936	1	730	30
937	1	1252	30
938	1	1252	30
939	1	678	29
940	1	521	29
941	1	521	29
942	1	521	29
943	1	521	29
944	1	782	30
945	1	1356	30
946	1	574	30
947	1	626	29
947	1	1826	30
948	1	626	29
949	1	469	29
949	1	1148	30
950	1	678	29
951	1	1408	30
952	1	1669	30
953	1	678	29
954	1	521	29
955	1	1252	30
956	1	574	29
957	1	834	30
958	1	1252	30
959	1	1722	30
960	1	678	29
961	1	626	29
962	1	2087	30
963	1	626	29
964	1	521	29
965	1	730	29
966	1	574	29
967	1	782	30
968	1	521	29
969	1	678	30
971	1	574	29
972	1	574	29
972	1	1826	30
973	1	678	30
974	1	626	30
975	1	1304	30
976	1	678	30
977	1	1461	30
978	1	626	30
979	1	1356	30
980	1	1304	30
981	1	887	30
982	1	521	29
983	1	574	29
984	1	1252	30
985	1	1304	30
986	1	2191	30
987	1	1252	30
988	1	626	29
989	1	574	29
990	1	1408	30
991	1	1252	30
992	1	1461	30
993	1	939	30
994	1	1878	30
995	1	574	29
996	1	1408	30
997	1	2191	30
998	1	678	30
999	1	1356	30
0	2	261	26
0	2	574	33
0	2	1148	13
1	2	261	26
1	2	574	33
1	2	1252	13
2	2	261	26
2	2	834	33
3	2	261	26
3	2	1617	33
4	2	261	26
4	2	730	33
4	2	1148	13
5	2	261	26
5	2	626	33
5	2	2295	13
6	2	261	26
6	2	730	33
6	2	1930	13
7	2	261	26
7	2	1356	33
7	2	1669	13
8	2	261	26
8	2	991	33
8	2	1304	13
9	2	261	26
10	2	261	26
10	2	574	33
10	2	1148	13
11	2	261	26
12	2	261	26
13	2	261	26
14	2	261	26
14	2	574	33
14	2	1148	13
15	2	261	26
15	2	678	33
15	2	1148	13
16	2	261	26
16	2	626	33
16	2	1148	13
17	2	261	26
17	2	574	33
17	2	1148	13
18	2	261	26
18	2	574	33
18	2	1148	13
19	2	261	26
20	2	261	26
20	2	782	33
20	2	1304	13
21	2	261	26
21	2	574	33
21	2	1148	13
22	2	261	26
22	2	1617	33
23	2	261	26
23	2	574	33
23	2	1148	13
24	2	261	26
24	2	574	33
24	2	1148	13
25	2	261	26
26	2	261	26
26	2	887	33
26	2	1669	13
27	2	261	26
27	2	574	33
27	2	1200	13
28	2	261	26
28	2	1043	33
28	2	1304	13
29	2	261	26
29	2	2035	33
30	2	261	26
30	2	1722	33
31	2	261	26
31	2	730	33
32	2	261	26
32	2	1461	33
33	2	261	26
33	2	939	33
34	2	261	26
34	2	1043	33
34	2	1461	13
35	2	261	26
35	2	626	33
35	2	1148	13
36	2	261	26
36	2	626	33
36	2	1148	13
37	2	261	26
37	2	887	33
38	2	261	26
38	2	834	33
39	2	261	26
39	2	782	33
39	2	1200	13
40	2	261	26
40	2	574	33
40	2	1148	13
41	2	261	26
41	2	1148	33
41	2	1461	13
42	2	261	26
42	2	1095	33
42	2	1461	13
43	2	261	26
43	2	626	33
43	2	1148	13
44	2	261	26
45	2	261	26
45	2	834	33
45	2	1408	13
46	2	261	26
46	2	626	33
46	2	1982	13
47	2	261	26
47	2	1565	33
48	2	261	26
49	2	261	26
49	2	678	33
49	2	1148	13
50	2	261	26
51	2	261	26
52	2	261	26
53	2	261	26
53	2	626	33
53	2	1148	13
54	2	261	26
55	2	261	26
55	2	834	33
56	2	261	26
57	2	261	26
57	2	574	33
57	2	1148	13
58	2	261	26
58	2	834	33
58	2	1148	13
59	2	261	26
59	2	574	33
59	2	1148	13
60	2	261	26
61	2	261	26
61	2	730	33
62	2	261	26
62	2	678	33
62	2	1148	13
63	2	261	26
63	2	939	33
63	2	1304	13
64	2	261	26
65	2	261	26
65	2	1043	33
65	2	1774	13
66	2	261	26
66	2	1774	33
67	2	261	26
67	2	1095	33
67	2	1408	13
68	2	261	26
69	2	261	26
69	2	1252	33
69	2	1565	13
70	2	261	26
70	2	991	33
71	2	261	26
71	2	1461	33
72	2	261	26
73	2	261	26
74	2	261	26
75	2	261	26
75	2	626	33
75	2	1148	13
76	2	261	26
77	2	261	26
78	2	261	26
79	2	261	26
79	2	1408	33
80	2	261	26
80	2	730	33
80	2	1461	13
81	2	261	26
81	2	834	33
82	2	261	26
82	2	991	33
83	2	261	26
83	2	1722	33
84	2	261	26
84	2	730	33
85	2	261	26
86	2	261	26
87	2	261	26
87	2	574	33
87	2	1148	13
88	2	261	26
88	2	939	33
88	2	1408	13
89	2	261	26
89	2	1408	33
90	2	261	26
91	2	261	26
91	2	887	33
92	2	261	26
92	2	574	33
92	2	1252	13
93	2	261	26
94	2	261	26
95	2	261	26
96	2	261	26
96	2	1513	33
97	2	261	26
98	2	261	26
99	2	261	26
100	2	261	26
101	2	261	26
101	2	939	33
102	2	261	26
102	2	887	33
103	2	261	26
103	2	1669	33
104	2	261	26
104	2	782	33
104	2	1148	13
105	2	261	26
106	2	261	26
106	2	991	33
106	2	1304	13
107	2	261	26
107	2	574	33
107	2	1148	13
108	2	261	26
108	2	626	33
108	2	1200	13
109	2	261	26
110	2	261	26
110	2	574	33
110	2	1148	13
111	2	261	26
111	2	887	33
112	2	261	26
113	2	261	26
113	2	574	33
113	2	1148	13
114	2	261	26
114	2	887	33
115	2	261	26
116	2	261	26
117	2	261	26
118	2	261	26
118	2	1565	33
119	2	261	26
119	2	2295	33
120	2	261	26
120	2	1617	33
121	2	261	26
122	2	261	26
122	2	626	33
122	2	1148	13
123	2	261	26
124	2	261	26
124	2	574	33
124	2	1148	13
125	2	261	26
125	2	678	33
125	2	1148	13
126	2	261	26
126	2	574	33
126	2	1148	13
127	2	261	26
127	2	574	33
127	2	1148	13
128	2	261	26
128	2	574	33
128	2	1148	13
129	2	261	26
130	2	261	26
130	2	730	33
131	2	261	26
131	2	939	33
131	2	1200	13
132	2	261	26
132	2	574	33
132	2	1774	13
133	2	261	26
133	2	730	33
133	2	1669	13
134	2	261	26
134	2	1565	33
135	2	261	26
135	2	730	33
135	2	1148	13
136	2	261	26
136	2	574	33
136	2	1148	13
137	2	261	26
137	2	939	33
137	2	1669	13
138	2	261	26
138	2	574	33
138	2	1148	13
139	2	261	26
139	2	626	33
139	2	1148	13
140	2	261	26
141	2	261	26
141	2	574	33
141	2	1148	13
142	2	261	26
142	2	1774	33
143	2	261	26
144	2	261	26
145	2	261	26
145	2	1565	33
146	2	261	26
146	2	782	33
146	2	1148	13
147	2	261	26
147	2	887	33
147	2	1252	13
148	2	261	26
149	2	261	26
149	2	574	33
149	2	1148	13
150	2	261	26
150	2	678	33
150	2	1304	13
151	2	261	26
151	2	2243	33
152	2	261	26
152	2	730	33
152	2	1252	13
153	2	261	26
153	2	991	33
154	2	261	26
154	2	626	33
154	2	1148	13
155	2	261	26
155	2	574	33
155	2	1148	13
156	2	261	26
156	2	574	33
156	2	1148	13
157	2	261	26
158	2	261	26
158	2	730	33
158	2	1200	13
159	2	261	26
159	2	574	33
159	2	1148	13
160	2	261	26
160	2	1043	33
160	2	1565	13
161	2	261	26
162	2	261	26
162	2	1356	33
163	2	261	26
164	2	261	26
164	2	678	33
164	2	2087	13
165	2	261	26
165	2	730	33
165	2	1148	13
166	2	261	26
167	2	261	26
168	2	261	26
169	2	261	26
169	2	574	33
169	2	2191	13
170	2	261	26
170	2	574	33
170	2	1148	13
171	2	261	26
172	2	261	26
172	2	1408	33
173	2	261	26
174	2	261	26
174	2	1356	33
174	2	1722	13
175	2	261	26
175	2	887	33
175	2	1252	13
176	2	261	26
176	2	574	33
176	2	1982	13
177	2	261	26
178	2	261	26
179	2	261	26
179	2	730	33
179	2	1148	13
180	2	261	26
181	2	261	26
181	2	574	33
181	2	1930	13
182	2	261	26
183	2	261	26
183	2	626	33
183	2	1148	13
184	2	261	26
185	2	261	26
185	2	730	33
185	2	1148	13
186	2	261	26
187	2	261	26
187	2	1148	33
187	2	1461	13
188	2	261	26
189	2	261	26
189	2	991	33
189	2	1461	13
190	2	261	26
190	2	1774	33
191	2	261	26
191	2	574	33
192	2	261	26
192	2	834	33
192	2	1252	13
193	2	261	26
193	2	834	33
193	2	1617	13
194	2	261	26
195	2	261	26
196	2	261	26
196	2	574	33
196	2	1148	13
197	2	261	26
198	2	261	26
198	2	991	33
198	2	1304	13
199	2	261	26
199	2	574	33
199	2	1148	13
200	2	261	26
200	2	1565	33
201	2	261	26
202	2	261	26
202	2	1461	33
203	2	261	26
203	2	1252	33
203	2	1565	13
204	2	261	26
204	2	678	33
204	2	1148	13
205	2	261	26
206	2	261	26
206	2	574	33
206	2	1148	13
207	2	261	26
207	2	626	33
207	2	1148	13
208	2	261	26
208	2	678	33
208	2	1200	13
209	2	261	26
210	2	261	26
210	2	782	33
210	2	1304	13
211	2	261	26
212	2	261	26
212	2	1461	33
213	2	261	26
214	2	261	26
215	2	261	26
215	2	1722	33
216	2	261	26
217	2	261	26
217	2	1513	33
218	2	261	26
218	2	1095	33
218	2	1408	13
219	2	261	26
220	2	261	26
221	2	261	26
221	2	991	33
221	2	1722	13
222	2	261	26
223	2	261	26
224	2	261	26
224	2	1565	33
225	2	261	26
225	2	574	33
225	2	1148	13
226	2	261	26
226	2	678	33
226	2	1148	13
227	2	261	26
227	2	939	33
228	2	261	26
228	2	626	33
228	2	1148	13
229	2	261	26
229	2	1095	33
229	2	1565	13
230	2	261	26
230	2	574	33
230	2	1148	13
231	2	261	26
231	2	574	33
231	2	1148	13
232	2	261	26
232	2	574	33
232	2	1148	13
233	2	261	26
233	2	1774	33
234	2	261	26
235	2	261	26
236	2	261	26
237	2	261	26
238	2	261	26
239	2	261	26
240	2	261	26
240	2	574	33
240	2	1148	13
241	2	261	26
241	2	1043	33
241	2	1304	13
242	2	261	26
242	2	834	33
242	2	1304	13
243	2	261	26
243	2	574	33
243	2	1148	13
244	2	261	26
244	2	574	33
244	2	1148	13
245	2	261	26
245	2	2295	33
246	2	261	26
247	2	261	26
248	2	261	26
248	2	574	33
248	2	1148	13
249	2	261	26
249	2	574	33
249	2	1148	13
250	2	261	26
250	2	574	33
250	2	1148	13
251	2	261	26
251	2	782	33
251	2	1200	13
252	2	261	26
253	2	261	26
254	2	261	26
255	2	261	26
255	2	1617	33
256	2	261	26
256	2	1252	33
256	2	1617	13
257	2	261	26
257	2	1617	33
258	2	261	26
258	2	574	33
258	2	1148	13
259	2	261	26
259	2	574	33
259	2	1148	13
260	2	261	26
260	2	678	33
260	2	1617	13
261	2	261	26
262	2	261	26
262	2	1200	33
262	2	1461	13
263	2	261	26
264	2	261	26
264	2	730	33
264	2	1565	13
265	2	261	26
265	2	678	33
266	2	261	26
266	2	834	33
266	2	1408	13
267	2	261	26
267	2	574	33
267	2	1930	13
268	2	261	26
268	2	1304	33
269	2	261	26
269	2	678	33
269	2	1148	13
270	2	261	26
271	2	261	26
271	2	939	33
271	2	1408	13
272	2	261	26
272	2	574	33
272	2	1148	13
273	2	261	26
274	2	261	26
275	2	261	26
276	2	261	26
277	2	261	26
278	2	261	26
279	2	261	26
280	2	261	26
280	2	2087	33
281	2	261	26
282	2	261	26
283	2	261	26
283	2	1565	33
284	2	261	26
284	2	574	33
284	2	1148	13
285	2	261	26
285	2	1513	33
286	2	261	26
286	2	574	33
286	2	1148	13
287	2	261	26
288	2	261	26
288	2	730	33
288	2	1617	13
289	2	261	26
290	2	261	26
291	2	261	26
291	2	887	33
292	2	261	26
293	2	261	26
293	2	574	33
293	2	1148	13
294	2	261	26
294	2	678	33
295	2	261	26
295	2	2295	33
296	2	261	26
296	2	678	33
296	2	1148	13
297	2	261	26
298	2	261	26
298	2	1408	33
299	2	261	26
299	2	574	33
299	2	1304	13
300	2	261	26
301	2	261	26
301	2	574	33
301	2	1148	13
302	2	261	26
302	2	730	33
302	2	1304	13
303	2	261	26
303	2	574	33
303	2	1148	13
304	2	261	26
304	2	574	33
304	2	1148	13
305	2	261	26
306	2	261	26
306	2	574	33
306	2	1148	13
307	2	261	26
307	2	939	33
308	2	261	26
308	2	939	33
309	2	261	26
309	2	574	33
309	2	1148	13
310	2	261	26
310	2	730	33
310	2	1148	13
311	2	261	26
312	2	261	26
313	2	261	26
314	2	261	26
315	2	261	26
315	2	939	33
315	2	1408	13
316	2	261	26
317	2	261	26
317	2	1774	33
318	2	261	26
319	2	261	26
320	2	261	26
320	2	1774	33
321	2	261	26
321	2	574	33
322	2	261	26
322	2	730	33
322	2	1878	13
323	2	261	26
324	2	261	26
325	2	261	26
326	2	261	26
326	2	574	33
326	2	1148	13
327	2	261	26
327	2	1408	33
328	2	261	26
329	2	261	26
330	2	261	26
330	2	1148	33
330	2	1461	13
331	2	261	26
331	2	626	33
331	2	1774	13
332	2	261	26
332	2	834	33
332	2	1252	13
333	2	261	26
333	2	574	33
333	2	1148	13
334	2	261	26
335	2	261	26
335	2	574	33
335	2	1148	13
336	2	261	26
336	2	678	33
336	2	1356	13
337	2	261	26
338	2	261	26
339	2	261	26
339	2	626	33
339	2	1774	13
340	2	261	26
340	2	1565	33
341	2	261	26
341	2	1617	33
342	2	261	26
342	2	574	33
342	2	1148	13
343	2	261	26
343	2	574	33
343	2	1148	13
344	2	261	26
345	2	261	26
345	2	834	33
345	2	1148	13
346	2	261	26
346	2	730	33
346	2	1148	13
347	2	261	26
347	2	834	33
348	2	261	26
348	2	678	33
348	2	1148	13
349	2	261	26
349	2	574	33
349	2	1148	13
350	2	261	26
351	2	261	26
351	2	834	33
352	2	261	26
352	2	834	33
352	2	1304	13
353	2	261	26
353	2	626	33
353	2	1148	13
354	2	261	26
354	2	574	33
354	2	1148	13
355	2	261	26
355	2	626	33
356	2	261	26
356	2	1513	33
357	2	261	26
357	2	730	33
358	2	261	26
358	2	1408	33
358	2	1722	13
359	2	261	26
360	2	261	26
361	2	261	26
361	2	782	33
361	2	1565	13
362	2	261	26
363	2	261	26
364	2	261	26
364	2	626	33
364	2	2139	13
365	2	261	26
366	2	261	26
366	2	1252	33
366	2	1513	13
367	2	261	26
367	2	678	33
367	2	2191	13
368	2	261	26
368	2	574	33
368	2	1148	13
369	2	261	26
369	2	730	33
369	2	1148	13
370	2	261	26
371	2	261	26
371	2	626	33
371	2	1408	13
372	2	261	26
372	2	1408	33
373	2	261	26
374	2	261	26
375	2	261	26
376	2	261	26
376	2	730	33
377	2	261	26
378	2	261	26
378	2	1565	33
379	2	261	26
379	2	991	33
379	2	1513	13
380	2	261	26
380	2	834	33
381	2	261	26
381	2	887	33
382	2	261	26
382	2	678	33
382	2	2139	13
383	2	261	26
384	2	261	26
384	2	730	33
384	2	1617	13
385	2	261	26
385	2	991	33
386	2	261	26
386	2	730	33
387	2	261	26
387	2	730	33
387	2	1148	13
388	2	261	26
389	2	261	26
389	2	574	33
389	2	1200	13
390	2	261	26
390	2	574	33
390	2	1148	13
391	2	261	26
391	2	626	33
391	2	1148	13
392	2	261	26
393	2	261	26
393	2	574	33
393	2	1148	13
394	2	261	26
394	2	887	33
395	2	261	26
395	2	991	33
396	2	261	26
396	2	574	33
396	2	1148	13
397	2	261	26
397	2	1617	33
398	2	261	26
398	2	887	33
399	2	261	26
399	2	574	33
399	2	1148	13
400	2	261	26
400	2	730	33
401	2	261	26
402	2	261	26
402	2	782	33
402	2	1356	13
403	2	261	26
404	2	261	26
404	2	1617	33
405	2	261	26
406	2	261	26
406	2	730	33
406	2	1148	13
407	2	261	26
407	2	1565	33
408	2	261	26
409	2	261	26
410	2	261	26
411	2	261	26
411	2	626	33
411	2	1148	13
412	2	261	26
412	2	574	33
412	2	1148	13
413	2	261	26
413	2	574	33
413	2	1148	13
414	2	261	26
414	2	782	33
414	2	1252	13
415	2	261	26
415	2	626	33
415	2	1252	13
416	2	261	26
417	2	261	26
417	2	730	33
417	2	1356	13
418	2	261	26
418	2	782	33
418	2	1148	13
419	2	261	26
419	2	678	33
419	2	1148	13
420	2	261	26
420	2	1356	33
421	2	261	26
422	2	261	26
423	2	261	26
423	2	1356	33
424	2	261	26
424	2	626	33
424	2	1148	13
425	2	261	26
425	2	939	33
426	2	261	26
426	2	1356	33
427	2	261	26
428	2	261	26
428	2	626	33
429	2	261	26
429	2	887	33
429	2	1252	13
430	2	261	26
430	2	626	33
430	2	1513	13
431	2	261	26
431	2	574	33
431	2	1148	13
432	2	261	26
432	2	730	33
432	2	1148	13
433	2	261	26
433	2	887	33
433	2	1722	13
434	2	261	26
434	2	626	33
434	2	1148	13
435	2	261	26
435	2	574	33
435	2	1148	13
436	2	261	26
436	2	574	33
436	2	1148	13
437	2	261	26
437	2	574	33
437	2	1774	13
438	2	261	26
438	2	991	33
438	2	1356	13
439	2	261	26
440	2	261	26
440	2	939	33
441	2	261	26
442	2	261	26
442	2	991	33
443	2	261	26
444	2	261	26
445	2	261	26
445	2	574	33
445	2	1148	13
446	2	261	26
447	2	261	26
448	2	261	26
449	2	261	26
450	2	261	26
451	2	261	26
451	2	1095	33
451	2	1461	13
452	2	261	26
452	2	730	33
453	2	261	26
453	2	574	33
453	2	1148	13
454	2	261	26
455	2	261	26
455	2	1461	33
456	2	261	26
456	2	1774	33
457	2	261	26
457	2	1252	33
458	2	261	26
459	2	261	26
460	2	261	26
460	2	626	33
460	2	1565	13
461	2	261	26
461	2	574	33
461	2	1148	13
462	2	261	26
462	2	782	33
463	2	261	26
463	2	782	33
463	2	1148	13
464	2	261	26
464	2	1408	33
465	2	261	26
465	2	626	33
465	2	1200	13
466	2	261	26
466	2	574	33
466	2	1148	13
467	2	261	26
467	2	626	33
467	2	1148	13
468	2	261	26
468	2	574	33
468	2	1148	13
469	2	261	26
469	2	574	33
469	2	1148	13
470	2	261	26
471	2	261	26
472	2	261	26
472	2	626	33
472	2	1356	13
473	2	261	26
473	2	1095	33
473	2	1565	13
474	2	261	26
474	2	626	33
474	2	1148	13
475	2	261	26
476	2	261	26
477	2	261	26
478	2	261	26
478	2	2087	33
479	2	261	26
480	2	261	26
481	2	261	26
481	2	782	33
481	2	1148	13
482	2	261	26
482	2	782	33
483	2	261	26
484	2	261	26
485	2	261	26
486	2	261	26
486	2	1774	33
487	2	261	26
487	2	574	33
487	2	1252	13
488	2	261	26
489	2	261	26
489	2	574	33
489	2	1148	13
490	2	261	26
490	2	1148	33
490	2	1461	13
491	2	261	26
491	2	782	33
492	2	261	26
492	2	1356	33
493	2	261	26
494	2	261	26
494	2	678	33
495	2	261	26
495	2	1200	33
495	2	1565	13
496	2	261	26
496	2	991	33
496	2	1356	13
497	2	261	26
497	2	574	33
497	2	2243	13
498	2	261	26
498	2	782	33
499	2	261	26
499	2	782	33
500	2	261	26
500	2	574	33
500	2	1148	13
501	2	261	26
502	2	261	26
502	2	1356	33
503	2	261	26
503	2	574	33
503	2	1148	13
504	2	261	26
505	2	261	26
506	2	261	26
506	2	1722	33
507	2	261	26
508	2	261	26
508	2	574	33
508	2	1148	13
509	2	261	26
510	2	261	26
511	2	261	26
512	2	261	26
512	2	1252	33
512	2	1565	13
513	2	261	26
513	2	1408	33
513	2	1722	13
514	2	261	26
514	2	730	33
514	2	1669	13
515	2	261	26
515	2	574	33
515	2	1148	13
516	2	261	26
517	2	261	26
518	2	261	26
518	2	1304	33
519	2	261	26
519	2	678	33
519	2	1148	13
520	2	261	26
520	2	834	33
521	2	261	26
521	2	574	33
521	2	1148	13
522	2	261	26
522	2	1095	33
522	2	1356	13
523	2	261	26
523	2	574	33
523	2	1200	13
524	2	261	26
525	2	261	26
525	2	730	33
525	2	1148	13
526	2	261	26
527	2	261	26
527	2	574	33
527	2	1200	13
528	2	261	26
528	2	574	33
528	2	1148	13
529	2	261	26
529	2	574	33
529	2	1148	13
530	2	261	26
530	2	1722	33
531	2	261	26
531	2	1304	33
532	2	261	26
532	2	1408	33
533	2	261	26
534	2	261	26
534	2	574	33
534	2	1148	13
535	2	261	26
536	2	261	26
537	2	261	26
537	2	834	33
537	2	1408	13
538	2	261	26
538	2	574	33
538	2	1148	13
539	2	261	26
539	2	574	33
539	2	1148	13
540	2	261	26
541	2	261	26
541	2	626	33
541	2	1565	13
542	2	261	26
542	2	1565	33
543	2	261	26
543	2	1408	33
544	2	261	26
544	2	834	33
544	2	1148	13
545	2	261	26
546	2	261	26
546	2	1669	33
547	2	261	26
547	2	834	33
547	2	1200	13
548	2	261	26
549	2	261	26
550	2	261	26
550	2	574	33
550	2	1148	13
551	2	261	26
551	2	626	33
551	2	1148	13
552	2	261	26
553	2	261	26
553	2	1304	33
554	2	261	26
554	2	574	33
554	2	1148	13
555	2	261	26
555	2	574	33
555	2	1148	13
556	2	261	26
556	2	1252	33
556	2	1513	13
557	2	261	26
558	2	261	26
558	2	626	33
558	2	2035	13
559	2	261	26
559	2	1461	33
560	2	261	26
561	2	261	26
562	2	261	26
562	2	1356	33
563	2	261	26
563	2	1095	33
563	2	1356	13
564	2	261	26
565	2	261	26
565	2	626	33
565	2	1148	13
566	2	261	26
566	2	678	33
566	2	1408	13
567	2	261	26
567	2	1565	33
568	2	261	26
568	2	626	33
568	2	1148	13
569	2	261	26
569	2	1356	33
569	2	1774	13
570	2	261	26
571	2	261	26
571	2	574	33
571	2	1148	13
572	2	261	26
573	2	261	26
574	2	261	26
574	2	887	33
575	2	261	26
575	2	574	33
575	2	1148	13
576	2	261	26
576	2	1565	33
577	2	261	26
577	2	574	33
577	2	1148	13
578	2	261	26
579	2	261	26
580	2	261	26
581	2	261	26
581	2	1408	33
582	2	261	26
582	2	1408	33
583	2	261	26
583	2	574	33
583	2	1148	13
584	2	261	26
584	2	574	33
584	2	1930	13
585	2	261	26
585	2	574	33
585	2	1148	13
586	2	261	26
586	2	1043	33
586	2	1304	13
587	2	261	26
587	2	574	33
587	2	1148	13
588	2	261	26
588	2	782	33
588	2	1356	13
589	2	261	26
589	2	782	33
589	2	1200	13
590	2	261	26
590	2	678	33
590	2	1148	13
591	2	261	26
592	2	261	26
593	2	261	26
593	2	939	33
594	2	261	26
594	2	1669	33
595	2	261	26
595	2	626	33
595	2	1148	13
596	2	261	26
596	2	1043	33
596	2	1513	13
597	2	261	26
597	2	991	33
598	2	261	26
598	2	574	33
598	2	1148	13
599	2	261	26
599	2	574	33
599	2	1148	13
600	2	261	26
601	2	261	26
601	2	730	33
601	2	1461	13
602	2	261	26
603	2	261	26
604	2	261	26
604	2	1304	33
604	2	2295	13
605	2	261	26
605	2	1669	33
606	2	261	26
606	2	1043	33
606	2	1356	13
607	2	261	26
607	2	574	33
607	2	1148	13
608	2	261	26
608	2	730	33
608	2	1148	13
609	2	261	26
610	2	261	26
611	2	261	26
611	2	1408	33
612	2	261	26
612	2	1513	33
613	2	261	26
614	2	261	26
614	2	1565	33
615	2	261	26
615	2	1513	33
616	2	261	26
616	2	1461	33
617	2	261	26
618	2	261	26
619	2	261	26
620	2	261	26
620	2	626	33
621	2	261	26
621	2	1252	33
621	2	1565	13
622	2	261	26
622	2	574	33
623	2	261	26
624	2	261	26
624	2	678	33
625	2	261	26
625	2	1461	33
626	2	261	26
626	2	782	33
626	2	1148	13
627	2	261	26
627	2	834	33
627	2	1252	13
628	2	261	26
628	2	939	33
628	2	1617	13
629	2	261	26
630	2	261	26
630	2	1513	33
631	2	261	26
631	2	939	33
631	2	1304	13
632	2	261	26
632	2	574	33
632	2	1148	13
633	2	261	26
634	2	261	26
634	2	1565	33
635	2	261	26
636	2	261	26
637	2	261	26
638	2	261	26
639	2	261	26
639	2	626	33
639	2	1148	13
640	2	261	26
641	2	261	26
641	2	991	33
642	2	261	26
642	2	1774	33
643	2	261	26
644	2	261	26
644	2	730	33
645	2	261	26
645	2	1200	33
645	2	1565	13
646	2	261	26
646	2	574	33
646	2	1148	13
647	2	261	26
648	2	261	26
648	2	1304	33
649	2	261	26
649	2	678	33
649	2	1148	13
650	2	261	26
651	2	261	26
651	2	782	33
652	2	261	26
652	2	782	33
652	2	1461	13
653	2	261	26
653	2	834	33
653	2	1565	13
654	2	261	26
655	2	261	26
655	2	1356	33
655	2	1722	13
656	2	261	26
656	2	939	33
656	2	1461	13
657	2	261	26
657	2	678	33
658	2	261	26
658	2	834	33
658	2	1148	13
659	2	261	26
659	2	1565	33
660	2	261	26
661	2	261	26
661	2	574	33
661	2	1148	13
662	2	261	26
662	2	1148	33
662	2	1565	13
663	2	261	26
663	2	1617	33
664	2	261	26
664	2	678	33
664	2	1148	13
665	2	261	26
665	2	574	33
665	2	1148	13
666	2	261	26
666	2	574	33
666	2	1148	13
667	2	261	26
667	2	678	33
668	2	261	26
668	2	1669	33
669	2	261	26
669	2	1408	33
669	2	2243	13
670	2	261	26
670	2	1408	33
671	2	261	26
672	2	261	26
672	2	1669	33
673	2	261	26
673	2	1669	33
674	2	261	26
674	2	1095	33
674	2	1461	13
675	2	261	26
675	2	1252	33
675	2	1617	13
676	2	261	26
676	2	574	33
676	2	1148	13
677	2	261	26
677	2	1148	33
677	2	1408	13
678	2	261	26
678	2	678	33
678	2	1408	13
679	2	261	26
680	2	261	26
680	2	1252	33
681	2	261	26
682	2	261	26
682	2	730	33
682	2	2295	13
683	2	261	26
684	2	261	26
684	2	1304	33
685	2	261	26
685	2	834	33
686	2	261	26
686	2	678	33
687	2	261	26
688	2	261	26
689	2	261	26
689	2	1617	33
690	2	261	26
690	2	887	33
691	2	261	26
691	2	678	33
691	2	1148	13
692	2	261	26
692	2	939	33
692	2	1200	13
693	2	261	26
693	2	939	33
693	2	1304	13
694	2	261	26
694	2	730	33
694	2	1461	13
695	2	261	26
695	2	574	33
695	2	1148	13
696	2	261	26
697	2	261	26
697	2	678	33
697	2	1148	13
698	2	261	26
699	2	261	26
699	2	991	33
699	2	1722	13
700	2	261	26
700	2	834	33
701	2	261	26
701	2	1304	33
701	2	1617	13
702	2	261	26
702	2	887	33
703	2	261	26
703	2	626	33
703	2	1148	13
704	2	261	26
705	2	261	26
705	2	1669	33
706	2	261	26
706	2	574	33
706	2	1252	13
707	2	261	26
707	2	730	33
708	2	261	26
708	2	1461	33
709	2	261	26
709	2	782	33
709	2	1148	13
710	2	261	26
710	2	678	33
710	2	1148	13
711	2	261	26
711	2	1461	33
712	2	261	26
712	2	1356	33
713	2	261	26
714	2	261	26
714	2	574	33
714	2	1148	13
715	2	261	26
715	2	1356	33
716	2	261	26
716	2	574	33
716	2	1148	13
717	2	261	26
717	2	1304	33
717	2	1617	13
718	2	261	26
718	2	626	33
718	2	1148	13
719	2	261	26
720	2	261	26
721	2	261	26
721	2	1095	33
721	2	1513	13
722	2	261	26
722	2	574	33
722	2	1148	13
723	2	261	26
724	2	261	26
725	2	261	26
725	2	782	33
725	2	1148	13
726	2	261	26
726	2	1043	33
726	2	1304	13
727	2	261	26
728	2	261	26
729	2	261	26
729	2	730	33
730	2	261	26
730	2	939	33
731	2	261	26
731	2	574	33
731	2	1356	13
732	2	261	26
732	2	782	33
733	2	261	26
733	2	678	33
733	2	1148	13
734	2	261	26
734	2	626	33
734	2	1148	13
735	2	261	26
736	2	261	26
737	2	261	26
737	2	678	33
737	2	1200	13
738	2	261	26
738	2	782	33
738	2	1200	13
739	2	261	26
739	2	1565	33
740	2	261	26
741	2	261	26
741	2	782	33
742	2	261	26
742	2	574	33
742	2	1148	13
743	2	261	26
743	2	574	33
743	2	1200	13
744	2	261	26
744	2	1513	33
745	2	261	26
746	2	261	26
747	2	261	26
747	2	991	33
748	2	261	26
749	2	261	26
750	2	261	26
750	2	834	33
751	2	261	26
752	2	261	26
752	2	1200	33
752	2	1722	13
753	2	261	26
753	2	626	33
753	2	1148	13
754	2	261	26
754	2	574	33
754	2	1148	13
755	2	261	26
755	2	626	33
755	2	1148	13
756	2	261	26
756	2	626	33
756	2	1148	13
757	2	261	26
758	2	261	26
758	2	574	33
758	2	1148	13
759	2	261	26
760	2	261	26
760	2	939	33
761	2	261	26
761	2	991	33
762	2	261	26
762	2	887	33
762	2	1513	13
763	2	261	26
763	2	1669	33
764	2	261	26
764	2	991	33
765	2	261	26
765	2	574	33
765	2	1513	13
766	2	261	26
766	2	678	33
767	2	261	26
767	2	1617	33
768	2	261	26
769	2	261	26
770	2	261	26
771	2	261	26
771	2	1565	33
772	2	261	26
773	2	261	26
774	2	261	26
774	2	574	33
774	2	1148	13
775	2	261	26
776	2	261	26
776	2	574	33
776	2	1148	13
777	2	261	26
778	2	261	26
778	2	730	33
778	2	1617	13
779	2	261	26
780	2	261	26
780	2	887	33
781	2	261	26
781	2	834	33
781	2	1200	13
782	2	261	26
782	2	887	33
783	2	261	26
784	2	261	26
784	2	626	33
784	2	1356	13
785	2	261	26
785	2	834	33
786	2	261	26
787	2	261	26
788	2	261	26
788	2	730	33
788	2	1304	13
789	2	261	26
789	2	1461	33
790	2	261	26
790	2	1565	33
791	2	261	26
792	2	261	26
792	2	782	33
793	2	261	26
793	2	574	33
793	2	1148	13
794	2	261	26
794	2	574	33
794	2	1982	13
795	2	261	26
796	2	261	26
797	2	261	26
797	2	626	33
797	2	2035	13
798	2	261	26
798	2	1982	33
799	2	261	26
800	2	261	26
801	2	261	26
802	2	261	26
802	2	834	33
802	2	1461	13
803	2	261	26
803	2	887	33
803	2	1200	13
804	2	261	26
804	2	834	33
805	2	261	26
806	2	261	26
807	2	261	26
807	2	574	33
807	2	1148	13
808	2	261	26
809	2	261	26
810	2	261	26
810	2	574	33
810	2	1148	13
811	2	261	26
811	2	574	33
811	2	1304	13
812	2	261	26
812	2	626	33
812	2	1148	13
813	2	261	26
813	2	887	33
814	2	261	26
815	2	261	26
815	2	574	33
816	2	261	26
816	2	1565	33
817	2	261	26
818	2	261	26
818	2	939	33
818	2	1461	13
819	2	261	26
820	2	261	26
821	2	261	26
821	2	1669	33
822	2	261	26
822	2	574	33
822	2	1148	13
823	2	261	26
823	2	574	33
823	2	1148	13
824	2	261	26
824	2	1356	33
825	2	261	26
825	2	1252	33
826	2	261	26
826	2	1356	33
827	2	261	26
828	2	261	26
829	2	261	26
830	2	261	26
831	2	261	26
831	2	678	33
831	2	1148	13
832	2	261	26
832	2	626	33
832	2	1148	13
833	2	261	26
833	2	1722	33
834	2	261	26
834	2	678	33
834	2	1148	13
835	2	261	26
835	2	939	33
836	2	261	26
837	2	261	26
838	2	261	26
838	2	574	33
838	2	1148	13
839	2	261	26
840	2	261	26
840	2	574	33
840	2	1148	13
841	2	261	26
841	2	730	33
842	2	261	26
842	2	1252	33
842	2	1513	13
843	2	261	26
843	2	574	33
843	2	1148	13
844	2	261	26
845	2	261	26
846	2	261	26
847	2	261	26
847	2	1669	33
848	2	261	26
848	2	574	33
848	2	1148	13
849	2	261	26
850	2	261	26
850	2	678	33
850	2	1148	13
851	2	261	26
852	2	261	26
853	2	261	26
854	2	261	26
854	2	1408	33
855	2	261	26
855	2	730	33
856	2	261	26
856	2	887	33
857	2	261	26
858	2	261	26
858	2	939	33
858	2	1565	13
859	2	261	26
860	2	261	26
861	2	261	26
861	2	678	33
862	2	261	26
863	2	261	26
863	2	678	33
863	2	1148	13
864	2	261	26
864	2	626	33
864	2	1148	13
865	2	261	26
865	2	626	33
865	2	1252	13
866	2	261	26
866	2	574	33
866	2	1148	13
867	2	261	26
867	2	1722	33
868	2	261	26
868	2	730	33
868	2	1200	13
869	2	261	26
869	2	1304	33
870	2	261	26
870	2	1565	33
871	2	261	26
871	2	1565	33
872	2	261	26
873	2	261	26
873	2	574	33
873	2	1148	13
874	2	261	26
875	2	261	26
875	2	678	33
875	2	1252	13
876	2	261	26
876	2	626	33
877	2	261	26
877	2	574	33
877	2	1148	13
878	2	261	26
879	2	261	26
879	2	991	33
880	2	261	26
880	2	574	33
880	2	1148	13
881	2	261	26
882	2	261	26
882	2	1774	33
883	2	261	26
884	2	261	26
884	2	626	33
884	2	2191	13
885	2	261	26
885	2	574	33
885	2	1148	13
886	2	261	26
887	2	261	26
887	2	834	33
887	2	1356	13
888	2	261	26
889	2	261	26
890	2	261	26
891	2	261	26
891	2	678	33
891	2	1356	13
892	2	261	26
893	2	261	26
893	2	782	33
894	2	261	26
894	2	782	33
895	2	261	26
895	2	991	33
896	2	261	26
896	2	626	33
897	2	261	26
897	2	678	33
897	2	1200	13
898	2	261	26
898	2	678	33
898	2	1148	13
899	2	261	26
899	2	678	33
899	2	1148	13
900	2	261	26
900	2	1565	33
901	2	261	26
901	2	574	33
901	2	1148	13
902	2	261	26
902	2	1252	33
902	2	1513	13
903	2	261	26
903	2	678	33
903	2	1148	13
904	2	261	26
905	2	261	26
906	2	261	26
906	2	626	33
907	2	261	26
908	2	261	26
908	2	678	33
908	2	1148	13
909	2	261	26
910	2	261	26
910	2	1565	33
911	2	261	26
912	2	261	26
912	2	678	33
913	2	261	26
914	2	261	26
914	2	1148	33
914	2	1565	13
915	2	261	26
915	2	1722	33
916	2	261	26
916	2	626	33
916	2	1148	13
917	2	261	26
917	2	991	33
918	2	261	26
918	2	1669	33
919	2	261	26
920	2	261	26
921	2	261	26
922	2	261	26
922	2	887	33
923	2	261	26
924	2	261	26
924	2	730	33
924	2	1148	13
925	2	261	26
925	2	626	33
926	2	261	26
926	2	782	33
926	2	1200	13
927	2	261	26
927	2	1356	33
927	2	1669	13
928	2	261	26
929	2	261	26
929	2	730	33
929	2	1252	13
930	2	261	26
931	2	261	26
931	2	574	33
931	2	1148	13
932	2	261	26
932	2	1617	33
933	2	261	26
933	2	1669	33
934	2	261	26
934	2	1513	33
935	2	261	26
935	2	678	33
935	2	1408	13
936	2	261	26
937	2	261	26
938	2	261	26
938	2	1565	33
939	2	261	26
940	2	261	26
940	2	834	33
940	2	1252	13
941	2	261	26
941	2	574	33
941	2	1148	13
942	2	261	26
942	2	574	33
942	2	1148	13
943	2	261	26
944	2	261	26
944	2	991	33
945	2	261	26
946	2	261	26
946	2	1304	33
947	2	261	26
947	2	574	33
947	2	1148	13
948	2	261	26
948	2	574	33
948	2	1148	13
949	2	261	26
949	2	574	33
949	2	1148	13
950	2	261	26
950	2	574	33
950	2	1148	13
951	2	261	26
952	2	261	26
953	2	261	26
953	2	574	33
953	2	1148	13
954	2	261	26
954	2	574	33
954	2	1148	13
955	2	261	26
956	2	261	26
957	2	261	26
958	2	261	26
959	2	261	26
960	2	261	26
960	2	991	33
960	2	1617	13
961	2	261	26
961	2	887	33
961	2	1304	13
962	2	261	26
963	2	261	26
963	2	730	33
964	2	261	26
964	2	626	33
964	2	1148	13
965	2	261	26
965	2	1461	33
966	2	261	26
966	2	626	33
966	2	1252	13
967	2	261	26
968	2	261	26
968	2	939	33
968	2	2295	13
969	2	261	26
969	2	991	33
969	2	1513	13
970	2	261	26
971	2	261	26
971	2	678	33
971	2	1148	13
972	2	261	26
972	2	574	33
972	2	1148	13
973	2	261	26
973	2	939	33
974	2	261	26
974	2	782	33
975	2	261	26
976	2	261	26
976	2	834	33
976	2	1252	13
977	2	261	26
978	2	261	26
978	2	626	33
978	2	1148	13
979	2	261	26
980	2	261	26
981	2	261	26
981	2	1252	33
981	2	1513	13
982	2	261	26
982	2	782	33
983	2	261	26
983	2	574	33
983	2	1304	13
984	2	261	26
984	2	1408	33
985	2	261	26
985	2	1513	33
986	2	261	26
987	2	261	26
988	2	261	26
988	2	782	33
989	2	261	26
989	2	574	33
989	2	2087	13
990	2	261	26
991	2	261	26
992	2	261	26
993	2	261	26
994	2	261	26
995	2	261	26
995	2	574	33
995	2	1148	13
996	2	261	26
997	2	261	26
998	2	261	26
998	2	834	33
998	2	1148	13
999	2	261	26
0	3	678	29
0	3	991	30
1	3	678	29
1	3	991	20
2	3	626	30
3	3	1304	30
3	3	1617	20
4	3	626	29
4	3	1095	20
4	3	1408	9
4	3	1774	12
4	3	2087	30
5	3	626	29
5	3	939	20
6	3	678	30
6	3	1982	20
7	3	887	30
7	3	1461	20
8	3	730	29
8	3	1148	20
8	3	1408	9
9	3	1252	30
10	3	574	29
10	3	887	20
10	3	2295	9
11	3	2191	30
12	3	1252	30
13	3	1252	30
14	3	521	29
14	3	834	20
15	3	574	29
15	3	939	20
16	3	626	29
16	3	991	20
17	3	626	29
17	3	939	20
18	3	469	29
18	3	887	20
19	3	1565	30
20	3	574	29
20	3	1513	20
20	3	2087	9
21	3	469	29
21	3	782	20
22	3	574	29
23	3	574	29
23	3	887	20
24	3	521	29
24	3	834	20
24	3	2139	9
25	3	1408	30
26	3	782	30
26	3	1774	20
27	3	626	30
27	3	991	20
28	3	834	30
28	3	1356	20
28	3	1722	9
29	3	887	30
30	3	1356	30
31	3	626	29
31	3	991	20
32	3	1356	30
32	3	1669	20
33	3	574	29
34	3	521	29
34	3	1513	20
34	3	2243	9
35	3	626	29
35	3	939	20
36	3	678	29
36	3	991	20
37	3	730	29
38	3	626	29
39	3	626	29
40	3	626	29
40	3	939	20
40	3	1513	9
40	3	2087	12
41	3	626	29
41	3	1617	20
41	3	2139	9
42	3	730	29
42	3	1513	20
43	3	521	29
43	3	887	20
44	3	1461	30
45	3	730	29
45	3	1461	20
46	3	521	29
46	3	939	20
47	3	1252	30
48	3	1252	30
49	3	521	29
49	3	991	20
49	3	1513	9
50	3	1408	30
51	3	1356	30
52	3	887	30
53	3	521	29
53	3	991	20
53	3	1565	9
53	3	2035	12
53	3	2295	30
55	3	678	29
56	3	1356	30
57	3	574	29
57	3	887	20
57	3	1408	9
57	3	1722	12
58	3	626	30
58	3	1148	20
58	3	1617	9
59	3	574	29
59	3	887	20
59	3	1982	9
60	3	1252	30
61	3	678	29
62	3	626	29
62	3	1043	20
62	3	1878	9
63	3	626	30
63	3	1356	20
64	3	1826	30
65	3	626	30
65	3	2139	20
66	3	1356	30
67	3	730	29
67	3	1200	20
67	3	1722	9
68	3	1356	30
69	3	730	30
69	3	1617	20
70	3	626	30
71	3	1356	30
72	3	1669	30
73	3	1408	30
74	3	1252	30
75	3	678	29
75	3	991	20
76	3	1356	30
77	3	1304	30
78	3	1304	30
79	3	782	30
80	3	678	29
80	3	2035	20
81	3	574	29
82	3	626	29
83	3	887	30
84	3	626	29
84	3	991	20
85	3	1408	30
86	3	834	30
87	3	521	29
87	3	834	20
87	3	1304	9
87	3	1774	12
87	3	2087	30
88	3	730	30
88	3	1461	20
89	3	678	29
89	3	1774	20
90	3	1356	30
91	3	678	29
92	3	574	29
92	3	887	20
93	3	1304	30
94	3	1304	30
95	3	730	29
96	3	782	30
96	3	1513	20
97	3	1252	30
98	3	1408	30
99	3	887	30
99	3	2243	20
100	3	1252	30
101	3	574	29
102	3	678	30
102	3	1722	20
103	3	574	29
104	3	521	29
104	3	1304	20
105	3	1408	30
106	3	782	30
106	3	1252	20
106	3	1669	9
106	3	2087	12
107	3	626	29
107	3	939	20
107	3	1878	9
108	3	626	29
108	3	939	20
109	3	1304	30
110	3	626	29
110	3	939	20
111	3	626	29
112	3	574	29
113	3	521	29
113	3	834	20
114	3	626	29
115	3	1356	30
116	3	1408	30
117	3	1356	30
118	3	1304	30
119	3	1304	30
119	3	2035	20
120	3	782	30
121	3	1252	30
122	3	678	29
122	3	991	20
122	3	1513	9
123	3	1617	30
124	3	678	29
124	3	991	20
125	3	574	29
125	3	1252	20
126	3	521	29
126	3	834	20
126	3	1722	9
127	3	626	29
127	3	939	20
128	3	574	29
128	3	887	20
128	3	1461	9
129	3	1252	30
130	3	469	29
131	3	626	29
131	3	1252	20
131	3	1722	9
132	3	626	29
132	3	939	20
133	3	678	30
133	3	1669	20
134	3	1252	30
134	3	1826	20
135	3	574	29
135	3	887	20
135	3	2295	9
136	3	521	29
136	3	834	20
136	3	1148	30
136	3	1408	9
136	3	1722	12
137	3	730	30
137	3	1669	20
138	3	626	29
138	3	939	20
138	3	1408	9
138	3	2087	12
139	3	678	29
139	3	991	20
139	3	1304	9
139	3	1617	12
139	3	1930	30
140	3	1408	30
141	3	574	29
141	3	887	20
141	3	1252	9
141	3	1565	12
142	3	626	29
143	3	1356	30
144	3	1982	30
145	3	1304	30
146	3	626	29
146	3	1356	20
147	3	626	29
147	3	1565	20
148	3	1356	30
149	3	626	29
149	3	939	20
149	3	1513	9
150	3	521	29
150	3	991	20
150	3	2295	9
151	3	782	30
152	3	626	30
152	3	1356	20
152	3	1722	9
153	3	574	29
154	3	626	29
154	3	991	20
154	3	1461	9
155	3	574	29
155	3	887	20
155	3	1826	9
155	3	2139	12
156	3	574	29
156	3	887	20
156	3	1774	9
158	3	521	29
158	3	1200	20
158	3	1722	9
159	3	626	29
159	3	939	20
159	3	1408	9
159	3	2035	12
160	3	730	30
160	3	1565	20
161	3	1408	30
162	3	1252	30
162	3	1565	20
163	3	887	30
164	3	521	29
164	3	939	20
165	3	678	30
165	3	1200	20
165	3	1669	9
166	3	1408	30
167	3	1252	30
168	3	2295	30
169	3	678	29
169	3	991	20
170	3	626	29
170	3	939	20
170	3	1356	9
171	3	678	29
172	3	1252	30
172	3	1617	20
173	3	1356	30
174	3	939	30
174	3	1722	20
175	3	678	30
175	3	1408	20
175	3	1774	9
176	3	574	29
176	3	887	20
177	3	1513	30
178	3	2087	30
179	3	574	29
179	3	991	20
180	3	1252	30
181	3	574	29
181	3	887	20
182	3	574	30
183	3	521	29
183	3	939	20
183	3	2295	9
184	3	730	29
185	3	730	29
185	3	1043	20
185	3	1461	9
186	3	2139	30
187	3	730	30
187	3	1617	20
188	3	1252	30
189	3	678	29
189	3	1408	20
189	3	1930	9
190	3	1252	30
191	3	678	29
191	3	991	20
192	3	678	29
192	3	1252	20
193	3	626	29
193	3	1565	20
193	3	2139	9
194	3	678	30
196	3	521	29
196	3	834	20
196	3	1148	9
196	3	1461	12
196	3	1774	30
197	3	2243	30
198	3	678	29
198	3	1408	20
199	3	574	29
199	3	887	20
199	3	1461	9
200	3	1408	30
200	3	1826	20
201	3	1408	30
202	3	887	30
202	3	1513	20
203	3	626	30
203	3	1722	20
204	3	574	29
204	3	1095	20
205	3	1356	30
206	3	574	29
206	3	887	20
206	3	1148	9
206	3	1461	12
206	3	1774	30
207	3	626	29
207	3	939	20
207	3	2191	9
208	3	574	29
208	3	1304	20
209	3	2139	30
210	3	574	30
210	3	1043	20
211	3	1408	30
212	3	887	30
212	3	1617	20
213	3	1408	30
214	3	782	30
215	3	1304	30
216	3	939	30
217	3	574	29
217	3	1774	20
218	3	626	29
218	3	1461	20
219	3	2087	30
220	3	1356	30
221	3	730	30
221	3	1617	20
222	3	1252	30
223	3	626	30
224	3	730	29
224	3	1930	20
225	3	626	29
225	3	939	20
225	3	1304	9
225	3	1617	12
225	3	2139	30
226	3	521	29
226	3	1043	20
226	3	1513	9
227	3	678	29
227	3	2191	20
228	3	521	29
228	3	939	20
228	3	1356	9
228	3	1774	12
229	3	678	30
229	3	1461	20
230	3	521	29
230	3	834	20
231	3	521	29
231	3	834	20
232	3	626	29
232	3	939	20
232	3	1669	9
233	3	1356	30
233	3	2139	20
235	3	1356	30
236	3	782	30
237	3	939	30
238	3	1252	30
239	3	887	30
240	3	574	29
240	3	887	20
240	3	1826	9
240	3	2139	12
241	3	626	30
241	3	1408	20
242	3	678	29
242	3	1408	20
243	3	521	29
243	3	834	20
243	3	1252	9
243	3	1982	12
243	3	2295	30
244	3	469	29
244	3	782	20
245	3	1304	30
246	3	1826	30
247	3	1461	30
248	3	574	29
248	3	887	20
249	3	626	29
249	3	939	20
250	3	574	29
250	3	887	20
250	3	1408	9
250	3	2139	12
251	3	521	29
251	3	1826	20
252	3	887	30
253	3	574	29
254	3	1826	30
255	3	782	30
256	3	521	29
256	3	1513	20
257	3	1252	30
258	3	678	29
258	3	991	20
258	3	2139	9
259	3	574	29
259	3	887	20
260	3	574	30
260	3	887	20
262	3	574	29
262	3	1461	20
263	3	626	29
264	3	626	29
265	3	678	29
265	3	991	20
266	3	574	29
266	3	1669	20
267	3	574	29
267	3	887	20
268	3	1252	30
268	3	1774	20
269	3	678	29
269	3	991	20
270	3	782	30
271	3	730	30
271	3	1461	20
271	3	1982	9
272	3	521	29
272	3	887	20
272	3	1304	9
272	3	1669	12
272	3	1982	30
273	3	2191	30
274	3	1304	30
275	3	1356	30
276	3	1461	30
277	3	782	30
278	3	1408	30
279	3	1408	30
280	3	626	30
280	3	2191	20
282	3	1356	30
283	3	1304	30
283	3	1722	20
284	3	626	29
284	3	939	20
284	3	1200	9
284	3	1513	12
284	3	1826	30
285	3	1356	30
285	3	1669	20
286	3	521	29
286	3	887	20
286	3	1513	9
286	3	1930	12
286	3	2243	30
287	3	1408	30
288	3	678	29
289	3	626	30
290	3	2087	30
291	3	782	29
292	3	1356	30
293	3	574	29
293	3	887	20
293	3	1200	9
293	3	1669	12
293	3	2139	30
294	3	626	29
294	3	991	20
295	3	1252	30
295	3	2139	20
296	3	574	29
296	3	887	20
297	3	678	29
298	3	782	30
298	3	1722	20
299	3	626	29
299	3	939	20
300	3	1252	30
301	3	574	29
301	3	887	20
302	3	678	29
302	3	1669	20
303	3	521	29
303	3	834	20
303	3	1200	9
303	3	1513	12
303	3	1826	30
304	3	574	29
304	3	887	20
306	3	574	30
306	3	887	20
306	3	1565	9
307	3	521	29
308	3	574	30
309	3	574	29
309	3	887	20
309	3	1304	9
309	3	1930	12
309	3	2243	30
310	3	626	29
310	3	1095	20
310	3	1513	9
310	3	2139	12
310	3	2295	30
311	3	678	30
312	3	939	30
313	3	782	30
314	3	1304	30
315	3	574	29
315	3	1513	20
315	3	2139	9
316	3	2087	30
317	3	1304	30
318	3	1356	30
319	3	1252	30
320	3	1356	30
321	3	678	29
321	3	991	20
322	3	521	29
322	3	939	20
323	3	1513	30
324	3	1356	30
325	3	1304	30
326	3	626	29
326	3	939	20
327	3	1252	30
327	3	1669	20
328	3	678	30
329	3	1356	30
330	3	730	30
330	3	1408	20
330	3	1722	9
331	3	678	29
331	3	991	20
332	3	678	29
332	3	1252	20
333	3	626	29
333	3	939	20
333	3	1878	9
334	3	1304	30
335	3	626	29
335	3	939	20
336	3	626	29
336	3	991	20
337	3	678	29
338	3	1252	30
339	3	678	29
339	3	991	20
340	3	1304	30
340	3	1774	20
341	3	1304	30
341	3	1617	20
342	3	521	29
342	3	887	20
342	3	1461	9
343	3	626	29
343	3	939	20
343	3	2087	9
344	3	1774	30
345	3	574	29
345	3	1304	20
345	3	2295	9
346	3	469	29
346	3	1043	20
346	3	1513	9
347	3	730	29
347	3	1617	20
348	3	626	29
348	3	939	20
349	3	626	29
349	3	939	20
349	3	1304	9
349	3	1669	12
350	3	2087	30
351	3	626	29
352	3	730	30
352	3	1513	20
353	3	626	29
353	3	939	20
354	3	521	29
354	3	834	20
354	3	1200	9
354	3	1513	12
354	3	1826	30
355	3	678	29
356	3	939	30
356	3	2139	20
357	3	678	29
358	3	834	30
358	3	1826	20
359	3	2295	30
360	3	678	30
361	3	678	29
361	3	1408	20
362	3	1252	30
364	3	626	29
364	3	939	20
365	3	1356	30
366	3	782	30
366	3	1617	20
367	3	574	29
367	3	991	20
368	3	626	29
368	3	939	20
368	3	1200	9
368	3	1565	12
368	3	1982	30
369	3	626	29
369	3	1043	20
369	3	1461	9
370	3	521	29
371	3	521	29
371	3	887	20
372	3	730	29
372	3	1774	20
373	3	834	30
374	3	1408	30
375	3	1356	30
376	3	626	29
377	3	1304	30
378	3	939	30
379	3	782	29
379	3	1304	20
380	3	782	30
381	3	678	30
382	3	678	29
382	3	991	20
383	3	1304	30
384	3	678	29
384	3	1617	20
385	3	782	30
386	3	521	29
387	3	626	29
387	3	991	20
387	3	1356	9
387	3	1774	12
388	3	2087	30
389	3	626	29
389	3	939	20
390	3	574	29
390	3	887	20
391	3	678	30
391	3	1513	20
391	3	2139	9
392	3	1252	30
393	3	574	29
393	3	887	20
394	3	678	29
395	3	730	29
396	3	626	29
396	3	939	20
396	3	1200	9
396	3	1513	12
396	3	1826	30
397	3	1304	30
397	3	1774	20
398	3	521	29
399	3	521	29
399	3	834	20
400	3	678	29
400	3	1774	20
401	3	2191	30
402	3	626	29
402	3	1461	20
403	3	1252	30
404	3	782	30
405	3	1252	30
406	3	626	29
406	3	1252	20
407	3	1304	30
407	3	1774	20
409	3	1252	30
410	3	1252	30
411	3	469	29
411	3	887	20
411	3	1304	9
411	3	1617	12
411	3	1930	30
412	3	678	29
412	3	991	20
412	3	1252	9
412	3	1565	12
412	3	1878	30
413	3	626	29
413	3	939	20
413	3	1200	9
413	3	1513	12
413	3	1826	30
414	3	626	30
414	3	1408	20
414	3	2035	9
415	3	678	29
415	3	991	20
415	3	2295	9
416	3	1252	30
417	3	574	29
417	3	991	20
417	3	2295	9
418	3	574	29
418	3	1043	20
418	3	1356	9
418	3	1669	12
419	3	469	29
419	3	991	20
419	3	1461	9
420	3	939	30
420	3	1826	20
421	3	2087	30
422	3	834	30
423	3	1252	30
423	3	1565	20
424	3	574	29
424	3	887	20
424	3	1304	9
424	3	1617	12
424	3	1930	30
425	3	574	29
426	3	1252	30
426	3	1669	20
426	3	2295	9
427	3	2139	30
428	3	574	29
428	3	887	20
429	3	574	30
429	3	1461	20
430	3	574	29
431	3	574	29
431	3	887	20
432	3	730	29
432	3	1200	20
432	3	1617	9
433	3	782	30
433	3	1774	20
434	3	678	29
434	3	991	20
434	3	1408	9
434	3	1774	12
434	3	2087	30
435	3	521	29
435	3	887	20
436	3	626	29
436	3	939	20
436	3	1408	9
436	3	1774	12
437	3	574	29
437	3	887	20
438	3	730	30
438	3	1200	20
439	3	834	30
440	3	678	30
441	3	1408	30
442	3	730	30
442	3	1930	20
443	3	626	30
444	3	1408	30
445	3	626	29
445	3	939	20
445	3	2139	9
446	3	782	29
447	3	1408	30
448	3	1252	30
449	3	2087	30
450	3	2191	30
451	3	730	30
451	3	1513	20
451	3	1930	9
452	3	521	29
453	3	574	29
453	3	887	20
453	3	1200	9
453	3	1513	12
454	3	1252	30
455	3	1356	30
455	3	1774	20
456	3	1356	30
457	3	521	29
458	3	1356	30
459	3	678	30
460	3	626	29
460	3	939	20
461	3	574	29
461	3	887	20
462	3	574	29
463	3	574	29
463	3	1043	20
463	3	1461	9
464	3	887	30
464	3	1565	20
465	3	626	29
465	3	939	20
466	3	574	29
466	3	887	20
467	3	521	29
467	3	834	20
468	3	626	29
468	3	939	20
469	3	574	29
469	3	887	20
469	3	1408	9
469	3	2191	12
470	3	1356	30
471	3	1252	30
472	3	521	29
472	3	939	20
473	3	574	29
473	3	1617	20
474	3	574	29
474	3	939	20
474	3	1408	9
475	3	939	30
476	3	1252	30
477	3	887	30
478	3	782	30
480	3	730	30
481	3	626	29
481	3	1043	20
481	3	1356	9
481	3	1669	12
481	3	2295	30
482	3	782	29
483	3	1461	30
484	3	2139	30
485	3	1252	30
486	3	1356	30
487	3	626	29
487	3	939	20
488	3	1356	30
489	3	626	29
489	3	939	20
489	3	1513	9
490	3	834	30
490	3	1356	20
490	3	1722	9
490	3	2191	12
491	3	730	29
491	3	1930	20
492	3	1252	30
492	3	1565	20
492	3	2243	9
493	3	730	30
494	3	574	29
494	3	887	20
495	3	834	30
495	3	1513	20
496	3	521	29
496	3	1252	20
496	3	1617	9
496	3	2191	12
497	3	521	29
497	3	887	20
498	3	678	29
499	3	574	29
500	3	574	29
500	3	887	20
500	3	1148	9
500	3	1513	12
500	3	1826	30
501	3	1304	30
502	3	678	29
502	3	2295	20
503	3	626	29
503	3	939	20
503	3	1200	9
503	3	1513	12
503	3	1826	30
504	3	1408	30
505	3	1304	30
506	3	1252	30
507	3	1408	30
508	3	678	29
508	3	991	20
508	3	1722	9
508	3	2087	12
510	3	2087	30
512	3	939	30
512	3	1408	20
512	3	2139	9
513	3	678	30
514	3	678	29
514	3	1826	20
515	3	574	29
515	3	887	20
515	3	1565	9
516	3	1356	30
517	3	1356	30
518	3	939	30
519	3	574	29
519	3	1304	20
520	3	626	29
521	3	626	29
521	3	939	20
521	3	1461	9
522	3	626	29
522	3	1408	20
522	3	1774	9
523	3	678	29
523	3	1043	20
523	3	2243	9
524	3	2087	30
525	3	678	30
525	3	1148	20
525	3	1408	9
526	3	1461	30
527	3	521	29
527	3	834	20
528	3	626	29
528	3	939	20
529	3	678	29
529	3	1252	9
529	3	1565	12
529	3	1878	30
530	3	1356	30
530	3	1826	20
531	3	1252	30
531	3	1617	20
532	3	730	30
533	3	2087	30
534	3	678	29
534	3	991	20
534	3	1356	9
535	3	1356	30
536	3	1513	30
537	3	574	29
537	3	1617	20
538	3	521	29
538	3	834	20
539	3	626	29
539	3	939	20
540	3	730	30
541	3	521	29
541	3	887	20
542	3	887	30
543	3	1356	30
543	3	1669	20
544	3	521	29
544	3	1043	20
544	3	1461	9
544	3	2139	12
545	3	678	29
546	3	1304	30
546	3	1774	20
547	3	730	29
547	3	1200	20
547	3	1513	9
547	3	2191	12
548	3	1252	30
549	3	1356	30
550	3	521	29
550	3	834	20
550	3	1252	9
550	3	1565	12
550	3	1982	30
551	3	521	29
551	3	834	20
551	3	1148	9
551	3	1617	12
552	3	1356	30
553	3	782	30
553	3	1669	20
554	3	521	29
554	3	834	20
555	3	521	29
555	3	834	20
555	3	1148	30
555	3	1408	9
555	3	1722	12
556	3	626	30
556	3	1408	20
556	3	1722	9
557	3	1252	30
558	3	469	29
558	3	939	20
559	3	1252	30
559	3	1669	20
560	3	1356	30
561	3	730	30
562	3	1252	30
562	3	1774	20
563	3	730	30
563	3	1252	20
564	3	1304	30
565	3	574	29
565	3	939	20
565	3	1513	9
565	3	1878	12
565	3	2191	30
566	3	521	29
566	3	939	20
567	3	521	29
568	3	574	29
568	3	887	20
568	3	1356	9
569	3	626	29
570	3	1356	30
571	3	574	29
571	3	887	20
572	3	1356	30
573	3	2035	30
574	3	730	29
575	3	574	29
575	3	887	20
575	3	1200	9
575	3	1513	12
575	3	1826	30
576	3	1356	30
577	3	678	29
577	3	991	20
578	3	887	30
579	3	626	29
580	3	1513	30
581	3	1252	30
581	3	1617	20
582	3	782	30
583	3	678	29
583	3	991	20
583	3	1252	9
583	3	1617	12
584	3	574	29
584	3	887	20
585	3	574	29
585	3	887	20
585	3	1148	9
585	3	1461	12
585	3	1774	30
586	3	574	29
586	3	1200	20
586	3	1461	9
587	3	521	29
587	3	834	20
587	3	1148	9
587	3	1722	12
588	3	574	29
588	3	1513	20
589	3	521	29
589	3	1252	20
590	3	626	29
590	3	991	20
591	3	1356	30
593	3	574	29
594	3	678	30
594	3	2243	20
595	3	626	29
595	3	939	20
595	3	1304	9
595	3	1617	12
595	3	1982	30
596	3	626	29
596	3	1513	20
597	3	730	29
598	3	574	29
598	3	887	20
599	3	626	29
599	3	939	20
599	3	2243	9
600	3	1408	30
601	3	626	29
602	3	1252	30
603	3	626	30
604	3	678	30
604	3	1722	20
604	3	2295	9
605	3	1252	30
606	3	626	29
606	3	1356	20
607	3	574	29
607	3	887	20
608	3	521	29
608	3	991	20
609	3	1408	30
610	3	2191	30
611	3	678	30
612	3	1356	30
612	3	1826	20
613	3	1252	30
614	3	1304	30
615	3	834	30
616	3	1252	30
617	3	1252	30
618	3	1513	30
619	3	939	30
620	3	626	29
620	3	939	20
621	3	834	30
621	3	1513	20
622	3	521	29
622	3	887	20
623	3	1252	30
624	3	521	29
624	3	887	20
625	3	1252	30
625	3	1669	20
626	3	469	29
626	3	1252	20
627	3	626	29
627	3	1513	20
628	3	574	29
628	3	1461	20
629	3	782	30
630	3	730	30
630	3	2243	20
631	3	521	29
631	3	1461	20
631	3	1982	9
631	3	2295	12
632	3	626	29
632	3	939	20
632	3	2295	9
633	3	1408	30
634	3	1304	30
635	3	1408	30
636	3	2139	30
637	3	1252	30
638	3	1252	30
639	3	521	29
639	3	991	20
639	3	1513	9
640	3	626	30
641	3	626	30
642	3	1304	30
643	3	2191	30
644	3	678	29
644	3	991	20
645	3	730	29
645	3	1408	20
646	3	626	29
646	3	939	20
646	3	1408	9
647	3	1408	30
648	3	834	30
648	3	1774	20
649	3	626	29
649	3	1565	20
650	3	1356	30
651	3	678	29
652	3	626	29
652	3	1565	20
653	3	730	29
653	3	1461	20
654	3	521	29
655	3	521	29
655	3	1565	20
656	3	574	30
656	3	1722	20
657	3	521	29
657	3	991	20
658	3	626	29
658	3	991	20
658	3	1408	9
659	3	1304	30
660	3	574	29
661	3	626	29
661	3	991	20
662	3	834	30
662	3	1356	20
663	3	1252	30
664	3	574	29
664	3	991	20
664	3	1461	9
664	3	2139	12
665	3	678	29
665	3	991	20
666	3	678	29
666	3	991	20
666	3	2243	9
667	3	574	30
667	3	939	20
668	3	574	29
668	3	1617	20
669	3	887	30
669	3	1878	20
670	3	887	30
670	3	1930	20
671	3	1252	30
672	3	730	29
673	3	521	29
674	3	834	30
674	3	1252	20
675	3	834	30
675	3	1565	20
676	3	626	29
676	3	939	20
676	3	1408	9
677	3	626	29
677	3	1252	20
678	3	626	29
678	3	991	20
679	3	1252	30
680	3	1252	30
680	3	1617	20
681	3	626	29
682	3	521	29
682	3	2087	20
683	3	1408	30
684	3	1252	30
684	3	1565	20
685	3	626	30
686	3	626	29
686	3	991	20
687	3	1356	30
688	3	1304	30
689	3	1304	30
690	3	521	29
691	3	626	29
691	3	991	20
691	3	1617	9
691	3	2243	12
692	3	521	29
692	3	1095	20
692	3	1356	9
692	3	1722	12
693	3	626	30
693	3	1408	20
693	3	2295	9
694	3	730	29
694	3	1774	20
695	3	574	29
695	3	887	20
696	3	521	29
697	3	574	29
697	3	939	20
697	3	2295	9
698	3	1408	30
699	3	834	30
700	3	626	30
701	3	730	30
701	3	1513	20
702	3	678	30
703	3	521	29
703	3	887	20
704	3	1669	30
705	3	939	30
705	3	1930	20
706	3	521	29
706	3	834	20
707	3	626	29
708	3	1304	30
709	3	521	29
709	3	1304	20
709	3	2035	9
710	3	521	29
710	3	1043	20
710	3	1461	9
711	3	1252	30
711	3	1826	20
712	3	678	30
713	3	1304	30
714	3	678	29
714	3	991	20
715	3	939	30
716	3	626	29
716	3	939	20
716	3	1461	9
717	3	834	30
717	3	1513	20
717	3	2139	9
718	3	521	29
718	3	887	20
718	3	1565	9
719	3	626	29
720	3	1304	30
721	3	678	29
721	3	1513	20
722	3	521	29
722	3	834	20
722	3	1356	9
722	3	1722	12
723	3	782	30
724	3	730	30
725	3	574	29
725	3	1356	20
726	3	730	30
726	3	1200	20
726	3	1461	9
727	3	1356	30
728	3	1617	30
729	3	730	29
730	3	678	29
731	3	574	29
731	3	887	20
732	3	678	29
733	3	626	29
733	3	991	20
734	3	521	29
734	3	834	20
734	3	1982	9
735	3	2087	30
736	3	887	30
737	3	626	29
737	3	1461	20
737	3	2087	9
738	3	574	29
738	3	1200	20
738	3	1513	9
738	3	1826	12
738	3	2139	30
739	3	1356	30
740	3	2243	30
741	3	678	30
741	3	1617	20
742	3	678	29
742	3	991	30
742	3	1252	9
742	3	2035	12
743	3	574	29
743	3	887	20
744	3	1304	30
744	3	1826	20
745	3	1252	30
746	3	1356	30
747	3	678	29
748	3	1930	30
749	3	678	29
750	3	678	29
751	3	678	29
752	3	887	30
752	3	1513	20
753	3	574	29
753	3	887	20
753	3	1565	9
753	3	1930	12
753	3	2243	30
754	3	626	29
754	3	939	20
755	3	626	29
755	3	939	20
755	3	2295	9
756	3	574	29
756	3	887	20
756	3	1304	9
757	3	1356	30
758	3	626	29
758	3	939	20
759	3	1304	30
760	3	678	30
761	3	574	30
761	3	2191	20
762	3	574	29
762	3	1617	20
763	3	1304	30
763	3	2035	20
764	3	782	29
765	3	521	29
765	3	834	20
766	3	626	29
767	3	1304	30
768	3	1356	30
769	3	730	29
770	3	1878	30
771	3	1356	30
772	3	782	30
773	3	1408	30
774	3	574	29
774	3	887	20
774	3	1513	9
775	3	574	29
776	3	521	29
776	3	834	20
776	3	1356	9
776	3	2087	12
777	3	2087	30
778	3	626	29
779	3	1356	30
780	3	626	29
781	3	574	29
781	3	1513	20
781	3	2087	9
782	3	574	29
783	3	1356	30
784	3	521	29
784	3	834	20
785	3	678	29
786	3	782	30
787	3	1356	30
788	3	521	29
788	3	939	20
789	3	1252	30
789	3	1565	20
790	3	834	30
791	3	1304	30
792	3	782	30
793	3	521	29
793	3	834	20
793	3	1878	9
794	3	574	29
794	3	887	20
795	3	1252	30
796	3	1356	30
797	3	626	29
797	3	939	20
798	3	782	30
798	3	2191	20
799	3	2243	30
800	3	1304	30
801	3	1356	30
802	3	574	29
802	3	1408	20
803	3	626	29
803	3	1148	20
803	3	1617	9
804	3	574	30
804	3	1878	20
805	3	2191	30
806	3	1356	30
807	3	678	29
807	3	991	20
807	3	1252	9
807	3	1565	12
807	3	1878	30
808	3	2087	30
809	3	1513	30
810	3	574	29
810	3	887	20
811	3	574	29
811	3	887	20
811	3	2295	9
812	3	574	30
812	3	939	20
812	3	1565	9
813	3	887	30
814	3	626	29
815	3	469	29
815	3	834	20
816	3	1252	30
817	3	2139	30
818	3	626	29
818	3	1722	20
819	3	1356	30
820	3	678	30
821	3	678	29
822	3	574	29
822	3	887	20
823	3	678	29
823	3	1408	9
823	3	2087	12
824	3	1252	30
824	3	1617	20
825	3	1252	30
825	3	1617	20
826	3	1252	30
826	3	1617	20
827	3	730	30
828	3	1304	30
829	3	2087	30
830	3	1252	30
831	3	521	29
831	3	991	20
831	3	1408	9
831	3	1722	12
831	3	2035	30
832	3	678	29
832	3	991	20
832	3	1408	9
832	3	1878	12
832	3	2191	30
833	3	626	29
834	3	678	29
834	3	991	20
834	3	1461	9
834	3	2087	12
835	3	730	30
836	3	2139	30
837	3	1252	30
838	3	469	29
838	3	887	20
838	3	1930	9
839	3	1356	30
840	3	469	29
840	3	782	20
840	3	1095	30
840	3	1356	9
840	3	1669	12
841	3	678	30
842	3	626	30
842	3	1565	20
842	3	2295	9
843	3	626	29
843	3	939	20
843	3	1200	9
843	3	1513	12
843	3	1826	30
844	3	1252	30
845	3	1304	30
846	3	1408	30
847	3	1304	30
847	3	2139	20
848	3	521	29
848	3	834	20
848	3	1356	9
849	3	1252	30
850	3	574	29
850	3	887	20
850	3	1304	9
850	3	1722	12
851	3	2139	30
852	3	782	29
853	3	1304	30
854	3	1252	30
854	3	1722	9
855	3	574	30
856	3	730	29
857	3	1304	30
858	3	834	30
858	3	1252	20
859	3	887	30
860	3	1408	30
861	3	678	29
862	3	1408	30
863	3	521	29
863	3	991	20
863	3	1408	9
864	3	521	29
864	3	834	20
864	3	1408	9
864	3	1826	12
864	3	2139	30
865	3	521	29
865	3	939	20
866	3	626	29
866	3	939	20
867	3	574	29
868	3	521	29
868	3	1982	20
869	3	1252	30
869	3	1565	20
870	3	1356	30
871	3	1356	30
873	3	574	29
873	3	887	20
873	3	1461	9
873	3	1774	12
874	3	782	30
875	3	574	30
875	3	1722	20
876	3	626	29
876	3	939	20
877	3	574	29
877	3	887	20
877	3	1148	9
877	3	1565	12
877	3	1878	30
878	3	1304	30
878	3	2139	20
879	3	626	29
880	3	678	29
880	3	991	20
880	3	2243	9
881	3	730	30
882	3	1356	30
882	3	1774	20
883	3	1408	30
884	3	626	29
884	3	939	20
885	3	678	29
885	3	991	20
885	3	1252	9
885	3	1774	12
886	3	730	29
887	3	574	29
888	3	939	30
889	3	1356	30
890	3	1356	30
890	3	2191	20
891	3	626	29
892	3	1408	30
893	3	574	29
894	3	678	29
895	3	574	30
895	3	2139	20
896	3	678	29
896	3	991	20
897	3	626	30
897	3	991	20
898	3	521	29
898	3	991	20
898	3	1722	9
899	3	574	29
899	3	939	20
899	3	1513	9
900	3	1252	30
901	3	626	29
901	3	939	20
902	3	939	30
902	3	1252	20
903	3	469	29
903	3	1043	20
903	3	1774	9
903	3	2243	12
905	3	1252	30
906	3	574	29
906	3	887	20
907	3	1826	30
908	3	626	29
908	3	939	20
909	3	1826	30
910	3	1408	30
911	3	626	29
912	3	521	29
912	3	939	20
913	3	1356	30
914	3	730	29
914	3	1461	20
915	3	1304	30
916	3	574	29
916	3	991	20
916	3	1513	9
917	3	626	29
917	3	2295	20
918	3	1304	30
918	3	1617	20
919	3	1461	30
920	3	678	29
921	3	678	30
922	3	678	30
922	3	1982	20
923	3	1304	30
924	3	574	30
924	3	1043	20
924	3	1356	9
924	3	1774	12
925	3	678	29
925	3	991	20
926	3	574	29
926	3	1252	20
926	3	1930	9
927	3	782	30
927	3	1461	20
929	3	626	29
929	3	1408	20
930	3	939	30
931	3	574	29
931	3	887	20
931	3	1252	9
931	3	1565	12
932	3	782	30
932	3	1930	20
933	3	1356	30
933	3	1826	20
934	3	1252	30
934	3	1669	20
935	3	626	30
935	3	991	20
936	3	730	30
937	3	1252	30
938	3	1252	30
938	3	1617	20
939	3	678	29
940	3	521	29
940	3	1356	20
940	3	1982	9
941	3	521	29
941	3	887	20
941	3	1565	9
941	3	2139	12
942	3	521	29
942	3	834	20
942	3	1408	9
942	3	1774	12
943	3	521	29
944	3	782	30
944	3	2191	20
945	3	1356	30
946	3	574	30
946	3	2191	20
947	3	626	29
947	3	939	20
947	3	1200	9
947	3	1513	12
947	3	1826	30
948	3	626	29
948	3	939	20
949	3	469	29
949	3	782	20
949	3	1148	30
949	3	1408	9
949	3	1722	12
950	3	678	29
951	3	1408	30
952	3	1669	30
953	3	678	29
953	3	991	20
954	3	521	29
954	3	834	20
955	3	1252	30
956	3	574	29
957	3	834	30
958	3	1252	30
959	3	1722	30
960	3	678	29
960	3	1200	20
961	3	626	29
961	3	1356	20
962	3	2087	30
963	3	626	29
963	3	991	20
964	3	521	29
964	3	939	20
964	3	1356	9
965	3	730	29
966	3	574	29
966	3	887	20
967	3	782	30
968	3	521	29
969	3	678	30
969	3	1513	20
969	3	2243	9
971	3	574	29
971	3	1043	20
972	3	574	29
972	3	887	20
972	3	1148	9
972	3	1513	12
972	3	1826	30
973	3	678	30
974	3	626	30
975	3	1304	30
976	3	678	30
976	3	1356	20
976	3	2087	9
977	3	1461	30
978	3	626	30
978	3	939	20
978	3	1774	9
979	3	1356	30
979	3	2243	20
980	3	1304	30
981	3	887	30
981	3	1408	20
981	3	1722	9
982	3	521	29
982	3	991	20
983	3	574	29
983	3	887	20
984	3	1252	30
985	3	1304	30
985	3	1617	20
986	3	2191	30
987	3	1252	30
988	3	626	29
988	3	2243	20
989	3	574	29
989	3	887	20
990	3	1408	30
991	3	1252	30
992	3	1461	30
993	3	939	30
994	3	1878	30
995	3	574	29
995	3	887	20
996	3	1408	30
997	3	2191	30
998	3	678	30
998	3	1043	20
998	3	1461	9
998	3	1774	12
999	3	1356	30
0	4	678	29
0	4	991	30
1	4	678	29
2	4	626	30
3	4	991	28
3	4	1304	30
4	4	626	29
4	4	1408	28
4	4	2087	30
5	4	626	29
6	4	678	30
7	4	887	30
8	4	730	29
8	4	1722	28
9	4	939	28
9	4	1252	30
10	4	574	29
11	4	1878	28
11	4	2191	30
12	4	939	28
12	4	1252	30
13	4	939	28
13	4	1252	30
14	4	521	29
15	4	574	29
15	4	2295	28
16	4	626	29
17	4	626	29
18	4	469	29
18	4	2139	28
19	4	1252	28
19	4	1565	30
20	4	574	29
20	4	1826	28
21	4	469	29
22	4	574	29
23	4	574	29
24	4	521	29
24	4	1878	28
25	4	1095	28
25	4	1408	30
26	4	782	30
27	4	626	30
28	4	834	30
29	4	887	30
30	4	1043	28
30	4	1356	30
31	4	626	29
32	4	1043	28
32	4	1356	30
33	4	574	29
34	4	521	29
34	4	1930	28
35	4	626	29
36	4	678	29
37	4	730	29
38	4	626	29
39	4	626	29
40	4	626	29
40	4	1982	28
41	4	626	29
41	4	1826	28
42	4	730	29
42	4	2295	28
43	4	521	29
43	4	1930	28
44	4	1148	28
44	4	1461	30
45	4	730	29
46	4	521	29
46	4	2295	28
47	4	939	28
47	4	1252	30
48	4	939	28
48	4	1252	30
49	4	521	29
49	4	1722	28
50	4	1095	28
50	4	1408	30
51	4	1043	28
51	4	1356	30
52	4	887	30
53	4	521	29
53	4	1565	28
53	4	2295	30
55	4	678	29
56	4	1043	28
56	4	1356	30
57	4	574	29
58	4	626	30
59	4	574	29
60	4	939	28
60	4	1252	30
61	4	678	29
62	4	626	29
62	4	1774	28
63	4	626	30
64	4	1513	28
64	4	1826	30
65	4	626	30
66	4	1043	28
66	4	1356	30
67	4	730	29
68	4	1043	28
68	4	1356	30
69	4	730	30
70	4	626	30
71	4	1043	28
71	4	1356	30
72	4	1356	28
72	4	1669	30
73	4	1095	28
73	4	1408	30
74	4	939	28
74	4	1252	30
75	4	678	29
76	4	1043	28
76	4	1356	30
77	4	991	28
77	4	1304	30
78	4	991	28
78	4	1304	30
79	4	782	30
80	4	678	29
81	4	574	29
82	4	626	29
83	4	887	30
84	4	626	29
85	4	1095	28
85	4	1408	30
86	4	834	30
87	4	521	29
87	4	1461	28
87	4	2087	30
88	4	730	30
89	4	678	29
90	4	1043	28
90	4	1356	30
91	4	678	29
92	4	574	29
93	4	991	28
93	4	1304	30
94	4	991	28
94	4	1304	30
95	4	730	29
96	4	782	30
97	4	939	28
97	4	1252	30
98	4	1095	28
98	4	1408	30
99	4	887	30
100	4	939	28
100	4	1252	30
101	4	574	29
102	4	678	30
103	4	574	29
104	4	521	29
104	4	1669	28
105	4	1095	28
105	4	1408	30
106	4	782	30
106	4	1982	28
107	4	626	29
107	4	2191	28
108	4	626	29
109	4	991	28
109	4	1304	30
110	4	626	29
111	4	626	29
112	4	574	29
113	4	521	29
114	4	626	29
115	4	1043	28
115	4	1356	30
116	4	1095	28
116	4	1408	30
117	4	1043	28
117	4	1356	30
118	4	991	28
118	4	1304	30
119	4	991	28
119	4	1304	30
120	4	782	30
121	4	939	28
121	4	1252	30
122	4	678	29
123	4	1304	28
123	4	1617	30
124	4	678	29
125	4	574	29
125	4	1565	28
126	4	521	29
126	4	1565	28
127	4	626	29
128	4	574	29
129	4	939	28
129	4	1252	30
130	4	469	29
131	4	626	29
131	4	1565	28
132	4	626	29
133	4	678	30
134	4	939	28
134	4	1252	30
135	4	574	29
135	4	2243	28
136	4	521	29
136	4	1148	30
137	4	730	30
138	4	626	29
138	4	2035	28
139	4	678	29
139	4	1826	28
139	4	1930	30
140	4	1095	28
140	4	1408	30
141	4	574	29
141	4	1722	28
142	4	626	29
143	4	1043	28
143	4	1356	30
144	4	1669	28
144	4	1982	30
145	4	991	28
145	4	1304	30
146	4	626	29
146	4	1930	28
147	4	626	29
147	4	2035	28
148	4	1043	28
148	4	1356	30
149	4	626	29
150	4	521	29
150	4	1878	28
151	4	782	30
152	4	626	30
152	4	2087	28
153	4	574	29
154	4	626	29
155	4	574	29
155	4	2243	28
156	4	574	29
158	4	521	29
158	4	1722	28
159	4	626	29
159	4	2139	28
160	4	730	30
161	4	1095	28
161	4	1408	30
162	4	939	28
162	4	1252	30
163	4	887	30
164	4	521	29
164	4	2243	28
165	4	678	30
166	4	1095	28
166	4	1408	30
167	4	939	28
167	4	1252	30
168	4	1982	28
168	4	2295	30
169	4	678	29
170	4	626	29
171	4	678	29
172	4	939	28
172	4	1252	30
173	4	1043	28
173	4	1356	30
174	4	939	30
175	4	678	30
175	4	2191	28
176	4	574	29
177	4	1200	28
177	4	1513	30
178	4	1774	28
178	4	2087	30
179	4	574	29
179	4	2191	28
180	4	939	28
180	4	1252	30
181	4	574	29
182	4	574	30
183	4	521	29
183	4	1878	28
184	4	730	29
185	4	730	29
186	4	1826	28
186	4	2139	30
187	4	730	30
188	4	939	28
188	4	1252	30
189	4	678	29
189	4	1930	28
190	4	939	28
190	4	1252	30
191	4	678	29
192	4	678	29
193	4	626	29
193	4	1930	28
194	4	678	30
196	4	521	29
196	4	1200	28
196	4	1774	30
197	4	1930	28
197	4	2243	30
198	4	678	29
198	4	2191	28
199	4	574	29
199	4	2243	28
200	4	1095	28
200	4	1408	30
201	4	1095	28
201	4	1408	30
202	4	887	30
203	4	626	30
204	4	574	29
205	4	1043	28
205	4	1356	30
206	4	574	29
206	4	1565	28
206	4	1774	30
207	4	626	29
207	4	2243	28
208	4	574	29
209	4	1826	28
209	4	2139	30
210	4	574	30
211	4	1095	28
211	4	1408	30
212	4	887	30
213	4	1095	28
213	4	1408	30
214	4	782	30
215	4	991	28
215	4	1304	30
216	4	939	30
217	4	574	29
218	4	626	29
219	4	1774	28
219	4	2087	30
220	4	1043	28
220	4	1356	30
221	4	730	30
222	4	939	28
222	4	1252	30
223	4	626	30
224	4	730	29
225	4	626	29
225	4	1982	28
225	4	2139	30
226	4	521	29
226	4	1565	28
227	4	678	29
228	4	521	29
228	4	1513	28
229	4	678	30
230	4	521	29
231	4	521	29
231	4	2139	28
232	4	626	29
233	4	1043	28
233	4	1356	30
234	4	2191	28
235	4	1043	28
235	4	1356	30
236	4	782	30
237	4	939	30
238	4	939	28
238	4	1252	30
239	4	887	30
240	4	574	29
240	4	2087	28
241	4	626	30
242	4	678	29
242	4	2035	28
243	4	521	29
243	4	1513	28
243	4	2295	30
244	4	469	29
244	4	2139	28
245	4	991	28
245	4	1304	30
246	4	1513	28
246	4	1826	30
247	4	1148	28
247	4	1461	30
248	4	574	29
249	4	626	29
250	4	574	29
250	4	2035	28
251	4	521	29
251	4	2087	28
252	4	887	30
253	4	574	29
254	4	1513	28
254	4	1826	30
255	4	782	30
256	4	521	29
256	4	2035	28
257	4	939	28
257	4	1252	30
258	4	678	29
259	4	574	29
260	4	574	30
262	4	574	29
262	4	2035	28
263	4	626	29
264	4	626	29
264	4	2295	28
265	4	678	29
266	4	574	29
266	4	2087	28
267	4	574	29
268	4	939	28
268	4	1252	30
269	4	678	29
270	4	782	30
271	4	730	30
271	4	2139	28
272	4	521	29
272	4	1356	28
272	4	1982	30
273	4	1878	28
273	4	2191	30
274	4	991	28
274	4	1304	30
275	4	1043	28
275	4	1356	30
276	4	1148	28
276	4	1461	30
277	4	782	30
278	4	1095	28
278	4	1408	30
279	4	1095	28
279	4	1408	30
280	4	626	30
282	4	1043	28
282	4	1356	30
283	4	991	28
283	4	1304	30
284	4	626	29
284	4	1722	28
284	4	1826	30
285	4	1043	28
285	4	1356	30
286	4	521	29
286	4	1617	28
286	4	2243	30
287	4	1095	28
287	4	1408	30
288	4	678	29
289	4	626	30
290	4	1774	28
290	4	2087	30
291	4	782	29
292	4	1043	28
292	4	1356	30
293	4	574	29
293	4	2035	28
293	4	2139	30
294	4	626	29
295	4	939	28
295	4	1252	30
296	4	574	29
297	4	678	29
298	4	782	30
299	4	626	29
300	4	939	28
300	4	1252	30
301	4	574	29
302	4	678	29
302	4	2087	28
303	4	521	29
303	4	1304	28
303	4	1826	30
304	4	574	29
305	4	2139	28
306	4	574	30
307	4	521	29
308	4	574	30
309	4	574	29
309	4	1826	28
309	4	2243	30
310	4	626	29
310	4	1565	28
310	4	2295	30
311	4	678	30
312	4	939	30
313	4	782	30
314	4	991	28
314	4	1304	30
315	4	574	29
315	4	1826	28
316	4	1774	28
316	4	2087	30
317	4	991	28
317	4	1304	30
318	4	1043	28
318	4	1356	30
319	4	939	28
319	4	1252	30
320	4	1043	28
320	4	1356	30
321	4	678	29
322	4	521	29
322	4	2139	28
323	4	1200	28
323	4	1513	30
324	4	1043	28
324	4	1356	30
325	4	991	28
325	4	1304	30
326	4	626	29
327	4	939	28
327	4	1252	30
328	4	678	30
329	4	1043	28
329	4	1356	30
330	4	730	30
331	4	678	29
332	4	678	29
333	4	626	29
334	4	991	28
334	4	1304	30
335	4	626	29
336	4	626	29
336	4	2035	28
337	4	678	29
338	4	939	28
338	4	1252	30
339	4	678	29
340	4	991	28
340	4	1304	30
341	4	991	28
341	4	1304	30
342	4	521	29
342	4	1408	28
343	4	626	29
344	4	1461	28
344	4	1774	30
345	4	574	29
345	4	1617	28
346	4	469	29
346	4	1513	28
347	4	730	29
348	4	626	29
349	4	626	29
350	4	1774	28
350	4	2087	30
351	4	626	29
352	4	730	30
353	4	626	29
354	4	521	29
354	4	1304	28
354	4	1826	30
355	4	678	29
356	4	939	30
357	4	678	29
358	4	834	30
359	4	1982	28
359	4	2295	30
360	4	678	30
361	4	678	29
362	4	939	28
362	4	1252	30
363	4	2087	28
364	4	626	29
365	4	1043	28
365	4	1356	30
366	4	782	30
367	4	574	29
367	4	2295	28
368	4	626	29
368	4	1930	28
368	4	1982	30
369	4	626	29
369	4	1565	28
370	4	521	29
371	4	521	29
372	4	730	29
373	4	834	30
374	4	1095	28
374	4	1408	30
375	4	1043	28
375	4	1356	30
376	4	626	29
377	4	991	28
377	4	1304	30
378	4	939	30
379	4	782	29
380	4	782	30
381	4	678	30
382	4	678	29
383	4	991	28
383	4	1304	30
384	4	678	29
385	4	782	30
386	4	521	29
387	4	626	29
387	4	1565	28
388	4	1774	28
388	4	2087	30
389	4	626	29
390	4	574	29
391	4	678	30
392	4	939	28
392	4	1252	30
393	4	574	29
394	4	678	29
395	4	730	29
396	4	626	29
396	4	1669	28
396	4	1826	30
397	4	991	28
397	4	1304	30
398	4	521	29
399	4	521	29
400	4	678	29
401	4	1878	28
401	4	2191	30
402	4	626	29
403	4	939	28
403	4	1252	30
404	4	782	30
405	4	939	28
405	4	1252	30
406	4	626	29
407	4	991	28
407	4	1304	30
409	4	939	28
409	4	1252	30
410	4	939	28
410	4	1252	30
411	4	469	29
411	4	1408	28
411	4	1930	30
412	4	678	29
412	4	1774	28
412	4	1878	30
413	4	626	29
413	4	1722	28
413	4	1826	30
414	4	626	30
414	4	2035	28
415	4	678	29
416	4	939	28
416	4	1252	30
417	4	574	29
417	4	2035	28
418	4	574	29
418	4	1513	28
419	4	469	29
419	4	1617	28
420	4	939	30
421	4	1774	28
421	4	2087	30
422	4	834	30
423	4	939	28
423	4	1252	30
424	4	574	29
424	4	1408	28
424	4	1930	30
425	4	574	29
426	4	939	28
426	4	1252	30
427	4	1826	28
427	4	2139	30
428	4	574	29
429	4	574	30
430	4	574	29
431	4	574	29
432	4	730	29
433	4	782	30
434	4	678	29
434	4	1982	28
434	4	2087	30
435	4	521	29
435	4	1722	28
436	4	626	29
437	4	574	29
438	4	730	30
439	4	834	30
440	4	678	30
441	4	1095	28
441	4	1408	30
442	4	730	30
443	4	626	30
444	4	1095	28
444	4	1408	30
445	4	626	29
446	4	782	29
447	4	1095	28
447	4	1408	30
448	4	939	28
448	4	1252	30
449	4	1774	28
449	4	2087	30
450	4	1878	28
450	4	2191	30
451	4	730	30
451	4	2087	28
452	4	521	29
453	4	574	29
454	4	939	28
454	4	1252	30
455	4	1043	28
455	4	1356	30
456	4	1043	28
456	4	1356	30
457	4	521	29
458	4	1043	28
458	4	1356	30
459	4	678	30
460	4	626	29
461	4	574	29
462	4	574	29
462	4	2243	28
463	4	574	29
463	4	1513	28
464	4	887	30
465	4	626	29
466	4	574	29
467	4	521	29
467	4	2191	28
468	4	626	29
469	4	574	29
470	4	1043	28
470	4	1356	30
471	4	939	28
471	4	1252	30
472	4	521	29
472	4	2191	28
473	4	574	29
473	4	2087	28
474	4	574	29
474	4	1565	28
475	4	939	30
476	4	939	28
476	4	1252	30
477	4	887	30
478	4	782	30
480	4	730	30
481	4	626	29
481	4	1461	28
481	4	2295	30
482	4	782	29
483	4	1148	28
483	4	1461	30
484	4	1826	28
484	4	2139	30
485	4	939	28
485	4	1252	30
486	4	1043	28
486	4	1356	30
487	4	626	29
488	4	1043	28
488	4	1356	30
489	4	626	29
490	4	834	30
490	4	2087	28
491	4	730	29
491	4	2295	28
492	4	939	28
492	4	1252	30
493	4	730	30
494	4	574	29
495	4	834	30
496	4	521	29
496	4	1722	28
497	4	521	29
498	4	678	29
499	4	574	29
500	4	574	29
500	4	1826	30
501	4	991	28
501	4	1304	30
502	4	678	29
503	4	626	29
503	4	1669	28
503	4	1826	30
504	4	1095	28
504	4	1408	30
505	4	991	28
505	4	1304	30
506	4	939	28
506	4	1252	30
507	4	1095	28
507	4	1408	30
508	4	678	29
508	4	2035	28
509	4	2295	28
510	4	1774	28
510	4	2087	30
512	4	939	30
512	4	2295	28
513	4	678	30
514	4	678	29
514	4	2295	28
515	4	574	29
516	4	1043	28
516	4	1356	30
517	4	1043	28
517	4	1356	30
518	4	939	30
519	4	574	29
519	4	1669	28
520	4	626	29
521	4	626	29
522	4	626	29
522	4	1669	28
523	4	678	29
524	4	1774	28
524	4	2087	30
525	4	678	30
525	4	2295	28
526	4	1148	28
526	4	1461	30
527	4	521	29
528	4	626	29
529	4	678	29
529	4	1722	28
529	4	1878	30
530	4	1043	28
530	4	1356	30
531	4	939	28
531	4	1252	30
532	4	730	30
533	4	1774	28
533	4	2087	30
534	4	678	29
535	4	1043	28
535	4	1356	30
536	4	1200	28
536	4	1513	30
537	4	574	29
537	4	1930	28
538	4	521	29
539	4	626	29
540	4	730	30
541	4	521	29
541	4	2295	28
542	4	887	30
543	4	1043	28
543	4	1356	30
544	4	521	29
544	4	1513	28
545	4	678	29
546	4	991	28
546	4	1304	30
547	4	730	29
547	4	1774	28
548	4	939	28
548	4	1252	30
549	4	1043	28
549	4	1356	30
550	4	521	29
550	4	1304	28
550	4	1982	30
551	4	521	29
551	4	1408	28
552	4	1043	28
552	4	1356	30
553	4	782	30
554	4	521	29
554	4	1878	28
555	4	521	29
555	4	1148	30
555	4	1982	28
556	4	626	30
557	4	939	28
557	4	1252	30
558	4	469	29
559	4	939	28
559	4	1252	30
560	4	1043	28
560	4	1356	30
561	4	730	30
562	4	939	28
562	4	1252	30
563	4	730	30
564	4	991	28
564	4	1304	30
565	4	574	29
565	4	1461	28
565	4	2191	30
566	4	521	29
567	4	521	29
568	4	574	29
568	4	1461	28
569	4	626	29
570	4	1043	28
570	4	1356	30
571	4	574	29
572	4	1043	28
572	4	1356	30
573	4	1722	28
573	4	2035	30
574	4	730	29
575	4	574	29
575	4	1669	28
575	4	1826	30
576	4	1043	28
576	4	1356	30
577	4	678	29
578	4	887	30
579	4	626	29
580	4	1200	28
580	4	1513	30
581	4	939	28
581	4	1252	30
582	4	782	30
583	4	678	29
583	4	1722	28
584	4	574	29
585	4	574	29
585	4	1617	28
585	4	1774	30
586	4	574	29
586	4	1617	28
587	4	521	29
587	4	1356	28
588	4	574	29
589	4	521	29
589	4	1722	28
590	4	626	29
591	4	1043	28
591	4	1356	30
592	4	2139	28
593	4	574	29
594	4	678	30
595	4	626	29
595	4	1982	30
595	4	2243	28
596	4	626	29
597	4	730	29
598	4	574	29
599	4	626	29
600	4	1095	28
600	4	1408	30
601	4	626	29
602	4	939	28
602	4	1252	30
603	4	626	30
604	4	678	30
604	4	2295	28
605	4	939	28
605	4	1252	30
606	4	626	29
606	4	1982	28
607	4	574	29
608	4	521	29
609	4	1095	28
609	4	1408	30
610	4	1878	28
610	4	2191	30
611	4	678	30
612	4	1043	28
612	4	1356	30
613	4	939	28
613	4	1252	30
614	4	991	28
614	4	1304	30
615	4	834	30
616	4	939	28
616	4	1252	30
617	4	939	28
617	4	1252	30
618	4	1200	28
618	4	1513	30
619	4	939	30
620	4	626	29
621	4	834	30
622	4	521	29
623	4	939	28
623	4	1252	30
624	4	521	29
625	4	939	28
625	4	1252	30
626	4	469	29
626	4	1722	28
627	4	626	29
628	4	574	29
628	4	2035	28
629	4	782	30
630	4	730	30
631	4	521	29
631	4	1722	28
632	4	626	29
633	4	1095	28
633	4	1408	30
634	4	991	28
634	4	1304	30
635	4	1095	28
635	4	1408	30
636	4	1826	28
636	4	2139	30
637	4	939	28
637	4	1252	30
638	4	939	28
638	4	1252	30
639	4	521	29
639	4	1513	28
640	4	626	30
641	4	626	30
642	4	991	28
642	4	1304	30
643	4	1878	28
643	4	2191	30
644	4	678	29
645	4	730	29
646	4	626	29
647	4	1095	28
647	4	1408	30
648	4	834	30
649	4	626	29
649	4	2243	28
650	4	1043	28
650	4	1356	30
651	4	678	29
652	4	626	29
652	4	1982	28
653	4	730	29
654	4	521	29
655	4	521	29
655	4	2087	28
656	4	574	30
657	4	521	29
658	4	626	29
658	4	1565	28
659	4	991	28
659	4	1304	30
660	4	574	29
661	4	626	29
662	4	834	30
663	4	939	28
663	4	1252	30
664	4	574	29
664	4	1617	28
665	4	678	29
666	4	678	29
667	4	574	30
668	4	574	29
668	4	2191	28
669	4	887	30
670	4	887	30
671	4	939	28
671	4	1252	30
672	4	730	29
673	4	521	29
674	4	834	30
675	4	834	30
676	4	626	29
676	4	2243	28
677	4	626	29
677	4	1722	28
678	4	626	29
678	4	2243	28
679	4	939	28
679	4	1252	30
680	4	939	28
680	4	1252	30
681	4	626	29
682	4	521	29
682	4	2243	28
683	4	1095	28
683	4	1408	30
684	4	939	28
684	4	1252	30
685	4	626	30
686	4	626	29
687	4	1043	28
687	4	1356	30
688	4	991	28
688	4	1304	30
689	4	991	28
689	4	1304	30
690	4	521	29
691	4	626	29
691	4	1565	28
692	4	521	29
692	4	1513	28
693	4	626	30
693	4	2243	28
694	4	730	29
695	4	574	29
696	4	521	29
697	4	574	29
697	4	1878	28
698	4	1095	28
698	4	1408	30
699	4	834	30
700	4	626	30
701	4	730	30
702	4	678	30
703	4	521	29
703	4	1722	28
704	4	1356	28
704	4	1669	30
705	4	939	30
706	4	521	29
706	4	2191	28
707	4	626	29
708	4	991	28
708	4	1304	30
709	4	521	29
709	4	1669	28
710	4	521	29
710	4	1513	28
711	4	939	28
711	4	1252	30
712	4	678	30
713	4	991	28
713	4	1304	30
714	4	678	29
715	4	939	30
716	4	626	29
717	4	834	30
717	4	2243	28
718	4	521	29
718	4	1669	28
719	4	626	29
720	4	991	28
720	4	1304	30
721	4	678	29
721	4	2295	28
722	4	521	29
722	4	1252	28
723	4	782	30
724	4	730	30
725	4	574	29
725	4	2035	28
726	4	730	30
727	4	1043	28
727	4	1356	30
728	4	1304	28
728	4	1617	30
729	4	730	29
730	4	678	29
731	4	574	29
732	4	678	29
733	4	626	29
733	4	1722	28
734	4	521	29
734	4	1878	28
735	4	1774	28
735	4	2087	30
736	4	887	30
737	4	626	29
737	4	1774	28
738	4	574	29
738	4	1565	28
738	4	2139	30
739	4	1043	28
739	4	1356	30
740	4	1930	28
740	4	2243	30
741	4	678	30
742	4	678	29
742	4	991	30
742	4	2191	28
743	4	574	29
744	4	991	28
744	4	1304	30
745	4	939	28
745	4	1252	30
746	4	1043	28
746	4	1356	30
747	4	678	29
748	4	1617	28
748	4	1930	30
749	4	678	29
750	4	678	29
751	4	678	29
752	4	887	30
752	4	2295	28
753	4	574	29
753	4	1617	28
753	4	2243	30
754	4	626	29
755	4	626	29
756	4	574	29
756	4	1461	28
757	4	1043	28
757	4	1356	30
758	4	626	29
759	4	991	28
759	4	1304	30
760	4	678	30
761	4	574	30
762	4	574	29
763	4	991	28
763	4	1304	30
764	4	782	29
765	4	521	29
765	4	2191	28
766	4	626	29
767	4	991	28
767	4	1304	30
768	4	1043	28
768	4	1356	30
769	4	730	29
770	4	1565	28
770	4	1878	30
771	4	1043	28
771	4	1356	30
772	4	782	30
773	4	1095	28
773	4	1408	30
774	4	574	29
775	4	574	29
776	4	521	29
776	4	1565	28
777	4	1774	28
777	4	2087	30
778	4	626	29
779	4	1043	28
779	4	1356	30
780	4	626	29
781	4	574	29
781	4	1826	28
782	4	574	29
783	4	1043	28
783	4	1356	30
784	4	521	29
784	4	2087	28
785	4	678	29
786	4	782	30
787	4	1043	28
787	4	1356	30
788	4	521	29
789	4	939	28
789	4	1252	30
790	4	834	30
791	4	991	28
791	4	1304	30
792	4	782	30
793	4	521	29
793	4	1878	28
794	4	574	29
795	4	939	28
795	4	1252	30
796	4	1043	28
796	4	1356	30
797	4	626	29
798	4	782	30
799	4	1930	28
799	4	2243	30
800	4	991	28
800	4	1304	30
801	4	1043	28
801	4	1356	30
802	4	574	29
803	4	626	29
803	4	1878	28
804	4	574	30
805	4	1878	28
805	4	2191	30
806	4	1043	28
806	4	1356	30
807	4	678	29
807	4	1722	28
807	4	1878	30
808	4	1774	28
808	4	2087	30
809	4	1200	28
809	4	1513	30
810	4	574	29
811	4	574	29
812	4	574	30
812	4	1982	28
813	4	887	30
814	4	626	29
815	4	469	29
816	4	939	28
816	4	1252	30
817	4	1826	28
817	4	2139	30
818	4	626	29
818	4	2087	28
819	4	1043	28
819	4	1356	30
820	4	678	30
821	4	678	29
822	4	574	29
823	4	678	29
823	4	2035	28
824	4	939	28
824	4	1252	30
825	4	939	28
825	4	1252	30
826	4	939	28
826	4	1252	30
827	4	730	30
828	4	991	28
828	4	1304	30
829	4	1774	28
829	4	2087	30
830	4	939	28
830	4	1252	30
831	4	521	29
831	4	1513	28
831	4	2035	30
832	4	678	29
832	4	1982	28
832	4	2191	30
833	4	626	29
834	4	678	29
834	4	2139	28
835	4	730	30
836	4	1826	28
836	4	2139	30
837	4	939	28
837	4	1252	30
838	4	469	29
838	4	1774	28
839	4	1043	28
839	4	1356	30
840	4	469	29
840	4	1095	30
841	4	678	30
842	4	626	30
842	4	2295	28
843	4	626	29
843	4	1826	30
843	4	2087	28
844	4	939	28
844	4	1252	30
845	4	991	28
845	4	1304	30
846	4	1095	28
846	4	1408	30
847	4	991	28
847	4	1304	30
848	4	521	29
848	4	1513	28
849	4	939	28
849	4	1252	30
850	4	574	29
850	4	1356	28
851	4	1826	28
851	4	2139	30
852	4	782	29
853	4	991	28
853	4	1304	30
854	4	939	28
854	4	1252	30
855	4	574	30
856	4	730	29
857	4	991	28
857	4	1304	30
858	4	834	30
859	4	887	30
860	4	1095	28
860	4	1408	30
861	4	678	29
862	4	1095	28
862	4	1408	30
863	4	521	29
863	4	1565	28
864	4	521	29
864	4	1408	28
864	4	2139	30
865	4	521	29
866	4	626	29
867	4	574	29
868	4	521	29
868	4	2191	28
869	4	939	28
869	4	1252	30
870	4	1043	28
870	4	1356	30
871	4	1043	28
871	4	1356	30
872	4	2295	28
873	4	574	29
874	4	782	30
875	4	574	30
876	4	626	29
877	4	574	29
877	4	1722	28
877	4	1878	30
878	4	991	28
878	4	1304	30
879	4	626	29
880	4	678	29
881	4	730	30
882	4	1043	28
882	4	1356	30
883	4	1095	28
883	4	1408	30
884	4	626	29
885	4	678	29
886	4	730	29
887	4	574	29
888	4	939	30
889	4	1043	28
889	4	1356	30
890	4	1043	28
890	4	1356	30
891	4	626	29
892	4	1095	28
892	4	1408	30
893	4	574	29
894	4	678	29
895	4	574	30
896	4	678	29
897	4	626	30
898	4	521	29
898	4	1461	28
899	4	574	29
899	4	1565	28
900	4	939	28
900	4	1252	30
901	4	626	29
902	4	939	30
903	4	469	29
903	4	1722	28
905	4	939	28
905	4	1252	30
906	4	574	29
907	4	1513	28
907	4	1826	30
908	4	626	29
909	4	1513	28
909	4	1826	30
910	4	1095	28
910	4	1408	30
911	4	626	29
912	4	521	29
913	4	1043	28
913	4	1356	30
914	4	730	29
915	4	991	28
915	4	1304	30
916	4	574	29
916	4	1513	28
917	4	626	29
918	4	991	28
918	4	1304	30
919	4	1148	28
919	4	1461	30
920	4	678	29
921	4	678	30
922	4	678	30
923	4	991	28
923	4	1304	30
924	4	574	30
924	4	1669	28
925	4	678	29
926	4	574	29
926	4	1774	28
927	4	782	30
929	4	626	29
929	4	2087	28
930	4	939	30
931	4	574	29
931	4	1722	28
932	4	782	30
933	4	1043	28
933	4	1356	30
934	4	939	28
934	4	1252	30
935	4	626	30
936	4	730	30
937	4	939	28
937	4	1252	30
938	4	939	28
938	4	1252	30
939	4	678	29
940	4	521	29
940	4	1669	28
941	4	521	29
941	4	1617	28
942	4	521	29
942	4	1461	28
943	4	521	29
944	4	782	30
945	4	1043	28
945	4	1356	30
946	4	574	30
947	4	626	29
947	4	1774	28
947	4	1826	30
948	4	626	29
949	4	469	29
949	4	1148	30
950	4	678	29
951	4	1095	28
951	4	1408	30
952	4	1356	28
952	4	1669	30
953	4	678	29
954	4	521	29
954	4	1826	28
955	4	939	28
955	4	1252	30
956	4	574	29
957	4	834	30
958	4	939	28
958	4	1252	30
959	4	1408	28
959	4	1722	30
960	4	678	29
961	4	626	29
961	4	2139	28
962	4	1774	28
962	4	2087	30
963	4	626	29
963	4	2295	28
964	4	521	29
964	4	1461	28
965	4	730	29
966	4	574	29
966	4	1930	28
967	4	782	30
968	4	521	29
968	4	2295	28
969	4	678	30
970	4	2035	28
971	4	574	29
971	4	1878	28
972	4	574	29
972	4	1826	30
972	4	2243	28
973	4	678	30
974	4	626	30
975	4	991	28
975	4	1304	30
976	4	678	30
976	4	2191	28
977	4	1148	28
977	4	1461	30
978	4	626	30
979	4	1043	28
979	4	1356	30
980	4	991	28
980	4	1304	30
981	4	887	30
982	4	521	29
983	4	574	29
984	4	939	28
984	4	1252	30
985	4	991	28
985	4	1304	30
986	4	1878	28
986	4	2191	30
987	4	939	28
987	4	1252	30
988	4	626	29
989	4	574	29
990	4	1095	28
990	4	1408	30
991	4	939	28
991	4	1252	30
992	4	1148	28
992	4	1461	30
993	4	939	30
994	4	1565	28
994	4	1878	30
995	4	574	29
996	4	1095	28
996	4	1408	30
997	4	1878	28
997	4	2191	30
998	4	678	30
998	4	1878	28
999	4	1043	28
999	4	1356	30
0	5	365	24
0	5	678	29
0	5	991	30
1	5	365	24
1	5	678	29
2	5	365	24
2	5	626	30
3	5	365	24
3	5	991	28
3	5	1304	30
4	5	365	24
4	5	626	29
4	5	1408	28
4	5	2087	30
5	5	365	24
5	5	626	29
6	5	365	24
6	5	678	30
7	5	365	24
7	5	678	27
7	5	887	30
8	5	365	24
8	5	678	27
8	5	730	29
8	5	1722	28
9	5	365	24
9	5	678	27
9	5	939	28
9	5	1252	30
10	5	365	24
10	5	574	29
11	5	365	24
11	5	1878	28
11	5	2191	30
12	5	365	24
12	5	678	27
12	5	939	28
12	5	1252	30
13	5	365	24
13	5	678	27
13	5	939	28
13	5	1252	30
14	5	365	24
14	5	521	29
15	5	365	24
15	5	574	29
15	5	2295	28
16	5	365	24
16	5	626	29
17	5	365	24
17	5	626	29
18	5	365	24
18	5	469	29
18	5	2139	28
19	5	365	24
19	5	1252	28
19	5	1565	30
20	5	365	24
20	5	574	29
20	5	1826	28
21	5	365	24
21	5	469	29
22	5	365	24
22	5	574	29
23	5	365	24
23	5	574	29
24	5	365	24
24	5	521	29
24	5	1878	28
25	5	365	24
25	5	1095	28
25	5	1408	30
26	5	365	24
26	5	678	27
26	5	782	30
27	5	365	24
27	5	626	30
28	5	365	24
28	5	678	27
28	5	834	30
29	5	365	24
29	5	678	27
29	5	887	30
30	5	365	24
30	5	1043	28
30	5	1356	30
31	5	365	24
31	5	626	29
32	5	365	24
32	5	834	27
32	5	1043	28
32	5	1356	30
33	5	365	24
33	5	574	29
34	5	365	24
34	5	521	29
34	5	1930	28
35	5	365	24
35	5	626	29
36	5	365	24
36	5	678	29
37	5	365	24
37	5	678	27
37	5	730	29
38	5	365	24
38	5	626	29
39	5	365	24
39	5	626	29
40	5	365	24
40	5	626	29
40	5	1982	28
41	5	365	24
41	5	626	29
41	5	1826	28
42	5	365	24
42	5	678	27
42	5	730	29
42	5	2295	28
43	5	365	24
43	5	521	29
43	5	1930	28
44	5	365	24
44	5	1148	28
44	5	1461	30
45	5	365	24
45	5	678	27
45	5	730	29
46	5	365	24
46	5	521	29
46	5	2295	28
47	5	365	24
47	5	678	27
47	5	939	28
47	5	1252	30
48	5	365	24
48	5	678	27
48	5	939	28
48	5	1252	30
49	5	365	24
49	5	521	29
49	5	1722	28
50	5	365	24
50	5	1095	28
50	5	1408	30
51	5	365	24
51	5	782	27
51	5	1043	28
51	5	1356	30
52	5	365	24
52	5	678	27
52	5	887	30
53	5	365	24
53	5	521	29
53	5	1565	28
53	5	2295	30
54	5	365	24
55	5	365	24
55	5	678	29
56	5	365	24
56	5	782	27
56	5	1043	28
56	5	1356	30
57	5	365	24
57	5	574	29
58	5	365	24
58	5	626	30
59	5	365	24
59	5	574	29
60	5	365	24
60	5	678	27
60	5	939	28
60	5	1252	30
61	5	365	24
61	5	678	29
62	5	365	24
62	5	626	29
62	5	1774	28
63	5	365	24
63	5	626	30
64	5	365	24
64	5	1513	28
64	5	1826	30
65	5	365	24
65	5	626	30
66	5	365	24
66	5	1043	28
66	5	1356	30
67	5	365	24
67	5	678	27
67	5	730	29
68	5	365	24
68	5	1043	28
68	5	1356	30
69	5	365	24
69	5	678	27
69	5	730	30
70	5	365	24
70	5	626	30
71	5	365	24
71	5	782	27
71	5	1043	28
71	5	1356	30
72	5	365	24
72	5	1356	28
72	5	1669	30
73	5	365	24
73	5	1095	28
73	5	1408	30
74	5	365	24
74	5	678	27
74	5	939	28
74	5	1252	30
75	5	365	24
75	5	678	29
76	5	365	24
76	5	1043	28
76	5	1356	30
77	5	365	24
77	5	991	28
77	5	1304	30
78	5	365	24
78	5	991	28
78	5	1304	30
79	5	365	24
79	5	678	27
79	5	782	30
80	5	365	24
80	5	678	29
81	5	365	24
81	5	574	29
82	5	365	24
82	5	626	29
83	5	365	24
83	5	678	27
83	5	887	30
84	5	365	24
84	5	626	29
85	5	365	24
85	5	1095	28
85	5	1408	30
86	5	365	24
86	5	678	27
86	5	834	30
87	5	365	24
87	5	521	29
87	5	1461	28
87	5	2087	30
88	5	365	24
88	5	678	27
88	5	730	30
89	5	365	24
89	5	678	29
90	5	365	24
90	5	1043	28
90	5	1356	30
91	5	365	24
91	5	678	29
92	5	365	24
92	5	574	29
93	5	365	24
93	5	991	28
93	5	1304	30
94	5	365	24
94	5	991	28
94	5	1304	30
95	5	365	24
95	5	678	27
95	5	730	29
96	5	365	24
96	5	678	27
96	5	782	30
97	5	365	24
97	5	678	27
97	5	939	28
97	5	1252	30
98	5	365	24
98	5	1095	28
98	5	1408	30
99	5	365	24
99	5	678	27
99	5	887	30
100	5	365	24
100	5	678	27
100	5	939	28
100	5	1252	30
101	5	365	24
101	5	574	29
102	5	365	24
102	5	678	30
103	5	365	24
103	5	574	29
104	5	365	24
104	5	521	29
104	5	1669	28
105	5	365	24
105	5	834	27
105	5	1095	28
105	5	1408	30
106	5	365	24
106	5	678	27
106	5	782	30
106	5	1982	28
107	5	365	24
107	5	626	29
107	5	2191	28
108	5	365	24
108	5	626	29
109	5	365	24
109	5	991	28
109	5	1304	30
110	5	365	24
110	5	626	29
111	5	365	24
111	5	626	29
112	5	365	24
112	5	574	29
113	5	365	24
113	5	521	29
114	5	365	24
114	5	626	29
115	5	365	24
115	5	1043	28
115	5	1356	30
116	5	365	24
116	5	1095	28
116	5	1408	30
117	5	365	24
117	5	1043	28
117	5	1356	30
118	5	365	24
118	5	991	28
118	5	1304	30
119	5	365	24
119	5	991	28
119	5	1304	30
120	5	365	24
120	5	678	27
120	5	782	30
121	5	365	24
121	5	678	27
121	5	939	28
121	5	1252	30
122	5	365	24
122	5	678	29
123	5	365	24
123	5	1304	28
123	5	1617	30
124	5	365	24
124	5	678	29
125	5	365	24
125	5	574	29
125	5	1565	28
126	5	365	24
126	5	521	29
126	5	1565	28
127	5	365	24
127	5	626	29
128	5	365	24
128	5	574	29
129	5	365	24
129	5	678	27
129	5	939	28
129	5	1252	30
130	5	365	24
130	5	469	29
131	5	365	24
131	5	626	29
131	5	1565	28
132	5	365	24
132	5	626	29
133	5	365	24
133	5	678	30
134	5	365	24
134	5	678	27
134	5	939	28
134	5	1252	30
135	5	365	24
135	5	574	29
135	5	2243	28
136	5	365	24
136	5	521	29
136	5	1148	30
137	5	365	24
137	5	678	27
137	5	730	30
138	5	365	24
138	5	626	29
138	5	2035	28
139	5	365	24
139	5	678	29
139	5	1826	28
139	5	1930	30
139	5	2243	25
140	5	365	24
140	5	1095	28
140	5	1408	30
141	5	365	24
141	5	574	29
141	5	1722	28
142	5	365	24
142	5	626	29
143	5	365	24
143	5	1043	28
143	5	1356	30
144	5	365	24
144	5	1669	28
144	5	1982	30
145	5	365	24
145	5	991	28
145	5	1304	30
146	5	365	24
146	5	626	29
146	5	1930	28
147	5	365	24
147	5	626	29
147	5	2035	28
148	5	365	24
148	5	1043	28
148	5	1356	30
149	5	365	24
149	5	626	29
150	5	365	24
150	5	521	29
150	5	1878	28
151	5	365	24
151	5	678	27
151	5	782	30
152	5	365	24
152	5	626	30
152	5	2087	28
153	5	365	24
153	5	574	29
154	5	365	24
154	5	626	29
155	5	365	24
155	5	574	29
155	5	2243	28
156	5	365	24
156	5	574	29
157	5	365	24
158	5	365	24
158	5	521	29
158	5	1722	28
159	5	365	24
159	5	626	29
159	5	2139	28
160	5	365	24
160	5	678	27
160	5	730	30
161	5	365	24
161	5	1095	28
161	5	1408	30
162	5	365	24
162	5	678	27
162	5	939	28
162	5	1252	30
163	5	365	24
163	5	678	27
163	5	887	30
164	5	365	24
164	5	521	29
164	5	2243	28
165	5	365	24
165	5	678	30
166	5	365	24
166	5	1095	28
166	5	1408	30
167	5	365	24
167	5	678	27
167	5	939	28
167	5	1252	30
168	5	365	24
168	5	1982	28
168	5	2295	30
169	5	365	24
169	5	678	29
170	5	365	24
170	5	626	29
171	5	365	24
171	5	678	29
172	5	365	24
172	5	678	27
172	5	939	28
172	5	1252	30
173	5	365	24
173	5	1043	28
173	5	1356	30
174	5	365	24
174	5	678	27
174	5	939	30
175	5	365	24
175	5	678	30
175	5	2191	28
176	5	365	24
176	5	574	29
177	5	365	24
177	5	1200	28
177	5	1513	30
178	5	365	24
178	5	1774	28
178	5	2087	30
179	5	365	24
179	5	574	29
179	5	2191	28
180	5	365	24
180	5	678	27
180	5	939	28
180	5	1252	30
181	5	365	24
181	5	574	29
182	5	365	24
182	5	574	30
183	5	365	24
183	5	521	29
183	5	1878	28
184	5	365	24
184	5	678	27
184	5	730	29
185	5	365	24
185	5	678	27
185	5	730	29
186	5	365	24
186	5	1826	28
186	5	2139	30
187	5	365	24
187	5	678	27
187	5	730	30
188	5	365	24
188	5	678	27
188	5	939	28
188	5	1252	30
189	5	365	24
189	5	678	29
189	5	1930	28
190	5	365	24
190	5	678	27
190	5	939	28
190	5	1252	30
191	5	365	24
191	5	678	29
192	5	365	24
192	5	678	29
193	5	365	24
193	5	626	29
193	5	1930	28
194	5	365	24
194	5	678	30
195	5	365	24
196	5	365	24
196	5	521	29
196	5	1200	28
196	5	1774	30
196	5	2191	25
197	5	365	24
197	5	1930	28
197	5	2243	30
198	5	365	24
198	5	678	29
198	5	2191	28
199	5	365	24
199	5	574	29
199	5	2243	28
200	5	365	24
200	5	939	27
200	5	1095	28
200	5	1408	30
201	5	365	24
201	5	1095	28
201	5	1408	30
202	5	365	24
202	5	678	27
202	5	887	30
203	5	365	24
203	5	626	30
204	5	365	24
204	5	574	29
205	5	365	24
205	5	1043	28
205	5	1356	30
206	5	365	24
206	5	574	29
206	5	1565	28
206	5	1774	30
206	5	2087	25
207	5	365	24
207	5	626	29
207	5	2243	28
208	5	365	24
208	5	574	29
209	5	365	24
209	5	1826	28
209	5	2139	30
210	5	365	24
210	5	574	30
211	5	365	24
211	5	1095	28
211	5	1408	30
212	5	365	24
212	5	678	27
212	5	887	30
213	5	365	24
213	5	1095	28
213	5	1408	30
214	5	365	24
214	5	678	27
214	5	782	30
215	5	365	24
215	5	991	28
215	5	1304	30
216	5	365	24
216	5	678	27
216	5	939	30
217	5	365	24
217	5	574	29
218	5	365	24
218	5	626	29
219	5	365	24
219	5	1774	28
219	5	2087	30
220	5	365	24
220	5	1043	28
220	5	1356	30
221	5	365	24
221	5	678	27
221	5	730	30
222	5	365	24
222	5	678	27
222	5	939	28
222	5	1252	30
223	5	365	24
223	5	626	30
224	5	365	24
224	5	678	27
224	5	730	29
225	5	365	24
225	5	626	29
225	5	1982	28
225	5	2139	30
226	5	365	24
226	5	521	29
226	5	1565	28
227	5	365	24
227	5	678	29
228	5	365	24
228	5	521	29
228	5	1513	28
229	5	365	24
229	5	678	30
230	5	365	24
230	5	521	29
231	5	365	24
231	5	521	29
231	5	2139	28
232	5	365	24
232	5	626	29
233	5	365	24
233	5	1043	28
233	5	1356	30
234	5	365	24
234	5	2191	28
235	5	365	24
235	5	1043	28
235	5	1356	30
236	5	365	24
236	5	678	27
236	5	782	30
237	5	365	24
237	5	678	27
237	5	939	30
238	5	365	24
238	5	678	27
238	5	939	28
238	5	1252	30
239	5	365	24
239	5	782	27
239	5	887	30
240	5	365	24
240	5	574	29
240	5	2087	28
241	5	365	24
241	5	626	30
242	5	365	24
242	5	678	29
242	5	2035	28
243	5	365	24
243	5	521	29
243	5	1513	28
243	5	2295	30
244	5	365	24
244	5	469	29
244	5	2139	28
245	5	365	24
245	5	730	27
245	5	991	28
245	5	1304	30
246	5	365	24
246	5	1513	28
246	5	1826	30
247	5	365	24
247	5	887	27
247	5	1148	28
247	5	1461	30
248	5	365	24
248	5	574	29
249	5	365	24
249	5	626	29
250	5	365	24
250	5	574	29
250	5	2035	28
251	5	365	24
251	5	521	29
251	5	2087	28
252	5	365	24
252	5	678	27
252	5	887	30
253	5	365	24
253	5	574	29
254	5	365	24
254	5	1513	28
254	5	1826	30
255	5	365	24
255	5	678	27
255	5	782	30
256	5	365	24
256	5	521	29
256	5	2035	28
257	5	365	24
257	5	678	27
257	5	939	28
257	5	1252	30
258	5	365	24
258	5	678	29
259	5	365	24
259	5	574	29
260	5	365	24
260	5	574	30
261	5	365	24
262	5	365	24
262	5	574	29
262	5	2035	28
263	5	365	24
263	5	626	29
264	5	365	24
264	5	626	29
264	5	2295	28
265	5	365	24
265	5	678	29
266	5	365	24
266	5	574	29
266	5	2087	28
267	5	365	24
267	5	574	29
268	5	365	24
268	5	678	27
268	5	939	28
268	5	1252	30
269	5	365	24
269	5	678	29
270	5	365	24
270	5	678	27
270	5	782	30
271	5	365	24
271	5	678	27
271	5	730	30
271	5	2139	28
272	5	365	24
272	5	521	29
272	5	1356	28
272	5	1982	30
272	5	2295	25
273	5	365	24
273	5	1878	28
273	5	2191	30
274	5	365	24
274	5	730	27
274	5	991	28
274	5	1304	30
275	5	365	24
275	5	1043	28
275	5	1356	30
276	5	365	24
276	5	887	27
276	5	1148	28
276	5	1461	30
277	5	365	24
277	5	678	27
277	5	782	30
278	5	365	24
278	5	1095	28
278	5	1408	30
279	5	365	24
279	5	834	27
279	5	1095	28
279	5	1408	30
280	5	365	24
280	5	626	30
281	5	365	24
282	5	365	24
282	5	1043	28
282	5	1356	30
283	5	365	24
283	5	991	28
283	5	1304	30
284	5	365	24
284	5	626	29
284	5	1722	28
284	5	1826	30
285	5	365	24
285	5	887	27
285	5	1043	28
285	5	1356	30
286	5	365	24
286	5	521	29
286	5	1617	28
286	5	2243	30
287	5	365	24
287	5	834	27
287	5	1095	28
287	5	1408	30
288	5	365	24
288	5	678	29
289	5	365	24
289	5	626	30
290	5	365	24
290	5	1774	28
290	5	2087	30
291	5	365	24
291	5	678	27
291	5	782	29
292	5	365	24
292	5	1043	28
292	5	1356	30
293	5	365	24
293	5	574	29
293	5	2035	28
293	5	2139	30
294	5	365	24
294	5	626	29
295	5	365	24
295	5	678	27
295	5	939	28
295	5	1252	30
296	5	365	24
296	5	574	29
297	5	365	24
297	5	678	29
298	5	365	24
298	5	678	27
298	5	782	30
299	5	365	24
299	5	626	29
300	5	365	24
300	5	678	27
300	5	939	28
300	5	1252	30
301	5	365	24
301	5	574	29
302	5	365	24
302	5	678	29
302	5	2087	28
303	5	365	24
303	5	521	29
303	5	1304	28
303	5	1826	30
304	5	365	24
304	5	574	29
305	5	365	24
305	5	2139	28
306	5	365	24
306	5	574	30
307	5	365	24
307	5	521	29
308	5	365	24
308	5	574	30
309	5	365	24
309	5	574	29
309	5	1826	28
309	5	2243	30
310	5	365	24
310	5	626	29
310	5	1565	28
310	5	2295	30
311	5	365	24
311	5	678	30
312	5	365	24
312	5	678	27
312	5	939	30
313	5	365	24
313	5	678	27
313	5	782	30
314	5	365	24
314	5	991	28
314	5	1304	30
315	5	365	24
315	5	574	29
315	5	1826	28
316	5	365	24
316	5	1774	28
316	5	2087	30
317	5	365	24
317	5	991	28
317	5	1304	30
318	5	365	24
318	5	1043	28
318	5	1356	30
319	5	365	24
319	5	678	27
319	5	939	28
319	5	1252	30
320	5	365	24
320	5	1043	28
320	5	1356	30
321	5	365	24
321	5	678	29
322	5	365	24
322	5	521	29
322	5	2139	28
323	5	365	24
323	5	1200	28
323	5	1513	30
324	5	365	24
324	5	1043	28
324	5	1356	30
325	5	365	24
325	5	991	28
325	5	1304	30
326	5	365	24
326	5	626	29
327	5	365	24
327	5	678	27
327	5	939	28
327	5	1252	30
328	5	365	24
328	5	678	30
329	5	365	24
329	5	1043	28
329	5	1356	30
330	5	365	24
330	5	678	27
330	5	730	30
331	5	365	24
331	5	678	29
332	5	365	24
332	5	678	29
333	5	365	24
333	5	626	29
334	5	365	24
334	5	991	28
334	5	1304	30
335	5	365	24
335	5	626	29
336	5	365	24
336	5	626	29
336	5	2035	28
337	5	365	24
337	5	678	29
338	5	365	24
338	5	678	27
338	5	939	28
338	5	1252	30
339	5	365	24
339	5	678	29
340	5	365	24
340	5	991	28
340	5	1304	30
341	5	365	24
341	5	991	28
341	5	1304	30
342	5	365	24
342	5	521	29
342	5	1408	28
343	5	365	24
343	5	626	29
344	5	365	24
344	5	1461	28
344	5	1774	30
345	5	365	24
345	5	574	29
345	5	1617	28
346	5	365	24
346	5	469	29
346	5	1513	28
347	5	365	24
347	5	678	27
347	5	730	29
348	5	365	24
348	5	626	29
349	5	365	24
349	5	626	29
350	5	365	24
350	5	1774	28
350	5	2087	30
351	5	365	24
351	5	626	29
352	5	365	24
352	5	678	27
352	5	730	30
353	5	365	24
353	5	626	29
354	5	365	24
354	5	521	29
354	5	1304	28
354	5	1826	30
355	5	365	24
355	5	678	29
356	5	365	24
356	5	678	27
356	5	939	30
357	5	365	24
357	5	678	29
358	5	365	24
358	5	678	27
358	5	834	30
359	5	365	24
359	5	1982	28
359	5	2295	30
360	5	365	24
360	5	678	30
361	5	365	24
361	5	678	29
362	5	365	24
362	5	678	27
362	5	939	28
362	5	1252	30
363	5	365	24
363	5	2087	28
364	5	365	24
364	5	626	29
365	5	365	24
365	5	1043	28
365	5	1356	30
366	5	365	24
366	5	678	27
366	5	782	30
367	5	365	24
367	5	574	29
367	5	2295	28
368	5	365	24
368	5	626	29
368	5	1930	28
368	5	1982	30
369	5	365	24
369	5	626	29
369	5	1565	28
370	5	365	24
370	5	521	29
371	5	365	24
371	5	521	29
372	5	365	24
372	5	678	27
372	5	730	29
373	5	365	24
373	5	678	27
373	5	834	30
374	5	365	24
374	5	1095	28
374	5	1408	30
375	5	365	24
375	5	1043	28
375	5	1356	30
376	5	365	24
376	5	626	29
377	5	365	24
377	5	991	28
377	5	1304	30
378	5	365	24
378	5	678	27
378	5	939	30
379	5	365	24
379	5	678	27
379	5	782	29
380	5	365	24
380	5	678	27
380	5	782	30
381	5	365	24
381	5	678	30
382	5	365	24
382	5	678	29
383	5	365	24
383	5	991	28
383	5	1304	30
384	5	365	24
384	5	678	29
385	5	365	24
385	5	678	27
385	5	782	30
386	5	365	24
386	5	521	29
387	5	365	24
387	5	626	29
387	5	1565	28
388	5	365	24
388	5	1774	28
388	5	2087	30
389	5	365	24
389	5	626	29
390	5	365	24
390	5	574	29
391	5	365	24
391	5	678	30
392	5	365	24
392	5	678	27
392	5	939	28
392	5	1252	30
393	5	365	24
393	5	574	29
394	5	365	24
394	5	678	29
395	5	365	24
395	5	678	27
395	5	730	29
396	5	365	24
396	5	626	29
396	5	1669	28
396	5	1826	30
397	5	365	24
397	5	991	28
397	5	1304	30
398	5	365	24
398	5	521	29
399	5	365	24
399	5	521	29
400	5	365	24
400	5	678	29
401	5	365	24
401	5	1878	28
401	5	2191	30
402	5	365	24
402	5	626	29
403	5	365	24
403	5	678	27
403	5	939	28
403	5	1252	30
404	5	365	24
404	5	678	27
404	5	782	30
405	5	365	24
405	5	678	27
405	5	939	28
405	5	1252	30
406	5	365	24
406	5	626	29
407	5	365	24
407	5	782	27
407	5	991	28
407	5	1304	30
408	5	365	24
409	5	365	24
409	5	678	27
409	5	939	28
409	5	1252	30
410	5	365	24
410	5	678	27
410	5	939	28
410	5	1252	30
411	5	365	24
411	5	469	29
411	5	1408	28
411	5	1930	30
412	5	365	24
412	5	678	29
412	5	1774	28
412	5	1878	30
412	5	2191	25
413	5	365	24
413	5	626	29
413	5	1722	28
413	5	1826	30
414	5	365	24
414	5	626	30
414	5	2035	28
415	5	365	24
415	5	678	29
416	5	365	24
416	5	939	28
416	5	1252	30
417	5	365	24
417	5	574	29
417	5	2035	28
418	5	365	24
418	5	574	29
418	5	1513	28
419	5	365	24
419	5	469	29
419	5	1617	28
420	5	365	24
420	5	678	27
420	5	939	30
421	5	365	24
421	5	1774	28
421	5	2087	30
422	5	365	24
422	5	678	27
422	5	834	30
423	5	365	24
423	5	678	27
423	5	939	28
423	5	1252	30
424	5	365	24
424	5	574	29
424	5	1408	28
424	5	1930	30
424	5	2295	25
425	5	365	24
425	5	574	29
426	5	365	24
426	5	678	27
426	5	939	28
426	5	1252	30
427	5	365	24
427	5	1826	28
427	5	2139	30
428	5	365	24
428	5	574	29
429	5	365	24
429	5	574	30
430	5	365	24
430	5	574	29
431	5	365	24
431	5	574	29
432	5	365	24
432	5	678	27
432	5	730	29
433	5	365	24
433	5	678	27
433	5	782	30
434	5	365	24
434	5	678	29
434	5	1982	28
434	5	2087	30
435	5	365	24
435	5	521	29
435	5	1722	28
436	5	365	24
436	5	626	29
437	5	365	24
437	5	574	29
438	5	365	24
438	5	678	27
438	5	730	30
439	5	365	24
439	5	678	27
439	5	834	30
440	5	365	24
440	5	678	30
441	5	365	24
441	5	1095	28
441	5	1408	30
442	5	365	24
442	5	678	27
442	5	730	30
443	5	365	24
443	5	626	30
444	5	365	24
444	5	1095	28
444	5	1408	30
445	5	365	24
445	5	626	29
446	5	365	24
446	5	678	27
446	5	782	29
447	5	365	24
447	5	1095	28
447	5	1408	30
448	5	365	24
448	5	678	27
448	5	939	28
448	5	1252	30
449	5	365	24
449	5	1774	28
449	5	2087	30
450	5	365	24
450	5	1878	28
450	5	2191	30
451	5	365	24
451	5	678	27
451	5	730	30
451	5	2087	28
452	5	365	24
452	5	521	29
453	5	365	24
453	5	574	29
454	5	365	24
454	5	939	28
454	5	1252	30
455	5	365	24
455	5	834	27
455	5	1043	28
455	5	1356	30
456	5	365	24
456	5	1043	28
456	5	1356	30
457	5	365	24
457	5	521	29
458	5	365	24
458	5	782	27
458	5	1043	28
458	5	1356	30
459	5	365	24
459	5	678	30
460	5	365	24
460	5	626	29
461	5	365	24
461	5	574	29
462	5	365	24
462	5	574	29
462	5	2243	28
463	5	365	24
463	5	574	29
463	5	1513	28
464	5	365	24
464	5	678	27
464	5	887	30
465	5	365	24
465	5	626	29
466	5	365	24
466	5	574	29
467	5	365	24
467	5	521	29
467	5	2191	28
468	5	365	24
468	5	626	29
469	5	365	24
469	5	574	29
470	5	365	24
470	5	782	27
470	5	1043	28
470	5	1356	30
471	5	365	24
471	5	678	27
471	5	939	28
471	5	1252	30
472	5	365	24
472	5	521	29
472	5	2191	28
473	5	365	24
473	5	574	29
473	5	2087	28
474	5	365	24
474	5	574	29
474	5	1565	28
475	5	365	24
475	5	678	27
475	5	939	30
476	5	365	24
476	5	939	28
476	5	1252	30
477	5	365	24
477	5	678	27
477	5	887	30
478	5	365	24
478	5	678	27
478	5	782	30
479	5	365	24
480	5	365	24
480	5	678	27
480	5	730	30
481	5	365	24
481	5	626	29
481	5	1461	28
481	5	2295	30
482	5	365	24
482	5	678	27
482	5	782	29
483	5	365	24
483	5	1148	28
483	5	1461	30
484	5	365	24
484	5	1826	28
484	5	2139	30
485	5	365	24
485	5	678	27
485	5	939	28
485	5	1252	30
486	5	365	24
486	5	1043	28
486	5	1356	30
487	5	365	24
487	5	626	29
488	5	365	24
488	5	1043	28
488	5	1356	30
489	5	365	24
489	5	626	29
490	5	365	24
490	5	678	27
490	5	834	30
490	5	2087	28
491	5	365	24
491	5	678	27
491	5	730	29
491	5	2295	28
492	5	365	24
492	5	678	27
492	5	939	28
492	5	1252	30
493	5	365	24
493	5	678	27
493	5	730	30
494	5	365	24
494	5	574	29
495	5	365	24
495	5	678	27
495	5	834	30
496	5	365	24
496	5	521	29
496	5	1722	28
497	5	365	24
497	5	521	29
498	5	365	24
498	5	678	29
499	5	365	24
499	5	574	29
500	5	365	24
500	5	574	29
500	5	1826	30
501	5	365	24
501	5	991	28
501	5	1304	30
502	5	365	24
502	5	678	29
503	5	365	24
503	5	626	29
503	5	1669	28
503	5	1826	30
503	5	2295	25
504	5	365	24
504	5	1095	28
504	5	1408	30
505	5	365	24
505	5	991	28
505	5	1304	30
506	5	365	24
506	5	678	27
506	5	939	28
506	5	1252	30
507	5	365	24
507	5	1095	28
507	5	1408	30
508	5	365	24
508	5	678	29
508	5	2035	28
509	5	365	24
509	5	2295	28
510	5	365	24
510	5	1774	28
510	5	2087	30
511	5	365	24
512	5	365	24
512	5	678	27
512	5	939	30
512	5	2295	28
513	5	365	24
513	5	678	30
514	5	365	24
514	5	678	29
514	5	2295	28
515	5	365	24
515	5	574	29
516	5	365	24
516	5	1043	28
516	5	1356	30
517	5	365	24
517	5	1043	28
517	5	1356	30
518	5	365	24
518	5	678	27
518	5	939	30
519	5	365	24
519	5	574	29
519	5	1669	28
520	5	365	24
520	5	626	29
521	5	365	24
521	5	626	29
522	5	365	24
522	5	626	29
522	5	1669	28
523	5	365	24
523	5	678	29
524	5	365	24
524	5	1774	28
524	5	2087	30
525	5	365	24
525	5	678	30
525	5	2295	28
526	5	365	24
526	5	887	27
526	5	1148	28
526	5	1461	30
527	5	365	24
527	5	521	29
528	5	365	24
528	5	626	29
529	5	365	24
529	5	678	29
529	5	1722	28
529	5	1878	30
530	5	365	24
530	5	1043	28
530	5	1356	30
531	5	365	24
531	5	678	27
531	5	939	28
531	5	1252	30
532	5	365	24
532	5	678	27
532	5	730	30
533	5	365	24
533	5	1774	28
533	5	2087	30
534	5	365	24
534	5	678	29
535	5	365	24
535	5	1043	28
535	5	1356	30
536	5	365	24
536	5	939	27
536	5	1200	28
536	5	1513	30
537	5	365	24
537	5	574	29
537	5	1930	28
538	5	365	24
538	5	521	29
539	5	365	24
539	5	626	29
540	5	365	24
540	5	678	27
540	5	730	30
541	5	365	24
541	5	521	29
541	5	2295	28
542	5	365	24
542	5	678	27
542	5	887	30
543	5	365	24
543	5	782	27
543	5	1043	28
543	5	1356	30
544	5	365	24
544	5	521	29
544	5	1513	28
545	5	365	24
545	5	678	29
546	5	365	24
546	5	991	28
546	5	1304	30
547	5	365	24
547	5	678	27
547	5	730	29
547	5	1774	28
548	5	365	24
548	5	939	28
548	5	1252	30
549	5	365	24
549	5	1043	28
549	5	1356	30
550	5	365	24
550	5	521	29
550	5	1304	28
550	5	1982	30
551	5	365	24
551	5	521	29
551	5	1408	28
552	5	365	24
552	5	1043	28
552	5	1356	30
553	5	365	24
553	5	678	27
553	5	782	30
554	5	365	24
554	5	521	29
554	5	1878	28
555	5	365	24
555	5	521	29
555	5	1148	30
555	5	1982	28
556	5	365	24
556	5	626	30
557	5	365	24
557	5	678	27
557	5	939	28
557	5	1252	30
558	5	365	24
558	5	469	29
559	5	365	24
559	5	678	27
559	5	939	28
559	5	1252	30
560	5	365	24
560	5	1043	28
560	5	1356	30
561	5	365	24
561	5	678	27
561	5	730	30
562	5	365	24
562	5	678	27
562	5	939	28
562	5	1252	30
563	5	365	24
563	5	678	27
563	5	730	30
564	5	365	24
564	5	991	28
564	5	1304	30
565	5	365	24
565	5	574	29
565	5	1461	28
565	5	2191	30
566	5	365	24
566	5	521	29
567	5	365	24
567	5	521	29
568	5	365	24
568	5	574	29
568	5	1461	28
569	5	365	24
569	5	626	29
570	5	365	24
570	5	1043	28
570	5	1356	30
571	5	365	24
571	5	574	29
572	5	365	24
572	5	1043	28
572	5	1356	30
573	5	365	24
573	5	1722	28
573	5	2035	30
574	5	365	24
574	5	678	27
574	5	730	29
575	5	365	24
575	5	574	29
575	5	1669	28
575	5	1826	30
576	5	365	24
576	5	939	27
576	5	1043	28
576	5	1356	30
577	5	365	24
577	5	678	29
578	5	365	24
578	5	678	27
578	5	887	30
579	5	365	24
579	5	626	29
580	5	365	24
580	5	1200	28
580	5	1513	30
581	5	365	24
581	5	678	27
581	5	939	28
581	5	1252	30
582	5	365	24
582	5	678	27
582	5	782	30
583	5	365	24
583	5	678	29
583	5	1722	28
584	5	365	24
584	5	574	29
585	5	365	24
585	5	574	29
585	5	1617	28
585	5	1774	30
586	5	365	24
586	5	574	29
586	5	1617	28
587	5	365	24
587	5	521	29
587	5	1356	28
588	5	365	24
588	5	574	29
589	5	365	24
589	5	521	29
589	5	1722	28
590	5	365	24
590	5	626	29
591	5	365	24
591	5	1043	28
591	5	1356	30
592	5	365	24
592	5	2139	28
593	5	365	24
593	5	574	29
594	5	365	24
594	5	678	30
595	5	365	24
595	5	626	29
595	5	1982	30
595	5	2243	28
596	5	365	24
596	5	626	29
597	5	365	24
597	5	678	27
597	5	730	29
598	5	365	24
598	5	574	29
599	5	365	24
599	5	626	29
600	5	365	24
600	5	1095	28
600	5	1408	30
601	5	365	24
601	5	626	29
602	5	365	24
602	5	678	27
602	5	939	28
602	5	1252	30
603	5	365	24
603	5	626	30
604	5	365	24
604	5	678	30
604	5	2295	28
605	5	365	24
605	5	678	27
605	5	939	28
605	5	1252	30
606	5	365	24
606	5	626	29
606	5	1982	28
607	5	365	24
607	5	574	29
608	5	365	24
608	5	521	29
609	5	365	24
609	5	834	27
609	5	1095	28
609	5	1408	30
610	5	365	24
610	5	1878	28
610	5	2191	30
611	5	365	24
611	5	678	30
612	5	365	24
612	5	782	27
612	5	1043	28
612	5	1356	30
613	5	365	24
613	5	678	27
613	5	939	28
613	5	1252	30
614	5	365	24
614	5	991	28
614	5	1304	30
615	5	365	24
615	5	678	27
615	5	834	30
616	5	365	24
616	5	678	27
616	5	939	28
616	5	1252	30
617	5	365	24
617	5	678	27
617	5	939	28
617	5	1252	30
618	5	365	24
618	5	939	27
618	5	1200	28
618	5	1513	30
619	5	365	24
619	5	678	27
619	5	939	30
620	5	365	24
620	5	626	29
621	5	365	24
621	5	678	27
621	5	834	30
622	5	365	24
622	5	521	29
623	5	365	24
623	5	678	27
623	5	939	28
623	5	1252	30
624	5	365	24
624	5	521	29
625	5	365	24
625	5	678	27
625	5	939	28
625	5	1252	30
626	5	365	24
626	5	469	29
626	5	1722	28
627	5	365	24
627	5	626	29
628	5	365	24
628	5	574	29
628	5	2035	28
629	5	365	24
629	5	678	27
629	5	782	30
630	5	365	24
630	5	678	27
630	5	730	30
631	5	365	24
631	5	521	29
631	5	1722	28
632	5	365	24
632	5	626	29
633	5	365	24
633	5	1095	28
633	5	1408	30
634	5	365	24
634	5	991	28
634	5	1304	30
635	5	365	24
635	5	1095	28
635	5	1408	30
636	5	365	24
636	5	1826	28
636	5	2139	30
637	5	365	24
637	5	678	27
637	5	939	28
637	5	1252	30
638	5	365	24
638	5	678	27
638	5	939	28
638	5	1252	30
639	5	365	24
639	5	521	29
639	5	1513	28
640	5	365	24
640	5	626	30
641	5	365	24
641	5	626	30
642	5	365	24
642	5	991	28
642	5	1304	30
643	5	365	24
643	5	1878	28
643	5	2191	30
644	5	365	24
644	5	678	29
645	5	365	24
645	5	678	27
645	5	730	29
646	5	365	24
646	5	626	29
647	5	365	24
647	5	834	27
647	5	1095	28
647	5	1408	30
648	5	365	24
648	5	678	27
648	5	834	30
649	5	365	24
649	5	626	29
649	5	2243	28
650	5	365	24
650	5	1043	28
650	5	1356	30
651	5	365	24
651	5	678	29
652	5	365	24
652	5	626	29
652	5	1982	28
653	5	365	24
653	5	678	27
653	5	730	29
654	5	365	24
654	5	521	29
655	5	365	24
655	5	521	29
655	5	2087	28
656	5	365	24
656	5	574	30
657	5	365	24
657	5	521	29
658	5	365	24
658	5	626	29
658	5	1565	28
659	5	365	24
659	5	991	28
659	5	1304	30
660	5	365	24
660	5	574	29
661	5	365	24
661	5	626	29
662	5	365	24
662	5	678	27
662	5	834	30
663	5	365	24
663	5	678	27
663	5	939	28
663	5	1252	30
664	5	365	24
664	5	574	29
664	5	1617	28
665	5	365	24
665	5	678	29
666	5	365	24
666	5	678	29
667	5	365	24
667	5	574	30
668	5	365	24
668	5	574	29
668	5	2191	28
669	5	365	24
669	5	678	27
669	5	887	30
670	5	365	24
670	5	678	27
670	5	887	30
671	5	365	24
671	5	678	27
671	5	939	28
671	5	1252	30
672	5	365	24
672	5	678	27
672	5	730	29
673	5	365	24
673	5	521	29
674	5	365	24
674	5	678	27
674	5	834	30
675	5	365	24
675	5	678	27
675	5	834	30
676	5	365	24
676	5	626	29
676	5	2243	28
677	5	365	24
677	5	626	29
677	5	1722	28
678	5	365	24
678	5	626	29
678	5	2243	28
679	5	365	24
679	5	678	27
679	5	939	28
679	5	1252	30
680	5	365	24
680	5	678	27
680	5	939	28
680	5	1252	30
681	5	365	24
681	5	626	29
682	5	365	24
682	5	521	29
682	5	2243	28
683	5	365	24
683	5	939	27
683	5	1095	28
683	5	1408	30
684	5	365	24
684	5	678	27
684	5	939	28
684	5	1252	30
685	5	365	24
685	5	626	30
686	5	365	24
686	5	626	29
687	5	365	24
687	5	1043	28
687	5	1356	30
688	5	365	24
688	5	991	28
688	5	1304	30
689	5	365	24
689	5	782	27
689	5	991	28
689	5	1304	30
690	5	365	24
690	5	521	29
691	5	365	24
691	5	626	29
691	5	1565	28
692	5	365	24
692	5	521	29
692	5	1513	28
693	5	365	24
693	5	626	30
693	5	2243	28
694	5	365	24
694	5	678	27
694	5	730	29
695	5	365	24
695	5	574	29
696	5	365	24
696	5	521	29
697	5	365	24
697	5	574	29
697	5	1878	28
698	5	365	24
698	5	1095	28
698	5	1408	30
699	5	365	24
699	5	678	27
699	5	834	30
700	5	365	24
700	5	626	30
701	5	365	24
701	5	678	27
701	5	730	30
702	5	365	24
702	5	678	30
703	5	365	24
703	5	521	29
703	5	1722	28
704	5	365	24
704	5	1356	28
704	5	1669	30
705	5	365	24
705	5	678	27
705	5	939	30
706	5	365	24
706	5	521	29
706	5	2191	28
707	5	365	24
707	5	626	29
708	5	365	24
708	5	730	27
708	5	991	28
708	5	1304	30
709	5	365	24
709	5	521	29
709	5	1669	28
710	5	365	24
710	5	521	29
710	5	1513	28
711	5	365	24
711	5	678	27
711	5	939	28
711	5	1252	30
712	5	365	24
712	5	678	30
713	5	365	24
713	5	730	27
713	5	991	28
713	5	1304	30
714	5	365	24
714	5	678	29
715	5	365	24
715	5	678	27
715	5	939	30
716	5	365	24
716	5	626	29
717	5	365	24
717	5	678	27
717	5	834	30
717	5	2243	28
718	5	365	24
718	5	521	29
718	5	1669	28
719	5	365	24
719	5	626	29
720	5	365	24
720	5	730	27
720	5	991	28
720	5	1304	30
721	5	365	24
721	5	678	29
721	5	2295	28
722	5	365	24
722	5	521	29
722	5	1252	28
723	5	365	24
723	5	678	27
723	5	782	30
724	5	365	24
724	5	678	27
724	5	730	30
725	5	365	24
725	5	574	29
725	5	2035	28
726	5	365	24
726	5	678	27
726	5	730	30
727	5	365	24
727	5	782	27
727	5	1043	28
727	5	1356	30
728	5	365	24
728	5	1304	28
728	5	1617	30
729	5	365	24
729	5	678	27
729	5	730	29
730	5	365	24
730	5	678	29
731	5	365	24
731	5	574	29
732	5	365	24
732	5	678	29
733	5	365	24
733	5	626	29
733	5	1722	28
734	5	365	24
734	5	521	29
734	5	1878	28
735	5	365	24
735	5	1774	28
735	5	2087	30
736	5	365	24
736	5	678	27
736	5	887	30
737	5	365	24
737	5	626	29
737	5	1774	28
738	5	365	24
738	5	574	29
738	5	1565	28
738	5	2139	30
739	5	365	24
739	5	782	27
739	5	1043	28
739	5	1356	30
740	5	365	24
740	5	1930	28
740	5	2243	30
741	5	365	24
741	5	678	30
742	5	365	24
742	5	678	29
742	5	991	30
742	5	2191	28
743	5	365	24
743	5	574	29
744	5	365	24
744	5	991	28
744	5	1304	30
745	5	365	24
745	5	678	27
745	5	939	28
745	5	1252	30
746	5	365	24
746	5	1043	28
746	5	1356	30
747	5	365	24
747	5	678	29
748	5	365	24
748	5	1617	28
748	5	1930	30
749	5	365	24
749	5	678	29
750	5	365	24
750	5	678	29
751	5	365	24
751	5	678	29
752	5	365	24
752	5	678	27
752	5	887	30
752	5	2295	28
753	5	365	24
753	5	574	29
753	5	1617	28
753	5	2243	30
754	5	365	24
754	5	626	29
755	5	365	24
755	5	626	29
756	5	365	24
756	5	574	29
756	5	1461	28
757	5	365	24
757	5	1043	28
757	5	1356	30
758	5	365	24
758	5	626	29
759	5	365	24
759	5	991	28
759	5	1304	30
760	5	365	24
760	5	678	30
761	5	365	24
761	5	574	30
762	5	365	24
762	5	574	29
763	5	365	24
763	5	991	28
763	5	1304	30
764	5	365	24
764	5	678	27
764	5	782	29
765	5	365	24
765	5	521	29
765	5	2191	28
766	5	365	24
766	5	626	29
767	5	365	24
767	5	730	27
767	5	991	28
767	5	1304	30
768	5	365	24
768	5	1043	28
768	5	1356	30
769	5	365	24
769	5	678	27
769	5	730	29
770	5	365	24
770	5	1565	28
770	5	1878	30
771	5	365	24
771	5	834	27
771	5	1043	28
771	5	1356	30
772	5	365	24
772	5	678	27
772	5	782	30
773	5	365	24
773	5	1095	28
773	5	1408	30
774	5	365	24
774	5	574	29
775	5	365	24
775	5	574	29
776	5	365	24
776	5	521	29
776	5	1565	28
777	5	365	24
777	5	1774	28
777	5	2087	30
778	5	365	24
778	5	626	29
779	5	365	24
779	5	782	27
779	5	1043	28
779	5	1356	30
780	5	365	24
780	5	626	29
781	5	365	24
781	5	574	29
781	5	1826	28
782	5	365	24
782	5	574	29
783	5	365	24
783	5	1043	28
783	5	1356	30
784	5	365	24
784	5	521	29
784	5	2087	28
785	5	365	24
785	5	678	29
786	5	365	24
786	5	678	27
786	5	782	30
787	5	365	24
787	5	1043	28
787	5	1356	30
788	5	365	24
788	5	521	29
789	5	365	24
789	5	678	27
789	5	939	28
789	5	1252	30
790	5	365	24
790	5	678	27
790	5	834	30
791	5	365	24
791	5	991	28
791	5	1304	30
792	5	365	24
792	5	678	27
792	5	782	30
793	5	365	24
793	5	521	29
793	5	1878	28
794	5	365	24
794	5	574	29
795	5	365	24
795	5	678	27
795	5	939	28
795	5	1252	30
796	5	365	24
796	5	1043	28
796	5	1356	30
797	5	365	24
797	5	626	29
798	5	365	24
798	5	678	27
798	5	782	30
799	5	365	24
799	5	1930	28
799	5	2243	30
800	5	365	24
800	5	991	28
800	5	1304	30
801	5	365	24
801	5	1043	28
801	5	1356	30
802	5	365	24
802	5	574	29
803	5	365	24
803	5	626	29
803	5	1878	28
804	5	365	24
804	5	574	30
805	5	365	24
805	5	1878	28
805	5	2191	30
806	5	365	24
806	5	1043	28
806	5	1356	30
807	5	365	24
807	5	678	29
807	5	1722	28
807	5	1878	30
808	5	365	24
808	5	1774	28
808	5	2087	30
809	5	365	24
809	5	1200	28
809	5	1513	30
810	5	365	24
810	5	574	29
811	5	365	24
811	5	574	29
812	5	365	24
812	5	574	30
812	5	1982	28
813	5	365	24
813	5	678	27
813	5	887	30
814	5	365	24
814	5	626	29
815	5	365	24
815	5	469	29
816	5	365	24
816	5	678	27
816	5	939	28
816	5	1252	30
817	5	365	24
817	5	1826	28
817	5	2139	30
818	5	365	24
818	5	626	29
818	5	2087	28
819	5	365	24
819	5	1043	28
819	5	1356	30
820	5	365	24
820	5	678	30
821	5	365	24
821	5	678	29
822	5	365	24
822	5	574	29
823	5	365	24
823	5	678	29
823	5	2035	28
824	5	365	24
824	5	678	27
824	5	939	28
824	5	1252	30
825	5	365	24
825	5	678	27
825	5	939	28
825	5	1252	30
826	5	365	24
826	5	678	27
826	5	939	28
826	5	1252	30
827	5	365	24
827	5	678	27
827	5	730	30
828	5	365	24
828	5	991	28
828	5	1304	30
829	5	365	24
829	5	1774	28
829	5	2087	30
830	5	365	24
830	5	678	27
830	5	939	28
830	5	1252	30
831	5	365	24
831	5	521	29
831	5	1513	28
831	5	2035	30
832	5	365	24
832	5	678	29
832	5	1982	28
832	5	2191	30
833	5	365	24
833	5	626	29
834	5	365	24
834	5	678	29
834	5	2139	28
835	5	365	24
835	5	678	27
835	5	730	30
836	5	365	24
836	5	1826	28
836	5	2139	30
837	5	365	24
837	5	678	27
837	5	939	28
837	5	1252	30
838	5	365	24
838	5	469	29
838	5	1774	28
839	5	365	24
839	5	1043	28
839	5	1356	30
840	5	365	24
840	5	469	29
840	5	1095	30
841	5	365	24
841	5	678	30
842	5	365	24
842	5	626	30
842	5	2295	28
843	5	365	24
843	5	626	29
843	5	1826	30
843	5	2087	28
844	5	365	24
844	5	678	27
844	5	939	28
844	5	1252	30
845	5	365	24
845	5	991	28
845	5	1304	30
846	5	365	24
846	5	1095	28
846	5	1408	30
847	5	365	24
847	5	991	28
847	5	1304	30
848	5	365	24
848	5	521	29
848	5	1513	28
849	5	365	24
849	5	678	27
849	5	939	28
849	5	1252	30
850	5	365	24
850	5	574	29
850	5	1356	28
851	5	365	24
851	5	1826	28
851	5	2139	30
852	5	365	24
852	5	678	27
852	5	782	29
853	5	365	24
853	5	991	28
853	5	1304	30
854	5	365	24
854	5	678	27
854	5	939	28
854	5	1252	30
855	5	365	24
855	5	574	30
856	5	365	24
856	5	678	27
856	5	730	29
857	5	365	24
857	5	991	28
857	5	1304	30
858	5	365	24
858	5	678	27
858	5	834	30
859	5	365	24
859	5	678	27
859	5	887	30
860	5	365	24
860	5	1095	28
860	5	1408	30
861	5	365	24
861	5	678	29
862	5	365	24
862	5	1095	28
862	5	1408	30
863	5	365	24
863	5	521	29
863	5	1565	28
864	5	365	24
864	5	521	29
864	5	1408	28
864	5	2139	30
865	5	365	24
865	5	521	29
866	5	365	24
866	5	626	29
867	5	365	24
867	5	574	29
868	5	365	24
868	5	521	29
868	5	2191	28
869	5	365	24
869	5	678	27
869	5	939	28
869	5	1252	30
870	5	365	24
870	5	782	27
870	5	1043	28
870	5	1356	30
871	5	365	24
871	5	782	27
871	5	1043	28
871	5	1356	30
872	5	365	24
872	5	2295	28
873	5	365	24
873	5	574	29
874	5	365	24
874	5	782	30
875	5	365	24
875	5	574	30
876	5	365	24
876	5	626	29
877	5	365	24
877	5	574	29
877	5	1722	28
877	5	1878	30
878	5	365	24
878	5	991	28
878	5	1304	30
879	5	365	24
879	5	626	29
880	5	365	24
880	5	678	29
881	5	365	24
881	5	678	27
881	5	730	30
882	5	365	24
882	5	1043	28
882	5	1356	30
883	5	365	24
883	5	1095	28
883	5	1408	30
884	5	365	24
884	5	626	29
885	5	365	24
885	5	678	29
886	5	365	24
886	5	678	27
886	5	730	29
887	5	365	24
887	5	574	29
888	5	365	24
888	5	678	27
888	5	939	30
889	5	365	24
889	5	1043	28
889	5	1356	30
890	5	365	24
890	5	1043	28
890	5	1356	30
891	5	365	24
891	5	626	29
892	5	365	24
892	5	1095	28
892	5	1408	30
893	5	365	24
893	5	574	29
894	5	365	24
894	5	678	29
895	5	365	24
895	5	574	30
896	5	365	24
896	5	678	29
897	5	365	24
897	5	626	30
898	5	365	24
898	5	521	29
898	5	1461	28
899	5	365	24
899	5	574	29
899	5	1565	28
900	5	365	24
900	5	678	27
900	5	939	28
900	5	1252	30
901	5	365	24
901	5	626	29
902	5	365	24
902	5	678	27
902	5	939	30
903	5	365	24
903	5	469	29
903	5	1722	28
904	5	365	24
905	5	365	24
905	5	678	27
905	5	939	28
905	5	1252	30
906	5	365	24
906	5	574	29
907	5	365	24
907	5	1513	28
907	5	1826	30
908	5	365	24
908	5	626	29
909	5	365	24
909	5	1513	28
909	5	1826	30
910	5	365	24
910	5	834	27
910	5	1095	28
910	5	1408	30
911	5	365	24
911	5	626	29
912	5	365	24
912	5	521	29
913	5	365	24
913	5	1043	28
913	5	1356	30
914	5	365	24
914	5	678	27
914	5	730	29
915	5	365	24
915	5	991	28
915	5	1304	30
916	5	365	24
916	5	574	29
916	5	1513	28
917	5	365	24
917	5	626	29
918	5	365	24
918	5	991	28
918	5	1304	30
919	5	365	24
919	5	887	27
919	5	1148	28
919	5	1461	30
920	5	365	24
920	5	678	29
921	5	365	24
921	5	678	30
922	5	365	24
922	5	678	30
923	5	365	24
923	5	991	28
923	5	1304	30
924	5	365	24
924	5	574	30
924	5	1669	28
925	5	365	24
925	5	678	29
926	5	365	24
926	5	574	29
926	5	1774	28
927	5	365	24
927	5	678	27
927	5	782	30
928	5	365	24
929	5	365	24
929	5	626	29
929	5	2087	28
930	5	365	24
930	5	678	27
930	5	939	30
931	5	365	24
931	5	574	29
931	5	1722	28
932	5	365	24
932	5	678	27
932	5	782	30
933	5	365	24
933	5	1043	28
933	5	1356	30
934	5	365	24
934	5	678	27
934	5	939	28
934	5	1252	30
935	5	365	24
935	5	626	30
936	5	365	24
936	5	678	27
936	5	730	30
937	5	365	24
937	5	678	27
937	5	939	28
937	5	1252	30
938	5	365	24
938	5	678	27
938	5	939	28
938	5	1252	30
939	5	365	24
939	5	678	29
940	5	365	24
940	5	521	29
940	5	1669	28
941	5	365	24
941	5	521	29
941	5	1617	28
942	5	365	24
942	5	521	29
942	5	1461	28
943	5	365	24
943	5	521	29
944	5	365	24
944	5	678	27
944	5	782	30
945	5	365	24
945	5	1043	28
945	5	1356	30
946	5	365	24
946	5	574	30
947	5	365	24
947	5	626	29
947	5	1774	28
947	5	1826	30
948	5	365	24
948	5	626	29
949	5	365	24
949	5	469	29
949	5	1148	30
950	5	365	24
950	5	678	29
951	5	365	24
951	5	1095	28
951	5	1408	30
952	5	365	24
952	5	1356	28
952	5	1669	30
953	5	365	24
953	5	678	29
954	5	365	24
954	5	521	29
954	5	1826	28
955	5	365	24
955	5	678	27
955	5	939	28
955	5	1252	30
956	5	365	24
956	5	574	29
957	5	365	24
957	5	834	30
958	5	365	24
958	5	678	27
958	5	939	28
958	5	1252	30
959	5	365	24
959	5	1408	28
959	5	1722	30
960	5	365	24
960	5	678	29
961	5	365	24
961	5	626	29
961	5	2139	28
962	5	365	24
962	5	1774	28
962	5	2087	30
963	5	365	24
963	5	626	29
963	5	2295	28
964	5	365	24
964	5	521	29
964	5	1461	28
965	5	365	24
965	5	678	27
965	5	730	29
966	5	365	24
966	5	574	29
966	5	1930	28
967	5	365	24
967	5	678	27
967	5	782	30
968	5	365	24
968	5	521	29
968	5	2295	28
969	5	365	24
969	5	678	30
970	5	365	24
970	5	2035	28
971	5	365	24
971	5	574	29
971	5	1878	28
972	5	365	24
972	5	574	29
972	5	1826	30
972	5	2243	28
973	5	365	24
973	5	678	30
974	5	365	24
974	5	626	30
975	5	365	24
975	5	991	28
975	5	1304	30
976	5	365	24
976	5	678	30
976	5	2191	28
977	5	365	24
977	5	1148	28
977	5	1461	30
978	5	365	24
978	5	626	30
979	5	365	24
979	5	1043	28
979	5	1356	30
980	5	365	24
980	5	991	28
980	5	1304	30
981	5	365	24
981	5	678	27
981	5	887	30
982	5	365	24
982	5	521	29
983	5	365	24
983	5	574	29
984	5	365	24
984	5	678	27
984	5	939	28
984	5	1252	30
985	5	365	24
985	5	834	27
985	5	991	28
985	5	1304	30
986	5	365	24
986	5	1878	28
986	5	2191	30
987	5	365	24
987	5	678	27
987	5	939	28
987	5	1252	30
988	5	365	24
988	5	626	29
989	5	365	24
989	5	574	29
990	5	365	24
990	5	1095	28
990	5	1408	30
991	5	365	24
991	5	678	27
991	5	939	28
991	5	1252	30
992	5	365	24
992	5	1148	28
992	5	1461	30
993	5	365	24
993	5	678	27
993	5	939	30
994	5	365	24
994	5	1565	28
994	5	1878	30
995	5	365	24
995	5	574	29
996	5	365	24
996	5	887	27
996	5	1095	28
996	5	1408	30
997	5	365	24
997	5	1878	28
997	5	2191	30
998	5	365	24
998	5	678	30
998	5	1878	28
999	5	365	24
999	5	1043	28
999	5	1356	30
