Realization	utility	week	infra.
0	0	626	29
1	0	626	29
2	0	678	30
3	0	1408	30
4	0	782	30
5	0	678	30
6	0	678	30
7	0	887	30
8	0	834	30
9	0	2243	30
10	0	521	29
12	0	1356	30
13	0	1252	30
14	0	469	29
15	0	521	29
16	0	574	29
17	0	574	29
18	0	678	30
19	0	2087	30
20	0	678	30
21	0	574	30
22	0	782	30
23	0	574	29
24	0	469	29
25	0	1774	30
26	0	678	30
27	0	626	30
28	0	678	30
29	0	730	30
30	0	1461	30
31	0	626	29
32	0	1356	30
33	0	678	30
34	0	678	30
35	0	574	29
36	0	626	29
37	0	678	29
38	0	626	29
39	0	626	29
40	0	574	29
40	0	1930	30
41	0	939	30
42	0	939	30
43	0	678	30
44	0	1774	30
45	0	730	29
46	0	626	30
47	0	1356	30
48	0	2243	30
49	0	678	30
50	0	1722	30
51	0	1878	30
52	0	887	30
53	0	678	30
55	0	678	29
56	0	1356	30
57	0	469	29
57	0	1930	30
58	0	678	30
59	0	521	29
60	0	1304	30
61	0	626	29
62	0	574	29
63	0	417	29
64	0	2139	30
65	0	678	30
66	0	1513	30
67	0	887	30
68	0	1617	30
69	0	782	30
70	0	678	30
71	0	1356	30
73	0	1826	30
74	0	782	30
75	0	626	29
76	0	1565	30
77	0	1617	30
78	0	1513	30
79	0	887	30
80	0	626	29
81	0	678	30
82	0	834	30
83	0	1252	30
84	0	626	29
85	0	1878	30
86	0	1252	30
87	0	574	30
88	0	834	30
89	0	730	30
90	0	1513	30
91	0	626	29
92	0	678	30
93	0	1513	30
94	0	2087	30
95	0	834	30
96	0	939	30
97	0	1356	30
98	0	1826	30
99	0	1252	30
100	0	1513	30
101	0	678	30
102	0	678	30
103	0	782	30
104	0	678	30
106	0	678	30
107	0	574	29
107	0	2295	30
108	0	574	29
109	0	1461	30
110	0	574	29
111	0	782	30
112	0	678	30
113	0	521	29
114	0	782	30
115	0	1617	30
116	0	1617	30
117	0	1565	30
118	0	1408	30
119	0	1408	30
120	0	782	30
121	0	1461	30
122	0	626	29
122	0	2191	30
123	0	2139	30
124	0	626	29
125	0	678	30
126	0	469	29
127	0	626	29
128	0	521	29
129	0	1304	30
130	0	469	29
131	0	782	30
132	0	574	29
133	0	678	30
134	0	1252	30
135	0	521	29
136	0	521	29
136	0	1148	30
137	0	678	30
138	0	574	29
138	0	2087	30
139	0	626	29
139	0	1982	30
140	0	1982	30
141	0	521	29
141	0	1930	30
142	0	782	30
143	0	1461	30
145	0	1408	30
146	0	574	29
147	0	834	30
148	0	1513	30
149	0	626	29
149	0	2191	30
150	0	678	30
151	0	782	30
152	0	678	30
153	0	678	30
154	0	574	29
155	0	521	29
156	0	521	29
158	0	678	30
159	0	574	29
159	0	2139	30
160	0	678	30
161	0	1774	30
162	0	1252	30
163	0	1304	30
164	0	469	29
165	0	678	30
166	0	2035	30
167	0	1408	30
169	0	626	29
170	0	574	29
171	0	834	30
172	0	1304	30
173	0	1513	30
174	0	730	30
175	0	678	30
176	0	521	29
177	0	1878	30
178	0	2243	30
179	0	574	29
180	0	2191	30
181	0	521	29
182	0	678	30
183	0	626	30
184	0	1304	30
185	0	782	30
187	0	678	30
188	0	1304	30
189	0	939	30
190	0	1304	30
191	0	626	29
192	0	834	30
193	0	678	30
194	0	678	30
196	0	521	29
196	0	1095	30
198	0	782	30
199	0	521	29
200	0	1356	30
201	0	2035	30
202	0	887	30
203	0	730	30
204	0	574	29
205	0	1461	30
206	0	521	29
206	0	1148	30
207	0	626	29
208	0	521	29
210	0	678	30
211	0	1722	30
212	0	782	30
213	0	1774	30
214	0	730	30
215	0	1408	30
216	0	887	30
217	0	1408	30
218	0	887	30
220	0	1617	30
221	0	678	30
222	0	2087	30
223	0	730	30
224	0	782	30
225	0	574	29
225	0	1930	30
226	0	469	29
227	0	626	29
228	0	521	29
229	0	678	30
230	0	469	29
231	0	469	29
232	0	574	29
233	0	1252	30
235	0	1722	30
236	0	887	30
237	0	782	30
239	0	1408	30
240	0	574	29
240	0	2295	30
241	0	678	30
242	0	782	30
243	0	521	29
243	0	1930	30
244	0	469	29
245	0	1356	30
246	0	2243	30
248	0	521	29
249	0	574	29
250	0	521	29
250	0	2087	30
251	0	678	30
252	0	1565	30
253	0	782	30
255	0	887	30
256	0	678	30
257	0	1356	30
258	0	626	29
259	0	521	29
260	0	678	30
262	0	834	30
263	0	730	30
264	0	678	29
265	0	626	29
266	0	574	29
267	0	521	29
268	0	939	30
269	0	626	29
270	0	939	30
271	0	678	30
272	0	626	30
274	0	1408	30
275	0	1826	30
277	0	939	30
278	0	1669	30
279	0	1408	30
280	0	678	30
282	0	1774	30
283	0	1408	30
284	0	574	29
284	0	1148	30
285	0	1356	30
286	0	521	29
286	0	2139	30
287	0	1408	30
288	0	626	29
289	0	1252	30
291	0	834	30
292	0	1669	30
293	0	521	29
293	0	1878	30
294	0	574	29
295	0	1304	30
296	0	521	29
297	0	1565	30
298	0	782	30
299	0	574	29
300	0	1252	30
301	0	521	29
302	0	626	29
303	0	469	29
303	0	1878	30
304	0	521	29
306	0	626	30
307	0	678	30
308	0	678	30
309	0	521	29
309	0	1878	30
310	0	678	29
310	0	2087	30
311	0	782	30
312	0	1252	30
313	0	887	30
314	0	1461	30
315	0	678	30
316	0	2243	30
317	0	1461	30
318	0	1669	30
319	0	1982	30
320	0	1252	30
321	0	626	29
322	0	574	30
323	0	2035	30
324	0	1513	30
325	0	1461	30
326	0	574	29
327	0	1356	30
328	0	730	30
329	0	1617	30
330	0	678	30
331	0	626	29
332	0	782	30
333	0	574	29
334	0	1461	30
335	0	574	29
336	0	626	29
337	0	834	30
338	0	939	30
339	0	626	29
340	0	1356	30
341	0	1408	30
342	0	521	29
342	0	1930	30
343	0	574	29
344	0	2191	30
345	0	678	30
346	0	678	30
347	0	730	29
348	0	626	29
349	0	574	29
350	0	2243	30
351	0	574	29
352	0	678	30
353	0	574	29
354	0	469	29
354	0	1148	30
355	0	626	29
356	0	730	30
357	0	730	30
358	0	939	30
360	0	678	30
361	0	730	30
362	0	2191	30
364	0	574	29
365	0	1826	30
366	0	678	30
367	0	521	29
368	0	574	29
368	0	1826	30
369	0	574	29
370	0	782	30
371	0	521	29
372	0	1252	30
373	0	834	30
374	0	1669	30
375	0	1461	30
376	0	834	30
377	0	1461	30
378	0	1304	30
379	0	730	29
380	0	782	30
381	0	678	30
382	0	626	29
383	0	1513	30
384	0	626	29
385	0	678	30
386	0	678	30
387	0	678	30
388	0	2295	30
389	0	574	29
390	0	574	29
391	0	678	30
392	0	887	30
393	0	521	29
394	0	782	30
395	0	939	30
396	0	574	29
396	0	1148	30
397	0	1408	30
398	0	678	30
399	0	521	29
400	0	730	30
402	0	782	30
403	0	2191	30
404	0	1252	30
405	0	1304	30
406	0	574	29
407	0	1356	30
409	0	1252	30
410	0	887	30
411	0	469	29
411	0	1878	30
412	0	626	29
412	0	1826	30
413	0	574	29
413	0	1826	30
414	0	678	30
415	0	678	29
416	0	1617	30
417	0	678	30
418	0	574	29
419	0	469	29
420	0	782	30
421	0	2191	30
422	0	834	30
423	0	1252	30
424	0	521	29
424	0	1982	30
425	0	782	30
426	0	1304	30
427	0	2243	30
428	0	678	30
429	0	678	30
430	0	574	29
431	0	521	29
432	0	678	29
433	0	887	30
434	0	626	29
434	0	2087	30
435	0	469	29
436	0	626	29
436	0	1982	30
437	0	521	29
438	0	678	30
439	0	887	30
440	0	678	30
441	0	1982	30
442	0	730	30
443	0	678	30
444	0	1774	30
445	0	574	29
446	0	939	30
447	0	1722	30
448	0	939	30
449	0	2243	30
451	0	678	30
452	0	678	30
453	0	521	29
453	0	1878	30
454	0	1513	30
455	0	1095	30
456	0	1513	30
457	0	678	30
458	0	1826	30
459	0	834	30
460	0	574	29
461	0	521	29
462	0	678	30
463	0	678	30
464	0	834	30
465	0	574	29
466	0	574	29
467	0	521	29
468	0	574	29
469	0	521	29
469	0	2191	30
470	0	1669	30
471	0	1304	30
472	0	521	29
473	0	678	30
474	0	521	29
475	0	887	30
476	0	1513	30
477	0	887	30
478	0	887	30
480	0	678	30
481	0	678	30
482	0	834	30
483	0	1878	30
484	0	2243	30
485	0	1356	30
486	0	1461	30
487	0	574	29
488	0	1461	30
489	0	574	29
489	0	1878	30
490	0	730	30
491	0	730	29
492	0	939	30
493	0	678	30
494	0	678	30
495	0	730	30
496	0	678	30
497	0	469	29
498	0	782	30
499	0	678	30
500	0	521	29
500	0	1826	30
501	0	1461	30
502	0	939	30
503	0	574	29
503	0	1826	30
505	0	1513	30
506	0	1304	30
507	0	1826	30
508	0	626	29
508	0	2035	30
510	0	1930	30
512	0	834	30
513	0	887	30
514	0	626	29
515	0	574	29
516	0	1513	30
517	0	1461	30
518	0	939	30
519	0	678	30
520	0	574	29
521	0	574	29
522	0	939	30
523	0	574	29
524	0	2295	30
525	0	678	30
526	0	2139	30
527	0	521	29
528	0	574	29
529	0	626	29
529	0	1826	30
530	0	1461	30
531	0	1304	30
532	0	834	30
533	0	2243	30
534	0	626	29
534	0	2035	30
535	0	1774	30
536	0	1513	30
537	0	678	30
538	0	521	29
539	0	574	29
540	0	2191	30
541	0	626	30
542	0	887	30
543	0	1356	30
544	0	678	30
545	0	782	30
546	0	1408	30
547	0	678	29
547	0	2243	30
548	0	1513	30
549	0	1513	30
550	0	469	29
550	0	1826	30
551	0	574	30
552	0	1513	30
553	0	678	30
554	0	521	29
555	0	521	29
555	0	1826	30
556	0	730	30
557	0	1826	30
558	0	574	30
559	0	939	30
560	0	1513	30
561	0	730	30
562	0	939	30
563	0	678	30
564	0	1513	30
565	0	574	29
565	0	1982	30
566	0	678	30
567	0	678	30
568	0	521	29
569	0	887	30
570	0	1252	30
571	0	521	29
572	0	1617	30
573	0	2295	30
574	0	834	30
575	0	521	29
575	0	1826	30
576	0	1356	30
577	0	626	29
578	0	1252	30
579	0	730	30
580	0	2191	30
581	0	1304	30
582	0	939	30
583	0	626	29
583	0	1826	30
584	0	521	29
585	0	574	29
585	0	1148	30
586	0	678	30
587	0	469	29
587	0	1878	30
588	0	730	30
589	0	678	30
590	0	678	29
591	0	1669	30
593	0	678	30
594	0	678	30
595	0	574	29
595	0	1982	30
596	0	678	30
597	0	678	29
598	0	521	29
599	0	574	29
600	0	1774	30
601	0	678	29
602	0	1408	30
603	0	678	30
604	0	730	30
605	0	1304	30
606	0	782	30
607	0	521	29
608	0	678	30
610	0	2191	30
611	0	678	30
612	0	1356	30
613	0	1461	30
614	0	1408	30
615	0	834	30
616	0	1252	30
617	0	2191	30
618	0	2243	30
619	0	887	30
620	0	574	29
621	0	887	30
622	0	574	30
623	0	1304	30
624	0	678	30
625	0	1304	30
626	0	678	30
627	0	678	30
628	0	678	30
629	0	834	30
630	0	782	30
631	0	678	30
632	0	574	29
633	0	1722	30
634	0	1408	30
635	0	1565	30
637	0	1252	30
638	0	2087	30
639	0	574	30
640	0	730	30
641	0	626	30
642	0	1408	30
644	0	678	29
645	0	834	30
646	0	626	29
647	0	1669	30
648	0	939	30
649	0	574	29
650	0	1669	30
651	0	626	29
652	0	678	30
653	0	782	30
654	0	782	30
655	0	678	30
656	0	678	30
657	0	678	30
658	0	678	29
658	0	2087	30
659	0	1356	30
660	0	782	30
661	0	626	29
662	0	678	30
663	0	939	30
664	0	626	29
664	0	2139	30
665	0	626	29
666	0	626	29
667	0	678	30
668	0	834	30
669	0	1252	30
670	0	782	30
671	0	1408	30
672	0	991	30
673	0	678	30
674	0	939	30
675	0	1304	30
676	0	574	29
676	0	2087	30
677	0	782	30
678	0	574	29
679	0	1408	30
680	0	1252	30
681	0	887	30
682	0	521	29
683	0	1408	30
684	0	1252	30
685	0	678	30
686	0	574	29
687	0	1565	30
688	0	1408	30
689	0	1408	30
690	0	678	30
691	0	574	29
691	0	2191	30
692	0	678	30
693	0	678	30
694	0	887	30
695	0	521	29
696	0	834	30
697	0	521	29
698	0	1669	30
699	0	678	30
700	0	678	30
701	0	834	30
702	0	678	30
703	0	469	29
704	0	2191	30
705	0	887	30
706	0	521	29
707	0	730	30
708	0	1356	30
709	0	678	30
710	0	678	30
711	0	1304	30
712	0	730	30
713	0	2035	30
714	0	626	29
715	0	939	30
716	0	574	29
717	0	1304	30
718	0	626	30
719	0	834	30
720	0	1930	30
721	0	939	30
722	0	469	29
722	0	1826	30
723	0	678	30
724	0	678	30
725	0	678	30
726	0	678	30
727	0	1408	30
728	0	2087	30
729	0	678	29
730	0	939	30
731	0	521	29
732	0	678	29
733	0	574	29
734	0	469	29
735	0	2191	30
736	0	1252	30
737	0	626	29
738	0	626	29
738	0	2191	30
739	0	1356	30
741	0	678	30
742	0	626	29
742	0	2035	30
743	0	521	29
744	0	1408	30
745	0	939	30
746	0	1513	30
747	0	730	29
748	0	2243	30
749	0	1461	30
750	0	626	29
751	0	1356	30
752	0	834	30
753	0	521	29
753	0	2139	30
754	0	574	29
755	0	574	29
756	0	574	29
756	0	1982	30
757	0	1722	30
758	0	574	29
759	0	1513	30
760	0	678	30
761	0	678	30
762	0	678	30
763	0	1408	30
764	0	887	30
765	0	469	29
766	0	626	29
767	0	1356	30
768	0	1617	30
769	0	1252	30
770	0	2191	30
771	0	1356	30
772	0	782	30
773	0	1617	30
774	0	521	29
775	0	1408	30
776	0	469	29
776	0	2191	30
777	0	2243	30
778	0	678	29
779	0	2191	30
780	0	887	30
781	0	521	29
782	0	678	30
783	0	1617	30
784	0	626	30
785	0	782	30
786	0	730	30
787	0	1513	30
788	0	678	30
789	0	1304	30
790	0	782	30
791	0	1513	30
792	0	782	30
793	0	626	30
794	0	521	29
795	0	1722	30
796	0	1513	30
797	0	574	29
798	0	887	30
800	0	1200	30
801	0	1513	30
802	0	678	30
803	0	574	29
804	0	678	30
806	0	1565	30
807	0	626	29
807	0	1826	30
808	0	2243	30
809	0	1930	30
810	0	521	29
811	0	521	29
812	0	574	30
813	0	887	30
814	0	939	30
815	0	469	29
816	0	1304	30
817	0	2295	30
818	0	678	30
819	0	1617	30
820	0	678	30
821	0	1408	30
822	0	521	29
823	0	626	29
823	0	1930	30
824	0	1304	30
825	0	939	30
826	0	834	30
827	0	730	30
828	0	1252	30
829	0	2243	30
830	0	1304	30
831	0	521	29
831	0	2087	30
832	0	678	29
832	0	1982	30
833	0	1408	30
834	0	626	29
834	0	2139	30
835	0	678	30
836	0	1982	30
837	0	1408	30
838	0	574	30
839	0	1565	30
840	0	469	29
840	0	1043	30
841	0	678	30
842	0	730	30
843	0	574	29
843	0	1878	30
844	0	1408	30
845	0	1461	30
846	0	1617	30
847	0	1408	30
848	0	469	29
849	0	2139	30
850	0	521	29
850	0	1982	30
852	0	834	30
853	0	1565	30
854	0	1304	30
855	0	626	30
856	0	678	29
857	0	1513	30
858	0	887	30
859	0	939	30
860	0	1461	30
861	0	626	29
862	0	1669	30
863	0	469	29
864	0	521	29
864	0	2035	30
865	0	626	30
866	0	574	29
867	0	678	30
868	0	678	30
869	0	939	30
870	0	1356	30
871	0	1356	30
873	0	521	29
873	0	1982	30
875	0	678	30
876	0	678	30
877	0	521	29
877	0	1878	30
878	0	1408	30
879	0	730	30
880	0	626	29
881	0	834	30
882	0	1461	30
883	0	1878	30
884	0	626	29
885	0	678	29
885	0	1930	30
886	0	834	30
887	0	782	30
888	0	939	30
889	0	1513	30
890	0	1252	30
891	0	574	29
892	0	1669	30
893	0	678	30
894	0	782	30
895	0	678	30
896	0	626	29
897	0	626	30
898	0	469	29
899	0	574	29
900	0	834	30
901	0	574	29
902	0	1304	30
903	0	574	30
905	0	1356	30
906	0	521	29
907	0	2191	30
908	0	626	29
909	0	2139	30
910	0	1356	30
911	0	782	30
912	0	678	30
913	0	1513	30
914	0	939	30
915	0	1200	30
916	0	574	29
917	0	678	30
918	0	1408	30
919	0	1461	30
920	0	939	30
921	0	678	30
922	0	678	30
923	0	1408	30
924	0	678	30
925	0	626	29
926	0	678	30
927	0	782	30
929	0	574	29
931	0	574	29
931	0	1930	30
932	0	1356	30
933	0	1461	30
934	0	1252	30
935	0	678	30
936	0	678	30
937	0	782	30
938	0	939	30
939	0	1408	30
940	0	469	29
941	0	469	29
941	0	2139	30
942	0	469	29
942	0	2139	30
943	0	678	30
944	0	678	30
945	0	1617	30
946	0	678	30
947	0	678	29
947	0	1878	30
948	0	574	29
949	0	469	29
949	0	1148	30
950	0	626	29
952	0	2191	30
953	0	626	29
954	0	469	29
956	0	678	30
957	0	1565	30
958	0	1252	30
960	0	834	30
961	0	887	30
962	0	2243	30
963	0	730	30
964	0	678	30
965	0	834	30
966	0	521	29
967	0	1461	30
968	0	678	30
969	0	678	30
971	0	574	29
972	0	521	29
972	0	1148	30
973	0	678	30
974	0	626	30
975	0	1461	30
976	0	678	30
977	0	1982	30
978	0	678	30
979	0	1513	30
980	0	1930	30
981	0	834	30
982	0	678	30
983	0	521	29
984	0	1252	30
985	0	1356	30
986	0	2191	30
987	0	1356	30
988	0	678	30
989	0	521	29
990	0	1565	30
992	0	1930	30
993	0	782	30
994	0	2191	30
995	0	574	29
996	0	1408	30
998	0	678	30
999	0	1565	30
0	1	626	29
1	1	626	29
2	1	678	30
3	1	1408	30
4	1	782	30
5	1	678	30
6	1	678	30
7	1	887	30
8	1	834	30
9	1	2243	30
10	1	521	29
12	1	1356	30
13	1	1252	30
14	1	469	29
15	1	521	29
16	1	574	29
17	1	574	29
18	1	678	30
19	1	2087	30
20	1	678	30
21	1	574	30
22	1	782	30
23	1	574	29
24	1	469	29
25	1	1774	30
26	1	678	30
27	1	626	30
28	1	678	30
29	1	730	30
30	1	1461	30
31	1	626	29
32	1	1356	30
33	1	678	30
34	1	678	30
35	1	574	29
36	1	626	29
37	1	678	29
38	1	626	29
39	1	626	29
40	1	574	29
40	1	1930	30
41	1	939	30
42	1	939	30
43	1	678	30
44	1	1774	30
45	1	730	29
46	1	626	30
47	1	1356	30
48	1	2243	30
49	1	678	30
50	1	1722	30
51	1	1878	30
52	1	887	30
53	1	678	30
55	1	678	29
56	1	1356	30
57	1	469	29
57	1	1930	30
58	1	678	30
59	1	521	29
60	1	1304	30
61	1	626	29
62	1	574	29
63	1	417	29
64	1	2139	30
65	1	678	30
66	1	1513	30
67	1	887	30
68	1	1617	30
69	1	782	30
70	1	678	30
71	1	1356	30
73	1	1826	30
74	1	782	30
75	1	626	29
76	1	1565	30
77	1	1617	30
78	1	1513	30
79	1	887	30
80	1	626	29
81	1	678	30
82	1	834	30
83	1	1252	30
84	1	626	29
85	1	1878	30
86	1	1252	30
87	1	574	30
88	1	834	30
89	1	730	30
90	1	1513	30
91	1	626	29
92	1	678	30
93	1	1513	30
94	1	2087	30
95	1	834	30
96	1	939	30
97	1	1356	30
98	1	1826	30
99	1	1252	30
100	1	1513	30
101	1	678	30
102	1	678	30
103	1	782	30
104	1	678	30
106	1	678	30
107	1	574	29
107	1	2295	30
108	1	574	29
109	1	1461	30
110	1	574	29
111	1	782	30
112	1	678	30
113	1	521	29
114	1	782	30
115	1	1617	30
116	1	1617	30
117	1	1565	30
118	1	1408	30
119	1	1408	30
120	1	782	30
121	1	1461	30
122	1	626	29
122	1	2191	30
123	1	2139	30
124	1	626	29
125	1	678	30
126	1	469	29
127	1	626	29
128	1	521	29
129	1	1304	30
130	1	469	29
131	1	782	30
132	1	574	29
133	1	678	30
134	1	1252	30
135	1	521	29
136	1	521	29
136	1	1148	30
137	1	678	30
138	1	574	29
138	1	2087	30
139	1	626	29
139	1	1982	30
140	1	1982	30
141	1	521	29
141	1	1930	30
142	1	782	30
143	1	1461	30
145	1	1408	30
146	1	574	29
147	1	834	30
148	1	1513	30
149	1	626	29
149	1	2191	30
150	1	678	30
151	1	782	30
152	1	678	30
153	1	678	30
154	1	574	29
155	1	521	29
156	1	521	29
158	1	678	30
159	1	574	29
159	1	2139	30
160	1	678	30
161	1	1774	30
162	1	1252	30
163	1	1304	30
164	1	469	29
165	1	678	30
166	1	2035	30
167	1	1408	30
169	1	626	29
170	1	574	29
171	1	834	30
172	1	1304	30
173	1	1513	30
174	1	730	30
175	1	678	30
176	1	521	29
177	1	1878	30
178	1	2243	30
179	1	574	29
180	1	2191	30
181	1	521	29
182	1	678	30
183	1	626	30
184	1	1304	30
185	1	782	30
187	1	678	30
188	1	1304	30
189	1	939	30
190	1	1304	30
191	1	626	29
192	1	834	30
193	1	678	30
194	1	678	30
196	1	521	29
196	1	1095	30
198	1	782	30
199	1	521	29
200	1	1356	30
201	1	2035	30
202	1	887	30
203	1	730	30
204	1	574	29
205	1	1461	30
206	1	521	29
206	1	1148	30
207	1	626	29
208	1	521	29
210	1	678	30
211	1	1722	30
212	1	782	30
213	1	1774	30
214	1	730	30
215	1	1408	30
216	1	887	30
217	1	1408	30
218	1	887	30
220	1	1617	30
221	1	678	30
222	1	2087	30
223	1	730	30
224	1	782	30
225	1	574	29
225	1	1930	30
226	1	469	29
227	1	626	29
228	1	521	29
229	1	678	30
230	1	469	29
231	1	469	29
232	1	574	29
233	1	1252	30
235	1	1722	30
236	1	887	30
237	1	782	30
239	1	1408	30
240	1	574	29
240	1	2295	30
241	1	678	30
242	1	782	30
243	1	521	29
243	1	1930	30
244	1	469	29
245	1	1356	30
246	1	2243	30
248	1	521	29
249	1	574	29
250	1	521	29
250	1	2087	30
251	1	678	30
252	1	1565	30
253	1	782	30
255	1	887	30
256	1	678	30
257	1	1356	30
258	1	626	29
259	1	521	29
260	1	678	30
262	1	834	30
263	1	730	30
264	1	678	29
265	1	626	29
266	1	574	29
267	1	521	29
268	1	939	30
269	1	626	29
270	1	939	30
271	1	678	30
272	1	626	30
274	1	1408	30
275	1	1826	30
277	1	939	30
278	1	1669	30
279	1	1408	30
280	1	678	30
282	1	1774	30
283	1	1408	30
284	1	574	29
284	1	1148	30
285	1	1356	30
286	1	521	29
286	1	2139	30
287	1	1408	30
288	1	626	29
289	1	1252	30
291	1	834	30
292	1	1669	30
293	1	521	29
293	1	1878	30
294	1	574	29
295	1	1304	30
296	1	521	29
297	1	1565	30
298	1	782	30
299	1	574	29
300	1	1252	30
301	1	521	29
302	1	626	29
303	1	469	29
303	1	1878	30
304	1	521	29
306	1	626	30
307	1	678	30
308	1	678	30
309	1	521	29
309	1	1878	30
310	1	678	29
310	1	2087	30
311	1	782	30
312	1	1252	30
313	1	887	30
314	1	1461	30
315	1	678	30
316	1	2243	30
317	1	1461	30
318	1	1669	30
319	1	1982	30
320	1	1252	30
321	1	626	29
322	1	574	30
323	1	2035	30
324	1	1513	30
325	1	1461	30
326	1	574	29
327	1	1356	30
328	1	730	30
329	1	1617	30
330	1	678	30
331	1	626	29
332	1	782	30
333	1	574	29
334	1	1461	30
335	1	574	29
336	1	626	29
337	1	834	30
338	1	939	30
339	1	626	29
340	1	1356	30
341	1	1408	30
342	1	521	29
342	1	1930	30
343	1	574	29
344	1	2191	30
345	1	678	30
346	1	678	30
347	1	730	29
348	1	626	29
349	1	574	29
350	1	2243	30
351	1	574	29
352	1	678	30
353	1	574	29
354	1	469	29
354	1	1148	30
355	1	626	29
356	1	730	30
357	1	730	30
358	1	939	30
360	1	678	30
361	1	730	30
362	1	2191	30
364	1	574	29
365	1	1826	30
366	1	678	30
367	1	521	29
368	1	574	29
368	1	1826	30
369	1	574	29
370	1	782	30
371	1	521	29
372	1	1252	30
373	1	834	30
374	1	1669	30
375	1	1461	30
376	1	834	30
377	1	1461	30
378	1	1304	30
379	1	730	29
380	1	782	30
381	1	678	30
382	1	626	29
383	1	1513	30
384	1	626	29
385	1	678	30
386	1	678	30
387	1	678	30
388	1	2295	30
389	1	574	29
390	1	574	29
391	1	678	30
392	1	887	30
393	1	521	29
394	1	782	30
395	1	939	30
396	1	574	29
396	1	1148	30
397	1	1408	30
398	1	678	30
399	1	521	29
400	1	730	30
402	1	782	30
403	1	2191	30
404	1	1252	30
405	1	1304	30
406	1	574	29
407	1	1356	30
409	1	1252	30
410	1	887	30
411	1	469	29
411	1	1878	30
412	1	626	29
412	1	1826	30
413	1	574	29
413	1	1826	30
414	1	678	30
415	1	678	29
416	1	1617	30
417	1	678	30
418	1	574	29
419	1	469	29
420	1	782	30
421	1	2191	30
422	1	834	30
423	1	1252	30
424	1	521	29
424	1	1982	30
425	1	782	30
426	1	1304	30
427	1	2243	30
428	1	678	30
429	1	678	30
430	1	574	29
431	1	521	29
432	1	678	29
433	1	887	30
434	1	626	29
434	1	2087	30
435	1	469	29
436	1	626	29
436	1	1982	30
437	1	521	29
438	1	678	30
439	1	887	30
440	1	678	30
441	1	1982	30
442	1	730	30
443	1	678	30
444	1	1774	30
445	1	574	29
446	1	939	30
447	1	1722	30
448	1	939	30
449	1	2243	30
451	1	678	30
452	1	678	30
453	1	521	29
453	1	1878	30
454	1	1513	30
455	1	1095	30
456	1	1513	30
457	1	678	30
458	1	1826	30
459	1	834	30
460	1	574	29
461	1	521	29
462	1	678	30
463	1	678	30
464	1	834	30
465	1	574	29
466	1	574	29
467	1	521	29
468	1	574	29
469	1	521	29
469	1	2191	30
470	1	1669	30
471	1	1304	30
472	1	521	29
473	1	678	30
474	1	521	29
475	1	887	30
476	1	1513	30
477	1	887	30
478	1	887	30
480	1	678	30
481	1	678	30
482	1	834	30
483	1	1878	30
484	1	2243	30
485	1	1356	30
486	1	1461	30
487	1	574	29
488	1	1461	30
489	1	574	29
489	1	1878	30
490	1	730	30
491	1	730	29
492	1	939	30
493	1	678	30
494	1	678	30
495	1	730	30
496	1	678	30
497	1	469	29
498	1	782	30
499	1	678	30
500	1	521	29
500	1	1826	30
501	1	1461	30
502	1	939	30
503	1	574	29
503	1	1826	30
505	1	1513	30
506	1	1304	30
507	1	1826	30
508	1	626	29
508	1	2035	30
510	1	1930	30
512	1	834	30
513	1	887	30
514	1	626	29
515	1	574	29
516	1	1513	30
517	1	1461	30
518	1	939	30
519	1	678	30
520	1	574	29
521	1	574	29
522	1	939	30
523	1	574	29
524	1	2295	30
525	1	678	30
526	1	2139	30
527	1	521	29
528	1	574	29
529	1	626	29
529	1	1826	30
530	1	1461	30
531	1	1304	30
532	1	834	30
533	1	2243	30
534	1	626	29
534	1	2035	30
535	1	1774	30
536	1	1513	30
537	1	678	30
538	1	521	29
539	1	574	29
540	1	2191	30
541	1	626	30
542	1	887	30
543	1	1356	30
544	1	678	30
545	1	782	30
546	1	1408	30
547	1	678	29
547	1	2243	30
548	1	1513	30
549	1	1513	30
550	1	469	29
550	1	1826	30
551	1	574	30
552	1	1513	30
553	1	678	30
554	1	521	29
555	1	521	29
555	1	1826	30
556	1	730	30
557	1	1826	30
558	1	574	30
559	1	939	30
560	1	1513	30
561	1	730	30
562	1	939	30
563	1	678	30
564	1	1513	30
565	1	574	29
565	1	1982	30
566	1	678	30
567	1	678	30
568	1	521	29
569	1	887	30
570	1	1252	30
571	1	521	29
572	1	1617	30
573	1	2295	30
574	1	834	30
575	1	521	29
575	1	1826	30
576	1	1356	30
577	1	626	29
578	1	1252	30
579	1	730	30
580	1	2191	30
581	1	1304	30
582	1	939	30
583	1	626	29
583	1	1826	30
584	1	521	29
585	1	574	29
585	1	1148	30
586	1	678	30
587	1	469	29
587	1	1878	30
588	1	730	30
589	1	678	30
590	1	678	29
591	1	1669	30
593	1	678	30
594	1	678	30
595	1	574	29
595	1	1982	30
596	1	678	30
597	1	678	29
598	1	521	29
599	1	574	29
600	1	1774	30
601	1	678	29
602	1	1408	30
603	1	678	30
604	1	730	30
605	1	1304	30
606	1	782	30
607	1	521	29
608	1	678	30
610	1	2191	30
611	1	678	30
612	1	1356	30
613	1	1461	30
614	1	1408	30
615	1	834	30
616	1	1252	30
617	1	2191	30
618	1	2243	30
619	1	887	30
620	1	574	29
621	1	887	30
622	1	574	30
623	1	1304	30
624	1	678	30
625	1	1304	30
626	1	678	30
627	1	678	30
628	1	678	30
629	1	834	30
630	1	782	30
631	1	678	30
632	1	574	29
633	1	1722	30
634	1	1408	30
635	1	1565	30
637	1	1252	30
638	1	2087	30
639	1	574	30
640	1	730	30
641	1	626	30
642	1	1408	30
644	1	678	29
645	1	834	30
646	1	626	29
647	1	1669	30
648	1	939	30
649	1	574	29
650	1	1669	30
651	1	626	29
652	1	678	30
653	1	782	30
654	1	782	30
655	1	678	30
656	1	678	30
657	1	678	30
658	1	678	29
658	1	2087	30
659	1	1356	30
660	1	782	30
661	1	626	29
662	1	678	30
663	1	939	30
664	1	626	29
664	1	2139	30
665	1	626	29
666	1	626	29
667	1	678	30
668	1	834	30
669	1	1252	30
670	1	782	30
671	1	1408	30
672	1	991	30
673	1	678	30
674	1	939	30
675	1	1304	30
676	1	574	29
676	1	2087	30
677	1	782	30
678	1	574	29
679	1	1408	30
680	1	1252	30
681	1	887	30
682	1	521	29
683	1	1408	30
684	1	1252	30
685	1	678	30
686	1	574	29
687	1	1565	30
688	1	1408	30
689	1	1408	30
690	1	678	30
691	1	574	29
691	1	2191	30
692	1	678	30
693	1	678	30
694	1	887	30
695	1	521	29
696	1	834	30
697	1	521	29
698	1	1669	30
699	1	678	30
700	1	678	30
701	1	834	30
702	1	678	30
703	1	469	29
704	1	2191	30
705	1	887	30
706	1	521	29
707	1	730	30
708	1	1356	30
709	1	678	30
710	1	678	30
711	1	1304	30
712	1	730	30
713	1	2035	30
714	1	626	29
715	1	939	30
716	1	574	29
717	1	1304	30
718	1	626	30
719	1	834	30
720	1	1930	30
721	1	939	30
722	1	469	29
722	1	1826	30
723	1	678	30
724	1	678	30
725	1	678	30
726	1	678	30
727	1	1408	30
728	1	2087	30
729	1	678	29
730	1	939	30
731	1	521	29
732	1	678	29
733	1	574	29
734	1	469	29
735	1	2191	30
736	1	1252	30
737	1	626	29
738	1	626	29
738	1	2191	30
739	1	1356	30
741	1	678	30
742	1	626	29
742	1	2035	30
743	1	521	29
744	1	1408	30
745	1	939	30
746	1	1513	30
747	1	730	29
748	1	2243	30
749	1	1461	30
750	1	626	29
751	1	1356	30
752	1	834	30
753	1	521	29
753	1	2139	30
754	1	574	29
755	1	574	29
756	1	574	29
756	1	1982	30
757	1	1722	30
758	1	574	29
759	1	1513	30
760	1	678	30
761	1	678	30
762	1	678	30
763	1	1408	30
764	1	887	30
765	1	469	29
766	1	626	29
767	1	1356	30
768	1	1617	30
769	1	1252	30
770	1	2191	30
771	1	1356	30
772	1	782	30
773	1	1617	30
774	1	521	29
775	1	1408	30
776	1	469	29
776	1	2191	30
777	1	2243	30
778	1	678	29
779	1	2191	30
780	1	887	30
781	1	521	29
782	1	678	30
783	1	1617	30
784	1	626	30
785	1	782	30
786	1	730	30
787	1	1513	30
788	1	678	30
789	1	1304	30
790	1	782	30
791	1	1513	30
792	1	782	30
793	1	626	30
794	1	521	29
795	1	1722	30
796	1	1513	30
797	1	574	29
798	1	887	30
800	1	1200	30
801	1	1513	30
802	1	678	30
803	1	574	29
804	1	678	30
806	1	1565	30
807	1	626	29
807	1	1826	30
808	1	2243	30
809	1	1930	30
810	1	521	29
811	1	521	29
812	1	574	30
813	1	887	30
814	1	939	30
815	1	469	29
816	1	1304	30
817	1	2295	30
818	1	678	30
819	1	1617	30
820	1	678	30
821	1	1408	30
822	1	521	29
823	1	626	29
823	1	1930	30
824	1	1304	30
825	1	939	30
826	1	834	30
827	1	730	30
828	1	1252	30
829	1	2243	30
830	1	1304	30
831	1	521	29
831	1	2087	30
832	1	678	29
832	1	1982	30
833	1	1408	30
834	1	626	29
834	1	2139	30
835	1	678	30
836	1	1982	30
837	1	1408	30
838	1	574	30
839	1	1565	30
840	1	469	29
840	1	1043	30
841	1	678	30
842	1	730	30
843	1	574	29
843	1	1878	30
844	1	1408	30
845	1	1461	30
846	1	1617	30
847	1	1408	30
848	1	469	29
849	1	2139	30
850	1	521	29
850	1	1982	30
852	1	834	30
853	1	1565	30
854	1	1304	30
855	1	626	30
856	1	678	29
857	1	1513	30
858	1	887	30
859	1	939	30
860	1	1461	30
861	1	626	29
862	1	1669	30
863	1	469	29
864	1	521	29
864	1	2035	30
865	1	626	30
866	1	574	29
867	1	678	30
868	1	678	30
869	1	939	30
870	1	1356	30
871	1	1356	30
873	1	521	29
873	1	1982	30
875	1	678	30
876	1	678	30
877	1	521	29
877	1	1878	30
878	1	1408	30
879	1	730	30
880	1	626	29
881	1	834	30
882	1	1461	30
883	1	1878	30
884	1	626	29
885	1	678	29
885	1	1930	30
886	1	834	30
887	1	782	30
888	1	939	30
889	1	1513	30
890	1	1252	30
891	1	574	29
892	1	1669	30
893	1	678	30
894	1	782	30
895	1	678	30
896	1	626	29
897	1	626	30
898	1	469	29
899	1	574	29
900	1	834	30
901	1	574	29
902	1	1304	30
903	1	574	30
905	1	1356	30
906	1	521	29
907	1	2191	30
908	1	626	29
909	1	2139	30
910	1	1356	30
911	1	782	30
912	1	678	30
913	1	1513	30
914	1	939	30
915	1	1200	30
916	1	574	29
917	1	678	30
918	1	1408	30
919	1	1461	30
920	1	939	30
921	1	678	30
922	1	678	30
923	1	1408	30
924	1	678	30
925	1	626	29
926	1	678	30
927	1	782	30
929	1	574	29
931	1	574	29
931	1	1930	30
932	1	1356	30
933	1	1461	30
934	1	1252	30
935	1	678	30
936	1	678	30
937	1	782	30
938	1	939	30
939	1	1408	30
940	1	469	29
941	1	469	29
941	1	2139	30
942	1	469	29
942	1	2139	30
943	1	678	30
944	1	678	30
945	1	1617	30
946	1	678	30
947	1	678	29
947	1	1878	30
948	1	574	29
949	1	469	29
949	1	1148	30
950	1	626	29
952	1	2191	30
953	1	626	29
954	1	469	29
956	1	678	30
957	1	1565	30
958	1	1252	30
960	1	834	30
961	1	887	30
962	1	2243	30
963	1	730	30
964	1	678	30
965	1	834	30
966	1	521	29
967	1	1461	30
968	1	678	30
969	1	678	30
971	1	574	29
972	1	521	29
972	1	1148	30
973	1	678	30
974	1	626	30
975	1	1461	30
976	1	678	30
977	1	1982	30
978	1	678	30
979	1	1513	30
980	1	1930	30
981	1	834	30
982	1	678	30
983	1	521	29
984	1	1252	30
985	1	1356	30
986	1	2191	30
987	1	1356	30
988	1	678	30
989	1	521	29
990	1	1565	30
992	1	1930	30
993	1	782	30
994	1	2191	30
995	1	574	29
996	1	1408	30
998	1	678	30
999	1	1565	30
0	2	313	26
0	2	574	33
0	2	1148	13
1	2	313	26
1	2	626	33
1	2	1148	13
2	2	313	26
2	2	939	33
3	2	313	26
3	2	1669	13
4	2	313	26
4	2	834	33
4	2	1200	13
5	2	313	26
5	2	730	33
6	2	313	26
6	2	834	33
6	2	1826	13
7	2	313	26
7	2	1408	13
8	2	313	26
8	2	991	33
8	2	1408	13
9	2	313	26
10	2	313	26
10	2	626	33
10	2	1148	13
11	2	313	26
12	2	313	26
13	2	313	26
14	2	313	26
14	2	626	33
14	2	1148	13
15	2	313	26
15	2	730	33
15	2	1148	13
16	2	313	26
16	2	730	33
16	2	1148	13
17	2	313	26
17	2	626	33
17	2	1148	13
18	2	313	26
18	2	678	33
18	2	1148	13
19	2	313	26
20	2	313	26
20	2	939	33
20	2	1408	13
21	2	313	26
21	2	626	33
21	2	1148	13
22	2	313	26
22	2	1722	13
23	2	313	26
23	2	678	33
23	2	1148	13
24	2	313	26
24	2	678	33
24	2	1148	13
25	2	313	26
26	2	313	26
26	2	1200	13
26	2	2243	33
27	2	313	26
27	2	678	33
27	2	1148	13
28	2	313	26
28	2	1095	33
28	2	1408	13
29	2	313	26
30	2	313	26
31	2	313	26
31	2	834	33
32	2	313	26
32	2	1617	13
33	2	313	26
33	2	1356	13
34	2	313	26
34	2	1252	13
34	2	1722	33
35	2	313	26
35	2	678	33
35	2	1148	13
36	2	313	26
36	2	730	33
36	2	1461	13
37	2	313	26
37	2	939	33
38	2	313	26
38	2	939	33
39	2	313	26
39	2	887	33
39	2	1722	13
40	2	313	26
40	2	574	33
40	2	1148	13
41	2	313	26
41	2	1252	13
41	2	1826	33
42	2	313	26
42	2	1200	13
42	2	1617	33
43	2	313	26
43	2	730	33
43	2	1148	13
44	2	313	26
45	2	313	26
45	2	991	33
45	2	1513	13
46	2	313	26
46	2	730	33
46	2	1982	13
47	2	313	26
47	2	1669	13
48	2	313	26
49	2	313	26
49	2	782	33
49	2	1200	13
50	2	313	26
51	2	313	26
52	2	313	26
53	2	313	26
53	2	730	33
53	2	1148	13
54	2	313	26
55	2	313	26
55	2	887	33
56	2	313	26
57	2	313	26
57	2	626	33
57	2	1148	13
58	2	313	26
58	2	939	33
58	2	1252	13
59	2	313	26
59	2	678	33
59	2	1148	13
60	2	313	26
61	2	313	26
61	2	834	33
62	2	313	26
62	2	782	33
62	2	1200	13
63	2	313	26
63	2	1095	33
63	2	1461	13
64	2	313	26
65	2	313	26
65	2	1356	13
66	2	313	26
67	2	313	26
67	2	1200	13
67	2	1669	33
68	2	313	26
69	2	313	26
69	2	1356	13
70	2	313	26
71	2	313	26
71	2	1617	13
72	2	313	26
73	2	313	26
74	2	313	26
75	2	313	26
75	2	678	33
75	2	1408	13
76	2	313	26
77	2	313	26
78	2	313	26
79	2	313	26
79	2	1461	13
80	2	313	26
80	2	782	33
80	2	1930	13
81	2	313	26
81	2	887	33
82	2	313	26
82	2	2035	13
83	2	313	26
84	2	313	26
84	2	782	33
85	2	313	26
86	2	313	26
87	2	313	26
87	2	626	33
87	2	1148	13
88	2	313	26
88	2	1095	33
88	2	1513	13
89	2	313	26
89	2	1408	13
90	2	313	26
91	2	313	26
91	2	939	33
92	2	313	26
92	2	626	33
92	2	1148	13
93	2	313	26
94	2	313	26
95	2	313	26
96	2	313	26
96	2	1617	13
97	2	313	26
98	2	313	26
99	2	313	26
100	2	313	26
101	2	313	26
101	2	1304	13
102	2	313	26
102	2	1043	33
102	2	1826	13
103	2	313	26
104	2	313	26
104	2	887	33
104	2	1304	13
105	2	313	26
106	2	313	26
106	2	1095	33
106	2	1408	13
107	2	313	26
107	2	626	33
107	2	1148	13
108	2	313	26
108	2	730	33
108	2	1304	13
109	2	313	26
110	2	313	26
110	2	730	33
110	2	1148	13
111	2	313	26
111	2	939	33
112	2	313	26
113	2	313	26
113	2	626	33
113	2	1148	13
114	2	313	26
114	2	887	33
115	2	313	26
116	2	313	26
117	2	313	26
118	2	313	26
118	2	1722	13
119	2	313	26
120	2	313	26
120	2	1617	13
121	2	313	26
122	2	313	26
122	2	678	33
122	2	1148	13
123	2	313	26
124	2	313	26
124	2	678	33
124	2	1148	13
125	2	313	26
125	2	834	33
125	2	1148	13
126	2	313	26
126	2	678	33
126	2	1148	13
127	2	313	26
127	2	678	33
127	2	1148	13
128	2	313	26
128	2	626	33
128	2	1148	13
129	2	313	26
130	2	313	26
130	2	834	33
131	2	313	26
131	2	1043	33
131	2	1461	13
132	2	313	26
132	2	626	33
132	2	1148	13
133	2	313	26
133	2	887	33
133	2	1617	13
134	2	313	26
134	2	1617	13
135	2	313	26
135	2	730	33
135	2	1148	13
136	2	313	26
136	2	574	33
136	2	1148	13
137	2	313	26
137	2	1200	13
137	2	1722	33
138	2	313	26
138	2	626	33
138	2	1148	13
139	2	313	26
139	2	730	33
139	2	1148	13
140	2	313	26
141	2	313	26
141	2	730	33
141	2	1148	13
142	2	313	26
143	2	313	26
144	2	313	26
145	2	313	26
145	2	1617	13
146	2	313	26
146	2	887	33
146	2	1304	13
147	2	313	26
147	2	887	33
147	2	1617	13
148	2	313	26
149	2	313	26
149	2	626	33
149	2	1148	13
150	2	313	26
150	2	782	33
150	2	1304	13
151	2	313	26
151	2	2191	13
152	2	313	26
152	2	939	33
152	2	1252	13
153	2	313	26
153	2	2139	13
154	2	313	26
154	2	730	33
154	2	1148	13
155	2	313	26
155	2	626	33
155	2	1148	13
156	2	313	26
156	2	678	33
156	2	1148	13
157	2	313	26
158	2	313	26
158	2	834	33
158	2	1252	13
159	2	313	26
159	2	574	33
159	2	1148	13
160	2	313	26
160	2	1148	13
160	2	1722	33
161	2	313	26
162	2	313	26
162	2	1356	13
163	2	313	26
164	2	313	26
164	2	730	33
164	2	2243	13
165	2	313	26
165	2	834	33
165	2	1148	13
166	2	313	26
167	2	313	26
168	2	313	26
169	2	313	26
169	2	678	33
170	2	313	26
170	2	678	33
170	2	1148	13
171	2	313	26
172	2	313	26
172	2	1461	13
173	2	313	26
174	2	313	26
174	2	1356	13
175	2	313	26
175	2	939	33
175	2	1408	13
176	2	313	26
176	2	678	33
176	2	2139	13
177	2	313	26
178	2	313	26
179	2	313	26
179	2	834	33
179	2	1200	13
180	2	313	26
181	2	313	26
181	2	626	33
181	2	1148	13
182	2	313	26
183	2	313	26
183	2	730	33
183	2	1148	13
184	2	313	26
185	2	313	26
185	2	782	33
185	2	1252	13
186	2	313	26
187	2	313	26
187	2	1148	13
187	2	1774	33
188	2	313	26
189	2	313	26
189	2	1148	13
189	2	1669	33
190	2	313	26
191	2	313	26
191	2	678	33
192	2	313	26
192	2	939	33
192	2	1461	13
193	2	313	26
193	2	939	33
193	2	1669	13
194	2	313	26
195	2	313	26
196	2	313	26
196	2	626	33
196	2	1148	13
197	2	313	26
198	2	313	26
198	2	1095	33
198	2	1461	13
199	2	313	26
199	2	678	33
199	2	1148	13
200	2	313	26
200	2	1617	13
201	2	313	26
202	2	313	26
202	2	1408	13
203	2	313	26
203	2	1356	13
204	2	313	26
204	2	782	33
204	2	1252	13
205	2	313	26
206	2	313	26
206	2	626	33
206	2	1148	13
207	2	313	26
207	2	678	33
207	2	1148	13
208	2	313	26
208	2	782	33
208	2	1356	13
209	2	313	26
210	2	313	26
210	2	834	33
210	2	1513	13
211	2	313	26
212	2	313	26
212	2	1565	13
213	2	313	26
214	2	313	26
215	2	313	26
216	2	313	26
217	2	313	26
217	2	1565	13
218	2	313	26
218	2	1200	13
218	2	1722	33
219	2	313	26
220	2	313	26
221	2	313	26
221	2	1252	13
221	2	1826	33
222	2	313	26
223	2	313	26
224	2	313	26
224	2	1513	13
225	2	313	26
225	2	626	33
225	2	1148	13
226	2	313	26
226	2	730	33
226	2	1148	13
227	2	313	26
227	2	2243	13
228	2	313	26
228	2	678	33
228	2	1148	13
229	2	313	26
229	2	1252	13
229	2	1617	33
230	2	313	26
230	2	626	33
230	2	1148	13
231	2	313	26
231	2	626	33
231	2	1148	13
232	2	313	26
232	2	678	33
232	2	1148	13
233	2	313	26
234	2	313	26
235	2	313	26
236	2	313	26
237	2	313	26
238	2	313	26
239	2	313	26
240	2	313	26
240	2	730	33
240	2	1148	13
241	2	313	26
241	2	1148	13
241	2	1513	33
242	2	313	26
242	2	939	33
242	2	1461	13
243	2	313	26
243	2	626	33
243	2	1148	13
244	2	313	26
244	2	626	33
244	2	1148	13
245	2	313	26
246	2	313	26
247	2	313	26
248	2	313	26
248	2	626	33
248	2	1148	13
249	2	313	26
249	2	626	33
249	2	1148	13
250	2	313	26
250	2	626	33
250	2	1148	13
251	2	313	26
251	2	887	33
251	2	1617	13
252	2	313	26
253	2	313	26
253	2	2295	13
254	2	313	26
255	2	313	26
256	2	313	26
256	2	1304	13
256	2	2191	33
257	2	313	26
257	2	1669	13
258	2	313	26
258	2	574	33
258	2	1148	13
259	2	313	26
259	2	626	33
259	2	1148	13
260	2	313	26
260	2	730	33
260	2	1617	13
261	2	313	26
262	2	313	26
262	2	1252	13
262	2	1669	33
263	2	313	26
264	2	313	26
264	2	834	33
264	2	2243	13
265	2	313	26
265	2	782	33
266	2	313	26
266	2	887	33
266	2	1617	13
267	2	313	26
267	2	626	33
267	2	1148	13
268	2	313	26
268	2	1356	13
268	2	1722	33
269	2	313	26
269	2	782	33
269	2	1200	13
270	2	313	26
271	2	313	26
271	2	991	33
271	2	1408	13
272	2	313	26
272	2	678	33
272	2	1148	13
273	2	313	26
274	2	313	26
275	2	313	26
276	2	313	26
277	2	313	26
278	2	313	26
279	2	313	26
280	2	313	26
280	2	2035	13
281	2	313	26
282	2	313	26
283	2	313	26
283	2	1617	13
284	2	313	26
284	2	626	33
284	2	1148	13
285	2	313	26
285	2	1565	13
286	2	313	26
286	2	678	33
286	2	1148	13
287	2	313	26
288	2	313	26
288	2	782	33
289	2	313	26
290	2	313	26
291	2	313	26
292	2	313	26
293	2	313	26
293	2	574	33
293	2	1148	13
294	2	313	26
294	2	730	33
295	2	313	26
296	2	313	26
296	2	678	33
296	2	1148	13
297	2	313	26
298	2	313	26
298	2	1408	13
299	2	313	26
299	2	678	33
300	2	313	26
301	2	313	26
301	2	626	33
301	2	1148	13
302	2	313	26
302	2	834	33
302	2	1513	13
303	2	313	26
303	2	626	33
303	2	1148	13
304	2	313	26
304	2	678	33
304	2	1148	13
305	2	313	26
306	2	313	26
306	2	626	33
306	2	1148	13
307	2	313	26
308	2	313	26
308	2	1826	13
309	2	313	26
309	2	626	33
309	2	1148	13
310	2	313	26
310	2	834	33
310	2	1304	13
311	2	313	26
312	2	313	26
313	2	313	26
314	2	313	26
315	2	313	26
315	2	1043	33
315	2	1513	13
316	2	313	26
317	2	313	26
318	2	313	26
319	2	313	26
320	2	313	26
321	2	313	26
321	2	678	33
322	2	313	26
322	2	782	33
322	2	2035	13
323	2	313	26
324	2	313	26
325	2	313	26
326	2	313	26
326	2	626	33
326	2	1148	13
327	2	313	26
327	2	1513	13
328	2	313	26
329	2	313	26
330	2	313	26
330	2	1148	13
330	2	1565	33
331	2	313	26
331	2	678	33
331	2	1982	13
332	2	313	26
332	2	939	33
332	2	1356	13
333	2	313	26
333	2	626	33
333	2	1148	13
334	2	313	26
335	2	313	26
335	2	574	33
335	2	1148	13
336	2	313	26
336	2	730	33
336	2	1669	13
337	2	313	26
338	2	313	26
339	2	313	26
339	2	730	33
339	2	2295	13
340	2	313	26
340	2	1669	13
341	2	313	26
341	2	1617	13
342	2	313	26
342	2	678	33
342	2	1148	13
343	2	313	26
343	2	574	33
343	2	1148	13
344	2	313	26
345	2	313	26
345	2	939	33
345	2	1304	13
346	2	313	26
346	2	834	33
346	2	1148	13
347	2	313	26
347	2	991	33
348	2	313	26
348	2	730	33
348	2	1408	13
349	2	313	26
349	2	730	33
349	2	1148	13
350	2	313	26
351	2	313	26
351	2	887	33
352	2	313	26
352	2	991	33
352	2	1513	13
353	2	313	26
353	2	730	33
353	2	1148	13
354	2	313	26
354	2	574	33
354	2	1148	13
355	2	313	26
355	2	782	33
356	2	313	26
356	2	1513	13
357	2	313	26
357	2	887	33
358	2	313	26
358	2	1513	13
359	2	313	26
360	2	313	26
361	2	313	26
361	2	834	33
361	2	1722	13
362	2	313	26
363	2	313	26
364	2	313	26
364	2	678	33
364	2	2191	13
365	2	313	26
366	2	313	26
366	2	1304	13
367	2	313	26
367	2	834	33
368	2	313	26
368	2	626	33
368	2	1148	13
369	2	313	26
369	2	782	33
369	2	1148	13
370	2	313	26
371	2	313	26
371	2	730	33
371	2	1148	13
372	2	313	26
372	2	1513	13
373	2	313	26
374	2	313	26
375	2	313	26
376	2	313	26
376	2	887	33
377	2	313	26
378	2	313	26
378	2	1617	13
379	2	313	26
379	2	1095	33
379	2	1669	13
380	2	313	26
380	2	939	33
381	2	313	26
381	2	1878	13
382	2	313	26
382	2	730	33
383	2	313	26
384	2	313	26
384	2	834	33
384	2	1722	13
385	2	313	26
385	2	1617	13
386	2	313	26
386	2	834	33
387	2	313	26
387	2	834	33
387	2	1148	13
388	2	313	26
389	2	313	26
389	2	678	33
389	2	1148	13
390	2	313	26
390	2	574	33
390	2	1148	13
391	2	313	26
391	2	782	33
391	2	1200	13
392	2	313	26
393	2	313	26
393	2	626	33
393	2	1148	13
394	2	313	26
394	2	1461	13
395	2	313	26
396	2	313	26
396	2	626	33
396	2	1148	13
397	2	313	26
397	2	1722	13
398	2	313	26
398	2	939	33
399	2	313	26
399	2	678	33
399	2	1148	13
400	2	313	26
400	2	834	33
401	2	313	26
402	2	313	26
402	2	939	33
402	2	1513	13
403	2	313	26
404	2	313	26
404	2	1722	13
405	2	313	26
406	2	313	26
406	2	782	33
406	2	1200	13
407	2	313	26
407	2	1565	13
408	2	313	26
409	2	313	26
410	2	313	26
411	2	313	26
411	2	678	33
411	2	1148	13
412	2	313	26
412	2	678	33
412	2	1148	13
413	2	313	26
413	2	626	33
413	2	1148	13
414	2	313	26
414	2	939	33
414	2	1408	13
415	2	313	26
415	2	782	33
415	2	1408	13
416	2	313	26
417	2	313	26
417	2	782	33
417	2	1669	13
418	2	313	26
418	2	887	33
418	2	1200	13
419	2	313	26
419	2	782	33
419	2	1148	13
420	2	313	26
420	2	1461	13
421	2	313	26
422	2	313	26
423	2	313	26
423	2	1408	13
424	2	313	26
424	2	730	33
424	2	1148	13
425	2	313	26
425	2	939	33
426	2	313	26
426	2	1461	13
427	2	313	26
428	2	313	26
428	2	678	33
429	2	313	26
429	2	991	33
429	2	1408	13
430	2	313	26
430	2	782	33
430	2	1408	13
431	2	313	26
431	2	574	33
431	2	1148	13
432	2	313	26
432	2	782	33
432	2	1200	13
433	2	313	26
433	2	1148	13
434	2	313	26
434	2	730	33
434	2	1148	13
435	2	313	26
435	2	626	33
435	2	1148	13
436	2	313	26
436	2	626	33
436	2	1148	13
437	2	313	26
437	2	678	33
437	2	1878	13
438	2	313	26
438	2	1148	13
438	2	1565	33
439	2	313	26
440	2	313	26
440	2	1513	13
441	2	313	26
442	2	313	26
442	2	1148	13
443	2	313	26
444	2	313	26
445	2	313	26
445	2	626	33
445	2	1148	13
446	2	313	26
447	2	313	26
448	2	313	26
449	2	313	26
450	2	313	26
451	2	313	26
451	2	1148	13
451	2	1513	33
452	2	313	26
452	2	782	33
453	2	313	26
453	2	626	33
453	2	1148	13
454	2	313	26
455	2	313	26
455	2	1617	13
456	2	313	26
457	2	313	26
457	2	1408	13
458	2	313	26
459	2	313	26
460	2	313	26
460	2	678	33
460	2	1774	13
461	2	313	26
461	2	678	33
461	2	1148	13
462	2	313	26
462	2	939	33
463	2	313	26
463	2	887	33
463	2	1148	13
464	2	313	26
464	2	1461	13
465	2	313	26
465	2	730	33
465	2	1774	13
466	2	313	26
466	2	678	33
466	2	1148	13
467	2	313	26
467	2	678	33
467	2	1148	13
468	2	313	26
468	2	626	33
468	2	1148	13
469	2	313	26
469	2	574	33
469	2	1148	13
470	2	313	26
471	2	313	26
472	2	313	26
472	2	730	33
472	2	1356	13
473	2	313	26
473	2	1356	13
474	2	313	26
474	2	730	33
474	2	1148	13
475	2	313	26
476	2	313	26
477	2	313	26
478	2	313	26
479	2	313	26
480	2	313	26
481	2	313	26
481	2	834	33
481	2	1148	13
482	2	313	26
482	2	939	33
483	2	313	26
484	2	313	26
485	2	313	26
486	2	313	26
487	2	313	26
487	2	626	33
487	2	1148	13
488	2	313	26
489	2	313	26
489	2	574	33
489	2	1148	13
490	2	313	26
490	2	1200	13
490	2	1565	33
491	2	313	26
491	2	1304	13
492	2	313	26
492	2	1461	13
493	2	313	26
494	2	313	26
494	2	782	33
495	2	313	26
495	2	1252	13
495	2	1617	33
496	2	313	26
496	2	1095	33
496	2	1408	13
497	2	313	26
497	2	678	33
497	2	2243	13
498	2	313	26
498	2	939	33
499	2	313	26
499	2	834	33
500	2	313	26
500	2	626	33
500	2	1148	13
501	2	313	26
502	2	313	26
502	2	1408	13
503	2	313	26
503	2	574	33
503	2	1148	13
504	2	313	26
505	2	313	26
506	2	313	26
507	2	313	26
508	2	313	26
508	2	678	33
508	2	1148	13
509	2	313	26
510	2	313	26
511	2	313	26
512	2	313	26
512	2	1304	13
512	2	1722	33
513	2	313	26
513	2	1461	13
514	2	313	26
514	2	834	33
514	2	1722	13
515	2	313	26
515	2	626	33
515	2	1148	13
516	2	313	26
517	2	313	26
518	2	313	26
518	2	1513	13
519	2	313	26
519	2	782	33
519	2	1148	13
520	2	313	26
520	2	939	33
521	2	313	26
521	2	626	33
521	2	1148	13
522	2	313	26
522	2	1148	13
522	2	1617	33
523	2	313	26
523	2	678	33
523	2	1148	13
524	2	313	26
525	2	313	26
525	2	887	33
525	2	1200	13
526	2	313	26
527	2	313	26
527	2	626	33
527	2	1148	13
528	2	313	26
528	2	626	33
528	2	1148	13
529	2	313	26
529	2	626	33
529	2	1148	13
530	2	313	26
531	2	313	26
531	2	1408	13
532	2	313	26
532	2	1669	13
533	2	313	26
534	2	313	26
534	2	626	33
534	2	1148	13
535	2	313	26
536	2	313	26
537	2	313	26
537	2	939	33
537	2	1461	13
538	2	313	26
538	2	626	33
538	2	1148	13
539	2	313	26
539	2	574	33
539	2	1148	13
540	2	313	26
541	2	313	26
541	2	782	33
541	2	1930	13
542	2	313	26
542	2	1669	13
543	2	313	26
543	2	1565	13
544	2	313	26
544	2	887	33
544	2	1200	13
545	2	313	26
546	2	313	26
546	2	1722	13
547	2	313	26
547	2	887	33
547	2	1408	13
548	2	313	26
549	2	313	26
550	2	313	26
550	2	678	33
550	2	1148	13
551	2	313	26
551	2	678	33
551	2	1148	13
552	2	313	26
553	2	313	26
553	2	1461	13
554	2	313	26
554	2	574	33
554	2	1148	13
555	2	313	26
555	2	626	33
555	2	1148	13
556	2	313	26
556	2	1252	13
556	2	1617	33
557	2	313	26
558	2	313	26
558	2	730	33
558	2	2035	13
559	2	313	26
559	2	1461	13
560	2	313	26
561	2	313	26
562	2	313	26
562	2	1461	13
563	2	313	26
563	2	1095	33
563	2	1356	13
564	2	313	26
565	2	313	26
565	2	730	33
565	2	1148	13
566	2	313	26
566	2	730	33
566	2	1617	13
567	2	313	26
567	2	1617	13
568	2	313	26
568	2	678	33
568	2	1148	13
569	2	313	26
569	2	1461	13
570	2	313	26
571	2	313	26
571	2	626	33
571	2	1148	13
572	2	313	26
573	2	313	26
574	2	313	26
575	2	313	26
575	2	626	33
575	2	1148	13
576	2	313	26
576	2	1774	13
577	2	313	26
577	2	626	33
577	2	1148	13
578	2	313	26
579	2	313	26
580	2	313	26
581	2	313	26
581	2	1565	13
582	2	313	26
582	2	1513	13
583	2	313	26
583	2	626	33
583	2	1148	13
584	2	313	26
584	2	730	33
584	2	2087	13
585	2	313	26
585	2	626	33
585	2	1148	13
586	2	313	26
586	2	1148	13
586	2	1461	33
587	2	313	26
587	2	574	33
587	2	1148	13
588	2	313	26
588	2	887	33
588	2	1617	13
589	2	313	26
589	2	834	33
589	2	1304	13
590	2	313	26
590	2	730	33
590	2	1408	13
591	2	313	26
592	2	313	26
593	2	313	26
594	2	313	26
594	2	1722	13
595	2	313	26
595	2	730	33
595	2	1148	13
596	2	313	26
596	2	1200	13
596	2	1669	33
597	2	313	26
598	2	313	26
598	2	626	33
598	2	1148	13
599	2	313	26
599	2	574	33
599	2	1148	13
600	2	313	26
601	2	313	26
601	2	782	33
602	2	313	26
603	2	313	26
604	2	313	26
604	2	1408	13
605	2	313	26
605	2	1669	13
606	2	313	26
606	2	1148	13
606	2	1617	33
607	2	313	26
607	2	678	33
607	2	1148	13
608	2	313	26
608	2	834	33
608	2	1304	13
609	2	313	26
610	2	313	26
611	2	313	26
611	2	1461	13
612	2	313	26
612	2	1565	13
613	2	313	26
614	2	313	26
614	2	1669	13
615	2	313	26
615	2	1565	13
616	2	313	26
616	2	1565	13
617	2	313	26
618	2	313	26
619	2	313	26
620	2	313	26
620	2	730	33
621	2	313	26
621	2	1356	13
621	2	1722	33
622	2	313	26
622	2	626	33
622	2	1148	13
623	2	313	26
624	2	313	26
624	2	782	33
625	2	313	26
625	2	1513	13
626	2	313	26
626	2	834	33
626	2	1252	13
627	2	313	26
627	2	887	33
627	2	1461	13
628	2	313	26
628	2	1200	13
628	2	1826	33
629	2	313	26
630	2	313	26
630	2	1617	13
631	2	313	26
631	2	1095	33
631	2	1461	13
632	2	313	26
632	2	574	33
632	2	1148	13
633	2	313	26
634	2	313	26
634	2	1722	13
635	2	313	26
636	2	313	26
637	2	313	26
638	2	313	26
639	2	313	26
639	2	730	33
639	2	1148	13
640	2	313	26
641	2	313	26
642	2	313	26
643	2	313	26
644	2	313	26
644	2	834	33
645	2	313	26
645	2	1200	13
645	2	1669	33
646	2	313	26
646	2	730	33
646	2	1148	13
647	2	313	26
648	2	313	26
648	2	1356	13
649	2	313	26
649	2	782	33
649	2	1304	13
650	2	313	26
651	2	313	26
651	2	834	33
652	2	313	26
652	2	939	33
652	2	1565	13
653	2	313	26
653	2	939	33
653	2	1669	13
654	2	313	26
655	2	313	26
655	2	1408	13
656	2	313	26
656	2	1095	33
656	2	1617	13
657	2	313	26
657	2	782	33
658	2	313	26
658	2	834	33
658	2	1148	13
659	2	313	26
659	2	1669	13
660	2	313	26
661	2	313	26
661	2	730	33
661	2	1356	13
662	2	313	26
662	2	1148	13
662	2	1617	33
663	2	313	26
664	2	313	26
664	2	730	33
664	2	1252	13
665	2	313	26
665	2	678	33
665	2	1148	13
666	2	313	26
666	2	626	33
666	2	1148	13
667	2	313	26
667	2	730	33
668	2	313	26
668	2	1617	13
669	2	313	26
669	2	1513	13
670	2	313	26
670	2	1565	13
671	2	313	26
672	2	313	26
673	2	313	26
673	2	1669	13
674	2	313	26
674	2	1252	13
675	2	313	26
675	2	1461	13
676	2	313	26
676	2	678	33
676	2	1148	13
677	2	313	26
677	2	1252	13
677	2	1617	33
678	2	313	26
678	2	782	33
678	2	1565	13
679	2	313	26
680	2	313	26
680	2	1408	13
681	2	313	26
682	2	313	26
682	2	887	33
682	2	2295	13
683	2	313	26
684	2	313	26
684	2	1356	13
685	2	313	26
685	2	939	33
686	2	313	26
686	2	782	33
687	2	313	26
688	2	313	26
689	2	313	26
690	2	313	26
691	2	313	26
691	2	782	33
691	2	1148	13
692	2	313	26
692	2	939	33
692	2	1200	13
693	2	313	26
693	2	1043	33
693	2	1408	13
694	2	313	26
694	2	887	33
694	2	1565	13
695	2	313	26
695	2	574	33
695	2	1148	13
696	2	313	26
697	2	313	26
697	2	730	33
697	2	1148	13
698	2	313	26
699	2	313	26
699	2	1252	13
700	2	313	26
700	2	939	33
701	2	313	26
701	2	1304	13
701	2	1669	33
702	2	313	26
703	2	313	26
703	2	730	33
703	2	1148	13
704	2	313	26
705	2	313	26
705	2	1826	13
706	2	313	26
706	2	626	33
706	2	1148	13
707	2	313	26
707	2	834	33
708	2	313	26
708	2	1513	13
709	2	313	26
709	2	834	33
709	2	1304	13
710	2	313	26
710	2	834	33
710	2	1148	13
711	2	313	26
711	2	1617	13
712	2	313	26
712	2	1513	13
713	2	313	26
714	2	313	26
714	2	626	33
714	2	1148	13
715	2	313	26
715	2	1513	13
716	2	313	26
716	2	574	33
716	2	1148	13
717	2	313	26
717	2	1356	13
718	2	313	26
718	2	730	33
718	2	1148	13
719	2	313	26
720	2	313	26
721	2	313	26
721	2	1200	13
721	2	1774	33
722	2	313	26
722	2	626	33
722	2	1148	13
723	2	313	26
724	2	313	26
725	2	313	26
725	2	887	33
725	2	1252	13
726	2	313	26
726	2	1095	33
726	2	1408	13
727	2	313	26
728	2	313	26
729	2	313	26
729	2	834	33
730	2	313	26
730	2	1304	13
731	2	313	26
731	2	626	33
731	2	1148	13
732	2	313	26
732	2	887	33
733	2	313	26
733	2	782	33
733	2	1148	13
734	2	313	26
734	2	678	33
734	2	1148	13
735	2	313	26
736	2	313	26
737	2	313	26
737	2	782	33
737	2	1304	13
738	2	313	26
738	2	834	33
738	2	1252	13
739	2	313	26
739	2	1617	13
740	2	313	26
741	2	313	26
741	2	887	33
742	2	313	26
742	2	626	33
742	2	1148	13
743	2	313	26
743	2	678	33
743	2	1148	13
744	2	313	26
744	2	1669	13
745	2	313	26
746	2	313	26
747	2	313	26
747	2	1669	13
748	2	313	26
749	2	313	26
750	2	313	26
750	2	939	33
751	2	313	26
752	2	313	26
752	2	1356	13
752	2	2191	33
753	2	313	26
753	2	730	33
753	2	1148	13
754	2	313	26
754	2	678	33
754	2	1148	13
755	2	313	26
755	2	678	33
755	2	1148	13
756	2	313	26
756	2	730	33
756	2	1148	13
757	2	313	26
758	2	313	26
758	2	574	33
758	2	1148	13
759	2	313	26
760	2	313	26
761	2	313	26
761	2	1669	13
762	2	313	26
762	2	939	33
762	2	1565	13
763	2	313	26
763	2	2243	13
764	2	313	26
765	2	313	26
765	2	730	33
765	2	1148	13
766	2	313	26
766	2	782	33
767	2	313	26
767	2	2087	13
768	2	313	26
769	2	313	26
770	2	313	26
771	2	313	26
771	2	1722	13
772	2	313	26
773	2	313	26
774	2	313	26
774	2	626	33
774	2	1148	13
775	2	313	26
776	2	313	26
776	2	626	33
776	2	1148	13
777	2	313	26
778	2	313	26
778	2	834	33
779	2	313	26
780	2	313	26
781	2	313	26
781	2	887	33
781	2	1304	13
782	2	313	26
782	2	2035	13
783	2	313	26
784	2	313	26
784	2	678	33
784	2	1148	13
785	2	313	26
785	2	939	33
786	2	313	26
787	2	313	26
788	2	313	26
788	2	782	33
788	2	1461	13
789	2	313	26
789	2	1513	13
790	2	313	26
790	2	1617	13
791	2	313	26
792	2	313	26
792	2	834	33
793	2	313	26
793	2	626	33
793	2	1148	13
794	2	313	26
794	2	626	33
794	2	1982	13
795	2	313	26
796	2	313	26
797	2	313	26
797	2	678	33
797	2	2035	13
798	2	313	26
798	2	2243	13
799	2	313	26
800	2	313	26
801	2	313	26
802	2	313	26
802	2	887	33
802	2	1565	13
803	2	313	26
803	2	939	33
803	2	1408	13
804	2	313	26
804	2	991	33
805	2	313	26
806	2	313	26
807	2	313	26
807	2	626	33
807	2	1148	13
808	2	313	26
809	2	313	26
810	2	313	26
810	2	626	33
810	2	1148	13
811	2	313	26
811	2	626	33
811	2	1148	13
812	2	313	26
812	2	730	33
812	2	1148	13
813	2	313	26
813	2	1408	13
814	2	313	26
815	2	313	26
815	2	678	33
816	2	313	26
816	2	1669	13
817	2	313	26
818	2	313	26
818	2	991	33
818	2	1617	13
819	2	313	26
820	2	313	26
821	2	313	26
822	2	313	26
822	2	626	33
822	2	1148	13
823	2	313	26
823	2	626	33
823	2	1148	13
824	2	313	26
824	2	1513	13
825	2	313	26
825	2	1461	13
826	2	313	26
826	2	1408	13
827	2	313	26
828	2	313	26
829	2	313	26
830	2	313	26
831	2	313	26
831	2	834	33
831	2	1148	13
832	2	313	26
832	2	730	33
832	2	1148	13
833	2	313	26
834	2	313	26
834	2	730	33
834	2	1200	13
835	2	313	26
835	2	1513	13
836	2	313	26
837	2	313	26
838	2	313	26
838	2	678	33
838	2	1148	13
839	2	313	26
840	2	313	26
840	2	574	33
840	2	1148	13
841	2	313	26
841	2	834	33
842	2	313	26
842	2	1356	13
842	2	2295	33
843	2	313	26
843	2	678	33
843	2	1148	13
844	2	313	26
845	2	313	26
846	2	313	26
847	2	313	26
847	2	1774	13
848	2	313	26
848	2	574	33
848	2	1148	13
849	2	313	26
850	2	313	26
850	2	730	33
850	2	1148	13
851	2	313	26
852	2	313	26
853	2	313	26
854	2	313	26
854	2	1461	13
855	2	313	26
855	2	834	33
856	2	313	26
856	2	2087	13
857	2	313	26
858	2	313	26
858	2	1200	13
859	2	313	26
860	2	313	26
861	2	313	26
861	2	730	33
862	2	313	26
863	2	313	26
863	2	782	33
863	2	1148	13
864	2	313	26
864	2	678	33
864	2	1148	13
865	2	313	26
865	2	730	33
865	2	1252	13
866	2	313	26
866	2	626	33
866	2	1148	13
867	2	313	26
867	2	1669	13
868	2	313	26
868	2	782	33
868	2	1565	13
869	2	313	26
869	2	1356	13
869	2	1722	33
870	2	313	26
870	2	1669	13
871	2	313	26
871	2	1617	13
872	2	313	26
873	2	313	26
873	2	626	33
873	2	1148	13
874	2	313	26
875	2	313	26
875	2	834	33
875	2	1356	13
876	2	313	26
876	2	730	33
877	2	313	26
877	2	574	33
877	2	1148	13
878	2	313	26
879	2	313	26
879	2	1669	13
880	2	313	26
880	2	626	33
880	2	1148	13
881	2	313	26
882	2	313	26
883	2	313	26
884	2	313	26
884	2	730	33
885	2	313	26
885	2	678	33
885	2	1148	13
886	2	313	26
887	2	313	26
887	2	991	33
888	2	313	26
889	2	313	26
890	2	313	26
891	2	313	26
891	2	782	33
891	2	1565	13
892	2	313	26
893	2	313	26
893	2	834	33
894	2	313	26
894	2	939	33
895	2	313	26
895	2	1669	13
896	2	313	26
896	2	782	33
897	2	313	26
897	2	730	33
897	2	1200	13
898	2	313	26
898	2	782	33
898	2	1148	13
899	2	313	26
899	2	730	33
899	2	1148	13
900	2	313	26
900	2	1722	13
901	2	313	26
901	2	626	33
901	2	1148	13
902	2	313	26
902	2	1252	13
903	2	313	26
903	2	782	33
903	2	1148	13
904	2	313	26
905	2	313	26
906	2	313	26
906	2	730	33
907	2	313	26
908	2	313	26
908	2	730	33
908	2	1252	13
909	2	313	26
910	2	313	26
910	2	1722	13
911	2	313	26
912	2	313	26
912	2	834	33
913	2	313	26
914	2	313	26
914	2	1252	13
914	2	1722	33
915	2	313	26
916	2	313	26
916	2	782	33
916	2	1148	13
917	2	313	26
917	2	2139	13
918	2	313	26
919	2	313	26
920	2	313	26
921	2	313	26
922	2	313	26
922	2	1774	13
923	2	313	26
924	2	313	26
924	2	834	33
924	2	1148	13
925	2	313	26
925	2	730	33
926	2	313	26
926	2	887	33
926	2	1304	13
927	2	313	26
927	2	1356	13
928	2	313	26
929	2	313	26
929	2	834	33
929	2	1356	13
930	2	313	26
931	2	313	26
931	2	678	33
931	2	1148	13
932	2	313	26
932	2	1930	13
933	2	313	26
934	2	313	26
934	2	1722	13
935	2	313	26
935	2	782	33
935	2	1461	13
936	2	313	26
937	2	313	26
938	2	313	26
938	2	1617	13
939	2	313	26
940	2	313	26
940	2	991	33
940	2	1356	13
941	2	313	26
941	2	678	33
941	2	1148	13
942	2	313	26
942	2	678	33
942	2	1148	13
943	2	313	26
944	2	313	26
944	2	1513	13
945	2	313	26
946	2	313	26
946	2	1408	13
947	2	313	26
947	2	730	33
947	2	1148	13
948	2	313	26
948	2	678	33
948	2	1148	13
949	2	313	26
949	2	574	33
949	2	1148	13
950	2	313	26
950	2	626	33
950	2	1148	13
951	2	313	26
952	2	313	26
953	2	313	26
953	2	678	33
953	2	1148	13
954	2	313	26
954	2	626	33
954	2	1148	13
955	2	313	26
956	2	313	26
957	2	313	26
958	2	313	26
959	2	313	26
960	2	313	26
960	2	1043	33
961	2	313	26
961	2	939	33
961	2	1722	13
962	2	313	26
963	2	313	26
963	2	782	33
964	2	313	26
964	2	730	33
964	2	1148	13
965	2	313	26
965	2	1513	13
966	2	313	26
966	2	730	33
966	2	1148	13
967	2	313	26
968	2	313	26
968	2	1408	13
969	2	313	26
969	2	1148	13
969	2	1669	33
970	2	313	26
971	2	313	26
971	2	782	33
971	2	1148	13
972	2	313	26
972	2	626	33
972	2	1148	13
973	2	313	26
973	2	939	33
974	2	313	26
974	2	939	33
975	2	313	26
976	2	313	26
976	2	939	33
976	2	1356	13
977	2	313	26
978	2	313	26
978	2	730	33
978	2	1148	13
979	2	313	26
980	2	313	26
981	2	313	26
981	2	1304	13
981	2	1617	33
982	2	313	26
982	2	834	33
983	2	313	26
983	2	678	33
983	2	1148	13
984	2	313	26
984	2	1513	13
985	2	313	26
985	2	1617	13
986	2	313	26
987	2	313	26
988	2	313	26
988	2	887	33
989	2	313	26
989	2	678	33
989	2	2087	13
990	2	313	26
991	2	313	26
992	2	313	26
993	2	313	26
994	2	313	26
995	2	313	26
995	2	574	33
995	2	1148	13
996	2	313	26
997	2	313	26
998	2	313	26
998	2	887	33
998	2	1252	13
999	2	313	26
0	3	626	29
0	3	887	20
0	3	1617	9
1	3	626	29
1	3	887	20
2	3	678	30
3	3	1408	30
3	3	1669	20
3	3	2295	9
4	3	782	30
4	3	1043	20
4	3	1408	9
4	3	1722	12
5	3	678	30
5	3	939	20
6	3	678	30
6	3	1356	20
7	3	887	30
7	3	1304	20
8	3	834	30
8	3	1095	20
8	3	1513	9
8	3	1826	12
9	3	2243	30
10	3	521	29
10	3	782	20
10	3	2087	9
12	3	1356	30
13	3	1252	30
14	3	469	29
14	3	730	20
14	3	1669	9
15	3	521	29
15	3	834	20
16	3	574	29
16	3	834	20
16	3	1774	9
17	3	574	29
17	3	834	20
17	3	2035	9
18	3	678	30
18	3	939	20
18	3	2191	9
19	3	2087	30
20	3	678	30
20	3	1148	20
20	3	1774	9
20	3	2243	12
21	3	574	30
21	3	834	20
22	3	782	30
22	3	1565	20
23	3	574	29
23	3	834	20
23	3	2139	9
24	3	469	29
24	3	730	20
24	3	1774	9
24	3	2191	12
25	3	1774	30
26	3	678	30
26	3	1356	20
27	3	626	30
27	3	887	20
27	3	2191	9
28	3	678	30
28	3	1095	20
28	3	1565	9
28	3	1930	12
29	3	730	30
29	3	1930	20
30	3	1461	30
30	3	1722	20
31	3	626	29
31	3	939	20
32	3	1356	30
32	3	1617	20
33	3	678	30
33	3	1826	20
34	3	678	30
34	3	1252	20
34	3	2087	9
35	3	574	29
35	3	834	20
35	3	1826	9
36	3	626	29
36	3	887	20
37	3	678	29
37	3	2087	20
38	3	626	29
38	3	1669	20
39	3	626	29
39	3	1095	20
40	3	574	29
40	3	834	20
40	3	1252	9
40	3	1617	12
40	3	1930	30
41	3	939	30
41	3	1304	20
41	3	1982	9
42	3	939	30
42	3	1200	20
42	3	1774	9
43	3	678	30
43	3	939	20
43	3	1826	9
44	3	1774	30
45	3	730	29
45	3	1148	20
46	3	626	30
46	3	887	20
47	3	1356	30
47	3	1617	20
48	3	2243	30
49	3	678	30
49	3	939	20
49	3	1617	9
49	3	2191	12
50	3	1722	30
51	3	1878	30
52	3	887	30
53	3	678	30
53	3	939	20
53	3	1513	9
53	3	1826	12
55	3	678	29
56	3	1356	30
57	3	469	29
57	3	782	20
57	3	1304	9
57	3	1617	12
57	3	1930	30
58	3	678	30
58	3	991	20
58	3	1461	9
58	3	1774	12
59	3	521	29
59	3	782	20
59	3	1722	9
59	3	2191	12
60	3	1304	30
61	3	626	29
61	3	1669	20
62	3	574	29
62	3	887	20
62	3	1617	9
62	3	2035	12
63	3	417	29
63	3	1148	20
63	3	1774	9
64	3	2139	30
65	3	678	30
65	3	1408	20
66	3	1513	30
66	3	1774	20
67	3	887	30
67	3	1148	20
67	3	1722	9
68	3	1617	30
69	3	782	30
69	3	1356	20
70	3	678	30
71	3	1356	30
71	3	1617	20
73	3	1826	30
74	3	782	30
74	3	2243	20
75	3	626	29
75	3	887	20
76	3	1565	30
77	3	1617	30
78	3	1513	30
79	3	887	30
79	3	1565	20
80	3	626	29
80	3	939	20
81	3	678	30
81	3	1930	20
82	3	834	30
82	3	2139	20
83	3	1252	30
84	3	626	29
84	3	939	20
85	3	1878	30
86	3	1252	30
87	3	574	30
87	3	834	20
87	3	1408	9
87	3	1722	12
88	3	834	30
88	3	1148	20
88	3	1774	9
89	3	730	30
89	3	1408	20
90	3	1513	30
90	3	1774	20
91	3	626	29
92	3	678	30
92	3	939	20
92	3	2139	9
93	3	1513	30
94	3	2087	30
95	3	834	30
95	3	2139	20
96	3	939	30
96	3	1408	20
96	3	2139	9
97	3	1356	30
98	3	1826	30
99	3	1252	30
99	3	1930	20
100	3	1513	30
101	3	678	30
101	3	1565	20
102	3	678	30
102	3	1252	20
103	3	782	30
104	3	678	30
104	3	1043	20
104	3	1617	9
106	3	678	30
106	3	1095	20
106	3	1565	9
106	3	1878	12
107	3	574	29
107	3	834	20
107	3	1513	9
107	3	1982	12
107	3	2295	30
108	3	574	29
108	3	834	20
109	3	1461	30
110	3	574	29
110	3	834	20
110	3	1565	9
111	3	782	30
112	3	678	30
112	3	2139	20
113	3	521	29
113	3	782	20
113	3	1617	9
114	3	782	30
114	3	1982	20
115	3	1617	30
116	3	1617	30
116	3	2087	20
117	3	1565	30
118	3	1408	30
118	3	1669	20
119	3	1408	30
119	3	1722	20
120	3	782	30
121	3	1461	30
122	3	626	29
122	3	887	20
122	3	1408	9
122	3	1878	12
122	3	2191	30
123	3	2139	30
124	3	626	29
124	3	887	20
125	3	678	30
125	3	991	20
125	3	1513	9
126	3	469	29
126	3	782	20
126	3	1461	9
127	3	626	29
127	3	887	20
127	3	1513	9
128	3	521	29
128	3	782	20
128	3	1408	9
129	3	1304	30
130	3	469	29
131	3	782	30
131	3	1095	20
131	3	1565	9
131	3	1878	12
132	3	574	29
132	3	834	20
133	3	678	30
133	3	1200	20
134	3	1252	30
134	3	1565	20
135	3	521	29
135	3	782	20
135	3	1826	9
136	3	521	29
136	3	782	20
136	3	1148	30
136	3	1461	9
136	3	1774	12
137	3	678	30
137	3	1252	20
138	3	574	29
138	3	834	20
138	3	1356	9
138	3	1774	12
138	3	2087	30
139	3	626	29
139	3	887	20
139	3	1356	9
139	3	1669	12
139	3	1982	30
140	3	1982	30
141	3	521	29
141	3	782	20
141	3	1304	9
141	3	1617	12
141	3	1930	30
142	3	782	30
142	3	2243	20
143	3	1461	30
143	3	2087	20
145	3	1408	30
145	3	1669	20
146	3	574	29
146	3	1095	20
146	3	1930	9
147	3	834	30
147	3	1148	20
147	3	2087	9
148	3	1513	30
149	3	626	29
149	3	887	20
149	3	1408	9
149	3	1774	12
149	3	2191	30
150	3	678	30
150	3	939	20
150	3	1930	9
151	3	782	30
151	3	1878	20
152	3	678	30
152	3	1043	20
152	3	1617	9
152	3	2087	12
153	3	678	30
153	3	2035	20
154	3	574	29
154	3	887	20
154	3	1408	9
154	3	1722	12
155	3	521	29
155	3	782	20
155	3	1565	9
155	3	2087	12
156	3	521	29
156	3	782	20
156	3	1617	9
156	3	2243	12
158	3	678	30
158	3	939	20
158	3	1669	9
159	3	574	29
159	3	834	20
159	3	1252	9
159	3	1826	12
159	3	2139	30
160	3	678	30
160	3	1200	20
161	3	1774	30
162	3	1252	30
162	3	1513	20
163	3	1304	30
164	3	469	29
164	3	887	20
165	3	678	30
165	3	991	20
165	3	1461	9
165	3	1826	12
166	3	2035	30
167	3	1408	30
169	3	626	29
169	3	887	20
170	3	574	29
170	3	834	20
170	3	1356	9
170	3	1722	12
171	3	834	30
172	3	1304	30
172	3	1565	20
173	3	1513	30
173	3	2295	20
174	3	730	30
174	3	1304	20
174	3	1930	9
175	3	678	30
175	3	1148	20
175	3	1826	9
175	3	2139	12
176	3	521	29
176	3	834	20
177	3	1878	30
178	3	2243	30
179	3	574	29
179	3	1043	20
179	3	1774	9
180	3	2191	30
181	3	521	29
181	3	782	20
182	3	678	30
183	3	626	30
183	3	887	20
183	3	1930	9
184	3	1304	30
185	3	782	30
185	3	1043	20
185	3	1513	9
187	3	678	30
187	3	1304	20
188	3	1304	30
188	3	2295	20
189	3	939	30
189	3	1200	20
189	3	1774	9
189	3	2191	12
190	3	1304	30
190	3	1669	20
191	3	626	29
191	3	887	20
192	3	834	30
192	3	1095	20
192	3	1669	9
193	3	678	30
193	3	1252	20
193	3	2035	9
194	3	678	30
196	3	521	29
196	3	782	20
196	3	1095	30
196	3	1408	9
196	3	1722	12
198	3	782	30
198	3	1200	20
198	3	1722	9
199	3	521	29
199	3	782	20
199	3	1461	9
199	3	2087	12
200	3	1356	30
200	3	1617	20
201	3	2035	30
202	3	887	30
202	3	1408	20
203	3	730	30
203	3	1356	20
204	3	574	29
204	3	887	20
204	3	1826	9
205	3	1461	30
205	3	1930	20
206	3	521	29
206	3	782	20
206	3	1148	30
206	3	1461	9
206	3	1774	12
207	3	626	29
207	3	887	20
207	3	1774	9
208	3	521	29
208	3	939	20
210	3	678	30
210	3	991	20
211	3	1722	30
212	3	782	30
212	3	1461	20
213	3	1774	30
214	3	730	30
215	3	1408	30
215	3	1669	20
216	3	887	30
217	3	1408	30
217	3	1669	20
218	3	887	30
218	3	1148	20
220	3	1617	30
221	3	678	30
221	3	1304	20
222	3	2087	30
223	3	730	30
224	3	782	30
224	3	1461	20
225	3	574	29
225	3	834	20
225	3	1304	9
225	3	1617	12
225	3	1930	30
226	3	469	29
226	3	991	20
226	3	1461	9
227	3	626	29
227	3	1982	20
228	3	521	29
228	3	834	20
228	3	1356	9
228	3	1722	12
229	3	678	30
229	3	1252	20
230	3	469	29
230	3	730	20
231	3	469	29
231	3	730	20
231	3	2191	9
232	3	574	29
232	3	834	20
232	3	1461	9
232	3	1774	12
233	3	1252	30
233	3	1722	20
235	3	1722	30
236	3	887	30
236	3	2139	20
237	3	782	30
239	3	1408	30
240	3	574	29
240	3	834	20
240	3	1565	9
240	3	1930	12
240	3	2295	30
241	3	678	30
241	3	1252	20
241	3	1774	9
242	3	782	30
242	3	1148	20
242	3	1722	9
243	3	521	29
243	3	782	20
243	3	1304	9
243	3	1617	12
243	3	1930	30
244	3	469	29
244	3	730	20
245	3	1356	30
246	3	2243	30
248	3	521	29
248	3	782	20
249	3	574	29
249	3	834	20
250	3	521	29
250	3	782	20
250	3	1408	9
250	3	1722	12
250	3	2087	30
251	3	678	30
251	3	1252	20
252	3	1565	30
253	3	782	30
253	3	2295	20
255	3	887	30
256	3	678	30
256	3	1304	20
256	3	2087	9
257	3	1356	30
257	3	1669	20
258	3	626	29
258	3	887	20
258	3	1982	9
259	3	521	29
259	3	782	20
260	3	678	30
260	3	939	20
260	3	2191	9
262	3	834	30
262	3	1252	20
262	3	2191	9
263	3	730	30
264	3	678	29
264	3	939	20
265	3	626	29
265	3	887	20
266	3	574	29
266	3	1200	20
266	3	2191	9
267	3	521	29
267	3	782	20
268	3	939	30
268	3	1356	20
269	3	626	29
269	3	887	20
269	3	1513	9
270	3	939	30
271	3	678	30
271	3	1148	20
271	3	1774	9
271	3	2087	12
272	3	626	30
272	3	887	20
272	3	1356	9
272	3	1669	12
274	3	1408	30
275	3	1826	30
277	3	939	30
277	3	2295	20
278	3	1669	30
279	3	1408	30
280	3	678	30
280	3	2035	20
282	3	1774	30
283	3	1408	30
283	3	1669	20
284	3	574	29
284	3	834	20
284	3	1148	30
284	3	1461	9
284	3	1774	12
285	3	1356	30
285	3	1617	20
286	3	521	29
286	3	834	20
286	3	1461	9
286	3	1826	12
286	3	2139	30
287	3	1408	30
288	3	626	29
288	3	991	20
289	3	1252	30
291	3	834	30
292	3	1669	30
292	3	2243	20
293	3	521	29
293	3	782	20
293	3	1252	9
293	3	1565	12
293	3	1878	30
294	3	574	29
294	3	834	20
295	3	1304	30
295	3	1982	20
296	3	521	29
296	3	834	20
297	3	1565	30
298	3	782	30
298	3	1408	20
299	3	574	29
299	3	834	20
300	3	1252	30
300	3	2295	20
301	3	521	29
301	3	782	20
301	3	2191	9
302	3	626	29
302	3	1043	20
302	3	1878	9
303	3	469	29
303	3	730	20
303	3	1252	9
303	3	1565	12
303	3	1878	30
304	3	521	29
304	3	782	20
306	3	626	30
306	3	887	20
306	3	1461	9
307	3	678	30
308	3	678	30
309	3	521	29
309	3	782	20
309	3	1252	9
309	3	1565	12
309	3	1878	30
310	3	678	29
310	3	991	20
310	3	1461	9
310	3	1774	12
310	3	2087	30
311	3	782	30
312	3	1252	30
312	3	1982	20
313	3	887	30
314	3	1461	30
315	3	678	30
315	3	1200	20
315	3	1774	9
316	3	2243	30
317	3	1461	30
317	3	1722	20
318	3	1669	30
319	3	1982	30
320	3	1252	30
320	3	1722	20
321	3	626	29
321	3	887	20
322	3	574	30
322	3	887	20
323	3	2035	30
324	3	1513	30
324	3	2295	20
325	3	1461	30
326	3	574	29
326	3	834	20
326	3	2035	9
327	3	1356	30
327	3	1617	20
328	3	730	30
329	3	1617	30
330	3	678	30
330	3	1200	20
330	3	1722	9
331	3	626	29
331	3	887	20
332	3	782	30
332	3	1095	20
332	3	1617	9
333	3	574	29
333	3	834	20
333	3	1930	9
333	3	2295	12
334	3	1461	30
335	3	574	29
335	3	834	20
335	3	2035	9
336	3	626	29
336	3	939	20
336	3	2087	9
337	3	834	30
338	3	939	30
339	3	626	29
339	3	887	20
340	3	1356	30
340	3	1617	20
341	3	1408	30
341	3	1669	20
342	3	521	29
342	3	834	20
342	3	1304	9
342	3	1617	12
342	3	1930	30
343	3	574	29
343	3	834	20
343	3	1565	9
344	3	2191	30
345	3	678	30
345	3	1095	20
345	3	1669	9
346	3	678	30
346	3	991	20
346	3	1461	9
346	3	1774	12
347	3	730	29
347	3	1356	20
348	3	626	29
348	3	887	20
349	3	574	29
349	3	834	20
349	3	1356	9
349	3	1669	12
350	3	2243	30
351	3	574	29
352	3	678	30
352	3	1148	20
353	3	574	29
353	3	834	20
354	3	469	29
354	3	730	20
354	3	1148	30
354	3	1461	9
354	3	1774	12
355	3	626	29
355	3	887	20
356	3	730	30
356	3	1565	20
357	3	730	30
357	3	1356	20
358	3	939	30
358	3	1408	20
360	3	678	30
360	3	2035	20
361	3	730	30
361	3	1252	20
361	3	2243	9
362	3	2191	30
364	3	574	29
364	3	834	20
365	3	1826	30
366	3	678	30
366	3	1304	20
367	3	521	29
367	3	939	20
368	3	574	29
368	3	834	20
368	3	1200	9
368	3	1513	12
368	3	1826	30
369	3	574	29
369	3	939	20
369	3	1513	9
370	3	782	30
371	3	521	29
371	3	834	20
372	3	1252	30
372	3	1513	20
373	3	834	30
374	3	1669	30
374	3	2295	20
375	3	1461	30
376	3	834	30
376	3	1982	20
377	3	1461	30
377	3	1722	20
378	3	1304	30
378	3	1669	20
379	3	730	29
379	3	1148	20
380	3	782	30
381	3	678	30
381	3	1982	20
382	3	626	29
382	3	887	20
383	3	1513	30
384	3	626	29
384	3	939	20
385	3	678	30
386	3	678	30
387	3	678	30
387	3	939	20
387	3	1408	9
387	3	1722	12
388	3	2295	30
389	3	574	29
389	3	834	20
390	3	574	29
390	3	834	20
390	3	1930	9
391	3	678	30
391	3	939	20
391	3	1774	9
391	3	2191	12
392	3	887	30
392	3	2191	20
393	3	521	29
393	3	782	20
393	3	2139	9
394	3	782	30
394	3	1513	20
395	3	939	30
396	3	574	29
396	3	834	20
396	3	1148	30
396	3	1461	9
396	3	1774	12
397	3	1408	30
397	3	1669	20
398	3	678	30
399	3	521	29
399	3	782	20
400	3	730	30
400	3	1304	20
402	3	782	30
402	3	1200	20
402	3	1774	9
403	3	2191	30
404	3	1252	30
404	3	1774	20
405	3	1304	30
405	3	2035	20
406	3	574	29
406	3	991	20
406	3	1774	9
407	3	1356	30
407	3	1617	20
409	3	1252	30
410	3	887	30
410	3	1982	20
411	3	469	29
411	3	730	20
411	3	1252	9
411	3	1565	12
411	3	1878	30
412	3	626	29
412	3	887	20
412	3	1200	9
412	3	1513	12
412	3	1826	30
413	3	574	29
413	3	834	20
413	3	1200	9
413	3	1513	12
413	3	1826	30
414	3	678	30
414	3	1095	20
414	3	1774	9
414	3	2295	12
415	3	678	29
415	3	939	20
415	3	1774	9
416	3	1617	30
417	3	678	30
417	3	1095	20
417	3	2191	9
418	3	574	29
418	3	991	20
418	3	1408	9
418	3	1722	12
419	3	469	29
419	3	834	20
419	3	1513	9
420	3	782	30
420	3	1408	20
421	3	2191	30
422	3	834	30
423	3	1252	30
423	3	1513	20
423	3	2139	9
424	3	521	29
424	3	782	20
424	3	1356	9
424	3	1669	12
424	3	1982	30
425	3	782	30
425	3	2035	20
426	3	1304	30
426	3	1565	20
426	3	2139	9
427	3	2243	30
428	3	678	30
428	3	939	20
429	3	678	30
429	3	1200	20
429	3	1774	9
430	3	574	29
430	3	939	20
431	3	521	29
431	3	782	20
431	3	1513	9
432	3	678	29
432	3	939	20
432	3	1461	9
432	3	1774	12
433	3	887	30
433	3	1304	20
434	3	626	29
434	3	887	20
434	3	1461	9
434	3	1774	12
434	3	2087	30
435	3	469	29
435	3	782	20
435	3	1513	9
436	3	626	29
436	3	887	20
436	3	1356	9
436	3	1669	12
436	3	1982	30
437	3	521	29
437	3	782	20
437	3	2191	9
438	3	678	30
438	3	1148	20
438	3	1722	9
439	3	887	30
440	3	678	30
440	3	1408	20
441	3	1982	30
442	3	730	30
442	3	1356	20
442	3	2295	9
443	3	678	30
444	3	1774	30
445	3	574	29
445	3	834	20
445	3	1982	9
445	3	2295	12
446	3	939	30
446	3	2035	20
447	3	1722	30
448	3	939	30
449	3	2243	30
451	3	678	30
451	3	1200	20
451	3	1722	9
451	3	2035	12
452	3	678	30
452	3	939	20
453	3	521	29
453	3	782	20
453	3	1252	9
453	3	1565	12
453	3	1878	30
454	3	1513	30
455	3	1095	30
455	3	1461	20
456	3	1513	30
456	3	1774	20
457	3	678	30
457	3	1565	20
458	3	1826	30
459	3	834	30
460	3	574	29
460	3	834	20
461	3	521	29
461	3	834	20
461	3	1669	9
462	3	678	30
462	3	1356	20
463	3	678	30
463	3	991	20
463	3	1461	9
463	3	1774	12
464	3	834	30
464	3	1356	20
465	3	574	29
465	3	834	20
466	3	574	29
466	3	834	20
466	3	1826	9
467	3	521	29
467	3	834	20
467	3	2295	9
468	3	574	29
468	3	834	20
469	3	521	29
469	3	782	20
469	3	1356	9
469	3	1878	12
469	3	2191	30
470	3	1669	30
471	3	1304	30
471	3	2035	20
472	3	521	29
472	3	834	20
473	3	678	30
473	3	1304	20
473	3	2139	9
474	3	521	29
474	3	834	20
474	3	1461	9
475	3	887	30
475	3	2087	20
476	3	1513	30
477	3	887	30
478	3	887	30
480	3	678	30
481	3	678	30
481	3	991	20
481	3	1408	9
481	3	1722	12
482	3	834	30
482	3	1982	20
483	3	1878	30
484	3	2243	30
485	3	1356	30
486	3	1461	30
486	3	1722	20
487	3	574	29
487	3	834	20
488	3	1461	30
489	3	574	29
489	3	834	20
489	3	1200	9
489	3	1565	12
489	3	1878	30
490	3	730	30
490	3	1148	20
490	3	1774	9
490	3	2087	12
491	3	730	29
491	3	1513	20
492	3	939	30
492	3	1356	20
492	3	2035	9
493	3	678	30
494	3	678	30
494	3	939	20
495	3	730	30
495	3	1200	20
495	3	1722	9
496	3	678	30
496	3	1148	20
496	3	1722	9
496	3	2191	12
497	3	469	29
497	3	834	20
498	3	782	30
498	3	1408	20
499	3	678	30
499	3	2139	20
500	3	521	29
500	3	782	20
500	3	1200	9
500	3	1513	12
500	3	1826	30
501	3	1461	30
502	3	939	30
502	3	1408	20
503	3	574	29
503	3	834	20
503	3	1200	9
503	3	1513	12
503	3	1826	30
505	3	1513	30
505	3	2243	20
506	3	1304	30
506	3	1774	20
507	3	1826	30
508	3	626	29
508	3	887	20
508	3	1408	9
508	3	1722	12
508	3	2035	30
510	3	1930	30
512	3	834	30
512	3	1252	20
512	3	1826	9
513	3	887	30
513	3	1408	20
514	3	626	29
514	3	991	20
515	3	574	29
515	3	834	20
515	3	1565	9
515	3	2087	12
516	3	1513	30
517	3	1461	30
517	3	1774	20
518	3	939	30
518	3	1461	20
519	3	678	30
519	3	939	20
519	3	1565	9
520	3	574	29
520	3	1878	20
521	3	574	29
521	3	834	20
521	3	1461	9
521	3	1774	12
522	3	939	30
522	3	1200	20
522	3	1617	9
523	3	574	29
523	3	834	20
524	3	2295	30
525	3	678	30
525	3	1043	20
525	3	1461	9
525	3	1774	12
526	3	2139	30
527	3	521	29
527	3	782	20
528	3	574	29
528	3	834	20
529	3	626	29
529	3	887	20
529	3	1200	9
529	3	1513	12
529	3	1826	30
530	3	1461	30
530	3	1722	20
531	3	1304	30
531	3	1565	20
532	3	834	30
532	3	1461	20
533	3	2243	30
534	3	626	29
534	3	887	20
534	3	1304	9
534	3	1722	12
534	3	2035	30
535	3	1774	30
536	3	1513	30
536	3	2139	20
537	3	678	30
537	3	1200	20
537	3	1930	9
538	3	521	29
538	3	782	20
539	3	574	29
539	3	834	20
540	3	2191	30
541	3	626	30
541	3	887	20
542	3	887	30
542	3	1565	20
543	3	1356	30
543	3	1617	20
543	3	2139	9
544	3	678	30
544	3	1043	20
544	3	1513	9
544	3	1826	12
545	3	782	30
546	3	1408	30
546	3	1669	20
547	3	678	29
547	3	1095	20
547	3	1617	9
547	3	1930	12
547	3	2243	30
548	3	1513	30
549	3	1513	30
549	3	1774	20
550	3	469	29
550	3	782	20
550	3	1200	9
550	3	1513	12
550	3	1826	30
551	3	574	30
551	3	834	20
551	3	1304	9
551	3	1617	12
552	3	1513	30
553	3	678	30
553	3	1408	20
554	3	521	29
554	3	782	20
554	3	1565	9
555	3	521	29
555	3	782	20
555	3	1200	9
555	3	1513	12
555	3	1826	30
556	3	730	30
556	3	1252	20
556	3	1722	9
557	3	1826	30
558	3	574	30
558	3	834	20
559	3	939	30
559	3	1356	20
560	3	1513	30
561	3	730	30
562	3	939	30
562	3	1408	20
563	3	678	30
563	3	1148	20
563	3	1617	9
564	3	1513	30
564	3	2243	20
565	3	574	29
565	3	887	20
565	3	1356	9
565	3	1669	12
565	3	1982	30
566	3	678	30
566	3	939	20
567	3	678	30
567	3	1408	20
568	3	521	29
568	3	782	20
568	3	1304	9
568	3	1722	12
569	3	887	30
569	3	1408	20
570	3	1252	30
570	3	1617	20
571	3	521	29
571	3	782	20
571	3	2295	9
572	3	1617	30
573	3	2295	30
574	3	834	30
575	3	521	29
575	3	782	20
575	3	1200	9
575	3	1513	12
575	3	1826	30
576	3	1356	30
576	3	1617	20
577	3	626	29
577	3	887	20
577	3	1565	9
578	3	1252	30
579	3	730	30
580	3	2191	30
581	3	1304	30
581	3	1565	20
581	3	2191	9
582	3	939	30
582	3	1565	20
583	3	626	29
583	3	887	20
583	3	1200	9
583	3	1513	12
583	3	1826	30
584	3	521	29
584	3	834	20
585	3	574	29
585	3	834	20
585	3	1148	30
585	3	1461	9
585	3	1774	12
586	3	678	30
586	3	1148	20
586	3	1669	9
587	3	469	29
587	3	730	20
587	3	1200	9
587	3	1565	12
587	3	1878	30
588	3	730	30
588	3	1148	20
589	3	678	30
589	3	1043	20
589	3	1774	9
590	3	678	29
590	3	939	20
591	3	1669	30
593	3	678	30
594	3	678	30
594	3	1982	20
595	3	574	29
595	3	834	20
595	3	1356	9
595	3	1669	12
595	3	1982	30
596	3	678	30
596	3	1304	20
597	3	678	29
598	3	521	29
598	3	782	20
598	3	2139	9
599	3	574	29
599	3	834	20
599	3	2139	9
600	3	1774	30
601	3	678	29
601	3	1252	20
602	3	1408	30
603	3	678	30
604	3	730	30
604	3	1356	20
604	3	2087	9
605	3	1304	30
605	3	1617	20
606	3	782	30
606	3	1200	20
606	3	1722	9
607	3	521	29
607	3	834	20
607	3	1774	9
607	3	2295	12
608	3	678	30
608	3	939	20
608	3	1826	9
610	3	2191	30
611	3	678	30
611	3	1722	20
612	3	1356	30
612	3	1617	20
613	3	1461	30
614	3	1408	30
614	3	1669	20
615	3	834	30
615	3	1669	20
616	3	1252	30
616	3	1513	20
617	3	2191	30
618	3	2243	30
619	3	887	30
620	3	574	29
620	3	834	20
621	3	887	30
621	3	1356	20
622	3	574	30
622	3	834	20
623	3	1304	30
624	3	678	30
624	3	939	20
625	3	1304	30
625	3	1565	20
626	3	678	30
626	3	1043	20
626	3	1774	9
627	3	678	30
627	3	1148	20
628	3	678	30
628	3	1200	20
628	3	2087	9
629	3	834	30
629	3	2139	20
630	3	782	30
630	3	1565	20
631	3	678	30
631	3	1148	20
631	3	1774	9
631	3	2087	12
632	3	574	29
632	3	834	20
632	3	1617	9
632	3	2191	12
633	3	1722	30
634	3	1408	30
634	3	1669	20
635	3	1565	30
637	3	1252	30
638	3	2087	30
639	3	574	30
639	3	887	20
639	3	1461	9
639	3	1774	12
640	3	730	30
641	3	626	30
642	3	1408	30
642	3	1669	20
644	3	678	29
644	3	939	20
645	3	834	30
645	3	1252	20
646	3	626	29
646	3	887	20
646	3	1461	9
646	3	1774	12
647	3	1669	30
648	3	939	30
648	3	1304	20
649	3	574	29
649	3	939	20
649	3	2139	9
650	3	1669	30
650	3	2243	20
651	3	626	29
652	3	678	30
652	3	1252	20
652	3	2035	9
653	3	782	30
653	3	1148	20
653	3	2191	9
654	3	782	30
655	3	678	30
655	3	1408	20
656	3	678	30
656	3	1304	20
657	3	678	30
657	3	939	20
658	3	678	29
658	3	939	20
658	3	1461	9
658	3	1774	12
658	3	2087	30
659	3	1356	30
659	3	1617	20
660	3	782	30
661	3	626	29
661	3	939	20
661	3	2087	9
662	3	678	30
662	3	1252	20
662	3	2087	9
663	3	939	30
663	3	1565	20
664	3	626	29
664	3	939	20
664	3	1513	9
664	3	1826	12
664	3	2139	30
665	3	626	29
665	3	887	20
666	3	626	29
666	3	887	20
666	3	2035	9
667	3	678	30
667	3	939	20
668	3	834	30
668	3	1565	20
668	3	2295	9
669	3	1252	30
669	3	1513	20
669	3	2191	9
670	3	782	30
670	3	1513	20
671	3	1408	30
672	3	991	30
672	3	2243	20
673	3	678	30
673	3	1565	20
674	3	939	30
674	3	1200	20
675	3	1304	30
675	3	1565	20
676	3	574	29
676	3	834	20
676	3	1408	9
676	3	1774	12
676	3	2087	30
677	3	782	30
677	3	1200	20
677	3	1722	9
678	3	574	29
678	3	939	20
678	3	2243	9
679	3	1408	30
680	3	1252	30
680	3	1513	20
681	3	887	30
682	3	521	29
682	3	1774	20
683	3	1408	30
684	3	1252	30
684	3	1513	20
685	3	678	30
685	3	2139	20
686	3	574	29
686	3	939	20
687	3	1565	30
688	3	1408	30
688	3	2295	20
689	3	1408	30
689	3	1669	20
690	3	678	30
691	3	574	29
691	3	939	20
691	3	1565	9
691	3	1878	12
691	3	2191	30
692	3	678	30
692	3	1043	20
692	3	1461	9
692	3	1774	12
693	3	678	30
693	3	1148	20
693	3	1774	9
694	3	887	30
694	3	1148	20
695	3	521	29
695	3	782	20
695	3	2035	9
696	3	834	30
697	3	521	29
697	3	887	20
697	3	1774	9
698	3	1669	30
698	3	2243	20
699	3	678	30
699	3	1356	20
700	3	678	30
701	3	834	30
701	3	1304	20
701	3	1930	9
702	3	678	30
703	3	469	29
703	3	782	20
703	3	1565	9
704	3	2191	30
705	3	887	30
705	3	1722	20
705	3	2295	9
706	3	521	29
706	3	782	20
706	3	2295	9
707	3	730	30
707	3	1356	20
708	3	1356	30
708	3	1617	20
709	3	678	30
709	3	1043	20
709	3	1565	9
709	3	2087	12
710	3	678	30
710	3	991	20
710	3	1461	9
711	3	1304	30
711	3	1565	20
711	3	2139	9
712	3	730	30
712	3	1408	20
713	3	2035	30
714	3	626	29
714	3	887	20
714	3	2087	9
715	3	939	30
715	3	1669	20
716	3	574	29
716	3	834	20
716	3	1304	9
716	3	1669	12
717	3	1304	30
717	3	1565	20
717	3	1878	9
717	3	2295	12
718	3	626	30
718	3	887	20
718	3	1565	9
718	3	2139	12
719	3	834	30
720	3	1930	30
721	3	939	30
721	3	1252	20
721	3	2191	9
722	3	469	29
722	3	730	20
722	3	1200	9
722	3	1513	12
722	3	1826	30
723	3	678	30
724	3	678	30
725	3	678	30
725	3	939	20
725	3	1722	9
726	3	678	30
726	3	1148	20
726	3	1617	9
727	3	1408	30
728	3	2087	30
729	3	678	29
729	3	1982	20
730	3	939	30
730	3	1356	20
731	3	521	29
731	3	782	20
731	3	2191	9
732	3	678	29
732	3	1982	20
733	3	574	29
733	3	887	20
733	3	1722	9
734	3	469	29
734	3	782	20
734	3	1930	9
735	3	2191	30
736	3	1252	30
736	3	1722	20
737	3	626	29
737	3	991	20
737	3	1722	9
737	3	2139	12
738	3	626	29
738	3	991	20
738	3	1565	9
738	3	1878	12
738	3	2191	30
739	3	1356	30
739	3	1617	20
741	3	678	30
741	3	1461	20
742	3	626	29
742	3	887	20
742	3	1304	9
742	3	1722	12
742	3	2035	30
743	3	521	29
743	3	782	20
743	3	2087	9
744	3	1408	30
744	3	1669	20
744	3	2295	9
745	3	939	30
746	3	1513	30
747	3	730	29
747	3	1722	20
748	3	2243	30
749	3	1461	30
750	3	626	29
751	3	1356	30
752	3	834	30
752	3	1304	20
752	3	2035	9
753	3	521	29
753	3	782	20
753	3	1461	9
753	3	1826	12
753	3	2139	30
754	3	574	29
754	3	834	20
754	3	1722	9
755	3	574	29
755	3	834	20
755	3	2191	9
756	3	574	29
756	3	834	20
756	3	1356	9
756	3	1669	12
756	3	1982	30
757	3	1722	30
758	3	574	29
758	3	834	20
758	3	1826	9
759	3	1513	30
760	3	678	30
761	3	678	30
761	3	1722	20
762	3	678	30
762	3	1304	20
763	3	1408	30
763	3	1669	20
764	3	887	30
765	3	469	29
765	3	782	20
765	3	2295	9
766	3	626	29
766	3	939	20
767	3	1356	30
767	3	1617	20
768	3	1617	30
769	3	1252	30
770	3	2191	30
771	3	1356	30
771	3	1617	20
772	3	782	30
773	3	1617	30
774	3	521	29
774	3	782	20
774	3	1461	9
774	3	1774	12
775	3	1408	30
776	3	469	29
776	3	730	20
776	3	1304	9
776	3	1878	12
776	3	2191	30
777	3	2243	30
778	3	678	29
778	3	1356	20
779	3	2191	30
780	3	887	30
781	3	521	29
781	3	1095	20
781	3	1774	9
782	3	678	30
782	3	2035	20
783	3	1617	30
784	3	626	30
784	3	887	20
784	3	2087	9
785	3	782	30
786	3	730	30
787	3	1513	30
788	3	678	30
788	3	939	20
789	3	1304	30
789	3	1565	20
789	3	2191	9
790	3	782	30
790	3	1669	20
791	3	1513	30
792	3	782	30
793	3	626	30
793	3	887	20
793	3	1930	9
793	3	2243	12
794	3	521	29
794	3	782	20
795	3	1722	30
796	3	1513	30
797	3	574	29
797	3	834	20
798	3	887	30
798	3	1774	20
800	3	1200	30
801	3	1513	30
801	3	2035	20
802	3	678	30
802	3	1252	20
803	3	574	29
803	3	1043	20
803	3	1669	9
803	3	2243	12
804	3	678	30
804	3	1461	20
804	3	2243	9
806	3	1565	30
807	3	626	29
807	3	887	20
807	3	1200	9
807	3	1513	12
807	3	1826	30
808	3	2243	30
809	3	1930	30
810	3	521	29
810	3	782	20
810	3	1774	9
811	3	521	29
811	3	782	20
811	3	2139	9
812	3	574	30
812	3	887	20
812	3	1617	9
812	3	1930	12
813	3	887	30
813	3	1356	20
814	3	939	30
815	3	469	29
815	3	782	20
816	3	1304	30
816	3	1565	20
817	3	2295	30
818	3	678	30
818	3	1200	20
818	3	2087	9
819	3	1617	30
820	3	678	30
821	3	1408	30
821	3	1722	20
822	3	521	29
822	3	782	20
822	3	2087	9
823	3	626	29
823	3	887	20
823	3	1252	9
823	3	1617	12
823	3	1930	30
824	3	1304	30
824	3	1565	20
825	3	939	30
825	3	1304	20
826	3	834	30
826	3	1356	20
827	3	730	30
828	3	1252	30
829	3	2243	30
830	3	1304	30
831	3	521	29
831	3	939	20
831	3	1461	9
831	3	1774	12
831	3	2087	30
832	3	678	29
832	3	939	20
832	3	1356	9
832	3	1669	12
832	3	1982	30
833	3	1408	30
833	3	1774	20
834	3	626	29
834	3	887	20
834	3	1461	9
834	3	1826	12
834	3	2139	30
835	3	678	30
835	3	2035	20
836	3	1982	30
837	3	1408	30
837	3	2087	20
838	3	574	30
838	3	834	20
838	3	1722	9
838	3	2139	12
839	3	1565	30
839	3	2087	20
840	3	469	29
840	3	730	20
840	3	1043	30
840	3	1356	9
840	3	1669	12
841	3	678	30
841	3	939	20
842	3	730	30
842	3	1304	20
842	3	2139	9
843	3	574	29
843	3	834	20
843	3	1252	9
843	3	1565	12
843	3	1878	30
844	3	1408	30
845	3	1461	30
846	3	1617	30
847	3	1408	30
847	3	1669	20
848	3	469	29
848	3	730	20
848	3	1304	9
848	3	1669	12
849	3	2139	30
850	3	521	29
850	3	887	20
850	3	1356	9
850	3	1669	12
850	3	1982	30
852	3	834	30
853	3	1565	30
853	3	2139	20
854	3	1304	30
854	3	1565	20
855	3	626	30
856	3	678	29
857	3	1513	30
858	3	887	30
858	3	1148	20
859	3	939	30
860	3	1461	30
861	3	626	29
861	3	887	20
862	3	1669	30
863	3	469	29
863	3	939	20
863	3	1461	9
864	3	521	29
864	3	782	20
864	3	1408	9
864	3	1722	12
864	3	2035	30
865	3	626	30
865	3	887	20
866	3	574	29
866	3	834	20
866	3	2243	9
867	3	678	30
867	3	2035	20
868	3	678	30
868	3	939	20
869	3	939	30
869	3	1304	20
870	3	1356	30
870	3	1617	20
871	3	1356	30
871	3	1617	20
873	3	521	29
873	3	782	20
873	3	1304	9
873	3	1669	12
873	3	1982	30
875	3	678	30
875	3	1200	20
876	3	678	30
876	3	939	20
877	3	521	29
877	3	782	20
877	3	1252	9
877	3	1565	12
877	3	1878	30
878	3	1408	30
878	3	1669	20
879	3	730	30
879	3	2087	20
880	3	626	29
880	3	887	20
880	3	1565	9
880	3	2191	12
881	3	834	30
882	3	1461	30
882	3	1722	20
883	3	1878	30
884	3	626	29
884	3	887	20
885	3	678	29
885	3	939	20
885	3	1304	9
885	3	1617	12
885	3	1930	30
886	3	834	30
886	3	2191	20
887	3	782	30
887	3	1408	20
888	3	939	30
889	3	1513	30
890	3	1252	30
890	3	1722	20
891	3	574	29
891	3	939	20
892	3	1669	30
893	3	678	30
894	3	782	30
894	3	1408	20
895	3	678	30
895	3	1878	20
896	3	626	29
896	3	939	20
897	3	626	30
897	3	939	20
897	3	1774	9
898	3	469	29
898	3	939	20
898	3	1461	9
898	3	1774	12
899	3	574	29
899	3	834	20
899	3	1461	9
899	3	1774	12
900	3	834	30
900	3	1826	20
901	3	574	29
901	3	834	20
902	3	1148	20
902	3	1304	30
902	3	1722	9
903	3	574	30
903	3	939	20
903	3	1565	9
903	3	1930	12
905	3	1356	30
905	3	2087	20
906	3	521	29
906	3	834	20
907	3	2191	30
908	3	626	29
908	3	887	20
909	3	2139	30
910	3	1356	30
910	3	1669	20
911	3	782	30
912	3	678	30
912	3	939	20
913	3	1513	30
913	3	1774	20
914	3	939	30
914	3	1200	20
915	3	1200	30
915	3	1722	20
916	3	574	29
916	3	939	20
916	3	1461	9
917	3	678	30
917	3	2243	20
918	3	1408	30
918	3	1669	20
919	3	1461	30
920	3	939	30
921	3	678	30
922	3	678	30
922	3	1826	20
923	3	1408	30
924	3	678	30
924	3	939	20
924	3	1408	9
924	3	1722	12
925	3	626	29
925	3	887	20
926	3	678	30
926	3	1095	20
926	3	1774	9
926	3	2295	12
927	3	782	30
927	3	1304	20
929	3	574	29
929	3	1043	20
929	3	1774	9
931	3	574	29
931	3	834	20
931	3	1304	9
931	3	1617	12
931	3	1930	30
932	3	1356	30
932	3	1774	20
933	3	1461	30
933	3	1722	20
934	3	1252	30
934	3	1565	20
935	3	678	30
935	3	939	20
936	3	678	30
936	3	2087	20
937	3	782	30
938	3	939	30
938	3	1461	20
939	3	1408	30
940	3	469	29
940	3	1148	20
940	3	1722	9
940	3	2139	12
941	3	469	29
941	3	782	20
941	3	1461	9
941	3	1826	12
941	3	2139	30
942	3	469	29
942	3	782	20
942	3	1356	9
942	3	1722	12
942	3	2139	30
943	3	678	30
944	3	678	30
944	3	1513	20
945	3	1617	30
946	3	678	30
946	3	1461	20
947	3	678	29
947	3	939	20
947	3	1252	9
947	3	1565	12
947	3	1878	30
948	3	574	29
948	3	834	20
949	3	469	29
949	3	730	20
949	3	1148	30
949	3	1461	9
949	3	1774	12
950	3	626	29
950	3	887	20
950	3	1617	9
952	3	2191	30
953	3	626	29
953	3	887	20
953	3	1617	9
954	3	469	29
954	3	782	20
954	3	1565	9
956	3	678	30
957	3	1565	30
958	3	1252	30
960	3	834	30
960	3	1148	20
961	3	887	30
961	3	1200	20
962	3	2243	30
963	3	730	30
963	3	991	20
964	3	678	30
964	3	939	20
964	3	1408	9
964	3	1722	12
965	3	834	30
965	3	1461	20
966	3	521	29
966	3	834	20
966	3	2139	9
967	3	1461	30
968	3	678	30
968	3	1774	20
969	3	678	30
969	3	1200	20
969	3	2035	9
971	3	574	29
971	3	887	20
971	3	1826	9
972	3	521	29
972	3	782	20
972	3	1148	30
972	3	1461	9
972	3	1774	12
973	3	678	30
974	3	626	30
975	3	1461	30
976	3	678	30
976	3	1095	20
976	3	1722	9
977	3	1982	30
978	3	678	30
978	3	939	20
978	3	1774	9
979	3	1513	30
979	3	1774	20
980	3	1930	30
981	3	834	30
981	3	1304	20
981	3	1774	9
982	3	678	30
982	3	939	20
983	3	521	29
983	3	834	20
984	3	1252	30
984	3	1513	20
985	3	1356	30
985	3	1617	20
986	3	2191	30
987	3	1356	30
988	3	678	30
988	3	1826	20
989	3	521	29
989	3	782	20
990	3	1565	30
992	3	1930	30
993	3	782	30
994	3	2191	30
995	3	574	29
995	3	834	20
995	3	1930	9
996	3	1408	30
998	3	678	30
998	3	1043	20
998	3	1513	9
998	3	1826	12
999	3	1565	30
0	4	626	29
1	4	626	29
2	4	678	30
3	4	1095	28
3	4	1408	30
4	4	782	30
4	4	1774	28
5	4	678	30
6	4	678	30
6	4	2191	28
7	4	887	30
8	4	834	30
9	4	1930	28
9	4	2243	30
10	4	521	29
10	4	1930	28
11	4	2295	28
12	4	1043	28
12	4	1356	30
13	4	939	28
13	4	1252	30
14	4	469	29
14	4	1565	28
15	4	521	29
15	4	2035	28
16	4	574	29
16	4	1617	28
17	4	574	29
17	4	1930	28
18	4	678	30
19	4	1774	28
19	4	2087	30
20	4	678	30
20	4	1982	28
21	4	574	30
22	4	782	30
23	4	574	29
23	4	1826	28
24	4	469	29
24	4	1774	28
25	4	1461	28
25	4	1774	30
26	4	678	30
27	4	626	30
28	4	678	30
28	4	1774	28
29	4	730	30
30	4	1148	28
30	4	1461	30
31	4	626	29
32	4	1043	28
32	4	1356	30
33	4	678	30
34	4	678	30
34	4	2087	28
35	4	574	29
35	4	1774	28
36	4	626	29
37	4	678	29
38	4	626	29
39	4	626	29
40	4	574	29
40	4	1930	30
40	4	2191	28
41	4	939	30
41	4	2139	28
42	4	939	30
43	4	678	30
43	4	2087	28
44	4	1461	28
44	4	1774	30
45	4	730	29
46	4	626	30
47	4	1043	28
47	4	1356	30
48	4	1930	28
48	4	2243	30
49	4	678	30
49	4	1930	28
50	4	1408	28
50	4	1722	30
51	4	1565	28
51	4	1878	30
52	4	887	30
53	4	678	30
53	4	1722	28
55	4	678	29
56	4	1043	28
56	4	1356	30
57	4	469	29
57	4	1252	28
57	4	1930	30
58	4	678	30
58	4	1722	28
59	4	521	29
59	4	1617	28
60	4	991	28
60	4	1304	30
61	4	626	29
62	4	574	29
62	4	1565	28
63	4	417	29
63	4	1669	28
64	4	1826	28
64	4	2139	30
65	4	678	30
66	4	1200	28
66	4	1513	30
67	4	887	30
68	4	1304	28
68	4	1617	30
69	4	782	30
70	4	678	30
71	4	1043	28
71	4	1356	30
73	4	1513	28
73	4	1826	30
74	4	782	30
75	4	626	29
76	4	1252	28
76	4	1565	30
77	4	1304	28
77	4	1617	30
78	4	1200	28
78	4	1513	30
79	4	887	30
80	4	626	29
81	4	678	30
82	4	834	30
83	4	939	28
83	4	1252	30
84	4	626	29
85	4	1565	28
85	4	1878	30
86	4	939	28
86	4	1252	30
87	4	574	30
87	4	1617	28
88	4	834	30
89	4	730	30
90	4	1200	28
90	4	1513	30
91	4	626	29
92	4	678	30
93	4	1200	28
93	4	1513	30
94	4	1774	28
94	4	2087	30
95	4	834	30
96	4	939	30
96	4	2295	28
97	4	1043	28
97	4	1356	30
98	4	1513	28
98	4	1826	30
99	4	939	28
99	4	1252	30
100	4	1200	28
100	4	1513	30
101	4	678	30
102	4	678	30
103	4	782	30
104	4	678	30
104	4	2035	28
105	4	2139	28
106	4	678	30
106	4	1722	28
107	4	574	29
107	4	1617	28
107	4	2295	30
108	4	574	29
109	4	1148	28
109	4	1461	30
110	4	574	29
110	4	1513	28
111	4	782	30
112	4	678	30
113	4	521	29
113	4	1617	28
114	4	782	30
115	4	1304	28
115	4	1617	30
116	4	1304	28
116	4	1617	30
117	4	1252	28
117	4	1565	30
118	4	1095	28
118	4	1408	30
119	4	1095	28
119	4	1408	30
120	4	782	30
121	4	1148	28
121	4	1461	30
122	4	626	29
122	4	1774	28
122	4	2191	30
123	4	1826	28
123	4	2139	30
124	4	626	29
125	4	678	30
125	4	1722	28
126	4	469	29
126	4	1408	28
127	4	626	29
128	4	521	29
128	4	1408	28
129	4	991	28
129	4	1304	30
130	4	469	29
131	4	782	30
131	4	1930	28
132	4	574	29
133	4	678	30
134	4	939	28
134	4	1252	30
135	4	521	29
135	4	1826	28
136	4	521	29
136	4	1095	28
136	4	1148	30
137	4	678	30
138	4	574	29
138	4	1304	28
138	4	2087	30
139	4	626	29
139	4	1461	28
139	4	1982	30
140	4	1669	28
140	4	1982	30
141	4	521	29
141	4	1252	28
141	4	1930	30
142	4	782	30
143	4	1148	28
143	4	1461	30
145	4	1095	28
145	4	1408	30
146	4	574	29
146	4	1774	28
147	4	834	30
148	4	1200	28
148	4	1513	30
149	4	626	29
149	4	2191	30
150	4	678	30
150	4	2035	28
151	4	782	30
152	4	678	30
152	4	1826	28
153	4	678	30
154	4	574	29
154	4	1356	28
155	4	521	29
155	4	1617	28
156	4	521	29
156	4	1513	28
158	4	678	30
159	4	574	29
159	4	2139	30
160	4	678	30
161	4	1461	28
161	4	1774	30
162	4	939	28
162	4	1252	30
163	4	991	28
163	4	1304	30
164	4	469	29
164	4	2139	28
165	4	678	30
165	4	1669	28
166	4	1722	28
166	4	2035	30
167	4	1095	28
167	4	1408	30
169	4	626	29
170	4	574	29
170	4	1304	28
171	4	834	30
172	4	991	28
172	4	1304	30
173	4	1200	28
173	4	1513	30
174	4	730	30
174	4	2243	28
175	4	678	30
175	4	1930	28
176	4	521	29
177	4	1565	28
177	4	1878	30
178	4	1930	28
178	4	2243	30
179	4	574	29
179	4	1669	28
180	4	1878	28
180	4	2191	30
181	4	521	29
182	4	678	30
183	4	626	30
183	4	1982	28
184	4	991	28
184	4	1304	30
185	4	782	30
186	4	2035	28
187	4	678	30
188	4	991	28
188	4	1304	30
189	4	939	30
189	4	2087	28
190	4	991	28
190	4	1304	30
191	4	626	29
192	4	834	30
193	4	678	30
193	4	2087	28
194	4	678	30
196	4	521	29
196	4	1095	30
196	4	1722	28
198	4	782	30
199	4	521	29
199	4	1565	28
200	4	1043	28
200	4	1356	30
201	4	1722	28
201	4	2035	30
202	4	887	30
203	4	730	30
204	4	574	29
204	4	1878	28
205	4	1148	28
205	4	1461	30
206	4	521	29
206	4	1095	28
206	4	1148	30
207	4	626	29
207	4	1930	28
208	4	521	29
209	4	2087	28
210	4	678	30
211	4	1408	28
211	4	1722	30
212	4	782	30
213	4	1461	28
213	4	1774	30
214	4	730	30
215	4	1095	28
215	4	1408	30
216	4	887	30
217	4	1095	28
217	4	1408	30
218	4	887	30
219	4	2035	28
220	4	1304	28
220	4	1617	30
221	4	678	30
222	4	1774	28
222	4	2087	30
223	4	730	30
224	4	782	30
225	4	574	29
225	4	1304	28
225	4	1930	30
226	4	469	29
226	4	1461	28
227	4	626	29
228	4	521	29
228	4	1408	28
229	4	678	30
230	4	469	29
230	4	2243	28
231	4	469	29
231	4	2035	28
232	4	574	29
232	4	1408	28
233	4	1200	28
233	4	1252	30
235	4	1408	28
235	4	1722	30
236	4	887	30
237	4	782	30
239	4	1095	28
239	4	1408	30
240	4	574	29
240	4	1461	28
240	4	2295	30
241	4	678	30
242	4	782	30
242	4	2191	28
243	4	521	29
243	4	1252	28
243	4	1930	30
244	4	469	29
244	4	1826	28
245	4	1043	28
245	4	1356	30
246	4	1930	28
246	4	2243	30
248	4	521	29
248	4	2243	28
249	4	574	29
250	4	521	29
250	4	1356	28
250	4	2087	30
251	4	678	30
251	4	2243	28
252	4	1252	28
252	4	1565	30
253	4	782	30
255	4	887	30
256	4	678	30
256	4	2191	28
257	4	1043	28
257	4	1356	30
258	4	626	29
259	4	521	29
259	4	2035	28
260	4	678	30
260	4	2191	28
262	4	834	30
262	4	2243	28
263	4	730	30
264	4	678	29
265	4	626	29
266	4	574	29
266	4	1930	28
267	4	521	29
267	4	2295	28
268	4	939	30
269	4	626	29
270	4	939	30
271	4	678	30
271	4	1878	28
272	4	626	30
272	4	1513	28
273	4	2139	28
274	4	1095	28
274	4	1408	30
275	4	1513	28
275	4	1826	30
276	4	2087	28
277	4	939	30
278	4	1356	28
278	4	1669	30
279	4	1095	28
279	4	1408	30
280	4	678	30
282	4	1461	28
282	4	1774	30
283	4	1095	28
283	4	1408	30
284	4	574	29
284	4	1148	30
284	4	2191	28
285	4	1043	28
285	4	1356	30
286	4	521	29
286	4	1461	28
286	4	2139	30
287	4	1095	28
287	4	1408	30
288	4	626	29
289	4	939	28
289	4	1252	30
291	4	834	30
292	4	1356	28
292	4	1669	30
293	4	521	29
293	4	1200	28
293	4	1878	30
294	4	574	29
295	4	991	28
295	4	1304	30
296	4	521	29
297	4	1252	28
297	4	1565	30
298	4	782	30
299	4	574	29
300	4	939	28
300	4	1252	30
301	4	521	29
301	4	1930	28
302	4	626	29
302	4	2035	28
303	4	469	29
303	4	1200	28
303	4	1878	30
304	4	521	29
304	4	2087	28
306	4	626	30
307	4	678	30
308	4	678	30
309	4	521	29
309	4	1252	28
309	4	1878	30
310	4	678	29
310	4	1669	28
310	4	2087	30
311	4	782	30
312	4	939	28
312	4	1252	30
313	4	887	30
314	4	1148	28
314	4	1461	30
315	4	678	30
315	4	2035	28
316	4	1930	28
316	4	2243	30
317	4	1148	28
317	4	1461	30
318	4	1356	28
318	4	1669	30
319	4	1669	28
319	4	1982	30
320	4	1200	28
320	4	1252	30
321	4	626	29
322	4	574	30
322	4	2295	28
323	4	1722	28
323	4	2035	30
324	4	1200	28
324	4	1513	30
325	4	1148	28
325	4	1461	30
326	4	574	29
326	4	1930	28
327	4	1043	28
327	4	1356	30
328	4	730	30
329	4	1304	28
329	4	1617	30
330	4	678	30
331	4	626	29
332	4	782	30
333	4	574	29
333	4	1826	28
334	4	1148	28
334	4	1461	30
335	4	574	29
336	4	626	29
336	4	2191	28
337	4	834	30
338	4	939	30
339	4	626	29
340	4	1043	28
340	4	1356	30
341	4	1095	28
341	4	1408	30
342	4	521	29
342	4	1304	28
342	4	1930	30
343	4	574	29
344	4	1878	28
344	4	2191	30
345	4	678	30
345	4	1878	28
346	4	678	30
346	4	1669	28
347	4	730	29
348	4	626	29
349	4	574	29
349	4	1304	28
350	4	1930	28
350	4	2243	30
351	4	574	29
352	4	678	30
353	4	574	29
354	4	469	29
354	4	1148	30
355	4	626	29
356	4	730	30
357	4	730	30
358	4	939	30
358	4	2243	28
360	4	678	30
361	4	730	30
362	4	1878	28
362	4	2191	30
364	4	574	29
365	4	1513	28
365	4	1826	30
366	4	678	30
367	4	521	29
367	4	2139	28
368	4	574	29
368	4	1200	28
368	4	1826	30
369	4	574	29
369	4	1461	28
370	4	782	30
371	4	521	29
372	4	939	28
372	4	1252	30
373	4	834	30
374	4	1356	28
374	4	1669	30
375	4	1148	28
375	4	1461	30
376	4	834	30
377	4	1148	28
377	4	1461	30
378	4	991	28
378	4	1304	30
379	4	730	29
380	4	782	30
381	4	678	30
382	4	626	29
383	4	1200	28
383	4	1513	30
384	4	626	29
385	4	678	30
386	4	678	30
387	4	678	30
387	4	1722	28
388	4	1982	28
388	4	2295	30
389	4	574	29
390	4	574	29
391	4	678	30
391	4	1930	28
392	4	887	30
393	4	521	29
393	4	1826	28
394	4	782	30
395	4	939	30
396	4	574	29
396	4	1148	30
397	4	1095	28
397	4	1408	30
398	4	678	30
399	4	521	29
399	4	2191	28
400	4	730	30
401	4	2035	28
402	4	782	30
403	4	1878	28
403	4	2191	30
404	4	939	28
404	4	1252	30
405	4	991	28
405	4	1304	30
406	4	574	29
406	4	1617	28
407	4	1043	28
407	4	1356	30
409	4	939	28
409	4	1252	30
410	4	887	30
411	4	469	29
411	4	1304	28
411	4	1878	30
412	4	626	29
412	4	1408	28
412	4	1826	30
413	4	574	29
413	4	1200	28
413	4	1826	30
414	4	678	30
414	4	1878	28
415	4	678	29
415	4	2139	28
416	4	1304	28
416	4	1617	30
417	4	678	30
417	4	2191	28
418	4	574	29
418	4	1408	28
419	4	469	29
419	4	1513	28
420	4	782	30
421	4	1878	28
421	4	2191	30
422	4	834	30
423	4	939	28
423	4	1252	30
424	4	521	29
424	4	1356	28
424	4	1982	30
425	4	782	30
426	4	991	28
426	4	1304	30
427	4	1930	28
427	4	2243	30
428	4	678	30
429	4	678	30
430	4	574	29
431	4	521	29
431	4	1513	28
432	4	678	29
432	4	1669	28
433	4	887	30
434	4	626	29
434	4	1617	28
434	4	2087	30
435	4	469	29
435	4	1461	28
436	4	626	29
436	4	1982	30
437	4	521	29
437	4	2035	28
438	4	678	30
439	4	887	30
440	4	678	30
441	4	1669	28
441	4	1982	30
442	4	730	30
443	4	678	30
444	4	1461	28
444	4	1774	30
445	4	574	29
445	4	1878	28
446	4	939	30
447	4	1408	28
447	4	1722	30
448	4	939	30
449	4	1930	28
449	4	2243	30
450	4	2087	28
451	4	678	30
451	4	1826	28
452	4	678	30
453	4	521	29
453	4	1252	28
453	4	1878	30
454	4	1200	28
454	4	1513	30
455	4	1043	28
455	4	1095	30
456	4	1200	28
456	4	1513	30
457	4	678	30
458	4	1513	28
458	4	1826	30
459	4	834	30
460	4	574	29
460	4	2191	28
461	4	521	29
461	4	1565	28
462	4	678	30
463	4	678	30
463	4	1617	28
464	4	834	30
465	4	574	29
465	4	2087	28
466	4	574	29
466	4	1669	28
467	4	521	29
467	4	2035	28
468	4	574	29
468	4	2087	28
469	4	521	29
469	4	1356	28
469	4	2191	30
470	4	1356	28
470	4	1669	30
471	4	991	28
471	4	1304	30
472	4	521	29
472	4	1982	28
473	4	678	30
473	4	2243	28
474	4	521	29
474	4	1408	28
475	4	887	30
476	4	1200	28
476	4	1513	30
477	4	887	30
478	4	887	30
480	4	678	30
481	4	678	30
481	4	1617	28
482	4	834	30
483	4	1565	28
483	4	1878	30
484	4	1930	28
484	4	2243	30
485	4	1043	28
485	4	1356	30
486	4	1148	28
486	4	1461	30
487	4	574	29
487	4	2087	28
488	4	1148	28
488	4	1461	30
489	4	574	29
489	4	1878	30
490	4	730	30
490	4	1878	28
491	4	730	29
491	4	2295	28
492	4	939	30
492	4	2087	28
493	4	678	30
494	4	678	30
495	4	730	30
496	4	678	30
496	4	1930	28
497	4	469	29
498	4	782	30
499	4	678	30
500	4	521	29
500	4	1252	28
500	4	1826	30
501	4	1148	28
501	4	1461	30
502	4	939	30
503	4	574	29
503	4	1722	28
503	4	1826	30
505	4	1200	28
505	4	1513	30
506	4	991	28
506	4	1304	30
507	4	1513	28
507	4	1826	30
508	4	626	29
508	4	1617	28
508	4	2035	30
510	4	1878	28
510	4	1930	30
512	4	834	30
512	4	1982	28
513	4	887	30
514	4	626	29
514	4	2243	28
515	4	574	29
515	4	1617	28
516	4	1200	28
516	4	1513	30
517	4	1148	28
517	4	1461	30
518	4	939	30
519	4	678	30
520	4	574	29
520	4	2295	28
521	4	574	29
521	4	1356	28
522	4	939	30
522	4	2243	28
523	4	574	29
523	4	1826	28
524	4	1982	28
524	4	2295	30
525	4	678	30
525	4	1617	28
526	4	1826	28
526	4	2139	30
527	4	521	29
528	4	574	29
529	4	626	29
529	4	1826	30
529	4	2295	28
530	4	1148	28
530	4	1461	30
531	4	991	28
531	4	1304	30
532	4	834	30
533	4	1930	28
533	4	2243	30
534	4	626	29
534	4	2035	30
535	4	1461	28
535	4	1774	30
536	4	1200	28
536	4	1513	30
537	4	678	30
537	4	2087	28
538	4	521	29
538	4	1722	28
539	4	574	29
540	4	1878	28
540	4	2191	30
541	4	626	30
542	4	887	30
543	4	1043	28
543	4	1356	30
544	4	678	30
544	4	1669	28
545	4	782	30
546	4	1095	28
546	4	1408	30
547	4	678	29
547	4	1774	28
547	4	2243	30
548	4	1200	28
548	4	1513	30
549	4	1200	28
549	4	1513	30
550	4	469	29
550	4	1252	28
550	4	1826	30
551	4	574	30
551	4	1565	28
552	4	1200	28
552	4	1513	30
553	4	678	30
554	4	521	29
554	4	1565	28
555	4	521	29
555	4	1200	28
555	4	1826	30
556	4	730	30
557	4	1513	28
557	4	1826	30
558	4	574	30
559	4	939	30
560	4	1200	28
560	4	1513	30
561	4	730	30
562	4	939	30
563	4	678	30
564	4	1200	28
564	4	1513	30
565	4	574	29
565	4	1356	28
565	4	1982	30
566	4	678	30
567	4	678	30
568	4	521	29
568	4	1356	28
569	4	887	30
570	4	1200	28
570	4	1252	30
571	4	521	29
571	4	1878	28
572	4	1304	28
572	4	1617	30
573	4	2295	30
574	4	834	30
575	4	521	29
575	4	1200	28
575	4	1826	30
576	4	1043	28
576	4	1356	30
577	4	626	29
578	4	939	28
578	4	1252	30
579	4	730	30
580	4	1878	28
580	4	2191	30
581	4	991	28
581	4	1304	30
582	4	939	30
583	4	626	29
583	4	1826	30
584	4	521	29
584	4	2087	28
585	4	574	29
585	4	1148	30
586	4	678	30
587	4	469	29
587	4	1200	28
587	4	1878	30
588	4	730	30
589	4	678	30
589	4	2087	28
590	4	678	29
591	4	1356	28
591	4	1669	30
593	4	678	30
594	4	678	30
595	4	574	29
595	4	1304	28
595	4	1982	30
596	4	678	30
597	4	678	29
598	4	521	29
598	4	1982	28
599	4	574	29
600	4	1461	28
600	4	1774	30
601	4	678	29
602	4	1095	28
602	4	1408	30
603	4	678	30
604	4	730	30
604	4	2087	28
605	4	991	28
605	4	1304	30
606	4	782	30
607	4	521	29
607	4	1669	28
608	4	678	30
610	4	2139	28
610	4	2191	30
611	4	678	30
612	4	1043	28
612	4	1356	30
613	4	1148	28
613	4	1461	30
614	4	1095	28
614	4	1408	30
615	4	834	30
616	4	939	28
616	4	1252	30
617	4	1878	28
617	4	2191	30
618	4	1930	28
618	4	2243	30
619	4	887	30
620	4	574	29
621	4	887	30
622	4	574	30
623	4	991	28
623	4	1304	30
624	4	678	30
625	4	991	28
625	4	1304	30
626	4	678	30
627	4	678	30
628	4	678	30
628	4	2191	28
629	4	834	30
630	4	782	30
631	4	678	30
631	4	1878	28
632	4	574	29
633	4	1408	28
633	4	1722	30
634	4	1095	28
634	4	1408	30
635	4	1252	28
635	4	1565	30
636	4	2087	28
637	4	939	28
637	4	1252	30
638	4	1774	28
638	4	2087	30
639	4	574	30
639	4	1669	28
640	4	730	30
641	4	626	30
642	4	1095	28
642	4	1408	30
643	4	2191	28
644	4	678	29
645	4	834	30
646	4	626	29
646	4	1617	28
647	4	1356	28
647	4	1669	30
648	4	939	30
649	4	574	29
649	4	1774	28
650	4	1356	28
650	4	1669	30
651	4	626	29
652	4	678	30
652	4	2139	28
653	4	782	30
654	4	782	30
655	4	678	30
655	4	2295	28
656	4	678	30
657	4	678	30
658	4	678	29
658	4	1722	28
658	4	2087	30
659	4	1043	28
659	4	1356	30
660	4	782	30
661	4	626	29
662	4	678	30
662	4	2295	28
663	4	939	30
664	4	626	29
664	4	1774	28
664	4	2139	30
665	4	626	29
666	4	626	29
667	4	678	30
668	4	834	30
669	4	939	28
669	4	1252	30
670	4	782	30
671	4	1095	28
671	4	1408	30
672	4	991	30
673	4	678	30
674	4	939	30
675	4	991	28
675	4	1304	30
676	4	574	29
676	4	1408	28
676	4	2087	30
677	4	782	30
677	4	2295	28
678	4	574	29
678	4	1982	28
679	4	1095	28
679	4	1408	30
680	4	939	28
680	4	1252	30
681	4	887	30
682	4	521	29
682	4	2087	28
683	4	1095	28
683	4	1408	30
684	4	939	28
684	4	1252	30
685	4	678	30
686	4	574	29
687	4	1252	28
687	4	1565	30
688	4	1095	28
688	4	1408	30
689	4	1095	28
689	4	1408	30
690	4	678	30
691	4	574	29
691	4	1461	28
691	4	2191	30
692	4	678	30
692	4	1669	28
693	4	678	30
693	4	1982	28
694	4	887	30
695	4	521	29
695	4	1930	28
696	4	834	30
697	4	521	29
697	4	1669	28
698	4	1356	28
698	4	1669	30
699	4	678	30
700	4	678	30
701	4	834	30
701	4	2035	28
702	4	678	30
703	4	469	29
703	4	1565	28
704	4	1878	28
704	4	2191	30
705	4	887	30
705	4	2295	28
706	4	521	29
706	4	2035	28
707	4	730	30
708	4	1043	28
708	4	1356	30
709	4	678	30
709	4	1878	28
710	4	678	30
710	4	1669	28
711	4	991	28
711	4	1304	30
712	4	730	30
713	4	1722	28
713	4	2035	30
714	4	626	29
715	4	939	30
716	4	574	29
717	4	991	28
717	4	1304	30
718	4	626	30
718	4	1930	28
719	4	834	30
720	4	1878	28
720	4	1930	30
721	4	939	30
722	4	469	29
722	4	1148	28
722	4	1826	30
723	4	678	30
724	4	678	30
725	4	678	30
725	4	2295	28
726	4	678	30
727	4	1095	28
727	4	1408	30
728	4	1774	28
728	4	2087	30
729	4	678	29
730	4	939	30
731	4	521	29
731	4	2035	28
732	4	678	29
733	4	574	29
733	4	1565	28
734	4	469	29
734	4	1826	28
735	4	1878	28
735	4	2191	30
736	4	939	28
736	4	1252	30
737	4	626	29
737	4	1878	28
738	4	626	29
738	4	1669	28
738	4	2191	30
739	4	1043	28
739	4	1356	30
741	4	678	30
742	4	626	29
742	4	2035	30
742	4	2295	28
743	4	521	29
743	4	1930	28
744	4	1095	28
744	4	1408	30
745	4	939	30
746	4	1200	28
746	4	1513	30
747	4	730	29
748	4	1930	28
748	4	2243	30
749	4	1148	28
749	4	1461	30
750	4	626	29
751	4	1043	28
751	4	1356	30
752	4	834	30
752	4	2035	28
753	4	521	29
753	4	1461	28
753	4	2139	30
754	4	574	29
754	4	1617	28
755	4	574	29
755	4	2035	28
756	4	574	29
756	4	1356	28
756	4	1982	30
757	4	1408	28
757	4	1722	30
758	4	574	29
759	4	1200	28
759	4	1513	30
760	4	678	30
761	4	678	30
762	4	678	30
763	4	1095	28
763	4	1408	30
764	4	887	30
765	4	469	29
765	4	2035	28
766	4	626	29
767	4	1043	28
767	4	1356	30
768	4	1304	28
768	4	1617	30
769	4	939	28
769	4	1252	30
770	4	1878	28
770	4	2191	30
771	4	1043	28
771	4	1356	30
772	4	782	30
773	4	1304	28
773	4	1617	30
774	4	521	29
774	4	1356	28
775	4	1095	28
775	4	1408	30
776	4	469	29
776	4	1356	28
776	4	2191	30
777	4	1930	28
777	4	2243	30
778	4	678	29
779	4	1878	28
779	4	2191	30
780	4	887	30
781	4	521	29
781	4	1669	28
782	4	678	30
783	4	1304	28
783	4	1617	30
784	4	626	30
784	4	2243	28
785	4	782	30
786	4	730	30
787	4	1200	28
787	4	1513	30
788	4	678	30
789	4	991	28
789	4	1304	30
790	4	782	30
791	4	1200	28
791	4	1513	30
792	4	782	30
793	4	626	30
794	4	521	29
794	4	2139	28
795	4	1408	28
795	4	1722	30
796	4	1200	28
796	4	1513	30
797	4	574	29
798	4	887	30
799	4	2295	28
800	4	1148	28
800	4	1200	30
801	4	1200	28
801	4	1513	30
802	4	678	30
803	4	574	29
803	4	1669	28
804	4	678	30
804	4	2243	28
805	4	2243	28
806	4	1252	28
806	4	1565	30
807	4	626	29
807	4	1826	30
808	4	1930	28
808	4	2243	30
809	4	1617	28
809	4	1930	30
810	4	521	29
810	4	1722	28
811	4	521	29
811	4	2035	28
812	4	574	30
812	4	1826	28
813	4	887	30
814	4	939	30
815	4	469	29
816	4	991	28
816	4	1304	30
817	4	1982	28
817	4	2295	30
818	4	678	30
818	4	2191	28
819	4	1304	28
819	4	1617	30
820	4	678	30
821	4	1095	28
821	4	1408	30
822	4	521	29
822	4	1878	28
823	4	626	29
823	4	1930	30
823	4	2243	28
824	4	991	28
824	4	1304	30
825	4	939	30
826	4	834	30
827	4	730	30
828	4	1200	28
828	4	1252	30
829	4	1930	28
829	4	2243	30
830	4	991	28
830	4	1304	30
831	4	521	29
831	4	1408	28
831	4	2087	30
832	4	678	29
832	4	1565	28
832	4	1982	30
833	4	1095	28
833	4	1408	30
834	4	626	29
834	4	1722	28
834	4	2139	30
835	4	678	30
836	4	1982	30
837	4	1095	28
837	4	1408	30
838	4	574	30
838	4	1878	28
839	4	1252	28
839	4	1565	30
840	4	469	29
840	4	1043	30
841	4	678	30
842	4	730	30
842	4	2139	28
843	4	574	29
843	4	1252	28
843	4	1878	30
844	4	1095	28
844	4	1408	30
845	4	1148	28
845	4	1461	30
846	4	1304	28
846	4	1617	30
847	4	1095	28
847	4	1408	30
848	4	469	29
848	4	1304	28
849	4	1826	28
849	4	2139	30
850	4	521	29
850	4	1304	28
850	4	1982	30
851	4	2139	28
852	4	834	30
853	4	1252	28
853	4	1565	30
854	4	991	28
854	4	1304	30
855	4	626	30
856	4	678	29
857	4	1200	28
857	4	1513	30
858	4	887	30
859	4	939	30
860	4	1408	28
860	4	1461	30
861	4	626	29
862	4	1356	28
862	4	1669	30
863	4	469	29
863	4	1461	28
864	4	521	29
864	4	1304	28
864	4	2035	30
865	4	626	30
866	4	574	29
866	4	1878	28
867	4	678	30
868	4	678	30
869	4	939	30
870	4	1043	28
870	4	1356	30
871	4	1043	28
871	4	1356	30
873	4	521	29
873	4	1304	28
873	4	1982	30
875	4	678	30
876	4	678	30
877	4	521	29
877	4	1200	28
877	4	1878	30
878	4	1095	28
878	4	1408	30
879	4	730	30
880	4	626	29
881	4	834	30
882	4	1148	28
882	4	1461	30
883	4	1565	28
883	4	1878	30
884	4	626	29
885	4	678	29
885	4	1930	30
886	4	834	30
887	4	782	30
888	4	939	30
889	4	1200	28
889	4	1513	30
890	4	1200	28
890	4	1252	30
891	4	574	29
892	4	1356	28
892	4	1669	30
893	4	678	30
894	4	782	30
895	4	678	30
895	4	2295	28
896	4	626	29
897	4	626	30
898	4	469	29
898	4	1356	28
899	4	574	29
899	4	1408	28
900	4	834	30
901	4	574	29
902	4	991	28
902	4	1304	30
903	4	574	30
903	4	1826	28
905	4	1043	28
905	4	1356	30
906	4	521	29
907	4	1878	28
907	4	2191	30
908	4	626	29
909	4	1826	28
909	4	2139	30
910	4	1043	28
910	4	1356	30
911	4	782	30
912	4	678	30
913	4	1200	28
913	4	1513	30
914	4	939	30
915	4	1148	28
915	4	1200	30
916	4	574	29
916	4	1461	28
917	4	678	30
918	4	1095	28
918	4	1408	30
919	4	1148	28
919	4	1461	30
920	4	939	30
921	4	678	30
922	4	678	30
923	4	1095	28
923	4	1408	30
924	4	678	30
924	4	1565	28
925	4	626	29
926	4	678	30
926	4	1878	28
927	4	782	30
929	4	574	29
929	4	1722	28
930	4	2191	28
931	4	574	29
931	4	1252	28
931	4	1930	30
932	4	1043	28
932	4	1356	30
933	4	1148	28
933	4	1461	30
934	4	939	28
934	4	1252	30
935	4	678	30
936	4	678	30
937	4	782	30
938	4	939	30
939	4	1095	28
939	4	1408	30
940	4	469	29
940	4	1565	28
941	4	469	29
941	4	1461	28
941	4	2139	30
942	4	469	29
942	4	1304	28
942	4	2139	30
943	4	678	30
944	4	678	30
945	4	1304	28
945	4	1617	30
946	4	678	30
947	4	678	29
947	4	1461	28
947	4	1878	30
948	4	574	29
949	4	469	29
949	4	1148	30
950	4	626	29
951	4	2035	28
952	4	1878	28
952	4	2191	30
953	4	626	29
954	4	469	29
954	4	1513	28
956	4	678	30
957	4	1252	28
957	4	1565	30
958	4	939	28
958	4	1252	30
959	4	2139	28
960	4	834	30
961	4	887	30
962	4	1930	28
962	4	2243	30
963	4	730	30
964	4	678	30
964	4	1617	28
965	4	834	30
966	4	521	29
966	4	1878	28
967	4	1148	28
967	4	1461	30
968	4	678	30
969	4	678	30
969	4	2139	28
971	4	574	29
971	4	1722	28
972	4	521	29
972	4	1148	30
972	4	2191	28
973	4	678	30
974	4	626	30
975	4	1148	28
975	4	1461	30
976	4	678	30
976	4	1878	28
977	4	1669	28
977	4	1982	30
978	4	678	30
978	4	2191	28
979	4	1200	28
979	4	1513	30
980	4	1617	28
980	4	1930	30
981	4	834	30
981	4	2243	28
982	4	678	30
983	4	521	29
984	4	939	28
984	4	1252	30
985	4	1043	28
985	4	1356	30
986	4	2139	28
986	4	2191	30
987	4	1043	28
987	4	1356	30
988	4	678	30
989	4	521	29
989	4	2295	28
990	4	1565	30
992	4	1617	28
992	4	1930	30
993	4	782	30
994	4	1878	28
994	4	2191	30
995	4	574	29
996	4	1095	28
996	4	1408	30
997	4	2191	28
998	4	678	30
998	4	1617	28
999	4	1252	28
999	4	1565	30
0	5	365	24
0	5	626	29
1	5	365	24
1	5	626	29
2	5	365	24
2	5	678	30
3	5	365	24
3	5	1095	28
3	5	1408	30
4	5	365	24
4	5	626	27
4	5	782	30
4	5	1774	28
5	5	365	24
5	5	678	30
6	5	365	24
6	5	678	30
6	5	2191	28
7	5	365	24
7	5	887	30
8	5	365	24
8	5	626	27
8	5	834	30
9	5	365	24
9	5	1930	28
9	5	2243	30
10	5	365	24
10	5	521	29
10	5	1930	28
11	5	365	24
11	5	2295	28
12	5	365	24
12	5	1043	28
12	5	1356	30
13	5	365	24
13	5	939	28
13	5	1252	30
14	5	365	24
14	5	469	29
14	5	1565	28
15	5	365	24
15	5	521	29
15	5	2035	28
16	5	365	24
16	5	574	29
16	5	1617	28
17	5	365	24
17	5	574	29
17	5	1930	28
18	5	365	24
18	5	678	30
19	5	365	24
19	5	1774	28
19	5	2087	30
20	5	365	24
20	5	678	30
20	5	1982	28
21	5	365	24
21	5	574	30
22	5	365	24
22	5	782	30
23	5	365	24
23	5	574	29
23	5	1826	28
24	5	365	24
24	5	469	29
24	5	1774	28
25	5	365	24
25	5	1461	28
25	5	1774	30
26	5	365	24
26	5	678	30
27	5	365	24
27	5	626	30
28	5	365	24
28	5	678	30
28	5	1774	28
29	5	365	24
29	5	730	30
30	5	365	24
30	5	1148	28
30	5	1461	30
31	5	365	24
31	5	626	29
32	5	365	24
32	5	1043	28
32	5	1356	30
33	5	365	24
33	5	678	30
34	5	365	24
34	5	678	30
34	5	2087	28
35	5	365	24
35	5	574	29
35	5	1774	28
36	5	365	24
36	5	626	29
37	5	365	24
37	5	626	27
37	5	678	29
38	5	365	24
38	5	626	29
39	5	365	24
39	5	626	29
40	5	365	24
40	5	574	29
40	5	1930	30
40	5	2191	28
41	5	365	24
41	5	626	27
41	5	939	30
41	5	2139	28
42	5	365	24
42	5	626	27
42	5	939	30
43	5	365	24
43	5	678	30
43	5	2087	28
44	5	365	24
44	5	1461	28
44	5	1774	30
45	5	365	24
45	5	626	27
45	5	730	29
46	5	365	24
46	5	626	30
47	5	365	24
47	5	1043	28
47	5	1356	30
48	5	365	24
48	5	1930	28
48	5	2243	30
49	5	365	24
49	5	678	30
49	5	1930	28
50	5	365	24
50	5	1408	28
50	5	1722	30
51	5	365	24
51	5	1565	28
51	5	1878	30
52	5	365	24
52	5	887	30
53	5	365	24
53	5	678	30
53	5	1722	28
54	5	365	24
55	5	365	24
55	5	626	27
55	5	678	29
56	5	365	24
56	5	1043	28
56	5	1356	30
57	5	365	24
57	5	469	29
57	5	1252	28
57	5	1930	30
58	5	365	24
58	5	678	30
58	5	1722	28
59	5	365	24
59	5	521	29
59	5	1617	28
60	5	365	24
60	5	991	28
60	5	1304	30
61	5	365	24
61	5	626	29
62	5	365	24
62	5	574	29
62	5	1565	28
63	5	365	24
63	5	417	29
63	5	1669	28
64	5	365	24
64	5	1826	28
64	5	2139	30
65	5	365	24
65	5	678	30
66	5	365	24
66	5	1200	28
66	5	1513	30
67	5	365	24
67	5	626	27
67	5	887	30
68	5	365	24
68	5	1304	28
68	5	1617	30
69	5	365	24
69	5	782	30
70	5	365	24
70	5	678	30
71	5	365	24
71	5	1043	28
71	5	1356	30
72	5	365	24
73	5	365	24
73	5	1513	28
73	5	1826	30
74	5	365	24
74	5	782	30
75	5	365	24
75	5	626	29
76	5	365	24
76	5	1252	28
76	5	1565	30
77	5	365	24
77	5	1304	28
77	5	1617	30
78	5	365	24
78	5	1200	28
78	5	1513	30
79	5	365	24
79	5	626	27
79	5	887	30
80	5	365	24
80	5	626	29
81	5	365	24
81	5	678	30
82	5	365	24
82	5	626	27
82	5	834	30
83	5	365	24
83	5	939	28
83	5	1252	30
84	5	365	24
84	5	626	29
85	5	365	24
85	5	1565	28
85	5	1878	30
86	5	365	24
86	5	939	28
86	5	1252	30
87	5	365	24
87	5	574	30
87	5	1617	28
88	5	365	24
88	5	626	27
88	5	834	30
89	5	365	24
89	5	730	30
90	5	365	24
90	5	1200	28
90	5	1513	30
91	5	365	24
91	5	626	29
92	5	365	24
92	5	678	30
93	5	365	24
93	5	1200	28
93	5	1513	30
94	5	365	24
94	5	1774	28
94	5	2087	30
95	5	365	24
95	5	834	30
96	5	365	24
96	5	939	30
96	5	2295	28
97	5	365	24
97	5	1043	28
97	5	1356	30
98	5	365	24
98	5	1513	28
98	5	1826	30
99	5	365	24
99	5	939	28
99	5	1252	30
100	5	365	24
100	5	1200	28
100	5	1513	30
101	5	365	24
101	5	678	30
102	5	365	24
102	5	678	30
103	5	365	24
103	5	782	30
104	5	365	24
104	5	678	30
104	5	2035	28
105	5	365	24
105	5	2139	28
106	5	365	24
106	5	678	30
106	5	1722	28
107	5	365	24
107	5	574	29
107	5	1617	28
107	5	2295	30
108	5	365	24
108	5	574	29
109	5	365	24
109	5	1148	28
109	5	1461	30
110	5	365	24
110	5	574	29
110	5	1513	28
111	5	365	24
111	5	626	27
111	5	782	30
112	5	365	24
112	5	678	30
113	5	365	24
113	5	521	29
113	5	1617	28
114	5	365	24
114	5	626	27
114	5	782	30
115	5	365	24
115	5	1304	28
115	5	1617	30
116	5	365	24
116	5	1304	28
116	5	1617	30
117	5	365	24
117	5	1252	28
117	5	1565	30
118	5	365	24
118	5	1095	28
118	5	1408	30
119	5	365	24
119	5	1095	28
119	5	1408	30
120	5	365	24
120	5	678	27
120	5	782	30
121	5	365	24
121	5	1148	28
121	5	1461	30
122	5	365	24
122	5	626	29
122	5	1774	28
122	5	2191	30
123	5	365	24
123	5	1826	28
123	5	2139	30
124	5	365	24
124	5	626	29
125	5	365	24
125	5	678	30
125	5	1722	28
126	5	365	24
126	5	469	29
126	5	1408	28
127	5	365	24
127	5	626	29
128	5	365	24
128	5	521	29
128	5	1408	28
129	5	365	24
129	5	991	28
129	5	1304	30
130	5	365	24
130	5	469	29
131	5	365	24
131	5	626	27
131	5	782	30
131	5	1930	28
132	5	365	24
132	5	574	29
133	5	365	24
133	5	678	30
134	5	365	24
134	5	678	27
134	5	939	28
134	5	1252	30
135	5	365	24
135	5	521	29
135	5	1826	28
136	5	365	24
136	5	521	29
136	5	1095	28
136	5	1148	30
137	5	365	24
137	5	678	30
138	5	365	24
138	5	574	29
138	5	1304	28
138	5	2087	30
139	5	365	24
139	5	626	29
139	5	1461	28
139	5	1982	30
139	5	2295	25
140	5	365	24
140	5	1669	28
140	5	1982	30
141	5	365	24
141	5	521	29
141	5	1252	28
141	5	1930	30
142	5	365	24
142	5	782	30
143	5	365	24
143	5	1148	28
143	5	1461	30
144	5	365	24
145	5	365	24
145	5	1095	28
145	5	1408	30
146	5	365	24
146	5	574	29
146	5	1774	28
147	5	365	24
147	5	626	27
147	5	834	30
148	5	365	24
148	5	1200	28
148	5	1513	30
149	5	365	24
149	5	626	29
149	5	2191	30
150	5	365	24
150	5	678	30
150	5	2035	28
151	5	365	24
151	5	782	30
152	5	365	24
152	5	678	30
152	5	1826	28
153	5	365	24
153	5	678	30
154	5	365	24
154	5	574	29
154	5	1356	28
155	5	365	24
155	5	521	29
155	5	1617	28
156	5	365	24
156	5	521	29
156	5	1513	28
157	5	365	24
158	5	365	24
158	5	678	30
159	5	365	24
159	5	574	29
159	5	2139	30
160	5	365	24
160	5	678	30
161	5	365	24
161	5	1461	28
161	5	1774	30
162	5	365	24
162	5	939	28
162	5	1252	30
163	5	365	24
163	5	991	28
163	5	1304	30
164	5	365	24
164	5	469	29
164	5	2139	28
165	5	365	24
165	5	678	30
165	5	1669	28
166	5	365	24
166	5	1722	28
166	5	2035	30
167	5	365	24
167	5	1095	28
167	5	1408	30
168	5	365	24
169	5	365	24
169	5	626	29
170	5	365	24
170	5	574	29
170	5	1304	28
171	5	365	24
171	5	834	30
172	5	365	24
172	5	991	28
172	5	1304	30
173	5	365	24
173	5	1200	28
173	5	1513	30
174	5	365	24
174	5	730	30
174	5	2243	28
175	5	365	24
175	5	678	30
175	5	1930	28
176	5	365	24
176	5	521	29
177	5	365	24
177	5	1565	28
177	5	1878	30
178	5	365	24
178	5	1930	28
178	5	2243	30
179	5	365	24
179	5	574	29
179	5	1669	28
180	5	365	24
180	5	1878	28
180	5	2191	30
181	5	365	24
181	5	521	29
182	5	365	24
182	5	678	30
183	5	365	24
183	5	626	30
183	5	1982	28
184	5	365	24
184	5	991	28
184	5	1304	30
185	5	365	24
185	5	626	27
185	5	782	30
186	5	365	24
186	5	2035	28
187	5	365	24
187	5	678	30
188	5	365	24
188	5	991	28
188	5	1304	30
189	5	365	24
189	5	626	27
189	5	939	30
189	5	2087	28
190	5	365	24
190	5	991	28
190	5	1304	30
191	5	365	24
191	5	626	29
192	5	365	24
192	5	626	27
192	5	834	30
193	5	365	24
193	5	678	30
193	5	2087	28
194	5	365	24
194	5	678	30
195	5	365	24
196	5	365	24
196	5	521	29
196	5	1095	30
196	5	1722	28
196	5	2243	25
197	5	365	24
198	5	365	24
198	5	626	27
198	5	782	30
199	5	365	24
199	5	521	29
199	5	1565	28
200	5	365	24
200	5	1043	28
200	5	1356	30
201	5	365	24
201	5	1722	28
201	5	2035	30
202	5	365	24
202	5	887	30
203	5	365	24
203	5	730	30
204	5	365	24
204	5	574	29
204	5	1878	28
205	5	365	24
205	5	1148	28
205	5	1461	30
206	5	365	24
206	5	521	29
206	5	1095	28
206	5	1148	30
206	5	2087	25
207	5	365	24
207	5	626	29
207	5	1930	28
208	5	365	24
208	5	521	29
209	5	365	24
209	5	2087	28
210	5	365	24
210	5	678	30
211	5	365	24
211	5	1408	28
211	5	1722	30
212	5	365	24
212	5	782	30
213	5	365	24
213	5	1461	28
213	5	1774	30
214	5	365	24
214	5	730	30
215	5	365	24
215	5	1095	28
215	5	1408	30
216	5	365	24
216	5	887	30
217	5	365	24
217	5	1095	28
217	5	1408	30
218	5	365	24
218	5	626	27
218	5	887	30
219	5	365	24
219	5	2035	28
220	5	365	24
220	5	1304	28
220	5	1617	30
221	5	365	24
221	5	678	30
222	5	365	24
222	5	1774	28
222	5	2087	30
223	5	365	24
223	5	730	30
224	5	365	24
224	5	782	30
225	5	365	24
225	5	574	29
225	5	1304	28
225	5	1930	30
226	5	365	24
226	5	469	29
226	5	1461	28
227	5	365	24
227	5	626	29
228	5	365	24
228	5	521	29
228	5	1408	28
229	5	365	24
229	5	678	30
230	5	365	24
230	5	469	29
230	5	2243	28
231	5	365	24
231	5	469	29
231	5	2035	28
232	5	365	24
232	5	574	29
232	5	1408	28
233	5	365	24
233	5	1200	28
233	5	1252	30
234	5	365	24
235	5	365	24
235	5	1408	28
235	5	1722	30
236	5	365	24
236	5	887	30
237	5	365	24
237	5	782	30
238	5	365	24
239	5	365	24
239	5	1095	28
239	5	1408	30
240	5	365	24
240	5	574	29
240	5	1461	28
240	5	2295	30
241	5	365	24
241	5	678	30
242	5	365	24
242	5	626	27
242	5	782	30
242	5	2191	28
243	5	365	24
243	5	521	29
243	5	1252	28
243	5	1930	30
244	5	365	24
244	5	469	29
244	5	1826	28
245	5	365	24
245	5	1043	28
245	5	1356	30
246	5	365	24
246	5	1930	28
246	5	2243	30
247	5	365	24
248	5	365	24
248	5	521	29
248	5	2243	28
249	5	365	24
249	5	574	29
250	5	365	24
250	5	521	29
250	5	1356	28
250	5	2087	30
251	5	365	24
251	5	678	30
251	5	2243	28
252	5	365	24
252	5	1252	28
252	5	1565	30
253	5	365	24
253	5	782	30
254	5	365	24
255	5	365	24
255	5	887	30
256	5	365	24
256	5	678	30
256	5	2191	28
257	5	365	24
257	5	1043	28
257	5	1356	30
258	5	365	24
258	5	626	29
259	5	365	24
259	5	521	29
259	5	2035	28
260	5	365	24
260	5	678	30
260	5	2191	28
261	5	365	24
262	5	365	24
262	5	834	30
262	5	2243	28
263	5	365	24
263	5	730	30
264	5	365	24
264	5	626	27
264	5	678	29
265	5	365	24
265	5	626	29
266	5	365	24
266	5	574	29
266	5	1930	28
267	5	365	24
267	5	521	29
267	5	2295	28
268	5	365	24
268	5	939	30
269	5	365	24
269	5	626	29
270	5	365	24
270	5	626	27
270	5	939	30
271	5	365	24
271	5	678	30
271	5	1878	28
272	5	365	24
272	5	626	30
272	5	1513	28
272	5	2295	25
273	5	365	24
273	5	2139	28
274	5	365	24
274	5	1095	28
274	5	1408	30
275	5	365	24
275	5	1513	28
275	5	1826	30
276	5	365	24
276	5	2087	28
277	5	365	24
277	5	626	27
277	5	939	30
278	5	365	24
278	5	1356	28
278	5	1669	30
279	5	365	24
279	5	1095	28
279	5	1408	30
280	5	365	24
280	5	678	30
281	5	365	24
282	5	365	24
282	5	1461	28
282	5	1774	30
283	5	365	24
283	5	1095	28
283	5	1408	30
284	5	365	24
284	5	574	29
284	5	1148	30
284	5	2191	28
285	5	365	24
285	5	1043	28
285	5	1356	30
286	5	365	24
286	5	521	29
286	5	1461	28
286	5	2139	30
287	5	365	24
287	5	1095	28
287	5	1408	30
288	5	365	24
288	5	626	29
289	5	365	24
289	5	939	28
289	5	1252	30
290	5	365	24
291	5	365	24
291	5	626	27
291	5	834	30
292	5	365	24
292	5	1356	28
292	5	1669	30
293	5	365	24
293	5	521	29
293	5	1200	28
293	5	1878	30
294	5	365	24
294	5	574	29
295	5	365	24
295	5	991	28
295	5	1304	30
296	5	365	24
296	5	521	29
297	5	365	24
297	5	1252	28
297	5	1565	30
298	5	365	24
298	5	782	30
299	5	365	24
299	5	574	29
300	5	365	24
300	5	939	28
300	5	1252	30
301	5	365	24
301	5	521	29
301	5	1930	28
302	5	365	24
302	5	626	29
302	5	2035	28
303	5	365	24
303	5	469	29
303	5	1200	28
303	5	1878	30
304	5	365	24
304	5	521	29
304	5	2087	28
305	5	365	24
306	5	365	24
306	5	626	30
307	5	365	24
307	5	678	30
308	5	365	24
308	5	678	30
309	5	365	24
309	5	521	29
309	5	1252	28
309	5	1878	30
310	5	365	24
310	5	626	27
310	5	678	29
310	5	1669	28
310	5	2087	30
311	5	365	24
311	5	782	30
312	5	365	24
312	5	939	28
312	5	1252	30
313	5	365	24
313	5	626	27
313	5	887	30
314	5	365	24
314	5	1148	28
314	5	1461	30
315	5	365	24
315	5	678	30
315	5	2035	28
316	5	365	24
316	5	1930	28
316	5	2243	30
317	5	365	24
317	5	1148	28
317	5	1461	30
318	5	365	24
318	5	1356	28
318	5	1669	30
319	5	365	24
319	5	1669	28
319	5	1982	30
320	5	365	24
320	5	1200	28
320	5	1252	30
321	5	365	24
321	5	626	29
322	5	365	24
322	5	574	30
322	5	2295	28
323	5	365	24
323	5	1722	28
323	5	2035	30
324	5	365	24
324	5	1200	28
324	5	1513	30
325	5	365	24
325	5	1148	28
325	5	1461	30
326	5	365	24
326	5	574	29
326	5	1930	28
327	5	365	24
327	5	1043	28
327	5	1356	30
328	5	365	24
328	5	730	30
329	5	365	24
329	5	1304	28
329	5	1617	30
330	5	365	24
330	5	678	30
331	5	365	24
331	5	626	29
332	5	365	24
332	5	626	27
332	5	782	30
333	5	365	24
333	5	574	29
333	5	1826	28
334	5	365	24
334	5	1148	28
334	5	1461	30
335	5	365	24
335	5	574	29
336	5	365	24
336	5	626	29
336	5	2191	28
337	5	365	24
337	5	834	30
338	5	365	24
338	5	939	30
339	5	365	24
339	5	626	29
340	5	365	24
340	5	1043	28
340	5	1356	30
341	5	365	24
341	5	1095	28
341	5	1408	30
342	5	365	24
342	5	521	29
342	5	1304	28
342	5	1930	30
343	5	365	24
343	5	574	29
344	5	365	24
344	5	1878	28
344	5	2191	30
345	5	365	24
345	5	678	30
345	5	1878	28
346	5	365	24
346	5	678	30
346	5	1669	28
347	5	365	24
347	5	626	27
347	5	730	29
348	5	365	24
348	5	626	29
349	5	365	24
349	5	574	29
349	5	1304	28
350	5	365	24
350	5	1930	28
350	5	2243	30
351	5	365	24
351	5	574	29
352	5	365	24
352	5	678	30
353	5	365	24
353	5	574	29
354	5	365	24
354	5	469	29
354	5	1148	30
355	5	365	24
355	5	626	29
356	5	365	24
356	5	730	30
357	5	365	24
357	5	626	27
357	5	730	30
358	5	365	24
358	5	939	30
358	5	2243	28
359	5	365	24
360	5	365	24
360	5	678	30
361	5	365	24
361	5	626	27
361	5	730	30
362	5	365	24
362	5	1878	28
362	5	2191	30
363	5	365	24
364	5	365	24
364	5	574	29
365	5	365	24
365	5	1513	28
365	5	1826	30
366	5	365	24
366	5	678	30
367	5	365	24
367	5	521	29
367	5	2139	28
368	5	365	24
368	5	574	29
368	5	1200	28
368	5	1826	30
369	5	365	24
369	5	574	29
369	5	1461	28
370	5	365	24
370	5	782	30
371	5	365	24
371	5	521	29
372	5	365	24
372	5	678	27
372	5	939	28
372	5	1252	30
373	5	365	24
373	5	834	30
374	5	365	24
374	5	1356	28
374	5	1669	30
375	5	365	24
375	5	1148	28
375	5	1461	30
376	5	365	24
376	5	626	27
376	5	834	30
377	5	365	24
377	5	1148	28
377	5	1461	30
378	5	365	24
378	5	991	28
378	5	1304	30
379	5	365	24
379	5	626	27
379	5	730	29
380	5	365	24
380	5	626	27
380	5	782	30
381	5	365	24
381	5	678	30
382	5	365	24
382	5	626	29
383	5	365	24
383	5	1200	28
383	5	1513	30
384	5	365	24
384	5	626	29
385	5	365	24
385	5	678	30
386	5	365	24
386	5	678	30
387	5	365	24
387	5	678	30
387	5	1722	28
388	5	365	24
388	5	1982	28
388	5	2295	30
389	5	365	24
389	5	574	29
390	5	365	24
390	5	574	29
391	5	365	24
391	5	678	30
391	5	1930	28
392	5	365	24
392	5	887	30
393	5	365	24
393	5	521	29
393	5	1826	28
394	5	365	24
394	5	626	27
394	5	782	30
395	5	365	24
395	5	626	27
395	5	939	30
396	5	365	24
396	5	574	29
396	5	1148	30
397	5	365	24
397	5	1095	28
397	5	1408	30
398	5	365	24
398	5	678	30
399	5	365	24
399	5	521	29
399	5	2191	28
400	5	365	24
400	5	626	27
400	5	730	30
401	5	365	24
401	5	2035	28
402	5	365	24
402	5	626	27
402	5	782	30
403	5	365	24
403	5	1878	28
403	5	2191	30
404	5	365	24
404	5	678	27
404	5	939	28
404	5	1252	30
405	5	365	24
405	5	991	28
405	5	1304	30
406	5	365	24
406	5	574	29
406	5	1617	28
407	5	365	24
407	5	1043	28
407	5	1356	30
408	5	365	24
409	5	365	24
409	5	939	28
409	5	1252	30
410	5	365	24
410	5	887	30
411	5	365	24
411	5	469	29
411	5	1304	28
411	5	1878	30
412	5	365	24
412	5	626	29
412	5	1408	28
412	5	1826	30
412	5	2243	25
413	5	365	24
413	5	574	29
413	5	1200	28
413	5	1826	30
414	5	365	24
414	5	678	30
414	5	1878	28
415	5	365	24
415	5	626	27
415	5	678	29
415	5	2139	28
416	5	365	24
416	5	1304	28
416	5	1617	30
417	5	365	24
417	5	678	30
417	5	2191	28
418	5	365	24
418	5	574	29
418	5	1408	28
419	5	365	24
419	5	469	29
419	5	1513	28
420	5	365	24
420	5	782	30
421	5	365	24
421	5	1878	28
421	5	2191	30
422	5	365	24
422	5	834	30
423	5	365	24
423	5	939	28
423	5	1252	30
424	5	365	24
424	5	521	29
424	5	1356	28
424	5	1982	30
425	5	365	24
425	5	626	27
425	5	782	30
426	5	365	24
426	5	991	28
426	5	1304	30
427	5	365	24
427	5	1930	28
427	5	2243	30
428	5	365	24
428	5	678	30
429	5	365	24
429	5	678	30
430	5	365	24
430	5	574	29
431	5	365	24
431	5	521	29
431	5	1513	28
432	5	365	24
432	5	626	27
432	5	678	29
432	5	1669	28
433	5	365	24
433	5	626	27
433	5	887	30
434	5	365	24
434	5	626	29
434	5	1617	28
434	5	2087	30
435	5	365	24
435	5	469	29
435	5	1461	28
436	5	365	24
436	5	626	29
436	5	1982	30
437	5	365	24
437	5	521	29
437	5	2035	28
438	5	365	24
438	5	678	30
439	5	365	24
439	5	887	30
440	5	365	24
440	5	678	30
441	5	365	24
441	5	1669	28
441	5	1982	30
442	5	365	24
442	5	626	27
442	5	730	30
443	5	365	24
443	5	678	30
444	5	365	24
444	5	1461	28
444	5	1774	30
445	5	365	24
445	5	574	29
445	5	1878	28
446	5	365	24
446	5	626	27
446	5	939	30
447	5	365	24
447	5	1408	28
447	5	1722	30
448	5	365	24
448	5	939	30
449	5	365	24
449	5	1930	28
449	5	2243	30
450	5	365	24
450	5	2087	28
451	5	365	24
451	5	678	30
451	5	1826	28
452	5	365	24
452	5	678	30
453	5	365	24
453	5	521	29
453	5	1252	28
453	5	1878	30
454	5	365	24
454	5	1200	28
454	5	1513	30
455	5	365	24
455	5	1043	28
455	5	1095	30
456	5	365	24
456	5	1200	28
456	5	1513	30
457	5	365	24
457	5	678	30
458	5	365	24
458	5	1513	28
458	5	1826	30
459	5	365	24
459	5	834	30
460	5	365	24
460	5	574	29
460	5	2191	28
461	5	365	24
461	5	521	29
461	5	1565	28
462	5	365	24
462	5	678	30
463	5	365	24
463	5	678	30
463	5	1617	28
464	5	365	24
464	5	834	30
465	5	365	24
465	5	574	29
465	5	2087	28
466	5	365	24
466	5	574	29
466	5	1669	28
467	5	365	24
467	5	521	29
467	5	2035	28
468	5	365	24
468	5	574	29
468	5	2087	28
469	5	365	24
469	5	521	29
469	5	1356	28
469	5	2191	30
470	5	365	24
470	5	1356	28
470	5	1669	30
471	5	365	24
471	5	991	28
471	5	1304	30
472	5	365	24
472	5	521	29
472	5	1982	28
473	5	365	24
473	5	678	30
473	5	2243	28
474	5	365	24
474	5	521	29
474	5	1408	28
475	5	365	24
475	5	887	30
476	5	365	24
476	5	1200	28
476	5	1513	30
477	5	365	24
477	5	887	30
478	5	365	24
478	5	626	27
478	5	887	30
479	5	365	24
480	5	365	24
480	5	678	30
481	5	365	24
481	5	678	30
481	5	1617	28
482	5	365	24
482	5	626	27
482	5	834	30
483	5	365	24
483	5	1565	28
483	5	1878	30
484	5	365	24
484	5	1930	28
484	5	2243	30
485	5	365	24
485	5	1043	28
485	5	1356	30
486	5	365	24
486	5	1148	28
486	5	1461	30
487	5	365	24
487	5	574	29
487	5	2087	28
488	5	365	24
488	5	1148	28
488	5	1461	30
489	5	365	24
489	5	574	29
489	5	1878	30
490	5	365	24
490	5	730	30
490	5	1878	28
491	5	365	24
491	5	626	27
491	5	730	29
491	5	2295	28
492	5	365	24
492	5	939	30
492	5	2087	28
493	5	365	24
493	5	678	30
494	5	365	24
494	5	678	30
495	5	365	24
495	5	730	30
496	5	365	24
496	5	678	30
496	5	1930	28
497	5	365	24
497	5	469	29
498	5	365	24
498	5	626	27
498	5	782	30
499	5	365	24
499	5	678	30
500	5	365	24
500	5	521	29
500	5	1252	28
500	5	1826	30
501	5	365	24
501	5	1148	28
501	5	1461	30
502	5	365	24
502	5	626	27
502	5	939	30
503	5	365	24
503	5	574	29
503	5	1722	28
503	5	1826	30
503	5	2295	25
504	5	365	24
505	5	365	24
505	5	1200	28
505	5	1513	30
506	5	365	24
506	5	991	28
506	5	1304	30
507	5	365	24
507	5	1513	28
507	5	1826	30
508	5	365	24
508	5	626	29
508	5	1617	28
508	5	2035	30
509	5	365	24
510	5	365	24
510	5	1878	28
510	5	1930	30
511	5	365	24
512	5	365	24
512	5	834	30
512	5	1982	28
513	5	365	24
513	5	887	30
514	5	365	24
514	5	626	29
514	5	2243	28
515	5	365	24
515	5	574	29
515	5	1617	28
516	5	365	24
516	5	1200	28
516	5	1513	30
517	5	365	24
517	5	1148	28
517	5	1461	30
518	5	365	24
518	5	939	30
519	5	365	24
519	5	678	30
520	5	365	24
520	5	574	29
520	5	2295	28
521	5	365	24
521	5	574	29
521	5	1356	28
522	5	365	24
522	5	626	27
522	5	939	30
522	5	2243	28
523	5	365	24
523	5	574	29
523	5	1826	28
524	5	365	24
524	5	1982	28
524	5	2295	30
525	5	365	24
525	5	678	30
525	5	1617	28
526	5	365	24
526	5	1826	28
526	5	2139	30
527	5	365	24
527	5	521	29
528	5	365	24
528	5	574	29
529	5	365	24
529	5	626	29
529	5	1826	30
529	5	2295	28
530	5	365	24
530	5	1148	28
530	5	1461	30
531	5	365	24
531	5	991	28
531	5	1304	30
532	5	365	24
532	5	834	30
533	5	365	24
533	5	1930	28
533	5	2243	30
534	5	365	24
534	5	626	29
534	5	2035	30
535	5	365	24
535	5	1461	28
535	5	1774	30
536	5	365	24
536	5	1200	28
536	5	1513	30
537	5	365	24
537	5	678	30
537	5	2087	28
538	5	365	24
538	5	521	29
538	5	1722	28
539	5	365	24
539	5	574	29
540	5	365	24
540	5	1878	28
540	5	2191	30
541	5	365	24
541	5	626	30
542	5	365	24
542	5	887	30
543	5	365	24
543	5	1043	28
543	5	1356	30
544	5	365	24
544	5	678	30
544	5	1669	28
545	5	365	24
545	5	626	27
545	5	782	30
546	5	365	24
546	5	1095	28
546	5	1408	30
547	5	365	24
547	5	626	27
547	5	678	29
547	5	1774	28
547	5	2243	30
548	5	365	24
548	5	1200	28
548	5	1513	30
549	5	365	24
549	5	1200	28
549	5	1513	30
550	5	365	24
550	5	469	29
550	5	1252	28
550	5	1826	30
551	5	365	24
551	5	574	30
551	5	1565	28
552	5	365	24
552	5	1200	28
552	5	1513	30
553	5	365	24
553	5	678	30
554	5	365	24
554	5	521	29
554	5	1565	28
555	5	365	24
555	5	521	29
555	5	1200	28
555	5	1826	30
556	5	365	24
556	5	730	30
557	5	365	24
557	5	1513	28
557	5	1826	30
558	5	365	24
558	5	574	30
559	5	365	24
559	5	939	30
560	5	365	24
560	5	1200	28
560	5	1513	30
561	5	365	24
561	5	730	30
562	5	365	24
562	5	939	30
563	5	365	24
563	5	678	30
564	5	365	24
564	5	1200	28
564	5	1513	30
565	5	365	24
565	5	574	29
565	5	1356	28
565	5	1982	30
566	5	365	24
566	5	678	30
567	5	365	24
567	5	678	30
568	5	365	24
568	5	521	29
568	5	1356	28
569	5	365	24
569	5	887	30
570	5	365	24
570	5	1200	28
570	5	1252	30
571	5	365	24
571	5	521	29
571	5	1878	28
572	5	365	24
572	5	1304	28
572	5	1617	30
573	5	365	24
573	5	2295	30
574	5	365	24
574	5	626	27
574	5	834	30
575	5	365	24
575	5	521	29
575	5	1200	28
575	5	1826	30
576	5	365	24
576	5	1043	28
576	5	1356	30
577	5	365	24
577	5	626	29
578	5	365	24
578	5	939	28
578	5	1252	30
579	5	365	24
579	5	730	30
580	5	365	24
580	5	1878	28
580	5	2191	30
581	5	365	24
581	5	991	28
581	5	1304	30
582	5	365	24
582	5	626	27
582	5	939	30
583	5	365	24
583	5	626	29
583	5	1826	30
584	5	365	24
584	5	521	29
584	5	2087	28
585	5	365	24
585	5	574	29
585	5	1148	30
586	5	365	24
586	5	678	30
587	5	365	24
587	5	469	29
587	5	1200	28
587	5	1878	30
588	5	365	24
588	5	626	27
588	5	730	30
589	5	365	24
589	5	678	30
589	5	2087	28
590	5	365	24
590	5	626	27
590	5	678	29
591	5	365	24
591	5	1356	28
591	5	1669	30
592	5	365	24
593	5	365	24
593	5	678	30
594	5	365	24
594	5	678	30
595	5	365	24
595	5	574	29
595	5	1304	28
595	5	1982	30
596	5	365	24
596	5	678	30
597	5	365	24
597	5	626	27
597	5	678	29
598	5	365	24
598	5	521	29
598	5	1982	28
599	5	365	24
599	5	574	29
600	5	365	24
600	5	1461	28
600	5	1774	30
601	5	365	24
601	5	626	27
601	5	678	29
602	5	365	24
602	5	1095	28
602	5	1408	30
603	5	365	24
603	5	678	30
604	5	365	24
604	5	730	30
604	5	2087	28
605	5	365	24
605	5	991	28
605	5	1304	30
606	5	365	24
606	5	626	27
606	5	782	30
607	5	365	24
607	5	521	29
607	5	1669	28
608	5	365	24
608	5	678	30
609	5	365	24
610	5	365	24
610	5	2139	28
610	5	2191	30
611	5	365	24
611	5	678	30
612	5	365	24
612	5	1043	28
612	5	1356	30
613	5	365	24
613	5	1148	28
613	5	1461	30
614	5	365	24
614	5	1095	28
614	5	1408	30
615	5	365	24
615	5	834	30
616	5	365	24
616	5	939	28
616	5	1252	30
617	5	365	24
617	5	1878	28
617	5	2191	30
618	5	365	24
618	5	1930	28
618	5	2243	30
619	5	365	24
619	5	887	30
620	5	365	24
620	5	574	29
621	5	365	24
621	5	887	30
622	5	365	24
622	5	574	30
623	5	365	24
623	5	991	28
623	5	1304	30
624	5	365	24
624	5	678	30
625	5	365	24
625	5	991	28
625	5	1304	30
626	5	365	24
626	5	678	30
627	5	365	24
627	5	678	30
628	5	365	24
628	5	678	30
628	5	2191	28
629	5	365	24
629	5	834	30
630	5	365	24
630	5	782	30
631	5	365	24
631	5	678	30
631	5	1878	28
632	5	365	24
632	5	574	29
633	5	365	24
633	5	1408	28
633	5	1722	30
634	5	365	24
634	5	1095	28
634	5	1408	30
635	5	365	24
635	5	1252	28
635	5	1565	30
636	5	365	24
636	5	2087	28
637	5	365	24
637	5	939	28
637	5	1252	30
638	5	365	24
638	5	1774	28
638	5	2087	30
639	5	365	24
639	5	574	30
639	5	1669	28
640	5	365	24
640	5	730	30
641	5	365	24
641	5	626	30
642	5	365	24
642	5	1095	28
642	5	1408	30
643	5	365	24
643	5	2191	28
644	5	365	24
644	5	626	27
644	5	678	29
645	5	365	24
645	5	678	27
645	5	834	30
646	5	365	24
646	5	626	29
646	5	1617	28
647	5	365	24
647	5	1356	28
647	5	1669	30
648	5	365	24
648	5	678	27
648	5	939	30
649	5	365	24
649	5	574	29
649	5	1774	28
650	5	365	24
650	5	1356	28
650	5	1669	30
651	5	365	24
651	5	626	29
652	5	365	24
652	5	678	30
652	5	2139	28
653	5	365	24
653	5	626	27
653	5	782	30
654	5	365	24
654	5	782	30
655	5	365	24
655	5	678	30
655	5	2295	28
656	5	365	24
656	5	678	30
657	5	365	24
657	5	678	30
658	5	365	24
658	5	626	27
658	5	678	29
658	5	1722	28
658	5	2087	30
659	5	365	24
659	5	1043	28
659	5	1356	30
660	5	365	24
660	5	782	30
661	5	365	24
661	5	626	29
662	5	365	24
662	5	678	30
662	5	2295	28
663	5	365	24
663	5	939	30
664	5	365	24
664	5	626	29
664	5	1774	28
664	5	2139	30
665	5	365	24
665	5	626	29
666	5	365	24
666	5	626	29
667	5	365	24
667	5	678	30
668	5	365	24
668	5	834	30
669	5	365	24
669	5	678	27
669	5	939	28
669	5	1252	30
670	5	365	24
670	5	782	30
671	5	365	24
671	5	1095	28
671	5	1408	30
672	5	365	24
672	5	730	27
672	5	991	30
673	5	365	24
673	5	678	30
674	5	365	24
674	5	626	27
674	5	939	30
675	5	365	24
675	5	991	28
675	5	1304	30
676	5	365	24
676	5	574	29
676	5	1408	28
676	5	2087	30
677	5	365	24
677	5	782	30
677	5	2295	28
678	5	365	24
678	5	574	29
678	5	1982	28
679	5	365	24
679	5	1095	28
679	5	1408	30
680	5	365	24
680	5	939	28
680	5	1252	30
681	5	365	24
681	5	887	30
682	5	365	24
682	5	521	29
682	5	2087	28
683	5	365	24
683	5	1095	28
683	5	1408	30
684	5	365	24
684	5	939	28
684	5	1252	30
685	5	365	24
685	5	678	30
686	5	365	24
686	5	574	29
687	5	365	24
687	5	1252	28
687	5	1565	30
688	5	365	24
688	5	1095	28
688	5	1408	30
689	5	365	24
689	5	1095	28
689	5	1408	30
690	5	365	24
690	5	678	30
691	5	365	24
691	5	574	29
691	5	1461	28
691	5	2191	30
692	5	365	24
692	5	678	30
692	5	1669	28
693	5	365	24
693	5	678	30
693	5	1982	28
694	5	365	24
694	5	626	27
694	5	887	30
695	5	365	24
695	5	521	29
695	5	1930	28
696	5	365	24
696	5	834	30
697	5	365	24
697	5	521	29
697	5	1669	28
698	5	365	24
698	5	1356	28
698	5	1669	30
699	5	365	24
699	5	678	30
700	5	365	24
700	5	678	30
701	5	365	24
701	5	834	30
701	5	2035	28
702	5	365	24
702	5	678	30
703	5	365	24
703	5	469	29
703	5	1565	28
704	5	365	24
704	5	1878	28
704	5	2191	30
705	5	365	24
705	5	887	30
705	5	2295	28
706	5	365	24
706	5	521	29
706	5	2035	28
707	5	365	24
707	5	626	27
707	5	730	30
708	5	365	24
708	5	1043	28
708	5	1356	30
709	5	365	24
709	5	678	30
709	5	1878	28
710	5	365	24
710	5	678	30
710	5	1669	28
711	5	365	24
711	5	991	28
711	5	1304	30
712	5	365	24
712	5	730	30
713	5	365	24
713	5	1722	28
713	5	2035	30
714	5	365	24
714	5	626	29
715	5	365	24
715	5	678	27
715	5	939	30
716	5	365	24
716	5	574	29
717	5	365	24
717	5	991	28
717	5	1304	30
718	5	365	24
718	5	626	30
718	5	1930	28
719	5	365	24
719	5	834	30
720	5	365	24
720	5	1878	28
720	5	1930	30
721	5	365	24
721	5	626	27
721	5	939	30
722	5	365	24
722	5	469	29
722	5	1148	28
722	5	1826	30
723	5	365	24
723	5	678	30
724	5	365	24
724	5	678	30
725	5	365	24
725	5	678	30
725	5	2295	28
726	5	365	24
726	5	678	30
727	5	365	24
727	5	1095	28
727	5	1408	30
728	5	365	24
728	5	1774	28
728	5	2087	30
729	5	365	24
729	5	626	27
729	5	678	29
730	5	365	24
730	5	626	27
730	5	939	30
731	5	365	24
731	5	521	29
731	5	2035	28
732	5	365	24
732	5	626	27
732	5	678	29
733	5	365	24
733	5	574	29
733	5	1565	28
734	5	365	24
734	5	469	29
734	5	1826	28
735	5	365	24
735	5	1878	28
735	5	2191	30
736	5	365	24
736	5	939	28
736	5	1252	30
737	5	365	24
737	5	626	29
737	5	1878	28
738	5	365	24
738	5	626	29
738	5	1669	28
738	5	2191	30
739	5	365	24
739	5	1043	28
739	5	1356	30
740	5	365	24
741	5	365	24
741	5	678	30
742	5	365	24
742	5	626	29
742	5	2035	30
742	5	2295	28
743	5	365	24
743	5	521	29
743	5	1930	28
744	5	365	24
744	5	1095	28
744	5	1408	30
745	5	365	24
745	5	939	30
746	5	365	24
746	5	1200	28
746	5	1513	30
747	5	365	24
747	5	626	27
747	5	730	29
748	5	365	24
748	5	1930	28
748	5	2243	30
749	5	365	24
749	5	1148	28
749	5	1461	30
750	5	365	24
750	5	626	29
751	5	365	24
751	5	1043	28
751	5	1356	30
752	5	365	24
752	5	834	30
752	5	2035	28
753	5	365	24
753	5	521	29
753	5	1461	28
753	5	2139	30
754	5	365	24
754	5	574	29
754	5	1617	28
755	5	365	24
755	5	574	29
755	5	2035	28
756	5	365	24
756	5	574	29
756	5	1356	28
756	5	1982	30
757	5	365	24
757	5	1408	28
757	5	1722	30
758	5	365	24
758	5	574	29
759	5	365	24
759	5	1200	28
759	5	1513	30
760	5	365	24
760	5	678	30
761	5	365	24
761	5	678	30
762	5	365	24
762	5	678	30
763	5	365	24
763	5	1095	28
763	5	1408	30
764	5	365	24
764	5	626	27
764	5	887	30
765	5	365	24
765	5	469	29
765	5	2035	28
766	5	365	24
766	5	626	29
767	5	365	24
767	5	1043	28
767	5	1356	30
768	5	365	24
768	5	1304	28
768	5	1617	30
769	5	365	24
769	5	678	27
769	5	939	28
769	5	1252	30
770	5	365	24
770	5	1878	28
770	5	2191	30
771	5	365	24
771	5	1043	28
771	5	1356	30
772	5	365	24
772	5	782	30
773	5	365	24
773	5	1304	28
773	5	1617	30
774	5	365	24
774	5	521	29
774	5	1356	28
775	5	365	24
775	5	1095	28
775	5	1408	30
776	5	365	24
776	5	469	29
776	5	1356	28
776	5	2191	30
777	5	365	24
777	5	1930	28
777	5	2243	30
778	5	365	24
778	5	626	27
778	5	678	29
779	5	365	24
779	5	1878	28
779	5	2191	30
780	5	365	24
780	5	626	27
780	5	887	30
781	5	365	24
781	5	521	29
781	5	1669	28
782	5	365	24
782	5	678	30
783	5	365	24
783	5	1304	28
783	5	1617	30
784	5	365	24
784	5	626	30
784	5	2243	28
785	5	365	24
785	5	626	27
785	5	782	30
786	5	365	24
786	5	730	30
787	5	365	24
787	5	1200	28
787	5	1513	30
788	5	365	24
788	5	678	30
789	5	365	24
789	5	991	28
789	5	1304	30
790	5	365	24
790	5	782	30
791	5	365	24
791	5	1200	28
791	5	1513	30
792	5	365	24
792	5	626	27
792	5	782	30
793	5	365	24
793	5	626	30
794	5	365	24
794	5	521	29
794	5	2139	28
795	5	365	24
795	5	1408	28
795	5	1722	30
796	5	365	24
796	5	1200	28
796	5	1513	30
797	5	365	24
797	5	574	29
798	5	365	24
798	5	887	30
799	5	365	24
799	5	2295	28
800	5	365	24
800	5	1148	28
800	5	1200	30
801	5	365	24
801	5	1200	28
801	5	1513	30
802	5	365	24
802	5	678	30
803	5	365	24
803	5	574	29
803	5	1669	28
804	5	365	24
804	5	678	30
804	5	2243	28
805	5	365	24
805	5	2243	28
806	5	365	24
806	5	1252	28
806	5	1565	30
807	5	365	24
807	5	626	29
807	5	1826	30
808	5	365	24
808	5	1930	28
808	5	2243	30
809	5	365	24
809	5	1617	28
809	5	1930	30
810	5	365	24
810	5	521	29
810	5	1722	28
811	5	365	24
811	5	521	29
811	5	2035	28
812	5	365	24
812	5	574	30
812	5	1826	28
813	5	365	24
813	5	626	27
813	5	887	30
814	5	365	24
814	5	626	27
814	5	939	30
815	5	365	24
815	5	469	29
816	5	365	24
816	5	991	28
816	5	1304	30
817	5	365	24
817	5	1982	28
817	5	2295	30
818	5	365	24
818	5	678	30
818	5	2191	28
819	5	365	24
819	5	1304	28
819	5	1617	30
820	5	365	24
820	5	678	30
821	5	365	24
821	5	1095	28
821	5	1408	30
822	5	365	24
822	5	521	29
822	5	1878	28
823	5	365	24
823	5	626	29
823	5	1930	30
823	5	2243	28
824	5	365	24
824	5	991	28
824	5	1304	30
825	5	365	24
825	5	939	30
826	5	365	24
826	5	834	30
827	5	365	24
827	5	730	30
828	5	365	24
828	5	1200	28
828	5	1252	30
829	5	365	24
829	5	1930	28
829	5	2243	30
830	5	365	24
830	5	991	28
830	5	1304	30
831	5	365	24
831	5	521	29
831	5	1408	28
831	5	2087	30
832	5	365	24
832	5	626	27
832	5	678	29
832	5	1565	28
832	5	1982	30
833	5	365	24
833	5	1095	28
833	5	1408	30
834	5	365	24
834	5	626	29
834	5	1722	28
834	5	2139	30
835	5	365	24
835	5	678	30
836	5	365	24
836	5	1982	30
837	5	365	24
837	5	1095	28
837	5	1408	30
838	5	365	24
838	5	574	30
838	5	1878	28
839	5	365	24
839	5	1252	28
839	5	1565	30
840	5	365	24
840	5	469	29
840	5	1043	30
841	5	365	24
841	5	678	30
842	5	365	24
842	5	730	30
842	5	2139	28
843	5	365	24
843	5	574	29
843	5	1252	28
843	5	1878	30
844	5	365	24
844	5	1095	28
844	5	1408	30
845	5	365	24
845	5	1148	28
845	5	1461	30
846	5	365	24
846	5	1304	28
846	5	1617	30
847	5	365	24
847	5	1095	28
847	5	1408	30
848	5	365	24
848	5	469	29
848	5	1304	28
849	5	365	24
849	5	1826	28
849	5	2139	30
850	5	365	24
850	5	521	29
850	5	1304	28
850	5	1982	30
851	5	365	24
851	5	2139	28
852	5	365	24
852	5	834	30
853	5	365	24
853	5	1252	28
853	5	1565	30
854	5	365	24
854	5	991	28
854	5	1304	30
855	5	365	24
855	5	626	30
856	5	365	24
856	5	626	27
856	5	678	29
857	5	365	24
857	5	1200	28
857	5	1513	30
858	5	365	24
858	5	626	27
858	5	887	30
859	5	365	24
859	5	626	27
859	5	939	30
860	5	365	24
860	5	1408	28
860	5	1461	30
861	5	365	24
861	5	626	29
862	5	365	24
862	5	1356	28
862	5	1669	30
863	5	365	24
863	5	469	29
863	5	1461	28
864	5	365	24
864	5	521	29
864	5	1304	28
864	5	2035	30
865	5	365	24
865	5	626	30
866	5	365	24
866	5	574	29
866	5	1878	28
867	5	365	24
867	5	678	30
868	5	365	24
868	5	678	30
869	5	365	24
869	5	939	30
870	5	365	24
870	5	1043	28
870	5	1356	30
871	5	365	24
871	5	1043	28
871	5	1356	30
872	5	365	24
873	5	365	24
873	5	521	29
873	5	1304	28
873	5	1982	30
874	5	365	24
875	5	365	24
875	5	678	30
876	5	365	24
876	5	678	30
877	5	365	24
877	5	521	29
877	5	1200	28
877	5	1878	30
878	5	365	24
878	5	1095	28
878	5	1408	30
879	5	365	24
879	5	626	27
879	5	730	30
880	5	365	24
880	5	626	29
881	5	365	24
881	5	834	30
882	5	365	24
882	5	1148	28
882	5	1461	30
883	5	365	24
883	5	1565	28
883	5	1878	30
884	5	365	24
884	5	626	29
885	5	365	24
885	5	626	27
885	5	678	29
885	5	1930	30
886	5	365	24
886	5	834	30
887	5	365	24
887	5	626	27
887	5	782	30
888	5	365	24
888	5	939	30
889	5	365	24
889	5	1200	28
889	5	1513	30
890	5	365	24
890	5	1200	28
890	5	1252	30
891	5	365	24
891	5	574	29
892	5	365	24
892	5	1356	28
892	5	1669	30
893	5	365	24
893	5	678	30
894	5	365	24
894	5	626	27
894	5	782	30
895	5	365	24
895	5	678	30
895	5	2295	28
896	5	365	24
896	5	626	29
897	5	365	24
897	5	626	30
898	5	365	24
898	5	469	29
898	5	1356	28
899	5	365	24
899	5	574	29
899	5	1408	28
900	5	365	24
900	5	834	30
901	5	365	24
901	5	574	29
902	5	365	24
902	5	730	27
902	5	991	28
902	5	1304	30
903	5	365	24
903	5	574	30
903	5	1826	28
904	5	365	24
905	5	365	24
905	5	1043	28
905	5	1356	30
906	5	365	24
906	5	521	29
907	5	365	24
907	5	1878	28
907	5	2191	30
908	5	365	24
908	5	626	29
909	5	365	24
909	5	1826	28
909	5	2139	30
910	5	365	24
910	5	1043	28
910	5	1356	30
911	5	365	24
911	5	782	30
912	5	365	24
912	5	678	30
913	5	365	24
913	5	1200	28
913	5	1513	30
914	5	365	24
914	5	626	27
914	5	939	30
915	5	365	24
915	5	1148	28
915	5	1200	30
916	5	365	24
916	5	574	29
916	5	1461	28
917	5	365	24
917	5	678	30
918	5	365	24
918	5	1095	28
918	5	1408	30
919	5	365	24
919	5	1148	28
919	5	1461	30
920	5	365	24
920	5	626	27
920	5	939	30
921	5	365	24
921	5	678	30
922	5	365	24
922	5	678	30
923	5	365	24
923	5	1095	28
923	5	1408	30
924	5	365	24
924	5	678	30
924	5	1565	28
925	5	365	24
925	5	626	29
926	5	365	24
926	5	678	30
926	5	1878	28
927	5	365	24
927	5	782	30
928	5	365	24
929	5	365	24
929	5	574	29
929	5	1722	28
930	5	365	24
930	5	2191	28
931	5	365	24
931	5	574	29
931	5	1252	28
931	5	1930	30
932	5	365	24
932	5	1043	28
932	5	1356	30
933	5	365	24
933	5	1148	28
933	5	1461	30
934	5	365	24
934	5	939	28
934	5	1252	30
935	5	365	24
935	5	678	30
936	5	365	24
936	5	678	30
937	5	365	24
937	5	782	30
938	5	365	24
938	5	939	30
939	5	365	24
939	5	1095	28
939	5	1408	30
940	5	365	24
940	5	469	29
940	5	1565	28
941	5	365	24
941	5	469	29
941	5	1461	28
941	5	2139	30
942	5	365	24
942	5	469	29
942	5	1304	28
942	5	2139	30
943	5	365	24
943	5	678	30
944	5	365	24
944	5	678	30
945	5	365	24
945	5	1304	28
945	5	1617	30
946	5	365	24
946	5	678	30
947	5	365	24
947	5	626	27
947	5	678	29
947	5	1461	28
947	5	1878	30
948	5	365	24
948	5	574	29
949	5	365	24
949	5	469	29
949	5	1148	30
950	5	365	24
950	5	626	29
951	5	365	24
951	5	2035	28
952	5	365	24
952	5	1878	28
952	5	2191	30
953	5	365	24
953	5	626	29
954	5	365	24
954	5	469	29
954	5	1513	28
955	5	365	24
956	5	365	24
956	5	678	30
957	5	365	24
957	5	1252	28
957	5	1565	30
958	5	365	24
958	5	939	28
958	5	1252	30
959	5	365	24
959	5	2139	28
960	5	365	24
960	5	626	27
960	5	834	30
961	5	365	24
961	5	626	27
961	5	887	30
962	5	365	24
962	5	1930	28
962	5	2243	30
963	5	365	24
963	5	626	27
963	5	730	30
964	5	365	24
964	5	678	30
964	5	1617	28
965	5	365	24
965	5	834	30
966	5	365	24
966	5	521	29
966	5	1878	28
967	5	365	24
967	5	1148	28
967	5	1461	30
968	5	365	24
968	5	678	30
969	5	365	24
969	5	678	30
969	5	2139	28
970	5	365	24
971	5	365	24
971	5	574	29
971	5	1722	28
972	5	365	24
972	5	521	29
972	5	1148	30
972	5	2191	28
973	5	365	24
973	5	678	30
974	5	365	24
974	5	626	30
975	5	365	24
975	5	1148	28
975	5	1461	30
976	5	365	24
976	5	678	30
976	5	1878	28
977	5	365	24
977	5	1669	28
977	5	1982	30
978	5	365	24
978	5	678	30
978	5	2191	28
979	5	365	24
979	5	1200	28
979	5	1513	30
980	5	365	24
980	5	1617	28
980	5	1930	30
981	5	365	24
981	5	834	30
981	5	2243	28
982	5	365	24
982	5	678	30
983	5	365	24
983	5	521	29
984	5	365	24
984	5	939	28
984	5	1252	30
985	5	365	24
985	5	1043	28
985	5	1356	30
986	5	365	24
986	5	2139	28
986	5	2191	30
987	5	365	24
987	5	1043	28
987	5	1356	30
988	5	365	24
988	5	678	30
989	5	365	24
989	5	521	29
989	5	2295	28
990	5	365	24
990	5	1565	30
991	5	365	24
992	5	365	24
992	5	1617	28
992	5	1930	30
993	5	365	24
993	5	782	30
994	5	365	24
994	5	1878	28
994	5	2191	30
995	5	365	24
995	5	574	29
996	5	365	24
996	5	1095	28
996	5	1408	30
997	5	365	24
997	5	2191	28
998	5	365	24
998	5	678	30
998	5	1617	28
999	5	365	24
999	5	1252	28
999	5	1565	30
