Realization	utility	week	infra.
0	0	1043	30
1	0	991	30
3	0	1722	30
4	0	1304	29
4	0	1356	30
5	0	1304	30
6	0	1408	30
7	0	1669	30
8	0	1408	30
10	0	1043	30
14	0	1043	30
15	0	1252	30
16	0	1304	30
17	0	1043	30
18	0	417	29
20	0	1408	30
21	0	417	29
22	0	1982	30
23	0	1200	30
24	0	1200	30
26	0	1513	30
27	0	1252	30
28	0	1461	29
29	0	2139	30
30	0	1826	30
31	0	1356	30
32	0	1565	29
33	0	1930	30
34	0	1461	30
35	0	1200	30
36	0	1252	30
37	0	2191	30
39	0	1461	30
40	0	1043	29
40	0	1982	30
41	0	1565	30
42	0	1513	30
43	0	417	29
45	0	1356	30
46	0	1252	30
47	0	1774	30
49	0	1304	30
51	0	2295	30
53	0	1304	30
57	0	1095	30
58	0	1252	30
59	0	1095	30
61	0	1669	30
62	0	1252	30
63	0	1408	30
65	0	1669	30
66	0	1826	30
67	0	1408	30
69	0	1513	30
71	0	1669	30
74	0	2243	30
75	0	1356	30
79	0	1774	30
80	0	1617	30
81	0	2035	30
82	0	2139	30
83	0	2139	30
84	0	1356	30
86	0	2191	30
87	0	417	29
87	0	2035	30
88	0	1408	29
88	0	1461	30
89	0	1669	30
92	0	1043	30
95	0	2191	30
96	0	1669	29
96	0	1722	30
98	0	2295	30
99	0	2035	30
102	0	1669	30
104	0	1356	30
106	0	1408	30
107	0	1095	30
108	0	1304	30
109	0	2243	30
110	0	1148	30
111	0	2139	30
112	0	2191	30
113	0	1095	30
114	0	2191	30
116	0	2087	30
117	0	2087	30
118	0	1669	29
119	0	1878	30
120	0	2087	30
122	0	1200	30
124	0	991	30
125	0	1304	29
125	0	1356	30
126	0	1148	30
127	0	1148	30
128	0	991	30
131	0	1408	30
132	0	939	29
133	0	1617	30
134	0	1878	30
135	0	1252	30
136	0	1043	30
137	0	1513	30
138	0	1043	30
139	0	1200	29
139	0	1252	30
141	0	1148	29
141	0	1200	30
142	0	2139	30
143	0	1930	30
145	0	1774	30
146	0	1408	30
147	0	1461	30
149	0	1095	30
150	0	1356	30
151	0	1930	30
152	0	1304	30
153	0	2191	30
154	0	1252	30
155	0	939	29
156	0	1148	30
158	0	1252	30
159	0	939	30
160	0	1513	30
162	0	1617	30
164	0	1930	30
165	0	1356	30
167	0	2191	30
169	0	1982	30
170	0	1043	30
172	0	1669	30
173	0	2191	30
174	0	1565	30
175	0	1408	30
176	0	1304	30
179	0	1408	30
181	0	1043	30
183	0	1200	30
185	0	1200	30
187	0	1617	30
189	0	1356	29
190	0	2087	30
192	0	1461	30
193	0	1565	30
196	0	939	30
198	0	1408	30
199	0	1252	30
200	0	1722	30
202	0	1617	30
203	0	1669	30
204	0	1304	30
205	0	1982	30
206	0	991	30
207	0	1252	30
208	0	1304	30
210	0	1461	30
212	0	1774	30
215	0	1722	30
217	0	1669	30
218	0	1513	30
221	0	1513	30
224	0	1774	30
225	0	1148	30
226	0	1148	29
227	0	2139	30
228	0	1200	30
229	0	1461	30
230	0	1148	30
231	0	1148	30
232	0	1095	30
233	0	1826	30
235	0	2295	30
236	0	2191	30
240	0	1148	30
241	0	1461	30
242	0	1408	30
243	0	991	30
244	0	417	29
245	0	1982	30
248	0	1095	30
249	0	991	30
250	0	991	30
251	0	1565	30
253	0	2087	30
256	0	1565	30
257	0	1826	30
258	0	1043	30
259	0	1043	30
260	0	1252	30
262	0	1513	30
264	0	1304	30
265	0	2295	30
266	0	1513	30
267	0	887	29
268	0	1565	30
269	0	1200	30
270	0	2243	30
271	0	1461	30
272	0	1200	30
277	0	2295	30
280	0	2139	30
283	0	1722	30
284	0	1043	30
285	0	1669	30
286	0	991	29
286	0	2139	30
288	0	1722	30
292	0	2191	30
293	0	939	30
294	0	1200	30
295	0	2139	30
296	0	1252	30
298	0	1617	30
300	0	2295	30
301	0	1043	30
302	0	1356	30
303	0	991	30
304	0	1095	30
306	0	991	30
309	0	991	30
310	0	1304	30
312	0	2035	30
315	0	1408	30
322	0	1878	30
324	0	2191	30
325	0	2139	30
326	0	1095	30
327	0	1669	30
328	0	2243	30
330	0	1461	30
331	0	1200	30
332	0	1356	30
333	0	1200	30
335	0	939	30
336	0	1304	30
337	0	2191	30
339	0	1878	30
340	0	1669	30
341	0	1722	30
342	0	1095	30
343	0	887	29
345	0	1408	30
346	0	1356	30
347	0	1565	29
347	0	1617	30
348	0	1304	30
349	0	1200	29
349	0	1252	30
352	0	1565	30
353	0	1252	30
354	0	939	29
354	0	1878	30
356	0	1774	30
357	0	1669	30
358	0	1722	30
360	0	2295	30
361	0	1513	30
364	0	1200	30
366	0	1513	30
367	0	1930	30
368	0	1095	30
369	0	1304	30
371	0	1252	30
372	0	1669	30
374	0	2191	30
376	0	1356	30
377	0	1930	30
378	0	1774	30
379	0	1513	30
381	0	2087	30
382	0	1878	30
384	0	1408	30
387	0	1252	30
389	0	1774	30
390	0	991	30
391	0	1252	30
392	0	2139	30
393	0	1095	30
394	0	1722	29
396	0	939	29
396	0	1878	30
397	0	1722	30
399	0	1043	30
400	0	1722	30
402	0	1408	30
404	0	1930	30
405	0	2035	29
405	0	2087	30
406	0	1304	30
407	0	1722	30
410	0	2243	30
411	0	417	29
411	0	1982	30
412	0	991	29
412	0	1930	30
413	0	887	29
413	0	1826	30
414	0	1408	30
415	0	1304	30
416	0	2295	30
417	0	1408	30
418	0	1252	30
419	0	1200	30
420	0	1669	30
423	0	1565	30
424	0	1200	29
424	0	1252	30
425	0	1982	30
426	0	1565	30
428	0	1200	30
429	0	1356	30
430	0	1461	30
431	0	678	29
432	0	1356	30
433	0	1565	30
434	0	1095	30
435	0	1095	30
436	0	1043	30
437	0	1826	30
438	0	1408	30
440	0	1930	30
442	0	1774	30
445	0	939	29
446	0	2191	30
451	0	1461	30
452	0	1513	30
453	0	1043	30
455	0	1669	30
456	0	1878	30
457	0	1722	30
460	0	1200	30
461	0	1095	29
461	0	1148	30
462	0	1774	30
463	0	1356	30
464	0	1617	30
465	0	1200	30
466	0	1095	30
467	0	1200	30
468	0	1200	30
469	0	991	30
471	0	2139	30
472	0	1252	30
473	0	1565	30
474	0	1148	30
475	0	2139	30
481	0	1252	29
481	0	1304	30
482	0	2035	30
485	0	2191	30
486	0	1930	30
487	0	991	29
489	0	1043	30
490	0	1408	30
491	0	1774	30
492	0	1617	30
494	0	1252	30
495	0	1461	30
496	0	1356	29
498	0	1774	30
500	0	991	29
500	0	1930	30
501	0	2087	30
502	0	1617	30
503	0	1043	29
503	0	1095	30
505	0	2139	30
508	0	1095	30
512	0	1513	30
513	0	1722	30
514	0	1461	30
515	0	991	30
516	0	2035	30
517	0	1930	30
518	0	1617	30
519	0	1252	30
520	0	2191	30
521	0	1148	30
522	0	1565	30
523	0	1252	30
525	0	1356	30
527	0	991	29
528	0	991	30
529	0	1148	29
529	0	1200	30
530	0	1722	29
531	0	1565	30
532	0	1722	30
534	0	1148	30
536	0	2191	30
537	0	1461	30
538	0	1095	30
539	0	991	30
541	0	1826	30
543	0	1617	30
544	0	1356	30
546	0	1826	30
547	0	1304	30
550	0	1148	30
551	0	1148	30
553	0	1722	30
554	0	939	30
555	0	1095	30
556	0	1565	30
558	0	417	29
559	0	1565	29
562	0	1565	30
563	0	1461	30
564	0	2139	30
565	0	1200	30
566	0	1252	30
568	0	939	29
569	0	1669	30
571	0	1043	30
575	0	939	29
575	0	1878	30
576	0	1774	30
577	0	1148	30
578	0	2087	30
581	0	1617	30
582	0	1826	30
583	0	991	30
584	0	1878	30
585	0	991	29
585	0	1930	30
586	0	1513	30
587	0	1095	30
588	0	1461	30
589	0	1356	30
590	0	1304	30
594	0	1930	30
595	0	1200	30
596	0	1461	30
598	0	1043	30
599	0	887	29
601	0	1356	30
604	0	1669	30
605	0	2035	30
606	0	1408	30
607	0	1304	30
608	0	1408	30
611	0	1774	30
612	0	1774	30
614	0	1722	30
615	0	2139	30
616	0	1722	30
620	0	1200	30
621	0	1513	30
622	0	939	29
623	0	2243	30
624	0	2191	30
625	0	1617	30
626	0	1356	30
627	0	1408	30
628	0	1513	30
629	0	2191	30
630	0	1774	30
631	0	1513	30
632	0	991	30
634	0	1826	30
639	0	1148	30
644	0	2243	30
645	0	1513	30
646	0	1200	30
648	0	1617	30
649	0	1356	30
650	0	2139	29
652	0	1513	30
653	0	1461	30
654	0	2295	30
655	0	1617	30
656	0	1513	30
658	0	1304	30
659	0	1722	30
661	0	1252	30
662	0	1461	30
664	0	1252	30
665	0	1200	30
666	0	1408	29
667	0	1565	29
668	0	1774	29
668	0	1826	30
669	0	1722	30
670	0	1722	30
672	0	2035	30
673	0	1982	30
674	0	1513	30
675	0	1513	30
676	0	1200	30
677	0	1513	30
678	0	1565	30
680	0	1565	30
682	0	1565	30
684	0	1513	30
685	0	2243	30
686	0	1408	30
688	0	2035	30
689	0	2035	30
691	0	1200	30
692	0	1408	30
693	0	1356	30
694	0	1513	30
695	0	834	29
697	0	1252	30
698	0	2139	30
699	0	1565	30
701	0	1565	30
703	0	1200	30
705	0	1826	30
706	0	1095	30
707	0	1722	30
708	0	1722	30
709	0	1304	30
710	0	1252	30
711	0	1722	30
712	0	1669	30
714	0	1148	30
715	0	1774	30
716	0	1043	30
717	0	1617	30
718	0	1200	30
721	0	1513	30
722	0	1148	30
725	0	1304	30
726	0	1408	30
729	0	2087	30
730	0	1617	30
731	0	887	29
732	0	2035	30
733	0	1200	30
734	0	1095	30
737	0	1304	30
738	0	1252	30
739	0	1774	30
742	0	991	29
742	0	1043	30
743	0	1200	30
744	0	1722	30
750	0	2243	30
752	0	1669	30
753	0	1148	30
754	0	1200	30
755	0	1461	30
756	0	1148	30
757	0	2243	30
758	0	1095	30
761	0	1930	30
762	0	1461	30
763	0	1774	30
765	0	1200	30
766	0	2295	30
767	0	1826	30
771	0	1722	29
771	0	1774	30
772	0	2295	30
774	0	1095	30
776	0	991	29
776	0	2139	30
778	0	1826	30
780	0	2243	30
781	0	1356	30
782	0	2139	30
784	0	1826	30
785	0	2191	30
787	0	2087	30
788	0	1304	30
789	0	1669	30
790	0	1826	30
793	0	1043	30
794	0	1930	30
795	0	2295	30
797	0	1200	30
798	0	1930	30
801	0	2087	30
802	0	1461	30
803	0	1408	30
804	0	1826	30
807	0	1043	30
810	0	1043	30
811	0	1043	30
812	0	417	29
812	0	2243	30
815	0	417	29
816	0	1774	30
818	0	1565	30
820	0	2295	30
821	0	1774	30
822	0	1095	30
823	0	991	29
823	0	1043	30
824	0	1565	30
825	0	1669	30
826	0	1617	30
828	0	1878	30
831	0	1304	30
832	0	1252	30
834	0	1252	30
835	0	1982	30
837	0	2035	30
838	0	417	29
839	0	2035	30
840	0	417	29
840	0	1043	30
842	0	1565	30
843	0	1043	30
847	0	1826	30
848	0	991	29
848	0	1043	30
850	0	1200	30
853	0	2191	30
854	0	1565	30
855	0	2191	30
858	0	1565	30
862	0	2295	30
863	0	1200	30
864	0	1043	29
864	0	2087	30
865	0	1252	30
866	0	1095	30
867	0	2191	30
868	0	1461	30
869	0	1513	30
870	0	1722	30
871	0	1722	30
873	0	1148	30
875	0	1408	30
876	0	1252	30
877	0	1095	30
878	0	1930	30
879	0	2035	30
880	0	1043	30
882	0	1722	29
884	0	1878	30
885	0	1148	29
885	0	1200	30
886	0	2139	30
887	0	1669	30
889	0	2243	30
890	0	1826	30
891	0	1722	30
892	0	2191	30
894	0	2035	30
895	0	1878	30
897	0	1252	30
898	0	1200	30
899	0	1252	30
900	0	1930	30
901	0	1095	30
902	0	1461	30
903	0	1304	30
905	0	2139	30
908	0	1252	30
910	0	1826	30
913	0	1878	30
914	0	1461	30
916	0	1252	30
917	0	2139	30
918	0	1774	30
920	0	2191	30
922	0	1930	29
922	0	1982	30
924	0	1200	30
925	0	1304	30
926	0	1304	30
927	0	1669	30
929	0	1356	30
931	0	1095	30
932	0	1826	30
933	0	1774	30
934	0	1774	30
935	0	1513	30
936	0	2087	30
937	0	2295	30
938	0	1722	30
940	0	1408	30
941	0	1148	30
942	0	887	29
942	0	2191	30
944	0	1826	30
946	0	1722	30
947	0	1200	29
947	0	1878	30
948	0	1148	30
949	0	417	29
949	0	1826	30
950	0	1043	30
953	0	1200	30
954	0	1043	30
960	0	1461	29
960	0	1513	30
961	0	1461	30
963	0	1252	30
964	0	1200	30
965	0	1617	30
966	0	1408	30
968	0	1878	30
969	0	1461	30
971	0	1304	30
972	0	939	30
976	0	1304	30
978	0	1200	30
979	0	1878	30
981	0	1513	30
982	0	1617	30
983	0	1200	30
984	0	1669	30
985	0	1669	30
988	0	2087	30
989	0	1930	30
995	0	939	29
998	0	1356	30
0	1	1043	30
1	1	991	30
3	1	1722	30
4	1	1304	29
4	1	1356	30
5	1	1304	30
6	1	1408	30
7	1	1669	30
8	1	1408	30
10	1	1043	30
14	1	1043	30
15	1	1252	30
16	1	1304	30
17	1	1043	30
18	1	417	29
20	1	1408	30
21	1	417	29
22	1	1982	30
23	1	1200	30
24	1	1200	30
26	1	1513	30
27	1	1252	30
28	1	1461	29
29	1	2139	30
30	1	1826	30
31	1	1356	30
32	1	1565	29
33	1	1930	30
34	1	1461	30
35	1	1200	30
36	1	1252	30
37	1	2191	30
39	1	1461	30
40	1	1043	29
40	1	1982	30
41	1	1565	30
42	1	1513	30
43	1	417	29
45	1	1356	30
46	1	1252	30
47	1	1774	30
49	1	1304	30
51	1	2295	30
53	1	1304	30
57	1	1095	30
58	1	1252	30
59	1	1095	30
61	1	1669	30
62	1	1252	30
63	1	1408	30
65	1	1669	30
66	1	1826	30
67	1	1408	30
69	1	1513	30
71	1	1669	30
74	1	2243	30
75	1	1356	30
79	1	1774	30
80	1	1617	30
81	1	2035	30
82	1	2139	30
83	1	2139	30
84	1	1356	30
86	1	2191	30
87	1	417	29
87	1	2035	30
88	1	1408	29
88	1	1461	30
89	1	1669	30
92	1	1043	30
95	1	2191	30
96	1	1669	29
96	1	1722	30
98	1	2295	30
99	1	2035	30
102	1	1669	30
104	1	1356	30
106	1	1408	30
107	1	1095	30
108	1	1304	30
109	1	2243	30
110	1	1148	30
111	1	2139	30
112	1	2191	30
113	1	1095	30
114	1	2191	30
116	1	2087	30
117	1	2087	30
118	1	1669	29
119	1	1878	30
120	1	2087	30
122	1	1200	30
124	1	991	30
125	1	1304	29
125	1	1356	30
126	1	1148	30
127	1	1148	30
128	1	991	30
131	1	1408	30
132	1	939	29
133	1	1617	30
134	1	1878	30
135	1	1252	30
136	1	1043	30
137	1	1513	30
138	1	1043	30
139	1	1200	29
139	1	1252	30
141	1	1148	29
141	1	1200	30
142	1	2139	30
143	1	1930	30
145	1	1774	30
146	1	1408	30
147	1	1461	30
149	1	1095	30
150	1	1356	30
151	1	1930	30
152	1	1304	30
153	1	2191	30
154	1	1252	30
155	1	939	29
156	1	1148	30
158	1	1252	30
159	1	939	30
160	1	1513	30
162	1	1617	30
164	1	1930	30
165	1	1356	30
167	1	2191	30
169	1	1982	30
170	1	1043	30
172	1	1669	30
173	1	2191	30
174	1	1565	30
175	1	1408	30
176	1	1304	30
179	1	1408	30
181	1	1043	30
183	1	1200	30
185	1	1200	30
187	1	1617	30
189	1	1356	29
190	1	2087	30
192	1	1461	30
193	1	1565	30
196	1	939	30
198	1	1408	30
199	1	1252	30
200	1	1722	30
202	1	1617	30
203	1	1669	30
204	1	1304	30
205	1	1982	30
206	1	991	30
207	1	1252	30
208	1	1304	30
210	1	1461	30
212	1	1774	30
215	1	1722	30
217	1	1669	30
218	1	1513	30
221	1	1513	30
224	1	1774	30
225	1	1148	30
226	1	1148	29
227	1	2139	30
228	1	1200	30
229	1	1461	30
230	1	1148	30
231	1	1148	30
232	1	1095	30
233	1	1826	30
235	1	2295	30
236	1	2191	30
240	1	1148	30
241	1	1461	30
242	1	1408	30
243	1	991	30
244	1	417	29
245	1	1982	30
248	1	1095	30
249	1	991	30
250	1	991	30
251	1	1565	30
253	1	2087	30
256	1	1565	30
257	1	1826	30
258	1	1043	30
259	1	1043	30
260	1	1252	30
262	1	1513	30
264	1	1304	30
265	1	2295	30
266	1	1513	30
267	1	887	29
268	1	1565	30
269	1	1200	30
270	1	2243	30
271	1	1461	30
272	1	1200	30
277	1	2295	30
280	1	2139	30
283	1	1722	30
284	1	1043	30
285	1	1669	30
286	1	991	29
286	1	2139	30
288	1	1722	30
292	1	2191	30
293	1	939	30
294	1	1200	30
295	1	2139	30
296	1	1252	30
298	1	1617	30
300	1	2295	30
301	1	1043	30
302	1	1356	30
303	1	991	30
304	1	1095	30
306	1	991	30
309	1	991	30
310	1	1304	30
312	1	2035	30
315	1	1408	30
322	1	1878	30
324	1	2191	30
325	1	2139	30
326	1	1095	30
327	1	1669	30
328	1	2243	30
330	1	1461	30
331	1	1200	30
332	1	1356	30
333	1	1200	30
335	1	939	30
336	1	1304	30
337	1	2191	30
339	1	1878	30
340	1	1669	30
341	1	1722	30
342	1	1095	30
343	1	887	29
345	1	1408	30
346	1	1356	30
347	1	1565	29
347	1	1617	30
348	1	1304	30
349	1	1200	29
349	1	1252	30
352	1	1565	30
353	1	1252	30
354	1	939	29
354	1	1878	30
356	1	1774	30
357	1	1669	30
358	1	1722	30
360	1	2295	30
361	1	1513	30
364	1	1200	30
366	1	1513	30
367	1	1930	30
368	1	1095	30
369	1	1304	30
371	1	1252	30
372	1	1669	30
374	1	2191	30
376	1	1356	30
377	1	1930	30
378	1	1774	30
379	1	1513	30
381	1	2087	30
382	1	1878	30
384	1	1408	30
387	1	1252	30
389	1	1774	30
390	1	991	30
391	1	1252	30
392	1	2139	30
393	1	1095	30
394	1	1722	29
396	1	939	29
396	1	1878	30
397	1	1722	30
399	1	1043	30
400	1	1722	30
402	1	1408	30
404	1	1930	30
405	1	2035	29
405	1	2087	30
406	1	1304	30
407	1	1722	30
410	1	2243	30
411	1	417	29
411	1	1982	30
412	1	991	29
412	1	1930	30
413	1	887	29
413	1	1826	30
414	1	1408	30
415	1	1304	30
416	1	2295	30
417	1	1408	30
418	1	1252	30
419	1	1200	30
420	1	1669	30
423	1	1565	30
424	1	1200	29
424	1	1252	30
425	1	1982	30
426	1	1565	30
428	1	1200	30
429	1	1356	30
430	1	1461	30
431	1	678	29
432	1	1356	30
433	1	1565	30
434	1	1095	30
435	1	1095	30
436	1	1043	30
437	1	1826	30
438	1	1408	30
440	1	1930	30
442	1	1774	30
445	1	939	29
446	1	2191	30
451	1	1461	30
452	1	1513	30
453	1	1043	30
455	1	1669	30
456	1	1878	30
457	1	1722	30
460	1	1200	30
461	1	1095	29
461	1	1148	30
462	1	1774	30
463	1	1356	30
464	1	1617	30
465	1	1200	30
466	1	1095	30
467	1	1200	30
468	1	1200	30
469	1	991	30
471	1	2139	30
472	1	1252	30
473	1	1565	30
474	1	1148	30
475	1	2139	30
481	1	1252	29
481	1	1304	30
482	1	2035	30
485	1	2191	30
486	1	1930	30
487	1	991	29
489	1	1043	30
490	1	1408	30
491	1	1774	30
492	1	1617	30
494	1	1252	30
495	1	1461	30
496	1	1356	29
498	1	1774	30
500	1	991	29
500	1	1930	30
501	1	2087	30
502	1	1617	30
503	1	1043	29
503	1	1095	30
505	1	2139	30
508	1	1095	30
512	1	1513	30
513	1	1722	30
514	1	1461	30
515	1	991	30
516	1	2035	30
517	1	1930	30
518	1	1617	30
519	1	1252	30
520	1	2191	30
521	1	1148	30
522	1	1565	30
523	1	1252	30
525	1	1356	30
527	1	991	29
528	1	991	30
529	1	1148	29
529	1	1200	30
530	1	1722	29
531	1	1565	30
532	1	1722	30
534	1	1148	30
536	1	2191	30
537	1	1461	30
538	1	1095	30
539	1	991	30
541	1	1826	30
543	1	1617	30
544	1	1356	30
546	1	1826	30
547	1	1304	30
550	1	1148	30
551	1	1148	30
553	1	1722	30
554	1	939	30
555	1	1095	30
556	1	1565	30
558	1	417	29
559	1	1565	29
562	1	1565	30
563	1	1461	30
564	1	2139	30
565	1	1200	30
566	1	1252	30
568	1	939	29
569	1	1669	30
571	1	1043	30
575	1	939	29
575	1	1878	30
576	1	1774	30
577	1	1148	30
578	1	2087	30
581	1	1617	30
582	1	1826	30
583	1	991	30
584	1	1878	30
585	1	991	29
585	1	1930	30
586	1	1513	30
587	1	1095	30
588	1	1461	30
589	1	1356	30
590	1	1304	30
594	1	1930	30
595	1	1200	30
596	1	1461	30
598	1	1043	30
599	1	887	29
601	1	1356	30
604	1	1669	30
605	1	2035	30
606	1	1408	30
607	1	1304	30
608	1	1408	30
611	1	1774	30
612	1	1774	30
614	1	1722	30
615	1	2139	30
616	1	1722	30
620	1	1200	30
621	1	1513	30
622	1	939	29
623	1	2243	30
624	1	2191	30
625	1	1617	30
626	1	1356	30
627	1	1408	30
628	1	1513	30
629	1	2191	30
630	1	1774	30
631	1	1513	30
632	1	991	30
634	1	1826	30
639	1	1148	30
644	1	2243	30
645	1	1513	30
646	1	1200	30
648	1	1617	30
649	1	1356	30
650	1	2139	29
652	1	1513	30
653	1	1461	30
654	1	2295	30
655	1	1617	30
656	1	1513	30
658	1	1304	30
659	1	1722	30
661	1	1252	30
662	1	1461	30
664	1	1252	30
665	1	1200	30
666	1	1408	29
667	1	1565	29
668	1	1774	29
668	1	1826	30
669	1	1722	30
670	1	1722	30
672	1	2035	30
673	1	1982	30
674	1	1513	30
675	1	1513	30
676	1	1200	30
677	1	1513	30
678	1	1565	30
680	1	1565	30
682	1	1565	30
684	1	1513	30
685	1	2243	30
686	1	1408	30
688	1	2035	30
689	1	2035	30
691	1	1200	30
692	1	1408	30
693	1	1356	30
694	1	1513	30
695	1	834	29
697	1	1252	30
698	1	2139	30
699	1	1565	30
701	1	1565	30
703	1	1200	30
705	1	1826	30
706	1	1095	30
707	1	1722	30
708	1	1722	30
709	1	1304	30
710	1	1252	30
711	1	1722	30
712	1	1669	30
714	1	1148	30
715	1	1774	30
716	1	1043	30
717	1	1617	30
718	1	1200	30
721	1	1513	30
722	1	1148	30
725	1	1304	30
726	1	1408	30
729	1	2087	30
730	1	1617	30
731	1	887	29
732	1	2035	30
733	1	1200	30
734	1	1095	30
737	1	1304	30
738	1	1252	30
739	1	1774	30
742	1	991	29
742	1	1043	30
743	1	1200	30
744	1	1722	30
750	1	2243	30
752	1	1669	30
753	1	1148	30
754	1	1200	30
755	1	1461	30
756	1	1148	30
757	1	2243	30
758	1	1095	30
761	1	1930	30
762	1	1461	30
763	1	1774	30
765	1	1200	30
766	1	2295	30
767	1	1826	30
771	1	1722	29
771	1	1774	30
772	1	2295	30
774	1	1095	30
776	1	991	29
776	1	2139	30
778	1	1826	30
780	1	2243	30
781	1	1356	30
782	1	2139	30
784	1	1826	30
785	1	2191	30
787	1	2087	30
788	1	1304	30
789	1	1669	30
790	1	1826	30
793	1	1043	30
794	1	1930	30
795	1	2295	30
797	1	1200	30
798	1	1930	30
801	1	2087	30
802	1	1461	30
803	1	1408	30
804	1	1826	30
807	1	1043	30
810	1	1043	30
811	1	1043	30
812	1	417	29
812	1	2243	30
815	1	417	29
816	1	1774	30
818	1	1565	30
820	1	2295	30
821	1	1774	30
822	1	1095	30
823	1	991	29
823	1	1043	30
824	1	1565	30
825	1	1669	30
826	1	1617	30
828	1	1878	30
831	1	1304	30
832	1	1252	30
834	1	1252	30
835	1	1982	30
837	1	2035	30
838	1	417	29
839	1	2035	30
840	1	417	29
840	1	1043	30
842	1	1565	30
843	1	1043	30
847	1	1826	30
848	1	991	29
848	1	1043	30
850	1	1200	30
853	1	2191	30
854	1	1565	30
855	1	2191	30
858	1	1565	30
862	1	2295	30
863	1	1200	30
864	1	1043	29
864	1	2087	30
865	1	1252	30
866	1	1095	30
867	1	2191	30
868	1	1461	30
869	1	1513	30
870	1	1722	30
871	1	1722	30
873	1	1148	30
875	1	1408	30
876	1	1252	30
877	1	1095	30
878	1	1930	30
879	1	2035	30
880	1	1043	30
882	1	1722	29
884	1	1878	30
885	1	1148	29
885	1	1200	30
886	1	2139	30
887	1	1669	30
889	1	2243	30
890	1	1826	30
891	1	1722	30
892	1	2191	30
894	1	2035	30
895	1	1878	30
897	1	1252	30
898	1	1200	30
899	1	1252	30
900	1	1930	30
901	1	1095	30
902	1	1461	30
903	1	1304	30
905	1	2139	30
908	1	1252	30
910	1	1826	30
913	1	1878	30
914	1	1461	30
916	1	1252	30
917	1	2139	30
918	1	1774	30
920	1	2191	30
922	1	1930	29
922	1	1982	30
924	1	1200	30
925	1	1304	30
926	1	1304	30
927	1	1669	30
929	1	1356	30
931	1	1095	30
932	1	1826	30
933	1	1774	30
934	1	1774	30
935	1	1513	30
936	1	2087	30
937	1	2295	30
938	1	1722	30
940	1	1408	30
941	1	1148	30
942	1	887	29
942	1	2191	30
944	1	1826	30
946	1	1722	30
947	1	1200	29
947	1	1878	30
948	1	1148	30
949	1	417	29
949	1	1826	30
950	1	1043	30
953	1	1200	30
954	1	1043	30
960	1	1461	29
960	1	1513	30
961	1	1461	30
963	1	1252	30
964	1	1200	30
965	1	1617	30
966	1	1408	30
968	1	1878	30
969	1	1461	30
971	1	1304	30
972	1	939	30
976	1	1304	30
978	1	1200	30
979	1	1878	30
981	1	1513	30
982	1	1617	30
983	1	1200	30
984	1	1669	30
985	1	1669	30
988	1	2087	30
989	1	1930	30
995	1	939	29
998	1	1356	30
0	2	261	26
0	2	730	33
0	2	1148	13
1	2	261	26
1	2	730	33
1	2	1565	13
2	2	261	26
3	2	261	26
3	2	2243	13
4	2	261	26
4	2	939	33
4	2	1200	13
5	2	261	26
5	2	834	33
6	2	261	26
6	2	991	33
6	2	2139	13
7	2	261	26
7	2	1565	13
8	2	261	26
8	2	1148	33
8	2	1461	13
9	2	261	26
10	2	261	26
10	2	730	33
10	2	1148	13
11	2	261	26
12	2	261	26
13	2	261	26
14	2	261	26
14	2	730	33
14	2	1148	13
15	2	261	26
15	2	834	33
15	2	1408	13
16	2	261	26
16	2	834	33
16	2	1304	13
17	2	261	26
17	2	730	33
17	2	1148	13
18	2	261	26
18	2	782	33
18	2	1774	13
19	2	261	26
20	2	261	26
20	2	1148	33
20	2	1722	13
21	2	261	26
21	2	730	33
21	2	1148	13
22	2	261	26
23	2	261	26
23	2	782	33
23	2	1200	13
24	2	261	26
24	2	834	33
24	2	1408	13
25	2	261	26
26	2	261	26
26	2	1304	13
27	2	261	26
27	2	834	33
27	2	1200	13
28	2	261	26
28	2	1200	13
28	2	1565	33
29	2	261	26
30	2	261	26
31	2	261	26
31	2	991	33
32	2	261	26
32	2	1669	13
33	2	261	26
33	2	1774	13
34	2	261	26
34	2	1356	13
35	2	261	26
35	2	834	33
35	2	1200	13
36	2	261	26
36	2	834	33
36	2	1356	13
37	2	261	26
37	2	2295	13
38	2	261	26
38	2	1617	13
39	2	261	26
39	2	991	33
40	2	261	26
40	2	730	33
40	2	1148	13
41	2	261	26
41	2	1408	13
42	2	261	26
42	2	1252	13
43	2	261	26
43	2	887	33
43	2	1304	13
44	2	261	26
45	2	261	26
45	2	1148	13
45	2	1774	33
46	2	261	26
46	2	887	33
46	2	2295	13
47	2	261	26
48	2	261	26
49	2	261	26
49	2	991	33
49	2	1304	13
50	2	261	26
51	2	261	26
52	2	261	26
53	2	261	26
53	2	834	33
53	2	1200	13
54	2	261	26
55	2	261	26
55	2	2295	13
56	2	261	26
57	2	261	26
57	2	782	33
57	2	1148	13
58	2	261	26
58	2	1095	33
58	2	1513	13
59	2	261	26
59	2	782	33
59	2	1148	13
60	2	261	26
61	2	261	26
61	2	991	33
62	2	261	26
62	2	939	33
62	2	1252	13
63	2	261	26
63	2	1304	13
64	2	261	26
65	2	261	26
65	2	1408	13
66	2	261	26
67	2	261	26
67	2	1304	13
67	2	1774	33
68	2	261	26
69	2	261	26
69	2	1461	13
70	2	261	26
71	2	261	26
71	2	1669	13
72	2	261	26
73	2	261	26
74	2	261	26
75	2	261	26
75	2	834	33
75	2	1669	13
76	2	261	26
77	2	261	26
78	2	261	26
79	2	261	26
79	2	1617	13
80	2	261	26
80	2	887	33
80	2	2243	13
81	2	261	26
81	2	2035	13
82	2	261	26
83	2	261	26
84	2	261	26
84	2	939	33
85	2	261	26
86	2	261	26
87	2	261	26
87	2	782	33
87	2	1148	13
88	2	261	26
88	2	1200	13
88	2	1826	33
89	2	261	26
89	2	1461	13
90	2	261	26
91	2	261	26
92	2	261	26
92	2	782	33
92	2	1513	13
93	2	261	26
94	2	261	26
95	2	261	26
96	2	261	26
96	2	1669	13
97	2	261	26
98	2	261	26
99	2	261	26
100	2	261	26
101	2	261	26
101	2	1513	13
102	2	261	26
102	2	1304	13
103	2	261	26
104	2	261	26
104	2	1043	33
104	2	1408	13
105	2	261	26
106	2	261	26
106	2	1148	13
106	2	1669	33
107	2	261	26
107	2	782	33
107	2	1148	13
108	2	261	26
108	2	887	33
108	2	1565	13
109	2	261	26
110	2	261	26
110	2	834	33
110	2	1148	13
111	2	261	26
111	2	2243	13
112	2	261	26
113	2	261	26
113	2	730	33
113	2	1148	13
114	2	261	26
114	2	2087	13
115	2	261	26
116	2	261	26
117	2	261	26
118	2	261	26
119	2	261	26
120	2	261	26
121	2	261	26
122	2	261	26
122	2	782	33
122	2	1148	13
123	2	261	26
124	2	261	26
124	2	782	33
124	2	1461	13
125	2	261	26
125	2	939	33
125	2	1252	13
126	2	261	26
126	2	782	33
126	2	1148	13
127	2	261	26
127	2	782	33
127	2	1148	13
128	2	261	26
128	2	730	33
128	2	1148	13
129	2	261	26
130	2	261	26
130	2	991	33
131	2	261	26
131	2	1148	13
131	2	1617	33
132	2	261	26
132	2	730	33
132	2	2035	13
133	2	261	26
133	2	991	33
133	2	1722	13
134	2	261	26
134	2	2139	13
135	2	261	26
135	2	834	33
135	2	1356	13
136	2	261	26
136	2	730	33
136	2	1148	13
137	2	261	26
137	2	1304	13
138	2	261	26
138	2	678	33
138	2	1148	13
139	2	261	26
139	2	834	33
139	2	1148	13
140	2	261	26
141	2	261	26
141	2	834	33
141	2	1148	13
142	2	261	26
143	2	261	26
144	2	261	26
145	2	261	26
146	2	261	26
146	2	1148	33
146	2	1722	13
147	2	261	26
147	2	1148	13
147	2	1669	33
148	2	261	26
149	2	261	26
149	2	782	33
149	2	1148	13
150	2	261	26
150	2	939	33
150	2	1304	13
151	2	261	26
152	2	261	26
152	2	1095	33
152	2	1513	13
153	2	261	26
154	2	261	26
154	2	887	33
154	2	1148	13
155	2	261	26
155	2	782	33
155	2	1148	13
156	2	261	26
156	2	782	33
156	2	1148	13
157	2	261	26
158	2	261	26
158	2	939	33
158	2	1356	13
159	2	261	26
159	2	730	33
159	2	1148	13
160	2	261	26
160	2	1252	13
161	2	261	26
162	2	261	26
162	2	1565	13
163	2	261	26
164	2	261	26
164	2	834	33
165	2	261	26
165	2	939	33
165	2	1252	13
166	2	261	26
167	2	261	26
168	2	261	26
169	2	261	26
169	2	834	33
170	2	261	26
170	2	730	33
170	2	1148	13
171	2	261	26
172	2	261	26
172	2	1565	13
173	2	261	26
174	2	261	26
174	2	1461	13
175	2	261	26
175	2	1148	13
175	2	1774	33
176	2	261	26
176	2	834	33
177	2	261	26
178	2	261	26
179	2	261	26
179	2	991	33
179	2	1461	13
180	2	261	26
181	2	261	26
181	2	782	33
182	2	261	26
183	2	261	26
183	2	834	33
183	2	1252	13
184	2	261	26
185	2	261	26
185	2	939	33
185	2	1408	13
186	2	261	26
187	2	261	26
187	2	1356	13
188	2	261	26
189	2	261	26
189	2	1252	13
189	2	1826	33
190	2	261	26
191	2	261	26
191	2	782	33
192	2	261	26
192	2	1148	13
192	2	1669	33
193	2	261	26
193	2	1252	13
194	2	261	26
195	2	261	26
196	2	261	26
196	2	730	33
196	2	1148	13
197	2	261	26
198	2	261	26
198	2	1200	13
198	2	1774	33
199	2	261	26
199	2	834	33
199	2	1148	13
200	2	261	26
200	2	1722	13
201	2	261	26
202	2	261	26
202	2	1617	13
203	2	261	26
203	2	1356	13
204	2	261	26
204	2	887	33
204	2	1356	13
205	2	261	26
206	2	261	26
206	2	730	33
206	2	1148	13
207	2	261	26
207	2	887	33
207	2	1200	13
208	2	261	26
208	2	939	33
208	2	1408	13
209	2	261	26
210	2	261	26
210	2	991	33
211	2	261	26
212	2	261	26
212	2	1774	13
213	2	261	26
214	2	261	26
215	2	261	26
216	2	261	26
217	2	261	26
217	2	1774	13
218	2	261	26
218	2	1252	13
219	2	261	26
220	2	261	26
221	2	261	26
221	2	1356	13
222	2	261	26
223	2	261	26
224	2	261	26
224	2	1722	13
225	2	261	26
225	2	782	33
225	2	1148	13
226	2	261	26
226	2	939	33
226	2	1252	13
227	2	261	26
228	2	261	26
228	2	887	33
228	2	1200	13
229	2	261	26
229	2	1304	13
230	2	261	26
230	2	782	33
230	2	1982	13
231	2	261	26
231	2	730	33
231	2	1148	13
232	2	261	26
232	2	834	33
232	2	1252	13
233	2	261	26
234	2	261	26
235	2	261	26
236	2	261	26
237	2	261	26
238	2	261	26
239	2	261	26
240	2	261	26
240	2	834	33
240	2	1148	13
241	2	261	26
241	2	1252	13
241	2	1774	33
242	2	261	26
242	2	1148	13
242	2	1774	33
243	2	261	26
243	2	730	33
243	2	1148	13
244	2	261	26
244	2	730	33
244	2	1148	13
245	2	261	26
246	2	261	26
247	2	261	26
248	2	261	26
248	2	782	33
248	2	1200	13
249	2	261	26
249	2	730	33
249	2	1826	13
250	2	261	26
250	2	730	33
250	2	1148	13
251	2	261	26
251	2	1043	33
251	2	1982	13
252	2	261	26
253	2	261	26
254	2	261	26
255	2	261	26
256	2	261	26
256	2	1408	13
257	2	261	26
258	2	261	26
258	2	730	33
258	2	1148	13
259	2	261	26
259	2	782	33
259	2	1826	13
260	2	261	26
260	2	887	33
260	2	1930	13
261	2	261	26
262	2	261	26
262	2	1304	13
263	2	261	26
264	2	261	26
264	2	939	33
264	2	2243	13
265	2	261	26
265	2	939	33
266	2	261	26
266	2	1200	13
267	2	261	26
267	2	782	33
267	2	2035	13
268	2	261	26
268	2	1513	13
269	2	261	26
269	2	887	33
269	2	1200	13
270	2	261	26
271	2	261	26
271	2	1148	13
271	2	1617	33
272	2	261	26
272	2	834	33
272	2	1148	13
273	2	261	26
274	2	261	26
275	2	261	26
276	2	261	26
277	2	261	26
278	2	261	26
279	2	261	26
280	2	261	26
281	2	261	26
282	2	261	26
283	2	261	26
284	2	261	26
284	2	730	33
284	2	1148	13
285	2	261	26
285	2	1617	13
286	2	261	26
286	2	782	33
286	2	1148	13
287	2	261	26
288	2	261	26
288	2	887	33
289	2	261	26
290	2	261	26
291	2	261	26
292	2	261	26
293	2	261	26
293	2	678	33
293	2	1148	13
294	2	261	26
294	2	834	33
295	2	261	26
296	2	261	26
296	2	887	33
296	2	1252	13
297	2	261	26
298	2	261	26
298	2	1461	13
299	2	261	26
299	2	782	33
300	2	261	26
301	2	261	26
301	2	782	33
301	2	1148	13
302	2	261	26
302	2	991	33
302	2	1722	13
303	2	261	26
303	2	730	33
303	2	1148	13
304	2	261	26
304	2	730	33
304	2	1148	13
305	2	261	26
306	2	261	26
306	2	730	33
306	2	1148	13
307	2	261	26
308	2	261	26
309	2	261	26
309	2	730	33
309	2	1148	13
310	2	261	26
310	2	991	33
310	2	1304	13
311	2	261	26
312	2	261	26
313	2	261	26
314	2	261	26
315	2	261	26
315	2	1252	13
315	2	1774	33
316	2	261	26
317	2	261	26
318	2	261	26
319	2	261	26
320	2	261	26
321	2	261	26
321	2	782	33
322	2	261	26
322	2	887	33
322	2	2243	13
323	2	261	26
324	2	261	26
325	2	261	26
326	2	261	26
326	2	730	33
326	2	1148	13
327	2	261	26
327	2	1617	13
328	2	261	26
329	2	261	26
330	2	261	26
330	2	1304	13
331	2	261	26
331	2	782	33
331	2	1878	13
332	2	261	26
332	2	1095	33
332	2	1513	13
333	2	261	26
333	2	782	33
333	2	1148	13
334	2	261	26
335	2	261	26
335	2	730	33
335	2	1304	13
336	2	261	26
336	2	939	33
336	2	1669	13
337	2	261	26
338	2	261	26
339	2	261	26
339	2	834	33
339	2	2191	13
340	2	261	26
340	2	1722	13
341	2	261	26
342	2	261	26
342	2	834	33
342	2	1148	13
343	2	261	26
343	2	730	33
343	2	1148	13
344	2	261	26
345	2	261	26
345	2	1095	33
345	2	1408	13
346	2	261	26
346	2	1043	33
346	2	1356	13
347	2	261	26
347	2	1304	13
348	2	261	26
348	2	887	33
348	2	1408	13
349	2	261	26
349	2	887	33
349	2	1148	13
350	2	261	26
351	2	261	26
352	2	261	26
352	2	1200	13
352	2	1774	33
353	2	261	26
353	2	834	33
353	2	1565	13
354	2	261	26
354	2	730	33
354	2	1148	13
355	2	261	26
355	2	991	33
356	2	261	26
356	2	1722	13
357	2	261	26
357	2	991	33
358	2	261	26
358	2	1669	13
359	2	261	26
360	2	261	26
361	2	261	26
361	2	991	33
361	2	1722	13
362	2	261	26
363	2	261	26
364	2	261	26
364	2	782	33
365	2	261	26
366	2	261	26
366	2	1461	13
367	2	261	26
367	2	939	33
368	2	261	26
368	2	678	33
368	2	1148	13
369	2	261	26
369	2	939	33
369	2	1356	13
370	2	261	26
371	2	261	26
371	2	887	33
371	2	1669	13
372	2	261	26
372	2	1565	13
373	2	261	26
374	2	261	26
375	2	261	26
376	2	261	26
376	2	991	33
377	2	261	26
378	2	261	26
379	2	261	26
379	2	1304	13
380	2	261	26
381	2	261	26
381	2	2139	13
382	2	261	26
382	2	887	33
383	2	261	26
384	2	261	26
384	2	991	33
384	2	1669	13
385	2	261	26
385	2	2035	13
386	2	261	26
387	2	261	26
387	2	991	33
387	2	1408	13
388	2	261	26
389	2	261	26
389	2	782	33
389	2	1722	13
390	2	261	26
390	2	730	33
390	2	1148	13
391	2	261	26
391	2	939	33
391	2	1513	13
392	2	261	26
393	2	261	26
393	2	678	33
393	2	1148	13
394	2	261	26
394	2	1774	13
395	2	261	26
396	2	261	26
396	2	730	33
396	2	1148	13
397	2	261	26
398	2	261	26
399	2	261	26
399	2	730	33
399	2	1148	13
400	2	261	26
400	2	1043	33
401	2	261	26
402	2	261	26
402	2	1148	13
403	2	261	26
404	2	261	26
405	2	261	26
406	2	261	26
406	2	939	33
406	2	1461	13
407	2	261	26
407	2	1669	13
408	2	261	26
409	2	261	26
410	2	261	26
411	2	261	26
411	2	782	33
411	2	1148	13
412	2	261	26
412	2	782	33
412	2	1148	13
413	2	261	26
413	2	730	33
413	2	1148	13
414	2	261	26
414	2	1148	13
414	2	1826	33
415	2	261	26
415	2	887	33
415	2	1356	13
416	2	261	26
417	2	261	26
417	2	991	33
417	2	1878	13
418	2	261	26
418	2	1043	33
418	2	1408	13
419	2	261	26
419	2	939	33
419	2	1408	13
420	2	261	26
420	2	1669	13
421	2	261	26
422	2	261	26
423	2	261	26
423	2	1513	13
424	2	261	26
424	2	887	33
424	2	1148	13
425	2	261	26
425	2	1930	13
426	2	261	26
426	2	1565	13
427	2	261	26
428	2	261	26
428	2	834	33
429	2	261	26
429	2	1148	33
429	2	1669	13
430	2	261	26
430	2	887	33
431	2	261	26
431	2	730	33
431	2	1148	13
432	2	261	26
432	2	887	33
432	2	1200	13
433	2	261	26
433	2	1356	13
434	2	261	26
434	2	887	33
434	2	1200	13
435	2	261	26
435	2	782	33
435	2	1148	13
436	2	261	26
436	2	782	33
436	2	1148	13
437	2	261	26
437	2	834	33
437	2	2035	13
438	2	261	26
438	2	1252	13
438	2	1774	33
439	2	261	26
440	2	261	26
440	2	1722	13
441	2	261	26
442	2	261	26
442	2	1513	13
443	2	261	26
444	2	261	26
445	2	261	26
445	2	782	33
445	2	1304	13
446	2	261	26
447	2	261	26
448	2	261	26
449	2	261	26
450	2	261	26
451	2	261	26
451	2	1252	13
451	2	1774	33
452	2	261	26
452	2	991	33
453	2	261	26
453	2	782	33
453	2	1148	13
454	2	261	26
455	2	261	26
455	2	1722	13
456	2	261	26
457	2	261	26
457	2	1513	13
458	2	261	26
459	2	261	26
460	2	261	26
460	2	782	33
460	2	2087	13
461	2	261	26
461	2	782	33
461	2	1148	13
462	2	261	26
462	2	1356	13
463	2	261	26
463	2	991	33
463	2	1304	13
464	2	261	26
464	2	1565	13
465	2	261	26
465	2	834	33
465	2	1982	13
466	2	261	26
466	2	782	33
466	2	1148	13
467	2	261	26
467	2	834	33
467	2	1669	13
468	2	261	26
468	2	782	33
468	2	1930	13
469	2	261	26
469	2	678	33
469	2	1148	13
470	2	261	26
471	2	261	26
472	2	261	26
472	2	887	33
472	2	1669	13
473	2	261	26
473	2	1461	13
474	2	261	26
474	2	834	33
474	2	1304	13
475	2	261	26
476	2	261	26
477	2	261	26
478	2	261	26
479	2	261	26
480	2	261	26
481	2	261	26
481	2	991	33
481	2	1304	13
482	2	261	26
482	2	1722	13
483	2	261	26
484	2	261	26
485	2	261	26
486	2	261	26
487	2	261	26
487	2	782	33
487	2	1513	13
488	2	261	26
489	2	261	26
489	2	730	33
489	2	1148	13
490	2	261	26
490	2	1356	13
490	2	1774	33
491	2	261	26
491	2	1461	13
492	2	261	26
492	2	1565	13
493	2	261	26
494	2	261	26
494	2	887	33
495	2	261	26
495	2	1304	13
496	2	261	26
496	2	1252	13
496	2	2139	33
497	2	261	26
497	2	834	33
498	2	261	26
498	2	1461	13
499	2	261	26
500	2	261	26
500	2	782	33
500	2	1148	13
501	2	261	26
502	2	261	26
502	2	1565	13
503	2	261	26
503	2	730	33
503	2	1148	13
504	2	261	26
505	2	261	26
506	2	261	26
507	2	261	26
508	2	261	26
508	2	782	33
508	2	1148	13
509	2	261	26
510	2	261	26
511	2	261	26
512	2	261	26
512	2	1408	13
513	2	261	26
513	2	1513	13
514	2	261	26
514	2	991	33
515	2	261	26
515	2	730	33
515	2	1148	13
516	2	261	26
517	2	261	26
518	2	261	26
518	2	1617	13
519	2	261	26
519	2	887	33
519	2	1252	13
520	2	261	26
520	2	2087	13
521	2	261	26
521	2	782	33
521	2	1148	13
522	2	261	26
522	2	1252	13
522	2	1669	33
523	2	261	26
523	2	834	33
523	2	1304	13
524	2	261	26
525	2	261	26
525	2	1095	33
525	2	1408	13
526	2	261	26
527	2	261	26
527	2	730	33
527	2	1200	13
528	2	261	26
528	2	730	33
528	2	1200	13
529	2	261	26
529	2	782	33
529	2	1148	13
530	2	261	26
531	2	261	26
531	2	1617	13
532	2	261	26
532	2	1722	13
533	2	261	26
534	2	261	26
534	2	730	33
534	2	1148	13
535	2	261	26
536	2	261	26
537	2	261	26
537	2	1200	13
538	2	261	26
538	2	782	33
538	2	1148	13
539	2	261	26
539	2	730	33
539	2	2295	13
540	2	261	26
541	2	261	26
541	2	887	33
541	2	2191	13
542	2	261	26
543	2	261	26
543	2	1722	13
544	2	261	26
544	2	991	33
544	2	1356	13
545	2	261	26
546	2	261	26
547	2	261	26
547	2	1148	33
547	2	1461	13
548	2	261	26
549	2	261	26
550	2	261	26
550	2	782	33
550	2	1148	13
551	2	261	26
551	2	834	33
551	2	1148	13
552	2	261	26
553	2	261	26
553	2	1513	13
554	2	261	26
554	2	730	33
554	2	1148	13
555	2	261	26
555	2	782	33
555	2	1148	13
556	2	261	26
556	2	1304	13
557	2	261	26
558	2	261	26
558	2	834	33
559	2	261	26
559	2	1565	13
560	2	261	26
561	2	261	26
562	2	261	26
562	2	1565	13
563	2	261	26
563	2	1148	13
563	2	1617	33
564	2	261	26
565	2	261	26
565	2	834	33
565	2	1148	13
566	2	261	26
566	2	887	33
566	2	2087	13
567	2	261	26
568	2	261	26
568	2	782	33
568	2	1148	13
569	2	261	26
569	2	1565	13
570	2	261	26
571	2	261	26
571	2	782	33
571	2	1408	13
572	2	261	26
573	2	261	26
574	2	261	26
575	2	261	26
575	2	730	33
575	2	1148	13
576	2	261	26
577	2	261	26
577	2	782	33
577	2	1148	13
578	2	261	26
579	2	261	26
580	2	261	26
581	2	261	26
581	2	1617	13
582	2	261	26
582	2	1722	13
583	2	261	26
583	2	782	33
583	2	1148	13
584	2	261	26
584	2	834	33
585	2	261	26
585	2	730	33
585	2	1148	13
586	2	261	26
586	2	1200	13
586	2	1617	33
587	2	261	26
587	2	678	33
587	2	1148	13
588	2	261	26
588	2	991	33
589	2	261	26
589	2	991	33
589	2	1461	13
590	2	261	26
590	2	887	33
590	2	1513	13
591	2	261	26
592	2	261	26
593	2	261	26
594	2	261	26
594	2	2243	13
595	2	261	26
595	2	834	33
595	2	1148	13
596	2	261	26
596	2	1304	13
597	2	261	26
598	2	261	26
598	2	730	33
598	2	1148	13
599	2	261	26
599	2	730	33
599	2	1148	13
600	2	261	26
601	2	261	26
601	2	991	33
602	2	261	26
603	2	261	26
604	2	261	26
604	2	1565	13
605	2	261	26
606	2	261	26
606	2	1304	13
607	2	261	26
607	2	834	33
607	2	1200	13
608	2	261	26
608	2	939	33
608	2	1408	13
609	2	261	26
610	2	261	26
611	2	261	26
611	2	1669	13
612	2	261	26
612	2	1669	13
613	2	261	26
614	2	261	26
615	2	261	26
616	2	261	26
616	2	1669	13
617	2	261	26
618	2	261	26
619	2	261	26
620	2	261	26
620	2	834	33
621	2	261	26
621	2	1461	13
622	2	261	26
622	2	730	33
623	2	261	26
624	2	261	26
624	2	939	33
625	2	261	26
625	2	1722	13
626	2	261	26
626	2	939	33
626	2	1356	13
627	2	261	26
627	2	1148	13
628	2	261	26
628	2	1408	13
629	2	261	26
630	2	261	26
630	2	1669	13
631	2	261	26
631	2	1252	13
631	2	1774	33
632	2	261	26
632	2	678	33
632	2	1148	13
633	2	261	26
634	2	261	26
635	2	261	26
636	2	261	26
637	2	261	26
638	2	261	26
639	2	261	26
639	2	939	33
639	2	1304	13
640	2	261	26
641	2	261	26
642	2	261	26
643	2	261	26
644	2	261	26
644	2	991	33
645	2	261	26
645	2	1356	13
646	2	261	26
646	2	834	33
646	2	1148	13
647	2	261	26
648	2	261	26
648	2	1513	13
649	2	261	26
649	2	939	33
649	2	1617	13
650	2	261	26
651	2	261	26
651	2	991	33
652	2	261	26
652	2	1252	13
653	2	261	26
653	2	1252	13
654	2	261	26
655	2	261	26
655	2	1513	13
656	2	261	26
656	2	1356	13
657	2	261	26
657	2	939	33
658	2	261	26
658	2	939	33
658	2	1356	13
659	2	261	26
659	2	1722	13
660	2	261	26
661	2	261	26
661	2	834	33
661	2	1356	13
662	2	261	26
662	2	1356	13
663	2	261	26
664	2	261	26
664	2	939	33
664	2	1252	13
665	2	261	26
665	2	834	33
665	2	1200	13
666	2	261	26
666	2	730	33
666	2	1200	13
667	2	261	26
667	2	887	33
668	2	261	26
668	2	2191	13
669	2	261	26
669	2	1565	13
670	2	261	26
670	2	1669	13
671	2	261	26
672	2	261	26
673	2	261	26
674	2	261	26
674	2	1356	13
675	2	261	26
675	2	1565	13
676	2	261	26
676	2	782	33
676	2	1148	13
677	2	261	26
677	2	1408	13
678	2	261	26
678	2	939	33
678	2	1878	13
679	2	261	26
680	2	261	26
680	2	1513	13
681	2	261	26
682	2	261	26
682	2	991	33
683	2	261	26
684	2	261	26
684	2	1461	13
685	2	261	26
686	2	261	26
686	2	991	33
687	2	261	26
688	2	261	26
689	2	261	26
690	2	261	26
691	2	261	26
691	2	939	33
691	2	1252	13
692	2	261	26
692	2	1148	33
692	2	1408	13
693	2	261	26
693	2	1200	13
693	2	1774	33
694	2	261	26
694	2	991	33
694	2	1565	13
695	2	261	26
695	2	730	33
695	2	1617	13
696	2	261	26
697	2	261	26
697	2	834	33
697	2	1356	13
698	2	261	26
699	2	261	26
699	2	1408	13
700	2	261	26
701	2	261	26
701	2	1461	13
702	2	261	26
703	2	261	26
703	2	834	33
703	2	1408	13
704	2	261	26
705	2	261	26
705	2	2191	13
706	2	261	26
706	2	730	33
706	2	1617	13
707	2	261	26
707	2	991	33
708	2	261	26
708	2	1722	13
709	2	261	26
709	2	991	33
709	2	1408	13
710	2	261	26
710	2	939	33
710	2	1252	13
711	2	261	26
711	2	1722	13
712	2	261	26
712	2	1617	13
713	2	261	26
714	2	261	26
714	2	730	33
714	2	1148	13
715	2	261	26
715	2	1722	13
716	2	261	26
716	2	730	33
716	2	1148	13
717	2	261	26
717	2	1513	13
718	2	261	26
718	2	887	33
718	2	1252	13
719	2	261	26
720	2	261	26
721	2	261	26
721	2	1252	13
722	2	261	26
722	2	730	33
722	2	1148	13
723	2	261	26
724	2	261	26
725	2	261	26
725	2	1043	33
725	2	1565	13
726	2	261	26
726	2	1200	13
726	2	1722	33
727	2	261	26
728	2	261	26
729	2	261	26
729	2	939	33
730	2	261	26
730	2	1513	13
731	2	261	26
731	2	782	33
731	2	2035	13
732	2	261	26
732	2	1461	13
733	2	261	26
733	2	887	33
733	2	1461	13
734	2	261	26
734	2	782	33
734	2	1148	13
735	2	261	26
736	2	261	26
737	2	261	26
737	2	939	33
737	2	1304	13
738	2	261	26
738	2	991	33
738	2	1408	13
739	2	261	26
740	2	261	26
741	2	261	26
741	2	1408	13
742	2	261	26
742	2	730	33
742	2	1148	13
743	2	261	26
743	2	782	33
743	2	1356	13
744	2	261	26
744	2	2191	13
745	2	261	26
746	2	261	26
747	2	261	26
747	2	1669	13
748	2	261	26
749	2	261	26
750	2	261	26
751	2	261	26
752	2	261	26
752	2	1513	13
753	2	261	26
753	2	782	33
753	2	1148	13
754	2	261	26
754	2	834	33
754	2	1148	13
755	2	261	26
755	2	782	33
755	2	1461	13
756	2	261	26
756	2	834	33
756	2	1148	13
757	2	261	26
758	2	261	26
758	2	678	33
758	2	1148	13
759	2	261	26
760	2	261	26
761	2	261	26
761	2	2087	13
762	2	261	26
762	2	1200	13
763	2	261	26
763	2	2295	13
764	2	261	26
765	2	261	26
765	2	782	33
765	2	1774	13
766	2	261	26
766	2	939	33
767	2	261	26
768	2	261	26
769	2	261	26
770	2	261	26
771	2	261	26
772	2	261	26
773	2	261	26
774	2	261	26
774	2	834	33
774	2	1200	13
775	2	261	26
776	2	261	26
776	2	730	33
776	2	1148	13
777	2	261	26
778	2	261	26
778	2	991	33
779	2	261	26
780	2	261	26
781	2	261	26
781	2	1148	33
781	2	1669	13
782	2	261	26
782	2	2243	13
783	2	261	26
784	2	261	26
784	2	834	33
784	2	1669	13
785	2	261	26
786	2	261	26
787	2	261	26
788	2	261	26
788	2	939	33
788	2	1722	13
789	2	261	26
789	2	1617	13
790	2	261	26
790	2	1774	13
791	2	261	26
792	2	261	26
792	2	991	33
793	2	261	26
793	2	730	33
793	2	1148	13
794	2	261	26
794	2	782	33
794	2	2087	13
795	2	261	26
796	2	261	26
797	2	261	26
797	2	834	33
797	2	2295	13
798	2	261	26
799	2	261	26
800	2	261	26
801	2	261	26
802	2	261	26
802	2	1148	33
803	2	261	26
803	2	1148	33
803	2	1669	13
804	2	261	26
804	2	1513	13
805	2	261	26
806	2	261	26
807	2	261	26
807	2	730	33
807	2	1148	13
808	2	261	26
809	2	261	26
810	2	261	26
810	2	782	33
810	2	1148	13
811	2	261	26
811	2	730	33
811	2	1304	13
812	2	261	26
812	2	887	33
812	2	1252	13
813	2	261	26
813	2	1617	13
814	2	261	26
815	2	261	26
815	2	834	33
816	2	261	26
817	2	261	26
818	2	261	26
818	2	1252	13
819	2	261	26
820	2	261	26
821	2	261	26
822	2	261	26
822	2	730	33
822	2	1148	13
823	2	261	26
823	2	730	33
823	2	1148	13
824	2	261	26
824	2	1565	13
825	2	261	26
825	2	1617	13
826	2	261	26
826	2	1513	13
827	2	261	26
828	2	261	26
829	2	261	26
830	2	261	26
831	2	261	26
831	2	991	33
831	2	1304	13
832	2	261	26
832	2	834	33
832	2	1148	13
833	2	261	26
834	2	261	26
834	2	887	33
834	2	1252	13
835	2	261	26
835	2	1878	13
836	2	261	26
837	2	261	26
838	2	261	26
838	2	834	33
838	2	1148	13
839	2	261	26
840	2	261	26
840	2	730	33
840	2	1148	13
841	2	261	26
841	2	991	33
842	2	261	26
842	2	1461	13
843	2	261	26
843	2	782	33
843	2	1148	13
844	2	261	26
845	2	261	26
846	2	261	26
847	2	261	26
848	2	261	26
848	2	730	33
848	2	1148	13
849	2	261	26
850	2	261	26
850	2	887	33
850	2	1200	13
851	2	261	26
852	2	261	26
853	2	261	26
854	2	261	26
854	2	1565	13
855	2	261	26
855	2	939	33
856	2	261	26
857	2	261	26
858	2	261	26
858	2	1304	13
859	2	261	26
860	2	261	26
861	2	261	26
861	2	887	33
862	2	261	26
863	2	261	26
863	2	887	33
863	2	1252	13
864	2	261	26
864	2	782	33
864	2	1148	13
865	2	261	26
865	2	887	33
865	2	1513	13
866	2	261	26
866	2	782	33
866	2	1148	13
867	2	261	26
868	2	261	26
868	2	939	33
868	2	1722	13
869	2	261	26
869	2	1461	13
870	2	261	26
871	2	261	26
872	2	261	26
873	2	261	26
873	2	782	33
873	2	1148	13
874	2	261	26
875	2	261	26
875	2	991	33
875	2	1669	13
876	2	261	26
876	2	887	33
877	2	261	26
877	2	730	33
877	2	1148	13
878	2	261	26
879	2	261	26
879	2	2087	13
880	2	261	26
880	2	730	33
880	2	1148	13
881	2	261	26
882	2	261	26
883	2	261	26
884	2	261	26
884	2	887	33
885	2	261	26
885	2	782	33
885	2	1148	13
886	2	261	26
887	2	261	26
887	2	1304	13
888	2	261	26
889	2	261	26
890	2	261	26
891	2	261	26
891	2	887	33
892	2	261	26
893	2	261	26
893	2	991	33
894	2	261	26
894	2	1617	13
895	2	261	26
895	2	1774	13
896	2	261	26
896	2	887	33
897	2	261	26
897	2	887	33
897	2	1304	13
898	2	261	26
898	2	887	33
898	2	1200	13
899	2	261	26
899	2	887	33
899	2	1148	13
900	2	261	26
900	2	2243	13
901	2	261	26
901	2	730	33
901	2	1148	13
902	2	261	26
902	2	1356	13
903	2	261	26
903	2	939	33
903	2	1356	13
904	2	261	26
905	2	261	26
906	2	261	26
906	2	887	33
907	2	261	26
908	2	261	26
908	2	887	33
908	2	1356	13
909	2	261	26
910	2	261	26
911	2	261	26
912	2	261	26
912	2	991	33
913	2	261	26
914	2	261	26
914	2	1356	13
915	2	261	26
916	2	261	26
916	2	939	33
916	2	1252	13
917	2	261	26
918	2	261	26
919	2	261	26
920	2	261	26
921	2	261	26
922	2	261	26
922	2	1982	13
923	2	261	26
924	2	261	26
924	2	939	33
924	2	1252	13
925	2	261	26
925	2	887	33
926	2	261	26
926	2	1043	33
926	2	1565	13
927	2	261	26
927	2	1565	13
928	2	261	26
929	2	261	26
929	2	991	33
929	2	1408	13
930	2	261	26
931	2	261	26
931	2	834	33
931	2	1148	13
932	2	261	26
933	2	261	26
934	2	261	26
935	2	261	26
935	2	939	33
935	2	1617	13
936	2	261	26
937	2	261	26
938	2	261	26
938	2	1722	13
939	2	261	26
940	2	261	26
940	2	1148	13
940	2	1669	33
941	2	261	26
941	2	834	33
941	2	1148	13
942	2	261	26
942	2	782	33
942	2	1200	13
943	2	261	26
944	2	261	26
944	2	1722	13
945	2	261	26
946	2	261	26
946	2	1565	13
947	2	261	26
947	2	834	33
947	2	1148	13
948	2	261	26
948	2	782	33
948	2	1200	13
949	2	261	26
949	2	730	33
949	2	1148	13
950	2	261	26
950	2	730	33
950	2	1148	13
951	2	261	26
952	2	261	26
953	2	261	26
953	2	834	33
953	2	1200	13
954	2	261	26
954	2	730	33
954	2	1148	13
955	2	261	26
956	2	261	26
957	2	261	26
958	2	261	26
959	2	261	26
960	2	261	26
960	2	1356	13
961	2	261	26
961	2	991	33
962	2	261	26
963	2	261	26
963	2	887	33
964	2	261	26
964	2	887	33
964	2	1200	13
965	2	261	26
965	2	1617	13
966	2	261	26
966	2	834	33
966	2	1669	13
967	2	261	26
968	2	261	26
968	2	1617	13
969	2	261	26
969	2	1304	13
970	2	261	26
971	2	261	26
971	2	939	33
971	2	1617	13
972	2	261	26
972	2	730	33
972	2	1148	13
973	2	261	26
974	2	261	26
974	2	991	33
975	2	261	26
976	2	261	26
976	2	1148	13
976	2	1669	33
977	2	261	26
978	2	261	26
978	2	834	33
978	2	1200	13
979	2	261	26
980	2	261	26
981	2	261	26
981	2	1408	13
982	2	261	26
982	2	991	33
983	2	261	26
983	2	782	33
983	2	1513	13
984	2	261	26
984	2	1565	13
985	2	261	26
985	2	1669	13
986	2	261	26
987	2	261	26
988	2	261	26
988	2	1408	13
989	2	261	26
989	2	834	33
990	2	261	26
991	2	261	26
992	2	261	26
993	2	261	26
994	2	261	26
995	2	261	26
995	2	730	33
995	2	1148	13
996	2	261	26
997	2	261	26
998	2	261	26
998	2	1095	33
998	2	1408	13
999	2	261	26
0	3	730	20
0	3	1043	30
0	3	1617	9
1	3	730	20
1	3	991	30
3	3	1565	20
3	3	1722	30
4	3	1043	20
4	3	1304	29
4	3	1356	30
4	3	1669	9
4	3	1982	12
5	3	887	20
5	3	1304	30
6	3	1304	20
6	3	1408	30
7	3	1304	20
7	3	1669	30
8	3	1148	20
8	3	1408	30
8	3	1722	9
10	3	782	20
10	3	1043	30
10	3	2139	9
14	3	730	20
14	3	1043	30
14	3	1669	9
15	3	887	20
15	3	1252	30
16	3	887	20
16	3	1304	30
16	3	1774	9
17	3	782	20
17	3	1043	30
17	3	2035	9
18	3	417	29
18	3	887	20
18	3	2191	9
20	3	1200	20
20	3	1408	30
20	3	1774	9
20	3	2295	12
21	3	417	29
21	3	782	20
22	3	1617	20
22	3	1982	30
23	3	834	20
23	3	1200	30
23	3	2139	9
24	3	834	20
24	3	1200	30
24	3	1774	9
24	3	2191	12
26	3	1408	20
26	3	1513	30
27	3	887	20
27	3	1252	30
27	3	2191	9
28	3	1148	20
28	3	1461	29
28	3	1774	9
28	3	2295	12
29	3	1930	20
29	3	2139	30
30	3	1669	20
30	3	1826	30
31	3	991	20
31	3	1356	30
32	3	1513	20
32	3	1565	29
33	3	1878	20
33	3	1930	30
34	3	1304	20
34	3	1461	30
34	3	2087	9
35	3	887	20
35	3	1200	30
35	3	1826	9
36	3	887	20
36	3	1252	30
37	3	2087	20
37	3	2191	30
38	3	1513	20
39	3	1148	20
39	3	1461	30
40	3	730	20
40	3	1043	29
40	3	1356	9
40	3	1669	12
40	3	1982	30
41	3	1356	20
41	3	1565	30
41	3	2035	9
42	3	1304	20
42	3	1513	30
42	3	1826	9
43	3	417	29
43	3	887	20
43	3	1826	9
45	3	1200	20
45	3	1356	30
46	3	939	20
46	3	1252	30
47	3	1669	20
47	3	1774	30
49	3	991	20
49	3	1304	30
49	3	1617	9
49	3	2191	12
51	3	2295	30
53	3	939	20
53	3	1304	30
53	3	1617	9
53	3	1930	12
57	3	834	20
57	3	1095	30
57	3	1408	9
57	3	1722	12
58	3	1043	20
58	3	1252	30
58	3	1565	9
59	3	834	20
59	3	1095	30
59	3	1722	9
61	3	1513	20
61	3	1669	30
62	3	991	20
62	3	1252	30
62	3	1617	9
62	3	2035	12
63	3	1200	20
63	3	1408	30
65	3	1461	20
65	3	1669	30
66	3	1826	30
66	3	2191	20
67	3	1200	20
67	3	1408	30
67	3	1722	9
69	3	1408	20
69	3	1513	30
71	3	1461	20
71	3	1669	30
74	3	2243	30
75	3	834	20
75	3	1356	30
79	3	1565	20
79	3	1774	30
80	3	991	20
80	3	1617	30
81	3	1982	20
81	3	2035	30
82	3	2139	30
83	3	2139	30
84	3	991	20
84	3	1356	30
86	3	2191	30
87	3	417	29
87	3	887	20
87	3	1356	9
87	3	1722	12
87	3	2035	30
88	3	1200	20
88	3	1408	29
88	3	1461	30
88	3	1826	9
89	3	1461	20
89	3	1669	30
92	3	834	20
92	3	1043	30
92	3	2139	9
95	3	2139	20
95	3	2191	30
96	3	1461	20
96	3	1669	29
96	3	1722	30
96	3	2139	9
98	3	2295	30
99	3	1982	20
99	3	2035	30
101	3	1565	20
102	3	1304	20
102	3	1669	30
104	3	1095	20
104	3	1356	30
104	3	1722	9
106	3	1200	20
106	3	1408	30
106	3	1722	9
106	3	2035	12
107	3	782	20
107	3	1095	30
107	3	1513	9
107	3	1982	12
108	3	887	20
108	3	1304	30
109	3	2243	30
110	3	887	20
110	3	1148	30
110	3	1565	9
111	3	2139	30
112	3	2191	30
113	3	834	20
113	3	1095	30
113	3	1774	9
114	3	2035	20
114	3	2191	30
116	3	2087	30
117	3	2087	30
118	3	1617	20
118	3	1669	29
119	3	1826	20
119	3	1878	30
120	3	2087	30
122	3	834	20
122	3	1200	30
122	3	1513	9
122	3	1878	12
124	3	834	20
124	3	991	30
125	3	1043	20
125	3	1304	29
125	3	1356	30
125	3	1669	9
126	3	834	20
126	3	1148	30
126	3	1461	9
127	3	834	20
127	3	1148	30
127	3	1513	9
128	3	834	20
128	3	991	30
128	3	1461	9
131	3	1148	20
131	3	1408	30
131	3	1722	9
131	3	2035	12
132	3	782	20
132	3	939	29
133	3	1252	20
133	3	1617	30
134	3	1617	20
134	3	1878	30
135	3	782	20
135	3	1252	30
135	3	1774	9
136	3	782	20
136	3	1043	30
136	3	1356	9
136	3	1669	12
137	3	1304	20
137	3	1513	30
138	3	782	20
138	3	1043	30
138	3	1408	9
138	3	1722	12
139	3	834	20
139	3	1200	29
139	3	1252	30
139	3	1565	9
139	3	1878	12
141	3	834	20
141	3	1148	29
141	3	1200	30
141	3	1513	9
141	3	1826	12
142	3	2139	30
143	3	1930	30
145	3	1617	20
145	3	1774	30
146	3	991	20
146	3	1408	30
146	3	2087	9
147	3	1200	20
147	3	1461	30
147	3	2191	9
149	3	834	20
149	3	1095	30
149	3	1408	9
149	3	1774	12
150	3	939	20
150	3	1356	30
150	3	1930	9
151	3	1930	30
152	3	1095	20
152	3	1304	30
152	3	1669	9
152	3	2139	12
153	3	1930	20
153	3	2191	30
154	3	939	20
154	3	1252	30
154	3	1565	9
155	3	834	20
155	3	939	29
155	3	1513	9
155	3	2087	12
156	3	834	20
156	3	1148	30
156	3	1617	9
156	3	2243	12
158	3	991	20
158	3	1252	30
158	3	1722	9
159	3	730	20
159	3	939	30
159	3	1356	9
159	3	1826	12
160	3	1252	20
160	3	1513	30
162	3	1461	20
162	3	1617	30
164	3	939	20
164	3	1930	30
165	3	991	20
165	3	1356	30
165	3	1669	9
167	3	2191	30
169	3	834	20
169	3	1982	30
170	3	782	20
170	3	1043	30
170	3	1356	9
170	3	1774	12
172	3	1461	20
172	3	1669	30
173	3	2191	30
174	3	1408	20
174	3	1565	30
174	3	2087	9
175	3	1200	20
175	3	1408	30
175	3	1826	9
175	3	2191	12
176	3	887	20
176	3	1304	30
179	3	1043	20
179	3	1408	30
179	3	1774	9
181	3	782	20
181	3	1043	30
183	3	887	20
183	3	1200	30
183	3	1930	9
185	3	1043	20
185	3	1200	30
185	3	1565	9
187	3	1356	20
187	3	1617	30
188	3	2243	20
189	3	1200	20
189	3	1356	29
189	3	1774	9
189	3	2295	12
190	3	1722	20
190	3	2087	30
191	3	834	20
192	3	991	20
192	3	1461	30
192	3	1774	9
193	3	1304	20
193	3	1565	30
193	3	2035	9
196	3	782	20
196	3	939	30
196	3	1252	9
196	3	1565	12
198	3	1200	20
198	3	1408	30
198	3	1722	9
199	3	887	20
199	3	1252	30
199	3	1565	9
199	3	2087	12
200	3	1565	20
200	3	1722	30
202	3	1461	20
202	3	1617	30
203	3	1408	20
203	3	1669	30
204	3	991	20
204	3	1304	30
205	3	1930	20
205	3	1982	30
206	3	730	20
206	3	991	30
206	3	1304	9
206	3	1617	12
207	3	939	20
207	3	1252	30
207	3	1774	9
208	3	991	20
208	3	1304	30
210	3	1043	20
210	3	1461	30
212	3	1565	20
212	3	1774	30
215	3	1617	20
215	3	1722	30
217	3	1617	20
217	3	1669	30
218	3	1252	20
218	3	1513	30
221	3	1252	20
221	3	1513	30
224	3	1513	20
224	3	1774	30
225	3	834	20
225	3	1148	30
225	3	1461	9
225	3	1774	12
226	3	1043	20
226	3	1148	29
226	3	1565	9
227	3	2087	20
227	3	2139	30
228	3	887	20
228	3	1200	30
228	3	1513	9
229	3	1304	20
229	3	1461	30
230	3	782	20
230	3	1148	30
231	3	782	20
231	3	1148	30
231	3	2243	9
232	3	887	20
232	3	1095	30
232	3	1461	9
233	3	1774	20
233	3	1826	30
235	3	2295	30
236	3	2191	30
240	3	887	20
240	3	1148	30
240	3	1565	9
240	3	1930	12
241	3	1304	20
241	3	1461	30
241	3	1774	9
242	3	1200	20
242	3	1408	30
242	3	1722	9
243	3	782	20
243	3	991	30
243	3	1304	9
243	3	1617	12
244	3	417	29
244	3	834	20
244	3	2295	9
245	3	1982	30
248	3	782	20
248	3	1095	30
249	3	730	20
249	3	991	30
250	3	782	20
250	3	991	30
250	3	1408	9
250	3	1722	12
251	3	1200	20
251	3	1565	30
253	3	2087	30
256	3	1252	20
256	3	1565	30
256	3	2191	9
257	3	1565	20
257	3	1826	30
258	3	730	20
258	3	1043	30
258	3	1930	9
259	3	834	20
259	3	1043	30
260	3	887	20
260	3	1252	30
262	3	1304	20
262	3	1513	30
262	3	2191	9
264	3	991	20
264	3	1304	30
265	3	991	20
265	3	2295	30
266	3	1200	20
266	3	1513	30
266	3	2191	9
267	3	782	20
267	3	887	29
268	3	1408	20
268	3	1565	30
269	3	939	20
269	3	1200	30
269	3	1513	9
270	3	2243	30
271	3	1200	20
271	3	1461	30
271	3	1774	9
271	3	2191	12
272	3	887	20
272	3	1200	30
272	3	1513	9
272	3	1826	12
277	3	2295	30
280	3	2035	20
280	3	2139	30
283	3	1617	20
283	3	1722	30
284	3	730	20
284	3	1043	30
284	3	1356	9
284	3	1669	12
285	3	1513	20
285	3	1669	30
286	3	887	20
286	3	991	29
286	3	1513	9
286	3	1826	12
286	3	2139	30
288	3	1043	20
288	3	1722	30
292	3	2191	30
293	3	730	20
293	3	939	30
293	3	1252	9
293	3	1565	12
294	3	887	20
294	3	1200	30
295	3	2035	20
295	3	2139	30
296	3	887	20
296	3	1252	30
298	3	1461	20
298	3	1617	30
299	3	834	20
300	3	2295	30
301	3	782	20
301	3	1043	30
301	3	2139	9
302	3	1095	20
302	3	1356	30
302	3	1930	9
303	3	782	20
303	3	991	30
303	3	1304	9
303	3	1617	12
304	3	834	20
304	3	1095	30
306	3	782	20
306	3	991	30
306	3	1461	9
309	3	834	20
309	3	991	30
309	3	1304	9
309	3	1617	12
310	3	1043	20
310	3	1304	30
310	3	1617	9
310	3	1930	12
312	3	1982	20
312	3	2035	30
315	3	1252	20
315	3	1408	30
315	3	1774	9
317	3	1774	20
320	3	1774	20
321	3	834	20
322	3	939	20
322	3	1878	30
324	3	2191	30
325	3	2139	30
326	3	782	20
326	3	1095	30
326	3	2035	9
327	3	1461	20
327	3	1669	30
328	3	2191	20
328	3	2243	30
330	3	1252	20
330	3	1461	30
330	3	1774	9
331	3	834	20
331	3	1200	30
332	3	1148	20
332	3	1356	30
332	3	1722	9
333	3	834	20
333	3	1200	30
333	3	1930	9
333	3	2295	12
335	3	730	20
335	3	939	30
335	3	2035	9
336	3	991	20
336	3	1304	30
336	3	2139	9
337	3	2191	30
339	3	887	20
339	3	1878	30
340	3	1513	20
340	3	1669	30
341	3	1513	20
341	3	1722	30
342	3	887	20
342	3	1095	30
342	3	1408	9
342	3	1722	12
343	3	782	20
343	3	887	29
343	3	1565	9
345	3	1095	20
345	3	1408	30
345	3	1722	9
346	3	1043	20
346	3	1356	30
346	3	1669	9
346	3	1982	12
347	3	1356	20
347	3	1565	29
347	3	1617	30
348	3	887	20
348	3	1304	30
349	3	887	20
349	3	1200	29
349	3	1252	30
349	3	1565	9
349	3	1878	12
352	3	1200	20
352	3	1565	30
353	3	834	20
353	3	1252	30
354	3	782	20
354	3	939	29
354	3	1252	9
354	3	1565	12
354	3	1878	30
355	3	939	20
356	3	1513	20
356	3	1774	30
357	3	1356	20
357	3	1669	30
358	3	1461	20
358	3	1722	30
360	3	2087	20
360	3	2295	30
361	3	1304	20
361	3	1513	30
361	3	2191	9
364	3	834	20
364	3	1200	30
366	3	1356	20
366	3	1513	30
367	3	991	20
367	3	1930	30
368	3	782	20
368	3	1095	30
368	3	1408	9
368	3	1722	12
369	3	991	20
369	3	1304	30
369	3	1617	9
371	3	887	20
371	3	1252	30
372	3	1356	20
372	3	1669	30
374	3	2191	30
375	3	1774	20
376	3	1356	30
376	3	2035	20
377	3	1617	20
377	3	1930	30
378	3	1774	30
379	3	1200	20
379	3	1513	30
381	3	1930	20
381	3	2087	30
382	3	887	20
382	3	1878	30
384	3	991	20
384	3	1408	30
385	3	1826	20
387	3	991	20
387	3	1252	30
387	3	1565	9
387	3	1878	12
389	3	834	20
389	3	1774	30
390	3	782	20
390	3	991	30
390	3	1826	9
391	3	991	20
391	3	1252	30
391	3	1774	9
392	3	2139	30
393	3	730	20
393	3	1095	30
393	3	2191	9
394	3	1461	20
394	3	1722	29
396	3	730	20
396	3	939	29
396	3	1252	9
396	3	1565	12
396	3	1878	30
397	3	1565	20
397	3	1722	30
399	3	782	20
399	3	1043	30
400	3	1304	20
400	3	1722	30
402	3	1252	20
402	3	1408	30
402	3	1774	9
404	3	1826	20
404	3	1930	30
405	3	2035	29
405	3	2087	30
406	3	991	20
406	3	1304	30
406	3	1826	9
407	3	1513	20
407	3	1722	30
410	3	2035	20
410	3	2243	30
411	3	417	29
411	3	834	20
411	3	1356	9
411	3	1669	12
411	3	1982	30
412	3	782	20
412	3	991	29
412	3	1304	9
412	3	1617	12
412	3	1930	30
413	3	782	20
413	3	887	29
413	3	1200	9
413	3	1513	12
413	3	1826	30
414	3	1148	20
414	3	1408	30
414	3	1774	9
415	3	939	20
415	3	1304	30
415	3	1774	9
416	3	2191	20
416	3	2295	30
417	3	1148	20
417	3	1408	30
417	3	2243	9
418	3	1043	20
418	3	1252	30
418	3	1565	9
418	3	1878	12
419	3	887	20
419	3	1200	30
419	3	1513	9
420	3	1513	20
420	3	1669	30
423	3	1408	20
423	3	1565	30
423	3	2035	9
424	3	887	20
424	3	1200	29
424	3	1252	30
424	3	1565	9
424	3	1878	12
425	3	1878	20
425	3	1982	30
426	3	1461	20
426	3	1565	30
426	3	2139	9
428	3	887	20
428	3	1200	30
429	3	1148	20
429	3	1356	30
429	3	1774	9
430	3	991	20
430	3	1461	30
431	3	678	29
431	3	991	20
431	3	1513	9
432	3	1043	20
432	3	1356	30
432	3	1669	9
432	3	2191	12
433	3	1356	20
433	3	1565	30
434	3	887	20
434	3	1095	30
434	3	1461	9
434	3	1774	12
435	3	887	20
435	3	1095	30
435	3	1565	9
436	3	834	20
436	3	1043	30
436	3	1356	9
436	3	1722	12
437	3	834	20
437	3	1826	30
437	3	2191	9
438	3	1200	20
438	3	1408	30
438	3	1774	9
440	3	1356	20
440	3	1930	30
442	3	1408	20
442	3	1774	30
442	3	2295	9
445	3	782	20
445	3	939	29
445	3	1982	9
446	3	2087	20
446	3	2191	30
451	3	1252	20
451	3	1461	30
451	3	1774	9
451	3	2087	12
452	3	939	20
452	3	1513	30
453	3	834	20
453	3	1043	30
453	3	1356	9
453	3	1669	12
455	3	1513	20
455	3	1669	30
456	3	1722	20
456	3	1878	30
457	3	1617	20
457	3	1722	30
460	3	834	20
460	3	1200	30
461	3	887	20
461	3	1095	29
461	3	1148	30
461	3	1722	9
462	3	1356	20
462	3	1774	30
463	3	1043	20
463	3	1356	30
463	3	1669	9
463	3	2035	12
464	3	1408	20
464	3	1617	30
465	3	887	20
465	3	1200	30
466	3	887	20
466	3	1095	30
467	3	887	20
467	3	1200	30
467	3	2243	9
468	3	834	20
468	3	1200	30
469	3	730	20
469	3	991	30
469	3	1356	9
469	3	1878	12
471	3	2087	20
471	3	2139	30
472	3	887	20
472	3	1252	30
473	3	1200	20
473	3	1565	30
473	3	2139	9
474	3	887	20
474	3	1148	30
474	3	1461	9
475	3	2139	30
478	3	2295	20
481	3	1043	20
481	3	1252	29
481	3	1304	30
481	3	1617	9
481	3	1930	12
482	3	1565	20
482	3	2035	30
485	3	2191	30
486	3	1722	20
486	3	1930	30
487	3	782	20
487	3	991	29
489	3	782	20
489	3	1043	30
489	3	1356	9
489	3	1669	12
490	3	1200	20
490	3	1408	30
490	3	1774	9
490	3	2139	12
491	3	1513	20
491	3	1774	30
492	3	1408	20
492	3	1617	30
492	3	2035	9
494	3	887	20
494	3	1252	30
495	3	1252	20
495	3	1461	30
495	3	1774	9
496	3	1200	20
496	3	1356	29
496	3	1722	9
496	3	2191	12
497	3	887	20
498	3	1461	20
498	3	1774	30
499	3	2191	20
500	3	834	20
500	3	991	29
500	3	1304	9
500	3	1617	12
500	3	1930	30
501	3	2087	30
502	3	1513	20
502	3	1617	30
503	3	834	20
503	3	1043	29
503	3	1095	30
503	3	1408	9
503	3	1722	12
505	3	2139	30
506	3	1722	20
508	3	834	20
508	3	1095	30
508	3	1461	9
508	3	1774	12
512	3	1304	20
512	3	1513	30
512	3	1878	9
513	3	1408	20
513	3	1722	30
514	3	1043	20
514	3	1461	30
515	3	782	20
515	3	991	30
515	3	1565	9
515	3	2087	12
516	3	2035	30
517	3	1930	30
518	3	1461	20
518	3	1617	30
519	3	991	20
519	3	1252	30
519	3	1565	9
520	3	1930	20
520	3	2191	30
521	3	834	20
521	3	1148	30
521	3	1461	9
521	3	1774	12
522	3	1200	20
522	3	1565	30
522	3	1878	9
523	3	834	20
523	3	1252	30
525	3	1043	20
525	3	1356	30
525	3	1669	9
525	3	1982	12
527	3	782	20
527	3	991	29
528	3	782	20
528	3	991	30
529	3	782	20
529	3	1148	29
529	3	1200	30
529	3	1513	12
530	3	1617	20
530	3	1722	29
531	3	1461	20
531	3	1565	30
532	3	1617	20
532	3	1722	30
534	3	782	20
534	3	1148	30
534	3	1461	9
534	3	1774	12
536	3	2191	30
537	3	1200	20
537	3	1461	30
538	3	834	20
538	3	1095	30
539	3	782	20
539	3	991	30
541	3	939	20
541	3	1826	30
542	3	1617	20
543	3	1461	20
543	3	1617	30
543	3	2139	9
544	3	1043	20
544	3	1356	30
544	3	1669	9
544	3	1982	12
546	3	1565	20
546	3	1826	30
547	3	1148	20
547	3	1304	30
547	3	1617	9
547	3	1930	12
549	3	1722	20
550	3	834	20
550	3	1148	30
550	3	1461	9
550	3	1774	12
551	3	834	20
551	3	1148	30
551	3	1461	9
551	3	1774	12
553	3	1461	20
553	3	1722	30
554	3	730	20
554	3	939	30
554	3	1565	9
555	3	834	20
555	3	1095	30
555	3	1408	9
555	3	1722	12
556	3	1304	20
556	3	1565	30
558	3	417	29
558	3	939	20
559	3	1408	20
559	3	1565	29
562	3	1461	20
562	3	1565	30
563	3	1200	20
563	3	1461	30
563	3	1774	9
564	3	2139	30
565	3	939	20
565	3	1200	30
565	3	1513	9
565	3	1826	12
566	3	887	20
566	3	1252	30
567	3	1461	20
568	3	834	20
568	3	939	29
568	3	1304	9
568	3	1722	12
569	3	1461	20
569	3	1669	30
570	3	1669	20
571	3	782	20
571	3	1043	30
571	3	2295	9
575	3	782	20
575	3	939	29
575	3	1252	9
575	3	1565	12
575	3	1878	30
576	3	1565	20
576	3	1774	30
577	3	782	20
577	3	1148	30
577	3	1565	9
578	3	2087	30
581	3	1565	20
581	3	1617	30
581	3	2191	9
582	3	1617	20
582	3	1826	30
583	3	782	20
583	3	991	30
583	3	1304	9
583	3	1617	12
584	3	887	20
584	3	1878	30
585	3	730	20
585	3	991	29
585	3	1304	9
585	3	1617	12
585	3	1930	30
586	3	1200	20
586	3	1513	30
586	3	1826	9
587	3	782	20
587	3	1095	30
587	3	1408	9
587	3	1722	12
588	3	1200	20
588	3	1461	30
589	3	1148	20
589	3	1356	30
589	3	1722	9
590	3	991	20
590	3	1304	30
594	3	1930	30
595	3	887	20
595	3	1200	30
595	3	1513	9
595	3	1826	12
596	3	1356	20
596	3	1461	30
598	3	730	20
598	3	1043	30
598	3	2139	9
599	3	782	20
599	3	887	29
599	3	2139	9
601	3	1200	20
601	3	1356	30
604	3	1408	20
604	3	1669	30
604	3	2087	9
605	3	1669	20
605	3	2035	30
606	3	1252	20
606	3	1408	30
606	3	1774	9
607	3	887	20
607	3	1304	30
607	3	1774	9
607	3	2295	12
608	3	991	20
608	3	1408	30
611	3	1565	20
611	3	1774	30
612	3	1513	20
612	3	1774	30
614	3	1565	20
614	3	1722	30
615	3	1722	20
615	3	2139	30
616	3	1461	20
616	3	1722	30
620	3	887	20
620	3	1200	30
621	3	1408	20
621	3	1513	30
622	3	834	20
622	3	939	29
623	3	2243	30
624	3	939	20
624	3	2191	30
625	3	1461	20
625	3	1617	30
626	3	1095	20
626	3	1356	30
626	3	1774	9
627	3	1200	20
627	3	1408	30
628	3	1356	20
628	3	1513	30
628	3	2191	9
629	3	2087	20
629	3	2191	30
630	3	1565	20
630	3	1774	30
631	3	1148	20
631	3	1513	30
631	3	1826	9
631	3	2191	12
632	3	730	20
632	3	991	30
632	3	1565	9
632	3	2295	12
634	3	1617	20
634	3	1826	30
639	3	991	20
639	3	1148	30
639	3	1461	9
639	3	1774	12
644	3	991	20
644	3	2243	30
645	3	1356	20
645	3	1513	30
646	3	834	20
646	3	1200	30
646	3	1513	9
646	3	1826	12
648	3	1356	20
648	3	1617	30
649	3	991	20
649	3	1356	30
650	3	2139	29
652	3	1304	20
652	3	1513	30
652	3	2035	9
653	3	1200	20
653	3	1461	30
653	3	2191	9
654	3	2295	30
655	3	1408	20
655	3	1617	30
656	3	1304	20
656	3	1513	30
657	3	991	20
658	3	991	20
658	3	1304	30
658	3	1617	9
658	3	1982	12
659	3	1565	20
659	3	1722	30
661	3	991	20
661	3	1252	30
661	3	2087	9
662	3	1304	20
662	3	1461	30
662	3	2191	9
663	3	1617	20
664	3	991	20
664	3	1252	30
664	3	1565	9
664	3	1878	12
665	3	887	20
665	3	1200	30
666	3	782	20
666	3	1408	29
666	3	2087	9
667	3	887	20
667	3	1565	29
668	3	1617	20
668	3	1774	29
668	3	1826	30
669	3	1461	20
669	3	1722	30
669	3	2191	9
670	3	1565	20
670	3	1722	30
672	3	2035	30
673	3	1617	20
673	3	1982	30
674	3	1252	20
674	3	1513	30
675	3	1408	20
675	3	1513	30
676	3	834	20
676	3	1200	30
676	3	1513	9
676	3	1826	12
677	3	1252	20
677	3	1513	30
677	3	1826	9
678	3	991	20
678	3	1565	30
678	3	2243	9
680	3	1408	20
680	3	1565	30
682	3	1565	30
682	3	1878	20
684	3	1356	20
684	3	1513	30
685	3	2087	20
685	3	2243	30
686	3	991	20
686	3	1408	30
688	3	2035	30
689	3	1617	20
689	3	2035	30
691	3	991	20
691	3	1200	30
691	3	1617	9
691	3	1930	12
692	3	1095	20
692	3	1408	30
692	3	1722	9
693	3	1148	20
693	3	1356	30
693	3	1774	9
694	3	1095	20
694	3	1513	30
695	3	782	20
695	3	834	29
695	3	2035	9
697	3	939	20
697	3	1252	30
697	3	1774	9
698	3	2139	30
699	3	1408	20
699	3	1565	30
701	3	1356	20
701	3	1565	30
703	3	887	20
703	3	1200	30
703	3	1669	9
705	3	1774	20
705	3	1826	30
705	3	2295	9
706	3	782	20
706	3	1095	30
706	3	2295	9
707	3	1408	20
707	3	1722	30
708	3	1461	20
708	3	1722	30
709	3	1095	20
709	3	1304	30
709	3	1669	9
709	3	2243	12
710	3	1043	20
710	3	1252	30
710	3	1565	9
711	3	1565	20
711	3	1722	30
711	3	2191	9
712	3	1356	20
712	3	1669	30
714	3	834	20
714	3	1148	30
714	3	2087	9
715	3	1617	20
715	3	1774	30
716	3	782	20
716	3	1043	30
716	3	1356	9
716	3	1669	12
717	3	1408	20
717	3	1617	30
717	3	1930	9
717	3	2295	12
718	3	887	20
718	3	1200	30
718	3	1669	9
721	3	1304	20
721	3	1513	30
721	3	2191	9
722	3	782	20
722	3	1148	30
722	3	1461	9
722	3	1774	12
725	3	991	20
725	3	1304	30
725	3	1722	9
726	3	1200	20
726	3	1408	30
726	3	1722	9
729	3	2035	20
729	3	2087	30
730	3	1356	20
730	3	1617	30
731	3	782	20
731	3	887	29
731	3	2191	9
732	3	1930	20
732	3	2035	30
733	3	991	20
733	3	1200	30
733	3	1722	9
734	3	834	20
734	3	1095	30
734	3	1930	9
736	3	1774	20
737	3	1043	20
737	3	1304	30
737	3	1774	9
737	3	2139	12
738	3	1043	20
738	3	1252	30
738	3	1565	9
738	3	1878	12
739	3	1565	20
739	3	1774	30
741	3	1408	20
742	3	782	20
742	3	991	29
742	3	1043	30
742	3	1356	9
742	3	1722	12
743	3	834	20
743	3	1200	30
743	3	2139	9
744	3	1617	20
744	3	1722	30
744	3	2295	9
746	3	1774	20
747	3	1774	20
750	3	2243	30
752	3	1356	20
752	3	1669	30
752	3	2035	9
753	3	834	20
753	3	1148	30
753	3	1565	9
753	3	1930	12
754	3	834	20
754	3	1200	30
754	3	1722	9
755	3	834	20
755	3	1461	30
755	3	2191	9
756	3	887	20
756	3	1148	30
756	3	1461	9
756	3	1774	12
757	3	2243	30
758	3	730	20
758	3	1095	30
758	3	1826	9
761	3	1774	20
761	3	1930	30
762	3	1252	20
762	3	1461	30
763	3	1617	20
763	3	1774	30
765	3	834	20
765	3	1200	30
765	3	2295	9
766	3	991	20
766	3	2295	30
767	3	1617	20
767	3	1826	30
771	3	1669	20
771	3	1722	29
771	3	1774	30
772	3	2295	30
774	3	834	20
774	3	1095	30
774	3	1461	9
774	3	1774	12
776	3	782	20
776	3	991	29
776	3	1304	9
776	3	1826	12
776	3	2139	30
778	3	1408	20
778	3	1826	30
780	3	2243	30
781	3	1148	20
781	3	1356	30
781	3	1774	9
782	3	2035	20
782	3	2139	30
784	3	782	20
784	3	1826	30
784	3	2139	9
785	3	2191	30
787	3	2087	30
788	3	939	20
788	3	1304	30
789	3	1461	20
789	3	1669	30
790	3	1617	20
790	3	1826	30
792	3	991	20
793	3	782	20
793	3	1043	30
793	3	1930	9
793	3	2295	12
794	3	834	20
794	3	1930	30
795	3	2295	30
797	3	887	20
797	3	1200	30
798	3	1826	20
798	3	1930	30
801	3	2035	20
801	3	2087	30
802	3	1200	20
802	3	1461	30
803	3	1148	20
803	3	1408	30
803	3	1722	9
803	3	2243	12
804	3	1513	20
804	3	1826	30
804	3	2295	9
807	3	782	20
807	3	1043	30
807	3	1356	9
807	3	1669	12
810	3	782	20
810	3	1043	30
810	3	1774	9
811	3	782	20
811	3	1043	30
811	3	2191	9
812	3	417	29
812	3	939	20
812	3	1617	9
812	3	1930	12
812	3	2243	30
813	3	1513	20
815	3	417	29
815	3	887	20
816	3	1461	20
816	3	1774	30
818	3	1252	20
818	3	1565	30
818	3	2139	9
820	3	2295	30
821	3	1774	30
822	3	730	20
822	3	1095	30
822	3	2087	9
823	3	730	20
823	3	991	29
823	3	1043	30
823	3	1356	9
823	3	1669	12
824	3	1461	20
824	3	1565	30
825	3	1408	20
825	3	1669	30
826	3	1304	20
826	3	1617	30
828	3	1878	30
831	3	991	20
831	3	1304	30
831	3	1617	9
831	3	1930	12
832	3	939	20
832	3	1252	30
832	3	1565	9
832	3	1878	12
833	3	1722	20
834	3	991	20
834	3	1252	30
834	3	1565	9
834	3	1878	12
835	3	1982	30
835	3	2295	20
837	3	2035	30
838	3	417	29
838	3	887	20
838	3	1669	9
838	3	2139	12
839	3	2035	30
840	3	417	29
840	3	730	20
840	3	1043	30
840	3	1356	9
840	3	1669	12
841	3	887	20
842	3	1356	20
842	3	1565	30
842	3	2191	9
843	3	834	20
843	3	1043	30
843	3	1356	9
843	3	1669	12
847	3	1722	20
847	3	1826	30
848	3	782	20
848	3	991	29
848	3	1043	30
848	3	1356	9
848	3	1669	12
850	3	939	20
850	3	1200	30
850	3	1513	9
850	3	1826	12
853	3	2139	20
853	3	2191	30
854	3	1408	20
854	3	1565	30
855	3	2191	30
858	3	1148	20
858	3	1565	30
861	3	939	20
862	3	2295	30
863	3	991	20
863	3	1200	30
863	3	1513	9
864	3	834	20
864	3	1043	29
864	3	1461	9
864	3	1774	12
864	3	2087	30
865	3	939	20
865	3	1252	30
866	3	782	20
866	3	1095	30
866	3	2243	9
867	3	1722	20
867	3	2191	30
868	3	991	20
868	3	1461	30
869	3	1304	20
869	3	1513	30
870	3	1669	20
870	3	1722	30
871	3	1617	20
871	3	1722	30
873	3	782	20
873	3	1148	30
873	3	1461	9
873	3	1774	12
875	3	1252	20
875	3	1408	30
876	3	887	20
876	3	1252	30
877	3	834	20
877	3	1095	30
877	3	1408	9
877	3	1722	12
878	3	1617	20
878	3	1930	30
879	3	2035	30
880	3	782	20
880	3	1043	30
880	3	1565	9
880	3	2295	12
882	3	1722	29
882	3	1774	20
884	3	939	20
884	3	1878	30
885	3	887	20
885	3	1148	29
885	3	1200	30
885	3	1513	9
885	3	1826	12
886	3	2139	30
887	3	1408	20
887	3	1669	30
889	3	2243	30
890	3	1774	20
890	3	1826	30
891	3	991	20
891	3	1722	30
892	3	2191	30
894	3	1461	20
894	3	2035	30
895	3	1826	20
895	3	1878	30
896	3	991	20
897	3	991	20
897	3	1252	30
898	3	991	20
898	3	1200	30
898	3	1513	9
898	3	1826	12
899	3	887	20
899	3	1252	30
899	3	1565	9
900	3	1878	20
900	3	1930	30
901	3	730	20
901	3	1095	30
902	3	1200	20
902	3	1461	30
902	3	1774	9
903	3	991	20
903	3	1304	30
903	3	1617	9
903	3	2035	12
905	3	2087	20
905	3	2139	30
906	3	887	20
908	3	887	20
908	3	1252	30
910	3	1722	20
910	3	1826	30
912	3	939	20
913	3	1774	20
913	3	1878	30
914	3	1252	20
914	3	1461	30
916	3	991	20
916	3	1252	30
916	3	1565	9
917	3	2139	30
918	3	1617	20
918	3	1774	30
920	3	2191	30
922	3	1878	20
922	3	1930	29
922	3	1982	30
924	3	991	20
924	3	1200	30
924	3	1513	9
924	3	1826	12
925	3	887	20
925	3	1304	30
926	3	1200	20
926	3	1304	30
926	3	1774	9
926	3	2295	12
927	3	1356	20
927	3	1669	30
929	3	1043	20
929	3	1356	30
929	3	1774	9
931	3	834	20
931	3	1095	30
931	3	1408	9
931	3	1722	12
932	3	1826	30
933	3	1617	20
933	3	1774	30
934	3	1617	20
934	3	1774	30
935	3	991	20
935	3	1513	30
936	3	2087	30
937	3	2295	30
938	3	1565	20
938	3	1722	30
940	3	1200	20
940	3	1408	30
940	3	1722	9
940	3	2139	12
941	3	834	20
941	3	1148	30
941	3	1461	9
941	3	1826	12
942	3	834	20
942	3	887	29
942	3	1408	9
942	3	1722	12
942	3	2191	30
944	3	1565	20
944	3	1826	30
946	3	1513	20
946	3	1722	30
947	3	887	20
947	3	1200	29
947	3	1252	9
947	3	1565	12
947	3	1878	30
948	3	782	20
948	3	1148	30
949	3	417	29
949	3	782	20
949	3	1200	9
949	3	1513	12
949	3	1826	30
950	3	782	20
950	3	1043	30
950	3	1617	9
953	3	887	20
953	3	1200	30
953	3	1722	9
954	3	730	20
954	3	1043	30
954	3	1565	9
960	3	1200	20
960	3	1461	29
960	3	1513	30
961	3	1252	20
961	3	1461	30
963	3	939	20
963	3	1252	30
964	3	887	20
964	3	1200	30
964	3	1513	9
964	3	1826	12
965	3	1461	20
965	3	1617	30
966	3	887	20
966	3	1408	30
966	3	2191	9
968	3	1513	20
968	3	1878	30
969	3	1252	20
969	3	1461	30
969	3	2035	9
971	3	939	20
971	3	1304	30
971	3	1930	9
972	3	782	20
972	3	939	30
972	3	1252	9
972	3	1565	12
976	3	1148	20
976	3	1304	30
976	3	1722	9
978	3	939	20
978	3	1200	30
978	3	1774	9
979	3	1826	20
979	3	1878	30
981	3	1356	20
981	3	1513	30
982	3	991	20
982	3	1617	30
983	3	834	20
983	3	1200	30
984	3	1408	20
984	3	1669	30
985	3	1513	20
985	3	1669	30
988	3	1565	20
988	3	2087	30
989	3	834	20
989	3	1930	30
995	3	782	20
995	3	939	29
995	3	1930	9
998	3	1095	20
998	3	1356	30
998	3	1669	9
998	3	1982	12
0	4	730	27
0	4	1043	30
1	4	678	27
1	4	991	30
3	4	1408	27
3	4	1722	30
4	4	1043	27
4	4	1304	29
4	4	1356	30
5	4	991	27
5	4	1304	30
6	4	1095	27
6	4	1408	30
7	4	1356	27
7	4	1669	30
8	4	1095	27
8	4	1408	30
10	4	730	27
10	4	1043	30
12	4	2295	27
13	4	2139	27
14	4	730	27
14	4	1043	30
15	4	939	27
15	4	1252	30
16	4	991	27
16	4	1304	30
17	4	730	27
17	4	1043	30
18	4	417	29
19	4	2139	27
20	4	1095	27
20	4	1408	30
21	4	417	29
22	4	1356	27
22	4	1982	30
23	4	887	27
23	4	1200	30
24	4	730	27
24	4	1200	30
25	4	2035	27
26	4	1200	27
26	4	1513	30
27	4	939	27
27	4	1252	30
28	4	1252	27
28	4	1461	29
29	4	1826	27
29	4	2139	30
30	4	1513	27
30	4	1826	30
31	4	1043	27
31	4	1356	30
32	4	1356	27
32	4	1565	29
33	4	1565	27
33	4	1930	30
34	4	1148	27
34	4	1461	30
35	4	834	27
35	4	1200	30
36	4	939	27
36	4	1252	30
37	4	1878	27
37	4	2191	30
38	4	1200	27
39	4	939	27
39	4	1461	30
40	4	834	27
40	4	1043	29
40	4	1982	30
41	4	1252	27
41	4	1565	30
42	4	1200	27
42	4	1513	30
43	4	417	29
45	4	991	27
45	4	1356	30
46	4	939	27
46	4	1252	30
47	4	1461	27
47	4	1774	30
49	4	991	27
49	4	1304	30
51	4	1878	27
51	4	2295	30
52	4	2243	27
53	4	991	27
53	4	1304	30
55	4	1878	27
56	4	2087	27
57	4	782	27
57	4	1095	30
58	4	887	27
58	4	1252	30
59	4	782	27
59	4	1095	30
61	4	1356	27
61	4	1669	30
62	4	939	27
62	4	1252	30
63	4	1095	27
63	4	1408	30
64	4	2191	27
65	4	1252	27
65	4	1669	30
66	4	1513	27
66	4	1826	30
67	4	1095	27
67	4	1408	30
69	4	1148	27
69	4	1513	30
71	4	1356	27
71	4	1669	30
73	4	2139	27
74	4	1930	27
74	4	2243	30
75	4	678	27
75	4	1356	30
76	4	1722	27
77	4	2139	27
79	4	1461	27
79	4	1774	30
80	4	834	27
80	4	1617	30
81	4	939	27
81	4	2035	30
82	4	1826	27
82	4	2139	30
83	4	1304	27
83	4	2139	30
84	4	1043	27
84	4	1356	30
86	4	1774	27
86	4	2191	30
87	4	417	29
87	4	2035	30
88	4	1148	27
88	4	1408	29
88	4	1461	30
89	4	1356	27
89	4	1669	30
90	4	1513	27
92	4	730	27
92	4	1043	30
93	4	1722	27
95	4	1878	27
95	4	2191	30
96	4	1356	27
96	4	1669	29
96	4	1722	30
97	4	1982	27
98	4	1878	27
98	4	2295	30
99	4	1722	27
99	4	2035	30
100	4	2139	27
101	4	1200	27
102	4	1043	27
102	4	1669	30
103	4	1669	27
104	4	1043	27
104	4	1356	30
106	4	1095	27
106	4	1408	30
107	4	782	27
107	4	1095	30
108	4	991	27
108	4	1304	30
109	4	1878	27
109	4	2243	30
110	4	834	27
110	4	1148	30
111	4	1826	27
111	4	2139	30
112	4	1669	27
112	4	2191	30
113	4	782	27
113	4	1095	30
114	4	1878	27
114	4	2191	30
116	4	1722	27
116	4	2087	30
117	4	1722	27
117	4	2087	30
118	4	1513	27
118	4	1669	29
119	4	1565	27
119	4	1878	30
120	4	1617	27
120	4	2087	30
122	4	887	27
122	4	1200	30
124	4	678	27
124	4	991	30
125	4	1043	27
125	4	1304	29
125	4	1356	30
126	4	834	27
126	4	1148	30
127	4	834	27
127	4	1148	30
128	4	678	27
128	4	991	30
129	4	1669	27
131	4	1095	27
131	4	1408	30
132	4	782	27
132	4	939	29
133	4	1304	27
133	4	1617	30
134	4	1565	27
134	4	1878	30
135	4	939	27
135	4	1252	30
136	4	730	27
136	4	1043	30
137	4	1200	27
137	4	1513	30
138	4	730	27
138	4	1043	30
139	4	939	27
139	4	1200	29
139	4	1252	30
141	4	887	27
141	4	1148	29
141	4	1200	30
142	4	1722	27
142	4	2139	30
143	4	1617	27
143	4	1930	30
145	4	1461	27
145	4	1774	30
146	4	1095	27
146	4	1408	30
147	4	1148	27
147	4	1461	30
148	4	1878	27
149	4	782	27
149	4	1095	30
150	4	939	27
150	4	1356	30
151	4	1617	27
151	4	1930	30
152	4	991	27
152	4	1304	30
153	4	1461	27
153	4	2191	30
154	4	939	27
154	4	1252	30
155	4	730	27
155	4	939	29
156	4	834	27
156	4	1148	30
158	4	939	27
158	4	1252	30
159	4	626	27
159	4	939	30
160	4	1200	27
160	4	1513	30
161	4	2191	27
162	4	1304	27
162	4	1617	30
163	4	1982	27
164	4	834	27
164	4	1930	30
165	4	1043	27
165	4	1356	30
166	4	2035	27
167	4	1826	27
167	4	2191	30
169	4	834	27
169	4	1982	30
170	4	730	27
170	4	1043	30
171	4	1878	27
172	4	1356	27
172	4	1669	30
173	4	1722	27
173	4	2191	30
174	4	1148	27
174	4	1565	30
175	4	1095	27
175	4	1408	30
176	4	991	27
176	4	1304	30
179	4	1095	27
179	4	1408	30
181	4	730	27
181	4	1043	30
183	4	887	27
183	4	1200	30
185	4	887	27
185	4	1200	30
187	4	1304	27
187	4	1617	30
188	4	2035	27
189	4	1200	27
189	4	1356	29
190	4	1565	27
190	4	2087	30
191	4	730	27
192	4	1148	27
192	4	1461	30
193	4	1200	27
193	4	1565	30
196	4	626	27
196	4	939	30
198	4	1095	27
198	4	1408	30
199	4	939	27
199	4	1252	30
200	4	1408	27
200	4	1722	30
201	4	2139	27
202	4	1304	27
202	4	1617	30
203	4	1356	27
203	4	1669	30
204	4	887	27
204	4	1304	30
205	4	1669	27
205	4	1982	30
206	4	678	27
206	4	991	30
206	4	2295	28
207	4	939	27
207	4	1252	30
208	4	991	27
208	4	1304	30
210	4	1148	27
210	4	1461	30
212	4	1408	27
212	4	1774	30
213	4	1930	27
215	4	1356	27
215	4	1722	30
217	4	1304	27
217	4	1669	30
218	4	1200	27
218	4	1513	30
220	4	2087	27
221	4	1200	27
221	4	1513	30
222	4	2087	27
223	4	2295	27
224	4	1304	27
224	4	1774	30
225	4	834	27
225	4	1148	30
226	4	939	27
226	4	1148	29
227	4	1826	27
227	4	2139	30
228	4	887	27
228	4	1200	30
229	4	1148	27
229	4	1461	30
230	4	834	27
230	4	1148	30
231	4	834	27
231	4	1148	30
232	4	782	27
232	4	1095	30
233	4	1461	27
233	4	1826	30
235	4	1930	27
235	4	2295	30
236	4	1878	27
236	4	2191	30
239	4	1774	27
240	4	834	27
240	4	1148	30
241	4	1148	27
241	4	1461	30
242	4	1095	27
242	4	1408	30
243	4	678	27
243	4	991	30
244	4	417	29
245	4	1669	27
245	4	1982	30
248	4	782	27
248	4	1095	30
249	4	678	27
249	4	991	30
250	4	678	27
250	4	991	30
251	4	1252	27
251	4	1565	30
253	4	1774	27
253	4	2087	30
255	4	1617	27
256	4	1148	27
256	4	1565	30
257	4	1513	27
257	4	1826	30
258	4	730	27
258	4	1043	30
259	4	730	27
259	4	1043	30
260	4	939	27
260	4	1252	30
262	4	1200	27
262	4	1513	30
264	4	991	27
264	4	1304	30
265	4	1982	27
265	4	2295	30
266	4	1148	27
266	4	1513	30
267	4	782	27
267	4	887	29
268	4	1252	27
268	4	1565	30
269	4	887	27
269	4	1200	30
270	4	1878	27
270	4	2243	30
271	4	1148	27
271	4	1461	30
272	4	887	27
272	4	1200	30
274	4	1669	27
277	4	1982	27
277	4	2295	30
278	4	2191	27
279	4	1722	27
280	4	1826	27
280	4	2139	30
282	4	1982	27
283	4	1408	27
283	4	1722	30
284	4	730	27
284	4	1043	30
285	4	1356	27
285	4	1669	30
286	4	834	27
286	4	991	29
286	4	2139	30
287	4	1774	27
288	4	1408	27
288	4	1722	30
292	4	1878	27
292	4	2191	30
293	4	626	27
293	4	939	30
294	4	887	27
294	4	1200	30
295	4	1826	27
295	4	2139	30
296	4	939	27
296	4	1252	30
298	4	1200	27
298	4	1617	30
299	4	782	27
300	4	1982	27
300	4	2295	30
301	4	730	27
301	4	1043	30
302	4	887	27
302	4	1356	30
303	4	678	27
303	4	991	30
304	4	782	27
304	4	1095	30
306	4	678	27
306	4	991	30
307	4	2035	27
308	4	1774	27
309	4	678	27
309	4	991	30
310	4	991	27
310	4	1304	30
311	4	2191	27
312	4	1722	27
312	4	2035	30
313	4	1722	27
314	4	2087	27
315	4	1095	27
315	4	1408	30
317	4	1513	27
319	4	2243	27
320	4	1513	27
321	4	782	27
322	4	887	27
322	4	1878	30
323	4	2243	27
324	4	1617	27
324	4	2191	30
325	4	1669	27
325	4	2139	30
326	4	782	27
326	4	1095	30
327	4	1356	27
327	4	1669	30
328	4	1826	27
328	4	2243	30
329	4	1982	27
330	4	1148	27
330	4	1461	30
331	4	887	27
331	4	1200	30
332	4	1043	27
332	4	1356	30
333	4	887	27
333	4	1200	30
334	4	1722	27
335	4	626	27
335	4	939	30
336	4	991	27
336	4	1304	30
337	4	1826	27
337	4	2191	30
338	4	2243	27
339	4	834	27
339	4	1878	30
340	4	1356	27
340	4	1669	30
341	4	1408	27
341	4	1722	30
342	4	782	27
342	4	1095	30
343	4	782	27
343	4	887	29
345	4	1095	27
345	4	1408	30
346	4	1043	27
346	4	1356	30
347	4	1252	27
347	4	1565	29
347	4	1617	30
348	4	887	27
348	4	1304	30
349	4	939	27
349	4	1200	29
349	4	1252	30
352	4	1252	27
352	4	1565	30
353	4	939	27
353	4	1252	30
354	4	782	27
354	4	939	29
354	4	1878	30
355	4	939	27
356	4	1461	27
356	4	1774	30
357	4	939	27
357	4	1669	30
358	4	1408	27
358	4	1722	30
360	4	1982	27
360	4	2295	30
361	4	991	27
361	4	1513	30
364	4	887	27
364	4	1200	30
366	4	1200	27
366	4	1513	30
367	4	939	27
367	4	1930	30
368	4	782	27
368	4	1095	30
369	4	991	27
369	4	1304	30
371	4	939	27
371	4	1252	30
372	4	1356	27
372	4	1669	30
374	4	1878	27
374	4	2191	30
375	4	1513	27
376	4	1043	27
376	4	1356	30
377	4	1617	27
377	4	1930	30
378	4	1408	27
378	4	1774	30
379	4	1200	27
379	4	1513	30
380	4	1878	27
381	4	1774	27
381	4	2087	30
382	4	834	27
382	4	1878	30
384	4	1095	27
384	4	1408	30
385	4	1513	27
386	4	1982	27
387	4	939	27
387	4	1252	30
388	4	2243	27
389	4	782	27
389	4	1774	30
390	4	678	27
390	4	991	30
391	4	887	27
391	4	1252	30
392	4	1826	27
392	4	2139	30
393	4	782	27
393	4	1095	30
394	4	1304	27
394	4	1722	29
396	4	782	27
396	4	939	29
396	4	1878	30
397	4	1408	27
397	4	1722	30
399	4	730	27
399	4	1043	30
400	4	991	27
400	4	1722	30
402	4	1043	27
402	4	1408	30
403	4	2243	27
404	4	1513	27
404	4	1930	30
405	4	1565	27
405	4	2035	29
405	4	2087	30
406	4	887	27
406	4	1304	30
407	4	1408	27
407	4	1722	30
409	4	2295	27
410	4	1930	27
410	4	2243	30
411	4	417	29
411	4	1982	30
412	4	887	27
412	4	991	29
412	4	1930	30
413	4	782	27
413	4	887	29
413	4	1826	30
414	4	1095	27
414	4	1408	30
415	4	887	27
415	4	1304	30
416	4	1930	27
416	4	2295	30
417	4	1095	27
417	4	1408	30
418	4	939	27
418	4	1252	30
419	4	834	27
419	4	1200	30
420	4	1356	27
420	4	1669	30
421	4	2191	27
422	4	2139	27
423	4	1252	27
423	4	1565	30
424	4	939	27
424	4	1200	29
424	4	1252	30
425	4	1669	27
425	4	1982	30
426	4	1252	27
426	4	1565	30
427	4	2295	27
428	4	887	27
428	4	1200	30
429	4	1043	27
429	4	1356	30
430	4	834	27
430	4	1461	30
431	4	678	29
432	4	1043	27
432	4	1356	30
433	4	1200	27
433	4	1565	30
434	4	782	27
434	4	1095	30
435	4	782	27
435	4	1095	30
436	4	730	27
436	4	1043	30
437	4	834	27
437	4	1826	30
438	4	1043	27
438	4	1408	30
439	4	1774	27
440	4	1200	27
440	4	1930	30
442	4	1461	27
442	4	1774	30
445	4	834	27
445	4	939	29
446	4	1878	27
446	4	2191	30
447	4	2035	27
451	4	1148	27
451	4	1461	30
452	4	1200	27
452	4	1513	30
453	4	730	27
453	4	1043	30
454	4	2139	27
455	4	1356	27
455	4	1669	30
456	4	1513	27
456	4	1878	30
457	4	1200	27
457	4	1722	30
459	4	2087	27
460	4	887	27
460	4	1200	30
461	4	834	27
461	4	1095	29
461	4	1148	30
462	4	1252	27
462	4	1774	30
463	4	1043	27
463	4	1356	30
464	4	1200	27
464	4	1617	30
465	4	887	27
465	4	1200	30
466	4	782	27
466	4	1095	30
467	4	887	27
467	4	1200	30
468	4	887	27
468	4	1200	30
469	4	678	27
469	4	991	30
470	4	2191	27
471	4	1826	27
471	4	2139	30
472	4	939	27
472	4	1252	30
473	4	1252	27
473	4	1565	30
474	4	782	27
474	4	1148	30
475	4	1826	27
475	4	2139	30
478	4	1826	27
481	4	991	27
481	4	1252	29
481	4	1304	30
482	4	1408	27
482	4	2035	30
484	4	2243	27
485	4	1878	27
485	4	2191	30
486	4	1617	27
486	4	1930	30
487	4	782	27
487	4	991	29
488	4	1461	27
489	4	730	27
489	4	1043	30
490	4	1095	27
490	4	1408	30
491	4	1356	27
491	4	1774	30
492	4	1304	27
492	4	1617	30
494	4	939	27
494	4	1252	30
495	4	1148	27
495	4	1461	30
496	4	1200	27
496	4	1356	29
497	4	834	27
498	4	1252	27
498	4	1774	30
499	4	1930	27
500	4	782	27
500	4	991	29
500	4	1930	30
501	4	1774	27
501	4	2087	30
502	4	1304	27
502	4	1617	30
503	4	782	27
503	4	1043	29
503	4	1095	30
505	4	1722	27
505	4	2139	30
506	4	1408	27
508	4	782	27
508	4	1095	30
510	4	2191	27
512	4	1200	27
512	4	1513	30
513	4	1408	27
513	4	1722	30
514	4	887	27
514	4	1461	30
515	4	678	27
515	4	991	30
516	4	1669	27
516	4	2035	30
517	4	1461	27
517	4	1930	30
518	4	1304	27
518	4	1617	30
519	4	939	27
519	4	1252	30
520	4	1878	27
520	4	2191	30
521	4	834	27
521	4	1148	30
522	4	1252	27
522	4	1565	30
523	4	834	27
523	4	1252	30
525	4	1043	27
525	4	1356	30
526	4	2087	27
527	4	782	27
527	4	991	29
528	4	678	27
528	4	991	30
529	4	887	27
529	4	1148	29
529	4	1200	30
530	4	1565	27
530	4	1722	29
531	4	1252	27
531	4	1565	30
532	4	1408	27
532	4	1722	30
533	4	2295	27
534	4	834	27
534	4	1148	30
536	4	1878	27
536	4	2191	30
537	4	1148	27
537	4	1461	30
538	4	782	27
538	4	1095	30
539	4	678	27
539	4	991	30
541	4	887	27
541	4	1826	30
542	4	1408	27
543	4	1252	27
543	4	1617	30
544	4	1043	27
544	4	1356	30
546	4	1513	27
546	4	1826	30
547	4	991	27
547	4	1304	30
549	4	1513	27
550	4	834	27
550	4	1148	30
551	4	834	27
551	4	1148	30
552	4	1774	27
553	4	1408	27
553	4	1722	30
554	4	626	27
554	4	939	30
555	4	782	27
555	4	1095	30
556	4	1252	27
556	4	1565	30
558	4	417	29
559	4	1356	27
559	4	1565	29
561	4	1722	27
562	4	1200	27
562	4	1565	30
563	4	1148	27
563	4	1461	30
564	4	1774	27
564	4	2139	30
565	4	887	27
565	4	1200	30
566	4	939	27
566	4	1252	30
567	4	1408	27
568	4	782	27
568	4	939	29
569	4	1356	27
569	4	1669	30
570	4	1565	27
571	4	730	27
571	4	1043	30
572	4	1826	27
575	4	730	27
575	4	939	29
575	4	1878	30
576	4	1461	27
576	4	1774	30
577	4	834	27
577	4	1148	30
578	4	1513	27
578	4	2087	30
581	4	1304	27
581	4	1617	30
582	4	1461	27
582	4	1826	30
583	4	678	27
583	4	991	30
584	4	834	27
584	4	1878	30
585	4	782	27
585	4	991	29
585	4	1930	30
586	4	1200	27
586	4	1513	30
587	4	782	27
587	4	1095	30
588	4	939	27
588	4	1461	30
589	4	1043	27
589	4	1356	30
590	4	782	27
590	4	1304	30
591	4	1982	27
593	4	1930	27
594	4	1565	27
594	4	1930	30
595	4	887	27
595	4	1200	30
596	4	1095	27
596	4	1461	30
597	4	1826	27
598	4	730	27
598	4	1043	30
599	4	730	27
599	4	887	29
600	4	2035	27
601	4	1043	27
601	4	1356	30
604	4	1356	27
604	4	1669	30
605	4	1565	27
605	4	2035	30
606	4	1043	27
606	4	1408	30
607	4	991	27
607	4	1304	30
608	4	1095	27
608	4	1408	30
611	4	1356	27
611	4	1774	30
612	4	1461	27
612	4	1774	30
614	4	1408	27
614	4	1722	30
615	4	1565	27
615	4	2139	30
616	4	1408	27
616	4	1722	30
617	4	2191	27
619	4	1826	27
620	4	887	27
620	4	1200	30
621	4	1200	27
621	4	1513	30
622	4	834	27
622	4	939	29
623	4	1774	27
623	4	2243	30
624	4	887	27
624	4	2191	30
625	4	1304	27
625	4	1617	30
626	4	1043	27
626	4	1356	30
627	4	939	27
627	4	1408	30
628	4	1095	27
628	4	1513	30
629	4	1878	27
629	4	2191	30
630	4	1461	27
630	4	1774	30
631	4	1200	27
631	4	1513	30
632	4	678	27
632	4	991	30
633	4	1982	27
634	4	1513	27
634	4	1826	30
635	4	2191	27
638	4	2087	27
639	4	834	27
639	4	1148	30
640	4	2243	27
642	4	1513	27
644	4	1930	27
644	4	2243	30
645	4	1200	27
645	4	1513	30
646	4	887	27
646	4	1200	30
648	4	1252	27
648	4	1617	30
649	4	887	27
649	4	1356	30
650	4	1930	27
650	4	2139	29
651	4	2243	27
652	4	1200	27
652	4	1513	30
653	4	1043	27
653	4	1461	30
654	4	1826	27
654	4	2295	30
655	4	1304	27
655	4	1617	30
656	4	1148	27
656	4	1513	30
657	4	939	27
658	4	991	27
658	4	1304	30
659	4	1408	27
659	4	1722	30
660	4	2191	27
661	4	939	27
661	4	1252	30
662	4	1148	27
662	4	1461	30
663	4	1513	27
664	4	939	27
664	4	1252	30
665	4	887	27
665	4	1200	30
666	4	730	27
666	4	1408	29
667	4	730	27
667	4	1565	29
668	4	1356	27
668	4	1774	29
668	4	1826	30
669	4	1408	27
669	4	1722	30
670	4	1252	27
670	4	1722	30
672	4	1461	27
672	4	2035	30
673	4	1565	27
673	4	1982	30
674	4	1200	27
674	4	1513	30
675	4	1200	27
675	4	1513	30
676	4	887	27
676	4	1200	30
677	4	1200	27
677	4	1513	30
678	4	939	27
678	4	1565	30
680	4	1252	27
680	4	1565	30
682	4	1252	27
682	4	1565	30
684	4	1200	27
684	4	1513	30
685	4	1930	27
685	4	2243	30
686	4	1095	27
686	4	1408	30
687	4	2087	27
688	4	1617	27
688	4	2035	30
689	4	1565	27
689	4	2035	30
690	4	2243	27
691	4	834	27
691	4	1200	30
692	4	1095	27
692	4	1408	30
693	4	1043	27
693	4	1356	30
694	4	1200	27
694	4	1513	30
695	4	678	27
695	4	834	29
696	4	1669	27
697	4	939	27
697	4	1252	30
698	4	1774	27
698	4	2139	30
699	4	1252	27
699	4	1565	30
700	4	2139	27
701	4	1252	27
701	4	1565	30
703	4	782	27
703	4	1200	30
705	4	1408	27
705	4	1826	30
706	4	782	27
706	4	1095	30
707	4	1408	27
707	4	1722	30
708	4	1408	27
708	4	1722	30
709	4	991	27
709	4	1304	30
710	4	939	27
710	4	1252	30
711	4	1408	27
711	4	1722	30
712	4	1356	27
712	4	1669	30
714	4	834	27
714	4	1148	30
715	4	1461	27
715	4	1774	30
716	4	730	27
716	4	1043	30
717	4	1304	27
717	4	1617	30
718	4	887	27
718	4	1200	30
721	4	1200	27
721	4	1513	30
722	4	834	27
722	4	1148	30
723	4	1826	27
724	4	2139	27
725	4	887	27
725	4	1304	30
726	4	1095	27
726	4	1408	30
728	4	2087	27
729	4	887	27
729	4	2087	30
730	4	1200	27
730	4	1617	30
731	4	730	27
731	4	887	29
732	4	1461	27
732	4	2035	30
733	4	834	27
733	4	1200	30
734	4	782	27
734	4	1095	30
735	4	2243	27
736	4	1617	27
737	4	991	27
737	4	1304	30
738	4	939	27
738	4	1252	30
739	4	1461	27
739	4	1774	30
741	4	1356	27
742	4	730	27
742	4	991	29
742	4	1043	30
743	4	887	27
743	4	1200	30
744	4	1408	27
744	4	1722	30
745	4	1982	27
746	4	1617	27
747	4	1304	27
749	4	2087	27
750	4	1930	27
750	4	2243	30
752	4	1356	27
752	4	1669	30
753	4	834	27
753	4	1148	30
754	4	887	27
754	4	1200	30
755	4	782	27
755	4	1461	30
756	4	834	27
756	4	1148	30
757	4	1930	27
757	4	2243	30
758	4	782	27
758	4	1095	30
760	4	2087	27
761	4	1617	27
761	4	1930	30
762	4	1095	27
762	4	1461	30
763	4	1461	27
763	4	1774	30
765	4	887	27
765	4	1200	30
766	4	1982	27
766	4	2295	30
767	4	1304	27
767	4	1826	30
768	4	2035	27
771	4	1461	27
771	4	1722	29
771	4	1774	30
772	4	1982	27
772	4	2295	30
773	4	1826	27
774	4	782	27
774	4	1095	30
775	4	2191	27
776	4	782	27
776	4	991	29
776	4	2139	30
778	4	939	27
778	4	1826	30
779	4	2191	27
780	4	1930	27
780	4	2243	30
781	4	1043	27
781	4	1356	30
782	4	1826	27
782	4	2139	30
783	4	1982	27
784	4	834	27
784	4	1826	30
785	4	1878	27
785	4	2191	30
787	4	1774	27
787	4	2087	30
788	4	991	27
788	4	1304	30
789	4	1356	27
789	4	1669	30
790	4	1461	27
790	4	1826	30
791	4	1930	27
792	4	2139	27
793	4	730	27
793	4	1043	30
794	4	782	27
794	4	1930	30
795	4	1982	27
795	4	2295	30
796	4	1826	27
797	4	887	27
797	4	1200	30
798	4	1617	27
798	4	1930	30
800	4	1669	27
801	4	1774	27
801	4	2087	30
802	4	1095	27
802	4	1461	30
803	4	1095	27
803	4	1408	30
804	4	1408	27
804	4	1826	30
806	4	1774	27
807	4	730	27
807	4	1043	30
809	4	2035	27
810	4	730	27
810	4	1043	30
811	4	730	27
811	4	1043	30
812	4	417	29
812	4	2243	30
813	4	1408	27
815	4	417	29
816	4	1461	27
816	4	1774	30
818	4	1252	27
818	4	1565	30
819	4	1826	27
820	4	1878	27
820	4	2295	30
821	4	1461	27
821	4	1774	30
822	4	782	27
822	4	1095	30
823	4	730	27
823	4	991	29
823	4	1043	30
824	4	1252	27
824	4	1565	30
825	4	1356	27
825	4	1669	30
826	4	1304	27
826	4	1617	30
827	4	2139	27
828	4	1565	27
828	4	1878	30
829	4	2191	27
830	4	1617	27
831	4	991	27
831	4	1304	30
832	4	939	27
832	4	1252	30
833	4	1513	27
834	4	939	27
834	4	1252	30
835	4	1461	27
835	4	1982	30
836	4	2295	27
837	4	1565	27
837	4	2035	30
838	4	417	29
839	4	1722	27
839	4	2035	30
840	4	417	29
840	4	1043	30
841	4	2035	27
842	4	1200	27
842	4	1565	30
843	4	730	27
843	4	1043	30
844	4	1930	27
845	4	1513	27
846	4	1722	27
847	4	1513	27
847	4	1826	30
848	4	730	27
848	4	991	29
848	4	1043	30
850	4	887	27
850	4	1200	30
853	4	1878	27
853	4	2191	30
854	4	1252	27
854	4	1565	30
855	4	1878	27
855	4	2191	30
856	4	1774	27
857	4	1982	27
858	4	1252	27
858	4	1565	30
861	4	834	27
862	4	1930	27
862	4	2295	30
863	4	887	27
863	4	1200	30
864	4	834	27
864	4	1043	29
864	4	2087	30
865	4	939	27
865	4	1252	30
866	4	782	27
866	4	1095	30
867	4	1356	27
867	4	2191	30
868	4	1148	27
868	4	1461	30
869	4	1200	27
869	4	1513	30
870	4	1356	27
870	4	1722	30
871	4	1408	27
871	4	1722	30
873	4	834	27
873	4	1148	30
875	4	991	27
875	4	1408	30
876	4	939	27
876	4	1252	30
877	4	782	27
877	4	1095	30
878	4	1461	27
878	4	1930	30
879	4	1669	27
879	4	2035	30
880	4	730	27
880	4	1043	30
882	4	1461	27
882	4	1722	29
883	4	2139	27
884	4	887	27
884	4	1878	30
885	4	887	27
885	4	1148	29
885	4	1200	30
886	4	1826	27
886	4	2139	30
887	4	1304	27
887	4	1669	30
889	4	1878	27
889	4	2243	30
890	4	1513	27
890	4	1826	30
891	4	887	27
891	4	1722	30
892	4	1878	27
892	4	2191	30
893	4	2087	27
894	4	1565	27
894	4	2035	30
895	4	1408	27
895	4	1878	30
896	4	887	27
897	4	939	27
897	4	1252	30
898	4	887	27
898	4	1200	30
899	4	939	27
899	4	1252	30
900	4	1617	27
900	4	1930	30
901	4	782	27
901	4	1095	30
902	4	1148	27
902	4	1461	30
903	4	991	27
903	4	1304	30
905	4	1774	27
905	4	2139	30
906	4	730	27
908	4	887	27
908	4	1252	30
909	4	2243	27
910	4	1513	27
910	4	1826	30
913	4	1565	27
913	4	1878	30
914	4	1148	27
914	4	1461	30
915	4	1565	27
916	4	939	27
916	4	1252	30
917	4	1826	27
917	4	2139	30
918	4	1461	27
918	4	1774	30
919	4	2035	27
920	4	1617	27
920	4	2191	30
922	4	1669	27
922	4	1930	29
922	4	1982	30
923	4	1774	27
924	4	887	27
924	4	1200	30
925	4	991	27
925	4	1304	30
926	4	991	27
926	4	1304	30
927	4	1356	27
927	4	1669	30
929	4	991	27
929	4	1356	30
931	4	782	27
931	4	1095	30
932	4	1461	27
932	4	1826	30
933	4	1461	27
933	4	1774	30
934	4	1461	27
934	4	1774	30
935	4	939	27
935	4	1513	30
936	4	1774	27
936	4	2087	30
937	4	1982	27
937	4	2295	30
938	4	1408	27
938	4	1722	30
939	4	1722	27
940	4	1095	27
940	4	1408	30
941	4	834	27
941	4	1148	30
942	4	730	27
942	4	887	29
942	4	2191	30
944	4	1513	27
944	4	1826	30
946	4	1304	27
946	4	1722	30
947	4	991	27
947	4	1200	29
947	4	1878	30
948	4	834	27
948	4	1148	30
949	4	417	29
949	4	1826	30
950	4	730	27
950	4	1043	30
953	4	887	27
953	4	1200	30
954	4	730	27
954	4	1043	30
958	4	2191	27
960	4	1043	27
960	4	1461	29
960	4	1513	30
961	4	939	27
961	4	1461	30
962	4	2243	27
963	4	939	27
963	4	1252	30
964	4	887	27
964	4	1200	30
965	4	1200	27
965	4	1617	30
966	4	730	27
966	4	1408	30
968	4	1408	27
968	4	1878	30
969	4	1148	27
969	4	1461	30
971	4	887	27
971	4	1304	30
972	4	626	27
972	4	939	30
974	4	939	27
975	4	2035	27
976	4	991	27
976	4	1304	30
978	4	887	27
978	4	1200	30
979	4	1565	27
979	4	1878	30
980	4	2191	27
981	4	1200	27
981	4	1513	30
982	4	1304	27
982	4	1617	30
983	4	887	27
983	4	1200	30
984	4	1356	27
984	4	1669	30
985	4	1356	27
985	4	1669	30
987	4	1826	27
988	4	1774	27
988	4	2087	30
989	4	782	27
989	4	1930	30
990	4	2035	27
995	4	730	27
995	4	939	29
996	4	1722	27
998	4	1043	27
998	4	1356	30
999	4	1826	27
0	5	469	25
0	5	730	27
0	5	1043	30
1	5	469	25
1	5	678	27
1	5	991	30
2	5	469	25
3	5	1095	25
3	5	1408	27
3	5	1722	30
4	5	469	25
4	5	1043	27
4	5	1304	29
4	5	1356	30
5	5	469	25
5	5	991	27
5	5	1304	30
6	5	521	25
6	5	1095	27
6	5	1408	30
7	5	887	25
7	5	1356	27
7	5	1669	30
8	5	574	25
8	5	1095	27
8	5	1408	30
9	5	1930	25
10	5	469	25
10	5	730	27
10	5	1043	30
11	5	2295	25
12	5	1304	25
12	5	2295	27
13	5	991	25
13	5	2139	27
14	5	469	25
14	5	730	27
14	5	1043	30
15	5	469	25
15	5	939	27
15	5	1252	30
16	5	469	25
16	5	991	27
16	5	1304	30
17	5	469	25
17	5	730	27
17	5	1043	30
18	5	417	29
19	5	1774	25
19	5	2139	27
20	5	521	25
20	5	1095	27
20	5	1408	30
21	5	417	29
22	5	782	25
22	5	1356	27
22	5	1982	30
23	5	469	25
23	5	887	27
23	5	1200	30
24	5	469	25
24	5	730	27
24	5	1200	30
25	5	1513	25
25	5	2035	27
26	5	574	25
26	5	1200	27
26	5	1513	30
27	5	469	25
27	5	939	27
27	5	1252	30
28	5	626	25
28	5	1252	27
28	5	1461	29
29	5	730	25
29	5	1826	27
29	5	2139	30
30	5	1148	25
30	5	1513	27
30	5	1826	30
31	5	469	25
31	5	1043	27
31	5	1356	30
32	5	1043	25
32	5	1356	27
32	5	1565	29
33	5	521	25
33	5	1565	27
33	5	1930	30
34	5	626	25
34	5	1148	27
34	5	1461	30
35	5	469	25
35	5	834	27
35	5	1200	30
36	5	469	25
36	5	939	27
36	5	1252	30
37	5	521	25
37	5	1878	27
37	5	2191	30
38	5	521	25
38	5	1200	27
39	5	469	25
39	5	939	27
39	5	1461	30
40	5	469	25
40	5	834	27
40	5	1043	29
40	5	1982	30
41	5	626	25
41	5	1252	27
41	5	1565	30
42	5	626	25
42	5	1200	27
42	5	1513	30
43	5	417	29
44	5	1565	25
45	5	574	25
45	5	991	27
45	5	1356	30
46	5	469	25
46	5	939	27
46	5	1252	30
47	5	1043	25
47	5	1461	27
47	5	1774	30
48	5	1930	25
49	5	469	25
49	5	991	27
49	5	1304	30
50	5	1461	25
51	5	1774	25
51	5	1878	27
51	5	2295	30
52	5	834	25
52	5	2243	27
53	5	469	25
53	5	991	27
53	5	1304	30
55	5	521	25
55	5	1878	27
56	5	1043	25
56	5	2087	27
57	5	469	25
57	5	782	27
57	5	1095	30
58	5	521	25
58	5	887	27
58	5	1252	30
59	5	469	25
59	5	782	27
59	5	1095	30
60	5	1043	25
61	5	521	25
61	5	1356	27
61	5	1669	30
62	5	469	25
62	5	939	27
62	5	1252	30
63	5	574	25
63	5	1095	27
63	5	1408	30
64	5	1826	25
64	5	2191	27
65	5	626	25
65	5	1252	27
65	5	1669	30
66	5	1200	25
66	5	1513	27
66	5	1826	30
67	5	678	25
67	5	1095	27
67	5	1408	30
68	5	1356	25
69	5	782	25
69	5	1148	27
69	5	1513	30
70	5	574	25
71	5	1043	25
71	5	1356	27
71	5	1669	30
73	5	1617	25
73	5	2139	27
74	5	782	25
74	5	1930	27
74	5	2243	30
75	5	469	25
75	5	678	27
75	5	1356	30
76	5	1304	25
76	5	1722	27
77	5	1408	25
77	5	2139	27
78	5	1200	25
79	5	678	25
79	5	1461	27
79	5	1774	30
80	5	469	25
80	5	834	27
80	5	1617	30
81	5	521	25
81	5	939	27
81	5	2035	30
82	5	574	25
82	5	1826	27
82	5	2139	30
83	5	991	25
83	5	1304	27
83	5	2139	30
84	5	469	25
84	5	1043	27
84	5	1356	30
85	5	1617	25
86	5	991	25
86	5	1774	27
86	5	2191	30
87	5	417	29
87	5	2035	30
88	5	626	25
88	5	1148	27
88	5	1408	29
88	5	1461	30
89	5	678	25
89	5	1356	27
89	5	1669	30
90	5	1252	25
90	5	1513	27
91	5	574	25
92	5	469	25
92	5	730	27
92	5	1043	30
93	5	1200	25
93	5	1722	27
94	5	1774	25
95	5	834	25
95	5	1878	27
95	5	2191	30
96	5	887	25
96	5	1356	27
96	5	1669	29
96	5	1722	30
97	5	1043	25
97	5	1982	27
98	5	1565	25
98	5	1878	27
98	5	2295	30
99	5	991	25
99	5	1722	27
99	5	2035	30
100	5	1200	25
100	5	2139	27
101	5	574	25
101	5	1200	27
102	5	574	25
102	5	1043	27
102	5	1669	30
103	5	782	25
103	5	1669	27
104	5	469	25
104	5	1043	27
104	5	1356	30
105	5	2191	25
106	5	626	25
106	5	1095	27
106	5	1408	30
107	5	469	25
107	5	782	27
107	5	1095	30
108	5	469	25
108	5	991	27
108	5	1304	30
109	5	1148	25
109	5	1878	27
109	5	2243	30
110	5	469	25
110	5	834	27
110	5	1148	30
111	5	521	25
111	5	1826	27
111	5	2139	30
112	5	626	25
112	5	1669	27
112	5	2191	30
113	5	469	25
113	5	782	27
113	5	1095	30
114	5	521	25
114	5	1878	27
114	5	2191	30
115	5	1356	25
116	5	1304	25
116	5	1722	27
116	5	2087	30
117	5	1304	25
117	5	1722	27
117	5	2087	30
118	5	1095	25
118	5	1513	27
118	5	1669	29
119	5	1095	25
119	5	1565	27
119	5	1878	30
120	5	730	25
120	5	1617	27
120	5	2087	30
121	5	1200	25
122	5	469	25
122	5	887	27
122	5	1200	30
123	5	1826	25
124	5	469	25
124	5	678	27
124	5	991	30
125	5	469	25
125	5	1043	27
125	5	1304	29
125	5	1356	30
126	5	469	25
126	5	834	27
126	5	1148	30
127	5	469	25
127	5	834	27
127	5	1148	30
128	5	469	25
128	5	678	27
128	5	991	30
129	5	991	25
129	5	1669	27
130	5	469	25
131	5	574	25
131	5	1095	27
131	5	1408	30
132	5	469	25
132	5	782	27
132	5	939	29
133	5	469	25
133	5	1304	27
133	5	1617	30
134	5	730	25
134	5	1565	27
134	5	1878	30
135	5	469	25
135	5	939	27
135	5	1252	30
136	5	469	25
136	5	730	27
136	5	1043	30
137	5	574	25
137	5	1200	27
137	5	1513	30
138	5	469	25
138	5	730	27
138	5	1043	30
139	5	469	25
139	5	939	27
139	5	1200	29
139	5	1252	30
140	5	1774	25
141	5	469	25
141	5	887	27
141	5	1148	29
141	5	1200	30
142	5	730	25
142	5	1722	27
142	5	2139	30
143	5	1148	25
143	5	1617	27
143	5	1930	30
145	5	1095	25
145	5	1461	27
145	5	1774	30
146	5	521	25
146	5	1095	27
146	5	1408	30
147	5	521	25
147	5	1148	27
147	5	1461	30
148	5	1252	25
148	5	1878	27
149	5	469	25
149	5	782	27
149	5	1095	30
150	5	469	25
150	5	939	27
150	5	1356	30
151	5	782	25
151	5	1617	27
151	5	1930	30
152	5	521	25
152	5	991	27
152	5	1304	30
153	5	574	25
153	5	1461	27
153	5	2191	30
154	5	469	25
154	5	939	27
154	5	1252	30
155	5	469	25
155	5	730	27
155	5	939	29
156	5	469	25
156	5	834	27
156	5	1148	30
158	5	469	25
158	5	939	27
158	5	1252	30
159	5	469	25
159	5	626	27
159	5	939	30
160	5	626	25
160	5	1200	27
160	5	1513	30
161	5	1513	25
161	5	2191	27
162	5	991	25
162	5	1304	27
162	5	1617	30
163	5	1095	25
163	5	1982	27
164	5	469	25
164	5	834	27
164	5	1930	30
165	5	469	25
165	5	1043	27
165	5	1356	30
166	5	1722	25
166	5	2035	27
167	5	1095	25
167	5	1826	27
167	5	2191	30
169	5	469	25
169	5	834	27
169	5	1982	30
170	5	469	25
170	5	730	27
170	5	1043	30
171	5	782	25
171	5	1878	27
172	5	991	25
172	5	1356	27
172	5	1669	30
173	5	1200	25
173	5	1722	27
173	5	2191	30
174	5	730	25
174	5	1148	27
174	5	1565	30
175	5	521	25
175	5	1095	27
175	5	1408	30
176	5	469	25
176	5	991	27
176	5	1304	30
177	5	1617	25
178	5	1930	25
179	5	469	25
179	5	1095	27
179	5	1408	30
180	5	1878	25
181	5	469	25
181	5	730	27
181	5	1043	30
182	5	626	25
183	5	469	25
183	5	887	27
183	5	1200	30
184	5	1043	25
185	5	469	25
185	5	887	27
185	5	1200	30
186	5	2087	25
187	5	626	25
187	5	1304	27
187	5	1617	30
188	5	1304	25
188	5	2035	27
189	5	626	25
189	5	1200	27
189	5	1356	29
190	5	1043	25
190	5	1565	27
190	5	2087	30
191	5	469	25
191	5	730	27
192	5	521	25
192	5	1148	27
192	5	1461	30
193	5	521	25
193	5	1200	27
193	5	1565	30
194	5	626	25
196	5	469	25
196	5	626	27
196	5	939	30
198	5	574	25
198	5	1095	27
198	5	1408	30
199	5	469	25
199	5	939	27
199	5	1252	30
200	5	1043	25
200	5	1408	27
200	5	1722	30
201	5	1774	25
201	5	2139	27
202	5	887	25
202	5	1304	27
202	5	1617	30
203	5	730	25
203	5	1356	27
203	5	1669	30
204	5	469	25
204	5	887	27
204	5	1304	30
205	5	1148	25
205	5	1669	27
205	5	1982	30
206	5	469	25
206	5	678	27
206	5	991	30
206	5	2295	28
207	5	469	25
207	5	939	27
207	5	1252	30
208	5	469	25
208	5	991	27
208	5	1304	30
209	5	2139	25
210	5	521	25
210	5	1148	27
210	5	1461	30
211	5	1461	25
212	5	730	25
212	5	1408	27
212	5	1774	30
213	5	1513	25
213	5	1930	27
214	5	730	25
215	5	1095	25
215	5	1356	27
215	5	1722	30
216	5	887	25
217	5	1095	25
217	5	1304	27
217	5	1669	30
218	5	626	25
218	5	1200	27
218	5	1513	30
219	5	2087	25
220	5	1304	25
220	5	2087	27
221	5	574	25
221	5	1200	27
221	5	1513	30
222	5	1774	25
222	5	2087	27
223	5	678	25
223	5	2295	27
224	5	730	25
224	5	1304	27
224	5	1774	30
225	5	469	25
225	5	834	27
225	5	1148	30
226	5	469	25
226	5	939	27
226	5	1148	29
227	5	574	25
227	5	1826	27
227	5	2139	30
228	5	469	25
228	5	887	27
228	5	1200	30
229	5	626	25
229	5	1148	27
229	5	1461	30
230	5	469	25
230	5	834	27
230	5	1148	30
231	5	469	25
231	5	834	27
231	5	1148	30
232	5	469	25
232	5	782	27
232	5	1095	30
233	5	1200	25
233	5	1461	27
233	5	1826	30
235	5	1408	25
235	5	1930	27
235	5	2295	30
236	5	834	25
236	5	1878	27
236	5	2191	30
237	5	782	25
239	5	1095	25
239	5	1774	27
240	5	469	25
240	5	834	27
240	5	1148	30
241	5	626	25
241	5	1148	27
241	5	1461	30
242	5	521	25
242	5	1095	27
242	5	1408	30
243	5	469	25
243	5	678	27
243	5	991	30
244	5	417	29
245	5	1043	25
245	5	1669	27
245	5	1982	30
246	5	1930	25
248	5	469	25
248	5	782	27
248	5	1095	30
249	5	469	25
249	5	678	27
249	5	991	30
250	5	469	25
250	5	678	27
250	5	991	30
251	5	521	25
251	5	1252	27
251	5	1565	30
252	5	1304	25
253	5	730	25
253	5	1774	27
253	5	2087	30
255	5	834	25
255	5	1617	27
256	5	730	25
256	5	1148	27
256	5	1565	30
257	5	1043	25
257	5	1513	27
257	5	1826	30
258	5	469	25
258	5	730	27
258	5	1043	30
259	5	469	25
259	5	730	27
259	5	1043	30
260	5	469	25
260	5	939	27
260	5	1252	30
262	5	782	25
262	5	1200	27
262	5	1513	30
263	5	730	25
264	5	469	25
264	5	991	27
264	5	1304	30
265	5	469	25
265	5	1982	27
265	5	2295	30
266	5	521	25
266	5	1148	27
266	5	1513	30
267	5	469	25
267	5	782	27
267	5	887	29
268	5	939	25
268	5	1252	27
268	5	1565	30
269	5	469	25
269	5	887	27
269	5	1200	30
270	5	678	25
270	5	1878	27
270	5	2243	30
271	5	521	25
271	5	1148	27
271	5	1461	30
272	5	469	25
272	5	887	27
272	5	1200	30
273	5	2191	25
274	5	1095	25
274	5	1669	27
275	5	1565	25
276	5	2087	25
277	5	678	25
277	5	1982	27
277	5	2295	30
278	5	1461	25
278	5	2191	27
279	5	1095	25
279	5	1722	27
280	5	626	25
280	5	1826	27
280	5	2139	30
282	5	1461	25
282	5	1982	27
283	5	1095	25
283	5	1408	27
283	5	1722	30
284	5	469	25
284	5	730	27
284	5	1043	30
285	5	1043	25
285	5	1356	27
285	5	1669	30
286	5	469	25
286	5	834	27
286	5	991	29
286	5	2139	30
287	5	1095	25
287	5	1774	27
288	5	469	25
288	5	1408	27
288	5	1722	30
289	5	1878	25
291	5	521	25
292	5	1408	25
292	5	1878	27
292	5	2191	30
293	5	469	25
293	5	626	27
293	5	939	30
294	5	469	25
294	5	887	27
294	5	1200	30
295	5	991	25
295	5	1826	27
295	5	2139	30
296	5	469	25
296	5	939	27
296	5	1252	30
297	5	1252	25
298	5	730	25
298	5	1200	27
298	5	1617	30
299	5	469	25
299	5	782	27
300	5	1043	25
300	5	1982	27
300	5	2295	30
301	5	469	25
301	5	730	27
301	5	1043	30
302	5	469	25
302	5	887	27
302	5	1356	30
303	5	469	25
303	5	678	27
303	5	991	30
304	5	469	25
304	5	782	27
304	5	1095	30
306	5	469	25
306	5	678	27
306	5	991	30
307	5	574	25
307	5	2035	27
308	5	574	25
308	5	1774	27
309	5	469	25
309	5	678	27
309	5	991	30
310	5	469	25
310	5	991	27
310	5	1304	30
311	5	782	25
311	5	2191	27
312	5	991	25
312	5	1722	27
312	5	2035	30
313	5	626	25
313	5	1722	27
314	5	1148	25
314	5	2087	27
315	5	521	25
315	5	1095	27
315	5	1408	30
316	5	1982	25
317	5	1148	25
317	5	1513	27
318	5	1408	25
319	5	1722	25
319	5	2243	27
320	5	1200	25
320	5	1513	27
321	5	469	25
321	5	782	27
322	5	469	25
322	5	887	27
322	5	1878	30
323	5	1774	25
323	5	2243	27
324	5	1252	25
324	5	1617	27
324	5	2191	30
325	5	1148	25
325	5	1669	27
325	5	2139	30
326	5	469	25
326	5	782	27
326	5	1095	30
327	5	1043	25
327	5	1356	27
327	5	1669	30
328	5	730	25
328	5	1826	27
328	5	2243	30
329	5	1304	25
329	5	1982	27
330	5	678	25
330	5	1148	27
330	5	1461	30
331	5	469	25
331	5	887	27
331	5	1200	30
332	5	521	25
332	5	1043	27
332	5	1356	30
333	5	469	25
333	5	887	27
333	5	1200	30
334	5	1095	25
334	5	1722	27
335	5	469	25
335	5	626	27
335	5	939	30
336	5	469	25
336	5	991	27
336	5	1304	30
337	5	782	25
337	5	1826	27
337	5	2191	30
338	5	939	25
338	5	2243	27
339	5	469	25
339	5	834	27
339	5	1878	30
340	5	1043	25
340	5	1356	27
340	5	1669	30
341	5	1095	25
341	5	1408	27
341	5	1722	30
342	5	469	25
342	5	782	27
342	5	1095	30
343	5	469	25
343	5	782	27
343	5	887	29
344	5	1878	25
345	5	521	25
345	5	1095	27
345	5	1408	30
346	5	469	25
346	5	1043	27
346	5	1356	30
347	5	574	25
347	5	1252	27
347	5	1565	29
347	5	1617	30
348	5	469	25
348	5	887	27
348	5	1304	30
349	5	469	25
349	5	939	27
349	5	1200	29
349	5	1252	30
350	5	1930	25
351	5	521	25
352	5	521	25
352	5	1252	27
352	5	1565	30
353	5	469	25
353	5	939	27
353	5	1252	30
354	5	469	25
354	5	782	27
354	5	939	29
354	5	1878	30
355	5	469	25
355	5	939	27
356	5	782	25
356	5	1461	27
356	5	1774	30
357	5	521	25
357	5	939	27
357	5	1669	30
358	5	991	25
358	5	1408	27
358	5	1722	30
360	5	626	25
360	5	1982	27
360	5	2295	30
361	5	469	25
361	5	991	27
361	5	1513	30
362	5	1878	25
364	5	469	25
364	5	887	27
364	5	1200	30
365	5	1513	25
366	5	678	25
366	5	1200	27
366	5	1513	30
367	5	469	25
367	5	939	27
367	5	1930	30
368	5	469	25
368	5	782	27
368	5	1095	30
369	5	469	25
369	5	991	27
369	5	1304	30
370	5	730	25
371	5	469	25
371	5	939	27
371	5	1252	30
372	5	730	25
372	5	1356	27
372	5	1669	30
373	5	834	25
374	5	1356	25
374	5	1878	27
374	5	2191	30
375	5	1148	25
375	5	1513	27
376	5	521	25
376	5	1043	27
376	5	1356	30
377	5	1200	25
377	5	1617	27
377	5	1930	30
378	5	991	25
378	5	1408	27
378	5	1774	30
379	5	574	25
379	5	1200	27
379	5	1513	30
380	5	574	25
380	5	1878	27
381	5	574	25
381	5	1774	27
381	5	2087	30
382	5	469	25
382	5	834	27
382	5	1878	30
383	5	1304	25
384	5	469	25
384	5	1095	27
384	5	1408	30
385	5	626	25
385	5	1513	27
386	5	469	25
386	5	1982	27
387	5	469	25
387	5	939	27
387	5	1252	30
388	5	1982	25
388	5	2243	27
389	5	469	25
389	5	782	27
389	5	1774	30
390	5	469	25
390	5	678	27
390	5	991	30
391	5	469	25
391	5	887	27
391	5	1252	30
392	5	887	25
392	5	1826	27
392	5	2139	30
393	5	469	25
393	5	782	27
393	5	1095	30
394	5	574	25
394	5	1304	27
394	5	1722	29
395	5	574	25
396	5	469	25
396	5	782	27
396	5	939	29
396	5	1878	30
397	5	1095	25
397	5	1408	27
397	5	1722	30
398	5	521	25
399	5	469	25
399	5	730	27
399	5	1043	30
400	5	521	25
400	5	991	27
400	5	1722	30
401	5	2087	25
402	5	521	25
402	5	1043	27
402	5	1408	30
403	5	1878	25
403	5	2243	27
404	5	730	25
404	5	1513	27
404	5	1930	30
405	5	1043	25
405	5	1565	27
405	5	2035	29
405	5	2087	30
406	5	469	25
406	5	887	27
406	5	1304	30
407	5	1043	25
407	5	1408	27
407	5	1722	30
409	5	939	25
409	5	2295	27
410	5	887	25
410	5	1930	27
410	5	2243	30
411	5	417	29
411	5	1982	30
412	5	469	25
412	5	887	27
412	5	991	29
412	5	1930	30
413	5	469	25
413	5	782	27
413	5	887	29
413	5	1826	30
414	5	521	25
414	5	1095	27
414	5	1408	30
415	5	469	25
415	5	887	27
415	5	1304	30
416	5	1356	25
416	5	1930	27
416	5	2295	30
417	5	469	25
417	5	1095	27
417	5	1408	30
418	5	469	25
418	5	939	27
418	5	1252	30
419	5	469	25
419	5	834	27
419	5	1200	30
420	5	782	25
420	5	1356	27
420	5	1669	30
421	5	1878	25
421	5	2191	27
422	5	782	25
422	5	2139	27
423	5	991	25
423	5	1252	27
423	5	1565	30
424	5	469	25
424	5	939	27
424	5	1200	29
424	5	1252	30
425	5	521	25
425	5	1669	27
425	5	1982	30
426	5	991	25
426	5	1252	27
426	5	1565	30
427	5	1982	25
427	5	2295	27
428	5	469	25
428	5	887	27
428	5	1200	30
429	5	521	25
429	5	1043	27
429	5	1356	30
430	5	469	25
430	5	834	27
430	5	1461	30
431	5	469	25
431	5	678	29
432	5	469	25
432	5	1043	27
432	5	1356	30
433	5	574	25
433	5	1200	27
433	5	1565	30
434	5	469	25
434	5	782	27
434	5	1095	30
435	5	469	25
435	5	782	27
435	5	1095	30
436	5	469	25
436	5	730	27
436	5	1043	30
437	5	469	25
437	5	834	27
437	5	1826	30
438	5	574	25
438	5	1043	27
438	5	1408	30
439	5	887	25
439	5	1774	27
440	5	626	25
440	5	1200	27
440	5	1930	30
441	5	1669	25
442	5	574	25
442	5	1461	27
442	5	1774	30
443	5	678	25
444	5	1513	25
445	5	469	25
445	5	834	27
445	5	939	29
446	5	678	25
446	5	1878	27
446	5	2191	30
447	5	1513	25
447	5	2035	27
448	5	939	25
449	5	1982	25
450	5	2191	25
451	5	678	25
451	5	1148	27
451	5	1461	30
452	5	469	25
452	5	1200	27
452	5	1513	30
453	5	469	25
453	5	730	27
453	5	1043	30
454	5	1252	25
454	5	2139	27
455	5	1043	25
455	5	1356	27
455	5	1669	30
456	5	1200	25
456	5	1513	27
456	5	1878	30
457	5	626	25
457	5	1200	27
457	5	1722	30
458	5	1669	25
459	5	887	25
459	5	2087	27
460	5	469	25
460	5	887	27
460	5	1200	30
461	5	469	25
461	5	834	27
461	5	1095	29
461	5	1148	30
462	5	521	25
462	5	1252	27
462	5	1774	30
463	5	521	25
463	5	1043	27
463	5	1356	30
464	5	782	25
464	5	1200	27
464	5	1617	30
465	5	469	25
465	5	887	27
465	5	1200	30
466	5	469	25
466	5	782	27
466	5	1095	30
467	5	469	25
467	5	887	27
467	5	1200	30
468	5	469	25
468	5	887	27
468	5	1200	30
469	5	469	25
469	5	678	27
469	5	991	30
470	5	1513	25
470	5	2191	27
471	5	1043	25
471	5	1826	27
471	5	2139	30
472	5	469	25
472	5	939	27
472	5	1252	30
473	5	626	25
473	5	1252	27
473	5	1565	30
474	5	469	25
474	5	782	27
474	5	1148	30
475	5	834	25
475	5	1826	27
475	5	2139	30
476	5	1252	25
477	5	887	25
478	5	574	25
478	5	1826	27
480	5	626	25
481	5	521	25
481	5	991	27
481	5	1252	29
481	5	1304	30
482	5	521	25
482	5	1408	27
482	5	2035	30
483	5	1617	25
484	5	1930	25
484	5	2243	27
485	5	1095	25
485	5	1878	27
485	5	2191	30
486	5	1148	25
486	5	1617	27
486	5	1930	30
487	5	469	25
487	5	782	27
487	5	991	29
488	5	1148	25
488	5	1461	27
489	5	469	25
489	5	730	27
489	5	1043	30
490	5	730	25
490	5	1095	27
490	5	1408	30
491	5	574	25
491	5	1356	27
491	5	1774	30
492	5	939	25
492	5	1304	27
492	5	1617	30
493	5	626	25
494	5	469	25
494	5	939	27
494	5	1252	30
495	5	730	25
495	5	1148	27
495	5	1461	30
496	5	626	25
496	5	1200	27
496	5	1356	29
497	5	469	25
497	5	834	27
498	5	521	25
498	5	1252	27
498	5	1774	30
499	5	521	25
499	5	1930	27
500	5	469	25
500	5	782	27
500	5	991	29
500	5	1930	30
501	5	1200	25
501	5	1774	27
501	5	2087	30
502	5	678	25
502	5	1304	27
502	5	1617	30
503	5	469	25
503	5	782	27
503	5	1043	29
503	5	1095	30
505	5	1200	25
505	5	1722	27
505	5	2139	30
506	5	991	25
506	5	1408	27
507	5	1565	25
508	5	469	25
508	5	782	27
508	5	1095	30
510	5	1878	25
510	5	2191	27
512	5	834	25
512	5	1200	27
512	5	1513	30
513	5	887	25
513	5	1408	27
513	5	1722	30
514	5	469	25
514	5	887	27
514	5	1461	30
515	5	469	25
515	5	678	27
515	5	991	30
516	5	1252	25
516	5	1669	27
516	5	2035	30
517	5	1200	25
517	5	1461	27
517	5	1930	30
518	5	887	25
518	5	1304	27
518	5	1617	30
519	5	469	25
519	5	939	27
519	5	1252	30
520	5	521	25
520	5	1878	27
520	5	2191	30
521	5	469	25
521	5	834	27
521	5	1148	30
522	5	678	25
522	5	1252	27
522	5	1565	30
523	5	469	25
523	5	834	27
523	5	1252	30
524	5	1982	25
525	5	521	25
525	5	1043	27
525	5	1356	30
526	5	1826	25
526	5	2087	27
527	5	469	25
527	5	782	27
527	5	991	29
528	5	469	25
528	5	678	27
528	5	991	30
529	5	469	25
529	5	887	27
529	5	1148	29
529	5	1200	30
530	5	1148	25
530	5	1565	27
530	5	1722	29
531	5	991	25
531	5	1252	27
531	5	1565	30
532	5	834	25
532	5	1408	27
532	5	1722	30
533	5	1930	25
533	5	2295	27
534	5	469	25
534	5	834	27
534	5	1148	30
535	5	1513	25
536	5	1252	25
536	5	1878	27
536	5	2191	30
537	5	521	25
537	5	1148	27
537	5	1461	30
538	5	469	25
538	5	782	27
538	5	1095	30
539	5	469	25
539	5	678	27
539	5	991	30
540	5	1878	25
541	5	469	25
541	5	887	27
541	5	1826	30
542	5	834	25
542	5	1408	27
543	5	1043	25
543	5	1252	27
543	5	1617	30
544	5	521	25
544	5	1043	27
544	5	1356	30
545	5	730	25
546	5	1095	25
546	5	1513	27
546	5	1826	30
547	5	521	25
547	5	991	27
547	5	1304	30
548	5	1252	25
549	5	1200	25
549	5	1513	27
550	5	469	25
550	5	834	27
550	5	1148	30
551	5	469	25
551	5	834	27
551	5	1148	30
552	5	1252	25
552	5	1774	27
553	5	678	25
553	5	1408	27
553	5	1722	30
554	5	469	25
554	5	626	27
554	5	939	30
555	5	469	25
555	5	782	27
555	5	1095	30
556	5	730	25
556	5	1252	27
556	5	1565	30
557	5	1565	25
558	5	417	29
559	5	939	25
559	5	1356	27
559	5	1565	29
560	5	1304	25
561	5	730	25
561	5	1722	27
562	5	939	25
562	5	1200	27
562	5	1565	30
563	5	626	25
563	5	1148	27
563	5	1461	30
564	5	1252	25
564	5	1774	27
564	5	2139	30
565	5	469	25
565	5	887	27
565	5	1200	30
566	5	469	25
566	5	939	27
566	5	1252	30
567	5	678	25
567	5	1408	27
568	5	469	25
568	5	782	27
568	5	939	29
569	5	834	25
569	5	1356	27
569	5	1669	30
570	5	1200	25
570	5	1565	27
571	5	469	25
571	5	730	27
571	5	1043	30
572	5	1356	25
572	5	1826	27
573	5	2295	25
574	5	521	25
575	5	469	25
575	5	730	27
575	5	939	29
575	5	1878	30
576	5	1043	25
576	5	1461	27
576	5	1774	30
577	5	469	25
577	5	834	27
577	5	1148	30
578	5	939	25
578	5	1513	27
578	5	2087	30
579	5	730	25
580	5	1930	25
581	5	991	25
581	5	1304	27
581	5	1617	30
582	5	678	25
582	5	1461	27
582	5	1826	30
583	5	469	25
583	5	678	27
583	5	991	30
584	5	469	25
584	5	834	27
584	5	1878	30
585	5	469	25
585	5	782	27
585	5	991	29
585	5	1930	30
586	5	678	25
586	5	1200	27
586	5	1513	30
587	5	469	25
587	5	782	27
587	5	1095	30
588	5	469	25
588	5	939	27
588	5	1461	30
589	5	521	25
589	5	1043	27
589	5	1356	30
590	5	469	25
590	5	782	27
590	5	1304	30
591	5	1408	25
591	5	1982	27
593	5	626	25
593	5	1930	27
594	5	730	25
594	5	1565	27
594	5	1930	30
595	5	469	25
595	5	887	27
595	5	1200	30
596	5	626	25
596	5	1095	27
596	5	1461	30
597	5	626	25
597	5	1826	27
598	5	469	25
598	5	730	27
598	5	1043	30
599	5	469	25
599	5	730	27
599	5	887	29
600	5	1565	25
600	5	2035	27
601	5	469	25
601	5	1043	27
601	5	1356	30
602	5	1148	25
603	5	678	25
604	5	730	25
604	5	1356	27
604	5	1669	30
605	5	991	25
605	5	1565	27
605	5	2035	30
606	5	574	25
606	5	1043	27
606	5	1408	30
607	5	469	25
607	5	991	27
607	5	1304	30
608	5	469	25
608	5	1095	27
608	5	1408	30
610	5	2139	25
611	5	626	25
611	5	1356	27
611	5	1774	30
612	5	1043	25
612	5	1461	27
612	5	1774	30
613	5	1200	25
614	5	1095	25
614	5	1408	27
614	5	1722	30
615	5	782	25
615	5	1565	27
615	5	2139	30
616	5	991	25
616	5	1408	27
616	5	1722	30
617	5	1826	25
617	5	2191	27
618	5	1930	25
619	5	887	25
619	5	1826	27
620	5	469	25
620	5	887	27
620	5	1200	30
621	5	939	25
621	5	1200	27
621	5	1513	30
622	5	469	25
622	5	834	27
622	5	939	29
623	5	1043	25
623	5	1774	27
623	5	2243	30
624	5	469	25
624	5	887	27
624	5	2191	30
625	5	1043	25
625	5	1304	27
625	5	1617	30
626	5	469	25
626	5	1043	27
626	5	1356	30
627	5	521	25
627	5	939	27
627	5	1408	30
628	5	574	25
628	5	1095	27
628	5	1513	30
629	5	782	25
629	5	1878	27
629	5	2191	30
630	5	730	25
630	5	1461	27
630	5	1774	30
631	5	574	25
631	5	1200	27
631	5	1513	30
632	5	469	25
632	5	678	27
632	5	991	30
633	5	1461	25
633	5	1982	27
634	5	1095	25
634	5	1513	27
634	5	1826	30
635	5	1304	25
635	5	2191	27
636	5	2139	25
637	5	1148	25
638	5	1774	25
638	5	2087	27
639	5	469	25
639	5	834	27
639	5	1148	30
640	5	678	25
640	5	2243	27
641	5	521	25
642	5	1095	25
642	5	1513	27
643	5	2191	25
644	5	469	25
644	5	1930	27
644	5	2243	30
645	5	678	25
645	5	1200	27
645	5	1513	30
646	5	469	25
646	5	887	27
646	5	1200	30
647	5	1408	25
648	5	730	25
648	5	1252	27
648	5	1617	30
649	5	469	25
649	5	887	27
649	5	1356	30
650	5	1408	25
650	5	1930	27
650	5	2139	29
651	5	521	25
651	5	2243	27
652	5	521	25
652	5	1200	27
652	5	1513	30
653	5	521	25
653	5	1043	27
653	5	1461	30
654	5	782	25
654	5	1826	27
654	5	2295	30
655	5	678	25
655	5	1304	27
655	5	1617	30
656	5	574	25
656	5	1148	27
656	5	1513	30
657	5	469	25
657	5	939	27
658	5	469	25
658	5	991	27
658	5	1304	30
659	5	1043	25
659	5	1408	27
659	5	1722	30
660	5	782	25
660	5	2191	27
661	5	469	25
661	5	939	27
661	5	1252	30
662	5	626	25
662	5	1148	27
662	5	1461	30
663	5	991	25
663	5	1513	27
664	5	469	25
664	5	939	27
664	5	1252	30
665	5	469	25
665	5	887	27
665	5	1200	30
666	5	469	25
666	5	730	27
666	5	1408	29
667	5	469	25
667	5	730	27
667	5	1565	29
668	5	887	25
668	5	1356	27
668	5	1774	29
668	5	1826	30
669	5	730	25
669	5	1408	27
669	5	1722	30
670	5	782	25
670	5	1252	27
670	5	1722	30
671	5	1252	25
672	5	834	25
672	5	1461	27
672	5	2035	30
673	5	678	25
673	5	1565	27
673	5	1982	30
674	5	678	25
674	5	1200	27
674	5	1513	30
675	5	991	25
675	5	1200	27
675	5	1513	30
676	5	469	25
676	5	887	27
676	5	1200	30
677	5	782	25
677	5	1200	27
677	5	1513	30
678	5	469	25
678	5	939	27
678	5	1565	30
679	5	1095	25
680	5	991	25
680	5	1252	27
680	5	1565	30
681	5	887	25
682	5	521	25
682	5	1252	27
682	5	1565	30
683	5	1095	25
684	5	991	25
684	5	1200	27
684	5	1513	30
685	5	521	25
685	5	1930	27
685	5	2243	30
686	5	469	25
686	5	1095	27
686	5	1408	30
687	5	1304	25
687	5	2087	27
688	5	1095	25
688	5	1617	27
688	5	2035	30
689	5	1095	25
689	5	1565	27
689	5	2035	30
690	5	574	25
690	5	2243	27
691	5	469	25
691	5	834	27
691	5	1200	30
692	5	521	25
692	5	1095	27
692	5	1408	30
693	5	574	25
693	5	1043	27
693	5	1356	30
694	5	469	25
694	5	1200	27
694	5	1513	30
695	5	469	25
695	5	678	27
695	5	834	29
696	5	834	25
696	5	1669	27
697	5	469	25
697	5	939	27
697	5	1252	30
698	5	1356	25
698	5	1774	27
698	5	2139	30
699	5	574	25
699	5	1252	27
699	5	1565	30
700	5	521	25
700	5	2139	27
701	5	834	25
701	5	1252	27
701	5	1565	30
702	5	574	25
703	5	469	25
703	5	782	27
703	5	1200	30
704	5	1878	25
705	5	887	25
705	5	1408	27
705	5	1826	30
706	5	469	25
706	5	782	27
706	5	1095	30
707	5	469	25
707	5	1408	27
707	5	1722	30
708	5	1043	25
708	5	1408	27
708	5	1722	30
709	5	469	25
709	5	991	27
709	5	1304	30
710	5	469	25
710	5	939	27
710	5	1252	30
711	5	991	25
711	5	1408	27
711	5	1722	30
712	5	730	25
712	5	1356	27
712	5	1669	30
714	5	469	25
714	5	834	27
714	5	1148	30
715	5	730	25
715	5	1461	27
715	5	1774	30
716	5	469	25
716	5	730	27
716	5	1043	30
717	5	991	25
717	5	1304	27
717	5	1617	30
718	5	469	25
718	5	887	27
718	5	1200	30
719	5	782	25
720	5	1878	25
721	5	626	25
721	5	1200	27
721	5	1513	30
722	5	469	25
722	5	834	27
722	5	1148	30
723	5	626	25
723	5	1826	27
724	5	626	25
724	5	2139	27
725	5	469	25
725	5	887	27
725	5	1304	30
726	5	574	25
726	5	1095	27
726	5	1408	30
727	5	1148	25
728	5	1774	25
728	5	2087	27
729	5	469	25
729	5	887	27
729	5	2087	30
730	5	626	25
730	5	1200	27
730	5	1617	30
731	5	469	25
731	5	730	27
731	5	887	29
732	5	469	25
732	5	1461	27
732	5	2035	30
733	5	469	25
733	5	834	27
733	5	1200	30
734	5	469	25
734	5	782	27
734	5	1095	30
735	5	1878	25
735	5	2243	27
736	5	991	25
736	5	1617	27
737	5	469	25
737	5	991	27
737	5	1304	30
738	5	469	25
738	5	939	27
738	5	1252	30
739	5	1043	25
739	5	1461	27
739	5	1774	30
741	5	521	25
741	5	1356	27
742	5	469	25
742	5	730	27
742	5	991	29
742	5	1043	30
743	5	469	25
743	5	887	27
743	5	1200	30
744	5	1095	25
744	5	1408	27
744	5	1722	30
745	5	939	25
745	5	1982	27
746	5	1200	25
746	5	1617	27
747	5	626	25
747	5	1304	27
748	5	1930	25
749	5	1252	25
749	5	2087	27
750	5	521	25
750	5	1930	27
750	5	2243	30
751	5	1148	25
752	5	782	25
752	5	1356	27
752	5	1669	30
753	5	469	25
753	5	834	27
753	5	1148	30
754	5	469	25
754	5	887	27
754	5	1200	30
755	5	469	25
755	5	782	27
755	5	1461	30
756	5	469	25
756	5	834	27
756	5	1148	30
757	5	1461	25
757	5	1930	27
757	5	2243	30
758	5	469	25
758	5	782	27
758	5	1095	30
759	5	1200	25
760	5	574	25
760	5	2087	27
761	5	678	25
761	5	1617	27
761	5	1930	30
762	5	521	25
762	5	1095	27
762	5	1461	30
763	5	1095	25
763	5	1461	27
763	5	1774	30
764	5	574	25
765	5	469	25
765	5	887	27
765	5	1200	30
766	5	469	25
766	5	1982	27
766	5	2295	30
767	5	1043	25
767	5	1304	27
767	5	1826	30
768	5	1356	25
768	5	2035	27
769	5	730	25
770	5	1878	25
771	5	1043	25
771	5	1461	27
771	5	1722	29
771	5	1774	30
772	5	782	25
772	5	1982	27
772	5	2295	30
773	5	1356	25
773	5	1826	27
774	5	469	25
774	5	782	27
774	5	1095	30
775	5	1095	25
775	5	2191	27
776	5	469	25
776	5	782	27
776	5	991	29
776	5	2139	30
777	5	1930	25
778	5	469	25
778	5	939	27
778	5	1826	30
779	5	1878	25
779	5	2191	27
780	5	521	25
780	5	1930	27
780	5	2243	30
781	5	521	25
781	5	1043	27
781	5	1356	30
782	5	574	25
782	5	1826	27
782	5	2139	30
783	5	1356	25
783	5	1982	27
784	5	469	25
784	5	834	27
784	5	1826	30
785	5	521	25
785	5	1878	27
785	5	2191	30
786	5	678	25
787	5	1252	25
787	5	1774	27
787	5	2087	30
788	5	469	25
788	5	991	27
788	5	1304	30
789	5	1043	25
789	5	1356	27
789	5	1669	30
790	5	782	25
790	5	1461	27
790	5	1826	30
791	5	1252	25
791	5	1930	27
792	5	469	25
792	5	2139	27
793	5	469	25
793	5	730	27
793	5	1043	30
794	5	469	25
794	5	782	27
794	5	1930	30
795	5	1565	25
795	5	1982	27
795	5	2295	30
796	5	1252	25
796	5	1826	27
797	5	469	25
797	5	887	27
797	5	1200	30
798	5	939	25
798	5	1617	27
798	5	1930	30
800	5	1148	25
800	5	1669	27
801	5	1252	25
801	5	1774	27
801	5	2087	30
802	5	521	25
802	5	1095	27
802	5	1461	30
803	5	521	25
803	5	1095	27
803	5	1408	30
804	5	521	25
804	5	1408	27
804	5	1826	30
805	5	2295	25
806	5	1304	25
806	5	1774	27
807	5	469	25
807	5	730	27
807	5	1043	30
808	5	1930	25
809	5	1669	25
809	5	2035	27
810	5	469	25
810	5	730	27
810	5	1043	30
811	5	469	25
811	5	730	27
811	5	1043	30
812	5	417	29
812	5	2243	30
813	5	574	25
813	5	1408	27
814	5	574	25
815	5	417	29
816	5	991	25
816	5	1461	27
816	5	1774	30
817	5	2035	25
818	5	574	25
818	5	1252	27
818	5	1565	30
819	5	1356	25
819	5	1826	27
820	5	574	25
820	5	1878	27
820	5	2295	30
821	5	1095	25
821	5	1461	27
821	5	1774	30
822	5	469	25
822	5	782	27
822	5	1095	30
823	5	469	25
823	5	730	27
823	5	991	29
823	5	1043	30
824	5	991	25
824	5	1252	27
824	5	1565	30
825	5	939	25
825	5	1356	27
825	5	1669	30
826	5	834	25
826	5	1304	27
826	5	1617	30
827	5	730	25
827	5	2139	27
828	5	1200	25
828	5	1565	27
828	5	1878	30
829	5	1878	25
829	5	2191	27
830	5	991	25
830	5	1617	27
831	5	469	25
831	5	991	27
831	5	1304	30
832	5	469	25
832	5	939	27
832	5	1252	30
833	5	1095	25
833	5	1513	27
834	5	469	25
834	5	939	27
834	5	1252	30
835	5	574	25
835	5	1461	27
835	5	1982	30
836	5	1982	25
836	5	2295	27
837	5	1095	25
837	5	1565	27
837	5	2035	30
838	5	417	29
838	5	2243	25
839	5	1252	25
839	5	1722	27
839	5	2035	30
840	5	417	29
840	5	1043	30
841	5	469	25
841	5	2035	27
842	5	678	25
842	5	1200	27
842	5	1565	30
843	5	469	25
843	5	730	27
843	5	1043	30
844	5	1095	25
844	5	1930	27
845	5	1148	25
845	5	1513	27
846	5	1304	25
846	5	1722	27
847	5	1095	25
847	5	1513	27
847	5	1826	30
848	5	469	25
848	5	730	27
848	5	991	29
848	5	1043	30
849	5	1826	25
850	5	469	25
850	5	887	27
850	5	1200	30
851	5	2191	25
852	5	834	25
853	5	1252	25
853	5	1878	27
853	5	2191	30
854	5	991	25
854	5	1252	27
854	5	1565	30
855	5	521	25
855	5	1878	27
855	5	2191	30
856	5	574	25
856	5	1774	27
857	5	1200	25
857	5	1982	27
858	5	626	25
858	5	1252	27
858	5	1565	30
859	5	678	25
860	5	1513	25
861	5	469	25
861	5	834	27
862	5	1461	25
862	5	1930	27
862	5	2295	30
863	5	469	25
863	5	887	27
863	5	1200	30
864	5	469	25
864	5	834	27
864	5	1043	29
864	5	2087	30
865	5	469	25
865	5	939	27
865	5	1252	30
866	5	469	25
866	5	782	27
866	5	1095	30
867	5	626	25
867	5	1356	27
867	5	2191	30
868	5	469	25
868	5	1148	27
868	5	1461	30
869	5	939	25
869	5	1200	27
869	5	1513	30
870	5	1043	25
870	5	1356	27
870	5	1722	30
871	5	1043	25
871	5	1408	27
871	5	1722	30
873	5	469	25
873	5	834	27
873	5	1148	30
875	5	521	25
875	5	991	27
875	5	1408	30
876	5	469	25
876	5	939	27
876	5	1252	30
877	5	469	25
877	5	782	27
877	5	1095	30
878	5	1095	25
878	5	1461	27
878	5	1930	30
879	5	574	25
879	5	1669	27
879	5	2035	30
880	5	469	25
880	5	730	27
880	5	1043	30
881	5	834	25
882	5	1148	25
882	5	1461	27
882	5	1722	29
883	5	1617	25
883	5	2139	27
884	5	469	25
884	5	887	27
884	5	1878	30
885	5	469	25
885	5	887	27
885	5	1148	29
885	5	1200	30
886	5	834	25
886	5	1826	27
886	5	2139	30
887	5	521	25
887	5	1304	27
887	5	1669	30
888	5	939	25
889	5	1252	25
889	5	1878	27
889	5	2243	30
890	5	1200	25
890	5	1513	27
890	5	1826	30
891	5	469	25
891	5	887	27
891	5	1722	30
892	5	1408	25
892	5	1878	27
892	5	2191	30
893	5	469	25
893	5	2087	27
894	5	521	25
894	5	1565	27
894	5	2035	30
895	5	521	25
895	5	1408	27
895	5	1878	30
896	5	469	25
896	5	887	27
897	5	469	25
897	5	939	27
897	5	1252	30
898	5	469	25
898	5	887	27
898	5	1200	30
899	5	469	25
899	5	939	27
899	5	1252	30
900	5	887	25
900	5	1617	27
900	5	1930	30
901	5	469	25
901	5	782	27
901	5	1095	30
902	5	782	25
902	5	1148	27
902	5	1461	30
903	5	469	25
903	5	991	27
903	5	1304	30
905	5	1043	25
905	5	1774	27
905	5	2139	30
906	5	469	25
906	5	730	27
907	5	1878	25
908	5	469	25
908	5	887	27
908	5	1252	30
909	5	1826	25
909	5	2243	27
910	5	1043	25
910	5	1513	27
910	5	1826	30
911	5	834	25
912	5	469	25
913	5	1200	25
913	5	1565	27
913	5	1878	30
914	5	678	25
914	5	1148	27
914	5	1461	30
915	5	1148	25
915	5	1565	27
916	5	469	25
916	5	939	27
916	5	1252	30
917	5	574	25
917	5	1826	27
917	5	2139	30
918	5	1095	25
918	5	1461	27
918	5	1774	30
919	5	1200	25
919	5	2035	27
920	5	678	25
920	5	1617	27
920	5	2191	30
921	5	678	25
922	5	574	25
922	5	1669	27
922	5	1930	29
922	5	1982	30
923	5	1095	25
923	5	1774	27
924	5	469	25
924	5	887	27
924	5	1200	30
925	5	469	25
925	5	991	27
925	5	1304	30
926	5	521	25
926	5	991	27
926	5	1304	30
927	5	782	25
927	5	1356	27
927	5	1669	30
929	5	469	25
929	5	991	27
929	5	1356	30
930	5	2295	25
931	5	469	25
931	5	782	27
931	5	1095	30
932	5	1043	25
932	5	1461	27
932	5	1826	30
933	5	1148	25
933	5	1461	27
933	5	1774	30
934	5	939	25
934	5	1461	27
934	5	1774	30
935	5	469	25
935	5	939	27
935	5	1513	30
936	5	678	25
936	5	1774	27
936	5	2087	30
937	5	782	25
937	5	1982	27
937	5	2295	30
938	5	939	25
938	5	1408	27
938	5	1722	30
939	5	1095	25
939	5	1722	27
940	5	574	25
940	5	1095	27
940	5	1408	30
941	5	469	25
941	5	834	27
941	5	1148	30
942	5	469	25
942	5	730	27
942	5	887	29
942	5	2191	30
943	5	678	25
944	5	626	25
944	5	1513	27
944	5	1826	30
945	5	1356	25
946	5	678	25
946	5	1304	27
946	5	1722	30
947	5	469	25
947	5	991	27
947	5	1200	29
947	5	1878	30
948	5	469	25
948	5	834	27
948	5	1148	30
949	5	417	29
949	5	1826	30
950	5	469	25
950	5	730	27
950	5	1043	30
951	5	2087	25
952	5	1982	25
953	5	469	25
953	5	887	27
953	5	1200	30
954	5	469	25
954	5	730	27
954	5	1043	30
956	5	678	25
957	5	1356	25
958	5	1043	25
958	5	2191	27
959	5	2243	25
960	5	574	25
960	5	1043	27
960	5	1461	29
960	5	1513	30
961	5	521	25
961	5	939	27
961	5	1461	30
962	5	1878	25
962	5	2243	27
963	5	469	25
963	5	939	27
963	5	1252	30
964	5	469	25
964	5	887	27
964	5	1200	30
965	5	834	25
965	5	1200	27
965	5	1617	30
966	5	469	25
966	5	730	27
966	5	1408	30
967	5	1200	25
968	5	521	25
968	5	1408	27
968	5	1878	30
969	5	574	25
969	5	1148	27
969	5	1461	30
971	5	469	25
971	5	887	27
971	5	1304	30
972	5	469	25
972	5	626	27
972	5	939	30
973	5	574	25
974	5	521	25
974	5	939	27
975	5	1148	25
975	5	2035	27
976	5	521	25
976	5	991	27
976	5	1304	30
977	5	1669	25
978	5	469	25
978	5	887	27
978	5	1200	30
979	5	1200	25
979	5	1565	27
979	5	1878	30
980	5	1669	25
980	5	2191	27
981	5	887	25
981	5	1200	27
981	5	1513	30
982	5	469	25
982	5	1304	27
982	5	1617	30
983	5	469	25
983	5	887	27
983	5	1200	30
984	5	939	25
984	5	1356	27
984	5	1669	30
985	5	1043	25
985	5	1356	27
985	5	1669	30
986	5	2139	25
987	5	1043	25
987	5	1826	27
988	5	521	25
988	5	1774	27
988	5	2087	30
989	5	469	25
989	5	782	27
989	5	1930	30
990	5	1669	25
990	5	2035	27
992	5	1669	25
993	5	782	25
994	5	1878	25
995	5	469	25
995	5	730	27
995	5	939	29
996	5	1095	25
996	5	1722	27
997	5	2243	25
998	5	521	25
998	5	1043	27
998	5	1356	30
999	5	1304	25
999	5	1826	27
