Realization	utility	week	infra.
0	0	626	29
1	0	626	29
2	0	782	29
3	0	1200	29
4	0	782	29
4	0	2191	30
5	0	626	29
6	0	1095	29
7	0	1304	29
8	0	991	29
10	0	678	29
12	0	2243	29
13	0	1826	29
14	0	626	29
15	0	678	29
16	0	991	29
17	0	730	29
18	0	887	29
19	0	2087	29
20	0	991	29
21	0	626	29
22	0	1148	29
23	0	678	29
24	0	678	29
25	0	1565	29
26	0	1200	29
27	0	626	29
28	0	1095	29
29	0	1356	29
30	0	1461	29
31	0	782	29
32	0	1304	29
33	0	730	29
34	0	1095	29
35	0	730	29
36	0	730	29
37	0	1774	29
38	0	887	29
39	0	834	29
40	0	574	29
41	0	1252	29
42	0	1043	29
43	0	678	29
45	0	991	29
46	0	939	29
47	0	1304	29
49	0	678	29
51	0	1878	29
52	0	2243	29
53	0	782	29
53	0	2295	30
55	0	834	29
56	0	2087	29
57	0	521	29
58	0	782	29
59	0	782	29
60	0	2243	29
61	0	782	29
62	0	939	29
63	0	834	29
64	0	2087	29
65	0	626	29
66	0	1304	29
67	0	1043	29
68	0	1669	29
69	0	1095	29
71	0	1148	29
73	0	2139	29
74	0	1826	29
75	0	887	29
76	0	1565	29
77	0	1982	29
79	0	1356	29
80	0	730	29
81	0	887	29
82	0	1565	29
83	0	1304	29
84	0	834	29
86	0	1722	29
87	0	834	29
88	0	991	29
89	0	1043	29
90	0	1461	29
91	0	939	29
92	0	678	29
93	0	1565	29
94	0	2139	29
95	0	1774	29
96	0	1148	29
97	0	1461	29
98	0	1669	29
99	0	1669	29
100	0	2035	29
101	0	887	29
102	0	991	29
103	0	1408	29
104	0	626	29
106	0	991	29
107	0	574	29
108	0	834	29
109	0	1565	29
110	0	730	29
111	0	887	29
112	0	834	29
113	0	678	29
114	0	1408	29
115	0	1513	29
116	0	1669	29
117	0	1722	29
118	0	1356	29
119	0	1513	29
120	0	1356	29
122	0	730	29
123	0	2139	29
124	0	678	29
125	0	782	29
126	0	626	29
127	0	782	29
128	0	574	29
129	0	1304	29
130	0	782	29
131	0	887	29
132	0	574	29
133	0	1095	29
134	0	1304	29
135	0	678	29
136	0	678	29
137	0	1095	29
138	0	626	29
139	0	782	29
139	0	2035	30
140	0	2191	29
141	0	782	29
142	0	1617	29
143	0	1304	29
145	0	1252	29
146	0	730	29
147	0	939	29
148	0	1774	29
149	0	782	29
150	0	887	29
151	0	1513	29
152	0	782	29
153	0	1408	29
154	0	939	29
155	0	574	29
156	0	730	29
158	0	626	29
159	0	626	29
160	0	1095	29
161	0	2191	29
162	0	1200	29
163	0	1982	29
164	0	834	29
165	0	991	29
166	0	2035	29
167	0	1878	29
169	0	626	29
170	0	626	29
171	0	1826	29
172	0	1252	29
173	0	1722	29
174	0	1148	29
175	0	887	29
176	0	678	29
179	0	730	29
181	0	678	29
182	0	887	29
183	0	730	29
185	0	834	29
187	0	1252	29
188	0	1826	29
189	0	1043	29
190	0	1252	29
191	0	730	29
192	0	939	29
193	0	991	29
194	0	2243	29
196	0	574	29
196	0	1982	30
198	0	939	29
199	0	678	29
200	0	1200	29
201	0	1878	29
202	0	1095	29
203	0	991	29
204	0	834	29
205	0	1461	29
206	0	678	29
206	0	1930	30
207	0	626	29
208	0	574	29
210	0	782	29
211	0	1982	29
212	0	1408	29
213	0	1930	29
214	0	2087	29
215	0	1356	29
216	0	2243	29
217	0	1200	29
218	0	991	29
220	0	1826	29
221	0	1095	29
222	0	2035	29
223	0	1982	29
224	0	1252	29
225	0	834	29
226	0	730	29
227	0	1252	29
228	0	678	29
229	0	1043	29
230	0	626	29
231	0	626	29
232	0	782	29
233	0	1408	29
235	0	1930	29
236	0	1878	29
239	0	1408	29
240	0	730	29
241	0	1043	29
242	0	991	29
243	0	626	29
244	0	730	29
245	0	1461	29
248	0	782	29
249	0	626	29
250	0	626	29
251	0	887	29
252	0	2087	29
253	0	1722	29
255	0	1408	29
256	0	1095	29
257	0	1304	29
258	0	678	29
259	0	730	29
260	0	730	29
262	0	1200	29
264	0	939	29
265	0	678	29
266	0	1095	29
267	0	626	29
268	0	1043	29
269	0	678	29
270	0	991	29
271	0	782	29
272	0	626	29
272	0	2035	30
274	0	1513	29
275	0	2191	29
277	0	1982	29
278	0	2035	29
279	0	1304	29
280	0	1774	29
282	0	1982	29
283	0	1304	29
284	0	678	29
285	0	1304	29
286	0	521	29
287	0	1461	29
288	0	939	29
291	0	1043	29
292	0	1878	29
293	0	574	29
294	0	834	29
295	0	1356	29
296	0	678	29
297	0	2139	29
298	0	1148	29
299	0	782	29
300	0	1774	29
301	0	574	29
302	0	626	29
303	0	678	29
304	0	678	29
306	0	574	29
307	0	1826	29
308	0	1513	29
309	0	678	29
309	0	2243	30
310	0	782	29
310	0	2295	30
311	0	1722	29
312	0	1513	29
313	0	1722	29
314	0	1669	29
315	0	1043	29
317	0	1356	29
318	0	1878	29
319	0	1826	29
320	0	1408	29
321	0	782	29
322	0	521	29
323	0	1878	29
324	0	1356	29
325	0	1304	29
326	0	626	29
327	0	1095	29
328	0	1826	29
329	0	1930	29
330	0	1148	29
331	0	730	29
332	0	834	29
333	0	730	29
334	0	1513	29
335	0	626	29
336	0	678	29
337	0	1565	29
338	0	2087	29
339	0	782	29
340	0	1304	29
341	0	1356	29
342	0	574	29
343	0	626	29
344	0	2295	29
345	0	939	29
346	0	991	29
347	0	730	29
348	0	626	29
349	0	834	29
351	0	887	29
352	0	1252	29
353	0	834	29
354	0	574	29
355	0	782	29
356	0	1148	29
357	0	887	29
358	0	1148	29
360	0	887	29
361	0	939	29
362	0	2295	29
364	0	678	29
365	0	2295	29
366	0	1148	29
367	0	887	29
368	0	574	29
369	0	991	29
371	0	939	29
372	0	1252	29
374	0	1878	29
375	0	1408	29
376	0	939	29
377	0	1513	29
378	0	1408	29
379	0	730	29
380	0	1826	29
381	0	1252	29
382	0	626	29
383	0	1408	29
384	0	834	29
385	0	1513	29
386	0	678	29
387	0	782	29
388	0	2243	29
389	0	782	29
390	0	626	29
391	0	626	29
392	0	1826	29
393	0	521	29
394	0	1095	29
396	0	782	29
397	0	1148	29
398	0	1982	29
399	0	730	29
400	0	939	29
401	0	2295	29
402	0	1043	29
403	0	2191	29
404	0	1095	29
405	0	1513	29
406	0	834	29
407	0	1252	29
409	0	1617	29
410	0	1722	29
411	0	834	29
412	0	782	29
412	0	2035	30
413	0	730	29
413	0	2243	30
414	0	887	29
415	0	834	29
416	0	1930	29
417	0	678	29
418	0	939	29
419	0	626	29
420	0	1200	29
421	0	2087	29
422	0	1982	29
423	0	1148	29
424	0	887	29
424	0	2191	30
425	0	1669	29
426	0	1200	29
427	0	2243	29
428	0	678	29
429	0	939	29
430	0	782	29
431	0	626	29
432	0	887	29
433	0	1200	29
434	0	782	29
434	0	2243	30
435	0	730	29
436	0	678	29
437	0	730	29
438	0	1043	29
439	0	1565	29
440	0	1200	29
442	0	1095	29
445	0	834	29
446	0	1774	29
447	0	1774	29
449	0	2295	29
451	0	1095	29
452	0	834	29
453	0	730	29
454	0	1722	29
455	0	1043	29
456	0	1461	29
457	0	1148	29
459	0	1930	29
460	0	626	29
461	0	730	29
462	0	1200	29
463	0	1043	29
464	0	1148	29
465	0	626	29
466	0	782	29
467	0	626	29
468	0	574	29
469	0	678	29
470	0	2191	29
471	0	1774	29
472	0	834	29
473	0	1043	29
474	0	730	29
475	0	1826	29
476	0	2243	29
478	0	1617	29
480	0	2035	29
481	0	782	29
482	0	782	29
484	0	2243	29
485	0	1565	29
486	0	1513	29
487	0	730	29
488	0	1461	29
489	0	730	29
490	0	1095	29
491	0	730	29
492	0	1148	29
494	0	887	29
495	0	1148	29
496	0	1043	29
497	0	626	29
498	0	782	29
499	0	1513	29
500	0	626	29
501	0	1408	29
502	0	1095	29
503	0	574	29
503	0	2035	30
505	0	1722	29
506	0	1304	29
507	0	2139	29
508	0	782	29
508	0	2295	30
510	0	2087	29
512	0	1095	29
513	0	1095	29
514	0	887	29
515	0	626	29
516	0	1461	29
517	0	1408	29
518	0	1252	29
519	0	782	29
520	0	1304	29
521	0	782	29
522	0	1043	29
523	0	678	29
524	0	2295	29
525	0	1043	29
526	0	2087	29
527	0	626	29
528	0	678	29
529	0	626	29
530	0	1565	29
531	0	1148	29
532	0	1356	29
533	0	2295	29
534	0	626	29
535	0	2295	29
536	0	1565	29
537	0	1043	29
538	0	730	29
539	0	678	29
540	0	2087	29
541	0	834	29
542	0	1252	29
543	0	1148	29
544	0	887	29
544	0	2295	30
546	0	1252	29
547	0	887	29
549	0	1356	29
550	0	678	29
550	0	2295	30
551	0	626	29
552	0	1565	29
553	0	1148	29
554	0	574	29
555	0	678	29
555	0	2035	30
556	0	991	29
557	0	2295	29
558	0	678	29
559	0	1043	29
561	0	1461	29
562	0	1148	29
563	0	1095	29
564	0	1774	29
565	0	782	29
565	0	2243	30
566	0	887	29
567	0	782	29
568	0	678	29
569	0	1148	29
570	0	1513	29
571	0	730	29
572	0	1826	29
573	0	2243	29
575	0	521	29
576	0	1461	29
577	0	782	29
578	0	1200	29
581	0	1252	29
582	0	1095	29
583	0	678	29
584	0	782	29
585	0	626	29
586	0	1043	29
587	0	782	29
588	0	887	29
589	0	834	29
590	0	678	29
591	0	1774	29
593	0	1930	29
594	0	1356	29
595	0	887	29
596	0	991	29
597	0	1461	29
598	0	678	29
599	0	730	29
600	0	1878	29
601	0	991	29
602	0	1722	29
603	0	939	29
604	0	1304	29
605	0	1461	29
606	0	991	29
607	0	574	29
608	0	1408	29
610	0	2139	29
611	0	1148	29
612	0	1148	29
613	0	1826	29
614	0	1356	29
615	0	1148	29
616	0	1200	29
617	0	2191	29
619	0	1513	29
620	0	782	29
621	0	1148	29
622	0	626	29
623	0	1774	29
624	0	782	29
625	0	1304	29
626	0	939	29
627	0	887	29
628	0	939	29
629	0	1826	29
630	0	1200	29
631	0	887	29
632	0	678	29
633	0	1669	29
634	0	1148	29
635	0	1513	29
638	0	2087	29
639	0	834	29
641	0	991	29
642	0	1461	29
644	0	834	29
645	0	1148	29
646	0	626	29
648	0	1095	29
649	0	834	29
650	0	1774	29
651	0	834	29
652	0	991	29
653	0	1043	29
654	0	1148	29
655	0	1043	29
656	0	1095	29
657	0	939	29
658	0	887	29
659	0	1304	29
660	0	2191	29
661	0	834	29
662	0	834	29
663	0	1304	29
664	0	678	29
665	0	834	29
666	0	626	29
667	0	678	29
668	0	1304	29
669	0	1304	29
670	0	1252	29
672	0	1461	29
673	0	1513	29
674	0	1200	29
675	0	1148	29
676	0	834	29
677	0	991	29
678	0	887	29
680	0	1148	29
681	0	1669	29
682	0	834	29
683	0	1408	29
684	0	1095	29
685	0	1513	29
686	0	1095	29
687	0	1669	29
688	0	1461	29
689	0	1356	29
690	0	1252	29
691	0	834	29
692	0	1043	29
693	0	1043	29
694	0	887	29
695	0	574	29
696	0	1617	29
697	0	782	29
698	0	1774	29
699	0	991	29
700	0	2139	29
701	0	1043	29
702	0	1461	29
703	0	782	29
705	0	1356	29
706	0	626	29
707	0	730	29
708	0	1252	29
709	0	834	29
710	0	887	29
711	0	1304	29
712	0	1200	29
714	0	678	29
715	0	1252	29
716	0	574	29
717	0	1200	29
718	0	782	29
719	0	2139	29
720	0	1878	29
721	0	1095	29
722	0	626	29
723	0	834	29
724	0	1826	29
725	0	782	29
726	0	1043	29
727	0	2191	29
728	0	1982	29
729	0	834	29
730	0	1200	29
731	0	678	29
732	0	834	29
733	0	834	29
734	0	678	29
735	0	2035	29
736	0	1461	29
737	0	678	29
738	0	678	29
738	0	2243	30
739	0	1252	29
741	0	887	29
742	0	678	29
742	0	2295	30
743	0	626	29
744	0	1252	29
745	0	1930	29
746	0	1461	29
747	0	1304	29
748	0	2295	29
749	0	2035	29
750	0	626	29
752	0	1148	29
753	0	730	29
754	0	730	29
755	0	730	29
756	0	782	29
757	0	1930	29
758	0	626	29
759	0	1669	29
760	0	1878	29
761	0	1043	29
762	0	1043	29
763	0	1304	29
765	0	730	29
766	0	834	29
767	0	1304	29
768	0	1669	29
769	0	1982	29
770	0	2243	29
771	0	1461	29
772	0	1930	29
773	0	1565	29
774	0	574	29
775	0	1982	29
776	0	626	29
778	0	939	29
779	0	2139	29
780	0	1826	29
781	0	782	29
782	0	1252	29
783	0	1722	29
784	0	678	29
785	0	991	29
786	0	1095	29
787	0	1565	29
788	0	991	29
789	0	1148	29
790	0	1148	29
791	0	1878	29
792	0	887	29
793	0	730	29
794	0	574	29
795	0	1878	29
796	0	1826	29
797	0	782	29
798	0	1408	29
800	0	1669	29
801	0	1722	29
802	0	1095	29
803	0	1095	29
804	0	1043	29
806	0	1669	29
807	0	678	29
808	0	2243	29
809	0	2035	29
810	0	678	29
811	0	678	29
812	0	834	29
813	0	1304	29
815	0	730	29
816	0	1148	29
817	0	2243	29
818	0	991	29
819	0	1774	29
820	0	1826	29
821	0	1461	29
822	0	678	29
823	0	730	29
823	0	2295	30
824	0	1148	29
825	0	1043	29
826	0	1252	29
827	0	1930	29
828	0	1252	29
829	0	2191	29
830	0	1148	29
831	0	991	29
831	0	2295	30
832	0	834	29
832	0	2295	30
833	0	1304	29
834	0	678	29
835	0	1043	29
836	0	2295	29
837	0	1513	29
838	0	678	29
839	0	1565	29
840	0	574	29
841	0	782	29
842	0	939	29
843	0	678	29
843	0	2139	30
844	0	1669	29
845	0	1513	29
846	0	1565	29
847	0	1356	29
848	0	521	29
849	0	2295	29
850	0	834	29
853	0	1878	29
854	0	1200	29
855	0	782	29
856	0	678	29
857	0	1722	29
858	0	1043	29
861	0	834	29
862	0	1826	29
863	0	834	29
864	0	574	29
864	0	2295	30
865	0	834	29
866	0	730	29
867	0	1356	29
868	0	939	29
869	0	1043	29
870	0	1304	29
871	0	1252	29
873	0	678	29
875	0	939	29
876	0	730	29
877	0	626	29
878	0	1408	29
879	0	1200	29
880	0	626	29
882	0	1356	29
883	0	2035	29
884	0	887	29
885	0	678	29
886	0	1774	29
887	0	939	29
888	0	2139	29
889	0	1669	29
890	0	1252	29
891	0	834	29
892	0	1878	29
893	0	834	29
894	0	939	29
895	0	1200	29
896	0	626	29
897	0	626	29
898	0	887	29
899	0	730	29
900	0	1513	29
901	0	678	29
902	0	1148	29
903	0	887	29
905	0	1356	29
906	0	626	29
907	0	2243	29
908	0	834	29
909	0	2243	29
910	0	1200	29
911	0	1826	29
912	0	1043	29
913	0	1200	29
914	0	1148	29
915	0	1513	29
916	0	626	29
917	0	782	29
918	0	1252	29
919	0	1878	29
920	0	1617	29
921	0	939	29
922	0	1617	29
923	0	1461	29
924	0	887	29
925	0	678	29
926	0	991	29
927	0	1043	29
929	0	991	29
931	0	782	29
932	0	1304	29
933	0	1356	29
934	0	1252	29
935	0	626	29
936	0	1148	29
937	0	1878	29
938	0	1408	29
939	0	1722	29
940	0	1095	29
941	0	678	29
942	0	521	29
944	0	1095	29
946	0	1252	29
947	0	678	29
948	0	834	29
949	0	469	29
950	0	678	29
953	0	834	29
954	0	730	29
956	0	1930	29
958	0	1982	29
960	0	991	29
961	0	834	29
962	0	2035	29
963	0	678	29
964	0	834	29
965	0	1148	29
966	0	678	29
968	0	834	29
969	0	939	29
971	0	574	29
972	0	626	29
973	0	834	29
974	0	939	29
975	0	1565	29
976	0	991	29
977	0	2243	29
978	0	782	29
979	0	1513	29
980	0	2191	29
981	0	1200	29
982	0	887	29
983	0	678	29
984	0	1304	29
985	0	1304	29
987	0	1304	29
988	0	1200	29
989	0	730	29
990	0	1826	29
994	0	2295	29
995	0	626	29
996	0	1356	29
997	0	2243	29
998	0	1043	29
998	0	2295	30
999	0	1774	29
0	1	626	29
1	1	626	29
2	1	782	29
3	1	1200	29
4	1	782	29
4	1	2191	30
5	1	626	29
6	1	1095	29
7	1	1304	29
8	1	991	29
10	1	678	29
12	1	2243	29
13	1	1826	29
14	1	626	29
15	1	678	29
16	1	991	29
17	1	730	29
18	1	887	29
19	1	2087	29
20	1	991	29
21	1	626	29
22	1	1148	29
23	1	678	29
24	1	678	29
25	1	1565	29
26	1	1200	29
27	1	626	29
28	1	1095	29
29	1	1356	29
30	1	1461	29
31	1	782	29
32	1	1304	29
33	1	730	29
34	1	1095	29
35	1	730	29
36	1	730	29
37	1	1774	29
38	1	887	29
39	1	834	29
40	1	574	29
41	1	1252	29
42	1	1043	29
43	1	678	29
45	1	991	29
46	1	939	29
47	1	1304	29
49	1	678	29
51	1	1878	29
52	1	2243	29
53	1	782	29
53	1	2295	30
55	1	834	29
56	1	2087	29
57	1	521	29
58	1	782	29
59	1	782	29
60	1	2243	29
61	1	782	29
62	1	939	29
63	1	834	29
64	1	2087	29
65	1	626	29
66	1	1304	29
67	1	1043	29
68	1	1669	29
69	1	1095	29
71	1	1148	29
73	1	2139	29
74	1	1826	29
75	1	887	29
76	1	1565	29
77	1	1982	29
79	1	1356	29
80	1	730	29
81	1	887	29
82	1	1565	29
83	1	1304	29
84	1	834	29
86	1	1722	29
87	1	834	29
88	1	991	29
89	1	1043	29
90	1	1461	29
91	1	939	29
92	1	678	29
93	1	1565	29
94	1	2139	29
95	1	1774	29
96	1	1148	29
97	1	1461	29
98	1	1669	29
99	1	1669	29
100	1	2035	29
101	1	887	29
102	1	991	29
103	1	1408	29
104	1	626	29
106	1	991	29
107	1	574	29
108	1	834	29
109	1	1565	29
110	1	730	29
111	1	887	29
112	1	834	29
113	1	678	29
114	1	1408	29
115	1	1513	29
116	1	1669	29
117	1	1722	29
118	1	1356	29
119	1	1513	29
120	1	1356	29
122	1	730	29
123	1	2139	29
124	1	678	29
125	1	782	29
126	1	626	29
127	1	782	29
128	1	574	29
129	1	1304	29
130	1	782	29
131	1	887	29
132	1	574	29
133	1	1095	29
134	1	1304	29
135	1	678	29
136	1	678	29
137	1	1095	29
138	1	626	29
139	1	782	29
139	1	2035	30
140	1	2191	29
141	1	782	29
142	1	1617	29
143	1	1304	29
145	1	1252	29
146	1	730	29
147	1	939	29
148	1	1774	29
149	1	782	29
150	1	887	29
151	1	1513	29
152	1	782	29
153	1	1408	29
154	1	939	29
155	1	574	29
156	1	730	29
158	1	626	29
159	1	626	29
160	1	1095	29
161	1	2191	29
162	1	1200	29
163	1	1982	29
164	1	834	29
165	1	991	29
166	1	2035	29
167	1	1878	29
169	1	626	29
170	1	626	29
171	1	1826	29
172	1	1252	29
173	1	1722	29
174	1	1148	29
175	1	887	29
176	1	678	29
179	1	730	29
181	1	678	29
182	1	887	29
183	1	730	29
185	1	834	29
187	1	1252	29
188	1	1826	29
189	1	1043	29
190	1	1252	29
191	1	730	29
192	1	939	29
193	1	991	29
194	1	2243	29
196	1	574	29
196	1	1982	30
198	1	939	29
199	1	678	29
200	1	1200	29
201	1	1878	29
202	1	1095	29
203	1	991	29
204	1	834	29
205	1	1461	29
206	1	678	29
206	1	1930	30
207	1	626	29
208	1	574	29
210	1	782	29
211	1	1982	29
212	1	1408	29
213	1	1930	29
214	1	2087	29
215	1	1356	29
216	1	2243	29
217	1	1200	29
218	1	991	29
220	1	1826	29
221	1	1095	29
222	1	2035	29
223	1	1982	29
224	1	1252	29
225	1	834	29
226	1	730	29
227	1	1252	29
228	1	678	29
229	1	1043	29
230	1	626	29
231	1	626	29
232	1	782	29
233	1	1408	29
235	1	1930	29
236	1	1878	29
239	1	1408	29
240	1	730	29
241	1	1043	29
242	1	991	29
243	1	626	29
244	1	730	29
245	1	1461	29
248	1	782	29
249	1	626	29
250	1	626	29
251	1	887	29
252	1	2087	29
253	1	1722	29
255	1	1408	29
256	1	1095	29
257	1	1304	29
258	1	678	29
259	1	730	29
260	1	730	29
262	1	1200	29
264	1	939	29
265	1	678	29
266	1	1095	29
267	1	626	29
268	1	1043	29
269	1	678	29
270	1	991	29
271	1	782	29
272	1	626	29
272	1	2035	30
274	1	1513	29
275	1	2191	29
277	1	1982	29
278	1	2035	29
279	1	1304	29
280	1	1774	29
282	1	1982	29
283	1	1304	29
284	1	678	29
285	1	1304	29
286	1	521	29
287	1	1461	29
288	1	939	29
291	1	1043	29
292	1	1878	29
293	1	574	29
294	1	834	29
295	1	1356	29
296	1	678	29
297	1	2139	29
298	1	1148	29
299	1	782	29
300	1	1774	29
301	1	574	29
302	1	626	29
303	1	678	29
304	1	678	29
306	1	574	29
307	1	1826	29
308	1	1513	29
309	1	678	29
309	1	2243	30
310	1	782	29
310	1	2295	30
311	1	1722	29
312	1	1513	29
313	1	1722	29
314	1	1669	29
315	1	1043	29
317	1	1356	29
318	1	1878	29
319	1	1826	29
320	1	1408	29
321	1	782	29
322	1	521	29
323	1	1878	29
324	1	1356	29
325	1	1304	29
326	1	626	29
327	1	1095	29
328	1	1826	29
329	1	1930	29
330	1	1148	29
331	1	730	29
332	1	834	29
333	1	730	29
334	1	1513	29
335	1	626	29
336	1	678	29
337	1	1565	29
338	1	2087	29
339	1	782	29
340	1	1304	29
341	1	1356	29
342	1	574	29
343	1	626	29
344	1	2295	29
345	1	939	29
346	1	991	29
347	1	730	29
348	1	626	29
349	1	834	29
351	1	887	29
352	1	1252	29
353	1	834	29
354	1	574	29
355	1	782	29
356	1	1148	29
357	1	887	29
358	1	1148	29
360	1	887	29
361	1	939	29
362	1	2295	29
364	1	678	29
365	1	2295	29
366	1	1148	29
367	1	887	29
368	1	574	29
369	1	991	29
371	1	939	29
372	1	1252	29
374	1	1878	29
375	1	1408	29
376	1	939	29
377	1	1513	29
378	1	1408	29
379	1	730	29
380	1	1826	29
381	1	1252	29
382	1	626	29
383	1	1408	29
384	1	834	29
385	1	1513	29
386	1	678	29
387	1	782	29
388	1	2243	29
389	1	782	29
390	1	626	29
391	1	626	29
392	1	1826	29
393	1	521	29
394	1	1095	29
396	1	782	29
397	1	1148	29
398	1	1982	29
399	1	730	29
400	1	939	29
401	1	2295	29
402	1	1043	29
403	1	2191	29
404	1	1095	29
405	1	1513	29
406	1	834	29
407	1	1252	29
409	1	1617	29
410	1	1722	29
411	1	834	29
412	1	782	29
412	1	2035	30
413	1	730	29
413	1	2243	30
414	1	887	29
415	1	834	29
416	1	1930	29
417	1	678	29
418	1	939	29
419	1	626	29
420	1	1200	29
421	1	2087	29
422	1	1982	29
423	1	1148	29
424	1	887	29
424	1	2191	30
425	1	1669	29
426	1	1200	29
427	1	2243	29
428	1	678	29
429	1	939	29
430	1	782	29
431	1	626	29
432	1	887	29
433	1	1200	29
434	1	782	29
434	1	2243	30
435	1	730	29
436	1	678	29
437	1	730	29
438	1	1043	29
439	1	1565	29
440	1	1200	29
442	1	1095	29
445	1	834	29
446	1	1774	29
447	1	1774	29
449	1	2295	29
451	1	1095	29
452	1	834	29
453	1	730	29
454	1	1722	29
455	1	1043	29
456	1	1461	29
457	1	1148	29
459	1	1930	29
460	1	626	29
461	1	730	29
462	1	1200	29
463	1	1043	29
464	1	1148	29
465	1	626	29
466	1	782	29
467	1	626	29
468	1	574	29
469	1	678	29
470	1	2191	29
471	1	1774	29
472	1	834	29
473	1	1043	29
474	1	730	29
475	1	1826	29
476	1	2243	29
478	1	1617	29
480	1	2035	29
481	1	782	29
482	1	782	29
484	1	2243	29
485	1	1565	29
486	1	1513	29
487	1	730	29
488	1	1461	29
489	1	730	29
490	1	1095	29
491	1	730	29
492	1	1148	29
494	1	887	29
495	1	1148	29
496	1	1043	29
497	1	626	29
498	1	782	29
499	1	1513	29
500	1	626	29
501	1	1408	29
502	1	1095	29
503	1	574	29
503	1	2035	30
505	1	1722	29
506	1	1304	29
507	1	2139	29
508	1	782	29
508	1	2295	30
510	1	2087	29
512	1	1095	29
513	1	1095	29
514	1	887	29
515	1	626	29
516	1	1461	29
517	1	1408	29
518	1	1252	29
519	1	782	29
520	1	1304	29
521	1	782	29
522	1	1043	29
523	1	678	29
524	1	2295	29
525	1	1043	29
526	1	2087	29
527	1	626	29
528	1	678	29
529	1	626	29
530	1	1565	29
531	1	1148	29
532	1	1356	29
533	1	2295	29
534	1	626	29
535	1	2295	29
536	1	1565	29
537	1	1043	29
538	1	730	29
539	1	678	29
540	1	2087	29
541	1	834	29
542	1	1252	29
543	1	1148	29
544	1	887	29
544	1	2295	30
546	1	1252	29
547	1	887	29
549	1	1356	29
550	1	678	29
550	1	2295	30
551	1	626	29
552	1	1565	29
553	1	1148	29
554	1	574	29
555	1	678	29
555	1	2035	30
556	1	991	29
557	1	2295	29
558	1	678	29
559	1	1043	29
561	1	1461	29
562	1	1148	29
563	1	1095	29
564	1	1774	29
565	1	782	29
565	1	2243	30
566	1	887	29
567	1	782	29
568	1	678	29
569	1	1148	29
570	1	1513	29
571	1	730	29
572	1	1826	29
573	1	2243	29
575	1	521	29
576	1	1461	29
577	1	782	29
578	1	1200	29
581	1	1252	29
582	1	1095	29
583	1	678	29
584	1	782	29
585	1	626	29
586	1	1043	29
587	1	782	29
588	1	887	29
589	1	834	29
590	1	678	29
591	1	1774	29
593	1	1930	29
594	1	1356	29
595	1	887	29
596	1	991	29
597	1	1461	29
598	1	678	29
599	1	730	29
600	1	1878	29
601	1	991	29
602	1	1722	29
603	1	939	29
604	1	1304	29
605	1	1461	29
606	1	991	29
607	1	574	29
608	1	1408	29
610	1	2139	29
611	1	1148	29
612	1	1148	29
613	1	1826	29
614	1	1356	29
615	1	1148	29
616	1	1200	29
617	1	2191	29
619	1	1513	29
620	1	782	29
621	1	1148	29
622	1	626	29
623	1	1774	29
624	1	782	29
625	1	1304	29
626	1	939	29
627	1	887	29
628	1	939	29
629	1	1826	29
630	1	1200	29
631	1	887	29
632	1	678	29
633	1	1669	29
634	1	1148	29
635	1	1513	29
638	1	2087	29
639	1	834	29
641	1	991	29
642	1	1461	29
644	1	834	29
645	1	1148	29
646	1	626	29
648	1	1095	29
649	1	834	29
650	1	1774	29
651	1	834	29
652	1	991	29
653	1	1043	29
654	1	1148	29
655	1	1043	29
656	1	1095	29
657	1	939	29
658	1	887	29
659	1	1304	29
660	1	2191	29
661	1	834	29
662	1	834	29
663	1	1304	29
664	1	678	29
665	1	834	29
666	1	626	29
667	1	678	29
668	1	1304	29
669	1	1304	29
670	1	1252	29
672	1	1461	29
673	1	1513	29
674	1	1200	29
675	1	1148	29
676	1	834	29
677	1	991	29
678	1	887	29
680	1	1148	29
681	1	1669	29
682	1	834	29
683	1	1408	29
684	1	1095	29
685	1	1513	29
686	1	1095	29
687	1	1669	29
688	1	1461	29
689	1	1356	29
690	1	1252	29
691	1	834	29
692	1	1043	29
693	1	1043	29
694	1	887	29
695	1	574	29
696	1	1617	29
697	1	782	29
698	1	1774	29
699	1	991	29
700	1	2139	29
701	1	1043	29
702	1	1461	29
703	1	782	29
705	1	1356	29
706	1	626	29
707	1	730	29
708	1	1252	29
709	1	834	29
710	1	887	29
711	1	1304	29
712	1	1200	29
714	1	678	29
715	1	1252	29
716	1	574	29
717	1	1200	29
718	1	782	29
719	1	2139	29
720	1	1878	29
721	1	1095	29
722	1	626	29
723	1	834	29
724	1	1826	29
725	1	782	29
726	1	1043	29
727	1	2191	29
728	1	1982	29
729	1	834	29
730	1	1200	29
731	1	678	29
732	1	834	29
733	1	834	29
734	1	678	29
735	1	2035	29
736	1	1461	29
737	1	678	29
738	1	678	29
738	1	2243	30
739	1	1252	29
741	1	887	29
742	1	678	29
742	1	2295	30
743	1	626	29
744	1	1252	29
745	1	1930	29
746	1	1461	29
747	1	1304	29
748	1	2295	29
749	1	2035	29
750	1	626	29
752	1	1148	29
753	1	730	29
754	1	730	29
755	1	730	29
756	1	782	29
757	1	1930	29
758	1	626	29
759	1	1669	29
760	1	1878	29
761	1	1043	29
762	1	1043	29
763	1	1304	29
765	1	730	29
766	1	834	29
767	1	1304	29
768	1	1669	29
769	1	1982	29
770	1	2243	29
771	1	1461	29
772	1	1930	29
773	1	1565	29
774	1	574	29
775	1	1982	29
776	1	626	29
778	1	939	29
779	1	2139	29
780	1	1826	29
781	1	782	29
782	1	1252	29
783	1	1722	29
784	1	678	29
785	1	991	29
786	1	1095	29
787	1	1565	29
788	1	991	29
789	1	1148	29
790	1	1148	29
791	1	1878	29
792	1	887	29
793	1	730	29
794	1	574	29
795	1	1878	29
796	1	1826	29
797	1	782	29
798	1	1408	29
800	1	1669	29
801	1	1722	29
802	1	1095	29
803	1	1095	29
804	1	1043	29
806	1	1669	29
807	1	678	29
808	1	2243	29
809	1	2035	29
810	1	678	29
811	1	678	29
812	1	834	29
813	1	1304	29
815	1	730	29
816	1	1148	29
817	1	2243	29
818	1	991	29
819	1	1774	29
820	1	1826	29
821	1	1461	29
822	1	678	29
823	1	730	29
823	1	2295	30
824	1	1148	29
825	1	1043	29
826	1	1252	29
827	1	1930	29
828	1	1252	29
829	1	2191	29
830	1	1148	29
831	1	991	29
831	1	2295	30
832	1	834	29
832	1	2295	30
833	1	1304	29
834	1	678	29
835	1	1043	29
836	1	2295	29
837	1	1513	29
838	1	678	29
839	1	1565	29
840	1	574	29
841	1	782	29
842	1	939	29
843	1	678	29
843	1	2139	30
844	1	1669	29
845	1	1513	29
846	1	1565	29
847	1	1356	29
848	1	521	29
849	1	2295	29
850	1	834	29
853	1	1878	29
854	1	1200	29
855	1	782	29
856	1	678	29
857	1	1722	29
858	1	1043	29
861	1	834	29
862	1	1826	29
863	1	834	29
864	1	574	29
864	1	2295	30
865	1	834	29
866	1	730	29
867	1	1356	29
868	1	939	29
869	1	1043	29
870	1	1304	29
871	1	1252	29
873	1	678	29
875	1	939	29
876	1	730	29
877	1	626	29
878	1	1408	29
879	1	1200	29
880	1	626	29
882	1	1356	29
883	1	2035	29
884	1	887	29
885	1	678	29
886	1	1774	29
887	1	939	29
888	1	2139	29
889	1	1669	29
890	1	1252	29
891	1	834	29
892	1	1878	29
893	1	834	29
894	1	939	29
895	1	1200	29
896	1	626	29
897	1	626	29
898	1	887	29
899	1	730	29
900	1	1513	29
901	1	678	29
902	1	1148	29
903	1	887	29
905	1	1356	29
906	1	626	29
907	1	2243	29
908	1	834	29
909	1	2243	29
910	1	1200	29
911	1	1826	29
912	1	1043	29
913	1	1200	29
914	1	1148	29
915	1	1513	29
916	1	626	29
917	1	782	29
918	1	1252	29
919	1	1878	29
920	1	1617	29
921	1	939	29
922	1	1617	29
923	1	1461	29
924	1	887	29
925	1	678	29
926	1	991	29
927	1	1043	29
929	1	991	29
931	1	782	29
932	1	1304	29
933	1	1356	29
934	1	1252	29
935	1	626	29
936	1	1148	29
937	1	1878	29
938	1	1408	29
939	1	1722	29
940	1	1095	29
941	1	678	29
942	1	521	29
944	1	1095	29
946	1	1252	29
947	1	678	29
948	1	834	29
949	1	469	29
950	1	678	29
953	1	834	29
954	1	730	29
956	1	1930	29
958	1	1982	29
960	1	991	29
961	1	834	29
962	1	2035	29
963	1	678	29
964	1	834	29
965	1	1148	29
966	1	678	29
968	1	834	29
969	1	939	29
971	1	574	29
972	1	626	29
973	1	834	29
974	1	939	29
975	1	1565	29
976	1	991	29
977	1	2243	29
978	1	782	29
979	1	1513	29
980	1	2191	29
981	1	1200	29
982	1	887	29
983	1	678	29
984	1	1304	29
985	1	1304	29
987	1	1304	29
988	1	1200	29
989	1	730	29
990	1	1826	29
994	1	2295	29
995	1	626	29
996	1	1356	29
997	1	2243	29
998	1	1043	29
998	1	2295	30
999	1	1774	29
0	2	261	26
0	2	521	33
0	2	1148	13
1	2	261	26
1	2	626	33
1	2	1200	13
2	2	261	26
2	2	939	33
3	2	261	26
3	2	1617	33
4	2	261	26
4	2	834	33
4	2	1200	13
5	2	261	26
5	2	730	33
6	2	261	26
6	2	939	33
6	2	2139	13
7	2	261	26
7	2	1408	33
8	2	261	26
8	2	991	33
8	2	1408	13
9	2	261	26
10	2	261	26
10	2	626	33
10	2	1200	13
11	2	261	26
12	2	261	26
13	2	261	26
14	2	261	26
14	2	626	33
14	2	1148	13
15	2	261	26
15	2	678	33
15	2	1356	13
16	2	261	26
16	2	730	33
16	2	1200	13
17	2	261	26
17	2	626	33
17	2	1148	13
18	2	261	26
18	2	678	33
18	2	1513	13
19	2	261	26
20	2	261	26
20	2	939	33
20	2	1461	13
21	2	261	26
21	2	574	33
21	2	1148	13
22	2	261	26
22	2	1722	33
23	2	261	26
23	2	678	33
23	2	1252	13
24	2	261	26
24	2	730	33
24	2	1200	13
25	2	261	26
26	2	261	26
26	2	1304	33
27	2	261	26
27	2	730	33
27	2	1200	13
28	2	261	26
28	2	1095	33
28	2	1461	13
29	2	261	26
30	2	261	26
31	2	261	26
31	2	887	33
32	2	261	26
32	2	1617	33
33	2	261	26
33	2	939	33
34	2	261	26
34	2	1252	33
34	2	1722	13
35	2	261	26
35	2	678	33
35	2	1148	13
36	2	261	26
36	2	730	33
36	2	1304	13
37	2	261	26
37	2	2295	33
38	2	261	26
38	2	1408	33
39	2	261	26
39	2	887	33
39	2	1513	13
40	2	261	26
40	2	626	33
40	2	1148	13
41	2	261	26
41	2	1252	33
41	2	1826	13
42	2	261	26
42	2	1252	33
42	2	1513	13
43	2	261	26
43	2	730	33
43	2	1304	13
44	2	261	26
45	2	261	26
45	2	1148	33
45	2	1408	13
46	2	261	26
46	2	730	33
46	2	2243	13
47	2	261	26
47	2	1722	33
48	2	261	26
49	2	261	26
49	2	782	33
49	2	1200	13
50	2	261	26
51	2	261	26
52	2	261	26
53	2	261	26
53	2	730	33
53	2	1200	13
54	2	261	26
55	2	261	26
55	2	939	33
56	2	261	26
57	2	261	26
57	2	678	33
57	2	1148	13
58	2	261	26
58	2	939	33
58	2	1252	13
59	2	261	26
59	2	678	33
59	2	1148	13
60	2	261	26
61	2	261	26
61	2	939	33
62	2	261	26
62	2	782	33
62	2	1200	13
63	2	261	26
63	2	1252	33
63	2	1565	13
64	2	261	26
65	2	261	26
65	2	1408	33
66	2	261	26
67	2	261	26
67	2	1200	33
67	2	1461	13
68	2	261	26
69	2	261	26
69	2	1461	33
70	2	261	26
71	2	261	26
71	2	1669	33
72	2	261	26
73	2	261	26
74	2	261	26
75	2	261	26
75	2	730	33
75	2	1356	13
76	2	261	26
77	2	261	26
78	2	261	26
79	2	261	26
79	2	1617	33
80	2	261	26
80	2	782	33
80	2	1461	13
81	2	261	26
81	2	939	33
82	2	261	26
82	2	2035	33
83	2	261	26
84	2	261	26
84	2	834	33
85	2	261	26
86	2	261	26
87	2	261	26
87	2	678	33
87	2	1148	13
88	2	261	26
88	2	1148	33
88	2	1461	13
89	2	261	26
89	2	1408	33
90	2	261	26
91	2	261	26
91	2	939	33
92	2	261	26
92	2	626	33
92	2	1252	13
93	2	261	26
94	2	261	26
95	2	261	26
96	2	261	26
96	2	1617	33
97	2	261	26
98	2	261	26
99	2	261	26
100	2	261	26
101	2	261	26
101	2	1356	33
102	2	261	26
102	2	1304	33
102	2	2087	13
103	2	261	26
104	2	261	26
104	2	887	33
104	2	1356	13
105	2	261	26
106	2	261	26
106	2	1148	33
106	2	1408	13
107	2	261	26
107	2	626	33
107	2	1148	13
108	2	261	26
108	2	730	33
108	2	1461	13
109	2	261	26
110	2	261	26
110	2	730	33
110	2	1148	13
111	2	261	26
111	2	2191	33
112	2	261	26
113	2	261	26
113	2	574	33
113	2	1148	13
114	2	261	26
114	2	887	33
115	2	261	26
116	2	261	26
117	2	261	26
118	2	261	26
119	2	261	26
120	2	261	26
120	2	1722	33
121	2	261	26
122	2	261	26
122	2	678	33
122	2	1148	13
123	2	261	26
124	2	261	26
124	2	678	33
124	2	1148	13
125	2	261	26
125	2	834	33
125	2	1148	13
126	2	261	26
126	2	678	33
126	2	1148	13
127	2	261	26
127	2	678	33
127	2	1148	13
128	2	261	26
128	2	626	33
128	2	1148	13
129	2	261	26
130	2	261	26
130	2	834	33
131	2	261	26
131	2	1095	33
131	2	1356	13
132	2	261	26
132	2	626	33
132	2	1930	13
133	2	261	26
133	2	887	33
133	2	1669	13
134	2	261	26
134	2	2139	33
135	2	261	26
135	2	678	33
135	2	1304	13
136	2	261	26
136	2	574	33
136	2	1148	13
137	2	261	26
137	2	1252	33
137	2	1722	13
138	2	261	26
138	2	626	33
138	2	1148	13
139	2	261	26
139	2	730	33
139	2	1148	13
140	2	261	26
141	2	261	26
141	2	730	33
141	2	1148	13
142	2	261	26
143	2	261	26
144	2	261	26
145	2	261	26
145	2	1617	33
146	2	261	26
146	2	887	33
146	2	1304	13
147	2	261	26
147	2	887	33
147	2	1565	13
148	2	261	26
149	2	261	26
149	2	626	33
149	2	1148	13
150	2	261	26
150	2	782	33
150	2	1304	13
151	2	261	26
151	2	2191	33
152	2	261	26
152	2	939	33
152	2	1356	13
153	2	261	26
154	2	261	26
154	2	730	33
154	2	1148	13
155	2	261	26
155	2	626	33
155	2	1148	13
156	2	261	26
156	2	678	33
156	2	1148	13
157	2	261	26
158	2	261	26
158	2	834	33
158	2	1252	13
159	2	261	26
159	2	574	33
159	2	1148	13
160	2	261	26
160	2	1148	33
160	2	1722	13
161	2	261	26
162	2	261	26
162	2	1356	33
163	2	261	26
164	2	261	26
164	2	678	33
164	2	2243	13
165	2	261	26
165	2	887	33
165	2	1200	13
166	2	261	26
167	2	261	26
168	2	261	26
169	2	261	26
169	2	678	33
170	2	261	26
170	2	626	33
170	2	1148	13
171	2	261	26
172	2	261	26
172	2	1513	33
173	2	261	26
174	2	261	26
174	2	1461	33
174	2	1722	13
175	2	261	26
175	2	1148	33
175	2	1408	13
176	2	261	26
176	2	678	33
176	2	2139	13
177	2	261	26
178	2	261	26
179	2	261	26
179	2	834	33
179	2	1200	13
180	2	261	26
181	2	261	26
181	2	678	33
181	2	1878	13
182	2	261	26
183	2	261	26
183	2	678	33
183	2	1252	13
184	2	261	26
185	2	261	26
185	2	782	33
185	2	1252	13
186	2	261	26
187	2	261	26
187	2	1356	33
188	2	261	26
189	2	261	26
189	2	1200	33
189	2	1669	13
190	2	261	26
191	2	261	26
191	2	730	33
192	2	261	26
192	2	939	33
192	2	1461	13
193	2	261	26
193	2	939	33
193	2	1669	13
194	2	261	26
195	2	261	26
196	2	261	26
196	2	626	33
196	2	1148	13
197	2	261	26
198	2	261	26
198	2	1095	33
198	2	1461	13
199	2	261	26
199	2	678	33
199	2	1148	13
200	2	261	26
200	2	1669	33
201	2	261	26
202	2	261	26
202	2	1408	33
203	2	261	26
203	2	1356	33
204	2	261	26
204	2	782	33
204	2	1356	13
205	2	261	26
206	2	261	26
206	2	626	33
206	2	1148	13
207	2	261	26
207	2	626	33
207	2	1148	13
208	2	261	26
208	2	834	33
208	2	1408	13
209	2	261	26
210	2	261	26
210	2	939	33
211	2	261	26
212	2	261	26
212	2	1774	33
213	2	261	26
214	2	261	26
215	2	261	26
216	2	261	26
217	2	261	26
217	2	1722	33
218	2	261	26
218	2	1200	33
218	2	1565	13
219	2	261	26
220	2	261	26
221	2	261	26
221	2	1304	33
222	2	261	26
223	2	261	26
224	2	261	26
224	2	1565	33
225	2	261	26
225	2	678	33
225	2	1148	13
226	2	261	26
226	2	730	33
226	2	1200	13
227	2	261	26
227	2	2243	33
228	2	261	26
228	2	626	33
228	2	1148	13
229	2	261	26
229	2	1304	33
229	2	1617	13
230	2	261	26
230	2	626	33
230	2	1148	13
231	2	261	26
231	2	626	33
231	2	1513	13
232	2	261	26
232	2	730	33
232	2	1148	13
233	2	261	26
234	2	261	26
235	2	261	26
236	2	261	26
237	2	261	26
238	2	261	26
239	2	261	26
240	2	261	26
240	2	730	33
240	2	1148	13
241	2	261	26
241	2	1200	33
241	2	1513	13
242	2	261	26
242	2	939	33
242	2	1408	13
243	2	261	26
243	2	626	33
243	2	1148	13
244	2	261	26
244	2	626	33
244	2	1148	13
245	2	261	26
246	2	261	26
247	2	261	26
248	2	261	26
248	2	626	33
248	2	1200	13
249	2	261	26
249	2	626	33
249	2	1148	13
250	2	261	26
250	2	626	33
250	2	1148	13
251	2	261	26
251	2	887	33
251	2	1669	13
252	2	261	26
253	2	261	26
254	2	261	26
255	2	261	26
256	2	261	26
256	2	1304	33
256	2	2191	13
257	2	261	26
257	2	2087	33
258	2	261	26
258	2	574	33
258	2	1148	13
259	2	261	26
259	2	626	33
259	2	1148	13
260	2	261	26
260	2	782	33
260	2	1617	13
261	2	261	26
262	2	261	26
262	2	1304	33
262	2	1669	13
263	2	261	26
264	2	261	26
264	2	834	33
264	2	2243	13
265	2	261	26
265	2	834	33
266	2	261	26
266	2	939	33
266	2	1669	13
267	2	261	26
267	2	626	33
267	2	2035	13
268	2	261	26
268	2	1408	33
268	2	1722	13
269	2	261	26
269	2	782	33
269	2	1148	13
270	2	261	26
271	2	261	26
271	2	1148	33
271	2	1408	13
272	2	261	26
272	2	678	33
272	2	1148	13
273	2	261	26
274	2	261	26
275	2	261	26
276	2	261	26
277	2	261	26
278	2	261	26
279	2	261	26
280	2	261	26
280	2	2191	33
281	2	261	26
282	2	261	26
283	2	261	26
283	2	2243	33
284	2	261	26
284	2	574	33
284	2	1148	13
285	2	261	26
285	2	1617	33
286	2	261	26
286	2	678	33
286	2	1148	13
287	2	261	26
288	2	261	26
288	2	782	33
288	2	1774	13
289	2	261	26
290	2	261	26
291	2	261	26
292	2	261	26
293	2	261	26
293	2	574	33
293	2	1148	13
294	2	261	26
294	2	782	33
295	2	261	26
296	2	261	26
296	2	678	33
296	2	1148	13
297	2	261	26
298	2	261	26
298	2	1408	33
299	2	261	26
299	2	678	33
300	2	261	26
301	2	261	26
301	2	626	33
301	2	1148	13
302	2	261	26
302	2	887	33
302	2	1461	13
303	2	261	26
303	2	626	33
303	2	1148	13
304	2	261	26
304	2	678	33
304	2	1148	13
305	2	261	26
306	2	261	26
306	2	626	33
306	2	1148	13
307	2	261	26
308	2	261	26
308	2	1774	33
309	2	261	26
309	2	626	33
309	2	1148	13
310	2	261	26
310	2	887	33
310	2	1200	13
311	2	261	26
312	2	261	26
313	2	261	26
314	2	261	26
315	2	261	26
315	2	1200	33
315	2	1669	13
316	2	261	26
317	2	261	26
318	2	261	26
319	2	261	26
320	2	261	26
321	2	261	26
321	2	678	33
321	2	1200	13
322	2	261	26
322	2	834	33
322	2	2191	13
323	2	261	26
324	2	261	26
325	2	261	26
326	2	261	26
326	2	626	33
326	2	1148	13
327	2	261	26
327	2	1513	33
328	2	261	26
329	2	261	26
330	2	261	26
330	2	1148	33
330	2	1617	13
331	2	261	26
331	2	626	33
331	2	1826	13
332	2	261	26
332	2	991	33
332	2	1356	13
333	2	261	26
333	2	678	33
333	2	1148	13
334	2	261	26
335	2	261	26
335	2	574	33
335	2	1148	13
336	2	261	26
336	2	678	33
336	2	1356	13
337	2	261	26
338	2	261	26
339	2	261	26
339	2	730	33
339	2	2139	13
340	2	261	26
340	2	1722	33
341	2	261	26
341	2	1565	33
342	2	261	26
342	2	678	33
342	2	1148	13
343	2	261	26
343	2	574	33
343	2	1148	13
344	2	261	26
345	2	261	26
345	2	991	33
345	2	1304	13
346	2	261	26
346	2	939	33
346	2	1304	13
347	2	261	26
347	2	1252	33
348	2	261	26
348	2	782	33
348	2	1200	13
349	2	261	26
349	2	730	33
349	2	1148	13
350	2	261	26
351	2	261	26
352	2	261	26
352	2	1200	33
352	2	1513	13
353	2	261	26
353	2	782	33
353	2	1304	13
354	2	261	26
354	2	574	33
354	2	1148	13
355	2	261	26
355	2	834	33
356	2	261	26
356	2	1722	33
357	2	261	26
357	2	887	33
358	2	261	26
358	2	1669	33
359	2	261	26
360	2	261	26
361	2	261	26
361	2	834	33
361	2	1722	13
362	2	261	26
363	2	261	26
364	2	261	26
364	2	678	33
364	2	2139	13
365	2	261	26
366	2	261	26
366	2	1304	33
367	2	261	26
367	2	834	33
368	2	261	26
368	2	574	33
368	2	1148	13
369	2	261	26
369	2	834	33
369	2	1148	13
370	2	261	26
371	2	261	26
371	2	782	33
371	2	1408	13
372	2	261	26
372	2	1565	33
373	2	261	26
374	2	261	26
375	2	261	26
376	2	261	26
376	2	939	33
377	2	261	26
378	2	261	26
378	2	1669	33
379	2	261	26
379	2	1095	33
379	2	1669	13
380	2	261	26
381	2	261	26
381	2	2035	33
382	2	261	26
382	2	730	33
382	2	2191	13
383	2	261	26
384	2	261	26
384	2	887	33
384	2	1617	13
385	2	261	26
385	2	1982	33
386	2	261	26
386	2	887	33
387	2	261	26
387	2	834	33
387	2	1200	13
388	2	261	26
389	2	261	26
389	2	678	33
389	2	1617	13
390	2	261	26
390	2	574	33
390	2	1148	13
391	2	261	26
391	2	782	33
391	2	1304	13
392	2	261	26
393	2	261	26
393	2	521	33
393	2	1148	13
394	2	261	26
394	2	1774	33
395	2	261	26
396	2	261	26
396	2	626	33
396	2	1148	13
397	2	261	26
397	2	2139	33
398	2	261	26
398	2	887	33
399	2	261	26
399	2	626	33
399	2	1148	13
400	2	261	26
400	2	887	33
401	2	261	26
402	2	261	26
402	2	1043	33
402	2	1513	13
403	2	261	26
404	2	261	26
404	2	1722	33
405	2	261	26
406	2	261	26
406	2	834	33
406	2	1356	13
407	2	261	26
407	2	1565	33
408	2	261	26
409	2	261	26
410	2	261	26
411	2	261	26
411	2	626	33
411	2	1148	13
412	2	261	26
412	2	678	33
412	2	1148	13
413	2	261	26
413	2	521	33
413	2	1148	13
414	2	261	26
414	2	939	33
414	2	1408	13
415	2	261	26
415	2	834	33
415	2	1304	13
416	2	261	26
417	2	261	26
417	2	887	33
417	2	1878	13
418	2	261	26
418	2	939	33
418	2	1252	13
419	2	261	26
419	2	834	33
419	2	1148	13
420	2	261	26
420	2	1617	33
421	2	261	26
422	2	261	26
423	2	261	26
423	2	1461	33
424	2	261	26
424	2	782	33
424	2	1148	13
425	2	261	26
425	2	939	33
426	2	261	26
426	2	1513	33
426	2	2191	13
427	2	261	26
428	2	261	26
428	2	678	33
429	2	261	26
429	2	1095	33
429	2	1565	13
430	2	261	26
430	2	782	33
430	2	1513	13
431	2	261	26
431	2	574	33
431	2	1148	13
432	2	261	26
432	2	782	33
432	2	1200	13
433	2	261	26
433	2	1148	33
433	2	1774	13
434	2	261	26
434	2	678	33
434	2	1148	13
435	2	261	26
435	2	626	33
435	2	1148	13
436	2	261	26
436	2	678	33
436	2	1148	13
437	2	261	26
437	2	678	33
437	2	1930	13
438	2	261	26
438	2	1200	33
438	2	1617	13
439	2	261	26
440	2	261	26
440	2	1722	33
441	2	261	26
442	2	261	26
442	2	1304	33
443	2	261	26
444	2	261	26
445	2	261	26
445	2	626	33
445	2	1252	13
446	2	261	26
447	2	261	26
448	2	261	26
449	2	261	26
450	2	261	26
451	2	261	26
451	2	1252	33
451	2	1513	13
452	2	261	26
452	2	834	33
453	2	261	26
453	2	626	33
453	2	1148	13
454	2	261	26
455	2	261	26
455	2	1565	33
456	2	261	26
457	2	261	26
457	2	1513	33
458	2	261	26
459	2	261	26
460	2	261	26
460	2	678	33
460	2	1774	13
461	2	261	26
461	2	678	33
461	2	1148	13
462	2	261	26
462	2	1304	33
463	2	261	26
463	2	887	33
463	2	1200	13
464	2	261	26
464	2	1565	33
465	2	261	26
465	2	730	33
465	2	1826	13
466	2	261	26
466	2	626	33
466	2	1148	13
467	2	261	26
467	2	730	33
467	2	1148	13
468	2	261	26
468	2	626	33
468	2	1617	13
469	2	261	26
469	2	574	33
469	2	1148	13
470	2	261	26
471	2	261	26
472	2	261	26
472	2	730	33
472	2	1669	13
473	2	261	26
473	2	1356	33
474	2	261	26
474	2	730	33
474	2	1148	13
475	2	261	26
476	2	261	26
477	2	261	26
478	2	261	26
479	2	261	26
480	2	261	26
481	2	261	26
481	2	834	33
481	2	1148	13
482	2	261	26
482	2	1461	33
483	2	261	26
484	2	261	26
485	2	261	26
486	2	261	26
487	2	261	26
487	2	626	33
487	2	1408	13
488	2	261	26
489	2	261	26
489	2	574	33
489	2	1148	13
490	2	261	26
490	2	1200	33
490	2	1513	13
491	2	261	26
491	2	1304	33
491	2	2295	13
492	2	261	26
492	2	1565	33
493	2	261	26
494	2	261	26
494	2	782	33
495	2	261	26
495	2	1252	33
495	2	1565	13
496	2	261	26
496	2	1148	33
496	2	1617	13
497	2	261	26
497	2	626	33
498	2	261	26
498	2	991	33
499	2	261	26
499	2	887	33
500	2	261	26
500	2	626	33
500	2	1148	13
501	2	261	26
502	2	261	26
502	2	1565	33
503	2	261	26
503	2	626	33
503	2	1148	13
504	2	261	26
505	2	261	26
506	2	261	26
507	2	261	26
508	2	261	26
508	2	730	33
508	2	1148	13
509	2	261	26
510	2	261	26
511	2	261	26
512	2	261	26
512	2	1356	33
512	2	1617	13
513	2	261	26
513	2	1513	33
514	2	261	26
514	2	887	33
514	2	1669	13
515	2	261	26
515	2	626	33
515	2	1148	13
516	2	261	26
517	2	261	26
518	2	261	26
518	2	1513	33
519	2	261	26
519	2	834	33
519	2	1148	13
520	2	261	26
520	2	2087	33
521	2	261	26
521	2	626	33
521	2	1148	13
522	2	261	26
522	2	1148	33
522	2	1513	13
523	2	261	26
523	2	678	33
523	2	1304	13
524	2	261	26
525	2	261	26
525	2	887	33
525	2	1304	13
526	2	261	26
527	2	261	26
527	2	626	33
527	2	1200	13
528	2	261	26
528	2	626	33
528	2	1148	13
529	2	261	26
529	2	626	33
529	2	1148	13
530	2	261	26
531	2	261	26
531	2	1461	33
532	2	261	26
532	2	1669	33
533	2	261	26
534	2	261	26
534	2	626	33
534	2	1148	13
535	2	261	26
536	2	261	26
537	2	261	26
537	2	939	33
537	2	1461	13
538	2	261	26
538	2	626	33
538	2	1148	13
539	2	261	26
539	2	574	33
539	2	1148	13
540	2	261	26
541	2	261	26
541	2	782	33
541	2	1930	13
542	2	261	26
542	2	1722	33
543	2	261	26
543	2	1513	33
544	2	261	26
544	2	939	33
544	2	1200	13
545	2	261	26
546	2	261	26
547	2	261	26
547	2	939	33
547	2	1356	13
548	2	261	26
549	2	261	26
550	2	261	26
550	2	678	33
550	2	1148	13
551	2	261	26
551	2	678	33
551	2	1148	13
552	2	261	26
553	2	261	26
553	2	1513	33
554	2	261	26
554	2	574	33
554	2	1148	13
555	2	261	26
555	2	626	33
555	2	1148	13
556	2	261	26
556	2	1252	33
556	2	1565	13
557	2	261	26
558	2	261	26
558	2	730	33
558	2	2035	13
559	2	261	26
559	2	1513	33
560	2	261	26
561	2	261	26
562	2	261	26
562	2	1461	33
563	2	261	26
563	2	1148	33
563	2	1513	13
564	2	261	26
565	2	261	26
565	2	730	33
565	2	1148	13
566	2	261	26
566	2	730	33
566	2	1669	13
567	2	261	26
568	2	261	26
568	2	626	33
568	2	1148	13
569	2	261	26
569	2	1461	33
570	2	261	26
571	2	261	26
571	2	626	33
571	2	1200	13
572	2	261	26
573	2	261	26
574	2	261	26
575	2	261	26
575	2	626	33
575	2	1148	13
576	2	261	26
577	2	261	26
577	2	626	33
577	2	1148	13
578	2	261	26
579	2	261	26
580	2	261	26
581	2	261	26
581	2	1565	33
582	2	261	26
582	2	1565	33
583	2	261	26
583	2	626	33
583	2	1148	13
584	2	261	26
584	2	730	33
584	2	1930	13
585	2	261	26
585	2	626	33
585	2	1148	13
586	2	261	26
586	2	1148	33
586	2	1513	13
587	2	261	26
587	2	574	33
587	2	1148	13
588	2	261	26
588	2	887	33
588	2	1617	13
589	2	261	26
589	2	887	33
589	2	1356	13
590	2	261	26
590	2	782	33
590	2	1408	13
591	2	261	26
592	2	261	26
593	2	261	26
594	2	261	26
594	2	1930	33
595	2	261	26
595	2	730	33
595	2	1148	13
596	2	261	26
596	2	1304	33
596	2	1565	13
597	2	261	26
598	2	261	26
598	2	626	33
598	2	1148	13
599	2	261	26
599	2	626	33
599	2	1148	13
600	2	261	26
601	2	261	26
601	2	834	33
602	2	261	26
603	2	261	26
604	2	261	26
604	2	1513	33
605	2	261	26
606	2	261	26
606	2	1252	33
606	2	1513	13
607	2	261	26
607	2	678	33
607	2	1148	13
608	2	261	26
608	2	834	33
608	2	1304	13
609	2	261	26
610	2	261	26
611	2	261	26
611	2	1669	33
612	2	261	26
612	2	1565	33
613	2	261	26
614	2	261	26
614	2	1722	33
615	2	261	26
616	2	261	26
616	2	1669	33
617	2	261	26
618	2	261	26
619	2	261	26
620	2	261	26
620	2	730	33
621	2	261	26
621	2	1356	33
621	2	1722	13
622	2	261	26
622	2	626	33
623	2	261	26
624	2	261	26
624	2	782	33
625	2	261	26
625	2	1513	33
626	2	261	26
626	2	834	33
626	2	1200	13
627	2	261	26
627	2	887	33
627	2	1461	13
628	2	261	26
628	2	1304	33
628	2	1617	13
629	2	261	26
630	2	261	26
630	2	1669	33
631	2	261	26
631	2	1095	33
631	2	1461	13
632	2	261	26
632	2	574	33
632	2	1148	13
633	2	261	26
634	2	261	26
634	2	1722	33
635	2	261	26
636	2	261	26
637	2	261	26
638	2	261	26
639	2	261	26
639	2	782	33
639	2	1148	13
640	2	261	26
641	2	261	26
642	2	261	26
643	2	261	26
644	2	261	26
644	2	834	33
645	2	261	26
645	2	1200	33
645	2	1617	13
646	2	261	26
646	2	730	33
646	2	1148	13
647	2	261	26
648	2	261	26
648	2	1408	33
649	2	261	26
649	2	834	33
649	2	1461	13
650	2	261	26
651	2	261	26
651	2	834	33
652	2	261	26
652	2	939	33
652	2	1617	13
653	2	261	26
653	2	1200	33
653	2	1669	13
654	2	261	26
655	2	261	26
655	2	1408	33
656	2	261	26
656	2	1148	33
657	2	261	26
657	2	834	33
658	2	261	26
658	2	782	33
658	2	1148	13
659	2	261	26
659	2	1669	33
660	2	261	26
661	2	261	26
661	2	782	33
661	2	1304	13
662	2	261	26
662	2	1148	33
662	2	1565	13
663	2	261	26
664	2	261	26
664	2	834	33
664	2	1252	13
665	2	261	26
665	2	678	33
665	2	1148	13
666	2	261	26
666	2	678	33
666	2	1148	13
667	2	261	26
667	2	782	33
668	2	261	26
668	2	1826	33
669	2	261	26
669	2	1513	33
670	2	261	26
670	2	1565	33
671	2	261	26
672	2	261	26
673	2	261	26
673	2	1722	33
674	2	261	26
674	2	1356	33
674	2	1722	13
675	2	261	26
675	2	1461	33
676	2	261	26
676	2	626	33
676	2	1148	13
677	2	261	26
677	2	1304	33
677	2	1617	13
678	2	261	26
678	2	834	33
678	2	1617	13
679	2	261	26
680	2	261	26
680	2	1461	33
680	2	1774	13
681	2	261	26
682	2	261	26
682	2	887	33
683	2	261	26
684	2	261	26
684	2	1461	33
684	2	1774	13
685	2	261	26
686	2	261	26
686	2	782	33
687	2	261	26
688	2	261	26
689	2	261	26
690	2	261	26
691	2	261	26
691	2	782	33
691	2	1200	13
692	2	261	26
692	2	1095	33
692	2	1356	13
693	2	261	26
693	2	1095	33
693	2	1461	13
694	2	261	26
694	2	834	33
694	2	1513	13
695	2	261	26
695	2	574	33
695	2	1200	13
696	2	261	26
697	2	261	26
697	2	730	33
697	2	1304	13
698	2	261	26
699	2	261	26
699	2	1356	33
699	2	1669	13
700	2	261	26
701	2	261	26
701	2	1304	33
701	2	1617	13
702	2	261	26
703	2	261	26
703	2	730	33
703	2	1148	13
704	2	261	26
705	2	261	26
705	2	1826	33
706	2	261	26
706	2	626	33
706	2	1565	13
707	2	261	26
707	2	887	33
708	2	261	26
708	2	1513	33
709	2	261	26
709	2	834	33
709	2	1304	13
710	2	261	26
710	2	834	33
710	2	1200	13
711	2	261	26
711	2	1669	33
712	2	261	26
712	2	1565	33
713	2	261	26
714	2	261	26
714	2	678	33
714	2	1200	13
715	2	261	26
715	2	1513	33
716	2	261	26
716	2	574	33
716	2	1148	13
717	2	261	26
717	2	1408	33
718	2	261	26
718	2	730	33
718	2	1252	13
719	2	261	26
720	2	261	26
721	2	261	26
721	2	1200	33
721	2	1722	13
722	2	261	26
722	2	626	33
722	2	1148	13
723	2	261	26
724	2	261	26
725	2	261	26
725	2	782	33
725	2	1408	13
726	2	261	26
726	2	1148	33
726	2	1513	13
727	2	261	26
728	2	261	26
729	2	261	26
729	2	834	33
730	2	261	26
730	2	1408	33
731	2	261	26
731	2	678	33
731	2	1148	13
732	2	261	26
732	2	887	33
733	2	261	26
733	2	834	33
733	2	1252	13
734	2	261	26
734	2	678	33
734	2	1200	13
735	2	261	26
736	2	261	26
737	2	261	26
737	2	678	33
737	2	1252	13
738	2	261	26
738	2	834	33
738	2	1252	13
739	2	261	26
739	2	1669	33
740	2	261	26
741	2	261	26
741	2	939	33
742	2	261	26
742	2	626	33
742	2	1148	13
743	2	261	26
743	2	678	33
743	2	1356	13
744	2	261	26
744	2	1669	33
745	2	261	26
746	2	261	26
747	2	261	26
747	2	1669	33
748	2	261	26
749	2	261	26
750	2	261	26
750	2	939	33
751	2	261	26
752	2	261	26
752	2	1356	33
752	2	1722	13
753	2	261	26
753	2	730	33
753	2	1148	13
754	2	261	26
754	2	678	33
754	2	1148	13
755	2	261	26
755	2	678	33
755	2	1461	13
756	2	261	26
756	2	730	33
756	2	1148	13
757	2	261	26
758	2	261	26
758	2	574	33
758	2	1148	13
759	2	261	26
760	2	261	26
761	2	261	26
761	2	1669	33
762	2	261	26
762	2	939	33
762	2	1617	13
763	2	261	26
763	2	2295	33
764	2	261	26
765	2	261	26
765	2	730	33
765	2	1513	13
766	2	261	26
766	2	834	33
767	2	261	26
768	2	261	26
769	2	261	26
770	2	261	26
771	2	261	26
771	2	1722	33
772	2	261	26
773	2	261	26
774	2	261	26
774	2	626	33
774	2	1148	13
775	2	261	26
776	2	261	26
776	2	626	33
776	2	1148	13
777	2	261	26
778	2	261	26
778	2	939	33
779	2	261	26
780	2	261	26
781	2	261	26
781	2	991	33
781	2	1461	13
782	2	261	26
782	2	2035	33
783	2	261	26
784	2	261	26
784	2	730	33
784	2	1617	13
785	2	261	26
785	2	939	33
786	2	261	26
787	2	261	26
788	2	261	26
788	2	834	33
788	2	1565	13
789	2	261	26
789	2	1617	33
790	2	261	26
790	2	1669	33
791	2	261	26
792	2	261	26
792	2	887	33
793	2	261	26
793	2	626	33
793	2	1148	13
794	2	261	26
794	2	574	33
794	2	1826	13
795	2	261	26
796	2	261	26
797	2	261	26
797	2	730	33
797	2	2295	13
798	2	261	26
799	2	261	26
800	2	261	26
801	2	261	26
802	2	261	26
802	2	1095	33
803	2	261	26
803	2	991	33
803	2	1461	13
804	2	261	26
804	2	1356	33
805	2	261	26
806	2	261	26
807	2	261	26
807	2	626	33
807	2	1148	13
808	2	261	26
809	2	261	26
810	2	261	26
810	2	678	33
810	2	1148	13
811	2	261	26
811	2	626	33
811	2	1252	13
812	2	261	26
812	2	782	33
812	2	1200	13
813	2	261	26
813	2	1617	33
814	2	261	26
815	2	261	26
815	2	678	33
816	2	261	26
816	2	1722	33
817	2	261	26
818	2	261	26
818	2	1200	33
818	2	1513	13
819	2	261	26
820	2	261	26
821	2	261	26
822	2	261	26
822	2	574	33
822	2	1148	13
823	2	261	26
823	2	626	33
823	2	1148	13
824	2	261	26
824	2	1513	33
825	2	261	26
825	2	1461	33
826	2	261	26
826	2	1513	33
827	2	261	26
828	2	261	26
829	2	261	26
830	2	261	26
831	2	261	26
831	2	887	33
831	2	1148	13
832	2	261	26
832	2	730	33
832	2	1148	13
833	2	261	26
834	2	261	26
834	2	782	33
834	2	1200	13
835	2	261	26
835	2	1513	33
836	2	261	26
837	2	261	26
838	2	261	26
838	2	678	33
838	2	1148	13
839	2	261	26
840	2	261	26
840	2	574	33
840	2	1148	13
841	2	261	26
841	2	887	33
842	2	261	26
842	2	1356	33
842	2	1722	13
843	2	261	26
843	2	678	33
843	2	1148	13
844	2	261	26
845	2	261	26
846	2	261	26
847	2	261	26
847	2	2243	33
848	2	261	26
848	2	574	33
848	2	1148	13
849	2	261	26
850	2	261	26
850	2	834	33
850	2	1148	13
851	2	261	26
852	2	261	26
853	2	261	26
854	2	261	26
854	2	1565	33
855	2	261	26
855	2	834	33
856	2	261	26
856	2	2087	33
857	2	261	26
858	2	261	26
858	2	1252	33
858	2	1669	13
859	2	261	26
860	2	261	26
861	2	261	26
861	2	730	33
862	2	261	26
863	2	261	26
863	2	782	33
863	2	1200	13
864	2	261	26
864	2	678	33
864	2	1148	13
865	2	261	26
865	2	782	33
865	2	1513	13
866	2	261	26
866	2	678	33
866	2	1148	13
867	2	261	26
867	2	1669	33
868	2	261	26
868	2	834	33
868	2	1565	13
869	2	261	26
869	2	1408	33
870	2	261	26
870	2	1722	33
871	2	261	26
871	2	1774	33
872	2	261	26
873	2	261	26
873	2	574	33
873	2	1148	13
874	2	261	26
875	2	261	26
875	2	887	33
875	2	1617	13
876	2	261	26
876	2	730	33
877	2	261	26
877	2	574	33
877	2	1148	13
878	2	261	26
879	2	261	26
879	2	1669	33
880	2	261	26
880	2	626	33
880	2	1148	13
881	2	261	26
882	2	261	26
883	2	261	26
884	2	261	26
884	2	730	33
885	2	261	26
885	2	678	33
885	2	1148	13
886	2	261	26
887	2	261	26
887	2	1304	33
888	2	261	26
889	2	261	26
890	2	261	26
891	2	261	26
891	2	782	33
892	2	261	26
893	2	261	26
893	2	782	33
894	2	261	26
894	2	1617	33
895	2	261	26
895	2	1722	33
896	2	261	26
896	2	782	33
897	2	261	26
897	2	730	33
897	2	1252	13
898	2	261	26
898	2	834	33
898	2	1148	13
899	2	261	26
899	2	678	33
899	2	1148	13
900	2	261	26
900	2	2243	33
901	2	261	26
901	2	626	33
901	2	1356	13
902	2	261	26
902	2	1356	33
902	2	1722	13
903	2	261	26
903	2	782	33
903	2	1200	13
904	2	261	26
905	2	261	26
906	2	261	26
906	2	730	33
907	2	261	26
908	2	261	26
908	2	678	33
908	2	1252	13
909	2	261	26
910	2	261	26
911	2	261	26
912	2	261	26
912	2	834	33
913	2	261	26
914	2	261	26
914	2	1304	33
914	2	1669	13
915	2	261	26
916	2	261	26
916	2	834	33
916	2	1148	13
917	2	261	26
917	2	2295	33
918	2	261	26
919	2	261	26
920	2	261	26
921	2	261	26
922	2	261	26
922	2	1982	33
923	2	261	26
924	2	261	26
924	2	834	33
924	2	1148	13
925	2	261	26
925	2	782	33
926	2	261	26
926	2	887	33
926	2	1461	13
927	2	261	26
927	2	1356	33
927	2	1669	13
928	2	261	26
929	2	261	26
929	2	834	33
929	2	1304	13
930	2	261	26
931	2	261	26
931	2	678	33
931	2	1148	13
932	2	261	26
932	2	2191	33
933	2	261	26
934	2	261	26
934	2	1722	33
935	2	261	26
935	2	782	33
935	2	1617	13
936	2	261	26
937	2	261	26
938	2	261	26
938	2	1669	33
939	2	261	26
940	2	261	26
940	2	1043	33
940	2	1461	13
941	2	261	26
941	2	678	33
941	2	1148	13
942	2	261	26
942	2	678	33
942	2	1148	13
943	2	261	26
944	2	261	26
944	2	1513	33
945	2	261	26
946	2	261	26
946	2	1565	33
947	2	261	26
947	2	678	33
947	2	1148	13
948	2	261	26
948	2	730	33
948	2	1148	13
949	2	261	26
949	2	574	33
949	2	1148	13
950	2	261	26
950	2	626	33
950	2	1148	13
951	2	261	26
952	2	261	26
953	2	261	26
953	2	730	33
953	2	1148	13
954	2	261	26
954	2	626	33
954	2	1148	13
955	2	261	26
956	2	261	26
957	2	261	26
958	2	261	26
959	2	261	26
960	2	261	26
960	2	1200	33
960	2	1617	13
961	2	261	26
961	2	939	33
961	2	1565	13
962	2	261	26
963	2	261	26
963	2	782	33
964	2	261	26
964	2	730	33
964	2	1148	13
965	2	261	26
965	2	1565	33
966	2	261	26
966	2	730	33
966	2	1252	13
967	2	261	26
968	2	261	26
968	2	1617	33
969	2	261	26
969	2	1148	33
969	2	1722	13
970	2	261	26
971	2	261	26
971	2	782	33
971	2	1304	13
972	2	261	26
972	2	626	33
972	2	1148	13
973	2	261	26
973	2	939	33
974	2	261	26
974	2	939	33
975	2	261	26
976	2	261	26
976	2	939	33
976	2	1408	13
977	2	261	26
978	2	261	26
978	2	730	33
978	2	1200	13
979	2	261	26
980	2	261	26
981	2	261	26
981	2	1200	33
981	2	1669	13
982	2	261	26
982	2	887	33
983	2	261	26
983	2	678	33
983	2	1304	13
984	2	261	26
984	2	1513	33
985	2	261	26
985	2	1617	33
986	2	261	26
987	2	261	26
988	2	261	26
988	2	887	33
989	2	261	26
989	2	678	33
989	2	2087	13
990	2	261	26
991	2	261	26
992	2	261	26
993	2	261	26
994	2	261	26
995	2	261	26
995	2	574	33
995	2	1148	13
996	2	261	26
997	2	261	26
998	2	261	26
998	2	939	33
998	2	1252	13
999	2	261	26
0	3	626	29
0	3	991	20
1	3	626	29
1	3	991	20
2	3	782	29
3	3	1200	29
3	3	2191	20
4	3	782	29
4	3	1408	20
4	3	1722	9
4	3	2087	12
4	3	2191	30
5	3	626	29
6	3	1095	29
7	3	1304	29
8	3	991	29
8	3	1408	20
10	3	678	29
10	3	1982	20
12	3	2243	29
13	3	1826	29
14	3	626	29
14	3	1513	20
15	3	678	29
16	3	991	29
16	3	1565	20
17	3	730	29
17	3	2035	20
18	3	887	29
18	3	1930	20
19	3	2087	29
20	3	991	29
20	3	1774	20
21	3	626	29
21	3	991	20
22	3	1148	29
23	3	678	29
24	3	678	29
24	3	991	20
25	3	1565	29
26	3	1200	29
27	3	626	29
28	3	1095	29
28	3	1565	20
29	3	1356	29
30	3	1461	29
31	3	782	29
32	3	1304	29
33	3	730	29
34	3	1095	29
34	3	2139	20
35	3	730	29
35	3	2087	20
36	3	730	29
36	3	1774	20
37	3	1774	29
38	3	887	29
39	3	834	29
40	3	574	29
40	3	1043	20
40	3	2035	9
41	3	1252	29
41	3	2139	20
42	3	1043	29
43	3	678	29
43	3	1826	20
45	3	991	29
46	3	939	29
47	3	1304	29
49	3	678	29
49	3	1513	20
51	3	1878	29
52	3	2243	29
53	3	782	29
53	3	1461	20
53	3	2243	9
53	3	2295	30
55	3	834	29
56	3	2087	29
57	3	521	29
57	3	1200	20
57	3	1669	9
58	3	782	29
58	3	1461	20
59	3	782	29
59	3	1617	20
60	3	2243	29
61	3	782	29
62	3	939	29
62	3	1513	20
63	3	834	29
64	3	2087	29
65	3	626	29
66	3	1304	29
67	3	1043	29
67	3	1565	20
68	3	1669	29
69	3	1095	29
71	3	1148	29
73	3	2139	29
74	3	1826	29
75	3	887	29
76	3	1565	29
77	3	1982	29
79	3	1356	29
80	3	730	29
81	3	887	29
82	3	1565	29
83	3	1304	29
84	3	834	29
86	3	1722	29
87	3	834	29
87	3	1252	20
87	3	1722	9
88	3	991	29
88	3	1617	20
89	3	1043	29
90	3	1461	29
91	3	939	29
92	3	678	29
92	3	2191	20
93	3	1565	29
94	3	2139	29
95	3	1774	29
96	3	1148	29
97	3	1461	29
98	3	1669	29
99	3	1669	29
100	3	2035	29
101	3	887	29
102	3	991	29
102	3	2139	20
103	3	1408	29
104	3	626	29
104	3	1669	20
106	3	991	29
106	3	1565	20
106	3	2191	9
107	3	574	29
107	3	939	20
108	3	834	29
109	3	1565	29
110	3	730	29
110	3	1461	20
111	3	887	29
112	3	834	29
113	3	678	29
114	3	1408	29
115	3	1513	29
116	3	1669	29
117	3	1722	29
118	3	1356	29
119	3	1513	29
120	3	1356	29
122	3	730	29
122	3	1356	20
122	3	2243	9
123	3	2139	29
124	3	678	29
125	3	782	29
125	3	1513	20
126	3	626	29
126	3	1408	20
127	3	782	29
127	3	1617	20
128	3	574	29
128	3	1252	20
129	3	1304	29
130	3	782	29
131	3	887	29
131	3	1565	20
132	3	574	29
133	3	1095	29
134	3	1304	29
135	3	678	29
135	3	991	20
136	3	678	29
136	3	991	20
136	3	1356	9
136	3	1774	12
137	3	1095	29
138	3	626	29
138	3	1043	20
138	3	2035	9
139	3	782	29
139	3	1200	20
139	3	1513	9
139	3	1878	12
139	3	2035	30
140	3	2191	29
141	3	782	29
141	3	1252	20
141	3	1722	9
142	3	1617	29
143	3	1304	29
145	3	1252	29
146	3	730	29
146	3	1930	20
147	3	939	29
147	3	1774	20
148	3	1774	29
149	3	782	29
149	3	1461	20
150	3	887	29
150	3	1982	20
151	3	1513	29
152	3	782	29
152	3	1617	20
153	3	1408	29
154	3	939	29
154	3	1356	20
155	3	574	29
155	3	1043	20
155	3	2139	9
156	3	730	29
156	3	1513	20
156	3	2243	9
158	3	626	29
158	3	1669	20
159	3	626	29
159	3	1252	20
159	3	1930	9
160	3	1095	29
161	3	2191	29
162	3	1200	29
163	3	1982	29
164	3	834	29
165	3	991	29
165	3	1461	20
166	3	2035	29
167	3	1878	29
169	3	626	29
170	3	626	29
170	3	939	20
171	3	1826	29
172	3	1252	29
173	3	1722	29
174	3	1148	29
174	3	2087	20
175	3	887	29
175	3	1774	20
176	3	678	29
179	3	730	29
179	3	1669	20
181	3	678	29
182	3	887	29
183	3	730	29
183	3	1826	20
185	3	834	29
185	3	1461	20
187	3	1252	29
188	3	1826	29
189	3	1043	29
189	3	1722	20
189	3	2191	9
190	3	1252	29
191	3	730	29
192	3	939	29
192	3	1617	20
193	3	991	29
193	3	1930	20
194	3	2243	29
196	3	574	29
196	3	1043	20
196	3	1461	9
196	3	1982	30
198	3	939	29
198	3	2035	20
199	3	678	29
199	3	1461	20
200	3	1200	29
201	3	1878	29
202	3	1095	29
203	3	991	29
204	3	834	29
204	3	1826	20
205	3	1461	29
206	3	678	29
206	3	991	20
206	3	1356	9
206	3	1669	12
206	3	1930	30
207	3	626	29
207	3	1878	20
208	3	574	29
208	3	1722	20
210	3	782	29
211	3	1982	29
212	3	1408	29
213	3	1930	29
214	3	2087	29
215	3	1356	29
216	3	2243	29
217	3	1200	29
218	3	991	29
218	3	1669	20
220	3	1826	29
221	3	1095	29
222	3	2035	29
223	3	1982	29
224	3	1252	29
225	3	834	29
225	3	1304	20
225	3	1722	9
226	3	730	29
226	3	1461	20
227	3	1252	29
228	3	678	29
228	3	1356	20
229	3	1043	29
229	3	1774	20
230	3	626	29
231	3	626	29
232	3	782	29
232	3	1408	20
233	3	1408	29
235	3	1930	29
236	3	1878	29
239	3	1408	29
240	3	730	29
240	3	1565	20
240	3	2035	9
241	3	1043	29
241	3	1617	20
242	3	991	29
242	3	1722	20
243	3	626	29
243	3	939	20
243	3	1930	9
244	3	730	29
245	3	1461	29
248	3	782	29
249	3	626	29
249	3	939	20
250	3	626	29
250	3	991	20
250	3	2087	9
251	3	887	29
252	3	2087	29
253	3	1722	29
255	3	1408	29
256	3	1095	29
256	3	1930	20
257	3	1304	29
258	3	678	29
258	3	991	20
259	3	730	29
260	3	730	29
262	3	1200	29
262	3	1722	20
264	3	939	29
265	3	678	29
266	3	1095	29
267	3	626	29
267	3	991	20
268	3	1043	29
269	3	678	29
269	3	1513	20
270	3	991	29
271	3	782	29
271	3	1669	20
271	3	2191	9
272	3	626	29
272	3	1356	20
272	3	1617	9
272	3	1930	12
272	3	2035	30
274	3	1513	29
275	3	2191	29
277	3	1982	29
278	3	2035	29
279	3	1304	29
280	3	1774	29
282	3	1982	29
283	3	1304	29
284	3	678	29
284	3	991	20
284	3	1617	9
285	3	1304	29
286	3	521	29
286	3	1356	20
286	3	1878	9
286	3	2243	12
287	3	1461	29
288	3	939	29
291	3	1043	29
292	3	1878	29
293	3	574	29
293	3	939	20
293	3	2087	9
294	3	834	29
295	3	1356	29
296	3	678	29
297	3	2139	29
298	3	1148	29
299	3	782	29
300	3	1774	29
301	3	574	29
301	3	2139	20
302	3	626	29
302	3	1930	20
303	3	678	29
303	3	1043	20
303	3	1617	9
304	3	678	29
306	3	574	29
306	3	1408	20
307	3	1826	29
308	3	1513	29
309	3	678	29
309	3	991	20
309	3	1774	9
309	3	2243	30
310	3	782	29
310	3	1356	20
310	3	2087	9
310	3	2295	30
311	3	1722	29
312	3	1513	29
313	3	1722	29
314	3	1669	29
315	3	1043	29
315	3	1722	20
317	3	1356	29
318	3	1878	29
319	3	1826	29
320	3	1408	29
321	3	782	29
322	3	521	29
322	3	2295	20
323	3	1878	29
324	3	1356	29
325	3	1304	29
326	3	626	29
326	3	2139	20
327	3	1095	29
327	3	2243	20
328	3	1826	29
329	3	1930	29
330	3	1148	29
330	3	1669	20
331	3	730	29
332	3	834	29
332	3	1513	20
333	3	730	29
333	3	1826	20
334	3	1513	29
335	3	626	29
335	3	2035	20
336	3	678	29
336	3	2139	20
337	3	1565	29
338	3	2087	29
339	3	782	29
340	3	1304	29
341	3	1356	29
341	3	2087	20
342	3	574	29
342	3	1304	20
343	3	626	29
343	3	991	20
344	3	2295	29
345	3	939	29
345	3	1617	20
346	3	991	29
346	3	1461	20
347	3	730	29
348	3	626	29
348	3	1617	20
349	3	834	29
349	3	1252	20
349	3	1617	9
351	3	887	29
352	3	1252	29
352	3	1565	20
353	3	834	29
354	3	574	29
354	3	1148	20
354	3	1461	9
354	3	1774	12
355	3	782	29
356	3	1148	29
357	3	887	29
358	3	1148	29
360	3	887	29
361	3	939	29
361	3	2139	20
362	3	2295	29
364	3	678	29
365	3	2295	29
366	3	1148	29
367	3	887	29
368	3	574	29
368	3	991	20
368	3	1565	9
369	3	991	29
369	3	1304	20
371	3	939	29
372	3	1252	29
374	3	1878	29
375	3	1408	29
376	3	939	29
377	3	1513	29
378	3	1408	29
379	3	730	29
379	3	1774	20
380	3	1826	29
381	3	1252	29
382	3	626	29
383	3	1408	29
384	3	834	29
385	3	1513	29
386	3	678	29
387	3	782	29
387	3	1356	20
387	3	1774	9
388	3	2243	29
389	3	782	29
390	3	626	29
390	3	939	20
391	3	626	29
391	3	1669	20
392	3	1826	29
393	3	521	29
393	3	991	20
394	3	1095	29
396	3	782	29
396	3	1148	20
396	3	1408	9
396	3	1774	12
397	3	1148	29
398	3	1982	29
399	3	730	29
400	3	939	29
401	3	2295	29
402	3	1043	29
402	3	1774	20
403	3	2191	29
404	3	1095	29
405	3	1513	29
406	3	834	29
406	3	1722	20
407	3	1252	29
409	3	1617	29
410	3	1722	29
411	3	834	29
411	3	1200	20
411	3	1513	9
412	3	782	29
412	3	1148	20
412	3	1513	9
412	3	1826	12
412	3	2035	30
413	3	730	29
413	3	1043	20
413	3	1356	9
413	3	1722	12
413	3	2243	30
414	3	887	29
414	3	1669	20
415	3	834	29
415	3	1774	20
416	3	1930	29
417	3	678	29
417	3	2139	20
418	3	939	29
418	3	1304	20
419	3	626	29
419	3	1408	20
420	3	1200	29
421	3	2087	29
422	3	1982	29
423	3	1148	29
423	3	1774	20
424	3	887	29
424	3	1200	20
424	3	1513	9
424	3	1930	12
424	3	2191	30
425	3	1669	29
426	3	1200	29
426	3	2139	20
427	3	2243	29
428	3	678	29
429	3	939	29
429	3	1774	20
430	3	782	29
431	3	626	29
431	3	991	20
432	3	887	29
432	3	1461	20
433	3	1200	29
433	3	2243	20
434	3	782	29
434	3	1200	20
434	3	1774	9
434	3	2191	12
434	3	2243	30
435	3	730	29
435	3	1356	20
436	3	678	29
436	3	1200	20
436	3	1722	9
437	3	730	29
438	3	1043	29
438	3	1617	20
439	3	1565	29
440	3	1200	29
442	3	1095	29
442	3	2295	20
445	3	834	29
445	3	887	20
446	3	1774	29
447	3	1774	29
449	3	2295	29
451	3	1095	29
451	3	1722	20
451	3	2295	9
452	3	834	29
453	3	730	29
453	3	1200	20
453	3	1565	9
454	3	1722	29
455	3	1043	29
456	3	1461	29
457	3	1148	29
459	3	1930	29
460	3	626	29
461	3	730	29
461	3	1513	20
462	3	1200	29
463	3	1043	29
463	3	1461	20
463	3	2035	9
464	3	1148	29
465	3	626	29
466	3	782	29
466	3	2243	20
467	3	626	29
467	3	1982	20
468	3	574	29
469	3	678	29
469	3	991	20
469	3	2139	9
470	3	2191	29
471	3	1774	29
472	3	834	29
473	3	1043	29
473	3	2087	20
474	3	730	29
474	3	1408	20
475	3	1826	29
476	3	2243	29
478	3	1617	29
480	3	2035	29
481	3	782	29
481	3	1408	20
481	3	1669	9
482	3	782	29
484	3	2243	29
485	3	1565	29
486	3	1513	29
487	3	730	29
488	3	1461	29
489	3	730	29
489	3	1043	20
490	3	1095	29
490	3	1617	20
490	3	2087	9
491	3	730	29
492	3	1148	29
492	3	1826	20
494	3	887	29
495	3	1148	29
495	3	1722	20
496	3	1043	29
496	3	1565	20
497	3	626	29
498	3	782	29
499	3	1513	29
500	3	626	29
500	3	1043	20
500	3	1408	9
501	3	1408	29
502	3	1095	29
503	3	574	29
503	3	991	20
503	3	1461	9
503	3	1774	12
503	3	2035	30
505	3	1722	29
506	3	1304	29
507	3	2139	29
508	3	782	29
508	3	1356	20
508	3	1930	9
508	3	2295	30
510	3	2087	29
512	3	1095	29
512	3	1878	20
513	3	1095	29
514	3	887	29
515	3	626	29
515	3	939	20
515	3	2139	9
516	3	1461	29
517	3	1408	29
518	3	1252	29
519	3	782	29
519	3	1513	20
520	3	1304	29
521	3	782	29
521	3	1356	20
522	3	1043	29
522	3	1617	20
523	3	678	29
523	3	2087	20
524	3	2295	29
525	3	1043	29
525	3	1408	20
525	3	1722	9
526	3	2087	29
527	3	626	29
528	3	678	29
529	3	626	29
529	3	1200	20
529	3	1513	9
530	3	1565	29
531	3	1148	29
531	3	2087	20
532	3	1356	29
533	3	2295	29
534	3	626	29
534	3	991	20
535	3	2295	29
536	3	1565	29
537	3	1043	29
537	3	2139	20
538	3	730	29
538	3	1513	20
539	3	678	29
539	3	991	20
540	3	2087	29
541	3	834	29
541	3	2139	20
542	3	1252	29
543	3	1148	29
543	3	1982	20
544	3	887	29
544	3	1513	20
544	3	2035	9
544	3	2295	30
546	3	1252	29
547	3	887	29
547	3	1513	20
547	3	2139	9
549	3	1356	29
550	3	678	29
550	3	1043	20
550	3	1513	9
550	3	2295	30
551	3	626	29
551	3	1148	20
551	3	1722	9
552	3	1565	29
553	3	1148	29
554	3	574	29
554	3	991	20
555	3	678	29
555	3	1043	20
555	3	1461	9
555	3	1930	12
555	3	2035	30
556	3	991	29
556	3	1774	20
557	3	2295	29
558	3	678	29
559	3	1043	29
559	3	2295	20
561	3	1461	29
562	3	1148	29
563	3	1095	29
563	3	1565	20
564	3	1774	29
565	3	782	29
565	3	1304	20
565	3	1826	9
565	3	2139	12
565	3	2243	30
566	3	887	29
567	3	782	29
568	3	678	29
568	3	1200	20
569	3	1148	29
570	3	1513	29
571	3	730	29
571	3	1982	20
572	3	1826	29
573	3	2243	29
575	3	521	29
575	3	991	20
575	3	1461	9
576	3	1461	29
577	3	782	29
577	3	1617	20
578	3	1200	29
581	3	1252	29
582	3	1095	29
583	3	678	29
583	3	1148	20
583	3	1617	9
584	3	782	29
585	3	626	29
585	3	991	20
585	3	1408	9
585	3	1722	12
586	3	1043	29
586	3	1617	20
587	3	782	29
587	3	1200	20
587	3	1669	9
588	3	887	29
589	3	834	29
589	3	1774	20
590	3	678	29
591	3	1774	29
593	3	1930	29
594	3	1356	29
595	3	887	29
595	3	1304	20
595	3	1722	9
596	3	991	29
597	3	1461	29
598	3	678	29
598	3	991	20
599	3	730	29
599	3	2035	20
600	3	1878	29
601	3	991	29
602	3	1722	29
603	3	939	29
604	3	1304	29
604	3	2139	20
605	3	1461	29
606	3	991	29
606	3	1722	20
607	3	574	29
607	3	1722	20
608	3	1408	29
610	3	2139	29
611	3	1148	29
612	3	1148	29
613	3	1826	29
614	3	1356	29
615	3	1148	29
616	3	1200	29
617	3	2191	29
619	3	1513	29
620	3	782	29
621	3	1148	29
622	3	626	29
622	3	991	20
623	3	1774	29
624	3	782	29
625	3	1304	29
626	3	939	29
626	3	1565	20
627	3	887	29
628	3	939	29
629	3	1826	29
630	3	1200	29
631	3	887	29
631	3	1774	20
632	3	678	29
632	3	991	20
633	3	1669	29
634	3	1148	29
635	3	1513	29
638	3	2087	29
639	3	834	29
639	3	1408	20
639	3	2243	9
641	3	991	29
642	3	1461	29
644	3	834	29
645	3	1148	29
645	3	1774	20
646	3	626	29
646	3	1461	20
648	3	1095	29
649	3	834	29
649	3	1617	20
650	3	1774	29
651	3	834	29
652	3	991	29
652	3	1878	20
653	3	1043	29
653	3	2139	20
654	3	1148	29
655	3	1043	29
656	3	1095	29
657	3	939	29
658	3	887	29
658	3	1408	20
659	3	1304	29
660	3	2191	29
661	3	834	29
662	3	834	29
662	3	1722	20
663	3	1304	29
664	3	678	29
664	3	1408	20
664	3	1774	9
665	3	834	29
666	3	626	29
666	3	2191	20
667	3	678	29
668	3	1304	29
669	3	1304	29
669	3	2087	20
670	3	1252	29
672	3	1461	29
673	3	1513	29
674	3	1200	29
675	3	1148	29
675	3	1774	20
676	3	834	29
676	3	1252	20
677	3	991	29
677	3	1617	20
678	3	887	29
680	3	1148	29
681	3	1669	29
682	3	834	29
683	3	1408	29
684	3	1095	29
684	3	1774	20
685	3	1513	29
686	3	1095	29
687	3	1669	29
688	3	1461	29
689	3	1356	29
690	3	1252	29
691	3	834	29
691	3	1461	20
691	3	2191	9
692	3	1043	29
692	3	1408	20
693	3	1043	29
693	3	1669	20
694	3	887	29
695	3	574	29
695	3	939	20
696	3	1617	29
697	3	782	29
697	3	1669	20
698	3	1774	29
699	3	991	29
700	3	2139	29
701	3	1043	29
701	3	2191	20
702	3	1461	29
703	3	782	29
703	3	1513	20
705	3	1356	29
706	3	626	29
706	3	2191	20
707	3	730	29
708	3	1252	29
709	3	834	29
709	3	1669	20
710	3	887	29
710	3	1408	20
711	3	1304	29
712	3	1200	29
714	3	678	29
715	3	1252	29
716	3	574	29
716	3	1252	20
717	3	1200	29
717	3	1722	20
718	3	782	29
718	3	1356	20
719	3	2139	29
720	3	1878	29
721	3	1095	29
721	3	2139	20
722	3	626	29
722	3	1200	20
722	3	1669	9
723	3	834	29
724	3	1826	29
725	3	782	29
725	3	1722	20
726	3	1043	29
726	3	1565	20
727	3	2191	29
728	3	1982	29
729	3	834	29
730	3	1200	29
731	3	678	29
731	3	2191	20
732	3	834	29
733	3	834	29
733	3	1565	20
734	3	678	29
734	3	1826	20
735	3	2035	29
736	3	1461	29
737	3	678	29
737	3	1878	20
737	3	2295	9
738	3	678	29
738	3	1513	20
738	3	1982	9
738	3	2243	30
738	3	2295	12
739	3	1252	29
741	3	887	29
742	3	678	29
742	3	991	20
742	3	1826	9
742	3	2295	30
743	3	626	29
743	3	2087	20
744	3	1252	29
745	3	1930	29
746	3	1461	29
747	3	1304	29
748	3	2295	29
749	3	2035	29
750	3	626	29
752	3	1148	29
752	3	1878	20
753	3	730	29
753	3	1356	20
753	3	1930	9
753	3	2243	12
754	3	730	29
754	3	1565	20
755	3	730	29
755	3	1826	20
756	3	782	29
756	3	1356	20
756	3	2191	9
757	3	1930	29
758	3	626	29
759	3	1669	29
760	3	1878	29
761	3	1043	29
762	3	1043	29
763	3	1304	29
765	3	730	29
765	3	2139	20
766	3	834	29
767	3	1304	29
768	3	1669	29
769	3	1982	29
770	3	2243	29
771	3	1461	29
772	3	1930	29
773	3	1565	29
774	3	574	29
774	3	1356	20
775	3	1982	29
776	3	626	29
776	3	1252	20
776	3	1930	9
778	3	939	29
779	3	2139	29
780	3	1826	29
781	3	782	29
781	3	1774	20
782	3	1252	29
783	3	1722	29
784	3	678	29
784	3	2087	20
785	3	991	29
786	3	1095	29
787	3	1565	29
788	3	991	29
789	3	1148	29
789	3	2139	20
790	3	1148	29
791	3	1878	29
792	3	887	29
793	3	730	29
793	3	1878	20
794	3	574	29
795	3	1878	29
796	3	1826	29
797	3	782	29
798	3	1408	29
800	3	1669	29
801	3	1722	29
802	3	1095	29
803	3	1095	29
803	3	1722	20
804	3	1043	29
806	3	1669	29
807	3	678	29
807	3	991	20
807	3	1513	9
808	3	2243	29
809	3	2035	29
810	3	678	29
810	3	1774	20
811	3	678	29
811	3	2035	20
812	3	834	29
812	3	1461	20
812	3	2243	9
813	3	1304	29
815	3	730	29
816	3	1148	29
817	3	2243	29
818	3	991	29
818	3	1982	20
819	3	1774	29
820	3	1826	29
821	3	1461	29
822	3	678	29
823	3	730	29
823	3	1252	20
823	3	1826	9
823	3	2295	30
824	3	1148	29
825	3	1043	29
826	3	1252	29
827	3	1930	29
828	3	1252	29
829	3	2191	29
830	3	1148	29
831	3	991	29
831	3	1461	20
831	3	1722	9
831	3	2191	12
831	3	2295	30
832	3	834	29
832	3	1200	20
832	3	1774	9
832	3	2295	30
833	3	1304	29
834	3	678	29
834	3	1461	20
834	3	2087	9
835	3	1043	29
836	3	2295	29
837	3	1513	29
838	3	678	29
838	3	1461	20
839	3	1565	29
840	3	574	29
840	3	991	20
840	3	1513	9
841	3	782	29
842	3	939	29
842	3	2035	20
843	3	678	29
843	3	1200	20
843	3	1461	9
843	3	1878	12
843	3	2139	30
844	3	1669	29
845	3	1513	29
846	3	1565	29
847	3	1356	29
848	3	521	29
848	3	939	20
849	3	2295	29
850	3	834	29
850	3	1304	20
850	3	1669	9
853	3	1878	29
854	3	1200	29
854	3	1774	20
855	3	782	29
856	3	678	29
857	3	1722	29
858	3	1043	29
858	3	1774	20
861	3	834	29
862	3	1826	29
863	3	834	29
863	3	1252	20
864	3	574	29
864	3	1356	20
864	3	1669	9
864	3	2295	30
865	3	834	29
866	3	730	29
866	3	2087	20
867	3	1356	29
868	3	939	29
869	3	1043	29
870	3	1304	29
871	3	1252	29
873	3	678	29
873	3	1200	20
875	3	939	29
876	3	730	29
877	3	626	29
877	3	1095	20
877	3	1513	9
878	3	1408	29
879	3	1200	29
880	3	626	29
880	3	1513	20
882	3	1356	29
883	3	2035	29
884	3	887	29
885	3	678	29
885	3	1095	20
885	3	1722	9
886	3	1774	29
887	3	939	29
888	3	2139	29
889	3	1669	29
890	3	1252	29
891	3	834	29
892	3	1878	29
893	3	834	29
894	3	939	29
895	3	1200	29
896	3	626	29
897	3	626	29
897	3	1617	20
898	3	887	29
898	3	1461	20
899	3	730	29
899	3	1461	20
900	3	1513	29
901	3	678	29
901	3	991	20
902	3	1148	29
902	3	1722	20
903	3	887	29
903	3	1774	20
903	3	2191	9
905	3	1356	29
906	3	626	29
907	3	2243	29
908	3	834	29
909	3	2243	29
910	3	1200	29
911	3	1826	29
912	3	1043	29
913	3	1200	29
914	3	1148	29
914	3	1669	20
915	3	1513	29
916	3	626	29
916	3	1513	20
917	3	782	29
918	3	1252	29
919	3	1878	29
920	3	1617	29
921	3	939	29
922	3	1617	29
923	3	1461	29
924	3	887	29
924	3	1356	20
925	3	678	29
926	3	991	29
926	3	1669	20
926	3	2243	9
927	3	1043	29
929	3	991	29
929	3	1774	20
931	3	782	29
931	3	1200	20
931	3	1565	9
932	3	1304	29
933	3	1356	29
934	3	1252	29
935	3	626	29
936	3	1148	29
937	3	1878	29
938	3	1408	29
939	3	1722	29
940	3	1095	29
940	3	1565	20
941	3	678	29
941	3	1252	20
941	3	1930	9
942	3	521	29
942	3	1304	20
942	3	1722	9
944	3	1095	29
946	3	1252	29
947	3	678	29
947	3	1252	20
947	3	1722	9
948	3	834	29
949	3	469	29
949	3	939	20
949	3	1513	9
950	3	678	29
950	3	1669	20
953	3	834	29
953	3	1461	20
954	3	730	29
954	3	1565	20
956	3	1930	29
958	3	1982	29
960	3	991	29
960	3	1513	20
961	3	834	29
961	3	2191	20
962	3	2035	29
963	3	678	29
964	3	834	29
964	3	1408	20
964	3	2295	9
965	3	1148	29
966	3	678	29
966	3	2087	20
968	3	834	29
969	3	939	29
969	3	1930	20
971	3	574	29
971	3	1878	20
972	3	626	29
972	3	939	20
972	3	1513	9
972	3	2243	12
973	3	834	29
974	3	939	29
975	3	1565	29
976	3	991	29
976	3	1617	20
977	3	2243	29
978	3	782	29
978	3	1461	20
979	3	1513	29
980	3	2191	29
981	3	1200	29
981	3	1669	20
982	3	887	29
983	3	678	29
984	3	1304	29
985	3	1304	29
985	3	2035	20
987	3	1304	29
988	3	1200	29
989	3	730	29
990	3	1826	29
994	3	2295	29
995	3	626	29
995	3	991	20
996	3	1356	29
997	3	2243	29
998	3	1043	29
998	3	1408	20
998	3	1722	9
998	3	2191	12
998	3	2295	30
999	3	1774	29
0	4	626	29
1	4	626	29
2	4	782	29
3	4	1200	29
4	4	782	29
4	4	1878	28
4	4	2191	30
5	4	626	29
6	4	1095	29
7	4	1304	29
8	4	991	29
10	4	678	29
12	4	2243	29
13	4	1826	29
14	4	626	29
15	4	678	29
16	4	991	29
17	4	730	29
18	4	887	29
19	4	2087	29
20	4	991	29
21	4	626	29
22	4	1148	29
23	4	678	29
24	4	678	29
24	4	2295	28
25	4	1565	29
26	4	1200	29
26	4	2295	28
27	4	626	29
28	4	1095	29
29	4	1356	29
30	4	1461	29
31	4	782	29
32	4	1304	29
32	4	2139	28
33	4	730	29
34	4	1095	29
35	4	730	29
36	4	730	29
37	4	1774	29
38	4	887	29
39	4	834	29
40	4	574	29
40	4	2087	28
41	4	1252	29
42	4	1043	29
43	4	678	29
45	4	991	29
46	4	939	29
47	4	1304	29
49	4	678	29
49	4	2191	28
51	4	1878	29
52	4	2243	29
53	4	782	29
53	4	2035	28
53	4	2295	30
55	4	834	29
56	4	2087	29
57	4	521	29
57	4	2295	28
58	4	782	29
59	4	782	29
60	4	2243	29
61	4	782	29
62	4	939	29
63	4	834	29
64	4	2087	29
65	4	626	29
66	4	1304	29
67	4	1043	29
68	4	1669	29
69	4	1095	29
71	4	1148	29
73	4	2139	29
74	4	1826	29
75	4	887	29
76	4	1565	29
77	4	1982	29
79	4	1356	29
79	4	2035	28
80	4	730	29
81	4	887	29
82	4	1565	29
83	4	1304	29
84	4	834	29
86	4	1722	29
87	4	834	29
87	4	2087	28
88	4	991	29
89	4	1043	29
90	4	1461	29
91	4	939	29
92	4	678	29
93	4	1565	29
94	4	2139	29
95	4	1774	29
96	4	1148	29
97	4	1461	29
98	4	1669	29
99	4	1669	29
100	4	2035	29
101	4	887	29
102	4	991	29
103	4	1408	29
104	4	626	29
106	4	991	29
106	4	2139	28
107	4	574	29
107	4	2243	28
108	4	834	29
109	4	1565	29
110	4	730	29
111	4	887	29
112	4	834	29
113	4	678	29
114	4	1408	29
115	4	1513	29
116	4	1669	29
117	4	1722	29
118	4	1356	29
119	4	1513	29
119	4	2191	28
120	4	1356	29
122	4	730	29
123	4	2139	29
124	4	678	29
125	4	782	29
126	4	626	29
127	4	782	29
128	4	574	29
129	4	1304	29
130	4	782	29
131	4	887	29
131	4	1826	28
132	4	574	29
133	4	1095	29
134	4	1304	29
134	4	2243	28
135	4	678	29
136	4	678	29
136	4	1669	28
137	4	1095	29
138	4	626	29
138	4	2087	28
139	4	782	29
139	4	1774	28
139	4	2035	30
140	4	2191	29
141	4	782	29
142	4	1617	29
143	4	1304	29
145	4	1252	29
146	4	730	29
146	4	2295	28
147	4	939	29
148	4	1774	29
149	4	782	29
150	4	887	29
151	4	1513	29
151	4	2295	28
152	4	782	29
152	4	2191	28
153	4	1408	29
154	4	939	29
155	4	574	29
155	4	2295	28
156	4	730	29
158	4	626	29
159	4	626	29
159	4	2295	28
160	4	1095	29
161	4	2191	29
162	4	1200	29
163	4	1982	29
164	4	834	29
165	4	991	29
166	4	2035	29
167	4	1878	29
169	4	626	29
170	4	626	29
171	4	1826	29
172	4	1252	29
172	4	2035	28
173	4	1722	29
174	4	1148	29
175	4	887	29
176	4	678	29
179	4	730	29
181	4	678	29
182	4	887	29
183	4	730	29
185	4	834	29
187	4	1252	29
188	4	1826	29
189	4	1043	29
189	4	1669	28
190	4	1252	29
191	4	730	29
192	4	939	29
193	4	991	29
194	4	2243	29
196	4	574	29
196	4	1669	28
196	4	1982	30
198	4	939	29
199	4	678	29
200	4	1200	29
200	4	2139	28
201	4	1878	29
202	4	1095	29
203	4	991	29
204	4	834	29
205	4	1461	29
205	4	2295	28
206	4	678	29
206	4	1669	28
206	4	1930	30
207	4	626	29
208	4	574	29
210	4	782	29
211	4	1982	29
212	4	1408	29
213	4	1930	29
214	4	2087	29
215	4	1356	29
216	4	2243	29
217	4	1200	29
218	4	991	29
220	4	1826	29
221	4	1095	29
222	4	2035	29
223	4	1982	29
224	4	1252	29
225	4	834	29
225	4	2087	28
226	4	730	29
227	4	1252	29
228	4	678	29
229	4	1043	29
230	4	626	29
231	4	626	29
232	4	782	29
233	4	1408	29
233	4	2139	28
235	4	1930	29
236	4	1878	29
239	4	1408	29
240	4	730	29
240	4	2295	28
241	4	1043	29
242	4	991	29
243	4	626	29
243	4	2087	28
244	4	730	29
245	4	1461	29
245	4	2243	28
248	4	782	29
249	4	626	29
250	4	626	29
250	4	2191	28
251	4	887	29
252	4	2087	29
253	4	1722	29
255	4	1408	29
256	4	1095	29
257	4	1304	29
257	4	2243	28
258	4	678	29
259	4	730	29
260	4	730	29
262	4	1200	29
262	4	1722	28
264	4	939	29
265	4	678	29
266	4	1095	29
267	4	626	29
268	4	1043	29
269	4	678	29
270	4	991	29
271	4	782	29
271	4	2139	28
272	4	626	29
272	4	1722	28
272	4	2035	30
274	4	1513	29
275	4	2191	29
277	4	1982	29
278	4	2035	29
279	4	1304	29
280	4	1774	29
280	4	2295	28
282	4	1982	29
283	4	1304	29
283	4	2243	28
284	4	678	29
284	4	2035	28
285	4	1304	29
286	4	521	29
286	4	2087	28
287	4	1461	29
288	4	939	29
291	4	1043	29
292	4	1878	29
293	4	574	29
293	4	2035	28
294	4	834	29
295	4	1356	29
296	4	678	29
297	4	2139	29
298	4	1148	29
299	4	782	29
300	4	1774	29
301	4	574	29
302	4	626	29
302	4	2295	28
303	4	678	29
303	4	2035	28
304	4	678	29
306	4	574	29
307	4	1826	29
308	4	1513	29
309	4	678	29
309	4	1930	28
309	4	2243	30
310	4	782	29
310	4	2035	28
310	4	2295	30
311	4	1722	29
312	4	1513	29
312	4	2295	28
313	4	1722	29
314	4	1669	29
315	4	1043	29
315	4	1774	28
317	4	1356	29
318	4	1878	29
319	4	1826	29
320	4	1408	29
321	4	782	29
322	4	521	29
323	4	1878	29
324	4	1356	29
325	4	1304	29
326	4	626	29
327	4	1095	29
328	4	1826	29
329	4	1930	29
330	4	1148	29
331	4	730	29
332	4	834	29
333	4	730	29
334	4	1513	29
335	4	626	29
336	4	678	29
337	4	1565	29
338	4	2087	29
339	4	782	29
340	4	1304	29
341	4	1356	29
341	4	2087	28
342	4	574	29
343	4	626	29
344	4	2295	29
345	4	939	29
346	4	991	29
346	4	2139	28
347	4	730	29
348	4	626	29
349	4	834	29
351	4	887	29
352	4	1252	29
353	4	834	29
354	4	574	29
355	4	782	29
356	4	1148	29
357	4	887	29
358	4	1148	29
358	4	2035	28
360	4	887	29
361	4	939	29
362	4	2295	29
364	4	678	29
365	4	2295	29
366	4	1148	29
366	4	2087	28
367	4	887	29
368	4	574	29
368	4	2035	28
369	4	991	29
371	4	939	29
372	4	1252	29
374	4	1878	29
375	4	1408	29
376	4	939	29
377	4	1513	29
378	4	1408	29
379	4	730	29
380	4	1826	29
381	4	1252	29
382	4	626	29
383	4	1408	29
384	4	834	29
385	4	1513	29
386	4	678	29
387	4	782	29
388	4	2243	29
389	4	782	29
390	4	626	29
391	4	626	29
391	4	2087	28
392	4	1826	29
393	4	521	29
394	4	1095	29
396	4	782	29
396	4	1722	28
397	4	1148	29
397	4	2035	28
398	4	1982	29
399	4	730	29
400	4	939	29
401	4	2295	29
402	4	1043	29
403	4	2191	29
404	4	1095	29
405	4	1513	29
406	4	834	29
407	4	1252	29
409	4	1617	29
410	4	1722	29
411	4	834	29
412	4	782	29
412	4	1774	28
412	4	2035	30
413	4	730	29
413	4	1774	28
413	4	2243	30
414	4	887	29
414	4	2243	28
415	4	834	29
416	4	1930	29
417	4	678	29
418	4	939	29
419	4	626	29
420	4	1200	29
421	4	2087	29
422	4	1982	29
423	4	1148	29
424	4	887	29
424	4	1930	28
424	4	2191	30
425	4	1669	29
426	4	1200	29
426	4	2087	28
427	4	2243	29
428	4	678	29
429	4	939	29
430	4	782	29
431	4	626	29
432	4	887	29
432	4	2295	28
433	4	1200	29
434	4	782	29
434	4	1982	28
434	4	2243	30
435	4	730	29
436	4	678	29
437	4	730	29
438	4	1043	29
438	4	1722	28
439	4	1565	29
440	4	1200	29
442	4	1095	29
445	4	834	29
446	4	1774	29
447	4	1774	29
449	4	2295	29
451	4	1095	29
451	4	1669	28
452	4	834	29
453	4	730	29
454	4	1722	29
455	4	1043	29
456	4	1461	29
457	4	1148	29
459	4	1930	29
460	4	626	29
461	4	730	29
462	4	1200	29
462	4	2191	28
463	4	1043	29
464	4	1148	29
465	4	626	29
466	4	782	29
467	4	626	29
468	4	574	29
469	4	678	29
470	4	2191	29
471	4	1774	29
472	4	834	29
473	4	1043	29
474	4	730	29
475	4	1826	29
476	4	2243	29
478	4	1617	29
480	4	2035	29
481	4	782	29
481	4	2087	28
482	4	782	29
484	4	2243	29
485	4	1565	29
486	4	1513	29
486	4	2295	28
487	4	730	29
488	4	1461	29
489	4	730	29
490	4	1095	29
490	4	1722	28
491	4	730	29
492	4	1148	29
492	4	1878	28
494	4	887	29
495	4	1148	29
495	4	1669	28
496	4	1043	29
496	4	1722	28
497	4	626	29
498	4	782	29
499	4	1252	28
499	4	1513	29
500	4	626	29
501	4	1408	29
502	4	1095	29
503	4	574	29
503	4	1722	28
503	4	2035	30
505	4	1722	29
506	4	1304	29
507	4	2139	29
508	4	782	29
508	4	2035	28
508	4	2295	30
510	4	2087	29
512	4	1095	29
513	4	1095	29
514	4	887	29
515	4	626	29
516	4	1461	29
517	4	1408	29
518	4	1252	29
519	4	782	29
520	4	1304	29
521	4	782	29
522	4	1043	29
523	4	678	29
524	4	2295	29
525	4	1043	29
526	4	2087	29
527	4	626	29
528	4	678	29
529	4	626	29
529	4	1930	28
530	4	1565	29
530	4	2087	28
531	4	1148	29
532	4	1356	29
533	4	2295	29
534	4	626	29
535	4	2295	29
536	4	1565	29
537	4	1043	29
538	4	730	29
539	4	678	29
540	4	2087	29
541	4	834	29
542	4	1252	29
543	4	1148	29
544	4	887	29
544	4	2035	28
544	4	2295	30
546	4	1252	29
547	4	887	29
547	4	2035	28
549	4	1356	29
550	4	678	29
550	4	1930	28
550	4	2295	30
551	4	626	29
551	4	2295	28
552	4	1565	29
553	4	1148	29
554	4	574	29
555	4	678	29
555	4	1722	28
555	4	2035	30
556	4	991	29
557	4	2295	29
558	4	678	29
559	4	1043	29
561	4	1461	29
562	4	1148	29
563	4	1095	29
563	4	1617	28
564	4	1774	29
565	4	782	29
565	4	1982	28
565	4	2243	30
566	4	887	29
567	4	782	29
568	4	678	29
569	4	1148	29
570	4	1513	29
571	4	730	29
572	4	1826	29
573	4	2243	29
575	4	521	29
575	4	1774	28
576	4	1461	29
577	4	782	29
578	4	1200	29
581	4	1252	29
582	4	1095	29
583	4	678	29
583	4	1774	28
584	4	782	29
585	4	626	29
585	4	1722	28
586	4	1043	29
586	4	1617	28
587	4	782	29
588	4	887	29
589	4	834	29
590	4	678	29
591	4	1774	29
593	4	1930	29
594	4	1356	29
594	4	2295	28
595	4	887	29
595	4	2035	28
596	4	991	29
597	4	1461	29
598	4	678	29
599	4	730	29
600	4	1878	29
601	4	991	29
602	4	1722	29
603	4	939	29
604	4	1304	29
604	4	1878	28
605	4	1461	29
606	4	991	29
607	4	574	29
608	4	1148	28
608	4	1408	29
610	4	2139	29
611	4	1148	29
612	4	1148	29
613	4	1826	29
614	4	1356	29
615	4	1148	29
616	4	1200	29
617	4	2191	29
619	4	1513	29
620	4	782	29
621	4	1148	29
622	4	626	29
623	4	1774	29
624	4	782	29
625	4	1304	29
626	4	939	29
627	4	887	29
628	4	939	29
629	4	1826	29
630	4	1200	29
631	4	887	29
631	4	2191	28
632	4	678	29
633	4	1669	29
634	4	1148	29
635	4	1513	29
638	4	2087	29
639	4	834	29
641	4	991	29
642	4	1461	29
644	4	834	29
645	4	1148	29
645	4	1774	28
646	4	626	29
648	4	1095	29
649	4	834	29
650	4	1774	29
651	4	834	29
652	4	991	29
653	4	1043	29
653	4	2087	28
654	4	1148	29
655	4	1043	29
656	4	1095	29
657	4	939	29
658	4	887	29
658	4	2295	28
659	4	1304	29
660	4	2191	29
661	4	834	29
662	4	834	29
663	4	1304	29
664	4	678	29
664	4	2035	28
665	4	834	29
666	4	626	29
667	4	678	29
668	4	1304	29
668	4	2139	28
669	4	1304	29
669	4	1982	28
670	4	1252	29
672	4	1461	29
673	4	1513	29
674	4	1200	29
675	4	1148	29
676	4	834	29
676	4	2295	28
677	4	991	29
678	4	887	29
680	4	1148	29
681	4	1669	29
682	4	834	29
683	4	1408	29
684	4	1095	29
685	4	1513	29
686	4	1095	29
687	4	1669	29
688	4	1461	29
689	4	1356	29
690	4	1252	29
691	4	834	29
691	4	2139	28
692	4	1043	29
692	4	1513	28
693	4	1043	29
693	4	1669	28
694	4	887	29
695	4	574	29
696	4	1617	29
697	4	782	29
698	4	1774	29
699	4	991	29
700	4	2139	29
701	4	1043	29
702	4	1461	29
703	4	782	29
705	4	1356	29
705	4	2139	28
706	4	626	29
707	4	730	29
708	4	1252	29
709	4	834	29
710	4	887	29
711	4	1304	29
712	4	1200	29
714	4	678	29
715	4	1252	29
716	4	574	29
717	4	1200	29
717	4	1774	28
718	4	782	29
719	4	2139	29
720	4	1878	29
721	4	1095	29
721	4	1930	28
722	4	626	29
722	4	1774	28
723	4	834	29
724	4	1826	29
725	4	782	29
726	4	1043	29
726	4	1617	28
727	4	2191	29
728	4	1982	29
729	4	834	29
730	4	1200	29
731	4	678	29
732	4	834	29
733	4	834	29
734	4	678	29
735	4	2035	29
736	4	1461	29
737	4	678	29
738	4	678	29
738	4	1982	28
738	4	2243	30
739	4	1252	29
741	4	887	29
742	4	678	29
742	4	2035	28
742	4	2295	30
743	4	626	29
744	4	1252	29
744	4	1982	28
745	4	1930	29
746	4	1461	29
747	4	1304	29
748	4	2295	29
749	4	2035	29
750	4	626	29
752	4	1148	29
752	4	2295	28
753	4	730	29
753	4	2139	28
754	4	730	29
755	4	730	29
756	4	782	29
756	4	2191	28
757	4	1930	29
758	4	626	29
759	4	1669	29
760	4	1878	29
761	4	1043	29
762	4	1043	29
763	4	1304	29
763	4	2087	28
765	4	730	29
766	4	834	29
767	4	1304	29
767	4	2243	28
768	4	1669	29
769	4	1982	29
770	4	2243	29
771	4	1461	29
772	4	1930	29
773	4	1565	29
774	4	574	29
775	4	1982	29
776	4	626	29
776	4	2139	28
778	4	939	29
779	4	2139	29
780	4	1826	29
781	4	782	29
782	4	1252	29
783	4	1722	29
784	4	678	29
785	4	991	29
786	4	1095	29
787	4	1565	29
788	4	991	29
789	4	1148	29
789	4	1930	28
790	4	1148	29
791	4	1878	29
792	4	887	29
793	4	730	29
794	4	574	29
795	4	1878	29
796	4	1826	29
797	4	782	29
798	4	1408	29
798	4	2295	28
800	4	1669	29
801	4	1722	29
802	4	1095	29
803	4	1095	29
804	4	1043	29
806	4	1669	29
807	4	678	29
807	4	1722	28
808	4	2243	29
809	4	2035	29
810	4	678	29
811	4	678	29
812	4	834	29
812	4	2191	28
813	4	1304	29
815	4	730	29
816	4	1148	29
817	4	2243	29
818	4	991	29
819	4	1774	29
820	4	1826	29
821	4	1461	29
822	4	678	29
823	4	730	29
823	4	2035	28
823	4	2295	30
824	4	1148	29
825	4	1043	29
826	4	1252	29
827	4	1930	29
828	4	1252	29
829	4	2191	29
830	4	1148	29
831	4	991	29
831	4	2035	28
831	4	2295	30
832	4	834	29
832	4	1982	28
832	4	2295	30
833	4	1304	29
834	4	678	29
834	4	2087	28
835	4	1043	29
836	4	2295	29
837	4	1513	29
838	4	678	29
839	4	1565	29
840	4	574	29
840	4	1722	28
841	4	782	29
842	4	939	29
843	4	678	29
843	4	1878	28
843	4	2139	30
844	4	1669	29
845	4	1513	29
846	4	1565	29
847	4	1356	29
847	4	2087	28
848	4	521	29
849	4	2295	29
850	4	834	29
853	4	1878	29
854	4	1200	29
855	4	782	29
856	4	678	29
857	4	1722	29
858	4	1043	29
861	4	834	29
862	4	1826	29
863	4	834	29
864	4	574	29
864	4	1982	28
864	4	2295	30
865	4	834	29
866	4	730	29
867	4	1356	29
868	4	939	29
869	4	1043	29
870	4	1304	29
871	4	1252	29
873	4	678	29
875	4	939	29
876	4	730	29
877	4	626	29
878	4	1408	29
879	4	1200	29
880	4	626	29
882	4	1356	29
883	4	2035	29
884	4	887	29
885	4	678	29
886	4	1774	29
887	4	939	29
888	4	2139	29
889	4	1669	29
890	4	1252	29
890	4	2191	28
891	4	834	29
892	4	1878	29
893	4	834	29
894	4	939	29
895	4	1200	29
896	4	626	29
897	4	626	29
898	4	887	29
899	4	730	29
900	4	1513	29
901	4	678	29
902	4	1148	29
902	4	1669	28
903	4	887	29
903	4	2191	28
905	4	1356	29
906	4	626	29
907	4	2243	29
908	4	834	29
909	4	2243	29
910	4	1200	29
911	4	1826	29
912	4	1043	29
913	4	1200	29
913	4	2295	28
914	4	1148	29
914	4	1774	28
915	4	1513	29
916	4	626	29
917	4	782	29
918	4	1252	29
919	4	1878	29
920	4	1617	29
921	4	939	29
922	4	1617	29
922	4	2243	28
923	4	1461	29
924	4	887	29
925	4	678	29
926	4	991	29
926	4	2295	28
927	4	1043	29
929	4	991	29
931	4	782	29
932	4	1304	29
932	4	2139	28
933	4	1356	29
933	4	2139	28
934	4	1252	29
935	4	626	29
936	4	1148	29
937	4	1878	29
938	4	1408	29
939	4	1722	29
940	4	1095	29
940	4	2295	28
941	4	678	29
941	4	2295	28
942	4	521	29
944	4	1095	29
946	4	1252	29
946	4	2191	28
947	4	678	29
947	4	1982	28
948	4	834	29
949	4	469	29
950	4	678	29
953	4	834	29
954	4	730	29
956	4	1930	29
958	4	1982	29
960	4	991	29
961	4	834	29
962	4	2035	29
963	4	678	29
964	4	834	29
964	4	2139	28
965	4	1148	29
966	4	678	29
968	4	834	29
969	4	939	29
971	4	574	29
972	4	626	29
972	4	2035	28
973	4	834	29
974	4	939	29
975	4	1565	29
976	4	991	29
977	4	2243	29
978	4	782	29
979	4	1513	29
979	4	2191	28
980	4	2191	29
981	4	1200	29
982	4	887	29
983	4	678	29
984	4	1304	29
985	4	1304	29
985	4	1982	28
987	4	1304	29
988	4	1200	29
989	4	730	29
990	4	1826	29
994	4	2295	29
995	4	626	29
996	4	1356	29
997	4	2243	29
998	4	1043	29
998	4	2035	28
998	4	2295	30
999	4	1774	29
0	5	417	24
0	5	626	29
1	5	417	24
1	5	626	29
1	5	887	27
2	5	417	24
2	5	782	29
3	5	1043	24
3	5	1200	29
3	5	1617	27
4	5	417	24
4	5	782	29
4	5	1095	27
4	5	1878	28
4	5	2191	30
5	5	417	24
5	5	626	29
5	5	1982	27
6	5	417	24
6	5	939	27
6	5	1095	29
7	5	626	24
7	5	1252	27
7	5	1304	29
8	5	469	24
8	5	991	29
8	5	1252	27
9	5	887	24
10	5	417	24
10	5	678	29
11	5	2191	24
12	5	730	24
12	5	2243	29
13	5	782	24
13	5	1826	29
14	5	417	24
14	5	626	29
14	5	887	27
15	5	417	24
15	5	678	29
16	5	417	24
16	5	782	27
16	5	991	29
17	5	417	24
17	5	678	27
17	5	730	29
18	5	417	24
18	5	730	27
18	5	887	29
19	5	1669	24
19	5	2087	29
20	5	417	24
20	5	991	29
20	5	2191	27
21	5	417	24
21	5	626	29
22	5	626	24
22	5	1148	29
22	5	2035	27
23	5	417	24
23	5	678	29
23	5	939	27
24	5	417	24
24	5	678	29
24	5	1304	27
24	5	2295	28
25	5	1408	24
25	5	1565	29
26	5	417	24
26	5	1148	27
26	5	1200	29
26	5	2295	28
27	5	417	24
27	5	626	29
27	5	1252	27
28	5	469	24
28	5	1043	27
28	5	1095	29
29	5	574	24
29	5	1356	29
29	5	2087	27
30	5	1095	24
30	5	1461	29
30	5	1722	27
31	5	417	24
31	5	782	29
31	5	1930	27
32	5	1043	24
32	5	1304	29
32	5	2139	28
33	5	417	24
33	5	730	29
33	5	1878	27
34	5	469	24
34	5	1095	29
34	5	1461	27
35	5	417	24
35	5	730	29
35	5	2243	27
36	5	417	24
36	5	730	29
37	5	417	24
37	5	1774	29
37	5	2191	27
38	5	417	24
38	5	887	29
39	5	417	24
39	5	834	29
39	5	1461	27
40	5	417	24
40	5	574	29
40	5	887	27
40	5	2087	28
41	5	521	24
41	5	1095	27
41	5	1252	29
42	5	469	24
42	5	1043	29
42	5	1356	27
43	5	417	24
43	5	678	29
43	5	1200	27
44	5	1356	24
45	5	417	24
45	5	991	29
45	5	1304	27
46	5	417	24
46	5	782	27
46	5	939	29
47	5	991	24
47	5	1304	29
47	5	1722	27
48	5	991	24
49	5	417	24
49	5	678	29
49	5	1200	27
49	5	2191	28
50	5	1252	24
51	5	1148	24
51	5	1878	29
51	5	2191	27
52	5	521	24
52	5	2243	29
53	5	417	24
53	5	782	29
53	5	2035	28
53	5	2295	30
55	5	417	24
55	5	834	29
56	5	1043	24
56	5	2087	29
57	5	417	24
57	5	521	29
57	5	939	27
57	5	2295	28
58	5	417	24
58	5	782	29
58	5	1200	27
59	5	417	24
59	5	678	27
59	5	782	29
60	5	834	24
60	5	2243	29
61	5	417	24
61	5	782	29
61	5	2243	27
62	5	417	24
62	5	887	27
62	5	939	29
63	5	469	24
63	5	834	29
63	5	1356	27
64	5	1826	24
64	5	2087	29
65	5	469	24
65	5	626	29
65	5	1669	27
66	5	1095	24
66	5	1304	29
66	5	1826	27
67	5	469	24
67	5	1043	29
67	5	1356	27
68	5	1252	24
68	5	1669	29
69	5	626	24
69	5	1095	29
69	5	1461	27
70	5	417	24
71	5	1043	24
71	5	1148	29
71	5	1565	27
73	5	1408	24
73	5	2139	29
74	5	574	24
74	5	1826	29
74	5	2191	27
75	5	417	24
75	5	782	27
75	5	887	29
76	5	1200	24
76	5	1565	29
77	5	1200	24
77	5	1982	29
78	5	1095	24
79	5	521	24
79	5	1304	27
79	5	1356	29
79	5	2035	28
80	5	417	24
80	5	730	29
80	5	1722	27
81	5	417	24
81	5	887	29
81	5	2035	27
82	5	417	24
82	5	1565	29
82	5	1982	27
83	5	887	24
83	5	1304	29
83	5	2243	27
84	5	417	24
84	5	834	29
85	5	1408	24
86	5	834	24
86	5	1722	29
87	5	417	24
87	5	730	27
87	5	834	29
87	5	2087	28
88	5	469	24
88	5	991	29
88	5	1356	27
89	5	521	24
89	5	1043	29
89	5	1513	27
90	5	1148	24
90	5	1461	29
91	5	417	24
91	5	939	29
92	5	417	24
92	5	678	29
93	5	1095	24
93	5	1565	29
94	5	1408	24
94	5	2139	29
95	5	626	24
95	5	1774	29
95	5	2087	27
96	5	730	24
96	5	1148	29
96	5	1669	27
97	5	991	24
97	5	1461	29
98	5	1408	24
98	5	1669	29
98	5	2243	27
99	5	730	24
99	5	1669	29
100	5	1095	24
100	5	2035	29
101	5	417	24
101	5	887	29
102	5	469	24
102	5	991	29
102	5	1617	27
103	5	574	24
103	5	1408	29
104	5	417	24
104	5	626	29
104	5	1200	27
105	5	1982	24
106	5	469	24
106	5	991	29
106	5	1252	27
106	5	2139	28
107	5	417	24
107	5	574	29
107	5	939	27
107	5	2243	28
108	5	417	24
108	5	782	27
108	5	834	29
109	5	1043	24
109	5	1565	29
109	5	2191	27
110	5	417	24
110	5	730	29
111	5	417	24
111	5	887	29
111	5	2035	27
112	5	469	24
112	5	834	29
112	5	2243	27
113	5	417	24
113	5	678	29
114	5	417	24
114	5	1408	29
115	5	1200	24
115	5	1513	29
116	5	1252	24
116	5	1669	29
116	5	2035	27
117	5	1200	24
117	5	1722	29
117	5	2087	27
118	5	1043	24
118	5	1356	29
118	5	1722	27
119	5	1095	24
119	5	1513	29
119	5	2191	28
120	5	574	24
120	5	1356	29
121	5	1043	24
122	5	417	24
122	5	730	29
123	5	1722	24
123	5	2139	29
124	5	417	24
124	5	678	29
125	5	417	24
125	5	782	29
125	5	1148	27
126	5	417	24
126	5	626	29
126	5	939	27
127	5	417	24
127	5	730	27
127	5	782	29
128	5	417	24
128	5	574	29
128	5	887	27
129	5	834	24
129	5	1304	29
130	5	417	24
130	5	782	29
131	5	417	24
131	5	887	29
131	5	1252	27
131	5	1826	28
132	5	417	24
132	5	574	29
132	5	939	27
133	5	417	24
133	5	939	27
133	5	1095	29
134	5	626	24
134	5	1304	29
134	5	1826	27
134	5	2243	28
135	5	417	24
135	5	678	29
136	5	417	24
136	5	678	29
136	5	1669	28
137	5	469	24
137	5	1095	29
137	5	1461	27
138	5	417	24
138	5	626	29
138	5	887	27
138	5	2087	28
139	5	417	24
139	5	782	29
139	5	1774	28
139	5	2035	30
139	5	2295	25
140	5	1356	24
140	5	2191	29
141	5	417	24
141	5	730	27
141	5	782	29
142	5	574	24
142	5	1617	29
142	5	2087	27
143	5	1095	24
143	5	1304	29
143	5	1878	27
145	5	1043	24
145	5	1252	29
145	5	1617	27
146	5	417	24
146	5	730	29
146	5	1304	27
146	5	2295	28
147	5	417	24
147	5	939	29
148	5	1095	24
148	5	1722	27
148	5	1774	29
149	5	417	24
149	5	730	27
149	5	782	29
150	5	417	24
150	5	834	27
150	5	887	29
151	5	574	24
151	5	1513	29
151	5	1930	27
151	5	2295	28
152	5	417	24
152	5	782	29
152	5	1252	27
152	5	2191	28
153	5	521	24
153	5	1408	29
153	5	2243	27
154	5	417	24
154	5	834	27
154	5	939	29
155	5	417	24
155	5	574	29
155	5	887	27
155	5	2295	28
156	5	417	24
156	5	730	29
158	5	417	24
158	5	626	29
158	5	1252	27
159	5	417	24
159	5	626	29
159	5	1982	27
159	5	2295	28
160	5	469	24
160	5	1095	29
161	5	1356	24
161	5	2191	29
162	5	782	24
162	5	1200	29
163	5	782	24
163	5	1982	29
164	5	417	24
164	5	782	27
164	5	834	29
165	5	417	24
165	5	887	27
165	5	991	29
166	5	1461	24
166	5	2035	29
167	5	991	24
167	5	1826	27
167	5	1878	29
169	5	417	24
169	5	626	29
169	5	939	27
170	5	417	24
170	5	626	29
171	5	574	24
171	5	1826	29
172	5	887	24
172	5	1252	29
172	5	2035	28
173	5	1095	24
173	5	1722	29
173	5	2191	27
174	5	574	24
174	5	1148	29
174	5	1565	27
175	5	417	24
175	5	887	29
175	5	1304	27
176	5	417	24
176	5	678	29
177	5	1408	24
178	5	1878	24
179	5	417	24
179	5	730	29
179	5	1252	27
180	5	887	24
181	5	417	24
181	5	678	29
182	5	469	24
182	5	887	29
183	5	417	24
183	5	730	29
184	5	782	24
185	5	417	24
185	5	834	29
186	5	1982	24
187	5	521	24
187	5	1095	27
187	5	1252	29
188	5	730	24
188	5	1826	29
188	5	2191	27
189	5	469	24
189	5	1043	29
189	5	1669	28
190	5	834	24
190	5	1252	29
190	5	2191	27
191	5	417	24
191	5	730	29
192	5	417	24
192	5	939	29
193	5	417	24
193	5	991	29
193	5	2295	27
194	5	417	24
194	5	2243	29
196	5	417	24
196	5	574	29
196	5	887	27
196	5	1669	28
196	5	1982	30
196	5	2243	25
197	5	2295	24
198	5	469	24
198	5	939	29
198	5	1304	27
199	5	417	24
199	5	678	29
200	5	1043	24
200	5	1200	29
200	5	1617	27
200	5	2139	28
201	5	1461	24
201	5	1878	29
202	5	730	24
202	5	1095	29
202	5	1565	27
203	5	521	24
203	5	991	29
203	5	1513	27
204	5	417	24
204	5	834	29
205	5	1095	24
205	5	1461	29
205	5	1930	27
205	5	2295	28
206	5	417	24
206	5	678	29
206	5	1669	28
206	5	1930	30
206	5	2191	25
207	5	417	24
207	5	626	29
207	5	2139	27
208	5	417	24
208	5	574	29
208	5	1304	27
209	5	1930	24
210	5	417	24
210	5	782	29
210	5	1513	27
211	5	1304	24
211	5	1982	29
212	5	574	24
212	5	1356	27
212	5	1408	29
213	5	1356	24
213	5	1930	29
214	5	521	24
214	5	2087	29
215	5	1095	24
215	5	1356	29
215	5	1669	27
216	5	730	24
216	5	2243	29
217	5	1043	24
217	5	1200	29
217	5	1565	27
218	5	469	24
218	5	991	29
218	5	1408	27
219	5	1878	24
220	5	1095	24
220	5	1826	29
221	5	417	24
221	5	1095	29
221	5	1461	27
222	5	887	24
222	5	2035	29
223	5	521	24
223	5	1982	29
224	5	574	24
224	5	1252	29
224	5	1774	27
225	5	417	24
225	5	730	27
225	5	834	29
225	5	2087	28
226	5	417	24
226	5	730	29
227	5	469	24
227	5	1252	29
227	5	2035	27
228	5	417	24
228	5	678	29
229	5	469	24
229	5	1043	29
229	5	1408	27
230	5	417	24
230	5	626	29
230	5	887	27
231	5	417	24
231	5	626	29
231	5	887	27
232	5	417	24
232	5	730	27
232	5	782	29
233	5	1095	24
233	5	1408	29
233	5	1774	27
233	5	2139	28
235	5	1252	24
235	5	1930	29
236	5	678	24
236	5	1878	29
237	5	626	24
238	5	782	24
239	5	1043	24
239	5	1408	29
240	5	417	24
240	5	730	29
240	5	1982	27
240	5	2295	28
241	5	469	24
241	5	1043	29
241	5	1304	27
242	5	417	24
242	5	991	29
243	5	417	24
243	5	626	29
243	5	887	27
243	5	2087	28
244	5	417	24
244	5	678	27
244	5	730	29
245	5	1043	24
245	5	1461	29
245	5	1878	27
245	5	2243	28
246	5	1878	24
247	5	1669	24
248	5	417	24
248	5	678	27
248	5	782	29
249	5	417	24
249	5	626	29
249	5	887	27
250	5	417	24
250	5	626	29
250	5	1878	27
250	5	2191	28
251	5	417	24
251	5	887	29
252	5	834	24
252	5	2087	29
253	5	574	24
253	5	1722	29
253	5	1982	27
255	5	678	24
255	5	1408	29
256	5	469	24
256	5	1095	29
256	5	1513	27
257	5	939	24
257	5	1304	29
257	5	1722	27
257	5	2243	28
258	5	417	24
258	5	678	29
259	5	417	24
259	5	730	29
260	5	417	24
260	5	730	29
260	5	1774	27
262	5	574	24
262	5	1148	27
262	5	1200	29
262	5	1722	28
263	5	574	24
264	5	417	24
264	5	834	27
264	5	939	29
265	5	417	24
265	5	678	29
265	5	2191	27
266	5	417	24
266	5	1043	27
266	5	1095	29
267	5	417	24
267	5	626	29
268	5	678	24
268	5	1043	29
268	5	1461	27
269	5	417	24
269	5	678	29
269	5	1148	27
270	5	521	24
270	5	991	29
270	5	2243	27
271	5	417	24
271	5	782	29
271	5	1304	27
271	5	2139	28
272	5	417	24
272	5	626	29
272	5	1043	27
272	5	1722	28
272	5	2035	30
272	5	2295	25
273	5	2035	24
274	5	1043	24
274	5	1513	29
275	5	1252	24
275	5	2191	29
276	5	1878	24
277	5	469	24
277	5	1982	29
278	5	1252	24
278	5	2035	29
279	5	1043	24
279	5	1304	29
280	5	469	24
280	5	1774	29
280	5	2295	28
282	5	1252	24
282	5	1982	29
283	5	1043	24
283	5	1304	29
283	5	1617	27
283	5	2243	28
284	5	417	24
284	5	678	29
284	5	2035	28
285	5	1043	24
285	5	1304	29
286	5	417	24
286	5	521	29
286	5	1095	27
286	5	2087	28
287	5	1043	24
287	5	1461	29
288	5	417	24
288	5	834	27
288	5	939	29
289	5	782	24
290	5	2243	24
291	5	417	24
291	5	1043	29
292	5	1200	24
292	5	1878	29
293	5	417	24
293	5	574	29
293	5	834	27
293	5	2035	28
294	5	417	24
294	5	782	27
294	5	834	29
295	5	834	24
295	5	1356	29
295	5	1930	27
296	5	417	24
296	5	678	29
297	5	1043	24
297	5	2139	29
298	5	574	24
298	5	1148	29
298	5	1565	27
299	5	417	24
299	5	730	27
299	5	782	29
300	5	730	24
300	5	1774	29
300	5	2191	27
301	5	417	24
301	5	574	29
301	5	887	27
302	5	417	24
302	5	626	29
302	5	1356	27
302	5	2295	28
303	5	417	24
303	5	678	29
303	5	2035	28
304	5	417	24
304	5	678	29
306	5	417	24
306	5	574	29
306	5	887	27
307	5	417	24
307	5	1826	29
308	5	469	24
308	5	1513	29
309	5	417	24
309	5	678	29
309	5	1930	28
309	5	2243	30
310	5	417	24
310	5	782	29
310	5	1148	27
310	5	2035	28
310	5	2295	30
311	5	574	24
311	5	1722	29
312	5	730	24
312	5	1513	29
312	5	1930	27
312	5	2295	28
313	5	521	24
313	5	1722	29
314	5	1095	24
314	5	1669	29
315	5	469	24
315	5	1043	29
315	5	1774	28
316	5	1878	24
317	5	1095	24
317	5	1356	29
317	5	1722	27
318	5	1200	24
318	5	1878	29
319	5	939	24
319	5	1826	29
320	5	1095	24
320	5	1408	29
321	5	417	24
321	5	730	27
321	5	782	29
322	5	417	24
322	5	521	29
322	5	1826	27
323	5	1617	24
323	5	1878	29
324	5	1148	24
324	5	1356	29
324	5	2295	27
325	5	1095	24
325	5	1304	29
325	5	2191	27
326	5	417	24
326	5	626	29
326	5	887	27
327	5	991	24
327	5	1095	29
327	5	1513	27
328	5	626	24
328	5	1826	29
329	5	1200	24
329	5	1930	29
330	5	469	24
330	5	1095	27
330	5	1148	29
331	5	417	24
331	5	730	29
332	5	417	24
332	5	834	29
332	5	1252	27
333	5	417	24
333	5	678	27
333	5	730	29
334	5	1095	24
334	5	1513	29
335	5	417	24
335	5	626	29
336	5	417	24
336	5	678	29
337	5	626	24
337	5	1565	29
337	5	2191	27
338	5	730	24
338	5	2087	29
339	5	417	24
339	5	730	27
339	5	782	29
340	5	1043	24
340	5	1304	29
340	5	1617	27
341	5	1043	24
341	5	1356	29
341	5	2087	28
342	5	417	24
342	5	574	29
342	5	991	27
343	5	417	24
343	5	626	29
344	5	1826	24
344	5	2295	29
345	5	417	24
345	5	939	29
345	5	1252	27
346	5	417	24
346	5	939	27
346	5	991	29
346	5	2139	28
347	5	417	24
347	5	730	29
347	5	1617	27
348	5	417	24
348	5	626	29
348	5	1252	27
349	5	417	24
349	5	782	27
349	5	834	29
350	5	1826	24
351	5	417	24
351	5	887	29
352	5	417	24
352	5	1043	27
352	5	1252	29
353	5	417	24
353	5	782	27
353	5	834	29
354	5	417	24
354	5	574	29
354	5	1617	27
355	5	417	24
355	5	782	29
356	5	574	24
356	5	1148	29
356	5	1722	27
357	5	417	24
357	5	887	29
358	5	626	24
358	5	1148	29
358	5	1617	27
358	5	2035	28
360	5	521	24
360	5	887	29
360	5	2191	27
361	5	417	24
361	5	939	29
362	5	887	24
362	5	2295	29
364	5	417	24
364	5	678	29
365	5	1356	24
365	5	2295	29
366	5	521	24
366	5	1148	29
366	5	2087	28
367	5	417	24
367	5	887	29
368	5	417	24
368	5	574	29
368	5	834	27
368	5	2035	28
369	5	417	24
369	5	887	27
369	5	991	29
370	5	574	24
371	5	417	24
371	5	782	27
371	5	939	29
372	5	574	24
372	5	1252	29
372	5	1669	27
373	5	626	24
374	5	1252	24
374	5	1826	27
374	5	1878	29
375	5	1095	24
375	5	1408	29
376	5	417	24
376	5	939	29
377	5	1095	24
377	5	1513	29
377	5	1930	27
378	5	730	24
378	5	1408	29
379	5	417	24
379	5	730	29
379	5	1408	27
380	5	417	24
380	5	1826	29
381	5	417	24
381	5	1252	29
381	5	1930	27
382	5	417	24
382	5	626	29
382	5	1826	27
383	5	1148	24
383	5	1408	29
384	5	417	24
384	5	834	29
384	5	1513	27
385	5	417	24
385	5	1513	29
386	5	417	24
386	5	678	29
387	5	417	24
387	5	782	29
387	5	1148	27
388	5	1878	24
388	5	2243	29
389	5	417	24
389	5	730	27
389	5	782	29
390	5	417	24
390	5	626	29
391	5	417	24
391	5	626	29
391	5	1200	27
391	5	2087	28
392	5	730	24
392	5	1826	29
393	5	417	24
393	5	521	29
394	5	417	24
394	5	1095	29
394	5	2035	27
395	5	417	24
396	5	417	24
396	5	678	27
396	5	782	29
396	5	1722	28
397	5	1095	24
397	5	1148	29
397	5	1617	27
397	5	2035	28
398	5	417	24
398	5	1982	29
399	5	417	24
399	5	678	27
399	5	730	29
400	5	417	24
400	5	939	29
401	5	1930	24
401	5	2295	29
402	5	417	24
402	5	1043	29
403	5	1826	24
403	5	2191	29
404	5	574	24
404	5	1095	29
404	5	1930	27
405	5	730	24
405	5	1513	29
405	5	2087	27
406	5	417	24
406	5	834	29
407	5	1043	24
407	5	1252	29
407	5	1565	27
409	5	782	24
409	5	1617	29
410	5	678	24
410	5	1722	29
410	5	2035	27
411	5	417	24
411	5	730	27
411	5	834	29
412	5	417	24
412	5	678	27
412	5	782	29
412	5	1774	28
412	5	2035	30
412	5	2295	25
413	5	417	24
413	5	678	27
413	5	730	29
413	5	1774	28
413	5	2243	30
414	5	417	24
414	5	887	29
414	5	1304	27
414	5	2243	28
415	5	417	24
415	5	834	29
416	5	1148	24
416	5	1930	29
417	5	417	24
417	5	678	29
417	5	1669	27
418	5	417	24
418	5	939	29
419	5	417	24
419	5	626	29
419	5	1148	27
420	5	574	24
420	5	1200	29
420	5	1669	27
421	5	1826	24
421	5	2087	29
422	5	574	24
422	5	1982	29
423	5	782	24
423	5	1148	29
423	5	1513	27
424	5	417	24
424	5	782	27
424	5	887	29
424	5	1930	28
424	5	2191	30
425	5	417	24
425	5	1461	27
425	5	1669	29
426	5	834	24
426	5	1200	29
426	5	1513	27
426	5	2087	28
427	5	1878	24
427	5	2243	29
428	5	417	24
428	5	678	29
429	5	417	24
429	5	939	29
429	5	1304	27
430	5	417	24
430	5	782	29
431	5	417	24
431	5	626	29
432	5	417	24
432	5	887	29
432	5	2295	28
433	5	469	24
433	5	1148	27
433	5	1200	29
434	5	417	24
434	5	782	29
434	5	1982	28
434	5	2243	30
435	5	417	24
435	5	730	29
436	5	417	24
436	5	678	29
436	5	939	27
437	5	417	24
437	5	730	29
438	5	469	24
438	5	1043	29
438	5	1722	28
439	5	626	24
439	5	1565	29
440	5	469	24
440	5	1200	29
440	5	1982	27
441	5	1513	24
442	5	417	24
442	5	1095	29
442	5	1774	27
443	5	469	24
444	5	1304	24
445	5	417	24
445	5	730	27
445	5	834	29
446	5	521	24
446	5	1774	29
446	5	2087	27
447	5	1304	24
447	5	1774	29
448	5	678	24
449	5	1878	24
449	5	2295	29
450	5	2035	24
451	5	521	24
451	5	1095	29
451	5	1669	28
452	5	417	24
452	5	834	29
453	5	417	24
453	5	678	27
453	5	730	29
454	5	1095	24
454	5	1722	29
455	5	1043	29
455	5	1617	27
456	5	1095	24
456	5	1461	29
456	5	1982	27
457	5	469	24
457	5	1148	29
458	5	1252	24
459	5	626	24
459	5	1930	29
460	5	417	24
460	5	626	29
460	5	1826	27
461	5	417	24
461	5	730	29
462	5	417	24
462	5	1200	29
462	5	2191	28
463	5	417	24
463	5	939	27
463	5	1043	29
464	5	626	24
464	5	1148	29
464	5	1565	27
465	5	417	24
465	5	626	29
465	5	1774	27
466	5	417	24
466	5	730	27
466	5	782	29
467	5	417	24
467	5	626	29
467	5	1774	27
468	5	417	24
468	5	574	29
468	5	939	27
469	5	417	24
469	5	678	29
470	5	991	24
470	5	2191	29
471	5	834	24
471	5	1774	29
472	5	417	24
472	5	834	29
473	5	469	24
473	5	1043	29
473	5	1565	27
474	5	417	24
474	5	730	29
475	5	678	24
475	5	1826	29
476	5	1095	24
476	5	2243	29
477	5	730	24
478	5	469	24
478	5	1617	29
480	5	469	24
480	5	2035	29
481	5	417	24
481	5	782	29
481	5	1095	27
481	5	2087	28
482	5	417	24
482	5	782	29
482	5	2035	27
483	5	1408	24
484	5	1878	24
484	5	2243	29
485	5	939	24
485	5	1565	29
485	5	2139	27
486	5	1095	24
486	5	1513	29
486	5	2295	28
487	5	417	24
487	5	730	29
488	5	1095	24
488	5	1461	29
489	5	417	24
489	5	678	27
489	5	730	29
490	5	574	24
490	5	1095	29
490	5	1722	28
491	5	469	24
491	5	730	29
491	5	1774	27
492	5	730	24
492	5	1148	29
492	5	1513	27
492	5	1878	28
493	5	469	24
494	5	417	24
494	5	834	27
494	5	887	29
495	5	521	24
495	5	1095	27
495	5	1148	29
495	5	1669	28
496	5	469	24
496	5	1043	29
496	5	1722	28
497	5	417	24
497	5	626	29
498	5	417	24
498	5	782	29
498	5	1878	27
499	5	417	24
499	5	939	27
499	5	1252	28
499	5	1513	29
500	5	417	24
500	5	626	29
500	5	1669	27
501	5	1095	24
501	5	1408	29
501	5	1982	27
502	5	469	24
502	5	1095	29
502	5	1565	27
503	5	417	24
503	5	574	29
503	5	834	27
503	5	1722	28
503	5	2035	30
503	5	2295	25
504	5	1513	24
505	5	1095	24
505	5	1722	29
506	5	834	24
506	5	1304	29
507	5	1408	24
507	5	2139	29
508	5	417	24
508	5	730	27
508	5	782	29
508	5	2035	28
508	5	2295	30
510	5	1826	24
510	5	2087	29
512	5	678	24
512	5	1095	29
512	5	1461	27
513	5	678	24
513	5	1095	29
513	5	1565	27
514	5	417	24
514	5	887	29
515	5	417	24
515	5	626	29
515	5	887	27
516	5	1095	24
516	5	1461	29
516	5	1982	27
517	5	1095	24
517	5	1408	29
517	5	1878	27
518	5	678	24
518	5	1252	29
518	5	1617	27
519	5	417	24
519	5	782	29
519	5	1200	27
520	5	417	24
520	5	1304	29
520	5	1982	27
521	5	417	24
521	5	730	27
521	5	782	29
522	5	469	24
522	5	1043	29
522	5	1304	27
523	5	417	24
523	5	678	29
524	5	1878	24
524	5	2295	29
525	5	417	24
525	5	991	27
525	5	1043	29
526	5	991	24
526	5	2087	29
527	5	417	24
527	5	626	29
527	5	887	27
528	5	417	24
528	5	678	29
529	5	417	24
529	5	626	29
529	5	1565	27
529	5	1930	28
530	5	1095	24
530	5	1461	27
530	5	1565	29
530	5	2087	28
531	5	939	24
531	5	1148	29
531	5	1513	27
532	5	678	24
532	5	1356	29
533	5	1878	24
533	5	2295	29
534	5	417	24
534	5	626	29
534	5	887	27
535	5	1356	24
535	5	2295	29
536	5	1095	24
536	5	1565	29
536	5	2139	27
537	5	417	24
537	5	1043	29
538	5	417	24
538	5	678	27
538	5	730	29
539	5	417	24
539	5	678	29
540	5	887	24
540	5	2087	29
541	5	417	24
541	5	834	29
542	5	730	24
542	5	1252	29
543	5	1043	24
543	5	1148	29
543	5	1565	27
544	5	417	24
544	5	887	29
544	5	1148	27
544	5	2035	28
544	5	2295	30
545	5	521	24
546	5	1095	24
546	5	1252	29
546	5	1669	27
547	5	417	24
547	5	887	29
547	5	1200	27
547	5	2035	28
548	5	1095	24
549	5	1095	24
549	5	1356	29
549	5	1722	27
550	5	417	24
550	5	678	29
550	5	1930	28
550	5	2295	30
551	5	417	24
551	5	626	29
551	5	991	27
551	5	2295	28
552	5	1148	24
552	5	1565	29
553	5	521	24
553	5	1148	29
553	5	1722	27
554	5	417	24
554	5	574	29
554	5	834	27
555	5	417	24
555	5	678	29
555	5	1722	28
555	5	2035	30
555	5	2295	25
556	5	521	24
556	5	991	29
556	5	1356	27
557	5	939	24
557	5	2295	29
558	5	417	24
558	5	678	29
558	5	1878	27
559	5	730	24
559	5	1043	29
559	5	1513	27
560	5	1095	24
561	5	626	24
561	5	1461	29
562	5	730	24
562	5	1148	29
562	5	1513	27
563	5	469	24
563	5	1043	27
563	5	1095	29
563	5	1617	28
564	5	1095	24
564	5	1774	29
564	5	2087	27
565	5	417	24
565	5	782	29
565	5	1982	28
565	5	2243	30
566	5	417	24
566	5	834	27
566	5	887	29
567	5	469	24
567	5	782	29
568	5	417	24
568	5	678	29
569	5	678	24
569	5	1148	29
569	5	1513	27
570	5	1148	24
570	5	1513	29
571	5	417	24
571	5	730	29
572	5	1148	24
572	5	1826	29
573	5	2087	24
573	5	2243	29
574	5	417	24
575	5	417	24
575	5	521	29
575	5	887	27
575	5	1774	28
576	5	1043	24
576	5	1461	29
577	5	417	24
577	5	678	27
577	5	782	29
578	5	782	24
578	5	1200	29
578	5	2087	27
579	5	574	24
580	5	1722	24
581	5	782	24
581	5	1252	29
581	5	1565	27
582	5	521	24
582	5	1095	29
582	5	1826	27
583	5	417	24
583	5	678	29
583	5	1774	28
584	5	417	24
584	5	782	29
585	5	417	24
585	5	626	29
585	5	887	27
585	5	1722	28
586	5	469	24
586	5	1043	29
586	5	1617	28
587	5	417	24
587	5	678	27
587	5	782	29
588	5	417	24
588	5	887	29
589	5	417	24
589	5	834	29
589	5	1252	27
590	5	417	24
590	5	678	29
590	5	1304	27
591	5	1252	24
591	5	1774	29
593	5	417	24
593	5	1930	29
594	5	521	24
594	5	1356	29
594	5	1878	27
594	5	2295	28
595	5	417	24
595	5	782	27
595	5	887	29
595	5	2035	28
596	5	521	24
596	5	991	29
596	5	1408	27
597	5	521	24
597	5	1461	29
598	5	417	24
598	5	678	29
599	5	417	24
599	5	678	27
599	5	730	29
600	5	1200	24
600	5	1878	29
601	5	417	24
601	5	939	27
601	5	991	29
602	5	991	24
602	5	1722	29
603	5	521	24
603	5	939	29
604	5	574	24
604	5	1252	27
604	5	1304	29
604	5	1878	28
605	5	834	24
605	5	1408	27
605	5	1461	29
606	5	469	24
606	5	991	29
606	5	1356	27
607	5	417	24
607	5	574	29
607	5	1148	27
608	5	417	24
608	5	834	27
608	5	1148	28
608	5	1408	29
609	5	2191	24
610	5	2035	24
610	5	2139	29
611	5	521	24
611	5	1148	29
611	5	1774	27
612	5	1043	24
612	5	1148	29
612	5	1617	27
613	5	1043	24
613	5	1826	29
614	5	1043	24
614	5	1356	29
614	5	1669	27
615	5	626	24
615	5	1148	29
616	5	782	24
616	5	1200	29
616	5	1669	27
617	5	1826	24
617	5	2191	29
618	5	1826	24
619	5	626	24
619	5	1513	29
620	5	417	24
620	5	782	29
621	5	730	24
621	5	1148	29
621	5	1461	27
622	5	417	24
622	5	626	29
622	5	887	27
623	5	887	24
623	5	1774	29
624	5	417	24
624	5	782	29
625	5	1043	24
625	5	1304	29
626	5	417	24
626	5	887	27
626	5	939	29
627	5	417	24
627	5	887	29
628	5	469	24
628	5	939	29
628	5	1513	27
629	5	626	24
629	5	1826	29
630	5	574	24
630	5	1200	29
630	5	1722	27
631	5	417	24
631	5	887	29
631	5	1304	27
631	5	2191	28
632	5	417	24
632	5	678	29
633	5	1252	24
633	5	1669	29
634	5	1043	24
634	5	1148	29
634	5	1669	27
635	5	1200	24
635	5	1513	29
636	5	1930	24
637	5	782	24
638	5	1617	24
638	5	2087	29
639	5	417	24
639	5	834	29
640	5	626	24
640	5	2139	27
641	5	417	24
641	5	991	29
642	5	1043	24
642	5	1461	29
643	5	2087	24
644	5	417	24
644	5	834	29
645	5	521	24
645	5	1148	29
645	5	1774	28
646	5	417	24
646	5	626	29
646	5	1043	27
647	5	1148	24
648	5	521	24
648	5	1095	29
648	5	1565	27
649	5	417	24
649	5	834	29
650	5	1252	24
650	5	1774	29
650	5	2087	27
651	5	417	24
651	5	834	29
652	5	417	24
652	5	991	29
653	5	417	24
653	5	1043	29
653	5	2087	28
654	5	626	24
654	5	1148	29
654	5	2295	27
655	5	521	24
655	5	1043	29
655	5	1617	27
656	5	417	24
656	5	1095	29
657	5	417	24
657	5	887	27
657	5	939	29
658	5	417	24
658	5	887	29
658	5	2295	28
659	5	1043	24
659	5	1304	29
659	5	1617	27
660	5	521	24
660	5	2191	29
661	5	417	24
661	5	834	29
662	5	469	24
662	5	834	29
662	5	1408	27
663	5	782	24
663	5	1304	29
664	5	417	24
664	5	678	29
664	5	1200	27
664	5	2035	28
665	5	417	24
665	5	782	27
665	5	834	29
666	5	417	24
666	5	626	29
666	5	939	27
667	5	417	24
667	5	678	29
668	5	678	24
668	5	1304	29
668	5	1774	27
668	5	2139	28
669	5	574	24
669	5	1304	29
669	5	1982	28
670	5	626	24
670	5	1252	29
670	5	1669	27
671	5	887	24
672	5	626	24
672	5	1461	29
672	5	2035	27
673	5	574	24
673	5	1408	27
673	5	1513	29
674	5	469	24
674	5	1095	27
674	5	1200	29
675	5	730	24
675	5	1148	29
675	5	1461	27
676	5	417	24
676	5	730	27
676	5	834	29
676	5	2295	28
677	5	574	24
677	5	991	29
677	5	1356	27
678	5	417	24
678	5	887	29
679	5	939	24
680	5	730	24
680	5	1148	29
680	5	1461	27
681	5	626	24
681	5	1669	29
682	5	417	24
682	5	834	29
682	5	1826	27
683	5	1043	24
683	5	1408	29
684	5	782	24
684	5	1095	29
684	5	1461	27
685	5	417	24
685	5	1513	29
685	5	2139	27
686	5	417	24
686	5	887	27
686	5	1095	29
687	5	1148	24
687	5	1669	29
688	5	1095	24
688	5	1461	29
688	5	2035	27
689	5	1043	24
689	5	1356	29
689	5	2139	27
690	5	417	24
690	5	1252	29
691	5	417	24
691	5	834	29
691	5	2139	28
692	5	417	24
692	5	991	27
692	5	1043	29
692	5	1513	28
693	5	469	24
693	5	1043	29
693	5	1669	28
694	5	417	24
694	5	887	29
695	5	417	24
695	5	574	29
696	5	678	24
696	5	1617	29
697	5	417	24
697	5	782	29
697	5	2243	27
698	5	1200	24
698	5	1774	29
698	5	2139	27
699	5	417	24
699	5	991	29
699	5	1513	27
700	5	417	24
700	5	2087	27
700	5	2139	29
701	5	626	24
701	5	1043	29
701	5	1408	27
702	5	417	24
702	5	1461	29
703	5	417	24
703	5	782	29
704	5	1826	24
705	5	678	24
705	5	1356	29
705	5	1774	27
705	5	2139	28
706	5	417	24
706	5	626	29
707	5	417	24
707	5	730	29
707	5	1826	27
708	5	1043	24
708	5	1252	29
708	5	1513	27
709	5	417	24
709	5	834	29
709	5	2139	27
710	5	417	24
710	5	887	29
711	5	887	24
711	5	1304	29
711	5	1669	27
712	5	626	24
712	5	1200	29
712	5	1617	27
713	5	939	24
714	5	417	24
714	5	678	29
715	5	521	24
715	5	1252	29
715	5	1722	27
716	5	417	24
716	5	574	29
717	5	782	24
717	5	1200	29
717	5	1774	28
718	5	417	24
718	5	782	29
719	5	574	24
719	5	2139	29
720	5	1826	24
720	5	1878	29
721	5	469	24
721	5	1095	29
721	5	1930	28
722	5	417	24
722	5	626	29
722	5	887	27
722	5	1774	28
723	5	469	24
723	5	834	29
724	5	574	24
724	5	1826	29
725	5	417	24
725	5	782	29
726	5	521	24
726	5	1043	29
726	5	1617	28
727	5	1043	24
727	5	2191	29
728	5	1669	24
728	5	1982	29
729	5	417	24
729	5	834	29
730	5	469	24
730	5	1200	29
731	5	417	24
731	5	678	29
732	5	417	24
732	5	834	29
732	5	1982	27
733	5	417	24
733	5	834	29
734	5	417	24
734	5	678	29
735	5	1826	24
735	5	2035	29
736	5	678	24
736	5	1461	29
737	5	417	24
737	5	678	29
737	5	2035	27
738	5	417	24
738	5	678	29
738	5	1200	27
738	5	1982	28
738	5	2243	30
739	5	1043	24
739	5	1252	29
739	5	1617	27
740	5	2295	24
741	5	417	24
741	5	887	29
742	5	417	24
742	5	678	29
742	5	2035	28
742	5	2295	30
743	5	417	24
743	5	626	29
743	5	939	27
744	5	1043	24
744	5	1252	29
744	5	1617	27
744	5	1982	28
745	5	678	24
745	5	1930	29
746	5	1095	24
746	5	1461	29
747	5	469	24
747	5	1304	29
748	5	1826	24
748	5	2295	29
749	5	991	24
749	5	2035	29
750	5	417	24
750	5	626	29
750	5	2087	27
751	5	782	24
752	5	678	24
752	5	1148	29
752	5	1513	27
752	5	2295	28
753	5	417	24
753	5	730	29
753	5	2139	28
754	5	417	24
754	5	730	29
755	5	417	24
755	5	730	29
756	5	417	24
756	5	782	29
756	5	2191	28
757	5	1148	24
757	5	1930	29
758	5	417	24
758	5	626	29
759	5	1095	24
759	5	1669	29
760	5	417	24
760	5	1878	29
761	5	521	24
761	5	1043	29
761	5	1826	27
762	5	417	24
762	5	1043	29
763	5	1043	24
763	5	1304	29
763	5	1722	27
763	5	2087	28
764	5	417	24
765	5	417	24
765	5	730	29
766	5	417	24
766	5	834	29
767	5	1043	24
767	5	1304	29
767	5	1774	27
767	5	2243	28
768	5	1200	24
768	5	1669	29
769	5	574	24
769	5	1982	29
770	5	1826	24
770	5	2243	29
771	5	1043	24
771	5	1408	27
771	5	1461	29
772	5	574	24
772	5	1878	27
772	5	1930	29
773	5	1200	24
773	5	1565	29
774	5	417	24
774	5	574	29
774	5	1043	27
775	5	834	24
775	5	1982	29
776	5	417	24
776	5	626	29
776	5	887	27
776	5	2139	28
777	5	1878	24
778	5	417	24
778	5	939	29
779	5	1826	24
779	5	2139	29
780	5	417	24
780	5	1826	29
780	5	2191	27
781	5	417	24
781	5	782	29
781	5	1304	27
782	5	417	24
782	5	1252	29
782	5	2035	27
783	5	1148	24
783	5	1722	29
784	5	417	24
784	5	678	29
784	5	1774	27
785	5	417	24
785	5	991	29
786	5	574	24
786	5	1095	29
787	5	1095	24
787	5	1565	29
787	5	2035	27
788	5	417	24
788	5	834	27
788	5	991	29
789	5	991	24
789	5	1148	29
789	5	1513	27
789	5	1930	28
790	5	574	24
790	5	1148	29
790	5	1826	27
791	5	1095	24
791	5	1878	29
792	5	417	24
792	5	887	29
793	5	417	24
793	5	678	27
793	5	730	29
794	5	417	24
794	5	574	29
795	5	939	24
795	5	1878	29
795	5	2243	27
796	5	1095	24
796	5	1826	29
797	5	417	24
797	5	730	27
797	5	782	29
798	5	678	24
798	5	1408	29
798	5	1878	27
798	5	2295	28
799	5	2087	24
800	5	1095	24
800	5	1669	29
801	5	1148	24
801	5	1722	29
801	5	1982	27
802	5	417	24
802	5	1043	27
802	5	1095	29
803	5	417	24
803	5	1043	27
803	5	1095	29
804	5	469	24
804	5	1043	29
804	5	1774	27
805	5	2191	24
806	5	1148	24
806	5	1669	29
807	5	417	24
807	5	678	29
807	5	1722	28
808	5	1826	24
808	5	2243	29
809	5	1513	24
809	5	2035	29
810	5	417	24
810	5	678	29
811	5	417	24
811	5	678	29
812	5	417	24
812	5	782	27
812	5	834	29
812	5	2191	28
813	5	417	24
813	5	1304	29
814	5	469	24
815	5	417	24
815	5	730	29
816	5	887	24
816	5	1148	29
816	5	1722	27
817	5	1930	24
817	5	2243	29
818	5	417	24
818	5	991	29
818	5	1513	27
819	5	1200	24
819	5	1774	29
819	5	2295	27
820	5	469	24
820	5	1826	29
821	5	1043	24
821	5	1461	29
822	5	417	24
822	5	678	29
823	5	417	24
823	5	678	27
823	5	730	29
823	5	2035	28
823	5	2295	30
824	5	782	24
824	5	1148	29
824	5	1513	27
825	5	730	24
825	5	1043	29
825	5	1461	27
826	5	574	24
826	5	1252	29
827	5	574	24
827	5	1930	29
828	5	1095	24
828	5	1252	29
828	5	1930	27
829	5	1878	24
829	5	2191	29
830	5	887	24
830	5	1148	29
831	5	417	24
831	5	939	27
831	5	991	29
831	5	2035	28
831	5	2295	30
832	5	417	24
832	5	782	27
832	5	834	29
832	5	1982	28
832	5	2295	30
833	5	1043	24
833	5	1304	29
834	5	417	24
834	5	678	29
834	5	1148	27
834	5	2087	28
835	5	469	24
835	5	1043	29
835	5	2087	27
836	5	1878	24
836	5	2295	29
837	5	1043	24
837	5	1513	29
837	5	2035	27
838	5	417	24
838	5	678	29
838	5	2035	27
839	5	1200	24
839	5	1565	29
839	5	1930	27
840	5	417	24
840	5	574	29
840	5	834	27
840	5	1722	28
841	5	417	24
841	5	782	29
842	5	574	24
842	5	939	29
842	5	1513	27
843	5	417	24
843	5	678	29
843	5	1878	28
843	5	2139	30
844	5	1043	24
844	5	1669	29
845	5	1095	24
845	5	1513	29
846	5	1200	24
846	5	1565	29
847	5	1043	24
847	5	1356	29
847	5	1669	27
847	5	2087	28
848	5	417	24
848	5	521	29
848	5	887	27
849	5	1565	24
849	5	2295	29
850	5	417	24
850	5	834	29
851	5	1930	24
852	5	626	24
853	5	1095	24
853	5	1826	27
853	5	1878	29
854	5	939	24
854	5	1200	29
854	5	1461	27
855	5	417	24
855	5	782	29
855	5	2295	27
856	5	417	24
856	5	678	29
857	5	1095	24
857	5	1722	29
858	5	469	24
858	5	1043	29
858	5	1408	27
859	5	521	24
860	5	1356	24
861	5	417	24
861	5	834	29
862	5	1252	24
862	5	1826	29
862	5	2243	27
863	5	417	24
863	5	834	29
864	5	417	24
864	5	574	29
864	5	939	27
864	5	1982	28
864	5	2295	30
865	5	417	24
865	5	782	27
865	5	834	29
866	5	417	24
866	5	678	27
866	5	730	29
867	5	469	24
867	5	1356	29
868	5	417	24
868	5	887	27
868	5	939	29
869	5	626	24
869	5	1043	29
869	5	1408	27
870	5	939	24
870	5	1304	29
870	5	1722	27
871	5	1043	24
871	5	1252	29
871	5	1617	27
873	5	417	24
873	5	678	29
875	5	417	24
875	5	939	29
876	5	417	24
876	5	730	29
877	5	417	24
877	5	626	29
877	5	1617	27
878	5	1043	24
878	5	1408	29
878	5	1878	27
879	5	417	24
879	5	1200	29
879	5	1982	27
880	5	417	24
880	5	626	29
880	5	887	27
881	5	678	24
882	5	1095	24
882	5	1356	29
883	5	1356	24
883	5	2035	29
884	5	417	24
884	5	834	27
884	5	887	29
885	5	417	24
885	5	678	29
885	5	1669	27
886	5	626	24
886	5	1774	29
887	5	417	24
887	5	939	29
887	5	1669	27
888	5	678	24
888	5	2139	29
889	5	1095	24
889	5	1669	29
889	5	2243	27
890	5	1095	24
890	5	1252	29
890	5	1774	27
890	5	2191	28
891	5	417	24
891	5	834	29
892	5	1304	24
892	5	1878	29
893	5	417	24
893	5	834	29
894	5	417	24
894	5	939	29
894	5	2087	27
895	5	469	24
895	5	1200	29
895	5	1826	27
896	5	417	24
896	5	626	29
897	5	417	24
897	5	626	29
897	5	1252	27
898	5	417	24
898	5	834	27
898	5	887	29
899	5	417	24
899	5	730	29
900	5	678	24
900	5	1461	27
900	5	1513	29
901	5	417	24
901	5	678	29
902	5	574	24
902	5	1095	27
902	5	1148	29
902	5	1669	28
903	5	417	24
903	5	834	27
903	5	887	29
903	5	2191	28
905	5	939	24
905	5	1356	29
905	5	2139	27
906	5	417	24
906	5	626	29
907	5	1826	24
907	5	2243	29
908	5	417	24
908	5	782	27
908	5	834	29
909	5	1774	24
909	5	2243	29
910	5	1043	24
910	5	1200	29
910	5	1722	27
911	5	626	24
911	5	1826	29
912	5	417	24
912	5	834	27
912	5	1043	29
913	5	1095	24
913	5	1200	29
913	5	1878	27
913	5	2295	28
914	5	469	24
914	5	1148	29
914	5	1774	28
915	5	1095	24
915	5	1513	29
916	5	417	24
916	5	626	29
916	5	1148	27
917	5	469	24
917	5	782	29
917	5	1982	27
918	5	1095	24
918	5	1252	29
918	5	1722	27
919	5	1043	24
919	5	1878	29
920	5	574	24
920	5	1617	29
920	5	2191	27
921	5	521	24
921	5	939	29
922	5	417	24
922	5	1617	29
922	5	1878	27
922	5	2243	28
923	5	1043	24
923	5	1461	29
924	5	417	24
924	5	887	29
925	5	417	24
925	5	678	29
926	5	417	24
926	5	991	29
926	5	2295	28
927	5	574	24
927	5	1043	29
927	5	1513	27
929	5	417	24
929	5	939	27
929	5	991	29
930	5	834	24
931	5	417	24
931	5	730	27
931	5	782	29
932	5	887	24
932	5	1304	29
932	5	1774	27
932	5	2139	28
933	5	1095	24
933	5	1356	29
933	5	1722	27
933	5	2139	28
934	5	782	24
934	5	1252	29
934	5	1722	27
935	5	417	24
935	5	626	29
935	5	1513	27
936	5	521	24
936	5	1148	29
936	5	2087	27
937	5	626	24
937	5	1878	29
938	5	730	24
938	5	1356	27
938	5	1408	29
939	5	887	24
939	5	1722	29
940	5	417	24
940	5	1043	27
940	5	1095	29
940	5	2295	28
941	5	417	24
941	5	678	29
941	5	2295	28
942	5	417	24
942	5	521	29
942	5	991	27
943	5	521	24
944	5	469	24
944	5	1095	29
944	5	1774	27
945	5	1200	24
946	5	469	24
946	5	1252	29
946	5	2191	28
947	5	417	24
947	5	678	29
947	5	1669	27
947	5	1982	28
948	5	417	24
948	5	730	27
948	5	834	29
949	5	417	24
949	5	469	29
949	5	834	27
950	5	417	24
950	5	678	29
951	5	1774	24
952	5	1617	24
953	5	417	24
953	5	782	27
953	5	834	29
954	5	417	24
954	5	678	27
954	5	730	29
955	5	939	24
956	5	469	24
956	5	1930	29
957	5	1148	24
958	5	782	24
958	5	1982	29
959	5	1826	24
960	5	417	24
960	5	991	29
960	5	1461	27
961	5	417	24
961	5	834	29
961	5	1513	27
962	5	1878	24
962	5	2035	29
963	5	417	24
963	5	678	29
963	5	1878	27
964	5	417	24
964	5	834	29
964	5	2139	28
965	5	626	24
965	5	1148	29
965	5	1565	27
966	5	417	24
966	5	678	29
966	5	1513	27
967	5	887	24
968	5	417	24
968	5	834	29
968	5	1826	27
969	5	521	24
969	5	939	29
969	5	1461	27
970	5	2295	24
971	5	417	24
971	5	574	29
971	5	1304	27
972	5	417	24
972	5	626	29
972	5	887	27
972	5	2035	28
973	5	417	24
973	5	834	29
974	5	417	24
974	5	939	29
975	5	1095	24
975	5	1565	29
976	5	417	24
976	5	991	29
976	5	2139	27
977	5	1461	24
977	5	2243	29
978	5	417	24
978	5	782	29
979	5	1148	24
979	5	1513	29
979	5	2191	28
980	5	1304	24
980	5	2191	29
981	5	678	24
981	5	1148	27
981	5	1200	29
982	5	417	24
982	5	887	29
983	5	417	24
983	5	678	29
983	5	939	27
984	5	730	24
984	5	1252	27
984	5	1304	29
985	5	1043	24
985	5	1304	29
985	5	1565	27
985	5	1982	28
986	5	2035	24
987	5	834	24
987	5	1304	29
988	5	417	24
988	5	1200	29
989	5	417	24
989	5	730	29
990	5	1461	24
990	5	1826	29
991	5	887	24
992	5	1461	24
993	5	574	24
994	5	1826	24
994	5	2295	29
995	5	417	24
995	5	626	29
996	5	1043	24
996	5	1356	29
997	5	2087	24
997	5	2243	29
998	5	417	24
998	5	939	27
998	5	1043	29
998	5	2035	28
998	5	2295	30
999	5	1148	24
999	5	1774	29
