Realization	utility	week	infra.
0	0	574	29
1	0	574	29
2	0	469	29
3	0	991	29
4	0	782	29
4	0	1982	30
5	0	574	29
6	0	469	29
7	0	834	29
8	0	1200	29
9	0	1774	29
10	0	521	29
11	0	2243	29
12	0	887	29
13	0	887	29
14	0	574	29
15	0	626	29
16	0	626	29
17	0	574	29
18	0	626	29
19	0	1722	29
20	0	626	29
21	0	574	29
22	0	678	29
23	0	626	29
24	0	626	29
25	0	1461	29
26	0	521	29
27	0	574	29
28	0	574	29
29	0	626	29
30	0	1148	29
31	0	782	29
32	0	939	29
33	0	678	29
34	0	574	29
35	0	678	29
36	0	626	29
37	0	1200	29
38	0	887	29
39	0	834	29
40	0	574	29
40	0	1878	30
41	0	574	29
42	0	1200	29
43	0	365	29
44	0	1461	29
45	0	678	29
46	0	678	29
47	0	939	29
48	0	1826	29
49	0	626	29
50	0	1408	29
51	0	1408	29
52	0	782	29
53	0	678	29
53	0	2087	30
55	0	834	29
56	0	991	29
57	0	521	29
57	0	1930	30
58	0	469	29
59	0	782	29
60	0	887	29
61	0	782	29
62	0	782	29
62	0	2295	30
63	0	521	29
64	0	1722	29
65	0	574	29
66	0	1148	29
67	0	574	29
68	0	1252	29
69	0	626	29
70	0	521	29
71	0	939	29
73	0	1461	29
74	0	626	29
75	0	626	29
76	0	1200	29
77	0	1252	29
78	0	1148	29
79	0	574	29
80	0	678	29
81	0	887	29
82	0	1408	29
83	0	887	29
84	0	782	29
85	0	1461	29
86	0	887	29
87	0	574	29
87	0	1982	30
88	0	521	29
89	0	574	29
90	0	1148	29
91	0	521	29
92	0	626	29
93	0	1095	29
94	0	1565	29
95	0	626	29
96	0	834	29
97	0	991	29
98	0	1461	29
99	0	887	29
100	0	1148	29
101	0	521	29
102	0	521	29
103	0	626	29
104	0	469	29
105	0	2035	29
106	0	574	29
106	0	2191	30
107	0	574	29
107	0	2243	30
108	0	574	29
109	0	991	29
110	0	626	29
111	0	887	29
112	0	574	29
113	0	626	29
114	0	782	29
115	0	1252	29
116	0	1200	29
117	0	1200	29
118	0	991	29
119	0	1095	29
120	0	626	29
121	0	991	29
122	0	626	29
123	0	1774	29
124	0	626	29
125	0	782	29
126	0	574	29
127	0	574	29
128	0	574	29
129	0	939	29
130	0	469	29
131	0	887	29
131	0	2139	30
132	0	574	29
133	0	782	29
134	0	574	29
135	0	626	29
136	0	574	29
136	0	1722	30
137	0	521	29
138	0	574	29
138	0	1982	30
139	0	574	29
139	0	1878	30
140	0	1461	29
141	0	782	29
141	0	1930	30
142	0	574	29
143	0	1148	29
145	0	991	29
146	0	678	29
147	0	887	29
148	0	1148	29
149	0	626	29
149	0	2139	30
150	0	574	29
151	0	626	29
152	0	469	29
153	0	521	29
154	0	574	29
155	0	521	29
156	0	574	29
158	0	469	29
159	0	574	29
159	0	2087	30
160	0	574	29
161	0	1461	29
162	0	887	29
163	0	887	29
164	0	469	29
165	0	678	29
166	0	1669	29
167	0	991	29
169	0	574	29
170	0	574	29
171	0	678	29
172	0	887	29
173	0	1148	29
174	0	574	29
175	0	834	29
176	0	521	29
177	0	1513	29
178	0	1826	29
179	0	678	29
180	0	1722	29
181	0	521	29
182	0	574	29
183	0	574	29
184	0	887	29
185	0	678	29
186	0	2035	29
187	0	574	29
188	0	887	29
189	0	1252	29
190	0	939	29
191	0	626	29
192	0	782	29
193	0	626	29
194	0	521	29
196	0	574	29
196	0	1722	30
198	0	887	29
199	0	521	29
200	0	991	29
201	0	1565	29
202	0	678	29
203	0	574	29
204	0	574	29
205	0	1148	29
206	0	574	29
206	0	1722	30
207	0	574	29
208	0	574	29
209	0	2035	29
210	0	365	29
211	0	1356	29
212	0	574	29
213	0	1461	29
214	0	626	29
215	0	1095	29
216	0	782	29
217	0	991	29
218	0	574	29
219	0	2035	29
220	0	1200	29
221	0	521	29
222	0	1722	29
223	0	626	29
224	0	626	29
225	0	574	29
225	0	1878	30
226	0	678	29
227	0	782	29
228	0	574	29
229	0	574	29
230	0	574	29
231	0	574	29
232	0	626	29
233	0	1148	29
235	0	1252	29
236	0	782	29
237	0	626	29
238	0	887	29
239	0	991	29
240	0	574	29
240	0	2243	30
241	0	521	29
242	0	1148	29
243	0	574	29
243	0	1930	30
244	0	626	29
245	0	939	29
246	0	1826	29
248	0	521	29
249	0	574	29
250	0	574	29
250	0	2087	30
251	0	782	29
252	0	1148	29
253	0	626	29
255	0	678	29
256	0	626	29
257	0	939	29
258	0	574	29
259	0	574	29
260	0	626	29
262	0	678	29
263	0	574	29
264	0	887	29
265	0	626	29
266	0	834	29
267	0	574	29
268	0	834	29
269	0	626	29
270	0	574	29
271	0	782	29
272	0	574	29
272	0	1878	30
273	0	2087	29
274	0	939	29
275	0	1356	29
276	0	1982	29
277	0	574	29
278	0	1356	29
279	0	991	29
280	0	574	29
282	0	1356	29
283	0	991	29
284	0	626	29
284	0	1826	30
285	0	939	29
286	0	521	29
286	0	2139	30
287	0	991	29
288	0	834	29
289	0	887	29
291	0	1200	29
292	0	1252	29
293	0	521	29
293	0	1878	30
294	0	574	29
295	0	887	29
296	0	626	29
297	0	1148	29
298	0	626	29
299	0	678	29
300	0	834	29
301	0	521	29
302	0	574	29
303	0	626	29
303	0	1878	30
304	0	626	29
306	0	574	29
307	0	521	29
308	0	521	29
309	0	574	29
309	0	1826	30
310	0	782	29
310	0	2087	30
311	0	678	29
312	0	887	29
313	0	574	29
314	0	1095	29
315	0	1200	29
316	0	1930	29
317	0	1095	29
318	0	1200	29
319	0	1461	29
320	0	1148	29
321	0	626	29
322	0	521	29
323	0	1722	29
324	0	1148	29
325	0	1095	29
326	0	574	29
327	0	939	29
328	0	574	29
329	0	1148	29
330	0	574	29
331	0	574	29
332	0	834	29
333	0	626	29
334	0	991	29
335	0	574	29
336	0	626	29
337	0	626	29
338	0	887	29
339	0	678	29
340	0	939	29
341	0	991	29
342	0	521	29
342	0	1930	30
343	0	574	29
344	0	1774	29
345	0	469	29
346	0	469	29
346	0	2087	30
347	0	678	29
348	0	574	29
349	0	626	29
350	0	1774	29
351	0	574	29
352	0	469	29
353	0	626	29
354	0	574	29
354	0	1774	30
355	0	678	29
356	0	626	29
357	0	626	29
358	0	834	29
360	0	521	29
361	0	626	29
362	0	1774	29
364	0	626	29
365	0	1461	29
366	0	574	29
367	0	574	29
368	0	574	29
368	0	1774	30
369	0	834	29
370	0	626	29
371	0	782	29
372	0	574	29
373	0	678	29
374	0	1252	29
375	0	1095	29
376	0	834	29
377	0	1148	29
378	0	887	29
379	0	678	29
380	0	1356	29
381	0	521	29
382	0	574	29
383	0	1148	29
384	0	574	29
385	0	521	29
386	0	365	29
387	0	782	29
387	0	2035	30
388	0	1930	29
389	0	574	29
390	0	574	29
391	0	574	29
392	0	678	29
393	0	521	29
394	0	782	29
395	0	1200	29
396	0	574	29
396	0	1722	30
397	0	991	29
398	0	469	29
399	0	626	29
400	0	626	29
401	0	2035	29
402	0	782	29
403	0	1774	29
404	0	626	29
405	0	887	29
406	0	574	29
407	0	939	29
409	0	887	29
410	0	834	29
411	0	626	29
411	0	1878	30
412	0	678	29
412	0	1774	30
413	0	574	29
413	0	1722	30
414	0	469	29
415	0	626	29
416	0	1148	29
417	0	626	29
418	0	678	29
418	0	2139	30
419	0	365	29
420	0	678	29
421	0	1774	29
422	0	626	29
423	0	887	29
424	0	574	29
424	0	1930	30
425	0	887	29
426	0	939	29
427	0	1930	29
428	0	626	29
429	0	521	29
430	0	574	29
431	0	574	29
432	0	834	29
432	0	2295	30
433	0	1200	29
434	0	782	29
434	0	2035	30
435	0	574	29
436	0	626	29
437	0	678	29
438	0	521	29
439	0	782	29
440	0	521	29
441	0	1513	29
442	0	1252	29
443	0	574	29
444	0	1408	29
445	0	574	29
446	0	1513	29
447	0	1356	29
448	0	782	29
449	0	1930	29
450	0	2035	29
451	0	574	29
452	0	834	29
453	0	574	29
453	0	1826	30
454	0	1148	29
455	0	939	29
456	0	1148	29
457	0	574	29
458	0	1461	29
459	0	678	29
460	0	574	29
461	0	521	29
462	0	469	29
463	0	782	29
463	0	2087	30
464	0	678	29
465	0	574	29
466	0	626	29
467	0	574	29
468	0	574	29
469	0	521	29
469	0	2139	30
470	0	1200	29
471	0	939	29
472	0	782	29
473	0	521	29
474	0	574	29
475	0	782	29
476	0	1148	29
477	0	782	29
478	0	1200	29
480	0	574	29
481	0	782	29
481	0	1982	30
482	0	782	29
483	0	1461	29
484	0	1930	29
485	0	991	29
486	0	1148	29
487	0	678	29
488	0	1148	29
489	0	574	29
489	0	1826	30
490	0	626	29
491	0	678	29
492	0	834	29
493	0	574	29
494	0	887	29
495	0	626	29
496	0	469	29
497	0	574	29
498	0	678	29
499	0	678	29
500	0	574	29
500	0	1774	30
501	0	1148	29
502	0	574	29
503	0	574	29
503	0	1774	30
504	0	2295	29
505	0	1148	29
506	0	887	29
507	0	1461	29
508	0	626	29
508	0	2035	30
510	0	1774	29
512	0	782	29
513	0	782	29
514	0	626	29
515	0	574	29
516	0	1148	29
517	0	1148	29
518	0	834	29
519	0	782	29
520	0	574	29
521	0	574	29
522	0	1200	29
523	0	626	29
524	0	1930	29
525	0	678	29
525	0	2035	30
526	0	1774	29
527	0	574	29
528	0	574	29
529	0	574	29
529	0	1774	30
530	0	1095	29
531	0	939	29
532	0	782	29
533	0	1774	29
534	0	574	29
534	0	2035	30
535	0	1408	29
536	0	1148	29
537	0	834	29
538	0	626	29
539	0	574	29
540	0	1774	29
541	0	574	29
542	0	834	29
543	0	939	29
544	0	469	29
544	0	2087	30
545	0	574	29
546	0	991	29
547	0	887	29
547	0	2243	30
548	0	1148	29
549	0	1148	29
550	0	626	29
550	0	1878	30
551	0	574	29
551	0	1930	30
552	0	1148	29
553	0	574	29
554	0	574	29
555	0	574	29
555	0	1774	30
556	0	626	29
557	0	1200	29
558	0	574	29
559	0	834	29
560	0	1148	29
561	0	626	29
562	0	782	29
563	0	574	29
564	0	1148	29
565	0	678	29
565	0	2035	30
566	0	574	29
567	0	574	29
568	0	626	29
569	0	678	29
570	0	1148	29
571	0	521	29
572	0	1200	29
573	0	2243	29
574	0	1200	29
575	0	521	29
575	0	1774	30
576	0	939	29
577	0	782	29
578	0	834	29
579	0	574	29
580	0	1826	29
581	0	887	29
582	0	574	29
583	0	626	29
583	0	1774	30
584	0	782	29
585	0	574	29
585	0	1722	30
586	0	521	29
587	0	574	29
587	0	1878	30
588	0	626	29
589	0	834	29
590	0	626	29
591	0	1356	29
593	0	521	29
594	0	574	29
595	0	626	29
595	0	1982	30
596	0	574	29
597	0	1461	29
598	0	521	29
599	0	626	29
600	0	1461	29
601	0	678	29
602	0	1095	29
603	0	574	29
604	0	626	29
605	0	939	29
606	0	1200	29
607	0	574	29
608	0	834	29
610	0	2035	29
611	0	574	29
612	0	939	29
613	0	1095	29
614	0	991	29
615	0	678	29
616	0	887	29
617	0	1774	29
618	0	1826	29
619	0	782	29
620	0	574	29
621	0	782	29
622	0	574	29
623	0	939	29
624	0	782	29
625	0	939	29
626	0	365	29
627	0	887	29
628	0	1148	29
629	0	678	29
630	0	626	29
631	0	521	29
632	0	574	29
633	0	1408	29
634	0	991	29
635	0	1200	29
636	0	2035	29
637	0	834	29
638	0	1722	29
639	0	521	29
639	0	1982	30
640	0	574	29
641	0	469	29
642	0	991	29
643	0	2087	29
644	0	834	29
645	0	574	29
646	0	574	29
647	0	1200	29
648	0	574	29
649	0	782	29
650	0	1356	29
651	0	834	29
652	0	1148	29
653	0	678	29
654	0	626	29
655	0	574	29
656	0	521	29
657	0	782	29
658	0	678	29
658	0	2243	30
659	0	991	29
660	0	626	29
661	0	626	29
662	0	574	29
663	0	887	29
664	0	574	29
664	0	2087	30
665	0	574	29
666	0	574	29
667	0	626	29
668	0	782	29
669	0	626	29
670	0	678	29
671	0	887	29
672	0	626	29
673	0	574	29
674	0	574	29
675	0	887	29
676	0	574	29
676	0	2035	30
677	0	626	29
678	0	574	29
679	0	991	29
680	0	834	29
681	0	782	29
682	0	469	29
683	0	991	29
684	0	887	29
685	0	469	29
686	0	678	29
687	0	1200	29
688	0	991	29
689	0	991	29
690	0	521	29
691	0	626	29
691	0	2191	30
692	0	469	29
693	0	521	29
694	0	834	29
695	0	521	29
696	0	678	29
697	0	678	29
698	0	1252	29
699	0	521	29
700	0	469	29
701	0	678	29
702	0	521	29
703	0	782	29
704	0	1774	29
705	0	782	29
706	0	574	29
707	0	678	29
708	0	939	29
709	0	626	29
710	0	887	29
711	0	939	29
712	0	626	29
713	0	1408	29
714	0	626	29
715	0	574	29
716	0	574	29
717	0	887	29
718	0	782	29
719	0	678	29
720	0	1774	29
721	0	574	29
722	0	574	29
722	0	1722	30
723	0	574	29
724	0	574	29
725	0	782	29
726	0	521	29
727	0	1095	29
728	0	1722	29
729	0	782	29
730	0	1356	29
731	0	626	29
732	0	626	29
733	0	782	29
734	0	626	29
735	0	1774	29
736	0	887	29
737	0	626	29
738	0	626	29
738	0	2087	30
739	0	939	29
741	0	469	29
742	0	574	29
742	0	1930	30
743	0	521	29
744	0	991	29
745	0	782	29
746	0	1148	29
747	0	1356	29
748	0	1826	29
749	0	991	29
750	0	574	29
751	0	887	29
752	0	626	29
753	0	574	29
753	0	2191	30
754	0	574	29
755	0	678	29
756	0	574	29
756	0	1930	30
757	0	1356	29
758	0	574	29
759	0	1148	29
760	0	521	29
761	0	574	29
762	0	887	29
763	0	991	29
764	0	887	29
765	0	678	29
766	0	782	29
767	0	939	29
768	0	1252	29
769	0	574	29
770	0	1774	29
771	0	939	29
772	0	626	29
773	0	1252	29
774	0	521	29
775	0	939	29
776	0	574	29
776	0	2139	30
777	0	1774	29
778	0	626	29
779	0	1774	29
780	0	1356	29
781	0	521	29
782	0	469	29
783	0	1252	29
784	0	626	29
785	0	678	29
786	0	574	29
787	0	1148	29
788	0	678	29
789	0	939	29
790	0	626	29
791	0	1148	29
792	0	678	29
793	0	626	29
794	0	521	29
795	0	1200	29
796	0	1148	29
797	0	678	29
798	0	834	29
799	0	2295	29
800	0	1148	29
801	0	1148	29
802	0	469	29
803	0	887	29
804	0	469	29
805	0	2243	29
806	0	1200	29
807	0	574	29
807	0	1722	30
808	0	1774	29
809	0	1565	29
810	0	626	29
811	0	574	29
812	0	365	29
813	0	887	29
815	0	574	29
816	0	939	29
817	0	1982	29
818	0	521	29
819	0	1200	29
820	0	574	29
821	0	991	29
822	0	574	29
823	0	574	29
823	0	1930	30
824	0	887	29
825	0	782	29
826	0	678	29
827	0	626	29
828	0	1148	29
829	0	1774	29
830	0	939	29
831	0	782	29
831	0	2035	30
832	0	678	29
832	0	1930	30
833	0	991	29
834	0	626	29
834	0	2139	30
835	0	1148	29
836	0	1930	29
837	0	939	29
838	0	626	29
839	0	1200	29
840	0	521	29
840	0	1722	30
841	0	782	29
842	0	574	29
843	0	574	29
843	0	1774	30
844	0	991	29
845	0	1095	29
846	0	1200	29
847	0	991	29
848	0	521	29
849	0	1722	29
850	0	626	29
850	0	1930	30
851	0	2035	29
852	0	678	29
853	0	1148	29
854	0	939	29
855	0	469	29
856	0	626	29
857	0	1095	29
858	0	1200	29
859	0	574	29
860	0	1408	29
861	0	782	29
862	0	1356	29
863	0	782	29
864	0	574	29
864	0	1982	30
865	0	626	29
866	0	574	29
867	0	574	29
868	0	678	29
869	0	782	29
870	0	939	29
871	0	991	29
873	0	626	29
873	0	1930	30
875	0	365	29
876	0	626	29
877	0	574	29
877	0	1774	30
878	0	991	29
879	0	521	29
880	0	574	29
881	0	678	29
882	0	1148	29
883	0	1461	29
884	0	678	29
885	0	626	29
885	0	2295	30
886	0	782	29
887	0	782	29
888	0	782	29
889	0	1148	29
890	0	1148	29
891	0	782	29
892	0	1356	29
893	0	782	29
894	0	834	29
895	0	521	29
896	0	574	29
897	0	574	29
898	0	782	29
899	0	574	29
900	0	678	29
901	0	626	29
902	0	626	29
903	0	365	29
905	0	939	29
906	0	574	29
907	0	1774	29
908	0	678	29
909	0	1774	29
910	0	939	29
911	0	678	29
912	0	782	29
913	0	1148	29
914	0	574	29
915	0	991	29
916	0	574	29
917	0	574	29
918	0	1095	29
919	0	1095	29
920	0	574	29
921	0	574	29
922	0	521	29
923	0	991	29
924	0	834	29
925	0	626	29
926	0	887	29
927	0	626	29
929	0	626	29
930	0	1200	29
931	0	574	29
931	0	1826	30
932	0	939	29
933	0	1095	29
934	0	834	29
935	0	365	29
936	0	574	29
937	0	626	29
938	0	834	29
939	0	939	29
940	0	469	29
941	0	574	29
941	0	2087	30
942	0	521	29
942	0	2139	30
943	0	574	29
944	0	574	29
945	0	1252	29
946	0	574	29
947	0	626	29
947	0	1826	30
948	0	626	29
949	0	469	29
949	0	1722	30
950	0	626	29
951	0	1826	29
952	0	1722	29
953	0	626	29
954	0	626	29
955	0	1930	29
956	0	574	29
957	0	1148	29
958	0	887	29
959	0	2035	29
960	0	1148	29
961	0	834	29
962	0	1826	29
963	0	626	29
964	0	834	29
964	0	1982	30
965	0	678	29
966	0	521	29
967	0	1095	29
968	0	469	29
969	0	521	29
971	0	574	29
972	0	574	29
972	0	1826	30
973	0	521	29
974	0	469	29
975	0	1095	29
976	0	521	29
977	0	1565	29
978	0	678	29
979	0	1148	29
980	0	1461	29
981	0	782	29
982	0	626	29
983	0	521	29
984	0	834	29
985	0	991	29
986	0	2087	29
987	0	939	29
988	0	1148	29
989	0	574	29
990	0	1513	29
992	0	1565	29
993	0	678	29
994	0	1774	29
995	0	574	29
996	0	991	29
997	0	2139	29
998	0	469	29
998	0	2035	30
999	0	1148	29
0	1	574	29
1	1	574	29
2	1	469	29
3	1	991	29
4	1	782	29
4	1	1982	30
5	1	574	29
6	1	469	29
7	1	834	29
8	1	1200	29
9	1	1774	29
10	1	521	29
11	1	2243	29
12	1	887	29
13	1	887	29
14	1	574	29
15	1	626	29
16	1	626	29
17	1	574	29
18	1	626	29
19	1	1722	29
20	1	626	29
21	1	574	29
22	1	678	29
23	1	626	29
24	1	626	29
25	1	1461	29
26	1	521	29
27	1	574	29
28	1	574	29
29	1	626	29
30	1	1148	29
31	1	782	29
32	1	939	29
33	1	678	29
34	1	574	29
35	1	678	29
36	1	626	29
37	1	1200	29
38	1	887	29
39	1	834	29
40	1	574	29
40	1	1878	30
41	1	574	29
42	1	1200	29
43	1	365	29
44	1	1461	29
45	1	678	29
46	1	678	29
47	1	939	29
48	1	1826	29
49	1	626	29
50	1	1408	29
51	1	1408	29
52	1	782	29
53	1	678	29
53	1	2087	30
55	1	834	29
56	1	991	29
57	1	521	29
57	1	1930	30
58	1	469	29
59	1	782	29
60	1	887	29
61	1	782	29
62	1	782	29
62	1	2295	30
63	1	521	29
64	1	1722	29
65	1	574	29
66	1	1148	29
67	1	574	29
68	1	1252	29
69	1	626	29
70	1	521	29
71	1	939	29
73	1	1461	29
74	1	626	29
75	1	626	29
76	1	1200	29
77	1	1252	29
78	1	1148	29
79	1	574	29
80	1	678	29
81	1	887	29
82	1	1408	29
83	1	887	29
84	1	782	29
85	1	1461	29
86	1	887	29
87	1	574	29
87	1	1982	30
88	1	521	29
89	1	574	29
90	1	1148	29
91	1	521	29
92	1	626	29
93	1	1095	29
94	1	1565	29
95	1	626	29
96	1	834	29
97	1	991	29
98	1	1461	29
99	1	887	29
100	1	1148	29
101	1	521	29
102	1	521	29
103	1	626	29
104	1	469	29
105	1	2035	29
106	1	574	29
106	1	2191	30
107	1	574	29
107	1	2243	30
108	1	574	29
109	1	991	29
110	1	626	29
111	1	887	29
112	1	574	29
113	1	626	29
114	1	782	29
115	1	1252	29
116	1	1200	29
117	1	1200	29
118	1	991	29
119	1	1095	29
120	1	626	29
121	1	991	29
122	1	626	29
123	1	1774	29
124	1	626	29
125	1	782	29
126	1	574	29
127	1	574	29
128	1	574	29
129	1	939	29
130	1	469	29
131	1	887	29
131	1	2139	30
132	1	574	29
133	1	782	29
134	1	574	29
135	1	626	29
136	1	574	29
136	1	1722	30
137	1	521	29
138	1	574	29
138	1	1982	30
139	1	574	29
139	1	1878	30
140	1	1461	29
141	1	782	29
141	1	1930	30
142	1	574	29
143	1	1148	29
145	1	991	29
146	1	678	29
147	1	887	29
148	1	1148	29
149	1	626	29
149	1	2139	30
150	1	574	29
151	1	626	29
152	1	469	29
153	1	521	29
154	1	574	29
155	1	521	29
156	1	574	29
158	1	469	29
159	1	574	29
159	1	2087	30
160	1	574	29
161	1	1461	29
162	1	887	29
163	1	887	29
164	1	469	29
165	1	678	29
166	1	1669	29
167	1	991	29
169	1	574	29
170	1	574	29
171	1	678	29
172	1	887	29
173	1	1148	29
174	1	574	29
175	1	834	29
176	1	521	29
177	1	1513	29
178	1	1826	29
179	1	678	29
180	1	1722	29
181	1	521	29
182	1	574	29
183	1	574	29
184	1	887	29
185	1	678	29
186	1	2035	29
187	1	574	29
188	1	887	29
189	1	1252	29
190	1	939	29
191	1	626	29
192	1	782	29
193	1	626	29
194	1	521	29
196	1	574	29
196	1	1722	30
198	1	887	29
199	1	521	29
200	1	991	29
201	1	1565	29
202	1	678	29
203	1	574	29
204	1	574	29
205	1	1148	29
206	1	574	29
206	1	1722	30
207	1	574	29
208	1	574	29
209	1	2035	29
210	1	365	29
211	1	1356	29
212	1	574	29
213	1	1461	29
214	1	626	29
215	1	1095	29
216	1	782	29
217	1	991	29
218	1	574	29
219	1	2035	29
220	1	1200	29
221	1	521	29
222	1	1722	29
223	1	626	29
224	1	626	29
225	1	574	29
225	1	1878	30
226	1	678	29
227	1	782	29
228	1	574	29
229	1	574	29
230	1	574	29
231	1	574	29
232	1	626	29
233	1	1148	29
235	1	1252	29
236	1	782	29
237	1	626	29
238	1	887	29
239	1	991	29
240	1	574	29
240	1	2243	30
241	1	521	29
242	1	1148	29
243	1	574	29
243	1	1930	30
244	1	626	29
245	1	939	29
246	1	1826	29
248	1	521	29
249	1	574	29
250	1	574	29
250	1	2087	30
251	1	782	29
252	1	1148	29
253	1	626	29
255	1	678	29
256	1	626	29
257	1	939	29
258	1	574	29
259	1	574	29
260	1	626	29
262	1	678	29
263	1	574	29
264	1	887	29
265	1	626	29
266	1	834	29
267	1	574	29
268	1	834	29
269	1	626	29
270	1	574	29
271	1	782	29
272	1	574	29
272	1	1878	30
273	1	2087	29
274	1	939	29
275	1	1356	29
276	1	1982	29
277	1	574	29
278	1	1356	29
279	1	991	29
280	1	574	29
282	1	1356	29
283	1	991	29
284	1	626	29
284	1	1826	30
285	1	939	29
286	1	521	29
286	1	2139	30
287	1	991	29
288	1	834	29
289	1	887	29
291	1	1200	29
292	1	1252	29
293	1	521	29
293	1	1878	30
294	1	574	29
295	1	887	29
296	1	626	29
297	1	1148	29
298	1	626	29
299	1	678	29
300	1	834	29
301	1	521	29
302	1	574	29
303	1	626	29
303	1	1878	30
304	1	626	29
306	1	574	29
307	1	521	29
308	1	521	29
309	1	574	29
309	1	1826	30
310	1	782	29
310	1	2087	30
311	1	678	29
312	1	887	29
313	1	574	29
314	1	1095	29
315	1	1200	29
316	1	1930	29
317	1	1095	29
318	1	1200	29
319	1	1461	29
320	1	1148	29
321	1	626	29
322	1	521	29
323	1	1722	29
324	1	1148	29
325	1	1095	29
326	1	574	29
327	1	939	29
328	1	574	29
329	1	1148	29
330	1	574	29
331	1	574	29
332	1	834	29
333	1	626	29
334	1	991	29
335	1	574	29
336	1	626	29
337	1	626	29
338	1	887	29
339	1	678	29
340	1	939	29
341	1	991	29
342	1	521	29
342	1	1930	30
343	1	574	29
344	1	1774	29
345	1	469	29
346	1	469	29
346	1	2087	30
347	1	678	29
348	1	574	29
349	1	626	29
350	1	1774	29
351	1	574	29
352	1	469	29
353	1	626	29
354	1	574	29
354	1	1774	30
355	1	678	29
356	1	626	29
357	1	626	29
358	1	834	29
360	1	521	29
361	1	626	29
362	1	1774	29
364	1	626	29
365	1	1461	29
366	1	574	29
367	1	574	29
368	1	574	29
368	1	1774	30
369	1	834	29
370	1	626	29
371	1	782	29
372	1	574	29
373	1	678	29
374	1	1252	29
375	1	1095	29
376	1	834	29
377	1	1148	29
378	1	887	29
379	1	678	29
380	1	1356	29
381	1	521	29
382	1	574	29
383	1	1148	29
384	1	574	29
385	1	521	29
386	1	365	29
387	1	782	29
387	1	2035	30
388	1	1930	29
389	1	574	29
390	1	574	29
391	1	574	29
392	1	678	29
393	1	521	29
394	1	782	29
395	1	1200	29
396	1	574	29
396	1	1722	30
397	1	991	29
398	1	469	29
399	1	626	29
400	1	626	29
401	1	2035	29
402	1	782	29
403	1	1774	29
404	1	626	29
405	1	887	29
406	1	574	29
407	1	939	29
409	1	887	29
410	1	834	29
411	1	626	29
411	1	1878	30
412	1	678	29
412	1	1774	30
413	1	574	29
413	1	1722	30
414	1	469	29
415	1	626	29
416	1	1148	29
417	1	626	29
418	1	678	29
418	1	2139	30
419	1	365	29
420	1	678	29
421	1	1774	29
422	1	626	29
423	1	887	29
424	1	574	29
424	1	1930	30
425	1	887	29
426	1	939	29
427	1	1930	29
428	1	626	29
429	1	521	29
430	1	574	29
431	1	574	29
432	1	834	29
432	1	2295	30
433	1	1200	29
434	1	782	29
434	1	2035	30
435	1	574	29
436	1	626	29
437	1	678	29
438	1	521	29
439	1	782	29
440	1	521	29
441	1	1513	29
442	1	1252	29
443	1	574	29
444	1	1408	29
445	1	574	29
446	1	1513	29
447	1	1356	29
448	1	782	29
449	1	1930	29
450	1	2035	29
451	1	574	29
452	1	834	29
453	1	574	29
453	1	1826	30
454	1	1148	29
455	1	939	29
456	1	1148	29
457	1	574	29
458	1	1461	29
459	1	678	29
460	1	574	29
461	1	521	29
462	1	469	29
463	1	782	29
463	1	2087	30
464	1	678	29
465	1	574	29
466	1	626	29
467	1	574	29
468	1	574	29
469	1	521	29
469	1	2139	30
470	1	1200	29
471	1	939	29
472	1	782	29
473	1	521	29
474	1	574	29
475	1	782	29
476	1	1148	29
477	1	782	29
478	1	1200	29
480	1	574	29
481	1	782	29
481	1	1982	30
482	1	782	29
483	1	1461	29
484	1	1930	29
485	1	991	29
486	1	1148	29
487	1	678	29
488	1	1148	29
489	1	574	29
489	1	1826	30
490	1	626	29
491	1	678	29
492	1	834	29
493	1	574	29
494	1	887	29
495	1	626	29
496	1	469	29
497	1	574	29
498	1	678	29
499	1	678	29
500	1	574	29
500	1	1774	30
501	1	1148	29
502	1	574	29
503	1	574	29
503	1	1774	30
504	1	2295	29
505	1	1148	29
506	1	887	29
507	1	1461	29
508	1	626	29
508	1	2035	30
510	1	1774	29
512	1	782	29
513	1	782	29
514	1	626	29
515	1	574	29
516	1	1148	29
517	1	1148	29
518	1	834	29
519	1	782	29
520	1	574	29
521	1	574	29
522	1	1200	29
523	1	626	29
524	1	1930	29
525	1	678	29
525	1	2035	30
526	1	1774	29
527	1	574	29
528	1	574	29
529	1	574	29
529	1	1774	30
530	1	1095	29
531	1	939	29
532	1	782	29
533	1	1774	29
534	1	574	29
534	1	2035	30
535	1	1408	29
536	1	1148	29
537	1	834	29
538	1	626	29
539	1	574	29
540	1	1774	29
541	1	574	29
542	1	834	29
543	1	939	29
544	1	469	29
544	1	2087	30
545	1	574	29
546	1	991	29
547	1	887	29
547	1	2243	30
548	1	1148	29
549	1	1148	29
550	1	626	29
550	1	1878	30
551	1	574	29
551	1	1930	30
552	1	1148	29
553	1	574	29
554	1	574	29
555	1	574	29
555	1	1774	30
556	1	626	29
557	1	1200	29
558	1	574	29
559	1	834	29
560	1	1148	29
561	1	626	29
562	1	782	29
563	1	574	29
564	1	1148	29
565	1	678	29
565	1	2035	30
566	1	574	29
567	1	574	29
568	1	626	29
569	1	678	29
570	1	1148	29
571	1	521	29
572	1	1200	29
573	1	2243	29
574	1	1200	29
575	1	521	29
575	1	1774	30
576	1	939	29
577	1	782	29
578	1	834	29
579	1	574	29
580	1	1826	29
581	1	887	29
582	1	574	29
583	1	626	29
583	1	1774	30
584	1	782	29
585	1	574	29
585	1	1722	30
586	1	521	29
587	1	574	29
587	1	1878	30
588	1	626	29
589	1	834	29
590	1	626	29
591	1	1356	29
593	1	521	29
594	1	574	29
595	1	626	29
595	1	1982	30
596	1	574	29
597	1	1461	29
598	1	521	29
599	1	626	29
600	1	1461	29
601	1	678	29
602	1	1095	29
603	1	574	29
604	1	626	29
605	1	939	29
606	1	1200	29
607	1	574	29
608	1	834	29
610	1	2035	29
611	1	574	29
612	1	939	29
613	1	1095	29
614	1	991	29
615	1	678	29
616	1	887	29
617	1	1774	29
618	1	1826	29
619	1	782	29
620	1	574	29
621	1	782	29
622	1	574	29
623	1	939	29
624	1	782	29
625	1	939	29
626	1	365	29
627	1	887	29
628	1	1148	29
629	1	678	29
630	1	626	29
631	1	521	29
632	1	574	29
633	1	1408	29
634	1	991	29
635	1	1200	29
636	1	2035	29
637	1	834	29
638	1	1722	29
639	1	521	29
639	1	1982	30
640	1	574	29
641	1	469	29
642	1	991	29
643	1	2087	29
644	1	834	29
645	1	574	29
646	1	574	29
647	1	1200	29
648	1	574	29
649	1	782	29
650	1	1356	29
651	1	834	29
652	1	1148	29
653	1	678	29
654	1	626	29
655	1	574	29
656	1	521	29
657	1	782	29
658	1	678	29
658	1	2243	30
659	1	991	29
660	1	626	29
661	1	626	29
662	1	574	29
663	1	887	29
664	1	574	29
664	1	2087	30
665	1	574	29
666	1	574	29
667	1	626	29
668	1	782	29
669	1	626	29
670	1	678	29
671	1	887	29
672	1	626	29
673	1	574	29
674	1	574	29
675	1	887	29
676	1	574	29
676	1	2035	30
677	1	626	29
678	1	574	29
679	1	991	29
680	1	834	29
681	1	782	29
682	1	469	29
683	1	991	29
684	1	887	29
685	1	469	29
686	1	678	29
687	1	1200	29
688	1	991	29
689	1	991	29
690	1	521	29
691	1	626	29
691	1	2191	30
692	1	469	29
693	1	521	29
694	1	834	29
695	1	521	29
696	1	678	29
697	1	678	29
698	1	1252	29
699	1	521	29
700	1	469	29
701	1	678	29
702	1	521	29
703	1	782	29
704	1	1774	29
705	1	782	29
706	1	574	29
707	1	678	29
708	1	939	29
709	1	626	29
710	1	887	29
711	1	939	29
712	1	626	29
713	1	1408	29
714	1	626	29
715	1	574	29
716	1	574	29
717	1	887	29
718	1	782	29
719	1	678	29
720	1	1774	29
721	1	574	29
722	1	574	29
722	1	1722	30
723	1	574	29
724	1	574	29
725	1	782	29
726	1	521	29
727	1	1095	29
728	1	1722	29
729	1	782	29
730	1	1356	29
731	1	626	29
732	1	626	29
733	1	782	29
734	1	626	29
735	1	1774	29
736	1	887	29
737	1	626	29
738	1	626	29
738	1	2087	30
739	1	939	29
741	1	469	29
742	1	574	29
742	1	1930	30
743	1	521	29
744	1	991	29
745	1	782	29
746	1	1148	29
747	1	1356	29
748	1	1826	29
749	1	991	29
750	1	574	29
751	1	887	29
752	1	626	29
753	1	574	29
753	1	2191	30
754	1	574	29
755	1	678	29
756	1	574	29
756	1	1930	30
757	1	1356	29
758	1	574	29
759	1	1148	29
760	1	521	29
761	1	574	29
762	1	887	29
763	1	991	29
764	1	887	29
765	1	678	29
766	1	782	29
767	1	939	29
768	1	1252	29
769	1	574	29
770	1	1774	29
771	1	939	29
772	1	626	29
773	1	1252	29
774	1	521	29
775	1	939	29
776	1	574	29
776	1	2139	30
777	1	1774	29
778	1	626	29
779	1	1774	29
780	1	1356	29
781	1	521	29
782	1	469	29
783	1	1252	29
784	1	626	29
785	1	678	29
786	1	574	29
787	1	1148	29
788	1	678	29
789	1	939	29
790	1	626	29
791	1	1148	29
792	1	678	29
793	1	626	29
794	1	521	29
795	1	1200	29
796	1	1148	29
797	1	678	29
798	1	834	29
799	1	2295	29
800	1	1148	29
801	1	1148	29
802	1	469	29
803	1	887	29
804	1	469	29
805	1	2243	29
806	1	1200	29
807	1	574	29
807	1	1722	30
808	1	1774	29
809	1	1565	29
810	1	626	29
811	1	574	29
812	1	365	29
813	1	887	29
815	1	574	29
816	1	939	29
817	1	1982	29
818	1	521	29
819	1	1200	29
820	1	574	29
821	1	991	29
822	1	574	29
823	1	574	29
823	1	1930	30
824	1	887	29
825	1	782	29
826	1	678	29
827	1	626	29
828	1	1148	29
829	1	1774	29
830	1	939	29
831	1	782	29
831	1	2035	30
832	1	678	29
832	1	1930	30
833	1	991	29
834	1	626	29
834	1	2139	30
835	1	1148	29
836	1	1930	29
837	1	939	29
838	1	626	29
839	1	1200	29
840	1	521	29
840	1	1722	30
841	1	782	29
842	1	574	29
843	1	574	29
843	1	1774	30
844	1	991	29
845	1	1095	29
846	1	1200	29
847	1	991	29
848	1	521	29
849	1	1722	29
850	1	626	29
850	1	1930	30
851	1	2035	29
852	1	678	29
853	1	1148	29
854	1	939	29
855	1	469	29
856	1	626	29
857	1	1095	29
858	1	1200	29
859	1	574	29
860	1	1408	29
861	1	782	29
862	1	1356	29
863	1	782	29
864	1	574	29
864	1	1982	30
865	1	626	29
866	1	574	29
867	1	574	29
868	1	678	29
869	1	782	29
870	1	939	29
871	1	991	29
873	1	626	29
873	1	1930	30
875	1	365	29
876	1	626	29
877	1	574	29
877	1	1774	30
878	1	991	29
879	1	521	29
880	1	574	29
881	1	678	29
882	1	1148	29
883	1	1461	29
884	1	678	29
885	1	626	29
885	1	2295	30
886	1	782	29
887	1	782	29
888	1	782	29
889	1	1148	29
890	1	1148	29
891	1	782	29
892	1	1356	29
893	1	782	29
894	1	834	29
895	1	521	29
896	1	574	29
897	1	574	29
898	1	782	29
899	1	574	29
900	1	678	29
901	1	626	29
902	1	626	29
903	1	365	29
905	1	939	29
906	1	574	29
907	1	1774	29
908	1	678	29
909	1	1774	29
910	1	939	29
911	1	678	29
912	1	782	29
913	1	1148	29
914	1	574	29
915	1	991	29
916	1	574	29
917	1	574	29
918	1	1095	29
919	1	1095	29
920	1	574	29
921	1	574	29
922	1	521	29
923	1	991	29
924	1	834	29
925	1	626	29
926	1	887	29
927	1	626	29
929	1	626	29
930	1	1200	29
931	1	574	29
931	1	1826	30
932	1	939	29
933	1	1095	29
934	1	834	29
935	1	365	29
936	1	574	29
937	1	626	29
938	1	834	29
939	1	939	29
940	1	469	29
941	1	574	29
941	1	2087	30
942	1	521	29
942	1	2139	30
943	1	574	29
944	1	574	29
945	1	1252	29
946	1	574	29
947	1	626	29
947	1	1826	30
948	1	626	29
949	1	469	29
949	1	1722	30
950	1	626	29
951	1	1826	29
952	1	1722	29
953	1	626	29
954	1	626	29
955	1	1930	29
956	1	574	29
957	1	1148	29
958	1	887	29
959	1	2035	29
960	1	1148	29
961	1	834	29
962	1	1826	29
963	1	626	29
964	1	834	29
964	1	1982	30
965	1	678	29
966	1	521	29
967	1	1095	29
968	1	469	29
969	1	521	29
971	1	574	29
972	1	574	29
972	1	1826	30
973	1	521	29
974	1	469	29
975	1	1095	29
976	1	521	29
977	1	1565	29
978	1	678	29
979	1	1148	29
980	1	1461	29
981	1	782	29
982	1	626	29
983	1	521	29
984	1	834	29
985	1	991	29
986	1	2087	29
987	1	939	29
988	1	1148	29
989	1	574	29
990	1	1513	29
992	1	1565	29
993	1	678	29
994	1	1774	29
995	1	574	29
996	1	991	29
997	1	2139	29
998	1	469	29
998	1	2035	30
999	1	1148	29
0	2	261	26
0	2	730	33
0	2	1148	13
1	2	261	26
1	2	678	33
1	2	1148	13
2	2	261	26
2	2	991	33
3	2	261	26
3	2	1722	13
4	2	261	26
4	2	887	33
4	2	1200	13
5	2	261	26
5	2	834	33
6	2	261	26
6	2	991	33
6	2	2139	13
7	2	261	26
7	2	1408	13
8	2	261	26
8	2	1095	33
8	2	1617	13
9	2	261	26
10	2	261	26
10	2	730	33
10	2	1148	13
11	2	261	26
12	2	261	26
13	2	261	26
14	2	261	26
14	2	678	33
14	2	1148	13
15	2	261	26
15	2	782	33
15	2	1304	13
16	2	261	26
16	2	782	33
16	2	1200	13
17	2	261	26
17	2	678	33
17	2	1148	13
18	2	261	26
18	2	730	33
18	2	1148	13
19	2	261	26
20	2	261	26
20	2	991	33
20	2	1461	13
21	2	261	26
21	2	678	33
21	2	1148	13
22	2	261	26
22	2	1722	13
23	2	261	26
23	2	730	33
23	2	1148	13
24	2	261	26
24	2	782	33
24	2	1148	13
25	2	261	26
26	2	261	26
26	2	1252	13
27	2	261	26
27	2	782	33
27	2	1148	13
28	2	261	26
28	2	1148	33
28	2	1461	13
29	2	261	26
30	2	261	26
31	2	261	26
31	2	939	33
32	2	261	26
32	2	1617	13
33	2	261	26
33	2	1356	13
34	2	261	26
34	2	1252	13
35	2	261	26
35	2	834	33
35	2	1148	13
36	2	261	26
36	2	834	33
36	2	1304	13
37	2	261	26
37	2	1826	13
38	2	261	26
38	2	1408	13
39	2	261	26
39	2	939	33
39	2	1513	13
40	2	261	26
40	2	678	33
40	2	1148	13
41	2	261	26
41	2	1252	13
41	2	2191	33
42	2	261	26
42	2	1252	13
43	2	261	26
43	2	834	33
43	2	1356	13
44	2	261	26
45	2	261	26
45	2	1148	13
45	2	1617	33
46	2	261	26
46	2	782	33
46	2	1982	13
47	2	261	26
47	2	1722	13
48	2	261	26
49	2	261	26
49	2	834	33
49	2	1200	13
50	2	261	26
51	2	261	26
52	2	261	26
53	2	261	26
53	2	782	33
53	2	1200	13
54	2	261	26
55	2	261	26
55	2	991	33
56	2	261	26
57	2	261	26
57	2	730	33
57	2	1148	13
58	2	261	26
58	2	991	33
58	2	1408	13
59	2	261	26
59	2	782	33
59	2	1148	13
60	2	261	26
61	2	261	26
61	2	991	33
62	2	261	26
62	2	834	33
62	2	1200	13
63	2	261	26
63	2	1200	13
63	2	1722	33
64	2	261	26
65	2	261	26
65	2	1408	13
66	2	261	26
67	2	261	26
67	2	1200	13
67	2	1722	33
68	2	261	26
69	2	261	26
69	2	1408	13
70	2	261	26
71	2	261	26
71	2	1669	13
72	2	261	26
73	2	261	26
74	2	261	26
75	2	261	26
75	2	782	33
75	2	1148	13
76	2	261	26
77	2	261	26
78	2	261	26
79	2	261	26
79	2	1461	13
80	2	261	26
80	2	834	33
80	2	1461	13
81	2	261	26
81	2	991	33
82	2	261	26
82	2	1669	13
83	2	261	26
84	2	261	26
84	2	939	33
85	2	261	26
86	2	261	26
87	2	261	26
87	2	730	33
87	2	1148	13
88	2	261	26
88	2	1148	13
88	2	1617	33
89	2	261	26
89	2	1408	13
90	2	261	26
91	2	261	26
91	2	991	33
92	2	261	26
92	2	730	33
92	2	1200	13
93	2	261	26
94	2	261	26
95	2	261	26
96	2	261	26
96	2	1617	13
97	2	261	26
98	2	261	26
99	2	261	26
100	2	261	26
101	2	261	26
101	2	1356	13
102	2	261	26
102	2	1304	13
103	2	261	26
104	2	261	26
104	2	939	33
104	2	1408	13
105	2	261	26
106	2	261	26
106	2	1148	13
106	2	1617	33
107	2	261	26
107	2	730	33
107	2	1148	13
108	2	261	26
108	2	782	33
108	2	1200	13
109	2	261	26
110	2	261	26
110	2	782	33
110	2	1148	13
111	2	261	26
111	2	2035	13
112	2	261	26
112	2	2295	13
113	2	261	26
113	2	730	33
113	2	1148	13
114	2	261	26
114	2	991	33
115	2	261	26
116	2	261	26
117	2	261	26
118	2	261	26
119	2	261	26
120	2	261	26
120	2	1669	13
121	2	261	26
122	2	261	26
122	2	730	33
122	2	1148	13
123	2	261	26
124	2	261	26
124	2	730	33
124	2	1148	13
125	2	261	26
125	2	887	33
125	2	1148	13
126	2	261	26
126	2	730	33
126	2	1148	13
127	2	261	26
127	2	730	33
127	2	1148	13
128	2	261	26
128	2	678	33
128	2	1148	13
129	2	261	26
130	2	261	26
130	2	887	33
131	2	261	26
131	2	1148	33
131	2	1408	13
132	2	261	26
132	2	730	33
132	2	1252	13
133	2	261	26
133	2	939	33
133	2	1669	13
134	2	261	26
134	2	1722	13
135	2	261	26
135	2	782	33
135	2	1252	13
136	2	261	26
136	2	678	33
136	2	1148	13
137	2	261	26
137	2	1252	13
138	2	261	26
138	2	678	33
138	2	1148	13
139	2	261	26
139	2	782	33
139	2	1148	13
140	2	261	26
141	2	261	26
141	2	782	33
141	2	1148	13
142	2	261	26
143	2	261	26
144	2	261	26
145	2	261	26
145	2	1617	13
146	2	261	26
146	2	939	33
146	2	1304	13
147	2	261	26
147	2	939	33
147	2	1565	13
148	2	261	26
149	2	261	26
149	2	678	33
149	2	1148	13
150	2	261	26
150	2	834	33
150	2	1304	13
151	2	261	26
151	2	2191	13
152	2	261	26
152	2	991	33
152	2	1356	13
153	2	261	26
153	2	2139	13
154	2	261	26
154	2	782	33
154	2	1148	13
155	2	261	26
155	2	730	33
155	2	1148	13
156	2	261	26
156	2	730	33
156	2	1148	13
157	2	261	26
158	2	261	26
158	2	887	33
158	2	1356	13
159	2	261	26
159	2	678	33
159	2	1148	13
160	2	261	26
160	2	1148	13
161	2	261	26
162	2	261	26
162	2	1356	13
163	2	261	26
164	2	261	26
164	2	782	33
164	2	2243	13
165	2	261	26
165	2	939	33
165	2	1200	13
166	2	261	26
167	2	261	26
168	2	261	26
169	2	261	26
169	2	782	33
169	2	2191	13
170	2	261	26
170	2	730	33
170	2	1148	13
171	2	261	26
172	2	261	26
172	2	1513	13
173	2	261	26
174	2	261	26
174	2	1408	13
175	2	261	26
175	2	1043	33
175	2	1408	13
176	2	261	26
176	2	782	33
176	2	1930	13
177	2	261	26
178	2	261	26
179	2	261	26
179	2	887	33
179	2	1200	13
180	2	261	26
181	2	261	26
181	2	730	33
181	2	1148	13
182	2	261	26
183	2	261	26
183	2	782	33
183	2	1148	13
184	2	261	26
185	2	261	26
185	2	939	33
185	2	1252	13
186	2	261	26
187	2	261	26
187	2	1304	13
188	2	261	26
189	2	261	26
189	2	1200	13
190	2	261	26
191	2	261	26
191	2	782	33
192	2	261	26
192	2	991	33
192	2	1461	13
193	2	261	26
193	2	991	33
193	2	1669	13
194	2	261	26
195	2	261	26
196	2	261	26
196	2	678	33
196	2	1148	13
197	2	261	26
198	2	261	26
198	2	1148	33
198	2	1461	13
199	2	261	26
199	2	782	33
199	2	1148	13
200	2	261	26
200	2	1669	13
201	2	261	26
202	2	261	26
202	2	1408	13
203	2	261	26
203	2	1356	13
204	2	261	26
204	2	887	33
204	2	1252	13
205	2	261	26
206	2	261	26
206	2	678	33
206	2	1148	13
207	2	261	26
207	2	730	33
207	2	1148	13
208	2	261	26
208	2	887	33
208	2	1356	13
209	2	261	26
210	2	261	26
210	2	991	33
211	2	261	26
212	2	261	26
212	2	1565	13
213	2	261	26
214	2	261	26
215	2	261	26
216	2	261	26
217	2	261	26
217	2	1722	13
218	2	261	26
218	2	1200	13
219	2	261	26
220	2	261	26
221	2	261	26
221	2	1304	13
222	2	261	26
223	2	261	26
224	2	261	26
224	2	1513	13
225	2	261	26
225	2	730	33
225	2	1148	13
226	2	261	26
226	2	887	33
226	2	1200	13
227	2	261	26
227	2	2035	13
228	2	261	26
228	2	834	33
228	2	1148	13
229	2	261	26
229	2	1304	13
229	2	1774	33
230	2	261	26
230	2	730	33
230	2	1148	13
231	2	261	26
231	2	678	33
231	2	1148	13
232	2	261	26
232	2	782	33
232	2	1148	13
233	2	261	26
234	2	261	26
235	2	261	26
236	2	261	26
237	2	261	26
238	2	261	26
239	2	261	26
240	2	261	26
240	2	782	33
240	2	1148	13
241	2	261	26
241	2	1200	13
241	2	1669	33
242	2	261	26
242	2	991	33
242	2	1722	13
243	2	261	26
243	2	678	33
243	2	1148	13
244	2	261	26
244	2	730	33
244	2	1148	13
245	2	261	26
245	2	2295	13
246	2	261	26
247	2	261	26
248	2	261	26
248	2	730	33
248	2	1148	13
249	2	261	26
249	2	678	33
249	2	1148	13
250	2	261	26
250	2	730	33
250	2	1148	13
251	2	261	26
251	2	939	33
251	2	1617	13
252	2	261	26
253	2	261	26
253	2	2295	13
254	2	261	26
255	2	261	26
256	2	261	26
256	2	1304	13
257	2	261	26
257	2	1774	13
258	2	261	26
258	2	678	33
258	2	1148	13
259	2	261	26
259	2	730	33
259	2	1148	13
260	2	261	26
260	2	834	33
260	2	1617	13
261	2	261	26
262	2	261	26
262	2	1304	13
262	2	1774	33
263	2	261	26
264	2	261	26
264	2	887	33
264	2	1930	13
265	2	261	26
265	2	887	33
266	2	261	26
266	2	991	33
266	2	1669	13
267	2	261	26
267	2	730	33
267	2	1930	13
268	2	261	26
268	2	1408	13
269	2	261	26
269	2	834	33
269	2	1148	13
270	2	261	26
271	2	261	26
271	2	1095	33
271	2	1408	13
272	2	261	26
272	2	782	33
272	2	1148	13
273	2	261	26
274	2	261	26
275	2	261	26
276	2	261	26
277	2	261	26
278	2	261	26
279	2	261	26
280	2	261	26
280	2	2035	13
281	2	261	26
282	2	261	26
283	2	261	26
283	2	1722	13
284	2	261	26
284	2	678	33
284	2	1148	13
285	2	261	26
285	2	1617	13
286	2	261	26
286	2	782	33
286	2	1148	13
287	2	261	26
288	2	261	26
288	2	887	33
288	2	1722	13
289	2	261	26
290	2	261	26
291	2	261	26
292	2	261	26
293	2	261	26
293	2	678	33
293	2	1148	13
294	2	261	26
294	2	834	33
295	2	261	26
295	2	2243	13
296	2	261	26
296	2	730	33
296	2	1148	13
297	2	261	26
298	2	261	26
298	2	1408	13
299	2	261	26
299	2	782	33
300	2	261	26
301	2	261	26
301	2	678	33
301	2	1148	13
302	2	261	26
302	2	939	33
302	2	1461	13
303	2	261	26
303	2	678	33
303	2	1148	13
304	2	261	26
304	2	730	33
304	2	1148	13
305	2	261	26
306	2	261	26
306	2	678	33
306	2	1148	13
307	2	261	26
308	2	261	26
308	2	1774	13
309	2	261	26
309	2	730	33
309	2	1148	13
310	2	261	26
310	2	939	33
310	2	1200	13
311	2	261	26
312	2	261	26
313	2	261	26
314	2	261	26
315	2	261	26
315	2	1148	33
316	2	261	26
317	2	261	26
318	2	261	26
319	2	261	26
320	2	261	26
321	2	261	26
321	2	730	33
321	2	1200	13
322	2	261	26
322	2	887	33
322	2	1930	13
323	2	261	26
324	2	261	26
325	2	261	26
326	2	261	26
326	2	678	33
326	2	1148	13
327	2	261	26
327	2	1513	13
328	2	261	26
329	2	261	26
330	2	261	26
330	2	1148	13
330	2	1669	33
331	2	261	26
331	2	782	33
331	2	1356	13
332	2	261	26
332	2	1043	33
332	2	1356	13
333	2	261	26
333	2	730	33
333	2	1148	13
334	2	261	26
335	2	261	26
335	2	678	33
335	2	1148	13
336	2	261	26
336	2	939	33
336	2	1356	13
337	2	261	26
338	2	261	26
339	2	261	26
339	2	782	33
339	2	1826	13
340	2	261	26
340	2	1722	13
341	2	261	26
341	2	1617	13
342	2	261	26
342	2	782	33
342	2	1148	13
343	2	261	26
343	2	678	33
343	2	1148	13
344	2	261	26
345	2	261	26
345	2	1043	33
345	2	1408	13
346	2	261	26
346	2	991	33
346	2	1304	13
347	2	261	26
347	2	1252	13
348	2	261	26
348	2	834	33
348	2	1200	13
349	2	261	26
349	2	782	33
349	2	1148	13
350	2	261	26
351	2	261	26
351	2	1722	13
352	2	261	26
352	2	1043	33
352	2	1669	13
353	2	261	26
353	2	834	33
353	2	1304	13
354	2	261	26
354	2	626	33
354	2	1148	13
355	2	261	26
355	2	887	33
356	2	261	26
356	2	1513	13
357	2	261	26
357	2	939	33
358	2	261	26
358	2	1617	13
359	2	261	26
360	2	261	26
361	2	261	26
361	2	939	33
361	2	1722	13
362	2	261	26
363	2	261	26
364	2	261	26
364	2	782	33
364	2	2139	13
365	2	261	26
366	2	261	26
366	2	1304	13
367	2	261	26
367	2	887	33
368	2	261	26
368	2	678	33
368	2	1148	13
369	2	261	26
369	2	887	33
369	2	1148	13
370	2	261	26
371	2	261	26
371	2	834	33
371	2	1408	13
372	2	261	26
372	2	1513	13
373	2	261	26
374	2	261	26
375	2	261	26
376	2	261	26
376	2	991	33
377	2	261	26
378	2	261	26
378	2	1669	13
379	2	261	26
379	2	1148	33
379	2	1565	13
380	2	261	26
381	2	261	26
381	2	1878	13
382	2	261	26
382	2	834	33
382	2	2139	13
383	2	261	26
384	2	261	26
384	2	939	33
384	2	1617	13
385	2	261	26
385	2	1669	13
386	2	261	26
386	2	939	33
387	2	261	26
387	2	887	33
387	2	1200	13
388	2	261	26
389	2	261	26
389	2	730	33
389	2	1356	13
390	2	261	26
390	2	626	33
390	2	1148	13
391	2	261	26
391	2	834	33
391	2	1200	13
392	2	261	26
393	2	261	26
393	2	678	33
393	2	1148	13
394	2	261	26
394	2	1356	13
395	2	261	26
396	2	261	26
396	2	730	33
396	2	1148	13
397	2	261	26
397	2	1930	13
398	2	261	26
399	2	261	26
399	2	730	33
399	2	1148	13
400	2	261	26
400	2	939	33
400	2	2087	13
401	2	261	26
402	2	261	26
402	2	1095	33
402	2	1513	13
403	2	261	26
404	2	261	26
404	2	1722	13
405	2	261	26
406	2	261	26
406	2	887	33
406	2	1304	13
407	2	261	26
407	2	1565	13
408	2	261	26
409	2	261	26
410	2	261	26
411	2	261	26
411	2	730	33
411	2	1148	13
412	2	261	26
412	2	730	33
412	2	1148	13
413	2	261	26
413	2	730	33
413	2	1148	13
414	2	261	26
414	2	991	33
414	2	1461	13
415	2	261	26
415	2	887	33
415	2	1304	13
416	2	261	26
417	2	261	26
417	2	939	33
417	2	1669	13
418	2	261	26
418	2	991	33
418	2	1252	13
419	2	261	26
419	2	887	33
419	2	1356	13
420	2	261	26
420	2	1565	13
421	2	261	26
422	2	261	26
423	2	261	26
423	2	1461	13
424	2	261	26
424	2	834	33
424	2	1148	13
425	2	261	26
425	2	991	33
426	2	261	26
426	2	1461	13
427	2	261	26
428	2	261	26
428	2	782	33
429	2	261	26
429	2	1043	33
429	2	1565	13
430	2	261	26
430	2	834	33
430	2	1461	13
431	2	261	26
431	2	678	33
431	2	1148	13
432	2	261	26
432	2	887	33
432	2	1200	13
433	2	261	26
433	2	1148	13
434	2	261	26
434	2	834	33
434	2	1148	13
435	2	261	26
435	2	730	33
435	2	1148	13
436	2	261	26
436	2	730	33
436	2	1148	13
437	2	261	26
437	2	782	33
437	2	1878	13
438	2	261	26
438	2	1200	13
438	2	1722	33
439	2	261	26
440	2	261	26
440	2	1513	13
441	2	261	26
442	2	261	26
442	2	1148	13
443	2	261	26
444	2	261	26
445	2	261	26
445	2	730	33
445	2	1148	13
446	2	261	26
447	2	261	26
448	2	261	26
449	2	261	26
450	2	261	26
451	2	261	26
451	2	1252	13
451	2	1722	33
452	2	261	26
452	2	887	33
453	2	261	26
453	2	730	33
453	2	1148	13
454	2	261	26
455	2	261	26
455	2	1617	13
456	2	261	26
457	2	261	26
457	2	1408	13
458	2	261	26
459	2	261	26
460	2	261	26
460	2	730	33
460	2	1513	13
461	2	261	26
461	2	730	33
461	2	1148	13
462	2	261	26
462	2	1095	33
463	2	261	26
463	2	939	33
463	2	1200	13
464	2	261	26
464	2	1461	13
465	2	261	26
465	2	782	33
465	2	1774	13
466	2	261	26
466	2	730	33
466	2	1148	13
467	2	261	26
467	2	782	33
467	2	1148	13
468	2	261	26
468	2	730	33
468	2	1252	13
469	2	261	26
469	2	678	33
469	2	1148	13
470	2	261	26
471	2	261	26
472	2	261	26
472	2	782	33
472	2	1408	13
473	2	261	26
473	2	1356	13
474	2	261	26
474	2	834	33
474	2	1148	13
475	2	261	26
476	2	261	26
477	2	261	26
478	2	261	26
478	2	1982	13
479	2	261	26
480	2	261	26
481	2	261	26
481	2	887	33
481	2	1148	13
482	2	261	26
482	2	1408	13
483	2	261	26
484	2	261	26
485	2	261	26
486	2	261	26
487	2	261	26
487	2	730	33
487	2	1148	13
488	2	261	26
489	2	261	26
489	2	730	33
489	2	1148	13
490	2	261	26
490	2	1200	13
490	2	1774	33
491	2	261	26
491	2	1304	13
492	2	261	26
492	2	1565	13
493	2	261	26
494	2	261	26
494	2	834	33
495	2	261	26
495	2	1252	13
495	2	1774	33
496	2	261	26
496	2	1148	13
496	2	1669	33
497	2	261	26
497	2	782	33
497	2	1669	13
498	2	261	26
498	2	1043	33
499	2	261	26
499	2	991	33
500	2	261	26
500	2	678	33
500	2	1148	13
501	2	261	26
502	2	261	26
502	2	1408	13
503	2	261	26
503	2	730	33
503	2	1148	13
504	2	261	26
505	2	261	26
506	2	261	26
507	2	261	26
508	2	261	26
508	2	782	33
508	2	1148	13
509	2	261	26
510	2	261	26
511	2	261	26
512	2	261	26
512	2	1356	13
513	2	261	26
513	2	1461	13
514	2	261	26
514	2	939	33
514	2	1669	13
515	2	261	26
515	2	730	33
515	2	1148	13
516	2	261	26
517	2	261	26
518	2	261	26
518	2	1513	13
519	2	261	26
519	2	887	33
519	2	1148	13
520	2	261	26
520	2	1043	33
521	2	261	26
521	2	730	33
521	2	1148	13
522	2	261	26
522	2	1148	13
523	2	261	26
523	2	782	33
523	2	1148	13
524	2	261	26
525	2	261	26
525	2	939	33
525	2	1252	13
526	2	261	26
527	2	261	26
527	2	730	33
527	2	1148	13
528	2	261	26
528	2	730	33
528	2	1148	13
529	2	261	26
529	2	730	33
529	2	1148	13
530	2	261	26
531	2	261	26
531	2	1461	13
532	2	261	26
532	2	1669	13
533	2	261	26
534	2	261	26
534	2	678	33
534	2	1148	13
535	2	261	26
536	2	261	26
537	2	261	26
537	2	1148	33
537	2	1461	13
538	2	261	26
538	2	730	33
538	2	1148	13
539	2	261	26
539	2	678	33
539	2	1148	13
540	2	261	26
541	2	261	26
541	2	834	33
541	2	1930	13
542	2	261	26
542	2	1722	13
543	2	261	26
543	2	1565	13
544	2	261	26
544	2	991	33
544	2	1356	13
545	2	261	26
546	2	261	26
547	2	261	26
547	2	991	33
547	2	1356	13
548	2	261	26
549	2	261	26
550	2	261	26
550	2	730	33
550	2	1148	13
551	2	261	26
551	2	782	33
551	2	1148	13
552	2	261	26
553	2	261	26
553	2	1461	13
554	2	261	26
554	2	678	33
554	2	1148	13
555	2	261	26
555	2	730	33
555	2	1148	13
556	2	261	26
556	2	1252	13
556	2	1774	33
557	2	261	26
558	2	261	26
558	2	782	33
558	2	1982	13
559	2	261	26
559	2	1513	13
560	2	261	26
561	2	261	26
562	2	261	26
562	2	1461	13
563	2	261	26
563	2	1148	13
563	2	1617	33
564	2	261	26
565	2	261	26
565	2	782	33
565	2	1148	13
566	2	261	26
566	2	834	33
566	2	1617	13
567	2	261	26
567	2	1669	13
568	2	261	26
568	2	730	33
568	2	1148	13
569	2	261	26
569	2	1461	13
570	2	261	26
571	2	261	26
571	2	782	33
571	2	1148	13
572	2	261	26
573	2	261	26
574	2	261	26
575	2	261	26
575	2	678	33
575	2	1148	13
576	2	261	26
576	2	1982	13
577	2	261	26
577	2	782	33
577	2	1148	13
578	2	261	26
579	2	261	26
580	2	261	26
581	2	261	26
581	2	1565	13
582	2	261	26
582	2	1513	13
583	2	261	26
583	2	678	33
583	2	1148	13
584	2	261	26
584	2	782	33
584	2	1930	13
585	2	261	26
585	2	678	33
585	2	1148	13
586	2	261	26
586	2	1148	13
586	2	1669	33
587	2	261	26
587	2	678	33
587	2	1148	13
588	2	261	26
588	2	939	33
588	2	1461	13
589	2	261	26
589	2	939	33
589	2	1356	13
590	2	261	26
590	2	834	33
590	2	1252	13
591	2	261	26
592	2	261	26
593	2	261	26
594	2	261	26
594	2	1878	13
595	2	261	26
595	2	782	33
595	2	1148	13
596	2	261	26
596	2	1304	13
597	2	261	26
598	2	261	26
598	2	678	33
598	2	1148	13
599	2	261	26
599	2	678	33
599	2	1148	13
600	2	261	26
601	2	261	26
601	2	887	33
601	2	1878	13
602	2	261	26
603	2	261	26
604	2	261	26
604	2	1513	13
605	2	261	26
606	2	261	26
606	2	1252	13
607	2	261	26
607	2	782	33
607	2	1148	13
608	2	261	26
608	2	887	33
608	2	1304	13
609	2	261	26
610	2	261	26
611	2	261	26
611	2	1617	13
612	2	261	26
612	2	1565	13
613	2	261	26
614	2	261	26
614	2	1722	13
615	2	261	26
615	2	1722	13
616	2	261	26
616	2	1617	13
617	2	261	26
618	2	261	26
619	2	261	26
620	2	261	26
620	2	834	33
621	2	261	26
621	2	1356	13
622	2	261	26
622	2	678	33
622	2	1200	13
623	2	261	26
624	2	261	26
624	2	834	33
624	2	1930	13
625	2	261	26
625	2	1513	13
626	2	261	26
626	2	887	33
626	2	1356	13
627	2	261	26
627	2	939	33
627	2	1461	13
628	2	261	26
628	2	1200	13
629	2	261	26
630	2	261	26
630	2	1461	13
631	2	261	26
631	2	1148	33
631	2	1617	13
632	2	261	26
632	2	678	33
632	2	1148	13
633	2	261	26
634	2	261	26
634	2	1722	13
635	2	261	26
636	2	261	26
637	2	261	26
638	2	261	26
639	2	261	26
639	2	887	33
639	2	1148	13
640	2	261	26
641	2	261	26
642	2	261	26
643	2	261	26
644	2	261	26
644	2	887	33
645	2	261	26
645	2	1200	13
646	2	261	26
646	2	834	33
646	2	1148	13
647	2	261	26
648	2	261	26
648	2	1408	13
649	2	261	26
649	2	887	33
649	2	1356	13
650	2	261	26
651	2	261	26
651	2	991	33
652	2	261	26
652	2	991	33
653	2	261	26
653	2	1200	13
653	2	1669	33
654	2	261	26
655	2	261	26
655	2	1408	13
656	2	261	26
656	2	1148	13
657	2	261	26
657	2	887	33
658	2	261	26
658	2	887	33
658	2	1148	13
659	2	261	26
659	2	1669	13
660	2	261	26
661	2	261	26
661	2	834	33
661	2	1252	13
662	2	261	26
662	2	1148	13
663	2	261	26
664	2	261	26
664	2	887	33
664	2	1252	13
665	2	261	26
665	2	730	33
665	2	1148	13
666	2	261	26
666	2	730	33
666	2	1148	13
667	2	261	26
667	2	834	33
668	2	261	26
668	2	1617	13
669	2	261	26
669	2	1513	13
670	2	261	26
670	2	1565	13
671	2	261	26
672	2	261	26
673	2	261	26
673	2	1722	13
674	2	261	26
674	2	1356	13
675	2	261	26
675	2	1461	13
676	2	261	26
676	2	782	33
676	2	1148	13
677	2	261	26
677	2	1304	13
677	2	1774	33
678	2	261	26
678	2	887	33
678	2	1565	13
679	2	261	26
680	2	261	26
680	2	1461	13
681	2	261	26
682	2	261	26
682	2	939	33
683	2	261	26
684	2	261	26
684	2	1461	13
685	2	261	26
685	2	2139	13
686	2	261	26
686	2	834	33
687	2	261	26
688	2	261	26
689	2	261	26
690	2	261	26
691	2	261	26
691	2	834	33
691	2	1200	13
692	2	261	26
692	2	1043	33
692	2	1356	13
693	2	261	26
693	2	1148	33
693	2	1461	13
694	2	261	26
694	2	939	33
694	2	1513	13
695	2	261	26
695	2	730	33
695	2	1148	13
696	2	261	26
697	2	261	26
697	2	834	33
697	2	1304	13
698	2	261	26
699	2	261	26
699	2	1252	13
700	2	261	26
701	2	261	26
701	2	1304	13
702	2	261	26
703	2	261	26
703	2	834	33
703	2	1148	13
704	2	261	26
705	2	261	26
705	2	1826	13
706	2	261	26
706	2	730	33
706	2	1200	13
707	2	261	26
707	2	939	33
708	2	261	26
708	2	1669	13
709	2	261	26
709	2	887	33
709	2	1304	13
710	2	261	26
710	2	887	33
710	2	1200	13
711	2	261	26
711	2	1669	13
712	2	261	26
712	2	1565	13
713	2	261	26
714	2	261	26
714	2	730	33
714	2	1148	13
715	2	261	26
715	2	1513	13
716	2	261	26
716	2	730	33
716	2	1148	13
717	2	261	26
717	2	1408	13
718	2	261	26
718	2	782	33
718	2	1252	13
719	2	261	26
720	2	261	26
721	2	261	26
721	2	1200	13
722	2	261	26
722	2	678	33
722	2	1148	13
723	2	261	26
724	2	261	26
725	2	261	26
725	2	991	33
725	2	1356	13
726	2	261	26
726	2	1148	13
726	2	1565	33
727	2	261	26
728	2	261	26
729	2	261	26
729	2	887	33
730	2	261	26
730	2	1356	13
731	2	261	26
731	2	730	33
731	2	1148	13
732	2	261	26
732	2	939	33
733	2	261	26
733	2	887	33
733	2	1200	13
734	2	261	26
734	2	730	33
734	2	1148	13
735	2	261	26
736	2	261	26
737	2	261	26
737	2	887	33
737	2	1252	13
738	2	261	26
738	2	887	33
738	2	1252	13
739	2	261	26
739	2	1669	13
740	2	261	26
741	2	261	26
741	2	991	33
742	2	261	26
742	2	678	33
742	2	1148	13
743	2	261	26
743	2	730	33
743	2	1200	13
744	2	261	26
744	2	1669	13
745	2	261	26
746	2	261	26
747	2	261	26
747	2	1669	13
748	2	261	26
749	2	261	26
750	2	261	26
750	2	991	33
751	2	261	26
752	2	261	26
752	2	1356	13
753	2	261	26
753	2	782	33
753	2	1148	13
754	2	261	26
754	2	782	33
754	2	1148	13
755	2	261	26
755	2	782	33
755	2	1148	13
756	2	261	26
756	2	834	33
756	2	1148	13
757	2	261	26
758	2	261	26
758	2	626	33
758	2	1148	13
759	2	261	26
760	2	261	26
761	2	261	26
761	2	1669	13
762	2	261	26
762	2	991	33
762	2	1565	13
763	2	261	26
763	2	2243	13
764	2	261	26
765	2	261	26
765	2	782	33
765	2	1461	13
766	2	261	26
766	2	887	33
767	2	261	26
767	2	2087	13
768	2	261	26
769	2	261	26
770	2	261	26
771	2	261	26
771	2	1722	13
772	2	261	26
773	2	261	26
774	2	261	26
774	2	834	33
774	2	1148	13
775	2	261	26
776	2	261	26
776	2	678	33
776	2	1148	13
777	2	261	26
778	2	261	26
778	2	991	33
778	2	2191	13
779	2	261	26
780	2	261	26
781	2	261	26
781	2	1043	33
781	2	1461	13
782	2	261	26
782	2	2035	13
783	2	261	26
784	2	261	26
784	2	782	33
784	2	1356	13
785	2	261	26
785	2	991	33
786	2	261	26
787	2	261	26
788	2	261	26
788	2	887	33
788	2	1513	13
789	2	261	26
789	2	1565	13
790	2	261	26
790	2	1669	13
791	2	261	26
792	2	261	26
792	2	939	33
793	2	261	26
793	2	730	33
793	2	1148	13
794	2	261	26
794	2	782	33
794	2	1826	13
795	2	261	26
796	2	261	26
797	2	261	26
797	2	782	33
797	2	2035	13
798	2	261	26
798	2	2243	13
799	2	261	26
800	2	261	26
801	2	261	26
802	2	261	26
802	2	991	33
802	2	1617	13
803	2	261	26
803	2	1043	33
803	2	1461	13
804	2	261	26
804	2	1356	13
805	2	261	26
806	2	261	26
807	2	261	26
807	2	678	33
807	2	1148	13
808	2	261	26
809	2	261	26
810	2	261	26
810	2	730	33
810	2	1148	13
811	2	261	26
811	2	730	33
811	2	1252	13
812	2	261	26
812	2	834	33
812	2	1252	13
813	2	261	26
813	2	1408	13
814	2	261	26
815	2	261	26
815	2	730	33
816	2	261	26
816	2	1722	13
817	2	261	26
818	2	261	26
818	2	1200	13
819	2	261	26
820	2	261	26
821	2	261	26
822	2	261	26
822	2	678	33
822	2	1148	13
823	2	261	26
823	2	678	33
823	2	1148	13
824	2	261	26
824	2	1513	13
825	2	261	26
825	2	1461	13
826	2	261	26
826	2	1461	13
827	2	261	26
828	2	261	26
829	2	261	26
830	2	261	26
831	2	261	26
831	2	939	33
831	2	1252	13
832	2	261	26
832	2	782	33
832	2	1148	13
833	2	261	26
834	2	261	26
834	2	834	33
834	2	1148	13
835	2	261	26
835	2	1513	13
836	2	261	26
837	2	261	26
838	2	261	26
838	2	730	33
838	2	1148	13
839	2	261	26
840	2	261	26
840	2	678	33
840	2	1148	13
841	2	261	26
841	2	939	33
842	2	261	26
842	2	1356	13
843	2	261	26
843	2	730	33
843	2	1148	13
844	2	261	26
845	2	261	26
846	2	261	26
847	2	261	26
847	2	2243	13
848	2	261	26
848	2	678	33
848	2	1148	13
849	2	261	26
850	2	261	26
850	2	887	33
850	2	1148	13
851	2	261	26
852	2	261	26
853	2	261	26
854	2	261	26
854	2	1513	13
855	2	261	26
855	2	887	33
856	2	261	26
856	2	2087	13
857	2	261	26
858	2	261	26
858	2	1252	13
859	2	261	26
860	2	261	26
861	2	261	26
861	2	782	33
862	2	261	26
863	2	261	26
863	2	834	33
863	2	1200	13
864	2	261	26
864	2	782	33
864	2	1148	13
865	2	261	26
865	2	834	33
865	2	1252	13
866	2	261	26
866	2	730	33
866	2	1148	13
867	2	261	26
867	2	1669	13
868	2	261	26
868	2	939	33
868	2	1565	13
869	2	261	26
869	2	1408	13
870	2	261	26
870	2	1722	13
871	2	261	26
871	2	1722	13
872	2	261	26
873	2	261	26
873	2	730	33
873	2	1148	13
874	2	261	26
875	2	261	26
875	2	939	33
875	2	1617	13
876	2	261	26
876	2	834	33
877	2	261	26
877	2	678	33
877	2	1148	13
878	2	261	26
879	2	261	26
879	2	1669	13
880	2	261	26
880	2	678	33
880	2	1148	13
881	2	261	26
882	2	261	26
883	2	261	26
884	2	261	26
884	2	834	33
884	2	2191	13
885	2	261	26
885	2	730	33
885	2	1148	13
886	2	261	26
887	2	261	26
887	2	1252	13
888	2	261	26
889	2	261	26
890	2	261	26
891	2	261	26
891	2	834	33
891	2	1669	13
892	2	261	26
893	2	261	26
893	2	887	33
894	2	261	26
894	2	991	33
895	2	261	26
895	2	1669	13
896	2	261	26
896	2	887	33
897	2	261	26
897	2	782	33
897	2	1200	13
898	2	261	26
898	2	887	33
898	2	1148	13
899	2	261	26
899	2	782	33
899	2	1148	13
900	2	261	26
900	2	1722	13
901	2	261	26
901	2	678	33
901	2	1148	13
902	2	261	26
902	2	1356	13
902	2	1774	33
903	2	261	26
903	2	834	33
903	2	1356	13
904	2	261	26
905	2	261	26
906	2	261	26
906	2	782	33
907	2	261	26
908	2	261	26
908	2	782	33
908	2	1148	13
909	2	261	26
910	2	261	26
911	2	261	26
912	2	261	26
912	2	887	33
913	2	261	26
914	2	261	26
914	2	1304	13
915	2	261	26
916	2	261	26
916	2	887	33
916	2	1148	13
917	2	261	26
917	2	2139	13
918	2	261	26
919	2	261	26
920	2	261	26
921	2	261	26
922	2	261	26
922	2	1617	13
923	2	261	26
924	2	261	26
924	2	887	33
924	2	1148	13
925	2	261	26
925	2	834	33
926	2	261	26
926	2	939	33
926	2	1408	13
927	2	261	26
927	2	1356	13
928	2	261	26
929	2	261	26
929	2	887	33
929	2	1304	13
930	2	261	26
931	2	261	26
931	2	730	33
931	2	1148	13
932	2	261	26
932	2	1930	13
933	2	261	26
934	2	261	26
934	2	1722	13
935	2	261	26
935	2	834	33
935	2	1617	13
936	2	261	26
936	2	2191	13
937	2	261	26
938	2	261	26
938	2	1617	13
939	2	261	26
940	2	261	26
940	2	1095	33
940	2	1461	13
941	2	261	26
941	2	730	33
941	2	1148	13
942	2	261	26
942	2	730	33
942	2	1148	13
943	2	261	26
944	2	261	26
944	2	1513	13
945	2	261	26
946	2	261	26
946	2	1461	13
947	2	261	26
947	2	782	33
947	2	1148	13
948	2	261	26
948	2	782	33
948	2	1148	13
949	2	261	26
949	2	678	33
949	2	1148	13
950	2	261	26
950	2	678	33
950	2	1148	13
951	2	261	26
952	2	261	26
953	2	261	26
953	2	782	33
953	2	1148	13
954	2	261	26
954	2	730	33
954	2	1148	13
955	2	261	26
956	2	261	26
957	2	261	26
958	2	261	26
959	2	261	26
960	2	261	26
960	2	1200	13
961	2	261	26
961	2	991	33
961	2	1565	13
962	2	261	26
963	2	261	26
963	2	834	33
964	2	261	26
964	2	782	33
964	2	1148	13
965	2	261	26
965	2	1513	13
966	2	261	26
966	2	782	33
966	2	1252	13
967	2	261	26
968	2	261	26
968	2	1408	13
969	2	261	26
969	2	1148	13
969	2	2139	33
970	2	261	26
971	2	261	26
971	2	834	33
971	2	1304	13
972	2	261	26
972	2	678	33
972	2	1148	13
973	2	261	26
973	2	991	33
974	2	261	26
974	2	991	33
975	2	261	26
976	2	261	26
976	2	991	33
976	2	1513	13
977	2	261	26
978	2	261	26
978	2	782	33
978	2	1200	13
979	2	261	26
980	2	261	26
981	2	261	26
981	2	1304	13
981	2	1722	33
982	2	261	26
982	2	939	33
983	2	261	26
983	2	730	33
983	2	1148	13
984	2	261	26
984	2	1513	13
985	2	261	26
985	2	1617	13
986	2	261	26
987	2	261	26
988	2	261	26
988	2	939	33
989	2	261	26
989	2	730	33
989	2	2035	13
990	2	261	26
991	2	261	26
992	2	261	26
993	2	261	26
994	2	261	26
995	2	261	26
995	2	626	33
995	2	1148	13
996	2	261	26
997	2	261	26
998	2	261	26
998	2	991	33
998	2	1304	13
999	2	261	26
0	3	574	29
0	3	887	20
0	3	1722	9
1	3	574	29
1	3	887	20
2	3	469	29
3	3	991	29
3	3	1565	20
3	3	2139	9
4	3	782	29
4	3	1095	20
4	3	1408	9
4	3	1722	12
4	3	1982	30
5	3	574	29
5	3	887	20
6	3	469	29
6	3	1461	20
7	3	834	29
7	3	1461	20
8	3	1148	20
8	3	1200	29
8	3	1513	9
9	3	1774	29
10	3	521	29
10	3	834	20
10	3	2243	9
11	3	2243	29
12	3	887	29
13	3	887	29
14	3	574	29
14	3	887	20
14	3	1774	9
15	3	626	29
15	3	939	20
16	3	626	29
16	3	1095	20
16	3	1774	9
17	3	574	29
17	3	887	20
17	3	1982	9
18	3	626	29
18	3	939	20
18	3	2139	9
19	3	1722	29
20	3	626	29
20	3	1200	20
20	3	1722	9
20	3	2295	12
21	3	574	29
21	3	887	20
22	3	678	29
22	3	1617	20
23	3	626	29
23	3	939	20
23	3	2087	9
24	3	626	29
24	3	939	20
24	3	1722	9
24	3	2191	12
25	3	1461	29
26	3	521	29
26	3	1408	20
27	3	574	29
27	3	887	20
27	3	2139	9
28	3	574	29
28	3	1148	20
28	3	1565	9
29	3	626	29
29	3	2139	20
30	3	1148	29
30	3	1722	20
31	3	782	29
31	3	2139	20
32	3	939	29
32	3	1565	20
33	3	678	29
33	3	1878	20
34	3	574	29
34	3	1304	20
34	3	2087	9
35	3	678	29
35	3	991	20
35	3	1774	9
36	3	626	29
36	3	991	20
37	3	1200	29
38	3	887	29
38	3	1565	20
39	3	834	29
39	3	1252	20
40	3	574	29
40	3	887	20
40	3	1252	9
40	3	1617	12
40	3	1878	30
41	3	574	29
41	3	1356	20
41	3	1982	9
42	3	1200	29
42	3	1304	20
42	3	1722	9
43	3	365	29
43	3	887	20
43	3	1878	9
44	3	1461	29
45	3	678	29
45	3	1252	20
46	3	678	29
46	3	991	20
47	3	939	29
47	3	1669	20
48	3	1826	29
49	3	626	29
49	3	1148	20
49	3	1669	9
49	3	2191	12
50	3	1408	29
51	3	1408	29
52	3	782	29
53	3	678	29
53	3	991	20
53	3	1513	9
53	3	1826	12
53	3	2087	30
55	3	834	29
56	3	991	29
57	3	521	29
57	3	834	20
57	3	1304	9
57	3	1669	12
57	3	1930	30
58	3	469	29
58	3	1095	20
58	3	1461	9
59	3	782	29
59	3	1095	20
59	3	1722	9
60	3	887	29
61	3	782	29
61	3	1722	20
62	3	782	29
62	3	1095	20
62	3	1565	9
62	3	2035	12
62	3	2295	30
63	3	521	29
63	3	1200	20
64	3	1722	29
65	3	574	29
65	3	1461	20
66	3	1148	29
67	3	574	29
67	3	1200	20
67	3	1669	9
68	3	1252	29
69	3	626	29
69	3	1408	20
70	3	521	29
71	3	939	29
71	3	1565	20
73	3	1461	29
74	3	626	29
75	3	626	29
75	3	939	20
76	3	1200	29
77	3	1252	29
78	3	1148	29
79	3	574	29
79	3	1722	20
80	3	678	29
80	3	1252	20
81	3	887	29
81	3	1982	20
82	3	1408	29
82	3	2191	20
83	3	887	29
84	3	782	29
84	3	1930	20
85	3	1461	29
86	3	887	29
87	3	574	29
87	3	887	20
87	3	1356	9
87	3	1722	12
87	3	1982	30
88	3	521	29
88	3	1200	20
88	3	2035	9
89	3	574	29
89	3	1461	20
90	3	1148	29
91	3	521	29
92	3	626	29
92	3	939	20
92	3	2087	9
93	3	1095	29
94	3	1565	29
95	3	626	29
95	3	2295	20
96	3	834	29
96	3	1461	20
96	3	2087	9
97	3	991	29
98	3	1461	29
99	3	887	29
99	3	2035	20
100	3	1148	29
101	3	521	29
101	3	1565	20
102	3	521	29
102	3	1304	20
103	3	626	29
104	3	469	29
104	3	1200	20
104	3	1617	9
105	3	2035	29
106	3	574	29
106	3	1200	20
106	3	1565	9
106	3	1930	12
106	3	2191	30
107	3	574	29
107	3	887	20
107	3	1461	9
107	3	1982	12
107	3	2243	30
108	3	574	29
108	3	887	20
109	3	991	29
110	3	626	29
110	3	939	20
110	3	1565	9
111	3	887	29
112	3	574	29
112	3	2191	20
113	3	626	29
113	3	939	20
113	3	1722	9
114	3	782	29
114	3	2139	20
115	3	1252	29
116	3	1200	29
116	3	2191	20
117	3	1200	29
118	3	991	29
118	3	1617	20
119	3	1095	29
119	3	1982	20
120	3	626	29
121	3	991	29
122	3	626	29
122	3	939	20
122	3	1356	9
122	3	2191	12
123	3	1774	29
124	3	626	29
124	3	939	20
125	3	782	29
125	3	1095	20
125	3	1565	9
126	3	574	29
126	3	887	20
126	3	1408	9
127	3	574	29
127	3	939	20
127	3	1513	9
128	3	574	29
128	3	887	20
128	3	1408	9
129	3	939	29
130	3	469	29
131	3	887	29
131	3	1200	20
131	3	1565	9
131	3	1878	12
131	3	2139	30
132	3	574	29
132	3	887	20
133	3	782	29
133	3	1356	20
134	3	574	29
134	3	1617	20
135	3	626	29
135	3	939	20
135	3	1774	9
136	3	574	29
136	3	887	20
136	3	1148	9
136	3	1461	12
136	3	1722	30
137	3	521	29
137	3	1304	20
138	3	574	29
138	3	887	20
138	3	1356	9
138	3	1722	12
138	3	1982	30
139	3	574	29
139	3	991	20
139	3	1304	9
139	3	1617	12
139	3	1878	30
140	3	1461	29
141	3	782	29
141	3	1095	20
141	3	1356	9
141	3	1669	12
141	3	1930	30
142	3	574	29
142	3	2295	20
143	3	1148	29
143	3	2139	20
145	3	991	29
145	3	1617	20
146	3	678	29
146	3	1148	20
146	3	2035	9
147	3	887	29
147	3	1252	20
147	3	2191	9
148	3	1148	29
149	3	626	29
149	3	939	20
149	3	1408	9
149	3	1774	12
149	3	2139	30
150	3	574	29
150	3	939	20
150	3	1878	9
151	3	626	29
151	3	1930	20
152	3	469	29
152	3	1095	20
152	3	1617	9
152	3	2191	12
153	3	521	29
153	3	2139	20
154	3	574	29
154	3	991	20
154	3	1356	9
154	3	1722	12
155	3	521	29
155	3	834	20
155	3	1513	9
155	3	2087	12
156	3	574	29
156	3	887	20
156	3	1565	9
156	3	2295	12
158	3	469	29
158	3	1148	20
158	3	1617	9
159	3	574	29
159	3	887	20
159	3	1304	9
159	3	1826	12
159	3	2087	30
160	3	574	29
160	3	1356	20
161	3	1461	29
162	3	887	29
162	3	1461	20
163	3	887	29
164	3	469	29
164	3	939	20
165	3	678	29
165	3	1095	20
165	3	1461	9
166	3	1669	29
167	3	991	29
169	3	574	29
169	3	887	20
170	3	574	29
170	3	887	20
170	3	1304	9
170	3	1774	12
171	3	678	29
172	3	887	29
172	3	1513	20
173	3	1148	29
174	3	574	29
174	3	1461	20
174	3	2035	9
175	3	834	29
175	3	1200	20
175	3	1774	9
175	3	2139	12
176	3	521	29
176	3	939	20
177	3	1513	29
178	3	1826	29
179	3	678	29
179	3	1148	20
179	3	1722	9
180	3	1722	29
181	3	521	29
181	3	834	20
182	3	574	29
183	3	574	29
183	3	887	20
183	3	1878	9
184	3	887	29
185	3	678	29
185	3	1095	20
185	3	1461	9
186	3	2035	29
187	3	574	29
187	3	1408	20
188	3	887	29
189	3	1252	29
189	3	1722	9
190	3	939	29
190	3	1774	20
191	3	626	29
191	3	939	20
192	3	782	29
192	3	1148	20
192	3	1617	9
193	3	626	29
193	3	1304	20
193	3	1982	9
194	3	521	29
196	3	574	29
196	3	887	20
196	3	1148	9
196	3	1461	12
196	3	1722	30
198	3	887	29
198	3	1252	20
198	3	1669	9
199	3	521	29
199	3	887	20
199	3	1408	9
199	3	2087	12
200	3	991	29
200	3	1617	20
201	3	1565	29
202	3	678	29
202	3	1461	20
203	3	574	29
203	3	1408	20
204	3	574	29
204	3	991	20
205	3	1148	29
205	3	2087	20
206	3	574	29
206	3	887	20
206	3	1148	9
206	3	1461	12
206	3	1722	30
207	3	574	29
207	3	939	20
207	3	1774	9
208	3	574	29
208	3	1043	20
209	3	2035	29
210	3	365	29
210	3	1043	20
211	3	1356	29
212	3	574	29
212	3	1565	20
213	3	1461	29
214	3	626	29
215	3	1095	29
215	3	1617	20
216	3	782	29
217	3	991	29
217	3	1669	20
218	3	574	29
218	3	1252	20
219	3	2035	29
220	3	1200	29
221	3	521	29
221	3	1252	20
222	3	1722	29
223	3	626	29
224	3	626	29
224	3	1565	20
225	3	574	29
225	3	887	20
225	3	1304	9
225	3	1617	12
225	3	1878	30
226	3	678	29
226	3	1043	20
226	3	1513	9
227	3	782	29
227	3	2139	20
228	3	574	29
228	3	939	20
228	3	1356	9
228	3	1774	12
229	3	574	29
229	3	1356	20
230	3	574	29
230	3	887	20
231	3	574	29
231	3	887	20
231	3	2191	9
232	3	626	29
232	3	939	20
232	3	1408	9
233	3	1148	29
233	3	1774	20
235	3	1252	29
236	3	782	29
236	3	2191	20
237	3	626	29
238	3	887	29
239	3	991	29
240	3	574	29
240	3	887	20
240	3	1513	9
240	3	1930	12
240	3	2243	30
241	3	521	29
241	3	1304	20
241	3	1722	9
242	3	1148	29
242	3	1200	20
242	3	1669	9
243	3	574	29
243	3	887	20
243	3	1252	9
243	3	1669	12
243	3	1930	30
244	3	626	29
244	3	939	20
245	3	939	29
246	3	1826	29
248	3	521	29
248	3	834	20
249	3	574	29
249	3	887	20
250	3	574	29
250	3	887	20
250	3	1408	9
250	3	1722	12
250	3	2087	30
251	3	782	29
251	3	1304	20
251	3	2295	9
252	3	1148	29
253	3	626	29
255	3	678	29
256	3	626	29
256	3	1408	20
256	3	2139	9
257	3	939	29
257	3	1617	20
258	3	574	29
258	3	887	20
258	3	1878	9
259	3	574	29
259	3	887	20
259	3	2295	9
260	3	626	29
260	3	939	20
262	3	678	29
262	3	1304	20
262	3	2191	9
263	3	574	29
264	3	887	29
264	3	991	20
265	3	626	29
266	3	834	29
266	3	1304	20
266	3	2191	9
267	3	574	29
267	3	887	20
268	3	834	29
268	3	1408	20
269	3	626	29
269	3	991	20
269	3	1461	9
270	3	574	29
271	3	782	29
271	3	1252	20
271	3	1722	9
271	3	2191	12
272	3	574	29
272	3	939	20
272	3	1304	9
272	3	1617	12
272	3	1878	30
273	3	2087	29
274	3	939	29
275	3	1356	29
276	3	1982	29
277	3	574	29
278	3	1356	29
279	3	991	29
280	3	574	29
280	3	2087	20
282	3	1356	29
283	3	991	29
283	3	1617	20
284	3	626	29
284	3	939	20
284	3	1252	9
284	3	1565	12
284	3	1826	30
285	3	939	29
285	3	1513	20
286	3	521	29
286	3	939	20
286	3	1461	9
286	3	1878	12
286	3	2139	30
287	3	991	29
288	3	834	29
288	3	1356	20
289	3	887	29
291	3	1200	29
292	3	1252	29
293	3	521	29
293	3	834	20
293	3	1200	9
293	3	1617	12
293	3	1878	30
294	3	574	29
294	3	991	20
295	3	887	29
295	3	2087	20
296	3	626	29
296	3	939	20
297	3	1148	29
298	3	626	29
298	3	1513	20
299	3	678	29
299	3	991	20
300	3	834	29
301	3	521	29
301	3	834	20
301	3	2087	9
302	3	574	29
302	3	1200	20
302	3	1878	9
303	3	626	29
303	3	730	20
303	3	1252	9
303	3	1617	12
303	3	1878	30
304	3	626	29
304	3	939	20
306	3	574	29
306	3	887	20
306	3	1408	9
307	3	521	29
308	3	521	29
309	3	574	29
309	3	887	20
309	3	1200	9
309	3	1565	12
309	3	1826	30
310	3	782	29
310	3	1095	20
310	3	1513	9
310	3	1826	12
310	3	2087	30
311	3	678	29
312	3	887	29
312	3	2035	20
313	3	574	29
314	3	1095	29
315	3	1200	29
315	3	1304	20
315	3	1878	9
316	3	1930	29
317	3	1095	29
318	3	1200	29
319	3	1461	29
320	3	1148	29
320	3	1774	20
321	3	626	29
321	3	939	20
322	3	521	29
322	3	939	20
323	3	1722	29
324	3	1148	29
325	3	1095	29
326	3	574	29
326	3	887	20
326	3	2035	9
327	3	939	29
327	3	1461	20
328	3	574	29
329	3	1148	29
330	3	574	29
330	3	1304	20
330	3	1669	9
331	3	574	29
331	3	887	20
331	3	2295	9
332	3	834	29
332	3	1200	20
332	3	1669	9
333	3	626	29
333	3	939	20
333	3	1826	9
333	3	2295	12
334	3	991	29
335	3	574	29
335	3	887	20
335	3	1982	9
336	3	626	29
336	3	991	20
336	3	2087	9
337	3	626	29
338	3	887	29
339	3	678	29
339	3	991	20
339	3	2295	9
340	3	939	29
340	3	1669	20
341	3	991	29
341	3	1617	20
342	3	521	29
342	3	887	20
342	3	1252	9
342	3	1669	12
342	3	1930	30
343	3	574	29
343	3	887	20
343	3	1513	9
344	3	1774	29
345	3	469	29
345	3	1252	20
345	3	1617	9
346	3	469	29
346	3	1043	20
346	3	1408	9
346	3	1826	12
346	3	2087	30
347	3	678	29
347	3	1461	20
348	3	574	29
348	3	991	20
349	3	626	29
349	3	939	20
349	3	1304	9
349	3	1669	12
350	3	1774	29
351	3	574	29
352	3	469	29
352	3	1200	20
353	3	626	29
353	3	939	20
354	3	574	29
354	3	887	20
354	3	1200	9
354	3	1513	12
354	3	1774	30
355	3	678	29
355	3	991	20
356	3	626	29
356	3	1617	20
357	3	626	29
357	3	1461	20
358	3	834	29
358	3	1513	20
360	3	521	29
360	3	2139	20
361	3	626	29
361	3	1304	20
361	3	2139	9
362	3	1774	29
364	3	626	29
364	3	939	20
365	3	1461	29
366	3	574	29
366	3	1408	20
367	3	574	29
367	3	1930	20
368	3	574	29
368	3	887	20
368	3	1200	9
368	3	1513	12
368	3	1774	30
369	3	834	29
369	3	1148	20
369	3	1461	9
370	3	626	29
371	3	782	29
371	3	1095	20
372	3	574	29
372	3	1513	20
373	3	678	29
374	3	1252	29
375	3	1095	29
376	3	834	29
376	3	2087	20
377	3	1148	29
377	3	1826	20
378	3	887	29
378	3	1774	20
379	3	678	29
379	3	1200	20
380	3	1356	29
381	3	521	29
381	3	2139	20
382	3	574	29
382	3	939	20
383	3	1148	29
384	3	574	29
384	3	1043	20
385	3	521	29
386	3	365	29
387	3	782	29
387	3	1095	20
387	3	1356	9
387	3	1774	12
387	3	2035	30
388	3	1930	29
389	3	574	29
389	3	887	20
390	3	574	29
390	3	887	20
390	3	1878	9
391	3	574	29
391	3	991	20
391	3	1774	9
392	3	678	29
392	3	2243	20
393	3	521	29
393	3	834	20
393	3	2139	9
394	3	782	29
394	3	1461	20
395	3	1200	29
396	3	574	29
396	3	887	20
396	3	1148	9
396	3	1461	12
396	3	1722	30
397	3	991	29
397	3	1669	20
398	3	469	29
399	3	626	29
399	3	939	20
400	3	626	29
400	3	1304	20
401	3	2035	29
402	3	782	29
402	3	1252	20
403	3	1774	29
404	3	626	29
404	3	1826	20
405	3	887	29
405	3	2295	20
406	3	574	29
406	3	1148	20
407	3	939	29
407	3	1565	20
409	3	887	29
410	3	834	29
410	3	2035	20
411	3	626	29
411	3	939	20
411	3	1304	9
411	3	1617	12
411	3	1878	30
412	3	678	29
412	3	782	20
412	3	1200	9
412	3	1513	12
412	3	1774	30
413	3	574	29
413	3	887	20
413	3	1148	9
413	3	1461	12
413	3	1722	30
414	3	469	29
414	3	1148	20
414	3	1722	9
415	3	626	29
415	3	939	20
415	3	1722	9
416	3	1148	29
417	3	626	29
417	3	1356	20
417	3	2191	9
418	3	678	29
418	3	1043	20
418	3	1408	9
418	3	1774	12
418	3	2139	30
419	3	365	29
419	3	991	20
419	3	1513	9
420	3	678	29
420	3	1513	20
421	3	1774	29
422	3	626	29
423	3	887	29
423	3	1461	20
423	3	2139	9
424	3	574	29
424	3	887	20
424	3	1304	9
424	3	1669	12
424	3	1930	30
425	3	887	29
425	3	2191	20
426	3	939	29
426	3	1461	20
426	3	2087	9
427	3	1930	29
428	3	626	29
428	3	939	20
429	3	521	29
429	3	1252	20
429	3	1722	9
430	3	574	29
430	3	1043	20
431	3	574	29
431	3	887	20
431	3	1513	9
432	3	834	29
432	3	1148	20
432	3	1461	9
432	3	1774	12
432	3	2295	30
433	3	1200	29
433	3	1513	20
434	3	782	29
434	3	1095	20
434	3	1461	9
434	3	1774	12
434	3	2035	30
435	3	574	29
435	3	887	20
435	3	1513	9
436	3	626	29
436	3	939	20
436	3	1304	9
436	3	1669	12
437	3	678	29
437	3	991	20
437	3	2139	9
438	3	521	29
438	3	1304	20
438	3	1722	9
439	3	782	29
440	3	521	29
440	3	1513	20
441	3	1513	29
442	3	1252	29
442	3	1565	20
442	3	2243	9
443	3	574	29
444	3	1408	29
445	3	574	29
445	3	887	20
445	3	1930	9
446	3	1513	29
446	3	2139	20
447	3	1356	29
448	3	782	29
449	3	1930	29
450	3	2035	29
451	3	574	29
451	3	1252	20
451	3	1722	9
451	3	2139	12
452	3	834	29
452	3	1930	20
453	3	574	29
453	3	887	20
453	3	1252	9
453	3	1565	12
453	3	1826	30
454	3	1148	29
455	3	939	29
455	3	1669	20
455	3	2295	9
456	3	1148	29
456	3	1774	20
457	3	574	29
457	3	1617	20
458	3	1461	29
459	3	678	29
460	3	574	29
460	3	887	20
461	3	521	29
461	3	887	20
461	3	1669	9
462	3	469	29
462	3	1356	20
463	3	782	29
463	3	1095	20
463	3	1461	9
463	3	1826	12
463	3	2087	30
464	3	678	29
464	3	1408	20
465	3	574	29
465	3	939	20
466	3	626	29
466	3	939	20
467	3	574	29
467	3	887	20
467	3	2191	9
468	3	574	29
468	3	887	20
468	3	2295	9
469	3	521	29
469	3	834	20
469	3	1304	9
469	3	1878	12
469	3	2139	30
470	3	1200	29
471	3	939	29
471	3	2139	20
472	3	782	29
472	3	1200	20
473	3	521	29
473	3	1356	20
473	3	2139	9
474	3	574	29
474	3	991	20
474	3	1408	9
475	3	782	29
475	3	2139	20
476	3	1148	29
477	3	782	29
478	3	1200	29
480	3	574	29
481	3	782	29
481	3	1095	20
481	3	1408	9
481	3	1722	12
481	3	1982	30
482	3	782	29
482	3	1617	20
483	3	1461	29
484	3	1930	29
485	3	991	29
486	3	1148	29
486	3	1774	20
487	3	678	29
487	3	782	20
488	3	1148	29
489	3	574	29
489	3	887	20
489	3	1200	9
489	3	1565	12
489	3	1826	30
490	3	626	29
490	3	1252	20
490	3	1722	9
490	3	2139	12
491	3	678	29
491	3	1565	20
492	3	834	29
492	3	1461	20
492	3	1982	9
493	3	574	29
494	3	887	29
494	3	939	20
495	3	626	29
495	3	1356	20
495	3	1722	9
496	3	469	29
496	3	1252	20
496	3	1669	9
496	3	2191	12
497	3	574	29
497	3	887	20
498	3	678	29
498	3	1461	20
499	3	678	29
499	3	2191	20
500	3	574	29
500	3	887	20
500	3	1148	9
500	3	1513	12
500	3	1774	30
501	3	1148	29
502	3	574	29
502	3	1513	20
503	3	574	29
503	3	887	20
503	3	1200	9
503	3	1513	12
503	3	1774	30
504	3	2295	29
505	3	1148	29
506	3	887	29
507	3	1461	29
508	3	626	29
508	3	939	20
508	3	1356	9
508	3	1774	12
508	3	2035	30
510	3	1774	29
512	3	782	29
512	3	1356	20
512	3	1826	9
513	3	782	29
513	3	1461	20
514	3	626	29
514	3	1356	20
515	3	574	29
515	3	887	20
515	3	1513	9
515	3	2087	12
516	3	1148	29
517	3	1148	29
517	3	1930	20
518	3	834	29
518	3	1513	20
519	3	782	29
519	3	1095	20
519	3	1565	9
520	3	574	29
520	3	1930	20
521	3	574	29
521	3	887	20
521	3	1408	9
522	3	1200	29
522	3	1722	9
523	3	626	29
523	3	939	20
524	3	1930	29
525	3	678	29
525	3	1148	20
525	3	1408	9
525	3	1774	12
525	3	2035	30
526	3	1774	29
527	3	574	29
527	3	887	20
528	3	574	29
528	3	887	20
529	3	574	29
529	3	887	20
529	3	1200	9
529	3	1513	12
529	3	1774	30
530	3	1095	29
530	3	1722	20
530	3	2295	9
531	3	939	29
531	3	1513	20
532	3	782	29
532	3	1669	20
533	3	1774	29
534	3	574	29
534	3	887	20
534	3	1356	9
534	3	1774	12
534	3	2035	30
535	3	1408	29
536	3	1148	29
537	3	834	29
537	3	1356	20
538	3	626	29
538	3	939	20
539	3	574	29
539	3	887	20
540	3	1774	29
541	3	574	29
541	3	1356	20
542	3	834	29
542	3	1617	20
543	3	939	29
543	3	1513	20
543	3	2087	9
544	3	469	29
544	3	1095	20
544	3	1461	9
544	3	1826	12
544	3	2087	30
545	3	574	29
546	3	991	29
546	3	1617	20
547	3	887	29
547	3	1200	20
547	3	1669	9
547	3	1982	12
547	3	2243	30
548	3	1148	29
549	3	1148	29
549	3	1774	20
550	3	626	29
550	3	939	20
550	3	1304	9
550	3	1617	12
550	3	1878	30
551	3	574	29
551	3	939	20
551	3	1304	9
551	3	1669	12
551	3	1930	30
552	3	1148	29
553	3	574	29
553	3	1461	20
554	3	574	29
554	3	887	20
554	3	1513	9
555	3	574	29
555	3	887	20
555	3	1200	9
555	3	1513	12
555	3	1774	30
556	3	626	29
556	3	1304	20
556	3	1722	9
557	3	1200	29
558	3	574	29
558	3	939	20
559	3	834	29
559	3	1461	20
559	3	2243	9
560	3	1148	29
561	3	626	29
562	3	782	29
562	3	1461	20
563	3	574	29
563	3	1200	20
563	3	1669	9
564	3	1148	29
564	3	2139	20
565	3	678	29
565	3	991	20
565	3	1304	9
565	3	1774	12
565	3	2035	30
566	3	574	29
566	3	887	20
567	3	574	29
567	3	1461	20
568	3	626	29
568	3	939	20
568	3	1304	9
568	3	1774	12
569	3	678	29
569	3	1461	20
570	3	1148	29
570	3	1669	20
571	3	521	29
571	3	887	20
572	3	1200	29
573	3	2243	29
574	3	1200	29
575	3	521	29
575	3	834	20
575	3	1200	9
575	3	1513	12
575	3	1774	30
576	3	939	29
576	3	1565	20
577	3	782	29
577	3	1513	9
578	3	834	29
579	3	574	29
580	3	1826	29
581	3	887	29
581	3	1565	20
581	3	2139	9
582	3	574	29
582	3	1669	20
583	3	626	29
583	3	939	20
583	3	1200	9
583	3	1513	12
583	3	1774	30
584	3	782	29
584	3	1826	20
585	3	574	29
585	3	887	20
585	3	1148	9
585	3	1461	12
585	3	1722	30
586	3	521	29
586	3	1304	20
586	3	1617	9
587	3	574	29
587	3	887	20
587	3	1252	9
587	3	1617	12
587	3	1878	30
588	3	626	29
588	3	1252	20
589	3	834	29
589	3	1148	20
589	3	1722	9
590	3	626	29
590	3	991	20
591	3	1356	29
593	3	521	29
594	3	574	29
594	3	1930	20
595	3	626	29
595	3	939	20
595	3	1304	9
595	3	1722	12
595	3	1982	30
596	3	574	29
596	3	1461	20
597	3	1461	29
598	3	521	29
598	3	834	20
598	3	2087	9
599	3	626	29
599	3	939	20
599	3	2139	9
600	3	1461	29
601	3	678	29
601	3	1356	20
602	3	1095	29
603	3	574	29
604	3	626	29
604	3	1408	20
604	3	2035	9
605	3	939	29
605	3	1722	20
606	3	1200	29
606	3	1252	20
606	3	1930	9
607	3	574	29
607	3	939	20
607	3	1722	9
608	3	834	29
608	3	1148	20
610	3	2035	29
611	3	574	29
611	3	1826	20
612	3	939	29
612	3	1617	20
613	3	1095	29
614	3	991	29
614	3	1565	20
615	3	678	29
615	3	1722	20
616	3	887	29
616	3	1461	20
617	3	1774	29
618	3	1826	29
619	3	782	29
620	3	574	29
620	3	991	20
621	3	782	29
621	3	1461	20
622	3	574	29
622	3	887	20
623	3	939	29
624	3	782	29
624	3	1461	20
625	3	939	29
625	3	1461	20
626	3	365	29
626	3	1095	20
626	3	1722	9
627	3	887	29
627	3	1200	20
628	3	1148	29
628	3	1461	20
628	3	2139	9
629	3	678	29
629	3	2191	20
630	3	626	29
630	3	1617	20
631	3	521	29
631	3	1148	20
631	3	1722	9
631	3	2191	12
632	3	574	29
632	3	887	20
632	3	1565	9
632	3	2191	12
633	3	1408	29
634	3	991	29
634	3	1722	20
635	3	1200	29
636	3	2035	29
637	3	834	29
638	3	1722	29
639	3	521	29
639	3	991	20
639	3	1408	9
639	3	1722	12
639	3	1982	30
640	3	574	29
641	3	469	29
642	3	991	29
643	3	2087	29
644	3	834	29
644	3	1930	20
645	3	574	29
645	3	1356	20
646	3	574	29
646	3	887	20
646	3	1408	9
646	3	1722	12
647	3	1200	29
648	3	574	29
648	3	1461	20
649	3	782	29
649	3	1148	20
649	3	2087	9
650	3	1356	29
650	3	2295	20
651	3	834	29
652	3	1148	29
652	3	1461	20
652	3	1982	9
653	3	678	29
653	3	1200	20
653	3	2139	9
654	3	626	29
655	3	574	29
655	3	1513	20
656	3	521	29
656	3	1461	20
657	3	782	29
658	3	678	29
658	3	991	20
658	3	1408	9
658	3	1982	12
658	3	2243	30
659	3	991	29
659	3	1617	20
660	3	626	29
661	3	626	29
661	3	991	20
661	3	2243	9
662	3	574	29
662	3	1356	20
662	3	2139	9
663	3	887	29
663	3	1617	20
664	3	574	29
664	3	991	20
664	3	1513	9
664	3	1826	12
664	3	2087	30
665	3	574	29
665	3	887	20
666	3	574	29
666	3	887	20
666	3	2139	9
667	3	626	29
667	3	939	20
668	3	782	29
668	3	1617	20
669	3	626	29
669	3	1461	20
669	3	2191	9
670	3	678	29
670	3	1617	20
671	3	887	29
672	3	626	29
672	3	2295	20
673	3	574	29
673	3	1617	20
674	3	574	29
674	3	1356	20
675	3	887	29
675	3	1461	20
676	3	574	29
676	3	887	20
676	3	1356	9
676	3	1774	12
676	3	2035	30
677	3	626	29
677	3	1252	20
677	3	1722	9
678	3	574	29
678	3	1095	20
678	3	2191	9
679	3	991	29
680	3	834	29
680	3	1461	20
681	3	782	29
682	3	469	29
682	3	1826	20
683	3	991	29
684	3	887	29
684	3	1461	20
685	3	469	29
685	3	2295	20
686	3	678	29
686	3	991	20
687	3	1200	29
688	3	991	29
689	3	991	29
689	3	1774	20
690	3	521	29
691	3	626	29
691	3	1043	20
691	3	1565	9
691	3	1930	12
691	3	2191	30
692	3	469	29
692	3	1095	20
692	3	1461	9
692	3	1774	12
693	3	521	29
693	3	1252	20
693	3	1722	9
694	3	834	29
694	3	1148	20
695	3	521	29
695	3	834	20
695	3	2087	9
696	3	678	29
697	3	678	29
697	3	991	20
697	3	1878	9
698	3	1252	29
698	3	2295	20
699	3	521	29
699	3	1408	20
700	3	469	29
701	3	678	29
701	3	1408	20
701	3	2295	9
702	3	521	29
703	3	782	29
703	3	834	20
703	3	1617	9
704	3	1774	29
705	3	782	29
705	3	1826	20
705	3	2243	9
706	3	574	29
706	3	887	20
706	3	2295	9
707	3	678	29
707	3	1408	20
708	3	939	29
708	3	1513	20
709	3	626	29
709	3	1095	20
709	3	1617	9
709	3	2087	12
710	3	887	29
710	3	1200	20
710	3	1513	9
711	3	939	29
711	3	1617	20
711	3	2139	9
712	3	626	29
712	3	1513	20
713	3	1408	29
714	3	626	29
714	3	939	20
714	3	2035	9
715	3	574	29
715	3	1774	20
716	3	574	29
716	3	887	20
716	3	1252	9
716	3	1722	12
717	3	887	29
717	3	1461	20
717	3	1878	9
717	3	2295	12
718	3	782	29
718	3	1095	20
718	3	1513	9
719	3	678	29
720	3	1774	29
721	3	574	29
721	3	1461	20
721	3	2139	9
722	3	574	29
722	3	887	20
722	3	1148	9
722	3	1461	12
722	3	1722	30
723	3	574	29
724	3	574	29
725	3	782	29
725	3	1148	20
725	3	1669	9
726	3	521	29
726	3	1252	20
726	3	1669	9
727	3	1095	29
728	3	1722	29
729	3	782	29
729	3	2035	20
730	3	1356	29
730	3	1408	20
731	3	626	29
731	3	939	20
731	3	2295	9
732	3	626	29
732	3	2087	20
733	3	782	29
733	3	1095	20
733	3	1669	9
734	3	626	29
734	3	939	20
734	3	1878	9
735	3	1774	29
736	3	887	29
737	3	626	29
737	3	1043	20
737	3	1722	9
737	3	2139	12
738	3	626	29
738	3	1095	20
738	3	1513	9
738	3	1826	12
738	3	2087	30
739	3	939	29
739	3	1565	20
741	3	469	29
741	3	1513	20
742	3	574	29
742	3	887	20
742	3	1252	9
742	3	1669	12
742	3	1930	30
743	3	521	29
743	3	887	20
743	3	2087	9
744	3	991	29
744	3	1617	20
744	3	2295	9
745	3	782	29
746	3	1148	29
746	3	1774	20
747	3	1356	29
748	3	1826	29
749	3	991	29
750	3	574	29
751	3	887	29
752	3	626	29
752	3	1356	20
752	3	1982	9
753	3	574	29
753	3	887	20
753	3	1565	9
753	3	1930	12
753	3	2191	30
754	3	574	29
754	3	939	20
754	3	1722	9
755	3	678	29
755	3	991	20
755	3	2191	9
756	3	574	29
756	3	887	20
756	3	1304	9
756	3	1669	12
756	3	1930	30
757	3	1356	29
758	3	574	29
758	3	887	20
758	3	1826	9
759	3	1148	29
760	3	521	29
761	3	574	29
761	3	1826	20
762	3	887	29
762	3	1408	20
763	3	991	29
763	3	1774	20
764	3	887	29
765	3	678	29
765	3	991	20
765	3	2243	9
766	3	782	29
767	3	939	29
767	3	1774	20
768	3	1252	29
769	3	574	29
770	3	1774	29
771	3	939	29
771	3	1669	20
772	3	626	29
773	3	1252	29
774	3	521	29
774	3	887	20
774	3	1461	9
775	3	939	29
776	3	574	29
776	3	887	20
776	3	1252	9
776	3	1878	12
776	3	2139	30
777	3	1774	29
778	3	626	29
778	3	1461	20
779	3	1774	29
780	3	1356	29
781	3	521	29
781	3	1200	20
781	3	1722	9
782	3	469	29
782	3	2087	20
783	3	1252	29
784	3	626	29
784	3	939	20
784	3	2035	9
785	3	678	29
786	3	574	29
787	3	1148	29
788	3	678	29
788	3	991	20
789	3	939	29
789	3	1513	20
789	3	2139	9
790	3	626	29
790	3	1722	20
791	3	1148	29
792	3	678	29
793	3	626	29
793	3	939	20
793	3	1826	9
793	3	2191	12
794	3	521	29
794	3	834	20
795	3	1200	29
796	3	1148	29
797	3	678	29
797	3	991	20
798	3	834	29
798	3	1878	20
799	3	2295	29
800	3	1148	29
801	3	1148	29
801	3	2139	20
802	3	469	29
802	3	1356	20
803	3	887	29
803	3	1200	20
803	3	1669	9
803	3	2243	12
804	3	469	29
804	3	1513	20
804	3	2243	9
805	3	2243	29
806	3	1200	29
807	3	574	29
807	3	887	20
807	3	1148	9
807	3	1461	12
807	3	1722	30
808	3	1774	29
809	3	1565	29
810	3	626	29
810	3	939	20
810	3	1722	9
811	3	574	29
811	3	887	20
811	3	2139	9
812	3	365	29
812	3	991	20
812	3	1565	9
812	3	2139	12
813	3	887	29
813	3	1565	20
815	3	574	29
815	3	887	20
816	3	939	29
816	3	1565	20
817	3	1982	29
818	3	521	29
818	3	1356	20
818	3	2087	9
819	3	1200	29
820	3	574	29
821	3	991	29
821	3	2191	20
822	3	574	29
822	3	887	20
822	3	2035	9
823	3	574	29
823	3	887	20
823	3	1356	9
823	3	1669	12
823	3	1930	30
824	3	887	29
824	3	1513	20
825	3	782	29
825	3	1408	20
826	3	678	29
826	3	1461	20
827	3	626	29
828	3	1148	29
829	3	1774	29
830	3	939	29
831	3	782	29
831	3	1095	20
831	3	1408	9
831	3	1774	12
831	3	2035	30
832	3	678	29
832	3	991	20
832	3	1356	9
832	3	1669	12
832	3	1930	30
833	3	991	29
834	3	626	29
834	3	991	20
834	3	1461	9
834	3	1878	12
834	3	2139	30
835	3	1148	29
835	3	2087	20
836	3	1930	29
837	3	939	29
837	3	2191	20
838	3	626	29
838	3	939	20
838	3	1669	9
838	3	2191	12
839	3	1200	29
839	3	2139	20
840	3	521	29
840	3	834	20
840	3	1148	9
840	3	1461	12
840	3	1722	30
841	3	782	29
842	3	574	29
842	3	1408	20
842	3	2139	9
843	3	574	29
843	3	887	20
843	3	1200	9
843	3	1513	12
843	3	1774	30
844	3	991	29
845	3	1095	29
846	3	1200	29
847	3	991	29
847	3	1722	20
848	3	521	29
848	3	834	20
848	3	1252	9
849	3	1722	29
850	3	626	29
850	3	991	20
850	3	1356	9
850	3	1669	12
850	3	1930	30
851	3	2035	29
852	3	678	29
853	3	1148	29
853	3	2191	20
854	3	939	29
854	3	1408	20
855	3	469	29
856	3	626	29
857	3	1095	29
858	3	1148	20
858	3	1200	29
859	3	574	29
860	3	1408	29
861	3	782	29
862	3	1356	29
863	3	782	29
863	3	1095	20
863	3	1408	9
864	3	574	29
864	3	887	20
864	3	1356	9
864	3	1722	12
864	3	1982	30
865	3	626	29
865	3	939	20
866	3	574	29
866	3	887	20
866	3	2191	9
867	3	574	29
867	3	2139	20
868	3	678	29
868	3	1252	20
869	3	782	29
869	3	1461	20
870	3	939	29
870	3	1669	20
871	3	991	29
871	3	1617	20
873	3	626	29
873	3	939	20
873	3	1304	9
873	3	1669	12
873	3	1930	30
875	3	365	29
875	3	1304	20
876	3	626	29
876	3	991	20
877	3	574	29
877	3	887	20
877	3	1200	9
877	3	1513	12
877	3	1774	30
878	3	991	29
878	3	1774	20
879	3	521	29
879	3	2139	20
880	3	574	29
880	3	887	20
880	3	1513	9
880	3	2295	12
881	3	678	29
882	3	1148	29
882	3	1774	20
883	3	1461	29
884	3	678	29
884	3	991	20
885	3	626	29
885	3	939	20
885	3	1304	9
885	3	1617	12
885	3	2295	30
886	3	782	29
886	3	2295	20
887	3	782	29
887	3	1461	20
888	3	782	29
889	3	1148	29
890	3	1148	29
890	3	1774	20
891	3	782	29
891	3	1356	20
892	3	1356	29
893	3	782	29
894	3	834	29
894	3	1513	20
895	3	521	29
895	3	1878	20
896	3	574	29
897	3	574	29
897	3	1043	20
898	3	782	29
898	3	1095	20
898	3	1408	9
898	3	1774	12
899	3	574	29
899	3	939	20
899	3	1408	9
900	3	678	29
900	3	1930	20
901	3	626	29
901	3	939	20
902	3	626	29
902	3	1200	20
902	3	1669	9
903	3	365	29
903	3	1043	20
903	3	1669	9
903	3	2087	12
905	3	939	29
905	3	2087	20
906	3	574	29
906	3	939	20
907	3	1774	29
908	3	678	29
908	3	991	20
909	3	1774	29
910	3	939	29
910	3	1774	20
911	3	678	29
912	3	782	29
913	3	1148	29
913	3	1774	20
914	3	574	29
914	3	1304	20
915	3	991	29
916	3	574	29
916	3	991	20
916	3	1565	9
917	3	574	29
917	3	2295	20
918	3	1095	29
918	3	1617	20
919	3	1095	29
920	3	574	29
921	3	574	29
922	3	521	29
922	3	1878	20
923	3	991	29
924	3	834	29
924	3	1148	20
924	3	1408	9
924	3	1722	12
925	3	626	29
925	3	991	20
926	3	887	29
926	3	1200	20
926	3	1774	9
926	3	2295	12
927	3	626	29
927	3	1408	20
929	3	626	29
929	3	1148	20
929	3	1722	9
930	3	1200	29
931	3	574	29
931	3	887	20
931	3	1252	9
931	3	1565	12
931	3	1826	30
932	3	939	29
932	3	1930	20
933	3	1095	29
933	3	1722	20
934	3	834	29
934	3	1617	20
935	3	365	29
935	3	991	20
936	3	574	29
937	3	626	29
938	3	834	29
938	3	1565	20
939	3	939	29
940	3	469	29
940	3	1200	20
940	3	1565	9
940	3	2139	12
941	3	574	29
941	3	887	20
941	3	1408	9
941	3	1826	12
941	3	2087	30
942	3	521	29
942	3	887	20
942	3	1356	9
942	3	1722	12
942	3	2139	30
943	3	574	29
944	3	574	29
944	3	1565	20
945	3	1252	29
946	3	574	29
946	3	1565	20
947	3	626	29
947	3	939	20
947	3	1200	9
947	3	1565	12
947	3	1826	30
948	3	626	29
948	3	939	20
949	3	469	29
949	3	782	20
949	3	1148	9
949	3	1461	12
949	3	1722	30
950	3	626	29
950	3	939	20
950	3	1617	9
951	3	1826	29
952	3	1722	29
953	3	626	29
953	3	939	20
953	3	1565	9
954	3	626	29
954	3	939	20
954	3	1513	9
955	3	1930	29
956	3	574	29
957	3	1148	29
958	3	887	29
959	3	2035	29
960	3	1148	29
960	3	1200	20
961	3	834	29
961	3	1252	20
962	3	1826	29
963	3	626	29
963	3	991	20
964	3	834	29
964	3	1148	20
964	3	1408	9
964	3	1722	12
964	3	1982	30
965	3	678	29
965	3	1513	20
966	3	521	29
966	3	887	20
966	3	2139	9
967	3	1095	29
968	3	469	29
968	3	1878	20
969	3	521	29
969	3	1252	20
969	3	1982	9
971	3	574	29
971	3	991	20
971	3	1826	9
972	3	574	29
972	3	887	20
972	3	1252	9
972	3	1565	12
972	3	1826	30
973	3	521	29
974	3	469	29
975	3	1095	29
976	3	521	29
976	3	1200	20
976	3	1722	9
977	3	1565	29
978	3	678	29
978	3	991	20
978	3	1722	9
979	3	1148	29
979	3	2035	20
980	3	1461	29
981	3	782	29
981	3	1356	20
982	3	626	29
982	3	991	20
983	3	521	29
983	3	887	20
984	3	834	29
984	3	1356	20
985	3	991	29
985	3	1513	20
985	3	2295	9
986	3	2087	29
987	3	939	29
988	3	1148	29
988	3	1878	20
989	3	574	29
989	3	887	20
990	3	1513	29
992	3	1565	29
993	3	678	29
994	3	1774	29
995	3	574	29
995	3	887	20
995	3	1878	9
996	3	991	29
997	3	2139	29
998	3	469	29
998	3	1148	20
998	3	1461	9
998	3	1774	12
998	3	2035	30
999	3	1148	29
0	4	574	29
1	4	574	29
2	4	469	29
3	4	991	29
3	4	1722	28
4	4	782	29
4	4	1982	30
5	4	574	29
6	4	469	29
6	4	1826	28
7	4	834	29
7	4	1669	28
8	4	991	28
8	4	1200	29
9	4	1774	29
10	4	521	29
11	4	2243	29
12	4	887	29
13	4	887	29
14	4	574	29
15	4	626	29
16	4	626	29
17	4	574	29
18	4	626	29
19	4	1722	29
20	4	626	29
21	4	574	29
22	4	678	29
22	4	2243	28
23	4	626	29
24	4	626	29
25	4	1461	29
26	4	521	29
26	4	1722	28
27	4	574	29
28	4	574	29
28	4	1408	28
29	4	626	29
29	4	2243	28
30	4	1148	29
30	4	2087	28
31	4	782	29
32	4	939	29
32	4	1722	28
33	4	678	29
34	4	574	29
34	4	1617	28
35	4	678	29
36	4	626	29
37	4	991	28
37	4	1200	29
38	4	887	29
39	4	834	29
40	4	574	29
40	4	1878	30
40	4	2139	28
41	4	574	29
41	4	1565	28
42	4	991	28
42	4	1200	29
43	4	365	29
43	4	1461	28
44	4	1461	29
45	4	678	29
45	4	1722	28
46	4	678	29
47	4	939	29
48	4	1826	29
49	4	626	29
50	4	1408	29
51	4	1408	29
52	4	782	29
53	4	678	29
53	4	2035	28
53	4	2087	30
55	4	834	29
56	4	991	29
57	4	521	29
57	4	1930	30
58	4	469	29
58	4	1356	28
59	4	782	29
60	4	887	29
61	4	782	29
62	4	782	29
62	4	2295	30
63	4	521	29
63	4	1513	28
64	4	1722	29
65	4	574	29
65	4	1826	28
66	4	1148	29
66	4	2035	28
67	4	574	29
67	4	1461	28
68	4	1252	29
69	4	626	29
69	4	1617	28
70	4	521	29
71	4	939	29
71	4	1722	28
73	4	1461	29
74	4	626	29
75	4	626	29
76	4	1200	29
77	4	1252	29
78	4	1148	29
79	4	574	29
79	4	1826	28
80	4	678	29
81	4	887	29
82	4	1148	28
82	4	1408	29
83	4	887	29
84	4	782	29
85	4	1461	29
86	4	887	29
87	4	574	29
87	4	1982	30
87	4	2243	28
88	4	521	29
88	4	1461	28
89	4	574	29
89	4	1669	28
90	4	1148	29
91	4	521	29
92	4	626	29
93	4	1095	29
94	4	1565	29
95	4	626	29
95	4	2191	28
96	4	834	29
96	4	1826	28
97	4	991	29
98	4	1461	29
99	4	887	29
99	4	2087	28
100	4	1148	29
101	4	521	29
102	4	521	29
102	4	1826	28
103	4	626	29
104	4	469	29
104	4	1356	28
105	4	2035	29
106	4	574	29
106	4	1408	28
106	4	2191	30
107	4	574	29
107	4	2243	30
108	4	574	29
109	4	991	29
110	4	626	29
111	4	887	29
112	4	574	29
113	4	626	29
114	4	782	29
115	4	1252	29
116	4	1200	29
116	4	2191	28
117	4	1200	29
117	4	2243	28
118	4	991	29
119	4	1095	29
119	4	1930	28
120	4	626	29
121	4	991	29
122	4	626	29
123	4	1774	29
124	4	626	29
125	4	782	29
126	4	574	29
127	4	574	29
128	4	574	29
129	4	939	29
130	4	469	29
131	4	887	29
131	4	2139	30
132	4	574	29
133	4	782	29
134	4	574	29
134	4	1982	28
135	4	626	29
136	4	574	29
136	4	1722	30
137	4	521	29
137	4	1617	28
138	4	574	29
138	4	1982	30
138	4	2243	28
139	4	574	29
139	4	1826	28
139	4	1878	30
140	4	1461	29
141	4	782	29
141	4	1930	30
142	4	574	29
142	4	2295	28
143	4	1148	29
143	4	2035	28
145	4	991	29
145	4	1774	28
146	4	678	29
147	4	887	29
148	4	1148	29
149	4	626	29
149	4	2139	30
150	4	574	29
151	4	626	29
151	4	2035	28
152	4	469	29
152	4	1408	28
153	4	521	29
154	4	574	29
155	4	521	29
155	4	2295	28
156	4	574	29
158	4	469	29
158	4	1408	28
159	4	574	29
159	4	2087	30
160	4	574	29
160	4	1565	28
161	4	1461	29
162	4	887	29
162	4	1617	28
163	4	887	29
164	4	469	29
165	4	678	29
166	4	1669	29
167	4	991	29
167	4	2295	28
169	4	574	29
170	4	574	29
171	4	678	29
172	4	887	29
172	4	1617	28
173	4	1148	29
174	4	574	29
174	4	1669	28
175	4	834	29
176	4	521	29
177	4	1513	29
178	4	1826	29
179	4	678	29
180	4	1722	29
181	4	521	29
182	4	574	29
183	4	574	29
184	4	887	29
185	4	678	29
186	4	2035	29
187	4	574	29
187	4	1617	28
188	4	887	29
189	4	1043	28
189	4	1252	29
190	4	939	29
191	4	626	29
192	4	782	29
193	4	626	29
194	4	521	29
196	4	574	29
196	4	1669	28
196	4	1722	30
197	4	2295	28
198	4	887	29
199	4	521	29
200	4	991	29
200	4	1722	28
201	4	1565	29
202	4	678	29
202	4	1669	28
203	4	574	29
203	4	1617	28
204	4	574	29
205	4	1148	29
205	4	2035	28
206	4	574	29
206	4	1669	28
206	4	1722	30
207	4	574	29
208	4	574	29
209	4	2035	29
210	4	365	29
210	4	1722	28
211	4	1356	29
212	4	574	29
213	4	1461	29
214	4	626	29
215	4	1095	29
216	4	782	29
217	4	991	29
217	4	1722	28
218	4	574	29
218	4	1513	28
219	4	2035	29
220	4	1200	29
221	4	521	29
221	4	1722	28
222	4	1722	29
223	4	626	29
224	4	626	29
224	4	1826	28
225	4	574	29
225	4	1878	30
225	4	2139	28
226	4	678	29
227	4	782	29
228	4	574	29
229	4	574	29
229	4	1565	28
230	4	574	29
231	4	574	29
232	4	626	29
233	4	1148	29
233	4	1930	28
235	4	1252	29
236	4	782	29
236	4	2295	28
237	4	626	29
238	4	887	29
239	4	991	29
240	4	574	29
240	4	2191	28
240	4	2243	30
241	4	521	29
241	4	1461	28
242	4	939	28
242	4	1148	29
243	4	574	29
243	4	1930	30
243	4	2191	28
244	4	626	29
245	4	939	29
245	4	1982	28
246	4	1826	29
248	4	521	29
249	4	574	29
250	4	574	29
250	4	2087	30
251	4	782	29
252	4	1148	29
253	4	626	29
253	4	2139	28
255	4	678	29
256	4	626	29
256	4	1669	28
257	4	939	29
257	4	1930	28
258	4	574	29
259	4	574	29
260	4	626	29
262	4	678	29
262	4	1513	28
263	4	574	29
264	4	887	29
264	4	939	28
265	4	626	29
266	4	834	29
267	4	574	29
268	4	834	29
268	4	1617	28
269	4	626	29
270	4	574	29
271	4	782	29
271	4	2295	28
272	4	574	29
272	4	1826	28
272	4	1878	30
273	4	2087	29
274	4	939	29
275	4	1356	29
276	4	1982	29
277	4	574	29
278	4	1356	29
279	4	991	29
280	4	574	29
280	4	2087	28
282	4	1356	29
283	4	991	29
283	4	1878	28
284	4	626	29
284	4	1826	30
284	4	2087	28
285	4	939	29
285	4	1617	28
286	4	521	29
286	4	2087	28
286	4	2139	30
287	4	991	29
288	4	834	29
289	4	887	29
291	4	991	28
291	4	1200	29
292	4	1252	29
292	4	2295	28
293	4	521	29
293	4	1878	30
293	4	2139	28
294	4	574	29
295	4	887	29
295	4	2035	28
296	4	626	29
297	4	1148	29
298	4	626	29
298	4	1722	28
299	4	678	29
300	4	834	29
300	4	2295	28
301	4	521	29
302	4	574	29
303	4	626	29
303	4	1878	30
303	4	2139	28
304	4	626	29
306	4	574	29
307	4	521	29
308	4	521	29
309	4	574	29
309	4	1826	30
309	4	2087	28
310	4	782	29
310	4	2035	28
310	4	2087	30
311	4	678	29
312	4	887	29
312	4	2087	28
313	4	574	29
314	4	1095	29
315	4	991	28
315	4	1200	29
316	4	1930	29
317	4	1095	29
318	4	1200	29
319	4	1461	29
320	4	1148	29
321	4	626	29
322	4	521	29
323	4	1722	29
324	4	1148	29
325	4	1095	29
326	4	574	29
327	4	939	29
327	4	1669	28
328	4	574	29
329	4	1148	29
330	4	574	29
330	4	1461	28
331	4	574	29
332	4	834	29
333	4	626	29
334	4	991	29
335	4	574	29
336	4	626	29
337	4	626	29
338	4	887	29
339	4	678	29
340	4	939	29
340	4	1722	28
341	4	991	29
341	4	1722	28
342	4	521	29
342	4	1930	30
343	4	574	29
344	4	1774	29
345	4	469	29
345	4	1356	28
346	4	469	29
346	4	1304	28
346	4	2087	30
347	4	678	29
348	4	574	29
349	4	626	29
350	4	1774	29
351	4	574	29
352	4	469	29
352	4	1513	28
353	4	626	29
354	4	574	29
354	4	1774	30
355	4	678	29
356	4	626	29
356	4	1878	28
357	4	626	29
358	4	834	29
358	4	1722	28
360	4	521	29
361	4	626	29
362	4	1774	29
364	4	626	29
365	4	1461	29
366	4	574	29
366	4	1617	28
367	4	574	29
368	4	574	29
368	4	1774	30
368	4	2087	28
369	4	834	29
370	4	626	29
371	4	782	29
372	4	574	29
372	4	2191	28
373	4	678	29
374	4	1252	29
374	4	2191	28
375	4	1095	29
376	4	834	29
377	4	1148	29
377	4	2139	28
378	4	887	29
379	4	678	29
380	4	1095	28
380	4	1356	29
381	4	521	29
381	4	2087	28
382	4	574	29
383	4	1148	29
384	4	574	29
385	4	521	29
386	4	365	29
387	4	782	29
387	4	2035	30
388	4	1930	29
389	4	574	29
390	4	574	29
391	4	574	29
392	4	678	29
392	4	2243	28
393	4	521	29
394	4	782	29
395	4	991	28
395	4	1200	29
396	4	574	29
396	4	1722	30
397	4	991	29
397	4	1774	28
398	4	469	29
399	4	626	29
400	4	626	29
401	4	2035	29
402	4	782	29
403	4	1774	29
404	4	626	29
404	4	2087	28
405	4	887	29
405	4	2295	28
406	4	574	29
407	4	939	29
407	4	1722	28
409	4	887	29
410	4	834	29
410	4	2139	28
411	4	626	29
411	4	1878	30
412	4	678	29
412	4	1774	30
413	4	574	29
413	4	1722	30
413	4	2087	28
414	4	469	29
414	4	1461	28
415	4	626	29
416	4	1148	29
417	4	626	29
418	4	678	29
418	4	2139	30
419	4	365	29
419	4	1304	28
420	4	678	29
420	4	1878	28
421	4	1774	29
422	4	626	29
423	4	887	29
423	4	1617	28
424	4	574	29
424	4	1930	30
425	4	887	29
426	4	939	29
426	4	1617	28
427	4	1930	29
428	4	626	29
429	4	521	29
429	4	1461	28
430	4	574	29
431	4	574	29
432	4	834	29
432	4	2295	30
433	4	991	28
433	4	1200	29
434	4	782	29
434	4	1982	28
434	4	2035	30
435	4	574	29
436	4	626	29
437	4	678	29
438	4	521	29
438	4	1461	28
439	4	782	29
440	4	521	29
440	4	2191	28
441	4	1513	29
442	4	1043	28
442	4	1252	29
443	4	574	29
444	4	1408	29
445	4	574	29
446	4	1304	28
446	4	1513	29
447	4	1356	29
448	4	782	29
449	4	1930	29
450	4	2035	29
451	4	574	29
451	4	1461	28
452	4	834	29
453	4	574	29
453	4	1826	30
454	4	1148	29
455	4	939	29
455	4	1722	28
456	4	1148	29
456	4	2243	28
457	4	574	29
458	4	1461	29
459	4	678	29
460	4	574	29
461	4	521	29
462	4	469	29
462	4	1826	28
463	4	782	29
463	4	2087	30
464	4	678	29
464	4	1722	28
465	4	574	29
466	4	626	29
467	4	574	29
468	4	574	29
469	4	521	29
469	4	2139	30
470	4	1200	29
471	4	939	29
471	4	2139	28
472	4	782	29
473	4	521	29
473	4	1722	28
474	4	574	29
475	4	782	29
475	4	2243	28
476	4	1148	29
477	4	782	29
478	4	991	28
478	4	1200	29
480	4	574	29
481	4	782	29
481	4	1982	30
481	4	2295	28
482	4	782	29
483	4	1461	29
484	4	1930	29
485	4	991	29
486	4	1148	29
486	4	2035	28
487	4	678	29
488	4	1148	29
489	4	574	29
489	4	1826	30
490	4	626	29
490	4	1461	28
491	4	678	29
491	4	2139	28
492	4	834	29
492	4	1669	28
493	4	574	29
494	4	887	29
495	4	626	29
495	4	1513	28
496	4	469	29
496	4	1513	28
497	4	574	29
498	4	678	29
499	4	678	29
500	4	574	29
500	4	1774	30
501	4	1148	29
501	4	2191	28
502	4	574	29
502	4	1982	28
503	4	574	29
503	4	1774	30
503	4	2035	28
504	4	2295	29
505	4	1148	29
505	4	2295	28
506	4	887	29
507	4	1461	29
508	4	626	29
508	4	2035	30
510	4	1774	29
512	4	782	29
512	4	1565	28
513	4	782	29
513	4	1722	28
514	4	626	29
515	4	574	29
516	4	1148	29
516	4	2139	28
517	4	1148	29
517	4	2087	28
518	4	834	29
519	4	782	29
520	4	574	29
521	4	574	29
522	4	991	28
522	4	1200	29
523	4	626	29
524	4	1930	29
525	4	678	29
525	4	2035	30
526	4	1774	29
527	4	574	29
528	4	574	29
529	4	574	29
529	4	1722	28
529	4	1774	30
530	4	1095	29
530	4	1878	28
531	4	939	29
531	4	1617	28
532	4	782	29
533	4	1774	29
534	4	574	29
534	4	2035	30
535	4	1408	29
536	4	1148	29
536	4	2243	28
537	4	834	29
538	4	626	29
539	4	574	29
540	4	1774	29
541	4	574	29
542	4	834	29
543	4	939	29
543	4	1669	28
544	4	469	29
544	4	1304	28
544	4	2087	30
545	4	574	29
546	4	991	29
547	4	887	29
547	4	2139	28
547	4	2243	30
548	4	1148	29
549	4	1148	29
550	4	626	29
550	4	1878	30
550	4	2139	28
551	4	574	29
551	4	1930	30
552	4	1148	29
553	4	574	29
553	4	1930	28
554	4	574	29
555	4	574	29
555	4	1722	28
555	4	1774	30
556	4	626	29
556	4	1461	28
557	4	1200	29
558	4	574	29
559	4	834	29
559	4	1669	28
560	4	1148	29
561	4	626	29
562	4	782	29
562	4	1669	28
563	4	574	29
563	4	1408	28
564	4	1148	29
564	4	2243	28
565	4	678	29
565	4	1982	28
565	4	2035	30
566	4	574	29
567	4	574	29
568	4	626	29
569	4	678	29
569	4	1722	28
570	4	1148	29
571	4	521	29
572	4	1200	29
573	4	2243	29
574	4	991	28
574	4	1200	29
575	4	521	29
575	4	1774	30
575	4	2243	28
576	4	939	29
576	4	2295	28
577	4	782	29
578	4	834	29
578	4	2243	28
579	4	574	29
580	4	1826	29
581	4	887	29
581	4	1722	28
582	4	574	29
582	4	1930	28
583	4	626	29
583	4	1722	28
583	4	1774	30
584	4	782	29
585	4	574	29
585	4	1722	30
586	4	521	29
586	4	1408	28
587	4	574	29
587	4	1878	30
588	4	626	29
589	4	834	29
590	4	626	29
591	4	1356	29
593	4	521	29
594	4	574	29
594	4	1982	28
595	4	626	29
595	4	1982	30
595	4	2243	28
596	4	574	29
596	4	1565	28
597	4	1252	28
597	4	1461	29
598	4	521	29
599	4	626	29
600	4	1461	29
601	4	678	29
602	4	1095	29
603	4	574	29
604	4	626	29
604	4	1722	28
605	4	939	29
606	4	991	28
606	4	1200	29
607	4	574	29
608	4	834	29
610	4	2035	29
611	4	574	29
611	4	1930	28
612	4	939	29
612	4	1774	28
613	4	1095	29
614	4	991	29
615	4	678	29
616	4	887	29
617	4	1774	29
618	4	1826	29
619	4	782	29
620	4	574	29
621	4	782	29
621	4	1565	28
622	4	574	29
623	4	939	29
624	4	782	29
625	4	939	29
625	4	1669	28
626	4	365	29
626	4	1356	28
627	4	887	29
628	4	939	28
628	4	1148	29
629	4	678	29
629	4	2243	28
630	4	626	29
630	4	1982	28
631	4	521	29
631	4	1461	28
632	4	574	29
633	4	1408	29
634	4	991	29
635	4	1200	29
636	4	2035	29
637	4	834	29
638	4	1722	29
639	4	521	29
639	4	1982	30
640	4	574	29
641	4	469	29
642	4	991	29
643	4	2087	29
644	4	834	29
645	4	574	29
645	4	1565	28
646	4	574	29
647	4	1200	29
648	4	574	29
648	4	1722	28
649	4	782	29
650	4	1356	29
650	4	2243	28
651	4	834	29
652	4	939	28
652	4	1148	29
653	4	678	29
653	4	2035	28
654	4	626	29
655	4	574	29
655	4	1774	28
656	4	521	29
656	4	1617	28
657	4	782	29
658	4	678	29
658	4	2243	30
659	4	991	29
659	4	2035	28
660	4	626	29
661	4	626	29
662	4	574	29
662	4	1565	28
663	4	887	29
664	4	574	29
664	4	2087	30
665	4	574	29
666	4	574	29
667	4	626	29
668	4	782	29
668	4	1878	28
669	4	626	29
669	4	1774	28
670	4	678	29
670	4	1930	28
671	4	887	29
672	4	626	29
672	4	2191	28
673	4	574	29
674	4	574	29
674	4	1565	28
675	4	887	29
675	4	1617	28
676	4	574	29
676	4	2035	30
677	4	626	29
677	4	1513	28
678	4	574	29
679	4	991	29
680	4	834	29
680	4	1565	28
681	4	782	29
682	4	469	29
682	4	1930	28
683	4	991	29
684	4	887	29
684	4	1565	28
685	4	469	29
685	4	2295	28
686	4	678	29
687	4	1200	29
688	4	991	29
688	4	2191	28
689	4	991	29
690	4	521	29
691	4	626	29
691	4	2139	28
691	4	2191	30
692	4	469	29
692	4	1304	28
693	4	521	29
693	4	1461	28
694	4	834	29
695	4	521	29
696	4	678	29
697	4	678	29
698	4	1252	29
698	4	2243	28
699	4	521	29
699	4	1669	28
700	4	469	29
701	4	678	29
701	4	1565	28
702	4	521	29
703	4	782	29
704	4	1774	29
705	4	782	29
705	4	1878	28
706	4	574	29
707	4	678	29
708	4	939	29
708	4	1669	28
709	4	626	29
710	4	887	29
711	4	939	29
711	4	1774	28
712	4	626	29
713	4	1408	29
714	4	626	29
715	4	574	29
715	4	2139	28
716	4	574	29
717	4	887	29
717	4	1565	28
718	4	782	29
719	4	678	29
720	4	1774	29
721	4	574	29
721	4	1617	28
722	4	574	29
722	4	1722	30
723	4	574	29
724	4	574	29
725	4	782	29
726	4	521	29
726	4	1408	28
727	4	1095	29
728	4	1722	29
729	4	782	29
730	4	1095	28
730	4	1356	29
731	4	626	29
732	4	626	29
733	4	782	29
734	4	626	29
735	4	1774	29
736	4	887	29
737	4	626	29
737	4	2243	28
738	4	626	29
738	4	2035	28
738	4	2087	30
739	4	939	29
741	4	469	29
742	4	574	29
742	4	1930	30
742	4	2191	28
743	4	521	29
744	4	991	29
744	4	1722	28
745	4	782	29
746	4	1148	29
747	4	1095	28
747	4	1356	29
748	4	1826	29
749	4	991	29
750	4	574	29
751	4	887	29
752	4	626	29
752	4	1617	28
753	4	574	29
753	4	2087	28
753	4	2191	30
754	4	574	29
755	4	678	29
756	4	574	29
756	4	1930	30
756	4	2243	28
757	4	1356	29
758	4	574	29
759	4	1148	29
760	4	521	29
761	4	574	29
761	4	1982	28
762	4	887	29
763	4	991	29
763	4	1878	28
764	4	887	29
765	4	678	29
766	4	782	29
767	4	939	29
767	4	1930	28
768	4	1252	29
769	4	574	29
770	4	1774	29
771	4	939	29
772	4	626	29
773	4	1252	29
774	4	521	29
775	4	939	29
776	4	574	29
776	4	2139	30
777	4	1774	29
778	4	626	29
779	4	1774	29
780	4	1095	28
780	4	1356	29
781	4	521	29
782	4	469	29
782	4	2191	28
783	4	1252	29
784	4	626	29
785	4	678	29
786	4	574	29
787	4	1148	29
787	4	2191	28
788	4	678	29
789	4	939	29
789	4	1669	28
790	4	626	29
790	4	2035	28
791	4	1148	29
792	4	678	29
793	4	626	29
794	4	521	29
795	4	1200	29
796	4	1148	29
797	4	678	29
798	4	834	29
798	4	2035	28
799	4	2295	29
800	4	1148	29
801	4	1148	29
801	4	2087	28
802	4	469	29
802	4	1669	28
803	4	887	29
804	4	469	29
804	4	1878	28
805	4	2243	29
806	4	1200	29
807	4	574	29
807	4	1722	30
808	4	1774	29
809	4	1565	29
810	4	626	29
811	4	574	29
812	4	365	29
812	4	1304	28
813	4	887	29
814	4	2087	28
815	4	574	29
816	4	939	29
816	4	2139	28
817	4	1982	29
818	4	521	29
818	4	1722	28
819	4	1200	29
820	4	574	29
821	4	991	29
821	4	2139	28
822	4	574	29
823	4	574	29
823	4	1930	30
823	4	2191	28
824	4	887	29
824	4	1617	28
825	4	782	29
825	4	1617	28
826	4	678	29
826	4	1722	28
827	4	626	29
828	4	1148	29
828	4	2035	28
829	4	1774	29
830	4	939	29
831	4	782	29
831	4	2035	30
832	4	678	29
832	4	1930	30
832	4	2191	28
833	4	991	29
834	4	626	29
834	4	2087	28
834	4	2139	30
835	4	939	28
835	4	1148	29
836	4	1930	29
837	4	939	29
837	4	2139	28
838	4	626	29
838	4	2243	28
839	4	1200	29
839	4	2087	28
840	4	521	29
840	4	1722	30
841	4	782	29
842	4	574	29
842	4	1669	28
843	4	574	29
843	4	1774	30
843	4	2035	28
844	4	991	29
845	4	1095	29
846	4	1200	29
847	4	991	29
847	4	1826	28
848	4	521	29
849	4	1722	29
850	4	626	29
850	4	1930	30
851	4	2035	29
852	4	678	29
853	4	1148	29
853	4	2243	28
854	4	939	29
854	4	1617	28
855	4	469	29
856	4	626	29
857	4	1095	29
858	4	991	28
858	4	1200	29
859	4	574	29
860	4	1408	29
861	4	782	29
862	4	1356	29
863	4	782	29
864	4	574	29
864	4	1982	30
864	4	2243	28
865	4	626	29
866	4	574	29
867	4	574	29
868	4	678	29
869	4	782	29
869	4	1565	28
870	4	939	29
871	4	991	29
871	4	1930	28
873	4	626	29
873	4	1930	30
875	4	365	29
875	4	1617	28
876	4	626	29
877	4	574	29
877	4	1774	30
878	4	991	29
878	4	2087	28
879	4	521	29
879	4	2191	28
880	4	574	29
881	4	678	29
882	4	1148	29
883	4	1461	29
884	4	678	29
885	4	626	29
885	4	2295	30
886	4	782	29
886	4	2243	28
887	4	782	29
888	4	782	29
889	4	1148	29
890	4	1148	29
890	4	1930	28
891	4	782	29
892	4	1356	29
892	4	2295	28
893	4	782	29
894	4	834	29
895	4	521	29
895	4	1930	28
896	4	574	29
897	4	574	29
898	4	782	29
899	4	574	29
900	4	678	29
900	4	2035	28
901	4	626	29
902	4	626	29
902	4	1513	28
903	4	365	29
903	4	1356	28
905	4	939	29
906	4	574	29
907	4	1774	29
908	4	678	29
909	4	1774	29
910	4	939	29
910	4	2087	28
911	4	678	29
912	4	782	29
913	4	1148	29
913	4	2087	28
914	4	574	29
914	4	1565	28
915	4	991	29
916	4	574	29
917	4	574	29
917	4	2139	28
918	4	1095	29
919	4	1095	29
920	4	574	29
921	4	574	29
922	4	521	29
922	4	1930	28
923	4	991	29
924	4	834	29
925	4	626	29
926	4	887	29
926	4	2243	28
927	4	626	29
927	4	1669	28
929	4	626	29
930	4	1200	29
931	4	574	29
931	4	1826	30
932	4	939	29
932	4	1878	28
933	4	1095	29
933	4	1878	28
934	4	834	29
935	4	365	29
935	4	1722	28
936	4	574	29
936	4	2243	28
937	4	626	29
937	4	2243	28
938	4	834	29
938	4	1930	28
939	4	939	29
940	4	469	29
940	4	1408	28
941	4	574	29
941	4	2087	30
942	4	521	29
942	4	2139	30
943	4	574	29
944	4	574	29
944	4	1878	28
945	4	1252	29
946	4	574	29
946	4	1826	28
947	4	626	29
947	4	1826	30
947	4	2087	28
948	4	626	29
949	4	469	29
949	4	1722	30
950	4	626	29
951	4	1826	29
952	4	1722	29
953	4	626	29
954	4	626	29
955	4	1930	29
956	4	574	29
957	4	1148	29
958	4	887	29
959	4	2035	29
960	4	939	28
960	4	1148	29
961	4	834	29
962	4	1826	29
963	4	626	29
964	4	834	29
964	4	1982	30
964	4	2243	28
965	4	678	29
965	4	2295	28
966	4	521	29
967	4	1095	29
968	4	469	29
968	4	1982	28
969	4	521	29
969	4	1617	28
971	4	574	29
972	4	574	29
972	4	1826	30
972	4	2139	28
973	4	521	29
974	4	469	29
975	4	1095	29
976	4	521	29
976	4	1408	28
977	4	1565	29
978	4	678	29
979	4	1148	29
979	4	1930	28
980	4	1461	29
981	4	782	29
981	4	1513	28
982	4	626	29
983	4	521	29
984	4	834	29
984	4	1722	28
985	4	991	29
985	4	1669	28
986	4	2087	29
986	4	2139	28
987	4	939	29
988	4	939	28
988	4	1148	29
989	4	574	29
990	4	1513	29
992	4	1565	29
993	4	678	29
994	4	1774	29
995	4	574	29
996	4	991	29
997	4	2139	29
998	4	469	29
998	4	1304	28
998	4	2035	30
999	4	1148	29
0	5	365	24
0	5	574	29
0	5	939	27
1	5	365	24
1	5	574	29
1	5	939	27
2	5	469	29
2	5	834	27
3	5	991	29
3	5	1356	27
3	5	1722	28
4	5	417	24
4	5	782	29
4	5	1148	27
4	5	1982	30
4	5	2295	25
5	5	365	24
5	5	574	29
5	5	2035	27
6	5	469	29
6	5	834	27
6	5	1826	28
7	5	834	29
7	5	1148	27
7	5	1669	28
8	5	521	24
8	5	991	28
8	5	1200	29
9	5	1774	29
10	5	365	24
10	5	521	29
10	5	939	27
11	5	2243	29
12	5	887	29
12	5	2139	27
13	5	887	29
13	5	1878	27
14	5	365	24
14	5	574	29
14	5	887	27
15	5	365	24
15	5	626	29
15	5	1461	27
16	5	417	24
16	5	626	29
16	5	1252	27
17	5	365	24
17	5	574	29
17	5	991	27
18	5	365	24
18	5	626	29
18	5	1669	27
19	5	1722	29
19	5	2035	27
20	5	469	24
20	5	626	29
20	5	1408	27
21	5	365	24
21	5	574	29
21	5	887	27
22	5	678	29
22	5	1304	27
22	5	2243	28
23	5	365	24
23	5	626	29
23	5	991	27
24	5	365	24
24	5	626	29
24	5	1200	27
25	5	1461	29
25	5	1930	27
26	5	521	29
26	5	991	27
26	5	1722	28
27	5	417	24
27	5	574	29
27	5	1252	27
28	5	574	29
28	5	1043	27
28	5	1408	28
29	5	626	29
29	5	1356	27
29	5	2243	28
30	5	1148	29
30	5	1461	27
30	5	2087	28
31	5	417	24
31	5	782	29
31	5	1982	27
32	5	939	29
32	5	1252	27
32	5	1722	28
33	5	469	24
33	5	678	29
33	5	1930	27
34	5	574	29
34	5	1043	27
34	5	1617	28
35	5	365	24
35	5	678	29
35	5	1252	27
36	5	365	24
36	5	626	29
36	5	1304	27
37	5	469	24
37	5	991	28
37	5	1200	29
38	5	469	24
38	5	887	29
39	5	417	24
39	5	834	29
39	5	1461	27
40	5	365	24
40	5	574	29
40	5	939	27
40	5	1878	30
40	5	2139	28
41	5	574	29
41	5	1043	27
41	5	1565	28
41	5	2191	24
42	5	574	24
42	5	991	28
42	5	1200	29
43	5	365	29
43	5	730	27
43	5	1461	28
44	5	1461	29
45	5	521	24
45	5	678	29
45	5	1356	27
45	5	1722	28
46	5	365	24
46	5	678	29
46	5	1878	27
47	5	939	29
47	5	1304	27
48	5	1826	29
49	5	417	24
49	5	626	29
49	5	1252	27
50	5	1408	29
51	5	1408	29
51	5	1878	27
52	5	782	29
52	5	2295	27
53	5	417	24
53	5	678	29
53	5	1148	27
53	5	2035	28
53	5	2087	30
55	5	469	24
55	5	834	29
56	5	991	29
56	5	1565	27
57	5	365	24
57	5	521	29
57	5	991	27
57	5	1930	30
58	5	469	29
58	5	887	27
58	5	1356	28
59	5	365	24
59	5	782	29
60	5	887	29
60	5	1878	27
61	5	417	24
61	5	782	29
61	5	2139	27
62	5	417	24
62	5	782	29
62	5	1200	27
62	5	2295	30
63	5	521	29
63	5	991	27
63	5	1513	28
64	5	1722	29
64	5	2139	27
65	5	574	29
65	5	1043	27
65	5	1826	28
66	5	1148	29
66	5	1461	27
66	5	2035	28
67	5	574	29
67	5	1043	27
67	5	1461	28
68	5	1252	29
68	5	1722	27
69	5	626	29
69	5	1148	27
69	5	1617	28
70	5	521	29
70	5	939	27
71	5	939	29
71	5	1252	27
71	5	1722	28
73	5	1461	29
73	5	2035	27
74	5	626	29
74	5	1878	27
75	5	365	24
75	5	626	29
75	5	1356	27
76	5	1200	29
76	5	1617	27
77	5	1252	29
77	5	1982	27
78	5	1148	29
79	5	574	29
79	5	1148	27
79	5	1826	28
80	5	417	24
80	5	678	29
80	5	1565	27
81	5	417	24
81	5	887	29
81	5	2035	27
82	5	469	24
82	5	1148	28
82	5	1408	29
83	5	887	29
83	5	1356	27
84	5	417	24
84	5	782	29
84	5	1982	27
85	5	1461	29
86	5	887	29
86	5	1461	27
87	5	365	24
87	5	574	29
87	5	991	27
87	5	1982	30
87	5	2243	28
88	5	521	29
88	5	991	27
88	5	1461	28
89	5	574	29
89	5	1095	27
89	5	1669	28
90	5	1148	29
90	5	1565	27
91	5	521	29
91	5	939	27
92	5	365	24
92	5	626	29
92	5	991	27
93	5	1095	29
93	5	1617	27
94	5	1565	29
94	5	2191	27
95	5	626	29
95	5	1617	27
95	5	2191	28
96	5	834	29
96	5	1252	27
96	5	1826	28
97	5	991	29
97	5	1774	27
98	5	1461	29
98	5	1878	27
99	5	887	29
99	5	1461	27
99	5	2087	28
100	5	1148	29
100	5	1826	27
101	5	521	29
101	5	939	27
102	5	521	29
102	5	939	27
102	5	1826	28
103	5	626	29
103	5	1252	27
104	5	469	29
104	5	834	27
104	5	1356	28
105	5	2035	29
106	5	574	29
106	5	1043	27
106	5	1408	28
106	5	1930	24
106	5	2191	30
107	5	365	24
107	5	574	29
107	5	991	27
107	5	2243	30
108	5	417	24
108	5	574	29
108	5	1408	27
109	5	991	29
109	5	1513	27
110	5	365	24
110	5	626	29
110	5	1148	27
111	5	469	24
111	5	887	29
111	5	2087	27
112	5	574	29
112	5	1252	27
113	5	365	24
113	5	626	29
113	5	991	27
114	5	521	24
114	5	782	29
114	5	2191	27
115	5	1252	29
115	5	1669	27
116	5	1200	29
116	5	1669	27
116	5	2191	28
117	5	1200	29
117	5	1617	27
117	5	2243	28
118	5	991	29
118	5	1356	27
119	5	1095	29
119	5	1408	27
119	5	1930	28
120	5	626	29
120	5	1200	27
121	5	991	29
121	5	2035	27
122	5	365	24
122	5	626	29
122	5	1043	27
123	5	1774	29
123	5	2191	27
124	5	365	24
124	5	626	29
124	5	991	27
125	5	417	24
125	5	782	29
125	5	1200	27
126	5	365	24
126	5	574	29
126	5	991	27
127	5	365	24
127	5	574	29
127	5	1095	27
128	5	365	24
128	5	574	29
128	5	939	27
129	5	939	29
129	5	1356	27
130	5	469	29
130	5	834	27
131	5	521	24
131	5	887	29
131	5	1304	27
131	5	2139	30
132	5	365	24
132	5	574	29
132	5	991	27
133	5	417	24
133	5	782	29
133	5	1565	27
134	5	574	29
134	5	1252	27
134	5	1982	28
135	5	417	24
135	5	626	29
135	5	1356	27
136	5	365	24
136	5	574	29
136	5	887	27
136	5	1722	30
137	5	521	29
137	5	991	27
137	5	1617	28
138	5	365	24
138	5	574	29
138	5	939	27
138	5	1982	30
138	5	2243	28
139	5	365	24
139	5	574	29
139	5	1095	27
139	5	1826	28
139	5	1878	30
139	5	2191	25
140	5	1461	29
140	5	2243	27
141	5	365	24
141	5	782	29
141	5	1095	27
141	5	1930	30
142	5	574	29
142	5	1408	27
142	5	2295	28
143	5	1148	29
143	5	1461	27
143	5	2035	28
145	5	991	29
145	5	1304	27
145	5	1774	28
146	5	469	24
146	5	678	29
146	5	1356	27
147	5	469	24
147	5	887	29
147	5	1408	27
148	5	1148	29
148	5	1617	27
149	5	365	24
149	5	626	29
149	5	1043	27
149	5	2139	30
150	5	365	24
150	5	574	29
150	5	1356	27
151	5	626	29
151	5	1408	27
151	5	2035	28
152	5	469	29
152	5	887	27
152	5	1408	28
153	5	521	29
153	5	1200	27
154	5	365	24
154	5	574	29
154	5	1148	27
155	5	365	24
155	5	521	29
155	5	991	27
155	5	2295	28
156	5	365	24
156	5	574	29
156	5	1095	27
158	5	469	29
158	5	834	27
158	5	1408	28
159	5	365	24
159	5	574	29
159	5	939	27
159	5	2087	30
160	5	574	29
160	5	1043	27
160	5	1565	28
161	5	1461	29
161	5	2035	27
162	5	887	29
162	5	1200	27
162	5	1617	28
163	5	887	29
163	5	1722	27
164	5	365	24
164	5	469	29
164	5	1930	27
165	5	417	24
165	5	678	29
165	5	1200	27
166	5	1669	29
166	5	1982	27
167	5	991	29
167	5	1669	27
167	5	2295	28
169	5	365	24
169	5	574	29
169	5	991	27
170	5	365	24
170	5	574	29
170	5	991	27
171	5	678	29
171	5	1826	27
172	5	887	29
172	5	1200	27
172	5	1617	28
173	5	1148	29
173	5	1617	27
174	5	574	29
174	5	1095	27
174	5	1669	28
175	5	469	24
175	5	834	29
175	5	1356	27
176	5	417	24
176	5	521	29
176	5	1878	27
177	5	1513	29
178	5	1826	29
179	5	469	24
179	5	678	29
179	5	1304	27
180	5	1722	29
181	5	365	24
181	5	521	29
181	5	939	27
182	5	574	29
182	5	1513	27
183	5	365	24
183	5	574	29
183	5	1252	27
184	5	887	29
184	5	2035	27
185	5	417	24
185	5	678	29
185	5	1252	27
186	5	2035	29
187	5	574	29
187	5	1043	27
187	5	1617	28
188	5	887	29
188	5	1878	27
189	5	521	24
189	5	1043	28
189	5	1252	29
189	5	2243	25
190	5	939	29
190	5	1304	27
191	5	365	24
191	5	626	29
192	5	469	24
192	5	782	29
192	5	1304	27
193	5	469	24
193	5	626	29
193	5	1565	27
194	5	521	29
194	5	1826	27
196	5	365	24
196	5	574	29
196	5	939	27
196	5	1669	28
196	5	1722	30
196	5	2087	25
197	5	2295	28
198	5	521	24
198	5	887	29
198	5	1356	27
199	5	365	24
199	5	521	29
199	5	1095	27
200	5	991	29
200	5	1304	27
200	5	1722	28
201	5	1565	29
201	5	2035	27
202	5	678	29
202	5	1148	27
202	5	1669	28
203	5	574	29
203	5	1095	27
203	5	1617	28
204	5	365	24
204	5	574	29
204	5	1356	27
205	5	1148	29
205	5	1461	27
205	5	2035	28
206	5	365	24
206	5	574	29
206	5	939	27
206	5	1669	28
206	5	1722	30
206	5	2035	25
207	5	365	24
207	5	574	29
207	5	1200	27
208	5	417	24
208	5	574	29
208	5	1304	27
209	5	2035	29
210	5	365	29
210	5	834	27
210	5	1722	28
211	5	1356	29
212	5	574	29
212	5	1200	27
213	5	1461	29
213	5	1878	27
214	5	626	29
215	5	1095	29
215	5	1408	27
216	5	782	29
217	5	991	29
217	5	1304	27
217	5	1722	28
218	5	574	29
218	5	1043	27
218	5	1513	28
219	5	2035	29
220	5	1200	29
220	5	1774	27
221	5	521	29
221	5	1043	27
221	5	1722	28
222	5	1722	29
222	5	2035	27
223	5	626	29
223	5	1930	27
224	5	626	29
224	5	1200	27
224	5	1826	28
225	5	365	24
225	5	574	29
225	5	991	27
225	5	1878	30
225	5	2139	28
226	5	417	24
226	5	678	29
226	5	1200	27
227	5	521	24
227	5	782	29
227	5	2087	27
228	5	365	24
228	5	574	29
228	5	1095	27
229	5	574	29
229	5	1043	27
229	5	1565	28
230	5	365	24
230	5	574	29
230	5	991	27
231	5	365	24
231	5	574	29
231	5	939	27
232	5	365	24
232	5	626	29
232	5	1095	27
233	5	1148	29
233	5	1461	27
233	5	1930	28
235	5	1252	29
235	5	1878	27
236	5	782	29
236	5	1878	27
236	5	2295	28
237	5	626	29
238	5	887	29
239	5	991	29
239	5	1565	27
240	5	365	24
240	5	574	29
240	5	1148	27
240	5	2191	28
240	5	2243	30
241	5	521	29
241	5	1043	27
241	5	1461	28
242	5	469	24
242	5	939	28
242	5	1148	29
243	5	365	24
243	5	574	29
243	5	939	27
243	5	1930	30
243	5	2191	28
244	5	365	24
244	5	626	29
244	5	991	27
245	5	939	29
245	5	1408	27
245	5	1982	28
246	5	1826	29
248	5	365	24
248	5	521	29
248	5	939	27
249	5	365	24
249	5	574	29
249	5	939	27
250	5	365	24
250	5	574	29
250	5	991	27
250	5	2087	30
251	5	417	24
251	5	782	29
251	5	1565	27
252	5	1148	29
252	5	2139	27
253	5	626	29
253	5	1513	27
253	5	2139	28
255	5	678	29
255	5	1304	27
256	5	626	29
256	5	1095	27
256	5	1669	28
257	5	939	29
257	5	1304	27
257	5	1930	28
258	5	365	24
258	5	574	29
258	5	939	27
259	5	365	24
259	5	574	29
259	5	991	27
260	5	417	24
260	5	626	29
260	5	1774	27
262	5	678	29
262	5	1095	27
262	5	1513	28
263	5	574	29
264	5	417	24
264	5	887	29
264	5	939	28
265	5	417	24
265	5	626	29
265	5	2243	27
266	5	469	24
266	5	834	29
266	5	1513	27
267	5	365	24
267	5	574	29
267	5	991	27
268	5	834	29
268	5	1148	27
268	5	1617	28
269	5	365	24
269	5	626	29
269	5	1200	27
270	5	574	29
270	5	1513	27
271	5	469	24
271	5	782	29
271	5	1356	27
271	5	2295	28
272	5	365	24
272	5	574	29
272	5	1095	27
272	5	1826	28
272	5	1878	30
272	5	2191	25
273	5	2087	29
274	5	939	29
274	5	1408	27
275	5	1356	29
275	5	2087	27
276	5	1982	29
277	5	574	29
277	5	1878	27
278	5	1356	29
278	5	1982	27
279	5	991	29
279	5	1513	27
280	5	574	29
280	5	1356	27
280	5	2087	28
282	5	1356	29
282	5	1982	27
283	5	991	29
283	5	1304	27
283	5	1878	28
284	5	365	24
284	5	626	29
284	5	939	27
284	5	1826	30
284	5	2087	28
285	5	939	29
285	5	1252	27
285	5	1617	28
286	5	365	24
286	5	521	29
286	5	1148	27
286	5	2087	28
286	5	2139	30
287	5	991	29
287	5	1461	27
288	5	417	24
288	5	834	29
288	5	1722	27
289	5	887	29
289	5	2295	27
291	5	469	24
291	5	991	28
291	5	1200	29
292	5	1252	29
292	5	1826	27
292	5	2295	28
293	5	365	24
293	5	521	29
293	5	887	27
293	5	1878	30
293	5	2139	28
294	5	365	24
294	5	574	29
294	5	2191	27
295	5	887	29
295	5	1408	27
295	5	2035	28
296	5	417	24
296	5	626	29
296	5	1252	27
297	5	1148	29
298	5	626	29
298	5	1148	27
298	5	1722	28
299	5	365	24
299	5	678	29
300	5	834	29
300	5	1878	27
300	5	2295	28
301	5	365	24
301	5	521	29
301	5	939	27
302	5	417	24
302	5	574	29
302	5	1356	27
303	5	365	24
303	5	626	29
303	5	939	27
303	5	1878	30
303	5	2139	28
304	5	365	24
304	5	626	29
304	5	991	27
306	5	365	24
306	5	574	29
306	5	939	27
307	5	521	29
307	5	1878	27
308	5	521	29
308	5	991	27
309	5	365	24
309	5	574	29
309	5	939	27
309	5	1826	30
309	5	2087	28
310	5	417	24
310	5	782	29
310	5	1200	27
310	5	2035	28
310	5	2087	30
311	5	678	29
311	5	1930	27
312	5	887	29
312	5	1513	27
312	5	2087	28
313	5	574	29
313	5	1461	27
314	5	1095	29
314	5	1617	27
315	5	469	24
315	5	991	28
315	5	1200	29
316	5	1930	29
317	5	1095	29
317	5	1408	27
318	5	1200	29
318	5	2087	27
319	5	1461	29
319	5	2139	27
320	5	1148	29
320	5	1461	27
321	5	365	24
321	5	626	29
321	5	991	27
322	5	417	24
322	5	521	29
322	5	1878	27
323	5	1722	29
323	5	2087	27
324	5	1148	29
324	5	1565	27
325	5	1095	29
325	5	1513	27
326	5	365	24
326	5	574	29
326	5	939	27
327	5	939	29
327	5	1252	27
327	5	1669	28
328	5	574	29
328	5	1722	27
329	5	1148	29
329	5	1878	27
330	5	574	29
330	5	1043	27
330	5	1461	28
331	5	365	24
331	5	574	29
331	5	1826	27
332	5	469	24
332	5	834	29
332	5	1304	27
333	5	365	24
333	5	626	29
333	5	991	27
334	5	991	29
334	5	1461	27
335	5	365	24
335	5	574	29
335	5	939	27
336	5	417	24
336	5	626	29
336	5	1461	27
337	5	626	29
337	5	1513	27
338	5	887	29
338	5	1930	27
339	5	365	24
339	5	678	29
339	5	1878	27
340	5	939	29
340	5	1304	27
340	5	1722	28
341	5	991	29
341	5	1304	27
341	5	1722	28
342	5	365	24
342	5	521	29
342	5	1043	27
342	5	1930	30
343	5	365	24
343	5	574	29
343	5	887	27
344	5	1774	29
344	5	2295	27
345	5	469	29
345	5	887	27
345	5	1356	28
346	5	469	29
346	5	834	27
346	5	1304	28
346	5	2087	30
347	5	521	24
347	5	678	29
347	5	1669	27
348	5	417	24
348	5	574	29
348	5	1304	27
349	5	365	24
349	5	626	29
349	5	1043	27
350	5	1774	29
350	5	2295	27
351	5	469	24
351	5	574	29
352	5	469	29
352	5	887	27
352	5	1513	28
353	5	365	24
353	5	626	29
353	5	1461	27
354	5	365	24
354	5	574	29
354	5	939	27
354	5	1774	30
355	5	417	24
355	5	678	29
356	5	626	29
356	5	1200	27
356	5	1878	28
357	5	417	24
357	5	626	29
357	5	1669	27
358	5	834	29
358	5	1200	27
358	5	1722	28
360	5	521	29
360	5	1826	27
361	5	469	24
361	5	626	29
361	5	1513	27
362	5	1774	29
364	5	365	24
364	5	626	29
364	5	1982	27
365	5	1461	29
366	5	574	29
366	5	1043	27
366	5	1617	28
367	5	417	24
367	5	574	29
367	5	1930	27
368	5	365	24
368	5	574	29
368	5	887	27
368	5	1774	30
368	5	2087	28
369	5	417	24
369	5	834	29
369	5	1200	27
370	5	626	29
371	5	365	24
371	5	782	29
371	5	1513	27
372	5	574	29
372	5	1148	27
372	5	2191	28
373	5	678	29
374	5	1252	29
374	5	1774	27
374	5	2191	28
375	5	1095	29
375	5	1461	27
376	5	417	24
376	5	834	29
376	5	2035	27
377	5	1148	29
377	5	1461	27
377	5	2139	28
378	5	887	29
378	5	1304	27
379	5	574	24
379	5	678	29
379	5	1461	27
380	5	521	24
380	5	1095	28
380	5	1356	29
381	5	521	29
381	5	939	27
381	5	2087	28
382	5	365	24
382	5	574	29
382	5	1878	27
383	5	1148	29
384	5	469	24
384	5	574	29
384	5	1513	27
385	5	521	29
385	5	991	27
386	5	365	29
386	5	834	27
387	5	417	24
387	5	782	29
387	5	1200	27
387	5	2035	30
388	5	1930	29
388	5	2295	27
389	5	365	24
389	5	574	29
390	5	365	24
390	5	574	29
390	5	887	27
391	5	417	24
391	5	574	29
391	5	1252	27
392	5	678	29
392	5	1826	27
392	5	2243	28
393	5	365	24
393	5	521	29
393	5	939	27
394	5	521	24
394	5	782	29
394	5	2035	27
395	5	521	24
395	5	991	28
395	5	1200	29
396	5	365	24
396	5	574	29
396	5	991	27
396	5	1722	30
397	5	991	29
397	5	1356	27
397	5	1774	28
398	5	469	29
398	5	887	27
399	5	365	24
399	5	626	29
399	5	991	27
400	5	469	24
400	5	626	29
400	5	1722	27
401	5	2035	29
402	5	469	24
402	5	782	29
402	5	1408	27
403	5	1774	29
403	5	2139	27
404	5	626	29
404	5	1252	27
404	5	2087	28
405	5	887	29
405	5	1461	27
405	5	2295	28
406	5	417	24
406	5	574	29
406	5	1304	27
407	5	939	29
407	5	1252	27
407	5	1722	28
409	5	887	29
409	5	1617	27
410	5	834	29
410	5	1617	27
410	5	2139	28
411	5	365	24
411	5	626	29
411	5	1043	27
411	5	1878	30
412	5	365	24
412	5	678	29
412	5	991	27
412	5	1774	30
412	5	2139	25
413	5	365	24
413	5	574	29
413	5	939	27
413	5	1722	30
413	5	2087	28
414	5	469	29
414	5	887	27
414	5	1461	28
415	5	417	24
415	5	626	29
415	5	1356	27
416	5	1148	29
416	5	1878	27
417	5	417	24
417	5	626	29
417	5	1669	27
418	5	417	24
418	5	678	29
418	5	1200	27
418	5	2139	30
419	5	365	29
419	5	782	27
419	5	1304	28
420	5	678	29
420	5	1148	27
420	5	1878	28
421	5	1774	29
421	5	2087	27
422	5	626	29
422	5	1774	27
423	5	887	29
423	5	1200	27
423	5	1617	28
424	5	417	24
424	5	574	29
424	5	1095	27
424	5	1930	30
424	5	2243	25
425	5	469	24
425	5	887	29
425	5	1930	27
426	5	939	29
426	5	1252	27
426	5	1617	28
426	5	2243	24
427	5	1930	29
427	5	2295	27
428	5	365	24
428	5	626	29
429	5	521	29
429	5	887	27
429	5	1461	28
430	5	365	24
430	5	574	29
430	5	1461	27
431	5	365	24
431	5	574	29
431	5	939	27
432	5	417	24
432	5	834	29
432	5	1148	27
432	5	2295	30
433	5	469	24
433	5	991	28
433	5	1200	29
434	5	365	24
434	5	782	29
434	5	1148	27
434	5	1982	28
434	5	2035	30
435	5	365	24
435	5	574	29
435	5	991	27
436	5	365	24
436	5	626	29
436	5	991	27
437	5	365	24
437	5	678	29
437	5	1878	27
438	5	521	29
438	5	991	27
438	5	1461	28
439	5	782	29
439	5	1565	27
440	5	521	29
440	5	991	27
440	5	2191	28
441	5	1513	29
442	5	521	24
442	5	1043	28
442	5	1252	29
443	5	574	29
444	5	1408	29
445	5	365	24
445	5	574	29
445	5	1304	27
446	5	574	24
446	5	1304	28
446	5	1513	29
447	5	1356	29
447	5	1878	27
448	5	782	29
448	5	2139	27
449	5	1930	29
450	5	2035	29
451	5	574	29
451	5	1095	27
451	5	1461	28
451	5	2035	24
452	5	417	24
452	5	834	29
452	5	2035	27
453	5	365	24
453	5	574	29
453	5	991	27
453	5	1826	30
454	5	1148	29
454	5	1826	27
455	5	939	29
455	5	1252	27
455	5	1722	28
456	5	1148	29
456	5	1461	27
456	5	2243	28
457	5	574	29
457	5	1095	27
458	5	1461	29
459	5	678	29
459	5	2087	27
460	5	365	24
460	5	574	29
460	5	1878	27
461	5	365	24
461	5	521	29
461	5	1148	27
462	5	469	29
462	5	834	27
462	5	1826	28
463	5	469	24
463	5	782	29
463	5	1200	27
463	5	2087	30
464	5	678	29
464	5	1148	27
464	5	1722	28
465	5	365	24
465	5	574	29
465	5	1826	27
466	5	365	24
466	5	626	29
466	5	991	27
467	5	365	24
467	5	574	29
467	5	1669	27
468	5	365	24
468	5	574	29
468	5	991	27
469	5	365	24
469	5	521	29
469	5	887	27
469	5	2139	30
470	5	1200	29
470	5	2035	27
471	5	939	29
471	5	1565	27
471	5	2139	28
472	5	365	24
472	5	782	29
473	5	521	29
473	5	1043	27
473	5	1722	28
474	5	417	24
474	5	574	29
474	5	1148	27
475	5	782	29
475	5	1669	27
475	5	2243	28
476	5	1148	29
476	5	1930	27
477	5	782	29
478	5	521	24
478	5	991	28
478	5	1200	29
480	5	574	29
480	5	1304	27
481	5	417	24
481	5	782	29
481	5	1200	27
481	5	1982	30
481	5	2295	28
482	5	469	24
482	5	782	29
482	5	2087	27
483	5	1461	29
484	5	1930	29
484	5	2295	27
485	5	991	29
485	5	1565	27
486	5	1148	29
486	5	1461	27
486	5	2035	28
487	5	365	24
487	5	678	29
487	5	991	27
488	5	1148	29
488	5	1461	27
489	5	365	24
489	5	574	29
489	5	939	27
489	5	1826	30
490	5	626	29
490	5	1095	27
490	5	1461	28
490	5	2087	24
491	5	521	24
491	5	678	29
491	5	1826	27
491	5	2139	28
492	5	834	29
492	5	1200	27
492	5	1669	28
492	5	2295	24
493	5	574	29
494	5	365	24
494	5	887	29
495	5	626	29
495	5	1095	27
495	5	1513	28
496	5	469	29
496	5	991	27
496	5	1513	28
496	5	2191	24
497	5	365	24
497	5	574	29
498	5	469	24
498	5	678	29
498	5	1774	27
499	5	469	24
499	5	678	29
500	5	365	24
500	5	574	29
500	5	991	27
500	5	1774	30
501	5	1148	29
501	5	1565	27
501	5	2191	28
502	5	574	29
502	5	1095	27
502	5	1982	28
503	5	365	24
503	5	574	29
503	5	939	27
503	5	1774	30
503	5	2035	28
504	5	2295	29
505	5	1148	29
505	5	1565	27
505	5	2295	28
506	5	887	29
506	5	1356	27
507	5	1461	29
507	5	2139	27
508	5	365	24
508	5	626	29
508	5	1043	27
508	5	2035	30
510	5	1774	29
510	5	2139	27
512	5	782	29
512	5	1148	27
512	5	1565	28
512	5	2191	24
513	5	782	29
513	5	1200	27
513	5	1722	28
514	5	417	24
514	5	626	29
514	5	1513	27
515	5	365	24
515	5	574	29
515	5	939	27
516	5	1148	29
516	5	1617	27
516	5	2139	28
517	5	1148	29
517	5	1513	27
517	5	2087	28
518	5	834	29
518	5	1200	27
519	5	417	24
519	5	782	29
519	5	1252	27
520	5	469	24
520	5	574	29
520	5	2035	27
521	5	365	24
521	5	574	29
521	5	991	27
522	5	521	24
522	5	991	28
522	5	1200	29
523	5	365	24
523	5	626	29
523	5	1304	27
524	5	1930	29
525	5	417	24
525	5	678	29
525	5	1200	27
525	5	2035	30
526	5	1774	29
526	5	2087	27
527	5	365	24
527	5	574	29
527	5	939	27
528	5	365	24
528	5	574	29
528	5	939	27
529	5	365	24
529	5	574	29
529	5	991	27
529	5	1722	28
529	5	1774	30
530	5	1095	29
530	5	1408	27
530	5	1878	28
531	5	939	29
531	5	1252	27
531	5	1617	28
532	5	782	29
532	5	1200	27
533	5	1774	29
533	5	2243	27
534	5	365	24
534	5	574	29
534	5	991	27
534	5	2035	30
535	5	1408	29
536	5	1148	29
536	5	1722	27
536	5	2243	28
537	5	469	24
537	5	834	29
537	5	1408	27
538	5	365	24
538	5	626	29
538	5	991	27
539	5	365	24
539	5	574	29
539	5	939	27
540	5	1774	29
540	5	2243	27
541	5	417	24
541	5	574	29
541	5	1826	27
542	5	834	29
542	5	1252	27
543	5	939	29
543	5	1304	27
543	5	1669	28
544	5	469	29
544	5	834	27
544	5	1304	28
544	5	2087	30
545	5	574	29
545	5	1982	27
546	5	991	29
546	5	1356	27
547	5	469	24
547	5	887	29
547	5	1304	27
547	5	2139	28
547	5	2243	30
548	5	1148	29
549	5	1148	29
549	5	1461	27
550	5	365	24
550	5	626	29
550	5	991	27
550	5	1878	30
550	5	2139	28
551	5	365	24
551	5	574	29
551	5	1095	27
551	5	1930	30
552	5	1148	29
552	5	1617	27
553	5	574	29
553	5	1148	27
553	5	1930	28
554	5	365	24
554	5	574	29
554	5	939	27
555	5	365	24
555	5	574	29
555	5	991	27
555	5	1722	28
555	5	1774	30
555	5	2243	25
556	5	626	29
556	5	1095	27
556	5	1461	28
557	5	1200	29
557	5	2191	27
558	5	365	24
558	5	574	29
558	5	1878	27
559	5	834	29
559	5	1200	27
559	5	1669	28
560	5	1148	29
560	5	1774	27
561	5	626	29
561	5	1408	27
562	5	782	29
562	5	1200	27
562	5	1669	28
563	5	574	29
563	5	1043	27
563	5	1408	28
564	5	1148	29
564	5	1722	27
564	5	2243	28
565	5	417	24
565	5	678	29
565	5	1148	27
565	5	1982	28
565	5	2035	30
566	5	365	24
566	5	574	29
566	5	1669	27
567	5	574	29
567	5	1148	27
568	5	365	24
568	5	626	29
568	5	991	27
569	5	678	29
569	5	1148	27
569	5	1722	28
570	5	1148	29
570	5	1461	27
571	5	365	24
571	5	521	29
571	5	991	27
572	5	1200	29
572	5	1826	27
573	5	2243	29
574	5	469	24
574	5	991	28
574	5	1200	29
575	5	365	24
575	5	521	29
575	5	939	27
575	5	1774	30
575	5	2243	28
576	5	939	29
576	5	1356	27
576	5	2295	28
577	5	365	24
577	5	782	29
577	5	1095	27
578	5	834	29
578	5	1461	27
578	5	2243	28
579	5	574	29
580	5	1826	29
581	5	887	29
581	5	1200	27
581	5	1722	28
581	5	2295	24
582	5	574	29
582	5	1148	27
582	5	1930	28
583	5	365	24
583	5	626	29
583	5	991	27
583	5	1722	28
583	5	1774	30
584	5	365	24
584	5	782	29
585	5	365	24
585	5	574	29
585	5	939	27
585	5	1722	30
586	5	521	29
586	5	1043	27
586	5	1408	28
587	5	365	24
587	5	574	29
587	5	939	27
587	5	1878	30
588	5	417	24
588	5	626	29
588	5	1461	27
589	5	417	24
589	5	834	29
589	5	1304	27
590	5	417	24
590	5	626	29
590	5	1304	27
591	5	1356	29
591	5	1878	27
593	5	521	29
593	5	991	27
594	5	574	29
594	5	1252	27
594	5	1982	28
595	5	365	24
595	5	626	29
595	5	1043	27
595	5	1982	30
595	5	2243	28
596	5	574	29
596	5	1043	27
596	5	1565	28
597	5	574	24
597	5	1252	28
597	5	1461	29
598	5	365	24
598	5	521	29
598	5	939	27
599	5	365	24
599	5	626	29
599	5	939	27
600	5	1461	29
600	5	1930	27
601	5	469	24
601	5	678	29
601	5	1669	27
602	5	1095	29
602	5	1722	27
603	5	574	29
604	5	626	29
604	5	1095	27
604	5	1722	28
604	5	2295	24
605	5	939	29
605	5	1304	27
606	5	521	24
606	5	991	28
606	5	1200	29
607	5	365	24
607	5	574	29
607	5	1148	27
608	5	417	24
608	5	834	29
608	5	1304	27
610	5	2035	29
611	5	574	29
611	5	1095	27
611	5	1930	28
612	5	939	29
612	5	1252	27
612	5	1774	28
613	5	1095	29
613	5	2087	27
614	5	991	29
614	5	1304	27
615	5	678	29
615	5	1252	27
616	5	887	29
616	5	1252	27
617	5	1774	29
617	5	2139	27
618	5	1826	29
619	5	782	29
619	5	1513	27
620	5	365	24
620	5	574	29
620	5	2139	27
621	5	782	29
621	5	1148	27
621	5	1565	28
622	5	365	24
622	5	574	29
622	5	939	27
623	5	939	29
623	5	1565	27
624	5	417	24
624	5	782	29
624	5	2191	27
625	5	939	29
625	5	1252	27
625	5	1669	28
626	5	365	29
626	5	782	27
626	5	1356	28
627	5	469	24
627	5	887	29
627	5	1408	27
628	5	469	24
628	5	939	28
628	5	1148	29
629	5	678	29
629	5	1722	27
629	5	2243	28
630	5	626	29
630	5	1148	27
630	5	1982	28
631	5	521	29
631	5	991	27
631	5	1461	28
632	5	365	24
632	5	574	29
632	5	887	27
633	5	1408	29
633	5	1930	27
634	5	991	29
634	5	1356	27
635	5	1200	29
635	5	1565	27
636	5	2035	29
637	5	834	29
638	5	1722	29
638	5	2035	27
639	5	365	24
639	5	521	29
639	5	1148	27
639	5	1982	30
640	5	574	29
640	5	2035	27
641	5	469	29
641	5	887	27
642	5	991	29
642	5	1356	27
643	5	2087	29
644	5	417	24
644	5	834	29
645	5	574	29
645	5	1095	27
645	5	1565	28
646	5	417	24
646	5	574	29
646	5	1095	27
647	5	1200	29
648	5	574	29
648	5	1095	27
648	5	1722	28
649	5	417	24
649	5	782	29
649	5	1356	27
650	5	1356	29
650	5	1826	27
650	5	2243	28
651	5	469	24
651	5	834	29
652	5	469	24
652	5	939	28
652	5	1148	29
653	5	469	24
653	5	678	29
653	5	1461	27
653	5	2035	28
654	5	626	29
654	5	1565	27
655	5	574	29
655	5	1095	27
655	5	1774	28
656	5	521	29
656	5	939	27
656	5	1617	28
657	5	417	24
657	5	782	29
658	5	417	24
658	5	678	29
658	5	1252	27
658	5	2243	30
659	5	991	29
659	5	1304	27
659	5	2035	28
660	5	626	29
660	5	1826	27
661	5	417	24
661	5	626	29
661	5	1252	27
662	5	574	29
662	5	1043	27
662	5	1565	28
663	5	887	29
663	5	1304	27
664	5	365	24
664	5	574	29
664	5	1200	27
664	5	2087	30
665	5	365	24
665	5	574	29
665	5	1304	27
666	5	365	24
666	5	574	29
666	5	991	27
667	5	365	24
667	5	626	29
668	5	782	29
668	5	1252	27
668	5	1878	28
669	5	626	29
669	5	1148	27
669	5	1774	28
670	5	678	29
670	5	1200	27
670	5	1930	28
671	5	887	29
672	5	626	29
672	5	1408	27
672	5	2191	28
673	5	574	29
673	5	1200	27
674	5	574	29
674	5	1043	27
674	5	1565	28
675	5	887	29
675	5	1200	27
675	5	1617	28
676	5	365	24
676	5	574	29
676	5	1095	27
676	5	2035	30
677	5	626	29
677	5	1095	27
677	5	1513	28
678	5	417	24
678	5	574	29
678	5	1617	27
679	5	991	29
679	5	1617	27
680	5	834	29
680	5	1148	27
680	5	1565	28
681	5	782	29
681	5	1565	27
682	5	469	29
682	5	834	27
682	5	1930	28
683	5	991	29
683	5	1513	27
684	5	887	29
684	5	1200	27
684	5	1565	28
685	5	469	29
685	5	887	27
685	5	2295	28
686	5	417	24
686	5	678	29
687	5	1200	29
687	5	1669	27
688	5	991	29
688	5	1461	27
688	5	2191	28
689	5	991	29
689	5	1356	27
690	5	521	29
690	5	887	27
691	5	365	24
691	5	626	29
691	5	1200	27
691	5	2139	28
691	5	2191	30
692	5	469	29
692	5	939	27
692	5	1304	28
693	5	521	29
693	5	991	27
693	5	1461	28
694	5	417	24
694	5	834	29
694	5	1461	27
695	5	365	24
695	5	521	29
695	5	939	27
696	5	678	29
696	5	1408	27
697	5	417	24
697	5	678	29
697	5	1304	27
698	5	1252	29
698	5	1826	27
698	5	2243	28
699	5	521	29
699	5	1043	27
699	5	1669	28
700	5	469	29
700	5	887	27
701	5	678	29
701	5	1095	27
701	5	1565	28
701	5	2295	24
702	5	521	29
702	5	939	27
703	5	417	24
703	5	782	29
703	5	1200	27
704	5	1774	29
705	5	782	29
705	5	1304	27
705	5	1878	28
706	5	365	24
706	5	574	29
706	5	991	27
707	5	417	24
707	5	678	29
707	5	1826	27
708	5	939	29
708	5	1252	27
708	5	1669	28
709	5	417	24
709	5	626	29
709	5	1252	27
710	5	417	24
710	5	887	29
710	5	1200	27
711	5	939	29
711	5	1252	27
711	5	1774	28
712	5	626	29
712	5	1148	27
713	5	1408	29
714	5	365	24
714	5	626	29
714	5	991	27
715	5	574	29
715	5	1148	27
715	5	2139	28
716	5	365	24
716	5	574	29
716	5	939	27
717	5	887	29
717	5	1200	27
717	5	1565	28
717	5	2191	24
718	5	417	24
718	5	782	29
719	5	678	29
719	5	1617	27
720	5	1774	29
720	5	2295	27
721	5	574	29
721	5	1043	27
721	5	1617	28
722	5	365	24
722	5	574	29
722	5	939	27
722	5	1722	30
723	5	574	29
723	5	1408	27
724	5	574	29
724	5	1930	27
725	5	469	24
725	5	782	29
725	5	1304	27
726	5	521	29
726	5	1043	27
726	5	1408	28
727	5	1095	29
727	5	1669	27
728	5	1722	29
728	5	2035	27
729	5	417	24
729	5	782	29
729	5	2087	27
730	5	521	24
730	5	1095	28
730	5	1356	29
731	5	365	24
731	5	626	29
731	5	939	27
732	5	469	24
732	5	626	29
732	5	2035	27
733	5	417	24
733	5	782	29
733	5	1252	27
734	5	365	24
734	5	626	29
734	5	991	27
735	5	1774	29
735	5	2191	27
736	5	887	29
736	5	1356	27
737	5	417	24
737	5	626	29
737	5	1304	27
737	5	2243	28
738	5	469	24
738	5	626	29
738	5	1252	27
738	5	2035	28
738	5	2087	30
739	5	939	29
739	5	1304	27
741	5	469	29
741	5	887	27
742	5	365	24
742	5	574	29
742	5	939	27
742	5	1930	30
742	5	2191	28
743	5	365	24
743	5	521	29
743	5	991	27
744	5	991	29
744	5	1304	27
744	5	1722	28
745	5	782	29
745	5	1878	27
746	5	1148	29
746	5	1461	27
747	5	521	24
747	5	1095	28
747	5	1356	29
748	5	1826	29
749	5	991	29
749	5	2087	27
750	5	469	24
750	5	574	29
750	5	2139	27
751	5	887	29
752	5	626	29
752	5	1095	27
752	5	1617	28
752	5	2243	24
753	5	365	24
753	5	574	29
753	5	1095	27
753	5	2087	28
753	5	2191	30
754	5	365	24
754	5	574	29
754	5	1200	27
755	5	365	24
755	5	678	29
755	5	1513	27
756	5	365	24
756	5	574	29
756	5	1095	27
756	5	1930	30
756	5	2243	28
757	5	1356	29
757	5	1878	27
758	5	365	24
758	5	574	29
758	5	939	27
759	5	1148	29
759	5	1617	27
760	5	521	29
760	5	991	27
761	5	574	29
761	5	1148	27
761	5	1982	28
762	5	469	24
762	5	887	29
762	5	1513	27
763	5	991	29
763	5	1356	27
763	5	1878	28
764	5	521	24
764	5	887	29
765	5	365	24
765	5	678	29
765	5	1774	27
766	5	417	24
766	5	782	29
767	5	939	29
767	5	1356	27
767	5	1930	28
768	5	1252	29
768	5	1774	27
769	5	574	29
769	5	1826	27
770	5	1774	29
770	5	2295	27
771	5	939	29
771	5	1304	27
772	5	626	29
772	5	1826	27
773	5	1252	29
773	5	1669	27
774	5	365	24
774	5	521	29
774	5	1095	27
775	5	939	29
775	5	1774	27
776	5	365	24
776	5	574	29
776	5	939	27
776	5	2139	30
777	5	1774	29
777	5	2295	27
778	5	417	24
778	5	626	29
778	5	1826	27
779	5	1774	29
779	5	2139	27
780	5	469	24
780	5	1095	28
780	5	1356	29
781	5	469	24
781	5	521	29
781	5	1356	27
782	5	469	29
782	5	939	27
782	5	2191	28
783	5	1252	29
783	5	1878	27
784	5	365	24
784	5	626	29
784	5	1826	27
785	5	469	24
785	5	678	29
785	5	2191	27
786	5	574	29
786	5	2139	27
787	5	1148	29
787	5	1669	27
787	5	2191	28
788	5	365	24
788	5	678	29
788	5	1461	27
789	5	939	29
789	5	1252	27
789	5	1669	28
790	5	626	29
790	5	1200	27
790	5	2035	28
791	5	1148	29
791	5	1774	27
792	5	417	24
792	5	678	29
793	5	365	24
793	5	626	29
793	5	991	27
794	5	365	24
794	5	521	29
794	5	991	27
795	5	1200	29
795	5	1878	27
796	5	1148	29
796	5	1617	27
797	5	365	24
797	5	678	29
797	5	1982	27
798	5	834	29
798	5	1408	27
798	5	2035	28
799	5	2295	29
800	5	1148	29
800	5	1513	27
801	5	1148	29
801	5	1617	27
801	5	2087	28
802	5	469	29
802	5	887	27
802	5	1669	28
803	5	469	24
803	5	887	29
803	5	1356	27
804	5	469	29
804	5	939	27
804	5	1878	28
805	5	2243	29
806	5	1200	29
806	5	1669	27
807	5	365	24
807	5	574	29
807	5	939	27
807	5	1722	30
808	5	1774	29
808	5	2243	27
809	5	1565	29
809	5	1982	27
810	5	365	24
810	5	626	29
810	5	939	27
811	5	365	24
811	5	574	29
811	5	991	27
812	5	365	29
812	5	730	27
812	5	1304	28
813	5	521	24
813	5	887	29
814	5	521	24
814	5	2087	28
815	5	365	24
815	5	574	29
816	5	939	29
816	5	1304	27
816	5	2139	28
817	5	1982	29
818	5	521	29
818	5	939	27
818	5	1722	28
819	5	1200	29
819	5	1774	27
820	5	574	29
820	5	1774	27
821	5	991	29
821	5	1408	27
821	5	2139	28
822	5	365	24
822	5	574	29
822	5	939	27
823	5	365	24
823	5	574	29
823	5	991	27
823	5	1930	30
823	5	2191	28
824	5	887	29
824	5	1200	27
824	5	1617	28
825	5	782	29
825	5	1200	27
825	5	1617	28
826	5	678	29
826	5	1148	27
826	5	1722	28
827	5	626	29
827	5	1878	27
828	5	1148	29
828	5	1461	27
828	5	2035	28
829	5	1774	29
829	5	2139	27
830	5	939	29
830	5	1356	27
831	5	417	24
831	5	782	29
831	5	1200	27
831	5	2035	30
832	5	417	24
832	5	678	29
832	5	1095	27
832	5	1930	30
832	5	2191	28
833	5	991	29
833	5	1408	27
834	5	417	24
834	5	626	29
834	5	1148	27
834	5	2087	28
834	5	2139	30
835	5	469	24
835	5	939	28
835	5	1148	29
836	5	1930	29
837	5	939	29
837	5	1513	27
837	5	2139	28
838	5	365	24
838	5	626	29
838	5	1148	27
838	5	2243	28
839	5	1200	29
839	5	1565	27
839	5	2087	28
840	5	365	24
840	5	521	29
840	5	939	27
840	5	1722	30
841	5	417	24
841	5	782	29
842	5	574	29
842	5	1095	27
842	5	1669	28
843	5	365	24
843	5	574	29
843	5	991	27
843	5	1774	30
843	5	2035	28
844	5	991	29
844	5	1617	27
845	5	1095	29
845	5	1461	27
846	5	1200	29
846	5	1617	27
847	5	991	29
847	5	1356	27
847	5	1826	28
848	5	365	24
848	5	521	29
848	5	939	27
849	5	1722	29
850	5	365	24
850	5	626	29
850	5	1095	27
850	5	1930	30
851	5	2035	29
852	5	678	29
853	5	1148	29
853	5	1826	27
853	5	2243	28
854	5	939	29
854	5	1252	27
854	5	1617	28
855	5	469	29
855	5	834	27
856	5	521	24
856	5	626	29
857	5	1095	29
857	5	1722	27
858	5	574	24
858	5	991	28
858	5	1200	29
859	5	574	29
860	5	1408	29
861	5	417	24
861	5	782	29
862	5	1356	29
862	5	1826	27
863	5	417	24
863	5	782	29
863	5	1200	27
864	5	365	24
864	5	574	29
864	5	991	27
864	5	1982	30
864	5	2243	28
865	5	365	24
865	5	626	29
865	5	1513	27
866	5	365	24
866	5	574	29
866	5	991	27
867	5	574	29
867	5	1148	27
868	5	417	24
868	5	678	29
868	5	1513	27
869	5	782	29
869	5	1148	27
869	5	1565	28
870	5	939	29
870	5	1304	27
871	5	991	29
871	5	1304	27
871	5	1930	28
873	5	365	24
873	5	626	29
873	5	991	27
873	5	1930	30
875	5	365	29
875	5	834	27
875	5	1617	28
876	5	365	24
876	5	626	29
877	5	365	24
877	5	574	29
877	5	939	27
877	5	1774	30
878	5	991	29
878	5	1461	27
878	5	2087	28
879	5	521	29
879	5	939	27
879	5	2191	28
880	5	365	24
880	5	574	29
880	5	939	27
881	5	678	29
882	5	1148	29
882	5	1461	27
883	5	1461	29
883	5	1982	27
884	5	417	24
884	5	678	29
884	5	1878	27
885	5	365	24
885	5	626	29
885	5	1043	27
885	5	2295	30
886	5	782	29
886	5	1408	27
886	5	2243	28
887	5	469	24
887	5	782	29
887	5	1722	27
888	5	782	29
888	5	2295	27
889	5	1148	29
889	5	1617	27
890	5	1148	29
890	5	1461	27
890	5	1930	28
891	5	417	24
891	5	782	29
891	5	1722	27
892	5	1356	29
892	5	1826	27
892	5	2295	28
893	5	417	24
893	5	782	29
894	5	469	24
894	5	834	29
894	5	2087	27
895	5	521	29
895	5	939	27
895	5	1930	28
896	5	417	24
896	5	574	29
897	5	417	24
897	5	574	29
897	5	1252	27
898	5	417	24
898	5	782	29
898	5	1148	27
899	5	365	24
899	5	574	29
899	5	1148	27
900	5	678	29
900	5	1252	27
900	5	2035	28
901	5	365	24
901	5	626	29
901	5	939	27
902	5	626	29
902	5	1095	27
902	5	1513	28
903	5	365	29
903	5	782	27
903	5	1356	28
905	5	939	29
905	5	1461	27
906	5	365	24
906	5	574	29
907	5	1774	29
908	5	365	24
908	5	678	29
908	5	1304	27
909	5	1774	29
909	5	2139	27
910	5	939	29
910	5	1304	27
910	5	2087	28
911	5	678	29
911	5	2295	27
912	5	417	24
912	5	782	29
913	5	1148	29
913	5	1461	27
913	5	2087	28
914	5	574	29
914	5	1095	27
914	5	1565	28
915	5	991	29
915	5	1461	27
916	5	365	24
916	5	574	29
916	5	1200	27
917	5	574	29
917	5	991	27
917	5	2139	28
918	5	1095	29
918	5	1408	27
919	5	1095	29
919	5	1722	27
920	5	574	29
920	5	1408	27
921	5	574	29
921	5	2295	27
922	5	521	29
922	5	991	27
922	5	1930	28
923	5	991	29
923	5	1513	27
924	5	417	24
924	5	834	29
924	5	1148	27
925	5	417	24
925	5	626	29
926	5	469	24
926	5	887	29
926	5	1304	27
926	5	2243	28
927	5	626	29
927	5	1148	27
927	5	1669	28
929	5	469	24
929	5	626	29
929	5	1356	27
930	5	1200	29
931	5	365	24
931	5	574	29
931	5	1043	27
931	5	1826	30
932	5	939	29
932	5	1356	27
932	5	1878	28
933	5	1095	29
933	5	1408	27
933	5	1878	28
934	5	834	29
934	5	1252	27
935	5	365	29
935	5	730	27
935	5	1722	28
936	5	574	29
936	5	1408	27
936	5	2243	28
937	5	626	29
937	5	1878	27
937	5	2243	28
938	5	834	29
938	5	1252	27
938	5	1930	28
939	5	939	29
939	5	1722	27
940	5	469	29
940	5	939	27
940	5	1408	28
941	5	365	24
941	5	574	29
941	5	1043	27
941	5	2087	30
942	5	365	24
942	5	521	29
942	5	1043	27
942	5	2139	30
943	5	574	29
943	5	2191	27
944	5	574	29
944	5	1043	27
944	5	1878	28
945	5	1252	29
946	5	574	29
946	5	1095	27
946	5	1826	28
947	5	417	24
947	5	626	29
947	5	1095	27
947	5	1826	30
947	5	2087	28
948	5	365	24
948	5	626	29
948	5	1252	27
949	5	365	24
949	5	469	29
949	5	939	27
949	5	1722	30
950	5	365	24
950	5	626	29
950	5	939	27
951	5	1826	29
952	5	1722	29
953	5	365	24
953	5	626	29
953	5	1200	27
954	5	365	24
954	5	626	29
954	5	939	27
955	5	1930	29
956	5	574	29
956	5	2139	27
957	5	1148	29
958	5	887	29
958	5	1774	27
959	5	2035	29
960	5	521	24
960	5	939	28
960	5	1148	29
961	5	469	24
961	5	834	29
961	5	1513	27
962	5	1826	29
962	5	2191	27
963	5	417	24
963	5	626	29
963	5	1982	27
964	5	417	24
964	5	834	29
964	5	1982	30
964	5	2243	28
965	5	678	29
965	5	1148	27
965	5	2295	28
966	5	365	24
966	5	521	29
966	5	1513	27
967	5	1095	29
968	5	469	29
968	5	939	27
968	5	1982	28
969	5	521	29
969	5	991	27
969	5	1617	28
971	5	417	24
971	5	574	29
971	5	1304	27
972	5	365	24
972	5	574	29
972	5	939	27
972	5	1826	30
972	5	2139	28
973	5	521	29
973	5	939	27
974	5	469	29
974	5	887	27
975	5	1095	29
975	5	1565	27
976	5	521	29
976	5	939	27
976	5	1408	28
977	5	1565	29
977	5	2295	27
978	5	365	24
978	5	678	29
978	5	1252	27
979	5	1148	29
979	5	1461	27
979	5	1930	28
980	5	1461	29
980	5	2087	27
981	5	782	29
981	5	1095	27
981	5	1513	28
982	5	417	24
982	5	626	29
983	5	365	24
983	5	521	29
983	5	991	27
984	5	834	29
984	5	1200	27
984	5	1722	28
985	5	991	29
985	5	1304	27
985	5	1669	28
986	5	2087	29
986	5	2139	28
987	5	939	29
987	5	1565	27
988	5	469	24
988	5	939	28
988	5	1148	29
989	5	365	24
989	5	574	29
989	5	991	27
990	5	1513	29
990	5	1982	27
992	5	1565	29
993	5	678	29
994	5	1774	29
994	5	2243	27
995	5	365	24
995	5	574	29
995	5	939	27
996	5	991	29
996	5	1513	27
997	5	2139	29
998	5	469	29
998	5	834	27
998	5	1304	28
998	5	2035	30
998	5	2295	24
999	5	1148	29
999	5	1722	27
