Realization	utility	week	infra.
0	0	678	29
0	0	991	30
1	0	678	29
1	0	991	30
2	0	521	29
3	0	1461	30
4	0	626	29
4	0	1982	30
5	0	678	29
6	0	678	29
7	0	887	29
8	0	887	29
9	0	1356	29
10	0	574	29
12	0	2035	29
13	0	2035	29
14	0	521	29
15	0	521	29
16	0	626	29
17	0	626	29
18	0	626	30
19	0	1878	29
20	0	574	29
21	0	469	29
22	0	939	29
23	0	626	29
24	0	521	29
25	0	1722	29
26	0	782	29
27	0	574	29
28	0	834	29
29	0	782	29
30	0	1565	30
31	0	678	29
32	0	1148	30
33	0	574	29
34	0	521	29
35	0	626	29
36	0	730	29
37	0	730	29
38	0	678	29
39	0	678	29
40	0	626	29
40	0	1930	30
41	0	782	29
42	0	678	29
43	0	521	29
44	0	1774	29
45	0	678	29
46	0	626	29
47	0	834	29
48	0	2087	29
49	0	574	29
50	0	1722	29
51	0	1774	29
52	0	887	29
53	0	678	29
53	0	2139	30
55	0	730	29
56	0	1356	29
57	0	574	29
57	0	1774	30
58	0	678	29
59	0	574	29
60	0	1252	29
61	0	678	29
62	0	626	29
63	0	834	29
64	0	2295	29
65	0	521	29
66	0	1565	30
67	0	730	29
68	0	1669	29
69	0	626	29
70	0	626	29
71	0	1356	29
72	0	1982	29
73	0	1774	29
74	0	626	29
75	0	678	29
76	0	1617	29
77	0	1617	29
78	0	1617	29
79	0	730	29
80	0	782	29
81	0	574	29
82	0	678	29
83	0	887	29
84	0	678	29
85	0	1669	29
86	0	834	29
87	0	469	29
87	0	1878	30
88	0	678	29
89	0	678	29
90	0	1565	30
91	0	678	29
92	0	574	29
93	0	1617	29
94	0	1774	29
95	0	782	29
96	0	939	29
97	0	1722	29
98	0	1722	29
99	0	1461	29
100	0	1722	29
101	0	782	29
102	0	678	29
103	0	834	29
104	0	521	29
105	0	2139	29
106	0	782	29
106	0	2087	30
107	0	626	29
108	0	626	29
109	0	1513	30
110	0	626	29
111	0	782	29
112	0	626	29
113	0	521	29
114	0	626	29
115	0	1669	29
116	0	1669	29
117	0	1669	29
118	0	1252	30
119	0	1617	30
120	0	782	29
121	0	1356	29
122	0	678	29
123	0	2087	29
124	0	678	29
125	0	626	29
126	0	521	29
126	0	1148	30
127	0	626	29
128	0	626	29
129	0	1304	29
130	0	521	29
131	0	626	29
132	0	626	29
133	0	782	29
134	0	1252	29
135	0	574	29
136	0	521	29
136	0	1095	30
137	0	730	29
138	0	626	29
138	0	1930	30
139	0	678	29
139	0	1878	30
140	0	1722	29
141	0	574	29
141	0	1774	30
142	0	626	29
143	0	1513	30
144	0	2243	29
145	0	1408	30
146	0	626	29
147	0	834	29
148	0	1669	29
149	0	626	29
150	0	521	29
151	0	1304	29
152	0	574	29
153	0	574	29
154	0	626	29
155	0	574	29
156	0	574	29
158	0	521	29
159	0	626	29
159	0	2243	30
160	0	782	29
161	0	1669	29
162	0	1200	30
163	0	1669	29
164	0	521	29
165	0	521	29
166	0	1878	29
167	0	626	29
169	0	678	29
170	0	626	29
170	0	1826	30
171	0	678	29
172	0	1200	30
173	0	1617	29
174	0	939	29
175	0	834	29
176	0	574	29
177	0	1826	29
179	0	626	29
180	0	2295	29
181	0	574	29
182	0	939	29
183	0	574	29
184	0	1304	29
185	0	782	29
187	0	887	29
188	0	2139	29
189	0	626	29
190	0	1408	29
191	0	678	29
192	0	678	29
193	0	574	29
194	0	678	29
196	0	574	29
196	0	1722	30
198	0	730	29
199	0	574	29
200	0	1252	30
201	0	1826	29
202	0	887	29
203	0	626	29
204	0	626	29
205	0	730	29
206	0	574	29
206	0	1148	30
207	0	678	29
208	0	574	29
210	0	574	29
211	0	1722	29
212	0	782	29
213	0	1722	29
214	0	834	29
215	0	1565	30
216	0	939	29
217	0	574	29
218	0	834	29
220	0	1669	29
221	0	678	29
222	0	887	29
223	0	626	29
224	0	730	29
225	0	626	29
225	0	2035	30
226	0	521	29
227	0	834	29
228	0	574	29
229	0	678	29
230	0	521	29
231	0	521	29
232	0	626	29
233	0	1513	30
235	0	1669	29
236	0	730	29
237	0	939	29
239	0	1408	29
240	0	626	29
240	0	2191	30
241	0	574	29
242	0	626	29
243	0	521	29
243	0	1878	30
244	0	521	29
245	0	1304	29
246	0	2243	29
247	0	2295	29
248	0	574	29
249	0	626	29
250	0	574	29
250	0	1982	30
251	0	782	29
252	0	2139	29
253	0	574	29
255	0	1356	29
256	0	521	29
257	0	1252	29
258	0	678	29
258	0	991	30
259	0	574	29
260	0	678	29
262	0	1252	30
263	0	782	29
264	0	730	29
265	0	678	29
266	0	574	29
267	0	574	29
268	0	1304	29
269	0	730	29
270	0	782	29
271	0	782	29
272	0	521	29
272	0	1878	30
274	0	1304	29
275	0	1669	29
277	0	2087	29
278	0	1669	29
279	0	1617	29
280	0	574	29
281	0	2139	29
282	0	1669	29
283	0	1617	29
284	0	626	29
284	0	1722	30
285	0	1513	30
286	0	574	29
286	0	2035	30
287	0	1565	30
288	0	678	29
289	0	2087	29
291	0	782	29
292	0	1617	29
293	0	574	29
293	0	1930	30
294	0	626	29
295	0	1304	30
296	0	574	29
297	0	678	29
298	0	834	29
299	0	626	29
300	0	1669	29
301	0	574	29
302	0	626	29
303	0	521	29
303	0	1722	30
304	0	574	29
306	0	626	30
307	0	521	29
308	0	574	29
309	0	574	29
309	0	1826	30
310	0	730	29
310	0	1930	30
311	0	939	29
312	0	887	29
313	0	730	29
314	0	1617	29
315	0	626	29
317	0	1356	30
318	0	1669	29
319	0	1356	29
320	0	1565	30
321	0	678	29
322	0	574	29
323	0	1982	29
324	0	1617	30
325	0	1461	30
326	0	626	29
327	0	1408	30
328	0	678	29
329	0	1669	29
330	0	678	29
331	0	678	29
332	0	678	29
333	0	626	29
334	0	1617	29
335	0	626	29
336	0	678	29
337	0	1513	29
338	0	1513	29
339	0	730	29
340	0	1513	30
341	0	1461	30
342	0	574	29
343	0	626	29
344	0	2191	29
345	0	574	29
346	0	678	29
347	0	730	29
348	0	626	29
349	0	626	29
351	0	626	29
352	0	782	29
353	0	678	29
354	0	521	29
354	0	1095	30
355	0	782	29
356	0	939	29
357	0	626	29
358	0	1304	29
360	0	626	29
361	0	574	29
362	0	2295	29
364	0	626	29
365	0	1669	29
366	0	730	29
367	0	574	29
368	0	626	29
368	0	1722	30
369	0	626	29
370	0	1878	29
371	0	574	29
372	0	730	29
373	0	834	29
374	0	1669	29
375	0	1461	30
376	0	626	29
377	0	1565	30
378	0	887	29
379	0	730	29
380	0	626	29
381	0	730	29
382	0	678	29
383	0	1617	29
384	0	678	29
385	0	782	29
386	0	678	29
387	0	574	29
387	0	2035	30
389	0	678	29
390	0	626	29
391	0	678	29
392	0	782	29
393	0	574	29
394	0	626	29
395	0	939	30
396	0	626	29
396	0	1722	30
397	0	1461	30
398	0	521	29
399	0	574	29
400	0	678	29
402	0	782	29
403	0	2243	29
404	0	730	29
405	0	1408	29
406	0	626	29
407	0	730	29
409	0	1617	29
410	0	1565	29
411	0	521	29
411	0	1774	30
412	0	678	29
412	0	1774	30
413	0	626	29
413	0	1722	30
414	0	626	29
415	0	730	29
416	0	1565	29
417	0	626	29
418	0	626	29
419	0	469	29
420	0	678	29
422	0	887	29
423	0	1095	30
424	0	574	29
424	0	1826	30
425	0	782	29
426	0	678	29
428	0	574	29
429	0	574	29
430	0	574	29
431	0	574	29
432	0	730	29
433	0	782	29
434	0	678	29
434	0	1774	30
435	0	521	29
436	0	678	29
436	0	2087	30
437	0	574	29
438	0	730	29
439	0	887	29
440	0	626	29
441	0	1722	29
442	0	730	29
443	0	939	29
444	0	1669	29
445	0	626	29
446	0	678	29
447	0	1669	29
448	0	1722	29
451	0	678	29
452	0	730	29
453	0	574	29
453	0	1148	30
454	0	1617	29
455	0	1252	30
456	0	1617	30
457	0	730	29
458	0	1513	29
459	0	2243	29
460	0	626	29
461	0	574	29
462	0	626	29
463	0	626	29
463	0	2087	30
464	0	1148	30
465	0	626	29
466	0	626	29
467	0	521	29
468	0	626	29
469	0	574	29
469	0	2191	30
470	0	1252	29
471	0	1252	29
472	0	574	29
473	0	574	29
474	0	574	29
475	0	939	29
476	0	1565	29
477	0	626	29
478	0	834	29
480	0	1252	29
481	0	626	29
481	0	1826	30
482	0	834	29
483	0	1826	29
485	0	1408	29
486	0	1356	30
487	0	626	29
488	0	1461	30
489	0	626	29
490	0	782	29
491	0	730	29
492	0	1252	30
493	0	939	30
494	0	574	29
495	0	1200	30
496	0	521	29
497	0	521	29
498	0	626	29
499	0	782	29
500	0	626	29
500	0	1722	30
501	0	1617	29
502	0	1200	30
503	0	626	29
503	0	1722	30
504	0	1774	29
505	0	1617	29
506	0	1252	29
507	0	1774	29
508	0	730	29
508	0	2191	30
512	0	1200	30
513	0	1252	29
514	0	678	29
515	0	574	29
515	0	2191	30
516	0	1669	29
517	0	1617	29
518	0	1304	30
519	0	574	29
520	0	626	29
521	0	626	29
522	0	1043	30
523	0	730	29
525	0	626	29
526	0	2139	29
527	0	574	29
528	0	626	29
529	0	678	29
529	0	991	30
530	0	1304	30
531	0	1304	30
532	0	939	29
534	0	678	29
534	0	991	30
535	0	1669	29
536	0	1565	29
537	0	730	29
538	0	574	29
539	0	626	29
540	0	678	29
541	0	521	29
542	0	887	29
543	0	1252	30
544	0	521	29
544	0	2087	30
545	0	626	29
546	0	1461	30
547	0	678	29
547	0	2243	30
548	0	1565	29
549	0	1408	30
550	0	626	30
551	0	521	29
551	0	1148	30
552	0	1617	29
553	0	730	29
554	0	521	29
555	0	574	29
555	0	1148	30
556	0	626	29
557	0	1617	29
558	0	469	29
559	0	1200	30
560	0	1617	29
561	0	1252	29
562	0	782	29
563	0	678	29
564	0	1617	29
565	0	626	29
565	0	1878	30
566	0	678	29
567	0	678	29
568	0	574	29
569	0	626	29
570	0	1356	30
571	0	574	29
572	0	1669	29
573	0	2139	29
574	0	782	29
575	0	574	29
575	0	1148	30
576	0	1565	30
577	0	678	29
578	0	574	29
579	0	626	29
580	0	1982	29
581	0	1304	30
582	0	730	29
583	0	678	29
583	0	1774	30
584	0	574	29
585	0	626	29
585	0	1722	30
586	0	574	29
587	0	521	29
587	0	1095	30
588	0	730	29
589	0	521	29
590	0	730	29
591	0	1669	29
593	0	574	29
594	0	678	29
595	0	626	29
595	0	1826	30
596	0	782	29
597	0	730	29
598	0	574	29
599	0	626	29
600	0	1669	29
601	0	678	29
602	0	1408	29
603	0	626	29
604	0	678	29
605	0	1304	29
606	0	626	29
607	0	574	29
608	0	521	29
611	0	626	29
612	0	782	29
613	0	1461	29
614	0	1408	30
615	0	834	29
616	0	939	29
617	0	2139	29
619	0	1408	29
620	0	626	29
621	0	1200	30
622	0	574	30
623	0	1461	29
624	0	521	29
625	0	1200	30
626	0	469	29
627	0	626	29
628	0	574	29
629	0	574	29
630	0	730	29
631	0	939	29
632	0	626	29
633	0	1722	29
634	0	1461	30
635	0	1669	29
637	0	1669	29
638	0	678	29
639	0	574	29
640	0	626	29
641	0	626	29
642	0	1304	30
644	0	678	29
645	0	678	29
646	0	626	29
646	0	1774	30
647	0	1565	29
648	0	834	29
649	0	834	29
650	0	1669	29
651	0	678	29
652	0	626	29
653	0	782	29
654	0	521	29
655	0	521	29
656	0	574	29
657	0	521	29
658	0	782	29
659	0	1513	30
660	0	1513	29
661	0	678	29
662	0	574	29
663	0	1304	29
664	0	678	29
664	0	2035	30
665	0	678	29
666	0	626	29
667	0	574	30
668	0	1304	29
669	0	1252	30
670	0	887	29
671	0	1722	29
672	0	1252	29
673	0	834	29
674	0	782	29
675	0	1252	29
676	0	626	29
676	0	1930	30
677	0	1095	30
678	0	626	29
679	0	1513	29
680	0	1304	29
681	0	939	29
682	0	521	29
683	0	1617	29
684	0	1200	30
685	0	678	29
686	0	626	29
687	0	1669	30
688	0	1617	29
689	0	1304	29
690	0	521	29
691	0	626	29
691	0	2243	30
692	0	730	29
693	0	626	29
694	0	834	30
695	0	574	29
696	0	782	29
697	0	574	29
698	0	1669	29
699	0	834	29
700	0	626	29
701	0	730	29
702	0	678	29
703	0	521	29
704	0	1982	29
705	0	730	29
706	0	574	29
707	0	626	29
708	0	1304	30
709	0	521	29
710	0	574	29
711	0	1356	29
712	0	678	29
714	0	730	29
715	0	678	29
716	0	626	29
717	0	834	29
718	0	521	29
719	0	574	29
720	0	1356	29
721	0	626	29
722	0	521	29
722	0	1722	30
723	0	834	29
724	0	730	29
725	0	834	30
726	0	521	29
727	0	1617	30
728	0	1930	29
729	0	730	29
730	0	626	29
731	0	574	29
732	0	730	29
733	0	626	29
734	0	521	29
736	0	834	29
737	0	626	29
738	0	574	29
738	0	2035	30
739	0	1304	29
741	0	782	29
742	0	626	29
742	0	1982	30
743	0	574	29
744	0	1304	30
745	0	1982	29
746	0	1669	30
747	0	887	30
749	0	626	29
750	0	678	29
751	0	1356	29
752	0	939	29
753	0	626	29
753	0	2035	30
754	0	626	29
755	0	626	29
756	0	626	29
756	0	1826	30
757	0	1669	29
758	0	626	29
759	0	1617	30
760	0	678	29
761	0	521	29
762	0	574	29
763	0	1617	29
764	0	834	29
765	0	521	29
766	0	678	29
767	0	1304	29
768	0	1669	29
769	0	678	29
770	0	2191	30
771	0	1252	30
772	0	1565	29
773	0	1669	29
774	0	574	29
775	0	574	29
776	0	521	29
776	0	2191	30
778	0	678	29
779	0	2191	29
780	0	678	29
781	0	574	29
782	0	574	29
783	0	1669	29
784	0	574	29
785	0	730	29
786	0	834	29
787	0	1669	29
788	0	521	29
789	0	1304	30
790	0	521	29
791	0	1617	29
792	0	730	30
793	0	626	30
794	0	574	29
795	0	2087	29
796	0	1669	29
797	0	782	29
798	0	834	29
800	0	1617	29
801	0	1617	30
802	0	574	29
803	0	626	29
804	0	574	29
806	0	1669	29
807	0	678	29
807	0	991	30
809	0	1878	29
810	0	626	30
811	0	574	29
812	0	521	29
812	0	2087	30
813	0	887	30
814	0	626	29
815	0	521	29
816	0	1356	30
818	0	626	29
819	0	1669	29
820	0	678	29
821	0	1617	30
822	0	574	29
823	0	678	29
823	0	991	30
824	0	1356	30
825	0	574	29
826	0	1252	30
827	0	626	29
828	0	1617	30
829	0	2243	29
830	0	1408	29
831	0	521	29
831	0	1982	30
832	0	730	29
832	0	1878	30
833	0	574	29
834	0	730	29
834	0	1982	30
835	0	730	29
837	0	782	29
838	0	521	29
839	0	1669	29
840	0	469	29
840	0	1043	30
841	0	678	29
842	0	1252	29
843	0	626	29
843	0	1722	30
844	0	1513	29
845	0	1617	29
846	0	1669	29
847	0	1617	30
848	0	521	29
850	0	574	29
850	0	1826	30
851	0	887	29
852	0	1356	29
853	0	1617	30
854	0	1095	30
855	0	574	29
856	0	730	29
857	0	1617	29
858	0	834	29
859	0	1513	29
860	0	1669	29
861	0	678	29
862	0	1669	29
863	0	521	29
864	0	574	29
864	0	2035	30
865	0	574	29
866	0	626	29
867	0	782	29
868	0	678	29
869	0	1252	29
870	0	1408	29
871	0	782	29
873	0	574	29
874	0	782	29
875	0	626	29
876	0	574	29
877	0	574	29
877	0	1148	30
878	0	1461	30
879	0	678	29
880	0	678	29
880	0	991	30
881	0	782	29
882	0	1408	30
883	0	1669	29
884	0	626	29
885	0	730	29
885	0	1095	30
886	0	678	29
887	0	782	29
888	0	834	29
889	0	1617	29
890	0	1408	30
891	0	834	29
892	0	1669	29
893	0	626	29
894	0	730	29
895	0	574	29
896	0	678	29
897	0	626	29
898	0	521	29
899	0	626	29
900	0	1304	29
901	0	626	29
902	0	939	29
903	0	574	29
904	0	1878	29
905	0	1408	29
906	0	521	29
907	0	2243	29
908	0	626	29
909	0	2139	29
910	0	1408	29
911	0	1252	29
912	0	730	30
913	0	1617	29
914	0	1148	30
915	0	1513	30
916	0	574	29
917	0	626	29
918	0	1304	30
919	0	1617	29
920	0	939	29
921	0	730	29
922	0	730	29
923	0	1617	29
924	0	574	29
925	0	678	29
926	0	574	29
927	0	730	29
929	0	678	29
930	0	939	29
931	0	574	29
931	0	1722	30
932	0	1200	30
933	0	1356	30
934	0	1304	29
935	0	626	29
936	0	782	29
937	0	1252	29
938	0	939	29
939	0	678	29
940	0	521	29
941	0	574	29
941	0	2139	30
942	0	521	29
943	0	521	29
944	0	782	29
945	0	1669	29
946	0	782	29
947	0	730	29
947	0	1826	30
948	0	626	29
949	0	521	29
949	0	1148	30
950	0	678	29
951	0	2087	29
952	0	2035	29
953	0	730	29
954	0	521	29
955	0	1304	29
956	0	574	29
957	0	1565	29
958	0	887	29
959	0	2035	29
960	0	678	29
961	0	626	29
963	0	730	29
964	0	521	29
964	0	2139	30
965	0	1408	29
966	0	574	29
967	0	730	29
968	0	521	29
969	0	626	29
971	0	626	29
972	0	574	29
972	0	1148	30
973	0	626	29
974	0	574	29
975	0	1617	29
976	0	678	29
977	0	1774	29
978	0	574	29
979	0	1513	30
980	0	1617	29
981	0	887	29
982	0	521	29
983	0	574	29
984	0	1095	30
985	0	1304	29
987	0	1617	29
988	0	678	29
989	0	574	29
990	0	1774	29
991	0	1461	29
992	0	1826	29
993	0	730	29
994	0	1826	29
995	0	626	29
996	0	1356	29
998	0	834	30
999	0	1669	29
0	1	626	11
0	1	678	29
0	1	991	30
1	1	626	11
1	1	678	29
1	1	991	30
2	1	521	29
3	1	1461	30
4	1	626	29
4	1	1982	30
5	1	678	29
6	1	678	29
7	1	887	29
8	1	887	29
9	1	1356	29
10	1	574	29
12	1	2035	29
13	1	2035	29
14	1	521	29
15	1	521	29
16	1	626	29
17	1	626	29
18	1	626	30
19	1	1878	29
20	1	574	29
21	1	469	29
22	1	939	29
23	1	626	29
24	1	521	29
25	1	1722	29
26	1	782	29
27	1	574	29
28	1	834	29
29	1	782	29
30	1	1565	30
31	1	678	29
32	1	1148	30
33	1	574	29
34	1	521	29
35	1	626	29
36	1	730	29
37	1	730	29
38	1	678	29
39	1	678	29
40	1	626	29
40	1	1930	30
41	1	782	29
42	1	678	29
43	1	521	29
44	1	1774	29
45	1	678	29
46	1	626	29
47	1	834	29
48	1	2087	29
49	1	574	29
50	1	1722	29
51	1	1774	29
52	1	887	29
53	1	678	29
53	1	2139	30
55	1	730	29
56	1	1356	29
57	1	574	29
57	1	1774	30
58	1	678	29
59	1	574	29
60	1	1252	29
61	1	678	29
62	1	626	29
63	1	834	29
64	1	2295	29
65	1	521	29
66	1	1565	30
67	1	730	29
68	1	1669	29
69	1	626	29
70	1	626	29
71	1	1356	29
72	1	1982	29
73	1	1774	29
74	1	626	29
75	1	626	11
75	1	678	29
76	1	1617	29
77	1	1617	29
78	1	1617	29
79	1	730	29
80	1	782	29
81	1	574	29
82	1	678	29
83	1	887	29
84	1	678	29
85	1	1669	29
86	1	834	29
87	1	469	29
87	1	1878	30
88	1	678	29
89	1	678	29
90	1	1565	30
91	1	678	29
92	1	574	29
93	1	1617	29
94	1	1774	29
95	1	782	29
96	1	939	29
97	1	1722	29
98	1	1722	29
99	1	1461	29
100	1	1722	29
101	1	782	29
102	1	678	29
103	1	834	29
104	1	521	29
105	1	2139	29
106	1	782	29
106	1	2087	30
107	1	626	29
108	1	626	29
109	1	1513	30
110	1	626	29
111	1	782	29
112	1	626	29
113	1	521	29
114	1	626	29
115	1	1669	29
116	1	1669	29
117	1	1669	29
118	1	1252	30
119	1	1617	30
120	1	782	29
121	1	1356	29
122	1	678	29
123	1	2087	29
124	1	678	29
125	1	626	29
126	1	521	29
126	1	1148	30
127	1	626	29
128	1	626	29
129	1	1304	29
130	1	521	29
131	1	626	29
132	1	626	29
133	1	782	29
134	1	1252	29
135	1	574	29
136	1	521	29
136	1	1095	30
137	1	730	29
138	1	626	29
138	1	1930	30
139	1	678	29
139	1	1878	30
140	1	1722	29
141	1	574	29
141	1	1774	30
142	1	626	29
143	1	1513	30
144	1	2243	29
145	1	1408	30
146	1	626	29
147	1	834	29
148	1	1669	29
149	1	626	29
150	1	521	29
151	1	1304	29
152	1	574	29
153	1	574	29
154	1	626	29
155	1	574	29
156	1	574	29
158	1	521	29
159	1	626	29
159	1	2243	30
160	1	782	29
161	1	1669	29
162	1	1200	30
163	1	1669	29
164	1	521	29
165	1	521	29
166	1	1878	29
167	1	626	29
169	1	626	11
169	1	678	29
170	1	626	29
170	1	1826	30
171	1	678	29
172	1	1200	30
173	1	1617	29
174	1	939	29
175	1	834	29
176	1	574	29
177	1	1826	29
179	1	626	29
180	1	2295	29
181	1	574	29
182	1	939	29
183	1	574	29
184	1	1304	29
185	1	782	29
187	1	887	29
188	1	2139	29
189	1	626	29
190	1	1408	29
191	1	626	11
191	1	678	29
192	1	678	29
193	1	574	29
194	1	678	29
196	1	574	29
196	1	1722	30
198	1	730	29
199	1	574	29
200	1	1252	30
201	1	1826	29
202	1	887	29
203	1	626	29
204	1	626	29
205	1	730	29
206	1	574	29
206	1	1148	30
207	1	678	29
208	1	574	29
210	1	574	29
211	1	1722	29
212	1	782	29
213	1	1722	29
214	1	834	29
215	1	1565	30
216	1	939	29
217	1	574	29
218	1	834	29
220	1	1669	29
221	1	678	29
222	1	887	29
223	1	626	29
224	1	730	29
225	1	626	29
225	1	2035	30
226	1	521	29
227	1	834	29
228	1	574	29
229	1	678	29
230	1	521	29
231	1	521	29
232	1	626	29
233	1	1513	30
235	1	1669	29
236	1	730	29
237	1	939	29
239	1	1408	29
240	1	626	29
240	1	2191	30
241	1	574	29
242	1	626	29
243	1	521	29
243	1	1878	30
244	1	521	29
245	1	1304	29
246	1	2243	29
247	1	2295	29
248	1	574	29
249	1	626	29
250	1	574	29
250	1	1982	30
251	1	782	29
252	1	2139	29
253	1	574	29
255	1	1356	29
256	1	521	29
257	1	1252	29
258	1	626	11
258	1	678	29
258	1	991	30
259	1	574	29
260	1	678	29
262	1	1252	30
263	1	782	29
264	1	730	29
265	1	626	11
265	1	678	29
266	1	574	29
267	1	574	29
268	1	1304	29
269	1	678	11
269	1	730	29
270	1	782	29
271	1	782	29
272	1	521	29
272	1	1878	30
274	1	1304	29
275	1	1669	29
277	1	2087	29
278	1	1669	29
279	1	1617	29
280	1	574	29
281	1	2139	29
282	1	1669	29
283	1	1617	29
284	1	626	29
284	1	1722	30
285	1	1513	30
286	1	574	29
286	1	2035	30
287	1	1565	30
288	1	678	29
289	1	2087	29
291	1	782	29
292	1	1617	29
293	1	574	29
293	1	1930	30
294	1	626	29
295	1	1304	30
296	1	574	29
297	1	678	29
298	1	834	29
299	1	626	29
300	1	1669	29
301	1	574	29
302	1	626	29
303	1	521	29
303	1	1722	30
304	1	574	29
306	1	626	30
307	1	521	29
308	1	574	29
309	1	574	29
309	1	1826	30
310	1	730	29
310	1	1930	30
311	1	939	29
312	1	887	29
313	1	730	29
314	1	1617	29
315	1	626	29
317	1	1356	30
318	1	1669	29
319	1	1356	29
320	1	1565	30
321	1	626	11
321	1	678	29
322	1	574	29
323	1	1982	29
324	1	1617	30
325	1	1461	30
326	1	626	29
327	1	1408	30
328	1	678	29
329	1	1669	29
330	1	678	29
331	1	678	29
332	1	678	29
333	1	626	29
334	1	1617	29
335	1	626	29
336	1	678	29
337	1	1513	29
338	1	1513	29
339	1	678	11
339	1	730	29
340	1	1513	30
341	1	1461	30
342	1	574	29
343	1	626	29
344	1	2191	29
345	1	574	29
346	1	678	29
347	1	730	29
348	1	626	29
349	1	626	29
351	1	626	29
352	1	782	29
353	1	678	29
354	1	521	29
354	1	1095	30
355	1	678	11
355	1	782	29
356	1	939	29
357	1	626	29
358	1	1304	29
360	1	626	29
361	1	574	29
362	1	2295	29
364	1	626	29
365	1	1669	29
366	1	730	29
367	1	574	29
368	1	626	29
368	1	1722	30
369	1	626	29
370	1	1878	29
371	1	574	29
372	1	730	29
373	1	834	29
374	1	1669	29
375	1	1461	30
376	1	626	29
377	1	1565	30
378	1	887	29
379	1	730	29
380	1	626	29
381	1	730	29
382	1	678	29
383	1	1617	29
384	1	678	29
385	1	782	29
386	1	678	29
387	1	574	29
387	1	2035	30
389	1	626	11
389	1	678	29
390	1	626	29
391	1	678	29
392	1	782	29
393	1	574	29
394	1	626	29
395	1	939	30
396	1	626	29
396	1	1722	30
397	1	1461	30
398	1	521	29
399	1	574	29
400	1	678	29
402	1	782	29
403	1	2243	29
404	1	730	29
405	1	1408	29
406	1	626	29
407	1	730	29
409	1	1617	29
410	1	1565	29
411	1	521	29
411	1	1774	30
412	1	626	11
412	1	678	29
412	1	1774	30
413	1	626	29
413	1	1722	30
414	1	626	29
415	1	626	11
415	1	730	29
416	1	1565	29
417	1	626	29
418	1	626	29
419	1	469	29
420	1	678	29
422	1	887	29
423	1	1095	30
424	1	574	29
424	1	1826	30
425	1	782	29
426	1	678	29
428	1	574	29
429	1	574	29
430	1	574	29
431	1	574	29
432	1	626	11
432	1	730	29
433	1	782	29
434	1	626	11
434	1	678	29
434	1	1774	30
435	1	521	29
436	1	626	11
436	1	678	29
436	1	2087	30
437	1	574	29
438	1	730	29
439	1	887	29
440	1	626	29
441	1	1722	29
442	1	730	29
443	1	939	29
444	1	1669	29
445	1	626	29
446	1	678	29
447	1	1669	29
448	1	1722	29
451	1	678	29
452	1	730	29
453	1	574	29
453	1	1148	30
454	1	1617	29
455	1	1252	30
456	1	1617	30
457	1	730	29
458	1	1513	29
459	1	2243	29
460	1	626	29
461	1	574	29
462	1	626	29
463	1	626	29
463	1	2087	30
464	1	1148	30
465	1	626	29
466	1	626	29
467	1	521	29
468	1	626	29
469	1	574	29
469	1	2191	30
470	1	1252	29
471	1	1252	29
472	1	574	29
473	1	574	29
474	1	574	29
475	1	939	29
476	1	1565	29
477	1	626	29
478	1	834	29
480	1	1252	29
481	1	626	29
481	1	1826	30
482	1	834	29
483	1	1826	29
485	1	1408	29
486	1	1356	30
487	1	626	29
488	1	1461	30
489	1	626	29
490	1	782	29
491	1	730	29
492	1	1252	30
493	1	939	30
494	1	574	29
495	1	1200	30
496	1	521	29
497	1	521	29
498	1	626	29
499	1	782	29
500	1	626	29
500	1	1722	30
501	1	1617	29
502	1	1200	30
503	1	626	29
503	1	1722	30
504	1	1774	29
505	1	1617	29
506	1	1252	29
507	1	1774	29
508	1	678	11
508	1	730	29
508	1	2191	30
512	1	1200	30
513	1	1252	29
514	1	678	29
515	1	574	29
515	1	2191	30
516	1	1669	29
517	1	1617	29
518	1	1304	30
519	1	574	29
520	1	626	29
521	1	626	29
522	1	1043	30
523	1	626	11
523	1	730	29
525	1	626	29
526	1	2139	29
527	1	574	29
528	1	626	29
529	1	626	11
529	1	678	29
529	1	991	30
530	1	1304	30
531	1	1304	30
532	1	939	29
534	1	626	11
534	1	678	29
534	1	991	30
535	1	1669	29
536	1	1565	29
537	1	730	29
538	1	574	29
539	1	626	29
540	1	678	29
541	1	521	29
542	1	887	29
543	1	1252	30
544	1	521	29
544	1	2087	30
545	1	626	29
546	1	1461	30
547	1	678	29
547	1	2243	30
548	1	1565	29
549	1	1408	30
550	1	626	30
551	1	521	29
551	1	1148	30
552	1	1617	29
553	1	730	29
554	1	521	29
555	1	574	29
555	1	1148	30
556	1	626	29
557	1	1617	29
558	1	469	29
559	1	1200	30
560	1	1617	29
561	1	1252	29
562	1	782	29
563	1	678	29
564	1	1617	29
565	1	626	29
565	1	1878	30
566	1	678	29
567	1	678	29
568	1	574	29
569	1	626	29
570	1	1356	30
571	1	574	29
572	1	1669	29
573	1	2139	29
574	1	782	29
575	1	574	29
575	1	1148	30
576	1	1565	30
577	1	626	11
577	1	678	29
578	1	574	29
579	1	626	29
580	1	1982	29
581	1	1304	30
582	1	730	29
583	1	678	29
583	1	1774	30
584	1	574	29
585	1	626	29
585	1	1722	30
586	1	574	29
587	1	521	29
587	1	1095	30
588	1	730	29
589	1	521	29
590	1	678	11
590	1	730	29
591	1	1669	29
593	1	574	29
594	1	678	29
595	1	626	29
595	1	1826	30
596	1	782	29
597	1	730	29
598	1	574	29
599	1	626	29
600	1	1669	29
601	1	678	29
602	1	1408	29
603	1	626	29
604	1	678	29
605	1	1304	29
606	1	626	29
607	1	574	29
608	1	521	29
611	1	626	29
612	1	782	29
613	1	1461	29
614	1	1408	30
615	1	834	29
616	1	939	29
617	1	2139	29
619	1	1408	29
620	1	626	29
621	1	1200	30
622	1	574	30
623	1	1461	29
624	1	521	29
625	1	1200	30
626	1	469	29
627	1	626	29
628	1	574	29
629	1	574	29
630	1	730	29
631	1	939	29
632	1	626	29
633	1	1722	29
634	1	1461	30
635	1	1669	29
637	1	1669	29
638	1	678	29
639	1	574	29
640	1	626	29
641	1	626	29
642	1	1304	30
644	1	678	29
645	1	678	29
646	1	626	29
646	1	1774	30
647	1	1565	29
648	1	834	29
649	1	626	11
649	1	834	29
650	1	1669	29
651	1	626	11
651	1	678	29
652	1	626	29
653	1	782	29
654	1	521	29
655	1	521	29
656	1	574	29
657	1	521	29
658	1	782	29
659	1	1513	30
660	1	1513	29
661	1	678	29
662	1	574	29
663	1	1304	29
664	1	678	29
664	1	2035	30
665	1	678	29
666	1	626	29
667	1	574	30
668	1	1304	29
669	1	1252	30
670	1	887	29
671	1	1722	29
672	1	1252	29
673	1	834	29
674	1	782	29
675	1	1252	29
676	1	626	29
676	1	1930	30
677	1	1095	30
678	1	626	29
679	1	1513	29
680	1	1304	29
681	1	939	29
682	1	521	29
683	1	1617	29
684	1	1200	30
685	1	678	29
686	1	626	29
687	1	1669	30
688	1	1617	29
689	1	1304	29
690	1	521	29
691	1	626	29
691	1	2243	30
692	1	730	29
693	1	626	29
694	1	834	30
695	1	574	29
696	1	782	29
697	1	574	29
698	1	1669	29
699	1	834	29
700	1	626	29
701	1	730	29
702	1	678	29
703	1	521	29
704	1	1982	29
705	1	730	29
706	1	574	29
707	1	626	29
708	1	1304	30
709	1	521	29
710	1	574	29
711	1	1356	29
712	1	678	29
714	1	678	11
714	1	730	29
715	1	678	29
716	1	626	29
717	1	834	29
718	1	521	29
719	1	574	29
720	1	1356	29
721	1	626	29
722	1	521	29
722	1	1722	30
723	1	834	29
724	1	730	29
725	1	834	30
726	1	521	29
727	1	1617	30
728	1	1930	29
729	1	730	29
730	1	626	29
731	1	574	29
732	1	730	29
733	1	626	29
734	1	521	29
736	1	834	29
737	1	626	29
738	1	574	29
738	1	2035	30
739	1	1304	29
741	1	782	29
742	1	626	29
742	1	1982	30
743	1	574	29
744	1	1304	30
745	1	1982	29
746	1	1669	30
747	1	887	30
749	1	626	29
750	1	678	29
751	1	1356	29
752	1	939	29
753	1	626	29
753	1	2035	30
754	1	626	29
755	1	626	29
756	1	626	29
756	1	1826	30
757	1	1669	29
758	1	626	29
759	1	1617	30
760	1	678	29
761	1	521	29
762	1	574	29
763	1	1617	29
764	1	834	29
765	1	521	29
766	1	678	29
767	1	1304	29
768	1	1669	29
769	1	678	29
770	1	2191	30
771	1	1252	30
772	1	1565	29
773	1	1669	29
774	1	574	29
775	1	574	29
776	1	521	29
776	1	2191	30
778	1	678	29
779	1	2191	29
780	1	678	29
781	1	574	29
782	1	574	29
783	1	1669	29
784	1	574	29
785	1	730	29
786	1	834	29
787	1	1669	29
788	1	521	29
789	1	1304	30
790	1	521	29
791	1	1617	29
792	1	730	30
793	1	626	30
794	1	574	29
795	1	2087	29
796	1	1669	29
797	1	782	29
798	1	834	29
800	1	1617	29
801	1	1617	30
802	1	574	29
803	1	626	29
804	1	574	29
806	1	1669	29
807	1	626	11
807	1	678	29
807	1	991	30
809	1	1878	29
810	1	626	30
811	1	574	29
812	1	521	29
812	1	2087	30
813	1	887	30
814	1	626	29
815	1	521	29
816	1	1356	30
818	1	626	29
819	1	1669	29
820	1	678	29
821	1	1617	30
822	1	574	29
823	1	626	11
823	1	678	29
823	1	991	30
824	1	1356	30
825	1	574	29
826	1	1252	30
827	1	626	29
828	1	1617	30
829	1	2243	29
830	1	1408	29
831	1	521	29
831	1	1982	30
832	1	626	11
832	1	730	29
832	1	1878	30
833	1	574	29
834	1	678	11
834	1	730	29
834	1	1982	30
835	1	730	29
837	1	782	29
838	1	521	29
839	1	1669	29
840	1	469	29
840	1	1043	30
841	1	678	29
842	1	1252	29
843	1	626	29
843	1	1722	30
844	1	1513	29
845	1	1617	29
846	1	1669	29
847	1	1617	30
848	1	521	29
850	1	574	29
850	1	1826	30
851	1	887	29
852	1	1356	29
853	1	1617	30
854	1	1095	30
855	1	574	29
856	1	730	29
857	1	1617	29
858	1	834	29
859	1	1513	29
860	1	1669	29
861	1	678	29
862	1	1669	29
863	1	521	29
864	1	574	29
864	1	2035	30
865	1	574	29
866	1	626	29
867	1	782	29
868	1	678	29
869	1	1252	29
870	1	1408	29
871	1	782	29
873	1	574	29
874	1	782	29
875	1	626	29
876	1	574	29
877	1	574	29
877	1	1148	30
878	1	1461	30
879	1	678	29
880	1	626	11
880	1	678	29
880	1	991	30
881	1	782	29
882	1	1408	30
883	1	1669	29
884	1	626	29
885	1	678	11
885	1	730	29
885	1	1095	30
886	1	678	29
887	1	782	29
888	1	834	29
889	1	1617	29
890	1	1408	30
891	1	678	11
891	1	834	29
892	1	1669	29
893	1	626	29
894	1	730	29
895	1	574	29
896	1	678	29
897	1	626	29
898	1	521	29
899	1	626	29
900	1	1304	29
901	1	626	29
902	1	939	29
903	1	574	29
904	1	1878	29
905	1	1408	29
906	1	521	29
907	1	2243	29
908	1	626	29
909	1	2139	29
910	1	1408	29
911	1	1252	29
912	1	730	30
913	1	1617	29
914	1	1148	30
915	1	1513	30
916	1	574	29
917	1	626	29
918	1	1304	30
919	1	1617	29
920	1	939	29
921	1	730	29
922	1	730	29
923	1	1617	29
924	1	574	29
925	1	678	29
926	1	574	29
927	1	730	29
929	1	678	29
930	1	939	29
931	1	574	29
931	1	1722	30
932	1	1200	30
933	1	1356	30
934	1	1304	29
935	1	626	29
936	1	782	29
937	1	1252	29
938	1	939	29
939	1	678	29
940	1	521	29
941	1	574	29
941	1	2139	30
942	1	521	29
943	1	521	29
944	1	782	29
945	1	1669	29
946	1	782	29
947	1	678	11
947	1	730	29
947	1	1826	30
948	1	626	29
949	1	521	29
949	1	1148	30
950	1	626	11
950	1	678	29
951	1	2087	29
952	1	2035	29
953	1	626	11
953	1	730	29
954	1	521	29
955	1	1304	29
956	1	574	29
957	1	1565	29
958	1	887	29
959	1	2035	29
960	1	678	29
961	1	626	29
963	1	730	29
964	1	521	29
964	1	2139	30
965	1	1408	29
966	1	574	29
967	1	730	29
968	1	521	29
969	1	626	29
971	1	626	29
972	1	574	29
972	1	1148	30
973	1	626	29
974	1	574	29
975	1	1617	29
976	1	678	29
977	1	1774	29
978	1	574	29
979	1	1513	30
980	1	1617	29
981	1	887	29
982	1	521	29
983	1	574	29
984	1	1095	30
985	1	1304	29
987	1	1617	29
988	1	678	29
989	1	574	29
990	1	1774	29
991	1	1461	29
992	1	1826	29
993	1	730	29
994	1	1826	29
995	1	626	29
996	1	1356	29
998	1	834	30
999	1	1669	29
0	2	313	26
0	2	574	33
0	2	1148	13
1	2	313	26
1	2	574	33
1	2	1200	13
2	2	313	26
2	2	782	33
3	2	313	26
3	2	1356	13
4	2	313	26
4	2	678	33
4	2	1148	13
5	2	313	26
5	2	574	33
5	2	2191	13
6	2	313	26
6	2	626	33
6	2	1722	13
7	2	313	26
7	2	1304	13
7	2	1565	33
8	2	313	26
8	2	782	33
8	2	1200	13
9	2	313	26
10	2	313	26
10	2	574	33
10	2	1148	13
11	2	313	26
12	2	313	26
13	2	313	26
14	2	313	26
14	2	574	33
14	2	1148	13
15	2	313	26
15	2	574	33
15	2	1148	13
16	2	313	26
16	2	574	33
16	2	1200	13
17	2	313	26
17	2	574	33
17	2	1148	13
18	2	313	26
18	2	574	33
18	2	1148	13
19	2	313	26
20	2	313	26
20	2	730	33
20	2	1304	13
21	2	313	26
21	2	574	33
21	2	1148	13
22	2	313	26
22	2	1408	13
23	2	313	26
23	2	574	33
23	2	1148	13
24	2	313	26
24	2	574	33
24	2	1148	13
25	2	313	26
26	2	313	26
26	2	834	33
26	2	1461	13
27	2	313	26
27	2	574	33
27	2	1148	13
28	2	313	26
28	2	939	33
28	2	1252	13
29	2	313	26
29	2	1878	13
30	2	313	26
30	2	1669	13
31	2	313	26
31	2	678	33
32	2	313	26
32	2	1408	13
33	2	313	26
33	2	782	33
34	2	313	26
34	2	991	33
34	2	1408	13
35	2	313	26
35	2	574	33
35	2	1148	13
36	2	313	26
36	2	574	33
36	2	1148	13
37	2	313	26
37	2	678	33
38	2	313	26
38	2	782	33
38	2	1669	13
39	2	313	26
39	2	678	33
39	2	1148	13
40	2	313	26
40	2	574	33
40	2	1148	13
41	2	313	26
41	2	939	33
41	2	1461	13
42	2	313	26
42	2	991	33
42	2	1252	13
43	2	313	26
43	2	574	33
43	2	1148	13
44	2	313	26
45	2	313	26
45	2	782	33
45	2	1148	13
46	2	313	26
46	2	574	33
46	2	1774	13
47	2	313	26
47	2	1252	13
48	2	313	26
49	2	313	26
49	2	678	33
49	2	1148	13
50	2	313	26
51	2	313	26
52	2	313	26
53	2	313	26
53	2	574	33
53	2	1148	13
54	2	313	26
55	2	313	26
55	2	782	33
56	2	313	26
57	2	313	26
57	2	574	33
57	2	1148	13
58	2	313	26
58	2	678	33
58	2	1148	13
59	2	313	26
59	2	574	33
59	2	1148	13
60	2	313	26
61	2	313	26
61	2	626	33
62	2	313	26
62	2	626	33
62	2	1148	13
63	2	313	26
63	2	939	33
63	2	1304	13
64	2	313	26
65	2	313	26
65	2	939	33
65	2	1408	13
66	2	313	26
66	2	1669	13
67	2	313	26
67	2	1043	33
67	2	1356	13
68	2	313	26
69	2	313	26
69	2	1148	13
69	2	1565	33
70	2	313	26
70	2	834	33
71	2	313	26
71	2	1356	13
72	2	313	26
73	2	313	26
74	2	313	26
75	2	313	26
75	2	574	33
75	2	1148	13
76	2	313	26
77	2	313	26
78	2	313	26
79	2	313	26
79	2	1252	13
79	2	2295	33
80	2	313	26
80	2	626	33
80	2	1461	13
81	2	313	26
81	2	730	33
82	2	313	26
82	2	834	33
83	2	313	26
83	2	1617	13
84	2	313	26
84	2	626	33
85	2	313	26
86	2	313	26
87	2	313	26
87	2	574	33
87	2	1148	13
88	2	313	26
88	2	887	33
88	2	1200	13
89	2	313	26
89	2	1043	33
89	2	1408	13
90	2	313	26
91	2	313	26
91	2	782	33
92	2	313	26
92	2	574	33
92	2	1252	13
93	2	313	26
94	2	313	26
95	2	313	26
96	2	313	26
96	2	1461	13
97	2	313	26
98	2	313	26
99	2	313	26
100	2	313	26
101	2	313	26
101	2	887	33
101	2	1722	13
102	2	313	26
102	2	782	33
102	2	1304	13
103	2	313	26
103	2	1513	13
104	2	313	26
104	2	626	33
104	2	1148	13
105	2	313	26
106	2	313	26
106	2	939	33
106	2	1200	13
107	2	313	26
107	2	574	33
107	2	1148	13
108	2	313	26
108	2	574	33
108	2	1148	13
109	2	313	26
110	2	313	26
110	2	574	33
110	2	1148	13
111	2	313	26
111	2	782	33
112	2	313	26
112	2	1930	13
113	2	313	26
113	2	574	33
113	2	1148	13
114	2	313	26
114	2	782	33
115	2	313	26
116	2	313	26
117	2	313	26
118	2	313	26
118	2	1513	13
119	2	313	26
119	2	1617	13
120	2	313	26
120	2	1356	13
121	2	313	26
122	2	313	26
122	2	574	33
122	2	1148	13
123	2	313	26
124	2	313	26
124	2	574	33
124	2	1148	13
125	2	313	26
125	2	626	33
125	2	1148	13
126	2	313	26
126	2	574	33
126	2	1148	13
127	2	313	26
127	2	574	33
127	2	1148	13
128	2	313	26
128	2	574	33
128	2	1148	13
129	2	313	26
129	2	1617	13
130	2	313	26
130	2	678	33
131	2	313	26
131	2	887	33
131	2	1148	13
132	2	313	26
132	2	574	33
132	2	1252	13
133	2	313	26
133	2	678	33
133	2	1304	13
134	2	313	26
134	2	1252	13
135	2	313	26
135	2	626	33
135	2	1148	13
136	2	313	26
136	2	574	33
136	2	1148	13
137	2	313	26
137	2	782	33
137	2	1252	13
138	2	313	26
138	2	574	33
138	2	1148	13
139	2	313	26
139	2	574	33
139	2	1148	13
140	2	313	26
141	2	313	26
141	2	574	33
141	2	1148	13
142	2	313	26
142	2	1669	13
143	2	313	26
143	2	1513	13
144	2	313	26
145	2	313	26
145	2	1513	13
146	2	313	26
146	2	730	33
146	2	1148	13
147	2	313	26
147	2	834	33
147	2	1200	13
148	2	313	26
149	2	313	26
149	2	574	33
149	2	1148	13
150	2	313	26
150	2	574	33
150	2	1200	13
151	2	313	26
151	2	1878	13
152	2	313	26
152	2	678	33
152	2	1200	13
153	2	313	26
153	2	887	33
154	2	313	26
154	2	574	33
154	2	1148	13
155	2	313	26
155	2	574	33
155	2	1148	13
156	2	313	26
156	2	574	33
156	2	1148	13
157	2	313	26
158	2	313	26
158	2	678	33
158	2	1200	13
159	2	313	26
159	2	574	33
159	2	1148	13
160	2	313	26
160	2	887	33
160	2	1461	13
161	2	313	26
162	2	313	26
162	2	1252	13
162	2	1669	33
163	2	313	26
164	2	313	26
164	2	626	33
164	2	2087	13
165	2	313	26
165	2	626	33
165	2	1148	13
166	2	313	26
167	2	313	26
168	2	313	26
169	2	313	26
169	2	574	33
169	2	1930	13
170	2	313	26
170	2	574	33
170	2	1148	13
171	2	313	26
172	2	313	26
172	2	1252	13
173	2	313	26
174	2	313	26
174	2	1148	13
174	2	1513	33
175	2	313	26
175	2	782	33
175	2	1148	13
176	2	313	26
176	2	574	33
176	2	1722	13
177	2	313	26
178	2	313	26
179	2	313	26
179	2	626	33
179	2	1148	13
180	2	313	26
181	2	313	26
181	2	574	33
181	2	1878	13
182	2	313	26
183	2	313	26
183	2	574	33
183	2	1148	13
184	2	313	26
185	2	313	26
185	2	626	33
185	2	1148	13
186	2	313	26
187	2	313	26
187	2	1095	33
187	2	1408	13
188	2	313	26
189	2	313	26
189	2	939	33
189	2	1200	13
190	2	313	26
190	2	1617	13
191	2	313	26
191	2	574	33
192	2	313	26
192	2	678	33
192	2	1148	13
193	2	313	26
193	2	730	33
193	2	1252	13
194	2	313	26
194	2	939	33
195	2	313	26
196	2	313	26
196	2	574	33
196	2	1148	13
197	2	313	26
198	2	313	26
198	2	730	33
198	2	1148	13
199	2	313	26
199	2	574	33
199	2	1148	13
200	2	313	26
200	2	1461	13
201	2	313	26
202	2	313	26
202	2	1200	13
202	2	1722	33
203	2	313	26
203	2	1148	13
203	2	1565	33
204	2	313	26
204	2	574	33
204	2	1200	13
205	2	313	26
206	2	313	26
206	2	574	33
206	2	1148	13
207	2	313	26
207	2	626	33
207	2	1148	13
208	2	313	26
208	2	574	33
208	2	1200	13
209	2	313	26
210	2	313	26
210	2	626	33
210	2	1304	13
211	2	313	26
212	2	313	26
212	2	1408	13
213	2	313	26
214	2	313	26
215	2	313	26
215	2	1565	13
216	2	313	26
217	2	313	26
217	2	1356	13
218	2	313	26
218	2	834	33
218	2	1304	13
219	2	313	26
220	2	313	26
221	2	313	26
221	2	939	33
221	2	1513	13
222	2	313	26
223	2	313	26
224	2	313	26
224	2	1252	13
225	2	313	26
225	2	574	33
225	2	1148	13
226	2	313	26
226	2	626	33
226	2	1148	13
227	2	313	26
227	2	887	33
228	2	313	26
228	2	574	33
228	2	1148	13
229	2	313	26
229	2	1043	33
229	2	1304	13
230	2	313	26
230	2	574	33
230	2	1148	13
231	2	313	26
231	2	574	33
231	2	1513	13
232	2	313	26
232	2	574	33
232	2	1148	13
233	2	313	26
233	2	1617	13
234	2	313	26
235	2	313	26
236	2	313	26
237	2	313	26
238	2	313	26
239	2	313	26
240	2	313	26
240	2	574	33
240	2	1148	13
241	2	313	26
241	2	991	33
241	2	1252	13
242	2	313	26
242	2	730	33
242	2	1252	13
243	2	313	26
243	2	574	33
243	2	1148	13
244	2	313	26
244	2	574	33
244	2	1148	13
245	2	313	26
245	2	1669	13
246	2	313	26
247	2	313	26
248	2	313	26
248	2	574	33
248	2	1148	13
249	2	313	26
249	2	574	33
249	2	1148	13
250	2	313	26
250	2	574	33
250	2	1148	13
251	2	313	26
251	2	730	33
251	2	1408	13
252	2	313	26
253	2	313	26
253	2	2243	13
254	2	313	26
255	2	313	26
255	2	1513	13
256	2	313	26
256	2	1148	13
256	2	1565	33
257	2	313	26
257	2	1513	13
258	2	313	26
258	2	574	33
258	2	1148	13
259	2	313	26
259	2	574	33
259	2	1148	13
260	2	313	26
260	2	574	33
260	2	1304	13
261	2	313	26
262	2	313	26
262	2	1148	13
262	2	1669	33
263	2	313	26
264	2	313	26
264	2	678	33
264	2	1461	13
265	2	313	26
265	2	626	33
266	2	313	26
266	2	574	33
266	2	1408	13
267	2	313	26
267	2	574	33
267	2	1930	13
268	2	313	26
268	2	1200	13
269	2	313	26
269	2	574	33
269	2	1148	13
270	2	313	26
270	2	2087	13
271	2	313	26
271	2	782	33
271	2	1200	13
272	2	313	26
272	2	574	33
272	2	1148	13
273	2	313	26
274	2	313	26
274	2	1669	13
275	2	313	26
276	2	313	26
277	2	313	26
278	2	313	26
279	2	313	26
280	2	313	26
280	2	887	33
281	2	313	26
282	2	313	26
283	2	313	26
283	2	1461	13
284	2	313	26
284	2	574	33
284	2	1148	13
285	2	313	26
285	2	1408	13
286	2	313	26
286	2	574	33
286	2	1148	13
287	2	313	26
288	2	313	26
288	2	626	33
288	2	1408	13
289	2	313	26
290	2	313	26
291	2	313	26
291	2	834	33
292	2	313	26
293	2	313	26
293	2	574	33
293	2	1148	13
294	2	313	26
294	2	574	33
295	2	313	26
295	2	1722	13
296	2	313	26
296	2	574	33
296	2	1148	13
297	2	313	26
298	2	313	26
298	2	1148	13
299	2	313	26
299	2	574	33
300	2	313	26
301	2	313	26
301	2	574	33
301	2	1148	13
302	2	313	26
302	2	678	33
302	2	1304	13
303	2	313	26
303	2	574	33
303	2	1148	13
304	2	313	26
304	2	574	33
304	2	1148	13
305	2	313	26
306	2	313	26
306	2	574	33
306	2	1148	13
307	2	313	26
307	2	887	33
308	2	313	26
308	2	782	33
309	2	313	26
309	2	574	33
309	2	1148	13
310	2	313	26
310	2	678	33
310	2	1148	13
311	2	313	26
312	2	313	26
312	2	2087	13
313	2	313	26
314	2	313	26
315	2	313	26
315	2	834	33
315	2	1252	13
316	2	313	26
317	2	313	26
317	2	1669	13
318	2	313	26
319	2	313	26
320	2	313	26
320	2	1669	13
321	2	313	26
321	2	574	33
321	2	1200	13
322	2	313	26
322	2	626	33
322	2	1878	13
323	2	313	26
324	2	313	26
325	2	313	26
326	2	313	26
326	2	574	33
326	2	1148	13
327	2	313	26
327	2	1304	13
328	2	313	26
328	2	2295	13
329	2	313	26
330	2	313	26
330	2	939	33
330	2	1356	13
331	2	313	26
331	2	574	33
331	2	1356	13
332	2	313	26
332	2	782	33
332	2	1200	13
333	2	313	26
333	2	574	33
333	2	1148	13
334	2	313	26
335	2	313	26
335	2	574	33
335	2	1148	13
336	2	313	26
336	2	626	33
336	2	1304	13
337	2	313	26
337	2	1774	13
338	2	313	26
339	2	313	26
339	2	574	33
339	2	1513	13
340	2	313	26
340	2	1461	13
341	2	313	26
341	2	1408	13
342	2	313	26
342	2	574	33
342	2	1148	13
343	2	313	26
343	2	574	33
343	2	1148	13
344	2	313	26
345	2	313	26
345	2	730	33
345	2	1200	13
346	2	313	26
346	2	678	33
346	2	1148	13
347	2	313	26
347	2	730	33
347	2	1304	13
348	2	313	26
348	2	574	33
348	2	1148	13
349	2	313	26
349	2	574	33
349	2	1148	13
350	2	313	26
351	2	313	26
351	2	730	33
352	2	313	26
352	2	782	33
352	2	1252	13
353	2	313	26
353	2	574	33
353	2	1148	13
354	2	313	26
354	2	574	33
354	2	1148	13
355	2	313	26
355	2	574	33
356	2	313	26
356	2	1356	13
357	2	313	26
357	2	678	33
357	2	1252	13
358	2	313	26
358	2	1304	13
359	2	313	26
360	2	313	26
360	2	887	33
361	2	313	26
361	2	730	33
361	2	1252	13
362	2	313	26
363	2	313	26
364	2	313	26
364	2	574	33
364	2	1617	13
365	2	313	26
366	2	313	26
366	2	1148	13
366	2	1513	33
367	2	313	26
367	2	574	33
367	2	2139	13
368	2	313	26
368	2	574	33
368	2	1148	13
369	2	313	26
369	2	678	33
369	2	1148	13
370	2	313	26
371	2	313	26
371	2	574	33
371	2	1148	13
372	2	313	26
372	2	1148	13
373	2	313	26
374	2	313	26
375	2	313	26
376	2	313	26
376	2	678	33
377	2	313	26
378	2	313	26
378	2	1513	13
379	2	313	26
379	2	730	33
379	2	1356	13
380	2	313	26
380	2	782	33
381	2	313	26
381	2	678	33
382	2	313	26
382	2	626	33
382	2	1617	13
383	2	313	26
384	2	313	26
384	2	626	33
384	2	1252	13
385	2	313	26
385	2	782	33
386	2	313	26
386	2	678	33
387	2	313	26
387	2	574	33
387	2	1148	13
388	2	313	26
389	2	313	26
389	2	574	33
389	2	1356	13
390	2	313	26
390	2	574	33
390	2	1148	13
391	2	313	26
391	2	574	33
391	2	1148	13
392	2	313	26
392	2	2295	13
393	2	313	26
393	2	574	33
393	2	1148	13
394	2	313	26
394	2	782	33
395	2	313	26
395	2	939	33
396	2	313	26
396	2	574	33
396	2	1148	13
397	2	313	26
397	2	1513	13
398	2	313	26
398	2	834	33
399	2	313	26
399	2	574	33
399	2	1148	13
400	2	313	26
400	2	626	33
400	2	1408	13
401	2	313	26
402	2	313	26
402	2	730	33
402	2	1304	13
403	2	313	26
404	2	313	26
404	2	1565	13
405	2	313	26
406	2	313	26
406	2	626	33
406	2	1148	13
407	2	313	26
407	2	1252	13
408	2	313	26
409	2	313	26
410	2	313	26
411	2	313	26
411	2	574	33
411	2	1148	13
412	2	313	26
412	2	574	33
412	2	1148	13
413	2	313	26
413	2	574	33
413	2	1148	13
414	2	313	26
414	2	678	33
414	2	1252	13
415	2	313	26
415	2	574	33
415	2	1148	13
416	2	313	26
417	2	313	26
417	2	626	33
417	2	1148	13
418	2	313	26
418	2	678	33
418	2	1148	13
419	2	313	26
419	2	574	33
419	2	1148	13
420	2	313	26
420	2	1304	13
420	2	1722	33
421	2	313	26
422	2	313	26
423	2	313	26
423	2	1252	13
424	2	313	26
424	2	574	33
424	2	1148	13
425	2	313	26
425	2	834	33
425	2	1930	13
426	2	313	26
426	2	1200	13
426	2	1617	33
427	2	313	26
428	2	313	26
428	2	574	33
429	2	313	26
429	2	782	33
429	2	1252	13
430	2	313	26
430	2	574	33
430	2	1252	13
431	2	313	26
431	2	574	33
431	2	1148	13
432	2	313	26
432	2	574	33
432	2	1148	13
433	2	313	26
433	2	730	33
433	2	1461	13
434	2	313	26
434	2	626	33
434	2	1148	13
435	2	313	26
435	2	574	33
435	2	1148	13
436	2	313	26
436	2	574	33
436	2	1148	13
437	2	313	26
437	2	574	33
437	2	1722	13
438	2	313	26
438	2	887	33
438	2	1304	13
439	2	313	26
440	2	313	26
440	2	887	33
441	2	313	26
442	2	313	26
442	2	834	33
442	2	1722	13
443	2	313	26
444	2	313	26
445	2	313	26
445	2	574	33
445	2	1148	13
446	2	313	26
447	2	313	26
448	2	313	26
449	2	313	26
450	2	313	26
451	2	313	26
451	2	939	33
451	2	1252	13
452	2	313	26
452	2	626	33
452	2	1826	13
453	2	313	26
453	2	574	33
453	2	1148	13
454	2	313	26
455	2	313	26
455	2	1408	13
456	2	313	26
456	2	1722	13
457	2	313	26
457	2	939	33
457	2	1669	13
458	2	313	26
459	2	313	26
460	2	313	26
460	2	574	33
460	2	1356	13
461	2	313	26
461	2	574	33
461	2	1148	13
462	2	313	26
462	2	782	33
462	2	1669	13
463	2	313	26
463	2	574	33
463	2	1148	13
464	2	313	26
464	2	1356	13
465	2	313	26
465	2	574	33
465	2	1200	13
466	2	313	26
466	2	574	33
466	2	1148	13
467	2	313	26
467	2	574	33
467	2	1148	13
468	2	313	26
468	2	574	33
468	2	1252	13
469	2	313	26
469	2	574	33
469	2	1148	13
470	2	313	26
471	2	313	26
471	2	2191	13
472	2	313	26
472	2	574	33
472	2	1252	13
473	2	313	26
473	2	991	33
473	2	1565	13
474	2	313	26
474	2	574	33
474	2	1148	13
475	2	313	26
475	2	2295	13
476	2	313	26
477	2	313	26
478	2	313	26
478	2	991	33
479	2	313	26
480	2	313	26
480	2	887	33
481	2	313	26
481	2	678	33
481	2	1148	13
482	2	313	26
482	2	730	33
483	2	313	26
484	2	313	26
485	2	313	26
486	2	313	26
486	2	1722	13
487	2	313	26
487	2	574	33
487	2	1148	13
488	2	313	26
488	2	1669	13
489	2	313	26
489	2	574	33
489	2	1148	13
490	2	313	26
490	2	1043	33
490	2	1408	13
491	2	313	26
491	2	887	33
491	2	1513	13
492	2	313	26
492	2	1304	13
493	2	313	26
493	2	939	33
494	2	313	26
494	2	574	33
494	2	2191	13
495	2	313	26
495	2	1148	13
495	2	1565	33
496	2	313	26
496	2	939	33
496	2	1304	13
497	2	313	26
497	2	574	33
497	2	1513	13
498	2	313	26
498	2	730	33
498	2	1722	13
499	2	313	26
499	2	730	33
500	2	313	26
500	2	574	33
500	2	1148	13
501	2	313	26
502	2	313	26
502	2	939	33
502	2	1617	13
503	2	313	26
503	2	574	33
503	2	1148	13
504	2	313	26
505	2	313	26
506	2	313	26
506	2	1617	13
507	2	313	26
508	2	313	26
508	2	574	33
508	2	1148	13
509	2	313	26
510	2	313	26
511	2	313	26
512	2	313	26
512	2	1148	13
512	2	1617	33
513	2	313	26
513	2	1148	13
514	2	313	26
514	2	678	33
514	2	1356	13
515	2	313	26
515	2	574	33
515	2	1148	13
516	2	313	26
517	2	313	26
518	2	313	26
518	2	1200	13
519	2	313	26
519	2	574	33
519	2	1148	13
520	2	313	26
520	2	782	33
521	2	313	26
521	2	574	33
521	2	1148	13
522	2	313	26
522	2	939	33
522	2	1252	13
523	2	313	26
523	2	574	33
523	2	1148	13
524	2	313	26
525	2	313	26
525	2	678	33
525	2	1148	13
526	2	313	26
527	2	313	26
527	2	574	33
527	2	1148	13
528	2	313	26
528	2	574	33
528	2	1148	13
529	2	313	26
529	2	574	33
529	2	1148	13
530	2	313	26
530	2	1669	13
531	2	313	26
531	2	1200	13
532	2	313	26
532	2	1356	13
532	2	1722	33
533	2	313	26
534	2	313	26
534	2	574	33
534	2	1148	13
535	2	313	26
536	2	313	26
537	2	313	26
537	2	782	33
537	2	1304	13
538	2	313	26
538	2	574	33
538	2	1148	13
539	2	313	26
539	2	574	33
539	2	1148	13
540	2	313	26
541	2	313	26
541	2	574	33
541	2	1304	13
542	2	313	26
542	2	1408	13
543	2	313	26
543	2	1356	13
544	2	313	26
544	2	730	33
544	2	1148	13
545	2	313	26
546	2	313	26
546	2	1408	13
547	2	313	26
547	2	678	33
547	2	1200	13
548	2	313	26
549	2	313	26
550	2	313	26
550	2	574	33
550	2	1148	13
551	2	313	26
551	2	574	33
551	2	1148	13
552	2	313	26
553	2	313	26
553	2	1148	13
554	2	313	26
554	2	574	33
554	2	1148	13
555	2	313	26
555	2	574	33
555	2	1148	13
556	2	313	26
556	2	1148	13
556	2	1461	33
557	2	313	26
558	2	313	26
558	2	574	33
558	2	1982	13
559	2	313	26
559	2	1356	13
560	2	313	26
561	2	313	26
561	2	1356	13
562	2	313	26
562	2	1200	13
562	2	1722	33
563	2	313	26
563	2	939	33
563	2	1252	13
564	2	313	26
565	2	313	26
565	2	574	33
565	2	1148	13
566	2	313	26
566	2	574	33
566	2	1148	13
567	2	313	26
567	2	1252	13
568	2	313	26
568	2	574	33
568	2	1148	13
569	2	313	26
569	2	1252	13
569	2	1774	33
570	2	313	26
571	2	313	26
571	2	574	33
571	2	1200	13
572	2	313	26
573	2	313	26
574	2	313	26
574	2	834	33
575	2	313	26
575	2	574	33
575	2	1148	13
576	2	313	26
576	2	1461	13
577	2	313	26
577	2	574	33
577	2	1148	13
578	2	313	26
578	2	1722	13
579	2	313	26
579	2	887	33
580	2	313	26
581	2	313	26
581	2	1252	13
582	2	313	26
582	2	1252	13
583	2	313	26
583	2	574	33
583	2	1148	13
584	2	313	26
584	2	574	33
584	2	1930	13
585	2	313	26
585	2	574	33
585	2	1148	13
586	2	313	26
586	2	991	33
586	2	1252	13
587	2	313	26
587	2	574	33
587	2	1148	13
588	2	313	26
588	2	730	33
588	2	1252	13
589	2	313	26
589	2	730	33
589	2	1200	13
590	2	313	26
590	2	574	33
590	2	1148	13
591	2	313	26
592	2	313	26
593	2	313	26
593	2	887	33
594	2	313	26
594	2	1304	13
595	2	313	26
595	2	574	33
595	2	1148	13
596	2	313	26
596	2	887	33
596	2	1304	13
597	2	313	26
597	2	887	33
598	2	313	26
598	2	574	33
598	2	1148	13
599	2	313	26
599	2	574	33
599	2	1148	13
600	2	313	26
601	2	313	26
601	2	678	33
601	2	1356	13
602	2	313	26
603	2	313	26
604	2	313	26
604	2	1200	13
604	2	1565	33
605	2	313	26
605	2	1461	13
606	2	313	26
606	2	939	33
606	2	1304	13
607	2	313	26
607	2	574	33
607	2	1148	13
608	2	313	26
608	2	626	33
608	2	1148	13
609	2	313	26
610	2	313	26
611	2	313	26
611	2	1304	13
612	2	313	26
612	2	1356	13
613	2	313	26
614	2	313	26
614	2	1513	13
615	2	313	26
615	2	1356	13
616	2	313	26
616	2	1304	13
616	2	1722	33
617	2	313	26
618	2	313	26
619	2	313	26
619	2	1513	13
620	2	313	26
620	2	574	33
621	2	313	26
621	2	1148	13
622	2	313	26
622	2	574	33
622	2	1200	13
623	2	313	26
624	2	313	26
624	2	626	33
624	2	1513	13
625	2	313	26
625	2	1304	13
626	2	313	26
626	2	678	33
626	2	1148	13
627	2	313	26
627	2	730	33
627	2	1252	13
628	2	313	26
628	2	782	33
628	2	1565	13
629	2	313	26
630	2	313	26
630	2	1304	13
631	2	313	26
631	2	887	33
631	2	1252	13
632	2	313	26
632	2	574	33
632	2	1148	13
633	2	313	26
634	2	313	26
634	2	1513	13
635	2	313	26
636	2	313	26
637	2	313	26
638	2	313	26
639	2	313	26
639	2	574	33
639	2	1148	13
640	2	313	26
641	2	313	26
641	2	834	33
642	2	313	26
642	2	1513	13
643	2	313	26
644	2	313	26
644	2	678	33
645	2	313	26
645	2	1095	33
645	2	1356	13
646	2	313	26
646	2	574	33
646	2	1148	13
647	2	313	26
648	2	313	26
648	2	1200	13
648	2	1565	33
649	2	313	26
649	2	626	33
649	2	1148	13
650	2	313	26
651	2	313	26
651	2	678	33
652	2	313	26
652	2	678	33
652	2	1356	13
653	2	313	26
653	2	678	33
653	2	1252	13
654	2	313	26
654	2	1982	13
655	2	313	26
655	2	1043	33
655	2	1617	13
656	2	313	26
656	2	887	33
656	2	1356	13
657	2	313	26
657	2	626	33
658	2	313	26
658	2	782	33
658	2	1148	13
659	2	313	26
659	2	1461	13
660	2	313	26
661	2	313	26
661	2	574	33
661	2	1148	13
662	2	313	26
662	2	782	33
662	2	1408	13
663	2	313	26
663	2	1513	13
664	2	313	26
664	2	574	33
664	2	1148	13
665	2	313	26
665	2	574	33
665	2	1148	13
666	2	313	26
666	2	574	33
666	2	1148	13
667	2	313	26
667	2	574	33
668	2	313	26
668	2	1408	13
669	2	313	26
669	2	1304	13
670	2	313	26
670	2	1304	13
671	2	313	26
672	2	313	26
672	2	1617	13
673	2	313	26
673	2	1200	13
674	2	313	26
674	2	939	33
674	2	1356	13
675	2	313	26
675	2	1252	13
676	2	313	26
676	2	574	33
676	2	1148	13
677	2	313	26
677	2	1043	33
677	2	1617	13
678	2	313	26
678	2	626	33
678	2	1356	13
679	2	313	26
680	2	313	26
680	2	1148	13
681	2	313	26
682	2	313	26
682	2	678	33
682	2	2139	13
683	2	313	26
684	2	313	26
684	2	1095	33
684	2	1722	13
685	2	313	26
685	2	782	33
686	2	313	26
686	2	626	33
687	2	313	26
688	2	313	26
688	2	1722	13
689	2	313	26
689	2	1513	13
690	2	313	26
690	2	678	33
691	2	313	26
691	2	574	33
691	2	1148	13
692	2	313	26
692	2	834	33
692	2	1148	13
693	2	313	26
693	2	834	33
693	2	1304	13
694	2	313	26
694	2	678	33
694	2	1148	13
695	2	313	26
695	2	574	33
695	2	1200	13
696	2	313	26
697	2	313	26
697	2	626	33
697	2	1148	13
698	2	313	26
699	2	313	26
699	2	887	33
699	2	1408	13
700	2	313	26
700	2	730	33
701	2	313	26
701	2	1043	33
701	2	1304	13
702	2	313	26
702	2	834	33
703	2	313	26
703	2	626	33
703	2	1148	13
704	2	313	26
705	2	313	26
705	2	1461	13
706	2	313	26
706	2	574	33
706	2	1200	13
707	2	313	26
707	2	574	33
707	2	1565	13
708	2	313	26
708	2	1408	13
709	2	313	26
709	2	730	33
709	2	1148	13
710	2	313	26
710	2	626	33
710	2	1148	13
711	2	313	26
711	2	1408	13
712	2	313	26
712	2	1200	13
712	2	1669	33
713	2	313	26
714	2	313	26
714	2	574	33
714	2	1148	13
715	2	313	26
715	2	1095	33
716	2	313	26
716	2	574	33
716	2	1148	13
717	2	313	26
717	2	1252	13
717	2	1565	33
718	2	313	26
718	2	574	33
718	2	1148	13
719	2	313	26
720	2	313	26
721	2	313	26
721	2	939	33
721	2	1200	13
722	2	313	26
722	2	574	33
722	2	1148	13
723	2	313	26
723	2	1878	13
724	2	313	26
725	2	313	26
725	2	730	33
725	2	1200	13
726	2	313	26
726	2	939	33
726	2	1252	13
727	2	313	26
728	2	313	26
729	2	313	26
729	2	678	33
730	2	313	26
730	2	887	33
730	2	1565	13
731	2	313	26
731	2	574	33
731	2	1148	13
732	2	313	26
732	2	678	33
733	2	313	26
733	2	626	33
733	2	1148	13
734	2	313	26
734	2	574	33
734	2	1148	13
735	2	313	26
736	2	313	26
737	2	313	26
737	2	626	33
737	2	1200	13
738	2	313	26
738	2	678	33
738	2	1148	13
739	2	313	26
739	2	1461	13
740	2	313	26
741	2	313	26
741	2	678	33
742	2	313	26
742	2	574	33
742	2	1148	13
743	2	313	26
743	2	574	33
743	2	1200	13
744	2	313	26
744	2	1461	13
745	2	313	26
746	2	313	26
747	2	313	26
747	2	939	33
747	2	1669	13
748	2	313	26
749	2	313	26
750	2	313	26
750	2	782	33
751	2	313	26
752	2	313	26
752	2	1148	13
752	2	1565	33
753	2	313	26
753	2	574	33
753	2	1148	13
754	2	313	26
754	2	574	33
754	2	1148	13
755	2	313	26
755	2	574	33
755	2	1148	13
756	2	313	26
756	2	574	33
756	2	1148	13
757	2	313	26
758	2	313	26
758	2	574	33
758	2	1148	13
759	2	313	26
760	2	313	26
760	2	834	33
761	2	313	26
761	2	939	33
762	2	313	26
762	2	834	33
762	2	1461	13
763	2	313	26
763	2	1565	13
764	2	313	26
764	2	887	33
765	2	313	26
765	2	574	33
765	2	1304	13
766	2	313	26
766	2	626	33
767	2	313	26
767	2	1513	13
768	2	313	26
769	2	313	26
770	2	313	26
771	2	313	26
771	2	1513	13
772	2	313	26
773	2	313	26
774	2	313	26
774	2	574	33
774	2	1148	13
775	2	313	26
776	2	313	26
776	2	574	33
776	2	1148	13
777	2	313	26
778	2	313	26
778	2	678	33
778	2	1565	13
779	2	313	26
780	2	313	26
780	2	626	33
781	2	313	26
781	2	730	33
781	2	1148	13
782	2	313	26
782	2	730	33
783	2	313	26
784	2	313	26
784	2	574	33
784	2	1148	13
785	2	313	26
785	2	730	33
786	2	313	26
787	2	313	26
788	2	313	26
788	2	626	33
788	2	1304	13
789	2	313	26
789	2	1356	13
790	2	313	26
790	2	1200	13
791	2	313	26
792	2	313	26
792	2	574	33
793	2	313	26
793	2	574	33
793	2	1148	13
794	2	313	26
794	2	574	33
794	2	1408	13
795	2	313	26
796	2	313	26
797	2	313	26
797	2	574	33
797	2	1722	13
798	2	313	26
798	2	1565	13
799	2	313	26
800	2	313	26
801	2	313	26
802	2	313	26
802	2	678	33
802	2	1356	13
803	2	313	26
803	2	678	33
803	2	1148	13
804	2	313	26
804	2	782	33
804	2	2139	13
805	2	313	26
806	2	313	26
807	2	313	26
807	2	574	33
807	2	1148	13
808	2	313	26
809	2	313	26
810	2	313	26
810	2	574	33
810	2	1148	13
811	2	313	26
811	2	574	33
811	2	1252	13
812	2	313	26
812	2	574	33
812	2	1148	13
813	2	313	26
813	2	782	33
813	2	1722	13
814	2	313	26
814	2	782	33
815	2	313	26
815	2	574	33
816	2	313	26
816	2	1461	13
817	2	313	26
818	2	313	26
818	2	834	33
818	2	1408	13
819	2	313	26
820	2	313	26
820	2	939	33
821	2	313	26
821	2	1617	13
822	2	313	26
822	2	574	33
822	2	1148	13
823	2	313	26
823	2	574	33
823	2	1148	13
824	2	313	26
824	2	1252	13
825	2	313	26
825	2	1148	13
825	2	1617	33
826	2	313	26
826	2	1304	13
827	2	313	26
828	2	313	26
828	2	1722	13
829	2	313	26
830	2	313	26
830	2	1565	13
831	2	313	26
831	2	626	33
831	2	1148	13
832	2	313	26
832	2	574	33
832	2	1148	13
833	2	313	26
833	2	1617	13
834	2	313	26
834	2	626	33
834	2	1148	13
835	2	313	26
835	2	887	33
836	2	313	26
837	2	313	26
838	2	313	26
838	2	574	33
838	2	1148	13
839	2	313	26
840	2	313	26
840	2	574	33
840	2	1148	13
841	2	313	26
841	2	574	33
842	2	313	26
842	2	939	33
842	2	1408	13
843	2	313	26
843	2	574	33
843	2	1148	13
844	2	313	26
845	2	313	26
846	2	313	26
847	2	313	26
847	2	1565	13
848	2	313	26
848	2	574	33
848	2	1148	13
849	2	313	26
850	2	313	26
850	2	574	33
850	2	1148	13
851	2	313	26
852	2	313	26
853	2	313	26
854	2	313	26
854	2	1304	13
855	2	313	26
855	2	678	33
856	2	313	26
856	2	834	33
857	2	313	26
858	2	313	26
858	2	834	33
858	2	1356	13
859	2	313	26
860	2	313	26
861	2	313	26
861	2	626	33
862	2	313	26
863	2	313	26
863	2	626	33
863	2	1148	13
864	2	313	26
864	2	574	33
864	2	1148	13
865	2	313	26
865	2	574	33
865	2	1200	13
866	2	313	26
866	2	574	33
866	2	1148	13
867	2	313	26
867	2	1356	13
868	2	313	26
868	2	626	33
868	2	1200	13
869	2	313	26
869	2	1148	13
870	2	313	26
870	2	1513	13
871	2	313	26
871	2	1461	13
872	2	313	26
873	2	313	26
873	2	574	33
873	2	1148	13
874	2	313	26
875	2	313	26
875	2	574	33
875	2	1252	13
876	2	313	26
876	2	574	33
877	2	313	26
877	2	574	33
877	2	1148	13
878	2	313	26
878	2	1617	13
879	2	313	26
879	2	730	33
880	2	313	26
880	2	574	33
880	2	1148	13
881	2	313	26
882	2	313	26
882	2	1669	13
883	2	313	26
884	2	313	26
884	2	574	33
884	2	1722	13
885	2	313	26
885	2	574	33
885	2	1148	13
886	2	313	26
886	2	2191	13
887	2	313	26
887	2	782	33
887	2	1304	13
888	2	313	26
889	2	313	26
890	2	313	26
890	2	1722	13
891	2	313	26
891	2	626	33
891	2	1148	13
892	2	313	26
893	2	313	26
893	2	730	33
894	2	313	26
894	2	678	33
894	2	2243	13
895	2	313	26
895	2	939	33
896	2	313	26
896	2	574	33
896	2	1669	13
897	2	313	26
897	2	626	33
897	2	1200	13
898	2	313	26
898	2	626	33
898	2	1148	13
899	2	313	26
899	2	626	33
899	2	1148	13
900	2	313	26
900	2	1461	13
901	2	313	26
901	2	574	33
901	2	1304	13
902	2	313	26
902	2	1095	33
902	2	1356	13
903	2	313	26
903	2	626	33
903	2	1148	13
904	2	313	26
905	2	313	26
906	2	313	26
906	2	574	33
907	2	313	26
908	2	313	26
908	2	626	33
908	2	1148	13
909	2	313	26
910	2	313	26
910	2	1461	13
911	2	313	26
912	2	313	26
912	2	574	33
913	2	313	26
914	2	313	26
914	2	1148	13
914	2	1722	33
915	2	313	26
915	2	1669	13
916	2	313	26
916	2	574	33
916	2	1148	13
917	2	313	26
917	2	939	33
918	2	313	26
918	2	1617	13
919	2	313	26
920	2	313	26
920	2	1617	13
921	2	313	26
922	2	313	26
922	2	834	33
922	2	2243	13
923	2	313	26
924	2	313	26
924	2	678	33
924	2	1148	13
925	2	313	26
925	2	626	33
925	2	1513	13
926	2	313	26
926	2	678	33
926	2	1148	13
927	2	313	26
927	2	1200	13
927	2	1669	33
928	2	313	26
929	2	313	26
929	2	626	33
929	2	1252	13
930	2	313	26
931	2	313	26
931	2	574	33
931	2	1148	13
932	2	313	26
932	2	1565	13
933	2	313	26
933	2	1617	13
934	2	313	26
934	2	1461	13
935	2	313	26
935	2	574	33
935	2	1148	13
936	2	313	26
936	2	2191	13
937	2	313	26
938	2	313	26
938	2	1356	13
939	2	313	26
940	2	313	26
940	2	834	33
940	2	1200	13
941	2	313	26
941	2	574	33
941	2	1148	13
942	2	313	26
942	2	574	33
942	2	1148	13
943	2	313	26
944	2	313	26
944	2	1252	13
945	2	313	26
946	2	313	26
946	2	1148	13
947	2	313	26
947	2	626	33
947	2	1148	13
948	2	313	26
948	2	574	33
948	2	1148	13
949	2	313	26
949	2	574	33
949	2	1148	13
950	2	313	26
950	2	574	33
950	2	1148	13
951	2	313	26
952	2	313	26
953	2	313	26
953	2	574	33
953	2	1148	13
954	2	313	26
954	2	574	33
954	2	1148	13
955	2	313	26
956	2	313	26
957	2	313	26
958	2	313	26
959	2	313	26
960	2	313	26
960	2	834	33
960	2	1356	13
961	2	313	26
961	2	678	33
961	2	1252	13
962	2	313	26
963	2	313	26
963	2	626	33
964	2	313	26
964	2	626	33
964	2	1148	13
965	2	313	26
965	2	1252	13
966	2	313	26
966	2	574	33
966	2	1252	13
967	2	313	26
968	2	313	26
968	2	678	33
968	2	2243	13
969	2	313	26
969	2	939	33
969	2	1408	13
970	2	313	26
971	2	313	26
971	2	574	33
971	2	1148	13
972	2	313	26
972	2	574	33
972	2	1148	13
973	2	313	26
973	2	834	33
974	2	313	26
974	2	730	33
975	2	313	26
976	2	313	26
976	2	782	33
976	2	1200	13
977	2	313	26
978	2	313	26
978	2	574	33
978	2	1148	13
979	2	313	26
979	2	1722	13
980	2	313	26
981	2	313	26
981	2	1043	33
981	2	1356	13
982	2	313	26
982	2	730	33
983	2	313	26
983	2	574	33
983	2	1148	13
984	2	313	26
984	2	1356	13
985	2	313	26
985	2	1408	13
986	2	313	26
987	2	313	26
988	2	313	26
988	2	626	33
988	2	2295	13
989	2	313	26
989	2	574	33
989	2	2035	13
990	2	313	26
991	2	313	26
992	2	313	26
993	2	313	26
994	2	313	26
995	2	313	26
995	2	574	33
995	2	1148	13
996	2	313	26
997	2	313	26
998	2	313	26
998	2	678	33
998	2	1148	13
999	2	313	26
0	3	626	20
0	3	678	29
0	3	991	30
0	3	2191	9
1	3	626	20
1	3	678	29
1	3	991	30
2	3	521	29
3	3	1408	20
3	3	1461	30
3	3	2139	9
4	3	626	29
4	3	991	20
4	3	1356	9
4	3	1669	12
4	3	1982	30
5	3	678	29
5	3	939	20
6	3	678	29
6	3	939	20
7	3	887	29
7	3	1148	20
7	3	1722	9
8	3	887	29
8	3	1148	20
8	3	1408	9
8	3	1669	12
9	3	1356	29
10	3	574	29
10	3	834	20
10	3	2243	9
12	3	2035	29
13	3	2035	29
14	3	521	29
14	3	782	20
15	3	521	29
15	3	887	20
16	3	626	29
16	3	887	20
17	3	626	29
17	3	887	20
17	3	2035	9
17	3	2295	12
18	3	626	30
18	3	887	20
19	3	1878	29
20	3	574	29
20	3	1148	20
20	3	1722	9
21	3	469	29
21	3	730	20
22	3	939	29
22	3	1565	20
23	3	626	29
23	3	887	20
24	3	521	29
24	3	782	20
24	3	2087	9
25	3	1722	29
26	3	782	29
26	3	1617	20
27	3	574	29
27	3	834	20
28	3	834	29
28	3	1095	20
28	3	1356	9
28	3	1722	12
29	3	782	29
29	3	2295	20
30	3	1565	30
30	3	2295	20
31	3	678	29
31	3	939	20
32	3	1148	30
32	3	1461	20
33	3	574	29
33	3	1617	20
34	3	521	29
34	3	1408	20
34	3	2191	9
35	3	626	29
35	3	887	20
35	3	2087	9
36	3	730	29
36	3	991	20
36	3	1722	9
37	3	730	29
38	3	678	29
39	3	678	29
39	3	1408	20
40	3	626	29
40	3	887	20
40	3	1252	9
40	3	1565	12
40	3	1930	30
41	3	782	29
41	3	1200	20
41	3	1982	9
41	3	2295	12
42	3	678	29
42	3	1304	20
42	3	1722	9
43	3	521	29
43	3	834	20
44	3	1774	29
45	3	678	29
45	3	1148	20
46	3	626	29
46	3	887	20
47	3	834	29
47	3	1669	20
48	3	2087	29
49	3	574	29
49	3	834	20
49	3	1461	9
49	3	1722	12
50	3	1722	29
51	3	1774	29
52	3	887	29
53	3	678	29
53	3	939	20
53	3	1513	9
53	3	1826	12
53	3	2139	30
55	3	730	29
56	3	1356	29
57	3	574	29
57	3	834	20
57	3	1148	9
57	3	1461	12
57	3	1774	30
58	3	678	29
58	3	991	20
58	3	1408	9
59	3	574	29
59	3	834	20
59	3	1565	9
59	3	2295	12
60	3	1252	29
61	3	678	29
61	3	939	20
62	3	626	29
62	3	887	20
62	3	1565	9
62	3	2295	12
63	3	834	29
63	3	1095	20
63	3	1565	9
64	3	2295	29
65	3	521	29
65	3	2035	20
66	3	1565	30
66	3	2295	20
67	3	730	29
67	3	1148	20
67	3	1513	9
68	3	1669	29
69	3	626	29
69	3	1513	20
70	3	626	29
71	3	1356	29
71	3	1617	20
72	3	1982	29
73	3	1774	29
74	3	626	29
75	3	678	29
75	3	939	20
76	3	1617	29
77	3	1617	29
78	3	1617	29
79	3	730	29
79	3	1878	20
80	3	782	29
80	3	1043	20
81	3	574	29
82	3	678	29
82	3	2295	20
83	3	887	29
84	3	678	29
84	3	939	20
85	3	1669	29
86	3	834	29
87	3	469	29
87	3	730	20
87	3	1200	9
87	3	1565	12
87	3	1878	30
88	3	678	29
88	3	1148	20
89	3	678	29
89	3	1356	20
90	3	1565	30
91	3	678	29
92	3	574	29
92	3	834	20
92	3	2139	9
93	3	1617	29
94	3	1774	29
95	3	782	29
96	3	939	29
96	3	1408	20
96	3	2295	9
97	3	1722	29
98	3	1722	29
99	3	1461	29
99	3	1722	20
100	3	1722	29
101	3	782	29
102	3	678	29
102	3	1408	20
103	3	834	29
104	3	521	29
104	3	1043	20
104	3	1565	9
105	3	2139	29
106	3	782	29
106	3	1043	20
106	3	1356	9
106	3	1722	12
106	3	2087	30
107	3	626	29
107	3	887	20
107	3	1408	9
107	3	2243	12
108	3	626	29
108	3	887	20
109	3	1513	30
110	3	626	29
110	3	887	20
110	3	1408	9
111	3	782	29
112	3	626	29
113	3	521	29
113	3	782	20
114	3	626	29
115	3	1669	29
116	3	1669	29
116	3	2139	20
117	3	1669	29
118	3	1252	30
118	3	1565	20
119	3	1565	20
119	3	1617	30
120	3	782	29
120	3	2295	20
121	3	1356	29
122	3	678	29
122	3	939	20
122	3	1356	9
122	3	2243	12
123	3	2087	29
124	3	678	29
124	3	939	20
125	3	626	29
125	3	887	20
125	3	1565	9
126	3	521	29
126	3	782	20
126	3	1148	30
126	3	1408	9
127	3	626	29
127	3	887	20
127	3	1513	9
128	3	626	29
128	3	887	20
128	3	1304	9
129	3	1304	29
130	3	521	29
130	3	887	20
131	3	626	29
131	3	1095	20
131	3	1408	9
131	3	1982	12
132	3	626	29
132	3	887	20
133	3	782	29
133	3	1513	20
134	3	1252	29
134	3	1565	20
135	3	574	29
135	3	834	20
135	3	1617	9
136	3	521	29
136	3	782	20
136	3	1095	30
136	3	1356	9
136	3	1617	12
137	3	730	29
137	3	1408	20
138	3	626	29
138	3	887	20
138	3	1148	9
138	3	1617	12
138	3	1930	30
139	3	678	29
139	3	939	20
139	3	1304	9
139	3	1565	12
139	3	1878	30
140	3	1722	29
141	3	574	29
141	3	834	20
141	3	1200	9
141	3	1461	12
141	3	1774	30
142	3	626	29
143	3	1513	30
144	3	2243	29
145	3	1408	30
145	3	1669	20
146	3	626	29
146	3	887	20
146	3	2139	9
147	3	834	29
147	3	1200	20
147	3	2191	9
148	3	1669	29
149	3	626	29
149	3	887	20
149	3	1461	9
149	3	1722	12
150	3	521	29
150	3	834	20
150	3	2295	9
151	3	1304	29
151	3	1878	20
152	3	574	29
152	3	1043	20
152	3	1408	9
152	3	2295	12
153	3	574	29
153	3	1878	20
154	3	626	29
154	3	887	20
154	3	1356	9
154	3	1669	12
155	3	574	29
155	3	834	20
155	3	1774	9
155	3	2035	12
156	3	574	29
156	3	834	20
156	3	1565	9
156	3	2243	12
158	3	521	29
158	3	939	20
158	3	1461	9
159	3	626	29
159	3	887	20
159	3	1356	9
159	3	1930	12
159	3	2243	30
160	3	782	29
160	3	1043	20
161	3	1669	29
162	3	1200	30
162	3	1461	20
163	3	1669	29
164	3	521	29
164	3	887	20
165	3	521	29
165	3	887	20
165	3	1408	9
166	3	1878	29
167	3	626	29
169	3	626	20
169	3	678	29
170	3	626	29
170	3	887	20
170	3	1148	9
170	3	1513	12
170	3	1826	30
171	3	678	29
172	3	1200	30
172	3	1461	20
173	3	1617	29
174	3	939	29
174	3	1408	20
175	3	834	29
175	3	1148	20
175	3	1774	9
175	3	2243	12
176	3	574	29
176	3	834	20
177	3	1826	29
179	3	626	29
179	3	939	20
179	3	1669	9
180	3	2295	29
181	3	574	29
181	3	834	20
182	3	939	29
183	3	574	29
183	3	834	20
183	3	2087	9
184	3	1304	29
185	3	782	29
185	3	1043	20
185	3	1408	9
187	3	887	29
187	3	1356	20
188	3	2139	29
189	3	626	29
189	3	1148	20
189	3	1722	9
189	3	2191	12
190	3	1408	29
190	3	1669	20
191	3	678	29
191	3	939	20
192	3	678	29
192	3	991	20
192	3	1565	9
193	3	574	29
193	3	1408	20
193	3	1878	9
194	3	678	29
196	3	574	29
196	3	834	20
196	3	1148	9
196	3	1408	12
196	3	1722	30
198	3	730	29
198	3	1148	20
199	3	574	29
199	3	834	20
199	3	1408	9
199	3	2035	12
200	3	1252	30
200	3	1565	20
201	3	1826	29
202	3	887	29
202	3	1200	20
203	3	626	29
203	3	1200	20
204	3	626	29
204	3	887	20
205	3	730	29
206	3	574	29
206	3	834	20
206	3	1148	30
206	3	1408	9
206	3	1669	12
207	3	678	29
207	3	939	20
207	3	2035	9
208	3	574	29
208	3	834	20
208	3	1722	9
210	3	574	29
210	3	991	20
211	3	1722	29
212	3	782	29
212	3	1513	20
213	3	1722	29
214	3	834	29
215	3	1513	20
215	3	1565	30
216	3	939	29
217	3	574	29
217	3	1513	20
218	3	834	29
218	3	1200	20
218	3	1617	9
220	3	1669	29
221	3	678	29
221	3	1148	20
222	3	887	29
223	3	626	29
224	3	730	29
224	3	1461	20
225	3	626	29
225	3	887	20
225	3	1252	9
225	3	1565	12
225	3	2035	30
226	3	521	29
226	3	834	20
226	3	1408	9
227	3	834	29
227	3	2139	20
228	3	574	29
228	3	834	20
228	3	1304	9
228	3	1617	12
229	3	678	29
229	3	1200	20
229	3	1722	9
230	3	521	29
230	3	782	20
231	3	521	29
231	3	782	20
232	3	626	29
232	3	887	20
232	3	1356	9
233	3	1513	30
233	3	1774	20
235	3	1669	29
236	3	730	29
236	3	2139	20
237	3	939	29
239	3	1408	29
240	3	626	29
240	3	887	20
240	3	1513	9
240	3	1878	12
240	3	2191	30
241	3	574	29
241	3	1304	20
241	3	1565	9
242	3	626	29
242	3	1043	20
242	3	1669	9
243	3	521	29
243	3	782	20
243	3	1252	9
243	3	1565	12
243	3	1878	30
244	3	521	29
244	3	782	20
245	3	1304	29
246	3	2243	29
247	3	2295	29
248	3	574	29
248	3	834	20
249	3	626	29
249	3	887	20
250	3	574	29
250	3	834	20
250	3	1252	9
250	3	1669	12
250	3	1982	30
251	3	782	29
251	3	1148	20
252	3	2139	29
253	3	574	29
255	3	1356	29
256	3	521	29
256	3	1356	20
257	3	1252	29
258	3	626	20
258	3	678	29
258	3	991	30
258	3	2087	9
259	3	574	29
259	3	834	20
260	3	678	29
260	3	939	20
262	3	1095	20
262	3	1252	30
262	3	1669	9
263	3	782	29
264	3	730	29
264	3	2035	20
265	3	678	29
265	3	939	20
266	3	574	29
266	3	1148	20
267	3	574	29
267	3	834	20
268	3	1148	20
268	3	1304	29
269	3	730	29
269	3	991	20
269	3	1461	9
270	3	782	29
271	3	782	29
271	3	1043	20
271	3	1617	9
271	3	2191	12
272	3	521	29
272	3	782	20
272	3	1304	9
272	3	1565	12
272	3	1878	30
274	3	1304	29
275	3	1669	29
277	3	2087	29
278	3	1669	29
279	3	1617	29
280	3	574	29
280	3	1930	20
281	3	2139	29
282	3	1669	29
283	3	1565	20
283	3	1617	29
284	3	626	29
284	3	887	20
284	3	1148	9
284	3	1408	12
284	3	1722	30
285	3	1408	20
285	3	1513	30
286	3	574	29
286	3	834	20
286	3	1461	9
286	3	1722	12
286	3	2035	30
287	3	1565	30
288	3	678	29
288	3	939	20
289	3	2087	29
291	3	782	29
292	3	1617	29
292	3	2035	20
293	3	574	29
293	3	834	20
293	3	1200	9
293	3	1565	12
293	3	1930	30
294	3	626	29
294	3	939	20
295	3	1304	30
295	3	2035	20
296	3	574	29
296	3	834	20
297	3	678	29
298	3	834	29
298	3	1408	20
299	3	626	29
299	3	887	20
300	3	1669	29
300	3	2295	20
301	3	574	29
301	3	834	20
302	3	626	29
302	3	939	20
302	3	2191	9
303	3	521	29
303	3	782	20
303	3	1148	9
303	3	1408	12
303	3	1722	30
304	3	574	29
304	3	834	20
306	3	626	30
306	3	887	20
306	3	1408	9
307	3	521	29
308	3	574	29
309	3	574	29
309	3	834	20
309	3	1148	9
309	3	1513	12
309	3	1826	30
310	3	730	29
310	3	991	20
310	3	1304	9
310	3	1565	12
310	3	1930	30
311	3	939	29
312	3	887	29
313	3	730	29
314	3	1617	29
315	3	626	29
315	3	1252	20
315	3	1722	9
317	3	1356	30
318	3	1669	29
319	3	1356	29
320	3	1565	30
321	3	678	29
321	3	939	20
322	3	574	29
322	3	887	20
323	3	1982	29
324	3	1617	30
325	3	1461	30
326	3	626	29
326	3	887	20
326	3	2295	9
327	3	1408	30
327	3	1669	20
328	3	678	29
329	3	1669	29
330	3	678	29
330	3	1095	20
330	3	1617	9
331	3	678	29
331	3	939	20
332	3	678	29
332	3	1200	20
332	3	1669	9
333	3	626	29
333	3	887	20
333	3	1826	9
333	3	2243	12
334	3	1617	29
335	3	626	29
335	3	887	20
335	3	2139	9
336	3	678	29
336	3	939	20
337	3	1513	29
338	3	1513	29
339	3	730	29
339	3	1878	20
340	3	1356	20
340	3	1513	30
341	3	1461	30
341	3	1722	20
342	3	574	29
342	3	834	20
342	3	1252	9
342	3	1513	12
343	3	626	29
343	3	887	20
343	3	1513	9
344	3	2191	29
345	3	574	29
345	3	991	20
345	3	1617	9
346	3	678	29
346	3	939	20
346	3	1408	9
346	3	2087	12
347	3	730	29
347	3	1513	20
348	3	626	29
348	3	887	20
348	3	1722	9
349	3	626	29
349	3	887	20
349	3	1304	9
349	3	1565	12
351	3	626	29
352	3	782	29
352	3	1148	20
353	3	678	29
353	3	939	20
354	3	521	29
354	3	782	20
354	3	1095	30
354	3	1356	9
354	3	1617	12
355	3	782	29
356	3	939	29
356	3	1878	20
357	3	626	29
357	3	1513	20
358	3	1304	29
358	3	1669	20
360	3	626	29
361	3	574	29
361	3	991	20
361	3	2295	9
362	3	2295	29
364	3	626	29
364	3	887	20
365	3	1669	29
366	3	730	29
366	3	1513	20
367	3	574	29
367	3	939	20
368	3	626	29
368	3	887	20
368	3	1148	9
368	3	1408	12
368	3	1722	30
369	3	626	29
369	3	887	20
369	3	1252	9
369	3	1669	12
370	3	1878	29
371	3	574	29
371	3	834	20
372	3	730	29
372	3	1304	20
373	3	834	29
374	3	1669	29
374	3	2295	20
375	3	1461	30
376	3	626	29
377	3	1565	30
377	3	1982	20
378	3	887	29
378	3	1565	20
379	3	730	29
379	3	1148	20
379	3	1722	9
380	3	626	29
381	3	730	29
382	3	678	29
382	3	939	20
383	3	1617	29
384	3	678	29
384	3	939	20
385	3	782	29
386	3	678	29
387	3	574	29
387	3	887	20
387	3	1356	9
387	3	1617	12
387	3	2035	30
389	3	678	29
389	3	939	20
390	3	626	29
390	3	887	20
390	3	2087	9
391	3	678	29
391	3	939	20
391	3	1982	9
392	3	782	29
393	3	574	29
393	3	834	20
394	3	626	29
395	3	939	30
396	3	626	29
396	3	887	20
396	3	1148	9
396	3	1408	12
396	3	1722	30
397	3	1461	30
397	3	1722	20
398	3	521	29
399	3	574	29
399	3	834	20
400	3	678	29
400	3	939	20
402	3	782	29
402	3	1200	20
402	3	1722	9
403	3	2243	29
404	3	730	29
404	3	2191	20
405	3	1408	29
406	3	626	29
406	3	887	20
407	3	730	29
407	3	1461	20
409	3	1617	29
410	3	1565	29
410	3	2035	20
411	3	521	29
411	3	782	20
411	3	1200	9
411	3	1461	12
411	3	1774	30
412	3	678	29
412	3	939	20
412	3	1200	9
412	3	1461	12
412	3	1774	30
413	3	626	29
413	3	887	20
413	3	1148	9
413	3	1408	12
413	3	1722	30
414	3	626	29
414	3	1095	20
414	3	1878	9
414	3	2191	12
415	3	730	29
415	3	991	20
415	3	1722	9
416	3	1565	29
417	3	626	29
417	3	887	20
417	3	2295	9
418	3	626	29
418	3	939	20
418	3	1252	9
418	3	1565	12
419	3	469	29
419	3	887	20
419	3	1356	9
419	3	1722	12
420	3	678	29
420	3	1461	20
422	3	887	29
423	3	1095	30
423	3	1356	20
423	3	1722	9
424	3	574	29
424	3	834	20
424	3	1148	9
424	3	1513	12
424	3	1826	30
425	3	782	29
425	3	2191	20
426	3	678	29
426	3	1408	20
426	3	2243	9
428	3	574	29
428	3	834	20
429	3	574	29
429	3	1200	20
429	3	1617	9
430	3	574	29
430	3	939	20
431	3	574	29
431	3	834	20
431	3	1513	9
432	3	730	29
432	3	1043	20
432	3	1461	9
432	3	2087	12
433	3	782	29
433	3	1565	20
434	3	678	29
434	3	939	20
434	3	1200	9
434	3	1461	12
434	3	1774	30
435	3	521	29
435	3	782	20
435	3	1461	9
436	3	678	29
436	3	939	20
436	3	1304	9
436	3	1617	12
436	3	2087	30
437	3	574	29
437	3	834	20
437	3	1878	9
438	3	730	29
438	3	1095	20
438	3	1565	9
439	3	887	29
440	3	626	29
440	3	2139	20
441	3	1722	29
442	3	730	29
442	3	1408	20
443	3	939	29
444	3	1669	29
445	3	626	29
445	3	887	20
445	3	1826	9
445	3	2295	12
446	3	678	29
446	3	2243	20
447	3	1669	29
448	3	1722	29
451	3	678	29
451	3	1200	20
451	3	1722	9
451	3	2139	12
452	3	730	29
452	3	2295	20
453	3	574	29
453	3	834	20
453	3	1148	30
453	3	1408	9
453	3	1669	12
454	3	1617	29
455	3	1252	30
455	3	1722	20
456	3	1565	20
456	3	1617	30
457	3	730	29
458	3	1513	29
459	3	2243	29
460	3	626	29
460	3	887	20
461	3	574	29
461	3	834	20
461	3	1461	9
462	3	626	29
462	3	1826	20
463	3	626	29
463	3	991	20
463	3	1408	9
463	3	1774	12
463	3	2087	30
464	3	1148	30
464	3	1408	20
465	3	626	29
465	3	887	20
466	3	626	29
466	3	887	20
467	3	521	29
467	3	834	20
467	3	2191	9
468	3	626	29
468	3	887	20
469	3	574	29
469	3	834	20
469	3	1304	9
469	3	1722	12
469	3	2191	30
470	3	1252	29
471	3	1252	29
471	3	1826	20
472	3	574	29
472	3	834	20
473	3	574	29
473	3	1408	20
474	3	574	29
474	3	834	20
474	3	1408	9
475	3	939	29
476	3	1565	29
477	3	626	29
478	3	834	29
480	3	1252	29
481	3	626	29
481	3	991	20
481	3	1252	9
481	3	1513	12
481	3	1826	30
482	3	834	29
483	3	1826	29
485	3	1408	29
486	3	1356	30
486	3	1722	20
487	3	626	29
487	3	887	20
488	3	1461	30
489	3	626	29
489	3	887	20
489	3	1148	9
489	3	1513	12
490	3	782	29
490	3	1043	20
490	3	1565	9
490	3	2087	12
491	3	730	29
491	3	1826	20
492	3	1252	30
492	3	1513	20
492	3	1774	9
492	3	2295	12
493	3	939	30
494	3	574	29
494	3	834	20
495	3	1148	20
495	3	1200	30
496	3	521	29
496	3	1095	20
496	3	1565	9
496	3	2139	12
497	3	521	29
497	3	834	20
498	3	626	29
499	3	782	29
500	3	626	29
500	3	887	20
500	3	1148	9
500	3	1408	12
500	3	1722	30
501	3	1617	29
502	3	1200	30
502	3	1461	20
503	3	626	29
503	3	887	20
503	3	1148	9
503	3	1408	12
503	3	1722	30
504	3	1774	29
505	3	1617	29
506	3	1252	29
507	3	1774	29
508	3	626	20
508	3	730	29
508	3	1148	9
508	3	1878	12
508	3	2191	30
512	3	1200	30
512	3	1461	20
512	3	2087	9
513	3	1252	29
513	3	1513	20
514	3	678	29
514	3	939	20
515	3	574	29
515	3	834	20
515	3	1356	9
515	3	1878	12
515	3	2191	30
516	3	1669	29
517	3	1617	29
517	3	2295	20
518	3	1304	30
518	3	1669	20
519	3	574	29
519	3	887	20
519	3	1461	9
520	3	626	29
520	3	2087	20
521	3	626	29
521	3	887	20
521	3	1408	9
522	3	1043	30
522	3	1304	20
522	3	1565	9
523	3	730	29
523	3	991	20
523	3	2191	9
525	3	626	29
525	3	939	20
525	3	1356	9
525	3	1617	12
526	3	2139	29
527	3	574	29
527	3	834	20
528	3	626	29
528	3	887	20
529	3	626	20
529	3	678	29
529	3	991	30
529	3	1252	9
529	3	1513	12
530	3	1304	30
530	3	1722	20
531	3	1304	30
531	3	1565	20
532	3	939	29
532	3	1617	20
534	3	626	20
534	3	678	29
534	3	991	30
534	3	1304	9
534	3	1565	12
535	3	1669	29
536	3	1565	29
537	3	730	29
537	3	1356	20
538	3	574	29
538	3	834	20
538	3	1461	9
539	3	626	29
539	3	887	20
540	3	678	29
541	3	521	29
541	3	782	20
542	3	887	29
542	3	1565	20
543	3	1252	30
543	3	1513	20
543	3	2139	9
544	3	521	29
544	3	939	20
544	3	1304	9
544	3	1565	12
544	3	2087	30
545	3	626	29
546	3	1461	30
546	3	1722	20
547	3	678	29
547	3	1043	20
547	3	1461	9
547	3	1930	12
547	3	2243	30
548	3	1565	29
549	3	1408	30
549	3	1669	20
550	3	626	30
550	3	887	20
550	3	1148	9
550	3	1408	12
551	3	521	29
551	3	782	20
551	3	1148	30
551	3	1408	9
551	3	1669	12
552	3	1617	29
553	3	730	29
553	3	1617	20
554	3	521	29
554	3	782	20
554	3	1513	9
555	3	574	29
555	3	834	20
555	3	1148	30
555	3	1408	9
555	3	1669	12
556	3	626	29
556	3	1148	20
556	3	1669	9
557	3	1617	29
558	3	469	29
558	3	834	20
559	3	1200	30
559	3	1461	20
560	3	1617	29
561	3	1252	29
562	3	782	29
562	3	1356	20
563	3	678	29
563	3	1148	20
563	3	1669	9
564	3	1617	29
565	3	626	29
565	3	887	20
565	3	1304	9
565	3	1565	12
565	3	1878	30
566	3	678	29
566	3	939	20
567	3	678	29
567	3	1408	20
568	3	574	29
568	3	834	20
568	3	1252	9
568	3	1565	12
569	3	626	29
569	3	1408	20
570	3	1356	30
570	3	1617	20
571	3	574	29
571	3	834	20
572	3	1669	29
573	3	2139	29
574	3	782	29
575	3	574	29
575	3	834	20
575	3	1148	30
575	3	1408	9
575	3	1669	12
576	3	1513	20
576	3	1565	30
577	3	678	29
577	3	939	20
577	3	1513	9
578	3	574	29
579	3	626	29
580	3	1982	29
581	3	1304	30
581	3	1565	20
581	3	2139	9
582	3	730	29
582	3	1617	20
583	3	678	29
583	3	939	20
583	3	1200	9
583	3	1461	12
583	3	1774	30
584	3	574	29
584	3	834	20
585	3	626	29
585	3	887	20
585	3	1148	9
585	3	1408	12
585	3	1722	30
586	3	574	29
586	3	1043	20
586	3	1461	9
587	3	521	29
587	3	782	20
587	3	1095	30
587	3	1356	9
587	3	1617	12
588	3	730	29
588	3	1148	20
589	3	521	29
589	3	887	20
589	3	1408	9
590	3	730	29
590	3	991	20
591	3	1669	29
593	3	574	29
594	3	678	29
594	3	1982	20
595	3	626	29
595	3	887	20
595	3	1252	9
595	3	1513	12
595	3	1826	30
596	3	782	29
596	3	1408	20
597	3	730	29
598	3	574	29
598	3	834	20
598	3	1878	9
599	3	626	29
599	3	887	20
599	3	2139	9
600	3	1669	29
601	3	678	29
601	3	939	20
602	3	1408	29
603	3	626	29
604	3	678	29
604	3	1408	20
604	3	2087	9
605	3	1304	29
606	3	626	29
606	3	1095	20
606	3	1617	9
607	3	574	29
607	3	834	20
607	3	2191	9
608	3	521	29
608	3	887	20
611	3	626	29
611	3	2139	20
612	3	782	29
612	3	1722	20
613	3	1461	29
614	3	1408	30
614	3	1722	20
615	3	834	29
615	3	1669	20
616	3	939	29
616	3	1565	20
617	3	2139	29
619	3	1408	29
620	3	626	29
620	3	887	20
621	3	1200	30
621	3	1461	20
622	3	574	30
622	3	834	20
623	3	1461	29
624	3	521	29
624	3	782	20
625	3	1200	30
625	3	1513	20
626	3	469	29
626	3	1043	20
626	3	1722	9
627	3	626	29
627	3	1148	20
628	3	574	29
628	3	1043	20
629	3	574	29
630	3	730	29
630	3	1408	20
631	3	939	29
631	3	1252	20
631	3	1722	9
631	3	2191	12
632	3	626	29
632	3	887	20
632	3	2139	9
633	3	1722	29
634	3	1408	20
634	3	1461	30
635	3	1669	29
637	3	1669	29
638	3	678	29
639	3	574	29
639	3	887	20
639	3	1408	9
639	3	2243	12
640	3	626	29
641	3	626	29
642	3	1304	30
644	3	678	29
644	3	939	20
645	3	678	29
645	3	1200	20
646	3	626	29
646	3	887	20
646	3	1200	9
646	3	1461	12
646	3	1774	30
647	3	1565	29
648	3	834	29
648	3	1565	20
649	3	834	29
649	3	1095	20
650	3	1669	29
650	3	2295	20
651	3	678	29
652	3	626	29
652	3	1304	20
653	3	782	29
653	3	1148	20
654	3	521	29
655	3	521	29
655	3	1461	20
656	3	574	29
656	3	1200	20
657	3	521	29
657	3	834	20
658	3	782	29
658	3	1043	20
658	3	1356	9
658	3	1669	12
659	3	1461	20
659	3	1513	30
660	3	1513	29
661	3	678	29
661	3	939	20
662	3	574	29
662	3	1095	20
662	3	1461	9
663	3	1304	29
663	3	1565	20
664	3	678	29
664	3	939	20
664	3	1356	9
664	3	1722	12
664	3	2035	30
665	3	678	29
665	3	939	20
666	3	626	29
666	3	887	20
666	3	1826	9
666	3	2295	12
667	3	574	30
667	3	834	20
668	3	1304	29
668	3	1565	20
669	3	1252	30
669	3	1565	20
670	3	887	29
670	3	1565	20
671	3	1722	29
672	3	1252	29
672	3	2295	20
673	3	834	29
674	3	782	29
674	3	1043	20
674	3	1774	9
675	3	1252	29
675	3	1513	20
676	3	626	29
676	3	887	20
676	3	1200	9
676	3	1565	12
676	3	1930	30
677	3	1095	30
677	3	1356	20
677	3	1617	9
678	3	626	29
678	3	887	20
679	3	1513	29
680	3	1252	20
680	3	1304	29
681	3	939	29
682	3	521	29
682	3	1826	20
683	3	1617	29
684	3	1200	30
684	3	1461	20
685	3	678	29
686	3	626	29
686	3	939	20
687	3	1669	30
688	3	1617	29
689	3	1304	29
690	3	521	29
691	3	626	29
691	3	887	20
691	3	1408	9
691	3	1930	12
691	3	2243	30
692	3	730	29
692	3	991	20
692	3	1304	9
692	3	1617	12
693	3	626	29
693	3	1095	20
693	3	1617	9
694	3	834	30
694	3	1095	20
695	3	574	29
695	3	834	20
695	3	1930	9
696	3	782	29
697	3	574	29
697	3	834	20
697	3	1617	9
698	3	1669	29
699	3	834	29
699	3	1461	20
700	3	626	29
701	3	730	29
701	3	1408	20
701	3	2191	9
702	3	678	29
703	3	521	29
703	3	782	20
703	3	1461	9
704	3	1982	29
705	3	730	29
705	3	1617	20
705	3	2139	9
706	3	574	29
706	3	834	20
707	3	626	29
707	3	887	20
708	3	1304	30
708	3	1565	20
709	3	521	29
709	3	887	20
709	3	1513	9
709	3	2295	12
710	3	574	29
710	3	834	20
710	3	1356	9
710	3	1669	12
711	3	1356	29
711	3	1617	20
711	3	2295	9
712	3	678	29
712	3	1461	20
714	3	678	20
714	3	730	29
715	3	678	29
716	3	626	29
716	3	887	20
716	3	1252	9
716	3	1513	12
717	3	834	29
717	3	1200	20
717	3	1722	9
718	3	521	29
718	3	834	20
718	3	1304	9
718	3	1669	12
719	3	574	29
720	3	1356	29
721	3	626	29
721	3	1408	20
722	3	521	29
722	3	782	20
722	3	1148	9
722	3	1408	12
722	3	1722	30
723	3	834	29
724	3	730	29
725	3	834	30
725	3	1095	20
726	3	521	29
726	3	1043	20
726	3	1408	9
727	3	1617	30
728	3	1930	29
729	3	730	29
730	3	626	29
730	3	1617	20
731	3	574	29
731	3	834	20
731	3	2295	9
732	3	730	29
733	3	626	29
733	3	887	20
733	3	1513	9
734	3	521	29
734	3	782	20
734	3	1878	9
734	3	2295	12
736	3	834	29
737	3	626	29
737	3	991	20
737	3	1878	9
737	3	2139	12
738	3	574	29
738	3	991	20
738	3	1461	9
738	3	1722	12
738	3	2035	30
739	3	1304	29
739	3	1565	20
741	3	782	29
741	3	1356	20
742	3	626	29
742	3	887	20
742	3	1148	9
742	3	1617	12
742	3	1982	30
743	3	574	29
743	3	834	20
743	3	2087	9
744	3	1304	30
744	3	1565	20
745	3	1982	29
746	3	1669	30
747	3	887	30
749	3	626	29
750	3	678	29
751	3	1356	29
752	3	939	29
752	3	1200	20
752	3	2035	9
753	3	626	29
753	3	887	20
753	3	1356	9
753	3	1722	12
753	3	2035	30
754	3	626	29
754	3	887	20
755	3	626	29
755	3	887	20
755	3	1982	9
756	3	626	29
756	3	887	20
756	3	1200	9
756	3	1461	12
756	3	1826	30
757	3	1669	29
758	3	626	29
758	3	887	20
759	3	1617	30
760	3	678	29
761	3	521	29
761	3	1930	20
762	3	574	29
762	3	1356	20
763	3	1565	20
763	3	1617	29
764	3	834	29
765	3	521	29
765	3	782	20
766	3	678	29
766	3	939	20
767	3	1304	29
767	3	1982	20
768	3	1669	29
769	3	678	29
770	3	2191	30
771	3	1252	30
771	3	1669	20
772	3	1565	29
773	3	1669	29
774	3	574	29
774	3	834	20
774	3	1461	9
775	3	574	29
776	3	521	29
776	3	782	20
776	3	1200	9
776	3	1878	12
776	3	2191	30
778	3	678	29
778	3	2087	20
779	3	2191	29
780	3	678	29
781	3	574	29
781	3	1043	20
781	3	2087	9
782	3	574	29
782	3	2295	20
783	3	1669	29
784	3	574	29
784	3	834	20
784	3	2035	9
785	3	730	29
786	3	834	29
787	3	1669	29
788	3	521	29
788	3	887	20
789	3	1252	20
789	3	1304	30
790	3	521	29
791	3	1617	29
792	3	730	30
793	3	626	30
793	3	887	20
793	3	1826	9
794	3	574	29
794	3	834	20
795	3	2087	29
796	3	1669	29
797	3	730	20
797	3	782	29
798	3	834	29
798	3	1774	20
800	3	1617	29
801	3	1617	30
801	3	2191	20
802	3	574	29
802	3	1356	20
803	3	626	29
803	3	1043	20
803	3	1513	9
804	3	574	29
804	3	1461	20
804	3	2243	9
806	3	1669	29
807	3	626	20
807	3	678	29
807	3	991	30
807	3	1252	9
807	3	1513	12
809	3	1878	29
810	3	626	30
810	3	887	20
811	3	574	29
811	3	834	20
811	3	2139	9
812	3	521	29
812	3	782	20
812	3	1461	9
812	3	1722	12
812	3	2087	30
813	3	887	30
813	3	1565	20
814	3	626	29
815	3	521	29
815	3	782	20
816	3	1356	30
818	3	626	29
818	3	1356	20
818	3	2087	9
819	3	1669	29
820	3	678	29
821	3	1565	20
821	3	1617	30
822	3	574	29
822	3	834	20
822	3	2139	9
823	3	626	20
823	3	678	29
823	3	991	30
823	3	1356	9
823	3	1617	12
824	3	1356	30
824	3	1617	20
825	3	574	29
825	3	1356	20
826	3	1200	20
826	3	1252	30
827	3	626	29
828	3	1617	30
829	3	2243	29
830	3	1408	29
831	3	521	29
831	3	939	20
831	3	1252	9
831	3	1669	12
831	3	1982	30
832	3	730	29
832	3	991	20
832	3	1304	9
832	3	1565	12
832	3	1878	30
833	3	574	29
834	3	730	29
834	3	991	20
834	3	1408	9
834	3	1669	12
834	3	1982	30
835	3	730	29
835	3	2295	20
837	3	782	29
837	3	2243	20
838	3	521	29
838	3	782	20
838	3	1669	9
839	3	1669	29
840	3	469	29
840	3	730	20
840	3	1043	30
840	3	1304	9
840	3	1565	12
841	3	678	29
841	3	939	20
842	3	1252	29
842	3	1513	20
842	3	2295	9
843	3	626	29
843	3	887	20
843	3	1148	9
843	3	1408	12
843	3	1722	30
844	3	1513	29
845	3	1617	29
846	3	1669	29
847	3	1617	30
847	3	1982	20
848	3	521	29
848	3	782	20
848	3	1200	9
848	3	1617	12
850	3	574	29
850	3	834	20
850	3	1148	9
850	3	1513	12
850	3	1826	30
851	3	887	29
852	3	1356	29
853	3	1617	30
853	3	1982	20
854	3	1095	30
854	3	1356	20
854	3	1722	9
855	3	574	29
855	3	834	20
856	3	730	29
857	3	1617	29
858	3	834	29
858	3	1095	20
858	3	1669	9
859	3	1513	29
860	3	1669	29
861	3	678	29
861	3	939	20
862	3	1669	29
863	3	521	29
863	3	887	20
863	3	1200	9
863	3	1617	12
864	3	574	29
864	3	834	20
864	3	1356	9
864	3	1669	12
864	3	2035	30
865	3	574	29
865	3	887	20
866	3	626	29
866	3	887	20
867	3	782	29
867	3	1722	20
868	3	678	29
868	3	939	20
869	3	1200	20
869	3	1252	29
870	3	1408	29
871	3	782	29
873	3	574	29
873	3	834	20
873	3	1148	9
873	3	1513	12
874	3	782	29
875	3	626	29
875	3	1304	20
876	3	574	29
876	3	834	20
877	3	574	29
877	3	834	20
877	3	1148	30
877	3	1408	9
877	3	1722	12
878	3	1461	30
878	3	1722	20
879	3	678	29
880	3	626	20
880	3	678	29
880	3	991	30
880	3	1513	9
881	3	782	29
882	3	1408	30
882	3	1722	20
883	3	1669	29
884	3	626	29
884	3	887	20
885	3	678	20
885	3	730	29
885	3	1095	30
885	3	1356	9
885	3	1617	12
886	3	678	29
886	3	2295	20
887	3	782	29
887	3	1408	20
888	3	834	29
889	3	1617	29
890	3	1408	30
890	3	1722	20
891	3	834	29
892	3	1669	29
893	3	626	29
894	3	730	29
895	3	574	29
895	3	1930	20
896	3	678	29
896	3	939	20
897	3	626	29
897	3	887	20
897	3	1565	9
898	3	521	29
898	3	939	20
898	3	1304	9
899	3	626	29
899	3	887	20
899	3	1408	9
900	3	1304	29
900	3	1878	20
901	3	626	29
901	3	887	20
902	3	939	29
902	3	1200	20
902	3	1461	9
903	3	574	29
903	3	939	20
903	3	1722	9
903	3	2191	12
904	3	1878	29
905	3	1408	29
906	3	521	29
906	3	782	20
907	3	2243	29
908	3	626	29
908	3	887	20
909	3	2139	29
910	3	1408	29
911	3	1252	29
912	3	730	30
913	3	1565	20
913	3	1617	29
914	3	1095	20
914	3	1148	30
914	3	1669	9
915	3	1513	30
916	3	574	29
916	3	887	20
916	3	1461	9
917	3	626	29
917	3	2035	20
918	3	1304	30
918	3	1565	20
919	3	1617	29
920	3	939	29
921	3	730	29
922	3	730	29
922	3	1878	20
923	3	1617	29
924	3	574	29
924	3	939	20
924	3	1304	9
924	3	1565	12
925	3	678	29
925	3	939	20
926	3	574	29
926	3	1148	20
926	3	1617	9
926	3	2243	12
927	3	730	29
927	3	1148	20
929	3	678	29
929	3	939	20
930	3	939	29
931	3	574	29
931	3	834	20
931	3	1148	9
931	3	1408	12
931	3	1722	30
932	3	1200	30
932	3	1565	20
933	3	1356	30
933	3	1774	20
934	3	1304	29
934	3	1565	20
935	3	626	29
935	3	887	20
936	3	782	29
937	3	1252	29
938	3	939	29
938	3	1513	20
939	3	678	29
940	3	521	29
940	3	1095	20
940	3	1513	9
940	3	2295	12
941	3	574	29
941	3	834	20
941	3	1408	9
941	3	1774	12
941	3	2139	30
942	3	521	29
942	3	782	20
942	3	1200	9
942	3	1722	12
943	3	521	29
944	3	782	29
944	3	1565	20
945	3	1669	29
946	3	782	29
946	3	1878	20
947	3	730	29
947	3	991	20
947	3	1252	9
947	3	1513	12
947	3	1826	30
948	3	626	29
948	3	887	20
949	3	521	29
949	3	782	20
949	3	1148	30
949	3	1408	9
949	3	1669	12
950	3	626	20
950	3	678	29
950	3	1722	9
951	3	2087	29
952	3	2035	29
953	3	626	20
953	3	730	29
953	3	1408	9
954	3	521	29
954	3	782	20
954	3	1513	9
955	3	1304	29
956	3	574	29
957	3	1565	29
958	3	887	29
959	3	2035	29
960	3	678	29
960	3	1043	20
961	3	626	29
961	3	1200	20
963	3	730	29
963	3	1930	20
964	3	521	29
964	3	834	20
964	3	1356	9
964	3	1669	12
964	3	2139	30
965	3	1408	29
966	3	574	29
966	3	834	20
966	3	2035	9
967	3	730	29
968	3	521	29
968	3	1461	20
969	3	626	29
969	3	1200	20
969	3	1774	9
971	3	626	29
971	3	939	20
971	3	2243	9
972	3	574	29
972	3	834	20
972	3	1148	30
972	3	1408	9
972	3	1669	12
973	3	626	29
974	3	574	29
975	3	1617	29
976	3	678	29
976	3	1148	20
976	3	1565	9
976	3	2139	12
977	3	1774	29
978	3	574	29
978	3	834	20
978	3	1669	9
979	3	1513	30
979	3	2087	20
980	3	1617	29
981	3	887	29
981	3	1200	20
981	3	1617	9
982	3	521	29
982	3	939	20
983	3	574	29
983	3	834	20
984	3	1095	30
984	3	1461	20
985	3	1304	29
985	3	1565	20
985	3	2295	9
987	3	1617	29
988	3	678	29
988	3	2035	20
989	3	574	29
989	3	834	20
990	3	1774	29
991	3	1461	29
992	3	1826	29
993	3	730	29
994	3	1826	29
995	3	626	29
995	3	887	20
995	3	2243	9
996	3	1356	29
998	3	834	30
998	3	1095	20
998	3	1408	9
998	3	1669	12
999	3	1669	29
0	4	678	29
0	4	991	30
1	4	678	29
1	4	991	30
2	4	521	29
3	4	991	28
3	4	1461	30
4	4	626	29
4	4	1356	28
4	4	1982	30
5	4	678	29
6	4	678	29
7	4	887	29
8	4	887	29
9	4	1043	28
9	4	1356	29
10	4	574	29
11	4	1878	28
12	4	1722	28
12	4	2035	29
13	4	1722	28
13	4	2035	29
14	4	521	29
14	4	1565	28
15	4	521	29
15	4	2087	28
16	4	626	29
17	4	626	29
18	4	626	30
19	4	1252	28
19	4	1878	29
20	4	574	29
20	4	1669	28
21	4	469	29
21	4	2243	28
22	4	939	29
23	4	626	29
24	4	521	29
24	4	1774	28
25	4	1095	28
25	4	1722	29
26	4	782	29
26	4	2243	28
27	4	574	29
28	4	834	29
28	4	1461	28
29	4	782	29
30	4	1043	28
30	4	1565	30
31	4	678	29
32	4	1095	28
32	4	1148	30
33	4	574	29
34	4	521	29
34	4	1774	28
35	4	626	29
35	4	2295	28
36	4	730	29
37	4	730	29
38	4	678	29
39	4	678	29
40	4	626	29
40	4	1878	28
40	4	1930	30
41	4	782	29
41	4	1722	28
42	4	678	29
42	4	1565	28
43	4	521	29
43	4	1722	28
44	4	1148	28
44	4	1774	29
45	4	678	29
45	4	1617	28
46	4	626	29
47	4	834	29
48	4	1774	28
48	4	2087	29
49	4	574	29
49	4	1461	28
50	4	1095	28
50	4	1722	29
51	4	1461	28
51	4	1774	29
52	4	887	29
53	4	678	29
53	4	1930	28
53	4	2139	30
55	4	730	29
56	4	1043	28
56	4	1356	29
57	4	574	29
57	4	1722	28
57	4	1774	30
58	4	678	29
59	4	574	29
60	4	939	28
60	4	1252	29
61	4	678	29
62	4	626	29
62	4	2139	28
63	4	834	29
63	4	1669	28
64	4	1669	28
64	4	2295	29
65	4	521	29
65	4	2139	28
66	4	1043	28
66	4	1565	30
67	4	730	29
67	4	1565	28
68	4	1043	28
68	4	1669	29
69	4	626	29
70	4	626	29
71	4	1043	28
71	4	1356	29
72	4	1356	28
72	4	1982	29
73	4	1148	28
73	4	1774	29
74	4	626	29
75	4	678	29
76	4	991	28
76	4	1617	29
77	4	991	28
77	4	1617	29
78	4	991	28
78	4	1617	29
79	4	730	29
79	4	1930	28
80	4	782	29
81	4	574	29
82	4	678	29
83	4	887	29
84	4	678	29
85	4	1043	28
85	4	1669	29
86	4	834	29
87	4	469	29
87	4	1304	28
87	4	1878	30
88	4	678	29
88	4	1565	28
89	4	678	29
89	4	2191	28
90	4	1043	28
90	4	1565	30
91	4	678	29
92	4	574	29
93	4	991	28
93	4	1617	29
94	4	1148	28
94	4	1774	29
95	4	782	29
96	4	939	29
96	4	1982	28
97	4	1408	28
97	4	1722	29
98	4	1095	28
98	4	1722	29
99	4	1148	28
99	4	1461	29
100	4	1408	28
100	4	1722	29
101	4	782	29
102	4	678	29
102	4	2087	28
103	4	834	29
104	4	521	29
104	4	1513	28
105	4	1826	28
105	4	2139	29
106	4	782	29
106	4	1461	28
106	4	2087	30
107	4	626	29
107	4	2139	28
108	4	626	29
109	4	991	28
109	4	1513	30
110	4	626	29
111	4	782	29
112	4	626	29
113	4	521	29
113	4	1617	28
114	4	626	29
115	4	1043	28
115	4	1669	29
116	4	1043	28
116	4	1669	29
117	4	1043	28
117	4	1669	29
118	4	991	28
118	4	1252	30
119	4	991	28
119	4	1617	30
120	4	782	29
121	4	1043	28
121	4	1356	29
122	4	678	29
122	4	2243	28
123	4	1461	28
123	4	2087	29
124	4	678	29
125	4	626	29
126	4	521	29
126	4	1148	30
127	4	626	29
128	4	626	29
129	4	991	28
129	4	1304	29
130	4	521	29
131	4	626	29
131	4	1461	28
132	4	626	29
133	4	782	29
134	4	939	28
134	4	1252	29
135	4	574	29
135	4	1930	28
136	4	521	29
136	4	1043	28
136	4	1095	30
137	4	730	29
137	4	2139	28
138	4	626	29
138	4	1930	30
138	4	2191	28
139	4	678	29
139	4	1669	28
139	4	1878	30
140	4	1095	28
140	4	1722	29
141	4	574	29
141	4	1669	28
141	4	1774	30
142	4	626	29
143	4	991	28
143	4	1513	30
144	4	1617	28
144	4	2243	29
145	4	991	28
145	4	1408	30
146	4	626	29
146	4	1774	28
147	4	834	29
148	4	1043	28
148	4	1669	29
149	4	626	29
150	4	521	29
150	4	1774	28
151	4	991	28
151	4	1304	29
152	4	574	29
152	4	1513	28
153	4	574	29
154	4	626	29
155	4	574	29
155	4	2087	28
156	4	574	29
158	4	521	29
158	4	1617	28
159	4	626	29
159	4	2087	28
159	4	2243	30
160	4	782	29
161	4	1043	28
161	4	1669	29
162	4	939	28
162	4	1200	30
163	4	1356	28
163	4	1669	29
164	4	521	29
164	4	2087	28
165	4	521	29
165	4	1408	28
166	4	1252	28
166	4	1878	29
167	4	626	29
168	4	2035	28
169	4	678	29
170	4	626	29
170	4	1826	30
171	4	678	29
172	4	1043	28
172	4	1200	30
173	4	991	28
173	4	1617	29
174	4	939	29
174	4	1878	28
175	4	834	29
175	4	2139	28
176	4	574	29
177	4	1200	28
177	4	1826	29
178	4	1774	28
179	4	626	29
180	4	1982	28
180	4	2295	29
181	4	574	29
182	4	939	29
183	4	574	29
183	4	2191	28
184	4	991	28
184	4	1304	29
185	4	782	29
186	4	1826	28
187	4	887	29
188	4	1826	28
188	4	2139	29
189	4	626	29
189	4	1565	28
190	4	1095	28
190	4	1408	29
191	4	678	29
192	4	678	29
193	4	574	29
193	4	1826	28
194	4	678	29
196	4	574	29
196	4	1513	28
196	4	1722	30
197	4	2087	28
198	4	730	29
199	4	574	29
199	4	2191	28
200	4	1043	28
200	4	1252	30
201	4	1200	28
201	4	1826	29
202	4	887	29
203	4	626	29
203	4	2035	28
204	4	626	29
205	4	730	29
205	4	1930	28
206	4	574	29
206	4	1148	30
206	4	1565	28
207	4	678	29
207	4	2139	28
208	4	574	29
209	4	1826	28
210	4	574	29
211	4	1095	28
211	4	1722	29
212	4	782	29
213	4	1095	28
213	4	1722	29
214	4	834	29
215	4	991	28
215	4	1565	30
216	4	939	29
217	4	574	29
217	4	1617	28
218	4	834	29
219	4	1774	28
220	4	1043	28
220	4	1669	29
221	4	678	29
221	4	2139	28
222	4	887	29
223	4	626	29
224	4	730	29
224	4	2035	28
225	4	626	29
225	4	1878	28
225	4	2035	30
226	4	521	29
226	4	1408	28
227	4	834	29
228	4	574	29
229	4	678	29
229	4	1669	28
230	4	521	29
230	4	2191	28
231	4	521	29
231	4	1982	28
232	4	626	29
233	4	1043	28
233	4	1513	30
234	4	2191	28
235	4	1043	28
235	4	1669	29
236	4	730	29
237	4	939	29
239	4	1095	28
239	4	1408	29
240	4	626	29
240	4	2035	28
240	4	2191	30
241	4	574	29
241	4	1565	28
242	4	626	29
242	4	1565	28
243	4	521	29
243	4	1200	28
243	4	1878	30
244	4	521	29
244	4	1826	28
245	4	991	28
245	4	1304	29
246	4	1617	28
246	4	2243	29
247	4	1982	28
247	4	2295	29
248	4	574	29
249	4	626	29
250	4	574	29
250	4	1930	28
250	4	1982	30
251	4	782	29
252	4	1826	28
252	4	2139	29
253	4	574	29
253	4	2295	28
254	4	1722	28
255	4	1043	28
255	4	1356	29
256	4	521	29
256	4	1878	28
257	4	939	28
257	4	1252	29
258	4	678	29
258	4	991	30
259	4	574	29
260	4	678	29
262	4	939	28
262	4	1252	30
263	4	782	29
264	4	730	29
265	4	678	29
266	4	574	29
267	4	574	29
268	4	991	28
268	4	1304	29
269	4	730	29
270	4	782	29
271	4	782	29
271	4	2087	28
272	4	521	29
272	4	1200	28
272	4	1878	30
273	4	1826	28
274	4	991	28
274	4	1304	29
275	4	1043	28
275	4	1669	29
277	4	1774	28
277	4	2087	29
278	4	1043	28
278	4	1669	29
279	4	991	28
279	4	1617	29
280	4	574	29
280	4	2191	28
281	4	1513	28
281	4	2139	29
282	4	1043	28
282	4	1669	29
283	4	991	28
283	4	1617	29
284	4	626	29
284	4	1669	28
284	4	1722	30
285	4	991	28
285	4	1513	30
286	4	574	29
286	4	1930	28
286	4	2035	30
287	4	991	28
287	4	1565	30
288	4	678	29
289	4	1774	28
289	4	2087	29
290	4	1722	28
291	4	782	29
292	4	991	28
292	4	1617	29
293	4	574	29
293	4	1930	30
293	4	2191	28
294	4	626	29
295	4	1095	28
295	4	1304	30
296	4	574	29
297	4	678	29
298	4	834	29
299	4	626	29
300	4	1356	28
300	4	1669	29
301	4	574	29
302	4	626	29
302	4	1774	28
303	4	521	29
303	4	1148	28
303	4	1722	30
304	4	574	29
305	4	2243	28
306	4	626	30
307	4	521	29
308	4	574	29
309	4	574	29
309	4	1722	28
309	4	1826	30
310	4	730	29
310	4	1930	30
310	4	2191	28
311	4	939	29
312	4	887	29
312	4	2191	28
313	4	730	29
314	4	991	28
314	4	1617	29
315	4	626	29
315	4	1617	28
316	4	1774	28
317	4	991	28
317	4	1356	30
318	4	1043	28
318	4	1669	29
319	4	1043	28
319	4	1356	29
320	4	1043	28
320	4	1565	30
321	4	678	29
322	4	574	29
322	4	2035	28
323	4	1356	28
323	4	1982	29
324	4	1043	28
324	4	1617	30
325	4	991	28
325	4	1461	30
326	4	626	29
327	4	1095	28
327	4	1408	30
328	4	678	29
329	4	1043	28
329	4	1669	29
330	4	678	29
330	4	1565	28
331	4	678	29
332	4	678	29
332	4	1513	28
333	4	626	29
333	4	2243	28
334	4	991	28
334	4	1617	29
335	4	626	29
336	4	678	29
337	4	1200	28
337	4	1513	29
338	4	1200	28
338	4	1513	29
339	4	730	29
340	4	991	28
340	4	1513	30
341	4	991	28
341	4	1461	30
342	4	574	29
342	4	1722	28
343	4	626	29
344	4	1565	28
344	4	2191	29
345	4	574	29
345	4	1513	28
346	4	678	29
346	4	1930	28
347	4	730	29
348	4	626	29
349	4	626	29
349	4	1669	28
350	4	1774	28
351	4	626	29
352	4	782	29
353	4	678	29
354	4	521	29
354	4	1095	30
355	4	782	29
356	4	939	29
356	4	2035	28
357	4	626	29
358	4	991	28
358	4	1304	29
359	4	2035	28
360	4	626	29
361	4	574	29
361	4	1982	28
362	4	1982	28
362	4	2295	29
363	4	2087	28
364	4	626	29
365	4	1043	28
365	4	1669	29
366	4	730	29
366	4	1982	28
367	4	574	29
368	4	626	29
368	4	1722	30
368	4	2035	28
369	4	626	29
369	4	1461	28
370	4	1565	28
370	4	1878	29
371	4	574	29
372	4	730	29
373	4	834	29
374	4	1043	28
374	4	1669	29
375	4	991	28
375	4	1461	30
376	4	626	29
377	4	991	28
377	4	1565	30
378	4	887	29
379	4	730	29
380	4	626	29
381	4	730	29
382	4	678	29
383	4	991	28
383	4	1617	29
384	4	678	29
385	4	782	29
386	4	678	29
387	4	574	29
387	4	2035	30
388	4	1774	28
389	4	678	29
390	4	626	29
391	4	678	29
391	4	2191	28
392	4	782	29
392	4	2295	28
393	4	574	29
394	4	626	29
395	4	939	30
396	4	626	29
396	4	1565	28
396	4	1722	30
397	4	991	28
397	4	1461	30
398	4	521	29
399	4	574	29
400	4	678	29
401	4	1826	28
402	4	782	29
403	4	1930	28
403	4	2243	29
404	4	730	29
404	4	2295	28
405	4	1095	28
405	4	1408	29
406	4	626	29
407	4	730	29
407	4	1565	28
409	4	1304	28
409	4	1617	29
410	4	1252	28
410	4	1565	29
411	4	521	29
411	4	1252	28
411	4	1774	30
412	4	678	29
412	4	1617	28
412	4	1774	30
413	4	626	29
413	4	1617	28
413	4	1722	30
414	4	626	29
414	4	1617	28
415	4	730	29
416	4	939	28
416	4	1565	29
417	4	626	29
418	4	626	29
418	4	1356	28
419	4	469	29
419	4	1461	28
420	4	678	29
420	4	2139	28
421	4	1774	28
422	4	887	29
423	4	991	28
423	4	1095	30
424	4	574	29
424	4	1774	28
424	4	1826	30
425	4	782	29
425	4	2191	28
426	4	678	29
426	4	1722	28
427	4	1774	28
428	4	574	29
429	4	574	29
429	4	1617	28
430	4	574	29
431	4	574	29
432	4	730	29
432	4	2191	28
433	4	782	29
434	4	678	29
434	4	1774	30
434	4	2035	28
435	4	521	29
435	4	1461	28
436	4	678	29
436	4	2087	30
437	4	574	29
438	4	730	29
438	4	1617	28
439	4	887	29
440	4	626	29
441	4	1095	28
441	4	1722	29
442	4	730	29
442	4	1982	28
443	4	939	29
444	4	1043	28
444	4	1669	29
445	4	626	29
445	4	2295	28
446	4	678	29
446	4	2295	28
447	4	1043	28
447	4	1669	29
448	4	1408	28
448	4	1722	29
449	4	1774	28
450	4	1826	28
451	4	678	29
451	4	1513	28
452	4	730	29
453	4	574	29
453	4	1148	30
454	4	991	28
454	4	1617	29
455	4	1043	28
455	4	1252	30
456	4	1043	28
456	4	1617	30
457	4	730	29
458	4	1200	28
458	4	1513	29
459	4	1930	28
459	4	2243	29
460	4	626	29
461	4	574	29
462	4	626	29
462	4	2035	28
463	4	626	29
463	4	2087	30
464	4	1043	28
464	4	1148	30
465	4	626	29
466	4	626	29
467	4	521	29
467	4	1982	28
468	4	626	29
469	4	574	29
469	4	2191	30
470	4	939	28
470	4	1252	29
471	4	939	28
471	4	1252	29
472	4	574	29
473	4	574	29
473	4	1878	28
474	4	574	29
475	4	939	29
476	4	939	28
476	4	1565	29
477	4	626	29
478	4	834	29
480	4	939	28
480	4	1252	29
481	4	626	29
481	4	1304	28
481	4	1826	30
482	4	834	29
483	4	1200	28
483	4	1826	29
484	4	1774	28
485	4	1095	28
485	4	1408	29
486	4	991	28
486	4	1356	30
487	4	626	29
488	4	1043	28
488	4	1461	30
489	4	626	29
490	4	782	29
490	4	1513	28
491	4	730	29
491	4	1930	28
492	4	939	28
492	4	1252	30
493	4	939	30
494	4	574	29
495	4	939	28
495	4	1200	30
496	4	521	29
496	4	1617	28
497	4	521	29
498	4	626	29
499	4	782	29
500	4	626	29
500	4	1669	28
500	4	1722	30
501	4	991	28
501	4	1617	29
502	4	939	28
502	4	1200	30
503	4	626	29
503	4	1617	28
503	4	1722	30
504	4	1148	28
504	4	1774	29
505	4	991	28
505	4	1617	29
506	4	939	28
506	4	1252	29
507	4	1148	28
507	4	1774	29
508	4	730	29
508	4	1982	28
508	4	2191	30
510	4	1774	28
512	4	1095	28
512	4	1200	30
513	4	939	28
513	4	1252	29
514	4	678	29
515	4	574	29
515	4	2191	30
516	4	1043	28
516	4	1669	29
517	4	991	28
517	4	1617	29
518	4	1043	28
518	4	1304	30
519	4	574	29
520	4	626	29
520	4	2191	28
521	4	626	29
522	4	939	28
522	4	1043	30
523	4	730	29
524	4	1774	28
525	4	626	29
525	4	1356	28
526	4	1826	28
526	4	2139	29
527	4	574	29
528	4	626	29
529	4	678	29
529	4	991	30
529	4	1669	28
530	4	1043	28
530	4	1304	30
531	4	991	28
531	4	1304	30
532	4	939	29
533	4	1774	28
534	4	678	29
534	4	991	30
535	4	1043	28
535	4	1669	29
536	4	1252	28
536	4	1565	29
537	4	730	29
537	4	1722	28
538	4	574	29
539	4	626	29
540	4	678	29
541	4	521	29
541	4	2035	28
542	4	887	29
543	4	939	28
543	4	1252	30
544	4	521	29
544	4	1408	28
544	4	2087	30
545	4	626	29
546	4	991	28
546	4	1461	30
547	4	678	29
547	4	1982	28
547	4	2243	30
548	4	1252	28
548	4	1565	29
549	4	1043	28
549	4	1408	30
550	4	626	30
550	4	1878	28
551	4	521	29
551	4	1148	30
552	4	991	28
552	4	1617	29
553	4	730	29
554	4	521	29
554	4	1565	28
555	4	574	29
555	4	1148	30
555	4	1669	28
556	4	626	29
556	4	1565	28
557	4	1304	28
557	4	1617	29
558	4	469	29
558	4	2295	28
559	4	991	28
559	4	1200	30
560	4	991	28
560	4	1617	29
561	4	939	28
561	4	1252	29
562	4	782	29
562	4	2035	28
563	4	678	29
563	4	1461	28
564	4	991	28
564	4	1617	29
565	4	626	29
565	4	1826	28
565	4	1878	30
566	4	678	29
567	4	678	29
568	4	574	29
569	4	626	29
570	4	1043	28
570	4	1356	30
571	4	574	29
572	4	1043	28
572	4	1669	29
573	4	1513	28
573	4	2139	29
574	4	782	29
575	4	574	29
575	4	1148	30
575	4	1669	28
576	4	991	28
576	4	1565	30
577	4	678	29
578	4	574	29
579	4	626	29
580	4	1356	28
580	4	1982	29
581	4	1095	28
581	4	1304	30
582	4	730	29
582	4	2087	28
583	4	678	29
583	4	1565	28
583	4	1774	30
584	4	574	29
585	4	626	29
585	4	1565	28
585	4	1722	30
586	4	574	29
586	4	1461	28
587	4	521	29
587	4	1095	30
588	4	730	29
589	4	521	29
589	4	1617	28
590	4	730	29
591	4	1043	28
591	4	1669	29
592	4	2139	28
593	4	574	29
594	4	678	29
594	4	2139	28
595	4	626	29
595	4	1826	30
595	4	2087	28
596	4	782	29
596	4	1669	28
597	4	730	29
598	4	574	29
599	4	626	29
600	4	1043	28
600	4	1669	29
601	4	678	29
602	4	1095	28
602	4	1408	29
603	4	626	29
604	4	678	29
604	4	1774	28
605	4	991	28
605	4	1304	29
606	4	626	29
606	4	1617	28
607	4	574	29
608	4	521	29
608	4	1669	28
609	4	1930	28
610	4	1826	28
611	4	626	29
611	4	2191	28
612	4	782	29
612	4	2191	28
613	4	1148	28
613	4	1461	29
614	4	991	28
614	4	1408	30
615	4	834	29
616	4	939	29
617	4	1826	28
617	4	2139	29
618	4	2295	28
619	4	1095	28
619	4	1408	29
620	4	626	29
621	4	991	28
621	4	1200	30
622	4	574	30
623	4	1148	28
623	4	1461	29
624	4	521	29
625	4	1043	28
625	4	1200	30
626	4	469	29
626	4	1565	28
627	4	626	29
627	4	1878	28
628	4	574	29
628	4	1826	28
629	4	574	29
630	4	730	29
630	4	2243	28
631	4	939	29
631	4	2087	28
632	4	626	29
632	4	2295	28
633	4	1095	28
633	4	1722	29
634	4	991	28
634	4	1461	30
635	4	1043	28
635	4	1669	29
636	4	1826	28
637	4	1356	28
637	4	1669	29
638	4	678	29
639	4	574	29
639	4	2295	28
640	4	626	29
641	4	626	29
642	4	991	28
642	4	1304	30
643	4	1826	28
644	4	678	29
645	4	678	29
645	4	1669	28
646	4	626	29
646	4	1774	30
647	4	939	28
647	4	1565	29
648	4	834	29
649	4	834	29
650	4	1043	28
650	4	1669	29
651	4	678	29
652	4	626	29
652	4	1774	28
653	4	782	29
654	4	521	29
655	4	521	29
655	4	1930	28
656	4	574	29
656	4	2243	28
657	4	521	29
658	4	782	29
658	4	2139	28
659	4	991	28
659	4	1513	30
660	4	1200	28
660	4	1513	29
661	4	678	29
662	4	574	29
662	4	1669	28
663	4	991	28
663	4	1304	29
664	4	678	29
664	4	2035	30
664	4	2295	28
665	4	678	29
666	4	626	29
667	4	574	30
668	4	991	28
668	4	1304	29
669	4	991	28
669	4	1252	30
670	4	887	29
670	4	2191	28
671	4	1408	28
671	4	1722	29
672	4	939	28
672	4	1252	29
673	4	834	29
674	4	782	29
674	4	1722	28
675	4	939	28
675	4	1252	29
676	4	626	29
676	4	1930	30
676	4	2295	28
677	4	991	28
677	4	1095	30
678	4	626	29
679	4	1200	28
679	4	1513	29
680	4	991	28
680	4	1304	29
681	4	939	29
682	4	521	29
682	4	2087	28
683	4	991	28
683	4	1617	29
684	4	1043	28
684	4	1200	30
685	4	678	29
686	4	626	29
687	4	1043	28
687	4	1669	30
688	4	991	28
688	4	1617	29
689	4	991	28
689	4	1304	29
690	4	521	29
691	4	626	29
691	4	1930	28
691	4	2243	30
692	4	730	29
692	4	1408	28
693	4	626	29
693	4	1565	28
694	4	834	30
695	4	574	29
696	4	782	29
697	4	574	29
697	4	1669	28
698	4	1043	28
698	4	1669	29
699	4	834	29
700	4	626	29
701	4	730	29
701	4	1669	28
702	4	678	29
703	4	521	29
703	4	1461	28
704	4	1356	28
704	4	1982	29
705	4	730	29
705	4	1982	28
706	4	574	29
707	4	626	29
708	4	1095	28
708	4	1304	30
709	4	521	29
709	4	1565	28
710	4	574	29
710	4	1408	28
711	4	1043	28
711	4	1356	29
712	4	678	29
714	4	730	29
715	4	678	29
716	4	626	29
717	4	834	29
717	4	1669	28
718	4	521	29
718	4	1513	28
719	4	574	29
720	4	1043	28
720	4	1356	29
721	4	626	29
721	4	1722	28
722	4	521	29
722	4	1095	28
722	4	1722	30
723	4	834	29
724	4	730	29
725	4	834	30
726	4	521	29
726	4	1513	28
727	4	1304	28
727	4	1617	30
728	4	1304	28
728	4	1930	29
729	4	730	29
730	4	626	29
731	4	574	29
732	4	730	29
733	4	626	29
734	4	521	29
734	4	1774	28
735	4	1774	28
736	4	834	29
737	4	626	29
737	4	2035	28
738	4	574	29
738	4	1408	28
738	4	2035	30
739	4	991	28
739	4	1304	29
740	4	1930	28
741	4	782	29
742	4	626	29
742	4	1878	28
742	4	1982	30
743	4	574	29
744	4	991	28
744	4	1304	30
745	4	1669	28
745	4	1982	29
746	4	1043	28
746	4	1669	30
747	4	887	30
748	4	1774	28
749	4	626	29
750	4	678	29
751	4	1043	28
751	4	1356	29
752	4	939	29
752	4	1722	28
753	4	626	29
753	4	1982	28
753	4	2035	30
754	4	626	29
755	4	626	29
756	4	626	29
756	4	1826	30
756	4	2139	28
757	4	1043	28
757	4	1669	29
758	4	626	29
759	4	991	28
759	4	1617	30
760	4	678	29
761	4	521	29
761	4	2139	28
762	4	574	29
763	4	991	28
763	4	1617	29
764	4	834	29
765	4	521	29
765	4	1982	28
766	4	678	29
767	4	991	28
767	4	1304	29
768	4	1043	28
768	4	1669	29
769	4	678	29
770	4	1774	28
770	4	2191	30
771	4	1095	28
771	4	1252	30
772	4	1252	28
772	4	1565	29
773	4	1043	28
773	4	1669	29
774	4	574	29
775	4	574	29
776	4	521	29
776	4	1304	28
776	4	2191	30
777	4	1774	28
778	4	678	29
779	4	1878	28
779	4	2191	29
780	4	678	29
781	4	574	29
781	4	1565	28
782	4	574	29
783	4	1043	28
783	4	1669	29
784	4	574	29
785	4	730	29
786	4	834	29
787	4	1043	28
787	4	1669	29
788	4	521	29
789	4	1095	28
789	4	1304	30
790	4	521	29
790	4	2243	28
791	4	991	28
791	4	1617	29
792	4	730	30
793	4	626	30
794	4	574	29
795	4	1774	28
795	4	2087	29
796	4	1043	28
796	4	1669	29
797	4	782	29
798	4	834	29
798	4	2139	28
799	4	1930	28
800	4	991	28
800	4	1617	29
801	4	1043	28
801	4	1617	30
802	4	574	29
803	4	626	29
803	4	1617	28
804	4	574	29
804	4	1982	28
805	4	1878	28
806	4	1043	28
806	4	1669	29
807	4	678	29
807	4	991	30
807	4	1669	28
808	4	1774	28
809	4	1252	28
809	4	1878	29
810	4	626	30
811	4	574	29
812	4	521	29
812	4	1513	28
812	4	2087	30
813	4	887	30
814	4	626	29
815	4	521	29
816	4	1095	28
816	4	1356	30
817	4	1826	28
818	4	626	29
818	4	1878	28
819	4	1043	28
819	4	1669	29
820	4	678	29
821	4	991	28
821	4	1617	30
822	4	574	29
823	4	678	29
823	4	991	30
823	4	1982	28
824	4	1095	28
824	4	1356	30
825	4	574	29
825	4	1722	28
826	4	1043	28
826	4	1252	30
827	4	626	29
828	4	1043	28
828	4	1617	30
829	4	1617	28
829	4	2243	29
830	4	1095	28
830	4	1408	29
831	4	521	29
831	4	1356	28
831	4	1982	30
832	4	730	29
832	4	1878	30
832	4	2139	28
833	4	574	29
834	4	730	29
834	4	1982	30
834	4	2243	28
835	4	730	29
836	4	1774	28
837	4	782	29
837	4	2243	28
838	4	521	29
838	4	1617	28
839	4	1043	28
839	4	1669	29
840	4	469	29
840	4	1043	30
840	4	1669	28
841	4	678	29
842	4	939	28
842	4	1252	29
843	4	626	29
843	4	1722	30
843	4	1982	28
844	4	1200	28
844	4	1513	29
845	4	991	28
845	4	1617	29
846	4	1043	28
846	4	1669	29
847	4	991	28
847	4	1617	30
848	4	521	29
848	4	1304	28
849	4	2035	28
850	4	574	29
850	4	1669	28
850	4	1826	30
851	4	887	29
852	4	1043	28
852	4	1356	29
853	4	991	28
853	4	1617	30
854	4	1043	28
854	4	1095	30
855	4	574	29
856	4	730	29
857	4	991	28
857	4	1617	29
858	4	834	29
859	4	1200	28
859	4	1513	29
860	4	1043	28
860	4	1669	29
861	4	678	29
862	4	1043	28
862	4	1669	29
863	4	521	29
863	4	1408	28
864	4	574	29
864	4	1930	28
864	4	2035	30
865	4	574	29
866	4	626	29
867	4	782	29
868	4	678	29
869	4	939	28
869	4	1252	29
870	4	1095	28
870	4	1408	29
871	4	782	29
871	4	1722	28
872	4	2295	28
873	4	574	29
874	4	782	29
875	4	626	29
876	4	574	29
877	4	574	29
877	4	1148	30
878	4	991	28
878	4	1461	30
879	4	678	29
880	4	678	29
880	4	991	30
881	4	782	29
882	4	1043	28
882	4	1408	30
883	4	1043	28
883	4	1669	29
884	4	626	29
885	4	730	29
885	4	1095	30
886	4	678	29
887	4	782	29
888	4	834	29
889	4	991	28
889	4	1617	29
890	4	1043	28
890	4	1408	30
891	4	834	29
892	4	1043	28
892	4	1669	29
893	4	626	29
894	4	730	29
895	4	574	29
895	4	2035	28
896	4	678	29
897	4	626	29
898	4	521	29
898	4	1304	28
899	4	626	29
900	4	991	28
900	4	1304	29
901	4	626	29
902	4	939	29
902	4	1565	28
903	4	574	29
903	4	1513	28
904	4	1252	28
904	4	1878	29
905	4	1095	28
905	4	1408	29
906	4	521	29
907	4	1617	28
907	4	2243	29
908	4	626	29
909	4	1513	28
909	4	2139	29
910	4	1095	28
910	4	1408	29
911	4	939	28
911	4	1252	29
912	4	730	30
913	4	991	28
913	4	1617	29
914	4	991	28
914	4	1148	30
915	4	991	28
915	4	1513	30
916	4	574	29
917	4	626	29
917	4	2243	28
918	4	991	28
918	4	1304	30
919	4	991	28
919	4	1617	29
920	4	939	29
921	4	730	29
922	4	730	29
922	4	2087	28
923	4	991	28
923	4	1617	29
924	4	574	29
924	4	1252	28
925	4	678	29
926	4	574	29
926	4	1565	28
927	4	730	29
928	4	1878	28
929	4	678	29
930	4	939	29
931	4	574	29
931	4	1669	28
931	4	1722	30
932	4	1095	28
932	4	1200	30
933	4	991	28
933	4	1356	30
934	4	991	28
934	4	1304	29
935	4	626	29
936	4	782	29
937	4	939	28
937	4	1252	29
938	4	939	29
938	4	2191	28
939	4	678	29
940	4	521	29
940	4	1513	28
941	4	574	29
941	4	2139	30
942	4	521	29
942	4	1252	28
943	4	521	29
944	4	782	29
944	4	2087	28
945	4	1043	28
945	4	1669	29
946	4	782	29
946	4	2035	28
947	4	730	29
947	4	1826	30
947	4	2139	28
948	4	626	29
949	4	521	29
949	4	1095	28
949	4	1148	30
950	4	678	29
951	4	1461	28
951	4	2087	29
952	4	1408	28
952	4	2035	29
953	4	730	29
954	4	521	29
954	4	1461	28
955	4	991	28
955	4	1304	29
956	4	574	29
957	4	1252	28
957	4	1565	29
958	4	887	29
959	4	1408	28
959	4	2035	29
960	4	678	29
961	4	626	29
961	4	1930	28
962	4	1774	28
963	4	730	29
964	4	521	29
964	4	1304	28
964	4	2139	30
965	4	1095	28
965	4	1408	29
966	4	574	29
966	4	2295	28
967	4	730	29
968	4	521	29
968	4	2087	28
969	4	626	29
969	4	1722	28
970	4	2035	28
971	4	626	29
972	4	574	29
972	4	1148	30
972	4	2139	28
973	4	626	29
974	4	574	29
975	4	991	28
975	4	1617	29
976	4	678	29
976	4	1565	28
977	4	1148	28
977	4	1774	29
978	4	574	29
979	4	1043	28
979	4	1513	30
980	4	991	28
980	4	1617	29
981	4	887	29
981	4	1565	28
982	4	521	29
983	4	574	29
984	4	1095	30
985	4	991	28
985	4	1304	29
986	4	1826	28
987	4	1304	28
987	4	1617	29
988	4	678	29
989	4	574	29
990	4	1148	28
990	4	1774	29
991	4	1148	28
991	4	1461	29
992	4	1200	28
992	4	1826	29
993	4	730	29
994	4	1200	28
994	4	1826	29
995	4	626	29
996	4	1043	28
996	4	1356	29
997	4	1878	28
998	4	834	30
998	4	2035	28
999	4	1043	28
999	4	1669	29
0	5	417	24
0	5	678	29
0	5	991	30
1	5	417	24
1	5	678	29
1	5	991	30
2	5	417	24
2	5	521	29
3	5	991	28
3	5	1304	24
3	5	1461	30
4	5	417	24
4	5	626	29
4	5	1356	28
4	5	1982	30
4	5	2243	25
5	5	417	24
5	5	678	29
6	5	417	24
6	5	678	29
7	5	417	24
7	5	887	29
8	5	417	24
8	5	887	29
9	5	678	24
9	5	1043	28
9	5	1356	29
10	5	417	24
10	5	574	29
11	5	1878	28
11	5	2191	24
12	5	626	24
12	5	1722	28
12	5	2035	29
13	5	469	24
13	5	1722	28
13	5	2035	29
14	5	417	24
14	5	521	29
14	5	1565	28
15	5	417	24
15	5	521	29
15	5	2087	28
16	5	417	24
16	5	626	29
17	5	417	24
17	5	626	29
18	5	417	24
18	5	626	30
19	5	1252	28
19	5	1565	24
19	5	1878	29
20	5	417	24
20	5	574	29
20	5	1669	28
21	5	417	24
21	5	469	29
21	5	2243	28
22	5	417	24
22	5	939	29
23	5	417	24
23	5	626	29
24	5	417	24
24	5	521	29
24	5	1774	28
25	5	1095	28
25	5	1408	24
25	5	1722	29
26	5	417	24
26	5	782	29
26	5	2243	28
27	5	417	24
27	5	574	29
28	5	417	24
28	5	834	29
28	5	1461	28
29	5	417	24
29	5	782	29
30	5	1043	28
30	5	1356	24
30	5	1565	30
31	5	417	24
31	5	678	29
32	5	887	24
32	5	1095	28
32	5	1148	30
33	5	417	24
33	5	574	29
34	5	417	24
34	5	521	29
34	5	1774	28
35	5	417	24
35	5	626	29
35	5	2295	28
36	5	417	24
36	5	678	27
36	5	730	29
37	5	417	24
37	5	730	29
38	5	417	24
38	5	678	29
39	5	417	24
39	5	678	29
40	5	417	24
40	5	626	29
40	5	1878	28
40	5	1930	30
41	5	417	24
41	5	782	29
41	5	1722	28
42	5	417	24
42	5	678	29
42	5	1565	28
43	5	417	24
43	5	521	29
43	5	1722	28
44	5	1148	28
44	5	1461	24
44	5	1774	29
45	5	417	24
45	5	678	29
45	5	1617	28
46	5	417	24
46	5	626	29
47	5	678	24
47	5	834	29
48	5	678	24
48	5	1774	28
48	5	2087	29
49	5	417	24
49	5	574	29
49	5	1461	28
50	5	1095	28
50	5	1408	24
50	5	1722	29
51	5	730	24
51	5	1461	28
51	5	1774	29
52	5	521	24
52	5	887	29
53	5	417	24
53	5	678	29
53	5	1930	28
53	5	2139	30
55	5	417	24
55	5	730	29
56	5	834	24
56	5	1043	28
56	5	1356	29
57	5	417	24
57	5	574	29
57	5	1722	28
57	5	1774	30
58	5	417	24
58	5	678	29
59	5	417	24
59	5	574	29
60	5	574	24
60	5	939	28
60	5	1252	29
61	5	417	24
61	5	678	29
62	5	417	24
62	5	626	29
62	5	2139	28
63	5	417	24
63	5	834	29
63	5	1669	28
64	5	1669	28
64	5	1982	24
64	5	2295	29
65	5	417	24
65	5	521	29
65	5	2139	28
66	5	1043	28
66	5	1356	24
66	5	1565	30
67	5	417	24
67	5	730	29
67	5	1565	28
68	5	1043	28
68	5	1356	24
68	5	1669	29
69	5	417	24
69	5	626	29
70	5	417	24
70	5	626	29
71	5	782	24
71	5	1043	28
71	5	1356	29
72	5	1356	28
72	5	1669	24
72	5	1982	29
73	5	1148	28
73	5	1461	24
73	5	1774	29
74	5	417	24
74	5	626	29
75	5	417	24
75	5	678	29
76	5	991	28
76	5	1304	24
76	5	1617	29
77	5	991	28
77	5	1304	24
77	5	1617	29
78	5	991	28
78	5	1304	24
78	5	1617	29
79	5	417	24
79	5	730	29
79	5	1930	28
80	5	417	24
80	5	730	27
80	5	782	29
81	5	417	24
81	5	574	29
82	5	417	24
82	5	678	29
83	5	574	24
83	5	887	29
84	5	417	24
84	5	678	29
85	5	1043	28
85	5	1356	24
85	5	1669	29
86	5	417	24
86	5	834	29
87	5	417	24
87	5	469	29
87	5	1304	28
87	5	1878	30
88	5	417	24
88	5	678	29
88	5	1565	28
89	5	417	24
89	5	678	29
89	5	2191	28
90	5	1043	28
90	5	1356	24
90	5	1565	30
91	5	417	24
91	5	678	29
92	5	417	24
92	5	574	29
93	5	991	28
93	5	1304	24
93	5	1617	29
94	5	1148	28
94	5	1461	24
94	5	1774	29
95	5	469	24
95	5	782	29
96	5	417	24
96	5	939	29
96	5	1982	28
97	5	730	24
97	5	1408	28
97	5	1722	29
98	5	1095	28
98	5	1408	24
98	5	1722	29
99	5	574	24
99	5	1148	28
99	5	1461	29
100	5	939	24
100	5	1408	28
100	5	1722	29
101	5	417	24
101	5	782	29
102	5	417	24
102	5	678	29
102	5	2087	28
103	5	417	24
103	5	834	29
104	5	417	24
104	5	521	29
104	5	1513	28
105	5	887	24
105	5	1826	28
105	5	2139	29
106	5	417	24
106	5	782	29
106	5	1461	28
106	5	2087	30
107	5	417	24
107	5	626	29
107	5	2139	28
108	5	417	24
108	5	626	29
109	5	991	28
109	5	1304	24
109	5	1513	30
110	5	417	24
110	5	626	29
111	5	417	24
111	5	782	29
112	5	417	24
112	5	626	29
113	5	417	24
113	5	521	29
113	5	1617	28
114	5	417	24
114	5	626	29
115	5	1043	28
115	5	1356	24
115	5	1669	29
116	5	1043	28
116	5	1356	24
116	5	1669	29
117	5	1043	28
117	5	1356	24
117	5	1669	29
118	5	991	28
118	5	1252	30
119	5	991	28
119	5	1304	24
119	5	1617	30
120	5	417	24
120	5	782	29
121	5	730	24
121	5	1043	28
121	5	1356	29
122	5	417	24
122	5	678	29
122	5	2243	28
123	5	1461	28
123	5	1774	24
123	5	2087	29
124	5	417	24
124	5	678	29
125	5	417	24
125	5	626	29
126	5	417	24
126	5	521	29
126	5	1148	30
127	5	417	24
127	5	626	29
128	5	417	24
128	5	626	29
129	5	469	24
129	5	991	28
129	5	1304	29
130	5	417	24
130	5	521	29
131	5	417	24
131	5	626	29
131	5	1461	28
132	5	417	24
132	5	626	29
133	5	417	24
133	5	782	29
134	5	417	24
134	5	939	28
134	5	1252	29
135	5	417	24
135	5	574	29
135	5	1930	28
136	5	417	24
136	5	521	29
136	5	1043	28
136	5	1095	30
137	5	417	24
137	5	730	29
137	5	2139	28
138	5	417	24
138	5	626	29
138	5	1930	30
138	5	2191	28
139	5	417	24
139	5	678	29
139	5	1669	28
139	5	1878	30
139	5	2139	25
140	5	1095	28
140	5	1408	24
140	5	1722	29
141	5	417	24
141	5	574	29
141	5	1669	28
141	5	1774	30
142	5	417	24
142	5	626	29
143	5	991	28
143	5	1304	24
143	5	1513	30
144	5	1617	28
144	5	1930	24
144	5	2243	29
145	5	991	28
145	5	1304	24
145	5	1408	30
146	5	417	24
146	5	626	29
146	5	1774	28
147	5	417	24
147	5	834	29
148	5	1043	28
148	5	1356	24
148	5	1669	29
149	5	417	24
149	5	626	29
150	5	417	24
150	5	521	29
150	5	1774	28
151	5	417	24
151	5	991	28
151	5	1304	29
152	5	417	24
152	5	574	29
152	5	1513	28
153	5	417	24
153	5	574	29
154	5	417	24
154	5	626	29
155	5	417	24
155	5	574	29
155	5	2087	28
156	5	417	24
156	5	574	29
158	5	417	24
158	5	521	29
158	5	1617	28
159	5	417	24
159	5	626	29
159	5	2087	28
159	5	2243	30
160	5	417	24
160	5	782	29
161	5	1043	28
161	5	1356	24
161	5	1669	29
162	5	469	24
162	5	939	28
162	5	1200	30
163	5	469	24
163	5	1356	28
163	5	1669	29
164	5	417	24
164	5	521	29
164	5	2087	28
165	5	417	24
165	5	521	29
165	5	1408	28
166	5	1252	28
166	5	1565	24
166	5	1878	29
167	5	626	29
168	5	2035	28
169	5	417	24
169	5	678	29
170	5	417	24
170	5	626	29
170	5	1826	30
171	5	469	24
171	5	678	29
172	5	521	24
172	5	1043	28
172	5	1200	30
173	5	991	28
173	5	1304	24
173	5	1617	29
174	5	417	24
174	5	939	29
174	5	1878	28
175	5	417	24
175	5	834	29
175	5	2139	28
176	5	417	24
176	5	574	29
177	5	1200	28
177	5	1513	24
177	5	1826	29
178	5	1774	28
178	5	2087	24
179	5	417	24
179	5	626	29
180	5	678	24
180	5	1982	28
180	5	2295	29
181	5	417	24
181	5	574	29
182	5	417	24
182	5	939	29
183	5	417	24
183	5	574	29
183	5	2191	28
184	5	521	24
184	5	991	28
184	5	1304	29
185	5	417	24
185	5	782	29
186	5	1826	28
186	5	2139	24
187	5	417	24
187	5	887	29
188	5	574	24
188	5	1826	28
188	5	2139	29
189	5	417	24
189	5	626	29
189	5	1565	28
190	5	574	24
190	5	1095	28
190	5	1408	29
191	5	417	24
191	5	678	29
192	5	417	24
192	5	678	29
193	5	417	24
193	5	574	29
193	5	1826	28
194	5	417	24
194	5	678	29
196	5	417	24
196	5	574	29
196	5	1513	28
196	5	1722	30
196	5	2035	25
197	5	2087	28
198	5	417	24
198	5	730	29
199	5	417	24
199	5	574	29
199	5	2191	28
200	5	939	24
200	5	1043	28
200	5	1252	30
201	5	1200	28
201	5	1513	24
201	5	1826	29
202	5	417	24
202	5	887	29
203	5	417	24
203	5	626	29
203	5	2035	28
204	5	417	24
204	5	626	29
205	5	730	29
205	5	1930	28
206	5	417	24
206	5	574	29
206	5	1148	30
206	5	1565	28
206	5	1878	25
207	5	417	24
207	5	678	29
207	5	2139	28
208	5	417	24
208	5	574	29
209	5	1826	28
209	5	2139	24
210	5	417	24
210	5	574	29
211	5	1095	28
211	5	1408	24
211	5	1722	29
212	5	417	24
212	5	782	29
213	5	1095	28
213	5	1408	24
213	5	1722	29
214	5	417	24
214	5	834	29
215	5	991	28
215	5	1304	24
215	5	1565	30
216	5	469	24
216	5	939	29
217	5	574	29
217	5	1617	28
218	5	417	24
218	5	834	29
219	5	1774	28
219	5	2087	24
220	5	1043	28
220	5	1356	24
220	5	1669	29
221	5	417	24
221	5	678	29
221	5	2139	28
222	5	574	24
222	5	887	29
223	5	417	24
223	5	626	29
224	5	417	24
224	5	730	29
224	5	2035	28
225	5	417	24
225	5	626	29
225	5	1878	28
225	5	2035	30
226	5	417	24
226	5	521	29
226	5	1408	28
227	5	417	24
227	5	834	29
228	5	417	24
228	5	574	29
229	5	417	24
229	5	678	29
229	5	1669	28
230	5	417	24
230	5	521	29
230	5	2191	28
231	5	417	24
231	5	521	29
231	5	1982	28
232	5	417	24
232	5	626	29
233	5	1043	28
233	5	1356	24
233	5	1513	30
234	5	2191	28
235	5	1043	28
235	5	1356	24
235	5	1669	29
236	5	469	24
236	5	730	29
237	5	417	24
237	5	939	29
238	5	521	24
239	5	834	24
239	5	1095	28
239	5	1408	29
240	5	417	24
240	5	626	29
240	5	2035	28
240	5	2191	30
241	5	417	24
241	5	574	29
241	5	1565	28
242	5	417	24
242	5	626	29
242	5	1565	28
243	5	417	24
243	5	521	29
243	5	1200	28
243	5	1878	30
244	5	417	24
244	5	521	29
244	5	1826	28
245	5	678	24
245	5	991	28
245	5	1304	29
246	5	1617	28
246	5	1930	24
246	5	2243	29
247	5	887	24
247	5	1982	28
247	5	2295	29
248	5	417	24
248	5	574	29
249	5	417	24
249	5	626	29
250	5	417	24
250	5	574	29
250	5	1930	28
250	5	1982	30
251	5	417	24
251	5	782	29
252	5	730	24
252	5	1826	28
252	5	2139	29
253	5	417	24
253	5	574	29
253	5	2295	28
254	5	1722	28
254	5	2035	24
255	5	469	24
255	5	1043	28
255	5	1356	29
256	5	417	24
256	5	521	29
256	5	1878	28
257	5	678	24
257	5	939	28
257	5	1252	29
258	5	417	24
258	5	678	29
258	5	991	30
259	5	417	24
259	5	574	29
260	5	417	24
260	5	678	29
262	5	417	24
262	5	939	28
262	5	1252	30
263	5	417	24
263	5	782	29
264	5	417	24
264	5	678	27
264	5	730	29
265	5	417	24
265	5	678	29
266	5	417	24
266	5	574	29
267	5	417	24
267	5	574	29
268	5	417	24
268	5	991	28
268	5	1304	29
269	5	417	24
269	5	678	27
269	5	730	29
270	5	417	24
270	5	782	29
271	5	417	24
271	5	782	29
271	5	2087	28
272	5	417	24
272	5	521	29
272	5	1200	28
272	5	1878	30
272	5	2139	25
273	5	1826	28
273	5	2139	24
274	5	782	24
274	5	991	28
274	5	1304	29
275	5	1043	28
275	5	1356	24
275	5	1669	29
276	5	939	24
277	5	417	24
277	5	1774	28
277	5	2087	29
278	5	1043	28
278	5	1356	24
278	5	1669	29
279	5	991	28
279	5	1304	24
279	5	1617	29
280	5	417	24
280	5	574	29
280	5	2191	28
281	5	1513	28
281	5	1826	24
281	5	2139	29
282	5	1043	28
282	5	1356	24
282	5	1669	29
283	5	991	28
283	5	1304	24
283	5	1617	29
284	5	417	24
284	5	626	29
284	5	1669	28
284	5	1722	30
285	5	991	28
285	5	1304	24
285	5	1513	30
286	5	417	24
286	5	574	29
286	5	1930	28
286	5	2035	30
287	5	991	28
287	5	1304	24
287	5	1565	30
288	5	417	24
288	5	678	29
289	5	521	24
289	5	1774	28
289	5	2087	29
290	5	1722	28
290	5	2035	24
291	5	417	24
291	5	782	29
292	5	991	28
292	5	1304	24
292	5	1617	29
293	5	417	24
293	5	574	29
293	5	1930	30
293	5	2191	28
294	5	417	24
294	5	626	29
295	5	521	24
295	5	1095	28
295	5	1304	30
296	5	417	24
296	5	574	29
297	5	626	24
297	5	678	29
298	5	417	24
298	5	834	29
299	5	417	24
299	5	626	29
300	5	521	24
300	5	1356	28
300	5	1669	29
301	5	417	24
301	5	574	29
302	5	417	24
302	5	626	29
302	5	1774	28
303	5	417	24
303	5	521	29
303	5	1148	28
303	5	1722	30
304	5	417	24
304	5	574	29
305	5	2243	28
306	5	417	24
306	5	626	30
307	5	417	24
307	5	521	29
308	5	417	24
308	5	574	29
309	5	417	24
309	5	574	29
309	5	1722	28
309	5	1826	30
309	5	2243	25
310	5	417	24
310	5	730	29
310	5	1930	30
310	5	2191	28
311	5	417	24
311	5	939	29
312	5	469	24
312	5	887	29
312	5	2191	28
313	5	417	24
313	5	730	29
314	5	991	28
314	5	1304	24
314	5	1617	29
315	5	417	24
315	5	626	29
315	5	1617	28
316	5	1774	28
316	5	2087	24
317	5	991	28
317	5	1304	24
317	5	1356	30
318	5	1043	28
318	5	1356	24
318	5	1669	29
319	5	678	24
319	5	1043	28
319	5	1356	29
320	5	1043	28
320	5	1356	24
320	5	1565	30
321	5	417	24
321	5	678	29
322	5	417	24
322	5	574	29
322	5	2035	28
323	5	1356	28
323	5	1669	24
323	5	1982	29
324	5	1043	28
324	5	1356	24
324	5	1617	30
325	5	991	28
325	5	1304	24
325	5	1461	30
326	5	417	24
326	5	626	29
327	5	834	24
327	5	1095	28
327	5	1408	30
328	5	417	24
328	5	678	29
329	5	1043	28
329	5	1356	24
329	5	1669	29
330	5	417	24
330	5	678	29
330	5	1565	28
331	5	417	24
331	5	678	29
332	5	417	24
332	5	678	29
332	5	1513	28
333	5	417	24
333	5	626	29
333	5	2243	28
334	5	991	28
334	5	1304	24
334	5	1617	29
335	5	417	24
335	5	626	29
336	5	417	24
336	5	678	29
337	5	417	24
337	5	1200	28
337	5	1513	29
338	5	574	24
338	5	1200	28
338	5	1513	29
339	5	417	24
339	5	678	27
339	5	730	29
340	5	991	28
340	5	1304	24
340	5	1513	30
341	5	991	28
341	5	1304	24
341	5	1461	30
342	5	417	24
342	5	574	29
342	5	1722	28
343	5	417	24
343	5	626	29
344	5	1565	28
344	5	1878	24
344	5	2191	29
345	5	417	24
345	5	574	29
345	5	1513	28
346	5	417	24
346	5	678	29
346	5	1930	28
347	5	417	24
347	5	730	29
348	5	417	24
348	5	626	29
349	5	417	24
349	5	626	29
349	5	1669	28
350	5	1774	28
350	5	2087	24
351	5	417	24
351	5	626	29
352	5	417	24
352	5	782	29
353	5	417	24
353	5	678	29
354	5	417	24
354	5	521	29
354	5	1095	30
355	5	417	24
355	5	678	27
355	5	782	29
356	5	417	24
356	5	939	29
356	5	2035	28
357	5	417	24
357	5	626	29
358	5	574	24
358	5	991	28
358	5	1304	29
359	5	2035	28
360	5	417	24
360	5	626	29
361	5	417	24
361	5	574	29
361	5	1982	28
362	5	626	24
362	5	1982	28
362	5	2295	29
363	5	2087	28
364	5	417	24
364	5	626	29
365	5	1043	28
365	5	1356	24
365	5	1669	29
366	5	417	24
366	5	730	29
366	5	1982	28
367	5	417	24
367	5	574	29
368	5	417	24
368	5	626	29
368	5	1722	30
368	5	2035	28
369	5	417	24
369	5	626	29
369	5	1461	28
370	5	417	24
370	5	1565	28
370	5	1878	29
371	5	417	24
371	5	574	29
372	5	417	24
372	5	730	29
373	5	417	24
373	5	834	29
374	5	1043	28
374	5	1356	24
374	5	1669	29
375	5	991	28
375	5	1304	24
375	5	1461	30
376	5	417	24
376	5	626	29
377	5	991	28
377	5	1304	24
377	5	1565	30
378	5	574	24
378	5	887	29
379	5	417	24
379	5	730	29
380	5	417	24
380	5	626	29
381	5	417	24
381	5	730	29
382	5	417	24
382	5	678	29
383	5	991	28
383	5	1304	24
383	5	1617	29
384	5	417	24
384	5	678	29
385	5	417	24
385	5	782	29
386	5	417	24
386	5	678	29
387	5	417	24
387	5	574	29
387	5	2035	30
388	5	1774	28
388	5	2087	24
389	5	417	24
389	5	678	29
390	5	417	24
390	5	626	29
391	5	417	24
391	5	678	29
391	5	2191	28
392	5	469	24
392	5	782	29
392	5	2295	28
393	5	417	24
393	5	574	29
394	5	417	24
394	5	626	29
395	5	417	24
395	5	939	30
396	5	417	24
396	5	626	29
396	5	1565	28
396	5	1722	30
397	5	991	28
397	5	1304	24
397	5	1461	30
398	5	417	24
398	5	521	29
399	5	417	24
399	5	574	29
400	5	417	24
400	5	678	29
401	5	1826	28
401	5	2139	24
402	5	417	24
402	5	782	29
403	5	678	24
403	5	1930	28
403	5	2243	29
404	5	417	24
404	5	730	29
404	5	2295	28
405	5	469	24
405	5	1095	28
405	5	1408	29
406	5	417	24
406	5	626	29
407	5	730	29
407	5	1565	28
409	5	574	24
409	5	1304	28
409	5	1617	29
410	5	521	24
410	5	1252	28
410	5	1565	29
411	5	417	24
411	5	521	29
411	5	1252	28
411	5	1774	30
412	5	417	24
412	5	678	29
412	5	1617	28
412	5	1774	30
412	5	2087	25
413	5	417	24
413	5	626	29
413	5	1617	28
413	5	1722	30
414	5	417	24
414	5	626	29
414	5	1617	28
415	5	417	24
415	5	678	27
415	5	730	29
416	5	939	28
416	5	1252	24
416	5	1565	29
417	5	417	24
417	5	626	29
418	5	417	24
418	5	626	29
418	5	1356	28
419	5	417	24
419	5	469	29
419	5	1461	28
420	5	417	24
420	5	678	29
420	5	2139	28
421	5	1774	28
421	5	2087	24
422	5	417	24
422	5	887	29
423	5	469	24
423	5	991	28
423	5	1095	30
424	5	417	24
424	5	574	29
424	5	1774	28
424	5	1826	30
424	5	2139	25
425	5	417	24
425	5	782	29
425	5	2191	28
426	5	521	24
426	5	678	29
426	5	1722	28
427	5	1774	28
427	5	2087	24
428	5	417	24
428	5	574	29
429	5	417	24
429	5	574	29
429	5	1617	28
430	5	417	24
430	5	574	29
431	5	417	24
431	5	574	29
432	5	417	24
432	5	730	29
432	5	2191	28
433	5	417	24
433	5	782	29
434	5	417	24
434	5	678	29
434	5	1774	30
434	5	2035	28
434	5	2295	25
435	5	417	24
435	5	521	29
435	5	1461	28
436	5	417	24
436	5	678	29
436	5	2087	30
437	5	417	24
437	5	574	29
438	5	417	24
438	5	730	29
438	5	1617	28
439	5	417	24
439	5	887	29
440	5	417	24
440	5	626	29
441	5	1095	28
441	5	1408	24
441	5	1722	29
442	5	417	24
442	5	730	29
442	5	1982	28
443	5	417	24
443	5	939	29
444	5	1043	28
444	5	1356	24
444	5	1669	29
445	5	417	24
445	5	626	29
445	5	2295	28
446	5	417	24
446	5	678	29
446	5	2295	28
447	5	1043	28
447	5	1356	24
447	5	1669	29
448	5	469	24
448	5	1408	28
448	5	1722	29
449	5	1774	28
449	5	2087	24
450	5	1826	28
450	5	2139	24
451	5	417	24
451	5	678	29
451	5	1513	28
452	5	417	24
452	5	730	29
453	5	417	24
453	5	574	29
453	5	1148	30
454	5	991	28
454	5	1304	24
454	5	1617	29
455	5	834	24
455	5	1043	28
455	5	1252	30
456	5	1043	28
456	5	1356	24
456	5	1617	30
457	5	417	24
457	5	730	29
458	5	834	24
458	5	1200	28
458	5	1513	29
459	5	417	24
459	5	1930	28
459	5	2243	29
460	5	417	24
460	5	626	29
461	5	417	24
461	5	574	29
462	5	417	24
462	5	626	29
462	5	2035	28
463	5	417	24
463	5	626	29
463	5	2087	30
464	5	417	24
464	5	1043	28
464	5	1148	30
465	5	417	24
465	5	626	29
466	5	417	24
466	5	626	29
467	5	417	24
467	5	521	29
467	5	1982	28
468	5	417	24
468	5	626	29
469	5	417	24
469	5	574	29
469	5	2191	30
470	5	782	24
470	5	939	28
470	5	1252	29
471	5	574	24
471	5	939	28
471	5	1252	29
472	5	417	24
472	5	574	29
473	5	417	24
473	5	574	29
473	5	1878	28
474	5	417	24
474	5	574	29
475	5	469	24
475	5	939	29
476	5	939	28
476	5	1252	24
476	5	1565	29
477	5	521	24
477	5	626	29
478	5	417	24
478	5	834	29
480	5	417	24
480	5	939	28
480	5	1252	29
481	5	417	24
481	5	626	29
481	5	1304	28
481	5	1826	30
482	5	417	24
482	5	834	29
483	5	1200	28
483	5	1513	24
483	5	1826	29
484	5	1774	28
484	5	2087	24
485	5	678	24
485	5	1095	28
485	5	1408	29
486	5	991	28
486	5	1304	24
486	5	1356	30
487	5	417	24
487	5	626	29
488	5	1043	28
488	5	1356	24
488	5	1461	30
489	5	417	24
489	5	626	29
490	5	417	24
490	5	782	29
490	5	1513	28
491	5	417	24
491	5	730	29
491	5	1930	28
492	5	521	24
492	5	939	28
492	5	1252	30
493	5	417	24
493	5	939	30
494	5	417	24
494	5	574	29
495	5	417	24
495	5	939	28
495	5	1200	30
496	5	417	24
496	5	521	29
496	5	1617	28
497	5	417	24
497	5	521	29
498	5	417	24
498	5	626	29
499	5	417	24
499	5	782	29
500	5	417	24
500	5	626	29
500	5	1669	28
500	5	1722	30
501	5	991	28
501	5	1304	24
501	5	1617	29
502	5	417	24
502	5	939	28
502	5	1200	30
503	5	417	24
503	5	626	29
503	5	1617	28
503	5	1722	30
503	5	2139	25
504	5	1148	28
504	5	1461	24
504	5	1774	29
505	5	991	28
505	5	1304	24
505	5	1617	29
506	5	521	24
506	5	939	28
506	5	1252	29
507	5	1148	28
507	5	1461	24
507	5	1774	29
508	5	417	24
508	5	678	27
508	5	730	29
508	5	1982	28
508	5	2191	30
510	5	1774	28
510	5	2087	24
512	5	417	24
512	5	1095	28
512	5	1200	30
513	5	417	24
513	5	939	28
513	5	1252	29
514	5	417	24
514	5	678	29
515	5	417	24
515	5	574	29
515	5	2191	30
516	5	1043	28
516	5	1356	24
516	5	1669	29
517	5	991	28
517	5	1304	24
517	5	1617	29
518	5	417	24
518	5	1043	28
518	5	1304	30
519	5	417	24
519	5	574	29
520	5	417	24
520	5	626	29
520	5	2191	28
521	5	417	24
521	5	626	29
522	5	417	24
522	5	939	28
522	5	1043	30
523	5	417	24
523	5	678	27
523	5	730	29
524	5	1774	28
524	5	2087	24
525	5	417	24
525	5	626	29
525	5	1356	28
526	5	939	24
526	5	1826	28
526	5	2139	29
527	5	417	24
527	5	574	29
528	5	417	24
528	5	626	29
529	5	417	24
529	5	678	29
529	5	991	30
529	5	1669	28
530	5	1043	28
530	5	1304	30
531	5	730	24
531	5	991	28
531	5	1304	30
532	5	469	24
532	5	939	29
533	5	1774	28
533	5	2087	24
534	5	417	24
534	5	678	29
534	5	991	30
535	5	1043	28
535	5	1356	24
535	5	1669	29
536	5	887	24
536	5	1252	28
536	5	1565	29
537	5	417	24
537	5	730	29
537	5	1722	28
538	5	417	24
538	5	574	29
539	5	417	24
539	5	626	29
540	5	678	29
541	5	417	24
541	5	521	29
541	5	2035	28
542	5	521	24
542	5	887	29
543	5	939	28
543	5	1252	30
544	5	417	24
544	5	521	29
544	5	1408	28
544	5	2087	30
545	5	417	24
545	5	626	29
546	5	991	28
546	5	1304	24
546	5	1461	30
547	5	417	24
547	5	678	29
547	5	1982	28
547	5	2243	30
548	5	939	24
548	5	1252	28
548	5	1565	29
549	5	1043	28
549	5	1356	24
549	5	1408	30
550	5	417	24
550	5	626	30
550	5	1878	28
551	5	417	24
551	5	521	29
551	5	1148	30
552	5	991	28
552	5	1304	24
552	5	1617	29
553	5	417	24
553	5	730	29
554	5	417	24
554	5	521	29
554	5	1565	28
555	5	417	24
555	5	574	29
555	5	1148	30
555	5	1669	28
555	5	2191	25
556	5	417	24
556	5	626	29
556	5	1565	28
557	5	626	24
557	5	1304	28
557	5	1617	29
558	5	417	24
558	5	469	29
558	5	2295	28
559	5	469	24
559	5	991	28
559	5	1200	30
560	5	991	28
560	5	1304	24
560	5	1617	29
561	5	417	24
561	5	939	28
561	5	1252	29
562	5	521	24
562	5	782	29
562	5	2035	28
563	5	417	24
563	5	678	29
563	5	1461	28
564	5	991	28
564	5	1304	24
564	5	1617	29
565	5	417	24
565	5	626	29
565	5	1826	28
565	5	1878	30
565	5	2191	25
566	5	417	24
566	5	678	29
567	5	417	24
567	5	678	29
568	5	417	24
568	5	574	29
569	5	469	24
569	5	626	29
570	5	1043	28
570	5	1356	30
571	5	417	24
571	5	574	29
572	5	1043	28
572	5	1356	24
572	5	1669	29
573	5	1513	28
573	5	1826	24
573	5	2139	29
574	5	417	24
574	5	782	29
575	5	417	24
575	5	574	29
575	5	1148	30
575	5	1669	28
576	5	991	28
576	5	1304	24
576	5	1565	30
577	5	417	24
577	5	678	29
578	5	574	29
579	5	417	24
579	5	626	29
580	5	1356	28
580	5	1669	24
580	5	1982	29
581	5	574	24
581	5	1095	28
581	5	1304	30
582	5	417	24
582	5	730	29
582	5	2087	28
583	5	417	24
583	5	678	29
583	5	1565	28
583	5	1774	30
584	5	417	24
584	5	574	29
585	5	417	24
585	5	626	29
585	5	1565	28
585	5	1722	30
586	5	417	24
586	5	574	29
586	5	1461	28
587	5	417	24
587	5	521	29
587	5	1095	30
588	5	417	24
588	5	730	29
589	5	417	24
589	5	521	29
589	5	1617	28
590	5	417	24
590	5	678	27
590	5	730	29
591	5	1043	28
591	5	1356	24
591	5	1669	29
592	5	2139	28
593	5	417	24
593	5	574	29
594	5	417	24
594	5	678	29
594	5	2139	28
595	5	417	24
595	5	626	29
595	5	1826	30
595	5	2087	28
596	5	417	24
596	5	782	29
596	5	1669	28
597	5	417	24
597	5	730	29
598	5	417	24
598	5	574	29
599	5	417	24
599	5	626	29
600	5	1043	28
600	5	1356	24
600	5	1669	29
601	5	417	24
601	5	678	29
602	5	887	24
602	5	1095	28
602	5	1408	29
603	5	417	24
603	5	626	29
604	5	417	24
604	5	678	29
604	5	1774	28
605	5	626	24
605	5	991	28
605	5	1304	29
606	5	417	24
606	5	626	29
606	5	1617	28
607	5	417	24
607	5	574	29
608	5	417	24
608	5	521	29
608	5	1669	28
609	5	1930	28
609	5	2243	24
610	5	1826	28
610	5	2139	24
611	5	417	24
611	5	626	29
611	5	2191	28
612	5	782	29
612	5	2191	28
613	5	939	24
613	5	1148	28
613	5	1461	29
614	5	991	28
614	5	1304	24
614	5	1408	30
615	5	417	24
615	5	834	29
616	5	417	24
616	5	939	29
617	5	678	24
617	5	1826	28
617	5	2139	29
618	5	939	24
618	5	2295	28
619	5	469	24
619	5	1095	28
619	5	1408	29
620	5	417	24
620	5	626	29
621	5	417	24
621	5	991	28
621	5	1200	30
622	5	417	24
622	5	574	30
623	5	574	24
623	5	1148	28
623	5	1461	29
624	5	417	24
624	5	521	29
625	5	678	24
625	5	1043	28
625	5	1200	30
626	5	417	24
626	5	469	29
626	5	1565	28
627	5	417	24
627	5	626	29
627	5	1878	28
628	5	417	24
628	5	574	29
628	5	1826	28
629	5	417	24
629	5	574	29
630	5	417	24
630	5	730	29
630	5	2243	28
631	5	417	24
631	5	939	29
631	5	2087	28
632	5	417	24
632	5	626	29
632	5	2295	28
633	5	1095	28
633	5	1408	24
633	5	1722	29
634	5	991	28
634	5	1304	24
634	5	1461	30
635	5	1043	28
635	5	1356	24
635	5	1669	29
636	5	1826	28
636	5	2139	24
637	5	521	24
637	5	1356	28
637	5	1669	29
638	5	678	29
639	5	417	24
639	5	574	29
639	5	2295	28
640	5	417	24
640	5	626	29
641	5	417	24
641	5	626	29
642	5	991	28
642	5	1304	30
643	5	1826	28
643	5	2139	24
644	5	417	24
644	5	678	29
645	5	417	24
645	5	678	29
645	5	1669	28
646	5	417	24
646	5	626	29
646	5	1774	30
647	5	939	28
647	5	1252	24
647	5	1565	29
648	5	417	24
648	5	834	29
649	5	417	24
649	5	730	27
649	5	834	29
650	5	1043	28
650	5	1356	24
650	5	1669	29
651	5	417	24
651	5	678	29
652	5	417	24
652	5	626	29
652	5	1774	28
653	5	417	24
653	5	782	29
654	5	469	24
654	5	521	29
655	5	417	24
655	5	521	29
655	5	1930	28
656	5	417	24
656	5	574	29
656	5	2243	28
657	5	417	24
657	5	521	29
658	5	417	24
658	5	782	29
658	5	2139	28
659	5	991	28
659	5	1304	24
659	5	1513	30
660	5	469	24
660	5	1200	28
660	5	1513	29
661	5	417	24
661	5	678	29
662	5	417	24
662	5	574	29
662	5	1669	28
663	5	521	24
663	5	991	28
663	5	1304	29
664	5	417	24
664	5	678	29
664	5	2035	30
664	5	2295	28
665	5	417	24
665	5	678	29
666	5	417	24
666	5	626	29
667	5	417	24
667	5	574	30
668	5	469	24
668	5	991	28
668	5	1304	29
669	5	417	24
669	5	991	28
669	5	1252	30
670	5	417	24
670	5	887	29
670	5	2191	28
671	5	574	24
671	5	1408	28
671	5	1722	29
672	5	417	24
672	5	939	28
672	5	1252	29
673	5	417	24
673	5	834	29
674	5	417	24
674	5	782	29
674	5	1722	28
675	5	469	24
675	5	939	28
675	5	1252	29
676	5	417	24
676	5	626	29
676	5	1930	30
676	5	2295	28
677	5	417	24
677	5	991	28
677	5	1095	30
678	5	417	24
678	5	626	29
679	5	678	24
679	5	1200	28
679	5	1513	29
680	5	417	24
680	5	991	28
680	5	1304	29
681	5	417	24
681	5	939	29
682	5	417	24
682	5	521	29
682	5	2087	28
683	5	991	28
683	5	1304	24
683	5	1617	29
684	5	574	24
684	5	1043	28
684	5	1200	30
685	5	417	24
685	5	678	29
686	5	417	24
686	5	626	29
687	5	1043	28
687	5	1356	24
687	5	1669	30
688	5	991	28
688	5	1304	24
688	5	1617	29
689	5	834	24
689	5	991	28
689	5	1304	29
690	5	417	24
690	5	521	29
691	5	417	24
691	5	626	29
691	5	1930	28
691	5	2243	30
692	5	417	24
692	5	730	29
692	5	1408	28
693	5	417	24
693	5	626	29
693	5	1565	28
694	5	417	24
694	5	834	30
695	5	417	24
695	5	574	29
696	5	417	24
696	5	782	29
697	5	417	24
697	5	574	29
697	5	1669	28
698	5	1043	28
698	5	1356	24
698	5	1669	29
699	5	417	24
699	5	834	29
700	5	417	24
700	5	626	29
701	5	469	24
701	5	730	29
701	5	1669	28
702	5	417	24
702	5	678	29
703	5	417	24
703	5	521	29
703	5	1461	28
704	5	1356	28
704	5	1669	24
704	5	1982	29
705	5	521	24
705	5	730	29
705	5	1982	28
706	5	417	24
706	5	574	29
707	5	417	24
707	5	626	29
708	5	782	24
708	5	1095	28
708	5	1304	30
709	5	417	24
709	5	521	29
709	5	1565	28
710	5	417	24
710	5	574	29
710	5	1408	28
711	5	626	24
711	5	1043	28
711	5	1356	29
712	5	417	24
712	5	678	29
713	5	730	24
714	5	417	24
714	5	678	27
714	5	730	29
715	5	417	24
715	5	678	29
716	5	417	24
716	5	626	29
717	5	469	24
717	5	834	29
717	5	1669	28
718	5	417	24
718	5	521	29
718	5	1513	28
719	5	469	24
719	5	574	29
720	5	887	24
720	5	1043	28
720	5	1356	29
721	5	417	24
721	5	626	29
721	5	1722	28
722	5	417	24
722	5	521	29
722	5	1095	28
722	5	1722	30
723	5	417	24
723	5	834	29
724	5	417	24
724	5	730	29
725	5	417	24
725	5	782	27
725	5	834	30
726	5	417	24
726	5	521	29
726	5	1513	28
727	5	782	24
727	5	1304	28
727	5	1617	30
728	5	1304	28
728	5	1617	24
728	5	1930	29
729	5	417	24
729	5	730	29
730	5	417	24
730	5	626	29
731	5	417	24
731	5	574	29
732	5	417	24
732	5	730	29
733	5	417	24
733	5	626	29
734	5	417	24
734	5	521	29
734	5	1774	28
735	5	1774	28
735	5	2087	24
736	5	417	24
736	5	834	29
737	5	417	24
737	5	626	29
737	5	2035	28
738	5	417	24
738	5	574	29
738	5	1408	28
738	5	2035	30
738	5	2295	25
739	5	939	24
739	5	991	28
739	5	1304	29
740	5	1930	28
740	5	2243	24
741	5	417	24
741	5	782	29
742	5	417	24
742	5	626	29
742	5	1878	28
742	5	1982	30
742	5	2243	25
743	5	417	24
743	5	574	29
744	5	991	28
744	5	1304	30
745	5	469	24
745	5	1669	28
745	5	1982	29
746	5	1043	28
746	5	1356	24
746	5	1669	30
747	5	417	24
747	5	887	30
748	5	1774	28
748	5	2087	24
749	5	626	29
750	5	417	24
750	5	678	29
751	5	574	24
751	5	1043	28
751	5	1356	29
752	5	469	24
752	5	939	29
752	5	1722	28
753	5	417	24
753	5	626	29
753	5	1982	28
753	5	2035	30
753	5	2295	25
754	5	417	24
754	5	626	29
755	5	417	24
755	5	626	29
756	5	417	24
756	5	626	29
756	5	1826	30
756	5	2139	28
757	5	1043	28
757	5	1356	24
757	5	1669	29
758	5	417	24
758	5	626	29
759	5	991	28
759	5	1304	24
759	5	1617	30
760	5	417	24
760	5	678	29
761	5	417	24
761	5	521	29
761	5	2139	28
762	5	417	24
762	5	574	29
763	5	991	28
763	5	1304	24
763	5	1617	29
764	5	417	24
764	5	834	29
765	5	417	24
765	5	521	29
765	5	1982	28
766	5	417	24
766	5	678	29
767	5	834	24
767	5	991	28
767	5	1304	29
768	5	1043	28
768	5	1356	24
768	5	1669	29
769	5	417	24
769	5	678	29
770	5	1774	28
770	5	2087	24
770	5	2191	30
771	5	834	24
771	5	1095	28
771	5	1252	30
772	5	417	24
772	5	1252	28
772	5	1565	29
773	5	1043	28
773	5	1356	24
773	5	1669	29
774	5	417	24
774	5	574	29
775	5	574	29
776	5	417	24
776	5	521	29
776	5	1304	28
776	5	2191	30
777	5	1774	28
777	5	2087	24
778	5	417	24
778	5	678	29
779	5	782	24
779	5	1878	28
779	5	2191	29
780	5	417	24
780	5	678	29
781	5	417	24
781	5	574	29
781	5	1565	28
782	5	417	24
782	5	574	29
783	5	1043	28
783	5	1356	24
783	5	1669	29
784	5	417	24
784	5	574	29
785	5	417	24
785	5	730	29
786	5	417	24
786	5	834	29
787	5	1043	28
787	5	1356	24
787	5	1669	29
788	5	417	24
788	5	521	29
789	5	626	24
789	5	1095	28
789	5	1304	30
790	5	417	24
790	5	521	29
790	5	2243	28
791	5	991	28
791	5	1304	24
791	5	1617	29
792	5	417	24
792	5	730	30
793	5	417	24
793	5	626	30
794	5	417	24
794	5	574	29
795	5	626	24
795	5	1774	28
795	5	2087	29
796	5	1043	28
796	5	1356	24
796	5	1669	29
797	5	417	24
797	5	678	27
797	5	782	29
798	5	417	24
798	5	834	29
798	5	2139	28
799	5	1930	28
799	5	2243	24
800	5	991	28
800	5	1304	24
800	5	1617	29
801	5	1043	28
801	5	1356	24
801	5	1617	30
802	5	417	24
802	5	574	29
803	5	417	24
803	5	626	29
803	5	1617	28
804	5	417	24
804	5	574	29
804	5	1982	28
805	5	1878	28
805	5	2191	24
806	5	1043	28
806	5	1356	24
806	5	1669	29
807	5	417	24
807	5	678	29
807	5	991	30
807	5	1669	28
808	5	1774	28
808	5	2087	24
809	5	1252	28
809	5	1565	24
809	5	1878	29
810	5	417	24
810	5	626	30
811	5	417	24
811	5	574	29
812	5	417	24
812	5	521	29
812	5	1513	28
812	5	2087	30
813	5	417	24
813	5	887	30
814	5	417	24
814	5	626	29
815	5	417	24
815	5	521	29
816	5	678	24
816	5	1095	28
816	5	1356	30
817	5	1826	28
817	5	2139	24
818	5	417	24
818	5	626	29
818	5	1878	28
819	5	1043	28
819	5	1356	24
819	5	1669	29
820	5	417	24
820	5	678	29
821	5	991	28
821	5	1304	24
821	5	1617	30
822	5	417	24
822	5	574	29
823	5	417	24
823	5	678	29
823	5	991	30
823	5	1982	28
823	5	2295	25
824	5	574	24
824	5	1095	28
824	5	1356	30
825	5	469	24
825	5	574	29
825	5	1722	28
826	5	469	24
826	5	1043	28
826	5	1252	30
827	5	417	24
827	5	626	29
828	5	1043	28
828	5	1356	24
828	5	1617	30
829	5	1617	28
829	5	1930	24
829	5	2243	29
830	5	574	24
830	5	1095	28
830	5	1408	29
831	5	417	24
831	5	521	29
831	5	1356	28
831	5	1982	30
831	5	2243	25
832	5	417	24
832	5	678	27
832	5	730	29
832	5	1878	30
832	5	2139	28
833	5	574	29
834	5	417	24
834	5	678	27
834	5	730	29
834	5	1982	30
834	5	2243	28
835	5	417	24
835	5	730	29
836	5	1774	28
836	5	2087	24
837	5	626	24
837	5	782	29
837	5	2243	28
838	5	417	24
838	5	521	29
838	5	1617	28
839	5	1043	28
839	5	1356	24
839	5	1669	29
840	5	417	24
840	5	469	29
840	5	1043	30
840	5	1669	28
841	5	417	24
841	5	678	29
842	5	417	24
842	5	939	28
842	5	1252	29
843	5	417	24
843	5	626	29
843	5	1722	30
843	5	1982	28
843	5	2243	25
844	5	730	24
844	5	1200	28
844	5	1513	29
845	5	991	28
845	5	1304	24
845	5	1617	29
846	5	1043	28
846	5	1356	24
846	5	1669	29
847	5	991	28
847	5	1304	24
847	5	1617	30
848	5	417	24
848	5	521	29
848	5	1304	28
849	5	626	24
849	5	2035	28
850	5	417	24
850	5	574	29
850	5	1669	28
850	5	1826	30
851	5	887	29
852	5	417	24
852	5	1043	28
852	5	1356	29
853	5	991	28
853	5	1304	24
853	5	1617	30
854	5	678	24
854	5	1043	28
854	5	1095	30
855	5	417	24
855	5	574	29
856	5	417	24
856	5	730	29
857	5	991	28
857	5	1304	24
857	5	1617	29
858	5	417	24
858	5	834	29
859	5	417	24
859	5	1200	28
859	5	1513	29
860	5	1043	28
860	5	1356	24
860	5	1669	29
861	5	417	24
861	5	678	29
862	5	1043	28
862	5	1356	24
862	5	1669	29
863	5	417	24
863	5	521	29
863	5	1408	28
864	5	417	24
864	5	574	29
864	5	1930	28
864	5	2035	30
865	5	417	24
865	5	574	29
866	5	417	24
866	5	626	29
867	5	417	24
867	5	782	29
868	5	417	24
868	5	678	29
869	5	417	24
869	5	939	28
869	5	1252	29
870	5	782	24
870	5	1095	28
870	5	1408	29
871	5	782	29
871	5	1722	28
872	5	2295	28
873	5	417	24
873	5	574	29
874	5	782	29
875	5	417	24
875	5	626	29
876	5	417	24
876	5	574	29
877	5	417	24
877	5	574	29
877	5	1148	30
878	5	991	28
878	5	1304	24
878	5	1461	30
879	5	417	24
879	5	678	29
880	5	417	24
880	5	678	29
880	5	991	30
881	5	417	24
881	5	782	29
882	5	1043	28
882	5	1356	24
882	5	1408	30
883	5	1043	28
883	5	1356	24
883	5	1669	29
884	5	417	24
884	5	626	29
885	5	417	24
885	5	678	27
885	5	730	29
885	5	1095	30
886	5	469	24
886	5	678	29
887	5	417	24
887	5	782	29
888	5	469	24
888	5	834	29
889	5	991	28
889	5	1304	24
889	5	1617	29
890	5	1043	28
890	5	1356	24
890	5	1408	30
891	5	417	24
891	5	678	27
891	5	834	29
892	5	1043	28
892	5	1356	24
892	5	1669	29
893	5	417	24
893	5	626	29
894	5	417	24
894	5	730	29
895	5	417	24
895	5	574	29
895	5	2035	28
896	5	417	24
896	5	678	29
897	5	417	24
897	5	626	29
898	5	417	24
898	5	521	29
898	5	1304	28
899	5	417	24
899	5	626	29
900	5	417	24
900	5	991	28
900	5	1304	29
901	5	417	24
901	5	626	29
902	5	417	24
902	5	939	29
902	5	1565	28
903	5	417	24
903	5	574	29
903	5	1513	28
904	5	1252	28
904	5	1565	24
904	5	1878	29
905	5	521	24
905	5	1095	28
905	5	1408	29
906	5	417	24
906	5	521	29
907	5	1617	28
907	5	1930	24
907	5	2243	29
908	5	417	24
908	5	626	29
909	5	1513	28
909	5	1826	24
909	5	2139	29
910	5	887	24
910	5	1095	28
910	5	1408	29
911	5	417	24
911	5	939	28
911	5	1252	29
912	5	417	24
912	5	678	27
912	5	730	30
913	5	991	28
913	5	1304	24
913	5	1617	29
914	5	417	24
914	5	991	28
914	5	1148	30
915	5	991	28
915	5	1304	24
915	5	1513	30
916	5	417	24
916	5	574	29
917	5	417	24
917	5	626	29
917	5	2243	28
918	5	991	28
918	5	1304	30
919	5	991	28
919	5	1304	24
919	5	1617	29
920	5	417	24
920	5	939	29
921	5	417	24
921	5	730	29
922	5	417	24
922	5	730	29
922	5	2087	28
923	5	991	28
923	5	1304	24
923	5	1617	29
924	5	417	24
924	5	574	29
924	5	1252	28
925	5	417	24
925	5	678	29
926	5	417	24
926	5	574	29
926	5	1565	28
927	5	417	24
927	5	730	29
928	5	1878	28
928	5	2191	24
929	5	417	24
929	5	678	29
930	5	574	24
930	5	939	29
931	5	417	24
931	5	574	29
931	5	1669	28
931	5	1722	30
932	5	574	24
932	5	1095	28
932	5	1200	30
933	5	991	28
933	5	1304	24
933	5	1356	30
934	5	469	24
934	5	991	28
934	5	1304	29
935	5	417	24
935	5	626	29
936	5	417	24
936	5	782	29
937	5	417	24
937	5	939	28
937	5	1252	29
938	5	469	24
938	5	939	29
938	5	2191	28
939	5	678	29
940	5	417	24
940	5	521	29
940	5	1513	28
941	5	417	24
941	5	574	29
941	5	2139	30
942	5	417	24
942	5	521	29
942	5	1252	28
943	5	417	24
943	5	521	29
944	5	417	24
944	5	782	29
944	5	2087	28
945	5	1043	28
945	5	1356	24
945	5	1669	29
946	5	417	24
946	5	782	29
946	5	2035	28
947	5	417	24
947	5	678	27
947	5	730	29
947	5	1826	30
947	5	2139	28
948	5	417	24
948	5	626	29
949	5	417	24
949	5	521	29
949	5	1095	28
949	5	1148	30
950	5	417	24
950	5	678	29
951	5	1461	28
951	5	1774	24
951	5	2087	29
952	5	1408	28
952	5	1722	24
952	5	2035	29
953	5	417	24
953	5	678	27
953	5	730	29
954	5	417	24
954	5	521	29
954	5	1461	28
955	5	626	24
955	5	991	28
955	5	1304	29
956	5	417	24
956	5	574	29
957	5	834	24
957	5	1252	28
957	5	1565	29
958	5	469	24
958	5	887	29
959	5	1408	28
959	5	1722	24
959	5	2035	29
960	5	417	24
960	5	678	29
961	5	417	24
961	5	626	29
961	5	1930	28
962	5	1774	28
962	5	2087	24
963	5	417	24
963	5	678	27
963	5	730	29
964	5	417	24
964	5	521	29
964	5	1304	28
964	5	2139	30
965	5	469	24
965	5	1095	28
965	5	1408	29
966	5	417	24
966	5	574	29
966	5	2295	28
967	5	521	24
967	5	730	29
968	5	417	24
968	5	521	29
968	5	2087	28
969	5	417	24
969	5	626	29
969	5	1722	28
970	5	2035	28
971	5	417	24
971	5	626	29
972	5	417	24
972	5	574	29
972	5	1148	30
972	5	2139	28
973	5	417	24
973	5	626	29
974	5	417	24
974	5	574	29
975	5	991	28
975	5	1304	24
975	5	1617	29
976	5	417	24
976	5	678	29
976	5	1565	28
977	5	1148	28
977	5	1461	24
977	5	1774	29
978	5	417	24
978	5	574	29
979	5	1043	28
979	5	1356	24
979	5	1513	30
980	5	991	28
980	5	1304	24
980	5	1617	29
981	5	469	24
981	5	887	29
981	5	1565	28
982	5	417	24
982	5	521	29
983	5	417	24
983	5	574	29
984	5	469	24
984	5	1095	30
985	5	834	24
985	5	991	28
985	5	1304	29
986	5	1826	28
986	5	2139	24
987	5	626	24
987	5	1304	28
987	5	1617	29
988	5	417	24
988	5	678	29
989	5	417	24
989	5	574	29
990	5	1148	28
990	5	1461	24
990	5	1774	29
991	5	678	24
991	5	1148	28
991	5	1461	29
992	5	1200	28
992	5	1513	24
992	5	1826	29
993	5	417	24
993	5	730	29
994	5	1200	28
994	5	1513	24
994	5	1826	29
995	5	417	24
995	5	626	29
996	5	887	24
996	5	1043	28
996	5	1356	29
997	5	1878	28
997	5	2191	24
998	5	417	24
998	5	782	27
998	5	834	30
998	5	2035	28
998	5	2295	25
999	5	1043	28
999	5	1356	24
999	5	1669	29
