Realization	utility	week	infra.
0	0	991	29
1	0	1043	29
2	0	834	30
3	0	1774	29
4	0	834	30
5	0	834	30
6	0	1095	30
7	0	1617	29
8	0	1304	29
10	0	730	30
13	0	2035	29
14	0	678	30
15	0	834	30
16	0	834	30
17	0	782	30
18	0	887	30
20	0	1252	29
21	0	678	30
22	0	1513	29
23	0	730	30
24	0	730	30
25	0	2191	29
26	0	1304	29
27	0	834	30
28	0	1356	29
29	0	1565	29
30	0	1878	29
31	0	834	30
32	0	1669	29
33	0	1252	29
34	0	1304	29
35	0	782	30
36	0	834	30
37	0	1356	29
38	0	1252	29
39	0	887	30
40	0	626	29
40	0	2243	30
41	0	1356	29
42	0	1356	29
43	0	730	30
45	0	1252	29
46	0	782	30
47	0	1669	29
49	0	887	30
53	0	782	30
55	0	887	30
56	0	1774	29
57	0	730	30
58	0	834	30
59	0	834	30
60	0	2139	29
61	0	991	30
62	0	991	30
63	0	1304	29
65	0	1304	29
66	0	1878	29
67	0	1356	29
69	0	1513	29
70	0	1565	29
71	0	1722	29
74	0	2035	29
75	0	1043	29
76	0	2035	29
77	0	2139	29
79	0	1461	29
80	0	1095	29
81	0	939	30
82	0	1461	29
83	0	1669	29
84	0	887	30
86	0	1722	29
87	0	834	30
88	0	1304	29
89	0	1461	29
90	0	1930	29
91	0	2035	29
92	0	782	30
93	0	1878	29
95	0	1826	29
96	0	1617	29
97	0	1930	29
99	0	1669	29
100	0	2035	29
101	0	1304	29
102	0	1252	29
103	0	1513	29
104	0	991	30
106	0	1304	29
106	0	2243	30
107	0	730	30
108	0	887	30
109	0	1826	29
110	0	782	30
111	0	1513	29
112	0	1461	29
113	0	730	30
114	0	1252	29
116	0	2035	29
117	0	2035	29
118	0	1774	29
119	0	1826	29
120	0	1461	29
122	0	1043	29
124	0	1043	29
125	0	834	30
126	0	626	30
127	0	991	29
128	0	626	29
129	0	1669	29
130	0	834	30
131	0	1304	29
131	0	2243	30
132	0	782	30
133	0	991	30
134	0	1461	29
135	0	730	30
136	0	730	30
137	0	1304	29
138	0	991	29
139	0	834	30
141	0	834	30
142	0	1669	29
143	0	1878	29
145	0	1722	29
146	0	782	30
147	0	1252	29
148	0	1930	29
149	0	782	30
150	0	782	30
151	0	1565	29
152	0	1252	29
153	0	1513	29
154	0	834	30
155	0	574	29
156	0	782	30
158	0	887	30
159	0	626	29
160	0	1304	29
161	0	2191	29
162	0	1617	29
163	0	1878	29
164	0	887	30
165	0	887	30
167	0	1826	29
169	0	834	30
170	0	782	30
171	0	1878	29
172	0	1617	29
173	0	1930	29
174	0	1461	29
175	0	1252	29
176	0	730	30
179	0	782	30
181	0	730	30
182	0	1826	29
183	0	782	30
185	0	887	30
187	0	1356	29
188	0	2035	29
189	0	1356	29
190	0	1669	29
191	0	1043	29
192	0	1252	29
193	0	1252	29
194	0	2243	29
196	0	678	30
198	0	1304	29
199	0	991	29
200	0	1722	29
202	0	1617	29
203	0	1461	29
204	0	887	30
205	0	1878	29
206	0	678	30
207	0	991	29
208	0	834	30
210	0	991	30
212	0	1461	29
213	0	2191	29
215	0	1826	29
217	0	1774	29
218	0	1356	29
220	0	2035	29
221	0	1304	29
223	0	2087	29
224	0	1461	29
225	0	834	30
226	0	782	30
227	0	1774	29
228	0	887	30
229	0	1356	29
230	0	678	30
231	0	782	30
232	0	834	30
233	0	1878	29
235	0	2139	29
236	0	1930	29
239	0	1774	29
240	0	782	30
241	0	1356	29
242	0	1252	29
243	0	678	30
244	0	782	30
245	0	1722	29
248	0	834	30
249	0	678	30
250	0	730	30
251	0	939	30
253	0	1722	29
255	0	1565	29
256	0	1356	29
257	0	1669	29
258	0	1043	29
259	0	782	30
260	0	782	30
262	0	1513	29
264	0	991	30
265	0	887	30
266	0	991	30
267	0	678	30
268	0	1617	29
269	0	1043	29
270	0	1722	29
271	0	1252	29
272	0	678	30
274	0	1722	29
275	0	2243	29
277	0	2035	29
278	0	2139	29
279	0	1826	29
280	0	1617	29
282	0	2191	29
283	0	1774	29
284	0	1043	29
284	0	2243	30
285	0	1722	29
286	0	678	30
287	0	1826	29
288	0	887	30
291	0	1826	29
292	0	2139	29
293	0	991	29
294	0	887	30
295	0	1669	29
296	0	730	30
298	0	1461	29
299	0	834	30
300	0	1930	29
301	0	782	30
302	0	834	30
303	0	730	30
304	0	730	30
306	0	730	30
307	0	2035	29
308	0	1304	29
309	0	991	29
310	0	834	30
311	0	2139	29
312	0	1669	29
313	0	1669	29
314	0	1878	29
315	0	1304	29
317	0	1878	29
318	0	2243	29
320	0	1878	29
321	0	834	30
322	0	834	30
324	0	1930	29
325	0	1826	29
326	0	991	29
327	0	1669	29
328	0	1826	29
329	0	2035	29
330	0	1356	29
331	0	887	30
332	0	1252	29
333	0	1043	29
334	0	1826	29
335	0	991	29
336	0	991	30
337	0	1722	29
338	0	2087	29
339	0	834	30
340	0	1722	29
341	0	1722	29
342	0	730	30
343	0	991	29
345	0	1252	29
346	0	991	30
347	0	1252	29
348	0	834	30
349	0	887	30
351	0	1252	29
352	0	1252	29
353	0	887	30
354	0	626	30
355	0	782	30
356	0	1461	29
357	0	939	30
358	0	1617	29
360	0	1826	29
361	0	1252	29
364	0	1043	29
366	0	1356	29
367	0	887	30
368	0	991	29
368	0	2035	30
369	0	939	30
371	0	887	30
372	0	1461	29
374	0	2087	29
375	0	1878	29
376	0	991	30
377	0	1878	29
378	0	1617	29
379	0	1304	29
380	0	1774	29
381	0	1356	29
382	0	1095	29
384	0	887	30
385	0	1304	29
386	0	939	30
387	0	834	30
389	0	782	30
390	0	730	30
391	0	678	30
392	0	1826	29
393	0	678	30
394	0	1252	29
396	0	1043	29
396	0	1930	30
397	0	1774	29
399	0	782	30
400	0	991	30
402	0	1252	29
404	0	1461	29
405	0	1722	29
406	0	834	30
407	0	1669	29
409	0	2035	29
410	0	1826	29
411	0	730	30
412	0	1095	29
412	0	2035	30
413	0	1043	29
413	0	1982	30
414	0	887	30
415	0	1043	29
416	0	2087	29
417	0	730	30
418	0	887	30
419	0	678	30
420	0	1461	29
422	0	1878	29
423	0	1617	29
424	0	834	30
425	0	1252	29
426	0	1617	29
428	0	730	30
429	0	1252	29
430	0	834	30
431	0	678	30
432	0	887	30
433	0	1304	29
434	0	834	30
435	0	730	30
436	0	782	30
437	0	782	30
438	0	1304	29
439	0	1774	29
440	0	1304	29
442	0	1304	29
445	0	834	30
446	0	1826	29
447	0	2139	29
451	0	1461	29
451	0	2295	30
452	0	887	30
453	0	730	30
454	0	2035	29
455	0	1722	29
456	0	1878	29
457	0	1304	29
459	0	2191	29
460	0	834	30
461	0	782	30
462	0	1252	29
463	0	939	30
464	0	1565	29
465	0	782	30
466	0	834	30
467	0	678	30
468	0	1043	29
469	0	730	30
470	0	2191	29
471	0	1774	29
472	0	887	30
473	0	1356	29
474	0	834	30
475	0	1826	29
476	0	2087	29
478	0	1461	29
480	0	1513	29
481	0	991	30
482	0	1252	29
485	0	1774	29
486	0	1878	29
487	0	782	30
488	0	1878	29
489	0	1043	29
490	0	1461	29
491	0	1304	29
492	0	1617	29
494	0	887	30
495	0	1461	29
496	0	1304	29
497	0	678	30
498	0	1252	29
499	0	991	30
500	0	782	30
501	0	1878	29
502	0	1461	29
503	0	782	30
505	0	1878	29
506	0	1669	29
508	0	834	30
512	0	1617	29
513	0	1617	29
514	0	887	30
515	0	730	30
516	0	1930	29
517	0	1878	29
518	0	1617	29
519	0	834	30
520	0	1356	29
521	0	782	30
522	0	1356	29
523	0	730	30
525	0	887	30
527	0	678	30
528	0	1043	29
529	0	834	30
530	0	1826	29
531	0	1617	29
532	0	1617	29
534	0	991	29
536	0	1878	29
537	0	1252	29
538	0	782	30
539	0	991	29
541	0	782	30
542	0	1617	29
543	0	1722	29
544	0	782	30
546	0	1774	29
547	0	1252	29
547	0	2243	30
549	0	1930	29
550	0	730	30
551	0	678	30
552	0	1930	29
553	0	1461	29
554	0	626	30
555	0	730	30
556	0	1461	29
558	0	730	30
559	0	1617	29
561	0	1565	29
562	0	1617	29
563	0	1356	29
564	0	2035	29
565	0	834	30
566	0	939	30
567	0	1356	29
568	0	730	30
569	0	1565	29
570	0	1930	29
571	0	782	30
572	0	2087	29
575	0	678	30
576	0	1722	29
577	0	834	30
578	0	1669	29
581	0	1617	29
582	0	1356	29
583	0	1043	29
584	0	834	30
585	0	991	29
585	0	1930	30
586	0	1356	29
587	0	730	30
588	0	939	30
589	0	834	30
590	0	1043	29
591	0	2139	29
593	0	1878	29
594	0	1461	29
595	0	834	30
596	0	1356	29
597	0	1878	29
598	0	730	30
599	0	730	30
601	0	887	30
604	0	1461	29
605	0	1669	29
606	0	1304	29
607	0	834	30
608	0	887	30
611	0	1356	29
612	0	1722	29
613	0	2243	29
614	0	1722	29
615	0	1513	29
616	0	1617	29
619	0	1669	29
620	0	834	30
621	0	1617	29
622	0	678	30
623	0	1722	29
624	0	834	30
625	0	1669	29
626	0	939	30
627	0	939	30
628	0	1304	29
629	0	1826	29
630	0	1461	29
631	0	1304	29
632	0	730	30
633	0	2139	29
634	0	1774	29
635	0	2035	29
639	0	782	30
640	0	2191	29
642	0	1774	29
644	0	887	30
645	0	1461	29
646	0	782	30
648	0	1461	29
649	0	834	30
650	0	2087	29
651	0	887	30
652	0	1252	29
653	0	1252	29
654	0	1774	29
655	0	1356	29
656	0	1304	29
657	0	939	30
658	0	887	30
659	0	1722	29
660	0	2035	29
661	0	887	30
662	0	1304	29
663	0	1617	29
664	0	887	30
665	0	834	30
666	0	991	29
667	0	782	30
668	0	1617	29
669	0	1461	29
670	0	1513	29
672	0	1617	29
673	0	1461	29
674	0	1461	29
675	0	1617	29
676	0	834	30
677	0	1513	29
678	0	730	30
680	0	1617	29
681	0	1722	29
682	0	1252	29
683	0	1826	29
684	0	1617	29
685	0	1826	29
686	0	939	30
687	0	2035	29
688	0	1826	29
689	0	1774	29
690	0	2035	29
691	0	887	30
692	0	1095	30
693	0	1304	29
694	0	1043	30
695	0	730	30
696	0	1617	29
697	0	782	30
698	0	2087	29
699	0	1304	29
700	0	1043	30
701	0	1565	29
702	0	1669	29
703	0	834	30
705	0	1617	29
706	0	678	30
707	0	834	30
708	0	1669	29
709	0	887	30
710	0	939	30
711	0	1669	29
712	0	1461	29
714	0	1043	29
715	0	1461	29
716	0	1043	29
717	0	1617	29
718	0	834	30
719	0	2191	29
721	0	1356	29
722	0	730	30
723	0	1617	29
724	0	2035	29
725	0	834	30
726	0	1304	29
729	0	834	30
730	0	1356	29
731	0	730	30
732	0	887	30
733	0	887	30
734	0	730	30
736	0	1617	29
737	0	887	30
738	0	887	30
739	0	1722	29
741	0	1252	29
742	0	991	29
743	0	991	29
744	0	1774	29
745	0	1930	29
746	0	1878	29
747	0	1304	29
750	0	991	30
752	0	1513	29
753	0	782	30
754	0	782	30
755	0	782	30
756	0	834	30
757	0	2191	29
758	0	991	29
760	0	1669	29
761	0	1356	29
762	0	1252	29
763	0	1774	29
765	0	782	30
766	0	834	30
767	0	1722	29
768	0	2139	29
769	0	2087	29
771	0	1722	29
772	0	1878	29
773	0	2035	29
774	0	782	30
775	0	2035	29
776	0	730	30
778	0	991	30
780	0	1930	29
781	0	1252	29
782	0	1356	29
783	0	2087	29
784	0	730	30
785	0	991	30
787	0	1930	29
788	0	991	30
789	0	1669	29
790	0	1513	29
791	0	2035	29
792	0	887	30
793	0	730	30
794	0	574	29
795	0	2191	29
796	0	1930	29
797	0	834	30
798	0	1617	29
800	0	1878	29
801	0	2035	29
802	0	1252	29
803	0	939	30
804	0	1252	29
806	0	2035	29
807	0	1043	29
810	0	730	30
811	0	730	30
812	0	834	30
813	0	1252	29
815	0	730	30
816	0	1669	29
818	0	1304	29
819	0	2035	29
820	0	1878	29
821	0	1774	29
822	0	730	30
823	0	1095	29
824	0	1617	29
825	0	1617	29
826	0	1565	29
827	0	2035	29
828	0	1826	29
830	0	1669	29
831	0	939	30
832	0	887	30
833	0	1826	29
834	0	1043	29
835	0	1252	29
837	0	1774	29
838	0	730	30
839	0	2035	29
840	0	730	30
841	0	834	30
842	0	1461	29
843	0	730	30
844	0	1774	29
845	0	1826	29
847	0	1774	29
848	0	678	30
850	0	887	30
853	0	2035	29
854	0	1669	29
855	0	1878	29
856	0	1304	29
857	0	1930	29
858	0	1304	29
861	0	834	30
862	0	2139	29
863	0	887	30
864	0	782	30
865	0	730	30
866	0	1043	29
867	0	1461	29
868	0	939	30
869	0	1617	29
870	0	1722	29
871	0	1669	29
873	0	730	30
875	0	991	30
876	0	782	30
877	0	678	30
878	0	1774	29
879	0	1304	29
880	0	991	29
882	0	1878	29
884	0	887	30
885	0	1043	29
886	0	1617	29
887	0	1252	29
889	0	2035	29
890	0	1878	29
891	0	834	30
892	0	2139	29
893	0	887	30
894	0	1252	29
895	0	1252	29
896	0	991	29
897	0	782	30
898	0	834	30
899	0	782	30
900	0	1565	29
901	0	1043	29
902	0	1461	29
903	0	834	30
905	0	1722	29
906	0	678	30
908	0	782	30
910	0	1722	29
912	0	939	30
913	0	1878	29
914	0	1461	29
915	0	1826	29
916	0	782	30
917	0	1617	29
918	0	1826	29
919	0	1930	29
920	0	1617	29
922	0	1304	29
923	0	1826	29
924	0	887	30
925	0	887	30
926	0	1043	30
927	0	1513	29
929	0	834	30
931	0	834	30
932	0	1669	29
933	0	1878	29
934	0	1617	29
935	0	834	30
936	0	1617	29
937	0	1930	29
938	0	1617	29
940	0	1252	29
941	0	730	30
942	0	730	30
944	0	1304	29
946	0	1356	29
947	0	1043	29
947	0	2191	30
948	0	834	30
949	0	730	30
950	0	1043	29
953	0	887	30
954	0	782	30
958	0	2035	29
960	0	1304	29
961	0	887	30
963	0	730	30
964	0	887	30
965	0	1513	29
966	0	730	30
968	0	1252	29
969	0	1304	29
971	0	887	30
972	0	991	29
972	0	2035	30
974	0	834	30
975	0	1878	29
976	0	1252	29
978	0	939	30
979	0	1930	29
981	0	1565	29
982	0	939	30
983	0	730	30
984	0	1617	29
985	0	1722	29
987	0	1774	29
988	0	887	30
989	0	730	30
995	0	626	29
996	0	1774	29
998	0	1095	30
999	0	2035	29
0	1	991	29
1	1	1043	29
2	1	834	30
3	1	1774	29
4	1	834	30
5	1	834	30
6	1	1095	30
7	1	1617	29
8	1	1304	29
10	1	730	30
13	1	2035	29
14	1	678	30
15	1	834	30
16	1	834	30
17	1	782	30
18	1	887	30
20	1	1252	29
21	1	678	30
22	1	1513	29
23	1	730	30
24	1	730	30
25	1	2191	29
26	1	1304	29
27	1	834	30
28	1	1356	29
29	1	1565	29
30	1	1878	29
31	1	834	30
32	1	1669	29
33	1	1252	29
34	1	1304	29
35	1	782	30
36	1	834	30
37	1	1356	29
38	1	1252	29
39	1	887	30
40	1	626	29
40	1	2243	30
41	1	1356	29
42	1	1356	29
43	1	730	30
45	1	1252	29
46	1	782	30
47	1	1669	29
49	1	887	30
53	1	782	30
55	1	887	30
56	1	1774	29
57	1	730	30
58	1	834	30
59	1	834	30
60	1	2139	29
61	1	991	30
62	1	991	30
63	1	1304	29
65	1	1304	29
66	1	1878	29
67	1	1356	29
69	1	1513	29
70	1	1565	29
71	1	1722	29
74	1	2035	29
75	1	1043	29
76	1	2035	29
77	1	2139	29
79	1	1461	29
80	1	1095	29
81	1	939	30
82	1	1461	29
83	1	1669	29
84	1	887	30
86	1	1722	29
87	1	834	30
88	1	1304	29
89	1	1461	29
90	1	1930	29
91	1	2035	29
92	1	782	30
93	1	1878	29
95	1	1826	29
96	1	1617	29
97	1	1930	29
99	1	1669	29
100	1	2035	29
101	1	1304	29
102	1	1252	29
103	1	1513	29
104	1	991	30
106	1	1304	29
106	1	2243	30
107	1	730	30
108	1	887	30
109	1	1826	29
110	1	782	30
111	1	1513	29
112	1	1461	29
113	1	730	30
114	1	1252	29
116	1	2035	29
117	1	2035	29
118	1	1774	29
119	1	1826	29
120	1	1461	29
122	1	1043	29
124	1	1043	29
125	1	834	30
126	1	626	30
127	1	991	29
128	1	626	29
129	1	1669	29
130	1	834	30
131	1	1304	29
131	1	2243	30
132	1	782	30
133	1	991	30
134	1	1461	29
135	1	730	30
136	1	730	30
137	1	1304	29
138	1	991	29
139	1	834	30
141	1	834	30
142	1	1669	29
143	1	1878	29
145	1	1722	29
146	1	782	30
147	1	1252	29
148	1	1930	29
149	1	782	30
150	1	782	30
151	1	1565	29
152	1	1252	29
153	1	1513	29
154	1	834	30
155	1	574	29
156	1	782	30
158	1	887	30
159	1	626	29
160	1	1304	29
161	1	2191	29
162	1	1617	29
163	1	1878	29
164	1	887	30
165	1	887	30
167	1	1826	29
169	1	834	30
170	1	782	30
171	1	1878	29
172	1	1617	29
173	1	1930	29
174	1	1461	29
175	1	1252	29
176	1	730	30
179	1	782	30
181	1	730	30
182	1	1826	29
183	1	782	30
185	1	887	30
187	1	1356	29
188	1	2035	29
189	1	1356	29
190	1	1669	29
191	1	1043	29
192	1	1252	29
193	1	1252	29
194	1	2243	29
196	1	678	30
198	1	1304	29
199	1	991	29
200	1	1722	29
202	1	1617	29
203	1	1461	29
204	1	887	30
205	1	1878	29
206	1	678	30
207	1	991	29
208	1	834	30
210	1	991	30
212	1	1461	29
213	1	2191	29
215	1	1826	29
217	1	1774	29
218	1	1356	29
220	1	2035	29
221	1	1304	29
223	1	2087	29
224	1	1461	29
225	1	834	30
226	1	782	30
227	1	1774	29
228	1	887	30
229	1	1356	29
230	1	678	30
231	1	782	30
232	1	834	30
233	1	1878	29
235	1	2139	29
236	1	1930	29
239	1	1774	29
240	1	782	30
241	1	1356	29
242	1	1252	29
243	1	678	30
244	1	782	30
245	1	1722	29
248	1	834	30
249	1	678	30
250	1	730	30
251	1	939	30
253	1	1722	29
255	1	1565	29
256	1	1356	29
257	1	1669	29
258	1	1043	29
259	1	782	30
260	1	782	30
262	1	1513	29
264	1	991	30
265	1	887	30
266	1	991	30
267	1	678	30
268	1	1617	29
269	1	1043	29
270	1	1722	29
271	1	1252	29
272	1	678	30
274	1	1722	29
275	1	2243	29
277	1	2035	29
278	1	2139	29
279	1	1826	29
280	1	1617	29
282	1	2191	29
283	1	1774	29
284	1	1043	29
284	1	2243	30
285	1	1722	29
286	1	678	30
287	1	1826	29
288	1	887	30
291	1	1826	29
292	1	2139	29
293	1	991	29
294	1	887	30
295	1	1669	29
296	1	730	30
298	1	1461	29
299	1	834	30
300	1	1930	29
301	1	782	30
302	1	834	30
303	1	730	30
304	1	730	30
306	1	730	30
307	1	2035	29
308	1	1304	29
309	1	991	29
310	1	834	30
311	1	2139	29
312	1	1669	29
313	1	1669	29
314	1	1878	29
315	1	1304	29
317	1	1878	29
318	1	2243	29
320	1	1878	29
321	1	834	30
322	1	834	30
324	1	1930	29
325	1	1826	29
326	1	991	29
327	1	1669	29
328	1	1826	29
329	1	2035	29
330	1	1356	29
331	1	887	30
332	1	1252	29
333	1	1043	29
334	1	1826	29
335	1	991	29
336	1	991	30
337	1	1722	29
338	1	2087	29
339	1	834	30
340	1	1722	29
341	1	1722	29
342	1	730	30
343	1	991	29
345	1	1252	29
346	1	991	30
347	1	1252	29
348	1	834	30
349	1	887	30
351	1	1252	29
352	1	1252	29
353	1	887	30
354	1	626	30
355	1	782	30
356	1	1461	29
357	1	939	30
358	1	1617	29
360	1	1826	29
361	1	1252	29
364	1	1043	29
366	1	1356	29
367	1	887	30
368	1	991	29
368	1	2035	30
369	1	939	30
371	1	887	30
372	1	1461	29
374	1	2087	29
375	1	1878	29
376	1	991	30
377	1	1878	29
378	1	1617	29
379	1	1304	29
380	1	1774	29
381	1	1356	29
382	1	1095	29
384	1	887	30
385	1	1304	29
386	1	939	30
387	1	834	30
389	1	782	30
390	1	730	30
391	1	678	30
392	1	1826	29
393	1	678	30
394	1	1252	29
396	1	1043	29
396	1	1930	30
397	1	1774	29
399	1	782	30
400	1	991	30
402	1	1252	29
404	1	1461	29
405	1	1722	29
406	1	834	30
407	1	1669	29
409	1	2035	29
410	1	1826	29
411	1	730	30
412	1	1095	29
412	1	2035	30
413	1	1043	29
413	1	1982	30
414	1	887	30
415	1	1043	29
416	1	2087	29
417	1	730	30
418	1	887	30
419	1	678	30
420	1	1461	29
422	1	1878	29
423	1	1617	29
424	1	834	30
425	1	1252	29
426	1	1617	29
428	1	730	30
429	1	1252	29
430	1	834	30
431	1	678	30
432	1	887	30
433	1	1304	29
434	1	834	30
435	1	730	30
436	1	782	30
437	1	782	30
438	1	1304	29
439	1	1774	29
440	1	1304	29
442	1	1304	29
445	1	834	30
446	1	1826	29
447	1	2139	29
451	1	1461	29
451	1	2295	30
452	1	887	30
453	1	730	30
454	1	2035	29
455	1	1722	29
456	1	1878	29
457	1	1304	29
459	1	2191	29
460	1	834	30
461	1	782	30
462	1	1252	29
463	1	939	30
464	1	1565	29
465	1	782	30
466	1	834	30
467	1	678	30
468	1	1043	29
469	1	730	30
470	1	2191	29
471	1	1774	29
472	1	887	30
473	1	1356	29
474	1	834	30
475	1	1826	29
476	1	2087	29
478	1	1461	29
480	1	1513	29
481	1	991	30
482	1	1252	29
485	1	1774	29
486	1	1878	29
487	1	782	30
488	1	1878	29
489	1	1043	29
490	1	1461	29
491	1	1304	29
492	1	1617	29
494	1	887	30
495	1	1461	29
496	1	1304	29
497	1	678	30
498	1	1252	29
499	1	991	30
500	1	782	30
501	1	1878	29
502	1	1461	29
503	1	782	30
505	1	1878	29
506	1	1669	29
508	1	834	30
512	1	1617	29
513	1	1617	29
514	1	887	30
515	1	730	30
516	1	1930	29
517	1	1878	29
518	1	1617	29
519	1	834	30
520	1	1356	29
521	1	782	30
522	1	1356	29
523	1	730	30
525	1	887	30
527	1	678	30
528	1	1043	29
529	1	834	30
530	1	1826	29
531	1	1617	29
532	1	1617	29
534	1	991	29
536	1	1878	29
537	1	1252	29
538	1	782	30
539	1	991	29
541	1	782	30
542	1	1617	29
543	1	1722	29
544	1	782	30
546	1	1774	29
547	1	1252	29
547	1	2243	30
549	1	1930	29
550	1	730	30
551	1	678	30
552	1	1930	29
553	1	1461	29
554	1	626	30
555	1	730	30
556	1	1461	29
558	1	730	30
559	1	1617	29
561	1	1565	29
562	1	1617	29
563	1	1356	29
564	1	2035	29
565	1	834	30
566	1	939	30
567	1	1356	29
568	1	730	30
569	1	1565	29
570	1	1930	29
571	1	782	30
572	1	2087	29
575	1	678	30
576	1	1722	29
577	1	834	30
578	1	1669	29
581	1	1617	29
582	1	1356	29
583	1	1043	29
584	1	834	30
585	1	991	29
585	1	1930	30
586	1	1356	29
587	1	730	30
588	1	939	30
589	1	834	30
590	1	1043	29
591	1	2139	29
593	1	1878	29
594	1	1461	29
595	1	834	30
596	1	1356	29
597	1	1878	29
598	1	730	30
599	1	730	30
601	1	887	30
604	1	1461	29
605	1	1669	29
606	1	1304	29
607	1	834	30
608	1	887	30
611	1	1356	29
612	1	1722	29
613	1	2243	29
614	1	1722	29
615	1	1513	29
616	1	1617	29
619	1	1669	29
620	1	834	30
621	1	1617	29
622	1	678	30
623	1	1722	29
624	1	834	30
625	1	1669	29
626	1	939	30
627	1	939	30
628	1	1304	29
629	1	1826	29
630	1	1461	29
631	1	1304	29
632	1	730	30
633	1	2139	29
634	1	1774	29
635	1	2035	29
639	1	782	30
640	1	2191	29
642	1	1774	29
644	1	887	30
645	1	1461	29
646	1	782	30
648	1	1461	29
649	1	834	30
650	1	2087	29
651	1	887	30
652	1	1252	29
653	1	1252	29
654	1	1774	29
655	1	1356	29
656	1	1304	29
657	1	939	30
658	1	887	30
659	1	1722	29
660	1	2035	29
661	1	887	30
662	1	1304	29
663	1	1617	29
664	1	887	30
665	1	834	30
666	1	991	29
667	1	782	30
668	1	1617	29
669	1	1461	29
670	1	1513	29
672	1	1617	29
673	1	1461	29
674	1	1461	29
675	1	1617	29
676	1	834	30
677	1	1513	29
678	1	730	30
680	1	1617	29
681	1	1722	29
682	1	1252	29
683	1	1826	29
684	1	1617	29
685	1	1826	29
686	1	939	30
687	1	2035	29
688	1	1826	29
689	1	1774	29
690	1	2035	29
691	1	887	30
692	1	1095	30
693	1	1304	29
694	1	1043	30
695	1	730	30
696	1	1617	29
697	1	782	30
698	1	2087	29
699	1	1304	29
700	1	1043	30
701	1	1565	29
702	1	1669	29
703	1	834	30
705	1	1617	29
706	1	678	30
707	1	834	30
708	1	1669	29
709	1	887	30
710	1	939	30
711	1	1669	29
712	1	1461	29
714	1	1043	29
715	1	1461	29
716	1	1043	29
717	1	1617	29
718	1	834	30
719	1	2191	29
721	1	1356	29
722	1	730	30
723	1	1617	29
724	1	2035	29
725	1	834	30
726	1	1304	29
729	1	834	30
730	1	1356	29
731	1	730	30
732	1	887	30
733	1	887	30
734	1	730	30
736	1	1617	29
737	1	887	30
738	1	887	30
739	1	1722	29
741	1	1252	29
742	1	991	29
743	1	991	29
744	1	1774	29
745	1	1930	29
746	1	1878	29
747	1	1304	29
750	1	991	30
752	1	1513	29
753	1	782	30
754	1	782	30
755	1	782	30
756	1	834	30
757	1	2191	29
758	1	991	29
760	1	1669	29
761	1	1356	29
762	1	1252	29
763	1	1774	29
765	1	782	30
766	1	834	30
767	1	1722	29
768	1	2139	29
769	1	2087	29
771	1	1722	29
772	1	1878	29
773	1	2035	29
774	1	782	30
775	1	2035	29
776	1	730	30
778	1	991	30
780	1	1930	29
781	1	1252	29
782	1	1356	29
783	1	2087	29
784	1	730	30
785	1	991	30
787	1	1930	29
788	1	991	30
789	1	1669	29
790	1	1513	29
791	1	2035	29
792	1	887	30
793	1	730	30
794	1	574	29
795	1	2191	29
796	1	1930	29
797	1	834	30
798	1	1617	29
800	1	1878	29
801	1	2035	29
802	1	1252	29
803	1	939	30
804	1	1252	29
806	1	2035	29
807	1	1043	29
810	1	730	30
811	1	730	30
812	1	834	30
813	1	1252	29
815	1	730	30
816	1	1669	29
818	1	1304	29
819	1	2035	29
820	1	1878	29
821	1	1774	29
822	1	730	30
823	1	1095	29
824	1	1617	29
825	1	1617	29
826	1	1565	29
827	1	2035	29
828	1	1826	29
830	1	1669	29
831	1	939	30
832	1	887	30
833	1	1826	29
834	1	1043	29
835	1	1252	29
837	1	1774	29
838	1	730	30
839	1	2035	29
840	1	730	30
841	1	834	30
842	1	1461	29
843	1	730	30
844	1	1774	29
845	1	1826	29
847	1	1774	29
848	1	678	30
850	1	887	30
853	1	2035	29
854	1	1669	29
855	1	1878	29
856	1	1304	29
857	1	1930	29
858	1	1304	29
861	1	834	30
862	1	2139	29
863	1	887	30
864	1	782	30
865	1	730	30
866	1	1043	29
867	1	1461	29
868	1	939	30
869	1	1617	29
870	1	1722	29
871	1	1669	29
873	1	730	30
875	1	991	30
876	1	782	30
877	1	678	30
878	1	1774	29
879	1	1304	29
880	1	991	29
882	1	1878	29
884	1	887	30
885	1	1043	29
886	1	1617	29
887	1	1252	29
889	1	2035	29
890	1	1878	29
891	1	834	30
892	1	2139	29
893	1	887	30
894	1	1252	29
895	1	1252	29
896	1	991	29
897	1	782	30
898	1	834	30
899	1	782	30
900	1	1565	29
901	1	1043	29
902	1	1461	29
903	1	834	30
905	1	1722	29
906	1	678	30
908	1	782	30
910	1	1722	29
912	1	939	30
913	1	1878	29
914	1	1461	29
915	1	1826	29
916	1	782	30
917	1	1617	29
918	1	1826	29
919	1	1930	29
920	1	1617	29
922	1	1304	29
923	1	1826	29
924	1	887	30
925	1	887	30
926	1	1043	30
927	1	1513	29
929	1	834	30
931	1	834	30
932	1	1669	29
933	1	1878	29
934	1	1617	29
935	1	834	30
936	1	1617	29
937	1	1930	29
938	1	1617	29
940	1	1252	29
941	1	730	30
942	1	730	30
944	1	1304	29
946	1	1356	29
947	1	1043	29
947	1	2191	30
948	1	834	30
949	1	730	30
950	1	1043	29
953	1	887	30
954	1	782	30
958	1	2035	29
960	1	1304	29
961	1	887	30
963	1	730	30
964	1	887	30
965	1	1513	29
966	1	730	30
968	1	1252	29
969	1	1304	29
971	1	887	30
972	1	991	29
972	1	2035	30
974	1	834	30
975	1	1878	29
976	1	1252	29
978	1	939	30
979	1	1930	29
981	1	1565	29
982	1	939	30
983	1	730	30
984	1	1617	29
985	1	1722	29
987	1	1774	29
988	1	887	30
989	1	730	30
995	1	626	29
996	1	1774	29
998	1	1095	30
999	1	2035	29
0	2	261	26
0	2	730	33
0	2	1200	13
1	2	261	26
1	2	782	33
1	2	1617	13
2	2	261	26
3	2	261	26
4	2	261	26
4	2	1043	33
4	2	1356	13
5	2	261	26
5	2	939	33
6	2	261	26
6	2	1408	13
7	2	261	26
7	2	1722	13
8	2	261	26
8	2	1304	13
8	2	1617	33
9	2	261	26
10	2	261	26
10	2	782	33
10	2	1200	13
11	2	261	26
12	2	261	26
13	2	261	26
14	2	261	26
14	2	782	33
14	2	1200	13
15	2	261	26
15	2	887	33
15	2	1669	13
16	2	261	26
16	2	939	33
16	2	1408	13
17	2	261	26
17	2	782	33
17	2	1252	13
18	2	261	26
18	2	834	33
18	2	1722	13
19	2	261	26
20	2	261	26
20	2	1252	13
20	2	2191	33
21	2	261	26
21	2	782	33
21	2	1200	13
22	2	261	26
23	2	261	26
23	2	834	33
23	2	1304	13
24	2	261	26
24	2	887	33
24	2	1356	13
25	2	261	26
26	2	261	26
26	2	1513	13
27	2	261	26
27	2	887	33
27	2	1461	13
28	2	261	26
28	2	1356	13
28	2	1722	33
29	2	261	26
30	2	261	26
31	2	261	26
31	2	2139	13
32	2	261	26
32	2	2139	13
33	2	261	26
33	2	2087	13
34	2	261	26
34	2	1565	13
35	2	261	26
35	2	834	33
35	2	1461	13
36	2	261	26
36	2	939	33
36	2	1565	13
37	2	261	26
38	2	261	26
38	2	1669	13
39	2	261	26
39	2	1252	13
39	2	2295	33
40	2	261	26
40	2	782	33
40	2	1200	13
41	2	261	26
41	2	1513	13
42	2	261	26
42	2	1461	13
43	2	261	26
43	2	887	33
43	2	1461	13
44	2	261	26
45	2	261	26
45	2	1356	13
46	2	261	26
46	2	939	33
47	2	261	26
48	2	261	26
49	2	261	26
49	2	1043	33
49	2	1513	13
50	2	261	26
51	2	261	26
52	2	261	26
53	2	261	26
53	2	939	33
53	2	1304	13
54	2	261	26
55	2	261	26
56	2	261	26
57	2	261	26
57	2	782	33
57	2	1200	13
58	2	261	26
58	2	1200	13
58	2	1513	33
59	2	261	26
59	2	834	33
59	2	1200	13
60	2	261	26
61	2	261	26
61	2	1513	13
62	2	261	26
62	2	939	33
62	2	1461	13
63	2	261	26
63	2	1356	13
64	2	261	26
65	2	261	26
65	2	1617	13
66	2	261	26
67	2	261	26
67	2	1461	13
68	2	261	26
69	2	261	26
69	2	1617	13
70	2	261	26
71	2	261	26
72	2	261	26
73	2	261	26
74	2	261	26
75	2	261	26
75	2	887	33
75	2	1774	13
76	2	261	26
77	2	261	26
78	2	261	26
79	2	261	26
79	2	1774	13
80	2	261	26
80	2	939	33
81	2	261	26
81	2	2139	13
82	2	261	26
83	2	261	26
84	2	261	26
84	2	2087	13
85	2	261	26
86	2	261	26
87	2	261	26
87	2	782	33
87	2	1200	13
88	2	261	26
88	2	1356	13
89	2	261	26
89	2	1669	13
90	2	261	26
91	2	261	26
92	2	261	26
92	2	782	33
92	2	1304	13
93	2	261	26
94	2	261	26
95	2	261	26
96	2	261	26
96	2	2139	13
97	2	261	26
98	2	261	26
99	2	261	26
100	2	261	26
101	2	261	26
101	2	1774	13
102	2	261	26
102	2	1513	13
103	2	261	26
104	2	261	26
104	2	1200	13
104	2	1565	33
105	2	261	26
106	2	261	26
106	2	1356	13
106	2	1722	33
107	2	261	26
107	2	782	33
107	2	1200	13
108	2	261	26
108	2	939	33
108	2	1722	13
109	2	261	26
110	2	261	26
110	2	887	33
110	2	1356	13
111	2	261	26
112	2	261	26
113	2	261	26
113	2	782	33
113	2	1200	13
114	2	261	26
115	2	261	26
116	2	261	26
117	2	261	26
118	2	261	26
119	2	261	26
120	2	261	26
121	2	261	26
122	2	261	26
122	2	834	33
122	2	1356	13
123	2	261	26
124	2	261	26
124	2	782	33
124	2	1565	13
125	2	261	26
125	2	1095	33
125	2	1408	13
126	2	261	26
126	2	834	33
126	2	1200	13
127	2	261	26
127	2	887	33
127	2	1408	13
128	2	261	26
128	2	782	33
128	2	1200	13
129	2	261	26
130	2	261	26
131	2	261	26
131	2	1304	13
131	2	1722	33
132	2	261	26
132	2	782	33
132	2	2295	13
133	2	261	26
133	2	1304	13
134	2	261	26
134	2	2191	13
135	2	261	26
135	2	887	33
135	2	1461	13
136	2	261	26
136	2	730	33
136	2	1200	13
137	2	261	26
137	2	1513	13
138	2	261	26
138	2	782	33
138	2	1200	13
139	2	261	26
139	2	887	33
139	2	1200	13
140	2	261	26
141	2	261	26
141	2	834	33
141	2	1200	13
142	2	261	26
143	2	261	26
144	2	261	26
145	2	261	26
146	2	261	26
146	2	1200	13
146	2	1826	33
147	2	261	26
147	2	1408	13
148	2	261	26
149	2	261	26
149	2	834	33
149	2	1200	13
150	2	261	26
150	2	887	33
150	2	1565	13
151	2	261	26
152	2	261	26
152	2	1252	13
152	2	1669	33
153	2	261	26
154	2	261	26
154	2	939	33
154	2	1304	13
155	2	261	26
155	2	782	33
155	2	1200	13
156	2	261	26
156	2	834	33
156	2	1200	13
157	2	261	26
158	2	261	26
158	2	1043	33
158	2	1565	13
159	2	261	26
159	2	782	33
159	2	1200	13
160	2	261	26
160	2	1513	13
161	2	261	26
162	2	261	26
162	2	1669	13
163	2	261	26
164	2	261	26
164	2	887	33
165	2	261	26
165	2	1043	33
165	2	1461	13
166	2	261	26
167	2	261	26
168	2	261	26
169	2	261	26
169	2	782	33
170	2	261	26
170	2	834	33
170	2	1200	13
171	2	261	26
172	2	261	26
172	2	1669	13
173	2	261	26
174	2	261	26
174	2	1722	13
175	2	261	26
175	2	1252	13
175	2	1722	33
176	2	261	26
176	2	887	33
177	2	261	26
178	2	261	26
179	2	261	26
179	2	1200	13
179	2	1565	33
180	2	261	26
181	2	261	26
181	2	730	33
181	2	2243	13
182	2	261	26
183	2	261	26
183	2	887	33
183	2	1461	13
184	2	261	26
185	2	261	26
185	2	1043	33
185	2	1461	13
186	2	261	26
187	2	261	26
187	2	1513	13
188	2	261	26
189	2	261	26
189	2	1408	13
189	2	2243	33
190	2	261	26
191	2	261	26
191	2	782	33
192	2	261	26
192	2	1304	13
193	2	261	26
193	2	1304	13
194	2	261	26
195	2	261	26
196	2	261	26
196	2	782	33
196	2	1200	13
197	2	261	26
198	2	261	26
198	2	1304	13
198	2	1722	33
199	2	261	26
199	2	834	33
199	2	1513	13
200	2	261	26
201	2	261	26
202	2	261	26
202	2	1722	13
203	2	261	26
203	2	1617	13
204	2	261	26
204	2	1043	33
204	2	1565	13
205	2	261	26
206	2	261	26
206	2	730	33
206	2	1200	13
207	2	261	26
207	2	887	33
207	2	1617	13
208	2	261	26
208	2	1043	33
208	2	1565	13
209	2	261	26
210	2	261	26
210	2	1356	13
211	2	261	26
212	2	261	26
213	2	261	26
214	2	261	26
215	2	261	26
216	2	261	26
217	2	261	26
218	2	261	26
218	2	1461	13
219	2	261	26
220	2	261	26
221	2	261	26
221	2	1565	13
222	2	261	26
223	2	261	26
224	2	261	26
224	2	1878	13
225	2	261	26
225	2	834	33
225	2	1200	13
226	2	261	26
226	2	1043	33
226	2	1461	13
227	2	261	26
228	2	261	26
228	2	834	33
228	2	1252	13
229	2	261	26
229	2	1513	13
230	2	261	26
230	2	782	33
230	2	2243	13
231	2	261	26
231	2	730	33
231	2	1356	13
232	2	261	26
232	2	834	33
232	2	1252	13
233	2	261	26
234	2	261	26
235	2	261	26
236	2	261	26
237	2	261	26
238	2	261	26
239	2	261	26
240	2	261	26
240	2	834	33
240	2	1252	13
241	2	261	26
241	2	1408	13
242	2	261	26
242	2	1304	13
242	2	1722	33
243	2	261	26
243	2	730	33
243	2	1200	13
244	2	261	26
244	2	782	33
244	2	1252	13
245	2	261	26
246	2	261	26
247	2	261	26
248	2	261	26
248	2	782	33
248	2	1252	13
249	2	261	26
249	2	782	33
249	2	1252	13
250	2	261	26
250	2	782	33
250	2	1200	13
251	2	261	26
251	2	1252	13
252	2	261	26
253	2	261	26
254	2	261	26
255	2	261	26
256	2	261	26
256	2	1617	13
257	2	261	26
258	2	261	26
258	2	730	33
258	2	1200	13
259	2	261	26
259	2	782	33
259	2	1408	13
260	2	261	26
260	2	939	33
260	2	2139	13
261	2	261	26
262	2	261	26
262	2	1513	13
263	2	261	26
264	2	261	26
264	2	939	33
264	2	2295	13
265	2	261	26
266	2	261	26
266	2	1252	13
267	2	261	26
267	2	782	33
267	2	2087	13
268	2	261	26
268	2	1669	13
269	2	261	26
269	2	887	33
269	2	1565	13
270	2	261	26
271	2	261	26
271	2	1252	13
271	2	1982	33
272	2	261	26
272	2	834	33
272	2	1200	13
273	2	261	26
274	2	261	26
275	2	261	26
276	2	261	26
277	2	261	26
278	2	261	26
279	2	261	26
280	2	261	26
281	2	261	26
282	2	261	26
283	2	261	26
284	2	261	26
284	2	782	33
284	2	1200	13
285	2	261	26
285	2	1774	13
286	2	261	26
286	2	834	33
286	2	1252	13
287	2	261	26
288	2	261	26
288	2	1095	33
289	2	261	26
290	2	261	26
291	2	261	26
292	2	261	26
293	2	261	26
293	2	730	33
293	2	1200	13
294	2	261	26
294	2	887	33
295	2	261	26
296	2	261	26
296	2	834	33
296	2	1513	13
297	2	261	26
298	2	261	26
298	2	1774	13
299	2	261	26
299	2	887	33
300	2	261	26
301	2	261	26
301	2	730	33
301	2	1200	13
302	2	261	26
302	2	1304	13
302	2	1826	33
303	2	261	26
303	2	730	33
303	2	1200	13
304	2	261	26
304	2	782	33
304	2	1356	13
305	2	261	26
306	2	261	26
306	2	782	33
306	2	1200	13
307	2	261	26
308	2	261	26
309	2	261	26
309	2	730	33
309	2	1200	13
310	2	261	26
310	2	1095	33
310	2	1408	13
311	2	261	26
312	2	261	26
313	2	261	26
314	2	261	26
315	2	261	26
315	2	1461	13
316	2	261	26
317	2	261	26
318	2	261	26
319	2	261	26
320	2	261	26
321	2	261	26
321	2	782	33
322	2	261	26
322	2	939	33
323	2	261	26
324	2	261	26
325	2	261	26
326	2	261	26
326	2	782	33
326	2	1982	13
327	2	261	26
327	2	1774	13
328	2	261	26
329	2	261	26
330	2	261	26
330	2	1408	13
331	2	261	26
331	2	834	33
331	2	2035	13
332	2	261	26
332	2	1252	13
332	2	1669	33
333	2	261	26
333	2	782	33
333	2	1513	13
334	2	261	26
335	2	261	26
335	2	782	33
335	2	1356	13
336	2	261	26
336	2	1095	33
336	2	1722	13
337	2	261	26
338	2	261	26
339	2	261	26
339	2	887	33
340	2	261	26
341	2	261	26
342	2	261	26
342	2	887	33
342	2	1200	13
343	2	261	26
343	2	730	33
343	2	1200	13
344	2	261	26
345	2	261	26
345	2	1252	13
345	2	1617	33
346	2	261	26
346	2	1095	33
346	2	1461	13
347	2	261	26
347	2	1513	13
348	2	261	26
348	2	887	33
348	2	1617	13
349	2	261	26
349	2	887	33
349	2	1252	13
350	2	261	26
351	2	261	26
352	2	261	26
352	2	1356	13
353	2	261	26
353	2	887	33
353	2	1669	13
354	2	261	26
354	2	782	33
354	2	1200	13
355	2	261	26
356	2	261	26
356	2	2035	13
357	2	261	26
357	2	1461	13
358	2	261	26
358	2	1774	13
359	2	261	26
360	2	261	26
361	2	261	26
361	2	1304	13
362	2	261	26
363	2	261	26
364	2	261	26
364	2	887	33
365	2	261	26
366	2	261	26
366	2	1565	13
367	2	261	26
367	2	1565	13
368	2	261	26
368	2	730	33
368	2	1200	13
369	2	261	26
369	2	1043	33
369	2	1408	13
370	2	261	26
371	2	261	26
371	2	887	33
371	2	1878	13
372	2	261	26
372	2	1930	13
373	2	261	26
374	2	261	26
375	2	261	26
376	2	261	26
376	2	2087	13
377	2	261	26
378	2	261	26
379	2	261	26
379	2	1408	13
380	2	261	26
381	2	261	26
382	2	261	26
382	2	939	33
383	2	261	26
384	2	261	26
384	2	1043	33
385	2	261	26
385	2	2191	13
386	2	261	26
387	2	261	26
387	2	1095	33
387	2	1461	13
388	2	261	26
389	2	261	26
389	2	834	33
390	2	261	26
390	2	730	33
390	2	1200	13
391	2	261	26
391	2	887	33
391	2	1565	13
392	2	261	26
393	2	261	26
393	2	782	33
393	2	1200	13
394	2	261	26
394	2	2035	13
395	2	261	26
396	2	261	26
396	2	782	33
396	2	1200	13
397	2	261	26
398	2	261	26
399	2	261	26
399	2	834	33
399	2	1200	13
400	2	261	26
400	2	1356	13
401	2	261	26
402	2	261	26
402	2	1356	13
403	2	261	26
404	2	261	26
405	2	261	26
406	2	261	26
406	2	1095	33
406	2	1513	13
407	2	261	26
408	2	261	26
409	2	261	26
410	2	261	26
411	2	261	26
411	2	834	33
411	2	1200	13
412	2	261	26
412	2	834	33
412	2	1200	13
413	2	261	26
413	2	730	33
413	2	1200	13
414	2	261	26
414	2	1304	13
414	2	1669	33
415	2	261	26
415	2	939	33
415	2	1774	13
416	2	261	26
417	2	261	26
417	2	1200	13
418	2	261	26
418	2	1200	13
418	2	1513	33
419	2	261	26
419	2	991	33
419	2	1461	13
420	2	261	26
420	2	1774	13
421	2	261	26
422	2	261	26
423	2	261	26
423	2	1669	13
424	2	261	26
424	2	887	33
424	2	1252	13
425	2	261	26
425	2	1982	13
426	2	261	26
426	2	1722	13
427	2	261	26
428	2	261	26
428	2	887	33
429	2	261	26
429	2	1304	13
430	2	261	26
430	2	939	33
430	2	1930	13
431	2	261	26
431	2	730	33
431	2	1200	13
432	2	261	26
432	2	1043	33
432	2	1356	13
433	2	261	26
433	2	1513	13
434	2	261	26
434	2	939	33
434	2	1252	13
435	2	261	26
435	2	834	33
435	2	1200	13
436	2	261	26
436	2	834	33
436	2	1200	13
437	2	261	26
437	2	887	33
438	2	261	26
438	2	1408	13
439	2	261	26
440	2	261	26
440	2	2087	13
441	2	261	26
442	2	261	26
442	2	1669	13
443	2	261	26
444	2	261	26
445	2	261	26
445	2	834	33
445	2	1461	13
446	2	261	26
447	2	261	26
448	2	261	26
449	2	261	26
450	2	261	26
451	2	261	26
451	2	1408	13
451	2	2139	33
452	2	261	26
452	2	2087	13
453	2	261	26
453	2	782	33
453	2	1200	13
454	2	261	26
455	2	261	26
455	2	2191	13
456	2	261	26
457	2	261	26
457	2	1669	13
458	2	261	26
459	2	261	26
460	2	261	26
460	2	887	33
460	2	2139	13
461	2	261	26
461	2	887	33
461	2	1304	13
462	2	261	26
462	2	1565	13
463	2	261	26
463	2	1043	33
463	2	1461	13
464	2	261	26
464	2	1669	13
465	2	261	26
465	2	939	33
465	2	2243	13
466	2	261	26
466	2	834	33
466	2	1200	13
467	2	261	26
467	2	887	33
467	2	1982	13
468	2	261	26
468	2	834	33
469	2	261	26
469	2	782	33
469	2	1200	13
470	2	261	26
471	2	261	26
472	2	261	26
472	2	939	33
472	2	1722	13
473	2	261	26
473	2	1617	13
474	2	261	26
474	2	887	33
474	2	1304	13
475	2	261	26
476	2	261	26
477	2	261	26
478	2	261	26
479	2	261	26
480	2	261	26
481	2	261	26
481	2	1043	33
481	2	1408	13
482	2	261	26
482	2	1774	13
483	2	261	26
484	2	261	26
485	2	261	26
486	2	261	26
487	2	261	26
487	2	834	33
487	2	1617	13
488	2	261	26
489	2	261	26
489	2	730	33
489	2	1200	13
490	2	261	26
490	2	1513	13
490	2	2243	33
491	2	261	26
491	2	1774	13
492	2	261	26
492	2	1774	13
493	2	261	26
494	2	261	26
494	2	939	33
495	2	261	26
495	2	1565	13
496	2	261	26
496	2	1408	13
496	2	2087	33
497	2	261	26
497	2	834	33
498	2	261	26
498	2	1617	13
499	2	261	26
500	2	261	26
500	2	782	33
500	2	1200	13
501	2	261	26
502	2	261	26
502	2	1774	13
503	2	261	26
503	2	782	33
503	2	1200	13
504	2	261	26
505	2	261	26
506	2	261	26
507	2	261	26
508	2	261	26
508	2	834	33
508	2	1200	13
509	2	261	26
510	2	261	26
511	2	261	26
512	2	261	26
512	2	1617	13
513	2	261	26
513	2	1774	13
514	2	261	26
514	2	1200	13
514	2	2139	33
515	2	261	26
515	2	782	33
515	2	1200	13
516	2	261	26
517	2	261	26
518	2	261	26
518	2	2035	13
519	2	261	26
519	2	939	33
519	2	1408	13
520	2	261	26
520	2	2295	13
521	2	261	26
521	2	834	33
521	2	1200	13
522	2	261	26
522	2	1408	13
522	2	2243	33
523	2	261	26
523	2	834	33
523	2	1513	13
524	2	261	26
525	2	261	26
525	2	1043	33
525	2	1461	13
526	2	261	26
527	2	261	26
527	2	782	33
527	2	1252	13
528	2	261	26
528	2	730	33
528	2	1200	13
529	2	261	26
529	2	782	33
529	2	1200	13
530	2	261	26
531	2	261	26
531	2	1722	13
532	2	261	26
533	2	261	26
534	2	261	26
534	2	782	33
534	2	1252	13
535	2	261	26
536	2	261	26
537	2	261	26
537	2	1356	13
537	2	2295	33
538	2	261	26
538	2	782	33
538	2	1200	13
539	2	261	26
539	2	782	33
540	2	261	26
541	2	261	26
541	2	939	33
541	2	2243	13
542	2	261	26
543	2	261	26
543	2	2191	13
544	2	261	26
544	2	1200	13
544	2	1461	33
545	2	261	26
546	2	261	26
547	2	261	26
547	2	1252	13
547	2	1669	33
548	2	261	26
549	2	261	26
550	2	261	26
550	2	782	33
550	2	1200	13
551	2	261	26
551	2	887	33
551	2	1200	13
552	2	261	26
553	2	261	26
553	2	1722	13
554	2	261	26
554	2	730	33
554	2	1200	13
555	2	261	26
555	2	782	33
555	2	1200	13
556	2	261	26
556	2	1513	13
557	2	261	26
558	2	261	26
558	2	887	33
559	2	261	26
559	2	1669	13
560	2	261	26
561	2	261	26
562	2	261	26
562	2	1774	13
563	2	261	26
563	2	1356	13
563	2	1722	33
564	2	261	26
565	2	261	26
565	2	887	33
565	2	1304	13
566	2	261	26
566	2	1043	33
567	2	261	26
568	2	261	26
568	2	782	33
568	2	1200	13
569	2	261	26
569	2	1774	13
570	2	261	26
571	2	261	26
571	2	834	33
571	2	1252	13
572	2	261	26
573	2	261	26
574	2	261	26
575	2	261	26
575	2	782	33
575	2	1200	13
576	2	261	26
577	2	261	26
577	2	782	33
577	2	1200	13
578	2	261	26
579	2	261	26
580	2	261	26
581	2	261	26
581	2	1878	13
582	2	261	26
582	2	1930	13
583	2	261	26
583	2	782	33
583	2	1200	13
584	2	261	26
584	2	939	33
585	2	261	26
585	2	730	33
585	2	1200	13
586	2	261	26
586	2	1408	13
586	2	2087	33
587	2	261	26
587	2	730	33
587	2	1200	13
588	2	261	26
588	2	1252	13
589	2	261	26
589	2	1200	13
589	2	1617	33
590	2	261	26
590	2	939	33
590	2	1669	13
591	2	261	26
592	2	261	26
593	2	261	26
594	2	261	26
594	2	2295	13
595	2	261	26
595	2	887	33
595	2	1252	13
596	2	261	26
596	2	1565	13
597	2	261	26
598	2	261	26
598	2	782	33
598	2	1200	13
599	2	261	26
599	2	730	33
599	2	1200	13
600	2	261	26
601	2	261	26
601	2	1356	13
602	2	261	26
603	2	261	26
604	2	261	26
604	2	1774	13
605	2	261	26
606	2	261	26
606	2	1408	13
607	2	261	26
607	2	834	33
607	2	1304	13
608	2	261	26
608	2	1095	33
608	2	1617	13
609	2	261	26
610	2	261	26
611	2	261	26
611	2	2035	13
612	2	261	26
613	2	261	26
614	2	261	26
615	2	261	26
616	2	261	26
617	2	261	26
618	2	261	26
619	2	261	26
620	2	261	26
620	2	887	33
621	2	261	26
621	2	1617	13
622	2	261	26
622	2	782	33
623	2	261	26
624	2	261	26
624	2	939	33
625	2	261	26
626	2	261	26
626	2	1043	33
626	2	1565	13
627	2	261	26
627	2	1304	13
627	2	1878	33
628	2	261	26
628	2	1565	13
629	2	261	26
630	2	261	26
630	2	2139	13
631	2	261	26
631	2	1408	13
631	2	2191	33
632	2	261	26
632	2	730	33
632	2	1200	13
633	2	261	26
634	2	261	26
635	2	261	26
636	2	261	26
637	2	261	26
638	2	261	26
639	2	261	26
639	2	939	33
639	2	1252	13
640	2	261	26
641	2	261	26
642	2	261	26
643	2	261	26
644	2	261	26
645	2	261	26
645	2	1513	13
646	2	261	26
646	2	887	33
646	2	1252	13
647	2	261	26
648	2	261	26
648	2	1617	13
649	2	261	26
649	2	1043	33
649	2	1565	13
650	2	261	26
651	2	261	26
652	2	261	26
652	2	1408	13
653	2	261	26
653	2	1304	13
654	2	261	26
655	2	261	26
655	2	1722	13
656	2	261	26
656	2	1408	13
657	2	261	26
657	2	939	33
658	2	261	26
658	2	1043	33
658	2	1461	13
659	2	261	26
660	2	261	26
661	2	261	26
661	2	939	33
661	2	1461	13
662	2	261	26
662	2	1461	13
663	2	261	26
664	2	261	26
664	2	939	33
664	2	1408	13
665	2	261	26
665	2	834	33
665	2	1408	13
666	2	261	26
666	2	782	33
666	2	1982	13
667	2	261	26
667	2	887	33
668	2	261	26
669	2	261	26
669	2	1774	13
670	2	261	26
670	2	1826	13
671	2	261	26
672	2	261	26
673	2	261	26
674	2	261	26
674	2	1513	13
675	2	261	26
675	2	1669	13
676	2	261	26
676	2	834	33
676	2	1200	13
677	2	261	26
677	2	1565	13
678	2	261	26
678	2	1200	13
678	2	2295	33
679	2	261	26
680	2	261	26
680	2	1669	13
681	2	261	26
682	2	261	26
682	2	1565	13
683	2	261	26
684	2	261	26
684	2	1669	13
685	2	261	26
686	2	261	26
686	2	1408	13
687	2	261	26
688	2	261	26
689	2	261	26
690	2	261	26
691	2	261	26
691	2	939	33
691	2	1356	13
692	2	261	26
692	2	1252	13
692	2	1513	33
693	2	261	26
693	2	1356	13
693	2	2139	33
694	2	261	26
694	2	1304	13
694	2	2243	33
695	2	261	26
695	2	782	33
695	2	1200	13
696	2	261	26
697	2	261	26
697	2	939	33
697	2	1513	13
698	2	261	26
699	2	261	26
699	2	1565	13
700	2	261	26
701	2	261	26
701	2	1565	13
702	2	261	26
703	2	261	26
703	2	887	33
703	2	1356	13
704	2	261	26
705	2	261	26
705	2	2243	13
706	2	261	26
706	2	834	33
706	2	1826	13
707	2	261	26
707	2	1408	13
708	2	261	26
709	2	261	26
709	2	1095	33
709	2	1513	13
710	2	261	26
710	2	1043	33
710	2	1461	13
711	2	261	26
711	2	2087	13
712	2	261	26
712	2	1722	13
713	2	261	26
714	2	261	26
714	2	834	33
714	2	1722	13
715	2	261	26
715	2	2035	13
716	2	261	26
716	2	730	33
716	2	1200	13
717	2	261	26
717	2	1617	13
718	2	261	26
718	2	887	33
718	2	1356	13
719	2	261	26
720	2	261	26
721	2	261	26
721	2	1513	13
722	2	261	26
722	2	782	33
722	2	1200	13
723	2	261	26
724	2	261	26
725	2	261	26
725	2	1252	13
725	2	1669	33
726	2	261	26
726	2	1356	13
726	2	2035	33
727	2	261	26
728	2	261	26
729	2	261	26
729	2	2191	13
730	2	261	26
730	2	1617	13
731	2	261	26
731	2	730	33
731	2	1356	13
732	2	261	26
732	2	1878	13
733	2	261	26
733	2	939	33
733	2	1513	13
734	2	261	26
734	2	834	33
734	2	1304	13
735	2	261	26
736	2	261	26
737	2	261	26
737	2	991	33
737	2	1513	13
738	2	261	26
738	2	1095	33
738	2	1461	13
739	2	261	26
740	2	261	26
741	2	261	26
741	2	1565	13
742	2	261	26
742	2	782	33
742	2	1252	13
743	2	261	26
743	2	887	33
743	2	1930	13
744	2	261	26
745	2	261	26
746	2	261	26
747	2	261	26
748	2	261	26
749	2	261	26
750	2	261	26
751	2	261	26
752	2	261	26
752	2	1617	13
753	2	261	26
753	2	887	33
753	2	1304	13
754	2	261	26
754	2	887	33
754	2	1356	13
755	2	261	26
755	2	782	33
755	2	1617	13
756	2	261	26
756	2	939	33
756	2	1252	13
757	2	261	26
758	2	261	26
758	2	730	33
758	2	1200	13
759	2	261	26
760	2	261	26
761	2	261	26
761	2	2191	13
762	2	261	26
762	2	1356	13
763	2	261	26
764	2	261	26
765	2	261	26
765	2	887	33
765	2	1826	13
766	2	261	26
767	2	261	26
768	2	261	26
769	2	261	26
770	2	261	26
771	2	261	26
772	2	261	26
773	2	261	26
774	2	261	26
774	2	887	33
774	2	1200	13
775	2	261	26
776	2	261	26
776	2	782	33
776	2	1200	13
777	2	261	26
778	2	261	26
778	2	1565	13
779	2	261	26
780	2	261	26
781	2	261	26
781	2	1252	13
781	2	2139	33
782	2	261	26
783	2	261	26
784	2	261	26
784	2	834	33
784	2	1930	13
785	2	261	26
786	2	261	26
787	2	261	26
788	2	261	26
788	2	939	33
788	2	1982	13
789	2	261	26
789	2	1774	13
790	2	261	26
791	2	261	26
792	2	261	26
793	2	261	26
793	2	834	33
793	2	1200	13
794	2	261	26
794	2	834	33
794	2	2295	13
795	2	261	26
796	2	261	26
797	2	261	26
797	2	834	33
798	2	261	26
799	2	261	26
800	2	261	26
801	2	261	26
802	2	261	26
802	2	1408	13
803	2	261	26
803	2	1252	13
803	2	1669	33
804	2	261	26
804	2	1669	13
805	2	261	26
806	2	261	26
807	2	261	26
807	2	730	33
807	2	1200	13
808	2	261	26
809	2	261	26
810	2	261	26
810	2	782	33
810	2	1200	13
811	2	261	26
811	2	782	33
811	2	1826	13
812	2	261	26
812	2	939	33
812	2	1304	13
813	2	261	26
813	2	1774	13
814	2	261	26
815	2	261	26
815	2	887	33
816	2	261	26
817	2	261	26
818	2	261	26
818	2	1513	13
819	2	261	26
820	2	261	26
821	2	261	26
822	2	261	26
822	2	730	33
822	2	1200	13
823	2	261	26
823	2	730	33
823	2	1200	13
824	2	261	26
824	2	1722	13
825	2	261	26
825	2	1669	13
826	2	261	26
826	2	1774	13
827	2	261	26
828	2	261	26
829	2	261	26
830	2	261	26
831	2	261	26
831	2	1095	33
831	2	1408	13
832	2	261	26
832	2	887	33
832	2	1200	13
833	2	261	26
834	2	261	26
834	2	939	33
834	2	1513	13
835	2	261	26
835	2	2139	13
836	2	261	26
837	2	261	26
838	2	261	26
838	2	834	33
838	2	1252	13
839	2	261	26
840	2	261	26
840	2	782	33
840	2	1200	13
841	2	261	26
842	2	261	26
842	2	1565	13
843	2	261	26
843	2	834	33
843	2	1200	13
844	2	261	26
845	2	261	26
846	2	261	26
847	2	261	26
848	2	261	26
848	2	730	33
848	2	1200	13
849	2	261	26
850	2	261	26
850	2	939	33
850	2	1252	13
851	2	261	26
852	2	261	26
853	2	261	26
854	2	261	26
854	2	1722	13
855	2	261	26
856	2	261	26
857	2	261	26
858	2	261	26
858	2	1513	13
859	2	261	26
860	2	261	26
861	2	261	26
861	2	939	33
862	2	261	26
863	2	261	26
863	2	991	33
863	2	1356	13
864	2	261	26
864	2	834	33
864	2	1200	13
865	2	261	26
865	2	887	33
865	2	1722	13
866	2	261	26
866	2	782	33
866	2	1513	13
867	2	261	26
868	2	261	26
868	2	1252	13
868	2	2243	33
869	2	261	26
869	2	1617	13
870	2	261	26
871	2	261	26
872	2	261	26
873	2	261	26
873	2	782	33
873	2	1200	13
874	2	261	26
875	2	261	26
875	2	1252	13
875	2	2139	33
876	2	261	26
876	2	887	33
877	2	261	26
877	2	782	33
877	2	1200	13
878	2	261	26
879	2	261	26
880	2	261	26
880	2	782	33
880	2	1252	13
881	2	261	26
882	2	261	26
883	2	261	26
884	2	261	26
884	2	939	33
885	2	261	26
885	2	834	33
885	2	1252	13
886	2	261	26
887	2	261	26
887	2	1408	13
888	2	261	26
889	2	261	26
890	2	261	26
891	2	261	26
891	2	991	33
892	2	261	26
893	2	261	26
894	2	261	26
894	2	1669	13
895	2	261	26
895	2	2087	13
896	2	261	26
896	2	939	33
897	2	261	26
897	2	939	33
897	2	1461	13
898	2	261	26
898	2	887	33
898	2	1356	13
899	2	261	26
899	2	887	33
899	2	1252	13
900	2	261	26
901	2	261	26
901	2	782	33
902	2	261	26
902	2	1513	13
903	2	261	26
903	2	939	33
903	2	1408	13
904	2	261	26
905	2	261	26
906	2	261	26
906	2	939	33
907	2	261	26
908	2	261	26
908	2	887	33
908	2	1461	13
909	2	261	26
910	2	261	26
911	2	261	26
912	2	261	26
912	2	939	33
913	2	261	26
914	2	261	26
914	2	1565	13
915	2	261	26
916	2	261	26
916	2	991	33
916	2	1304	13
917	2	261	26
918	2	261	26
919	2	261	26
920	2	261	26
921	2	261	26
922	2	261	26
922	2	2139	13
923	2	261	26
924	2	261	26
924	2	1043	33
924	2	1356	13
925	2	261	26
925	2	939	33
926	2	261	26
926	2	1200	13
926	2	1565	33
927	2	261	26
927	2	1669	13
928	2	261	26
929	2	261	26
929	2	1200	13
929	2	1722	33
930	2	261	26
931	2	261	26
931	2	834	33
931	2	1200	13
932	2	261	26
933	2	261	26
934	2	261	26
935	2	261	26
935	2	939	33
935	2	1774	13
936	2	261	26
937	2	261	26
938	2	261	26
938	2	2243	13
939	2	261	26
940	2	261	26
940	2	1304	13
940	2	1774	33
941	2	261	26
941	2	834	33
941	2	1200	13
942	2	261	26
942	2	834	33
942	2	1200	13
943	2	261	26
944	2	261	26
944	2	1930	13
945	2	261	26
946	2	261	26
946	2	1774	13
947	2	261	26
947	2	887	33
947	2	1252	13
948	2	261	26
948	2	834	33
948	2	1356	13
949	2	261	26
949	2	782	33
949	2	1200	13
950	2	261	26
950	2	782	33
950	2	1408	13
951	2	261	26
952	2	261	26
953	2	261	26
953	2	887	33
953	2	1252	13
954	2	261	26
954	2	782	33
954	2	1200	13
955	2	261	26
956	2	261	26
957	2	261	26
958	2	261	26
959	2	261	26
960	2	261	26
960	2	1408	13
961	2	261	26
961	2	1304	13
962	2	261	26
963	2	261	26
963	2	939	33
964	2	261	26
964	2	887	33
964	2	1304	13
965	2	261	26
965	2	2087	13
966	2	261	26
966	2	887	33
966	2	1669	13
967	2	261	26
968	2	261	26
968	2	1878	13
969	2	261	26
969	2	1461	13
970	2	261	26
971	2	261	26
971	2	939	33
971	2	1565	13
972	2	261	26
972	2	782	33
972	2	1200	13
973	2	261	26
974	2	261	26
975	2	261	26
976	2	261	26
976	2	1252	13
976	2	1878	33
977	2	261	26
978	2	261	26
978	2	887	33
978	2	1356	13
979	2	261	26
980	2	261	26
981	2	261	26
981	2	1565	13
982	2	261	26
982	2	1513	13
983	2	261	26
983	2	834	33
983	2	1722	13
984	2	261	26
984	2	1826	13
985	2	261	26
985	2	2035	13
986	2	261	26
987	2	261	26
988	2	261	26
988	2	1826	13
989	2	261	26
989	2	834	33
990	2	261	26
991	2	261	26
992	2	261	26
993	2	261	26
994	2	261	26
995	2	261	26
995	2	730	33
995	2	1200	13
996	2	261	26
997	2	261	26
998	2	261	26
998	2	1200	13
998	2	1461	33
999	2	261	26
0	3	887	20
0	3	991	29
1	3	887	20
1	3	1043	29
2	3	834	30
3	3	1722	20
3	3	1774	29
4	3	834	30
4	3	1148	20
4	3	1722	9
4	3	1982	12
5	3	834	30
6	3	1095	30
6	3	2139	20
7	3	1513	20
7	3	1617	29
8	3	1304	29
8	3	1565	20
8	3	1878	9
10	3	730	30
10	3	1200	20
13	3	2035	29
14	3	678	30
14	3	939	20
15	3	834	30
15	3	1461	20
16	3	834	30
16	3	1356	20
17	3	782	30
17	3	1095	20
18	3	887	30
18	3	1565	20
20	3	1252	29
20	3	1513	20
21	3	678	30
21	3	939	20
22	3	1513	29
23	3	730	30
23	3	1200	20
24	3	730	30
24	3	1043	20
25	3	2191	29
26	3	1304	29
26	3	1722	20
27	3	834	30
27	3	1356	20
28	3	1356	29
28	3	1617	20
28	3	1982	9
29	3	1565	29
30	3	1878	29
30	3	2295	20
31	3	834	30
32	3	1669	29
32	3	1930	20
33	3	1252	29
34	3	1304	29
34	3	1617	20
35	3	782	30
35	3	1304	20
36	3	834	30
36	3	1356	20
37	3	1356	29
38	3	1252	29
39	3	887	30
39	3	1565	20
40	3	626	29
40	3	887	20
40	3	1565	9
40	3	1878	12
40	3	2243	30
41	3	1356	29
41	3	1617	20
42	3	1356	29
42	3	1722	20
43	3	730	30
43	3	1304	20
45	3	1252	29
45	3	1513	20
46	3	782	30
47	3	1669	29
49	3	887	30
49	3	1200	20
49	3	1982	9
53	3	782	30
53	3	1148	20
53	3	1774	9
55	3	887	30
56	3	1774	29
57	3	730	30
57	3	1043	20
57	3	1513	9
58	3	834	30
58	3	1200	20
58	3	1774	9
59	3	834	30
59	3	1148	20
60	3	2139	29
61	3	991	30
62	3	991	30
62	3	1304	20
62	3	1930	9
63	3	1304	29
63	3	1565	20
65	3	1304	29
66	3	1878	29
67	3	1356	29
67	3	1617	20
69	3	1513	29
70	3	1565	29
71	3	1722	29
74	3	2035	29
75	3	1043	29
75	3	1304	20
76	3	2035	29
77	3	2139	29
79	3	1461	29
79	3	2295	20
80	3	1095	29
81	3	939	30
82	3	1461	29
83	3	1669	29
84	3	887	30
84	3	2295	20
86	3	1722	29
87	3	834	30
87	3	1095	20
87	3	1617	9
87	3	1930	12
88	3	1304	29
88	3	1565	20
89	3	1461	29
89	3	1774	20
90	3	1930	29
91	3	2035	29
92	3	782	30
92	3	1043	20
93	3	1878	29
95	3	1826	29
96	3	1617	29
96	3	1878	20
97	3	1930	29
99	3	1669	29
99	3	2139	20
100	3	2035	29
101	3	1304	29
102	3	1252	29
102	3	1930	20
103	3	1513	29
104	3	991	30
104	3	1356	20
106	3	1304	29
106	3	1565	20
106	3	1878	9
106	3	2243	30
107	3	730	30
107	3	991	20
107	3	1930	9
108	3	887	30
108	3	1565	20
109	3	1826	29
110	3	782	30
110	3	1095	20
111	3	1513	29
112	3	1461	29
113	3	730	30
113	3	991	20
114	3	1252	29
116	3	2035	29
117	3	2035	29
118	3	1774	29
119	3	1826	29
119	3	2295	20
120	3	1461	29
122	3	991	20
122	3	1043	29
122	3	1774	9
124	3	939	20
124	3	1043	29
125	3	834	30
125	3	1252	20
126	3	626	30
126	3	1095	20
126	3	1774	9
127	3	991	29
127	3	1252	20
128	3	626	29
128	3	991	20
128	3	1774	9
129	3	1669	29
130	3	834	30
131	3	1304	29
131	3	1565	20
131	3	1930	9
131	3	2243	30
132	3	782	30
132	3	2139	20
133	3	991	30
134	3	1461	29
134	3	2035	20
135	3	730	30
135	3	1200	20
136	3	730	30
136	3	991	20
136	3	1356	9
136	3	1617	12
137	3	1304	29
137	3	1617	20
138	3	887	20
138	3	991	29
138	3	1669	9
138	3	1982	12
139	3	834	30
139	3	1095	20
139	3	1565	9
139	3	1826	12
141	3	834	30
141	3	1095	20
141	3	1513	9
142	3	1669	29
143	3	1878	29
145	3	1722	29
146	3	782	30
146	3	1461	20
147	3	1252	29
147	3	1513	20
148	3	1930	29
149	3	782	30
149	3	1043	20
149	3	2191	9
150	3	782	30
150	3	1408	20
151	3	1565	29
152	3	1252	29
152	3	1513	20
152	3	2243	9
153	3	1513	29
154	3	834	30
154	3	1095	20
154	3	1722	9
155	3	574	29
155	3	991	20
155	3	2087	9
156	3	782	30
156	3	1043	20
156	3	1930	9
158	3	887	30
158	3	1356	20
159	3	626	29
159	3	939	20
159	3	1617	9
160	3	1304	29
160	3	1565	20
161	3	2191	29
162	3	1565	20
162	3	1617	29
163	3	1878	29
164	3	887	30
164	3	2087	20
165	3	887	30
165	3	1252	20
167	3	1826	29
169	3	834	30
170	3	782	30
170	3	1043	20
170	3	1565	9
171	3	1878	29
172	3	1617	29
172	3	1878	20
173	3	1930	29
174	3	1461	29
174	3	1774	20
175	3	1252	29
175	3	1513	20
175	3	2191	9
176	3	730	30
176	3	2139	20
179	3	782	30
179	3	1356	20
181	3	730	30
182	3	1826	29
183	3	782	30
183	3	1356	20
185	3	887	30
185	3	1252	20
185	3	1826	9
187	3	1356	29
188	3	2035	29
189	3	1356	29
189	3	1617	20
189	3	2191	9
190	3	1669	29
191	3	1043	29
192	3	1252	29
192	3	1513	20
193	3	1252	29
193	3	1513	20
194	3	2243	29
196	3	678	30
196	3	939	20
196	3	1408	9
196	3	1722	12
198	3	1304	29
198	3	1565	20
198	3	2191	9
199	3	991	29
199	3	1252	20
199	3	1930	9
200	3	1722	29
200	3	2243	20
202	3	1617	29
202	3	1878	20
203	3	1461	29
204	3	887	30
204	3	1200	20
205	3	1878	29
206	3	678	30
206	3	939	20
206	3	1356	9
206	3	1617	12
207	3	991	29
207	3	1304	20
208	3	834	30
208	3	1408	20
210	3	991	30
210	3	1669	20
212	3	1461	29
212	3	2191	20
213	3	2191	29
215	3	1826	29
217	3	1774	29
218	3	1356	29
218	3	1617	20
220	3	2035	29
221	3	1304	29
221	3	1669	20
223	3	2087	29
224	3	1461	29
224	3	2087	20
225	3	834	30
225	3	1095	20
225	3	1617	9
226	3	782	30
226	3	1200	20
227	3	1774	29
228	3	887	30
228	3	1148	20
228	3	1617	9
229	3	1356	29
229	3	1617	20
230	3	678	30
230	3	939	20
231	3	782	30
231	3	1200	20
232	3	834	30
232	3	1095	20
232	3	1722	9
233	3	1878	29
235	3	2139	29
236	3	1930	29
239	3	1774	29
240	3	782	30
240	3	1148	20
240	3	2139	9
241	3	1356	29
241	3	1617	20
242	3	1252	29
242	3	1513	20
243	3	678	30
243	3	939	20
243	3	1617	9
243	3	2139	12
244	3	782	30
244	3	1148	20
245	3	1722	29
248	3	834	30
248	3	1148	20
249	3	678	30
249	3	939	20
250	3	730	30
250	3	991	20
250	3	1774	9
250	3	2295	12
251	3	939	30
251	3	1461	20
253	3	1722	29
255	3	1565	29
256	3	1356	29
256	3	1617	20
257	3	1669	29
258	3	887	20
258	3	1043	29
259	3	782	30
259	3	1461	20
260	3	782	30
260	3	2035	20
262	3	1461	20
262	3	1513	29
264	3	991	30
265	3	887	30
266	3	991	30
266	3	1513	20
267	3	678	30
267	3	939	20
268	3	1617	29
269	3	1043	29
269	3	1304	20
270	3	1722	29
271	3	1252	29
271	3	1513	20
271	3	2243	9
272	3	678	30
272	3	1095	20
272	3	1513	9
272	3	1774	12
274	3	1722	29
275	3	2243	29
277	3	2035	29
278	3	2139	29
279	3	1826	29
280	3	1617	29
282	3	2191	29
283	3	1774	29
284	3	887	20
284	3	1043	29
284	3	1408	9
284	3	1669	12
284	3	2243	30
285	3	1617	20
285	3	1722	29
286	3	678	30
286	3	1043	20
286	3	1774	9
286	3	2139	12
287	3	1826	29
288	3	887	30
291	3	1826	29
292	3	2139	29
293	3	834	20
293	3	991	29
293	3	1461	9
293	3	2243	12
294	3	887	30
295	3	1669	29
295	3	2295	20
296	3	730	30
296	3	1148	20
298	3	1461	29
299	3	834	30
300	3	1930	29
301	3	782	30
301	3	1043	20
302	3	834	30
302	3	1461	20
303	3	730	30
303	3	991	20
303	3	1461	9
303	3	1722	12
304	3	730	30
304	3	1304	20
306	3	730	30
306	3	991	20
306	3	1774	9
307	3	2035	29
308	3	1304	29
309	3	887	20
309	3	991	29
309	3	1513	9
309	3	2139	12
310	3	834	30
310	3	1252	20
310	3	1774	9
311	3	2139	29
312	3	1669	29
313	3	1669	29
314	3	1878	29
315	3	1304	29
315	3	1565	20
317	3	1878	29
318	3	2243	29
320	3	1878	29
321	3	834	30
322	3	834	30
322	3	2243	20
324	3	1930	29
325	3	1826	29
326	3	887	20
326	3	991	29
327	3	1669	29
327	3	2191	20
328	3	1826	29
329	3	2035	29
330	3	1356	29
330	3	1617	20
331	3	887	30
332	3	1252	29
332	3	1513	20
333	3	939	20
333	3	1043	29
334	3	1826	29
335	3	834	20
335	3	991	29
336	3	991	30
336	3	1461	20
337	3	1722	29
338	3	2087	29
339	3	834	30
339	3	2243	20
340	3	1722	29
341	3	1722	29
341	3	2035	20
342	3	730	30
342	3	1095	20
342	3	1565	9
343	3	834	20
343	3	991	29
343	3	1826	9
345	3	1252	29
345	3	1513	20
346	3	991	30
346	3	1252	20
346	3	1774	9
347	3	1252	29
347	3	1722	20
348	3	834	30
348	3	1356	20
349	3	887	30
349	3	1148	20
349	3	1617	9
351	3	1252	29
352	3	1252	29
352	3	1513	20
353	3	887	30
353	3	1408	20
354	3	626	30
354	3	887	20
354	3	1461	9
354	3	1722	12
355	3	782	30
356	3	1461	29
356	3	2295	20
357	3	939	30
358	3	1617	29
358	3	2243	20
360	3	1826	29
361	3	1252	29
361	3	1513	20
364	3	1043	29
366	3	1356	29
366	3	1617	20
367	3	887	30
368	3	834	20
368	3	991	29
368	3	1408	9
368	3	1722	12
368	3	2035	30
369	3	939	30
369	3	1200	20
369	3	1826	9
371	3	887	30
371	3	1461	20
372	3	1461	29
372	3	1722	20
374	3	2087	29
375	3	1878	29
376	3	991	30
377	3	1878	29
377	3	2295	20
378	3	1617	29
379	3	1304	29
379	3	1565	20
380	3	1774	29
381	3	1356	29
382	3	1095	29
382	3	2295	20
384	3	887	30
384	3	1565	20
385	3	1304	29
386	3	939	30
387	3	834	30
387	3	1148	20
387	3	1617	9
389	3	782	30
390	3	730	30
390	3	991	20
391	3	678	30
391	3	1356	20
392	3	1826	29
393	3	678	30
393	3	939	20
394	3	1252	29
396	3	939	20
396	3	1043	29
396	3	1356	9
396	3	1617	12
396	3	1930	30
397	3	1774	29
397	3	2295	20
399	3	782	30
399	3	1095	20
400	3	991	30
400	3	1722	20
402	3	1252	29
402	3	1513	20
404	3	1461	29
404	3	2295	20
405	3	1722	29
406	3	834	30
406	3	1356	20
407	3	1669	29
409	3	2035	29
410	3	1826	29
411	3	730	30
411	3	991	20
411	3	1513	9
411	3	1878	12
412	3	939	20
412	3	1095	29
412	3	1461	9
412	3	1722	12
412	3	2035	30
413	3	939	20
413	3	1043	29
413	3	1408	9
413	3	1669	12
413	3	1982	30
414	3	887	30
414	3	1408	20
414	3	2191	9
415	3	1043	29
415	3	1304	20
416	3	2087	29
417	3	730	30
417	3	1669	20
418	3	887	30
418	3	1200	20
418	3	1669	9
419	3	678	30
419	3	1148	20
419	3	1774	9
420	3	1461	29
420	3	1774	20
422	3	1878	29
423	3	1565	20
423	3	1617	29
424	3	834	30
424	3	1095	20
424	3	1565	9
424	3	1826	12
425	3	1252	29
426	3	1617	29
426	3	1878	20
428	3	730	30
429	3	1252	29
429	3	1513	20
430	3	834	30
430	3	1408	20
431	3	678	30
431	3	939	20
432	3	887	30
432	3	1252	20
433	3	1304	29
433	3	1774	20
434	3	834	30
434	3	1148	20
434	3	1617	9
434	3	1982	12
435	3	730	30
435	3	1148	20
435	3	1826	9
436	3	782	30
436	3	1043	20
436	3	1617	9
437	3	782	30
437	3	1878	20
438	3	1304	29
438	3	1565	20
439	3	1774	29
440	3	1304	29
440	3	2295	20
442	3	1304	29
442	3	1774	20
445	3	834	30
445	3	1095	20
446	3	1826	29
447	3	2139	29
451	3	1461	29
451	3	1722	20
451	3	2191	9
451	3	2295	30
452	3	887	30
452	3	2295	20
453	3	730	30
453	3	991	20
453	3	1408	9
453	3	1722	12
454	3	2035	29
455	3	1722	29
455	3	2191	20
456	3	1878	29
457	3	1304	29
459	3	2191	29
460	3	834	30
460	3	1878	20
461	3	782	30
461	3	1095	20
462	3	1252	29
463	3	939	30
463	3	1200	20
463	3	1774	9
464	3	1565	29
464	3	1878	20
465	3	782	30
466	3	834	30
466	3	1200	20
467	3	678	30
467	3	1930	20
468	3	1043	29
468	3	1774	20
469	3	730	30
469	3	991	20
469	3	1617	9
470	3	2191	29
471	3	1774	29
471	3	2191	20
472	3	887	30
472	3	2139	20
473	3	1356	29
473	3	1722	20
474	3	834	30
474	3	1148	20
475	3	1826	29
476	3	2087	29
478	3	1461	29
480	3	1513	29
481	3	991	30
481	3	1252	20
481	3	1617	9
482	3	1252	29
485	3	1774	29
486	3	1878	29
486	3	2295	20
487	3	782	30
487	3	1356	20
488	3	1878	29
489	3	939	20
489	3	1043	29
489	3	1565	9
490	3	1461	29
490	3	1722	20
490	3	2139	9
491	3	1304	29
491	3	2191	20
492	3	1617	29
492	3	1878	20
492	3	2295	9
494	3	887	30
495	3	1461	29
495	3	1722	20
496	3	1304	29
496	3	1565	20
496	3	2191	9
497	3	678	30
498	3	1252	29
499	3	991	30
500	3	782	30
500	3	1043	20
500	3	1461	9
500	3	1722	12
501	3	1878	29
502	3	1461	29
502	3	1722	20
503	3	782	30
503	3	1043	20
503	3	1461	9
503	3	1722	12
505	3	1878	29
506	3	1669	29
508	3	834	30
508	3	1095	20
508	3	1930	9
512	3	1461	20
512	3	1617	29
513	3	1617	29
514	3	887	30
514	3	1722	20
515	3	730	30
515	3	991	20
515	3	1826	9
516	3	1930	29
517	3	1878	29
518	3	1617	29
519	3	834	30
519	3	1252	20
520	3	1356	29
520	3	2295	20
521	3	782	30
521	3	1095	20
521	3	1774	9
522	3	1356	29
522	3	1617	20
523	3	730	30
523	3	1356	20
525	3	887	30
525	3	1252	20
525	3	1617	9
527	3	678	30
527	3	939	20
528	3	887	20
528	3	1043	29
529	3	834	30
529	3	1095	20
529	3	1461	9
529	3	1722	12
530	3	1826	29
530	3	2243	20
531	3	1617	29
531	3	1878	20
532	3	1617	29
534	3	939	20
534	3	991	29
534	3	1617	9
534	3	2139	12
536	3	1878	29
537	3	1252	29
537	3	1565	20
538	3	782	30
538	3	1043	20
539	3	939	20
539	3	991	29
541	3	782	30
541	3	1878	20
542	3	1617	29
543	3	1669	20
543	3	1722	29
544	3	782	30
544	3	1200	20
544	3	1774	9
544	3	2139	12
546	3	1774	29
547	3	1252	29
547	3	1513	20
547	3	1826	9
547	3	2243	30
549	3	1930	29
550	3	730	30
550	3	991	20
550	3	1513	9
550	3	1774	12
551	3	678	30
551	3	1043	20
551	3	1513	9
551	3	1878	12
552	3	1930	29
553	3	1461	29
554	3	626	30
554	3	887	20
554	3	1930	9
555	3	730	30
555	3	991	20
555	3	1408	9
555	3	1722	12
556	3	1408	20
556	3	1461	29
558	3	730	30
559	3	1617	29
559	3	2191	20
561	3	1565	29
562	3	1617	29
563	3	1356	29
563	3	1617	20
564	3	2035	29
565	3	834	30
565	3	1095	20
565	3	1617	9
565	3	2139	12
566	3	939	30
566	3	1461	20
567	3	1356	29
568	3	730	30
568	3	1095	20
568	3	1617	9
569	3	1565	29
570	3	1930	29
571	3	782	30
571	3	1356	20
572	3	2087	29
575	3	678	30
575	3	939	20
575	3	1408	9
576	3	1722	29
577	3	834	30
577	3	1095	20
578	3	1669	29
581	3	1617	29
581	3	1878	20
582	3	1356	29
583	3	939	20
583	3	1043	29
583	3	1408	9
583	3	1669	12
584	3	834	30
585	3	887	20
585	3	991	29
585	3	1356	9
585	3	1617	12
585	3	1930	30
586	3	1356	29
586	3	1617	20
587	3	730	30
587	3	991	20
587	3	1461	9
587	3	1722	12
588	3	939	30
588	3	1565	20
589	3	834	30
589	3	1356	20
590	3	1043	29
590	3	1408	20
591	3	2139	29
593	3	1878	29
594	3	1461	29
595	3	834	30
595	3	1095	20
595	3	1565	9
595	3	1826	12
596	3	1356	29
596	3	1617	20
597	3	1878	29
598	3	730	30
598	3	991	20
599	3	730	30
599	3	991	20
601	3	887	30
604	3	1461	29
604	3	1826	20
605	3	1669	29
606	3	1304	29
606	3	1565	20
607	3	834	30
607	3	1200	20
608	3	887	30
608	3	1304	20
611	3	1356	29
612	3	1722	29
613	3	2243	29
614	3	1722	29
615	3	1513	29
616	3	1617	29
619	3	1669	29
620	3	834	30
621	3	1565	20
621	3	1617	29
622	3	678	30
622	3	939	20
623	3	1722	29
624	3	834	30
625	3	1669	29
626	3	939	30
626	3	1356	20
627	3	939	30
627	3	1461	20
628	3	1304	29
628	3	1565	20
629	3	1826	29
630	3	1461	29
630	3	2243	20
631	3	1304	29
631	3	1565	20
631	3	2243	9
632	3	730	30
632	3	991	20
633	3	2139	29
634	3	1774	29
635	3	2035	29
639	3	782	30
639	3	1200	20
639	3	1722	9
640	3	2191	29
642	3	1774	29
644	3	887	30
645	3	1461	29
645	3	1722	20
646	3	782	30
646	3	1043	20
646	3	1669	9
648	3	1461	29
649	3	834	30
649	3	1408	20
650	3	2087	29
651	3	887	30
652	3	1252	29
652	3	1565	20
653	3	1252	29
653	3	1565	20
654	3	1774	29
655	3	1356	29
655	3	1774	20
656	3	1304	29
657	3	939	30
658	3	887	30
658	3	1148	20
658	3	1774	9
658	3	2295	12
659	3	1722	29
660	3	2035	29
661	3	887	30
661	3	1356	20
662	3	1304	29
662	3	1565	20
663	3	1617	29
664	3	887	30
664	3	1148	20
664	3	1774	9
664	3	2295	12
665	3	834	30
665	3	1356	20
666	3	939	20
666	3	991	29
667	3	782	30
668	3	1617	29
668	3	1982	20
669	3	1461	29
669	3	2035	20
670	3	1513	29
670	3	1774	20
672	3	1617	29
673	3	1461	29
674	3	1461	29
674	3	1722	20
675	3	1617	29
676	3	834	30
676	3	1095	20
676	3	1722	9
677	3	1461	20
677	3	1513	29
678	3	730	30
678	3	1461	20
680	3	1617	29
680	3	1878	20
681	3	1722	29
682	3	1252	29
682	3	2295	20
683	3	1826	29
684	3	1617	29
684	3	1878	20
685	3	1826	29
686	3	939	30
687	3	2035	29
688	3	1826	29
689	3	1774	29
690	3	2035	29
691	3	887	30
691	3	1304	20
691	3	1826	9
691	3	2139	12
692	3	1095	30
692	3	1356	20
692	3	1722	9
693	3	1304	29
693	3	1565	20
694	3	1043	30
694	3	1461	20
695	3	730	30
695	3	991	20
696	3	1617	29
697	3	782	30
697	3	1304	20
698	3	2087	29
699	3	1304	29
700	3	1043	30
701	3	1565	29
701	3	1878	20
702	3	1669	29
703	3	834	30
703	3	1148	20
705	3	1617	29
705	3	1878	20
706	3	678	30
706	3	991	20
707	3	834	30
708	3	1669	29
709	3	887	30
709	3	1356	20
709	3	1930	9
710	3	939	30
710	3	1200	20
710	3	1774	9
711	3	1669	29
711	3	2035	20
712	3	1461	29
712	3	1722	20
714	3	939	20
714	3	1043	29
715	3	1461	29
716	3	887	20
716	3	1043	29
716	3	1565	9
717	3	1513	20
717	3	1617	29
717	3	2295	9
718	3	834	30
718	3	1148	20
718	3	1774	9
719	3	2191	29
721	3	1356	29
721	3	1722	20
722	3	730	30
722	3	991	20
722	3	1408	9
722	3	1722	12
723	3	1617	29
724	3	2035	29
725	3	834	30
725	3	1408	20
726	3	1304	29
726	3	1565	20
729	3	834	30
730	3	1356	29
731	3	730	30
731	3	1095	20
732	3	887	30
733	3	887	30
733	3	1148	20
734	3	730	30
734	3	1200	20
734	3	2295	9
736	3	1617	29
737	3	887	30
737	3	1356	20
738	3	887	30
738	3	1148	20
738	3	1722	9
738	3	2243	12
739	3	1722	29
741	3	1252	29
742	3	887	20
742	3	991	29
742	3	1617	9
742	3	2139	12
743	3	991	29
743	3	1356	20
744	3	1774	29
744	3	2139	20
745	3	1930	29
746	3	1878	29
747	3	1304	29
750	3	991	30
752	3	1513	29
752	3	1774	20
753	3	782	30
753	3	1095	20
753	3	1774	9
753	3	2139	12
754	3	782	30
754	3	1148	20
755	3	782	30
755	3	1148	20
756	3	834	30
756	3	1095	20
756	3	1617	9
757	3	2191	29
758	3	834	20
758	3	991	29
760	3	1669	29
761	3	1356	29
761	3	2087	20
762	3	1252	29
762	3	1565	20
763	3	1774	29
763	3	2139	20
765	3	782	30
765	3	2087	20
766	3	834	30
767	3	1722	29
768	3	2139	29
769	3	2087	29
771	3	1722	29
772	3	1878	29
773	3	2035	29
774	3	782	30
774	3	1095	20
774	3	1669	9
775	3	2035	29
776	3	730	30
776	3	991	20
776	3	1617	9
776	3	2035	12
778	3	991	30
780	3	1930	29
781	3	1252	29
781	3	1513	20
782	3	1356	29
782	3	2295	20
783	3	2087	29
784	3	730	30
784	3	1304	20
785	3	991	30
787	3	1930	29
788	3	991	30
788	3	1669	20
789	3	1669	29
789	3	1930	20
790	3	1513	29
791	3	2035	29
792	3	887	30
793	3	730	30
793	3	1043	20
793	3	2191	9
794	3	574	29
794	3	939	20
795	3	2191	29
796	3	1930	29
797	3	834	30
798	3	1617	29
798	3	2035	20
800	3	1878	29
801	3	2035	29
802	3	1252	29
802	3	1565	20
803	3	939	30
803	3	1200	20
803	3	2139	9
804	3	1252	29
804	3	1826	20
806	3	2035	29
807	3	887	20
807	3	1043	29
807	3	1408	9
807	3	1669	12
810	3	730	30
810	3	991	20
811	3	730	30
811	3	1930	20
812	3	834	30
812	3	1148	20
812	3	1826	9
813	3	1252	29
815	3	730	30
816	3	1669	29
818	3	1304	29
818	3	1565	20
819	3	2035	29
820	3	1878	29
821	3	1774	29
822	3	730	30
822	3	991	20
823	3	887	20
823	3	1095	29
823	3	1565	9
823	3	2243	12
824	3	1617	29
824	3	2139	20
825	3	1565	20
825	3	1617	29
826	3	1565	29
827	3	2035	29
828	3	1826	29
830	3	1669	29
831	3	939	30
831	3	1200	20
831	3	1722	9
831	3	1982	12
832	3	887	30
832	3	1148	20
832	3	1617	9
832	3	2243	12
833	3	1826	29
834	3	1043	29
834	3	1304	20
834	3	1826	9
834	3	2139	12
835	3	1252	29
837	3	1774	29
838	3	730	30
838	3	1148	20
839	3	2035	29
840	3	730	30
840	3	991	20
840	3	1356	9
840	3	1617	12
841	3	834	30
842	3	1461	29
842	3	1722	20
843	3	730	30
843	3	991	20
843	3	1461	9
843	3	1774	12
844	3	1774	29
845	3	1826	29
847	3	1774	29
847	3	2191	20
848	3	678	30
848	3	939	20
848	3	1617	9
850	3	887	30
850	3	1148	20
850	3	1617	9
853	3	2035	29
853	3	2295	20
854	3	1565	20
854	3	1669	29
855	3	1878	29
856	3	1304	29
857	3	1930	29
858	3	1304	29
858	3	1565	20
861	3	834	30
862	3	2139	29
863	3	887	30
863	3	1148	20
863	3	1774	9
864	3	782	30
864	3	1043	20
864	3	1669	9
864	3	2243	12
865	3	730	30
865	3	1461	20
866	3	939	20
866	3	1043	29
867	3	1461	29
868	3	939	30
869	3	1513	20
869	3	1617	29
870	3	1722	29
871	3	1669	29
873	3	730	30
873	3	1043	20
873	3	1565	9
875	3	991	30
875	3	1565	20
876	3	782	30
877	3	678	30
877	3	991	20
877	3	1461	9
878	3	1774	29
878	3	2087	20
879	3	1304	29
880	3	939	20
880	3	991	29
880	3	2295	9
882	3	1878	29
884	3	887	30
885	3	991	20
885	3	1043	29
885	3	1565	9
886	3	1617	29
887	3	1252	29
889	3	2035	29
890	3	1878	29
891	3	834	30
892	3	2139	29
893	3	887	30
894	3	1252	29
895	3	1252	29
896	3	991	29
897	3	782	30
897	3	1304	20
898	3	834	30
898	3	1148	20
899	3	782	30
899	3	1148	20
899	3	1774	9
900	3	1565	29
901	3	939	20
901	3	1043	29
902	3	1461	29
902	3	1722	20
903	3	834	30
903	3	1304	20
905	3	1722	29
906	3	678	30
908	3	782	30
908	3	1356	20
910	3	1722	29
912	3	939	30
913	3	1878	29
914	3	1461	29
914	3	1722	20
915	3	1826	29
916	3	782	30
916	3	1200	20
916	3	1774	9
917	3	1617	29
918	3	1826	29
919	3	1930	29
920	3	1617	29
922	3	1304	29
922	3	2087	20
923	3	1826	29
924	3	887	30
924	3	1200	20
924	3	1669	9
925	3	887	30
926	3	1043	30
926	3	1408	20
926	3	2295	9
927	3	1513	29
927	3	1774	20
929	3	834	30
929	3	1356	20
931	3	834	30
931	3	1095	20
931	3	1461	9
931	3	1722	12
932	3	1669	29
932	3	2139	20
933	3	1878	29
934	3	1617	29
935	3	834	30
935	3	1513	20
936	3	1617	29
937	3	1930	29
938	3	1617	29
938	3	2035	20
940	3	1252	29
940	3	1513	20
940	3	2191	9
941	3	730	30
941	3	1095	20
941	3	1774	9
941	3	2191	12
942	3	730	30
942	3	1043	20
942	3	1669	9
944	3	1304	29
944	3	2087	20
946	3	1356	29
946	3	2139	20
947	3	1043	29
947	3	1304	20
947	3	1617	9
947	3	1878	12
947	3	2191	30
948	3	834	30
948	3	1200	20
949	3	730	30
949	3	991	20
949	3	1408	9
949	3	1669	12
950	3	887	20
950	3	1043	29
953	3	887	30
953	3	1200	20
954	3	782	30
954	3	1043	20
958	3	2035	29
960	3	1304	29
960	3	1565	20
961	3	887	30
961	3	1565	20
963	3	730	30
964	3	887	30
964	3	1148	20
964	3	1722	9
965	3	1513	29
966	3	730	30
966	3	1461	20
968	3	1252	29
969	3	1304	29
969	3	1565	20
971	3	887	30
971	3	1408	20
972	3	887	20
972	3	991	29
972	3	1461	9
972	3	1722	12
972	3	2035	30
974	3	834	30
975	3	1878	29
976	3	1252	29
976	3	1513	20
976	3	2295	9
978	3	939	30
978	3	1200	20
978	3	2295	9
979	3	1930	29
981	3	1565	29
981	3	1826	20
982	3	939	30
983	3	730	30
983	3	1722	20
984	3	1617	29
985	3	1722	29
985	3	1982	20
987	3	1774	29
988	3	887	30
989	3	730	30
989	3	2295	20
995	3	626	29
995	3	939	20
996	3	1774	29
998	3	1095	30
998	3	1356	20
998	3	1722	9
998	3	2087	12
999	3	2035	29
0	4	678	27
0	4	991	29
1	4	730	27
1	4	1043	29
2	4	834	30
3	4	1200	27
3	4	1774	29
4	4	834	30
4	4	2139	27
5	4	834	30
6	4	1095	30
7	4	1043	27
7	4	1617	29
8	4	730	27
8	4	1304	29
9	4	2087	27
10	4	730	30
12	4	1408	27
13	4	1200	27
13	4	2035	29
14	4	678	30
15	4	834	30
16	4	834	30
17	4	782	30
18	4	887	30
19	4	1826	27
20	4	678	27
20	4	1252	29
21	4	678	30
22	4	939	27
22	4	1513	29
23	4	730	30
24	4	730	30
25	4	1617	27
25	4	2191	29
26	4	730	27
26	4	1304	29
27	4	834	30
28	4	782	27
28	4	1356	29
29	4	887	27
29	4	1565	29
30	4	1304	27
30	4	1878	29
31	4	834	30
32	4	1095	27
32	4	1669	29
33	4	678	27
33	4	1252	29
34	4	730	27
34	4	1304	29
35	4	782	30
36	4	834	30
37	4	678	27
37	4	1356	29
38	4	678	27
38	4	1252	29
39	4	887	30
40	4	626	29
40	4	1982	27
40	4	2243	30
41	4	782	27
41	4	1356	29
42	4	782	27
42	4	1356	29
43	4	730	30
44	4	1669	27
45	4	678	27
45	4	1252	29
46	4	782	30
47	4	1095	27
47	4	1669	29
48	4	2035	27
49	4	887	30
50	4	1617	27
51	4	1826	27
52	4	1930	27
53	4	782	30
53	4	2243	27
55	4	887	30
56	4	1200	27
56	4	1774	29
57	4	730	30
58	4	834	30
59	4	834	30
60	4	1252	27
60	4	2139	29
61	4	991	30
62	4	991	30
63	4	730	27
63	4	1304	29
64	4	1930	27
65	4	730	27
65	4	1304	29
66	4	1304	27
66	4	1878	29
67	4	782	27
67	4	1356	29
68	4	1461	27
69	4	939	27
69	4	1513	29
70	4	730	27
70	4	1565	29
71	4	1148	27
71	4	1722	29
73	4	1722	27
74	4	939	27
74	4	2035	29
75	4	730	27
75	4	1043	29
76	4	1408	27
76	4	2035	29
77	4	1565	27
77	4	2139	29
78	4	1408	27
79	4	834	27
79	4	1461	29
80	4	782	27
80	4	1095	29
81	4	939	30
82	4	730	27
82	4	1461	29
83	4	1095	27
83	4	1669	29
84	4	887	30
85	4	1774	27
86	4	1095	27
86	4	1722	29
87	4	834	30
88	4	730	27
88	4	1304	29
89	4	834	27
89	4	1461	29
90	4	1356	27
90	4	1930	29
91	4	678	27
91	4	2035	29
92	4	782	30
93	4	1304	27
93	4	1878	29
94	4	1826	27
95	4	939	27
95	4	1826	29
96	4	1043	27
96	4	1617	29
97	4	1252	27
97	4	1930	29
98	4	1722	27
99	4	1095	27
99	4	1669	29
100	4	1304	27
100	4	2035	29
101	4	730	27
101	4	1304	29
102	4	678	27
102	4	1252	29
103	4	939	27
103	4	1513	29
104	4	991	30
105	4	2295	27
106	4	730	27
106	4	1304	29
106	4	2243	30
107	4	730	30
108	4	887	30
109	4	1252	27
109	4	1826	29
110	4	782	30
111	4	678	27
111	4	1513	29
112	4	782	27
112	4	1461	29
113	4	730	30
114	4	678	27
114	4	1252	29
115	4	1461	27
116	4	1461	27
116	4	2035	29
117	4	1408	27
117	4	2035	29
118	4	1200	27
118	4	1774	29
119	4	1252	27
119	4	1826	29
120	4	834	27
120	4	1461	29
121	4	1356	27
122	4	730	27
122	4	1043	29
123	4	1930	27
124	4	730	27
124	4	1043	29
125	4	834	30
126	4	626	30
127	4	678	27
127	4	991	29
128	4	626	29
129	4	1095	27
129	4	1669	29
130	4	834	30
131	4	730	27
131	4	1304	29
131	4	2243	30
132	4	782	30
133	4	991	30
134	4	887	27
134	4	1461	29
135	4	730	30
136	4	730	30
137	4	730	27
137	4	1304	29
138	4	678	27
138	4	991	29
139	4	834	30
139	4	1982	27
140	4	1826	27
141	4	834	30
142	4	887	27
142	4	1669	29
143	4	1304	27
143	4	1878	29
145	4	1148	27
145	4	1722	29
146	4	782	30
147	4	678	27
147	4	1252	29
148	4	1356	27
148	4	1930	29
149	4	782	30
150	4	782	30
151	4	887	27
151	4	1565	29
152	4	678	27
152	4	1252	29
153	4	730	27
153	4	1513	29
154	4	834	30
155	4	574	29
155	4	2191	27
156	4	782	30
158	4	887	30
159	4	626	29
159	4	2087	27
160	4	730	27
160	4	1304	29
161	4	1617	27
161	4	2191	29
162	4	1043	27
162	4	1617	29
163	4	1148	27
163	4	1878	29
164	4	887	30
165	4	887	30
166	4	1826	27
167	4	1252	27
167	4	1826	29
169	4	834	30
170	4	782	30
171	4	939	27
171	4	1878	29
172	4	1043	27
172	4	1617	29
173	4	1356	27
173	4	1930	29
174	4	834	27
174	4	1461	29
175	4	678	27
175	4	1252	29
176	4	730	30
177	4	1774	27
178	4	2087	27
179	4	782	30
180	4	1930	27
181	4	730	30
182	4	782	27
182	4	1826	29
183	4	782	30
184	4	1200	27
185	4	887	30
186	4	2191	27
187	4	782	27
187	4	1356	29
188	4	1356	27
188	4	2035	29
189	4	782	27
189	4	1356	29
190	4	1095	27
190	4	1669	29
191	4	730	27
191	4	1043	29
192	4	678	27
192	4	1252	29
193	4	678	27
193	4	1252	29
194	4	782	27
194	4	2243	29
196	4	678	30
196	4	1878	27
198	4	730	27
198	4	1304	29
199	4	678	27
199	4	991	29
200	4	1148	27
200	4	1722	29
201	4	1826	27
202	4	1043	27
202	4	1617	29
203	4	834	27
203	4	1461	29
204	4	887	30
205	4	1304	27
205	4	1878	29
206	4	678	30
206	4	1826	27
207	4	678	27
207	4	991	29
208	4	834	30
209	4	2295	27
210	4	991	30
211	4	1565	27
212	4	887	27
212	4	1461	29
213	4	1617	27
213	4	2191	29
214	4	887	27
215	4	1252	27
215	4	1826	29
216	4	1982	27
217	4	1200	27
217	4	1774	29
218	4	782	27
218	4	1356	29
219	4	2191	27
220	4	1461	27
220	4	2035	29
221	4	730	27
221	4	1304	29
222	4	1826	27
223	4	887	27
223	4	2087	29
224	4	887	27
224	4	1461	29
225	4	834	30
226	4	782	30
227	4	730	27
227	4	1774	29
228	4	887	30
229	4	782	27
229	4	1356	29
230	4	678	30
231	4	782	30
232	4	834	30
233	4	1304	27
233	4	1878	29
235	4	1565	27
235	4	2139	29
236	4	1095	27
236	4	1930	29
237	4	939	27
239	4	1200	27
239	4	1774	29
240	4	782	30
241	4	782	27
241	4	1356	29
242	4	678	27
242	4	1252	29
243	4	678	30
243	4	2295	27
244	4	782	30
245	4	1148	27
245	4	1722	29
246	4	2139	27
248	4	834	30
249	4	678	30
250	4	730	30
250	4	2295	27
251	4	939	30
252	4	1461	27
253	4	887	27
253	4	1722	29
255	4	991	27
255	4	1565	29
256	4	782	27
256	4	1356	29
257	4	1095	27
257	4	1669	29
258	4	730	27
258	4	1043	29
259	4	782	30
260	4	782	30
262	4	939	27
262	4	1513	29
263	4	782	27
264	4	991	30
265	4	887	30
266	4	991	30
267	4	678	30
268	4	1043	27
268	4	1617	29
269	4	730	27
269	4	1043	29
270	4	782	27
270	4	1722	29
271	4	678	27
271	4	1252	29
272	4	678	30
272	4	2035	27
274	4	1148	27
274	4	1722	29
275	4	1617	27
275	4	2243	29
276	4	2243	27
277	4	834	27
277	4	2035	29
278	4	1513	27
278	4	2139	29
279	4	1252	27
279	4	1826	29
280	4	782	27
280	4	1617	29
282	4	1617	27
282	4	2191	29
283	4	1200	27
283	4	1774	29
284	4	730	27
284	4	1043	29
284	4	2243	30
285	4	1148	27
285	4	1722	29
286	4	678	30
286	4	2295	27
287	4	1252	27
287	4	1826	29
288	4	887	30
289	4	1982	27
291	4	730	27
291	4	1826	29
292	4	1565	27
292	4	2139	29
293	4	678	27
293	4	991	29
294	4	887	30
295	4	1095	27
295	4	1669	29
296	4	730	30
297	4	1408	27
298	4	887	27
298	4	1461	29
299	4	834	30
300	4	1304	27
300	4	1930	29
301	4	782	30
302	4	834	30
303	4	730	30
304	4	730	30
306	4	730	30
307	4	730	27
307	4	2035	29
308	4	730	27
308	4	1304	29
309	4	678	27
309	4	991	29
310	4	834	30
310	4	2191	27
311	4	939	27
311	4	2139	29
312	4	1095	27
312	4	1669	29
313	4	782	27
313	4	1669	29
314	4	1304	27
314	4	1878	29
315	4	730	27
315	4	1304	29
316	4	2087	27
317	4	1304	27
317	4	1878	29
318	4	1513	27
318	4	2243	29
319	4	1826	27
320	4	1304	27
320	4	1878	29
321	4	834	30
322	4	834	30
323	4	1878	27
324	4	1356	27
324	4	1930	29
325	4	1252	27
325	4	1826	29
326	4	678	27
326	4	991	29
327	4	1095	27
327	4	1669	29
328	4	887	27
328	4	1826	29
329	4	1461	27
329	4	2035	29
330	4	782	27
330	4	1356	29
331	4	887	30
332	4	678	27
332	4	1252	29
333	4	730	27
333	4	1043	29
334	4	1252	27
334	4	1826	29
335	4	678	27
335	4	991	29
336	4	991	30
337	4	939	27
337	4	1722	29
338	4	1408	27
338	4	2087	29
339	4	834	30
340	4	1148	27
340	4	1722	29
341	4	1148	27
341	4	1722	29
342	4	730	30
343	4	678	27
343	4	991	29
344	4	1982	27
345	4	678	27
345	4	1252	29
346	4	991	30
346	4	2295	27
347	4	678	27
347	4	1252	29
348	4	834	30
349	4	887	30
350	4	2087	27
351	4	678	27
351	4	1252	29
352	4	678	27
352	4	1252	29
353	4	887	30
354	4	626	30
355	4	782	30
356	4	887	27
356	4	1461	29
357	4	939	30
358	4	1043	27
358	4	1617	29
360	4	782	27
360	4	1826	29
361	4	678	27
361	4	1252	29
362	4	2035	27
364	4	730	27
364	4	1043	29
365	4	1669	27
366	4	782	27
366	4	1356	29
367	4	887	30
368	4	678	27
368	4	991	29
368	4	2035	30
369	4	939	30
370	4	939	27
371	4	887	30
372	4	887	27
372	4	1461	29
373	4	991	27
374	4	1513	27
374	4	2087	29
375	4	1304	27
375	4	1878	29
376	4	991	30
377	4	1304	27
377	4	1878	29
378	4	1043	27
378	4	1617	29
379	4	730	27
379	4	1304	29
380	4	678	27
380	4	1774	29
381	4	730	27
381	4	1356	29
382	4	782	27
382	4	1095	29
383	4	1408	27
384	4	887	30
385	4	730	27
385	4	1304	29
386	4	939	30
387	4	834	30
388	4	2087	27
389	4	782	30
390	4	730	30
391	4	678	30
392	4	1043	27
392	4	1826	29
393	4	678	30
394	4	678	27
394	4	1252	29
395	4	678	27
396	4	730	27
396	4	1043	29
396	4	1930	30
397	4	1200	27
397	4	1774	29
398	4	678	27
399	4	782	30
400	4	991	30
401	4	2243	27
402	4	678	27
402	4	1252	29
403	4	1982	27
404	4	887	27
404	4	1461	29
405	4	1148	27
405	4	1722	29
406	4	834	30
407	4	1095	27
407	4	1669	29
409	4	1148	27
409	4	2035	29
410	4	1043	27
410	4	1826	29
411	4	730	30
412	4	782	27
412	4	1095	29
412	4	2035	30
413	4	730	27
413	4	1043	29
413	4	1982	30
414	4	887	30
415	4	730	27
415	4	1043	29
416	4	1513	27
416	4	2087	29
417	4	730	30
418	4	887	30
419	4	678	30
420	4	887	27
420	4	1461	29
421	4	1930	27
422	4	991	27
422	4	1878	29
423	4	1043	27
423	4	1617	29
424	4	834	30
424	4	2087	27
425	4	678	27
425	4	1252	29
426	4	1043	27
426	4	1617	29
427	4	2087	27
428	4	730	30
429	4	678	27
429	4	1252	29
430	4	834	30
431	4	678	30
432	4	887	30
433	4	730	27
433	4	1304	29
434	4	834	30
434	4	2139	27
435	4	730	30
436	4	782	30
437	4	782	30
438	4	730	27
438	4	1304	29
439	4	991	27
439	4	1774	29
440	4	730	27
440	4	1304	29
441	4	1982	27
442	4	730	27
442	4	1304	29
443	4	782	27
444	4	1617	27
445	4	834	30
446	4	782	27
446	4	1826	29
447	4	1565	27
447	4	2139	29
448	4	1095	27
449	4	2139	27
450	4	2295	27
451	4	834	27
451	4	1461	29
451	4	2295	30
452	4	887	30
453	4	730	30
454	4	1408	27
454	4	2035	29
455	4	1148	27
455	4	1722	29
456	4	1304	27
456	4	1878	29
457	4	730	27
457	4	1304	29
458	4	1774	27
459	4	991	27
459	4	2191	29
460	4	834	30
461	4	782	30
462	4	678	27
462	4	1252	29
463	4	939	30
464	4	991	27
464	4	1565	29
465	4	782	30
466	4	834	30
467	4	678	30
468	4	730	27
468	4	1043	29
469	4	730	30
470	4	1565	27
470	4	2191	29
471	4	1148	27
471	4	1774	29
472	4	887	30
473	4	782	27
473	4	1356	29
474	4	834	30
475	4	939	27
475	4	1826	29
476	4	1356	27
476	4	2087	29
477	4	2191	27
478	4	730	27
478	4	1461	29
480	4	730	27
480	4	1513	29
481	4	991	30
482	4	678	27
482	4	1252	29
483	4	1722	27
484	4	2087	27
485	4	1200	27
485	4	1774	29
486	4	1304	27
486	4	1878	29
487	4	782	30
488	4	1304	27
488	4	1878	29
489	4	730	27
489	4	1043	29
490	4	834	27
490	4	1461	29
491	4	730	27
491	4	1304	29
492	4	1043	27
492	4	1617	29
493	4	782	27
494	4	887	30
495	4	887	27
495	4	1461	29
496	4	730	27
496	4	1304	29
497	4	678	30
498	4	678	27
498	4	1252	29
499	4	991	30
500	4	782	30
501	4	1304	27
501	4	1878	29
502	4	834	27
502	4	1461	29
503	4	782	30
505	4	1304	27
505	4	1878	29
506	4	1095	27
506	4	1669	29
507	4	1669	27
508	4	834	30
510	4	1982	27
512	4	1043	27
512	4	1617	29
513	4	1043	27
513	4	1617	29
514	4	887	30
515	4	730	30
516	4	1356	27
516	4	1930	29
517	4	1304	27
517	4	1878	29
518	4	1043	27
518	4	1617	29
519	4	834	30
520	4	678	27
520	4	1356	29
521	4	782	30
522	4	782	27
522	4	1356	29
523	4	730	30
524	4	2191	27
525	4	887	30
526	4	1930	27
527	4	678	30
528	4	730	27
528	4	1043	29
529	4	834	30
530	4	1252	27
530	4	1826	29
531	4	1043	27
531	4	1617	29
532	4	1043	27
532	4	1617	29
533	4	2035	27
534	4	678	27
534	4	991	29
535	4	1669	27
536	4	1304	27
536	4	1878	29
537	4	678	27
537	4	1252	29
538	4	782	30
539	4	678	27
539	4	991	29
540	4	1930	27
541	4	782	30
542	4	1043	27
542	4	1617	29
543	4	1148	27
543	4	1722	29
544	4	782	30
544	4	2295	27
545	4	782	27
546	4	1200	27
546	4	1774	29
547	4	678	27
547	4	1252	29
547	4	2243	30
548	4	1408	27
549	4	1356	27
549	4	1930	29
550	4	730	30
550	4	2191	27
551	4	678	30
552	4	1356	27
552	4	1930	29
553	4	834	27
553	4	1461	29
554	4	626	30
555	4	730	30
555	4	2035	27
556	4	887	27
556	4	1461	29
557	4	1669	27
558	4	730	30
559	4	1043	27
559	4	1617	29
560	4	1356	27
561	4	834	27
561	4	1565	29
562	4	1043	27
562	4	1617	29
563	4	782	27
563	4	1356	29
564	4	1408	27
564	4	2035	29
565	4	834	30
565	4	2139	27
566	4	939	30
567	4	782	27
567	4	1356	29
568	4	730	30
569	4	991	27
569	4	1565	29
570	4	1356	27
570	4	1930	29
571	4	782	30
572	4	1513	27
572	4	2087	29
574	4	730	27
575	4	678	30
576	4	1148	27
576	4	1722	29
577	4	834	30
578	4	1095	27
578	4	1669	29
579	4	834	27
580	4	2139	27
581	4	1043	27
581	4	1617	29
582	4	782	27
582	4	1356	29
583	4	730	27
583	4	1043	29
584	4	834	30
585	4	678	27
585	4	991	29
585	4	1930	30
586	4	782	27
586	4	1356	29
587	4	730	30
588	4	939	30
589	4	834	30
590	4	730	27
590	4	1043	29
591	4	1565	27
591	4	2139	29
593	4	678	27
593	4	1878	29
594	4	834	27
594	4	1461	29
595	4	834	30
595	4	2243	27
596	4	782	27
596	4	1356	29
597	4	782	27
597	4	1878	29
598	4	730	30
599	4	730	30
600	4	1722	27
601	4	887	30
602	4	1252	27
603	4	834	27
604	4	887	27
604	4	1461	29
605	4	1095	27
605	4	1669	29
606	4	730	27
606	4	1304	29
607	4	834	30
608	4	887	30
610	4	2295	27
611	4	782	27
611	4	1356	29
612	4	1148	27
612	4	1722	29
613	4	1356	27
613	4	2243	29
614	4	1148	27
614	4	1722	29
615	4	939	27
615	4	1513	29
616	4	1043	27
616	4	1617	29
617	4	1930	27
618	4	2087	27
619	4	1043	27
619	4	1669	29
620	4	834	30
621	4	1043	27
621	4	1617	29
622	4	678	30
623	4	1148	27
623	4	1722	29
624	4	834	30
625	4	1095	27
625	4	1669	29
626	4	939	30
627	4	939	30
628	4	730	27
628	4	1304	29
629	4	991	27
629	4	1826	29
630	4	834	27
630	4	1461	29
631	4	730	27
631	4	1304	29
632	4	730	30
633	4	1565	27
633	4	2139	29
634	4	1200	27
634	4	1774	29
635	4	1408	27
635	4	2035	29
636	4	2243	27
637	4	1304	27
638	4	1826	27
639	4	782	30
640	4	887	27
640	4	2191	29
641	4	678	27
642	4	1200	27
642	4	1774	29
644	4	887	30
645	4	834	27
645	4	1461	29
646	4	782	30
647	4	1565	27
648	4	834	27
648	4	1461	29
649	4	834	30
650	4	1513	27
650	4	2087	29
651	4	887	30
652	4	678	27
652	4	1252	29
653	4	678	27
653	4	1252	29
654	4	939	27
654	4	1774	29
655	4	782	27
655	4	1356	29
656	4	730	27
656	4	1304	29
657	4	939	30
658	4	887	30
659	4	1148	27
659	4	1722	29
660	4	887	27
660	4	2035	29
661	4	887	30
662	4	730	27
662	4	1304	29
663	4	1043	27
663	4	1617	29
664	4	887	30
665	4	834	30
666	4	678	27
666	4	991	29
667	4	782	30
668	4	1043	27
668	4	1617	29
669	4	887	27
669	4	1461	29
670	4	939	27
670	4	1513	29
671	4	1304	27
672	4	939	27
672	4	1617	29
673	4	834	27
673	4	1461	29
674	4	834	27
674	4	1461	29
675	4	1043	27
675	4	1617	29
676	4	834	30
677	4	939	27
677	4	1513	29
678	4	730	30
679	4	1252	27
680	4	1043	27
680	4	1617	29
681	4	991	27
681	4	1722	29
682	4	678	27
682	4	1252	29
683	4	1252	27
683	4	1826	29
684	4	1043	27
684	4	1617	29
685	4	678	27
685	4	1826	29
686	4	939	30
687	4	1408	27
687	4	2035	29
688	4	1252	27
688	4	1826	29
689	4	1200	27
689	4	1774	29
690	4	678	27
690	4	2035	29
691	4	887	30
691	4	2295	27
692	4	1095	30
693	4	730	27
693	4	1304	29
694	4	1043	30
695	4	730	30
696	4	991	27
696	4	1617	29
697	4	782	30
698	4	1513	27
698	4	2087	29
699	4	730	27
699	4	1304	29
700	4	1043	30
701	4	991	27
701	4	1565	29
702	4	730	27
702	4	1669	29
703	4	834	30
704	4	1982	27
705	4	1043	27
705	4	1617	29
706	4	678	30
707	4	834	30
708	4	1095	27
708	4	1669	29
709	4	887	30
710	4	939	30
711	4	1095	27
711	4	1669	29
712	4	887	27
712	4	1461	29
714	4	730	27
714	4	1043	29
715	4	887	27
715	4	1461	29
716	4	730	27
716	4	1043	29
717	4	1043	27
717	4	1617	29
718	4	834	30
719	4	939	27
719	4	2191	29
720	4	1982	27
721	4	782	27
721	4	1356	29
722	4	730	30
723	4	782	27
723	4	1617	29
724	4	834	27
724	4	2035	29
725	4	834	30
726	4	730	27
726	4	1304	29
727	4	1252	27
728	4	1878	27
729	4	834	30
730	4	782	27
730	4	1356	29
731	4	730	30
732	4	887	30
733	4	887	30
734	4	730	30
735	4	2035	27
736	4	1043	27
736	4	1617	29
737	4	887	30
738	4	887	30
738	4	2243	27
739	4	1148	27
739	4	1722	29
741	4	678	27
741	4	1252	29
742	4	678	27
742	4	991	29
743	4	678	27
743	4	991	29
744	4	1200	27
744	4	1774	29
745	4	1095	27
745	4	1930	29
746	4	1304	27
746	4	1878	29
747	4	730	27
747	4	1304	29
748	4	2035	27
749	4	1408	27
750	4	991	30
751	4	1304	27
752	4	939	27
752	4	1513	29
753	4	782	30
753	4	2295	27
754	4	782	30
755	4	782	30
756	4	834	30
757	4	1617	27
757	4	2191	29
758	4	678	27
758	4	991	29
759	4	1356	27
760	4	730	27
760	4	1669	29
761	4	782	27
761	4	1356	29
762	4	678	27
762	4	1252	29
763	4	1200	27
763	4	1774	29
764	4	678	27
765	4	782	30
766	4	834	30
767	4	1148	27
767	4	1722	29
768	4	1513	27
768	4	2139	29
769	4	834	27
769	4	2087	29
770	4	1982	27
771	4	1148	27
771	4	1722	29
772	4	939	27
772	4	1878	29
773	4	1461	27
773	4	2035	29
774	4	782	30
775	4	1252	27
775	4	2035	29
776	4	730	30
777	4	2035	27
778	4	991	30
779	4	1930	27
780	4	678	27
780	4	1930	29
781	4	678	27
781	4	1252	29
782	4	678	27
782	4	1356	29
783	4	1513	27
783	4	2087	29
784	4	730	30
785	4	991	30
786	4	834	27
787	4	1356	27
787	4	1930	29
788	4	991	30
789	4	1095	27
789	4	1669	29
790	4	939	27
790	4	1513	29
791	4	1408	27
791	4	2035	29
792	4	887	30
793	4	730	30
794	4	574	29
795	4	1617	27
795	4	2191	29
796	4	1356	27
796	4	1930	29
797	4	834	30
798	4	1043	27
798	4	1617	29
800	4	1304	27
800	4	1878	29
801	4	1408	27
801	4	2035	29
802	4	678	27
802	4	1252	29
803	4	939	30
804	4	678	27
804	4	1252	29
806	4	1408	27
806	4	2035	29
807	4	730	27
807	4	1043	29
808	4	2035	27
809	4	1774	27
810	4	730	30
811	4	730	30
812	4	834	30
813	4	678	27
813	4	1252	29
814	4	730	27
815	4	730	30
816	4	1095	27
816	4	1669	29
817	4	2191	27
818	4	730	27
818	4	1304	29
819	4	1461	27
819	4	2035	29
820	4	782	27
820	4	1878	29
821	4	1200	27
821	4	1774	29
822	4	730	30
823	4	782	27
823	4	1095	29
824	4	1043	27
824	4	1617	29
825	4	1043	27
825	4	1617	29
826	4	991	27
826	4	1565	29
827	4	887	27
827	4	2035	29
828	4	1252	27
828	4	1826	29
829	4	2035	27
830	4	1095	27
830	4	1669	29
831	4	939	30
831	4	2243	27
832	4	887	30
833	4	1252	27
833	4	1826	29
834	4	730	27
834	4	1043	29
835	4	678	27
835	4	1252	29
836	4	2139	27
837	4	1200	27
837	4	1774	29
838	4	730	30
839	4	1408	27
839	4	2035	29
840	4	730	30
841	4	834	30
842	4	834	27
842	4	1461	29
843	4	730	30
843	4	2087	27
844	4	1200	27
844	4	1774	29
845	4	1252	27
845	4	1826	29
846	4	1461	27
847	4	1200	27
847	4	1774	29
848	4	678	30
849	4	1930	27
850	4	887	30
851	4	2295	27
852	4	939	27
853	4	1408	27
853	4	2035	29
854	4	1095	27
854	4	1669	29
855	4	678	27
855	4	1878	29
856	4	730	27
856	4	1304	29
857	4	1356	27
857	4	1930	29
858	4	730	27
858	4	1304	29
859	4	887	27
860	4	1617	27
861	4	834	30
862	4	1565	27
862	4	2139	29
863	4	887	30
864	4	782	30
864	4	2243	27
865	4	730	30
866	4	730	27
866	4	1043	29
867	4	782	27
867	4	1461	29
868	4	939	30
869	4	1043	27
869	4	1617	29
870	4	1148	27
870	4	1722	29
871	4	1095	27
871	4	1669	29
873	4	730	30
875	4	991	30
876	4	782	30
877	4	678	30
878	4	1200	27
878	4	1774	29
879	4	678	27
879	4	1304	29
880	4	678	27
880	4	991	29
881	4	991	27
882	4	1304	27
882	4	1878	29
883	4	1774	27
884	4	887	30
885	4	730	27
885	4	1043	29
886	4	991	27
886	4	1617	29
887	4	678	27
887	4	1252	29
888	4	1826	27
889	4	1408	27
889	4	2035	29
890	4	1304	27
890	4	1878	29
891	4	834	30
892	4	1565	27
892	4	2139	29
893	4	887	30
894	4	678	27
894	4	1252	29
895	4	678	27
895	4	1252	29
896	4	678	27
896	4	991	29
897	4	782	30
898	4	834	30
899	4	782	30
900	4	991	27
900	4	1565	29
901	4	730	27
901	4	1043	29
902	4	887	27
902	4	1461	29
903	4	834	30
905	4	1148	27
905	4	1722	29
906	4	678	30
907	4	2035	27
908	4	782	30
909	4	1930	27
910	4	1148	27
910	4	1722	29
911	4	991	27
912	4	939	30
913	4	1304	27
913	4	1878	29
914	4	834	27
914	4	1461	29
915	4	1252	27
915	4	1826	29
916	4	782	30
917	4	782	27
917	4	1617	29
918	4	1252	27
918	4	1826	29
919	4	1356	27
919	4	1930	29
920	4	834	27
920	4	1617	29
921	4	834	27
922	4	678	27
922	4	1304	29
923	4	1252	27
923	4	1826	29
924	4	887	30
925	4	887	30
926	4	1043	30
927	4	939	27
927	4	1513	29
929	4	834	30
931	4	834	30
932	4	1095	27
932	4	1669	29
933	4	1304	27
933	4	1878	29
934	4	1043	27
934	4	1617	29
935	4	834	30
936	4	834	27
936	4	1617	29
937	4	887	27
937	4	1930	29
938	4	1043	27
938	4	1617	29
939	4	1252	27
940	4	678	27
940	4	1252	29
941	4	730	30
942	4	730	30
943	4	782	27
944	4	730	27
944	4	1304	29
945	4	1513	27
946	4	782	27
946	4	1356	29
947	4	730	27
947	4	1043	29
947	4	2191	30
948	4	834	30
949	4	730	30
950	4	730	27
950	4	1043	29
952	4	2191	27
953	4	887	30
954	4	782	30
956	4	782	27
957	4	1513	27
958	4	1148	27
958	4	2035	29
960	4	730	27
960	4	1304	29
961	4	887	30
962	4	2035	27
963	4	730	30
964	4	887	30
965	4	939	27
965	4	1513	29
966	4	730	30
967	4	1356	27
968	4	678	27
968	4	1252	29
969	4	730	27
969	4	1304	29
971	4	887	30
972	4	678	27
972	4	991	29
972	4	2035	30
973	4	730	27
974	4	834	30
975	4	1304	27
975	4	1878	29
976	4	678	27
976	4	1252	29
977	4	1878	27
978	4	939	30
979	4	1356	27
979	4	1930	29
980	4	1826	27
981	4	991	27
981	4	1565	29
982	4	939	30
983	4	730	30
984	4	1043	27
984	4	1617	29
985	4	1148	27
985	4	1722	29
986	4	2295	27
987	4	1200	27
987	4	1774	29
988	4	887	30
989	4	730	30
990	4	1826	27
992	4	1878	27
993	4	939	27
994	4	2035	27
995	4	626	29
996	4	1200	27
996	4	1774	29
998	4	1095	30
998	4	2191	27
999	4	1461	27
999	4	2035	29
0	5	417	24
0	5	678	27
0	5	991	29
1	5	469	24
1	5	730	27
1	5	1043	29
2	5	574	24
2	5	834	30
3	5	1200	27
3	5	1461	24
3	5	1774	29
4	5	521	24
4	5	834	30
4	5	2139	27
5	5	521	24
5	5	834	30
6	5	574	24
6	5	1095	30
7	5	1043	27
7	5	1304	24
7	5	1617	29
8	5	730	27
8	5	991	24
8	5	1304	29
9	5	2087	27
10	5	469	24
10	5	730	30
12	5	1408	27
12	5	1669	24
13	5	1200	27
13	5	1461	24
13	5	2035	29
14	5	417	24
14	5	678	30
15	5	469	24
15	5	834	30
16	5	521	24
16	5	834	30
17	5	469	24
17	5	782	30
18	5	469	24
18	5	887	30
19	5	1826	27
19	5	2087	24
20	5	678	27
20	5	939	24
20	5	1252	29
21	5	417	24
21	5	678	30
22	5	939	27
22	5	1200	24
22	5	1513	29
23	5	469	24
23	5	730	30
24	5	469	24
24	5	730	30
25	5	1617	27
25	5	1878	24
25	5	2191	29
26	5	730	27
26	5	991	24
26	5	1304	29
27	5	521	24
27	5	834	30
28	5	782	27
28	5	1043	24
28	5	1356	29
29	5	887	27
29	5	1148	24
29	5	1565	29
30	5	1304	27
30	5	1565	24
30	5	1878	29
31	5	574	24
31	5	834	30
32	5	1095	27
32	5	1356	24
32	5	1669	29
33	5	678	27
33	5	939	24
33	5	1252	29
34	5	730	27
34	5	991	24
34	5	1304	29
35	5	521	24
35	5	782	30
36	5	521	24
36	5	834	30
37	5	678	27
37	5	939	24
37	5	1356	29
38	5	678	27
38	5	939	24
38	5	1252	29
39	5	574	24
39	5	887	30
40	5	417	24
40	5	626	29
40	5	1982	27
40	5	2243	30
41	5	782	27
41	5	1043	24
41	5	1356	29
42	5	782	27
42	5	1043	24
42	5	1356	29
43	5	521	24
43	5	730	30
44	5	1669	27
44	5	1930	24
45	5	678	27
45	5	939	24
45	5	1252	29
46	5	521	24
46	5	782	30
47	5	1095	27
47	5	1356	24
47	5	1669	29
48	5	2035	27
48	5	2295	24
49	5	574	24
49	5	887	30
50	5	1617	27
50	5	1878	24
51	5	1826	27
51	5	2087	24
52	5	1930	27
52	5	2191	24
53	5	521	24
53	5	782	30
53	5	2243	27
55	5	574	24
55	5	887	30
56	5	1200	27
56	5	1461	24
56	5	1774	29
57	5	469	24
57	5	730	30
58	5	574	24
58	5	834	30
59	5	469	24
59	5	834	30
60	5	1252	27
60	5	1513	24
60	5	2139	29
61	5	574	24
61	5	991	30
62	5	574	24
62	5	991	30
63	5	730	27
63	5	991	24
63	5	1304	29
64	5	1930	27
64	5	2191	24
65	5	730	27
65	5	991	24
65	5	1304	29
66	5	1304	27
66	5	1565	24
66	5	1878	29
67	5	782	27
67	5	1043	24
67	5	1356	29
68	5	1461	27
68	5	1722	24
69	5	939	27
69	5	1200	24
69	5	1513	29
70	5	730	27
70	5	991	24
70	5	1565	29
71	5	1148	27
71	5	1408	24
71	5	1722	29
73	5	1722	27
73	5	1982	24
74	5	939	27
74	5	1200	24
74	5	2035	29
75	5	469	24
75	5	730	27
75	5	1043	29
76	5	1408	27
76	5	1669	24
76	5	2035	29
77	5	1565	27
77	5	1826	24
77	5	2139	29
78	5	1408	27
78	5	1669	24
79	5	834	27
79	5	1095	24
79	5	1461	29
80	5	521	24
80	5	782	27
80	5	1095	29
81	5	574	24
81	5	939	30
82	5	730	27
82	5	991	24
82	5	1461	29
83	5	1095	27
83	5	1356	24
83	5	1669	29
84	5	574	24
84	5	887	30
85	5	1774	27
85	5	2035	24
86	5	1095	27
86	5	1356	24
86	5	1722	29
87	5	469	24
87	5	834	30
88	5	730	27
88	5	991	24
88	5	1304	29
89	5	834	27
89	5	1095	24
89	5	1461	29
90	5	1356	27
90	5	1617	24
90	5	1930	29
91	5	678	27
91	5	939	24
91	5	2035	29
92	5	469	24
92	5	782	30
93	5	1304	27
93	5	1565	24
93	5	1878	29
94	5	1826	27
94	5	2087	24
95	5	939	27
95	5	1200	24
95	5	1826	29
96	5	1043	27
96	5	1304	24
96	5	1617	29
97	5	1252	27
97	5	1513	24
97	5	1930	29
98	5	1722	27
98	5	1982	24
99	5	1095	27
99	5	1356	24
99	5	1669	29
100	5	1304	27
100	5	1565	24
100	5	2035	29
101	5	730	27
101	5	991	24
101	5	1304	29
102	5	678	27
102	5	939	24
102	5	1252	29
103	5	939	27
103	5	1200	24
103	5	1513	29
104	5	574	24
104	5	991	30
105	5	2295	27
106	5	730	27
106	5	991	24
106	5	1304	29
106	5	2243	30
107	5	469	24
107	5	730	30
108	5	469	24
108	5	887	30
109	5	1252	27
109	5	1513	24
109	5	1826	29
110	5	521	24
110	5	782	30
111	5	678	27
111	5	939	24
111	5	1513	29
112	5	782	27
112	5	1043	24
112	5	1461	29
113	5	469	24
113	5	730	30
114	5	678	27
114	5	939	24
114	5	1252	29
115	5	1461	27
115	5	1722	24
116	5	1461	27
116	5	1722	24
116	5	2035	29
117	5	1408	27
117	5	1669	24
117	5	2035	29
118	5	1200	27
118	5	1461	24
118	5	1774	29
119	5	1252	27
119	5	1513	24
119	5	1826	29
120	5	834	27
120	5	1095	24
120	5	1461	29
121	5	1356	27
121	5	1617	24
122	5	469	24
122	5	730	27
122	5	1043	29
123	5	1930	27
123	5	2191	24
124	5	469	24
124	5	730	27
124	5	1043	29
125	5	574	24
125	5	834	30
126	5	469	24
126	5	626	30
127	5	469	24
127	5	678	27
127	5	991	29
128	5	469	24
128	5	626	29
129	5	1095	27
129	5	1356	24
129	5	1669	29
130	5	574	24
130	5	834	30
131	5	730	27
131	5	991	24
131	5	1304	29
131	5	2243	30
132	5	469	24
132	5	782	30
133	5	574	24
133	5	991	30
134	5	887	27
134	5	1148	24
134	5	1461	29
135	5	521	24
135	5	730	30
136	5	417	24
136	5	730	30
137	5	730	27
137	5	991	24
137	5	1304	29
138	5	469	24
138	5	678	27
138	5	991	29
139	5	521	24
139	5	834	30
139	5	1982	27
139	5	2295	25
140	5	1826	27
140	5	2087	24
141	5	469	24
141	5	834	30
142	5	887	27
142	5	1148	24
142	5	1669	29
143	5	1304	27
143	5	1565	24
143	5	1878	29
145	5	1148	27
145	5	1408	24
145	5	1722	29
146	5	574	24
146	5	782	30
147	5	678	27
147	5	939	24
147	5	1252	29
148	5	1356	27
148	5	1617	24
148	5	1930	29
149	5	469	24
149	5	782	30
150	5	521	24
150	5	782	30
151	5	887	27
151	5	1148	24
151	5	1565	29
152	5	678	27
152	5	939	24
152	5	1252	29
153	5	730	27
153	5	991	24
153	5	1513	29
154	5	521	24
154	5	834	30
155	5	469	24
155	5	574	29
155	5	2191	27
156	5	469	24
156	5	782	30
158	5	574	24
158	5	887	30
159	5	417	24
159	5	626	29
159	5	2087	27
160	5	730	27
160	5	991	24
160	5	1304	29
161	5	1617	27
161	5	1878	24
161	5	2191	29
162	5	1043	27
162	5	1304	24
162	5	1617	29
163	5	1148	27
163	5	1408	24
163	5	1878	29
164	5	521	24
164	5	887	30
165	5	574	24
165	5	887	30
166	5	1826	27
166	5	2087	24
167	5	1252	27
167	5	1513	24
167	5	1826	29
169	5	469	24
169	5	834	30
170	5	469	24
170	5	782	30
171	5	939	27
171	5	1200	24
171	5	1878	29
172	5	1043	27
172	5	1304	24
172	5	1617	29
173	5	1356	27
173	5	1617	24
173	5	1930	29
174	5	834	27
174	5	1095	24
174	5	1461	29
175	5	678	27
175	5	939	24
175	5	1252	29
176	5	469	24
176	5	730	30
177	5	1774	27
177	5	2035	24
178	5	2087	27
179	5	574	24
179	5	782	30
180	5	1930	27
180	5	2191	24
181	5	469	24
181	5	730	30
182	5	782	27
182	5	1043	24
182	5	1826	29
183	5	469	24
183	5	782	30
184	5	1200	27
184	5	1461	24
185	5	521	24
185	5	887	30
186	5	2191	27
187	5	782	27
187	5	1043	24
187	5	1356	29
188	5	1356	27
188	5	1617	24
188	5	2035	29
189	5	782	27
189	5	1043	24
189	5	1356	29
190	5	1095	27
190	5	1356	24
190	5	1669	29
191	5	469	24
191	5	730	27
191	5	1043	29
192	5	678	27
192	5	939	24
192	5	1252	29
193	5	678	27
193	5	939	24
193	5	1252	29
194	5	782	27
194	5	1043	24
194	5	2243	29
196	5	469	24
196	5	678	30
196	5	1878	27
198	5	730	27
198	5	991	24
198	5	1304	29
199	5	469	24
199	5	678	27
199	5	991	29
200	5	1148	27
200	5	1408	24
200	5	1722	29
201	5	1826	27
201	5	2087	24
202	5	1043	27
202	5	1304	24
202	5	1617	29
203	5	834	27
203	5	1095	24
203	5	1461	29
204	5	521	24
204	5	887	30
205	5	1304	27
205	5	1565	24
205	5	1878	29
206	5	417	24
206	5	678	30
206	5	1826	27
206	5	2139	25
207	5	469	24
207	5	678	27
207	5	991	29
208	5	521	24
208	5	834	30
209	5	2295	27
210	5	574	24
210	5	991	30
211	5	1565	27
211	5	1826	24
212	5	887	27
212	5	1148	24
212	5	1461	29
213	5	1617	27
213	5	1878	24
213	5	2191	29
214	5	887	27
214	5	1148	24
215	5	1252	27
215	5	1513	24
215	5	1826	29
216	5	1982	27
216	5	2243	24
217	5	1200	27
217	5	1461	24
217	5	1774	29
218	5	782	27
218	5	1043	24
218	5	1356	29
219	5	2191	27
220	5	1461	27
220	5	1722	24
220	5	2035	29
221	5	730	27
221	5	991	24
221	5	1304	29
222	5	1826	27
222	5	2087	24
223	5	887	27
223	5	1148	24
223	5	2087	29
224	5	887	27
224	5	1148	24
224	5	1461	29
225	5	469	24
225	5	834	30
226	5	521	24
226	5	782	30
227	5	730	27
227	5	991	24
227	5	1774	29
228	5	521	24
228	5	887	30
229	5	782	27
229	5	1043	24
229	5	1356	29
230	5	469	24
230	5	678	30
231	5	469	24
231	5	782	30
232	5	469	24
232	5	834	30
233	5	1304	27
233	5	1565	24
233	5	1878	29
235	5	1565	27
235	5	1826	24
235	5	2139	29
236	5	1095	27
236	5	1356	24
236	5	1930	29
237	5	939	27
237	5	1200	24
239	5	1200	27
239	5	1461	24
239	5	1774	29
240	5	521	24
240	5	782	30
241	5	782	27
241	5	1043	24
241	5	1356	29
242	5	678	27
242	5	939	24
242	5	1252	29
243	5	417	24
243	5	678	30
243	5	2295	27
244	5	469	24
244	5	782	30
245	5	1148	27
245	5	1408	24
245	5	1722	29
246	5	2139	27
248	5	469	24
248	5	834	30
249	5	469	24
249	5	678	30
250	5	469	24
250	5	730	30
250	5	2295	27
251	5	574	24
251	5	939	30
252	5	1461	27
252	5	1722	24
253	5	887	27
253	5	1148	24
253	5	1722	29
255	5	991	27
255	5	1252	24
255	5	1565	29
256	5	782	27
256	5	1043	24
256	5	1356	29
257	5	1095	27
257	5	1356	24
257	5	1669	29
258	5	417	24
258	5	730	27
258	5	1043	29
259	5	469	24
259	5	782	30
260	5	521	24
260	5	782	30
262	5	939	27
262	5	1200	24
262	5	1513	29
263	5	782	27
263	5	1043	24
264	5	574	24
264	5	991	30
265	5	574	24
265	5	887	30
266	5	574	24
266	5	991	30
267	5	469	24
267	5	678	30
268	5	1043	27
268	5	1304	24
268	5	1617	29
269	5	521	24
269	5	730	27
269	5	1043	29
270	5	782	27
270	5	1043	24
270	5	1722	29
271	5	678	27
271	5	939	24
271	5	1252	29
272	5	521	24
272	5	678	30
272	5	2035	27
274	5	1148	27
274	5	1408	24
274	5	1722	29
275	5	1617	27
275	5	1878	24
275	5	2243	29
276	5	2243	27
277	5	834	27
277	5	1095	24
277	5	2035	29
278	5	1513	27
278	5	1774	24
278	5	2139	29
279	5	1252	27
279	5	1513	24
279	5	1826	29
280	5	782	27
280	5	1043	24
280	5	1617	29
282	5	1617	27
282	5	1878	24
282	5	2191	29
283	5	1200	27
283	5	1461	24
283	5	1774	29
284	5	469	24
284	5	730	27
284	5	1043	29
284	5	2243	30
285	5	1148	27
285	5	1408	24
285	5	1722	29
286	5	469	24
286	5	678	30
286	5	2295	27
287	5	1252	27
287	5	1513	24
287	5	1826	29
288	5	521	24
288	5	887	30
289	5	1982	27
289	5	2243	24
291	5	730	27
291	5	991	24
291	5	1826	29
292	5	1565	27
292	5	1826	24
292	5	2139	29
293	5	417	24
293	5	678	27
293	5	991	29
294	5	469	24
294	5	887	30
295	5	1095	27
295	5	1356	24
295	5	1669	29
296	5	521	24
296	5	730	30
297	5	1408	27
297	5	1669	24
298	5	887	27
298	5	1148	24
298	5	1461	29
299	5	469	24
299	5	834	30
300	5	1304	27
300	5	1565	24
300	5	1930	29
301	5	469	24
301	5	782	30
302	5	574	24
302	5	834	30
303	5	469	24
303	5	730	30
304	5	469	24
304	5	730	30
306	5	469	24
306	5	730	30
307	5	730	27
307	5	991	24
307	5	2035	29
308	5	730	27
308	5	991	24
308	5	1304	29
309	5	417	24
309	5	678	27
309	5	991	29
310	5	521	24
310	5	834	30
310	5	2191	27
311	5	939	27
311	5	1200	24
311	5	2139	29
312	5	1095	27
312	5	1356	24
312	5	1669	29
313	5	782	27
313	5	1043	24
313	5	1669	29
314	5	1304	27
314	5	1565	24
314	5	1878	29
315	5	730	27
315	5	991	24
315	5	1304	29
316	5	2087	27
317	5	1304	27
317	5	1565	24
317	5	1878	29
318	5	1513	27
318	5	1774	24
318	5	2243	29
319	5	1826	27
319	5	2087	24
320	5	1304	27
320	5	1565	24
320	5	1878	29
321	5	469	24
321	5	834	30
322	5	521	24
322	5	834	30
323	5	1878	27
323	5	2139	24
324	5	1356	27
324	5	1617	24
324	5	1930	29
325	5	1252	27
325	5	1513	24
325	5	1826	29
326	5	469	24
326	5	678	27
326	5	991	29
327	5	1095	27
327	5	1356	24
327	5	1669	29
328	5	887	27
328	5	1148	24
328	5	1826	29
329	5	1461	27
329	5	1722	24
329	5	2035	29
330	5	782	27
330	5	1043	24
330	5	1356	29
331	5	469	24
331	5	887	30
332	5	678	27
332	5	939	24
332	5	1252	29
333	5	469	24
333	5	730	27
333	5	1043	29
334	5	1252	27
334	5	1513	24
334	5	1826	29
335	5	417	24
335	5	678	27
335	5	991	29
336	5	521	24
336	5	991	30
337	5	939	27
337	5	1200	24
337	5	1722	29
338	5	1408	27
338	5	1669	24
338	5	2087	29
339	5	469	24
339	5	834	30
340	5	1148	27
340	5	1408	24
340	5	1722	29
341	5	1148	27
341	5	1408	24
341	5	1722	29
342	5	469	24
342	5	730	30
343	5	417	24
343	5	678	27
343	5	991	29
344	5	1982	27
344	5	2243	24
345	5	678	27
345	5	939	24
345	5	1252	29
346	5	574	24
346	5	991	30
346	5	2295	27
347	5	678	27
347	5	939	24
347	5	1252	29
348	5	521	24
348	5	834	30
349	5	521	24
349	5	887	30
350	5	2087	27
351	5	678	27
351	5	939	24
351	5	1252	29
352	5	678	27
352	5	939	24
352	5	1252	29
353	5	469	24
353	5	887	30
354	5	469	24
354	5	626	30
355	5	521	24
355	5	782	30
356	5	887	27
356	5	1148	24
356	5	1461	29
357	5	574	24
357	5	939	30
358	5	1043	27
358	5	1304	24
358	5	1617	29
360	5	782	27
360	5	1043	24
360	5	1826	29
361	5	678	27
361	5	939	24
361	5	1252	29
362	5	2035	27
362	5	2295	24
364	5	469	24
364	5	730	27
364	5	1043	29
365	5	1669	27
365	5	1930	24
366	5	782	27
366	5	1043	24
366	5	1356	29
367	5	521	24
367	5	887	30
368	5	469	24
368	5	678	27
368	5	991	29
368	5	2035	30
369	5	574	24
369	5	939	30
370	5	939	27
370	5	1200	24
371	5	521	24
371	5	887	30
372	5	887	27
372	5	1148	24
372	5	1461	29
373	5	991	27
373	5	1252	24
374	5	1513	27
374	5	1774	24
374	5	2087	29
375	5	1304	27
375	5	1565	24
375	5	1878	29
376	5	574	24
376	5	991	30
377	5	1304	27
377	5	1565	24
377	5	1878	29
378	5	1043	27
378	5	1304	24
378	5	1617	29
379	5	730	27
379	5	991	24
379	5	1304	29
380	5	678	27
380	5	939	24
380	5	1774	29
381	5	730	27
381	5	991	24
381	5	1356	29
382	5	521	24
382	5	782	27
382	5	1095	29
383	5	1408	27
383	5	1669	24
384	5	574	24
384	5	887	30
385	5	730	27
385	5	991	24
385	5	1304	29
386	5	574	24
386	5	939	30
387	5	574	24
387	5	834	30
388	5	2087	27
389	5	469	24
389	5	782	30
390	5	417	24
390	5	730	30
391	5	521	24
391	5	678	30
392	5	1043	27
392	5	1304	24
392	5	1826	29
393	5	469	24
393	5	678	30
394	5	678	27
394	5	939	24
394	5	1252	29
395	5	678	27
395	5	939	24
396	5	469	24
396	5	730	27
396	5	1043	29
396	5	1930	30
397	5	1200	27
397	5	1461	24
397	5	1774	29
398	5	678	27
398	5	939	24
399	5	469	24
399	5	782	30
400	5	574	24
400	5	991	30
401	5	2243	27
402	5	678	27
402	5	939	24
402	5	1252	29
403	5	1982	27
403	5	2243	24
404	5	887	27
404	5	1148	24
404	5	1461	29
405	5	1148	27
405	5	1408	24
405	5	1722	29
406	5	521	24
406	5	834	30
407	5	1095	27
407	5	1356	24
407	5	1669	29
409	5	1148	27
409	5	1408	24
409	5	2035	29
410	5	1043	27
410	5	1304	24
410	5	1826	29
411	5	469	24
411	5	730	30
412	5	469	24
412	5	782	27
412	5	1095	29
412	5	2035	30
412	5	2295	25
413	5	469	24
413	5	730	27
413	5	1043	29
413	5	1982	30
414	5	574	24
414	5	887	30
415	5	521	24
415	5	730	27
415	5	1043	29
416	5	1513	27
416	5	1774	24
416	5	2087	29
417	5	574	24
417	5	730	30
418	5	574	24
418	5	887	30
419	5	574	24
419	5	678	30
420	5	887	27
420	5	1148	24
420	5	1461	29
421	5	1930	27
421	5	2191	24
422	5	991	27
422	5	1252	24
422	5	1878	29
423	5	1043	27
423	5	1304	24
423	5	1617	29
424	5	521	24
424	5	834	30
424	5	2087	27
425	5	678	27
425	5	939	24
425	5	1252	29
426	5	1043	27
426	5	1304	24
426	5	1617	29
427	5	2087	27
428	5	521	24
428	5	730	30
429	5	678	27
429	5	939	24
429	5	1252	29
430	5	521	24
430	5	834	30
431	5	469	24
431	5	678	30
432	5	574	24
432	5	887	30
433	5	730	27
433	5	991	24
433	5	1304	29
434	5	521	24
434	5	834	30
434	5	2139	27
435	5	469	24
435	5	730	30
436	5	469	24
436	5	782	30
437	5	469	24
437	5	782	30
438	5	730	27
438	5	991	24
438	5	1304	29
439	5	991	27
439	5	1252	24
439	5	1774	29
440	5	730	27
440	5	991	24
440	5	1304	29
441	5	1982	27
441	5	2243	24
442	5	730	27
442	5	991	24
442	5	1304	29
443	5	782	27
443	5	1043	24
444	5	1617	27
444	5	1878	24
445	5	469	24
445	5	834	30
446	5	782	27
446	5	1043	24
446	5	1826	29
447	5	1565	27
447	5	1826	24
447	5	2139	29
448	5	1095	27
448	5	1356	24
449	5	2139	27
450	5	2295	27
451	5	834	27
451	5	1095	24
451	5	1461	29
451	5	2295	30
452	5	574	24
452	5	887	30
453	5	469	24
453	5	730	30
454	5	1408	27
454	5	1669	24
454	5	2035	29
455	5	1148	27
455	5	1408	24
455	5	1722	29
456	5	1304	27
456	5	1565	24
456	5	1878	29
457	5	730	27
457	5	991	24
457	5	1304	29
458	5	1774	27
458	5	2035	24
459	5	991	27
459	5	1252	24
459	5	2191	29
460	5	469	24
460	5	834	30
461	5	521	24
461	5	782	30
462	5	678	27
462	5	939	24
462	5	1252	29
463	5	574	24
463	5	939	30
464	5	991	27
464	5	1252	24
464	5	1565	29
465	5	521	24
465	5	782	30
466	5	469	24
466	5	834	30
467	5	469	24
467	5	678	30
468	5	469	24
468	5	730	27
468	5	1043	29
469	5	417	24
469	5	730	30
470	5	1565	27
470	5	1826	24
470	5	2191	29
471	5	1148	27
471	5	1408	24
471	5	1774	29
472	5	521	24
472	5	887	30
473	5	782	27
473	5	1043	24
473	5	1356	29
474	5	521	24
474	5	834	30
475	5	939	27
475	5	1200	24
475	5	1826	29
476	5	1356	27
476	5	1617	24
476	5	2087	29
477	5	2191	27
478	5	730	27
478	5	991	24
478	5	1461	29
480	5	730	27
480	5	991	24
480	5	1513	29
481	5	521	24
481	5	991	30
482	5	678	27
482	5	939	24
482	5	1252	29
483	5	1722	27
483	5	1982	24
484	5	2087	27
485	5	1200	27
485	5	1461	24
485	5	1774	29
486	5	1304	27
486	5	1565	24
486	5	1878	29
487	5	469	24
487	5	782	30
488	5	1304	27
488	5	1565	24
488	5	1878	29
489	5	469	24
489	5	730	27
489	5	1043	29
490	5	834	27
490	5	1095	24
490	5	1461	29
491	5	730	27
491	5	991	24
491	5	1304	29
492	5	1043	27
492	5	1304	24
492	5	1617	29
493	5	782	27
493	5	1043	24
494	5	521	24
494	5	887	30
495	5	887	27
495	5	1148	24
495	5	1461	29
496	5	730	27
496	5	991	24
496	5	1304	29
497	5	469	24
497	5	678	30
498	5	678	27
498	5	939	24
498	5	1252	29
499	5	574	24
499	5	991	30
500	5	469	24
500	5	782	30
501	5	1304	27
501	5	1565	24
501	5	1878	29
502	5	834	27
502	5	1095	24
502	5	1461	29
503	5	469	24
503	5	782	30
505	5	1304	27
505	5	1565	24
505	5	1878	29
506	5	1095	27
506	5	1356	24
506	5	1669	29
507	5	1669	27
507	5	1930	24
508	5	469	24
508	5	834	30
510	5	1982	27
510	5	2243	24
512	5	1043	27
512	5	1304	24
512	5	1617	29
513	5	1043	27
513	5	1304	24
513	5	1617	29
514	5	521	24
514	5	887	30
515	5	469	24
515	5	730	30
516	5	1356	27
516	5	1617	24
516	5	1930	29
517	5	1304	27
517	5	1565	24
517	5	1878	29
518	5	1043	27
518	5	1304	24
518	5	1617	29
519	5	521	24
519	5	834	30
520	5	678	27
520	5	939	24
520	5	1356	29
521	5	469	24
521	5	782	30
522	5	782	27
522	5	1043	24
522	5	1356	29
523	5	521	24
523	5	730	30
524	5	2191	27
525	5	574	24
525	5	887	30
526	5	1930	27
526	5	2191	24
527	5	469	24
527	5	678	30
528	5	469	24
528	5	730	27
528	5	1043	29
529	5	469	24
529	5	834	30
530	5	1252	27
530	5	1513	24
530	5	1826	29
531	5	1043	27
531	5	1304	24
531	5	1617	29
532	5	1043	27
532	5	1304	24
532	5	1617	29
533	5	2035	27
533	5	2295	24
534	5	469	24
534	5	678	27
534	5	991	29
535	5	1669	27
535	5	1930	24
536	5	1304	27
536	5	1565	24
536	5	1878	29
537	5	678	27
537	5	939	24
537	5	1252	29
538	5	469	24
538	5	782	30
539	5	469	24
539	5	678	27
539	5	991	29
540	5	1930	27
540	5	2191	24
541	5	521	24
541	5	782	30
542	5	1043	27
542	5	1304	24
542	5	1617	29
543	5	1148	27
543	5	1408	24
543	5	1722	29
544	5	574	24
544	5	782	30
544	5	2295	27
545	5	782	27
545	5	1043	24
546	5	1200	27
546	5	1461	24
546	5	1774	29
547	5	678	27
547	5	939	24
547	5	1252	29
547	5	2243	30
548	5	1408	27
548	5	1669	24
549	5	1356	27
549	5	1617	24
549	5	1930	29
550	5	469	24
550	5	730	30
550	5	2191	27
551	5	521	24
551	5	678	30
552	5	1356	27
552	5	1617	24
552	5	1930	29
553	5	834	27
553	5	1095	24
553	5	1461	29
554	5	417	24
554	5	626	30
555	5	469	24
555	5	730	30
555	5	2035	27
556	5	887	27
556	5	1148	24
556	5	1461	29
557	5	1669	27
557	5	1930	24
558	5	521	24
558	5	730	30
559	5	1043	27
559	5	1304	24
559	5	1617	29
560	5	1356	27
560	5	1617	24
561	5	834	27
561	5	1095	24
561	5	1565	29
562	5	1043	27
562	5	1304	24
562	5	1617	29
563	5	782	27
563	5	1043	24
563	5	1356	29
564	5	1408	27
564	5	1669	24
564	5	2035	29
565	5	521	24
565	5	834	30
565	5	2139	27
566	5	521	24
566	5	939	30
567	5	782	27
567	5	1043	24
567	5	1356	29
568	5	469	24
568	5	730	30
569	5	991	27
569	5	1252	24
569	5	1565	29
570	5	1356	27
570	5	1617	24
570	5	1930	29
571	5	469	24
571	5	782	30
572	5	1513	27
572	5	1774	24
572	5	2087	29
574	5	730	27
574	5	991	24
575	5	469	24
575	5	678	30
576	5	1148	27
576	5	1408	24
576	5	1722	29
577	5	469	24
577	5	834	30
578	5	1095	27
578	5	1356	24
578	5	1669	29
579	5	834	27
579	5	1095	24
580	5	2139	27
581	5	1043	27
581	5	1304	24
581	5	1617	29
582	5	782	27
582	5	1043	24
582	5	1356	29
583	5	469	24
583	5	730	27
583	5	1043	29
584	5	521	24
584	5	834	30
585	5	469	24
585	5	678	27
585	5	991	29
585	5	1930	30
586	5	782	27
586	5	1043	24
586	5	1356	29
587	5	469	24
587	5	730	30
588	5	574	24
588	5	939	30
589	5	574	24
589	5	834	30
590	5	521	24
590	5	730	27
590	5	1043	29
591	5	1565	27
591	5	1826	24
591	5	2139	29
593	5	678	27
593	5	939	24
593	5	1878	29
594	5	834	27
594	5	1095	24
594	5	1461	29
595	5	469	24
595	5	834	30
595	5	2243	27
596	5	782	27
596	5	1043	24
596	5	1356	29
597	5	782	27
597	5	1043	24
597	5	1878	29
598	5	417	24
598	5	730	30
599	5	417	24
599	5	730	30
600	5	1722	27
600	5	1982	24
601	5	574	24
601	5	887	30
602	5	1252	27
602	5	1513	24
603	5	834	27
603	5	1095	24
604	5	887	27
604	5	1148	24
604	5	1461	29
605	5	1095	27
605	5	1356	24
605	5	1669	29
606	5	730	27
606	5	991	24
606	5	1304	29
607	5	469	24
607	5	834	30
608	5	521	24
608	5	887	30
610	5	2295	27
611	5	782	27
611	5	1043	24
611	5	1356	29
612	5	1148	27
612	5	1408	24
612	5	1722	29
613	5	1356	27
613	5	1617	24
613	5	2243	29
614	5	1148	27
614	5	1408	24
614	5	1722	29
615	5	939	27
615	5	1200	24
615	5	1513	29
616	5	1043	27
616	5	1304	24
616	5	1617	29
617	5	1930	27
617	5	2191	24
618	5	2087	27
619	5	1043	27
619	5	1304	24
619	5	1669	29
620	5	521	24
620	5	834	30
621	5	1043	27
621	5	1304	24
621	5	1617	29
622	5	469	24
622	5	678	30
623	5	1148	27
623	5	1408	24
623	5	1722	29
624	5	521	24
624	5	834	30
625	5	1095	27
625	5	1356	24
625	5	1669	29
626	5	521	24
626	5	939	30
627	5	574	24
627	5	939	30
628	5	730	27
628	5	991	24
628	5	1304	29
629	5	991	27
629	5	1252	24
629	5	1826	29
630	5	834	27
630	5	1095	24
630	5	1461	29
631	5	730	27
631	5	991	24
631	5	1304	29
632	5	417	24
632	5	730	30
633	5	1565	27
633	5	1826	24
633	5	2139	29
634	5	1200	27
634	5	1461	24
634	5	1774	29
635	5	1408	27
635	5	1669	24
635	5	2035	29
636	5	2243	27
637	5	1304	27
637	5	1565	24
638	5	1826	27
638	5	2087	24
639	5	521	24
639	5	782	30
640	5	887	27
640	5	1148	24
640	5	2191	29
641	5	678	27
641	5	939	24
642	5	1200	27
642	5	1461	24
642	5	1774	29
644	5	574	24
644	5	887	30
645	5	834	27
645	5	1095	24
645	5	1461	29
646	5	521	24
646	5	782	30
647	5	1565	27
647	5	1826	24
648	5	834	27
648	5	1095	24
648	5	1461	29
649	5	521	24
649	5	834	30
650	5	1513	27
650	5	1774	24
650	5	2087	29
651	5	574	24
651	5	887	30
652	5	678	27
652	5	939	24
652	5	1252	29
653	5	678	27
653	5	939	24
653	5	1252	29
654	5	939	27
654	5	1200	24
654	5	1774	29
655	5	782	27
655	5	1043	24
655	5	1356	29
656	5	730	27
656	5	991	24
656	5	1304	29
657	5	574	24
657	5	939	30
658	5	574	24
658	5	887	30
659	5	1148	27
659	5	1408	24
659	5	1722	29
660	5	887	27
660	5	1148	24
660	5	2035	29
661	5	521	24
661	5	887	30
662	5	730	27
662	5	991	24
662	5	1304	29
663	5	1043	27
663	5	1304	24
663	5	1617	29
664	5	574	24
664	5	887	30
665	5	469	24
665	5	834	30
666	5	469	24
666	5	678	27
666	5	991	29
667	5	521	24
667	5	782	30
668	5	1043	27
668	5	1304	24
668	5	1617	29
669	5	887	27
669	5	1148	24
669	5	1461	29
670	5	939	27
670	5	1200	24
670	5	1513	29
671	5	1304	27
671	5	1565	24
672	5	939	27
672	5	1200	24
672	5	1617	29
673	5	834	27
673	5	1095	24
673	5	1461	29
674	5	834	27
674	5	1095	24
674	5	1461	29
675	5	1043	27
675	5	1304	24
675	5	1617	29
676	5	469	24
676	5	834	30
677	5	939	27
677	5	1200	24
677	5	1513	29
678	5	574	24
678	5	730	30
679	5	1252	27
679	5	1513	24
680	5	1043	27
680	5	1304	24
680	5	1617	29
681	5	991	27
681	5	1252	24
681	5	1722	29
682	5	678	27
682	5	939	24
682	5	1252	29
683	5	1252	27
683	5	1513	24
683	5	1826	29
684	5	1043	27
684	5	1304	24
684	5	1617	29
685	5	678	27
685	5	939	24
685	5	1826	29
686	5	521	24
686	5	939	30
687	5	1408	27
687	5	1669	24
687	5	2035	29
688	5	1252	27
688	5	1513	24
688	5	1826	29
689	5	1200	27
689	5	1461	24
689	5	1774	29
690	5	678	27
690	5	939	24
690	5	2035	29
691	5	521	24
691	5	887	30
691	5	2295	27
692	5	574	24
692	5	1095	30
693	5	730	27
693	5	991	24
693	5	1304	29
694	5	574	24
694	5	1043	30
695	5	469	24
695	5	730	30
696	5	991	27
696	5	1252	24
696	5	1617	29
697	5	521	24
697	5	782	30
698	5	1513	27
698	5	1774	24
698	5	2087	29
699	5	730	27
699	5	991	24
699	5	1304	29
700	5	574	24
700	5	1043	30
701	5	991	27
701	5	1252	24
701	5	1565	29
702	5	730	27
702	5	991	24
702	5	1669	29
703	5	521	24
703	5	834	30
704	5	1982	27
704	5	2243	24
705	5	1043	27
705	5	1304	24
705	5	1617	29
706	5	469	24
706	5	678	30
707	5	521	24
707	5	834	30
708	5	1095	27
708	5	1356	24
708	5	1669	29
709	5	574	24
709	5	887	30
710	5	521	24
710	5	939	30
711	5	1095	27
711	5	1356	24
711	5	1669	29
712	5	887	27
712	5	1148	24
712	5	1461	29
714	5	469	24
714	5	730	27
714	5	1043	29
715	5	887	27
715	5	1148	24
715	5	1461	29
716	5	469	24
716	5	730	27
716	5	1043	29
717	5	1043	27
717	5	1304	24
717	5	1617	29
718	5	521	24
718	5	834	30
719	5	939	27
719	5	1200	24
719	5	2191	29
720	5	1982	27
720	5	2243	24
721	5	782	27
721	5	1043	24
721	5	1356	29
722	5	469	24
722	5	730	30
723	5	782	27
723	5	1043	24
723	5	1617	29
724	5	834	27
724	5	1095	24
724	5	2035	29
725	5	574	24
725	5	834	30
726	5	730	27
726	5	991	24
726	5	1304	29
727	5	1252	27
727	5	1513	24
728	5	1878	27
728	5	2139	24
729	5	574	24
729	5	834	30
730	5	782	27
730	5	1043	24
730	5	1356	29
731	5	469	24
731	5	730	30
732	5	574	24
732	5	887	30
733	5	521	24
733	5	887	30
734	5	469	24
734	5	730	30
735	5	2035	27
735	5	2295	24
736	5	1043	27
736	5	1304	24
736	5	1617	29
737	5	521	24
737	5	887	30
738	5	574	24
738	5	887	30
738	5	2243	27
739	5	1148	27
739	5	1408	24
739	5	1722	29
741	5	678	27
741	5	939	24
741	5	1252	29
742	5	469	24
742	5	678	27
742	5	991	29
743	5	469	24
743	5	678	27
743	5	991	29
744	5	1200	27
744	5	1461	24
744	5	1774	29
745	5	1095	27
745	5	1356	24
745	5	1930	29
746	5	1304	27
746	5	1565	24
746	5	1878	29
747	5	730	27
747	5	991	24
747	5	1304	29
748	5	2035	27
748	5	2295	24
749	5	1408	27
749	5	1669	24
750	5	574	24
750	5	991	30
751	5	1304	27
751	5	1565	24
752	5	939	27
752	5	1200	24
752	5	1513	29
753	5	521	24
753	5	782	30
753	5	2295	27
754	5	469	24
754	5	782	30
755	5	469	24
755	5	782	30
756	5	521	24
756	5	834	30
757	5	1617	27
757	5	1878	24
757	5	2191	29
758	5	469	24
758	5	678	27
758	5	991	29
759	5	1356	27
759	5	1617	24
760	5	730	27
760	5	991	24
760	5	1669	29
761	5	782	27
761	5	1043	24
761	5	1356	29
762	5	678	27
762	5	939	24
762	5	1252	29
763	5	1200	27
763	5	1461	24
763	5	1774	29
764	5	678	27
764	5	939	24
765	5	469	24
765	5	782	30
766	5	574	24
766	5	834	30
767	5	1148	27
767	5	1408	24
767	5	1722	29
768	5	1513	27
768	5	1774	24
768	5	2139	29
769	5	834	27
769	5	1095	24
769	5	2087	29
770	5	1982	27
770	5	2243	24
771	5	1148	27
771	5	1408	24
771	5	1722	29
772	5	939	27
772	5	1200	24
772	5	1878	29
773	5	1461	27
773	5	1722	24
773	5	2035	29
774	5	521	24
774	5	782	30
775	5	1252	27
775	5	1513	24
775	5	2035	29
776	5	469	24
776	5	730	30
777	5	2035	27
777	5	2295	24
778	5	574	24
778	5	991	30
779	5	1930	27
779	5	2191	24
780	5	678	27
780	5	939	24
780	5	1930	29
781	5	678	27
781	5	939	24
781	5	1252	29
782	5	678	27
782	5	939	24
782	5	1356	29
783	5	1513	27
783	5	1774	24
783	5	2087	29
784	5	469	24
784	5	730	30
785	5	574	24
785	5	991	30
786	5	834	27
786	5	1095	24
787	5	1356	27
787	5	1617	24
787	5	1930	29
788	5	521	24
788	5	991	30
789	5	1095	27
789	5	1356	24
789	5	1669	29
790	5	939	27
790	5	1200	24
790	5	1513	29
791	5	1408	27
791	5	1669	24
791	5	2035	29
792	5	574	24
792	5	887	30
793	5	469	24
793	5	730	30
794	5	469	24
794	5	574	29
795	5	1617	27
795	5	1878	24
795	5	2191	29
796	5	1356	27
796	5	1617	24
796	5	1930	29
797	5	469	24
797	5	834	30
798	5	1043	27
798	5	1304	24
798	5	1617	29
800	5	1304	27
800	5	1565	24
800	5	1878	29
801	5	1408	27
801	5	1669	24
801	5	2035	29
802	5	678	27
802	5	939	24
802	5	1252	29
803	5	574	24
803	5	939	30
804	5	678	27
804	5	939	24
804	5	1252	29
806	5	1408	27
806	5	1669	24
806	5	2035	29
807	5	469	24
807	5	730	27
807	5	1043	29
808	5	2035	27
808	5	2295	24
809	5	1774	27
809	5	2035	24
810	5	417	24
810	5	730	30
811	5	469	24
811	5	730	30
812	5	521	24
812	5	834	30
813	5	678	27
813	5	939	24
813	5	1252	29
814	5	730	27
814	5	991	24
815	5	469	24
815	5	730	30
816	5	1095	27
816	5	1356	24
816	5	1669	29
817	5	2191	27
818	5	730	27
818	5	991	24
818	5	1304	29
819	5	1461	27
819	5	1722	24
819	5	2035	29
820	5	782	27
820	5	1043	24
820	5	1878	29
821	5	1200	27
821	5	1461	24
821	5	1774	29
822	5	469	24
822	5	730	30
823	5	469	24
823	5	782	27
823	5	1095	29
824	5	1043	27
824	5	1304	24
824	5	1617	29
825	5	1043	27
825	5	1304	24
825	5	1617	29
826	5	991	27
826	5	1252	24
826	5	1565	29
827	5	887	27
827	5	1148	24
827	5	2035	29
828	5	1252	27
828	5	1513	24
828	5	1826	29
829	5	2035	27
829	5	2295	24
830	5	1095	27
830	5	1356	24
830	5	1669	29
831	5	574	24
831	5	939	30
831	5	2243	27
832	5	521	24
832	5	887	30
833	5	1252	27
833	5	1513	24
833	5	1826	29
834	5	521	24
834	5	730	27
834	5	1043	29
835	5	678	27
835	5	939	24
835	5	1252	29
836	5	2139	27
837	5	1200	27
837	5	1461	24
837	5	1774	29
838	5	469	24
838	5	730	30
839	5	1408	27
839	5	1669	24
839	5	2035	29
840	5	469	24
840	5	730	30
841	5	574	24
841	5	834	30
842	5	834	27
842	5	1095	24
842	5	1461	29
843	5	469	24
843	5	730	30
843	5	2087	27
844	5	1200	27
844	5	1461	24
844	5	1774	29
845	5	1252	27
845	5	1513	24
845	5	1826	29
846	5	1461	27
846	5	1722	24
847	5	1200	27
847	5	1461	24
847	5	1774	29
848	5	469	24
848	5	678	30
849	5	1930	27
849	5	2191	24
850	5	521	24
850	5	887	30
851	5	2295	27
852	5	939	27
852	5	1200	24
853	5	1408	27
853	5	1669	24
853	5	2035	29
854	5	1095	27
854	5	1356	24
854	5	1669	29
855	5	678	27
855	5	939	24
855	5	1878	29
856	5	730	27
856	5	991	24
856	5	1304	29
857	5	1356	27
857	5	1617	24
857	5	1930	29
858	5	730	27
858	5	991	24
858	5	1304	29
859	5	887	27
859	5	1148	24
860	5	1617	27
860	5	1878	24
861	5	521	24
861	5	834	30
862	5	1565	27
862	5	1826	24
862	5	2139	29
863	5	521	24
863	5	887	30
864	5	469	24
864	5	782	30
864	5	2243	27
865	5	521	24
865	5	730	30
866	5	469	24
866	5	730	27
866	5	1043	29
867	5	782	27
867	5	1043	24
867	5	1461	29
868	5	574	24
868	5	939	30
869	5	1043	27
869	5	1304	24
869	5	1617	29
870	5	1148	27
870	5	1408	24
870	5	1722	29
871	5	1095	27
871	5	1356	24
871	5	1669	29
873	5	469	24
873	5	730	30
875	5	574	24
875	5	991	30
876	5	521	24
876	5	782	30
877	5	417	24
877	5	678	30
878	5	1200	27
878	5	1461	24
878	5	1774	29
879	5	678	27
879	5	939	24
879	5	1304	29
880	5	469	24
880	5	678	27
880	5	991	29
881	5	991	27
881	5	1252	24
882	5	1304	27
882	5	1565	24
882	5	1878	29
883	5	1774	27
883	5	2035	24
884	5	521	24
884	5	887	30
885	5	469	24
885	5	730	27
885	5	1043	29
886	5	991	27
886	5	1252	24
886	5	1617	29
887	5	678	27
887	5	939	24
887	5	1252	29
888	5	1826	27
888	5	2087	24
889	5	1408	27
889	5	1669	24
889	5	2035	29
890	5	1304	27
890	5	1565	24
890	5	1878	29
891	5	521	24
891	5	834	30
892	5	1565	27
892	5	1826	24
892	5	2139	29
893	5	574	24
893	5	887	30
894	5	678	27
894	5	939	24
894	5	1252	29
895	5	678	27
895	5	939	24
895	5	1252	29
896	5	521	24
896	5	678	27
896	5	991	29
897	5	521	24
897	5	782	30
898	5	521	24
898	5	834	30
899	5	521	24
899	5	782	30
900	5	991	27
900	5	1252	24
900	5	1565	29
901	5	469	24
901	5	730	27
901	5	1043	29
902	5	887	27
902	5	1148	24
902	5	1461	29
903	5	521	24
903	5	834	30
905	5	1148	27
905	5	1408	24
905	5	1722	29
906	5	521	24
906	5	678	30
907	5	2035	27
907	5	2295	24
908	5	521	24
908	5	782	30
909	5	1930	27
909	5	2191	24
910	5	1148	27
910	5	1408	24
910	5	1722	29
911	5	991	27
911	5	1252	24
912	5	521	24
912	5	939	30
913	5	1304	27
913	5	1565	24
913	5	1878	29
914	5	834	27
914	5	1095	24
914	5	1461	29
915	5	1252	27
915	5	1513	24
915	5	1826	29
916	5	521	24
916	5	782	30
917	5	782	27
917	5	1043	24
917	5	1617	29
918	5	1252	27
918	5	1513	24
918	5	1826	29
919	5	1356	27
919	5	1617	24
919	5	1930	29
920	5	834	27
920	5	1095	24
920	5	1617	29
921	5	834	27
921	5	1095	24
922	5	678	27
922	5	939	24
922	5	1304	29
923	5	1252	27
923	5	1513	24
923	5	1826	29
924	5	521	24
924	5	887	30
925	5	521	24
925	5	887	30
926	5	574	24
926	5	1043	30
927	5	939	27
927	5	1200	24
927	5	1513	29
929	5	574	24
929	5	834	30
931	5	469	24
931	5	834	30
932	5	1095	27
932	5	1356	24
932	5	1669	29
933	5	1304	27
933	5	1565	24
933	5	1878	29
934	5	1043	27
934	5	1304	24
934	5	1617	29
935	5	521	24
935	5	834	30
936	5	834	27
936	5	1095	24
936	5	1617	29
937	5	887	27
937	5	1148	24
937	5	1930	29
938	5	1043	27
938	5	1304	24
938	5	1617	29
939	5	1252	27
939	5	1513	24
940	5	678	27
940	5	939	24
940	5	1252	29
941	5	469	24
941	5	730	30
942	5	469	24
942	5	730	30
943	5	782	27
943	5	1043	24
944	5	730	27
944	5	991	24
944	5	1304	29
945	5	1513	27
945	5	1774	24
946	5	782	27
946	5	1043	24
946	5	1356	29
947	5	521	24
947	5	730	27
947	5	1043	29
947	5	2191	30
948	5	521	24
948	5	834	30
949	5	417	24
949	5	730	30
950	5	469	24
950	5	730	27
950	5	1043	29
952	5	2191	27
953	5	469	24
953	5	887	30
954	5	469	24
954	5	782	30
956	5	782	27
956	5	1043	24
957	5	1513	27
957	5	1774	24
958	5	1148	27
958	5	1408	24
958	5	2035	29
960	5	730	27
960	5	991	24
960	5	1304	29
961	5	574	24
961	5	887	30
962	5	2035	27
962	5	2295	24
963	5	521	24
963	5	730	30
964	5	521	24
964	5	887	30
965	5	939	27
965	5	1200	24
965	5	1513	29
966	5	469	24
966	5	730	30
967	5	1356	27
967	5	1617	24
968	5	678	27
968	5	939	24
968	5	1252	29
969	5	730	27
969	5	991	24
969	5	1304	29
971	5	574	24
971	5	887	30
972	5	417	24
972	5	678	27
972	5	991	29
972	5	2035	30
973	5	730	27
973	5	991	24
974	5	574	24
974	5	834	30
975	5	1304	27
975	5	1565	24
975	5	1878	29
976	5	678	27
976	5	939	24
976	5	1252	29
977	5	1878	27
977	5	2139	24
978	5	521	24
978	5	939	30
979	5	1356	27
979	5	1617	24
979	5	1930	29
980	5	1826	27
980	5	2087	24
981	5	991	27
981	5	1252	24
981	5	1565	29
982	5	574	24
982	5	939	30
983	5	469	24
983	5	730	30
984	5	1043	27
984	5	1304	24
984	5	1617	29
985	5	1148	27
985	5	1408	24
985	5	1722	29
986	5	2295	27
987	5	1200	27
987	5	1461	24
987	5	1774	29
988	5	574	24
988	5	887	30
989	5	469	24
989	5	730	30
990	5	1826	27
990	5	2087	24
992	5	1878	27
992	5	2139	24
993	5	939	27
993	5	1200	24
994	5	2035	27
994	5	2295	24
995	5	469	24
995	5	626	29
996	5	1200	27
996	5	1461	24
996	5	1774	29
998	5	574	24
998	5	1095	30
998	5	2191	27
999	5	1461	27
999	5	1722	24
999	5	2035	29
