Realization	utility	week	infra.
0	0	678	29
0	0	991	30
1	0	678	29
1	0	991	30
2	0	834	29
3	0	1252	29
4	0	834	29
4	0	2035	30
5	0	730	29
6	0	469	29
7	0	1513	29
8	0	1095	29
10	0	730	29
12	0	1722	29
13	0	1617	29
14	0	678	29
15	0	782	29
16	0	730	29
17	0	730	29
18	0	782	29
19	0	1982	29
20	0	834	29
21	0	678	29
21	0	991	30
22	0	1408	29
23	0	730	29
24	0	730	29
25	0	2139	29
26	0	1148	29
27	0	678	29
28	0	626	29
28	0	2295	30
29	0	1304	29
30	0	1356	29
31	0	887	29
32	0	1200	29
33	0	1617	29
34	0	521	29
35	0	782	29
36	0	782	29
37	0	1826	29
38	0	939	29
39	0	887	29
40	0	626	29
40	0	1878	30
41	0	1304	29
42	0	1095	29
43	0	730	29
44	0	2087	29
45	0	1043	29
46	0	887	29
47	0	1669	29
49	0	887	29
50	0	2087	29
51	0	2139	29
52	0	1461	29
53	0	782	29
53	0	1982	30
55	0	887	29
56	0	1722	29
57	0	574	29
57	0	1774	30
58	0	939	29
59	0	834	29
60	0	1617	29
61	0	887	29
62	0	991	29
62	0	2243	30
63	0	521	29
64	0	2035	29
65	0	574	29
66	0	1200	29
67	0	626	29
68	0	1930	29
69	0	1356	29
70	0	991	29
71	0	1200	29
73	0	2139	29
74	0	1356	29
75	0	730	29
76	0	1461	29
77	0	1982	29
78	0	1826	29
79	0	1304	29
80	0	887	29
81	0	991	29
82	0	1669	29
83	0	1565	29
84	0	887	29
85	0	2191	29
86	0	1617	29
87	0	782	29
87	0	1826	30
88	0	1200	29
89	0	1304	29
90	0	1826	29
92	0	782	29
93	0	1774	29
94	0	2295	29
95	0	1356	29
96	0	1513	29
97	0	1722	29
98	0	2191	29
99	0	1617	29
100	0	1774	29
101	0	939	29
102	0	991	29
103	0	1408	29
104	0	469	29
106	0	574	29
106	0	2035	30
107	0	626	29
107	0	2191	30
108	0	730	29
109	0	1774	29
110	0	678	29
111	0	1826	29
112	0	574	29
113	0	626	29
114	0	1200	29
115	0	1930	29
116	0	1930	29
117	0	1878	29
118	0	1304	29
119	0	1774	29
120	0	1356	29
121	0	1722	29
122	0	730	29
122	0	2087	30
124	0	730	29
125	0	834	29
126	0	626	29
127	0	678	29
128	0	626	29
129	0	1669	29
130	0	834	29
131	0	939	29
131	0	2139	30
132	0	626	29
133	0	1148	29
134	0	1356	29
135	0	730	29
136	0	574	29
136	0	1774	30
137	0	574	29
138	0	626	29
138	0	1982	30
139	0	782	29
139	0	1774	30
141	0	834	29
141	0	1148	30
142	0	1304	29
143	0	1356	29
145	0	1356	29
146	0	887	29
147	0	939	29
148	0	1826	29
149	0	626	29
149	0	1878	30
150	0	782	29
151	0	1356	29
152	0	834	29
152	0	2295	30
153	0	574	29
154	0	834	29
155	0	626	29
155	0	2191	30
156	0	782	29
156	0	2243	30
158	0	887	29
159	0	626	29
159	0	2035	30
160	0	1148	29
161	0	2087	29
162	0	1565	29
163	0	1669	29
164	0	887	29
165	0	887	29
167	0	1722	29
169	0	834	29
170	0	730	29
170	0	1878	30
171	0	1408	29
172	0	1200	29
173	0	1774	29
174	0	1304	29
175	0	887	29
175	0	2243	30
176	0	574	29
177	0	2191	29
179	0	1043	29
181	0	730	29
182	0	574	29
183	0	730	29
184	0	1617	29
185	0	834	29
187	0	626	29
188	0	1565	29
189	0	1095	29
190	0	1252	29
191	0	730	29
192	0	1200	29
193	0	1200	29
194	0	574	29
196	0	678	29
196	0	991	30
198	0	1148	29
199	0	730	29
199	0	2243	30
200	0	1252	29
201	0	1930	29
202	0	1513	29
203	0	626	29
204	0	887	29
205	0	1774	29
206	0	678	29
206	0	991	30
207	0	678	29
208	0	678	29
210	0	469	29
211	0	1982	29
212	0	1304	29
213	0	2087	29
214	0	1356	29
215	0	1356	29
216	0	1461	29
217	0	1356	29
218	0	887	29
220	0	1930	29
221	0	521	29
222	0	2087	29
223	0	1356	29
224	0	1356	29
225	0	730	29
225	0	1043	30
226	0	834	29
227	0	1356	29
228	0	678	29
228	0	2035	30
229	0	574	29
230	0	678	29
231	0	730	29
232	0	834	29
233	0	1304	29
235	0	1982	29
236	0	1461	29
237	0	1356	29
238	0	1617	29
239	0	1722	29
240	0	678	29
240	0	2191	30
241	0	574	29
242	0	1043	29
243	0	626	29
243	0	1878	30
244	0	782	29
245	0	1669	29
248	0	834	29
249	0	626	29
250	0	626	29
250	0	1930	30
251	0	939	29
252	0	1930	29
253	0	1304	29
255	0	1408	29
256	0	574	29
257	0	1669	29
258	0	678	29
258	0	991	30
259	0	730	29
260	0	782	29
262	0	1408	29
263	0	626	29
264	0	991	29
265	0	782	29
266	0	1095	29
267	0	678	29
267	0	991	30
268	0	1148	29
269	0	730	29
270	0	626	29
271	0	834	29
271	0	2243	30
272	0	678	29
272	0	1878	30
274	0	1722	29
275	0	2087	29
277	0	2035	29
278	0	1982	29
279	0	1356	29
280	0	626	29
282	0	2035	29
283	0	1356	29
284	0	678	29
284	0	991	30
285	0	1200	29
286	0	678	29
286	0	2087	30
287	0	1356	29
288	0	939	29
289	0	1617	29
291	0	1982	29
292	0	1982	29
293	0	574	29
293	0	1774	30
294	0	939	29
295	0	1565	29
296	0	730	29
297	0	1826	29
298	0	1356	29
299	0	834	29
300	0	1513	29
301	0	678	29
302	0	678	29
303	0	521	29
303	0	1148	30
304	0	730	29
306	0	730	29
306	0	1095	30
307	0	574	29
308	0	574	29
309	0	730	29
309	0	1043	30
310	0	834	29
310	0	1930	30
311	0	1408	29
312	0	1617	29
313	0	626	29
314	0	1774	29
315	0	1095	29
317	0	1304	29
318	0	1930	29
319	0	2243	29
320	0	1252	29
321	0	678	29
322	0	626	29
324	0	1461	29
325	0	1356	29
326	0	626	29
327	0	1148	29
328	0	1304	29
329	0	1878	29
330	0	626	29
331	0	730	29
332	0	887	29
333	0	626	29
334	0	1408	29
335	0	626	29
336	0	730	29
337	0	1356	29
338	0	1565	29
339	0	834	29
340	0	1356	29
341	0	1252	29
342	0	574	29
342	0	1826	30
343	0	626	29
345	0	1095	29
346	0	1043	29
346	0	1982	30
347	0	782	29
348	0	678	29
349	0	887	29
349	0	1826	30
351	0	939	29
352	0	1148	29
353	0	730	29
354	0	626	29
354	0	1826	30
355	0	887	29
356	0	1304	29
357	0	939	29
358	0	1513	29
360	0	574	29
361	0	1043	29
362	0	1617	29
364	0	730	29
365	0	2139	29
366	0	626	29
367	0	887	29
368	0	626	29
368	0	1826	30
369	0	730	29
370	0	1356	29
371	0	939	29
372	0	1304	29
373	0	1461	29
374	0	1930	29
375	0	1774	29
376	0	991	29
377	0	1774	29
378	0	1669	29
379	0	1095	29
380	0	1930	29
381	0	574	29
382	0	782	29
383	0	1461	29
384	0	887	29
385	0	1200	29
386	0	939	29
387	0	834	29
387	0	1930	30
389	0	782	29
390	0	626	29
391	0	782	29
392	0	1408	29
393	0	574	29
394	0	1252	29
396	0	730	29
396	0	1043	30
397	0	1200	29
399	0	678	29
400	0	991	29
402	0	1043	29
404	0	1304	29
405	0	1669	29
406	0	834	29
407	0	1304	29
409	0	1617	29
410	0	1408	29
411	0	730	29
411	0	1148	30
412	0	678	29
412	0	1043	30
413	0	782	29
413	0	1095	30
414	0	1095	29
415	0	887	29
416	0	1826	29
417	0	1043	29
418	0	991	29
418	0	2035	30
419	0	730	29
420	0	1356	29
421	0	2139	29
422	0	1356	29
423	0	1148	29
424	0	678	29
424	0	1878	30
425	0	1043	29
426	0	1200	29
428	0	730	29
429	0	469	29
430	0	626	29
431	0	626	29
432	0	939	29
432	0	1982	30
433	0	1252	29
434	0	834	29
434	0	1878	30
435	0	730	29
436	0	782	29
436	0	1774	30
437	0	782	29
438	0	574	29
439	0	1461	29
440	0	574	29
441	0	2243	29
442	0	1148	29
443	0	626	29
444	0	2087	29
445	0	887	29
446	0	1878	29
447	0	2035	29
448	0	1513	29
451	0	1304	29
451	0	2191	30
452	0	887	29
453	0	626	29
453	0	1826	30
454	0	1826	29
455	0	1148	29
456	0	1774	29
457	0	574	29
458	0	2243	29
459	0	1408	29
460	0	730	29
461	0	626	29
462	0	1200	29
463	0	1043	29
463	0	2035	30
464	0	1408	29
465	0	730	29
466	0	730	29
467	0	678	29
468	0	730	29
469	0	574	29
469	0	2087	30
470	0	1982	29
471	0	1669	29
472	0	887	29
473	0	574	29
474	0	834	29
475	0	1461	29
476	0	1826	29
477	0	1461	29
478	0	1095	29
480	0	574	29
481	0	1043	29
481	0	1930	30
482	0	939	29
483	0	2243	29
484	0	2191	29
485	0	1722	29
486	0	1774	29
487	0	626	29
488	0	1774	29
489	0	626	29
489	0	1826	30
490	0	1304	29
490	0	2191	30
491	0	1252	29
492	0	1461	29
493	0	574	29
494	0	991	29
495	0	1356	29
496	0	521	29
497	0	678	29
498	0	1043	29
499	0	782	29
500	0	834	29
500	0	1148	30
501	0	1774	29
502	0	626	29
503	0	626	29
503	0	1826	30
505	0	1774	29
506	0	1565	29
507	0	2139	29
508	0	834	29
508	0	1930	30
510	0	2139	29
512	0	1461	29
513	0	1461	29
514	0	939	29
515	0	730	29
515	0	2243	30
516	0	1774	29
517	0	1774	29
518	0	1565	29
519	0	834	29
520	0	887	29
521	0	782	29
522	0	1095	29
523	0	782	29
525	0	1095	29
525	0	1982	30
526	0	2139	29
527	0	678	29
527	0	991	30
528	0	626	29
529	0	730	29
529	0	1095	30
530	0	1356	29
531	0	1252	29
532	0	1461	29
534	0	678	29
534	0	1930	30
535	0	2087	29
536	0	1826	29
537	0	1095	29
538	0	782	29
539	0	678	29
539	0	991	30
540	0	2139	29
541	0	730	29
542	0	1513	29
543	0	1200	29
544	0	991	29
544	0	2035	30
545	0	1304	29
546	0	1304	29
547	0	939	29
547	0	2139	30
548	0	1878	29
549	0	1774	29
550	0	730	29
550	0	1774	30
551	0	678	29
551	0	1878	30
552	0	1461	29
553	0	626	29
554	0	574	29
555	0	574	29
555	0	1774	30
556	0	1356	29
557	0	1982	29
558	0	678	29
559	0	1095	29
560	0	1878	29
561	0	1356	29
562	0	1513	29
563	0	521	29
564	0	1878	29
565	0	834	29
565	0	1878	30
566	0	782	29
567	0	626	29
568	0	730	29
569	0	1408	29
570	0	1774	29
571	0	574	29
572	0	1930	29
575	0	574	29
575	0	1774	30
576	0	1722	29
577	0	834	29
578	0	1513	29
579	0	626	29
581	0	1304	29
582	0	626	29
583	0	730	29
583	0	1043	30
584	0	834	29
585	0	626	29
585	0	1826	30
586	0	574	29
587	0	626	29
587	0	1826	30
588	0	939	29
589	0	887	29
590	0	782	29
591	0	1982	29
593	0	1982	29
594	0	1304	29
595	0	834	29
595	0	1878	30
596	0	574	29
597	0	1513	29
598	0	626	29
599	0	782	29
600	0	2139	29
601	0	782	29
602	0	1774	29
603	0	626	29
604	0	1304	29
605	0	1669	29
606	0	1043	29
607	0	626	29
608	0	1148	29
611	0	626	29
612	0	1200	29
613	0	1774	29
614	0	1252	29
615	0	1461	29
616	0	1565	29
617	0	2035	29
619	0	1461	29
620	0	730	29
621	0	1461	29
622	0	678	29
623	0	1669	29
624	0	834	29
625	0	1669	29
626	0	991	29
627	0	991	29
628	0	1095	29
629	0	1408	29
630	0	1304	29
631	0	521	29
631	0	2243	30
632	0	626	29
633	0	1982	29
634	0	1356	29
635	0	1878	29
637	0	1513	29
638	0	2087	29
639	0	782	29
639	0	1982	30
640	0	1304	29
641	0	1043	29
642	0	1722	29
644	0	887	29
645	0	1148	29
646	0	626	29
646	0	1826	30
647	0	1930	29
648	0	1304	29
649	0	887	29
650	0	1930	29
651	0	2035	29
652	0	1043	29
653	0	1043	29
654	0	1356	29
655	0	626	29
656	0	521	29
657	0	939	29
658	0	939	29
658	0	2035	30
659	0	1200	29
660	0	1356	29
661	0	939	29
662	0	574	29
663	0	1565	29
664	0	782	29
664	0	2087	30
665	0	782	29
666	0	678	29
667	0	782	29
668	0	1461	29
669	0	1304	29
670	0	1356	29
671	0	1774	29
672	0	1304	29
673	0	1304	29
674	0	626	29
675	0	1200	29
676	0	626	29
676	0	1930	30
677	0	1356	29
678	0	730	29
679	0	1722	29
680	0	1513	29
681	0	1461	29
682	0	991	29
683	0	1774	29
684	0	1200	29
685	0	991	29
686	0	1148	29
687	0	1878	29
688	0	1774	29
689	0	1722	29
690	0	521	29
691	0	887	29
691	0	2035	30
692	0	1095	29
693	0	521	29
694	0	939	29
695	0	626	29
696	0	1408	29
697	0	782	29
698	0	1930	29
699	0	574	29
700	0	2191	29
701	0	1408	29
702	0	574	29
703	0	834	29
705	0	1461	29
706	0	678	29
707	0	834	29
708	0	1304	29
709	0	939	29
709	0	2087	30
710	0	939	29
711	0	1148	29
712	0	1356	29
714	0	730	29
715	0	626	29
716	0	626	29
717	0	1200	29
718	0	834	29
718	0	2139	30
719	0	1408	29
721	0	1148	29
722	0	521	29
722	0	1148	30
723	0	887	29
724	0	626	29
725	0	834	29
726	0	574	29
727	0	1774	29
728	0	1930	29
729	0	834	29
730	0	1148	29
731	0	730	29
732	0	887	29
733	0	887	29
734	0	730	29
736	0	1565	29
737	0	782	29
738	0	939	29
738	0	2035	30
739	0	1148	29
741	0	939	29
742	0	678	29
742	0	991	30
743	0	626	29
744	0	1304	29
745	0	1513	29
746	0	1774	29
747	0	1356	29
749	0	1774	29
750	0	678	29
751	0	1617	29
752	0	1356	29
753	0	782	29
753	0	2035	30
754	0	834	29
755	0	626	29
756	0	834	29
756	0	1826	30
757	0	2087	29
758	0	626	29
759	0	1826	29
760	0	521	29
761	0	574	29
762	0	1148	29
763	0	1356	29
765	0	782	29
766	0	887	29
767	0	1669	29
768	0	1930	29
769	0	1304	29
771	0	1669	29
772	0	1356	29
773	0	1878	29
774	0	626	29
775	0	1722	29
776	0	678	29
776	0	2035	30
778	0	730	29
779	0	2035	29
780	0	1982	29
781	0	626	29
782	0	939	29
783	0	1930	29
784	0	730	29
785	0	782	29
786	0	626	29
787	0	1826	29
788	0	782	29
789	0	1148	29
790	0	1356	29
791	0	1826	29
792	0	887	29
793	0	626	29
794	0	574	29
795	0	2087	29
796	0	1826	29
797	0	834	29
798	0	1513	29
800	0	1774	29
801	0	1408	29
802	0	939	29
803	0	1148	29
804	0	521	29
806	0	1826	29
807	0	678	29
807	0	991	30
809	0	2243	29
810	0	730	29
811	0	730	29
812	0	887	29
812	0	2139	30
813	0	1408	29
815	0	626	29
816	0	1200	29
817	0	2295	29
818	0	574	29
819	0	1930	29
820	0	1930	29
821	0	1304	29
822	0	626	29
823	0	782	29
823	0	1095	30
824	0	1252	29
825	0	1095	29
826	0	1461	29
827	0	1356	29
828	0	1304	29
829	0	2139	29
830	0	1669	29
831	0	939	29
831	0	1930	30
832	0	887	29
832	0	1878	30
833	0	1356	29
834	0	730	29
834	0	2035	30
835	0	1043	29
837	0	1722	29
838	0	730	29
838	0	2243	30
839	0	1878	29
840	0	574	29
840	0	1774	30
841	0	834	29
842	0	1304	29
843	0	730	29
843	0	1148	30
844	0	1722	29
845	0	1774	29
846	0	1878	29
847	0	1722	29
848	0	574	29
850	0	939	29
850	0	1878	30
852	0	1408	29
853	0	1826	29
854	0	1200	29
855	0	834	29
856	0	1826	29
857	0	1774	29
858	0	1252	29
859	0	1304	29
860	0	2087	29
861	0	887	29
862	0	2035	29
863	0	887	29
864	0	782	29
864	0	1878	30
865	0	730	29
866	0	730	29
867	0	574	29
868	0	1095	29
869	0	1095	29
870	0	1669	29
871	0	1356	29
873	0	730	29
873	0	1826	30
875	0	469	29
876	0	730	29
877	0	626	29
877	0	1826	30
878	0	1722	29
879	0	1095	29
880	0	678	29
881	0	1408	29
882	0	1408	29
883	0	2191	29
884	0	887	29
885	0	730	29
885	0	1826	30
886	0	1356	29
887	0	1200	29
888	0	1513	29
889	0	1826	29
890	0	1356	29
891	0	887	29
892	0	2035	29
893	0	887	29
894	0	991	29
895	0	521	29
896	0	678	29
897	0	782	29
898	0	834	29
899	0	782	29
899	0	2191	30
900	0	1408	29
901	0	626	29
902	0	1304	29
903	0	678	29
903	0	2139	30
905	0	1669	29
906	0	678	29
908	0	782	29
910	0	1252	29
911	0	1408	29
912	0	939	29
913	0	1461	29
914	0	1304	29
915	0	1408	29
916	0	678	29
917	0	574	29
918	0	1252	29
919	0	1774	29
920	0	1304	29
921	0	626	29
922	0	1722	29
923	0	1774	29
924	0	939	29
925	0	782	29
926	0	1043	29
926	0	2295	30
927	0	1408	29
929	0	1043	29
931	0	626	29
931	0	1826	30
932	0	1669	29
933	0	1408	29
934	0	1565	29
935	0	678	29
936	0	626	29
937	0	1356	29
938	0	1565	29
939	0	1722	29
940	0	1148	29
941	0	730	29
941	0	2035	30
942	0	730	29
942	0	1826	30
943	0	626	29
944	0	574	29
945	0	1930	29
946	0	574	29
947	0	782	29
947	0	1774	30
948	0	782	29
949	0	574	29
949	0	1774	30
950	0	730	29
950	0	1043	30
953	0	887	29
954	0	626	29
956	0	626	29
957	0	1878	29
958	0	1617	29
960	0	1095	29
961	0	991	29
962	0	2087	29
963	0	834	29
964	0	887	29
964	0	1930	30
965	0	1356	29
966	0	782	29
967	0	1826	29
968	0	887	29
969	0	574	29
971	0	939	29
972	0	678	29
972	0	991	30
973	0	521	29
974	0	991	29
975	0	1408	29
976	0	1043	29
978	0	834	29
979	0	1826	29
980	0	2243	29
981	0	1461	29
982	0	991	29
983	0	626	29
984	0	1513	29
985	0	1304	29
987	0	1722	29
988	0	887	29
989	0	626	29
990	0	1878	29
992	0	2295	29
993	0	1356	29
995	0	626	29
996	0	1722	29
998	0	1095	29
998	0	1982	30
999	0	1878	29
0	1	678	29
0	1	991	30
1	1	678	29
1	1	991	30
2	1	834	29
3	1	1252	29
4	1	834	29
4	1	2035	30
5	1	730	29
6	1	469	29
7	1	1513	29
8	1	1095	29
10	1	730	29
12	1	1722	29
13	1	1617	29
14	1	678	29
15	1	782	29
16	1	730	29
17	1	730	29
18	1	782	29
19	1	1982	29
20	1	834	29
21	1	678	29
21	1	991	30
22	1	1408	29
23	1	730	29
24	1	730	29
25	1	2139	29
26	1	1148	29
27	1	678	29
28	1	626	29
28	1	2295	30
29	1	1304	29
30	1	1356	29
31	1	887	29
32	1	1200	29
33	1	1617	29
34	1	521	29
35	1	782	29
36	1	782	29
37	1	1826	29
38	1	939	29
39	1	887	29
40	1	626	29
40	1	1878	30
41	1	1304	29
42	1	1095	29
43	1	730	29
44	1	2087	29
45	1	1043	29
46	1	887	29
47	1	1669	29
49	1	887	29
50	1	2087	29
51	1	2139	29
52	1	1461	29
53	1	782	29
53	1	1982	30
55	1	887	29
56	1	1722	29
57	1	574	29
57	1	1774	30
58	1	939	29
59	1	834	29
60	1	1617	29
61	1	887	29
62	1	991	29
62	1	2243	30
63	1	521	29
64	1	2035	29
65	1	574	29
66	1	1200	29
67	1	626	29
68	1	1930	29
69	1	1356	29
70	1	991	29
71	1	1200	29
73	1	2139	29
74	1	1356	29
75	1	730	29
76	1	1461	29
77	1	1982	29
78	1	1826	29
79	1	1304	29
80	1	887	29
81	1	991	29
82	1	1669	29
83	1	1565	29
84	1	887	29
85	1	2191	29
86	1	1617	29
87	1	782	29
87	1	1826	30
88	1	1200	29
89	1	1304	29
90	1	1826	29
92	1	782	29
93	1	1774	29
94	1	2295	29
95	1	1356	29
96	1	1513	29
97	1	1722	29
98	1	2191	29
99	1	1617	29
100	1	1774	29
101	1	939	29
102	1	991	29
103	1	1408	29
104	1	469	29
106	1	574	29
106	1	2035	30
107	1	626	29
107	1	2191	30
108	1	730	29
109	1	1774	29
110	1	678	29
111	1	1826	29
112	1	574	29
113	1	626	29
114	1	1200	29
115	1	1930	29
116	1	1930	29
117	1	1878	29
118	1	1304	29
119	1	1774	29
120	1	1356	29
121	1	1722	29
122	1	730	29
122	1	2087	30
124	1	730	29
125	1	834	29
126	1	626	29
127	1	678	29
128	1	626	29
129	1	1669	29
130	1	834	29
131	1	939	29
131	1	2139	30
132	1	626	29
133	1	1148	29
134	1	1356	29
135	1	730	29
136	1	574	29
136	1	1774	30
137	1	574	29
138	1	626	29
138	1	1982	30
139	1	782	29
139	1	1774	30
141	1	834	29
141	1	1148	30
142	1	1304	29
143	1	1356	29
145	1	1356	29
146	1	887	29
147	1	939	29
148	1	1826	29
149	1	626	29
149	1	1878	30
150	1	782	29
151	1	1356	29
152	1	834	29
152	1	2295	30
153	1	574	29
154	1	834	29
155	1	626	29
155	1	2191	30
156	1	782	29
156	1	2243	30
158	1	887	29
159	1	626	29
159	1	2035	30
160	1	1148	29
161	1	2087	29
162	1	1565	29
163	1	1669	29
164	1	887	29
165	1	887	29
167	1	1722	29
169	1	834	29
170	1	730	29
170	1	1878	30
171	1	1408	29
172	1	1200	29
173	1	1774	29
174	1	1304	29
175	1	887	29
175	1	2243	30
176	1	574	29
177	1	2191	29
179	1	1043	29
181	1	730	29
182	1	574	29
183	1	730	29
184	1	1617	29
185	1	834	29
187	1	626	29
188	1	1565	29
189	1	1095	29
190	1	1252	29
191	1	730	29
192	1	1200	29
193	1	1200	29
194	1	574	29
196	1	678	29
196	1	991	30
198	1	1148	29
199	1	730	29
199	1	2243	30
200	1	1252	29
201	1	1930	29
202	1	1513	29
203	1	626	29
204	1	887	29
205	1	1774	29
206	1	678	29
206	1	991	30
207	1	678	29
208	1	678	29
210	1	469	29
211	1	1982	29
212	1	1304	29
213	1	2087	29
214	1	1356	29
215	1	1356	29
216	1	1461	29
217	1	1356	29
218	1	887	29
220	1	1930	29
221	1	521	29
222	1	2087	29
223	1	1356	29
224	1	1356	29
225	1	730	29
225	1	1043	30
226	1	834	29
227	1	1356	29
228	1	678	29
228	1	2035	30
229	1	574	29
230	1	678	29
231	1	730	29
232	1	834	29
233	1	1304	29
235	1	1982	29
236	1	1461	29
237	1	1356	29
238	1	1617	29
239	1	1722	29
240	1	678	29
240	1	2191	30
241	1	574	29
242	1	1043	29
243	1	626	29
243	1	1878	30
244	1	782	29
245	1	1669	29
248	1	834	29
249	1	626	29
250	1	626	29
250	1	1930	30
251	1	939	29
252	1	1930	29
253	1	1304	29
255	1	1408	29
256	1	574	29
257	1	1669	29
258	1	678	29
258	1	991	30
259	1	730	29
260	1	782	29
262	1	1408	29
263	1	626	29
264	1	991	29
265	1	782	29
266	1	1095	29
267	1	678	29
267	1	991	30
268	1	1148	29
269	1	730	29
270	1	626	29
271	1	834	29
271	1	2243	30
272	1	678	29
272	1	1878	30
274	1	1722	29
275	1	2087	29
277	1	2035	29
278	1	1982	29
279	1	1356	29
280	1	626	29
282	1	2035	29
283	1	1356	29
284	1	678	29
284	1	991	30
285	1	1200	29
286	1	678	29
286	1	2087	30
287	1	1356	29
288	1	939	29
289	1	1617	29
291	1	1982	29
292	1	1982	29
293	1	574	29
293	1	1774	30
294	1	939	29
295	1	1565	29
296	1	730	29
297	1	1826	29
298	1	1356	29
299	1	834	29
300	1	1513	29
301	1	678	29
302	1	678	29
303	1	521	29
303	1	1148	30
304	1	730	29
306	1	730	29
306	1	1095	30
307	1	574	29
308	1	574	29
309	1	730	29
309	1	1043	30
310	1	834	29
310	1	1930	30
311	1	1408	29
312	1	1617	29
313	1	626	29
314	1	1774	29
315	1	1095	29
317	1	1304	29
318	1	1930	29
319	1	2243	29
320	1	1252	29
321	1	678	29
322	1	626	29
324	1	1461	29
325	1	1356	29
326	1	626	29
327	1	1148	29
328	1	1304	29
329	1	1878	29
330	1	626	29
331	1	730	29
332	1	887	29
333	1	626	29
334	1	1408	29
335	1	626	29
336	1	730	29
337	1	1356	29
338	1	1565	29
339	1	834	29
340	1	1356	29
341	1	1252	29
342	1	574	29
342	1	1826	30
343	1	626	29
345	1	1095	29
346	1	1043	29
346	1	1982	30
347	1	782	29
348	1	678	29
349	1	887	29
349	1	1826	30
351	1	939	29
352	1	1148	29
353	1	730	29
354	1	626	29
354	1	1826	30
355	1	887	29
356	1	1304	29
357	1	939	29
358	1	1513	29
360	1	574	29
361	1	1043	29
362	1	1617	29
364	1	730	29
365	1	2139	29
366	1	626	29
367	1	887	29
368	1	626	29
368	1	1826	30
369	1	730	29
370	1	1356	29
371	1	939	29
372	1	1304	29
373	1	1461	29
374	1	1930	29
375	1	1774	29
376	1	991	29
377	1	1774	29
378	1	1669	29
379	1	1095	29
380	1	1930	29
381	1	574	29
382	1	782	29
383	1	1461	29
384	1	887	29
385	1	1200	29
386	1	939	29
387	1	834	29
387	1	1930	30
389	1	782	29
390	1	626	29
391	1	782	29
392	1	1408	29
393	1	574	29
394	1	1252	29
396	1	730	29
396	1	1043	30
397	1	1200	29
399	1	678	29
400	1	991	29
402	1	1043	29
404	1	1304	29
405	1	1669	29
406	1	834	29
407	1	1304	29
409	1	1617	29
410	1	1408	29
411	1	730	29
411	1	1148	30
412	1	678	29
412	1	1043	30
413	1	782	29
413	1	1095	30
414	1	1095	29
415	1	887	29
416	1	1826	29
417	1	1043	29
418	1	991	29
418	1	2035	30
419	1	730	29
420	1	1356	29
421	1	2139	29
422	1	1356	29
423	1	1148	29
424	1	678	29
424	1	1878	30
425	1	1043	29
426	1	1200	29
428	1	730	29
429	1	469	29
430	1	626	29
431	1	626	29
432	1	939	29
432	1	1982	30
433	1	1252	29
434	1	834	29
434	1	1878	30
435	1	730	29
436	1	782	29
436	1	1774	30
437	1	782	29
438	1	574	29
439	1	1461	29
440	1	574	29
441	1	2243	29
442	1	1148	29
443	1	626	29
444	1	2087	29
445	1	887	29
446	1	1878	29
447	1	2035	29
448	1	1513	29
451	1	1304	29
451	1	2191	30
452	1	887	29
453	1	626	29
453	1	1826	30
454	1	1826	29
455	1	1148	29
456	1	1774	29
457	1	574	29
458	1	2243	29
459	1	1408	29
460	1	730	29
461	1	626	29
462	1	1200	29
463	1	1043	29
463	1	2035	30
464	1	1408	29
465	1	730	29
466	1	730	29
467	1	678	29
468	1	730	29
469	1	574	29
469	1	2087	30
470	1	1982	29
471	1	1669	29
472	1	887	29
473	1	574	29
474	1	834	29
475	1	1461	29
476	1	1826	29
477	1	1461	29
478	1	1095	29
480	1	574	29
481	1	1043	29
481	1	1930	30
482	1	939	29
483	1	2243	29
484	1	2191	29
485	1	1722	29
486	1	1774	29
487	1	626	29
488	1	1774	29
489	1	626	29
489	1	1826	30
490	1	1304	29
490	1	2191	30
491	1	1252	29
492	1	1461	29
493	1	574	29
494	1	991	29
495	1	1356	29
496	1	521	29
497	1	678	29
498	1	1043	29
499	1	782	29
500	1	834	29
500	1	1148	30
501	1	1774	29
502	1	626	29
503	1	626	29
503	1	1826	30
505	1	1774	29
506	1	1565	29
507	1	2139	29
508	1	834	29
508	1	1930	30
510	1	2139	29
512	1	1461	29
513	1	1461	29
514	1	939	29
515	1	730	29
515	1	2243	30
516	1	1774	29
517	1	1774	29
518	1	1565	29
519	1	834	29
520	1	887	29
521	1	782	29
522	1	1095	29
523	1	782	29
525	1	1095	29
525	1	1982	30
526	1	2139	29
527	1	678	29
527	1	991	30
528	1	626	29
529	1	730	29
529	1	1095	30
530	1	1356	29
531	1	1252	29
532	1	1461	29
534	1	678	29
534	1	1930	30
535	1	2087	29
536	1	1826	29
537	1	1095	29
538	1	782	29
539	1	678	29
539	1	991	30
540	1	2139	29
541	1	730	29
542	1	1513	29
543	1	1200	29
544	1	991	29
544	1	2035	30
545	1	1304	29
546	1	1304	29
547	1	939	29
547	1	2139	30
548	1	1878	29
549	1	1774	29
550	1	730	29
550	1	1774	30
551	1	678	29
551	1	1878	30
552	1	1461	29
553	1	626	29
554	1	574	29
555	1	574	29
555	1	1774	30
556	1	1356	29
557	1	1982	29
558	1	678	29
559	1	1095	29
560	1	1878	29
561	1	1356	29
562	1	1513	29
563	1	521	29
564	1	1878	29
565	1	834	29
565	1	1878	30
566	1	782	29
567	1	626	29
568	1	730	29
569	1	1408	29
570	1	1774	29
571	1	574	29
572	1	1930	29
575	1	574	29
575	1	1774	30
576	1	1722	29
577	1	834	29
578	1	1513	29
579	1	626	29
581	1	1304	29
582	1	626	29
583	1	730	29
583	1	1043	30
584	1	834	29
585	1	626	29
585	1	1826	30
586	1	574	29
587	1	626	29
587	1	1826	30
588	1	939	29
589	1	887	29
590	1	782	29
591	1	1982	29
593	1	1982	29
594	1	1304	29
595	1	834	29
595	1	1878	30
596	1	574	29
597	1	1513	29
598	1	626	29
599	1	782	29
600	1	2139	29
601	1	782	29
602	1	1774	29
603	1	626	29
604	1	1304	29
605	1	1669	29
606	1	1043	29
607	1	626	29
608	1	1148	29
611	1	626	29
612	1	1200	29
613	1	1774	29
614	1	1252	29
615	1	1461	29
616	1	1565	29
617	1	2035	29
619	1	1461	29
620	1	730	29
621	1	1461	29
622	1	678	29
623	1	1669	29
624	1	834	29
625	1	1669	29
626	1	991	29
627	1	991	29
628	1	1095	29
629	1	1408	29
630	1	1304	29
631	1	521	29
631	1	2243	30
632	1	626	29
633	1	1982	29
634	1	1356	29
635	1	1878	29
637	1	1513	29
638	1	2087	29
639	1	782	29
639	1	1982	30
640	1	1304	29
641	1	1043	29
642	1	1722	29
644	1	887	29
645	1	1148	29
646	1	626	29
646	1	1826	30
647	1	1930	29
648	1	1304	29
649	1	887	29
650	1	1930	29
651	1	2035	29
652	1	1043	29
653	1	1043	29
654	1	1356	29
655	1	626	29
656	1	521	29
657	1	939	29
658	1	939	29
658	1	2035	30
659	1	1200	29
660	1	1356	29
661	1	939	29
662	1	574	29
663	1	1565	29
664	1	782	29
664	1	2087	30
665	1	782	29
666	1	678	29
667	1	782	29
668	1	1461	29
669	1	1304	29
670	1	1356	29
671	1	1774	29
672	1	1304	29
673	1	1304	29
674	1	626	29
675	1	1200	29
676	1	626	29
676	1	1930	30
677	1	1356	29
678	1	730	29
679	1	1722	29
680	1	1513	29
681	1	1461	29
682	1	991	29
683	1	1774	29
684	1	1200	29
685	1	991	29
686	1	1148	29
687	1	1878	29
688	1	1774	29
689	1	1722	29
690	1	521	29
691	1	887	29
691	1	2035	30
692	1	1095	29
693	1	521	29
694	1	939	29
695	1	626	29
696	1	1408	29
697	1	782	29
698	1	1930	29
699	1	574	29
700	1	2191	29
701	1	1408	29
702	1	574	29
703	1	834	29
705	1	1461	29
706	1	678	29
707	1	834	29
708	1	1304	29
709	1	939	29
709	1	2087	30
710	1	939	29
711	1	1148	29
712	1	1356	29
714	1	730	29
715	1	626	29
716	1	626	29
717	1	1200	29
718	1	834	29
718	1	2139	30
719	1	1408	29
721	1	1148	29
722	1	521	29
722	1	1148	30
723	1	887	29
724	1	626	29
725	1	834	29
726	1	574	29
727	1	1774	29
728	1	1930	29
729	1	834	29
730	1	1148	29
731	1	730	29
732	1	887	29
733	1	887	29
734	1	730	29
736	1	1565	29
737	1	782	29
738	1	939	29
738	1	2035	30
739	1	1148	29
741	1	939	29
742	1	678	29
742	1	991	30
743	1	626	29
744	1	1304	29
745	1	1513	29
746	1	1774	29
747	1	1356	29
749	1	1774	29
750	1	678	29
751	1	1617	29
752	1	1356	29
753	1	782	29
753	1	2035	30
754	1	834	29
755	1	626	29
756	1	834	29
756	1	1826	30
757	1	2087	29
758	1	626	29
759	1	1826	29
760	1	521	29
761	1	574	29
762	1	1148	29
763	1	1356	29
765	1	782	29
766	1	887	29
767	1	1669	29
768	1	1930	29
769	1	1304	29
771	1	1669	29
772	1	1356	29
773	1	1878	29
774	1	626	29
775	1	1722	29
776	1	678	29
776	1	2035	30
778	1	730	29
779	1	2035	29
780	1	1982	29
781	1	626	29
782	1	939	29
783	1	1930	29
784	1	730	29
785	1	782	29
786	1	626	29
787	1	1826	29
788	1	782	29
789	1	1148	29
790	1	1356	29
791	1	1826	29
792	1	887	29
793	1	626	29
794	1	574	29
795	1	2087	29
796	1	1826	29
797	1	834	29
798	1	1513	29
800	1	1774	29
801	1	1408	29
802	1	939	29
803	1	1148	29
804	1	521	29
806	1	1826	29
807	1	678	29
807	1	991	30
809	1	2243	29
810	1	730	29
811	1	730	29
812	1	887	29
812	1	2139	30
813	1	1408	29
815	1	626	29
816	1	1200	29
817	1	2295	29
818	1	574	29
819	1	1930	29
820	1	1930	29
821	1	1304	29
822	1	626	29
823	1	782	29
823	1	1095	30
824	1	1252	29
825	1	1095	29
826	1	1461	29
827	1	1356	29
828	1	1304	29
829	1	2139	29
830	1	1669	29
831	1	939	29
831	1	1930	30
832	1	887	29
832	1	1878	30
833	1	1356	29
834	1	730	29
834	1	2035	30
835	1	1043	29
837	1	1722	29
838	1	730	29
838	1	2243	30
839	1	1878	29
840	1	574	29
840	1	1774	30
841	1	834	29
842	1	1304	29
843	1	730	29
843	1	1148	30
844	1	1722	29
845	1	1774	29
846	1	1878	29
847	1	1722	29
848	1	574	29
850	1	939	29
850	1	1878	30
852	1	1408	29
853	1	1826	29
854	1	1200	29
855	1	834	29
856	1	1826	29
857	1	1774	29
858	1	1252	29
859	1	1304	29
860	1	2087	29
861	1	887	29
862	1	2035	29
863	1	887	29
864	1	782	29
864	1	1878	30
865	1	730	29
866	1	730	29
867	1	574	29
868	1	1095	29
869	1	1095	29
870	1	1669	29
871	1	1356	29
873	1	730	29
873	1	1826	30
875	1	469	29
876	1	730	29
877	1	626	29
877	1	1826	30
878	1	1722	29
879	1	1095	29
880	1	678	29
881	1	1408	29
882	1	1408	29
883	1	2191	29
884	1	887	29
885	1	730	29
885	1	1826	30
886	1	1356	29
887	1	1200	29
888	1	1513	29
889	1	1826	29
890	1	1356	29
891	1	887	29
892	1	2035	29
893	1	887	29
894	1	991	29
895	1	521	29
896	1	678	29
897	1	782	29
898	1	834	29
899	1	782	29
899	1	2191	30
900	1	1408	29
901	1	626	29
902	1	1304	29
903	1	678	29
903	1	2139	30
905	1	1669	29
906	1	678	29
908	1	782	29
910	1	1252	29
911	1	1408	29
912	1	939	29
913	1	1461	29
914	1	1304	29
915	1	1408	29
916	1	678	29
917	1	574	29
918	1	1252	29
919	1	1774	29
920	1	1304	29
921	1	626	29
922	1	1722	29
923	1	1774	29
924	1	939	29
925	1	782	29
926	1	1043	29
926	1	2295	30
927	1	1408	29
929	1	1043	29
931	1	626	29
931	1	1826	30
932	1	1669	29
933	1	1408	29
934	1	1565	29
935	1	678	29
936	1	626	29
937	1	1356	29
938	1	1565	29
939	1	1722	29
940	1	1148	29
941	1	730	29
941	1	2035	30
942	1	730	29
942	1	1826	30
943	1	626	29
944	1	574	29
945	1	1930	29
946	1	574	29
947	1	782	29
947	1	1774	30
948	1	782	29
949	1	574	29
949	1	1774	30
950	1	730	29
950	1	1043	30
953	1	887	29
954	1	626	29
956	1	626	29
957	1	1878	29
958	1	1617	29
960	1	1095	29
961	1	991	29
962	1	2087	29
963	1	834	29
964	1	887	29
964	1	1930	30
965	1	1356	29
966	1	782	29
967	1	1826	29
968	1	887	29
969	1	574	29
971	1	939	29
972	1	678	29
972	1	991	30
973	1	521	29
974	1	991	29
975	1	1408	29
976	1	1043	29
978	1	834	29
979	1	1826	29
980	1	2243	29
981	1	1461	29
982	1	991	29
983	1	626	29
984	1	1513	29
985	1	1304	29
987	1	1722	29
988	1	887	29
989	1	626	29
990	1	1878	29
992	1	2295	29
993	1	1356	29
995	1	626	29
996	1	1722	29
998	1	1095	29
998	1	1982	30
999	1	1878	29
0	2	261	26
0	2	574	33
0	2	1200	13
1	2	261	26
1	2	574	33
1	2	1252	13
2	2	261	26
2	2	887	33
3	2	261	26
3	2	1617	33
4	2	261	26
4	2	782	33
4	2	1200	13
5	2	261	26
5	2	730	33
6	2	261	26
6	2	887	33
6	2	1982	13
7	2	261	26
7	2	1461	33
8	2	261	26
8	2	1043	33
8	2	1356	13
9	2	261	26
10	2	261	26
10	2	574	33
10	2	1200	13
11	2	261	26
12	2	261	26
13	2	261	26
14	2	261	26
14	2	626	33
14	2	1200	13
15	2	261	26
15	2	730	33
15	2	1408	13
16	2	261	26
16	2	782	33
16	2	1200	13
17	2	261	26
17	2	678	33
17	2	1200	13
18	2	261	26
18	2	678	33
18	2	1200	13
19	2	261	26
20	2	261	26
20	2	991	33
20	2	1461	13
21	2	261	26
21	2	626	33
21	2	1200	13
22	2	261	26
22	2	1669	33
23	2	261	26
23	2	678	33
23	2	1200	13
24	2	261	26
24	2	678	33
24	2	1200	13
25	2	261	26
26	2	261	26
26	2	1043	33
26	2	1722	13
27	2	261	26
27	2	678	33
27	2	1252	13
28	2	261	26
28	2	1148	33
28	2	1461	13
29	2	261	26
30	2	261	26
31	2	261	26
31	2	834	33
32	2	261	26
32	2	1617	33
33	2	261	26
33	2	991	33
34	2	261	26
34	2	1148	33
34	2	1617	13
35	2	261	26
35	2	678	33
35	2	1200	13
36	2	261	26
36	2	730	33
36	2	1200	13
37	2	261	26
37	2	939	33
38	2	261	26
38	2	939	33
39	2	261	26
39	2	834	33
39	2	1461	13
40	2	261	26
40	2	574	33
40	2	1200	13
41	2	261	26
41	2	1148	33
41	2	1669	13
42	2	261	26
42	2	1095	33
42	2	1513	13
43	2	261	26
43	2	782	33
43	2	1200	13
44	2	261	26
45	2	261	26
45	2	1043	33
45	2	1461	13
46	2	261	26
46	2	782	33
46	2	2035	13
47	2	261	26
47	2	1722	33
48	2	261	26
49	2	261	26
49	2	782	33
49	2	1200	13
50	2	261	26
51	2	261	26
52	2	261	26
53	2	261	26
53	2	730	33
53	2	1200	13
54	2	261	26
55	2	261	26
55	2	939	33
56	2	261	26
57	2	261	26
57	2	678	33
57	2	1200	13
58	2	261	26
58	2	834	33
58	2	1304	13
59	2	261	26
59	2	626	33
59	2	1200	13
60	2	261	26
61	2	261	26
61	2	834	33
62	2	261	26
62	2	730	33
62	2	1200	13
63	2	261	26
63	2	1043	33
63	2	1408	13
64	2	261	26
65	2	261	26
65	2	1304	33
66	2	261	26
67	2	261	26
67	2	1200	33
67	2	1513	13
68	2	261	26
69	2	261	26
69	2	1408	33
70	2	261	26
70	2	991	33
71	2	261	26
71	2	1461	33
72	2	261	26
73	2	261	26
74	2	261	26
75	2	261	26
75	2	626	33
75	2	1252	13
76	2	261	26
77	2	261	26
78	2	261	26
79	2	261	26
79	2	1408	33
80	2	261	26
80	2	782	33
80	2	1513	13
81	2	261	26
81	2	834	33
82	2	261	26
82	2	2139	33
83	2	261	26
83	2	1774	33
84	2	261	26
84	2	834	33
85	2	261	26
86	2	261	26
87	2	261	26
87	2	626	33
87	2	1200	13
88	2	261	26
88	2	1043	33
88	2	1461	13
89	2	261	26
89	2	1408	33
90	2	261	26
91	2	261	26
91	2	991	33
92	2	261	26
92	2	626	33
92	2	1304	13
93	2	261	26
94	2	261	26
95	2	261	26
96	2	261	26
96	2	1669	33
97	2	261	26
98	2	261	26
99	2	261	26
100	2	261	26
101	2	261	26
101	2	1043	33
102	2	261	26
102	2	991	33
102	2	1774	13
103	2	261	26
103	2	1669	33
104	2	261	26
104	2	887	33
104	2	1304	13
105	2	261	26
106	2	261	26
106	2	1148	33
106	2	1461	13
107	2	261	26
107	2	626	33
107	2	1200	13
108	2	261	26
108	2	730	33
108	2	1252	13
109	2	261	26
110	2	261	26
110	2	678	33
110	2	1200	13
111	2	261	26
111	2	887	33
112	2	261	26
113	2	261	26
113	2	626	33
113	2	1200	13
114	2	261	26
114	2	939	33
115	2	261	26
116	2	261	26
117	2	261	26
118	2	261	26
118	2	1774	33
119	2	261	26
119	2	2295	33
120	2	261	26
120	2	1669	33
121	2	261	26
122	2	261	26
122	2	678	33
122	2	1200	13
123	2	261	26
124	2	261	26
124	2	678	33
124	2	1200	13
125	2	261	26
125	2	782	33
125	2	1200	13
126	2	261	26
126	2	626	33
126	2	1200	13
127	2	261	26
127	2	678	33
127	2	1200	13
128	2	261	26
128	2	626	33
128	2	1200	13
129	2	261	26
130	2	261	26
130	2	834	33
131	2	261	26
131	2	1043	33
131	2	1408	13
132	2	261	26
132	2	574	33
132	2	1826	13
133	2	261	26
133	2	939	33
133	2	1669	13
134	2	261	26
134	2	1669	33
135	2	261	26
135	2	730	33
135	2	1304	13
136	2	261	26
136	2	574	33
136	2	1200	13
137	2	261	26
137	2	1252	33
137	2	1722	13
138	2	261	26
138	2	574	33
138	2	1200	13
139	2	261	26
139	2	730	33
139	2	1200	13
140	2	261	26
141	2	261	26
141	2	626	33
141	2	1200	13
142	2	261	26
143	2	261	26
144	2	261	26
145	2	261	26
145	2	1669	33
146	2	261	26
146	2	887	33
146	2	1356	13
147	2	261	26
147	2	939	33
147	2	1565	13
148	2	261	26
149	2	261	26
149	2	678	33
149	2	1200	13
150	2	261	26
150	2	730	33
150	2	1356	13
151	2	261	26
151	2	2243	33
152	2	261	26
152	2	834	33
152	2	1304	13
153	2	261	26
154	2	261	26
154	2	782	33
154	2	1200	13
155	2	261	26
155	2	678	33
155	2	1200	13
156	2	261	26
156	2	626	33
156	2	1200	13
157	2	261	26
158	2	261	26
158	2	834	33
158	2	1304	13
159	2	261	26
159	2	574	33
159	2	1200	13
160	2	261	26
160	2	1043	33
160	2	1617	13
161	2	261	26
162	2	261	26
162	2	1408	33
163	2	261	26
164	2	261	26
164	2	730	33
164	2	2139	13
165	2	261	26
165	2	782	33
165	2	1200	13
166	2	261	26
167	2	261	26
168	2	261	26
169	2	261	26
169	2	626	33
169	2	2243	13
170	2	261	26
170	2	626	33
170	2	1200	13
171	2	261	26
172	2	261	26
172	2	1513	33
173	2	261	26
174	2	261	26
174	2	1408	33
175	2	261	26
175	2	887	33
175	2	1356	13
176	2	261	26
176	2	730	33
176	2	2191	13
177	2	261	26
178	2	261	26
179	2	261	26
179	2	834	33
179	2	1252	13
180	2	261	26
181	2	261	26
181	2	626	33
181	2	1982	13
182	2	261	26
183	2	261	26
183	2	678	33
183	2	1200	13
184	2	261	26
185	2	261	26
185	2	782	33
185	2	1200	13
186	2	261	26
187	2	261	26
187	2	1200	33
187	2	1722	13
188	2	261	26
189	2	261	26
189	2	1095	33
189	2	1513	13
190	2	261	26
191	2	261	26
191	2	678	33
192	2	261	26
192	2	887	33
192	2	1304	13
193	2	261	26
193	2	991	33
193	2	1722	13
194	2	261	26
195	2	261	26
196	2	261	26
196	2	574	33
196	2	1200	13
197	2	261	26
198	2	261	26
198	2	1148	33
198	2	1513	13
199	2	261	26
199	2	626	33
199	2	1200	13
200	2	261	26
200	2	1669	33
201	2	261	26
202	2	261	26
202	2	1461	33
203	2	261	26
203	2	1408	33
203	2	1722	13
204	2	261	26
204	2	782	33
204	2	1356	13
205	2	261	26
206	2	261	26
206	2	574	33
206	2	1200	13
207	2	261	26
207	2	678	33
207	2	1200	13
208	2	261	26
208	2	834	33
208	2	1356	13
209	2	261	26
210	2	261	26
210	2	887	33
210	2	1669	13
211	2	261	26
212	2	261	26
212	2	1461	33
213	2	261	26
214	2	261	26
215	2	261	26
215	2	1774	33
216	2	261	26
217	2	261	26
217	2	1617	33
218	2	261	26
218	2	1252	33
218	2	1565	13
219	2	261	26
220	2	261	26
221	2	261	26
221	2	1200	33
221	2	1722	13
222	2	261	26
223	2	261	26
224	2	261	26
224	2	1565	33
225	2	261	26
225	2	626	33
225	2	1200	13
226	2	261	26
226	2	782	33
226	2	1200	13
227	2	261	26
227	2	2295	33
228	2	261	26
228	2	678	33
228	2	1200	13
229	2	261	26
229	2	1200	33
229	2	1617	13
230	2	261	26
230	2	626	33
230	2	1200	13
231	2	261	26
231	2	626	33
231	2	1200	13
232	2	261	26
232	2	730	33
232	2	1200	13
233	2	261	26
234	2	261	26
235	2	261	26
236	2	261	26
237	2	261	26
238	2	261	26
239	2	261	26
240	2	261	26
240	2	678	33
240	2	1200	13
241	2	261	26
241	2	1148	33
241	2	1513	13
242	2	261	26
242	2	991	33
242	2	1356	13
243	2	261	26
243	2	574	33
243	2	1200	13
244	2	261	26
244	2	626	33
244	2	1200	13
245	2	261	26
245	2	2295	33
246	2	261	26
247	2	261	26
248	2	261	26
248	2	626	33
248	2	1200	13
249	2	261	26
249	2	626	33
249	2	1200	13
250	2	261	26
250	2	626	33
250	2	1200	13
251	2	261	26
251	2	887	33
251	2	1565	13
252	2	261	26
253	2	261	26
254	2	261	26
255	2	261	26
256	2	261	26
256	2	1304	33
256	2	1722	13
257	2	261	26
257	2	1669	33
258	2	261	26
258	2	574	33
258	2	1200	13
259	2	261	26
259	2	626	33
259	2	1200	13
260	2	261	26
260	2	730	33
260	2	1669	13
261	2	261	26
262	2	261	26
262	2	1304	33
263	2	261	26
264	2	261	26
264	2	782	33
264	2	2295	13
265	2	261	26
265	2	730	33
266	2	261	26
266	2	939	33
266	2	1669	13
267	2	261	26
267	2	626	33
267	2	1982	13
268	2	261	26
268	2	1408	33
268	2	1774	13
269	2	261	26
269	2	730	33
269	2	1200	13
270	2	261	26
271	2	261	26
271	2	991	33
271	2	1461	13
272	2	261	26
272	2	678	33
272	2	1200	13
273	2	261	26
274	2	261	26
275	2	261	26
276	2	261	26
277	2	261	26
278	2	261	26
279	2	261	26
280	2	261	26
280	2	2139	33
281	2	261	26
282	2	261	26
283	2	261	26
283	2	1669	33
284	2	261	26
284	2	574	33
284	2	1200	13
285	2	261	26
285	2	1513	33
286	2	261	26
286	2	678	33
286	2	1200	13
287	2	261	26
288	2	261	26
288	2	782	33
288	2	1669	13
289	2	261	26
290	2	261	26
291	2	261	26
291	2	939	33
292	2	261	26
293	2	261	26
293	2	574	33
293	2	1200	13
294	2	261	26
294	2	730	33
295	2	261	26
296	2	261	26
296	2	730	33
296	2	1200	13
297	2	261	26
298	2	261	26
298	2	1461	33
299	2	261	26
299	2	678	33
300	2	261	26
301	2	261	26
301	2	574	33
301	2	1200	13
302	2	261	26
302	2	887	33
302	2	1356	13
303	2	261	26
303	2	626	33
303	2	1200	13
304	2	261	26
304	2	626	33
304	2	1200	13
305	2	261	26
306	2	261	26
306	2	626	33
306	2	1200	13
307	2	261	26
308	2	261	26
308	2	1878	33
309	2	261	26
309	2	626	33
309	2	1200	13
310	2	261	26
310	2	834	33
310	2	1200	13
311	2	261	26
312	2	261	26
313	2	261	26
314	2	261	26
315	2	261	26
315	2	1095	33
315	2	1513	13
316	2	261	26
317	2	261	26
318	2	261	26
319	2	261	26
320	2	261	26
321	2	261	26
321	2	626	33
322	2	261	26
322	2	730	33
322	2	1930	13
323	2	261	26
324	2	261	26
325	2	261	26
326	2	261	26
326	2	626	33
326	2	1200	13
327	2	261	26
327	2	1461	33
328	2	261	26
329	2	261	26
330	2	261	26
330	2	1200	33
330	2	1513	13
331	2	261	26
331	2	678	33
331	2	1826	13
332	2	261	26
332	2	887	33
332	2	1304	13
333	2	261	26
333	2	626	33
333	2	1200	13
334	2	261	26
335	2	261	26
335	2	626	33
335	2	1200	13
336	2	261	26
336	2	730	33
336	2	1461	13
337	2	261	26
338	2	261	26
339	2	261	26
339	2	678	33
339	2	2191	13
340	2	261	26
340	2	1669	33
341	2	261	26
341	2	1617	33
342	2	261	26
342	2	730	33
342	2	1200	13
343	2	261	26
343	2	574	33
343	2	1200	13
344	2	261	26
345	2	261	26
345	2	991	33
345	2	1356	13
346	2	261	26
346	2	834	33
346	2	1200	13
347	2	261	26
347	2	991	33
348	2	261	26
348	2	730	33
348	2	1252	13
349	2	261	26
349	2	678	33
349	2	1200	13
350	2	261	26
351	2	261	26
351	2	887	33
352	2	261	26
352	2	939	33
352	2	1408	13
353	2	261	26
353	2	730	33
353	2	1304	13
354	2	261	26
354	2	626	33
354	2	1200	13
355	2	261	26
355	2	834	33
356	2	261	26
356	2	1565	33
357	2	261	26
357	2	834	33
358	2	261	26
358	2	1461	33
359	2	261	26
360	2	261	26
361	2	261	26
361	2	887	33
361	2	1617	13
362	2	261	26
363	2	261	26
364	2	261	26
364	2	678	33
364	2	2191	13
365	2	261	26
366	2	261	26
366	2	1304	33
366	2	1669	13
367	2	261	26
367	2	834	33
368	2	261	26
368	2	574	33
368	2	1200	13
369	2	261	26
369	2	834	33
369	2	1200	13
370	2	261	26
371	2	261	26
371	2	730	33
371	2	1461	13
372	2	261	26
372	2	1565	33
373	2	261	26
374	2	261	26
375	2	261	26
376	2	261	26
376	2	939	33
377	2	261	26
378	2	261	26
378	2	1669	33
379	2	261	26
379	2	1095	33
379	2	1565	13
380	2	261	26
380	2	939	33
381	2	261	26
381	2	991	33
382	2	261	26
382	2	782	33
382	2	2243	13
383	2	261	26
384	2	261	26
384	2	782	33
384	2	1669	13
385	2	261	26
385	2	1617	33
386	2	261	26
386	2	834	33
387	2	261	26
387	2	887	33
387	2	1200	13
388	2	261	26
389	2	261	26
389	2	678	33
389	2	1252	13
390	2	261	26
390	2	574	33
390	2	1200	13
391	2	261	26
391	2	782	33
391	2	1252	13
392	2	261	26
393	2	261	26
393	2	574	33
393	2	1200	13
394	2	261	26
394	2	1356	33
395	2	261	26
396	2	261	26
396	2	678	33
396	2	1200	13
397	2	261	26
397	2	1669	33
398	2	261	26
398	2	939	33
399	2	261	26
399	2	678	33
399	2	1200	13
400	2	261	26
400	2	834	33
400	2	2243	13
401	2	261	26
402	2	261	26
402	2	991	33
402	2	1461	13
403	2	261	26
404	2	261	26
404	2	1826	33
405	2	261	26
406	2	261	26
406	2	782	33
406	2	1252	13
407	2	261	26
407	2	1617	33
408	2	261	26
409	2	261	26
410	2	261	26
411	2	261	26
411	2	626	33
411	2	1200	13
412	2	261	26
412	2	678	33
412	2	1200	13
413	2	261	26
413	2	574	33
413	2	1200	13
414	2	261	26
414	2	991	33
414	2	1408	13
415	2	261	26
415	2	834	33
415	2	1304	13
416	2	261	26
417	2	261	26
417	2	782	33
417	2	1722	13
418	2	261	26
418	2	939	33
418	2	1252	13
419	2	261	26
419	2	834	33
419	2	1252	13
420	2	261	26
420	2	1617	33
421	2	261	26
422	2	261	26
423	2	261	26
423	2	1461	33
424	2	261	26
424	2	678	33
424	2	1200	13
425	2	261	26
425	2	939	33
426	2	261	26
426	2	1461	33
427	2	261	26
428	2	261	26
428	2	678	33
429	2	261	26
429	2	939	33
429	2	1356	13
430	2	261	26
430	2	782	33
430	2	1565	13
431	2	261	26
431	2	626	33
431	2	1200	13
432	2	261	26
432	2	782	33
432	2	1200	13
433	2	261	26
433	2	1200	33
433	2	1669	13
434	2	261	26
434	2	730	33
434	2	1200	13
435	2	261	26
435	2	678	33
435	2	1200	13
436	2	261	26
436	2	678	33
436	2	1200	13
437	2	261	26
437	2	678	33
437	2	1930	13
438	2	261	26
438	2	1095	33
438	2	1408	13
439	2	261	26
440	2	261	26
440	2	1461	33
441	2	261	26
442	2	261	26
442	2	1200	33
442	2	2243	13
443	2	261	26
444	2	261	26
445	2	261	26
445	2	626	33
445	2	1200	13
446	2	261	26
447	2	261	26
448	2	261	26
449	2	261	26
450	2	261	26
451	2	261	26
451	2	1200	33
451	2	1774	13
452	2	261	26
452	2	834	33
453	2	261	26
453	2	626	33
453	2	1200	13
454	2	261	26
455	2	261	26
455	2	1669	33
456	2	261	26
457	2	261	26
457	2	1461	33
458	2	261	26
459	2	261	26
460	2	261	26
460	2	678	33
460	2	1617	13
461	2	261	26
461	2	678	33
461	2	1200	13
462	2	261	26
462	2	887	33
463	2	261	26
463	2	834	33
463	2	1200	13
464	2	261	26
464	2	1461	33
465	2	261	26
465	2	730	33
465	2	1826	13
466	2	261	26
466	2	626	33
466	2	1200	13
467	2	261	26
467	2	626	33
467	2	1200	13
468	2	261	26
468	2	626	33
468	2	1200	13
469	2	261	26
469	2	574	33
469	2	1200	13
470	2	261	26
471	2	261	26
472	2	261	26
472	2	730	33
472	2	1408	13
473	2	261	26
473	2	1408	33
473	2	2035	13
474	2	261	26
474	2	730	33
474	2	1200	13
475	2	261	26
476	2	261	26
477	2	261	26
478	2	261	26
478	2	2087	33
479	2	261	26
480	2	261	26
481	2	261	26
481	2	887	33
481	2	1200	13
482	2	261	26
482	2	887	33
483	2	261	26
484	2	261	26
485	2	261	26
486	2	261	26
487	2	261	26
487	2	626	33
487	2	1304	13
488	2	261	26
489	2	261	26
489	2	626	33
489	2	1200	13
490	2	261	26
490	2	1200	33
490	2	1774	13
491	2	261	26
491	2	1356	33
492	2	261	26
492	2	1408	33
493	2	261	26
494	2	261	26
494	2	782	33
495	2	261	26
495	2	1252	33
496	2	261	26
496	2	1043	33
496	2	1408	13
497	2	261	26
497	2	678	33
497	2	2295	13
498	2	261	26
498	2	991	33
499	2	261	26
499	2	834	33
500	2	261	26
500	2	626	33
500	2	1200	13
501	2	261	26
502	2	261	26
502	2	1408	33
503	2	261	26
503	2	574	33
503	2	1200	13
504	2	261	26
505	2	261	26
506	2	261	26
507	2	261	26
508	2	261	26
508	2	678	33
508	2	1200	13
509	2	261	26
510	2	261	26
511	2	261	26
512	2	261	26
512	2	1356	33
513	2	261	26
513	2	1513	33
514	2	261	26
514	2	782	33
514	2	1513	13
515	2	261	26
515	2	626	33
515	2	1200	13
516	2	261	26
517	2	261	26
518	2	261	26
518	2	1408	33
519	2	261	26
519	2	782	33
519	2	1200	13
520	2	261	26
520	2	939	33
521	2	261	26
521	2	678	33
521	2	1200	13
522	2	261	26
522	2	1148	33
522	2	1461	13
523	2	261	26
523	2	730	33
523	2	1252	13
524	2	261	26
525	2	261	26
525	2	887	33
525	2	1200	13
526	2	261	26
527	2	261	26
527	2	626	33
527	2	1252	13
528	2	261	26
528	2	574	33
528	2	1200	13
529	2	261	26
529	2	626	33
529	2	1200	13
530	2	261	26
530	2	1774	33
531	2	261	26
531	2	1461	33
532	2	261	26
532	2	1669	33
533	2	261	26
534	2	261	26
534	2	626	33
534	2	1200	13
535	2	261	26
536	2	261	26
537	2	261	26
537	2	939	33
537	2	1461	13
538	2	261	26
538	2	678	33
538	2	1200	13
539	2	261	26
539	2	574	33
539	2	1200	13
540	2	261	26
541	2	261	26
541	2	782	33
541	2	1617	13
542	2	261	26
542	2	1722	33
543	2	261	26
543	2	1565	33
544	2	261	26
544	2	887	33
544	2	1252	13
545	2	261	26
546	2	261	26
546	2	1722	33
547	2	261	26
547	2	939	33
547	2	1252	13
548	2	261	26
549	2	261	26
550	2	261	26
550	2	678	33
550	2	1200	13
551	2	261	26
551	2	678	33
551	2	1200	13
552	2	261	26
553	2	261	26
553	2	1513	33
554	2	261	26
554	2	626	33
554	2	1200	13
555	2	261	26
555	2	626	33
555	2	1200	13
556	2	261	26
556	2	1252	33
557	2	261	26
558	2	261	26
558	2	730	33
558	2	2087	13
559	2	261	26
559	2	1513	33
560	2	261	26
561	2	261	26
562	2	261	26
562	2	1513	33
563	2	261	26
563	2	1148	33
563	2	1461	13
564	2	261	26
565	2	261	26
565	2	730	33
565	2	1200	13
566	2	261	26
566	2	782	33
566	2	1722	13
567	2	261	26
567	2	1565	33
568	2	261	26
568	2	678	33
568	2	1200	13
569	2	261	26
569	2	1513	33
570	2	261	26
571	2	261	26
571	2	678	33
571	2	1252	13
572	2	261	26
573	2	261	26
574	2	261	26
574	2	991	33
575	2	261	26
575	2	626	33
575	2	1200	13
576	2	261	26
576	2	1722	33
577	2	261	26
577	2	626	33
577	2	1200	13
578	2	261	26
579	2	261	26
580	2	261	26
581	2	261	26
581	2	1565	33
582	2	261	26
582	2	1617	33
583	2	261	26
583	2	626	33
583	2	1200	13
584	2	261	26
584	2	730	33
584	2	2191	13
585	2	261	26
585	2	626	33
585	2	1200	13
586	2	261	26
586	2	1148	33
586	2	1461	13
587	2	261	26
587	2	574	33
587	2	1200	13
588	2	261	26
588	2	887	33
588	2	1513	13
589	2	261	26
589	2	834	33
589	2	1304	13
590	2	261	26
590	2	730	33
590	2	1200	13
591	2	261	26
592	2	261	26
593	2	261	26
594	2	261	26
594	2	1722	33
595	2	261	26
595	2	730	33
595	2	1200	13
596	2	261	26
596	2	1148	33
596	2	1617	13
597	2	261	26
598	2	261	26
598	2	626	33
598	2	1200	13
599	2	261	26
599	2	574	33
599	2	1200	13
600	2	261	26
601	2	261	26
601	2	834	33
601	2	1774	13
602	2	261	26
603	2	261	26
604	2	261	26
604	2	1461	33
605	2	261	26
605	2	1722	33
606	2	261	26
606	2	1043	33
606	2	1513	13
607	2	261	26
607	2	678	33
607	2	1200	13
608	2	261	26
608	2	782	33
608	2	1252	13
609	2	261	26
610	2	261	26
611	2	261	26
611	2	1617	33
612	2	261	26
612	2	1617	33
613	2	261	26
614	2	261	26
614	2	1722	33
615	2	261	26
615	2	1669	33
616	2	261	26
616	2	1565	33
617	2	261	26
618	2	261	26
619	2	261	26
620	2	261	26
620	2	730	33
621	2	261	26
621	2	1408	33
622	2	261	26
622	2	626	33
623	2	261	26
624	2	261	26
624	2	782	33
625	2	261	26
625	2	1565	33
626	2	261	26
626	2	834	33
626	2	1200	13
627	2	261	26
627	2	887	33
627	2	1356	13
628	2	261	26
628	2	1200	33
628	2	1669	13
629	2	261	26
630	2	261	26
630	2	1565	33
631	2	261	26
631	2	991	33
631	2	1513	13
632	2	261	26
632	2	574	33
632	2	1200	13
633	2	261	26
634	2	261	26
634	2	1774	33
635	2	261	26
636	2	261	26
637	2	261	26
638	2	261	26
639	2	261	26
639	2	782	33
639	2	1200	13
640	2	261	26
641	2	261	26
641	2	991	33
642	2	261	26
643	2	261	26
644	2	261	26
644	2	834	33
645	2	261	26
645	2	1200	33
645	2	1617	13
646	2	261	26
646	2	730	33
646	2	1200	13
647	2	261	26
648	2	261	26
648	2	1408	33
649	2	261	26
649	2	834	33
649	2	1356	13
650	2	261	26
651	2	261	26
651	2	887	33
652	2	261	26
652	2	991	33
652	2	1617	13
653	2	261	26
653	2	939	33
653	2	1617	13
654	2	261	26
655	2	261	26
655	2	1356	33
655	2	1774	13
656	2	261	26
656	2	1043	33
656	2	1669	13
657	2	261	26
657	2	782	33
658	2	261	26
658	2	834	33
658	2	1200	13
659	2	261	26
659	2	1722	33
660	2	261	26
661	2	261	26
661	2	782	33
661	2	1200	13
662	2	261	26
662	2	1200	33
662	2	1617	13
663	2	261	26
664	2	261	26
664	2	730	33
664	2	1200	13
665	2	261	26
665	2	678	33
665	2	1200	13
666	2	261	26
666	2	626	33
666	2	1200	13
667	2	261	26
667	2	730	33
668	2	261	26
668	2	1669	33
669	2	261	26
669	2	1461	33
670	2	261	26
670	2	1617	33
671	2	261	26
672	2	261	26
673	2	261	26
673	2	1722	33
674	2	261	26
674	2	1304	33
674	2	1722	13
675	2	261	26
675	2	1356	33
676	2	261	26
676	2	626	33
676	2	1200	13
677	2	261	26
677	2	1304	33
677	2	1774	13
678	2	261	26
678	2	730	33
678	2	1461	13
679	2	261	26
680	2	261	26
680	2	1461	33
681	2	261	26
682	2	261	26
682	2	939	33
683	2	261	26
684	2	261	26
684	2	1408	33
684	2	1774	13
685	2	261	26
685	2	939	33
686	2	261	26
686	2	834	33
687	2	261	26
688	2	261	26
689	2	261	26
690	2	261	26
690	2	991	33
691	2	261	26
691	2	730	33
691	2	1200	13
692	2	261	26
692	2	939	33
692	2	1252	13
693	2	261	26
693	2	991	33
693	2	1408	13
694	2	261	26
694	2	887	33
694	2	1513	13
695	2	261	26
695	2	626	33
695	2	1200	13
696	2	261	26
697	2	261	26
697	2	730	33
697	2	1304	13
698	2	261	26
699	2	261	26
699	2	1304	33
699	2	1774	13
700	2	261	26
700	2	887	33
701	2	261	26
701	2	1304	33
702	2	261	26
702	2	991	33
703	2	261	26
703	2	730	33
703	2	1200	13
704	2	261	26
705	2	261	26
705	2	1878	33
706	2	261	26
706	2	626	33
706	2	1356	13
707	2	261	26
707	2	782	33
708	2	261	26
708	2	1513	33
709	2	261	26
709	2	834	33
709	2	1252	13
710	2	261	26
710	2	834	33
710	2	1200	13
711	2	261	26
711	2	1722	33
712	2	261	26
712	2	1565	33
713	2	261	26
714	2	261	26
714	2	626	33
714	2	1200	13
715	2	261	26
715	2	1513	33
716	2	261	26
716	2	574	33
716	2	1200	13
717	2	261	26
717	2	1408	33
717	2	2295	13
718	2	261	26
718	2	782	33
718	2	1200	13
719	2	261	26
720	2	261	26
721	2	261	26
721	2	1252	33
721	2	1565	13
722	2	261	26
722	2	626	33
722	2	1200	13
723	2	261	26
724	2	261	26
725	2	261	26
725	2	834	33
725	2	1304	13
726	2	261	26
726	2	1043	33
726	2	1356	13
727	2	261	26
728	2	261	26
729	2	261	26
729	2	834	33
730	2	261	26
730	2	1356	33
731	2	261	26
731	2	574	33
731	2	1408	13
732	2	261	26
732	2	939	33
733	2	261	26
733	2	782	33
733	2	1200	13
734	2	261	26
734	2	626	33
734	2	1200	13
735	2	261	26
736	2	261	26
737	2	261	26
737	2	730	33
737	2	1304	13
738	2	261	26
738	2	887	33
738	2	1252	13
739	2	261	26
739	2	1617	33
740	2	261	26
741	2	261	26
741	2	939	33
742	2	261	26
742	2	626	33
742	2	1200	13
743	2	261	26
743	2	678	33
743	2	1252	13
744	2	261	26
744	2	1722	33
745	2	261	26
746	2	261	26
747	2	261	26
747	2	1722	33
748	2	261	26
749	2	261	26
750	2	261	26
750	2	991	33
751	2	261	26
752	2	261	26
752	2	1408	33
753	2	261	26
753	2	678	33
753	2	1200	13
754	2	261	26
754	2	730	33
754	2	1200	13
755	2	261	26
755	2	678	33
755	2	1408	13
756	2	261	26
756	2	730	33
756	2	1200	13
757	2	261	26
758	2	261	26
758	2	574	33
758	2	1200	13
759	2	261	26
760	2	261	26
761	2	261	26
761	2	1722	33
762	2	261	26
762	2	939	33
762	2	1617	13
763	2	261	26
763	2	2295	33
764	2	261	26
765	2	261	26
765	2	678	33
765	2	1565	13
766	2	261	26
766	2	834	33
767	2	261	26
767	2	2139	33
768	2	261	26
769	2	261	26
770	2	261	26
771	2	261	26
771	2	1774	33
772	2	261	26
773	2	261	26
774	2	261	26
774	2	678	33
774	2	1200	13
775	2	261	26
776	2	261	26
776	2	626	33
776	2	1200	13
777	2	261	26
778	2	261	26
778	2	834	33
779	2	261	26
780	2	261	26
780	2	991	33
781	2	261	26
781	2	887	33
781	2	1356	13
782	2	261	26
782	2	991	33
783	2	261	26
784	2	261	26
784	2	626	33
784	2	1461	13
785	2	261	26
785	2	887	33
786	2	261	26
787	2	261	26
788	2	261	26
788	2	782	33
788	2	1408	13
789	2	261	26
789	2	1461	33
790	2	261	26
790	2	1565	33
791	2	261	26
792	2	261	26
792	2	887	33
793	2	261	26
793	2	678	33
793	2	1200	13
794	2	261	26
794	2	626	33
794	2	2087	13
795	2	261	26
796	2	261	26
797	2	261	26
797	2	678	33
797	2	2087	13
798	2	261	26
798	2	2035	33
799	2	261	26
800	2	261	26
801	2	261	26
802	2	261	26
802	2	887	33
802	2	1617	13
803	2	261	26
803	2	939	33
803	2	1461	13
804	2	261	26
804	2	1043	33
805	2	261	26
806	2	261	26
807	2	261	26
807	2	626	33
807	2	1200	13
808	2	261	26
809	2	261	26
810	2	261	26
810	2	574	33
810	2	1200	13
811	2	261	26
811	2	574	33
811	2	1356	13
812	2	261	26
812	2	730	33
812	2	1200	13
813	2	261	26
813	2	991	33
814	2	261	26
815	2	261	26
815	2	626	33
816	2	261	26
816	2	1774	33
817	2	261	26
818	2	261	26
818	2	991	33
818	2	1565	13
819	2	261	26
820	2	261	26
821	2	261	26
821	2	1722	33
822	2	261	26
822	2	626	33
822	2	1200	13
823	2	261	26
823	2	626	33
823	2	1200	13
824	2	261	26
824	2	1565	33
825	2	261	26
825	2	1461	33
826	2	261	26
826	2	1461	33
827	2	261	26
828	2	261	26
829	2	261	26
830	2	261	26
831	2	261	26
831	2	782	33
831	2	1200	13
832	2	261	26
832	2	730	33
832	2	1200	13
833	2	261	26
834	2	261	26
834	2	782	33
834	2	1200	13
835	2	261	26
835	2	991	33
836	2	261	26
837	2	261	26
838	2	261	26
838	2	678	33
838	2	1200	13
839	2	261	26
840	2	261	26
840	2	574	33
840	2	1200	13
841	2	261	26
841	2	834	33
842	2	261	26
842	2	1408	33
843	2	261	26
843	2	626	33
843	2	1200	13
844	2	261	26
845	2	261	26
846	2	261	26
847	2	261	26
847	2	1722	33
848	2	261	26
848	2	574	33
848	2	1200	13
849	2	261	26
850	2	261	26
850	2	782	33
850	2	1200	13
851	2	261	26
852	2	261	26
853	2	261	26
854	2	261	26
854	2	1513	33
855	2	261	26
855	2	834	33
856	2	261	26
856	2	991	33
857	2	261	26
858	2	261	26
858	2	1252	33
858	2	1722	13
859	2	261	26
860	2	261	26
861	2	261	26
861	2	730	33
862	2	261	26
863	2	261	26
863	2	782	33
863	2	1200	13
864	2	261	26
864	2	678	33
864	2	1200	13
865	2	261	26
865	2	730	33
865	2	1304	13
866	2	261	26
866	2	574	33
866	2	1200	13
867	2	261	26
867	2	1722	33
868	2	261	26
868	2	782	33
868	2	1461	13
869	2	261	26
869	2	1304	33
869	2	1669	13
870	2	261	26
870	2	1774	33
871	2	261	26
871	2	1617	33
872	2	261	26
873	2	261	26
873	2	626	33
873	2	1200	13
874	2	261	26
875	2	261	26
875	2	834	33
875	2	1356	13
876	2	261	26
876	2	678	33
877	2	261	26
877	2	626	33
877	2	1200	13
878	2	261	26
879	2	261	26
879	2	991	33
880	2	261	26
880	2	626	33
880	2	1200	13
881	2	261	26
882	2	261	26
883	2	261	26
884	2	261	26
884	2	782	33
884	2	2243	13
885	2	261	26
885	2	678	33
885	2	1200	13
886	2	261	26
887	2	261	26
887	2	939	33
888	2	261	26
889	2	261	26
890	2	261	26
891	2	261	26
891	2	782	33
891	2	1722	13
892	2	261	26
893	2	261	26
893	2	834	33
894	2	261	26
894	2	939	33
895	2	261	26
895	2	1774	33
896	2	261	26
896	2	782	33
897	2	261	26
897	2	782	33
897	2	1252	13
898	2	261	26
898	2	730	33
898	2	1200	13
899	2	261	26
899	2	730	33
899	2	1200	13
900	2	261	26
900	2	1774	33
901	2	261	26
901	2	626	33
901	2	1200	13
902	2	261	26
902	2	1252	33
903	2	261	26
903	2	782	33
903	2	1252	13
904	2	261	26
905	2	261	26
906	2	261	26
906	2	730	33
907	2	261	26
908	2	261	26
908	2	730	33
908	2	1200	13
909	2	261	26
910	2	261	26
910	2	1669	33
911	2	261	26
912	2	261	26
912	2	834	33
913	2	261	26
914	2	261	26
914	2	1304	33
915	2	261	26
916	2	261	26
916	2	834	33
916	2	1200	13
917	2	261	26
917	2	2191	33
918	2	261	26
919	2	261	26
920	2	261	26
921	2	261	26
922	2	261	26
922	2	991	33
923	2	261	26
924	2	261	26
924	2	782	33
924	2	1200	13
925	2	261	26
925	2	730	33
926	2	261	26
926	2	939	33
926	2	1356	13
927	2	261	26
927	2	1356	33
928	2	261	26
929	2	261	26
929	2	834	33
929	2	1356	13
930	2	261	26
931	2	261	26
931	2	626	33
931	2	1200	13
932	2	261	26
932	2	1982	33
933	2	261	26
934	2	261	26
934	2	1774	33
935	2	261	26
935	2	730	33
935	2	1461	13
936	2	261	26
937	2	261	26
938	2	261	26
938	2	1617	33
939	2	261	26
940	2	261	26
940	2	939	33
940	2	1356	13
941	2	261	26
941	2	626	33
941	2	1200	13
942	2	261	26
942	2	678	33
942	2	1200	13
943	2	261	26
944	2	261	26
944	2	1513	33
945	2	261	26
946	2	261	26
946	2	1461	33
947	2	261	26
947	2	730	33
947	2	1200	13
948	2	261	26
948	2	678	33
948	2	1200	13
949	2	261	26
949	2	574	33
949	2	1200	13
950	2	261	26
950	2	626	33
950	2	1200	13
951	2	261	26
952	2	261	26
953	2	261	26
953	2	678	33
953	2	1200	13
954	2	261	26
954	2	574	33
954	2	1200	13
955	2	261	26
956	2	261	26
957	2	261	26
958	2	261	26
959	2	261	26
960	2	261	26
960	2	1095	33
960	2	1669	13
961	2	261	26
961	2	887	33
961	2	1617	13
962	2	261	26
963	2	261	26
963	2	782	33
964	2	261	26
964	2	730	33
964	2	1200	13
965	2	261	26
965	2	1565	33
966	2	261	26
966	2	730	33
966	2	1304	13
967	2	261	26
968	2	261	26
968	2	939	33
969	2	261	26
969	2	1200	33
969	2	1565	13
970	2	261	26
971	2	261	26
971	2	834	33
971	2	1304	13
972	2	261	26
972	2	678	33
972	2	1200	13
973	2	261	26
973	2	939	33
974	2	261	26
974	2	887	33
975	2	261	26
976	2	261	26
976	2	991	33
976	2	1304	13
977	2	261	26
978	2	261	26
978	2	782	33
978	2	1252	13
979	2	261	26
980	2	261	26
981	2	261	26
981	2	1252	33
981	2	1722	13
982	2	261	26
982	2	834	33
983	2	261	26
983	2	678	33
983	2	1356	13
984	2	261	26
984	2	1513	33
985	2	261	26
985	2	1669	33
986	2	261	26
987	2	261	26
988	2	261	26
988	2	887	33
989	2	261	26
989	2	626	33
989	2	2139	13
990	2	261	26
991	2	261	26
992	2	261	26
993	2	261	26
994	2	261	26
995	2	261	26
995	2	574	33
995	2	1200	13
996	2	261	26
997	2	261	26
998	2	261	26
998	2	887	33
998	2	1200	13
999	2	261	26
0	3	678	29
0	3	991	30
0	3	1461	9
1	3	678	29
1	3	991	30
2	3	834	29
3	3	1252	29
3	3	1565	20
3	3	1982	9
4	3	834	29
4	3	1148	20
4	3	1408	9
4	3	1722	12
4	3	2035	30
5	3	730	29
6	3	469	29
6	3	991	20
6	3	2295	9
7	3	1200	20
7	3	1513	29
8	3	1043	20
8	3	1095	29
8	3	1408	9
8	3	1722	12
10	3	678	20
10	3	730	29
10	3	1878	9
12	3	1722	29
13	3	1617	29
14	3	678	29
14	3	1461	9
15	3	730	20
15	3	782	29
16	3	730	29
16	3	1043	20
16	3	1513	9
17	3	678	20
17	3	730	29
17	3	1930	9
17	3	2243	12
18	3	730	20
18	3	782	29
18	3	2035	9
19	3	1982	29
20	3	834	29
20	3	1148	20
20	3	1513	9
20	3	2139	12
21	3	678	29
21	3	991	30
22	3	1408	29
22	3	1722	20
23	3	730	29
23	3	1722	9
24	3	730	29
24	3	1043	20
24	3	1408	9
24	3	2087	12
25	3	2139	29
26	3	1095	20
26	3	1148	29
27	3	678	29
27	3	991	20
27	3	2035	9
28	3	626	29
28	3	1043	20
28	3	1356	9
28	3	1722	12
28	3	2295	30
29	3	1304	29
29	3	1826	20
30	3	1356	29
30	3	1669	20
31	3	887	29
32	3	1200	29
32	3	1513	20
33	3	1408	20
33	3	1617	29
34	3	521	29
34	3	1200	20
34	3	1774	9
35	3	782	29
35	3	1565	9
35	3	2139	12
36	3	782	29
36	3	1722	9
37	3	1826	29
37	3	2139	20
38	3	939	29
38	3	1356	20
39	3	887	29
39	3	1200	20
40	3	626	29
40	3	939	20
40	3	1200	9
40	3	1565	12
40	3	1878	30
41	3	1200	20
41	3	1304	29
41	3	1722	9
41	3	2087	12
42	3	1095	29
42	3	1408	20
42	3	1669	9
43	3	730	29
43	3	1043	20
43	3	1565	9
43	3	2191	12
44	3	2087	29
45	3	1043	29
45	3	1356	20
45	3	1722	9
46	3	782	20
46	3	887	29
47	3	1461	20
47	3	1669	29
49	3	887	29
49	3	1461	9
49	3	2191	12
50	3	2087	29
51	3	2139	29
52	3	1461	29
53	3	782	29
53	3	1356	9
53	3	1669	12
53	3	1982	30
55	3	887	29
56	3	1722	29
57	3	574	29
57	3	887	20
57	3	1148	9
57	3	1461	12
57	3	1774	30
58	3	887	20
58	3	939	29
58	3	1356	9
58	3	1722	12
59	3	730	20
59	3	834	29
59	3	1513	9
59	3	2035	12
60	3	1617	29
61	3	887	29
61	3	1408	20
62	3	834	20
62	3	991	29
62	3	1408	9
62	3	1930	12
62	3	2243	30
63	3	521	29
63	3	1148	20
63	3	1565	9
64	3	2035	29
65	3	574	29
65	3	1408	20
66	3	1200	29
66	3	1617	20
67	3	626	29
67	3	1148	20
67	3	1513	9
68	3	1930	29
69	3	1252	20
69	3	1356	29
70	3	991	29
71	3	1200	29
71	3	1513	20
73	3	2139	29
74	3	1356	29
74	3	2139	20
75	3	730	29
76	3	1461	29
77	3	1982	29
78	3	1826	29
79	3	1304	29
79	3	1617	20
80	3	887	29
80	3	2087	9
81	3	939	20
81	3	991	29
82	3	1669	29
82	3	2139	20
83	3	1565	29
84	3	887	29
85	3	2191	29
86	3	1617	29
86	3	2295	20
87	3	730	20
87	3	782	29
87	3	1200	9
87	3	1513	12
87	3	1826	30
88	3	1148	20
88	3	1200	29
88	3	1513	9
89	3	1252	20
89	3	1304	29
90	3	1774	20
90	3	1826	29
92	3	730	20
92	3	782	29
92	3	1774	9
93	3	1774	29
94	3	2295	29
95	3	1356	29
95	3	2087	20
96	3	1252	20
96	3	1513	29
96	3	1982	9
97	3	1722	29
98	3	2191	29
99	3	1617	29
99	3	1930	20
100	3	1774	29
101	3	939	29
101	3	1408	20
102	3	991	29
102	3	1304	20
102	3	2087	9
103	3	1408	29
103	3	1774	20
104	3	469	29
104	3	939	20
104	3	1461	9
104	3	2243	12
106	3	574	29
106	3	1095	20
106	3	1408	9
106	3	1722	12
106	3	2035	30
107	3	626	29
107	3	939	20
107	3	1252	9
107	3	1878	12
107	3	2191	30
108	3	730	29
108	3	1043	20
109	3	1774	29
109	3	2139	20
110	3	678	29
110	3	991	20
110	3	1408	9
111	3	1826	29
111	3	2295	20
112	3	574	29
112	3	1565	20
113	3	626	29
113	3	939	20
113	3	1461	9
114	3	1200	29
114	3	1930	20
115	3	1930	29
116	3	1878	20
116	3	1930	29
117	3	1878	29
117	3	2191	20
118	3	1304	29
118	3	1617	20
119	3	1617	20
119	3	1774	29
119	3	2295	9
120	3	1356	29
120	3	1722	20
121	3	1722	29
122	3	730	29
122	3	1304	9
122	3	1774	12
122	3	2087	30
124	3	730	29
125	3	834	29
125	3	1304	9
125	3	1722	12
126	3	626	29
126	3	939	20
126	3	1304	9
126	3	1774	12
127	3	678	29
127	3	991	20
127	3	1356	9
128	3	626	29
128	3	939	20
128	3	1252	9
128	3	1774	12
129	3	1669	29
130	3	834	29
131	3	939	29
131	3	1252	20
131	3	1513	9
131	3	1826	12
131	3	2139	30
132	3	626	29
132	3	939	20
133	3	939	20
133	3	1148	29
134	3	1356	29
134	3	1669	20
134	3	2243	9
135	3	730	29
135	3	1565	9
136	3	574	29
136	3	887	20
136	3	1148	9
136	3	1461	12
136	3	1774	30
137	3	574	29
137	3	1200	20
138	3	626	29
138	3	939	20
138	3	1200	9
138	3	1669	12
138	3	1982	30
139	3	730	20
139	3	782	29
139	3	1148	9
139	3	1461	12
139	3	1774	30
141	3	730	20
141	3	834	29
141	3	1148	30
141	3	1408	9
141	3	1722	12
142	3	1304	29
142	3	2139	20
143	3	1356	29
143	3	1722	20
145	3	1356	29
145	3	1669	20
146	3	887	29
146	3	1722	9
146	3	2295	12
147	3	939	29
147	3	1252	20
147	3	1722	9
148	3	1826	29
149	3	626	29
149	3	939	20
149	3	1252	9
149	3	1565	12
149	3	1878	30
150	3	782	29
150	3	1774	9
150	3	2191	12
151	3	1356	29
151	3	1826	20
152	3	834	29
152	3	1148	20
152	3	1461	9
152	3	1982	12
152	3	2295	30
153	3	574	29
153	3	1774	20
154	3	730	20
154	3	834	29
154	3	1252	9
154	3	1617	12
155	3	626	29
155	3	939	20
155	3	1461	9
155	3	1878	12
155	3	2191	30
156	3	730	20
156	3	782	29
156	3	1408	9
156	3	1930	12
156	3	2243	30
158	3	887	29
158	3	1461	9
159	3	626	29
159	3	939	20
159	3	1200	9
159	3	1722	12
159	3	2035	30
160	3	1095	20
160	3	1148	29
160	3	1722	9
161	3	2087	29
162	3	1252	20
162	3	1565	29
163	3	1669	29
164	3	782	20
164	3	887	29
164	3	2295	9
165	3	887	29
165	3	1200	20
165	3	1461	9
165	3	1774	12
167	3	1722	29
167	3	2191	20
169	3	678	20
169	3	834	29
170	3	678	20
170	3	730	29
170	3	1200	9
170	3	1565	12
170	3	1878	30
171	3	1408	29
172	3	1200	29
172	3	1513	20
172	3	1774	9
173	3	1774	29
174	3	1252	20
174	3	1304	29
174	3	1826	9
175	3	887	29
175	3	1200	20
175	3	1565	9
175	3	1930	12
175	3	2243	30
176	3	574	29
176	3	887	20
177	3	2191	29
179	3	991	20
179	3	1043	29
179	3	1669	9
181	3	678	20
181	3	730	29
182	3	574	29
183	3	730	29
183	3	1043	20
183	3	1722	9
184	3	1617	29
185	3	834	29
185	3	1148	20
185	3	1408	9
185	3	1722	12
187	3	626	29
187	3	1200	20
188	3	1565	29
188	3	2243	20
189	3	1095	29
189	3	1565	9
189	3	2035	12
190	3	1252	29
190	3	1617	20
191	3	730	29
192	3	887	20
192	3	1200	29
192	3	1513	9
193	3	1095	20
193	3	1200	29
193	3	1878	9
193	3	2191	12
194	3	574	29
196	3	678	29
196	3	991	30
196	3	1252	9
196	3	1565	12
198	3	1148	29
198	3	1565	9
198	3	2295	12
199	3	678	20
199	3	730	29
199	3	1356	9
199	3	1930	12
199	3	2243	30
200	3	1252	29
200	3	1565	20
201	3	1930	29
202	3	1252	20
202	3	1513	29
203	3	626	29
203	3	1304	20
203	3	2295	9
204	3	834	20
204	3	887	29
204	3	1722	9
205	3	1774	29
206	3	678	29
206	3	991	30
206	3	1252	9
206	3	1565	12
207	3	678	29
207	3	991	20
207	3	1722	9
207	3	2191	12
208	3	678	29
208	3	991	20
208	3	1669	9
210	3	469	29
210	3	991	20
211	3	1982	29
212	3	1304	29
212	3	1617	20
213	3	2087	29
214	3	1356	29
215	3	1356	29
215	3	1669	20
216	3	1461	29
217	3	1356	29
217	3	1669	20
218	3	887	29
218	3	1200	20
218	3	1617	9
220	3	1930	29
221	3	521	29
221	3	1200	20
221	3	2295	9
222	3	2087	29
223	3	1356	29
224	3	1356	29
224	3	2295	9
225	3	678	20
225	3	730	29
225	3	1043	30
225	3	1304	9
225	3	1617	12
226	3	834	29
226	3	1304	9
226	3	1669	12
227	3	1356	29
227	3	1930	20
228	3	678	29
228	3	991	20
228	3	1304	9
228	3	1617	12
228	3	2035	30
229	3	574	29
229	3	1252	20
229	3	1669	9
230	3	678	29
231	3	678	20
231	3	730	29
231	3	2035	9
232	3	782	20
232	3	834	29
232	3	1200	9
232	3	1722	12
233	3	1304	29
233	3	1617	20
235	3	1982	29
236	3	1461	29
236	3	2191	20
237	3	1356	29
238	3	1617	29
239	3	1722	29
240	3	678	29
240	3	991	20
240	3	1461	9
240	3	1878	12
240	3	2191	30
241	3	574	29
241	3	1148	20
241	3	1513	9
242	3	1043	29
242	3	1617	9
243	3	626	29
243	3	939	20
243	3	1200	9
243	3	1565	12
243	3	1878	30
244	3	730	20
244	3	782	29
244	3	1722	9
245	3	1669	29
245	3	2139	20
248	3	678	20
248	3	834	29
249	3	626	29
249	3	939	20
250	3	626	29
250	3	939	20
250	3	1252	9
250	3	1617	12
250	3	1930	30
251	3	887	20
251	3	939	29
251	3	1982	9
252	3	1930	29
253	3	1304	29
253	3	2139	20
255	3	1408	29
256	3	574	29
256	3	1252	20
256	3	1878	9
257	3	1513	20
257	3	1669	29
258	3	678	29
258	3	991	30
258	3	1826	9
258	3	2139	12
259	3	730	29
259	3	2243	9
260	3	782	29
260	3	1095	20
260	3	1878	9
262	3	1148	20
262	3	1408	29
262	3	1669	9
263	3	626	29
264	3	887	20
264	3	991	29
265	3	782	29
265	3	2035	20
266	3	1043	20
266	3	1095	29
266	3	1982	9
267	3	678	29
267	3	991	30
267	3	2243	9
268	3	1148	29
268	3	1461	20
268	3	1722	9
269	3	730	29
269	3	1043	20
269	3	1408	9
269	3	1774	12
270	3	626	29
270	3	2191	20
271	3	834	29
271	3	1148	20
271	3	1617	9
271	3	1930	12
271	3	2243	30
272	3	678	29
272	3	991	20
272	3	1252	9
272	3	1565	12
272	3	1878	30
274	3	1722	29
275	3	2087	29
277	3	2035	29
278	3	1982	29
279	3	1356	29
280	3	626	29
280	3	1930	20
282	3	2035	29
283	3	1356	29
283	3	1669	20
284	3	678	29
284	3	991	30
284	3	1252	9
284	3	1565	12
285	3	1200	29
285	3	1513	20
286	3	678	29
286	3	991	20
286	3	1408	9
286	3	1774	12
286	3	2087	30
287	3	1356	29
288	3	887	20
288	3	939	29
289	3	1617	29
291	3	939	20
291	3	1982	29
292	3	1982	29
292	3	2295	20
293	3	574	29
293	3	887	20
293	3	1148	9
293	3	1461	12
293	3	1774	30
294	3	782	20
294	3	939	29
295	3	1565	29
295	3	1878	20
296	3	730	29
296	3	1043	20
296	3	1722	9
297	3	1826	29
298	3	1356	29
299	3	678	20
299	3	834	29
300	3	1513	29
300	3	2087	20
301	3	678	29
301	3	2035	9
302	3	678	29
302	3	991	20
302	3	1722	9
303	3	521	29
303	3	834	20
303	3	1148	30
303	3	1408	9
303	3	1722	12
304	3	678	20
304	3	730	29
306	3	678	20
306	3	730	29
306	3	1095	30
306	3	1356	9
306	3	1669	12
307	3	574	29
307	3	2191	20
308	3	574	29
308	3	1617	20
309	3	678	20
309	3	730	29
309	3	1043	30
309	3	1304	9
309	3	1617	12
310	3	834	29
310	3	1304	9
310	3	1617	12
310	3	1930	30
311	3	1408	29
312	3	1617	29
312	3	1930	20
313	3	626	29
314	3	1774	29
315	3	1095	29
315	3	1669	9
315	3	2191	12
317	3	1304	29
317	3	1617	20
318	3	1930	29
319	3	2243	29
320	3	1252	29
320	3	1565	20
321	3	678	29
321	3	991	20
322	3	626	29
322	3	939	20
322	3	2243	9
324	3	1461	29
324	3	1774	20
325	3	1356	29
326	3	626	29
326	3	939	20
326	3	1878	9
326	3	2243	12
327	3	1148	29
327	3	1461	20
328	3	1304	29
328	3	2191	20
329	3	1878	29
330	3	626	29
330	3	1148	20
330	3	1513	9
331	3	730	29
331	3	2295	9
332	3	887	29
332	3	1200	20
332	3	1461	9
333	3	626	29
333	3	939	20
333	3	1774	9
333	3	2139	12
334	3	1408	29
335	3	626	29
335	3	939	20
335	3	1878	9
336	3	730	29
336	3	1043	20
336	3	1878	9
337	3	1356	29
337	3	2191	20
338	3	1565	29
339	3	782	20
339	3	834	29
339	3	2243	9
340	3	1356	29
340	3	1669	20
341	3	1252	29
341	3	1565	20
342	3	574	29
342	3	887	20
342	3	1200	9
342	3	1513	12
342	3	1826	30
343	3	626	29
343	3	939	20
343	3	1461	9
343	3	1930	12
345	3	1043	20
345	3	1095	29
345	3	1565	9
346	3	939	20
346	3	1043	29
346	3	1304	9
346	3	1669	12
346	3	1982	30
347	3	782	29
347	3	1304	20
348	3	678	29
348	3	991	20
348	3	1722	9
349	3	782	20
349	3	887	29
349	3	1200	9
349	3	1513	12
349	3	1826	30
351	3	939	29
352	3	991	20
352	3	1148	29
352	3	1669	9
353	3	730	29
354	3	626	29
354	3	939	20
354	3	1200	9
354	3	1513	12
354	3	1826	30
355	3	887	29
356	3	1304	29
356	3	1617	20
356	3	2243	9
357	3	939	29
358	3	1304	20
358	3	1513	29
360	3	574	29
360	3	2035	20
361	3	991	20
361	3	1043	29
361	3	1930	9
362	3	1617	29
364	3	678	20
364	3	730	29
365	3	2139	29
366	3	626	29
366	3	1304	20
367	3	887	29
368	3	626	29
368	3	939	20
368	3	1200	9
368	3	1513	12
368	3	1826	30
369	3	730	29
369	3	1043	20
369	3	1408	9
369	3	1722	12
370	3	1356	29
371	3	782	20
371	3	939	29
372	3	1200	20
372	3	1304	29
373	3	1461	29
374	3	1930	29
374	3	2243	20
375	3	1774	29
376	3	991	29
377	3	1617	20
377	3	1774	29
378	3	1513	20
378	3	1669	29
379	3	1095	29
379	3	1408	20
379	3	1669	9
380	3	1930	29
381	3	574	29
381	3	1930	20
382	3	678	20
382	3	782	29
383	3	1461	29
384	3	887	29
385	3	1200	29
385	3	1513	20
386	3	939	29
387	3	782	20
387	3	834	29
387	3	1304	9
387	3	1617	12
387	3	1930	30
389	3	782	29
390	3	626	29
390	3	939	20
390	3	1513	9
390	3	2139	12
391	3	782	29
391	3	1095	20
391	3	1617	9
391	3	2191	12
392	3	1408	29
392	3	2087	20
393	3	574	29
393	3	887	20
393	3	1722	9
394	3	1148	20
394	3	1252	29
396	3	678	20
396	3	730	29
396	3	1043	30
396	3	1304	9
396	3	1617	12
397	3	1200	29
397	3	1513	20
399	3	678	29
399	3	1513	9
400	3	887	20
400	3	991	29
402	3	1043	29
402	3	1722	9
404	3	1304	29
404	3	1722	20
405	3	1669	29
405	3	2087	20
406	3	834	29
406	3	1148	20
406	3	1617	9
407	3	1304	29
407	3	1617	20
409	3	1617	29
410	3	1408	29
410	3	2035	20
411	3	678	20
411	3	730	29
411	3	1148	30
411	3	1408	9
411	3	1722	12
412	3	678	29
412	3	1043	30
412	3	1304	9
412	3	1617	12
413	3	678	20
413	3	782	29
413	3	1095	30
413	3	1356	9
413	3	1669	12
414	3	939	20
414	3	1095	29
414	3	1565	9
414	3	2191	12
415	3	782	20
415	3	887	29
415	3	1722	9
416	3	1826	29
416	3	2139	20
417	3	887	20
417	3	1043	29
417	3	2087	9
418	3	939	20
418	3	991	29
418	3	1252	9
418	3	1617	12
418	3	2035	30
419	3	730	29
419	3	1043	20
419	3	1356	9
419	3	1774	12
420	3	1304	20
420	3	1356	29
421	3	2139	29
422	3	1356	29
423	3	1148	29
423	3	1461	20
423	3	1722	9
424	3	678	29
424	3	991	20
424	3	1252	9
424	3	1565	12
424	3	1878	30
425	3	1043	29
425	3	1826	20
426	3	1200	29
426	3	1513	20
426	3	1878	9
428	3	730	29
428	3	1043	20
429	3	469	29
429	3	1095	20
429	3	1617	9
430	3	626	29
430	3	939	20
431	3	626	29
431	3	939	20
431	3	1356	9
432	3	887	20
432	3	939	29
432	3	1356	9
432	3	1669	12
432	3	1982	30
433	3	1148	20
433	3	1252	29
433	3	2087	9
434	3	730	20
434	3	834	29
434	3	1200	9
434	3	1565	12
434	3	1878	30
435	3	678	20
435	3	730	29
435	3	1356	9
435	3	1774	12
436	3	730	20
436	3	782	29
436	3	1148	9
436	3	1461	12
436	3	1774	30
437	3	782	29
437	3	2087	9
438	3	574	29
438	3	1148	20
438	3	1565	9
439	3	1461	29
440	3	574	29
440	3	1356	20
441	3	2243	29
442	3	1148	29
442	3	1461	20
442	3	2139	9
443	3	626	29
444	3	2087	29
445	3	730	20
445	3	887	29
445	3	1774	9
445	3	2087	12
446	3	1878	29
446	3	2191	20
447	3	2035	29
448	3	1513	29
451	3	1095	20
451	3	1304	29
451	3	1565	9
451	3	1878	12
451	3	2191	30
452	3	887	29
453	3	626	29
453	3	939	20
453	3	1200	9
453	3	1513	12
453	3	1826	30
454	3	1826	29
455	3	1148	29
455	3	1461	20
455	3	2191	9
456	3	1617	20
456	3	1774	29
457	3	574	29
457	3	1356	20
458	3	2243	29
459	3	1408	29
460	3	730	29
460	3	2243	9
461	3	626	29
461	3	939	20
461	3	1461	9
462	3	939	20
462	3	1200	29
463	3	991	20
463	3	1043	29
463	3	1408	9
463	3	1722	12
463	3	2035	30
464	3	1200	20
464	3	1408	29
464	3	2295	9
465	3	730	29
465	3	1043	20
466	3	678	20
466	3	730	29
466	3	1722	9
467	3	678	29
467	3	991	20
467	3	2139	9
468	3	730	29
468	3	2087	9
469	3	574	29
469	3	887	20
469	3	1252	9
469	3	1774	12
469	3	2087	30
470	3	1982	29
471	3	1669	29
471	3	1982	20
472	3	782	20
472	3	887	29
472	3	2139	9
473	3	574	29
473	3	1200	20
473	3	1878	9
474	3	730	20
474	3	834	29
474	3	1356	9
474	3	1826	12
475	3	1461	29
475	3	1930	20
476	3	1826	29
477	3	1461	29
478	3	1095	29
478	3	2139	20
480	3	574	29
481	3	939	20
481	3	1043	29
481	3	1304	9
481	3	1617	12
481	3	1930	30
482	3	939	29
482	3	1565	20
483	3	2243	29
484	3	2191	29
485	3	1722	29
485	3	2139	20
486	3	1565	20
486	3	1774	29
487	3	626	29
487	3	939	20
487	3	2139	9
488	3	1565	20
488	3	1774	29
489	3	626	29
489	3	939	20
489	3	1200	9
489	3	1513	12
489	3	1826	30
490	3	1095	20
490	3	1304	29
490	3	1565	9
490	3	1878	12
490	3	2191	30
491	3	1252	29
491	3	2295	9
492	3	1304	20
492	3	1461	29
492	3	1774	9
492	3	2139	12
493	3	574	29
494	3	782	20
494	3	991	29
495	3	1148	20
495	3	1356	29
495	3	1617	9
496	3	521	29
496	3	1095	20
496	3	1565	9
496	3	2087	12
497	3	678	29
497	3	991	20
498	3	1043	29
498	3	1408	20
499	3	782	29
499	3	2191	20
500	3	678	20
500	3	834	29
500	3	1148	30
500	3	1408	9
500	3	1722	12
501	3	1774	29
502	3	626	29
502	3	1304	20
503	3	626	29
503	3	939	20
503	3	1200	9
503	3	1513	12
503	3	1826	30
505	3	1774	29
505	3	2139	20
506	3	1565	29
507	3	2139	29
508	3	730	20
508	3	834	29
508	3	1304	9
508	3	1617	12
508	3	1930	30
510	3	2139	29
512	3	1200	20
512	3	1461	29
512	3	1722	9
512	3	2139	12
513	3	1304	20
513	3	1461	29
514	3	939	29
514	3	2191	9
515	3	678	20
515	3	730	29
515	3	1304	9
515	3	1930	12
515	3	2243	30
516	3	1774	29
516	3	2191	20
517	3	1617	20
517	3	1774	29
518	3	1461	20
518	3	1565	29
519	3	834	29
519	3	1148	20
519	3	1461	9
520	3	887	29
520	3	1826	20
520	3	2295	9
521	3	730	20
521	3	782	29
521	3	1252	9
521	3	1565	12
522	3	1095	29
522	3	1461	9
522	3	1826	12
523	3	782	29
523	3	1826	9
525	3	991	20
525	3	1095	29
525	3	1356	9
525	3	1669	12
525	3	1982	30
526	3	2139	29
527	3	678	29
527	3	991	30
528	3	626	29
528	3	939	20
528	3	1669	9
529	3	678	20
529	3	730	29
529	3	1095	30
529	3	1356	9
529	3	1669	12
530	3	1356	29
530	3	1669	20
530	3	2243	9
531	3	1252	29
531	3	1565	20
531	3	2295	9
532	3	1408	20
532	3	1461	29
534	3	678	29
534	3	1148	9
534	3	1617	12
534	3	1930	30
535	3	2087	29
536	3	1826	29
536	3	2191	20
537	3	1095	29
537	3	1774	9
538	3	678	20
538	3	782	29
538	3	1461	9
539	3	678	29
539	3	991	30
540	3	2139	29
541	3	730	29
541	3	1043	20
541	3	2139	9
542	3	1513	29
543	3	1200	29
543	3	1513	20
543	3	1878	9
544	3	991	29
544	3	1408	9
544	3	1722	12
544	3	2035	30
545	3	1304	29
546	3	1304	29
546	3	1617	20
547	3	939	29
547	3	1252	20
547	3	1513	9
547	3	1826	12
547	3	2139	30
548	3	1878	29
549	3	1565	20
549	3	1774	29
550	3	678	20
550	3	730	29
550	3	1148	9
550	3	1461	12
550	3	1774	30
551	3	678	29
551	3	991	20
551	3	1252	9
551	3	1565	12
551	3	1878	30
552	3	1461	29
553	3	626	29
553	3	1356	20
554	3	574	29
554	3	887	20
554	3	1408	9
554	3	2035	12
555	3	574	29
555	3	887	20
555	3	1148	9
555	3	1461	12
555	3	1774	30
556	3	1148	20
556	3	1356	29
556	3	1669	9
557	3	1982	29
558	3	678	29
558	3	991	20
559	3	1095	29
559	3	1408	20
559	3	2191	9
560	3	1878	29
561	3	1356	29
562	3	1356	20
562	3	1513	29
563	3	521	29
563	3	1148	20
563	3	1408	9
564	3	1878	29
564	3	2191	20
565	3	834	29
565	3	1200	9
565	3	1565	12
565	3	1878	30
566	3	782	29
567	3	626	29
567	3	1461	20
568	3	730	29
568	3	1200	9
568	3	1617	12
569	3	1408	29
570	3	1461	20
570	3	1774	29
571	3	574	29
571	3	887	20
571	3	2087	9
572	3	1930	29
575	3	574	29
575	3	887	20
575	3	1148	9
575	3	1461	12
575	3	1774	30
576	3	1461	20
576	3	1722	29
577	3	678	20
577	3	834	29
577	3	1408	9
578	3	1513	29
578	3	2139	20
579	3	626	29
581	3	1304	29
581	3	1617	20
581	3	1982	9
582	3	626	29
582	3	1461	20
583	3	730	29
583	3	1043	30
583	3	1304	9
583	3	1617	12
584	3	782	20
584	3	834	29
585	3	626	29
585	3	939	20
585	3	1200	9
585	3	1513	12
585	3	1826	30
586	3	574	29
586	3	1148	20
586	3	1461	9
586	3	1774	12
587	3	626	29
587	3	939	20
587	3	1200	9
587	3	1513	12
587	3	1826	30
588	3	939	29
589	3	887	29
589	3	1200	20
589	3	1461	9
590	3	782	29
590	3	1722	9
591	3	1982	29
593	3	1982	29
594	3	1304	29
594	3	1930	20
595	3	782	20
595	3	834	29
595	3	1252	9
595	3	1565	12
595	3	1878	30
596	3	574	29
596	3	1200	20
596	3	1513	9
597	3	1513	29
598	3	626	29
598	3	939	20
598	3	1878	9
599	3	678	20
599	3	782	29
599	3	1878	9
600	3	2139	29
601	3	782	29
601	3	1095	20
602	3	1774	29
603	3	626	29
604	3	1304	29
604	3	1878	9
605	3	1461	20
605	3	1669	29
606	3	1043	29
606	3	1356	20
606	3	1617	9
606	3	2295	12
607	3	626	29
607	3	939	20
607	3	1617	9
607	3	2191	12
608	3	887	20
608	3	1148	29
608	3	1669	9
611	3	626	29
611	3	1565	20
612	3	1200	29
612	3	1513	20
613	3	1774	29
614	3	1252	29
614	3	1565	20
615	3	1408	20
615	3	1461	29
616	3	1356	20
616	3	1565	29
617	3	2035	29
619	3	1461	29
619	3	2191	20
620	3	730	29
620	3	1043	20
621	3	1252	20
621	3	1461	29
621	3	1722	9
622	3	678	29
623	3	1669	29
624	3	834	29
625	3	1304	20
625	3	1669	29
626	3	887	20
626	3	991	29
626	3	1513	9
627	3	991	29
627	3	1722	9
628	3	1095	29
628	3	1930	9
629	3	1408	29
629	3	2087	20
630	3	1304	29
630	3	1617	20
631	3	521	29
631	3	1095	20
631	3	1617	9
631	3	1930	12
631	3	2243	30
632	3	626	29
632	3	939	20
632	3	1408	9
632	3	2035	12
633	3	1982	29
634	3	1356	29
634	3	1669	20
635	3	1774	20
635	3	1878	29
637	3	1513	29
638	3	2087	29
639	3	782	29
639	3	1356	9
639	3	1669	12
639	3	1982	30
640	3	1304	29
641	3	1043	29
642	3	1513	20
642	3	1722	29
644	3	887	29
645	3	1148	29
645	3	1669	9
646	3	626	29
646	3	939	20
646	3	1200	9
646	3	1513	12
646	3	1826	30
647	3	1930	29
648	3	1304	29
649	3	887	29
649	3	1774	9
650	3	1930	29
650	3	2243	20
651	3	887	20
651	3	2035	29
652	3	1043	29
652	3	1356	20
652	3	1826	9
653	3	991	20
653	3	1043	29
653	3	2087	9
654	3	1356	29
654	3	2191	20
655	3	626	29
655	3	1356	20
655	3	2087	9
656	3	521	29
656	3	1200	20
657	3	887	20
657	3	939	29
658	3	887	20
658	3	939	29
658	3	1356	9
658	3	1722	12
658	3	2035	30
659	3	1200	29
659	3	1513	20
660	3	1356	29
661	3	834	20
661	3	939	29
661	3	1669	9
662	3	574	29
662	3	1148	20
662	3	1669	9
663	3	1565	29
664	3	782	29
664	3	1095	20
664	3	1356	9
664	3	1774	12
664	3	2087	30
665	3	782	29
666	3	678	29
666	3	1878	9
666	3	2295	12
667	3	782	29
668	3	1408	20
668	3	1461	29
668	3	2139	9
669	3	1304	29
669	3	1617	20
669	3	2035	9
670	3	1356	29
670	3	1669	20
670	3	2295	9
671	3	1774	29
672	3	1304	29
672	3	1930	20
673	3	1304	29
673	3	1617	20
674	3	626	29
674	3	1095	20
674	3	1565	9
675	3	1200	29
675	3	1513	20
676	3	626	29
676	3	939	20
676	3	1200	9
676	3	1617	12
676	3	1930	30
677	3	1148	20
677	3	1356	29
677	3	1617	9
678	3	730	29
678	3	1043	20
678	3	2035	9
679	3	1722	29
680	3	1304	20
680	3	1513	29
680	3	1774	9
681	3	1461	29
682	3	991	29
682	3	2295	9
683	3	1774	29
684	3	1200	29
684	3	1513	20
684	3	1774	9
685	3	991	29
685	3	2087	20
686	3	834	20
686	3	1148	29
687	3	1878	29
688	3	1774	29
689	3	1513	20
689	3	1722	29
690	3	521	29
691	3	782	20
691	3	887	29
691	3	1408	9
691	3	1722	12
691	3	2035	30
692	3	1043	20
692	3	1095	29
692	3	1356	9
692	3	1722	12
693	3	521	29
693	3	1148	20
693	3	1565	9
694	3	887	20
694	3	939	29
694	3	1722	9
695	3	626	29
695	3	939	20
695	3	1878	9
696	3	1408	29
697	3	782	29
697	3	1095	20
697	3	1617	9
697	3	2191	12
698	3	1930	29
698	3	2243	20
699	3	574	29
699	3	1252	20
700	3	991	20
700	3	2191	29
701	3	1252	20
701	3	1408	29
701	3	1669	9
702	3	574	29
703	3	678	20
703	3	834	29
703	3	1408	9
705	3	1461	29
705	3	2139	9
706	3	678	29
706	3	2139	9
707	3	834	29
707	3	1408	20
708	3	1304	29
708	3	1617	20
709	3	939	29
709	3	1461	9
709	3	1774	12
709	3	2087	30
710	3	887	20
710	3	939	29
710	3	1356	9
710	3	1722	12
711	3	1148	29
711	3	1461	20
711	3	2035	9
712	3	1148	20
712	3	1356	29
714	3	730	29
714	3	1982	9
715	3	626	29
715	3	1461	20
716	3	626	29
716	3	939	20
716	3	1252	9
716	3	1565	12
717	3	1200	29
717	3	1513	20
717	3	1774	9
717	3	2191	12
718	3	834	29
718	3	1356	9
718	3	1774	12
718	3	2139	30
719	3	1408	29
721	3	1148	29
721	3	1461	20
721	3	1774	9
722	3	521	29
722	3	834	20
722	3	1148	30
722	3	1408	9
722	3	1722	12
723	3	887	29
723	3	2087	20
724	3	626	29
725	3	834	29
725	3	1148	20
725	3	1565	9
726	3	574	29
726	3	1148	20
726	3	1461	9
727	3	1774	29
728	3	1930	29
729	3	834	29
730	3	1148	29
730	3	1461	20
731	3	678	20
731	3	730	29
731	3	2035	9
732	3	887	29
732	3	1930	20
733	3	782	20
733	3	887	29
733	3	1461	9
734	3	730	29
734	3	1774	9
734	3	2191	12
736	3	1513	20
736	3	1565	29
737	3	782	29
737	3	1095	20
737	3	1513	9
737	3	1930	12
738	3	939	29
738	3	1408	9
738	3	1722	12
738	3	2035	30
739	3	1148	29
739	3	1461	20
741	3	939	29
742	3	678	29
742	3	991	30
742	3	1252	9
742	3	1617	12
743	3	626	29
743	3	939	20
743	3	1930	9
744	3	1304	29
744	3	1617	20
744	3	2139	9
745	3	1513	29
746	3	1565	20
746	3	1774	29
747	3	1356	29
747	3	1669	20
749	3	1774	29
750	3	678	29
751	3	1617	29
752	3	1252	20
752	3	1356	29
752	3	1774	9
752	3	2139	12
753	3	730	20
753	3	782	29
753	3	1356	9
753	3	1722	12
753	3	2035	30
754	3	782	20
754	3	834	29
754	3	1513	9
755	3	626	29
755	3	939	20
755	3	1982	9
756	3	730	20
756	3	834	29
756	3	1200	9
756	3	1513	12
756	3	1826	30
757	3	2087	29
758	3	626	29
758	3	939	20
758	3	1565	9
759	3	1826	29
760	3	521	29
761	3	574	29
761	3	1774	20
762	3	991	20
762	3	1148	29
763	3	1356	29
763	3	1669	20
763	3	2191	9
765	3	730	20
765	3	782	29
765	3	2087	9
766	3	887	29
767	3	1513	20
767	3	1669	29
768	3	1930	29
769	3	1304	29
771	3	1461	20
771	3	1669	29
772	3	1356	29
773	3	1878	29
774	3	626	29
774	3	939	20
774	3	1252	9
774	3	1617	12
775	3	1722	29
776	3	678	29
776	3	1148	9
776	3	1722	12
776	3	2035	30
778	3	730	29
778	3	1043	20
779	3	2035	29
780	3	1982	29
781	3	626	29
781	3	1043	20
781	3	1513	9
782	3	939	29
782	3	1930	20
783	3	1930	29
784	3	678	20
784	3	730	29
784	3	1878	9
785	3	782	29
786	3	626	29
787	3	1826	29
787	3	2139	20
788	3	782	29
788	3	1095	20
789	3	1148	29
789	3	1461	20
789	3	2087	9
790	3	1356	29
790	3	1669	20
791	3	1826	29
792	3	887	29
793	3	626	29
793	3	939	20
793	3	1774	9
793	3	2087	12
794	3	574	29
794	3	887	20
794	3	2191	9
795	3	2087	29
796	3	1826	29
797	3	782	20
797	3	834	29
798	3	1513	29
798	3	1826	20
798	3	2243	9
800	3	1774	29
801	3	1408	29
801	3	1930	20
802	3	939	29
802	3	1252	20
803	3	991	20
803	3	1148	29
803	3	1513	9
803	3	2139	12
804	3	521	29
804	3	1461	20
804	3	2035	9
806	3	1826	29
807	3	678	29
807	3	991	30
807	3	1252	9
807	3	1565	12
809	3	2243	29
810	3	678	20
810	3	730	29
810	3	1669	9
811	3	678	20
811	3	730	29
811	3	1982	9
812	3	834	20
812	3	887	29
812	3	1513	9
812	3	1826	12
812	3	2139	30
813	3	1252	20
813	3	1408	29
815	3	626	29
815	3	939	20
816	3	1200	29
816	3	1513	20
817	3	2295	29
818	3	574	29
818	3	1148	20
818	3	1930	9
819	3	1930	29
820	3	1930	29
820	3	2295	20
821	3	1304	29
821	3	1617	20
822	3	626	29
822	3	939	20
822	3	1826	9
822	3	2191	12
823	3	678	20
823	3	782	29
823	3	1095	30
823	3	1356	9
823	3	1669	12
824	3	1252	29
824	3	1565	20
825	3	1095	29
825	3	1408	20
825	3	1722	9
826	3	1200	20
826	3	1461	29
827	3	1356	29
828	3	1304	29
828	3	1669	20
829	3	2139	29
830	3	1669	29
831	3	939	29
831	3	1252	9
831	3	1617	12
831	3	1930	30
832	3	834	20
832	3	887	29
832	3	1148	9
832	3	1565	12
832	3	1878	30
833	3	1356	29
833	3	1722	20
834	3	730	29
834	3	1043	20
834	3	1408	9
834	3	1722	12
834	3	2035	30
835	3	1043	29
835	3	1513	20
837	3	1722	29
837	3	2035	20
838	3	730	29
838	3	1408	9
838	3	1930	12
838	3	2243	30
839	3	1826	20
839	3	1878	29
840	3	574	29
840	3	887	20
840	3	1148	9
840	3	1461	12
840	3	1774	30
841	3	834	29
842	3	1304	29
842	3	1878	9
843	3	678	20
843	3	730	29
843	3	1148	30
843	3	1408	9
843	3	1722	12
844	3	1722	29
845	3	1669	20
845	3	1774	29
846	3	1878	29
847	3	1513	20
847	3	1722	29
847	3	2243	9
848	3	574	29
848	3	887	20
848	3	1148	9
848	3	1565	12
850	3	834	20
850	3	939	29
850	3	1252	9
850	3	1565	12
850	3	1878	30
852	3	1408	29
853	3	1826	29
853	3	2139	20
854	3	1200	29
854	3	1513	20
854	3	1774	9
855	3	834	29
856	3	1617	20
856	3	1826	29
857	3	1774	29
858	3	1148	20
858	3	1252	29
858	3	1669	9
859	3	1304	29
860	3	2087	29
861	3	782	20
861	3	887	29
862	3	2035	29
863	3	834	20
863	3	887	29
863	3	1252	9
863	3	1669	12
864	3	730	20
864	3	782	29
864	3	1200	9
864	3	1565	12
864	3	1878	30
865	3	730	29
865	3	1043	20
865	3	2087	9
866	3	730	29
866	3	1878	9
867	3	574	29
867	3	1722	20
868	3	887	20
868	3	1095	29
869	3	1095	29
869	3	1408	20
869	3	1722	9
870	3	1461	20
870	3	1669	29
871	3	1356	29
871	3	1669	20
873	3	678	20
873	3	730	29
873	3	1148	9
873	3	1513	12
873	3	1826	30
875	3	469	29
875	3	939	20
876	3	730	29
876	3	1043	20
877	3	626	29
877	3	939	20
877	3	1200	9
877	3	1513	12
877	3	1826	30
878	3	1513	20
878	3	1722	29
879	3	1095	29
879	3	1930	20
880	3	678	29
880	3	1304	9
880	3	2087	12
881	3	1408	29
882	3	1408	29
882	3	1722	20
883	3	2191	29
884	3	834	20
884	3	887	29
885	3	730	29
885	3	1200	9
885	3	1513	12
885	3	1826	30
886	3	1356	29
886	3	1878	20
887	3	991	20
887	3	1200	29
888	3	1513	29
889	3	1826	29
890	3	1356	29
890	3	1669	20
891	3	887	29
892	3	2035	29
893	3	887	29
894	3	939	20
894	3	991	29
895	3	521	29
895	3	1826	20
896	3	678	29
896	3	991	20
897	3	782	29
897	3	1095	20
897	3	1513	9
898	3	834	29
898	3	1304	9
898	3	1617	12
899	3	782	29
899	3	1304	9
899	3	1774	12
899	3	2191	30
900	3	1408	29
900	3	1722	20
901	3	626	29
901	3	939	20
902	3	1148	20
902	3	1304	29
902	3	1565	9
902	3	2191	12
903	3	678	29
903	3	991	20
903	3	1408	9
903	3	1826	12
903	3	2139	30
905	3	1669	29
905	3	2035	20
906	3	678	29
906	3	991	20
908	3	730	20
908	3	782	29
908	3	1774	9
910	3	1252	29
910	3	1565	20
911	3	1408	29
912	3	834	20
912	3	939	29
913	3	1461	29
913	3	1774	20
914	3	1148	20
914	3	1304	29
914	3	1617	9
915	3	1408	29
915	3	1774	20
916	3	678	29
916	3	991	20
916	3	1304	9
916	3	1722	12
917	3	574	29
917	3	1930	20
918	3	1252	29
918	3	1565	20
919	3	1774	29
920	3	1304	29
921	3	626	29
922	3	1722	29
922	3	2035	20
922	3	2295	9
923	3	1774	29
924	3	939	29
924	3	1304	9
924	3	1617	12
925	3	782	29
925	3	1095	20
926	3	991	20
926	3	1043	29
926	3	1617	9
926	3	1982	12
926	3	2295	30
927	3	1252	20
927	3	1408	29
929	3	939	20
929	3	1043	29
929	3	1722	9
931	3	626	29
931	3	939	20
931	3	1200	9
931	3	1513	12
931	3	1826	30
932	3	1565	20
932	3	1669	29
932	3	2191	9
933	3	1408	29
933	3	1722	20
933	3	2243	9
934	3	1408	20
934	3	1565	29
935	3	678	29
935	3	991	20
936	3	626	29
936	3	2087	20
937	3	1356	29
938	3	1408	20
938	3	1565	29
939	3	1722	29
940	3	1043	20
940	3	1148	29
940	3	1513	9
940	3	2035	12
941	3	678	20
941	3	730	29
941	3	1356	9
941	3	1722	12
941	3	2035	30
942	3	730	29
942	3	1200	9
942	3	1513	12
942	3	1826	30
943	3	626	29
944	3	574	29
944	3	1461	20
945	3	1930	29
946	3	574	29
946	3	1408	20
946	3	2139	9
947	3	782	29
947	3	1148	9
947	3	1461	12
947	3	1774	30
948	3	730	20
948	3	782	29
949	3	574	29
949	3	887	20
949	3	1148	9
949	3	1461	12
949	3	1774	30
950	3	678	20
950	3	730	29
950	3	1043	30
950	3	1461	9
953	3	730	20
953	3	887	29
953	3	1408	9
954	3	626	29
954	3	939	20
954	3	1356	9
954	3	2139	12
956	3	626	29
957	3	1878	29
958	3	1617	29
960	3	1095	29
960	3	1722	9
961	3	991	29
961	3	2139	9
962	3	2087	29
963	3	834	29
964	3	782	20
964	3	887	29
964	3	1304	9
964	3	1617	12
964	3	1930	30
965	3	1356	29
966	3	730	20
966	3	782	29
966	3	1878	9
967	3	1826	29
968	3	887	29
968	3	1513	20
968	3	2243	9
969	3	574	29
969	3	1200	20
969	3	1722	9
969	3	2295	12
971	3	834	20
971	3	939	29
971	3	1669	9
972	3	678	29
972	3	991	30
972	3	1252	9
972	3	1565	12
973	3	521	29
974	3	939	20
974	3	991	29
975	3	1408	29
976	3	1043	29
976	3	1565	9
976	3	2139	12
978	3	834	29
978	3	1461	9
979	3	1617	20
979	3	1826	29
980	3	2243	29
981	3	1200	20
981	3	1461	29
981	3	1722	9
982	3	887	20
982	3	991	29
983	3	626	29
983	3	939	20
984	3	1304	20
984	3	1513	29
985	3	1304	29
985	3	1617	20
985	3	2087	9
987	3	1722	29
988	3	887	29
988	3	1565	20
989	3	626	29
989	3	939	20
990	3	1878	29
992	3	2295	29
993	3	1356	29
995	3	626	29
995	3	939	20
995	3	1774	9
996	3	1722	29
998	3	1043	20
998	3	1095	29
998	3	1356	9
998	3	1669	12
998	3	1982	30
999	3	1878	29
0	4	678	29
0	4	991	30
1	4	678	29
1	4	991	30
2	4	834	29
3	4	1252	29
3	4	2035	28
4	4	834	29
4	4	2035	30
5	4	730	29
6	4	469	29
7	4	1200	28
7	4	1513	29
8	4	1095	29
9	4	2243	28
10	4	730	29
12	4	1408	28
12	4	1722	29
13	4	1304	28
13	4	1617	29
14	4	678	29
15	4	782	29
16	4	730	29
17	4	730	29
18	4	782	29
19	4	1982	29
20	4	834	29
21	4	678	29
21	4	991	30
22	4	1095	28
22	4	1408	29
23	4	730	29
24	4	730	29
25	4	1826	28
25	4	2139	29
26	4	1148	29
27	4	678	29
28	4	626	29
28	4	2295	30
29	4	991	28
29	4	1304	29
30	4	1356	29
31	4	887	29
32	4	1200	29
32	4	2139	28
33	4	1617	29
34	4	521	29
35	4	782	29
36	4	782	29
37	4	1826	29
38	4	939	29
39	4	887	29
40	4	626	29
40	4	1878	30
41	4	1304	29
42	4	1095	29
43	4	730	29
44	4	1774	28
44	4	2087	29
45	4	1043	29
46	4	887	29
47	4	1356	28
47	4	1669	29
48	4	2243	28
49	4	887	29
50	4	1774	28
50	4	2087	29
51	4	1826	28
51	4	2139	29
52	4	1148	28
52	4	1461	29
53	4	782	29
53	4	1982	30
53	4	2295	28
55	4	887	29
56	4	1408	28
56	4	1722	29
57	4	574	29
57	4	1774	30
58	4	939	29
59	4	834	29
60	4	1304	28
60	4	1617	29
61	4	887	29
62	4	991	29
62	4	2243	30
63	4	521	29
64	4	2035	29
65	4	574	29
66	4	1200	29
67	4	626	29
68	4	1617	28
68	4	1930	29
69	4	1043	28
69	4	1356	29
70	4	991	29
71	4	1200	29
73	4	1826	28
73	4	2139	29
74	4	1043	28
74	4	1356	29
75	4	730	29
76	4	1461	29
77	4	1669	28
77	4	1982	29
78	4	1513	28
78	4	1826	29
79	4	991	28
79	4	1304	29
80	4	887	29
81	4	991	29
82	4	1669	29
83	4	1252	28
83	4	1565	29
84	4	887	29
85	4	1878	28
85	4	2191	29
86	4	1304	28
86	4	1617	29
87	4	782	29
87	4	1826	30
87	4	2295	28
88	4	1200	29
89	4	991	28
89	4	1304	29
90	4	1513	28
90	4	1826	29
92	4	782	29
93	4	1461	28
93	4	1774	29
94	4	1982	28
94	4	2295	29
95	4	1043	28
95	4	1356	29
96	4	1200	28
96	4	1513	29
97	4	1408	28
97	4	1722	29
98	4	1878	28
98	4	2191	29
99	4	1304	28
99	4	1617	29
100	4	1461	28
100	4	1774	29
101	4	939	29
102	4	991	29
103	4	1095	28
103	4	1408	29
104	4	469	29
106	4	574	29
106	4	2035	30
107	4	626	29
107	4	2191	30
108	4	730	29
109	4	1461	28
109	4	1774	29
110	4	678	29
111	4	1826	29
112	4	574	29
113	4	626	29
114	4	1200	29
115	4	1617	28
115	4	1930	29
116	4	1617	28
116	4	1930	29
117	4	1565	28
117	4	1878	29
118	4	1304	29
119	4	1461	28
119	4	1774	29
120	4	1043	28
120	4	1356	29
121	4	1408	28
121	4	1722	29
122	4	730	29
122	4	2087	30
123	4	2139	28
124	4	730	29
125	4	834	29
126	4	626	29
127	4	678	29
128	4	626	29
129	4	1356	28
129	4	1669	29
130	4	834	29
131	4	939	29
131	4	2139	30
132	4	626	29
133	4	1148	29
134	4	1043	28
134	4	1356	29
135	4	730	29
136	4	574	29
136	4	1774	30
137	4	574	29
138	4	626	29
138	4	1982	30
139	4	782	29
139	4	1774	30
139	4	2087	28
140	4	2035	28
141	4	834	29
141	4	1148	30
142	4	991	28
142	4	1304	29
143	4	1356	29
145	4	1356	29
145	4	2243	28
146	4	887	29
147	4	939	29
148	4	1513	28
148	4	1826	29
149	4	626	29
149	4	1878	30
150	4	782	29
151	4	1043	28
151	4	1356	29
152	4	834	29
152	4	2295	30
153	4	574	29
154	4	834	29
155	4	626	29
155	4	2191	30
156	4	782	29
156	4	2243	30
158	4	887	29
159	4	626	29
159	4	2035	30
160	4	1148	29
161	4	1774	28
161	4	2087	29
162	4	1252	28
162	4	1565	29
163	4	1356	28
163	4	1669	29
164	4	887	29
165	4	887	29
166	4	2035	28
167	4	1408	28
167	4	1722	29
169	4	834	29
170	4	730	29
170	4	1878	30
171	4	1095	28
171	4	1408	29
172	4	1200	29
172	4	1982	28
173	4	1461	28
173	4	1774	29
174	4	991	28
174	4	1304	29
175	4	887	29
175	4	2243	30
176	4	574	29
177	4	1878	28
177	4	2191	29
178	4	2243	28
179	4	1043	29
180	4	2191	28
181	4	730	29
182	4	574	29
183	4	730	29
184	4	1304	28
184	4	1617	29
185	4	834	29
187	4	626	29
188	4	1252	28
188	4	1565	29
189	4	1095	29
190	4	1252	29
191	4	730	29
192	4	1200	29
193	4	1200	29
194	4	574	29
196	4	678	29
196	4	991	30
196	4	1982	28
198	4	1148	29
199	4	730	29
199	4	2243	30
200	4	1252	29
200	4	2087	28
201	4	1930	29
202	4	1200	28
202	4	1513	29
203	4	626	29
204	4	887	29
205	4	1461	28
205	4	1774	29
206	4	678	29
206	4	991	30
206	4	1982	28
207	4	678	29
208	4	678	29
210	4	469	29
211	4	1669	28
211	4	1982	29
212	4	991	28
212	4	1304	29
213	4	1774	28
213	4	2087	29
214	4	1043	28
214	4	1356	29
215	4	1356	29
216	4	1148	28
216	4	1461	29
217	4	1356	29
218	4	887	29
220	4	1617	28
220	4	1930	29
221	4	521	29
222	4	2087	29
223	4	1043	28
223	4	1356	29
224	4	1043	28
224	4	1356	29
225	4	730	29
225	4	1043	30
226	4	834	29
227	4	1356	29
228	4	678	29
228	4	2035	30
229	4	574	29
230	4	678	29
231	4	730	29
232	4	834	29
233	4	1304	29
233	4	2139	28
235	4	1669	28
235	4	1982	29
236	4	1148	28
236	4	1461	29
237	4	1043	28
237	4	1356	29
238	4	1304	28
238	4	1617	29
239	4	1408	28
239	4	1722	29
240	4	678	29
240	4	2191	30
241	4	574	29
242	4	1043	29
243	4	626	29
243	4	1878	30
244	4	782	29
245	4	1356	28
245	4	1669	29
246	4	2295	28
248	4	834	29
249	4	626	29
250	4	626	29
250	4	1930	30
251	4	939	29
252	4	1617	28
252	4	1930	29
253	4	991	28
253	4	1304	29
255	4	1095	28
255	4	1408	29
256	4	574	29
257	4	1356	28
257	4	1669	29
258	4	678	29
258	4	991	30
259	4	730	29
260	4	782	29
262	4	1095	28
262	4	1408	29
263	4	626	29
264	4	991	29
265	4	782	29
266	4	1095	29
267	4	678	29
267	4	991	30
268	4	1148	29
268	4	1774	28
269	4	730	29
270	4	626	29
271	4	834	29
271	4	2243	30
272	4	678	29
272	4	1878	30
272	4	2191	28
274	4	1408	28
274	4	1722	29
275	4	1774	28
275	4	2087	29
277	4	2035	29
278	4	1669	28
278	4	1982	29
279	4	1356	29
280	4	626	29
282	4	1722	28
282	4	2035	29
283	4	1356	29
283	4	2243	28
284	4	678	29
284	4	991	30
285	4	1200	29
286	4	678	29
286	4	2087	30
287	4	1356	29
288	4	939	29
289	4	1304	28
289	4	1617	29
291	4	1982	29
292	4	1669	28
292	4	1982	29
293	4	574	29
293	4	1774	30
294	4	939	29
295	4	1252	28
295	4	1565	29
296	4	730	29
297	4	1513	28
297	4	1826	29
298	4	1043	28
298	4	1356	29
299	4	834	29
300	4	1200	28
300	4	1513	29
301	4	678	29
302	4	678	29
303	4	521	29
303	4	1148	30
304	4	730	29
306	4	730	29
306	4	1095	30
307	4	574	29
308	4	574	29
309	4	730	29
309	4	1043	30
309	4	2087	28
310	4	834	29
310	4	1930	30
311	4	1095	28
311	4	1408	29
312	4	1304	28
312	4	1617	29
313	4	626	29
314	4	1461	28
314	4	1774	29
315	4	1095	29
316	4	2243	28
317	4	1304	29
318	4	1617	28
318	4	1930	29
319	4	1930	28
319	4	2243	29
320	4	1252	29
321	4	678	29
322	4	626	29
323	4	2087	28
324	4	1461	29
325	4	1356	29
326	4	626	29
327	4	1148	29
327	4	1982	28
328	4	991	28
328	4	1304	29
329	4	1565	28
329	4	1878	29
330	4	626	29
331	4	730	29
332	4	887	29
333	4	626	29
334	4	1408	29
335	4	626	29
336	4	730	29
337	4	1043	28
337	4	1356	29
338	4	1252	28
338	4	1565	29
339	4	834	29
340	4	1356	29
341	4	1252	29
341	4	2087	28
342	4	574	29
342	4	1826	30
343	4	626	29
344	4	2191	28
345	4	1095	29
346	4	1043	29
346	4	1982	30
346	4	2295	28
347	4	782	29
348	4	678	29
349	4	887	29
349	4	1826	30
350	4	2243	28
351	4	939	29
352	4	1148	29
353	4	730	29
354	4	626	29
354	4	1826	30
355	4	887	29
356	4	991	28
356	4	1304	29
357	4	939	29
358	4	1200	28
358	4	1513	29
360	4	574	29
361	4	1043	29
362	4	1304	28
362	4	1617	29
364	4	730	29
365	4	1826	28
365	4	2139	29
366	4	626	29
367	4	887	29
368	4	626	29
368	4	1826	30
369	4	730	29
370	4	1043	28
370	4	1356	29
371	4	939	29
372	4	991	28
372	4	1304	29
373	4	1148	28
373	4	1461	29
374	4	1617	28
374	4	1930	29
375	4	1461	28
375	4	1774	29
376	4	991	29
377	4	1461	28
377	4	1774	29
378	4	1356	28
378	4	1669	29
379	4	1095	29
380	4	1930	29
381	4	574	29
382	4	782	29
383	4	1461	29
384	4	887	29
385	4	1200	29
386	4	939	29
387	4	834	29
387	4	1930	30
388	4	2243	28
389	4	782	29
390	4	626	29
391	4	782	29
392	4	1095	28
392	4	1408	29
393	4	574	29
394	4	1252	29
396	4	730	29
396	4	1043	30
397	4	1200	29
397	4	2035	28
399	4	678	29
400	4	991	29
402	4	1043	29
403	4	2191	28
404	4	991	28
404	4	1304	29
405	4	1356	28
405	4	1669	29
406	4	834	29
407	4	1304	29
409	4	1304	28
409	4	1617	29
410	4	1095	28
410	4	1408	29
411	4	730	29
411	4	1148	30
412	4	678	29
412	4	1043	30
412	4	2087	28
413	4	782	29
413	4	1095	30
414	4	1095	29
414	4	2295	28
415	4	887	29
416	4	1513	28
416	4	1826	29
417	4	1043	29
418	4	991	29
418	4	2035	30
419	4	730	29
420	4	1043	28
420	4	1356	29
421	4	2139	29
422	4	1043	28
422	4	1356	29
423	4	1148	29
423	4	1930	28
424	4	678	29
424	4	1878	30
424	4	2191	28
425	4	1043	29
426	4	1200	29
426	4	1826	28
427	4	2243	28
428	4	730	29
429	4	469	29
430	4	626	29
431	4	626	29
432	4	939	29
432	4	1982	30
433	4	1252	29
434	4	834	29
434	4	1878	30
434	4	2191	28
435	4	730	29
436	4	782	29
436	4	1774	30
437	4	782	29
438	4	574	29
439	4	1148	28
439	4	1461	29
440	4	574	29
441	4	1930	28
441	4	2243	29
442	4	1148	29
443	4	626	29
444	4	1774	28
444	4	2087	29
445	4	887	29
446	4	1878	29
447	4	1722	28
447	4	2035	29
448	4	1200	28
448	4	1513	29
449	4	2243	28
451	4	991	28
451	4	1304	29
451	4	2191	30
452	4	887	29
453	4	626	29
453	4	1826	30
454	4	1513	28
454	4	1826	29
455	4	1148	29
455	4	1982	28
456	4	1461	28
456	4	1774	29
457	4	574	29
458	4	1930	28
458	4	2243	29
459	4	1095	28
459	4	1408	29
460	4	730	29
461	4	626	29
462	4	1200	29
463	4	1043	29
463	4	2035	30
464	4	1095	28
464	4	1408	29
465	4	730	29
466	4	730	29
467	4	678	29
468	4	730	29
469	4	574	29
469	4	2087	30
470	4	1669	28
470	4	1982	29
471	4	1356	28
471	4	1669	29
472	4	887	29
473	4	574	29
474	4	834	29
475	4	1148	28
475	4	1461	29
476	4	1513	28
476	4	1826	29
477	4	1148	28
477	4	1461	29
478	4	1095	29
480	4	574	29
481	4	1043	29
481	4	1930	30
482	4	939	29
483	4	1930	28
483	4	2243	29
484	4	2191	29
485	4	1408	28
485	4	1722	29
486	4	1461	28
486	4	1774	29
487	4	626	29
488	4	1461	28
488	4	1774	29
489	4	626	29
489	4	1826	30
490	4	991	28
490	4	1304	29
490	4	2191	30
491	4	1252	29
492	4	1148	28
492	4	1461	29
493	4	574	29
494	4	991	29
495	4	1043	28
495	4	1356	29
496	4	521	29
497	4	678	29
498	4	1043	29
499	4	782	29
500	4	834	29
500	4	1148	30
501	4	1461	28
501	4	1774	29
502	4	626	29
503	4	626	29
503	4	1826	30
503	4	2139	28
505	4	1461	28
505	4	1774	29
506	4	1252	28
506	4	1565	29
507	4	1826	28
507	4	2139	29
508	4	834	29
508	4	1930	30
508	4	2243	28
510	4	2139	29
512	4	1148	28
512	4	1461	29
513	4	1148	28
513	4	1461	29
514	4	939	29
515	4	730	29
515	4	2243	30
516	4	1461	28
516	4	1774	29
517	4	1461	28
517	4	1774	29
518	4	1252	28
518	4	1565	29
519	4	834	29
520	4	887	29
521	4	782	29
522	4	1095	29
523	4	782	29
524	4	2295	28
525	4	1095	29
525	4	1982	30
526	4	2139	29
527	4	678	29
527	4	991	30
528	4	626	29
529	4	730	29
529	4	1095	30
529	4	2191	28
530	4	1356	29
530	4	2087	28
531	4	1252	29
531	4	2035	28
532	4	1148	28
532	4	1461	29
533	4	2191	28
534	4	678	29
534	4	1930	30
535	4	1774	28
535	4	2087	29
536	4	1513	28
536	4	1826	29
537	4	1095	29
538	4	782	29
539	4	678	29
539	4	991	30
540	4	2139	29
541	4	730	29
542	4	1200	28
542	4	1513	29
543	4	1200	29
543	4	1982	28
544	4	991	29
544	4	2035	30
545	4	991	28
545	4	1304	29
546	4	1304	29
547	4	939	29
547	4	2139	30
548	4	1565	28
548	4	1878	29
549	4	1461	28
549	4	1774	29
550	4	730	29
550	4	1774	30
550	4	2139	28
551	4	678	29
551	4	1878	30
552	4	1461	29
553	4	626	29
554	4	574	29
555	4	574	29
555	4	1774	30
556	4	1043	28
556	4	1356	29
557	4	1669	28
557	4	1982	29
558	4	678	29
559	4	1095	29
559	4	2035	28
560	4	1565	28
560	4	1878	29
561	4	1043	28
561	4	1356	29
562	4	1200	28
562	4	1513	29
563	4	521	29
564	4	1565	28
564	4	1878	29
565	4	834	29
565	4	1878	30
565	4	2191	28
566	4	782	29
567	4	626	29
568	4	730	29
569	4	1095	28
569	4	1408	29
570	4	1461	28
570	4	1774	29
571	4	574	29
572	4	1617	28
572	4	1930	29
575	4	574	29
575	4	1774	30
576	4	1408	28
576	4	1722	29
577	4	834	29
578	4	1200	28
578	4	1513	29
579	4	626	29
580	4	2243	28
581	4	1304	29
581	4	1930	28
582	4	626	29
583	4	730	29
583	4	1043	30
584	4	834	29
585	4	626	29
585	4	1826	30
586	4	574	29
587	4	626	29
587	4	1826	30
588	4	939	29
589	4	887	29
590	4	782	29
591	4	1669	28
591	4	1982	29
593	4	1982	29
594	4	991	28
594	4	1304	29
595	4	834	29
595	4	1878	30
595	4	2243	28
596	4	574	29
597	4	1513	29
598	4	626	29
599	4	782	29
600	4	1826	28
600	4	2139	29
601	4	782	29
602	4	1461	28
602	4	1774	29
603	4	626	29
604	4	991	28
604	4	1304	29
605	4	1356	28
605	4	1669	29
606	4	1043	29
607	4	626	29
608	4	1148	29
611	4	626	29
612	4	1200	29
612	4	2243	28
613	4	1461	28
613	4	1774	29
614	4	1252	29
615	4	1148	28
615	4	1461	29
616	4	1252	28
616	4	1565	29
617	4	2035	29
618	4	2243	28
619	4	1148	28
619	4	1461	29
620	4	730	29
621	4	1148	28
621	4	1461	29
622	4	678	29
623	4	1356	28
623	4	1669	29
624	4	834	29
625	4	1356	28
625	4	1669	29
626	4	991	29
627	4	991	29
628	4	1095	29
629	4	1095	28
629	4	1408	29
630	4	991	28
630	4	1304	29
631	4	521	29
631	4	2243	30
632	4	626	29
633	4	1669	28
633	4	1982	29
634	4	1356	29
635	4	1565	28
635	4	1878	29
637	4	1200	28
637	4	1513	29
638	4	2087	29
639	4	782	29
639	4	1982	30
640	4	991	28
640	4	1304	29
641	4	1043	29
642	4	1408	28
642	4	1722	29
644	4	887	29
645	4	1148	29
646	4	626	29
646	4	1826	30
647	4	1617	28
647	4	1930	29
648	4	991	28
648	4	1304	29
649	4	887	29
650	4	1617	28
650	4	1930	29
651	4	2035	29
652	4	1043	29
653	4	1043	29
654	4	1043	28
654	4	1356	29
655	4	626	29
656	4	521	29
657	4	939	29
658	4	939	29
658	4	2035	30
659	4	1200	29
660	4	1043	28
660	4	1356	29
661	4	939	29
662	4	574	29
663	4	1252	28
663	4	1565	29
664	4	782	29
664	4	2087	30
665	4	782	29
666	4	678	29
667	4	782	29
668	4	1148	28
668	4	1461	29
669	4	991	28
669	4	1304	29
670	4	1043	28
670	4	1356	29
671	4	1461	28
671	4	1774	29
672	4	991	28
672	4	1304	29
673	4	991	28
673	4	1304	29
674	4	626	29
675	4	1200	29
675	4	1774	28
676	4	626	29
676	4	1930	30
677	4	1043	28
677	4	1356	29
678	4	730	29
679	4	1408	28
679	4	1722	29
680	4	1200	28
680	4	1513	29
681	4	1148	28
681	4	1461	29
682	4	991	29
683	4	1461	28
683	4	1774	29
684	4	1200	29
684	4	1774	28
685	4	991	29
686	4	1148	29
687	4	1565	28
687	4	1878	29
688	4	1461	28
688	4	1774	29
689	4	1408	28
689	4	1722	29
690	4	521	29
691	4	887	29
691	4	2035	30
692	4	1095	29
693	4	521	29
694	4	939	29
695	4	626	29
696	4	1095	28
696	4	1408	29
697	4	782	29
698	4	1617	28
698	4	1930	29
699	4	574	29
700	4	2191	29
701	4	1095	28
701	4	1408	29
702	4	574	29
703	4	834	29
704	4	2191	28
705	4	1148	28
705	4	1461	29
706	4	678	29
707	4	834	29
708	4	1304	29
709	4	939	29
709	4	2087	30
710	4	939	29
711	4	1148	29
711	4	1982	28
712	4	1043	28
712	4	1356	29
713	4	2139	28
714	4	730	29
715	4	626	29
716	4	626	29
717	4	1200	29
717	4	1774	28
718	4	834	29
718	4	2139	30
719	4	1095	28
719	4	1408	29
720	4	2191	28
721	4	1148	29
722	4	521	29
722	4	1148	30
723	4	887	29
724	4	626	29
725	4	834	29
726	4	574	29
727	4	1461	28
727	4	1774	29
728	4	1930	29
729	4	834	29
730	4	1148	29
731	4	730	29
732	4	887	29
733	4	887	29
734	4	730	29
735	4	2191	28
736	4	1252	28
736	4	1565	29
737	4	782	29
738	4	939	29
738	4	2035	30
739	4	1148	29
741	4	939	29
742	4	678	29
742	4	991	30
743	4	626	29
744	4	1304	29
744	4	1982	28
745	4	1200	28
745	4	1513	29
746	4	1461	28
746	4	1774	29
747	4	1356	29
748	4	2243	28
749	4	1461	28
749	4	1774	29
750	4	678	29
751	4	1304	28
751	4	1617	29
752	4	1043	28
752	4	1356	29
753	4	782	29
753	4	2035	30
754	4	834	29
755	4	626	29
756	4	834	29
756	4	1826	30
757	4	1774	28
757	4	2087	29
758	4	626	29
759	4	1513	28
759	4	1826	29
760	4	521	29
761	4	574	29
762	4	1148	29
763	4	1356	29
763	4	2087	28
765	4	782	29
766	4	887	29
767	4	1356	28
767	4	1669	29
768	4	1617	28
768	4	1930	29
769	4	991	28
769	4	1304	29
770	4	2191	28
771	4	1356	28
771	4	1669	29
772	4	1043	28
772	4	1356	29
773	4	1565	28
773	4	1878	29
774	4	626	29
775	4	1408	28
775	4	1722	29
776	4	678	29
776	4	2035	30
777	4	2243	28
778	4	730	29
779	4	2035	29
780	4	1982	29
781	4	626	29
782	4	939	29
783	4	1617	28
783	4	1930	29
784	4	730	29
785	4	782	29
786	4	626	29
787	4	1513	28
787	4	1826	29
788	4	782	29
789	4	1148	29
789	4	1930	28
790	4	1043	28
790	4	1356	29
791	4	1513	28
791	4	1826	29
792	4	887	29
793	4	626	29
794	4	574	29
795	4	1774	28
795	4	2087	29
796	4	1513	28
796	4	1826	29
797	4	834	29
798	4	1200	28
798	4	1513	29
800	4	1461	28
800	4	1774	29
801	4	1408	29
801	4	2295	28
802	4	939	29
803	4	1148	29
804	4	521	29
806	4	1513	28
806	4	1826	29
807	4	678	29
807	4	991	30
808	4	2243	28
809	4	1930	28
809	4	2243	29
810	4	730	29
811	4	730	29
812	4	887	29
812	4	2139	30
813	4	1408	29
815	4	626	29
816	4	1200	29
817	4	2295	29
818	4	574	29
819	4	1617	28
819	4	1930	29
820	4	1930	29
821	4	1304	29
822	4	626	29
823	4	782	29
823	4	1095	30
823	4	2139	28
824	4	1252	29
824	4	1878	28
825	4	1095	29
826	4	1148	28
826	4	1461	29
827	4	1043	28
827	4	1356	29
828	4	1304	29
829	4	2139	29
830	4	1356	28
830	4	1669	29
831	4	939	29
831	4	1930	30
831	4	2243	28
832	4	887	29
832	4	1878	30
832	4	2191	28
833	4	1356	29
834	4	730	29
834	4	2035	30
835	4	1043	29
836	4	2295	28
837	4	1408	28
837	4	1722	29
838	4	730	29
838	4	2243	30
839	4	1565	28
839	4	1878	29
840	4	574	29
840	4	1774	30
841	4	834	29
842	4	991	28
842	4	1304	29
843	4	730	29
843	4	1148	30
843	4	2191	28
844	4	1408	28
844	4	1722	29
845	4	1461	28
845	4	1774	29
846	4	1565	28
846	4	1878	29
847	4	1408	28
847	4	1722	29
848	4	574	29
849	4	2191	28
850	4	939	29
850	4	1878	30
852	4	1095	28
852	4	1408	29
853	4	1513	28
853	4	1826	29
854	4	1200	29
854	4	1774	28
855	4	834	29
856	4	1826	29
857	4	1461	28
857	4	1774	29
858	4	1252	29
859	4	991	28
859	4	1304	29
860	4	1774	28
860	4	2087	29
861	4	887	29
862	4	1722	28
862	4	2035	29
863	4	887	29
864	4	782	29
864	4	1878	30
864	4	2243	28
865	4	730	29
866	4	730	29
867	4	574	29
868	4	1095	29
869	4	1095	29
869	4	1722	28
870	4	1356	28
870	4	1669	29
871	4	1356	29
873	4	730	29
873	4	1826	30
875	4	469	29
876	4	730	29
877	4	626	29
877	4	1826	30
878	4	1408	28
878	4	1722	29
879	4	1095	29
880	4	678	29
881	4	1095	28
881	4	1408	29
882	4	1408	29
883	4	1878	28
883	4	2191	29
884	4	887	29
885	4	730	29
885	4	1826	30
886	4	1043	28
886	4	1356	29
887	4	1200	29
888	4	1200	28
888	4	1513	29
889	4	1513	28
889	4	1826	29
890	4	1356	29
890	4	2139	28
891	4	887	29
892	4	1722	28
892	4	2035	29
893	4	887	29
894	4	991	29
895	4	521	29
896	4	678	29
897	4	782	29
898	4	834	29
899	4	782	29
899	4	2191	30
900	4	1095	28
900	4	1408	29
901	4	626	29
902	4	991	28
902	4	1304	29
903	4	678	29
903	4	2139	30
905	4	1356	28
905	4	1669	29
906	4	678	29
907	4	2191	28
908	4	782	29
909	4	2191	28
910	4	1252	29
911	4	1095	28
911	4	1408	29
912	4	939	29
913	4	1461	29
913	4	2295	28
914	4	991	28
914	4	1304	29
915	4	1408	29
916	4	678	29
917	4	574	29
918	4	1252	29
919	4	1461	28
919	4	1774	29
920	4	991	28
920	4	1304	29
921	4	626	29
922	4	1722	29
923	4	1461	28
923	4	1774	29
924	4	939	29
925	4	782	29
926	4	1043	29
926	4	2295	30
927	4	1095	28
927	4	1408	29
929	4	1043	29
931	4	626	29
931	4	1826	30
932	4	1356	28
932	4	1669	29
933	4	1408	29
933	4	2139	28
934	4	1252	28
934	4	1565	29
935	4	678	29
936	4	626	29
937	4	1043	28
937	4	1356	29
938	4	1252	28
938	4	1565	29
939	4	1408	28
939	4	1722	29
940	4	1148	29
941	4	730	29
941	4	2035	30
942	4	730	29
942	4	1826	30
943	4	626	29
944	4	574	29
945	4	1617	28
945	4	1930	29
946	4	574	29
947	4	782	29
947	4	1774	30
947	4	2191	28
948	4	782	29
949	4	574	29
949	4	1774	30
950	4	730	29
950	4	1043	30
952	4	2139	28
953	4	887	29
954	4	626	29
956	4	626	29
957	4	1565	28
957	4	1878	29
958	4	1304	28
958	4	1617	29
960	4	1095	29
961	4	991	29
962	4	2087	29
963	4	834	29
964	4	887	29
964	4	1930	30
964	4	2295	28
965	4	1043	28
965	4	1356	29
966	4	782	29
967	4	1513	28
967	4	1826	29
968	4	887	29
969	4	574	29
971	4	939	29
972	4	678	29
972	4	991	30
973	4	521	29
974	4	991	29
975	4	1408	29
976	4	1043	29
977	4	2035	28
978	4	834	29
979	4	1513	28
979	4	1826	29
980	4	1930	28
980	4	2243	29
981	4	1148	28
981	4	1461	29
982	4	991	29
983	4	626	29
984	4	1200	28
984	4	1513	29
985	4	1304	29
985	4	1982	28
987	4	1408	28
987	4	1722	29
988	4	887	29
989	4	626	29
990	4	1878	29
992	4	1982	28
992	4	2295	29
993	4	1043	28
993	4	1356	29
994	4	2191	28
995	4	626	29
996	4	1408	28
996	4	1722	29
998	4	1095	29
998	4	1982	30
998	4	2295	28
999	4	1565	28
999	4	1878	29
0	5	417	24
0	5	678	29
0	5	991	30
1	5	417	24
1	5	678	29
1	5	991	30
2	5	469	24
2	5	834	29
3	5	1095	27
3	5	1252	29
3	5	2035	28
4	5	417	24
4	5	834	29
4	5	1878	27
4	5	2035	30
5	5	417	24
5	5	730	29
6	5	469	29
6	5	1826	27
7	5	887	27
7	5	1200	28
7	5	1513	29
8	5	469	24
8	5	1095	29
9	5	1930	27
9	5	2243	28
10	5	417	24
10	5	730	29
11	5	2295	27
12	5	1095	27
12	5	1408	28
12	5	1722	29
13	5	991	27
13	5	1304	28
13	5	1617	29
14	5	417	24
14	5	678	29
15	5	417	24
15	5	782	29
16	5	417	24
16	5	730	29
16	5	1565	27
17	5	417	24
17	5	730	29
18	5	417	24
18	5	782	29
19	5	1826	27
19	5	1982	29
20	5	469	24
20	5	834	29
20	5	1669	27
21	5	417	24
21	5	678	29
21	5	991	30
22	5	782	27
22	5	1095	28
22	5	1408	29
23	5	417	24
23	5	730	29
24	5	417	24
24	5	730	29
25	5	1513	27
25	5	1826	28
25	5	2139	29
26	5	469	24
26	5	1148	29
27	5	417	24
27	5	678	29
28	5	626	29
28	5	1356	27
28	5	2295	30
29	5	678	27
29	5	991	28
29	5	1304	29
30	5	1148	27
30	5	1356	29
31	5	469	24
31	5	887	29
32	5	1043	27
32	5	1200	29
32	5	2139	28
33	5	521	24
33	5	1565	27
33	5	1617	29
34	5	521	29
34	5	1513	27
35	5	417	24
35	5	782	29
36	5	417	24
36	5	782	29
37	5	521	24
37	5	1826	29
38	5	521	24
38	5	939	29
39	5	417	24
39	5	887	29
40	5	417	24
40	5	626	29
40	5	1878	30
40	5	2191	27
41	5	574	24
41	5	1200	27
41	5	1304	29
42	5	626	24
42	5	1095	29
43	5	417	24
43	5	730	29
43	5	1617	27
44	5	1461	27
44	5	1774	28
44	5	2087	29
45	5	469	24
45	5	1043	29
46	5	417	24
46	5	887	29
47	5	1043	27
47	5	1356	28
47	5	1669	29
48	5	1930	27
48	5	2243	28
49	5	417	24
49	5	887	29
50	5	1461	27
50	5	1774	28
50	5	2087	29
51	5	1513	27
51	5	1826	28
51	5	2139	29
52	5	834	27
52	5	1148	28
52	5	1461	29
53	5	417	24
53	5	782	29
53	5	1982	30
53	5	2295	28
55	5	469	24
55	5	887	29
56	5	1095	27
56	5	1408	28
56	5	1722	29
57	5	417	24
57	5	574	29
57	5	1200	27
57	5	1774	30
58	5	469	24
58	5	939	29
59	5	417	24
59	5	782	27
59	5	834	29
60	5	991	27
60	5	1304	28
60	5	1617	29
61	5	417	24
61	5	887	29
62	5	417	24
62	5	939	27
62	5	991	29
62	5	2243	30
63	5	521	29
63	5	1408	27
64	5	1826	27
64	5	2035	29
65	5	574	29
65	5	1722	27
66	5	1148	27
66	5	1200	29
67	5	626	29
67	5	1408	27
68	5	1304	27
68	5	1617	28
68	5	1930	29
69	5	730	27
69	5	1043	28
69	5	1356	29
70	5	469	24
70	5	991	29
71	5	1043	27
71	5	1200	29
73	5	1513	27
73	5	1826	28
73	5	2139	29
74	5	730	27
74	5	1043	28
74	5	1356	29
75	5	417	24
75	5	730	29
76	5	1252	27
76	5	1461	29
77	5	1356	27
77	5	1669	28
77	5	1982	29
78	5	1200	27
78	5	1513	28
78	5	1826	29
79	5	678	27
79	5	991	28
79	5	1304	29
80	5	417	24
80	5	887	29
81	5	469	24
81	5	991	29
82	5	521	24
82	5	1669	29
83	5	939	27
83	5	1252	28
83	5	1565	29
84	5	417	24
84	5	887	29
85	5	1565	27
85	5	1878	28
85	5	2191	29
86	5	991	27
86	5	1304	28
86	5	1617	29
87	5	417	24
87	5	782	29
87	5	1826	30
87	5	2295	28
88	5	521	24
88	5	1148	27
88	5	1200	29
89	5	678	27
89	5	991	28
89	5	1304	29
90	5	1200	27
90	5	1513	28
90	5	1826	29
91	5	469	24
92	5	417	24
92	5	782	29
93	5	1148	27
93	5	1461	28
93	5	1774	29
94	5	1669	27
94	5	1982	28
94	5	2295	29
95	5	730	27
95	5	1043	28
95	5	1356	29
96	5	887	27
96	5	1200	28
96	5	1513	29
97	5	1095	27
97	5	1408	28
97	5	1722	29
98	5	1565	27
98	5	1878	28
98	5	2191	29
99	5	991	27
99	5	1304	28
99	5	1617	29
100	5	1148	27
100	5	1461	28
100	5	1774	29
101	5	521	24
101	5	939	29
102	5	521	24
102	5	991	29
103	5	782	27
103	5	1095	28
103	5	1408	29
104	5	469	29
104	5	1252	27
105	5	2139	27
106	5	574	29
106	5	1304	27
106	5	2035	30
107	5	417	24
107	5	626	29
107	5	2191	30
108	5	417	24
108	5	730	29
109	5	1148	27
109	5	1461	28
109	5	1774	29
110	5	417	24
110	5	678	29
111	5	521	24
111	5	1826	29
112	5	574	29
112	5	2295	27
113	5	417	24
113	5	626	29
114	5	469	24
114	5	1200	29
115	5	1304	27
115	5	1617	28
115	5	1930	29
116	5	1304	27
116	5	1617	28
116	5	1930	29
117	5	1252	27
117	5	1565	28
117	5	1878	29
118	5	1095	27
118	5	1304	29
119	5	1148	27
119	5	1461	28
119	5	1774	29
120	5	730	27
120	5	1043	28
120	5	1356	29
121	5	1095	27
121	5	1408	28
121	5	1722	29
122	5	417	24
122	5	730	29
122	5	2087	30
123	5	1826	27
123	5	2139	28
124	5	417	24
124	5	730	29
125	5	417	24
125	5	834	29
126	5	417	24
126	5	626	29
127	5	417	24
127	5	678	29
128	5	417	24
128	5	626	29
129	5	1043	27
129	5	1356	28
129	5	1669	29
130	5	417	24
130	5	834	29
131	5	521	24
131	5	939	29
131	5	1461	27
131	5	2139	30
132	5	417	24
132	5	626	29
133	5	417	24
133	5	991	27
133	5	1148	29
134	5	730	27
134	5	1043	28
134	5	1356	29
135	5	417	24
135	5	730	29
136	5	417	24
136	5	574	29
136	5	1669	27
136	5	1774	30
137	5	574	29
137	5	1513	27
138	5	417	24
138	5	626	29
138	5	1982	30
138	5	2295	27
139	5	417	24
139	5	782	29
139	5	1722	27
139	5	1774	30
139	5	2087	28
140	5	1722	27
140	5	2035	28
141	5	417	24
141	5	782	27
141	5	834	29
141	5	1148	30
142	5	678	27
142	5	991	28
142	5	1304	29
143	5	1148	27
143	5	1356	29
145	5	1095	27
145	5	1356	29
145	5	2243	28
146	5	417	24
146	5	887	29
147	5	469	24
147	5	939	29
148	5	1200	27
148	5	1513	28
148	5	1826	29
149	5	417	24
149	5	626	29
149	5	1304	27
149	5	1878	30
150	5	417	24
150	5	782	29
151	5	730	27
151	5	1043	28
151	5	1356	29
152	5	469	24
152	5	834	29
152	5	2243	27
152	5	2295	30
153	5	574	29
153	5	2243	27
154	5	417	24
154	5	834	29
155	5	417	24
155	5	626	29
155	5	1565	27
155	5	2191	30
156	5	417	24
156	5	782	29
156	5	2243	30
158	5	417	24
158	5	887	29
159	5	417	24
159	5	626	29
159	5	2035	30
160	5	521	24
160	5	1148	29
161	5	1461	27
161	5	1774	28
161	5	2087	29
162	5	939	27
162	5	1252	28
162	5	1565	29
163	5	1043	27
163	5	1356	28
163	5	1669	29
164	5	417	24
164	5	834	27
164	5	887	29
165	5	417	24
165	5	887	29
166	5	1722	27
166	5	2035	28
167	5	1095	27
167	5	1408	28
167	5	1722	29
169	5	417	24
169	5	782	27
169	5	834	29
170	5	417	24
170	5	730	29
170	5	1878	30
171	5	782	27
171	5	1095	28
171	5	1408	29
172	5	991	27
172	5	1200	29
172	5	1982	28
173	5	1148	27
173	5	1461	28
173	5	1774	29
174	5	678	27
174	5	991	28
174	5	1304	29
175	5	469	24
175	5	887	29
175	5	2243	30
176	5	417	24
176	5	574	29
176	5	2295	27
177	5	1565	27
177	5	1878	28
177	5	2191	29
178	5	1930	27
178	5	2243	28
179	5	417	24
179	5	991	27
179	5	1043	29
180	5	1878	27
180	5	2191	28
181	5	417	24
181	5	730	29
182	5	574	29
183	5	417	24
183	5	730	29
184	5	991	27
184	5	1304	28
184	5	1617	29
185	5	417	24
185	5	834	29
186	5	2035	27
187	5	626	29
187	5	1513	27
188	5	939	27
188	5	1252	28
188	5	1565	29
189	5	574	24
189	5	1095	29
189	5	2243	27
190	5	1043	27
190	5	1252	29
191	5	417	24
191	5	730	29
192	5	469	24
192	5	1095	27
192	5	1200	29
193	5	469	24
193	5	1148	27
193	5	1200	29
194	5	574	29
196	5	417	24
196	5	678	29
196	5	991	30
196	5	1669	27
196	5	1982	28
196	5	2295	25
198	5	574	24
198	5	1148	29
199	5	417	24
199	5	730	29
199	5	2243	30
200	5	1095	27
200	5	1252	29
200	5	2087	28
201	5	1774	27
201	5	1930	29
202	5	887	27
202	5	1200	28
202	5	1513	29
203	5	626	29
203	5	1513	27
204	5	417	24
204	5	887	29
205	5	1148	27
205	5	1461	28
205	5	1774	29
206	5	417	24
206	5	678	29
206	5	991	30
206	5	1669	27
206	5	1982	28
206	5	2295	25
207	5	417	24
207	5	678	29
207	5	2243	27
208	5	417	24
208	5	678	29
208	5	1722	27
209	5	2139	27
210	5	469	29
210	5	1565	27
211	5	1356	27
211	5	1669	28
211	5	1982	29
212	5	678	27
212	5	991	28
212	5	1304	29
213	5	1461	27
213	5	1774	28
213	5	2087	29
214	5	730	27
214	5	1043	28
214	5	1356	29
215	5	1148	27
215	5	1356	29
216	5	834	27
216	5	1148	28
216	5	1461	29
217	5	1095	27
217	5	1356	29
218	5	521	24
218	5	887	29
218	5	1669	27
219	5	2087	27
220	5	1304	27
220	5	1617	28
220	5	1930	29
221	5	521	29
221	5	1513	27
222	5	1826	27
222	5	2087	29
223	5	730	27
223	5	1043	28
223	5	1356	29
224	5	730	27
224	5	1043	28
224	5	1356	29
225	5	417	24
225	5	730	29
225	5	1043	30
225	5	2087	27
226	5	417	24
226	5	834	29
227	5	521	24
227	5	1356	29
228	5	417	24
228	5	678	29
228	5	2035	30
229	5	574	29
229	5	1461	27
230	5	417	24
230	5	678	29
231	5	417	24
231	5	730	29
232	5	417	24
232	5	834	29
233	5	1148	27
233	5	1304	29
233	5	2139	28
235	5	1356	27
235	5	1669	28
235	5	1982	29
236	5	834	27
236	5	1148	28
236	5	1461	29
237	5	730	27
237	5	1043	28
237	5	1356	29
238	5	991	27
238	5	1304	28
238	5	1617	29
239	5	1095	27
239	5	1408	28
239	5	1722	29
240	5	417	24
240	5	678	29
240	5	2087	27
240	5	2191	30
241	5	574	29
241	5	1356	27
242	5	469	24
242	5	1043	29
243	5	417	24
243	5	626	29
243	5	1878	30
243	5	2191	27
244	5	417	24
244	5	730	27
244	5	782	29
245	5	1043	27
245	5	1356	28
245	5	1669	29
246	5	1982	27
246	5	2295	28
248	5	417	24
248	5	730	27
248	5	834	29
249	5	417	24
249	5	626	29
250	5	417	24
250	5	626	29
250	5	1930	30
250	5	2243	27
251	5	469	24
251	5	939	29
252	5	1304	27
252	5	1617	28
252	5	1930	29
253	5	678	27
253	5	991	28
253	5	1304	29
255	5	782	27
255	5	1095	28
255	5	1408	29
256	5	574	29
256	5	1565	27
257	5	1043	27
257	5	1356	28
257	5	1669	29
258	5	417	24
258	5	678	29
258	5	991	30
259	5	417	24
259	5	730	29
260	5	417	24
260	5	782	29
262	5	782	27
262	5	1095	28
262	5	1408	29
263	5	626	29
264	5	417	24
264	5	939	27
264	5	991	29
265	5	417	24
265	5	782	29
266	5	469	24
266	5	1095	29
267	5	417	24
267	5	678	29
267	5	991	30
268	5	887	27
268	5	1148	29
268	5	1774	28
269	5	417	24
269	5	730	29
270	5	626	29
270	5	2295	27
271	5	469	24
271	5	834	29
271	5	1565	27
271	5	2243	30
272	5	417	24
272	5	678	29
272	5	1774	27
272	5	1878	30
272	5	2191	28
273	5	2139	27
274	5	1095	27
274	5	1408	28
274	5	1722	29
275	5	1461	27
275	5	1774	28
275	5	2087	29
276	5	2087	27
277	5	574	24
277	5	2035	29
278	5	1356	27
278	5	1669	28
278	5	1982	29
279	5	1095	27
279	5	1356	29
280	5	626	29
280	5	2035	27
282	5	1408	27
282	5	1722	28
282	5	2035	29
283	5	1095	27
283	5	1356	29
283	5	2243	28
284	5	417	24
284	5	678	29
284	5	991	30
284	5	2035	27
285	5	1095	27
285	5	1200	29
286	5	417	24
286	5	678	29
286	5	2035	27
286	5	2087	30
287	5	1095	27
287	5	1356	29
288	5	417	24
288	5	887	27
288	5	939	29
289	5	991	27
289	5	1304	28
289	5	1617	29
291	5	521	24
291	5	1982	29
292	5	1356	27
292	5	1669	28
292	5	1982	29
293	5	417	24
293	5	574	29
293	5	1774	30
293	5	2087	27
294	5	417	24
294	5	834	27
294	5	939	29
295	5	939	27
295	5	1252	28
295	5	1565	29
296	5	417	24
296	5	730	29
297	5	1200	27
297	5	1513	28
297	5	1826	29
298	5	730	27
298	5	1043	28
298	5	1356	29
299	5	417	24
299	5	782	27
299	5	834	29
300	5	887	27
300	5	1200	28
300	5	1513	29
301	5	417	24
301	5	678	29
302	5	417	24
302	5	678	29
302	5	1774	27
303	5	417	24
303	5	521	29
303	5	1148	30
303	5	2087	27
304	5	417	24
304	5	730	29
306	5	417	24
306	5	730	29
306	5	1095	30
307	5	574	29
308	5	574	29
309	5	417	24
309	5	730	29
309	5	1043	30
309	5	2087	28
310	5	417	24
310	5	834	29
310	5	1930	30
310	5	2243	27
311	5	782	27
311	5	1095	28
311	5	1408	29
312	5	991	27
312	5	1304	28
312	5	1617	29
313	5	626	29
314	5	1148	27
314	5	1461	28
314	5	1774	29
315	5	521	24
315	5	1095	29
316	5	1930	27
316	5	2243	28
317	5	1148	27
317	5	1304	29
318	5	1304	27
318	5	1617	28
318	5	1930	29
319	5	1617	27
319	5	1930	28
319	5	2243	29
320	5	1148	27
320	5	1252	29
321	5	417	24
321	5	678	29
322	5	417	24
322	5	626	29
322	5	2035	27
323	5	1774	27
323	5	2087	28
324	5	1200	27
324	5	1461	29
325	5	1148	27
325	5	1356	29
326	5	417	24
326	5	626	29
327	5	1043	27
327	5	1148	29
327	5	1982	28
328	5	678	27
328	5	991	28
328	5	1304	29
329	5	1252	27
329	5	1565	28
329	5	1878	29
330	5	626	29
330	5	1408	27
331	5	417	24
331	5	730	29
332	5	469	24
332	5	887	29
333	5	417	24
333	5	626	29
334	5	1148	27
334	5	1408	29
335	5	417	24
335	5	626	29
336	5	417	24
336	5	730	29
337	5	730	27
337	5	1043	28
337	5	1356	29
338	5	939	27
338	5	1252	28
338	5	1565	29
339	5	417	24
339	5	782	27
339	5	834	29
340	5	1095	27
340	5	1356	29
341	5	1095	27
341	5	1252	29
341	5	2087	28
342	5	417	24
342	5	574	29
342	5	1252	27
342	5	1826	30
343	5	417	24
343	5	626	29
344	5	1878	27
344	5	2191	28
345	5	469	24
345	5	1043	27
345	5	1095	29
346	5	417	24
346	5	1043	29
346	5	1982	30
346	5	2295	28
347	5	521	24
347	5	782	29
348	5	417	24
348	5	678	29
348	5	1722	27
349	5	417	24
349	5	834	27
349	5	887	29
349	5	1826	30
350	5	1930	27
350	5	2243	28
351	5	469	24
351	5	939	29
352	5	469	24
352	5	1095	27
352	5	1148	29
353	5	417	24
353	5	730	29
354	5	417	24
354	5	626	29
354	5	1722	27
354	5	1826	30
355	5	417	24
355	5	887	29
356	5	678	27
356	5	991	28
356	5	1304	29
357	5	469	24
357	5	939	29
358	5	887	27
358	5	1200	28
358	5	1513	29
360	5	574	29
360	5	2191	27
361	5	469	24
361	5	991	27
361	5	1043	29
362	5	991	27
362	5	1304	28
362	5	1617	29
364	5	417	24
364	5	730	29
365	5	1513	27
365	5	1826	28
365	5	2139	29
366	5	626	29
366	5	1513	27
367	5	469	24
367	5	887	29
368	5	417	24
368	5	626	29
368	5	1826	30
368	5	2139	27
369	5	417	24
369	5	730	29
369	5	1408	27
370	5	730	27
370	5	1043	28
370	5	1356	29
371	5	417	24
371	5	834	27
371	5	939	29
372	5	678	27
372	5	991	28
372	5	1304	29
373	5	834	27
373	5	1148	28
373	5	1461	29
374	5	1304	27
374	5	1617	28
374	5	1930	29
375	5	1148	27
375	5	1461	28
375	5	1774	29
376	5	469	24
376	5	991	29
377	5	1148	27
377	5	1461	28
377	5	1774	29
378	5	1043	27
378	5	1356	28
378	5	1669	29
379	5	521	24
379	5	1095	29
380	5	521	24
380	5	1930	29
381	5	574	29
381	5	2035	27
382	5	417	24
382	5	782	29
383	5	1252	27
383	5	1461	29
384	5	417	24
384	5	887	29
385	5	469	24
385	5	1200	29
386	5	417	24
386	5	939	29
387	5	417	24
387	5	834	29
387	5	1461	27
387	5	1930	30
388	5	1930	27
388	5	2243	28
389	5	417	24
389	5	782	29
390	5	417	24
390	5	626	29
391	5	417	24
391	5	782	29
391	5	2243	27
392	5	782	27
392	5	1095	28
392	5	1408	29
393	5	417	24
393	5	574	29
394	5	521	24
394	5	1252	29
395	5	521	24
396	5	417	24
396	5	730	29
396	5	1043	30
397	5	1095	27
397	5	1200	29
397	5	2035	28
398	5	469	24
399	5	417	24
399	5	678	29
400	5	417	24
400	5	991	29
401	5	2035	27
402	5	521	24
402	5	1043	29
403	5	1878	27
403	5	2191	28
404	5	678	27
404	5	991	28
404	5	1304	29
405	5	1043	27
405	5	1356	28
405	5	1669	29
406	5	417	24
406	5	834	29
407	5	1043	27
407	5	1304	29
409	5	991	27
409	5	1304	28
409	5	1617	29
410	5	782	27
410	5	1095	28
410	5	1408	29
411	5	417	24
411	5	730	29
411	5	1148	30
412	5	417	24
412	5	678	29
412	5	1043	30
412	5	1774	27
412	5	2087	28
413	5	417	24
413	5	730	27
413	5	782	29
413	5	1095	30
414	5	469	24
414	5	1095	29
414	5	2295	28
415	5	417	24
415	5	887	29
416	5	1200	27
416	5	1513	28
416	5	1826	29
417	5	417	24
417	5	991	27
417	5	1043	29
418	5	469	24
418	5	991	29
418	5	2035	30
419	5	417	24
419	5	730	29
419	5	1461	27
420	5	730	27
420	5	1043	28
420	5	1356	29
421	5	1878	27
421	5	2139	29
422	5	730	27
422	5	1043	28
422	5	1356	29
423	5	1043	27
423	5	1148	29
423	5	1930	28
424	5	417	24
424	5	678	29
424	5	1878	30
424	5	2191	28
425	5	469	24
425	5	1043	29
426	5	1043	27
426	5	1200	29
426	5	1826	28
427	5	1930	27
427	5	2243	28
428	5	417	24
428	5	730	29
429	5	469	29
429	5	1356	27
430	5	417	24
430	5	626	29
431	5	417	24
431	5	626	29
432	5	417	24
432	5	939	29
432	5	1982	30
433	5	521	24
433	5	1200	27
433	5	1252	29
434	5	417	24
434	5	834	29
434	5	1878	30
434	5	2191	28
435	5	417	24
435	5	730	29
436	5	417	24
436	5	782	29
436	5	1774	30
437	5	417	24
437	5	782	29
438	5	574	29
438	5	1408	27
439	5	834	27
439	5	1148	28
439	5	1461	29
440	5	574	29
440	5	2035	27
441	5	1617	27
441	5	1930	28
441	5	2243	29
442	5	521	24
442	5	1148	29
442	5	1930	27
443	5	626	29
444	5	1461	27
444	5	1774	28
444	5	2087	29
445	5	417	24
445	5	782	27
445	5	887	29
446	5	626	24
446	5	1878	29
447	5	1408	27
447	5	1722	28
447	5	2035	29
448	5	887	27
448	5	1200	28
448	5	1513	29
449	5	1930	27
449	5	2243	28
450	5	2139	27
451	5	678	27
451	5	991	28
451	5	1304	29
451	5	2191	30
452	5	417	24
452	5	887	29
453	5	417	24
453	5	626	29
453	5	1774	27
453	5	1826	30
454	5	1200	27
454	5	1513	28
454	5	1826	29
455	5	1043	27
455	5	1148	29
455	5	1982	28
456	5	1148	27
456	5	1461	28
456	5	1774	29
457	5	574	29
458	5	1617	27
458	5	1930	28
458	5	2243	29
459	5	782	27
459	5	1095	28
459	5	1408	29
460	5	417	24
460	5	730	29
461	5	417	24
461	5	626	29
461	5	1513	27
462	5	469	24
462	5	1200	29
463	5	417	24
463	5	991	27
463	5	1043	29
463	5	2035	30
464	5	782	27
464	5	1095	28
464	5	1408	29
465	5	417	24
465	5	730	29
466	5	417	24
466	5	730	29
467	5	417	24
467	5	678	29
468	5	417	24
468	5	730	29
469	5	417	24
469	5	574	29
469	5	2087	30
470	5	1356	27
470	5	1669	28
470	5	1982	29
471	5	1043	27
471	5	1356	28
471	5	1669	29
472	5	417	24
472	5	887	29
473	5	574	29
473	5	1617	27
474	5	417	24
474	5	834	29
475	5	834	27
475	5	1148	28
475	5	1461	29
476	5	1200	27
476	5	1513	28
476	5	1826	29
477	5	834	27
477	5	1148	28
477	5	1461	29
478	5	521	24
478	5	1095	29
480	5	574	29
481	5	469	24
481	5	991	27
481	5	1043	29
481	5	1930	30
482	5	469	24
482	5	939	29
483	5	1617	27
483	5	1930	28
483	5	2243	29
484	5	1930	27
484	5	2191	29
485	5	1095	27
485	5	1408	28
485	5	1722	29
486	5	1148	27
486	5	1461	28
486	5	1774	29
487	5	417	24
487	5	626	29
488	5	1148	27
488	5	1461	28
488	5	1774	29
489	5	417	24
489	5	626	29
489	5	1826	30
490	5	678	27
490	5	991	28
490	5	1304	29
490	5	2191	30
491	5	521	24
491	5	1252	29
491	5	1982	27
492	5	834	27
492	5	1148	28
492	5	1461	29
493	5	574	29
494	5	417	24
494	5	887	27
494	5	991	29
495	5	730	27
495	5	1043	28
495	5	1356	29
496	5	521	29
496	5	1356	27
497	5	417	24
497	5	678	29
498	5	469	24
498	5	1043	29
499	5	469	24
499	5	782	29
500	5	417	24
500	5	782	27
500	5	834	29
500	5	1148	30
501	5	1148	27
501	5	1461	28
501	5	1774	29
502	5	626	29
502	5	1617	27
503	5	417	24
503	5	626	29
503	5	1722	27
503	5	1826	30
503	5	2139	28
505	5	1148	27
505	5	1461	28
505	5	1774	29
506	5	939	27
506	5	1252	28
506	5	1565	29
507	5	1513	27
507	5	1826	28
507	5	2139	29
508	5	417	24
508	5	782	27
508	5	834	29
508	5	1930	30
508	5	2243	28
510	5	1878	27
510	5	2139	29
512	5	834	27
512	5	1148	28
512	5	1461	29
513	5	834	27
513	5	1148	28
513	5	1461	29
514	5	417	24
514	5	939	29
515	5	417	24
515	5	730	29
515	5	2243	30
516	5	1148	27
516	5	1461	28
516	5	1774	29
517	5	1148	27
517	5	1461	28
517	5	1774	29
518	5	939	27
518	5	1252	28
518	5	1565	29
519	5	417	24
519	5	834	29
520	5	469	24
520	5	887	29
520	5	2243	27
521	5	417	24
521	5	782	29
522	5	574	24
522	5	1095	29
522	5	1565	27
523	5	417	24
523	5	782	29
524	5	1982	27
524	5	2295	28
525	5	469	24
525	5	1043	27
525	5	1095	29
525	5	1982	30
526	5	1878	27
526	5	2139	29
527	5	417	24
527	5	678	29
527	5	991	30
528	5	417	24
528	5	626	29
529	5	417	24
529	5	730	29
529	5	1095	30
529	5	2191	28
530	5	1148	27
530	5	1356	29
530	5	2087	28
531	5	1043	27
531	5	1252	29
531	5	2035	28
532	5	834	27
532	5	1148	28
532	5	1461	29
533	5	1878	27
533	5	2191	28
534	5	417	24
534	5	678	29
534	5	1930	30
535	5	1461	27
535	5	1774	28
535	5	2087	29
536	5	1200	27
536	5	1513	28
536	5	1826	29
537	5	521	24
537	5	1095	29
538	5	417	24
538	5	730	27
538	5	782	29
539	5	417	24
539	5	678	29
539	5	991	30
540	5	1878	27
540	5	2139	29
541	5	417	24
541	5	730	29
541	5	2035	27
542	5	887	27
542	5	1200	28
542	5	1513	29
543	5	1043	27
543	5	1200	29
543	5	1982	28
544	5	469	24
544	5	991	29
544	5	2035	30
545	5	678	27
545	5	991	28
545	5	1304	29
546	5	1095	27
546	5	1304	29
547	5	469	24
547	5	939	29
547	5	2087	27
547	5	2139	30
548	5	1252	27
548	5	1565	28
548	5	1878	29
549	5	1148	27
549	5	1461	28
549	5	1774	29
550	5	417	24
550	5	730	29
550	5	1774	30
550	5	2139	28
551	5	417	24
551	5	678	29
551	5	1878	30
552	5	1252	27
552	5	1461	29
553	5	626	29
553	5	1774	27
554	5	417	24
554	5	574	29
554	5	1461	27
555	5	417	24
555	5	574	29
555	5	1200	27
555	5	1774	30
555	5	2191	25
556	5	730	27
556	5	1043	28
556	5	1356	29
557	5	1356	27
557	5	1669	28
557	5	1982	29
558	5	417	24
558	5	678	29
558	5	2295	27
559	5	887	27
559	5	1095	29
559	5	2035	28
560	5	1252	27
560	5	1565	28
560	5	1878	29
561	5	730	27
561	5	1043	28
561	5	1356	29
562	5	887	27
562	5	1200	28
562	5	1513	29
563	5	521	29
563	5	1304	27
564	5	1252	27
564	5	1565	28
564	5	1878	29
565	5	417	24
565	5	834	29
565	5	1878	30
565	5	2191	28
566	5	417	24
566	5	782	29
567	5	626	29
568	5	417	24
568	5	730	29
569	5	782	27
569	5	1095	28
569	5	1408	29
570	5	1148	27
570	5	1461	28
570	5	1774	29
571	5	417	24
571	5	574	29
571	5	1878	27
572	5	1304	27
572	5	1617	28
572	5	1930	29
574	5	521	24
575	5	417	24
575	5	574	29
575	5	1095	27
575	5	1774	30
576	5	1095	27
576	5	1408	28
576	5	1722	29
577	5	417	24
577	5	782	27
577	5	834	29
578	5	887	27
578	5	1200	28
578	5	1513	29
579	5	626	29
580	5	1930	27
580	5	2243	28
581	5	1043	27
581	5	1304	29
581	5	1930	28
582	5	626	29
582	5	1878	27
583	5	417	24
583	5	730	29
583	5	1043	30
584	5	417	24
584	5	834	29
585	5	417	24
585	5	626	29
585	5	1669	27
585	5	1826	30
586	5	574	29
586	5	1356	27
587	5	417	24
587	5	626	29
587	5	1826	30
588	5	417	24
588	5	939	29
589	5	469	24
589	5	887	29
590	5	417	24
590	5	782	29
591	5	1356	27
591	5	1669	28
591	5	1982	29
593	5	521	24
593	5	1982	29
594	5	678	27
594	5	991	28
594	5	1304	29
595	5	417	24
595	5	834	29
595	5	1878	30
595	5	2243	28
596	5	574	29
596	5	1461	27
597	5	626	24
597	5	1513	29
598	5	417	24
598	5	626	29
599	5	417	24
599	5	730	27
599	5	782	29
600	5	1513	27
600	5	1826	28
600	5	2139	29
601	5	417	24
601	5	782	29
602	5	1148	27
602	5	1461	28
602	5	1774	29
603	5	626	29
604	5	678	27
604	5	991	28
604	5	1304	29
605	5	1043	27
605	5	1356	28
605	5	1669	29
606	5	574	24
606	5	1043	29
607	5	417	24
607	5	626	29
607	5	1617	27
608	5	417	24
608	5	939	27
608	5	1148	29
610	5	2139	27
611	5	626	29
611	5	1826	27
612	5	1043	27
612	5	1200	29
612	5	2243	28
613	5	1148	27
613	5	1461	28
613	5	1774	29
614	5	1095	27
614	5	1252	29
615	5	834	27
615	5	1148	28
615	5	1461	29
616	5	939	27
616	5	1252	28
616	5	1565	29
617	5	1878	27
617	5	2035	29
618	5	1930	27
618	5	2243	28
619	5	834	27
619	5	1148	28
619	5	1461	29
620	5	417	24
620	5	730	29
621	5	834	27
621	5	1148	28
621	5	1461	29
622	5	417	24
622	5	678	29
623	5	1043	27
623	5	1356	28
623	5	1669	29
624	5	417	24
624	5	834	29
625	5	1043	27
625	5	1356	28
625	5	1669	29
626	5	417	24
626	5	939	27
626	5	991	29
627	5	469	24
627	5	991	29
628	5	521	24
628	5	1095	29
628	5	1878	27
629	5	782	27
629	5	1095	28
629	5	1408	29
630	5	678	27
630	5	991	28
630	5	1304	29
631	5	521	29
631	5	1356	27
631	5	2243	30
632	5	417	24
632	5	626	29
633	5	1356	27
633	5	1669	28
633	5	1982	29
634	5	1095	27
634	5	1356	29
635	5	1252	27
635	5	1565	28
635	5	1878	29
636	5	2035	27
637	5	887	27
637	5	1200	28
637	5	1513	29
638	5	1826	27
638	5	2087	29
639	5	417	24
639	5	782	29
639	5	1982	30
640	5	678	27
640	5	991	28
640	5	1304	29
641	5	469	24
641	5	1043	29
642	5	1095	27
642	5	1408	28
642	5	1722	29
643	5	2191	27
644	5	469	24
644	5	887	29
645	5	626	24
645	5	1148	29
645	5	1669	27
646	5	417	24
646	5	626	29
646	5	1356	27
646	5	1826	30
647	5	1304	27
647	5	1617	28
647	5	1930	29
648	5	678	27
648	5	991	28
648	5	1304	29
649	5	417	24
649	5	887	29
650	5	1304	27
650	5	1617	28
650	5	1930	29
651	5	469	24
651	5	2035	29
652	5	521	24
652	5	1043	29
653	5	469	24
653	5	1043	29
654	5	730	27
654	5	1043	28
654	5	1356	29
655	5	626	29
655	5	1669	27
656	5	521	29
656	5	1513	27
657	5	417	24
657	5	939	29
658	5	417	24
658	5	939	29
658	5	2035	30
659	5	1095	27
659	5	1200	29
660	5	730	27
660	5	1043	28
660	5	1356	29
661	5	417	24
661	5	887	27
661	5	939	29
662	5	574	29
662	5	1461	27
663	5	939	27
663	5	1252	28
663	5	1565	29
664	5	417	24
664	5	782	29
664	5	2087	30
665	5	417	24
665	5	782	29
666	5	417	24
666	5	678	29
667	5	417	24
667	5	782	29
668	5	834	27
668	5	1148	28
668	5	1461	29
669	5	678	27
669	5	991	28
669	5	1304	29
670	5	730	27
670	5	1043	28
670	5	1356	29
671	5	1148	27
671	5	1461	28
671	5	1774	29
672	5	678	27
672	5	991	28
672	5	1304	29
673	5	678	27
673	5	991	28
673	5	1304	29
674	5	626	29
674	5	1461	27
675	5	1043	27
675	5	1200	29
675	5	1774	28
676	5	417	24
676	5	626	29
676	5	1930	30
677	5	730	27
677	5	1043	28
677	5	1356	29
678	5	417	24
678	5	730	29
679	5	1095	27
679	5	1408	28
679	5	1722	29
680	5	887	27
680	5	1200	28
680	5	1513	29
681	5	834	27
681	5	1148	28
681	5	1461	29
682	5	469	24
682	5	991	29
683	5	1148	27
683	5	1461	28
683	5	1774	29
684	5	991	27
684	5	1200	29
684	5	1774	28
685	5	469	24
685	5	991	29
686	5	417	24
686	5	939	27
686	5	1148	29
687	5	1252	27
687	5	1565	28
687	5	1878	29
688	5	1148	27
688	5	1461	28
688	5	1774	29
689	5	1095	27
689	5	1408	28
689	5	1722	29
690	5	521	29
691	5	417	24
691	5	887	29
691	5	2035	30
692	5	469	24
692	5	1043	27
692	5	1095	29
693	5	521	29
693	5	1356	27
694	5	417	24
694	5	939	29
695	5	417	24
695	5	626	29
696	5	782	27
696	5	1095	28
696	5	1408	29
697	5	417	24
697	5	782	29
698	5	1304	27
698	5	1617	28
698	5	1930	29
699	5	574	29
699	5	1565	27
700	5	469	24
700	5	2191	29
701	5	782	27
701	5	1095	28
701	5	1408	29
702	5	574	29
703	5	417	24
703	5	834	29
704	5	1878	27
704	5	2191	28
705	5	834	27
705	5	1148	28
705	5	1461	29
706	5	417	24
706	5	678	29
707	5	417	24
707	5	834	29
708	5	1043	27
708	5	1304	29
709	5	469	24
709	5	939	29
709	5	2087	30
710	5	417	24
710	5	939	29
711	5	1043	27
711	5	1148	29
711	5	1982	28
712	5	730	27
712	5	1043	28
712	5	1356	29
713	5	1826	27
713	5	2139	28
714	5	417	24
714	5	730	29
715	5	626	29
715	5	1826	27
716	5	417	24
716	5	626	29
717	5	991	27
717	5	1200	29
717	5	1774	28
718	5	417	24
718	5	834	29
718	5	2139	30
719	5	782	27
719	5	1095	28
719	5	1408	29
720	5	1878	27
720	5	2191	28
721	5	574	24
721	5	1148	29
721	5	1722	27
722	5	417	24
722	5	521	29
722	5	1148	30
723	5	678	27
723	5	887	29
724	5	626	29
725	5	417	24
725	5	834	29
726	5	574	29
726	5	1304	27
727	5	1148	27
727	5	1461	28
727	5	1774	29
728	5	1826	27
728	5	1930	29
729	5	417	24
729	5	834	29
730	5	574	24
730	5	1148	29
731	5	417	24
731	5	730	29
732	5	469	24
732	5	887	29
733	5	417	24
733	5	887	29
734	5	417	24
734	5	730	29
735	5	1878	27
735	5	2191	28
736	5	939	27
736	5	1252	28
736	5	1565	29
737	5	417	24
737	5	782	29
737	5	2139	27
738	5	469	24
738	5	939	29
738	5	1982	27
738	5	2035	30
739	5	1043	27
739	5	1148	29
741	5	469	24
741	5	939	29
742	5	417	24
742	5	678	29
742	5	991	30
742	5	2035	27
743	5	417	24
743	5	626	29
743	5	1930	27
744	5	1095	27
744	5	1304	29
744	5	1982	28
745	5	887	27
745	5	1200	28
745	5	1513	29
746	5	1148	27
746	5	1461	28
746	5	1774	29
747	5	521	24
747	5	1356	29
748	5	1930	27
748	5	2243	28
749	5	1148	27
749	5	1461	28
749	5	1774	29
750	5	521	24
750	5	678	29
751	5	991	27
751	5	1304	28
751	5	1617	29
752	5	730	27
752	5	1043	28
752	5	1356	29
752	5	2295	24
753	5	417	24
753	5	782	29
753	5	2035	30
754	5	417	24
754	5	834	29
755	5	417	24
755	5	626	29
755	5	1930	27
756	5	417	24
756	5	834	29
756	5	1826	30
757	5	1461	27
757	5	1774	28
757	5	2087	29
758	5	417	24
758	5	626	29
759	5	1200	27
759	5	1513	28
759	5	1826	29
760	5	521	29
761	5	574	29
761	5	1878	27
762	5	417	24
762	5	1095	27
762	5	1148	29
763	5	1095	27
763	5	1356	29
763	5	2087	28
764	5	521	24
765	5	417	24
765	5	782	29
766	5	417	24
766	5	887	29
767	5	1043	27
767	5	1356	28
767	5	1669	29
768	5	1304	27
768	5	1617	28
768	5	1930	29
769	5	678	27
769	5	991	28
769	5	1304	29
770	5	1878	27
770	5	2191	28
771	5	1043	27
771	5	1356	28
771	5	1669	29
772	5	730	27
772	5	1043	28
772	5	1356	29
773	5	1252	27
773	5	1565	28
773	5	1878	29
774	5	417	24
774	5	626	29
774	5	1304	27
775	5	1095	27
775	5	1408	28
775	5	1722	29
776	5	417	24
776	5	678	29
776	5	2035	30
777	5	1930	27
777	5	2243	28
778	5	417	24
778	5	730	29
778	5	2295	27
779	5	1878	27
779	5	2035	29
780	5	469	24
780	5	1930	27
780	5	1982	29
781	5	469	24
781	5	626	29
781	5	1617	27
782	5	469	24
782	5	939	29
783	5	1304	27
783	5	1617	28
783	5	1930	29
784	5	417	24
784	5	730	29
785	5	521	24
785	5	782	29
786	5	626	29
787	5	1200	27
787	5	1513	28
787	5	1826	29
788	5	417	24
788	5	782	29
789	5	1043	27
789	5	1148	29
789	5	1930	28
790	5	730	27
790	5	1043	28
790	5	1356	29
791	5	1200	27
791	5	1513	28
791	5	1826	29
792	5	417	24
792	5	887	29
793	5	417	24
793	5	626	29
793	5	1826	27
794	5	417	24
794	5	574	29
794	5	2139	27
795	5	1461	27
795	5	1774	28
795	5	2087	29
796	5	1200	27
796	5	1513	28
796	5	1826	29
797	5	417	24
797	5	782	27
797	5	834	29
798	5	887	27
798	5	1200	28
798	5	1513	29
799	5	2295	27
800	5	1148	27
800	5	1461	28
800	5	1774	29
801	5	1200	27
801	5	1408	29
801	5	2295	28
802	5	469	24
802	5	939	29
803	5	469	24
803	5	1095	27
803	5	1148	29
804	5	521	29
804	5	1878	27
805	5	2243	27
806	5	1200	27
806	5	1513	28
806	5	1826	29
807	5	417	24
807	5	678	29
807	5	991	30
807	5	1722	27
808	5	1930	27
808	5	2243	28
809	5	1617	27
809	5	1930	28
809	5	2243	29
810	5	417	24
810	5	730	29
811	5	417	24
811	5	730	29
812	5	417	24
812	5	887	29
812	5	2139	30
813	5	521	24
813	5	1408	29
814	5	574	24
815	5	417	24
815	5	626	29
816	5	1043	27
816	5	1200	29
817	5	2035	27
817	5	2295	29
818	5	574	29
818	5	1565	27
819	5	1304	27
819	5	1617	28
819	5	1930	29
820	5	521	24
820	5	1930	29
821	5	1095	27
821	5	1304	29
822	5	417	24
822	5	626	29
823	5	417	24
823	5	730	27
823	5	782	29
823	5	1095	30
823	5	2139	28
824	5	991	27
824	5	1252	29
824	5	1878	28
825	5	834	27
825	5	1095	29
826	5	834	27
826	5	1148	28
826	5	1461	29
827	5	730	27
827	5	1043	28
827	5	1356	29
828	5	1148	27
828	5	1304	29
829	5	1878	27
829	5	2139	29
830	5	1043	27
830	5	1356	28
830	5	1669	29
831	5	417	24
831	5	939	29
831	5	1930	30
831	5	2243	28
832	5	417	24
832	5	834	27
832	5	887	29
832	5	1878	30
832	5	2191	28
833	5	1095	27
833	5	1356	29
834	5	417	24
834	5	730	29
834	5	1408	27
834	5	2035	30
835	5	469	24
835	5	1043	29
836	5	1982	27
836	5	2295	28
837	5	1095	27
837	5	1408	28
837	5	1722	29
838	5	417	24
838	5	730	29
838	5	2139	27
838	5	2243	30
839	5	1252	27
839	5	1565	28
839	5	1878	29
840	5	417	24
840	5	574	29
840	5	1722	27
840	5	1774	30
841	5	417	24
841	5	834	29
842	5	678	27
842	5	991	28
842	5	1304	29
843	5	417	24
843	5	730	29
843	5	1148	30
843	5	1878	27
843	5	2191	28
844	5	1095	27
844	5	1408	28
844	5	1722	29
845	5	1148	27
845	5	1461	28
845	5	1774	29
846	5	1252	27
846	5	1565	28
846	5	1878	29
847	5	1095	27
847	5	1408	28
847	5	1722	29
848	5	417	24
848	5	574	29
849	5	1878	27
849	5	2191	28
850	5	417	24
850	5	887	27
850	5	939	29
850	5	1878	30
851	5	2087	27
852	5	782	27
852	5	1095	28
852	5	1408	29
853	5	1200	27
853	5	1513	28
853	5	1826	29
854	5	1043	27
854	5	1200	29
854	5	1774	28
855	5	469	24
855	5	834	29
856	5	521	24
856	5	1826	29
857	5	1148	27
857	5	1461	28
857	5	1774	29
858	5	521	24
858	5	1148	27
858	5	1252	29
859	5	678	27
859	5	991	28
859	5	1304	29
860	5	1461	27
860	5	1774	28
860	5	2087	29
861	5	417	24
861	5	887	29
862	5	1408	27
862	5	1722	28
862	5	2035	29
863	5	417	24
863	5	887	29
864	5	417	24
864	5	782	29
864	5	1878	30
864	5	2243	28
865	5	417	24
865	5	730	29
866	5	417	24
866	5	730	29
867	5	574	29
868	5	417	24
868	5	939	27
868	5	1095	29
869	5	834	27
869	5	1095	29
869	5	1722	28
870	5	1043	27
870	5	1356	28
870	5	1669	29
871	5	1095	27
871	5	1356	29
873	5	417	24
873	5	730	29
873	5	1826	30
875	5	469	29
875	5	1513	27
876	5	417	24
876	5	730	29
877	5	417	24
877	5	626	29
877	5	1722	27
877	5	1826	30
878	5	1095	27
878	5	1408	28
878	5	1722	29
879	5	521	24
879	5	1095	29
880	5	417	24
880	5	678	29
881	5	782	27
881	5	1095	28
881	5	1408	29
882	5	1148	27
882	5	1408	29
883	5	1565	27
883	5	1878	28
883	5	2191	29
884	5	417	24
884	5	887	29
885	5	417	24
885	5	730	29
885	5	1774	27
885	5	1826	30
886	5	730	27
886	5	1043	28
886	5	1356	29
887	5	469	24
887	5	1200	29
888	5	887	27
888	5	1200	28
888	5	1513	29
889	5	1200	27
889	5	1513	28
889	5	1826	29
890	5	1148	27
890	5	1356	29
890	5	2139	28
891	5	417	24
891	5	887	29
892	5	1408	27
892	5	1722	28
892	5	2035	29
893	5	417	24
893	5	887	29
894	5	417	24
894	5	991	29
895	5	521	29
895	5	1878	27
896	5	417	24
896	5	678	29
897	5	417	24
897	5	782	29
898	5	417	24
898	5	834	29
899	5	417	24
899	5	782	29
899	5	2191	30
900	5	782	27
900	5	1095	28
900	5	1408	29
901	5	417	24
901	5	626	29
902	5	678	27
902	5	991	28
902	5	1304	29
903	5	417	24
903	5	678	29
903	5	1513	27
903	5	2139	30
905	5	1043	27
905	5	1356	28
905	5	1669	29
906	5	417	24
906	5	678	29
907	5	1878	27
907	5	2191	28
908	5	417	24
908	5	782	29
909	5	1878	27
909	5	2191	28
910	5	1043	27
910	5	1252	29
911	5	782	27
911	5	1095	28
911	5	1408	29
912	5	417	24
912	5	939	29
913	5	1200	27
913	5	1461	29
913	5	2295	28
914	5	678	27
914	5	991	28
914	5	1304	29
915	5	1148	27
915	5	1408	29
916	5	417	24
916	5	678	29
916	5	1408	27
917	5	574	29
917	5	2035	27
918	5	1148	27
918	5	1252	29
919	5	1148	27
919	5	1461	28
919	5	1774	29
920	5	678	27
920	5	991	28
920	5	1304	29
921	5	626	29
922	5	521	24
922	5	1722	29
923	5	1148	27
923	5	1461	28
923	5	1774	29
924	5	417	24
924	5	939	29
925	5	417	24
925	5	782	29
926	5	469	24
926	5	1043	29
926	5	2295	30
927	5	782	27
927	5	1095	28
927	5	1408	29
929	5	469	24
929	5	991	27
929	5	1043	29
931	5	417	24
931	5	626	29
931	5	1774	27
931	5	1826	30
932	5	1043	27
932	5	1356	28
932	5	1669	29
933	5	1148	27
933	5	1408	29
933	5	2139	28
934	5	939	27
934	5	1252	28
934	5	1565	29
935	5	417	24
935	5	678	29
936	5	626	29
936	5	2087	27
937	5	730	27
937	5	1043	28
937	5	1356	29
938	5	939	27
938	5	1252	28
938	5	1565	29
939	5	1095	27
939	5	1408	28
939	5	1722	29
940	5	469	24
940	5	1095	27
940	5	1148	29
941	5	417	24
941	5	730	29
941	5	2035	30
942	5	417	24
942	5	730	29
942	5	1826	30
943	5	626	29
944	5	574	29
944	5	1826	27
945	5	1304	27
945	5	1617	28
945	5	1930	29
946	5	574	29
946	5	1774	27
947	5	417	24
947	5	782	29
947	5	1774	30
947	5	2191	28
948	5	417	24
948	5	782	29
949	5	417	24
949	5	574	29
949	5	1774	30
950	5	417	24
950	5	730	29
950	5	1043	30
951	5	2139	27
952	5	1826	27
952	5	2139	28
953	5	417	24
953	5	834	27
953	5	887	29
954	5	417	24
954	5	626	29
956	5	626	29
957	5	1252	27
957	5	1565	28
957	5	1878	29
958	5	991	27
958	5	1304	28
958	5	1617	29
959	5	2191	27
960	5	521	24
960	5	1095	29
961	5	469	24
961	5	991	29
962	5	1930	27
962	5	2087	29
963	5	417	24
963	5	834	29
964	5	417	24
964	5	887	29
964	5	1930	30
964	5	2295	28
965	5	730	27
965	5	1043	28
965	5	1356	29
966	5	417	24
966	5	782	29
967	5	1200	27
967	5	1513	28
967	5	1826	29
968	5	469	24
968	5	887	29
968	5	2087	27
969	5	574	29
969	5	1461	27
971	5	417	24
971	5	939	29
972	5	417	24
972	5	678	29
972	5	991	30
972	5	2087	27
973	5	521	29
974	5	469	24
974	5	991	29
975	5	1148	27
975	5	1408	29
976	5	469	24
976	5	1043	29
976	5	2243	27
977	5	1722	27
977	5	2035	28
978	5	417	24
978	5	834	29
979	5	1200	27
979	5	1513	28
979	5	1826	29
980	5	1617	27
980	5	1930	28
980	5	2243	29
981	5	834	27
981	5	1148	28
981	5	1461	29
982	5	469	24
982	5	991	29
983	5	417	24
983	5	626	29
984	5	887	27
984	5	1200	28
984	5	1513	29
985	5	1095	27
985	5	1304	29
985	5	1982	28
986	5	2139	27
987	5	1095	27
987	5	1408	28
987	5	1722	29
988	5	469	24
988	5	887	29
989	5	417	24
989	5	626	29
990	5	1617	27
990	5	1878	29
992	5	1669	27
992	5	1982	28
992	5	2295	29
993	5	730	27
993	5	1043	28
993	5	1356	29
994	5	1878	27
994	5	2191	28
995	5	417	24
995	5	626	29
996	5	1095	27
996	5	1408	28
996	5	1722	29
997	5	2139	27
998	5	469	24
998	5	1043	27
998	5	1095	29
998	5	1982	30
998	5	2295	28
999	5	1252	27
999	5	1565	28
999	5	1878	29
