Realization	utility	week	infra.
0	0	678	29
1	0	678	29
2	0	521	29
3	0	1356	29
4	0	626	29
4	0	2139	30
5	0	626	29
6	0	469	29
7	0	887	29
8	0	730	29
9	0	2191	29
10	0	574	29
12	0	939	29
13	0	1252	29
14	0	521	29
15	0	521	29
16	0	626	29
17	0	626	29
18	0	469	29
19	0	2035	29
20	0	574	29
21	0	469	29
22	0	730	29
23	0	574	29
24	0	521	29
25	0	1774	29
26	0	730	30
27	0	521	29
28	0	574	29
29	0	626	29
30	0	1408	29
31	0	626	29
32	0	1304	29
33	0	574	29
34	0	521	29
35	0	626	29
36	0	678	29
37	0	730	29
38	0	626	29
39	0	626	29
40	0	626	29
41	0	626	29
42	0	730	29
43	0	469	29
44	0	1669	29
45	0	730	29
46	0	521	29
47	0	1304	29
48	0	2191	29
49	0	521	29
50	0	1617	29
51	0	1774	29
52	0	834	29
53	0	521	29
55	0	678	29
56	0	1356	29
57	0	521	29
58	0	521	29
59	0	574	29
60	0	1252	29
61	0	678	29
62	0	626	29
63	0	521	29
64	0	2087	29
65	0	574	29
66	0	1408	29
67	0	730	29
68	0	1565	29
69	0	678	29
70	0	521	29
71	0	1304	29
73	0	1774	29
74	0	626	29
75	0	678	29
76	0	1513	29
77	0	1513	29
78	0	1461	29
79	0	730	30
80	0	678	29
81	0	574	29
82	0	626	29
83	0	887	30
84	0	626	29
85	0	1774	29
86	0	834	30
87	0	469	29
88	0	678	30
89	0	678	29
90	0	1408	29
91	0	678	29
92	0	574	29
93	0	1408	29
94	0	1930	29
95	0	730	29
96	0	834	29
97	0	1356	29
98	0	1722	29
99	0	887	30
100	0	1408	29
101	0	574	29
102	0	626	30
103	0	730	29
104	0	469	29
106	0	521	29
107	0	626	29
108	0	626	29
109	0	1356	29
110	0	626	29
111	0	626	29
112	0	574	29
113	0	521	29
114	0	678	29
115	0	1461	29
116	0	1513	29
117	0	1513	29
118	0	1356	29
119	0	1356	29
120	0	730	30
121	0	1356	29
122	0	678	29
123	0	1826	29
124	0	678	29
125	0	521	29
126	0	521	29
127	0	626	29
128	0	574	29
129	0	1304	29
130	0	469	29
131	0	626	29
132	0	626	29
133	0	730	30
134	0	678	29
135	0	574	29
136	0	521	29
136	0	1148	30
137	0	521	29
138	0	626	29
139	0	678	29
139	0	1878	30
140	0	1982	29
141	0	574	29
142	0	626	29
143	0	1408	29
145	0	1356	29
146	0	626	29
147	0	626	29
148	0	1408	29
149	0	626	29
150	0	521	29
151	0	678	29
152	0	521	29
153	0	574	29
154	0	626	29
155	0	574	29
156	0	574	29
158	0	521	29
159	0	626	29
160	0	678	30
161	0	1408	29
162	0	887	29
163	0	1304	29
164	0	521	29
165	0	521	29
166	0	1982	29
167	0	1356	29
169	0	678	29
170	0	626	29
171	0	730	29
172	0	1252	29
173	0	1408	29
174	0	678	29
175	0	626	30
176	0	574	29
177	0	1826	29
178	0	2191	29
179	0	574	29
180	0	2139	29
181	0	574	29
182	0	574	29
183	0	521	29
184	0	887	29
185	0	730	29
186	0	2295	29
187	0	521	29
188	0	939	29
189	0	678	29
190	0	1304	29
191	0	678	29
192	0	730	29
193	0	626	29
194	0	574	29
196	0	521	29
196	0	1826	30
198	0	678	29
199	0	574	29
200	0	1304	29
201	0	1930	29
202	0	887	30
203	0	626	29
204	0	626	29
205	0	1408	29
206	0	574	29
206	0	1722	30
207	0	678	29
208	0	521	29
209	0	2191	29
210	0	469	29
211	0	1617	29
212	0	678	29
213	0	1722	29
214	0	626	29
215	0	1408	29
216	0	782	29
217	0	1356	29
218	0	887	30
219	0	2295	29
220	0	1513	29
221	0	521	29
222	0	1513	29
223	0	574	30
224	0	678	29
225	0	626	29
226	0	521	29
227	0	678	29
228	0	521	29
229	0	574	29
230	0	521	29
231	0	521	29
232	0	626	29
233	0	1408	29
235	0	1565	29
236	0	730	30
237	0	730	29
238	0	887	29
239	0	1356	29
240	0	574	29
241	0	521	29
242	0	678	29
243	0	521	29
243	0	2295	30
244	0	469	29
245	0	1304	29
246	0	2191	29
248	0	574	29
249	0	626	29
250	0	574	29
251	0	521	29
252	0	1461	29
253	0	678	29
255	0	782	29
256	0	574	29
257	0	1252	29
258	0	678	29
259	0	574	29
260	0	521	29
262	0	574	29
263	0	626	29
264	0	626	29
265	0	678	29
266	0	574	29
267	0	574	29
268	0	887	29
269	0	678	29
270	0	574	29
271	0	730	30
272	0	521	29
272	0	1982	30
274	0	1356	29
275	0	1669	29
276	0	2243	29
277	0	887	30
278	0	1513	29
279	0	1356	29
280	0	574	29
282	0	1617	29
283	0	1304	29
284	0	626	29
284	0	2087	30
285	0	1304	29
286	0	521	29
286	0	2139	30
287	0	1356	29
288	0	678	29
289	0	574	30
291	0	782	29
292	0	1617	29
293	0	574	29
294	0	626	29
295	0	939	29
296	0	574	29
297	0	1461	29
298	0	626	29
299	0	626	29
300	0	887	29
301	0	574	29
302	0	678	29
303	0	521	29
303	0	2035	30
304	0	574	29
306	0	521	29
307	0	521	29
308	0	521	29
309	0	574	29
309	0	2295	30
310	0	626	29
310	0	2295	30
311	0	626	29
312	0	887	30
313	0	626	29
314	0	1408	29
315	0	574	29
316	0	2191	29
317	0	1356	29
318	0	1565	29
319	0	1878	29
320	0	1408	29
321	0	678	29
322	0	521	29
323	0	1982	29
324	0	1408	29
325	0	1356	29
326	0	626	29
327	0	1304	29
328	0	626	30
329	0	1513	29
330	0	626	29
331	0	678	29
332	0	678	29
333	0	626	29
334	0	1408	29
335	0	626	29
336	0	678	29
337	0	678	29
338	0	939	29
339	0	678	29
340	0	1304	29
341	0	1356	29
342	0	521	29
343	0	626	29
344	0	2139	29
345	0	521	29
346	0	469	29
347	0	730	29
348	0	626	29
349	0	626	29
350	0	2139	29
351	0	626	29
352	0	521	29
353	0	626	29
354	0	521	29
355	0	678	29
356	0	678	29
357	0	678	29
358	0	834	30
360	0	626	30
361	0	678	29
362	0	1252	29
364	0	626	29
365	0	1774	29
366	0	574	29
367	0	574	29
368	0	626	29
369	0	626	29
370	0	521	29
371	0	521	29
372	0	678	29
373	0	782	29
374	0	1565	29
375	0	1408	29
376	0	626	29
377	0	1408	29
378	0	887	30
379	0	782	29
380	0	730	30
381	0	678	30
382	0	678	29
383	0	1461	29
384	0	678	29
385	0	730	30
386	0	469	29
387	0	626	29
388	0	2191	29
389	0	626	29
390	0	574	29
391	0	626	30
392	0	782	29
393	0	574	29
394	0	678	29
395	0	730	29
396	0	626	29
397	0	1356	29
398	0	521	29
399	0	521	29
400	0	678	29
401	0	2243	29
402	0	730	30
403	0	2139	29
404	0	730	30
405	0	1304	29
406	0	626	29
407	0	1304	29
409	0	1252	29
410	0	730	29
411	0	469	29
411	0	2295	30
412	0	678	29
412	0	1774	30
413	0	626	29
413	0	1722	30
414	0	521	29
415	0	678	29
416	0	1461	29
417	0	574	29
418	0	574	29
419	0	469	29
420	0	730	29
421	0	2139	29
422	0	730	29
423	0	1252	29
424	0	574	29
424	0	1878	30
425	0	574	29
426	0	1252	29
427	0	2139	29
428	0	626	29
429	0	469	29
430	0	574	29
431	0	574	29
432	0	730	29
433	0	730	30
434	0	678	29
434	0	2139	30
435	0	521	29
436	0	626	29
437	0	574	29
438	0	521	29
439	0	730	29
440	0	574	29
441	0	1826	29
442	0	678	30
443	0	626	29
444	0	1722	29
445	0	626	29
446	0	782	29
447	0	1669	29
448	0	834	29
449	0	2191	29
451	0	678	29
452	0	521	29
453	0	574	29
454	0	1461	29
455	0	1304	29
456	0	1408	29
457	0	521	29
458	0	1878	29
459	0	678	30
460	0	626	29
461	0	521	29
462	0	521	29
463	0	574	29
464	0	782	29
465	0	626	29
466	0	574	29
467	0	521	29
468	0	626	29
469	0	574	29
470	0	1565	29
471	0	1304	29
472	0	521	29
473	0	626	29
474	0	574	29
475	0	730	29
476	0	1461	29
477	0	834	29
478	0	834	30
480	0	574	29
481	0	626	29
482	0	782	29
483	0	1774	29
484	0	2191	29
485	0	1304	29
486	0	1408	29
487	0	626	29
488	0	1408	29
489	0	626	29
490	0	574	29
491	0	730	29
492	0	782	29
493	0	574	29
494	0	574	29
495	0	730	29
496	0	521	29
497	0	521	29
498	0	678	29
499	0	574	29
500	0	574	29
501	0	1408	29
502	0	1252	29
503	0	626	29
503	0	1774	30
505	0	1408	29
506	0	939	29
507	0	1461	29
508	0	678	29
508	0	2191	30
510	0	2139	29
512	0	730	29
513	0	730	30
514	0	678	29
515	0	574	29
516	0	1408	29
517	0	1408	29
518	0	834	29
519	0	521	29
520	0	626	29
521	0	626	29
522	0	678	29
523	0	678	29
524	0	2243	29
525	0	626	30
526	0	2139	29
527	0	521	29
528	0	626	29
529	0	678	29
530	0	1408	29
531	0	1304	29
532	0	678	30
533	0	2139	29
534	0	678	29
535	0	1617	29
536	0	1408	29
537	0	574	29
538	0	521	29
539	0	626	29
540	0	678	30
541	0	521	29
542	0	834	29
543	0	1304	29
544	0	521	29
545	0	626	29
546	0	1356	29
547	0	730	29
548	0	1461	29
549	0	1408	29
550	0	521	29
551	0	521	29
552	0	1461	29
553	0	626	29
554	0	521	29
555	0	521	29
555	0	1826	30
556	0	574	30
557	0	1617	29
558	0	469	29
559	0	834	29
560	0	1461	29
561	0	678	29
562	0	834	29
563	0	521	29
564	0	1461	29
565	0	574	29
565	0	2139	30
566	0	521	29
567	0	626	29
568	0	574	29
569	0	626	29
570	0	1408	29
571	0	574	29
572	0	1565	29
574	0	730	29
575	0	574	29
576	0	1304	29
577	0	678	29
578	0	887	30
579	0	626	29
580	0	2191	29
581	0	1252	29
582	0	574	29
583	0	678	29
584	0	574	29
585	0	574	29
585	0	1722	30
586	0	574	29
587	0	521	29
588	0	574	29
589	0	521	29
590	0	626	29
591	0	1565	29
593	0	574	29
594	0	626	29
595	0	626	29
595	0	2139	30
596	0	574	29
597	0	730	29
598	0	574	29
599	0	626	29
600	0	1774	29
601	0	678	29
602	0	1408	29
603	0	574	29
604	0	678	29
605	0	1304	29
606	0	626	29
607	0	521	29
608	0	521	29
611	0	574	29
612	0	1304	29
613	0	1304	29
614	0	1356	29
615	0	678	29
616	0	939	29
617	0	2139	29
618	0	2191	29
619	0	782	29
620	0	626	29
621	0	782	29
622	0	521	29
623	0	1304	29
624	0	521	29
625	0	1304	29
626	0	469	29
627	0	626	29
628	0	574	29
629	0	730	29
630	0	678	29
631	0	521	29
632	0	626	29
633	0	1513	29
634	0	1356	29
635	0	1513	29
636	0	2243	29
637	0	887	29
638	0	1617	29
639	0	521	29
640	0	574	30
641	0	521	29
642	0	1356	29
644	0	678	29
645	0	730	29
646	0	626	29
647	0	1565	29
648	0	678	29
649	0	626	29
650	0	1513	29
651	0	678	29
652	0	626	29
653	0	730	29
654	0	521	29
655	0	521	29
656	0	521	29
657	0	521	29
658	0	626	29
659	0	1356	29
660	0	678	29
661	0	626	29
662	0	574	29
663	0	887	29
664	0	678	29
665	0	678	29
666	0	678	29
667	0	521	29
668	0	782	29
669	0	678	29
670	0	678	29
671	0	939	29
672	0	678	29
673	0	626	29
674	0	626	29
675	0	1304	29
676	0	626	29
677	0	678	29
678	0	626	29
679	0	1356	29
680	0	887	29
681	0	834	29
682	0	521	29
683	0	1356	29
684	0	1252	29
685	0	521	29
686	0	626	29
687	0	1513	29
688	0	1356	29
689	0	1304	29
690	0	521	29
691	0	626	29
692	0	521	29
693	0	521	29
694	0	730	29
695	0	574	29
696	0	730	29
697	0	574	29
698	0	1461	29
699	0	521	29
700	0	521	29
701	0	678	30
702	0	521	29
703	0	521	29
704	0	2139	29
705	0	834	29
706	0	521	29
707	0	626	29
708	0	1304	29
709	0	521	29
710	0	521	29
711	0	1252	29
712	0	730	29
713	0	2087	29
714	0	678	29
715	0	626	29
716	0	626	29
717	0	1252	29
718	0	521	29
719	0	626	29
720	0	2139	29
721	0	678	29
722	0	521	29
723	0	574	29
724	0	574	29
725	0	626	29
726	0	521	29
727	0	1356	29
728	0	1826	29
729	0	730	29
730	0	678	29
731	0	574	29
732	0	730	29
733	0	626	29
734	0	521	29
735	0	2139	29
736	0	887	30
737	0	626	29
738	0	574	29
738	0	2295	30
739	0	1304	29
741	0	521	29
742	0	678	29
742	0	2295	30
743	0	574	29
744	0	1356	29
745	0	834	29
746	0	1408	29
747	0	678	29
748	0	2191	29
749	0	1356	29
750	0	678	29
751	0	1252	29
752	0	730	29
753	0	626	30
754	0	626	29
755	0	626	29
756	0	574	29
757	0	1669	29
758	0	626	29
759	0	1408	29
760	0	521	29
761	0	521	29
762	0	574	29
763	0	1356	29
764	0	782	29
765	0	521	29
766	0	626	29
767	0	1304	29
768	0	1513	29
769	0	678	29
770	0	2139	29
771	0	1304	29
772	0	626	29
773	0	1513	29
774	0	521	29
775	0	1304	29
776	0	521	29
777	0	2191	29
778	0	730	29
779	0	2139	29
780	0	626	29
781	0	574	29
782	0	521	29
783	0	1513	29
784	0	521	29
785	0	678	29
786	0	574	29
787	0	1408	29
788	0	521	29
789	0	1304	29
790	0	678	29
791	0	1461	29
792	0	730	30
793	0	521	29
794	0	574	29
795	0	1722	29
796	0	1408	29
797	0	626	29
798	0	782	29
800	0	1356	29
801	0	1461	29
802	0	521	29
803	0	626	29
804	0	521	29
806	0	1408	29
807	0	678	29
808	0	2139	29
809	0	1826	29
810	0	521	29
811	0	574	29
812	0	469	29
813	0	887	30
814	0	887	30
815	0	469	29
816	0	1304	29
817	0	2243	29
818	0	626	29
819	0	1513	29
820	0	626	30
821	0	1356	29
822	0	574	29
823	0	678	29
823	0	2295	30
824	0	1252	29
825	0	834	29
826	0	782	29
827	0	678	29
828	0	1304	29
829	0	2139	29
830	0	939	29
831	0	521	29
831	0	2035	30
832	0	678	29
832	0	2295	30
833	0	626	29
834	0	678	29
835	0	678	30
836	0	2191	29
837	0	1304	29
838	0	469	29
839	0	1461	29
840	0	469	29
841	0	521	29
842	0	626	29
843	0	626	29
843	0	2035	30
844	0	1356	29
845	0	1408	29
846	0	1513	29
847	0	1356	29
848	0	521	29
849	0	2139	29
850	0	574	29
851	0	2295	29
852	0	678	29
853	0	1461	29
854	0	1304	29
855	0	521	29
856	0	730	29
857	0	1408	29
858	0	834	30
859	0	678	29
860	0	1669	29
861	0	678	29
862	0	1565	29
863	0	521	29
864	0	521	29
865	0	521	29
866	0	626	29
867	0	574	29
868	0	521	29
869	0	834	29
870	0	1304	29
871	0	1356	29
873	0	574	29
874	0	730	30
875	0	469	29
876	0	626	29
877	0	574	29
878	0	1356	29
879	0	678	29
880	0	678	29
881	0	782	29
882	0	1408	29
883	0	1669	29
884	0	626	29
885	0	678	29
886	0	730	29
887	0	574	29
888	0	834	29
889	0	1408	29
890	0	1408	29
891	0	626	29
892	0	1617	29
893	0	574	29
894	0	678	29
895	0	521	29
896	0	678	29
897	0	521	29
898	0	521	29
899	0	574	29
900	0	782	29
901	0	626	29
902	0	887	30
903	0	469	29
905	0	1304	29
906	0	521	29
907	0	2139	29
908	0	626	29
909	0	2087	29
910	0	1304	29
911	0	730	29
912	0	521	29
913	0	1356	29
914	0	887	30
915	0	1356	29
916	0	574	29
917	0	834	30
918	0	1356	29
919	0	1408	29
920	0	626	29
921	0	574	29
922	0	626	30
923	0	1356	29
924	0	521	29
925	0	678	29
926	0	574	29
927	0	678	29
929	0	626	29
931	0	574	29
932	0	730	30
933	0	1408	29
934	0	887	29
935	0	469	29
936	0	574	29
937	0	730	29
938	0	834	29
939	0	1356	29
940	0	521	29
941	0	521	29
942	0	521	29
943	0	521	29
944	0	521	29
945	0	1565	29
946	0	574	30
947	0	626	29
948	0	626	29
949	0	469	29
950	0	678	29
952	0	1826	29
953	0	678	29
954	0	521	29
955	0	2087	29
956	0	574	29
957	0	1513	29
958	0	887	29
959	0	2139	29
960	0	678	29
961	0	626	29
962	0	2191	29
963	0	626	29
964	0	521	29
965	0	678	29
966	0	574	29
967	0	1461	29
968	0	521	29
969	0	521	29
971	0	626	29
972	0	574	29
972	0	1774	30
973	0	521	29
974	0	521	29
975	0	1408	29
976	0	521	29
977	0	1930	29
978	0	521	29
979	0	1408	29
980	0	1826	29
981	0	782	29
982	0	521	29
983	0	574	29
984	0	887	29
985	0	1304	29
986	0	2191	29
987	0	1304	29
988	0	626	30
989	0	574	29
990	0	1826	29
992	0	1826	29
993	0	730	29
994	0	2087	29
995	0	626	29
996	0	1356	29
997	0	2295	29
998	0	521	29
999	0	1461	29
0	1	678	29
1	1	678	29
2	1	521	29
3	1	1356	29
4	1	626	29
4	1	2139	30
5	1	626	29
6	1	469	29
7	1	887	29
8	1	730	29
9	1	2191	29
10	1	574	29
12	1	939	29
13	1	1252	29
14	1	521	29
15	1	521	29
16	1	626	29
17	1	626	29
18	1	469	29
19	1	2035	29
20	1	574	29
21	1	469	29
22	1	730	29
23	1	574	29
24	1	521	29
25	1	1774	29
26	1	730	30
27	1	521	29
28	1	574	29
29	1	626	29
30	1	1408	29
31	1	626	29
32	1	1304	29
33	1	574	29
34	1	521	29
35	1	626	29
36	1	678	29
37	1	730	29
38	1	626	29
39	1	626	29
40	1	626	29
41	1	626	29
42	1	730	29
43	1	469	29
44	1	1669	29
45	1	730	29
46	1	521	29
47	1	1304	29
48	1	2191	29
49	1	521	29
50	1	1617	29
51	1	1774	29
52	1	834	29
53	1	521	29
55	1	678	29
56	1	1356	29
57	1	521	29
58	1	521	29
59	1	574	29
60	1	1252	29
61	1	678	29
62	1	626	29
63	1	521	29
64	1	2087	29
65	1	574	29
66	1	1408	29
67	1	730	29
68	1	1565	29
69	1	678	29
70	1	521	29
71	1	1304	29
73	1	1774	29
74	1	626	29
75	1	678	29
76	1	1513	29
77	1	1513	29
78	1	1461	29
79	1	730	30
80	1	678	29
81	1	574	29
82	1	626	29
83	1	887	30
84	1	626	29
85	1	1774	29
86	1	834	30
87	1	469	29
88	1	678	30
89	1	678	29
90	1	1408	29
91	1	678	29
92	1	574	29
93	1	1408	29
94	1	1930	29
95	1	730	29
96	1	834	29
97	1	1356	29
98	1	1722	29
99	1	887	30
100	1	1408	29
101	1	574	29
102	1	626	30
103	1	730	29
104	1	469	29
106	1	521	29
107	1	626	29
108	1	626	29
109	1	1356	29
110	1	626	29
111	1	626	29
112	1	574	29
113	1	521	29
114	1	678	29
115	1	1461	29
116	1	1513	29
117	1	1513	29
118	1	1356	29
119	1	1356	29
120	1	730	30
121	1	1356	29
122	1	678	29
123	1	1826	29
124	1	678	29
125	1	521	29
126	1	521	29
127	1	626	29
128	1	574	29
129	1	1304	29
130	1	469	29
131	1	626	29
132	1	626	29
133	1	730	30
134	1	678	29
135	1	574	29
136	1	521	29
136	1	1148	30
137	1	521	29
138	1	626	29
139	1	678	29
139	1	1878	30
140	1	1982	29
141	1	574	29
142	1	626	29
143	1	1408	29
145	1	1356	29
146	1	626	29
147	1	626	29
148	1	1408	29
149	1	626	29
150	1	521	29
151	1	678	29
152	1	521	29
153	1	574	29
154	1	626	29
155	1	574	29
156	1	574	29
158	1	521	29
159	1	626	29
160	1	678	30
161	1	1408	29
162	1	887	29
163	1	1304	29
164	1	521	29
165	1	521	29
166	1	1982	29
167	1	1356	29
169	1	678	29
170	1	626	29
171	1	730	29
172	1	1252	29
173	1	1408	29
174	1	678	29
175	1	626	30
176	1	574	29
177	1	1826	29
178	1	2191	29
179	1	574	29
180	1	2139	29
181	1	574	29
182	1	574	29
183	1	521	29
184	1	887	29
185	1	730	29
186	1	2295	29
187	1	521	29
188	1	939	29
189	1	678	29
190	1	1304	29
191	1	678	29
192	1	730	29
193	1	626	29
194	1	574	29
196	1	521	29
196	1	1826	30
198	1	678	29
199	1	574	29
200	1	1304	29
201	1	1930	29
202	1	887	30
203	1	626	29
204	1	626	29
205	1	1408	29
206	1	574	29
206	1	1722	30
207	1	678	29
208	1	521	29
209	1	2191	29
210	1	469	29
211	1	1617	29
212	1	678	29
213	1	1722	29
214	1	626	29
215	1	1408	29
216	1	782	29
217	1	1356	29
218	1	887	30
219	1	2295	29
220	1	1513	29
221	1	521	29
222	1	1513	29
223	1	574	30
224	1	678	29
225	1	626	29
226	1	521	29
227	1	678	29
228	1	521	29
229	1	574	29
230	1	521	29
231	1	521	29
232	1	626	29
233	1	1408	29
235	1	1565	29
236	1	730	30
237	1	730	29
238	1	887	29
239	1	1356	29
240	1	574	29
241	1	521	29
242	1	678	29
243	1	521	29
243	1	2295	30
244	1	469	29
245	1	1304	29
246	1	2191	29
248	1	574	29
249	1	626	29
250	1	574	29
251	1	521	29
252	1	1461	29
253	1	678	29
255	1	782	29
256	1	574	29
257	1	1252	29
258	1	678	29
259	1	574	29
260	1	521	29
262	1	574	29
263	1	626	29
264	1	626	29
265	1	678	29
266	1	574	29
267	1	574	29
268	1	887	29
269	1	678	29
270	1	574	29
271	1	730	30
272	1	521	29
272	1	1982	30
274	1	1356	29
275	1	1669	29
276	1	2243	29
277	1	887	30
278	1	1513	29
279	1	1356	29
280	1	574	29
282	1	1617	29
283	1	1304	29
284	1	626	29
284	1	2087	30
285	1	1304	29
286	1	521	29
286	1	2139	30
287	1	1356	29
288	1	678	29
289	1	574	30
291	1	782	29
292	1	1617	29
293	1	574	29
294	1	626	29
295	1	939	29
296	1	574	29
297	1	1461	29
298	1	626	29
299	1	626	29
300	1	887	29
301	1	574	29
302	1	678	29
303	1	521	29
303	1	2035	30
304	1	574	29
306	1	521	29
307	1	521	29
308	1	521	29
309	1	574	29
309	1	2295	30
310	1	626	29
310	1	2295	30
311	1	626	29
312	1	887	30
313	1	626	29
314	1	1408	29
315	1	574	29
316	1	2191	29
317	1	1356	29
318	1	1565	29
319	1	1878	29
320	1	1408	29
321	1	678	29
322	1	521	29
323	1	1982	29
324	1	1408	29
325	1	1356	29
326	1	626	29
327	1	1304	29
328	1	626	30
329	1	1513	29
330	1	626	29
331	1	678	29
332	1	678	29
333	1	626	29
334	1	1408	29
335	1	626	29
336	1	678	29
337	1	678	29
338	1	939	29
339	1	678	29
340	1	1304	29
341	1	1356	29
342	1	521	29
343	1	626	29
344	1	2139	29
345	1	521	29
346	1	469	29
347	1	730	29
348	1	626	29
349	1	626	29
350	1	2139	29
351	1	626	29
352	1	521	29
353	1	626	29
354	1	521	29
355	1	678	29
356	1	678	29
357	1	678	29
358	1	834	30
360	1	626	30
361	1	678	29
362	1	1252	29
364	1	626	29
365	1	1774	29
366	1	574	29
367	1	574	29
368	1	626	29
369	1	626	29
370	1	521	29
371	1	521	29
372	1	678	29
373	1	782	29
374	1	1565	29
375	1	1408	29
376	1	626	29
377	1	1408	29
378	1	887	30
379	1	782	29
380	1	730	30
381	1	678	30
382	1	678	29
383	1	1461	29
384	1	678	29
385	1	730	30
386	1	469	29
387	1	626	29
388	1	2191	29
389	1	626	29
390	1	574	29
391	1	626	30
392	1	782	29
393	1	574	29
394	1	678	29
395	1	730	29
396	1	626	29
397	1	1356	29
398	1	521	29
399	1	521	29
400	1	678	29
401	1	2243	29
402	1	730	30
403	1	2139	29
404	1	730	30
405	1	1304	29
406	1	626	29
407	1	1304	29
409	1	1252	29
410	1	730	29
411	1	469	29
411	1	2295	30
412	1	678	29
412	1	1774	30
413	1	626	29
413	1	1722	30
414	1	521	29
415	1	678	29
416	1	1461	29
417	1	574	29
418	1	574	29
419	1	469	29
420	1	730	29
421	1	2139	29
422	1	730	29
423	1	1252	29
424	1	574	29
424	1	1878	30
425	1	574	29
426	1	1252	29
427	1	2139	29
428	1	626	29
429	1	469	29
430	1	574	29
431	1	574	29
432	1	730	29
433	1	730	30
434	1	678	29
434	1	2139	30
435	1	521	29
436	1	626	29
437	1	574	29
438	1	521	29
439	1	730	29
440	1	574	29
441	1	1826	29
442	1	678	30
443	1	626	29
444	1	1722	29
445	1	626	29
446	1	782	29
447	1	1669	29
448	1	834	29
449	1	2191	29
451	1	678	29
452	1	521	29
453	1	574	29
454	1	1461	29
455	1	1304	29
456	1	1408	29
457	1	521	29
458	1	1878	29
459	1	678	30
460	1	626	29
461	1	521	29
462	1	521	29
463	1	574	29
464	1	782	29
465	1	626	29
466	1	574	29
467	1	521	29
468	1	626	29
469	1	574	29
470	1	1565	29
471	1	1304	29
472	1	521	29
473	1	626	29
474	1	574	29
475	1	730	29
476	1	1461	29
477	1	834	29
478	1	834	30
480	1	574	29
481	1	626	29
482	1	782	29
483	1	1774	29
484	1	2191	29
485	1	1304	29
486	1	1408	29
487	1	626	29
488	1	1408	29
489	1	626	29
490	1	574	29
491	1	730	29
492	1	782	29
493	1	574	29
494	1	574	29
495	1	730	29
496	1	521	29
497	1	521	29
498	1	678	29
499	1	574	29
500	1	574	29
501	1	1408	29
502	1	1252	29
503	1	626	29
503	1	1774	30
505	1	1408	29
506	1	939	29
507	1	1461	29
508	1	678	29
508	1	2191	30
510	1	2139	29
512	1	730	29
513	1	730	30
514	1	678	29
515	1	574	29
516	1	1408	29
517	1	1408	29
518	1	834	29
519	1	521	29
520	1	626	29
521	1	626	29
522	1	678	29
523	1	678	29
524	1	2243	29
525	1	626	30
526	1	2139	29
527	1	521	29
528	1	626	29
529	1	678	29
530	1	1408	29
531	1	1304	29
532	1	678	30
533	1	2139	29
534	1	678	29
535	1	1617	29
536	1	1408	29
537	1	574	29
538	1	521	29
539	1	626	29
540	1	678	30
541	1	521	29
542	1	834	29
543	1	1304	29
544	1	521	29
545	1	626	29
546	1	1356	29
547	1	730	29
548	1	1461	29
549	1	1408	29
550	1	521	29
551	1	521	29
552	1	1461	29
553	1	626	29
554	1	521	29
555	1	521	29
555	1	1826	30
556	1	574	30
557	1	1617	29
558	1	469	29
559	1	834	29
560	1	1461	29
561	1	678	29
562	1	834	29
563	1	521	29
564	1	1461	29
565	1	574	29
565	1	2139	30
566	1	521	29
567	1	626	29
568	1	574	29
569	1	626	29
570	1	1408	29
571	1	574	29
572	1	1565	29
574	1	730	29
575	1	574	29
576	1	1304	29
577	1	678	29
578	1	887	30
579	1	626	29
580	1	2191	29
581	1	1252	29
582	1	574	29
583	1	678	29
584	1	574	29
585	1	574	29
585	1	1722	30
586	1	574	29
587	1	521	29
588	1	574	29
589	1	521	29
590	1	626	29
591	1	1565	29
593	1	574	29
594	1	626	29
595	1	626	29
595	1	2139	30
596	1	574	29
597	1	730	29
598	1	574	29
599	1	626	29
600	1	1774	29
601	1	678	29
602	1	1408	29
603	1	574	29
604	1	678	29
605	1	1304	29
606	1	626	29
607	1	521	29
608	1	521	29
611	1	574	29
612	1	1304	29
613	1	1304	29
614	1	1356	29
615	1	678	29
616	1	939	29
617	1	2139	29
618	1	2191	29
619	1	782	29
620	1	626	29
621	1	782	29
622	1	521	29
623	1	1304	29
624	1	521	29
625	1	1304	29
626	1	469	29
627	1	626	29
628	1	574	29
629	1	730	29
630	1	678	29
631	1	521	29
632	1	626	29
633	1	1513	29
634	1	1356	29
635	1	1513	29
636	1	2243	29
637	1	887	29
638	1	1617	29
639	1	521	29
640	1	574	30
641	1	521	29
642	1	1356	29
644	1	678	29
645	1	730	29
646	1	626	29
647	1	1565	29
648	1	678	29
649	1	626	29
650	1	1513	29
651	1	678	29
652	1	626	29
653	1	730	29
654	1	521	29
655	1	521	29
656	1	521	29
657	1	521	29
658	1	626	29
659	1	1356	29
660	1	678	29
661	1	626	29
662	1	574	29
663	1	887	29
664	1	678	29
665	1	678	29
666	1	678	29
667	1	521	29
668	1	782	29
669	1	678	29
670	1	678	29
671	1	939	29
672	1	678	29
673	1	626	29
674	1	626	29
675	1	1304	29
676	1	626	29
677	1	678	29
678	1	626	29
679	1	1356	29
680	1	887	29
681	1	834	29
682	1	521	29
683	1	1356	29
684	1	1252	29
685	1	521	29
686	1	626	29
687	1	1513	29
688	1	1356	29
689	1	1304	29
690	1	521	29
691	1	626	29
692	1	521	29
693	1	521	29
694	1	730	29
695	1	574	29
696	1	730	29
697	1	574	29
698	1	1461	29
699	1	521	29
700	1	521	29
701	1	678	30
702	1	521	29
703	1	521	29
704	1	2139	29
705	1	834	29
706	1	521	29
707	1	626	29
708	1	1304	29
709	1	521	29
710	1	521	29
711	1	1252	29
712	1	730	29
713	1	2087	29
714	1	678	29
715	1	626	29
716	1	626	29
717	1	1252	29
718	1	521	29
719	1	626	29
720	1	2139	29
721	1	678	29
722	1	521	29
723	1	574	29
724	1	574	29
725	1	626	29
726	1	521	29
727	1	1356	29
728	1	1826	29
729	1	730	29
730	1	678	29
731	1	574	29
732	1	730	29
733	1	626	29
734	1	521	29
735	1	2139	29
736	1	887	30
737	1	626	29
738	1	574	29
738	1	2295	30
739	1	1304	29
741	1	521	29
742	1	678	29
742	1	2295	30
743	1	574	29
744	1	1356	29
745	1	834	29
746	1	1408	29
747	1	678	29
748	1	2191	29
749	1	1356	29
750	1	678	29
751	1	1252	29
752	1	730	29
753	1	626	30
754	1	626	29
755	1	626	29
756	1	574	29
757	1	1669	29
758	1	626	29
759	1	1408	29
760	1	521	29
761	1	521	29
762	1	574	29
763	1	1356	29
764	1	782	29
765	1	521	29
766	1	626	29
767	1	1304	29
768	1	1513	29
769	1	678	29
770	1	2139	29
771	1	1304	29
772	1	626	29
773	1	1513	29
774	1	521	29
775	1	1304	29
776	1	521	29
777	1	2191	29
778	1	730	29
779	1	2139	29
780	1	626	29
781	1	574	29
782	1	521	29
783	1	1513	29
784	1	521	29
785	1	678	29
786	1	574	29
787	1	1408	29
788	1	521	29
789	1	1304	29
790	1	678	29
791	1	1461	29
792	1	730	30
793	1	521	29
794	1	574	29
795	1	1722	29
796	1	1408	29
797	1	626	29
798	1	782	29
800	1	1356	29
801	1	1461	29
802	1	521	29
803	1	626	29
804	1	521	29
806	1	1408	29
807	1	678	29
808	1	2139	29
809	1	1826	29
810	1	521	29
811	1	574	29
812	1	469	29
813	1	887	30
814	1	887	30
815	1	469	29
816	1	1304	29
817	1	2243	29
818	1	626	29
819	1	1513	29
820	1	626	30
821	1	1356	29
822	1	574	29
823	1	678	29
823	1	2295	30
824	1	1252	29
825	1	834	29
826	1	782	29
827	1	678	29
828	1	1304	29
829	1	2139	29
830	1	939	29
831	1	521	29
831	1	2035	30
832	1	678	29
832	1	2295	30
833	1	626	29
834	1	678	29
835	1	678	30
836	1	2191	29
837	1	1304	29
838	1	469	29
839	1	1461	29
840	1	469	29
841	1	521	29
842	1	626	29
843	1	626	29
843	1	2035	30
844	1	1356	29
845	1	1408	29
846	1	1513	29
847	1	1356	29
848	1	521	29
849	1	2139	29
850	1	574	29
851	1	2295	29
852	1	678	29
853	1	1461	29
854	1	1304	29
855	1	521	29
856	1	730	29
857	1	1408	29
858	1	834	30
859	1	678	29
860	1	1669	29
861	1	678	29
862	1	1565	29
863	1	521	29
864	1	521	29
865	1	521	29
866	1	626	29
867	1	574	29
868	1	521	29
869	1	834	29
870	1	1304	29
871	1	1356	29
873	1	574	29
874	1	730	30
875	1	469	29
876	1	626	29
877	1	574	29
878	1	1356	29
879	1	678	29
880	1	678	29
881	1	782	29
882	1	1408	29
883	1	1669	29
884	1	626	29
885	1	678	29
886	1	730	29
887	1	574	29
888	1	834	29
889	1	1408	29
890	1	1408	29
891	1	626	29
892	1	1617	29
893	1	574	29
894	1	678	29
895	1	521	29
896	1	678	29
897	1	521	29
898	1	521	29
899	1	574	29
900	1	782	29
901	1	626	29
902	1	887	30
903	1	469	29
905	1	1304	29
906	1	521	29
907	1	2139	29
908	1	626	29
909	1	2087	29
910	1	1304	29
911	1	730	29
912	1	521	29
913	1	1356	29
914	1	887	30
915	1	1356	29
916	1	574	29
917	1	834	30
918	1	1356	29
919	1	1408	29
920	1	626	29
921	1	574	29
922	1	626	30
923	1	1356	29
924	1	521	29
925	1	678	29
926	1	574	29
927	1	678	29
929	1	626	29
931	1	574	29
932	1	730	30
933	1	1408	29
934	1	887	29
935	1	469	29
936	1	574	29
937	1	730	29
938	1	834	29
939	1	1356	29
940	1	521	29
941	1	521	29
942	1	521	29
943	1	521	29
944	1	521	29
945	1	1565	29
946	1	574	30
947	1	626	29
948	1	626	29
949	1	469	29
950	1	678	29
952	1	1826	29
953	1	678	29
954	1	521	29
955	1	2087	29
956	1	574	29
957	1	1513	29
958	1	887	29
959	1	2139	29
960	1	678	29
961	1	626	29
962	1	2191	29
963	1	626	29
964	1	521	29
965	1	678	29
966	1	574	29
967	1	1461	29
968	1	521	29
969	1	521	29
971	1	626	29
972	1	574	29
972	1	1774	30
973	1	521	29
974	1	521	29
975	1	1408	29
976	1	521	29
977	1	1930	29
978	1	521	29
979	1	1408	29
980	1	1826	29
981	1	782	29
982	1	521	29
983	1	574	29
984	1	887	29
985	1	1304	29
986	1	2191	29
987	1	1304	29
988	1	626	30
989	1	574	29
990	1	1826	29
992	1	1826	29
993	1	730	29
994	1	2087	29
995	1	626	29
996	1	1356	29
997	1	2295	29
998	1	521	29
999	1	1461	29
0	2	261	26
0	2	521	33
0	2	1200	13
1	2	261	26
1	2	521	33
1	2	1252	13
2	2	261	26
2	2	834	33
3	2	261	26
3	2	1565	33
4	2	261	26
4	2	730	33
4	2	1200	13
5	2	261	26
5	2	626	33
6	2	261	26
6	2	678	33
6	2	1982	13
7	2	261	26
7	2	1408	33
8	2	261	26
8	2	991	33
8	2	1304	13
9	2	261	26
10	2	261	26
10	2	521	33
10	2	1200	13
11	2	261	26
12	2	261	26
13	2	261	26
14	2	261	26
14	2	521	33
14	2	1200	13
15	2	261	26
15	2	678	33
15	2	1408	13
16	2	261	26
16	2	678	33
16	2	1200	13
17	2	261	26
17	2	521	33
17	2	1200	13
18	2	261	26
18	2	626	33
18	2	1200	13
19	2	261	26
20	2	261	26
20	2	939	33
20	2	1461	13
21	2	261	26
21	2	521	33
21	2	1200	13
22	2	261	26
22	2	1617	33
23	2	261	26
23	2	574	33
23	2	1200	13
24	2	261	26
24	2	626	33
24	2	1200	13
25	2	261	26
26	2	261	26
26	2	991	33
26	2	1722	13
27	2	261	26
27	2	574	33
27	2	1252	13
28	2	261	26
28	2	1043	33
28	2	1356	13
29	2	261	26
30	2	261	26
31	2	261	26
31	2	730	33
32	2	261	26
32	2	1565	33
33	2	261	26
33	2	939	33
34	2	261	26
34	2	1095	33
34	2	1617	13
35	2	261	26
35	2	626	33
35	2	1200	13
36	2	261	26
36	2	678	33
36	2	1200	13
37	2	261	26
37	2	887	33
38	2	261	26
38	2	887	33
39	2	261	26
39	2	782	33
39	2	1461	13
40	2	261	26
40	2	521	33
40	2	1200	13
41	2	261	26
41	2	1095	33
41	2	1565	13
42	2	261	26
42	2	1043	33
42	2	1513	13
43	2	261	26
43	2	678	33
43	2	1200	13
44	2	261	26
45	2	261	26
45	2	939	33
45	2	1461	13
46	2	261	26
46	2	678	33
46	2	2035	13
47	2	261	26
47	2	1669	33
48	2	261	26
49	2	261	26
49	2	730	33
49	2	1200	13
50	2	261	26
51	2	261	26
52	2	261	26
53	2	261	26
53	2	678	33
53	2	1200	13
54	2	261	26
55	2	261	26
55	2	782	33
56	2	261	26
57	2	261	26
57	2	521	33
57	2	1200	13
58	2	261	26
58	2	782	33
58	2	1200	13
59	2	261	26
59	2	574	33
59	2	1200	13
60	2	261	26
61	2	261	26
61	2	782	33
62	2	261	26
62	2	678	33
62	2	1200	13
63	2	261	26
63	2	991	33
63	2	1408	13
64	2	261	26
65	2	261	26
65	2	1252	33
66	2	261	26
67	2	261	26
67	2	1095	33
67	2	1461	13
68	2	261	26
69	2	261	26
69	2	1200	33
69	2	1617	13
70	2	261	26
70	2	939	33
71	2	261	26
71	2	1408	33
72	2	261	26
73	2	261	26
74	2	261	26
75	2	261	26
75	2	574	33
75	2	1252	13
76	2	261	26
77	2	261	26
78	2	261	26
79	2	261	26
79	2	1356	33
80	2	261	26
80	2	730	33
80	2	1513	13
81	2	261	26
81	2	782	33
82	2	261	26
82	2	2087	33
83	2	261	26
83	2	1722	33
84	2	261	26
84	2	678	33
85	2	261	26
86	2	261	26
87	2	261	26
87	2	521	33
87	2	1200	13
88	2	261	26
88	2	939	33
88	2	1461	13
89	2	261	26
89	2	1356	33
90	2	261	26
91	2	261	26
91	2	887	33
92	2	261	26
92	2	574	33
92	2	1304	13
93	2	261	26
94	2	261	26
95	2	261	26
96	2	261	26
96	2	1565	33
97	2	261	26
98	2	261	26
99	2	261	26
100	2	261	26
101	2	261	26
101	2	939	33
102	2	261	26
102	2	939	33
102	2	1774	13
103	2	261	26
103	2	1617	33
104	2	261	26
104	2	782	33
104	2	1200	13
105	2	261	26
106	2	261	26
106	2	1095	33
106	2	1461	13
107	2	261	26
107	2	521	33
107	2	1200	13
108	2	261	26
108	2	626	33
108	2	1252	13
109	2	261	26
110	2	261	26
110	2	626	33
110	2	1200	13
111	2	261	26
111	2	834	33
112	2	261	26
113	2	261	26
113	2	521	33
113	2	1200	13
114	2	261	26
114	2	887	33
115	2	261	26
116	2	261	26
117	2	261	26
118	2	261	26
118	2	1722	33
119	2	261	26
119	2	2243	33
120	2	261	26
120	2	1617	33
121	2	261	26
122	2	261	26
122	2	574	33
122	2	1200	13
123	2	261	26
124	2	261	26
124	2	626	33
124	2	1200	13
125	2	261	26
125	2	730	33
125	2	1200	13
126	2	261	26
126	2	574	33
126	2	1200	13
127	2	261	26
127	2	626	33
127	2	1200	13
128	2	261	26
128	2	521	33
128	2	1200	13
129	2	261	26
130	2	261	26
130	2	782	33
131	2	261	26
131	2	939	33
131	2	1252	13
132	2	261	26
132	2	521	33
132	2	1826	13
133	2	261	26
133	2	782	33
133	2	1408	13
134	2	261	26
134	2	1513	33
135	2	261	26
135	2	678	33
135	2	1252	13
136	2	261	26
136	2	521	33
136	2	1200	13
137	2	261	26
137	2	1200	33
137	2	1617	13
138	2	261	26
138	2	521	33
138	2	1200	13
139	2	261	26
139	2	678	33
139	2	1200	13
140	2	261	26
141	2	261	26
141	2	574	33
141	2	1200	13
142	2	261	26
143	2	261	26
144	2	261	26
145	2	261	26
145	2	1565	33
146	2	261	26
146	2	730	33
146	2	1356	13
147	2	261	26
147	2	887	33
147	2	1565	13
148	2	261	26
149	2	261	26
149	2	574	33
149	2	1200	13
150	2	261	26
150	2	678	33
150	2	1356	13
151	2	261	26
151	2	2191	33
152	2	261	26
152	2	782	33
152	2	1304	13
153	2	261	26
154	2	261	26
154	2	678	33
154	2	1200	13
155	2	261	26
155	2	521	33
155	2	1200	13
156	2	261	26
156	2	574	33
156	2	1200	13
157	2	261	26
158	2	261	26
158	2	782	33
158	2	1252	13
159	2	261	26
159	2	521	33
159	2	1200	13
160	2	261	26
160	2	991	33
160	2	1617	13
161	2	261	26
162	2	261	26
162	2	1356	33
163	2	261	26
164	2	261	26
164	2	678	33
164	2	2139	13
165	2	261	26
165	2	730	33
165	2	1200	13
166	2	261	26
167	2	261	26
168	2	261	26
169	2	261	26
169	2	574	33
169	2	2243	13
170	2	261	26
170	2	574	33
170	2	1200	13
171	2	261	26
172	2	261	26
172	2	1356	33
173	2	261	26
174	2	261	26
174	2	1356	33
175	2	261	26
175	2	834	33
175	2	1304	13
176	2	261	26
176	2	626	33
176	2	2191	13
177	2	261	26
178	2	261	26
179	2	261	26
179	2	730	33
179	2	1252	13
180	2	261	26
181	2	261	26
181	2	574	33
181	2	1982	13
182	2	261	26
183	2	261	26
183	2	626	33
183	2	1200	13
184	2	261	26
185	2	261	26
185	2	730	33
185	2	1200	13
186	2	261	26
187	2	261	26
187	2	1148	33
187	2	1513	13
188	2	261	26
189	2	261	26
189	2	1043	33
189	2	1461	13
190	2	261	26
191	2	261	26
191	2	574	33
192	2	261	26
192	2	834	33
192	2	1304	13
193	2	261	26
193	2	887	33
193	2	1722	13
194	2	261	26
195	2	261	26
196	2	261	26
196	2	521	33
196	2	1200	13
197	2	261	26
198	2	261	26
198	2	1095	33
198	2	1408	13
199	2	261	26
199	2	574	33
199	2	1200	13
200	2	261	26
200	2	1617	33
201	2	261	26
202	2	261	26
202	2	1408	33
203	2	261	26
203	2	1356	33
204	2	261	26
204	2	678	33
204	2	1304	13
205	2	261	26
206	2	261	26
206	2	521	33
206	2	1200	13
207	2	261	26
207	2	626	33
207	2	1200	13
208	2	261	26
208	2	678	33
208	2	1252	13
209	2	261	26
210	2	261	26
210	2	782	33
210	2	1461	13
211	2	261	26
212	2	261	26
212	2	1408	33
213	2	261	26
214	2	261	26
215	2	261	26
215	2	1722	33
216	2	261	26
217	2	261	26
217	2	1565	33
218	2	261	26
218	2	1200	33
218	2	1565	13
219	2	261	26
220	2	261	26
221	2	261	26
221	2	1095	33
221	2	1669	13
222	2	261	26
223	2	261	26
224	2	261	26
224	2	1513	33
225	2	261	26
225	2	574	33
225	2	1200	13
226	2	261	26
226	2	678	33
226	2	1200	13
227	2	261	26
227	2	2243	33
228	2	261	26
228	2	574	33
228	2	1200	13
229	2	261	26
229	2	1148	33
229	2	1565	13
230	2	261	26
230	2	521	33
230	2	1200	13
231	2	261	26
231	2	521	33
231	2	1200	13
232	2	261	26
232	2	574	33
232	2	1200	13
233	2	261	26
234	2	261	26
235	2	261	26
236	2	261	26
237	2	261	26
238	2	261	26
239	2	261	26
240	2	261	26
240	2	626	33
240	2	1200	13
241	2	261	26
241	2	1095	33
241	2	1513	13
242	2	261	26
242	2	939	33
242	2	1356	13
243	2	261	26
243	2	521	33
243	2	1200	13
244	2	261	26
244	2	574	33
244	2	1200	13
245	2	261	26
245	2	2243	33
246	2	261	26
247	2	261	26
248	2	261	26
248	2	574	33
248	2	1200	13
249	2	261	26
249	2	521	33
249	2	1200	13
250	2	261	26
250	2	574	33
250	2	1200	13
251	2	261	26
251	2	782	33
251	2	1565	13
252	2	261	26
253	2	261	26
253	2	2295	33
254	2	261	26
255	2	261	26
256	2	261	26
256	2	1252	33
256	2	1669	13
257	2	261	26
257	2	1565	33
258	2	261	26
258	2	521	33
258	2	1200	13
259	2	261	26
259	2	521	33
259	2	1200	13
260	2	261	26
260	2	626	33
260	2	1669	13
261	2	261	26
262	2	261	26
262	2	1200	33
262	2	1565	13
263	2	261	26
264	2	261	26
264	2	678	33
264	2	2295	13
265	2	261	26
265	2	678	33
266	2	261	26
266	2	834	33
266	2	1669	13
267	2	261	26
267	2	521	33
267	2	1982	13
268	2	261	26
268	2	1252	33
268	2	1722	13
269	2	261	26
269	2	678	33
269	2	1200	13
270	2	261	26
271	2	261	26
271	2	887	33
271	2	1461	13
272	2	261	26
272	2	574	33
272	2	1200	13
273	2	261	26
274	2	261	26
275	2	261	26
276	2	261	26
277	2	261	26
278	2	261	26
279	2	261	26
280	2	261	26
280	2	2035	33
281	2	261	26
282	2	261	26
283	2	261	26
283	2	1617	33
284	2	261	26
284	2	521	33
284	2	1200	13
285	2	261	26
285	2	1461	33
286	2	261	26
286	2	626	33
286	2	1200	13
287	2	261	26
288	2	261	26
288	2	730	33
288	2	1669	13
289	2	261	26
290	2	261	26
291	2	261	26
291	2	887	33
292	2	261	26
293	2	261	26
293	2	521	33
293	2	1200	13
294	2	261	26
294	2	626	33
295	2	261	26
295	2	2243	33
296	2	261	26
296	2	626	33
296	2	1200	13
297	2	261	26
298	2	261	26
298	2	1356	33
299	2	261	26
299	2	574	33
300	2	261	26
301	2	261	26
301	2	521	33
301	2	1200	13
302	2	261	26
302	2	782	33
302	2	1356	13
303	2	261	26
303	2	521	33
303	2	1200	13
304	2	261	26
304	2	574	33
304	2	1200	13
305	2	261	26
306	2	261	26
306	2	574	33
306	2	1200	13
307	2	261	26
308	2	261	26
308	2	1774	33
309	2	261	26
309	2	521	33
309	2	1200	13
310	2	261	26
310	2	782	33
310	2	1200	13
311	2	261	26
312	2	261	26
313	2	261	26
314	2	261	26
315	2	261	26
315	2	939	33
315	2	1461	13
316	2	261	26
317	2	261	26
318	2	261	26
319	2	261	26
320	2	261	26
321	2	261	26
321	2	574	33
322	2	261	26
322	2	678	33
322	2	1930	13
323	2	261	26
324	2	261	26
325	2	261	26
326	2	261	26
326	2	521	33
326	2	1200	13
327	2	261	26
327	2	1408	33
328	2	261	26
329	2	261	26
330	2	261	26
330	2	1148	33
330	2	1513	13
331	2	261	26
331	2	626	33
331	2	1826	13
332	2	261	26
332	2	834	33
332	2	1304	13
333	2	261	26
333	2	521	33
333	2	1200	13
334	2	261	26
335	2	261	26
335	2	574	33
335	2	1200	13
336	2	261	26
336	2	678	33
336	2	1461	13
337	2	261	26
338	2	261	26
339	2	261	26
339	2	626	33
339	2	2191	13
340	2	261	26
340	2	1565	33
341	2	261	26
341	2	1565	33
342	2	261	26
342	2	678	33
342	2	1200	13
343	2	261	26
343	2	521	33
343	2	1200	13
344	2	261	26
345	2	261	26
345	2	834	33
345	2	1304	13
346	2	261	26
346	2	730	33
346	2	1200	13
347	2	261	26
347	2	939	33
348	2	261	26
348	2	626	33
348	2	1252	13
349	2	261	26
349	2	574	33
349	2	1200	13
350	2	261	26
351	2	261	26
351	2	834	33
352	2	261	26
352	2	887	33
352	2	1356	13
353	2	261	26
353	2	626	33
353	2	1304	13
354	2	261	26
354	2	521	33
354	2	1200	13
355	2	261	26
355	2	730	33
356	2	261	26
356	2	1513	33
357	2	261	26
357	2	782	33
358	2	261	26
358	2	1408	33
358	2	1774	13
359	2	261	26
360	2	261	26
361	2	261	26
361	2	834	33
361	2	1617	13
362	2	261	26
363	2	261	26
364	2	261	26
364	2	626	33
364	2	2191	13
365	2	261	26
366	2	261	26
366	2	1252	33
367	2	261	26
367	2	782	33
368	2	261	26
368	2	521	33
368	2	1200	13
369	2	261	26
369	2	678	33
369	2	1200	13
370	2	261	26
371	2	261	26
371	2	574	33
371	2	1461	13
372	2	261	26
372	2	1461	33
373	2	261	26
374	2	261	26
375	2	261	26
376	2	261	26
376	2	834	33
377	2	261	26
378	2	261	26
378	2	1617	33
379	2	261	26
379	2	1043	33
379	2	1565	13
380	2	261	26
380	2	887	33
381	2	261	26
381	2	939	33
382	2	261	26
382	2	678	33
382	2	2243	13
383	2	261	26
384	2	261	26
384	2	730	33
384	2	1356	13
385	2	261	26
385	2	939	33
386	2	261	26
386	2	782	33
387	2	261	26
387	2	782	33
387	2	1200	13
388	2	261	26
389	2	261	26
389	2	574	33
389	2	1252	13
390	2	261	26
390	2	521	33
390	2	1200	13
391	2	261	26
391	2	678	33
391	2	1200	13
392	2	261	26
393	2	261	26
393	2	521	33
393	2	1200	13
394	2	261	26
394	2	939	33
395	2	261	26
395	2	939	33
396	2	261	26
396	2	574	33
396	2	1200	13
397	2	261	26
397	2	1617	33
398	2	261	26
398	2	887	33
399	2	261	26
399	2	574	33
399	2	1200	13
400	2	261	26
400	2	730	33
400	2	1826	13
401	2	261	26
402	2	261	26
402	2	834	33
402	2	1461	13
403	2	261	26
404	2	261	26
404	2	1774	33
405	2	261	26
406	2	261	26
406	2	730	33
406	2	1252	13
407	2	261	26
407	2	1513	33
408	2	261	26
409	2	261	26
410	2	261	26
411	2	261	26
411	2	574	33
411	2	1200	13
412	2	261	26
412	2	574	33
412	2	1200	13
413	2	261	26
413	2	521	33
413	2	1200	13
414	2	261	26
414	2	887	33
414	2	1408	13
415	2	261	26
415	2	678	33
415	2	1304	13
416	2	261	26
417	2	261	26
417	2	678	33
417	2	1722	13
418	2	261	26
418	2	834	33
418	2	1200	13
419	2	261	26
419	2	678	33
419	2	1200	13
420	2	261	26
420	2	1408	33
421	2	261	26
422	2	261	26
423	2	261	26
423	2	1356	33
424	2	261	26
424	2	626	33
424	2	1200	13
425	2	261	26
425	2	887	33
426	2	261	26
426	2	1304	33
427	2	261	26
428	2	261	26
428	2	626	33
429	2	261	26
429	2	887	33
429	2	1356	13
430	2	261	26
430	2	730	33
430	2	1565	13
431	2	261	26
431	2	521	33
431	2	1200	13
432	2	261	26
432	2	730	33
432	2	1200	13
433	2	261	26
433	2	939	33
433	2	1669	13
434	2	261	26
434	2	626	33
434	2	1200	13
435	2	261	26
435	2	521	33
435	2	1200	13
436	2	261	26
436	2	521	33
436	2	1200	13
437	2	261	26
437	2	626	33
437	2	1930	13
438	2	261	26
438	2	1043	33
438	2	1408	13
439	2	261	26
440	2	261	26
440	2	1408	33
441	2	261	26
442	2	261	26
442	2	1148	33
442	2	2243	13
443	2	261	26
444	2	261	26
445	2	261	26
445	2	574	33
445	2	1200	13
446	2	261	26
447	2	261	26
448	2	261	26
449	2	261	26
450	2	261	26
451	2	261	26
451	2	1148	33
451	2	1513	13
452	2	261	26
452	2	782	33
453	2	261	26
453	2	521	33
453	2	1200	13
454	2	261	26
455	2	261	26
455	2	1617	33
456	2	261	26
457	2	261	26
457	2	1408	33
458	2	261	26
459	2	261	26
460	2	261	26
460	2	626	33
460	2	1617	13
461	2	261	26
461	2	574	33
461	2	1200	13
462	2	261	26
462	2	834	33
463	2	261	26
463	2	782	33
463	2	1200	13
464	2	261	26
464	2	1356	33
465	2	261	26
465	2	678	33
465	2	1826	13
466	2	261	26
466	2	574	33
466	2	1200	13
467	2	261	26
467	2	574	33
467	2	1200	13
468	2	261	26
468	2	574	33
468	2	1200	13
469	2	261	26
469	2	521	33
469	2	1200	13
470	2	261	26
471	2	261	26
472	2	261	26
472	2	678	33
472	2	1408	13
473	2	261	26
473	2	1252	33
473	2	2035	13
474	2	261	26
474	2	626	33
474	2	1200	13
475	2	261	26
476	2	261	26
477	2	261	26
478	2	261	26
478	2	2035	33
479	2	261	26
480	2	261	26
481	2	261	26
481	2	782	33
481	2	1200	13
482	2	261	26
482	2	834	33
483	2	261	26
484	2	261	26
485	2	261	26
486	2	261	26
487	2	261	26
487	2	574	33
487	2	1304	13
488	2	261	26
489	2	261	26
489	2	521	33
489	2	1200	13
490	2	261	26
490	2	1148	33
490	2	1513	13
491	2	261	26
491	2	939	33
492	2	261	26
492	2	1304	33
493	2	261	26
494	2	261	26
494	2	730	33
495	2	261	26
495	2	1200	33
496	2	261	26
496	2	991	33
496	2	1408	13
497	2	261	26
497	2	626	33
497	2	2295	13
498	2	261	26
498	2	939	33
499	2	261	26
499	2	730	33
500	2	261	26
500	2	574	33
500	2	1200	13
501	2	261	26
502	2	261	26
502	2	1304	33
503	2	261	26
503	2	521	33
503	2	1200	13
504	2	261	26
505	2	261	26
506	2	261	26
507	2	261	26
508	2	261	26
508	2	626	33
508	2	1200	13
509	2	261	26
510	2	261	26
511	2	261	26
512	2	261	26
512	2	1200	33
512	2	1617	13
513	2	261	26
513	2	1356	33
513	2	1774	13
514	2	261	26
514	2	730	33
514	2	1513	13
515	2	261	26
515	2	574	33
515	2	1200	13
516	2	261	26
517	2	261	26
518	2	261	26
518	2	1356	33
519	2	261	26
519	2	730	33
519	2	1200	13
520	2	261	26
520	2	834	33
521	2	261	26
521	2	574	33
521	2	1200	13
522	2	261	26
522	2	1095	33
522	2	1408	13
523	2	261	26
523	2	626	33
523	2	1252	13
524	2	261	26
525	2	261	26
525	2	730	33
525	2	1200	13
526	2	261	26
527	2	261	26
527	2	521	33
527	2	1252	13
528	2	261	26
528	2	521	33
528	2	1200	13
529	2	261	26
529	2	574	33
529	2	1200	13
530	2	261	26
530	2	1722	33
531	2	261	26
531	2	1356	33
532	2	261	26
532	2	1356	33
533	2	261	26
534	2	261	26
534	2	521	33
534	2	1200	13
535	2	261	26
536	2	261	26
537	2	261	26
537	2	887	33
537	2	1461	13
538	2	261	26
538	2	574	33
538	2	1200	13
539	2	261	26
539	2	521	33
539	2	1200	13
540	2	261	26
541	2	261	26
541	2	730	33
541	2	1617	13
542	2	261	26
542	2	1669	33
543	2	261	26
543	2	1513	33
544	2	261	26
544	2	782	33
544	2	1200	13
545	2	261	26
546	2	261	26
546	2	1617	33
547	2	261	26
547	2	887	33
547	2	1252	13
548	2	261	26
549	2	261	26
550	2	261	26
550	2	626	33
550	2	1200	13
551	2	261	26
551	2	626	33
551	2	1200	13
552	2	261	26
553	2	261	26
553	2	1461	33
554	2	261	26
554	2	521	33
554	2	1200	13
555	2	261	26
555	2	574	33
555	2	1200	13
556	2	261	26
556	2	1200	33
556	2	1513	13
557	2	261	26
558	2	261	26
558	2	626	33
558	2	2087	13
559	2	261	26
559	2	1408	33
560	2	261	26
561	2	261	26
562	2	261	26
562	2	1408	33
563	2	261	26
563	2	1095	33
563	2	1461	13
564	2	261	26
565	2	261	26
565	2	626	33
565	2	1200	13
566	2	261	26
566	2	678	33
566	2	1722	13
567	2	261	26
567	2	1513	33
568	2	261	26
568	2	574	33
568	2	1200	13
569	2	261	26
569	2	1461	33
570	2	261	26
571	2	261	26
571	2	521	33
571	2	1252	13
572	2	261	26
573	2	261	26
574	2	261	26
574	2	939	33
575	2	261	26
575	2	521	33
575	2	1200	13
576	2	261	26
576	2	1669	33
577	2	261	26
577	2	521	33
577	2	1200	13
578	2	261	26
579	2	261	26
580	2	261	26
581	2	261	26
581	2	1513	33
582	2	261	26
582	2	1565	33
583	2	261	26
583	2	574	33
583	2	1200	13
584	2	261	26
584	2	678	33
584	2	2191	13
585	2	261	26
585	2	574	33
585	2	1200	13
586	2	261	26
586	2	991	33
586	2	1356	13
587	2	261	26
587	2	521	33
587	2	1200	13
588	2	261	26
588	2	730	33
588	2	1513	13
589	2	261	26
589	2	782	33
589	2	1304	13
590	2	261	26
590	2	626	33
590	2	1200	13
591	2	261	26
592	2	261	26
593	2	261	26
594	2	261	26
594	2	1669	33
595	2	261	26
595	2	626	33
595	2	1200	13
596	2	261	26
596	2	1095	33
596	2	1617	13
597	2	261	26
598	2	261	26
598	2	521	33
598	2	1200	13
599	2	261	26
599	2	521	33
599	2	1200	13
600	2	261	26
601	2	261	26
601	2	678	33
601	2	1774	13
602	2	261	26
603	2	261	26
604	2	261	26
604	2	1304	33
604	2	1826	13
605	2	261	26
605	2	1669	33
606	2	261	26
606	2	991	33
606	2	1461	13
607	2	261	26
607	2	574	33
607	2	1200	13
608	2	261	26
608	2	730	33
608	2	1200	13
609	2	261	26
610	2	261	26
611	2	261	26
611	2	1461	33
612	2	261	26
612	2	1565	33
613	2	261	26
614	2	261	26
614	2	1617	33
615	2	261	26
615	2	1565	33
616	2	261	26
616	2	1513	33
617	2	261	26
618	2	261	26
619	2	261	26
620	2	261	26
620	2	678	33
621	2	261	26
621	2	1356	33
622	2	261	26
622	2	521	33
623	2	261	26
624	2	261	26
624	2	730	33
625	2	261	26
625	2	1513	33
626	2	261	26
626	2	730	33
626	2	1200	13
627	2	261	26
627	2	834	33
627	2	1356	13
628	2	261	26
628	2	1148	33
628	2	1669	13
629	2	261	26
630	2	261	26
630	2	1513	33
631	2	261	26
631	2	939	33
631	2	1461	13
632	2	261	26
632	2	521	33
632	2	1200	13
633	2	261	26
634	2	261	26
634	2	1722	33
635	2	261	26
636	2	261	26
637	2	261	26
638	2	261	26
639	2	261	26
639	2	678	33
639	2	1200	13
640	2	261	26
641	2	261	26
641	2	939	33
642	2	261	26
642	2	1722	33
643	2	261	26
644	2	261	26
644	2	678	33
645	2	261	26
645	2	1148	33
645	2	1513	13
646	2	261	26
646	2	626	33
646	2	1200	13
647	2	261	26
648	2	261	26
648	2	1252	33
648	2	1826	13
649	2	261	26
649	2	730	33
649	2	1356	13
650	2	261	26
651	2	261	26
651	2	834	33
652	2	261	26
652	2	939	33
652	2	1617	13
653	2	261	26
653	2	782	33
653	2	1617	13
654	2	261	26
655	2	261	26
655	2	1304	33
655	2	1774	13
656	2	261	26
656	2	991	33
656	2	1513	13
657	2	261	26
657	2	678	33
658	2	261	26
658	2	782	33
658	2	1200	13
659	2	261	26
659	2	1617	33
660	2	261	26
661	2	261	26
661	2	678	33
661	2	1200	13
662	2	261	26
662	2	1148	33
662	2	1565	13
663	2	261	26
664	2	261	26
664	2	678	33
664	2	1200	13
665	2	261	26
665	2	626	33
665	2	1200	13
666	2	261	26
666	2	574	33
666	2	1200	13
667	2	261	26
667	2	626	33
668	2	261	26
668	2	1617	33
669	2	261	26
669	2	1356	33
669	2	2295	13
670	2	261	26
670	2	1565	33
671	2	261	26
672	2	261	26
673	2	261	26
673	2	1669	33
674	2	261	26
674	2	1252	33
675	2	261	26
675	2	1304	33
676	2	261	26
676	2	574	33
676	2	1200	13
677	2	261	26
677	2	1148	33
677	2	1617	13
678	2	261	26
678	2	678	33
678	2	1461	13
679	2	261	26
680	2	261	26
680	2	1408	33
681	2	261	26
682	2	261	26
682	2	834	33
683	2	261	26
684	2	261	26
684	2	1304	33
685	2	261	26
685	2	887	33
686	2	261	26
686	2	730	33
687	2	261	26
688	2	261	26
689	2	261	26
690	2	261	26
690	2	939	33
691	2	261	26
691	2	678	33
691	2	1200	13
692	2	261	26
692	2	887	33
692	2	1252	13
693	2	261	26
693	2	939	33
693	2	1408	13
694	2	261	26
694	2	834	33
694	2	1513	13
695	2	261	26
695	2	521	33
695	2	1200	13
696	2	261	26
697	2	261	26
697	2	678	33
697	2	1304	13
698	2	261	26
699	2	261	26
699	2	939	33
699	2	1565	13
700	2	261	26
700	2	834	33
701	2	261	26
701	2	1252	33
701	2	1617	13
702	2	261	26
702	2	939	33
703	2	261	26
703	2	678	33
703	2	1200	13
704	2	261	26
705	2	261	26
705	2	1826	33
706	2	261	26
706	2	574	33
706	2	1356	13
707	2	261	26
707	2	730	33
708	2	261	26
708	2	1461	33
709	2	261	26
709	2	782	33
709	2	1252	13
710	2	261	26
710	2	730	33
710	2	1200	13
711	2	261	26
711	2	1513	33
712	2	261	26
712	2	1513	33
713	2	261	26
714	2	261	26
714	2	574	33
714	2	1200	13
715	2	261	26
715	2	1461	33
716	2	261	26
716	2	521	33
716	2	1200	13
717	2	261	26
717	2	1356	33
718	2	261	26
718	2	678	33
718	2	1200	13
719	2	261	26
720	2	261	26
721	2	261	26
721	2	1200	33
721	2	1565	13
722	2	261	26
722	2	574	33
722	2	1200	13
723	2	261	26
724	2	261	26
725	2	261	26
725	2	782	33
725	2	1304	13
726	2	261	26
726	2	991	33
726	2	1356	13
727	2	261	26
728	2	261	26
729	2	261	26
729	2	730	33
730	2	261	26
730	2	1304	33
731	2	261	26
731	2	521	33
731	2	1408	13
732	2	261	26
732	2	834	33
733	2	261	26
733	2	678	33
733	2	1200	13
734	2	261	26
734	2	574	33
734	2	1200	13
735	2	261	26
736	2	261	26
737	2	261	26
737	2	678	33
737	2	1304	13
738	2	261	26
738	2	782	33
738	2	1252	13
739	2	261	26
739	2	1565	33
740	2	261	26
741	2	261	26
741	2	887	33
742	2	261	26
742	2	574	33
742	2	1200	13
743	2	261	26
743	2	574	33
743	2	1252	13
744	2	261	26
744	2	1565	33
745	2	261	26
746	2	261	26
747	2	261	26
747	2	1669	33
748	2	261	26
749	2	261	26
750	2	261	26
750	2	834	33
751	2	261	26
752	2	261	26
752	2	1356	33
753	2	261	26
753	2	626	33
753	2	1200	13
754	2	261	26
754	2	626	33
754	2	1200	13
755	2	261	26
755	2	574	33
755	2	1408	13
756	2	261	26
756	2	678	33
756	2	1200	13
757	2	261	26
758	2	261	26
758	2	521	33
758	2	1200	13
759	2	261	26
760	2	261	26
761	2	261	26
761	2	1669	33
762	2	261	26
762	2	887	33
762	2	1617	13
763	2	261	26
763	2	2243	33
764	2	261	26
764	2	939	33
765	2	261	26
765	2	626	33
765	2	1565	13
766	2	261	26
766	2	730	33
767	2	261	26
767	2	1617	33
768	2	261	26
769	2	261	26
770	2	261	26
771	2	261	26
771	2	1722	33
772	2	261	26
773	2	261	26
774	2	261	26
774	2	574	33
774	2	1200	13
775	2	261	26
776	2	261	26
776	2	521	33
776	2	1200	13
777	2	261	26
778	2	261	26
778	2	730	33
778	2	1669	13
779	2	261	26
780	2	261	26
780	2	887	33
781	2	261	26
781	2	834	33
781	2	1356	13
782	2	261	26
782	2	939	33
783	2	261	26
784	2	261	26
784	2	574	33
784	2	1461	13
785	2	261	26
785	2	834	33
786	2	261	26
787	2	261	26
788	2	261	26
788	2	678	33
788	2	1408	13
789	2	261	26
789	2	1408	33
790	2	261	26
790	2	1513	33
791	2	261	26
792	2	261	26
792	2	782	33
793	2	261	26
793	2	521	33
793	2	1200	13
794	2	261	26
794	2	521	33
794	2	2087	13
795	2	261	26
796	2	261	26
797	2	261	26
797	2	574	33
797	2	2087	13
798	2	261	26
798	2	1982	33
799	2	261	26
800	2	261	26
801	2	261	26
802	2	261	26
802	2	834	33
802	2	1617	13
803	2	261	26
803	2	834	33
803	2	1461	13
804	2	261	26
804	2	991	33
805	2	261	26
806	2	261	26
807	2	261	26
807	2	521	33
807	2	1200	13
808	2	261	26
809	2	261	26
810	2	261	26
810	2	521	33
810	2	1200	13
811	2	261	26
811	2	521	33
811	2	1356	13
812	2	261	26
812	2	678	33
812	2	1200	13
813	2	261	26
813	2	939	33
814	2	261	26
815	2	261	26
815	2	574	33
816	2	261	26
816	2	1722	33
817	2	261	26
818	2	261	26
818	2	939	33
818	2	1565	13
819	2	261	26
820	2	261	26
821	2	261	26
821	2	1669	33
822	2	261	26
822	2	574	33
822	2	1200	13
823	2	261	26
823	2	574	33
823	2	1200	13
824	2	261	26
824	2	1461	33
825	2	261	26
825	2	1408	33
826	2	261	26
826	2	1408	33
827	2	261	26
828	2	261	26
829	2	261	26
830	2	261	26
831	2	261	26
831	2	730	33
831	2	1200	13
832	2	261	26
832	2	678	33
832	2	1200	13
833	2	261	26
833	2	1722	33
834	2	261	26
834	2	678	33
834	2	1200	13
835	2	261	26
835	2	939	33
836	2	261	26
837	2	261	26
838	2	261	26
838	2	626	33
838	2	1200	13
839	2	261	26
840	2	261	26
840	2	521	33
840	2	1200	13
841	2	261	26
841	2	782	33
842	2	261	26
842	2	1252	33
842	2	1669	13
843	2	261	26
843	2	574	33
843	2	1200	13
844	2	261	26
845	2	261	26
846	2	261	26
847	2	261	26
847	2	1669	33
848	2	261	26
848	2	521	33
848	2	1200	13
849	2	261	26
850	2	261	26
850	2	678	33
850	2	1200	13
851	2	261	26
852	2	261	26
853	2	261	26
854	2	261	26
854	2	1356	33
855	2	261	26
855	2	782	33
856	2	261	26
856	2	939	33
857	2	261	26
858	2	261	26
858	2	1200	33
858	2	1565	13
859	2	261	26
860	2	261	26
861	2	261	26
861	2	678	33
862	2	261	26
863	2	261	26
863	2	730	33
863	2	1200	13
864	2	261	26
864	2	574	33
864	2	1200	13
865	2	261	26
865	2	626	33
865	2	1304	13
866	2	261	26
866	2	521	33
866	2	1200	13
867	2	261	26
867	2	1669	33
868	2	261	26
868	2	730	33
868	2	1461	13
869	2	261	26
869	2	1252	33
870	2	261	26
870	2	1513	33
871	2	261	26
871	2	1565	33
872	2	261	26
873	2	261	26
873	2	521	33
873	2	1200	13
874	2	261	26
875	2	261	26
875	2	782	33
875	2	1356	13
876	2	261	26
876	2	626	33
877	2	261	26
877	2	521	33
877	2	1200	13
878	2	261	26
879	2	261	26
879	2	939	33
880	2	261	26
880	2	521	33
880	2	1200	13
881	2	261	26
882	2	261	26
883	2	261	26
884	2	261	26
884	2	626	33
884	2	2243	13
885	2	261	26
885	2	626	33
885	2	1200	13
886	2	261	26
887	2	261	26
887	2	887	33
888	2	261	26
889	2	261	26
890	2	261	26
891	2	261	26
891	2	730	33
891	2	1513	13
892	2	261	26
893	2	261	26
893	2	782	33
894	2	261	26
894	2	834	33
895	2	261	26
895	2	939	33
896	2	261	26
896	2	626	33
897	2	261	26
897	2	678	33
897	2	1252	13
898	2	261	26
898	2	678	33
898	2	1200	13
899	2	261	26
899	2	678	33
899	2	1200	13
900	2	261	26
900	2	1565	33
901	2	261	26
901	2	521	33
901	2	1200	13
902	2	261	26
902	2	1200	33
902	2	1513	13
903	2	261	26
903	2	678	33
903	2	1200	13
904	2	261	26
905	2	261	26
906	2	261	26
906	2	678	33
907	2	261	26
908	2	261	26
908	2	626	33
908	2	1200	13
909	2	261	26
910	2	261	26
910	2	1513	33
911	2	261	26
912	2	261	26
912	2	730	33
913	2	261	26
914	2	261	26
914	2	1148	33
914	2	1617	13
915	2	261	26
916	2	261	26
916	2	678	33
916	2	1200	13
917	2	261	26
917	2	2139	33
918	2	261	26
918	2	1617	33
919	2	261	26
920	2	261	26
921	2	261	26
922	2	261	26
922	2	939	33
923	2	261	26
924	2	261	26
924	2	730	33
924	2	1200	13
925	2	261	26
925	2	678	33
926	2	261	26
926	2	887	33
926	2	1304	13
927	2	261	26
927	2	1304	33
927	2	1722	13
928	2	261	26
929	2	261	26
929	2	782	33
929	2	1356	13
930	2	261	26
931	2	261	26
931	2	574	33
931	2	1200	13
932	2	261	26
932	2	1930	33
933	2	261	26
934	2	261	26
934	2	1669	33
935	2	261	26
935	2	626	33
935	2	1461	13
936	2	261	26
937	2	261	26
938	2	261	26
938	2	1565	33
939	2	261	26
940	2	261	26
940	2	887	33
940	2	1356	13
941	2	261	26
941	2	574	33
941	2	1200	13
942	2	261	26
942	2	574	33
942	2	1200	13
943	2	261	26
944	2	261	26
944	2	1461	33
945	2	261	26
946	2	261	26
946	2	1408	33
947	2	261	26
947	2	678	33
947	2	1200	13
948	2	261	26
948	2	574	33
948	2	1200	13
949	2	261	26
949	2	521	33
949	2	1200	13
950	2	261	26
950	2	521	33
950	2	1200	13
951	2	261	26
952	2	261	26
953	2	261	26
953	2	574	33
953	2	1200	13
954	2	261	26
954	2	521	33
954	2	1200	13
955	2	261	26
956	2	261	26
957	2	261	26
958	2	261	26
959	2	261	26
960	2	261	26
960	2	991	33
960	2	1513	13
961	2	261	26
961	2	834	33
961	2	1617	13
962	2	261	26
963	2	261	26
963	2	678	33
964	2	261	26
964	2	678	33
964	2	1200	13
965	2	261	26
965	2	1513	33
966	2	261	26
966	2	678	33
966	2	1304	13
967	2	261	26
968	2	261	26
968	2	887	33
969	2	261	26
969	2	1148	33
969	2	1565	13
970	2	261	26
971	2	261	26
971	2	730	33
971	2	1304	13
972	2	261	26
972	2	574	33
972	2	1200	13
973	2	261	26
973	2	887	33
974	2	261	26
974	2	834	33
975	2	261	26
976	2	261	26
976	2	887	33
976	2	1304	13
977	2	261	26
978	2	261	26
978	2	626	33
978	2	1200	13
979	2	261	26
980	2	261	26
981	2	261	26
981	2	1200	33
981	2	1565	13
982	2	261	26
982	2	782	33
983	2	261	26
983	2	574	33
983	2	1356	13
984	2	261	26
984	2	1461	33
985	2	261	26
985	2	1461	33
986	2	261	26
987	2	261	26
988	2	261	26
988	2	834	33
989	2	261	26
989	2	574	33
989	2	2139	13
990	2	261	26
991	2	261	26
992	2	261	26
993	2	261	26
994	2	261	26
995	2	261	26
995	2	521	33
995	2	1200	13
996	2	261	26
997	2	261	26
998	2	261	26
998	2	834	33
998	2	1200	13
999	2	261	26
0	3	678	29
0	3	991	20
1	3	678	29
1	3	991	20
2	3	521	29
3	3	1356	29
3	3	1669	9
4	3	626	29
4	3	1148	20
4	3	1461	9
4	3	2035	12
4	3	2139	30
5	3	626	29
6	3	469	29
6	3	1982	9
7	3	887	29
7	3	1461	9
8	3	730	29
8	3	1148	9
8	3	1461	20
9	3	2191	29
10	3	574	29
10	3	887	20
12	3	939	29
13	3	1252	29
14	3	521	29
14	3	834	20
15	3	521	29
16	3	626	29
16	3	1356	9
17	3	626	29
17	3	939	20
18	3	469	29
18	3	939	20
19	3	2035	29
20	3	574	29
20	3	1513	9
20	3	1982	20
21	3	469	29
21	3	782	20
22	3	730	29
23	3	574	29
23	3	939	20
24	3	521	29
24	3	887	20
25	3	1774	29
26	3	730	30
27	3	521	29
27	3	1617	9
28	3	574	29
28	3	1356	9
28	3	1722	20
29	3	626	29
30	3	1408	29
31	3	626	29
32	3	1304	29
32	3	1565	9
33	3	574	29
34	3	521	29
34	3	1774	9
35	3	626	29
35	3	991	20
36	3	678	29
36	3	991	20
37	3	730	29
38	3	626	29
39	3	626	29
40	3	626	29
40	3	939	20
40	3	1565	9
40	3	2035	12
41	3	626	29
41	3	1565	9
41	3	2087	20
42	3	730	29
42	3	1513	9
43	3	469	29
43	3	1200	9
43	3	2191	20
44	3	1669	29
45	3	730	29
45	3	1461	9
46	3	521	29
47	3	1304	29
48	3	2191	29
49	3	521	29
49	3	1148	9
49	3	1513	20
50	3	1617	29
51	3	1774	29
52	3	834	29
53	3	521	29
53	3	1200	9
53	3	1565	20
53	3	2087	12
55	3	678	29
56	3	1356	29
57	3	521	29
57	3	887	20
57	3	1461	9
57	3	1722	12
58	3	521	29
58	3	1200	9
58	3	1669	20
59	3	574	29
59	3	939	20
59	3	2295	9
60	3	1252	29
61	3	678	29
62	3	626	29
62	3	1304	9
62	3	1722	20
63	3	521	29
63	3	1304	9
64	3	2087	29
65	3	574	29
66	3	1408	29
67	3	730	29
67	3	1304	9
67	3	1774	20
68	3	1565	29
69	3	678	29
70	3	521	29
71	3	1304	29
73	3	1774	29
74	3	626	29
75	3	678	29
75	3	991	20
76	3	1513	29
77	3	1513	29
78	3	1461	29
79	3	730	30
79	3	2295	9
80	3	678	29
80	3	2087	9
81	3	574	29
82	3	626	29
83	3	887	30
84	3	626	29
84	3	2295	9
85	3	1774	29
86	3	834	30
87	3	469	29
87	3	887	20
87	3	1408	9
87	3	2087	12
88	3	678	30
88	3	1408	9
89	3	678	29
89	3	1774	9
90	3	1408	29
91	3	678	29
92	3	574	29
92	3	887	20
93	3	1408	29
94	3	1930	29
95	3	730	29
96	3	834	29
96	3	2087	9
97	3	1356	29
98	3	1722	29
99	3	887	30
100	3	1408	29
101	3	574	29
102	3	626	30
102	3	2087	9
103	3	730	29
104	3	469	29
104	3	1461	9
106	3	521	29
106	3	1356	9
106	3	1669	20
106	3	2295	12
107	3	626	29
107	3	939	20
108	3	626	29
109	3	1356	29
110	3	626	29
110	3	991	20
111	3	626	29
112	3	574	29
113	3	521	29
113	3	887	20
114	3	678	29
115	3	1461	29
116	3	1513	29
117	3	1513	29
118	3	1356	29
119	3	1356	29
119	3	2087	9
120	3	730	30
121	3	1356	29
122	3	678	29
122	3	991	20
122	3	1722	9
123	3	1826	29
124	3	678	29
124	3	991	20
125	3	521	29
125	3	1252	9
125	3	1722	20
126	3	521	29
126	3	887	20
127	3	626	29
127	3	939	20
128	3	574	29
128	3	887	20
128	3	1617	9
129	3	1304	29
130	3	469	29
131	3	626	29
131	3	1356	9
131	3	1669	20
132	3	626	29
132	3	939	20
133	3	730	30
134	3	678	29
135	3	574	29
135	3	939	20
136	3	521	29
136	3	834	20
136	3	1148	30
136	3	1408	9
136	3	1669	12
137	3	521	29
137	3	1617	9
138	3	626	29
138	3	939	20
138	3	1408	9
138	3	2087	12
139	3	678	29
139	3	991	20
139	3	1356	9
139	3	1617	12
139	3	1878	30
140	3	1982	29
141	3	574	29
141	3	991	20
141	3	1356	9
141	3	1722	12
142	3	626	29
143	3	1408	29
145	3	1356	29
146	3	626	29
146	3	1461	9
146	3	2191	20
147	3	626	29
147	3	1565	9
148	3	1408	29
149	3	626	29
149	3	939	20
149	3	1722	9
150	3	521	29
150	3	1722	9
151	3	678	29
152	3	521	29
152	3	1356	9
152	3	1722	20
153	3	574	29
154	3	626	29
154	3	1043	20
154	3	1722	9
155	3	574	29
155	3	887	20
155	3	2035	9
155	3	2295	12
156	3	574	29
156	3	991	20
156	3	2139	9
158	3	521	29
158	3	1408	9
158	3	1774	20
159	3	626	29
159	3	939	20
159	3	1774	9
159	3	2295	12
160	3	678	30
160	3	1513	9
161	3	1408	29
162	3	887	29
162	3	1617	9
163	3	1304	29
164	3	521	29
164	3	2139	9
165	3	521	29
165	3	1252	9
165	3	1565	20
166	3	1982	29
167	3	1356	29
169	3	678	29
169	3	991	20
170	3	626	29
170	3	939	20
170	3	1356	9
171	3	730	29
172	3	1252	29
172	3	1669	9
173	3	1408	29
174	3	678	29
174	3	1774	9
175	3	626	30
175	3	1461	9
175	3	1826	20
176	3	574	29
176	3	991	20
177	3	1826	29
178	3	2191	29
179	3	574	29
179	3	1095	20
180	3	2139	29
181	3	574	29
181	3	887	20
182	3	574	29
183	3	521	29
183	3	1617	9
183	3	2139	20
184	3	887	29
185	3	730	29
185	3	1148	9
185	3	1461	20
186	3	2295	29
187	3	521	29
187	3	1565	9
188	3	939	29
189	3	678	29
189	3	1461	9
189	3	1930	20
190	3	1304	29
191	3	678	29
191	3	991	20
192	3	730	29
192	3	1200	9
193	3	626	29
193	3	1513	9
193	3	2035	20
194	3	574	29
196	3	521	29
196	3	887	20
196	3	1252	9
196	3	1565	12
196	3	1826	30
198	3	678	29
198	3	1461	9
199	3	574	29
199	3	887	20
199	3	1878	9
200	3	1304	29
200	3	2087	9
201	3	1930	29
202	3	887	30
202	3	2191	9
203	3	626	29
203	3	1722	9
204	3	626	29
204	3	1565	9
205	3	1408	29
206	3	574	29
206	3	887	20
206	3	1148	9
206	3	1408	12
206	3	1722	30
207	3	678	29
207	3	1408	9
207	3	2087	20
208	3	521	29
208	3	1252	9
209	3	2191	29
210	3	469	29
210	3	1513	9
211	3	1617	29
212	3	678	29
212	3	1565	9
213	3	1722	29
214	3	626	29
215	3	1408	29
216	3	782	29
217	3	1356	29
218	3	887	30
218	3	1461	9
219	3	2295	29
220	3	1513	29
221	3	521	29
221	3	1722	9
222	3	1513	29
223	3	574	30
224	3	678	29
224	3	2087	9
225	3	626	29
225	3	939	20
225	3	1461	9
226	3	521	29
226	3	1043	20
226	3	1565	9
227	3	678	29
228	3	521	29
228	3	991	20
228	3	1461	9
229	3	574	29
229	3	1408	9
230	3	521	29
230	3	834	20
231	3	521	29
231	3	887	20
232	3	626	29
232	3	1043	20
232	3	1722	9
233	3	1408	29
233	3	2087	9
235	3	1565	29
236	3	730	30
237	3	730	29
238	3	887	29
239	3	1356	29
240	3	574	29
240	3	991	20
240	3	1878	9
240	3	2243	12
241	3	521	29
241	3	1408	9
242	3	678	29
242	3	1461	9
242	3	1774	20
243	3	521	29
243	3	834	20
243	3	1565	9
243	3	1930	12
243	3	2295	30
244	3	469	29
244	3	887	20
245	3	1304	29
246	3	2191	29
248	3	574	29
248	3	887	20
249	3	626	29
249	3	939	20
250	3	574	29
250	3	887	20
250	3	1408	9
250	3	2191	12
251	3	521	29
251	3	1878	9
252	3	1461	29
253	3	678	29
255	3	782	29
256	3	574	29
256	3	1565	9
257	3	1252	29
258	3	678	29
258	3	991	20
259	3	574	29
259	3	939	20
260	3	521	29
260	3	1878	9
262	3	574	29
262	3	1461	9
263	3	626	29
264	3	626	29
265	3	678	29
266	3	574	29
266	3	2035	9
267	3	574	29
267	3	887	20
268	3	887	29
268	3	1722	9
269	3	678	29
269	3	1252	9
269	3	1774	20
270	3	574	29
271	3	730	30
271	3	1461	9
271	3	1774	20
272	3	521	29
272	3	991	20
272	3	1356	9
272	3	1669	12
272	3	1982	30
274	3	1356	29
275	3	1669	29
276	3	2243	29
277	3	887	30
278	3	1513	29
279	3	1356	29
280	3	574	29
282	3	1617	29
283	3	1304	29
284	3	626	29
284	3	939	20
284	3	1356	9
284	3	1617	12
284	3	2087	30
285	3	1304	29
285	3	1722	9
286	3	521	29
286	3	939	20
286	3	1565	9
286	3	1878	12
286	3	2139	30
287	3	1356	29
288	3	678	29
289	3	574	30
291	3	782	29
292	3	1617	29
293	3	574	29
293	3	887	20
293	3	1408	9
293	3	2087	12
294	3	626	29
295	3	939	29
295	3	2139	9
296	3	574	29
296	3	939	20
297	3	1461	29
298	3	626	29
298	3	1722	9
299	3	626	29
299	3	939	20
300	3	887	29
301	3	574	29
301	3	887	20
302	3	678	29
302	3	1722	9
303	3	521	29
303	3	887	20
303	3	1304	9
303	3	1669	12
303	3	2035	30
304	3	574	29
304	3	991	20
306	3	521	29
306	3	887	20
307	3	521	29
308	3	521	29
309	3	574	29
309	3	887	20
309	3	1408	9
309	3	1982	12
309	3	2295	30
310	3	626	29
310	3	1252	9
310	3	1617	20
310	3	2191	12
310	3	2295	30
311	3	626	29
312	3	887	30
313	3	626	29
314	3	1408	29
315	3	574	29
315	3	1513	9
315	3	2139	20
316	3	2191	29
317	3	1356	29
318	3	1565	29
319	3	1878	29
320	3	1408	29
321	3	678	29
321	3	991	20
322	3	521	29
322	3	991	20
323	3	1982	29
324	3	1408	29
325	3	1356	29
326	3	626	29
326	3	939	20
327	3	1304	29
327	3	1669	9
328	3	626	30
329	3	1513	29
330	3	626	29
330	3	1408	9
330	3	1722	20
331	3	678	29
331	3	991	20
332	3	678	29
332	3	1356	9
332	3	1722	20
333	3	626	29
333	3	939	20
333	3	2087	9
334	3	1408	29
335	3	626	29
335	3	939	20
336	3	678	29
336	3	991	20
337	3	678	29
338	3	939	29
339	3	678	29
339	3	991	20
340	3	1304	29
340	3	1722	9
341	3	1356	29
341	3	1669	9
342	3	521	29
342	3	991	20
342	3	1513	9
343	3	626	29
343	3	939	20
344	3	2139	29
345	3	521	29
345	3	1304	9
345	3	1722	20
346	3	469	29
346	3	1200	9
346	3	1565	20
347	3	730	29
347	3	1565	9
348	3	626	29
348	3	991	20
349	3	626	29
349	3	991	20
349	3	1408	9
349	3	1722	12
350	3	2139	29
351	3	626	29
352	3	521	29
352	3	1461	9
353	3	626	29
353	3	991	20
354	3	521	29
354	3	834	20
354	3	1356	9
354	3	1669	12
355	3	678	29
356	3	678	29
356	3	2087	9
357	3	678	29
358	3	834	30
358	3	1774	9
360	3	626	30
361	3	678	29
361	3	1826	9
362	3	1252	29
364	3	626	29
364	3	991	20
365	3	1774	29
366	3	574	29
367	3	574	29
367	3	2139	9
368	3	626	29
368	3	939	20
368	3	1304	9
368	3	2035	12
369	3	626	29
369	3	1043	20
369	3	1513	9
370	3	521	29
371	3	521	29
371	3	939	20
372	3	678	29
373	3	782	29
374	3	1565	29
375	3	1408	29
376	3	626	29
377	3	1408	29
378	3	887	30
379	3	782	29
379	3	1408	9
380	3	730	30
381	3	678	30
382	3	678	29
382	3	2243	9
383	3	1461	29
384	3	678	29
384	3	1565	9
385	3	730	30
386	3	469	29
387	3	626	29
387	3	1095	20
387	3	1408	9
387	3	1722	12
388	3	2191	29
389	3	626	29
389	3	939	20
390	3	574	29
390	3	887	20
391	3	626	30
391	3	1565	9
391	3	2191	20
392	3	782	29
393	3	574	29
393	3	887	20
394	3	678	29
395	3	730	29
396	3	626	29
396	3	939	20
396	3	1200	9
396	3	1513	12
397	3	1356	29
397	3	2087	9
398	3	521	29
399	3	521	29
399	3	939	20
400	3	678	29
401	3	2243	29
402	3	730	30
402	3	1461	9
403	3	2139	29
404	3	730	30
405	3	1304	29
406	3	626	29
406	3	1356	9
407	3	1304	29
409	3	1252	29
410	3	730	29
411	3	469	29
411	3	939	20
411	3	1304	9
411	3	1617	12
411	3	2295	30
412	3	678	29
412	3	991	20
412	3	1252	9
412	3	1513	12
412	3	1774	30
413	3	626	29
413	3	939	20
413	3	1200	9
413	3	1461	12
413	3	1722	30
414	3	521	29
414	3	1408	9
414	3	1930	20
415	3	678	29
415	3	1148	9
415	3	2087	20
416	3	1461	29
417	3	574	29
417	3	1878	9
417	3	2191	20
418	3	574	29
418	3	1043	20
418	3	1461	9
419	3	469	29
419	3	1043	20
420	3	730	29
421	3	2139	29
422	3	730	29
423	3	1252	29
423	3	1513	9
424	3	574	29
424	3	939	20
424	3	1356	9
424	3	1617	12
424	3	1878	30
425	3	574	29
426	3	1252	29
426	3	1774	9
427	3	2139	29
428	3	626	29
428	3	939	20
429	3	469	29
429	3	1408	9
430	3	574	29
431	3	574	29
431	3	887	20
432	3	730	29
432	3	1148	9
432	3	1565	20
433	3	730	30
433	3	1982	9
434	3	678	29
434	3	991	20
434	3	1513	9
434	3	1878	12
434	3	2139	30
435	3	521	29
435	3	939	20
436	3	626	29
436	3	939	20
436	3	1408	9
437	3	574	29
437	3	887	20
438	3	521	29
438	3	1304	9
438	3	1617	20
439	3	730	29
440	3	574	29
441	3	1826	29
442	3	678	30
442	3	2087	9
443	3	626	29
444	3	1722	29
445	3	626	29
445	3	939	20
445	3	2295	9
446	3	782	29
447	3	1669	29
448	3	834	29
449	3	2191	29
451	3	678	29
451	3	1461	9
451	3	1774	20
452	3	521	29
453	3	574	29
453	3	887	20
453	3	1356	9
453	3	1722	12
454	3	1461	29
455	3	1304	29
455	3	1982	9
456	3	1408	29
457	3	521	29
458	3	1878	29
459	3	678	30
460	3	626	29
460	3	939	20
461	3	521	29
461	3	939	20
462	3	521	29
463	3	574	29
463	3	1148	9
463	3	1513	20
464	3	782	29
464	3	1565	9
465	3	626	29
466	3	574	29
466	3	887	20
467	3	521	29
467	3	939	20
468	3	626	29
468	3	939	20
469	3	574	29
469	3	887	20
469	3	1826	9
470	3	1565	29
471	3	1304	29
472	3	521	29
473	3	626	29
473	3	1878	9
474	3	574	29
474	3	991	20
475	3	730	29
476	3	1461	29
477	3	834	29
478	3	834	30
480	3	574	29
481	3	626	29
481	3	1148	9
481	3	1513	20
481	3	1774	12
482	3	782	29
483	3	1774	29
484	3	2191	29
485	3	1304	29
486	3	1408	29
487	3	626	29
487	3	939	20
488	3	1408	29
489	3	626	29
489	3	939	20
489	3	1513	9
490	3	574	29
490	3	1408	9
490	3	1774	20
490	3	2295	12
491	3	730	29
491	3	2087	9
492	3	782	29
492	3	1461	9
492	3	2035	20
493	3	574	29
494	3	574	29
494	3	991	20
495	3	730	29
495	3	1461	9
495	3	1774	20
496	3	521	29
496	3	1304	9
496	3	1617	20
497	3	521	29
497	3	991	20
498	3	678	29
499	3	574	29
500	3	574	29
500	3	887	20
500	3	1304	9
500	3	1565	12
501	3	1408	29
502	3	1252	29
502	3	2243	9
503	3	626	29
503	3	939	20
503	3	1200	9
503	3	1513	12
503	3	1774	30
505	3	1408	29
506	3	939	29
507	3	1461	29
508	3	678	29
508	3	1148	9
508	3	1461	20
508	3	2139	12
508	3	2191	30
510	3	2139	29
512	3	730	29
512	3	1513	9
512	3	2139	20
513	3	730	30
514	3	678	29
514	3	2087	9
515	3	574	29
515	3	887	20
515	3	2035	9
516	3	1408	29
517	3	1408	29
518	3	834	29
519	3	521	29
519	3	1461	9
519	3	1774	20
520	3	626	29
521	3	626	29
521	3	1095	20
521	3	1513	9
522	3	678	29
522	3	1356	9
522	3	1826	20
523	3	678	29
523	3	1722	9
523	3	2295	20
524	3	2243	29
525	3	626	30
525	3	1200	9
525	3	1513	20
526	3	2139	29
527	3	521	29
527	3	834	20
528	3	626	29
528	3	939	20
529	3	678	29
529	3	991	20
529	3	1408	9
529	3	1669	12
530	3	1408	29
530	3	2295	9
531	3	1304	29
531	3	1617	9
532	3	678	30
533	3	2139	29
534	3	678	29
534	3	991	20
534	3	1356	9
535	3	1617	29
536	3	1408	29
537	3	574	29
537	3	1774	9
538	3	521	29
538	3	887	20
539	3	626	29
539	3	939	20
540	3	678	30
541	3	521	29
541	3	939	20
542	3	834	29
543	3	1304	29
543	3	1669	9
543	3	2243	20
544	3	521	29
544	3	1252	9
544	3	1565	20
544	3	2087	12
545	3	626	29
546	3	1356	29
547	3	730	29
547	3	1148	9
547	3	1617	20
547	3	2191	12
548	3	1461	29
549	3	1408	29
550	3	521	29
550	3	887	20
550	3	1356	9
550	3	1930	12
551	3	521	29
551	3	887	20
551	3	1304	9
551	3	1565	12
552	3	1461	29
553	3	626	29
553	3	1722	9
554	3	521	29
554	3	834	20
555	3	521	29
555	3	887	20
555	3	1252	9
555	3	1565	12
555	3	1826	30
556	3	574	30
556	3	1408	9
557	3	1617	29
558	3	469	29
559	3	834	29
559	3	1617	9
560	3	1461	29
561	3	678	29
562	3	834	29
563	3	521	29
563	3	1408	9
564	3	1461	29
565	3	574	29
565	3	939	20
565	3	1565	9
565	3	1930	12
565	3	2139	30
566	3	521	29
567	3	626	29
568	3	574	29
568	3	887	20
568	3	1669	9
569	3	626	29
570	3	1408	29
571	3	574	29
571	3	887	20
572	3	1565	29
574	3	730	29
575	3	574	29
575	3	887	20
575	3	1304	9
575	3	1669	12
576	3	1304	29
577	3	678	29
577	3	991	20
578	3	887	30
579	3	626	29
580	3	2191	29
581	3	1252	29
581	3	1565	9
582	3	574	29
583	3	678	29
583	3	991	20
583	3	1356	9
583	3	1669	12
584	3	574	29
584	3	2243	9
585	3	574	29
585	3	887	20
585	3	1200	9
585	3	1461	12
585	3	1722	30
586	3	574	29
586	3	1356	9
586	3	1669	20
587	3	521	29
587	3	834	20
587	3	1304	9
587	3	1722	12
588	3	574	29
588	3	1722	9
589	3	521	29
589	3	1356	9
590	3	626	29
590	3	991	20
591	3	1565	29
593	3	574	29
594	3	626	29
594	3	2295	9
595	3	626	29
595	3	1043	20
595	3	1461	9
595	3	1722	12
595	3	2139	30
596	3	574	29
596	3	1513	9
597	3	730	29
598	3	574	29
598	3	887	20
599	3	626	29
599	3	939	20
600	3	1774	29
601	3	678	29
602	3	1408	29
603	3	574	29
604	3	678	29
604	3	1826	9
604	3	2139	20
605	3	1304	29
606	3	626	29
606	3	1408	9
606	3	2087	20
607	3	521	29
607	3	991	20
608	3	521	29
608	3	1669	9
611	3	574	29
612	3	1304	29
612	3	1774	9
613	3	1304	29
614	3	1356	29
615	3	678	29
616	3	939	29
617	3	2139	29
618	3	2191	29
619	3	782	29
620	3	626	29
621	3	782	29
621	3	1565	9
622	3	521	29
622	3	887	20
623	3	1304	29
624	3	521	29
625	3	1304	29
625	3	1722	9
626	3	469	29
626	3	1356	9
626	3	1774	20
627	3	626	29
627	3	1669	9
628	3	574	29
628	3	1513	9
629	3	730	29
630	3	678	29
630	3	2243	9
631	3	521	29
631	3	1513	9
631	3	1878	20
632	3	626	29
632	3	939	20
633	3	1513	29
634	3	1356	29
635	3	1513	29
636	3	2243	29
637	3	887	29
638	3	1617	29
639	3	521	29
639	3	1200	9
639	3	1513	20
640	3	574	30
641	3	521	29
642	3	1356	29
644	3	678	29
645	3	730	29
645	3	1565	9
646	3	626	29
646	3	939	20
646	3	1669	9
647	3	1565	29
648	3	678	29
649	3	626	29
649	3	1565	9
650	3	1513	29
651	3	678	29
652	3	626	29
652	3	1565	9
653	3	730	29
653	3	1408	9
654	3	521	29
655	3	521	29
655	3	1878	9
656	3	521	29
656	3	1669	9
657	3	521	29
657	3	991	20
658	3	626	29
658	3	1043	20
658	3	1722	9
659	3	1356	29
660	3	678	29
661	3	626	29
661	3	991	20
662	3	574	29
662	3	1461	9
663	3	887	29
664	3	678	29
664	3	1148	9
664	3	1565	20
664	3	2087	12
665	3	678	29
665	3	991	20
666	3	678	29
666	3	991	20
666	3	2295	9
667	3	521	29
667	3	939	20
668	3	782	29
668	3	2035	9
669	3	678	29
669	3	1878	9
670	3	678	29
670	3	2035	9
671	3	939	29
672	3	678	29
673	3	626	29
674	3	626	29
674	3	1513	9
675	3	1304	29
675	3	1722	9
676	3	626	29
676	3	939	20
676	3	1774	9
677	3	678	29
677	3	1408	9
678	3	626	29
678	3	2035	9
679	3	1356	29
680	3	887	29
680	3	1669	9
681	3	834	29
682	3	521	29
682	3	2087	9
683	3	1356	29
684	3	1252	29
684	3	1513	9
685	3	521	29
686	3	626	29
687	3	1513	29
688	3	1356	29
689	3	1304	29
690	3	521	29
691	3	626	29
691	3	1252	9
691	3	1669	20
691	3	2243	12
692	3	521	29
692	3	1148	20
692	3	1461	9
693	3	521	29
693	3	1356	9
693	3	1774	20
694	3	730	29
694	3	1722	9
695	3	574	29
695	3	887	20
696	3	730	29
697	3	574	29
697	3	991	20
698	3	1461	29
699	3	521	29
700	3	521	29
701	3	678	30
701	3	1513	9
702	3	521	29
703	3	521	29
703	3	1304	9
703	3	1774	20
704	3	2139	29
705	3	834	29
705	3	1982	9
706	3	521	29
706	3	887	20
707	3	626	29
708	3	1304	29
709	3	521	29
709	3	1461	9
709	3	1774	20
710	3	521	29
710	3	1200	9
710	3	1513	20
711	3	1252	29
711	3	1878	9
712	3	730	29
713	3	2087	29
714	3	678	29
714	3	991	20
715	3	626	29
716	3	626	29
716	3	939	20
716	3	1513	9
717	3	1252	29
717	3	1513	9
717	3	1982	20
718	3	521	29
718	3	991	20
718	3	1722	9
719	3	626	29
720	3	2139	29
721	3	678	29
721	3	1722	9
722	3	521	29
722	3	887	20
722	3	1356	9
722	3	1669	12
723	3	574	29
724	3	574	29
725	3	626	29
725	3	1565	9
726	3	521	29
726	3	1200	9
726	3	1774	20
727	3	1356	29
728	3	1826	29
729	3	730	29
730	3	678	29
731	3	574	29
731	3	887	20
732	3	730	29
733	3	626	29
733	3	991	20
734	3	521	29
734	3	939	20
734	3	2087	9
735	3	2139	29
736	3	887	30
737	3	626	29
737	3	1513	9
737	3	1982	20
738	3	574	29
738	3	1148	9
738	3	1565	20
738	3	2087	12
738	3	2295	30
739	3	1304	29
741	3	521	29
742	3	678	29
742	3	991	20
742	3	1461	9
742	3	2035	12
742	3	2295	30
743	3	574	29
743	3	939	20
744	3	1356	29
744	3	1982	9
745	3	834	29
746	3	1408	29
747	3	678	29
748	3	2191	29
749	3	1356	29
750	3	678	29
751	3	1252	29
752	3	730	29
752	3	1565	9
752	3	2087	20
753	3	626	30
753	3	939	20
753	3	1617	9
753	3	1982	12
754	3	626	29
754	3	1043	20
755	3	626	29
755	3	939	20
756	3	574	29
756	3	1043	20
756	3	1408	9
757	3	1669	29
758	3	626	29
758	3	939	20
759	3	1408	29
760	3	521	29
761	3	521	29
761	3	2139	9
762	3	574	29
762	3	1565	9
763	3	1356	29
763	3	2191	9
764	3	782	29
765	3	521	29
765	3	939	20
766	3	626	29
767	3	1304	29
768	3	1513	29
769	3	678	29
770	3	2139	29
771	3	1304	29
772	3	626	29
773	3	1513	29
774	3	521	29
774	3	991	20
775	3	1304	29
776	3	521	29
776	3	834	20
776	3	1774	9
776	3	2035	12
777	3	2191	29
778	3	730	29
779	3	2139	29
780	3	626	29
781	3	574	29
781	3	1461	9
781	3	2087	20
782	3	521	29
783	3	1513	29
784	3	521	29
784	3	887	20
785	3	678	29
786	3	574	29
787	3	1408	29
788	3	521	29
789	3	1304	29
789	3	1722	9
790	3	678	29
791	3	1461	29
792	3	730	30
793	3	521	29
793	3	834	20
793	3	2243	9
794	3	574	29
794	3	887	20
795	3	1722	29
796	3	1408	29
797	3	626	29
797	3	991	20
798	3	782	29
798	3	2243	9
800	3	1356	29
801	3	1461	29
802	3	521	29
802	3	1565	9
803	3	626	29
803	3	1148	9
803	3	1565	20
804	3	521	29
804	3	1878	9
806	3	1408	29
807	3	678	29
807	3	991	20
807	3	1356	9
807	3	1669	12
808	3	2139	29
809	3	1826	29
810	3	521	29
810	3	834	20
811	3	574	29
811	3	887	20
812	3	469	29
812	3	939	20
812	3	1774	9
813	3	887	30
814	3	887	30
815	3	469	29
815	3	887	20
816	3	1304	29
817	3	2243	29
818	3	626	29
818	3	1774	9
819	3	1513	29
820	3	626	30
821	3	1356	29
822	3	574	29
822	3	939	20
823	3	678	29
823	3	991	20
823	3	1513	9
823	3	2087	12
823	3	2295	30
824	3	1252	29
824	3	2087	9
825	3	834	29
825	3	1617	9
826	3	782	29
827	3	678	29
828	3	1304	29
829	3	2139	29
830	3	939	29
831	3	521	29
831	3	1148	9
831	3	1461	20
831	3	1774	12
831	3	2035	30
832	3	678	29
832	3	1148	9
832	3	1461	20
832	3	2035	12
832	3	2295	30
833	3	626	29
834	3	678	29
834	3	1043	20
834	3	1565	9
834	3	2139	12
835	3	678	30
836	3	2191	29
837	3	1304	29
838	3	469	29
838	3	991	20
838	3	2191	9
839	3	1461	29
840	3	469	29
840	3	782	20
840	3	1200	9
840	3	1513	12
841	3	521	29
841	3	939	20
842	3	626	29
842	3	1774	9
843	3	626	29
843	3	939	20
843	3	1408	9
843	3	1774	12
843	3	2035	30
844	3	1356	29
845	3	1408	29
846	3	1513	29
847	3	1356	29
847	3	2191	9
848	3	521	29
848	3	834	20
849	3	2139	29
850	3	574	29
850	3	939	20
850	3	1461	9
850	3	1722	12
851	3	2295	29
852	3	678	29
853	3	1461	29
854	3	1304	29
854	3	1565	9
855	3	521	29
856	3	730	29
857	3	1408	29
858	3	834	30
858	3	1461	9
859	3	678	29
860	3	1669	29
861	3	678	29
862	3	1565	29
863	3	521	29
863	3	1148	9
863	3	1565	20
864	3	521	29
864	3	991	20
864	3	1408	9
864	3	2035	12
865	3	521	29
865	3	991	20
866	3	626	29
866	3	939	20
867	3	574	29
868	3	521	29
868	3	1930	9
869	3	834	29
869	3	1513	9
870	3	1304	29
871	3	1356	29
873	3	574	29
873	3	887	20
873	3	1617	9
874	3	730	30
875	3	469	29
875	3	1669	9
876	3	626	29
876	3	991	20
877	3	574	29
877	3	887	20
877	3	1304	9
877	3	1565	12
878	3	1356	29
879	3	678	29
880	3	678	29
880	3	991	20
881	3	782	29
882	3	1408	29
883	3	1669	29
884	3	626	29
885	3	678	29
885	3	1043	20
885	3	1408	9
886	3	730	29
887	3	574	29
888	3	834	29
889	3	1408	29
890	3	1408	29
891	3	626	29
892	3	1617	29
893	3	574	29
894	3	678	29
895	3	521	29
896	3	678	29
896	3	991	20
897	3	521	29
897	3	1200	9
898	3	521	29
898	3	1252	9
898	3	1565	20
899	3	574	29
899	3	1200	9
899	3	1565	20
900	3	782	29
901	3	626	29
901	3	939	20
902	3	887	30
902	3	1461	9
903	3	469	29
903	3	1356	9
903	3	1774	20
905	3	1304	29
906	3	521	29
906	3	991	20
907	3	2139	29
908	3	626	29
908	3	991	20
909	3	2087	29
910	3	1304	29
911	3	730	29
912	3	521	29
913	3	1356	29
914	3	887	30
914	3	1513	9
915	3	1356	29
916	3	574	29
916	3	1200	9
916	3	1617	20
917	3	834	30
918	3	1356	29
919	3	1408	29
920	3	626	29
921	3	574	29
922	3	626	30
922	3	2139	9
923	3	1356	29
924	3	521	29
924	3	1043	20
924	3	1461	9
925	3	678	29
926	3	574	29
926	3	1513	9
926	3	1930	20
927	3	678	29
927	3	1513	9
929	3	626	29
929	3	1408	9
931	3	574	29
931	3	887	20
931	3	1408	9
931	3	1669	12
932	3	730	30
932	3	1982	9
933	3	1408	29
934	3	887	29
935	3	469	29
935	3	991	20
936	3	574	29
937	3	730	29
938	3	834	29
938	3	1722	9
939	3	1356	29
940	3	521	29
940	3	1304	9
940	3	1774	20
941	3	521	29
941	3	939	20
941	3	1565	9
941	3	2191	12
942	3	521	29
942	3	887	20
942	3	1617	9
943	3	521	29
944	3	521	29
944	3	2191	9
945	3	1565	29
946	3	574	30
946	3	2139	9
947	3	626	29
947	3	991	20
947	3	1461	9
947	3	1722	12
948	3	626	29
948	3	939	20
949	3	469	29
949	3	834	20
949	3	1304	9
949	3	1565	12
950	3	678	29
950	3	991	20
952	3	1826	29
953	3	678	29
953	3	991	20
954	3	521	29
954	3	887	20
955	3	2087	29
956	3	574	29
957	3	1513	29
958	3	887	29
959	3	2139	29
960	3	678	29
960	3	1461	9
961	3	626	29
961	3	1565	9
962	3	2191	29
963	3	626	29
964	3	521	29
964	3	991	20
964	3	1461	9
965	3	678	29
966	3	574	29
966	3	1826	9
966	3	2139	20
967	3	1461	29
968	3	521	29
969	3	521	29
969	3	1461	9
969	3	2035	20
971	3	626	29
971	3	1513	9
972	3	574	29
972	3	887	20
972	3	1252	9
972	3	1513	12
972	3	1774	30
973	3	521	29
974	3	521	29
975	3	1408	29
976	3	521	29
976	3	1356	9
976	3	1722	20
977	3	1930	29
978	3	521	29
978	3	991	20
979	3	1408	29
980	3	1826	29
981	3	782	29
981	3	1565	9
982	3	521	29
983	3	574	29
983	3	939	20
984	3	887	29
985	3	1304	29
985	3	1669	9
986	3	2191	29
987	3	1304	29
988	3	626	30
988	3	2295	9
989	3	574	29
989	3	887	20
990	3	1826	29
992	3	1826	29
993	3	730	29
994	3	2087	29
995	3	626	29
995	3	939	20
996	3	1356	29
997	3	2295	29
998	3	521	29
998	3	1148	20
998	3	1461	9
998	3	2035	12
999	3	1461	29
0	4	678	29
1	4	678	29
2	4	521	29
3	4	1043	28
3	4	1356	29
4	4	626	29
4	4	1356	28
4	4	2139	30
5	4	626	29
6	4	469	29
6	4	1356	28
7	4	887	29
7	4	1304	28
8	4	730	29
8	4	1408	28
9	4	1878	28
9	4	2191	29
10	4	574	29
11	4	2243	28
12	4	939	29
13	4	939	28
13	4	1252	29
14	4	521	29
15	4	521	29
16	4	626	29
16	4	1565	28
17	4	626	29
18	4	469	29
19	4	1722	28
19	4	2035	29
20	4	574	29
20	4	1669	28
21	4	469	29
22	4	730	29
22	4	1565	28
23	4	574	29
24	4	521	29
24	4	2243	28
25	4	1461	28
25	4	1774	29
26	4	730	30
27	4	521	29
28	4	574	29
28	4	1095	28
29	4	626	29
29	4	1826	28
30	4	1095	28
30	4	1408	29
31	4	626	29
31	4	2243	28
32	4	991	28
32	4	1304	29
33	4	574	29
33	4	2295	28
34	4	521	29
34	4	1200	28
35	4	626	29
35	4	2295	28
36	4	678	29
37	4	730	29
38	4	626	29
39	4	626	29
39	4	2087	28
40	4	626	29
40	4	1930	28
41	4	626	29
41	4	1722	28
42	4	730	29
42	4	1565	28
43	4	469	29
44	4	1356	28
44	4	1669	29
45	4	730	29
45	4	1617	28
46	4	521	29
47	4	991	28
47	4	1304	29
48	4	1878	28
48	4	2191	29
49	4	521	29
49	4	939	28
50	4	1304	28
50	4	1617	29
51	4	1461	28
51	4	1774	29
52	4	834	29
53	4	521	29
53	4	1930	28
55	4	678	29
56	4	1043	28
56	4	1356	29
57	4	521	29
57	4	1722	28
58	4	521	29
58	4	991	28
59	4	574	29
60	4	939	28
60	4	1252	29
61	4	678	29
62	4	626	29
62	4	1565	28
63	4	521	29
63	4	1148	28
64	4	1774	28
64	4	2087	29
65	4	574	29
65	4	1304	28
66	4	1095	28
66	4	1408	29
67	4	730	29
67	4	1565	28
68	4	1252	28
68	4	1565	29
69	4	678	29
69	4	1200	28
70	4	521	29
71	4	991	28
71	4	1304	29
73	4	1461	28
73	4	1774	29
74	4	626	29
74	4	1982	28
75	4	678	29
76	4	1200	28
76	4	1513	29
77	4	1200	28
77	4	1513	29
78	4	1148	28
78	4	1461	29
79	4	730	30
79	4	2035	28
80	4	678	29
80	4	1982	28
81	4	574	29
82	4	626	29
83	4	887	30
83	4	2243	28
84	4	626	29
84	4	2191	28
85	4	1461	28
85	4	1774	29
86	4	834	30
86	4	2139	28
87	4	469	29
87	4	1774	28
88	4	678	30
88	4	1722	28
89	4	678	29
89	4	1252	28
90	4	1095	28
90	4	1408	29
91	4	678	29
92	4	574	29
93	4	1095	28
93	4	1408	29
94	4	1617	28
94	4	1930	29
95	4	730	29
95	4	1878	28
96	4	834	29
96	4	1408	28
97	4	1043	28
97	4	1356	29
98	4	1408	28
98	4	1722	29
99	4	887	30
99	4	1878	28
100	4	1095	28
100	4	1408	29
101	4	574	29
102	4	626	30
102	4	2191	28
103	4	730	29
103	4	1669	28
104	4	469	29
104	4	991	28
105	4	2087	28
106	4	521	29
106	4	1095	28
107	4	626	29
107	4	2139	28
108	4	626	29
109	4	1043	28
109	4	1356	29
110	4	626	29
111	4	626	29
111	4	2295	28
112	4	574	29
112	4	1774	28
113	4	521	29
114	4	678	29
115	4	1148	28
115	4	1461	29
116	4	1200	28
116	4	1513	29
117	4	1200	28
117	4	1513	29
118	4	1043	28
118	4	1356	29
119	4	1043	28
119	4	1356	29
120	4	730	30
121	4	1043	28
121	4	1356	29
122	4	678	29
122	4	2243	28
123	4	1513	28
123	4	1826	29
124	4	678	29
125	4	521	29
125	4	939	28
126	4	521	29
126	4	1669	28
127	4	626	29
128	4	574	29
129	4	991	28
129	4	1304	29
130	4	469	29
131	4	626	29
131	4	1461	28
132	4	626	29
133	4	730	30
134	4	678	29
134	4	1565	28
135	4	574	29
135	4	1878	28
136	4	521	29
136	4	1148	30
136	4	1617	28
137	4	521	29
137	4	1200	28
138	4	626	29
138	4	1982	28
139	4	678	29
139	4	1669	28
139	4	1878	30
140	4	1669	28
140	4	1982	29
141	4	574	29
141	4	1722	28
142	4	626	29
142	4	1826	28
143	4	1095	28
143	4	1408	29
145	4	1043	28
145	4	1356	29
146	4	626	29
146	4	1722	28
147	4	626	29
147	4	1722	28
148	4	1095	28
148	4	1408	29
149	4	626	29
150	4	521	29
150	4	939	28
151	4	678	29
151	4	1774	28
152	4	521	29
152	4	1043	28
153	4	574	29
154	4	626	29
154	4	1304	28
155	4	574	29
155	4	2139	28
156	4	574	29
158	4	521	29
158	4	939	28
159	4	626	29
159	4	2139	28
160	4	678	30
161	4	1095	28
161	4	1408	29
162	4	887	29
162	4	1252	28
163	4	991	28
163	4	1304	29
164	4	521	29
164	4	2295	28
165	4	521	29
165	4	939	28
166	4	1669	28
166	4	1982	29
167	4	1043	28
167	4	1356	29
169	4	678	29
170	4	626	29
171	4	730	29
171	4	2035	28
172	4	939	28
172	4	1252	29
173	4	1095	28
173	4	1408	29
174	4	678	29
174	4	1304	28
175	4	626	30
175	4	1774	28
176	4	574	29
177	4	1513	28
177	4	1826	29
178	4	1878	28
178	4	2191	29
179	4	574	29
179	4	1669	28
180	4	1826	28
180	4	2139	29
181	4	574	29
182	4	574	29
183	4	521	29
183	4	2087	28
184	4	887	29
185	4	730	29
186	4	1982	28
186	4	2295	29
187	4	521	29
187	4	1200	28
188	4	939	29
188	4	1982	28
189	4	678	29
189	4	1565	28
190	4	991	28
190	4	1304	29
191	4	678	29
192	4	730	29
192	4	1617	28
193	4	626	29
193	4	1826	28
194	4	574	29
196	4	521	29
196	4	1513	28
196	4	1826	30
197	4	2295	28
198	4	678	29
198	4	1565	28
199	4	574	29
199	4	2191	28
200	4	991	28
200	4	1304	29
201	4	1617	28
201	4	1930	29
202	4	887	30
202	4	1513	28
203	4	626	29
203	4	1252	28
204	4	626	29
204	4	2087	28
205	4	1095	28
205	4	1408	29
206	4	574	29
206	4	1565	28
206	4	1722	30
207	4	678	29
207	4	2191	28
208	4	521	29
209	4	1878	28
209	4	2191	29
210	4	469	29
210	4	1148	28
211	4	1304	28
211	4	1617	29
212	4	678	29
212	4	1408	28
213	4	1408	28
213	4	1722	29
214	4	626	29
215	4	1095	28
215	4	1408	29
216	4	782	29
217	4	1043	28
217	4	1356	29
218	4	887	30
218	4	1722	28
219	4	1982	28
219	4	2295	29
220	4	1200	28
220	4	1513	29
221	4	521	29
221	4	1252	28
222	4	1200	28
222	4	1513	29
223	4	574	30
224	4	678	29
224	4	1461	28
225	4	626	29
225	4	1930	28
226	4	521	29
227	4	678	29
228	4	521	29
229	4	574	29
229	4	1148	28
230	4	521	29
231	4	521	29
232	4	626	29
233	4	1095	28
233	4	1408	29
234	4	2191	28
235	4	1252	28
235	4	1565	29
236	4	730	30
236	4	2139	28
237	4	730	29
238	4	887	29
239	4	1043	28
239	4	1356	29
240	4	574	29
240	4	1461	28
241	4	521	29
241	4	1095	28
242	4	678	29
242	4	1565	28
243	4	521	29
243	4	1930	28
243	4	2295	30
244	4	469	29
245	4	991	28
245	4	1304	29
246	4	1878	28
246	4	2191	29
248	4	574	29
249	4	626	29
250	4	574	29
250	4	1982	28
251	4	521	29
251	4	1200	28
252	4	1148	28
252	4	1461	29
253	4	678	29
253	4	1826	28
255	4	782	29
255	4	1669	28
256	4	574	29
256	4	1252	28
257	4	939	28
257	4	1252	29
258	4	678	29
259	4	574	29
260	4	521	29
262	4	574	29
262	4	1200	28
263	4	626	29
264	4	626	29
264	4	2087	28
265	4	678	29
266	4	574	29
266	4	1930	28
267	4	574	29
268	4	887	29
268	4	1252	28
269	4	678	29
270	4	574	29
270	4	1878	28
271	4	730	30
271	4	1669	28
272	4	521	29
272	4	1669	28
272	4	1982	30
273	4	2087	28
274	4	1043	28
274	4	1356	29
275	4	1356	28
275	4	1669	29
276	4	1930	28
276	4	2243	29
277	4	887	30
278	4	1200	28
278	4	1513	29
279	4	1043	28
279	4	1356	29
280	4	574	29
280	4	1826	28
282	4	1304	28
282	4	1617	29
283	4	991	28
283	4	1304	29
284	4	626	29
284	4	1722	28
284	4	2087	30
285	4	991	28
285	4	1304	29
286	4	521	29
286	4	1878	28
286	4	2139	30
287	4	1043	28
287	4	1356	29
288	4	678	29
289	4	574	30
291	4	782	29
292	4	1304	28
292	4	1617	29
293	4	574	29
293	4	1930	28
294	4	626	29
295	4	939	29
295	4	1722	28
296	4	574	29
297	4	1148	28
297	4	1461	29
298	4	626	29
298	4	1252	28
299	4	626	29
300	4	887	29
300	4	1930	28
301	4	574	29
302	4	678	29
302	4	1774	28
303	4	521	29
303	4	1669	28
303	4	2035	30
304	4	574	29
306	4	521	29
307	4	521	29
307	4	2035	28
308	4	521	29
308	4	2139	28
309	4	574	29
309	4	1774	28
309	4	2295	30
310	4	626	29
310	4	1408	28
310	4	2295	30
311	4	626	29
312	4	887	30
312	4	1930	28
313	4	626	29
314	4	1095	28
314	4	1408	29
315	4	574	29
315	4	1617	28
316	4	1878	28
316	4	2191	29
317	4	1043	28
317	4	1356	29
318	4	1252	28
318	4	1565	29
319	4	1565	28
319	4	1878	29
320	4	1095	28
320	4	1408	29
321	4	678	29
322	4	521	29
323	4	1669	28
323	4	1982	29
324	4	1095	28
324	4	1408	29
325	4	1043	28
325	4	1356	29
326	4	626	29
327	4	991	28
327	4	1304	29
328	4	626	30
328	4	2139	28
329	4	1200	28
329	4	1513	29
330	4	626	29
330	4	1148	28
331	4	678	29
332	4	678	29
332	4	1513	28
333	4	626	29
333	4	2295	28
334	4	1095	28
334	4	1408	29
335	4	626	29
336	4	678	29
337	4	678	29
337	4	1878	28
338	4	939	29
338	4	2191	28
339	4	678	29
340	4	991	28
340	4	1304	29
341	4	1043	28
341	4	1356	29
342	4	521	29
342	4	1722	28
343	4	626	29
344	4	1826	28
344	4	2139	29
345	4	521	29
345	4	1043	28
346	4	469	29
346	4	991	28
347	4	730	29
348	4	626	29
349	4	626	29
349	4	1722	28
350	4	1826	28
350	4	2139	29
351	4	626	29
352	4	521	29
352	4	1095	28
353	4	626	29
354	4	521	29
354	4	1617	28
355	4	678	29
356	4	678	29
356	4	1461	28
357	4	678	29
358	4	834	30
358	4	1565	28
360	4	626	30
361	4	678	29
361	4	1930	28
362	4	939	28
362	4	1252	29
364	4	626	29
365	4	1461	28
365	4	1774	29
366	4	574	29
366	4	1200	28
367	4	574	29
367	4	2139	28
368	4	626	29
368	4	1878	28
369	4	626	29
369	4	1461	28
370	4	521	29
371	4	521	29
372	4	678	29
372	4	1356	28
373	4	782	29
374	4	1252	28
374	4	1565	29
375	4	1095	28
375	4	1408	29
376	4	626	29
377	4	1095	28
377	4	1408	29
378	4	887	30
378	4	1669	28
379	4	782	29
379	4	1722	28
380	4	730	30
381	4	678	30
382	4	678	29
383	4	1148	28
383	4	1461	29
384	4	678	29
385	4	730	30
386	4	469	29
387	4	626	29
387	4	1408	28
388	4	1878	28
388	4	2191	29
389	4	626	29
390	4	574	29
391	4	626	30
391	4	1774	28
392	4	782	29
392	4	1878	28
393	4	574	29
394	4	678	29
395	4	730	29
396	4	626	29
396	4	1617	28
397	4	1043	28
397	4	1356	29
398	4	521	29
399	4	521	29
400	4	678	29
401	4	1930	28
401	4	2243	29
402	4	730	30
403	4	1826	28
403	4	2139	29
404	4	730	30
405	4	991	28
405	4	1304	29
406	4	626	29
406	4	1565	28
407	4	991	28
407	4	1304	29
409	4	939	28
409	4	1252	29
410	4	730	29
410	4	1826	28
411	4	469	29
411	4	1722	28
411	4	2295	30
412	4	678	29
412	4	1617	28
412	4	1774	30
413	4	626	29
413	4	1669	28
413	4	1722	30
414	4	521	29
414	4	1043	28
415	4	678	29
416	4	1148	28
416	4	1461	29
417	4	574	29
417	4	1878	28
418	4	574	29
418	4	1356	28
419	4	469	29
419	4	939	28
420	4	730	29
420	4	1356	28
421	4	1826	28
421	4	2139	29
422	4	730	29
422	4	2243	28
423	4	939	28
423	4	1252	29
424	4	574	29
424	4	1304	28
424	4	1878	30
425	4	574	29
425	4	2191	28
426	4	939	28
426	4	1252	29
427	4	1826	28
427	4	2139	29
428	4	626	29
429	4	469	29
429	4	1095	28
430	4	574	29
431	4	574	29
432	4	730	29
432	4	2191	28
433	4	730	30
433	4	1982	28
434	4	678	29
434	4	1826	28
434	4	2139	30
435	4	521	29
436	4	626	29
437	4	574	29
437	4	1982	28
438	4	521	29
438	4	1095	28
439	4	730	29
439	4	1930	28
440	4	574	29
440	4	1513	28
441	4	1513	28
441	4	1826	29
442	4	678	30
442	4	2087	28
443	4	626	29
444	4	1408	28
444	4	1722	29
445	4	626	29
445	4	2295	28
446	4	782	29
446	4	2295	28
447	4	1356	28
447	4	1669	29
448	4	834	29
449	4	1878	28
449	4	2191	29
450	4	2035	28
451	4	678	29
451	4	1148	28
452	4	521	29
452	4	939	28
453	4	574	29
453	4	1722	28
454	4	1148	28
454	4	1461	29
455	4	991	28
455	4	1304	29
456	4	1095	28
456	4	1408	29
457	4	521	29
457	4	1408	28
458	4	1565	28
458	4	1878	29
459	4	678	30
460	4	626	29
461	4	521	29
462	4	521	29
462	4	1356	28
463	4	574	29
463	4	1408	28
464	4	782	29
464	4	1304	28
465	4	626	29
465	4	2035	28
466	4	574	29
467	4	521	29
468	4	626	29
469	4	574	29
469	4	2243	28
470	4	1252	28
470	4	1565	29
471	4	991	28
471	4	1304	29
472	4	521	29
473	4	626	29
473	4	1878	28
474	4	574	29
474	4	1356	28
475	4	730	29
475	4	1878	28
476	4	1148	28
476	4	1461	29
477	4	834	29
478	4	834	30
480	4	574	29
481	4	626	29
481	4	1304	28
482	4	782	29
483	4	1461	28
483	4	1774	29
484	4	1878	28
484	4	2191	29
485	4	991	28
485	4	1304	29
486	4	1095	28
486	4	1408	29
487	4	626	29
488	4	1095	28
488	4	1408	29
489	4	626	29
490	4	574	29
490	4	1148	28
491	4	730	29
491	4	1982	28
492	4	782	29
492	4	1304	28
493	4	574	29
494	4	574	29
495	4	730	29
495	4	1148	28
496	4	521	29
496	4	1095	28
497	4	521	29
498	4	678	29
499	4	574	29
500	4	574	29
500	4	1722	28
501	4	1095	28
501	4	1408	29
502	4	939	28
502	4	1252	29
503	4	626	29
503	4	1669	28
503	4	1774	30
505	4	1095	28
505	4	1408	29
506	4	939	29
506	4	1617	28
507	4	1148	28
507	4	1461	29
508	4	678	29
508	4	1878	28
508	4	2191	30
510	4	1826	28
510	4	2139	29
512	4	730	29
512	4	1200	28
513	4	730	30
513	4	1565	28
514	4	678	29
514	4	1878	28
515	4	574	29
515	4	2295	28
516	4	1095	28
516	4	1408	29
517	4	1095	28
517	4	1408	29
518	4	834	29
518	4	1356	28
519	4	521	29
519	4	939	28
520	4	626	29
520	4	2191	28
521	4	626	29
522	4	678	29
522	4	1513	28
523	4	678	29
524	4	1930	28
524	4	2243	29
525	4	626	30
525	4	1408	28
526	4	1826	28
526	4	2139	29
527	4	521	29
528	4	626	29
529	4	678	29
529	4	1617	28
530	4	1095	28
530	4	1408	29
531	4	991	28
531	4	1304	29
532	4	678	30
532	4	1617	28
533	4	1826	28
533	4	2139	29
534	4	678	29
534	4	2243	28
535	4	1304	28
535	4	1617	29
536	4	1095	28
536	4	1408	29
537	4	574	29
537	4	1722	28
538	4	521	29
539	4	626	29
540	4	678	30
541	4	521	29
542	4	834	29
542	4	1513	28
543	4	991	28
543	4	1304	29
544	4	521	29
544	4	991	28
545	4	626	29
546	4	1043	28
546	4	1356	29
547	4	730	29
547	4	1461	28
548	4	1148	28
548	4	1461	29
549	4	1095	28
549	4	1408	29
550	4	521	29
550	4	1513	28
551	4	521	29
551	4	1722	28
552	4	1148	28
552	4	1461	29
553	4	626	29
553	4	1356	28
554	4	521	29
555	4	521	29
555	4	1565	28
555	4	1826	30
556	4	574	30
556	4	1304	28
557	4	1304	28
557	4	1617	29
558	4	469	29
559	4	834	29
559	4	1304	28
560	4	1148	28
560	4	1461	29
561	4	678	29
562	4	834	29
562	4	1304	28
563	4	521	29
563	4	1095	28
564	4	1148	28
564	4	1461	29
565	4	574	29
565	4	1304	28
565	4	2139	30
566	4	521	29
567	4	626	29
567	4	1513	28
568	4	574	29
569	4	626	29
569	4	1304	28
570	4	1095	28
570	4	1408	29
571	4	574	29
572	4	1252	28
572	4	1565	29
573	4	2243	28
574	4	730	29
575	4	574	29
575	4	1669	28
576	4	991	28
576	4	1304	29
577	4	678	29
578	4	887	30
578	4	1982	28
579	4	626	29
580	4	1878	28
580	4	2191	29
581	4	939	28
581	4	1252	29
582	4	574	29
582	4	1461	28
583	4	678	29
583	4	1617	28
584	4	574	29
584	4	2035	28
585	4	574	29
585	4	1617	28
585	4	1722	30
586	4	574	29
586	4	1461	28
587	4	521	29
587	4	2295	28
588	4	574	29
588	4	2139	28
589	4	521	29
589	4	991	28
590	4	626	29
591	4	1252	28
591	4	1565	29
593	4	574	29
594	4	626	29
594	4	1722	28
595	4	626	29
595	4	1930	28
595	4	2139	30
596	4	574	29
596	4	1148	28
597	4	730	29
598	4	574	29
599	4	626	29
600	4	1461	28
600	4	1774	29
601	4	678	29
602	4	1095	28
602	4	1408	29
603	4	574	29
604	4	678	29
604	4	1304	28
605	4	991	28
605	4	1304	29
606	4	626	29
606	4	1617	28
607	4	521	29
607	4	2243	28
608	4	521	29
610	4	2035	28
611	4	574	29
611	4	1408	28
612	4	991	28
612	4	1304	29
613	4	991	28
613	4	1304	29
614	4	1043	28
614	4	1356	29
615	4	678	29
615	4	1461	28
616	4	939	29
616	4	1356	28
617	4	1826	28
617	4	2139	29
618	4	1878	28
618	4	2191	29
619	4	782	29
619	4	2087	28
620	4	626	29
621	4	782	29
621	4	1200	28
622	4	521	29
623	4	991	28
623	4	1304	29
624	4	521	29
625	4	991	28
625	4	1304	29
626	4	469	29
626	4	939	28
627	4	626	29
627	4	1722	28
628	4	574	29
628	4	1826	28
629	4	730	29
629	4	1878	28
630	4	678	29
630	4	1408	28
631	4	521	29
631	4	1095	28
632	4	626	29
632	4	2295	28
633	4	1200	28
633	4	1513	29
634	4	1043	28
634	4	1356	29
635	4	1200	28
635	4	1513	29
636	4	1930	28
636	4	2243	29
637	4	887	29
638	4	1304	28
638	4	1617	29
639	4	521	29
639	4	1617	28
640	4	574	30
641	4	521	29
642	4	1043	28
642	4	1356	29
643	4	2087	28
644	4	678	29
645	4	730	29
645	4	1669	28
646	4	626	29
647	4	1252	28
647	4	1565	29
648	4	678	29
648	4	1304	28
649	4	626	29
649	4	1722	28
650	4	1200	28
650	4	1513	29
651	4	678	29
652	4	626	29
652	4	1774	28
653	4	730	29
653	4	1930	28
654	4	521	29
654	4	1930	28
655	4	521	29
655	4	1304	28
656	4	521	29
656	4	1200	28
657	4	521	29
657	4	939	28
658	4	626	29
658	4	1461	28
659	4	1043	28
659	4	1356	29
660	4	678	29
661	4	626	29
661	4	1722	28
662	4	574	29
662	4	1148	28
663	4	887	29
663	4	1513	28
664	4	678	29
664	4	2087	28
665	4	678	29
666	4	678	29
667	4	521	29
668	4	782	29
668	4	1513	28
669	4	678	29
669	4	1356	28
670	4	678	29
670	4	1408	28
671	4	939	29
672	4	678	29
672	4	1826	28
673	4	626	29
673	4	1565	28
674	4	626	29
674	4	1200	28
675	4	991	28
675	4	1304	29
676	4	626	29
676	4	2191	28
677	4	678	29
677	4	1148	28
678	4	626	29
678	4	1982	28
679	4	1043	28
679	4	1356	29
680	4	887	29
680	4	1252	28
681	4	834	29
682	4	521	29
682	4	1617	28
683	4	1043	28
683	4	1356	29
684	4	939	28
684	4	1252	29
685	4	521	29
685	4	1878	28
686	4	626	29
687	4	1200	28
687	4	1513	29
688	4	1043	28
688	4	1356	29
689	4	991	28
689	4	1304	29
690	4	521	29
691	4	626	29
691	4	1461	28
692	4	521	29
692	4	1043	28
693	4	521	29
693	4	1095	28
694	4	730	29
695	4	574	29
696	4	730	29
696	4	1982	28
697	4	574	29
697	4	1669	28
698	4	1148	28
698	4	1461	29
699	4	521	29
699	4	1200	28
700	4	521	29
701	4	678	30
701	4	1408	28
702	4	521	29
703	4	521	29
704	4	1826	28
704	4	2139	29
705	4	834	29
705	4	1565	28
706	4	521	29
707	4	626	29
708	4	991	28
708	4	1304	29
709	4	521	29
709	4	991	28
710	4	521	29
710	4	939	28
711	4	939	28
711	4	1252	29
712	4	730	29
712	4	1356	28
713	4	1774	28
713	4	2087	29
714	4	678	29
715	4	626	29
715	4	1408	28
716	4	626	29
717	4	939	28
717	4	1252	29
718	4	521	29
719	4	626	29
720	4	1826	28
720	4	2139	29
721	4	678	29
721	4	1722	28
722	4	521	29
722	4	1565	28
723	4	574	29
723	4	1930	28
724	4	574	29
724	4	2087	28
725	4	626	29
725	4	1565	28
726	4	521	29
726	4	1095	28
727	4	1043	28
727	4	1356	29
728	4	1513	28
728	4	1826	29
729	4	730	29
730	4	678	29
731	4	574	29
732	4	730	29
733	4	626	29
733	4	1513	28
734	4	521	29
735	4	1826	28
735	4	2139	29
736	4	887	30
737	4	626	29
737	4	1617	28
738	4	574	29
738	4	1408	28
738	4	2295	30
739	4	991	28
739	4	1304	29
740	4	2243	28
741	4	521	29
741	4	1408	28
742	4	678	29
742	4	1930	28
742	4	2295	30
743	4	574	29
744	4	1043	28
744	4	1356	29
745	4	834	29
745	4	2191	28
746	4	1095	28
746	4	1408	29
747	4	678	29
748	4	1878	28
748	4	2191	29
749	4	1043	28
749	4	1356	29
750	4	678	29
751	4	939	28
751	4	1252	29
752	4	730	29
752	4	1252	28
753	4	626	30
753	4	2035	28
754	4	626	29
755	4	626	29
756	4	574	29
756	4	1304	28
757	4	1356	28
757	4	1669	29
758	4	626	29
759	4	1095	28
759	4	1408	29
760	4	521	29
760	4	2295	28
761	4	521	29
761	4	1617	28
762	4	574	29
763	4	1043	28
763	4	1356	29
764	4	782	29
765	4	521	29
766	4	626	29
767	4	991	28
767	4	1304	29
768	4	1200	28
768	4	1513	29
769	4	678	29
770	4	1826	28
770	4	2139	29
771	4	991	28
771	4	1304	29
772	4	626	29
772	4	1930	28
773	4	1200	28
773	4	1513	29
774	4	521	29
775	4	991	28
775	4	1304	29
776	4	521	29
776	4	1982	28
777	4	1878	28
777	4	2191	29
778	4	730	29
779	4	1826	28
779	4	2139	29
780	4	626	29
781	4	574	29
781	4	1617	28
782	4	521	29
782	4	1826	28
783	4	1200	28
783	4	1513	29
784	4	521	29
785	4	678	29
786	4	574	29
787	4	1095	28
787	4	1408	29
788	4	521	29
789	4	991	28
789	4	1304	29
790	4	678	29
790	4	1513	28
791	4	1148	28
791	4	1461	29
792	4	730	30
793	4	521	29
793	4	2243	28
794	4	574	29
795	4	1408	28
795	4	1722	29
796	4	1095	28
796	4	1408	29
797	4	626	29
798	4	782	29
798	4	1774	28
799	4	2035	28
800	4	1043	28
800	4	1356	29
801	4	1148	28
801	4	1461	29
802	4	521	29
802	4	1148	28
803	4	626	29
803	4	1617	28
804	4	521	29
804	4	1513	28
805	4	2139	28
806	4	1095	28
806	4	1408	29
807	4	678	29
807	4	1617	28
808	4	1826	28
808	4	2139	29
809	4	1513	28
809	4	1826	29
810	4	521	29
811	4	574	29
812	4	469	29
812	4	1930	28
813	4	887	30
814	4	887	30
815	4	469	29
816	4	991	28
816	4	1304	29
817	4	1930	28
817	4	2243	29
818	4	626	29
818	4	1878	28
819	4	1200	28
819	4	1513	29
820	4	626	30
821	4	1043	28
821	4	1356	29
822	4	574	29
823	4	678	29
823	4	1930	28
823	4	2295	30
824	4	939	28
824	4	1252	29
825	4	834	29
825	4	1304	28
826	4	782	29
826	4	1304	28
827	4	678	29
827	4	2295	28
828	4	991	28
828	4	1304	29
829	4	1826	28
829	4	2139	29
830	4	939	29
830	4	1617	28
831	4	521	29
831	4	939	28
831	4	2035	30
832	4	678	29
832	4	1878	28
832	4	2295	30
833	4	626	29
833	4	1565	28
834	4	678	29
834	4	1982	28
835	4	678	30
836	4	1878	28
836	4	2191	29
837	4	991	28
837	4	1304	29
838	4	469	29
838	4	1930	28
839	4	1148	28
839	4	1461	29
840	4	469	29
840	4	1617	28
841	4	521	29
841	4	939	28
842	4	626	29
842	4	1252	28
843	4	626	29
843	4	1774	28
843	4	2035	30
844	4	1043	28
844	4	1356	29
845	4	1095	28
845	4	1408	29
846	4	1200	28
846	4	1513	29
847	4	1043	28
847	4	1356	29
848	4	521	29
849	4	1826	28
849	4	2139	29
850	4	574	29
850	4	1252	28
851	4	1982	28
851	4	2295	29
852	4	678	29
853	4	1148	28
853	4	1461	29
854	4	991	28
854	4	1304	29
855	4	521	29
855	4	1982	28
856	4	730	29
857	4	1095	28
857	4	1408	29
858	4	834	30
859	4	678	29
860	4	1356	28
860	4	1669	29
861	4	678	29
862	4	1252	28
862	4	1565	29
863	4	521	29
864	4	521	29
864	4	1722	28
865	4	521	29
866	4	626	29
867	4	574	29
867	4	1774	28
868	4	521	29
868	4	939	28
869	4	834	29
869	4	1200	28
870	4	991	28
870	4	1304	29
871	4	1043	28
871	4	1356	29
872	4	2295	28
873	4	574	29
874	4	730	30
875	4	469	29
875	4	991	28
876	4	626	29
877	4	574	29
877	4	1669	28
878	4	1043	28
878	4	1356	29
879	4	678	29
880	4	678	29
881	4	782	29
882	4	1095	28
882	4	1408	29
883	4	1356	28
883	4	1669	29
884	4	626	29
885	4	678	29
885	4	1722	28
886	4	730	29
886	4	1826	28
887	4	574	29
888	4	834	29
889	4	1095	28
889	4	1408	29
890	4	1095	28
890	4	1408	29
891	4	626	29
892	4	1304	28
892	4	1617	29
893	4	574	29
894	4	678	29
895	4	521	29
895	4	1722	28
896	4	678	29
897	4	521	29
898	4	521	29
898	4	1669	28
899	4	574	29
899	4	1356	28
900	4	782	29
900	4	1513	28
901	4	626	29
902	4	887	30
902	4	1669	28
903	4	469	29
903	4	1878	28
905	4	991	28
905	4	1304	29
906	4	521	29
907	4	1826	28
907	4	2139	29
908	4	626	29
909	4	1774	28
909	4	2087	29
910	4	991	28
910	4	1304	29
911	4	730	29
912	4	521	29
913	4	1043	28
913	4	1356	29
914	4	887	30
915	4	1043	28
915	4	1356	29
916	4	574	29
916	4	1408	28
917	4	834	30
918	4	1043	28
918	4	1356	29
919	4	1095	28
919	4	1408	29
920	4	626	29
920	4	1878	28
921	4	574	29
922	4	626	30
922	4	2191	28
923	4	1043	28
923	4	1356	29
924	4	521	29
924	4	939	28
925	4	678	29
926	4	574	29
926	4	1565	28
927	4	678	29
927	4	1304	28
929	4	626	29
929	4	1617	28
931	4	574	29
931	4	1722	28
932	4	730	30
932	4	1774	28
933	4	1095	28
933	4	1408	29
934	4	887	29
934	4	1461	28
935	4	469	29
936	4	574	29
936	4	1826	28
937	4	730	29
937	4	1930	28
938	4	834	29
938	4	1408	28
939	4	1043	28
939	4	1356	29
940	4	521	29
940	4	1095	28
941	4	521	29
941	4	1982	28
942	4	521	29
942	4	1774	28
943	4	521	29
944	4	521	29
944	4	1461	28
945	4	1252	28
945	4	1565	29
946	4	574	30
946	4	1669	28
947	4	626	29
947	4	1252	28
948	4	626	29
949	4	469	29
949	4	1461	28
950	4	678	29
951	4	2087	28
952	4	1513	28
952	4	1826	29
953	4	678	29
954	4	521	29
955	4	1774	28
955	4	2087	29
956	4	574	29
957	4	1200	28
957	4	1513	29
958	4	887	29
958	4	2191	28
959	4	1826	28
959	4	2139	29
960	4	678	29
961	4	626	29
961	4	1878	28
962	4	1878	28
962	4	2191	29
963	4	626	29
963	4	2139	28
964	4	521	29
964	4	1722	28
965	4	678	29
965	4	1356	28
966	4	574	29
966	4	1878	28
967	4	1148	28
967	4	1461	29
968	4	521	29
968	4	1565	28
969	4	521	29
969	4	1148	28
971	4	626	29
971	4	1669	28
972	4	574	29
972	4	1722	28
972	4	1774	30
973	4	521	29
974	4	521	29
974	4	2191	28
975	4	1095	28
975	4	1408	29
976	4	521	29
976	4	1043	28
977	4	1617	28
977	4	1930	29
978	4	521	29
979	4	1095	28
979	4	1408	29
980	4	1513	28
980	4	1826	29
981	4	782	29
981	4	1200	28
982	4	521	29
982	4	1565	28
983	4	574	29
984	4	887	29
984	4	1304	28
985	4	991	28
985	4	1304	29
986	4	1878	28
986	4	2191	29
987	4	991	28
987	4	1304	29
988	4	626	30
988	4	2295	28
989	4	574	29
990	4	1513	28
990	4	1826	29
992	4	1513	28
992	4	1826	29
993	4	730	29
994	4	1774	28
994	4	2087	29
995	4	626	29
996	4	1043	28
996	4	1356	29
997	4	1982	28
997	4	2295	29
998	4	521	29
998	4	991	28
999	4	1148	28
999	4	1461	29
0	5	521	25
0	5	678	29
1	5	521	25
1	5	678	29
2	5	521	29
3	5	1043	28
3	5	1356	29
4	5	521	25
4	5	626	29
4	5	1356	28
4	5	2139	30
5	5	521	25
5	5	626	29
6	5	469	29
6	5	1356	28
7	5	887	29
7	5	1304	28
8	5	521	25
8	5	730	29
8	5	1408	28
9	5	1878	28
9	5	2191	29
10	5	521	25
10	5	574	29
11	5	2243	28
12	5	939	29
13	5	939	28
13	5	1252	29
14	5	521	29
14	5	782	27
15	5	521	29
15	5	782	27
16	5	521	25
16	5	626	29
16	5	1565	28
17	5	521	25
17	5	626	29
18	5	469	29
18	5	782	27
19	5	1722	28
19	5	2035	29
20	5	521	25
20	5	574	29
20	5	1669	28
21	5	469	29
21	5	730	27
22	5	730	29
22	5	1565	28
23	5	521	25
23	5	574	29
24	5	521	29
24	5	782	27
24	5	2243	28
25	5	1461	28
25	5	1774	29
26	5	521	25
26	5	730	30
27	5	521	29
27	5	782	27
28	5	574	29
28	5	1095	28
29	5	626	29
29	5	1826	28
30	5	1095	28
30	5	1408	29
31	5	521	25
31	5	626	29
31	5	2243	28
32	5	991	28
32	5	1304	29
33	5	521	25
33	5	574	29
33	5	2295	28
34	5	521	29
34	5	1200	28
35	5	521	25
35	5	626	29
35	5	2295	28
36	5	521	25
36	5	678	29
37	5	521	25
37	5	730	29
38	5	521	25
38	5	626	29
39	5	521	25
39	5	626	29
39	5	2087	28
40	5	521	25
40	5	626	29
40	5	1930	28
41	5	574	25
41	5	626	29
41	5	1722	28
42	5	626	25
42	5	730	29
42	5	1565	28
43	5	469	29
43	5	887	27
44	5	1356	28
44	5	1669	29
45	5	521	25
45	5	730	29
45	5	1617	28
46	5	521	29
46	5	834	27
47	5	991	28
47	5	1304	29
48	5	1878	28
48	5	2191	29
49	5	521	29
49	5	939	28
50	5	1304	28
50	5	1617	29
51	5	1461	28
51	5	1774	29
52	5	834	29
53	5	521	29
53	5	834	27
53	5	1930	28
53	5	2243	25
55	5	521	25
55	5	678	29
56	5	1043	28
56	5	1356	29
57	5	521	29
57	5	782	27
57	5	1722	28
58	5	521	29
58	5	991	28
59	5	521	25
59	5	574	29
60	5	939	28
60	5	1252	29
61	5	521	25
61	5	678	29
62	5	521	25
62	5	626	29
62	5	1565	28
63	5	521	29
63	5	1148	28
64	5	1774	28
64	5	2087	29
65	5	574	29
65	5	1304	28
66	5	1095	28
66	5	1408	29
67	5	574	25
67	5	730	29
67	5	1565	28
68	5	1252	28
68	5	1565	29
69	5	678	29
69	5	1200	28
70	5	521	29
71	5	991	28
71	5	1304	29
73	5	1461	28
73	5	1774	29
74	5	626	29
74	5	1982	28
75	5	521	25
75	5	678	29
76	5	1200	28
76	5	1513	29
77	5	1200	28
77	5	1513	29
78	5	1148	28
78	5	1461	29
79	5	574	25
79	5	730	30
79	5	2035	28
80	5	521	25
80	5	678	29
80	5	1982	28
81	5	521	25
81	5	574	29
82	5	521	25
82	5	626	29
83	5	887	30
83	5	2243	28
84	5	521	25
84	5	626	29
84	5	2191	28
85	5	1461	28
85	5	1774	29
86	5	834	30
86	5	2139	28
87	5	469	29
87	5	730	27
87	5	1774	28
88	5	521	25
88	5	678	30
88	5	1722	28
89	5	678	29
89	5	1252	28
90	5	1095	28
90	5	1408	29
91	5	521	25
91	5	678	29
92	5	521	25
92	5	574	29
93	5	1095	28
93	5	1408	29
94	5	1617	28
94	5	1930	29
95	5	730	29
95	5	1878	28
96	5	834	29
96	5	1408	28
97	5	1043	28
97	5	1356	29
98	5	1408	28
98	5	1722	29
99	5	887	30
99	5	1878	28
100	5	1095	28
100	5	1408	29
101	5	521	25
101	5	574	29
102	5	521	25
102	5	626	30
102	5	2191	28
103	5	730	29
103	5	1669	28
104	5	469	29
104	5	991	28
105	5	2087	28
106	5	521	29
106	5	1095	28
106	5	2243	25
107	5	521	25
107	5	626	29
107	5	2139	28
108	5	521	25
108	5	626	29
109	5	1043	28
109	5	1356	29
110	5	521	25
110	5	626	29
111	5	521	25
111	5	626	29
111	5	2295	28
112	5	574	29
112	5	1774	28
113	5	521	29
113	5	782	27
114	5	521	25
114	5	678	29
115	5	1148	28
115	5	1461	29
116	5	1200	28
116	5	1513	29
117	5	1200	28
117	5	1513	29
118	5	1043	28
118	5	1356	29
119	5	1043	28
119	5	1356	29
120	5	574	25
120	5	730	30
121	5	1043	28
121	5	1356	29
122	5	521	25
122	5	678	29
122	5	2243	28
123	5	1513	28
123	5	1826	29
124	5	521	25
124	5	678	29
125	5	521	29
125	5	939	28
126	5	521	29
126	5	782	27
126	5	1669	28
127	5	521	25
127	5	626	29
128	5	521	25
128	5	574	29
129	5	991	28
129	5	1304	29
130	5	469	29
131	5	521	25
131	5	626	29
131	5	1461	28
132	5	521	25
132	5	626	29
133	5	521	25
133	5	730	30
134	5	678	29
134	5	1565	28
135	5	521	25
135	5	574	29
135	5	1878	28
136	5	521	29
136	5	782	27
136	5	1148	30
136	5	1617	28
137	5	521	29
137	5	1200	28
138	5	521	25
138	5	626	29
138	5	1982	28
139	5	521	25
139	5	678	29
139	5	1669	28
139	5	1878	30
140	5	1669	28
140	5	1982	29
141	5	521	25
141	5	574	29
141	5	1722	28
142	5	626	29
142	5	1826	28
143	5	1095	28
143	5	1408	29
145	5	1043	28
145	5	1356	29
146	5	521	25
146	5	626	29
146	5	1722	28
147	5	521	25
147	5	626	29
147	5	1722	28
148	5	1095	28
148	5	1408	29
149	5	521	25
149	5	626	29
150	5	521	29
150	5	939	28
151	5	678	29
151	5	1774	28
152	5	521	29
152	5	1043	28
153	5	521	25
153	5	574	29
154	5	521	25
154	5	626	29
154	5	1304	28
155	5	521	25
155	5	574	29
155	5	2139	28
156	5	521	25
156	5	574	29
158	5	521	29
158	5	939	28
159	5	521	25
159	5	626	29
159	5	2139	28
160	5	521	25
160	5	678	30
161	5	1095	28
161	5	1408	29
162	5	887	29
162	5	1252	28
163	5	991	28
163	5	1304	29
164	5	521	29
164	5	834	27
164	5	2295	28
165	5	521	29
165	5	939	28
166	5	1669	28
166	5	1982	29
167	5	1043	28
167	5	1356	29
169	5	521	25
169	5	678	29
170	5	521	25
170	5	626	29
171	5	730	29
171	5	2035	28
172	5	939	28
172	5	1252	29
173	5	1095	28
173	5	1408	29
174	5	678	29
174	5	1304	28
175	5	521	25
175	5	626	30
175	5	1774	28
176	5	521	25
176	5	574	29
177	5	1513	28
177	5	1826	29
178	5	1878	28
178	5	2191	29
179	5	521	25
179	5	574	29
179	5	1669	28
180	5	1826	28
180	5	2139	29
181	5	521	25
181	5	574	29
182	5	574	29
183	5	521	29
183	5	834	27
183	5	2087	28
184	5	887	29
185	5	521	25
185	5	730	29
186	5	1982	28
186	5	2295	29
187	5	521	29
187	5	1200	28
188	5	939	29
188	5	1982	28
189	5	574	25
189	5	678	29
189	5	1565	28
190	5	991	28
190	5	1304	29
191	5	521	25
191	5	678	29
192	5	521	25
192	5	730	29
192	5	1617	28
193	5	521	25
193	5	626	29
193	5	1826	28
194	5	574	29
196	5	521	29
196	5	782	27
196	5	1513	28
196	5	1826	30
196	5	1878	25
197	5	2295	28
198	5	521	25
198	5	678	29
198	5	1565	28
199	5	521	25
199	5	574	29
199	5	2191	28
200	5	991	28
200	5	1304	29
201	5	1617	28
201	5	1930	29
202	5	887	30
202	5	1513	28
203	5	626	29
203	5	1252	28
204	5	521	25
204	5	626	29
204	5	2087	28
205	5	1095	28
205	5	1408	29
206	5	521	25
206	5	574	29
206	5	1565	28
206	5	1722	30
207	5	521	25
207	5	678	29
207	5	2191	28
208	5	521	29
208	5	887	27
209	5	1878	28
209	5	2191	29
210	5	469	29
210	5	1148	28
211	5	1304	28
211	5	1617	29
212	5	678	29
212	5	1408	28
213	5	1408	28
213	5	1722	29
214	5	626	29
215	5	1095	28
215	5	1408	29
216	5	782	29
217	5	1043	28
217	5	1356	29
218	5	521	25
218	5	887	30
218	5	1722	28
219	5	1982	28
219	5	2295	29
220	5	1200	28
220	5	1513	29
221	5	521	29
221	5	1252	28
222	5	1200	28
222	5	1513	29
223	5	574	30
224	5	678	29
224	5	1461	28
225	5	521	25
225	5	626	29
225	5	1930	28
226	5	521	29
226	5	887	27
227	5	521	25
227	5	678	29
228	5	521	29
228	5	782	27
229	5	574	29
229	5	1148	28
230	5	521	29
230	5	782	27
231	5	521	29
231	5	782	27
232	5	521	25
232	5	626	29
233	5	1095	28
233	5	1408	29
234	5	2191	28
235	5	1252	28
235	5	1565	29
236	5	730	30
236	5	2139	28
237	5	730	29
238	5	887	29
239	5	1043	28
239	5	1356	29
240	5	521	25
240	5	574	29
240	5	1461	28
241	5	521	29
241	5	1095	28
242	5	521	25
242	5	678	29
242	5	1565	28
243	5	521	29
243	5	782	27
243	5	1930	28
243	5	2295	30
244	5	469	29
244	5	730	27
245	5	991	28
245	5	1304	29
246	5	1878	28
246	5	2191	29
248	5	521	25
248	5	574	29
249	5	521	25
249	5	626	29
250	5	521	25
250	5	574	29
250	5	1982	28
251	5	521	29
251	5	1200	28
252	5	1148	28
252	5	1461	29
253	5	678	29
253	5	1826	28
255	5	782	29
255	5	1669	28
256	5	574	29
256	5	1252	28
257	5	939	28
257	5	1252	29
258	5	521	25
258	5	678	29
259	5	521	25
259	5	574	29
260	5	521	29
260	5	834	27
262	5	574	29
262	5	1200	28
263	5	626	29
264	5	521	25
264	5	626	29
264	5	2087	28
265	5	521	25
265	5	678	29
266	5	521	25
266	5	574	29
266	5	1930	28
267	5	521	25
267	5	574	29
268	5	887	29
268	5	1252	28
269	5	521	25
269	5	678	29
270	5	574	29
270	5	1878	28
271	5	521	25
271	5	730	30
271	5	1669	28
272	5	521	29
272	5	782	27
272	5	1669	28
272	5	1982	30
272	5	2295	25
273	5	2087	28
274	5	1043	28
274	5	1356	29
275	5	1356	28
275	5	1669	29
276	5	1930	28
276	5	2243	29
277	5	574	25
277	5	887	30
278	5	1200	28
278	5	1513	29
279	5	1043	28
279	5	1356	29
280	5	574	29
280	5	1826	28
282	5	1304	28
282	5	1617	29
283	5	991	28
283	5	1304	29
284	5	521	25
284	5	626	29
284	5	1722	28
284	5	2087	30
285	5	991	28
285	5	1304	29
286	5	521	29
286	5	782	27
286	5	1878	28
286	5	2139	30
287	5	1043	28
287	5	1356	29
288	5	521	25
288	5	678	29
289	5	574	30
291	5	521	25
291	5	782	29
292	5	1304	28
292	5	1617	29
293	5	521	25
293	5	574	29
293	5	1930	28
294	5	521	25
294	5	626	29
295	5	939	29
295	5	1722	28
296	5	521	25
296	5	574	29
297	5	1148	28
297	5	1461	29
298	5	626	29
298	5	1252	28
299	5	521	25
299	5	626	29
300	5	887	29
300	5	1930	28
301	5	521	25
301	5	574	29
302	5	521	25
302	5	678	29
302	5	1774	28
303	5	521	29
303	5	782	27
303	5	1669	28
303	5	2035	30
304	5	521	25
304	5	574	29
306	5	521	29
306	5	782	27
307	5	521	29
307	5	2035	28
308	5	521	29
308	5	2139	28
309	5	521	25
309	5	574	29
309	5	1774	28
309	5	2295	30
310	5	521	25
310	5	626	29
310	5	1408	28
310	5	2295	30
311	5	626	29
312	5	887	30
312	5	1930	28
313	5	626	29
314	5	1095	28
314	5	1408	29
315	5	521	25
315	5	574	29
315	5	1617	28
316	5	1878	28
316	5	2191	29
317	5	1043	28
317	5	1356	29
318	5	1252	28
318	5	1565	29
319	5	1565	28
319	5	1878	29
320	5	1095	28
320	5	1408	29
321	5	521	25
321	5	678	29
322	5	521	29
322	5	834	27
323	5	1669	28
323	5	1982	29
324	5	1095	28
324	5	1408	29
325	5	1043	28
325	5	1356	29
326	5	521	25
326	5	626	29
327	5	991	28
327	5	1304	29
328	5	626	30
328	5	2139	28
329	5	1200	28
329	5	1513	29
330	5	626	29
330	5	1148	28
331	5	521	25
331	5	678	29
332	5	521	25
332	5	678	29
332	5	1513	28
333	5	521	25
333	5	626	29
333	5	2295	28
334	5	1095	28
334	5	1408	29
335	5	521	25
335	5	626	29
336	5	521	25
336	5	678	29
337	5	678	29
337	5	1878	28
338	5	939	29
338	5	2191	28
339	5	521	25
339	5	678	29
340	5	991	28
340	5	1304	29
341	5	1043	28
341	5	1356	29
342	5	521	29
342	5	782	27
342	5	1722	28
343	5	521	25
343	5	626	29
344	5	1826	28
344	5	2139	29
345	5	521	29
345	5	1043	28
346	5	469	29
346	5	991	28
346	5	2295	25
347	5	521	25
347	5	730	29
348	5	521	25
348	5	626	29
349	5	521	25
349	5	626	29
349	5	1722	28
350	5	1826	28
350	5	2139	29
351	5	521	25
351	5	626	29
352	5	521	29
352	5	1095	28
353	5	521	25
353	5	626	29
354	5	521	29
354	5	782	27
354	5	1617	28
355	5	521	25
355	5	678	29
356	5	678	29
356	5	1461	28
357	5	521	25
357	5	678	29
358	5	834	30
358	5	1565	28
360	5	521	25
360	5	626	30
361	5	521	25
361	5	678	29
361	5	1930	28
362	5	939	28
362	5	1252	29
364	5	521	25
364	5	626	29
365	5	1461	28
365	5	1774	29
366	5	574	29
366	5	1200	28
367	5	521	25
367	5	574	29
367	5	2139	28
368	5	521	25
368	5	626	29
368	5	1878	28
369	5	521	25
369	5	626	29
369	5	1461	28
370	5	521	29
371	5	521	29
371	5	834	27
372	5	678	29
372	5	1356	28
373	5	782	29
374	5	1252	28
374	5	1565	29
375	5	1095	28
375	5	1408	29
376	5	521	25
376	5	626	29
377	5	1095	28
377	5	1408	29
378	5	887	30
378	5	1669	28
379	5	521	25
379	5	782	29
379	5	1722	28
380	5	521	25
380	5	730	30
381	5	521	25
381	5	678	30
382	5	521	25
382	5	678	29
383	5	1148	28
383	5	1461	29
384	5	521	25
384	5	678	29
385	5	521	25
385	5	730	30
386	5	469	29
387	5	521	25
387	5	626	29
387	5	1408	28
388	5	1878	28
388	5	2191	29
389	5	521	25
389	5	626	29
390	5	521	25
390	5	574	29
391	5	521	25
391	5	626	30
391	5	1774	28
392	5	782	29
392	5	1878	28
393	5	521	25
393	5	574	29
394	5	521	25
394	5	678	29
395	5	521	25
395	5	730	29
396	5	521	25
396	5	626	29
396	5	1617	28
397	5	1043	28
397	5	1356	29
398	5	521	29
399	5	521	29
399	5	782	27
400	5	521	25
400	5	678	29
401	5	1930	28
401	5	2243	29
402	5	521	25
402	5	730	30
403	5	1826	28
403	5	2139	29
404	5	574	25
404	5	730	30
405	5	991	28
405	5	1304	29
406	5	521	25
406	5	626	29
406	5	1565	28
407	5	991	28
407	5	1304	29
409	5	939	28
409	5	1252	29
410	5	730	29
410	5	1826	28
411	5	469	29
411	5	730	27
411	5	1722	28
411	5	2295	30
412	5	521	25
412	5	678	29
412	5	1617	28
412	5	1774	30
413	5	521	25
413	5	626	29
413	5	1669	28
413	5	1722	30
414	5	521	29
414	5	1043	28
415	5	521	25
415	5	678	29
416	5	1148	28
416	5	1461	29
417	5	521	25
417	5	574	29
417	5	1878	28
418	5	521	25
418	5	574	29
418	5	1356	28
419	5	469	29
419	5	939	28
420	5	730	29
420	5	1356	28
421	5	1826	28
421	5	2139	29
422	5	730	29
422	5	2243	28
423	5	939	28
423	5	1252	29
424	5	521	25
424	5	574	29
424	5	1304	28
424	5	1878	30
425	5	521	25
425	5	574	29
425	5	2191	28
426	5	939	28
426	5	1252	29
426	5	2243	25
427	5	1826	28
427	5	2139	29
428	5	521	25
428	5	626	29
429	5	469	29
429	5	1095	28
430	5	521	25
430	5	574	29
431	5	521	25
431	5	574	29
432	5	521	25
432	5	730	29
432	5	2191	28
433	5	521	25
433	5	730	30
433	5	1982	28
434	5	521	25
434	5	678	29
434	5	1826	28
434	5	2139	30
435	5	521	29
435	5	782	27
436	5	521	25
436	5	626	29
437	5	521	25
437	5	574	29
437	5	1982	28
438	5	521	29
438	5	1095	28
439	5	730	29
439	5	1930	28
440	5	574	29
440	5	1513	28
441	5	1513	28
441	5	1826	29
442	5	521	25
442	5	678	30
442	5	2087	28
443	5	626	29
444	5	1408	28
444	5	1722	29
445	5	521	25
445	5	626	29
445	5	2295	28
446	5	626	25
446	5	782	29
446	5	2295	28
447	5	1356	28
447	5	1669	29
448	5	834	29
449	5	1878	28
449	5	2191	29
450	5	2035	28
451	5	678	29
451	5	1148	28
452	5	521	29
452	5	939	28
453	5	521	25
453	5	574	29
453	5	1722	28
454	5	1148	28
454	5	1461	29
455	5	991	28
455	5	1304	29
455	5	2295	25
456	5	1095	28
456	5	1408	29
457	5	521	29
457	5	1408	28
458	5	1565	28
458	5	1878	29
459	5	678	30
460	5	521	25
460	5	626	29
461	5	521	29
461	5	782	27
462	5	521	29
462	5	1356	28
463	5	521	25
463	5	574	29
463	5	1408	28
464	5	782	29
464	5	1304	28
465	5	521	25
465	5	626	29
465	5	2035	28
466	5	521	25
466	5	574	29
467	5	521	29
467	5	782	27
468	5	521	25
468	5	626	29
469	5	521	25
469	5	574	29
469	5	2243	28
470	5	1252	28
470	5	1565	29
471	5	991	28
471	5	1304	29
472	5	521	29
472	5	834	27
473	5	521	25
473	5	626	29
473	5	1878	28
474	5	521	25
474	5	574	29
474	5	1356	28
475	5	730	29
475	5	1878	28
476	5	1148	28
476	5	1461	29
477	5	834	29
478	5	521	25
478	5	834	30
480	5	574	29
481	5	521	25
481	5	626	29
481	5	1304	28
482	5	521	25
482	5	782	29
483	5	1461	28
483	5	1774	29
484	5	1878	28
484	5	2191	29
485	5	991	28
485	5	1304	29
486	5	1095	28
486	5	1408	29
487	5	521	25
487	5	626	29
488	5	1095	28
488	5	1408	29
489	5	521	25
489	5	626	29
490	5	574	29
490	5	1148	28
491	5	521	25
491	5	730	29
491	5	1982	28
492	5	782	29
492	5	1304	28
493	5	574	29
494	5	521	25
494	5	574	29
495	5	730	29
495	5	1148	28
496	5	521	29
496	5	1095	28
497	5	521	29
497	5	782	27
498	5	521	25
498	5	678	29
499	5	521	25
499	5	574	29
500	5	521	25
500	5	574	29
500	5	1722	28
501	5	1095	28
501	5	1408	29
502	5	574	25
502	5	939	28
502	5	1252	29
503	5	521	25
503	5	626	29
503	5	1669	28
503	5	1774	30
505	5	1095	28
505	5	1408	29
506	5	939	29
506	5	1617	28
507	5	1148	28
507	5	1461	29
508	5	521	25
508	5	678	29
508	5	1878	28
508	5	2191	30
510	5	1826	28
510	5	2139	29
512	5	730	29
512	5	1200	28
513	5	730	30
513	5	1565	28
514	5	521	25
514	5	678	29
514	5	1878	28
515	5	521	25
515	5	574	29
515	5	2295	28
516	5	1095	28
516	5	1408	29
517	5	1095	28
517	5	1408	29
518	5	834	29
518	5	1356	28
519	5	521	29
519	5	939	28
520	5	521	25
520	5	626	29
520	5	2191	28
521	5	521	25
521	5	626	29
522	5	521	25
522	5	678	29
522	5	1513	28
523	5	521	25
523	5	678	29
524	5	1930	28
524	5	2243	29
525	5	521	25
525	5	626	30
525	5	1408	28
526	5	1826	28
526	5	2139	29
527	5	521	29
527	5	782	27
528	5	521	25
528	5	626	29
529	5	521	25
529	5	678	29
529	5	1617	28
530	5	1095	28
530	5	1408	29
531	5	991	28
531	5	1304	29
532	5	678	30
532	5	1617	28
533	5	1826	28
533	5	2139	29
534	5	521	25
534	5	678	29
534	5	2243	28
535	5	1304	28
535	5	1617	29
536	5	1095	28
536	5	1408	29
537	5	521	25
537	5	574	29
537	5	1722	28
538	5	521	29
538	5	782	27
539	5	521	25
539	5	626	29
540	5	678	30
541	5	521	29
541	5	887	27
542	5	834	29
542	5	1513	28
543	5	991	28
543	5	1304	29
544	5	521	29
544	5	991	28
544	5	2295	25
545	5	626	29
546	5	1043	28
546	5	1356	29
547	5	521	25
547	5	730	29
547	5	1461	28
548	5	1148	28
548	5	1461	29
549	5	1095	28
549	5	1408	29
550	5	521	29
550	5	782	27
550	5	1513	28
550	5	2191	25
551	5	521	29
551	5	782	27
551	5	1722	28
552	5	1148	28
552	5	1461	29
553	5	626	29
553	5	1356	28
554	5	521	29
554	5	782	27
555	5	521	29
555	5	782	27
555	5	1565	28
555	5	1826	30
555	5	2139	25
556	5	574	30
556	5	1304	28
557	5	1304	28
557	5	1617	29
558	5	469	29
558	5	834	27
559	5	834	29
559	5	1304	28
560	5	1148	28
560	5	1461	29
561	5	678	29
562	5	834	29
562	5	1304	28
563	5	521	29
563	5	1095	28
564	5	1148	28
564	5	1461	29
565	5	521	25
565	5	574	29
565	5	1304	28
565	5	2139	30
566	5	521	29
566	5	887	27
567	5	626	29
567	5	1513	28
568	5	521	25
568	5	574	29
569	5	626	29
569	5	1304	28
570	5	1095	28
570	5	1408	29
571	5	521	25
571	5	574	29
572	5	1252	28
572	5	1565	29
573	5	2243	28
574	5	521	25
574	5	730	29
575	5	521	25
575	5	574	29
575	5	1669	28
576	5	991	28
576	5	1304	29
577	5	521	25
577	5	678	29
578	5	887	30
578	5	1982	28
579	5	626	29
580	5	1878	28
580	5	2191	29
581	5	939	28
581	5	1252	29
581	5	2295	25
582	5	574	29
582	5	1461	28
583	5	521	25
583	5	678	29
583	5	1617	28
584	5	521	25
584	5	574	29
584	5	2035	28
585	5	521	25
585	5	574	29
585	5	1617	28
585	5	1722	30
586	5	521	25
586	5	574	29
586	5	1461	28
587	5	521	29
587	5	782	27
587	5	2295	28
588	5	521	25
588	5	574	29
588	5	2139	28
589	5	521	29
589	5	991	28
590	5	521	25
590	5	626	29
591	5	1252	28
591	5	1565	29
593	5	521	25
593	5	574	29
594	5	626	29
594	5	1722	28
595	5	521	25
595	5	626	29
595	5	1930	28
595	5	2139	30
596	5	574	29
596	5	1148	28
597	5	574	25
597	5	730	29
598	5	521	25
598	5	574	29
599	5	521	25
599	5	626	29
600	5	1461	28
600	5	1774	29
601	5	521	25
601	5	678	29
602	5	1095	28
602	5	1408	29
603	5	574	29
604	5	678	29
604	5	1304	28
605	5	991	28
605	5	1304	29
606	5	521	25
606	5	626	29
606	5	1617	28
607	5	521	29
607	5	782	27
607	5	2243	28
608	5	521	29
608	5	887	27
610	5	2035	28
611	5	574	29
611	5	1408	28
612	5	991	28
612	5	1304	29
613	5	991	28
613	5	1304	29
614	5	1043	28
614	5	1356	29
615	5	678	29
615	5	1461	28
616	5	939	29
616	5	1356	28
617	5	1826	28
617	5	2139	29
618	5	1878	28
618	5	2191	29
619	5	782	29
619	5	2087	28
620	5	521	25
620	5	626	29
621	5	782	29
621	5	1200	28
622	5	521	29
622	5	782	27
623	5	991	28
623	5	1304	29
624	5	521	29
624	5	887	27
625	5	991	28
625	5	1304	29
626	5	469	29
626	5	939	28
627	5	521	25
627	5	626	29
627	5	1722	28
628	5	521	25
628	5	574	29
628	5	1826	28
629	5	730	29
629	5	1878	28
630	5	678	29
630	5	1408	28
631	5	521	29
631	5	1095	28
632	5	521	25
632	5	626	29
632	5	2295	28
633	5	1200	28
633	5	1513	29
634	5	1043	28
634	5	1356	29
635	5	1200	28
635	5	1513	29
636	5	1930	28
636	5	2243	29
637	5	887	29
638	5	1304	28
638	5	1617	29
639	5	521	29
639	5	887	27
639	5	1617	28
640	5	574	30
641	5	521	29
642	5	1043	28
642	5	1356	29
643	5	2087	28
644	5	521	25
644	5	678	29
645	5	626	25
645	5	730	29
645	5	1669	28
646	5	521	25
646	5	626	29
647	5	1252	28
647	5	1565	29
648	5	678	29
648	5	1304	28
649	5	521	25
649	5	626	29
649	5	1722	28
650	5	1200	28
650	5	1513	29
651	5	521	25
651	5	678	29
652	5	521	25
652	5	626	29
652	5	1774	28
653	5	521	25
653	5	730	29
653	5	1930	28
654	5	521	29
654	5	1930	28
655	5	521	29
655	5	1304	28
656	5	521	29
656	5	1200	28
657	5	521	29
657	5	939	28
658	5	521	25
658	5	626	29
658	5	1461	28
659	5	1043	28
659	5	1356	29
660	5	678	29
661	5	521	25
661	5	626	29
661	5	1722	28
662	5	574	29
662	5	1148	28
663	5	887	29
663	5	1513	28
664	5	521	25
664	5	678	29
664	5	2087	28
665	5	521	25
665	5	678	29
666	5	521	25
666	5	678	29
667	5	521	29
667	5	834	27
668	5	782	29
668	5	1513	28
669	5	678	29
669	5	1356	28
670	5	678	29
670	5	1408	28
671	5	939	29
672	5	678	29
672	5	1826	28
673	5	626	29
673	5	1565	28
674	5	626	29
674	5	1200	28
675	5	991	28
675	5	1304	29
676	5	521	25
676	5	626	29
676	5	2191	28
677	5	678	29
677	5	1148	28
678	5	521	25
678	5	626	29
678	5	1982	28
679	5	1043	28
679	5	1356	29
680	5	887	29
680	5	1252	28
681	5	834	29
682	5	521	29
682	5	1617	28
683	5	1043	28
683	5	1356	29
684	5	939	28
684	5	1252	29
685	5	521	29
685	5	1878	28
686	5	521	25
686	5	626	29
687	5	1200	28
687	5	1513	29
688	5	1043	28
688	5	1356	29
689	5	991	28
689	5	1304	29
690	5	521	29
691	5	521	25
691	5	626	29
691	5	1461	28
692	5	521	29
692	5	1043	28
693	5	521	29
693	5	1095	28
694	5	521	25
694	5	730	29
695	5	521	25
695	5	574	29
696	5	730	29
696	5	1982	28
697	5	521	25
697	5	574	29
697	5	1669	28
698	5	1148	28
698	5	1461	29
699	5	521	29
699	5	1200	28
700	5	521	29
701	5	678	30
701	5	1408	28
702	5	521	29
703	5	521	29
703	5	834	27
704	5	1826	28
704	5	2139	29
705	5	834	29
705	5	1565	28
706	5	521	29
706	5	782	27
707	5	521	25
707	5	626	29
708	5	991	28
708	5	1304	29
709	5	521	29
709	5	991	28
710	5	521	29
710	5	939	28
711	5	939	28
711	5	1252	29
712	5	730	29
712	5	1356	28
713	5	1774	28
713	5	2087	29
714	5	521	25
714	5	678	29
715	5	626	29
715	5	1408	28
716	5	521	25
716	5	626	29
717	5	939	28
717	5	1252	29
717	5	2139	25
718	5	521	29
718	5	834	27
719	5	626	29
720	5	1826	28
720	5	2139	29
721	5	521	25
721	5	678	29
721	5	1722	28
722	5	521	29
722	5	782	27
722	5	1565	28
723	5	574	29
723	5	1930	28
724	5	574	29
724	5	2087	28
725	5	521	25
725	5	626	29
725	5	1565	28
726	5	521	29
726	5	1095	28
727	5	1043	28
727	5	1356	29
728	5	1513	28
728	5	1826	29
729	5	521	25
729	5	730	29
730	5	521	25
730	5	678	29
731	5	521	25
731	5	574	29
732	5	521	25
732	5	730	29
733	5	521	25
733	5	626	29
733	5	1513	28
734	5	521	29
734	5	782	27
735	5	1826	28
735	5	2139	29
736	5	887	30
737	5	521	25
737	5	626	29
737	5	1617	28
738	5	521	25
738	5	574	29
738	5	1408	28
738	5	2295	30
739	5	991	28
739	5	1304	29
740	5	2243	28
741	5	521	29
741	5	1408	28
742	5	521	25
742	5	678	29
742	5	1930	28
742	5	2295	30
743	5	521	25
743	5	574	29
744	5	1043	28
744	5	1356	29
745	5	834	29
745	5	2191	28
746	5	1095	28
746	5	1408	29
747	5	521	25
747	5	678	29
748	5	1878	28
748	5	2191	29
749	5	1043	28
749	5	1356	29
750	5	521	25
750	5	678	29
751	5	939	28
751	5	1252	29
752	5	730	29
752	5	1252	28
752	5	2243	25
753	5	521	25
753	5	626	30
753	5	2035	28
754	5	521	25
754	5	626	29
755	5	521	25
755	5	626	29
756	5	521	25
756	5	574	29
756	5	1304	28
757	5	1356	28
757	5	1669	29
758	5	521	25
758	5	626	29
759	5	1095	28
759	5	1408	29
760	5	521	29
760	5	2295	28
761	5	521	29
761	5	1617	28
762	5	521	25
762	5	574	29
763	5	1043	28
763	5	1356	29
764	5	521	25
764	5	782	29
765	5	521	29
765	5	782	27
766	5	521	25
766	5	626	29
767	5	991	28
767	5	1304	29
768	5	1200	28
768	5	1513	29
769	5	678	29
770	5	1826	28
770	5	2139	29
771	5	991	28
771	5	1304	29
772	5	626	29
772	5	1930	28
773	5	1200	28
773	5	1513	29
774	5	521	29
774	5	782	27
775	5	991	28
775	5	1304	29
776	5	521	29
776	5	782	27
776	5	1982	28
777	5	1878	28
777	5	2191	29
778	5	521	25
778	5	730	29
779	5	1826	28
779	5	2139	29
780	5	521	25
780	5	626	29
781	5	521	25
781	5	574	29
781	5	1617	28
782	5	521	29
782	5	1826	28
783	5	1200	28
783	5	1513	29
784	5	521	29
784	5	782	27
785	5	521	25
785	5	678	29
786	5	574	29
787	5	1095	28
787	5	1408	29
788	5	521	29
788	5	887	27
789	5	991	28
789	5	1304	29
790	5	678	29
790	5	1513	28
791	5	1148	28
791	5	1461	29
792	5	521	25
792	5	730	30
793	5	521	29
793	5	782	27
793	5	2243	28
794	5	521	25
794	5	574	29
795	5	1408	28
795	5	1722	29
796	5	1095	28
796	5	1408	29
797	5	521	25
797	5	626	29
798	5	782	29
798	5	1774	28
799	5	2035	28
800	5	1043	28
800	5	1356	29
801	5	1148	28
801	5	1461	29
802	5	521	29
802	5	1148	28
803	5	521	25
803	5	626	29
803	5	1617	28
804	5	521	29
804	5	1513	28
805	5	2139	28
806	5	1095	28
806	5	1408	29
807	5	521	25
807	5	678	29
807	5	1617	28
808	5	1826	28
808	5	2139	29
809	5	1513	28
809	5	1826	29
810	5	521	29
810	5	782	27
811	5	521	25
811	5	574	29
812	5	469	29
812	5	834	27
812	5	1930	28
813	5	521	25
813	5	887	30
814	5	521	25
814	5	887	30
815	5	469	29
815	5	782	27
816	5	991	28
816	5	1304	29
817	5	1930	28
817	5	2243	29
818	5	521	25
818	5	626	29
818	5	1878	28
819	5	1200	28
819	5	1513	29
820	5	521	25
820	5	626	30
821	5	1043	28
821	5	1356	29
822	5	521	25
822	5	574	29
823	5	521	25
823	5	678	29
823	5	1930	28
823	5	2295	30
824	5	939	28
824	5	1252	29
825	5	834	29
825	5	1304	28
826	5	782	29
826	5	1304	28
827	5	678	29
827	5	2295	28
828	5	991	28
828	5	1304	29
829	5	1826	28
829	5	2139	29
830	5	939	29
830	5	1617	28
831	5	521	29
831	5	939	28
831	5	2035	30
832	5	521	25
832	5	678	29
832	5	1878	28
832	5	2295	30
833	5	626	29
833	5	1565	28
834	5	521	25
834	5	678	29
834	5	1982	28
835	5	521	25
835	5	678	30
836	5	1878	28
836	5	2191	29
837	5	991	28
837	5	1304	29
838	5	469	29
838	5	782	27
838	5	1930	28
839	5	1148	28
839	5	1461	29
840	5	469	29
840	5	730	27
840	5	1617	28
841	5	521	29
841	5	939	28
842	5	626	29
842	5	1252	28
843	5	521	25
843	5	626	29
843	5	1774	28
843	5	2035	30
844	5	1043	28
844	5	1356	29
845	5	1095	28
845	5	1408	29
846	5	1200	28
846	5	1513	29
847	5	1043	28
847	5	1356	29
848	5	521	29
848	5	782	27
849	5	1826	28
849	5	2139	29
850	5	521	25
850	5	574	29
850	5	1252	28
851	5	1982	28
851	5	2295	29
852	5	678	29
853	5	1148	28
853	5	1461	29
854	5	991	28
854	5	1304	29
855	5	521	29
855	5	1982	28
856	5	521	25
856	5	730	29
857	5	1095	28
857	5	1408	29
858	5	521	25
858	5	834	30
859	5	678	29
860	5	1356	28
860	5	1669	29
861	5	521	25
861	5	678	29
862	5	1252	28
862	5	1565	29
863	5	521	29
863	5	887	27
864	5	521	29
864	5	782	27
864	5	1722	28
864	5	2243	25
865	5	521	29
865	5	834	27
866	5	521	25
866	5	626	29
867	5	574	29
867	5	1774	28
868	5	521	29
868	5	939	28
869	5	834	29
869	5	1200	28
870	5	991	28
870	5	1304	29
871	5	1043	28
871	5	1356	29
872	5	2295	28
873	5	521	25
873	5	574	29
874	5	730	30
875	5	469	29
875	5	991	28
876	5	521	25
876	5	626	29
877	5	521	25
877	5	574	29
877	5	1669	28
878	5	1043	28
878	5	1356	29
879	5	521	25
879	5	678	29
880	5	521	25
880	5	678	29
881	5	782	29
882	5	1095	28
882	5	1408	29
883	5	1356	28
883	5	1669	29
884	5	521	25
884	5	626	29
885	5	521	25
885	5	678	29
885	5	1722	28
886	5	730	29
886	5	1826	28
887	5	521	25
887	5	574	29
888	5	834	29
889	5	1095	28
889	5	1408	29
890	5	1095	28
890	5	1408	29
891	5	521	25
891	5	626	29
892	5	1304	28
892	5	1617	29
893	5	521	25
893	5	574	29
894	5	521	25
894	5	678	29
895	5	521	29
895	5	1722	28
896	5	521	25
896	5	678	29
897	5	521	29
897	5	834	27
898	5	521	29
898	5	887	27
898	5	1669	28
899	5	521	25
899	5	574	29
899	5	1356	28
900	5	782	29
900	5	1513	28
901	5	521	25
901	5	626	29
902	5	626	25
902	5	887	30
902	5	1669	28
903	5	469	29
903	5	887	27
903	5	1878	28
905	5	991	28
905	5	1304	29
906	5	521	29
906	5	834	27
907	5	1826	28
907	5	2139	29
908	5	521	25
908	5	626	29
909	5	1774	28
909	5	2087	29
910	5	991	28
910	5	1304	29
911	5	730	29
912	5	521	29
912	5	887	27
913	5	1043	28
913	5	1356	29
914	5	574	25
914	5	887	30
915	5	1043	28
915	5	1356	29
916	5	521	25
916	5	574	29
916	5	1408	28
917	5	521	25
917	5	834	30
918	5	1043	28
918	5	1356	29
919	5	1095	28
919	5	1408	29
920	5	626	29
920	5	1878	28
921	5	574	29
922	5	521	25
922	5	626	30
922	5	2191	28
923	5	1043	28
923	5	1356	29
924	5	521	29
924	5	939	28
925	5	521	25
925	5	678	29
926	5	521	25
926	5	574	29
926	5	1565	28
927	5	678	29
927	5	1304	28
929	5	521	25
929	5	626	29
929	5	1617	28
931	5	521	25
931	5	574	29
931	5	1722	28
932	5	730	30
932	5	1774	28
933	5	1095	28
933	5	1408	29
934	5	887	29
934	5	1461	28
935	5	469	29
935	5	887	27
936	5	574	29
936	5	1826	28
937	5	730	29
937	5	1930	28
938	5	834	29
938	5	1408	28
939	5	1043	28
939	5	1356	29
940	5	521	29
940	5	1095	28
941	5	521	29
941	5	782	27
941	5	1982	28
942	5	521	29
942	5	782	27
942	5	1774	28
943	5	521	29
944	5	521	29
944	5	1461	28
945	5	1252	28
945	5	1565	29
946	5	574	30
946	5	1669	28
947	5	521	25
947	5	626	29
947	5	1252	28
948	5	521	25
948	5	626	29
949	5	469	29
949	5	730	27
949	5	1461	28
950	5	521	25
950	5	678	29
951	5	2087	28
952	5	1513	28
952	5	1826	29
953	5	521	25
953	5	678	29
954	5	521	29
954	5	782	27
955	5	1774	28
955	5	2087	29
956	5	574	29
957	5	1200	28
957	5	1513	29
958	5	887	29
958	5	2191	28
959	5	1826	28
959	5	2139	29
960	5	521	25
960	5	678	29
961	5	521	25
961	5	626	29
961	5	1878	28
962	5	1878	28
962	5	2191	29
963	5	521	25
963	5	626	29
963	5	2139	28
964	5	521	29
964	5	834	27
964	5	1722	28
965	5	678	29
965	5	1356	28
966	5	521	25
966	5	574	29
966	5	1878	28
967	5	1148	28
967	5	1461	29
968	5	521	29
968	5	1565	28
969	5	521	29
969	5	1148	28
971	5	521	25
971	5	626	29
971	5	1669	28
972	5	521	25
972	5	574	29
972	5	1722	28
972	5	1774	30
973	5	521	29
974	5	521	29
974	5	2191	28
975	5	1095	28
975	5	1408	29
976	5	521	29
976	5	1043	28
977	5	1617	28
977	5	1930	29
978	5	521	29
978	5	887	27
979	5	1095	28
979	5	1408	29
980	5	1513	28
980	5	1826	29
981	5	782	29
981	5	1200	28
982	5	521	29
982	5	1565	28
983	5	521	25
983	5	574	29
984	5	887	29
984	5	1304	28
985	5	991	28
985	5	1304	29
986	5	1878	28
986	5	2191	29
987	5	991	28
987	5	1304	29
988	5	521	25
988	5	626	30
988	5	2295	28
989	5	521	25
989	5	574	29
990	5	1513	28
990	5	1826	29
992	5	1513	28
992	5	1826	29
993	5	730	29
994	5	1774	28
994	5	2087	29
995	5	521	25
995	5	626	29
996	5	1043	28
996	5	1356	29
997	5	1982	28
997	5	2295	29
998	5	521	29
998	5	991	28
998	5	2191	25
999	5	1148	28
999	5	1461	29
