Realization	utility	week	infra.
0	0	626	29
0	0	991	30
1	0	626	29
2	0	834	30
3	0	1356	29
4	0	834	30
5	0	730	30
6	0	1252	29
7	0	626	29
8	0	1043	30
9	0	2139	29
10	0	574	29
12	0	887	29
13	0	834	29
14	0	626	29
14	0	678	30
15	0	782	30
16	0	678	29
17	0	626	29
18	0	730	29
18	0	782	30
19	0	1982	29
20	0	834	30
21	0	626	29
21	0	678	30
22	0	678	29
23	0	730	30
24	0	730	30
25	0	1669	29
26	0	1095	30
27	0	678	30
28	0	469	29
29	0	574	29
30	0	1408	29
31	0	887	30
32	0	1304	29
33	0	782	30
34	0	469	29
34	0	2295	30
35	0	782	30
36	0	782	30
37	0	1826	30
38	0	939	30
39	0	887	30
40	0	574	29
40	0	1930	30
41	0	1408	29
42	0	1095	30
43	0	730	30
44	0	1669	29
45	0	1043	30
46	0	782	29
47	0	1252	29
48	0	2139	29
49	0	730	30
50	0	1617	29
51	0	1722	29
52	0	730	29
53	0	782	30
55	0	887	30
56	0	1356	29
57	0	521	29
57	0	887	30
58	0	939	30
59	0	678	29
60	0	887	29
61	0	730	29
62	0	834	30
63	0	469	29
63	0	939	30
64	0	2087	29
65	0	469	29
66	0	1408	29
67	0	1148	30
68	0	1565	29
69	0	626	29
70	0	730	30
71	0	1304	29
73	0	1722	29
74	0	574	29
75	0	678	29
76	0	1461	29
77	0	1513	29
78	0	1408	29
79	0	1617	29
80	0	730	29
81	0	939	30
82	0	1304	30
83	0	834	29
84	0	887	30
85	0	1722	29
86	0	834	29
87	0	678	30
88	0	1408	29
89	0	574	29
90	0	1408	29
91	0	991	30
92	0	730	30
93	0	1408	29
94	0	1878	29
95	0	626	29
96	0	782	29
97	0	1356	29
98	0	1722	29
99	0	782	29
100	0	1408	29
101	0	939	30
102	0	991	30
103	0	626	29
104	0	991	30
106	0	469	29
106	0	1878	30
107	0	574	29
107	0	2295	30
108	0	730	30
109	0	1356	29
110	0	626	29
111	0	1565	30
112	0	521	29
113	0	678	30
114	0	1200	30
115	0	1461	29
116	0	1513	29
117	0	1513	29
118	0	1356	29
119	0	1356	29
120	0	1408	30
121	0	1356	29
122	0	678	29
123	0	2087	29
124	0	678	29
125	0	834	30
126	0	626	30
127	0	626	29
127	0	939	30
128	0	678	30
129	0	1252	29
130	0	834	30
131	0	939	30
132	0	574	29
133	0	991	30
134	0	1304	30
135	0	730	30
136	0	574	29
136	0	626	30
137	0	469	29
137	0	939	30
138	0	626	29
138	0	2087	30
139	0	730	29
139	0	1982	30
140	0	1826	29
141	0	521	29
141	0	939	30
142	0	574	29
143	0	1408	29
145	0	1356	29
146	0	782	30
147	0	939	30
148	0	1408	29
149	0	730	29
149	0	782	30
150	0	782	30
151	0	626	29
152	0	834	30
153	0	1461	30
154	0	678	29
155	0	574	29
155	0	887	30
156	0	678	30
158	0	887	30
159	0	574	29
159	0	2191	30
160	0	1148	30
161	0	1669	29
162	0	834	29
163	0	834	29
164	0	782	29
165	0	782	30
166	0	1930	29
167	0	1304	29
169	0	626	29
170	0	626	29
171	0	626	29
172	0	1252	29
173	0	1408	29
174	0	574	29
175	0	887	30
176	0	521	29
177	0	1774	29
178	0	2191	29
179	0	834	30
180	0	1252	29
181	0	678	29
181	0	730	30
182	0	521	29
183	0	730	30
184	0	834	29
185	0	834	30
186	0	2243	29
187	0	469	29
188	0	834	29
189	0	1095	30
190	0	1252	29
191	0	678	29
192	0	1304	29
193	0	991	30
194	0	2087	30
196	0	626	29
196	0	678	30
198	0	991	30
199	0	730	30
200	0	1304	29
201	0	1774	29
202	0	730	29
203	0	521	29
204	0	834	29
204	0	887	30
205	0	1408	29
206	0	626	29
206	0	678	30
207	0	626	29
208	0	678	30
209	0	2295	29
210	0	887	30
211	0	1617	29
212	0	574	29
213	0	1722	29
214	0	574	29
215	0	1356	29
216	0	730	29
217	0	1356	29
218	0	887	30
219	0	2191	29
220	0	1461	29
221	0	469	29
221	0	939	30
222	0	2087	29
223	0	574	29
224	0	574	29
225	0	678	29
225	0	2035	30
226	0	782	30
227	0	1095	30
228	0	626	30
229	0	521	29
230	0	678	30
231	0	626	29
231	0	678	30
232	0	678	29
233	0	1408	29
235	0	1617	29
236	0	678	29
237	0	626	29
238	0	834	29
239	0	1304	29
240	0	678	30
241	0	469	29
242	0	991	30
243	0	626	29
243	0	678	30
244	0	678	29
244	0	730	30
245	0	1304	29
246	0	2139	29
248	0	678	29
249	0	678	30
250	0	626	29
250	0	2243	30
251	0	939	30
252	0	1461	29
253	0	521	29
255	0	730	29
256	0	521	29
257	0	1304	29
258	0	626	29
259	0	730	30
260	0	782	30
262	0	678	29
263	0	574	29
264	0	887	29
265	0	782	30
266	0	1095	30
267	0	678	30
268	0	782	29
269	0	678	29
270	0	521	29
271	0	834	30
272	0	678	30
274	0	1304	29
275	0	1617	29
276	0	2243	29
277	0	2035	30
278	0	1565	29
279	0	1356	29
280	0	521	29
282	0	1617	29
283	0	1356	29
284	0	626	29
284	0	1148	30
285	0	1304	29
286	0	521	29
286	0	939	30
287	0	1356	29
288	0	834	29
288	0	887	30
289	0	834	29
291	0	1669	30
292	0	1565	29
293	0	521	29
293	0	834	30
294	0	574	29
295	0	887	29
296	0	730	30
297	0	1356	29
298	0	574	29
299	0	730	29
300	0	782	29
301	0	521	29
302	0	626	29
303	0	469	29
303	0	834	30
304	0	678	30
306	0	678	30
307	0	1930	30
308	0	469	29
308	0	939	30
309	0	521	29
309	0	834	30
310	0	834	30
311	0	574	29
312	0	782	29
313	0	1408	30
314	0	1408	29
315	0	1095	30
316	0	2191	29
317	0	1408	29
318	0	1513	29
319	0	1774	29
320	0	1408	29
321	0	626	29
322	0	574	30
323	0	1982	29
324	0	1408	29
325	0	1356	29
326	0	574	29
326	0	887	30
327	0	1304	29
328	0	574	29
329	0	1513	29
330	0	521	29
331	0	678	29
332	0	626	29
333	0	678	29
334	0	1356	29
335	0	574	29
335	0	887	30
336	0	678	29
337	0	626	29
338	0	834	29
339	0	730	29
340	0	1304	29
341	0	1356	29
342	0	521	29
343	0	626	29
344	0	2139	29
345	0	1304	29
346	0	887	30
347	0	730	29
348	0	626	29
349	0	730	30
350	0	2139	29
351	0	939	30
352	0	834	30
353	0	730	30
354	0	626	30
355	0	887	30
356	0	574	29
357	0	730	30
358	0	782	29
360	0	1617	30
361	0	991	30
362	0	1252	29
364	0	678	29
365	0	1669	29
366	0	469	29
367	0	521	29
368	0	626	29
368	0	1878	30
369	0	730	30
370	0	626	29
371	0	782	29
372	0	1095	30
373	0	730	29
374	0	1565	29
375	0	1408	29
376	0	939	30
377	0	1408	29
378	0	887	29
379	0	730	29
380	0	1930	30
381	0	1304	30
382	0	730	29
383	0	1408	29
384	0	887	30
385	0	1095	30
386	0	834	30
387	0	834	30
388	0	2191	29
389	0	730	30
390	0	626	29
391	0	782	30
392	0	678	29
393	0	521	29
393	0	834	30
394	0	1252	30
395	0	1043	30
396	0	678	29
396	0	1148	30
397	0	1356	29
399	0	678	30
400	0	991	30
401	0	2243	29
402	0	1043	30
403	0	2139	29
404	0	1148	30
405	0	1252	29
406	0	834	30
407	0	1304	29
409	0	834	29
410	0	678	29
411	0	678	29
411	0	730	30
412	0	626	29
412	0	939	30
413	0	574	29
413	0	1826	30
414	0	887	30
415	0	678	29
416	0	1461	29
417	0	730	30
418	0	991	30
419	0	730	30
420	0	574	29
421	0	2139	29
422	0	678	29
423	0	782	29
424	0	678	30
425	0	1043	30
426	0	887	29
426	0	2191	30
427	0	2191	29
428	0	730	30
429	0	417	29
429	0	834	30
430	0	574	29
431	0	574	29
432	0	834	29
432	0	887	30
433	0	1461	29
434	0	782	29
434	0	834	30
435	0	626	30
436	0	730	29
436	0	782	30
437	0	730	29
437	0	782	30
438	0	417	29
438	0	939	30
439	0	678	29
440	0	469	29
440	0	939	30
441	0	1826	29
442	0	1148	30
443	0	469	29
444	0	1617	29
445	0	574	29
446	0	1878	30
447	0	1617	29
448	0	730	29
449	0	2191	29
451	0	521	29
451	0	1982	30
452	0	887	30
453	0	574	29
453	0	1826	30
454	0	1461	29
455	0	1304	29
455	0	2295	30
456	0	1408	29
457	0	469	29
458	0	1722	29
459	0	678	29
460	0	626	29
461	0	626	30
462	0	1095	30
463	0	939	30
464	0	678	29
465	0	678	29
466	0	678	29
466	0	730	30
467	0	678	30
468	0	678	29
469	0	521	29
469	0	834	30
470	0	1565	29
471	0	1252	29
472	0	834	30
473	0	1095	30
474	0	782	29
474	0	834	30
475	0	678	29
476	0	1408	29
477	0	730	29
478	0	1095	30
480	0	1774	30
481	0	887	30
482	0	939	30
483	0	1774	29
484	0	2191	29
485	0	1304	29
486	0	1408	29
487	0	574	29
488	0	1408	29
489	0	626	29
490	0	521	29
490	0	2035	30
491	0	1200	30
492	0	730	29
492	0	2191	30
493	0	521	29
494	0	834	29
495	0	574	29
496	0	1043	30
497	0	678	30
498	0	1043	30
499	0	782	30
500	0	678	30
501	0	1408	29
502	0	1148	30
503	0	626	29
503	0	1878	30
504	0	2035	29
505	0	1408	29
506	0	834	29
507	0	1722	29
508	0	730	29
508	0	2191	30
510	0	2139	29
512	0	678	29
512	0	2139	30
513	0	730	29
514	0	782	30
515	0	574	29
515	0	887	30
516	0	1408	29
517	0	1408	29
518	0	678	29
519	0	834	30
520	0	574	29
521	0	730	29
521	0	782	30
522	0	1095	30
523	0	730	29
523	0	782	30
524	0	2191	29
525	0	1252	29
525	0	2295	30
526	0	2139	29
527	0	678	30
528	0	574	29
529	0	678	29
529	0	1095	30
530	0	1408	29
531	0	1304	29
532	0	678	29
533	0	2139	29
534	0	626	29
534	0	2035	30
535	0	1669	29
536	0	1408	29
537	0	1095	30
538	0	678	29
539	0	626	29
540	0	1252	29
541	0	730	30
542	0	730	29
543	0	1304	29
544	0	782	30
545	0	574	29
546	0	1356	29
547	0	939	30
548	0	1408	29
549	0	1408	29
550	0	678	29
550	0	730	30
551	0	678	30
552	0	1461	29
553	0	521	29
554	0	626	30
555	0	521	29
555	0	887	30
556	0	574	29
557	0	1565	29
558	0	678	30
559	0	782	29
560	0	1408	29
561	0	574	29
562	0	730	29
563	0	1356	29
564	0	1408	29
565	0	782	29
565	0	834	30
566	0	782	30
567	0	469	29
568	0	678	30
569	0	678	29
570	0	1408	29
571	0	521	29
571	0	939	30
572	0	1513	29
575	0	521	29
575	0	887	30
576	0	1304	29
577	0	626	29
578	0	782	29
579	0	574	29
580	0	2035	29
581	0	887	29
581	0	2243	30
582	0	1148	30
583	0	678	29
583	0	1826	30
584	0	521	29
585	0	626	29
585	0	1043	30
586	0	1095	30
587	0	469	29
587	0	834	30
588	0	939	30
589	0	887	30
590	0	782	30
591	0	1513	29
593	0	1252	30
594	0	574	29
595	0	730	29
595	0	1982	30
596	0	521	29
597	0	1513	30
598	0	521	29
598	0	834	30
599	0	626	29
600	0	1669	29
601	0	782	30
602	0	1356	29
603	0	521	29
604	0	574	29
604	0	2243	30
605	0	1304	29
606	0	1043	30
607	0	626	30
608	0	887	29
611	0	521	29
612	0	1304	29
613	0	1356	29
614	0	1356	29
615	0	574	29
616	0	834	29
617	0	2139	29
618	0	2191	29
619	0	730	29
620	0	678	29
621	0	730	29
622	0	626	30
623	0	887	29
624	0	834	30
625	0	1304	29
626	0	887	29
627	0	939	30
628	0	1095	30
629	0	626	29
630	0	574	29
631	0	939	30
632	0	574	29
633	0	1617	29
634	0	1356	29
635	0	1461	29
636	0	2243	29
637	0	782	29
638	0	2087	29
639	0	782	30
640	0	574	29
641	0	1043	30
642	0	1356	29
644	0	887	30
645	0	1148	30
646	0	626	29
647	0	1461	29
648	0	1148	30
649	0	834	29
649	0	887	30
650	0	1513	29
651	0	939	30
652	0	1043	30
653	0	991	30
654	0	626	29
655	0	521	29
656	0	469	29
656	0	939	30
657	0	887	29
657	0	939	30
658	0	887	29
658	0	939	30
659	0	1304	29
660	0	574	29
661	0	834	29
662	0	1095	30
663	0	782	29
664	0	730	30
665	0	730	29
665	0	782	30
666	0	626	29
667	0	730	30
668	0	730	29
669	0	1356	30
670	0	626	29
671	0	887	29
672	0	626	29
673	0	521	29
674	0	1095	30
675	0	1252	29
676	0	574	29
677	0	574	29
678	0	730	30
679	0	1304	29
680	0	782	29
681	0	678	29
682	0	887	30
683	0	1356	29
684	0	834	29
685	0	991	30
686	0	834	30
687	0	1461	29
688	0	1356	29
689	0	1304	29
690	0	991	30
691	0	834	29
691	0	887	30
692	0	991	30
693	0	469	29
693	0	887	30
694	0	939	30
695	0	574	29
696	0	678	29
697	0	782	30
698	0	1565	29
699	0	469	29
699	0	939	30
700	0	1043	30
701	0	678	29
701	0	2243	30
702	0	991	30
703	0	469	29
704	0	2139	29
705	0	782	29
706	0	678	30
707	0	834	30
708	0	1304	29
709	0	887	30
710	0	887	29
710	0	939	30
711	0	1252	29
711	0	2295	30
712	0	626	29
713	0	1722	29
714	0	678	29
715	0	574	29
716	0	574	29
717	0	834	29
717	0	2139	30
718	0	782	29
718	0	834	30
719	0	626	29
720	0	2139	29
721	0	1148	30
722	0	469	29
722	0	887	30
723	0	521	29
724	0	521	29
725	0	834	30
726	0	469	29
727	0	1356	29
728	0	2035	29
729	0	834	30
730	0	1148	30
731	0	678	29
731	0	730	30
732	0	887	30
733	0	834	29
733	0	887	30
734	0	730	30
735	0	2139	29
736	0	730	29
737	0	782	30
738	0	887	30
739	0	1304	29
741	0	939	30
742	0	626	29
742	0	2035	30
743	0	574	29
743	0	939	30
744	0	1356	29
745	0	782	29
746	0	1408	29
747	0	1252	30
748	0	2139	29
749	0	1356	29
750	0	626	29
751	0	887	29
752	0	678	29
752	0	2191	30
753	0	730	29
753	0	782	30
754	0	574	29
755	0	730	29
755	0	782	30
756	0	782	29
756	0	834	30
757	0	1669	29
758	0	626	29
759	0	1408	29
760	0	469	29
760	0	939	30
761	0	469	29
762	0	1095	30
763	0	1356	29
765	0	730	29
765	0	782	30
766	0	887	30
767	0	1304	29
768	0	1513	29
769	0	626	29
770	0	2139	29
771	0	1304	29
772	0	574	29
773	0	1513	29
774	0	626	30
775	0	1304	29
776	0	678	30
777	0	2139	29
778	0	678	29
779	0	2139	29
780	0	2191	29
781	0	574	29
782	0	887	30
783	0	1461	29
784	0	730	30
785	0	782	30
786	0	521	29
787	0	1408	29
788	0	782	30
789	0	1304	29
790	0	574	29
791	0	1408	29
792	0	887	30
793	0	678	29
793	0	730	30
794	0	521	29
794	0	939	30
795	0	1513	29
796	0	1408	29
797	0	730	29
798	0	730	29
800	0	1408	29
801	0	1408	29
802	0	834	30
803	0	939	30
804	0	1095	30
806	0	1408	29
807	0	626	29
807	0	1878	30
808	0	2139	29
809	0	1826	29
810	0	678	29
810	0	730	30
811	0	626	29
812	0	782	29
812	0	834	30
813	0	1356	30
815	0	626	30
816	0	887	29
817	0	2243	29
818	0	991	30
819	0	1513	29
820	0	1878	30
821	0	1356	29
822	0	678	29
822	0	730	30
823	0	626	29
823	0	2087	30
824	0	1252	29
825	0	730	29
826	0	678	29
827	0	574	29
828	0	1408	29
829	0	2139	29
830	0	887	29
831	0	939	30
832	0	730	29
832	0	2035	30
833	0	1356	29
834	0	678	29
834	0	2139	30
835	0	1043	30
836	0	2191	29
837	0	1304	29
838	0	730	30
839	0	1461	29
840	0	574	30
841	0	834	30
842	0	574	29
842	0	2295	30
843	0	678	29
843	0	730	30
844	0	1304	29
845	0	1356	29
846	0	1513	29
847	0	1356	29
848	0	521	29
848	0	834	30
849	0	2139	29
850	0	782	29
851	0	2295	29
852	0	626	29
853	0	1408	29
854	0	1304	29
855	0	834	30
856	0	1095	30
857	0	1408	29
858	0	1408	29
859	0	626	29
860	0	1617	29
861	0	834	29
861	0	887	30
862	0	1565	29
863	0	834	29
863	0	887	30
864	0	626	30
865	0	730	30
866	0	574	29
867	0	1408	30
868	0	782	30
869	0	730	29
870	0	1304	29
871	0	1304	29
873	0	678	29
873	0	730	30
875	0	991	30
876	0	730	30
877	0	678	30
878	0	1356	29
879	0	1095	30
880	0	626	29
881	0	678	29
882	0	1408	29
883	0	1722	29
884	0	834	30
885	0	678	29
886	0	626	29
887	0	991	30
888	0	730	29
889	0	1408	29
890	0	1408	29
891	0	834	29
891	0	887	30
892	0	1565	29
893	0	887	30
894	0	939	30
895	0	417	29
895	0	887	30
896	0	626	29
897	0	678	30
898	0	834	30
899	0	626	29
900	0	678	29
901	0	574	29
901	0	887	30
902	0	1200	30
903	0	678	30
905	0	1304	29
906	0	678	30
907	0	2139	29
908	0	782	30
909	0	2087	29
910	0	1304	29
911	0	678	29
912	0	834	29
912	0	887	30
913	0	1408	29
914	0	1043	30
915	0	1356	29
916	0	626	29
917	0	834	30
918	0	1356	29
919	0	1408	29
920	0	574	29
921	0	521	29
922	0	1617	30
923	0	1356	29
924	0	887	29
924	0	939	30
925	0	730	30
926	0	1043	30
927	0	626	29
929	0	678	29
930	0	834	29
931	0	574	29
931	0	2087	30
932	0	1252	29
933	0	1408	29
934	0	782	29
935	0	678	30
936	0	521	29
937	0	626	29
938	0	782	29
939	0	1304	29
940	0	782	30
941	0	678	29
941	0	730	30
942	0	626	30
943	0	521	29
944	0	469	29
945	0	1513	29
946	0	521	29
947	0	678	29
947	0	1930	30
948	0	730	29
948	0	782	30
949	0	574	30
950	0	626	29
951	0	2139	29
952	0	1930	29
953	0	626	29
954	0	521	29
955	0	1252	29
957	0	1461	29
958	0	782	29
959	0	2295	29
960	0	991	30
961	0	887	30
962	0	2191	29
963	0	730	30
964	0	782	29
965	0	626	29
966	0	521	29
967	0	1408	29
968	0	887	30
969	0	469	29
971	0	887	29
971	0	939	30
972	0	626	29
972	0	1878	30
973	0	469	29
973	0	887	30
974	0	991	30
975	0	1356	29
976	0	1043	30
977	0	1722	29
978	0	782	29
978	0	834	30
979	0	1408	29
980	0	1774	29
981	0	678	29
982	0	782	30
983	0	574	29
984	0	782	29
985	0	1304	29
987	0	1252	29
988	0	887	30
989	0	574	29
990	0	1774	29
992	0	1774	29
993	0	574	29
994	0	2139	29
995	0	574	29
996	0	1356	29
998	0	1252	29
998	0	2191	30
999	0	1461	29
0	1	626	29
0	1	991	30
1	1	626	29
2	1	834	30
3	1	1356	29
4	1	834	30
5	1	730	30
6	1	1252	29
7	1	626	29
8	1	1043	30
9	1	2139	29
10	1	574	29
12	1	887	29
13	1	834	29
14	1	626	29
14	1	678	30
15	1	782	30
16	1	678	29
17	1	626	29
18	1	730	29
18	1	782	30
19	1	1982	29
20	1	834	30
21	1	626	29
21	1	678	30
22	1	678	29
23	1	730	30
24	1	730	30
25	1	1669	29
26	1	1095	30
27	1	678	30
28	1	469	29
29	1	574	29
30	1	1408	29
31	1	887	30
32	1	1304	29
33	1	782	30
34	1	469	29
34	1	2295	30
35	1	782	30
36	1	782	30
37	1	1826	30
38	1	939	30
39	1	887	30
40	1	574	29
40	1	1930	30
41	1	1408	29
42	1	1095	30
43	1	730	30
44	1	1669	29
45	1	1043	30
46	1	782	29
47	1	1252	29
48	1	2139	29
49	1	730	30
50	1	1617	29
51	1	1722	29
52	1	730	29
53	1	782	30
55	1	887	30
56	1	1356	29
57	1	521	29
57	1	887	30
58	1	939	30
59	1	678	29
60	1	887	29
61	1	730	29
62	1	834	30
63	1	469	29
63	1	939	30
64	1	2087	29
65	1	469	29
66	1	1408	29
67	1	1148	30
68	1	1565	29
69	1	626	29
70	1	730	30
71	1	1304	29
73	1	1722	29
74	1	574	29
75	1	678	29
76	1	1461	29
77	1	1513	29
78	1	1408	29
79	1	1617	29
80	1	730	29
81	1	939	30
82	1	1304	30
83	1	834	29
84	1	887	30
85	1	1722	29
86	1	834	29
87	1	678	30
88	1	1408	29
89	1	574	29
90	1	1408	29
91	1	991	30
92	1	730	30
93	1	1408	29
94	1	1878	29
95	1	626	29
96	1	782	29
97	1	1356	29
98	1	1722	29
99	1	782	29
100	1	1408	29
101	1	939	30
102	1	991	30
103	1	626	29
104	1	991	30
106	1	469	29
106	1	1878	30
107	1	574	29
107	1	2295	30
108	1	730	30
109	1	1356	29
110	1	626	29
111	1	1565	30
112	1	521	29
113	1	678	30
114	1	1200	30
115	1	1461	29
116	1	1513	29
117	1	1513	29
118	1	1356	29
119	1	1356	29
120	1	1408	30
121	1	1356	29
122	1	678	29
123	1	2087	29
124	1	678	29
125	1	834	30
126	1	626	30
127	1	626	29
127	1	939	30
128	1	678	30
129	1	1252	29
130	1	834	30
131	1	939	30
132	1	574	29
133	1	991	30
134	1	1304	30
135	1	730	30
136	1	574	29
136	1	626	30
137	1	469	29
137	1	939	30
138	1	626	29
138	1	2087	30
139	1	730	29
139	1	1982	30
140	1	1826	29
141	1	521	29
141	1	939	30
142	1	574	29
143	1	1408	29
145	1	1356	29
146	1	782	30
147	1	939	30
148	1	1408	29
149	1	730	29
149	1	782	30
150	1	782	30
151	1	626	29
152	1	834	30
153	1	1461	30
154	1	678	29
155	1	574	29
155	1	887	30
156	1	678	30
158	1	887	30
159	1	574	29
159	1	2191	30
160	1	1148	30
161	1	1669	29
162	1	834	29
163	1	834	29
164	1	782	29
165	1	782	30
166	1	1930	29
167	1	1304	29
169	1	626	29
170	1	626	29
171	1	626	29
172	1	1252	29
173	1	1408	29
174	1	574	29
175	1	887	30
176	1	521	29
177	1	1774	29
178	1	2191	29
179	1	834	30
180	1	1252	29
181	1	678	29
181	1	730	30
182	1	521	29
183	1	730	30
184	1	834	29
185	1	834	30
186	1	2243	29
187	1	469	29
188	1	834	29
189	1	1095	30
190	1	1252	29
191	1	678	29
192	1	1304	29
193	1	991	30
194	1	2087	30
196	1	626	29
196	1	678	30
198	1	991	30
199	1	730	30
200	1	1304	29
201	1	1774	29
202	1	730	29
203	1	521	29
204	1	834	29
204	1	887	30
205	1	1408	29
206	1	626	29
206	1	678	30
207	1	626	29
208	1	678	30
209	1	2295	29
210	1	887	30
211	1	1617	29
212	1	574	29
213	1	1722	29
214	1	574	29
215	1	1356	29
216	1	730	29
217	1	1356	29
218	1	887	30
219	1	2191	29
220	1	1461	29
221	1	469	29
221	1	939	30
222	1	2087	29
223	1	574	29
224	1	574	29
225	1	678	29
225	1	2035	30
226	1	782	30
227	1	1095	30
228	1	626	30
229	1	521	29
230	1	678	30
231	1	626	29
231	1	678	30
232	1	678	29
233	1	1408	29
235	1	1617	29
236	1	678	29
237	1	626	29
238	1	834	29
239	1	1304	29
240	1	678	30
241	1	469	29
242	1	991	30
243	1	626	29
243	1	678	30
244	1	678	29
244	1	730	30
245	1	1304	29
246	1	2139	29
248	1	678	29
249	1	678	30
250	1	626	29
250	1	2243	30
251	1	939	30
252	1	1461	29
253	1	521	29
255	1	730	29
256	1	521	29
257	1	1304	29
258	1	626	29
259	1	730	30
260	1	782	30
262	1	678	29
263	1	574	29
264	1	887	29
265	1	782	30
266	1	1095	30
267	1	678	30
268	1	782	29
269	1	678	29
270	1	521	29
271	1	834	30
272	1	678	30
274	1	1304	29
275	1	1617	29
276	1	2243	29
277	1	2035	30
278	1	1565	29
279	1	1356	29
280	1	521	29
282	1	1617	29
283	1	1356	29
284	1	626	29
284	1	1148	30
285	1	1304	29
286	1	521	29
286	1	939	30
287	1	1356	29
288	1	834	29
288	1	887	30
289	1	834	29
291	1	1669	30
292	1	1565	29
293	1	521	29
293	1	834	30
294	1	574	29
295	1	887	29
296	1	730	30
297	1	1356	29
298	1	574	29
299	1	730	29
300	1	782	29
301	1	521	29
302	1	626	29
303	1	469	29
303	1	834	30
304	1	678	30
306	1	678	30
307	1	1930	30
308	1	469	29
308	1	939	30
309	1	521	29
309	1	834	30
310	1	834	30
311	1	574	29
312	1	782	29
313	1	1408	30
314	1	1408	29
315	1	1095	30
316	1	2191	29
317	1	1408	29
318	1	1513	29
319	1	1774	29
320	1	1408	29
321	1	626	29
322	1	574	30
323	1	1982	29
324	1	1408	29
325	1	1356	29
326	1	574	29
326	1	887	30
327	1	1304	29
328	1	574	29
329	1	1513	29
330	1	521	29
331	1	678	29
332	1	626	29
333	1	678	29
334	1	1356	29
335	1	574	29
335	1	887	30
336	1	678	29
337	1	626	29
338	1	834	29
339	1	730	29
340	1	1304	29
341	1	1356	29
342	1	521	29
343	1	626	29
344	1	2139	29
345	1	1304	29
346	1	887	30
347	1	730	29
348	1	626	29
349	1	730	30
350	1	2139	29
351	1	939	30
352	1	834	30
353	1	730	30
354	1	626	30
355	1	887	30
356	1	574	29
357	1	730	30
358	1	782	29
360	1	1617	30
361	1	991	30
362	1	1252	29
364	1	678	29
365	1	1669	29
366	1	469	29
367	1	521	29
368	1	626	29
368	1	1878	30
369	1	730	30
370	1	626	29
371	1	782	29
372	1	1095	30
373	1	730	29
374	1	1565	29
375	1	1408	29
376	1	939	30
377	1	1408	29
378	1	887	29
379	1	730	29
380	1	1930	30
381	1	1304	30
382	1	730	29
383	1	1408	29
384	1	887	30
385	1	1095	30
386	1	834	30
387	1	834	30
388	1	2191	29
389	1	730	30
390	1	626	29
391	1	782	30
392	1	678	29
393	1	521	29
393	1	834	30
394	1	1252	30
395	1	1043	30
396	1	678	29
396	1	1148	30
397	1	1356	29
399	1	678	30
400	1	991	30
401	1	2243	29
402	1	1043	30
403	1	2139	29
404	1	1148	30
405	1	1252	29
406	1	834	30
407	1	1304	29
409	1	834	29
410	1	678	29
411	1	678	29
411	1	730	30
412	1	626	29
412	1	939	30
413	1	574	29
413	1	1826	30
414	1	887	30
415	1	678	29
416	1	1461	29
417	1	730	30
418	1	991	30
419	1	730	30
420	1	574	29
421	1	2139	29
422	1	678	29
423	1	782	29
424	1	678	30
425	1	1043	30
426	1	887	29
426	1	2191	30
427	1	2191	29
428	1	730	30
429	1	417	29
429	1	834	30
430	1	574	29
431	1	574	29
432	1	834	29
432	1	887	30
433	1	1461	29
434	1	782	29
434	1	834	30
435	1	626	30
436	1	730	29
436	1	782	30
437	1	730	29
437	1	782	30
438	1	417	29
438	1	939	30
439	1	678	29
440	1	469	29
440	1	939	30
441	1	1826	29
442	1	1148	30
443	1	469	29
444	1	1617	29
445	1	574	29
446	1	1878	30
447	1	1617	29
448	1	730	29
449	1	2191	29
451	1	521	29
451	1	1982	30
452	1	887	30
453	1	574	29
453	1	1826	30
454	1	1461	29
455	1	1304	29
455	1	2295	30
456	1	1408	29
457	1	469	29
458	1	1722	29
459	1	678	29
460	1	626	29
461	1	626	30
462	1	1095	30
463	1	939	30
464	1	678	29
465	1	678	29
466	1	678	29
466	1	730	30
467	1	678	30
468	1	678	29
469	1	521	29
469	1	834	30
470	1	1565	29
471	1	1252	29
472	1	834	30
473	1	1095	30
474	1	782	29
474	1	834	30
475	1	678	29
476	1	1408	29
477	1	730	29
478	1	1095	30
480	1	1774	30
481	1	887	30
482	1	939	30
483	1	1774	29
484	1	2191	29
485	1	1304	29
486	1	1408	29
487	1	574	29
488	1	1408	29
489	1	626	29
490	1	521	29
490	1	2035	30
491	1	1200	30
492	1	730	29
492	1	2191	30
493	1	521	29
494	1	834	29
495	1	574	29
496	1	1043	30
497	1	678	30
498	1	1043	30
499	1	782	30
500	1	678	30
501	1	1408	29
502	1	1148	30
503	1	626	29
503	1	1878	30
504	1	2035	29
505	1	1408	29
506	1	834	29
507	1	1722	29
508	1	730	29
508	1	2191	30
510	1	2139	29
512	1	678	29
512	1	2139	30
513	1	730	29
514	1	782	30
515	1	574	29
515	1	887	30
516	1	1408	29
517	1	1408	29
518	1	678	29
519	1	834	30
520	1	574	29
521	1	730	29
521	1	782	30
522	1	1095	30
523	1	730	29
523	1	782	30
524	1	2191	29
525	1	1252	29
525	1	2295	30
526	1	2139	29
527	1	678	30
528	1	574	29
529	1	678	29
529	1	1095	30
530	1	1408	29
531	1	1304	29
532	1	678	29
533	1	2139	29
534	1	626	29
534	1	2035	30
535	1	1669	29
536	1	1408	29
537	1	1095	30
538	1	678	29
539	1	626	29
540	1	1252	29
541	1	730	30
542	1	730	29
543	1	1304	29
544	1	782	30
545	1	574	29
546	1	1356	29
547	1	939	30
548	1	1408	29
549	1	1408	29
550	1	678	29
550	1	730	30
551	1	678	30
552	1	1461	29
553	1	521	29
554	1	626	30
555	1	521	29
555	1	887	30
556	1	574	29
557	1	1565	29
558	1	678	30
559	1	782	29
560	1	1408	29
561	1	574	29
562	1	730	29
563	1	1356	29
564	1	1408	29
565	1	782	29
565	1	834	30
566	1	782	30
567	1	469	29
568	1	678	30
569	1	678	29
570	1	1408	29
571	1	521	29
571	1	939	30
572	1	1513	29
575	1	521	29
575	1	887	30
576	1	1304	29
577	1	626	29
578	1	782	29
579	1	574	29
580	1	2035	29
581	1	887	29
581	1	2243	30
582	1	1148	30
583	1	678	29
583	1	1826	30
584	1	521	29
585	1	626	29
585	1	1043	30
586	1	1095	30
587	1	469	29
587	1	834	30
588	1	939	30
589	1	887	30
590	1	782	30
591	1	1513	29
593	1	1252	30
594	1	574	29
595	1	730	29
595	1	1982	30
596	1	521	29
597	1	1513	30
598	1	521	29
598	1	834	30
599	1	626	29
600	1	1669	29
601	1	782	30
602	1	1356	29
603	1	521	29
604	1	574	29
604	1	2243	30
605	1	1304	29
606	1	1043	30
607	1	626	30
608	1	887	29
611	1	521	29
612	1	1304	29
613	1	1356	29
614	1	1356	29
615	1	574	29
616	1	834	29
617	1	2139	29
618	1	2191	29
619	1	730	29
620	1	678	29
621	1	730	29
622	1	626	30
623	1	887	29
624	1	834	30
625	1	1304	29
626	1	887	29
627	1	939	30
628	1	1095	30
629	1	626	29
630	1	574	29
631	1	939	30
632	1	574	29
633	1	1617	29
634	1	1356	29
635	1	1461	29
636	1	2243	29
637	1	782	29
638	1	2087	29
639	1	782	30
640	1	574	29
641	1	1043	30
642	1	1356	29
644	1	887	30
645	1	1148	30
646	1	626	29
647	1	1461	29
648	1	1148	30
649	1	834	29
649	1	887	30
650	1	1513	29
651	1	939	30
652	1	1043	30
653	1	991	30
654	1	626	29
655	1	521	29
656	1	469	29
656	1	939	30
657	1	887	29
657	1	939	30
658	1	887	29
658	1	939	30
659	1	1304	29
660	1	574	29
661	1	834	29
662	1	1095	30
663	1	782	29
664	1	730	30
665	1	730	29
665	1	782	30
666	1	626	29
667	1	730	30
668	1	730	29
669	1	1356	30
670	1	626	29
671	1	887	29
672	1	626	29
673	1	521	29
674	1	1095	30
675	1	1252	29
676	1	574	29
677	1	574	29
678	1	730	30
679	1	1304	29
680	1	782	29
681	1	678	29
682	1	887	30
683	1	1356	29
684	1	834	29
685	1	991	30
686	1	834	30
687	1	1461	29
688	1	1356	29
689	1	1304	29
690	1	991	30
691	1	834	29
691	1	887	30
692	1	991	30
693	1	469	29
693	1	887	30
694	1	939	30
695	1	574	29
696	1	678	29
697	1	782	30
698	1	1565	29
699	1	469	29
699	1	939	30
700	1	1043	30
701	1	678	29
701	1	2243	30
702	1	991	30
703	1	469	29
704	1	2139	29
705	1	782	29
706	1	678	30
707	1	834	30
708	1	1304	29
709	1	887	30
710	1	887	29
710	1	939	30
711	1	1252	29
711	1	2295	30
712	1	626	29
713	1	1722	29
714	1	678	29
715	1	574	29
716	1	574	29
717	1	834	29
717	1	2139	30
718	1	782	29
718	1	834	30
719	1	626	29
720	1	2139	29
721	1	1148	30
722	1	469	29
722	1	887	30
723	1	521	29
724	1	521	29
725	1	834	30
726	1	469	29
727	1	1356	29
728	1	2035	29
729	1	834	30
730	1	1148	30
731	1	678	29
731	1	730	30
732	1	887	30
733	1	834	29
733	1	887	30
734	1	730	30
735	1	2139	29
736	1	730	29
737	1	782	30
738	1	887	30
739	1	1304	29
741	1	939	30
742	1	626	29
742	1	2035	30
743	1	574	29
743	1	939	30
744	1	1356	29
745	1	782	29
746	1	1408	29
747	1	1252	30
748	1	2139	29
749	1	1356	29
750	1	626	29
751	1	887	29
752	1	678	29
752	1	2191	30
753	1	730	29
753	1	782	30
754	1	574	29
755	1	730	29
755	1	782	30
756	1	782	29
756	1	834	30
757	1	1669	29
758	1	626	29
759	1	1408	29
760	1	469	29
760	1	939	30
761	1	469	29
762	1	1095	30
763	1	1356	29
765	1	730	29
765	1	782	30
766	1	887	30
767	1	1304	29
768	1	1513	29
769	1	626	29
770	1	2139	29
771	1	1304	29
772	1	574	29
773	1	1513	29
774	1	626	30
775	1	1304	29
776	1	678	30
777	1	2139	29
778	1	678	29
779	1	2139	29
780	1	2191	29
781	1	574	29
782	1	887	30
783	1	1461	29
784	1	730	30
785	1	782	30
786	1	521	29
787	1	1408	29
788	1	782	30
789	1	1304	29
790	1	574	29
791	1	1408	29
792	1	887	30
793	1	678	29
793	1	730	30
794	1	521	29
794	1	939	30
795	1	1513	29
796	1	1408	29
797	1	730	29
798	1	730	29
800	1	1408	29
801	1	1408	29
802	1	834	30
803	1	939	30
804	1	1095	30
806	1	1408	29
807	1	626	29
807	1	1878	30
808	1	2139	29
809	1	1826	29
810	1	678	29
810	1	730	30
811	1	626	29
812	1	782	29
812	1	834	30
813	1	1356	30
815	1	626	30
816	1	887	29
817	1	2243	29
818	1	991	30
819	1	1513	29
820	1	1878	30
821	1	1356	29
822	1	678	29
822	1	730	30
823	1	626	29
823	1	2087	30
824	1	1252	29
825	1	730	29
826	1	678	29
827	1	574	29
828	1	1408	29
829	1	2139	29
830	1	887	29
831	1	939	30
832	1	730	29
832	1	2035	30
833	1	1356	29
834	1	678	29
834	1	2139	30
835	1	1043	30
836	1	2191	29
837	1	1304	29
838	1	730	30
839	1	1461	29
840	1	574	30
841	1	834	30
842	1	574	29
842	1	2295	30
843	1	678	29
843	1	730	30
844	1	1304	29
845	1	1356	29
846	1	1513	29
847	1	1356	29
848	1	521	29
848	1	834	30
849	1	2139	29
850	1	782	29
851	1	2295	29
852	1	626	29
853	1	1408	29
854	1	1304	29
855	1	834	30
856	1	1095	30
857	1	1408	29
858	1	1408	29
859	1	626	29
860	1	1617	29
861	1	834	29
861	1	887	30
862	1	1565	29
863	1	834	29
863	1	887	30
864	1	626	30
865	1	730	30
866	1	574	29
867	1	1408	30
868	1	782	30
869	1	730	29
870	1	1304	29
871	1	1304	29
873	1	678	29
873	1	730	30
875	1	991	30
876	1	730	30
877	1	678	30
878	1	1356	29
879	1	1095	30
880	1	626	29
881	1	678	29
882	1	1408	29
883	1	1722	29
884	1	834	30
885	1	678	29
886	1	626	29
887	1	991	30
888	1	730	29
889	1	1408	29
890	1	1408	29
891	1	834	29
891	1	887	30
892	1	1565	29
893	1	887	30
894	1	939	30
895	1	417	29
895	1	887	30
896	1	626	29
897	1	678	30
898	1	834	30
899	1	626	29
900	1	678	29
901	1	574	29
901	1	887	30
902	1	1200	30
903	1	678	30
905	1	1304	29
906	1	678	30
907	1	2139	29
908	1	782	30
909	1	2087	29
910	1	1304	29
911	1	678	29
912	1	834	29
912	1	887	30
913	1	1408	29
914	1	1043	30
915	1	1356	29
916	1	626	29
917	1	834	30
918	1	1356	29
919	1	1408	29
920	1	574	29
921	1	521	29
922	1	1617	30
923	1	1356	29
924	1	887	29
924	1	939	30
925	1	730	30
926	1	1043	30
927	1	626	29
929	1	678	29
930	1	834	29
931	1	574	29
931	1	2087	30
932	1	1252	29
933	1	1408	29
934	1	782	29
935	1	678	30
936	1	521	29
937	1	626	29
938	1	782	29
939	1	1304	29
940	1	782	30
941	1	678	29
941	1	730	30
942	1	626	30
943	1	521	29
944	1	469	29
945	1	1513	29
946	1	521	29
947	1	678	29
947	1	1930	30
948	1	730	29
948	1	782	30
949	1	574	30
950	1	626	29
951	1	2139	29
952	1	1930	29
953	1	626	29
954	1	521	29
955	1	1252	29
957	1	1461	29
958	1	782	29
959	1	2295	29
960	1	991	30
961	1	887	30
962	1	2191	29
963	1	730	30
964	1	782	29
965	1	626	29
966	1	521	29
967	1	1408	29
968	1	887	30
969	1	469	29
971	1	887	29
971	1	939	30
972	1	626	29
972	1	1878	30
973	1	469	29
973	1	887	30
974	1	991	30
975	1	1356	29
976	1	1043	30
977	1	1722	29
978	1	782	29
978	1	834	30
979	1	1408	29
980	1	1774	29
981	1	678	29
982	1	782	30
983	1	574	29
984	1	782	29
985	1	1304	29
987	1	1252	29
988	1	887	30
989	1	574	29
990	1	1774	29
992	1	1774	29
993	1	574	29
994	1	2139	29
995	1	574	29
996	1	1356	29
998	1	1252	29
998	1	2191	30
999	1	1461	29
0	2	261	26
0	2	521	33
0	2	1200	13
1	2	261	26
1	2	521	33
1	2	1252	13
2	2	261	26
2	2	834	33
3	2	261	26
3	2	1617	13
4	2	261	26
4	2	730	33
4	2	1200	13
5	2	261	26
5	2	678	33
6	2	261	26
6	2	834	33
6	2	1878	13
7	2	261	26
7	2	1461	13
8	2	261	26
8	2	991	33
8	2	1304	13
9	2	261	26
10	2	261	26
10	2	521	33
10	2	1200	13
11	2	261	26
12	2	261	26
13	2	261	26
14	2	261	26
14	2	574	33
14	2	1200	13
15	2	261	26
15	2	678	33
15	2	1200	13
16	2	261	26
16	2	730	33
16	2	1200	13
17	2	261	26
17	2	521	33
17	2	1200	13
18	2	261	26
18	2	626	33
18	2	1200	13
19	2	261	26
20	2	261	26
20	2	939	33
20	2	1461	13
21	2	261	26
21	2	574	33
21	2	1200	13
22	2	261	26
22	2	1669	13
23	2	261	26
23	2	626	33
23	2	1200	13
24	2	261	26
24	2	626	33
24	2	1200	13
25	2	261	26
26	2	261	26
26	2	991	33
26	2	1722	13
27	2	261	26
27	2	626	33
27	2	1252	13
28	2	261	26
28	2	1095	33
28	2	1617	13
29	2	261	26
30	2	261	26
31	2	261	26
31	2	782	33
32	2	261	26
32	2	1617	13
33	2	261	26
33	2	939	33
34	2	261	26
34	2	1095	33
35	2	261	26
35	2	626	33
35	2	1200	13
36	2	261	26
36	2	678	33
36	2	1200	13
37	2	261	26
37	2	887	33
38	2	261	26
38	2	887	33
39	2	261	26
39	2	782	33
39	2	1461	13
40	2	261	26
40	2	521	33
40	2	1200	13
41	2	261	26
41	2	1095	33
41	2	1565	13
42	2	261	26
42	2	1043	33
42	2	1513	13
43	2	261	26
43	2	730	33
43	2	1200	13
44	2	261	26
45	2	261	26
45	2	939	33
45	2	1461	13
46	2	261	26
46	2	730	33
46	2	2035	13
47	2	261	26
47	2	1722	13
48	2	261	26
49	2	261	26
49	2	730	33
49	2	1200	13
50	2	261	26
51	2	261	26
52	2	261	26
53	2	261	26
53	2	678	33
53	2	1200	13
54	2	261	26
55	2	261	26
55	2	834	33
56	2	261	26
57	2	261	26
57	2	626	33
57	2	1200	13
58	2	261	26
58	2	782	33
58	2	1304	13
59	2	261	26
59	2	574	33
59	2	1200	13
60	2	261	26
61	2	261	26
61	2	782	33
62	2	261	26
62	2	678	33
62	2	1200	13
63	2	261	26
63	2	991	33
63	2	1408	13
64	2	261	26
65	2	261	26
65	2	1304	13
66	2	261	26
67	2	261	26
67	2	1095	33
67	2	1513	13
68	2	261	26
69	2	261	26
69	2	1252	13
70	2	261	26
70	2	939	33
71	2	261	26
71	2	1461	13
72	2	261	26
73	2	261	26
74	2	261	26
75	2	261	26
75	2	574	33
75	2	1252	13
76	2	261	26
77	2	261	26
78	2	261	26
79	2	261	26
79	2	1408	13
80	2	261	26
80	2	730	33
80	2	1513	13
81	2	261	26
81	2	782	33
82	2	261	26
82	2	2087	13
83	2	261	26
83	2	1774	13
84	2	261	26
84	2	782	33
85	2	261	26
86	2	261	26
87	2	261	26
87	2	574	33
87	2	1200	13
88	2	261	26
88	2	939	33
88	2	1461	13
89	2	261	26
89	2	1408	13
90	2	261	26
91	2	261	26
91	2	939	33
92	2	261	26
92	2	574	33
92	2	1304	13
93	2	261	26
94	2	261	26
95	2	261	26
96	2	261	26
96	2	1617	13
97	2	261	26
98	2	261	26
99	2	261	26
100	2	261	26
101	2	261	26
101	2	939	33
102	2	261	26
102	2	939	33
102	2	1774	13
103	2	261	26
103	2	1669	13
104	2	261	26
104	2	834	33
104	2	1304	13
105	2	261	26
106	2	261	26
106	2	1095	33
106	2	1617	13
107	2	261	26
107	2	574	33
107	2	1200	13
108	2	261	26
108	2	678	33
108	2	1252	13
109	2	261	26
110	2	261	26
110	2	626	33
110	2	1200	13
111	2	261	26
111	2	834	33
112	2	261	26
113	2	261	26
113	2	574	33
113	2	1200	13
114	2	261	26
114	2	887	33
115	2	261	26
116	2	261	26
117	2	261	26
118	2	261	26
118	2	1774	13
119	2	261	26
119	2	2295	13
120	2	261	26
120	2	1669	13
121	2	261	26
122	2	261	26
122	2	626	33
122	2	1200	13
123	2	261	26
124	2	261	26
124	2	626	33
124	2	1200	13
125	2	261	26
125	2	730	33
125	2	1200	13
126	2	261	26
126	2	574	33
126	2	1200	13
127	2	261	26
127	2	626	33
127	2	1200	13
128	2	261	26
128	2	574	33
128	2	1200	13
129	2	261	26
130	2	261	26
130	2	782	33
131	2	261	26
131	2	939	33
131	2	1252	13
132	2	261	26
132	2	521	33
132	2	1826	13
133	2	261	26
133	2	887	33
133	2	1408	13
134	2	261	26
134	2	1565	13
135	2	261	26
135	2	678	33
135	2	1252	13
136	2	261	26
136	2	521	33
136	2	1200	13
137	2	261	26
137	2	1252	13
137	2	1669	33
138	2	261	26
138	2	521	33
138	2	1200	13
139	2	261	26
139	2	678	33
139	2	1200	13
140	2	261	26
141	2	261	26
141	2	574	33
141	2	1200	13
142	2	261	26
143	2	261	26
144	2	261	26
145	2	261	26
145	2	1669	13
146	2	261	26
146	2	782	33
146	2	1356	13
147	2	261	26
147	2	887	33
147	2	1565	13
148	2	261	26
149	2	261	26
149	2	626	33
149	2	1200	13
150	2	261	26
150	2	678	33
150	2	1356	13
151	2	261	26
151	2	2243	13
152	2	261	26
152	2	782	33
152	2	1304	13
153	2	261	26
153	2	2243	13
154	2	261	26
154	2	730	33
154	2	1200	13
155	2	261	26
155	2	574	33
155	2	1200	13
156	2	261	26
156	2	574	33
156	2	1200	13
157	2	261	26
158	2	261	26
158	2	782	33
158	2	1252	13
159	2	261	26
159	2	521	33
159	2	1200	13
160	2	261	26
160	2	991	33
160	2	1617	13
161	2	261	26
162	2	261	26
162	2	1408	13
163	2	261	26
164	2	261	26
164	2	678	33
164	2	2139	13
165	2	261	26
165	2	730	33
165	2	1200	13
166	2	261	26
167	2	261	26
168	2	261	26
169	2	261	26
169	2	574	33
169	2	2243	13
170	2	261	26
170	2	574	33
170	2	1200	13
171	2	261	26
172	2	261	26
172	2	1408	13
173	2	261	26
174	2	261	26
174	2	1408	13
175	2	261	26
175	2	834	33
175	2	1304	13
176	2	261	26
176	2	678	33
176	2	2035	13
177	2	261	26
178	2	261	26
179	2	261	26
179	2	782	33
179	2	1252	13
180	2	261	26
181	2	261	26
181	2	574	33
181	2	1304	13
182	2	261	26
183	2	261	26
183	2	626	33
183	2	1200	13
184	2	261	26
185	2	261	26
185	2	730	33
185	2	1200	13
186	2	261	26
187	2	261	26
187	2	1200	13
188	2	261	26
189	2	261	26
189	2	1043	33
189	2	1513	13
190	2	261	26
191	2	261	26
191	2	574	33
192	2	261	26
192	2	834	33
192	2	1304	13
193	2	261	26
193	2	887	33
193	2	1722	13
194	2	261	26
195	2	261	26
196	2	261	26
196	2	521	33
196	2	1200	13
197	2	261	26
198	2	261	26
198	2	1095	33
198	2	1408	13
199	2	261	26
199	2	574	33
199	2	1200	13
200	2	261	26
200	2	1669	13
201	2	261	26
202	2	261	26
202	2	1461	13
203	2	261	26
203	2	1408	13
204	2	261	26
204	2	730	33
204	2	1304	13
205	2	261	26
206	2	261	26
206	2	521	33
206	2	1200	13
207	2	261	26
207	2	626	33
207	2	1200	13
208	2	261	26
208	2	782	33
208	2	1252	13
209	2	261	26
210	2	261	26
210	2	782	33
210	2	1565	13
211	2	261	26
212	2	261	26
212	2	1461	13
213	2	261	26
214	2	261	26
215	2	261	26
215	2	1774	13
216	2	261	26
217	2	261	26
217	2	1617	13
218	2	261	26
218	2	1252	13
218	2	1565	33
219	2	261	26
220	2	261	26
221	2	261	26
221	2	1200	13
221	2	1722	33
222	2	261	26
223	2	261	26
224	2	261	26
224	2	1565	13
225	2	261	26
225	2	574	33
225	2	1200	13
226	2	261	26
226	2	730	33
226	2	1200	13
227	2	261	26
227	2	2295	13
228	2	261	26
228	2	574	33
228	2	1200	13
229	2	261	26
229	2	1200	13
230	2	261	26
230	2	574	33
230	2	1200	13
231	2	261	26
231	2	574	33
231	2	1200	13
232	2	261	26
232	2	678	33
232	2	1200	13
233	2	261	26
234	2	261	26
235	2	261	26
236	2	261	26
237	2	261	26
238	2	261	26
239	2	261	26
240	2	261	26
240	2	626	33
240	2	1200	13
241	2	261	26
241	2	1095	33
241	2	1774	13
242	2	261	26
242	2	939	33
242	2	1356	13
243	2	261	26
243	2	521	33
243	2	1200	13
244	2	261	26
244	2	574	33
244	2	1200	13
245	2	261	26
245	2	2295	13
246	2	261	26
247	2	261	26
248	2	261	26
248	2	574	33
248	2	1200	13
249	2	261	26
249	2	574	33
249	2	1200	13
250	2	261	26
250	2	574	33
250	2	1200	13
251	2	261	26
251	2	834	33
251	2	1565	13
252	2	261	26
253	2	261	26
254	2	261	26
255	2	261	26
256	2	261	26
256	2	1304	13
257	2	261	26
257	2	1617	13
258	2	261	26
258	2	521	33
258	2	1200	13
259	2	261	26
259	2	574	33
259	2	1200	13
260	2	261	26
260	2	678	33
260	2	1669	13
261	2	261	26
262	2	261	26
262	2	1252	13
263	2	261	26
264	2	261	26
264	2	730	33
264	2	2295	13
265	2	261	26
265	2	678	33
266	2	261	26
266	2	887	33
266	2	1669	13
267	2	261	26
267	2	574	33
267	2	1982	13
268	2	261	26
268	2	1408	13
269	2	261	26
269	2	678	33
269	2	1200	13
270	2	261	26
271	2	261	26
271	2	939	33
271	2	1461	13
272	2	261	26
272	2	574	33
272	2	1200	13
273	2	261	26
274	2	261	26
275	2	261	26
276	2	261	26
277	2	261	26
278	2	261	26
279	2	261	26
280	2	261	26
280	2	2087	13
281	2	261	26
282	2	261	26
283	2	261	26
283	2	1669	13
284	2	261	26
284	2	521	33
284	2	1200	13
285	2	261	26
285	2	1513	13
286	2	261	26
286	2	626	33
286	2	1200	13
287	2	261	26
288	2	261	26
288	2	730	33
288	2	1669	13
289	2	261	26
290	2	261	26
291	2	261	26
291	2	887	33
292	2	261	26
293	2	261	26
293	2	521	33
293	2	1200	13
294	2	261	26
294	2	678	33
295	2	261	26
295	2	2295	13
296	2	261	26
296	2	626	33
296	2	1200	13
297	2	261	26
298	2	261	26
298	2	1408	13
299	2	261	26
299	2	626	33
300	2	261	26
301	2	261	26
301	2	521	33
301	2	1200	13
302	2	261	26
302	2	834	33
302	2	1356	13
303	2	261	26
303	2	521	33
303	2	1200	13
304	2	261	26
304	2	574	33
304	2	1200	13
305	2	261	26
306	2	261	26
306	2	574	33
306	2	1200	13
307	2	261	26
308	2	261	26
308	2	1826	13
309	2	261	26
309	2	574	33
309	2	1200	13
310	2	261	26
310	2	782	33
310	2	1200	13
311	2	261	26
312	2	261	26
313	2	261	26
314	2	261	26
315	2	261	26
315	2	991	33
315	2	1461	13
316	2	261	26
317	2	261	26
318	2	261	26
319	2	261	26
320	2	261	26
321	2	261	26
321	2	574	33
321	2	1669	13
322	2	261	26
322	2	678	33
322	2	1930	13
323	2	261	26
324	2	261	26
325	2	261	26
326	2	261	26
326	2	574	33
326	2	1200	13
327	2	261	26
327	2	1461	13
328	2	261	26
329	2	261	26
330	2	261	26
330	2	1200	13
331	2	261	26
331	2	626	33
331	2	1722	13
332	2	261	26
332	2	834	33
332	2	1304	13
333	2	261	26
333	2	574	33
333	2	1200	13
334	2	261	26
335	2	261	26
335	2	574	33
335	2	1200	13
336	2	261	26
336	2	678	33
336	2	1461	13
337	2	261	26
338	2	261	26
339	2	261	26
339	2	626	33
339	2	1982	13
340	2	261	26
340	2	1669	13
341	2	261	26
341	2	1617	13
342	2	261	26
342	2	678	33
342	2	1200	13
343	2	261	26
343	2	521	33
343	2	1200	13
344	2	261	26
345	2	261	26
345	2	834	33
345	2	1304	13
346	2	261	26
346	2	730	33
346	2	1200	13
347	2	261	26
347	2	939	33
348	2	261	26
348	2	678	33
348	2	1252	13
349	2	261	26
349	2	626	33
349	2	1200	13
350	2	261	26
351	2	261	26
351	2	834	33
352	2	261	26
352	2	887	33
352	2	1356	13
353	2	261	26
353	2	678	33
353	2	1304	13
354	2	261	26
354	2	574	33
354	2	1200	13
355	2	261	26
355	2	782	33
356	2	261	26
356	2	1565	13
357	2	261	26
357	2	782	33
358	2	261	26
358	2	1461	13
359	2	261	26
360	2	261	26
361	2	261	26
361	2	834	33
361	2	1617	13
362	2	261	26
363	2	261	26
364	2	261	26
364	2	626	33
364	2	2191	13
365	2	261	26
366	2	261	26
366	2	1304	13
367	2	261	26
367	2	782	33
368	2	261	26
368	2	521	33
368	2	1200	13
369	2	261	26
369	2	782	33
369	2	1200	13
370	2	261	26
371	2	261	26
371	2	678	33
371	2	1461	13
372	2	261	26
372	2	1513	13
373	2	261	26
374	2	261	26
375	2	261	26
376	2	261	26
376	2	887	33
377	2	261	26
378	2	261	26
378	2	1669	13
379	2	261	26
379	2	1043	33
379	2	1565	13
380	2	261	26
380	2	887	33
381	2	261	26
381	2	939	33
382	2	261	26
382	2	678	33
382	2	2191	13
383	2	261	26
384	2	261	26
384	2	730	33
384	2	1669	13
385	2	261	26
385	2	1617	13
386	2	261	26
386	2	782	33
387	2	261	26
387	2	782	33
387	2	1200	13
388	2	261	26
389	2	261	26
389	2	626	33
389	2	1252	13
390	2	261	26
390	2	521	33
390	2	1200	13
391	2	261	26
391	2	730	33
391	2	1200	13
392	2	261	26
393	2	261	26
393	2	521	33
393	2	1200	13
394	2	261	26
394	2	939	33
395	2	261	26
395	2	939	33
396	2	261	26
396	2	574	33
396	2	1200	13
397	2	261	26
397	2	1669	13
398	2	261	26
398	2	887	33
399	2	261	26
399	2	574	33
399	2	1200	13
400	2	261	26
400	2	730	33
400	2	1826	13
401	2	261	26
402	2	261	26
402	2	834	33
402	2	1461	13
403	2	261	26
404	2	261	26
404	2	1826	13
405	2	261	26
406	2	261	26
406	2	730	33
406	2	1252	13
407	2	261	26
407	2	1617	13
408	2	261	26
409	2	261	26
410	2	261	26
411	2	261	26
411	2	574	33
411	2	1200	13
412	2	261	26
412	2	626	33
412	2	1200	13
413	2	261	26
413	2	521	33
413	2	1200	13
414	2	261	26
414	2	887	33
414	2	1408	13
415	2	261	26
415	2	678	33
415	2	1304	13
416	2	261	26
417	2	261	26
417	2	730	33
417	2	1722	13
418	2	261	26
418	2	887	33
418	2	1252	13
419	2	261	26
419	2	782	33
419	2	1200	13
420	2	261	26
420	2	1461	13
421	2	261	26
422	2	261	26
423	2	261	26
423	2	1461	13
424	2	261	26
424	2	626	33
424	2	1200	13
425	2	261	26
425	2	887	33
426	2	261	26
426	2	1461	13
427	2	261	26
428	2	261	26
428	2	626	33
429	2	261	26
429	2	887	33
429	2	1356	13
430	2	261	26
430	2	730	33
430	2	1565	13
431	2	261	26
431	2	521	33
431	2	1200	13
432	2	261	26
432	2	730	33
432	2	1200	13
433	2	261	26
433	2	1200	13
433	2	1722	33
434	2	261	26
434	2	678	33
434	2	1200	13
435	2	261	26
435	2	574	33
435	2	1200	13
436	2	261	26
436	2	626	33
436	2	1200	13
437	2	261	26
437	2	626	33
437	2	1930	13
438	2	261	26
438	2	1043	33
438	2	1408	13
439	2	261	26
440	2	261	26
440	2	1461	13
441	2	261	26
442	2	261	26
442	2	1200	13
443	2	261	26
444	2	261	26
445	2	261	26
445	2	574	33
445	2	1200	13
446	2	261	26
447	2	261	26
448	2	261	26
449	2	261	26
450	2	261	26
451	2	261	26
451	2	1200	13
451	2	1774	33
452	2	261	26
452	2	782	33
453	2	261	26
453	2	574	33
453	2	1200	13
454	2	261	26
455	2	261	26
455	2	1669	13
456	2	261	26
457	2	261	26
457	2	1461	13
458	2	261	26
459	2	261	26
460	2	261	26
460	2	626	33
460	2	1617	13
461	2	261	26
461	2	626	33
461	2	1200	13
462	2	261	26
462	2	834	33
463	2	261	26
463	2	782	33
463	2	1200	13
464	2	261	26
464	2	1408	13
465	2	261	26
465	2	678	33
465	2	1826	13
466	2	261	26
466	2	574	33
466	2	1200	13
467	2	261	26
467	2	574	33
467	2	1200	13
468	2	261	26
468	2	574	33
468	2	1200	13
469	2	261	26
469	2	521	33
469	2	1200	13
470	2	261	26
471	2	261	26
472	2	261	26
472	2	678	33
472	2	1408	13
473	2	261	26
473	2	1304	13
474	2	261	26
474	2	626	33
474	2	1200	13
475	2	261	26
476	2	261	26
477	2	261	26
478	2	261	26
478	2	2087	13
479	2	261	26
480	2	261	26
481	2	261	26
481	2	834	33
481	2	1200	13
482	2	261	26
482	2	834	33
483	2	261	26
484	2	261	26
485	2	261	26
486	2	261	26
487	2	261	26
487	2	574	33
487	2	1304	13
488	2	261	26
489	2	261	26
489	2	521	33
489	2	1200	13
490	2	261	26
490	2	1200	13
490	2	1722	33
491	2	261	26
491	2	1356	13
492	2	261	26
492	2	1408	13
493	2	261	26
494	2	261	26
494	2	730	33
495	2	261	26
495	2	1252	13
496	2	261	26
496	2	991	33
496	2	1408	13
497	2	261	26
497	2	626	33
497	2	2295	13
498	2	261	26
498	2	939	33
499	2	261	26
499	2	730	33
500	2	261	26
500	2	574	33
500	2	1200	13
501	2	261	26
502	2	261	26
502	2	1356	13
503	2	261	26
503	2	521	33
503	2	1200	13
504	2	261	26
505	2	261	26
506	2	261	26
507	2	261	26
508	2	261	26
508	2	626	33
508	2	1200	13
509	2	261	26
510	2	261	26
511	2	261	26
512	2	261	26
512	2	1252	13
513	2	261	26
513	2	1461	13
514	2	261	26
514	2	730	33
514	2	1513	13
515	2	261	26
515	2	574	33
515	2	1200	13
516	2	261	26
517	2	261	26
518	2	261	26
518	2	1408	13
519	2	261	26
519	2	730	33
519	2	1200	13
520	2	261	26
520	2	887	33
521	2	261	26
521	2	626	33
521	2	1200	13
522	2	261	26
522	2	1095	33
522	2	1408	13
523	2	261	26
523	2	626	33
523	2	1252	13
524	2	261	26
525	2	261	26
525	2	834	33
525	2	1200	13
526	2	261	26
527	2	261	26
527	2	574	33
527	2	1252	13
528	2	261	26
528	2	521	33
528	2	1200	13
529	2	261	26
529	2	574	33
529	2	1200	13
530	2	261	26
530	2	1774	13
531	2	261	26
531	2	1461	13
532	2	261	26
532	2	1408	13
533	2	261	26
534	2	261	26
534	2	574	33
534	2	1200	13
535	2	261	26
536	2	261	26
537	2	261	26
537	2	887	33
537	2	1461	13
538	2	261	26
538	2	626	33
538	2	1200	13
539	2	261	26
539	2	521	33
539	2	1200	13
540	2	261	26
541	2	261	26
541	2	730	33
541	2	1617	13
542	2	261	26
542	2	1722	13
543	2	261	26
543	2	1565	13
544	2	261	26
544	2	834	33
544	2	1252	13
545	2	261	26
546	2	261	26
546	2	1722	13
547	2	261	26
547	2	887	33
547	2	1252	13
548	2	261	26
549	2	261	26
550	2	261	26
550	2	626	33
550	2	1200	13
551	2	261	26
551	2	626	33
551	2	1200	13
552	2	261	26
553	2	261	26
553	2	1513	13
554	2	261	26
554	2	574	33
554	2	1200	13
555	2	261	26
555	2	574	33
555	2	1200	13
556	2	261	26
556	2	1252	13
557	2	261	26
558	2	261	26
558	2	626	33
558	2	2087	13
559	2	261	26
559	2	1461	13
560	2	261	26
561	2	261	26
562	2	261	26
562	2	1513	13
563	2	261	26
563	2	1095	33
563	2	1461	13
564	2	261	26
565	2	261	26
565	2	678	33
565	2	1200	13
566	2	261	26
566	2	730	33
566	2	1722	13
567	2	261	26
567	2	1565	13
568	2	261	26
568	2	626	33
568	2	1200	13
569	2	261	26
569	2	1513	13
570	2	261	26
571	2	261	26
571	2	626	33
571	2	1200	13
572	2	261	26
573	2	261	26
574	2	261	26
574	2	939	33
575	2	261	26
575	2	574	33
575	2	1200	13
576	2	261	26
576	2	1722	13
577	2	261	26
577	2	574	33
577	2	1200	13
578	2	261	26
579	2	261	26
580	2	261	26
581	2	261	26
581	2	1565	13
582	2	261	26
582	2	1617	13
583	2	261	26
583	2	574	33
583	2	1200	13
584	2	261	26
584	2	678	33
584	2	2035	13
585	2	261	26
585	2	574	33
585	2	1200	13
586	2	261	26
586	2	1095	33
586	2	1408	13
587	2	261	26
587	2	521	33
587	2	1200	13
588	2	261	26
588	2	782	33
588	2	1513	13
589	2	261	26
589	2	782	33
589	2	1304	13
590	2	261	26
590	2	678	33
590	2	1200	13
591	2	261	26
592	2	261	26
593	2	261	26
594	2	261	26
594	2	1722	13
595	2	261	26
595	2	626	33
595	2	1200	13
596	2	261	26
596	2	1095	33
597	2	261	26
598	2	261	26
598	2	574	33
598	2	1200	13
599	2	261	26
599	2	521	33
599	2	1200	13
600	2	261	26
601	2	261	26
601	2	730	33
601	2	1774	13
602	2	261	26
603	2	261	26
604	2	261	26
604	2	1461	13
605	2	261	26
605	2	1722	13
606	2	261	26
606	2	991	33
606	2	1461	13
607	2	261	26
607	2	626	33
607	2	1200	13
608	2	261	26
608	2	730	33
608	2	1252	13
609	2	261	26
610	2	261	26
611	2	261	26
611	2	1513	13
612	2	261	26
612	2	1617	13
613	2	261	26
614	2	261	26
614	2	1722	13
615	2	261	26
615	2	1617	13
616	2	261	26
616	2	1565	13
617	2	261	26
618	2	261	26
619	2	261	26
620	2	261	26
620	2	678	33
621	2	261	26
621	2	1408	13
622	2	261	26
622	2	574	33
623	2	261	26
624	2	261	26
624	2	730	33
625	2	261	26
625	2	1565	13
626	2	261	26
626	2	782	33
626	2	1200	13
627	2	261	26
627	2	834	33
627	2	1356	13
628	2	261	26
628	2	1200	13
628	2	1617	33
629	2	261	26
630	2	261	26
630	2	1565	13
631	2	261	26
631	2	939	33
631	2	1513	13
632	2	261	26
632	2	521	33
632	2	1200	13
633	2	261	26
634	2	261	26
634	2	1774	13
635	2	261	26
636	2	261	26
637	2	261	26
638	2	261	26
639	2	261	26
639	2	678	33
639	2	1200	13
640	2	261	26
641	2	261	26
641	2	939	33
642	2	261	26
643	2	261	26
644	2	261	26
644	2	782	33
645	2	261	26
645	2	1200	13
645	2	1617	33
646	2	261	26
646	2	626	33
646	2	1200	13
647	2	261	26
648	2	261	26
648	2	1304	13
649	2	261	26
649	2	782	33
649	2	1356	13
650	2	261	26
651	2	261	26
651	2	834	33
652	2	261	26
652	2	939	33
652	2	1617	13
653	2	261	26
653	2	887	33
653	2	1617	13
654	2	261	26
655	2	261	26
655	2	1356	13
656	2	261	26
656	2	991	33
656	2	1669	13
657	2	261	26
657	2	730	33
658	2	261	26
658	2	782	33
658	2	1200	13
659	2	261	26
659	2	1669	13
660	2	261	26
661	2	261	26
661	2	730	33
661	2	1200	13
662	2	261	26
662	2	1200	13
662	2	1565	33
663	2	261	26
664	2	261	26
664	2	678	33
664	2	1200	13
665	2	261	26
665	2	626	33
665	2	1200	13
666	2	261	26
666	2	574	33
666	2	1200	13
667	2	261	26
667	2	626	33
668	2	261	26
668	2	1669	13
669	2	261	26
669	2	1408	13
670	2	261	26
670	2	1617	13
671	2	261	26
672	2	261	26
673	2	261	26
673	2	1669	13
674	2	261	26
674	2	1304	13
674	2	1669	33
675	2	261	26
675	2	1356	13
676	2	261	26
676	2	574	33
676	2	1200	13
677	2	261	26
677	2	1252	13
678	2	261	26
678	2	678	33
678	2	1461	13
679	2	261	26
680	2	261	26
680	2	1461	13
681	2	261	26
682	2	261	26
682	2	887	33
683	2	261	26
684	2	261	26
684	2	1408	13
685	2	261	26
685	2	887	33
686	2	261	26
686	2	782	33
687	2	261	26
688	2	261	26
689	2	261	26
690	2	261	26
690	2	939	33
691	2	261	26
691	2	678	33
691	2	1200	13
692	2	261	26
692	2	887	33
692	2	1252	13
693	2	261	26
693	2	939	33
693	2	1408	13
694	2	261	26
694	2	834	33
694	2	1513	13
695	2	261	26
695	2	521	33
695	2	1200	13
696	2	261	26
697	2	261	26
697	2	678	33
697	2	1304	13
698	2	261	26
699	2	261	26
699	2	1304	13
700	2	261	26
700	2	834	33
701	2	261	26
701	2	1304	13
702	2	261	26
702	2	939	33
703	2	261	26
703	2	678	33
703	2	1200	13
704	2	261	26
705	2	261	26
705	2	1878	13
706	2	261	26
706	2	574	33
706	2	1304	13
707	2	261	26
707	2	730	33
708	2	261	26
708	2	1513	13
709	2	261	26
709	2	782	33
709	2	1252	13
710	2	261	26
710	2	782	33
710	2	1200	13
711	2	261	26
711	2	1722	13
712	2	261	26
712	2	1565	13
713	2	261	26
714	2	261	26
714	2	574	33
714	2	1200	13
715	2	261	26
715	2	1513	13
716	2	261	26
716	2	521	33
716	2	1200	13
717	2	261	26
717	2	1408	13
718	2	261	26
718	2	730	33
718	2	1200	13
719	2	261	26
720	2	261	26
721	2	261	26
721	2	1252	13
722	2	261	26
722	2	574	33
722	2	1200	13
723	2	261	26
724	2	261	26
725	2	261	26
725	2	782	33
725	2	1304	13
726	2	261	26
726	2	991	33
726	2	1356	13
727	2	261	26
728	2	261	26
729	2	261	26
729	2	782	33
730	2	261	26
730	2	1356	13
731	2	261	26
731	2	521	33
731	2	1200	13
732	2	261	26
732	2	887	33
733	2	261	26
733	2	678	33
733	2	1200	13
734	2	261	26
734	2	574	33
734	2	1200	13
735	2	261	26
736	2	261	26
737	2	261	26
737	2	678	33
737	2	1304	13
738	2	261	26
738	2	834	33
738	2	1252	13
739	2	261	26
739	2	1617	13
740	2	261	26
741	2	261	26
741	2	887	33
742	2	261	26
742	2	574	33
742	2	1200	13
743	2	261	26
743	2	626	33
743	2	1252	13
744	2	261	26
744	2	1617	13
745	2	261	26
746	2	261	26
747	2	261	26
747	2	1722	13
748	2	261	26
749	2	261	26
750	2	261	26
750	2	887	33
751	2	261	26
752	2	261	26
752	2	1408	13
753	2	261	26
753	2	626	33
753	2	1200	13
754	2	261	26
754	2	678	33
754	2	1200	13
755	2	261	26
755	2	626	33
755	2	1200	13
756	2	261	26
756	2	678	33
756	2	1200	13
757	2	261	26
758	2	261	26
758	2	521	33
758	2	1200	13
759	2	261	26
760	2	261	26
761	2	261	26
761	2	1669	13
762	2	261	26
762	2	887	33
762	2	1617	13
763	2	261	26
763	2	2295	13
764	2	261	26
764	2	939	33
765	2	261	26
765	2	626	33
765	2	1565	13
766	2	261	26
766	2	782	33
767	2	261	26
767	2	2139	13
768	2	261	26
769	2	261	26
770	2	261	26
771	2	261	26
771	2	1774	13
772	2	261	26
773	2	261	26
774	2	261	26
774	2	626	33
774	2	1200	13
775	2	261	26
776	2	261	26
776	2	574	33
776	2	1200	13
777	2	261	26
778	2	261	26
778	2	730	33
779	2	261	26
780	2	261	26
780	2	887	33
781	2	261	26
781	2	834	33
781	2	1356	13
782	2	261	26
782	2	939	33
783	2	261	26
784	2	261	26
784	2	574	33
784	2	1408	13
785	2	261	26
785	2	834	33
786	2	261	26
787	2	261	26
788	2	261	26
788	2	730	33
788	2	1408	13
789	2	261	26
789	2	1461	13
790	2	261	26
790	2	1565	13
791	2	261	26
792	2	261	26
792	2	834	33
793	2	261	26
793	2	574	33
793	2	1200	13
794	2	261	26
794	2	574	33
794	2	2035	13
795	2	261	26
796	2	261	26
797	2	261	26
797	2	626	33
797	2	2087	13
798	2	261	26
798	2	2035	13
799	2	261	26
800	2	261	26
801	2	261	26
802	2	261	26
802	2	834	33
802	2	1617	13
803	2	261	26
803	2	887	33
803	2	1461	13
804	2	261	26
804	2	991	33
805	2	261	26
806	2	261	26
807	2	261	26
807	2	521	33
807	2	1200	13
808	2	261	26
809	2	261	26
810	2	261	26
810	2	521	33
810	2	1200	13
811	2	261	26
811	2	521	33
811	2	1304	13
812	2	261	26
812	2	678	33
812	2	1200	13
813	2	261	26
813	2	939	33
814	2	261	26
815	2	261	26
815	2	574	33
816	2	261	26
816	2	1774	13
817	2	261	26
818	2	261	26
818	2	939	33
818	2	1565	13
819	2	261	26
820	2	261	26
821	2	261	26
821	2	1722	13
822	2	261	26
822	2	574	33
822	2	1200	13
823	2	261	26
823	2	574	33
823	2	1200	13
824	2	261	26
824	2	1513	13
825	2	261	26
825	2	1461	13
826	2	261	26
826	2	1461	13
827	2	261	26
828	2	261	26
829	2	261	26
830	2	261	26
831	2	261	26
831	2	730	33
831	2	1200	13
832	2	261	26
832	2	678	33
832	2	1200	13
833	2	261	26
834	2	261	26
834	2	730	33
834	2	1200	13
835	2	261	26
835	2	939	33
836	2	261	26
837	2	261	26
838	2	261	26
838	2	626	33
838	2	1200	13
839	2	261	26
840	2	261	26
840	2	521	33
840	2	1200	13
841	2	261	26
841	2	782	33
842	2	261	26
842	2	1304	13
843	2	261	26
843	2	574	33
843	2	1200	13
844	2	261	26
845	2	261	26
846	2	261	26
847	2	261	26
847	2	1722	13
848	2	261	26
848	2	521	33
848	2	1200	13
849	2	261	26
850	2	261	26
850	2	730	33
850	2	1200	13
851	2	261	26
852	2	261	26
853	2	261	26
854	2	261	26
854	2	1461	13
855	2	261	26
855	2	782	33
856	2	261	26
856	2	939	33
857	2	261	26
858	2	261	26
858	2	1252	13
859	2	261	26
860	2	261	26
861	2	261	26
861	2	678	33
862	2	261	26
863	2	261	26
863	2	730	33
863	2	1200	13
864	2	261	26
864	2	626	33
864	2	1200	13
865	2	261	26
865	2	678	33
865	2	1304	13
866	2	261	26
866	2	521	33
866	2	1200	13
867	2	261	26
867	2	1722	13
868	2	261	26
868	2	730	33
868	2	1461	13
869	2	261	26
869	2	1304	13
870	2	261	26
870	2	1669	13
871	2	261	26
871	2	1617	13
872	2	261	26
873	2	261	26
873	2	574	33
873	2	1200	13
874	2	261	26
875	2	261	26
875	2	782	33
875	2	1356	13
876	2	261	26
876	2	626	33
877	2	261	26
877	2	521	33
877	2	1200	13
878	2	261	26
879	2	261	26
879	2	939	33
880	2	261	26
880	2	574	33
880	2	1200	13
881	2	261	26
882	2	261	26
883	2	261	26
884	2	261	26
884	2	730	33
884	2	2243	13
885	2	261	26
885	2	626	33
885	2	1200	13
886	2	261	26
887	2	261	26
887	2	887	33
888	2	261	26
889	2	261	26
890	2	261	26
891	2	261	26
891	2	730	33
891	2	1513	13
892	2	261	26
893	2	261	26
893	2	782	33
894	2	261	26
894	2	834	33
895	2	261	26
895	2	939	33
896	2	261	26
896	2	730	33
897	2	261	26
897	2	730	33
897	2	1252	13
898	2	261	26
898	2	678	33
898	2	1200	13
899	2	261	26
899	2	678	33
899	2	1200	13
900	2	261	26
900	2	1774	13
901	2	261	26
901	2	574	33
901	2	1200	13
902	2	261	26
902	2	1252	13
903	2	261	26
903	2	730	33
903	2	1200	13
904	2	261	26
905	2	261	26
906	2	261	26
906	2	678	33
907	2	261	26
908	2	261	26
908	2	626	33
908	2	1200	13
909	2	261	26
910	2	261	26
910	2	1669	13
911	2	261	26
912	2	261	26
912	2	782	33
913	2	261	26
914	2	261	26
914	2	1200	13
914	2	1565	33
915	2	261	26
916	2	261	26
916	2	678	33
916	2	1200	13
917	2	261	26
917	2	2191	13
918	2	261	26
918	2	1669	13
919	2	261	26
920	2	261	26
921	2	261	26
922	2	261	26
922	2	939	33
923	2	261	26
924	2	261	26
924	2	730	33
924	2	1200	13
925	2	261	26
925	2	678	33
926	2	261	26
926	2	887	33
926	2	1356	13
927	2	261	26
927	2	1356	13
928	2	261	26
929	2	261	26
929	2	782	33
929	2	1356	13
930	2	261	26
931	2	261	26
931	2	574	33
931	2	1200	13
932	2	261	26
932	2	1982	13
933	2	261	26
934	2	261	26
934	2	1722	13
935	2	261	26
935	2	626	33
935	2	1461	13
936	2	261	26
937	2	261	26
938	2	261	26
938	2	1617	13
939	2	261	26
940	2	261	26
940	2	887	33
940	2	1356	13
941	2	261	26
941	2	574	33
941	2	1200	13
942	2	261	26
942	2	626	33
942	2	1200	13
943	2	261	26
944	2	261	26
944	2	1513	13
945	2	261	26
946	2	261	26
946	2	1461	13
947	2	261	26
947	2	678	33
947	2	1200	13
948	2	261	26
948	2	626	33
948	2	1200	13
949	2	261	26
949	2	521	33
949	2	1200	13
950	2	261	26
950	2	574	33
950	2	1200	13
951	2	261	26
952	2	261	26
953	2	261	26
953	2	626	33
953	2	1200	13
954	2	261	26
954	2	521	33
954	2	1200	13
955	2	261	26
956	2	261	26
957	2	261	26
958	2	261	26
959	2	261	26
960	2	261	26
960	2	991	33
960	2	1669	13
961	2	261	26
961	2	834	33
961	2	1617	13
962	2	261	26
963	2	261	26
963	2	678	33
964	2	261	26
964	2	678	33
964	2	1200	13
965	2	261	26
965	2	1565	13
966	2	261	26
966	2	678	33
966	2	1304	13
967	2	261	26
968	2	261	26
968	2	887	33
969	2	261	26
969	2	1200	13
970	2	261	26
971	2	261	26
971	2	730	33
971	2	1304	13
972	2	261	26
972	2	574	33
972	2	1200	13
973	2	261	26
973	2	887	33
974	2	261	26
974	2	834	33
975	2	261	26
976	2	261	26
976	2	939	33
976	2	1304	13
977	2	261	26
978	2	261	26
978	2	678	33
978	2	1200	13
979	2	261	26
980	2	261	26
981	2	261	26
981	2	1252	13
982	2	261	26
982	2	782	33
983	2	261	26
983	2	574	33
983	2	1356	13
984	2	261	26
984	2	1513	13
985	2	261	26
985	2	1669	13
986	2	261	26
987	2	261	26
988	2	261	26
988	2	834	33
989	2	261	26
989	2	574	33
989	2	2139	13
990	2	261	26
991	2	261	26
992	2	261	26
993	2	261	26
994	2	261	26
995	2	261	26
995	2	521	33
995	2	1200	13
996	2	261	26
997	2	261	26
998	2	261	26
998	2	834	33
998	2	1200	13
999	2	261	26
0	3	626	29
0	3	678	20
0	3	991	30
0	3	2191	9
1	3	626	29
1	3	939	20
2	3	834	30
3	3	1356	29
3	3	1669	20
4	3	834	30
4	3	1148	20
4	3	1461	9
4	3	1774	12
5	3	730	30
6	3	1252	29
6	3	1826	20
7	3	626	29
7	3	1252	20
8	3	1043	30
8	3	1356	20
8	3	1669	9
9	3	2139	29
10	3	574	29
10	3	887	20
10	3	2295	9
12	3	887	29
13	3	834	29
14	3	626	29
14	3	678	30
14	3	991	20
15	3	782	30
16	3	678	29
16	3	991	20
16	3	1774	9
17	3	626	29
17	3	939	20
17	3	2139	9
18	3	730	29
18	3	782	30
19	3	1982	29
20	3	834	30
20	3	1200	20
20	3	1774	9
21	3	626	29
21	3	678	30
21	3	991	20
22	3	678	29
22	3	1617	20
23	3	730	30
23	3	1043	20
24	3	730	30
24	3	1043	20
24	3	1774	9
25	3	1669	29
26	3	1095	30
26	3	1408	20
27	3	678	30
27	3	991	20
28	3	469	29
28	3	1148	20
28	3	1565	9
29	3	574	29
29	3	2295	20
30	3	1408	29
30	3	1774	20
31	3	887	30
32	3	1304	29
32	3	1617	20
33	3	782	30
33	3	1878	20
34	3	469	29
34	3	1304	20
34	3	2295	30
35	3	782	30
35	3	1826	9
36	3	782	30
36	3	1095	20
37	3	1826	30
38	3	939	30
39	3	887	30
39	3	1200	20
40	3	574	29
40	3	887	20
40	3	1304	9
40	3	1617	12
40	3	1930	30
41	3	1252	20
41	3	1408	29
41	3	1878	9
42	3	1095	30
42	3	1408	20
43	3	730	30
43	3	1095	20
43	3	1826	9
44	3	1669	29
45	3	1043	30
45	3	1356	20
45	3	1774	9
46	3	782	29
46	3	1930	20
47	3	1252	29
47	3	1669	20
48	3	2139	29
49	3	730	30
49	3	1043	20
49	3	1565	9
50	3	1617	29
51	3	1722	29
52	3	730	29
53	3	782	30
53	3	1095	20
53	3	1513	9
53	3	1826	12
55	3	887	30
56	3	1356	29
57	3	521	29
57	3	834	20
57	3	887	30
57	3	1252	9
57	3	1565	12
58	3	939	30
58	3	1252	20
58	3	1565	9
59	3	678	29
59	3	991	20
59	3	1826	9
60	3	887	29
61	3	730	29
62	3	834	30
62	3	1148	20
62	3	1617	9
62	3	2139	12
63	3	469	29
63	3	939	30
63	3	1252	20
63	3	1722	9
64	3	2087	29
65	3	469	29
65	3	1565	20
66	3	1408	29
67	3	1148	30
67	3	1461	20
67	3	1774	9
68	3	1565	29
69	3	626	29
69	3	1408	20
70	3	730	30
71	3	1304	29
71	3	1617	20
73	3	1722	29
74	3	574	29
74	3	2139	20
75	3	678	29
75	3	991	20
76	3	1461	29
77	3	1513	29
78	3	1408	29
79	3	1617	29
79	3	1930	20
80	3	730	29
80	3	1043	20
81	3	939	30
82	3	1304	30
82	3	2295	20
83	3	834	29
84	3	887	30
84	3	1982	20
85	3	1722	29
86	3	834	29
87	3	678	30
87	3	991	20
87	3	1356	9
87	3	1722	12
88	3	1252	20
88	3	1408	29
89	3	574	29
89	3	1461	20
90	3	1408	29
91	3	991	30
92	3	730	30
92	3	1043	20
92	3	2139	9
93	3	1408	29
94	3	1878	29
95	3	626	29
96	3	782	29
96	3	1461	20
96	3	2191	9
97	3	1356	29
98	3	1722	29
99	3	782	29
99	3	1982	20
100	3	1408	29
101	3	939	30
102	3	991	30
102	3	1461	20
103	3	626	29
104	3	991	30
104	3	1304	20
104	3	1617	9
106	3	469	29
106	3	1148	20
106	3	1513	9
106	3	1826	12
106	3	1878	30
107	3	574	29
107	3	887	20
107	3	1513	9
107	3	1930	12
107	3	2295	30
108	3	730	30
108	3	1095	20
109	3	1356	29
110	3	626	29
110	3	939	20
110	3	1513	9
111	3	1565	30
112	3	521	29
113	3	678	30
113	3	991	20
114	3	1200	30
115	3	1461	29
116	3	1513	29
116	3	2139	20
117	3	1513	29
118	3	1356	29
118	3	1669	20
119	3	1356	29
119	3	1774	20
120	3	1408	30
121	3	1356	29
122	3	678	29
122	3	991	20
122	3	1408	9
122	3	1878	12
123	3	2087	29
124	3	678	29
124	3	991	20
125	3	834	30
125	3	1148	20
125	3	1617	9
126	3	626	30
126	3	939	20
126	3	1461	9
126	3	1774	12
127	3	626	29
127	3	939	30
127	3	1513	9
128	3	678	30
128	3	991	20
128	3	1461	9
129	3	1252	29
130	3	834	30
131	3	939	30
131	3	1252	20
131	3	1617	9
131	3	2139	12
132	3	574	29
132	3	887	20
133	3	991	30
133	3	1356	20
134	3	1304	30
134	3	1669	20
135	3	730	30
135	3	1043	20
135	3	2139	9
136	3	574	29
136	3	626	30
136	3	939	20
136	3	1252	9
136	3	1565	12
137	3	469	29
137	3	939	30
137	3	1304	20
138	3	626	29
138	3	939	20
138	3	1461	9
138	3	1774	12
138	3	2087	30
139	3	730	29
139	3	1043	20
139	3	1356	9
139	3	1669	12
139	3	1982	30
140	3	1826	29
141	3	521	29
141	3	887	20
141	3	939	30
141	3	1252	9
141	3	1565	12
142	3	574	29
143	3	1408	29
145	3	1356	29
145	3	1669	20
146	3	782	30
146	3	1148	20
146	3	2191	9
147	3	939	30
147	3	1252	20
148	3	1408	29
149	3	730	29
149	3	782	30
149	3	1461	9
149	3	1774	12
150	3	782	30
150	3	1095	20
151	3	626	29
151	3	2035	20
152	3	834	30
152	3	1148	20
152	3	1617	9
153	3	1461	30
153	3	1930	20
154	3	678	29
154	3	991	20
154	3	1408	9
154	3	1722	12
155	3	574	29
155	3	887	30
155	3	1617	9
155	3	1930	12
156	3	678	30
156	3	991	20
156	3	1617	9
158	3	887	30
158	3	1200	20
158	3	1669	9
159	3	574	29
159	3	887	20
159	3	1356	9
159	3	1826	12
159	3	2191	30
160	3	1148	30
160	3	1461	20
161	3	1669	29
162	3	834	29
162	3	1461	20
163	3	834	29
164	3	782	29
164	3	2139	20
165	3	782	30
165	3	1095	20
165	3	1461	9
166	3	1930	29
167	3	1304	29
169	3	626	29
169	3	939	20
170	3	626	29
170	3	939	20
170	3	1304	9
170	3	1617	12
171	3	626	29
172	3	1252	29
172	3	1565	20
173	3	1408	29
174	3	574	29
174	3	1461	20
174	3	2139	9
175	3	887	30
175	3	1200	20
175	3	1826	9
175	3	2191	12
176	3	521	29
176	3	834	20
177	3	1774	29
178	3	2191	29
179	3	834	30
179	3	1148	20
179	3	1774	9
180	3	1252	29
181	3	678	29
181	3	730	30
182	3	521	29
183	3	730	30
183	3	1043	20
184	3	834	29
185	3	834	30
185	3	1148	20
185	3	1513	9
186	3	2243	29
187	3	469	29
187	3	1408	20
188	3	834	29
189	3	1095	30
189	3	1408	20
189	3	1774	9
189	3	2295	12
190	3	1252	29
190	3	1722	20
191	3	678	29
191	3	991	20
192	3	1043	20
192	3	1304	29
192	3	1669	9
193	3	991	30
193	3	1356	20
193	3	2035	9
194	3	2087	30
196	3	626	29
196	3	678	30
196	3	991	20
196	3	1304	9
196	3	1617	12
198	3	991	30
198	3	1304	20
198	3	1722	9
199	3	730	30
199	3	1043	20
199	3	1513	9
200	3	1304	29
200	3	1617	20
201	3	1774	29
202	3	730	29
202	3	1461	20
203	3	521	29
203	3	1408	20
204	3	834	29
204	3	887	30
204	3	1200	20
205	3	1408	29
206	3	626	29
206	3	678	30
206	3	1200	9
206	3	1513	12
207	3	626	29
207	3	939	20
207	3	2139	9
208	3	678	30
208	3	1095	20
209	3	2295	29
210	3	887	30
210	3	1252	20
211	3	1617	29
212	3	574	29
212	3	1617	20
213	3	1722	29
214	3	574	29
215	3	1356	29
215	3	1669	20
216	3	730	29
217	3	1356	29
217	3	1669	20
218	3	887	30
218	3	1252	20
219	3	2191	29
220	3	1461	29
221	3	469	29
221	3	939	30
221	3	1252	20
222	3	2087	29
223	3	574	29
224	3	574	29
224	3	1617	20
225	3	678	29
225	3	991	20
225	3	1356	9
225	3	1669	12
225	3	2035	30
226	3	782	30
226	3	1095	20
226	3	1565	9
227	3	1095	30
227	3	2191	20
228	3	626	30
228	3	939	20
228	3	1356	9
228	3	1722	12
229	3	521	29
229	3	1252	20
229	3	1774	9
230	3	678	30
230	3	991	20
231	3	626	29
231	3	678	30
232	3	678	29
232	3	991	20
232	3	1408	9
233	3	1408	29
233	3	1774	20
235	3	1617	29
236	3	678	29
236	3	2295	20
237	3	626	29
238	3	834	29
239	3	1304	29
240	3	678	30
240	3	991	20
240	3	1565	9
240	3	2243	12
241	3	469	29
241	3	1304	20
242	3	991	30
242	3	1304	20
243	3	626	29
243	3	678	30
243	3	991	20
243	3	1304	9
243	3	1617	12
244	3	678	29
244	3	730	30
244	3	1043	20
245	3	1304	29
246	3	2139	29
248	3	678	29
248	3	730	20
249	3	678	30
249	3	991	20
250	3	626	29
250	3	939	20
250	3	1461	9
250	3	1930	12
250	3	2243	30
251	3	939	30
252	3	1461	29
253	3	521	29
255	3	730	29
256	3	521	29
256	3	1252	20
256	3	2295	9
257	3	1304	29
257	3	1617	20
258	3	626	29
258	3	939	20
258	3	1930	9
259	3	730	30
259	3	1043	20
260	3	782	30
260	3	1461	20
262	3	678	29
262	3	1252	20
262	3	1774	9
263	3	574	29
264	3	887	29
264	3	1617	20
265	3	782	30
266	3	1095	30
266	3	1408	20
267	3	678	30
267	3	991	20
268	3	782	29
268	3	1408	20
269	3	678	29
269	3	991	20
269	3	1513	9
270	3	521	29
271	3	834	30
271	3	1200	20
271	3	1722	9
272	3	678	30
272	3	991	20
272	3	1356	9
272	3	1669	12
274	3	1304	29
275	3	1617	29
276	3	2243	29
277	3	2035	30
278	3	1565	29
279	3	1356	29
280	3	521	29
280	3	2139	20
282	3	1617	29
283	3	1356	29
283	3	1722	20
284	3	626	29
284	3	678	20
284	3	1148	30
284	3	1461	9
284	3	1774	12
285	3	1304	29
285	3	1617	20
286	3	521	29
286	3	887	20
286	3	939	30
286	3	1513	9
286	3	1826	12
287	3	1356	29
288	3	834	29
288	3	887	30
288	3	1461	20
289	3	834	29
291	3	1669	30
292	3	1565	29
292	3	2295	20
293	3	521	29
293	3	834	30
293	3	1252	9
293	3	1565	12
294	3	574	29
294	3	887	20
295	3	887	29
295	3	2087	20
296	3	730	30
296	3	1043	20
297	3	1356	29
298	3	574	29
298	3	1513	20
299	3	730	29
299	3	782	20
300	3	782	29
301	3	521	29
301	3	834	20
302	3	626	29
302	3	1200	20
303	3	469	29
303	3	782	20
303	3	834	30
303	3	1252	9
303	3	1565	12
304	3	678	30
304	3	991	20
306	3	678	30
306	3	1461	9
307	3	1930	30
308	3	469	29
308	3	939	30
309	3	521	29
309	3	834	30
309	3	1252	9
309	3	1565	12
310	3	834	30
310	3	1148	20
310	3	1565	9
310	3	1878	12
311	3	574	29
312	3	782	29
313	3	1408	30
314	3	1408	29
315	3	1095	30
315	3	1408	20
315	3	1774	9
316	3	2191	29
317	3	1408	29
318	3	1513	29
319	3	1774	29
320	3	1408	29
321	3	626	29
321	3	939	20
322	3	574	30
322	3	939	20
323	3	1982	29
324	3	1408	29
325	3	1356	29
326	3	574	29
326	3	887	30
326	3	1930	9
327	3	1304	29
327	3	1617	20
328	3	574	29
329	3	1513	29
330	3	521	29
330	3	1200	20
330	3	1722	9
331	3	678	29
331	3	991	20
332	3	626	29
332	3	1200	20
332	3	1826	9
333	3	678	29
333	3	991	20
333	3	1930	9
334	3	1356	29
335	3	574	29
335	3	887	30
335	3	2139	9
336	3	678	29
336	3	991	20
337	3	626	29
338	3	834	29
339	3	730	29
339	3	1043	20
340	3	1304	29
340	3	1617	20
341	3	1356	29
341	3	1669	20
342	3	521	29
342	3	887	20
342	3	1356	9
343	3	626	29
343	3	678	20
343	3	1565	9
344	3	2139	29
345	3	1095	20
345	3	1304	29
346	3	887	30
346	3	1200	20
346	3	1513	9
346	3	1826	12
347	3	730	29
347	3	1617	20
348	3	626	29
348	3	939	20
349	3	730	30
349	3	1043	20
349	3	1356	9
349	3	1669	12
350	3	2139	29
351	3	939	30
352	3	834	30
352	3	1200	20
353	3	730	30
353	3	1043	20
354	3	626	30
354	3	939	20
354	3	1252	9
354	3	1565	12
355	3	887	30
356	3	574	29
356	3	1617	20
357	3	730	30
357	3	1565	20
358	3	782	29
358	3	1513	20
360	3	1617	30
361	3	991	30
361	3	1304	20
361	3	2191	9
362	3	1252	29
364	3	678	29
364	3	730	20
365	3	1669	29
366	3	469	29
366	3	1408	20
367	3	521	29
367	3	991	20
368	3	626	29
368	3	939	20
368	3	1252	9
368	3	1565	12
368	3	1878	30
369	3	730	30
369	3	1043	20
369	3	1513	9
369	3	1826	12
370	3	626	29
371	3	782	29
371	3	834	20
372	3	1095	30
372	3	1513	20
373	3	730	29
374	3	1565	29
375	3	1408	29
376	3	939	30
377	3	1408	29
377	3	1722	20
378	3	887	29
378	3	1722	20
379	3	730	29
379	3	1200	20
380	3	1930	30
381	3	1304	30
381	3	1930	20
382	3	730	29
382	3	1043	20
383	3	1408	29
384	3	887	30
384	3	1356	20
385	3	1095	30
386	3	834	30
387	3	834	30
387	3	1148	20
387	3	1461	9
387	3	1774	12
388	3	2191	29
389	3	730	30
389	3	1043	20
390	3	626	29
390	3	939	20
390	3	1826	9
391	3	782	30
391	3	1095	20
391	3	2087	9
392	3	678	29
393	3	521	29
393	3	834	30
394	3	1252	30
394	3	1878	20
395	3	1043	30
396	3	678	29
396	3	1148	30
396	3	1461	9
396	3	1774	12
397	3	1356	29
397	3	1774	20
399	3	678	30
399	3	991	20
400	3	991	30
401	3	2243	29
402	3	1043	30
402	3	1356	20
402	3	1774	9
403	3	2139	29
404	3	1148	30
404	3	1826	20
405	3	1252	29
406	3	834	30
406	3	1148	20
407	3	1304	29
407	3	1617	20
409	3	834	29
410	3	678	29
410	3	2087	20
411	3	678	29
411	3	730	30
411	3	1043	20
411	3	1356	9
411	3	1669	12
412	3	626	29
412	3	939	30
412	3	1252	9
412	3	1565	12
413	3	574	29
413	3	887	20
413	3	1200	9
413	3	1513	12
413	3	1826	30
414	3	887	30
414	3	1200	20
414	3	1774	9
415	3	678	29
415	3	991	20
415	3	1774	9
416	3	1461	29
417	3	730	30
417	3	1461	20
417	3	2139	9
418	3	991	30
418	3	1408	9
418	3	1722	12
419	3	730	30
419	3	1043	20
419	3	1408	9
419	3	1774	12
420	3	574	29
420	3	1565	20
421	3	2139	29
422	3	678	29
423	3	782	29
423	3	1408	20
424	3	678	30
424	3	991	20
424	3	1356	9
424	3	1669	12
425	3	1043	30
425	3	2295	20
426	3	887	29
426	3	1461	20
426	3	2191	30
427	3	2191	29
428	3	730	30
428	3	1043	20
429	3	417	29
429	3	834	30
429	3	1252	20
429	3	1774	9
430	3	574	29
430	3	1043	20
431	3	574	29
431	3	887	20
431	3	1408	9
432	3	834	29
432	3	887	30
432	3	1200	20
432	3	1513	9
433	3	1252	20
433	3	1461	29
434	3	782	29
434	3	834	30
434	3	1148	20
434	3	1461	9
434	3	1774	12
435	3	626	30
435	3	939	20
435	3	1617	9
436	3	730	29
436	3	782	30
436	3	1356	9
436	3	1722	12
437	3	730	29
437	3	782	30
437	3	1826	20
437	3	2191	9
438	3	417	29
438	3	939	30
438	3	1252	20
438	3	1617	9
439	3	678	29
440	3	469	29
440	3	939	30
440	3	1774	20
441	3	1826	29
442	3	1148	30
442	3	1461	20
443	3	469	29
444	3	1617	29
445	3	574	29
445	3	887	20
445	3	1930	9
446	3	1878	30
446	3	2191	20
447	3	1617	29
448	3	730	29
449	3	2191	29
451	3	521	29
451	3	1200	20
451	3	1722	9
451	3	1982	30
452	3	887	30
452	3	2191	20
453	3	574	29
453	3	887	20
453	3	1200	9
453	3	1513	12
453	3	1826	30
454	3	1461	29
455	3	1304	29
455	3	1617	20
455	3	2295	30
456	3	1408	29
456	3	1774	20
457	3	469	29
458	3	1722	29
459	3	678	29
460	3	626	29
460	3	939	20
461	3	626	30
461	3	939	20
461	3	1617	9
462	3	1095	30
462	3	1461	20
463	3	939	30
463	3	1252	20
463	3	1565	9
464	3	678	29
464	3	1408	20
465	3	678	29
465	3	991	20
466	3	678	29
466	3	730	30
466	3	1043	20
467	3	678	30
467	3	991	20
468	3	678	29
468	3	730	20
469	3	521	29
469	3	834	30
469	3	1461	9
469	3	1774	12
470	3	1565	29
471	3	1252	29
471	3	1982	20
472	3	834	30
472	3	1304	20
473	3	1095	30
473	3	1408	20
474	3	782	29
474	3	834	30
474	3	1461	9
475	3	678	29
476	3	1408	29
477	3	730	29
478	3	1095	30
480	3	1774	30
481	3	887	30
481	3	1200	20
481	3	1513	9
481	3	1826	12
482	3	939	30
483	3	1774	29
484	3	2191	29
485	3	1304	29
486	3	1408	29
486	3	2087	20
487	3	574	29
487	3	887	20
488	3	1408	29
489	3	626	29
489	3	939	20
489	3	1252	9
489	3	1565	12
490	3	521	29
490	3	1200	20
490	3	1774	9
490	3	2035	30
491	3	1200	30
491	3	1565	20
492	3	730	29
492	3	1513	20
492	3	2035	9
492	3	2191	30
493	3	521	29
494	3	834	29
494	3	887	20
495	3	574	29
495	3	1252	20
496	3	1043	30
496	3	1356	20
496	3	1722	9
496	3	2191	12
497	3	678	30
497	3	991	20
498	3	1043	30
498	3	1513	20
499	3	782	30
500	3	678	30
500	3	991	20
500	3	1304	9
500	3	1617	12
501	3	1408	29
502	3	1148	30
502	3	1513	20
503	3	626	29
503	3	939	20
503	3	1252	9
503	3	1565	12
503	3	1878	30
504	3	2035	29
505	3	1408	29
506	3	834	29
507	3	1722	29
508	3	730	29
508	3	782	20
508	3	1461	9
508	3	1930	12
508	3	2191	30
510	3	2139	29
512	3	678	29
512	3	1356	20
512	3	2139	30
513	3	730	29
513	3	1513	20
514	3	782	30
514	3	1356	20
515	3	574	29
515	3	887	30
515	3	1565	9
515	3	2035	12
516	3	1408	29
517	3	1408	29
517	3	1878	20
518	3	678	29
518	3	1513	20
519	3	834	30
519	3	1148	20
519	3	1565	9
520	3	574	29
520	3	1930	20
521	3	730	29
521	3	782	30
521	3	1461	9
521	3	1774	12
522	3	1095	30
522	3	1408	20
522	3	1722	9
523	3	730	29
523	3	782	30
523	3	1095	20
524	3	2191	29
525	3	991	20
525	3	1252	29
525	3	1565	9
525	3	1878	12
525	3	2295	30
526	3	2139	29
527	3	678	30
527	3	991	20
528	3	574	29
528	3	887	20
529	3	678	29
529	3	1095	30
529	3	1408	9
529	3	1722	12
530	3	1408	29
530	3	1722	20
531	3	1304	29
531	3	1617	20
532	3	678	29
532	3	1722	20
533	3	2139	29
534	3	626	29
534	3	939	20
534	3	1408	9
534	3	1722	12
534	3	2035	30
535	3	1669	29
536	3	1408	29
537	3	1095	30
537	3	1408	20
538	3	678	29
538	3	730	20
539	3	626	29
539	3	939	20
540	3	1252	29
541	3	730	30
541	3	1722	20
542	3	730	29
542	3	1774	20
543	3	1304	29
543	3	1617	20
543	3	2139	9
544	3	782	30
544	3	1095	20
544	3	1461	9
544	3	1774	12
545	3	574	29
546	3	1356	29
546	3	1669	20
547	3	939	30
547	3	1252	20
547	3	1565	9
547	3	1930	12
548	3	1408	29
549	3	1408	29
549	3	1722	20
550	3	678	29
550	3	730	30
550	3	1043	20
550	3	1356	9
550	3	1669	12
551	3	678	30
551	3	991	20
551	3	1304	9
551	3	1617	12
552	3	1461	29
553	3	521	29
553	3	1669	20
554	3	626	30
554	3	939	20
554	3	1565	9
555	3	521	29
555	3	834	20
555	3	887	30
555	3	1200	9
555	3	1513	12
556	3	574	29
556	3	1356	20
556	3	1722	9
557	3	1565	29
558	3	678	30
558	3	991	20
559	3	782	29
559	3	1408	20
560	3	1408	29
561	3	574	29
562	3	730	29
562	3	1461	20
563	3	1148	20
563	3	1356	29
563	3	1669	9
564	3	1408	29
565	3	782	29
565	3	834	30
565	3	1148	20
565	3	1461	9
565	3	1774	12
566	3	782	30
566	3	1095	20
567	3	469	29
567	3	1565	20
568	3	678	30
568	3	991	20
568	3	1304	9
568	3	1722	12
569	3	678	29
569	3	1461	20
570	3	1408	29
570	3	1774	20
571	3	521	29
571	3	887	20
571	3	939	30
572	3	1513	29
575	3	521	29
575	3	834	20
575	3	887	30
575	3	1200	9
575	3	1513	12
576	3	1304	29
576	3	1669	20
577	3	626	29
577	3	939	20
577	3	1565	9
578	3	782	29
579	3	574	29
580	3	2035	29
581	3	887	29
581	3	1565	20
581	3	2191	9
581	3	2243	30
582	3	1148	30
582	3	1669	20
583	3	678	29
583	3	730	20
583	3	1200	9
583	3	1513	12
583	3	1826	30
584	3	521	29
584	3	887	20
585	3	626	29
585	3	678	20
585	3	1043	30
585	3	1356	9
585	3	1669	12
586	3	1095	30
586	3	1408	20
586	3	1722	9
587	3	469	29
587	3	782	20
587	3	834	30
587	3	1200	9
587	3	1565	12
588	3	939	30
588	3	1252	20
589	3	887	30
589	3	1200	20
589	3	1722	9
590	3	782	30
590	3	1095	20
591	3	1513	29
593	3	1252	30
594	3	574	29
594	3	2243	20
595	3	730	29
595	3	782	20
595	3	1356	9
595	3	1669	12
595	3	1982	30
596	3	521	29
596	3	1252	20
597	3	1513	30
598	3	521	29
598	3	834	30
598	3	2139	9
599	3	626	29
599	3	939	20
599	3	2295	9
600	3	1669	29
601	3	782	30
601	3	1565	20
602	3	1356	29
603	3	521	29
604	3	574	29
604	3	1408	20
604	3	2243	30
605	3	1304	29
605	3	1774	20
606	3	1043	30
606	3	1356	20
606	3	1722	9
607	3	626	30
607	3	939	20
607	3	1774	9
608	3	887	29
608	3	939	20
611	3	521	29
611	3	2191	20
612	3	1304	29
612	3	1617	20
613	3	1356	29
614	3	1356	29
614	3	1669	20
615	3	574	29
615	3	1722	20
616	3	834	29
616	3	1669	20
617	3	2139	29
618	3	2191	29
619	3	730	29
620	3	678	29
620	3	991	20
621	3	730	29
621	3	1408	20
622	3	626	30
622	3	939	20
623	3	887	29
624	3	834	30
624	3	1669	20
625	3	1304	29
625	3	1617	20
626	3	887	29
626	3	1200	20
627	3	939	30
627	3	1252	20
628	3	1095	30
628	3	1408	20
629	3	626	29
630	3	574	29
630	3	1669	20
631	3	939	30
631	3	1252	20
631	3	1774	9
631	3	2295	12
632	3	574	29
632	3	887	20
632	3	1826	9
633	3	1617	29
634	3	1356	29
634	3	1669	20
635	3	1461	29
636	3	2243	29
637	3	782	29
638	3	2087	29
639	3	782	30
639	3	1095	20
639	3	1461	9
639	3	1774	12
640	3	574	29
641	3	1043	30
642	3	1356	29
644	3	887	30
644	3	1930	20
645	3	1148	30
645	3	1461	20
645	3	1774	9
646	3	626	29
646	3	939	20
646	3	1461	9
646	3	1774	12
647	3	1461	29
648	3	1148	30
648	3	1565	20
649	3	834	29
649	3	887	30
649	3	1200	20
650	3	1513	29
650	3	2191	20
651	3	939	30
652	3	1043	30
652	3	1356	20
653	3	991	30
653	3	1356	20
653	3	2191	9
654	3	626	29
655	3	521	29
655	3	1513	20
656	3	469	29
656	3	939	30
656	3	1461	20
657	3	887	29
657	3	939	30
658	3	887	29
658	3	939	30
658	3	1252	20
658	3	1565	9
658	3	1878	12
659	3	1304	29
659	3	1617	20
660	3	574	29
661	3	834	29
661	3	887	20
662	3	1095	30
662	3	1408	20
662	3	1774	9
663	3	782	29
664	3	730	30
664	3	1043	20
664	3	1513	9
664	3	1826	12
665	3	730	29
665	3	782	30
665	3	1095	20
666	3	626	29
666	3	939	20
666	3	2139	9
667	3	730	30
667	3	1043	20
668	3	730	29
668	3	1617	20
669	3	1356	30
669	3	1669	20
670	3	626	29
670	3	1617	20
671	3	887	29
672	3	626	29
673	3	521	29
674	3	1095	30
674	3	1408	20
675	3	1252	29
675	3	1565	20
676	3	574	29
676	3	887	20
676	3	1461	9
676	3	1826	12
677	3	574	29
677	3	1252	20
677	3	1722	9
678	3	730	30
678	3	1043	20
679	3	1304	29
680	3	782	29
680	3	1461	20
680	3	1826	9
681	3	678	29
682	3	887	30
682	3	2035	20
683	3	1356	29
684	3	834	29
684	3	1408	20
685	3	991	30
686	3	834	30
686	3	1565	20
687	3	1461	29
688	3	1356	29
689	3	1304	29
690	3	991	30
691	3	834	29
691	3	887	30
691	3	1200	20
691	3	1617	9
691	3	1930	12
692	3	991	30
692	3	1304	20
692	3	1617	9
693	3	469	29
693	3	887	30
693	3	1200	20
693	3	1722	9
694	3	939	30
694	3	1252	20
695	3	574	29
695	3	887	20
695	3	2139	9
696	3	678	29
697	3	782	30
697	3	1095	20
697	3	1722	9
698	3	1565	29
699	3	469	29
699	3	939	30
699	3	1461	20
700	3	1043	30
701	3	678	29
701	3	1356	20
701	3	2243	30
702	3	991	30
703	3	469	29
703	3	834	20
703	3	1722	9
704	3	2139	29
705	3	782	29
705	3	1826	20
705	3	2191	9
706	3	678	30
706	3	991	20
707	3	834	30
707	3	1513	20
708	3	1304	29
708	3	1617	20
709	3	887	30
709	3	1200	20
709	3	1565	9
710	3	887	29
710	3	939	30
710	3	1252	20
710	3	1565	9
711	3	1252	29
711	3	1617	20
711	3	2191	9
711	3	2295	30
712	3	626	29
712	3	1513	20
713	3	1722	29
714	3	678	29
714	3	991	20
715	3	574	29
716	3	574	29
716	3	887	20
716	3	1304	9
716	3	1617	12
717	3	834	29
717	3	1356	20
717	3	1774	9
717	3	2139	30
718	3	782	29
718	3	834	30
718	3	1148	20
718	3	1565	9
718	3	2139	12
719	3	626	29
720	3	2139	29
721	3	1148	30
721	3	1461	20
722	3	469	29
722	3	782	20
722	3	887	30
722	3	1200	9
722	3	1513	12
723	3	521	29
724	3	521	29
725	3	834	30
725	3	1148	20
725	3	1722	9
726	3	469	29
726	3	1148	20
726	3	1669	9
727	3	1356	29
728	3	2035	29
729	3	834	30
730	3	1148	30
730	3	1617	20
731	3	678	29
731	3	730	30
732	3	887	30
733	3	834	29
733	3	887	30
733	3	1200	20
733	3	1722	9
734	3	730	30
734	3	1043	20
734	3	1930	9
735	3	2139	29
736	3	730	29
736	3	1774	20
737	3	782	30
737	3	1095	20
737	3	2139	9
738	3	887	30
738	3	1200	20
738	3	1565	9
738	3	1878	12
739	3	1304	29
739	3	1617	20
741	3	939	30
741	3	1513	20
742	3	626	29
742	3	678	20
742	3	1304	9
742	3	1722	12
742	3	2035	30
743	3	574	29
743	3	887	20
743	3	939	30
743	3	2191	9
744	3	1356	29
744	3	1669	20
745	3	782	29
746	3	1408	29
746	3	1774	20
747	3	1252	30
748	3	2139	29
749	3	1356	29
750	3	626	29
751	3	887	29
752	3	678	29
752	3	1408	20
752	3	2087	9
752	3	2191	30
753	3	730	29
753	3	782	30
753	3	1461	9
753	3	1826	12
754	3	574	29
754	3	887	20
755	3	730	29
755	3	782	30
755	3	2087	9
756	3	782	29
756	3	834	30
756	3	1356	9
756	3	1669	12
757	3	1669	29
758	3	626	29
758	3	678	20
759	3	1408	29
760	3	469	29
760	3	939	30
761	3	469	29
761	3	1930	20
762	3	1095	30
762	3	1408	20
763	3	1356	29
763	3	1774	20
765	3	730	29
765	3	782	30
766	3	887	30
767	3	1304	29
767	3	1774	20
768	3	1513	29
769	3	626	29
770	3	2139	29
771	3	1304	29
771	3	1669	20
772	3	574	29
773	3	1513	29
774	3	626	30
774	3	939	20
774	3	1513	9
774	3	1826	12
775	3	1304	29
776	3	678	30
776	3	991	20
776	3	1304	9
776	3	1722	12
777	3	2139	29
778	3	678	29
778	3	1982	20
779	3	2139	29
780	3	2191	29
781	3	574	29
781	3	1200	20
781	3	2243	9
782	3	887	30
782	3	2087	20
783	3	1461	29
784	3	730	30
784	3	1043	20
784	3	2139	9
785	3	782	30
786	3	521	29
787	3	1408	29
788	3	782	30
788	3	1095	20
789	3	1304	29
789	3	1617	20
790	3	574	29
790	3	2295	20
791	3	1408	29
792	3	887	30
793	3	678	29
793	3	730	30
793	3	1043	20
793	3	1930	9
794	3	521	29
794	3	834	20
794	3	939	30
795	3	1513	29
796	3	1408	29
797	3	730	29
797	3	782	20
798	3	730	29
798	3	1826	20
800	3	1408	29
801	3	1408	29
802	3	834	30
802	3	1408	20
803	3	939	30
803	3	1252	20
803	3	1669	9
804	3	1095	30
804	3	1774	20
804	3	2087	9
806	3	1408	29
807	3	626	29
807	3	939	20
807	3	1252	9
807	3	1565	12
807	3	1878	30
808	3	2139	29
809	3	1826	29
810	3	678	29
810	3	730	30
810	3	1043	20
810	3	1826	9
811	3	626	29
811	3	939	20
812	3	782	29
812	3	834	30
812	3	1148	20
812	3	1565	9
812	3	2035	12
813	3	1356	30
813	3	1722	20
815	3	626	30
815	3	939	20
816	3	887	29
816	3	1617	20
817	3	2243	29
818	3	991	30
818	3	1356	20
819	3	1513	29
820	3	1878	30
821	3	1356	29
821	3	2191	20
822	3	678	29
822	3	730	30
823	3	626	29
823	3	678	20
823	3	1408	9
823	3	1722	12
823	3	2087	30
824	3	1252	29
824	3	1565	20
825	3	730	29
825	3	1408	20
826	3	678	29
826	3	1513	20
827	3	574	29
828	3	1408	29
829	3	2139	29
830	3	887	29
831	3	939	30
831	3	1252	20
831	3	1565	9
831	3	1878	12
832	3	730	29
832	3	1043	20
832	3	1408	9
832	3	1722	12
832	3	2035	30
833	3	1356	29
834	3	678	29
834	3	991	20
834	3	1513	9
834	3	1826	12
834	3	2139	30
835	3	1043	30
836	3	2191	29
837	3	1304	29
838	3	730	30
838	3	1043	20
838	3	1774	9
839	3	1461	29
840	3	574	30
840	3	887	20
840	3	1200	9
840	3	1513	12
841	3	834	30
842	3	574	29
842	3	1408	20
842	3	2295	30
843	3	678	29
843	3	730	30
843	3	1043	20
843	3	1356	9
843	3	1669	12
844	3	1304	29
845	3	1356	29
846	3	1513	29
847	3	1356	29
847	3	2087	20
848	3	521	29
848	3	834	30
848	3	1304	9
848	3	1669	12
849	3	2139	29
850	3	782	29
850	3	834	20
850	3	1408	9
850	3	1722	12
851	3	2295	29
852	3	626	29
853	3	1408	29
853	3	2087	20
854	3	1304	29
854	3	1356	20
854	3	1774	9
855	3	834	30
856	3	1095	30
857	3	1408	29
858	3	1200	20
858	3	1408	29
858	3	1774	9
859	3	626	29
860	3	1617	29
861	3	834	29
861	3	887	30
862	3	1565	29
863	3	834	29
863	3	887	30
863	3	1461	9
863	3	1774	12
864	3	626	30
864	3	939	20
864	3	1461	9
864	3	1774	12
865	3	730	30
865	3	1043	20
866	3	574	29
866	3	887	20
867	3	1408	30
868	3	782	30
868	3	1304	20
869	3	730	29
869	3	1304	20
869	3	1774	9
870	3	1304	29
870	3	1774	20
871	3	1304	29
871	3	1617	20
873	3	678	29
873	3	730	30
873	3	1043	20
873	3	1356	9
873	3	1669	12
875	3	991	30
875	3	1304	20
876	3	730	30
876	3	1043	20
877	3	678	30
877	3	1200	9
877	3	1513	12
878	3	1356	29
878	3	1774	20
879	3	1095	30
880	3	626	29
880	3	939	20
880	3	1565	9
881	3	678	29
882	3	1408	29
882	3	1774	20
883	3	1722	29
884	3	834	30
885	3	678	29
885	3	991	20
885	3	1304	9
885	3	1617	12
886	3	626	29
887	3	991	30
887	3	1513	20
888	3	730	29
889	3	1408	29
890	3	1408	29
890	3	2087	20
891	3	834	29
891	3	887	30
892	3	1565	29
893	3	887	30
894	3	939	30
895	3	417	29
895	3	887	30
895	3	2035	20
896	3	626	29
896	3	991	20
897	3	678	30
897	3	991	20
897	3	1669	9
898	3	834	30
898	3	1148	20
898	3	1461	9
899	3	626	29
899	3	939	20
899	3	1513	9
900	3	678	29
900	3	1982	20
901	3	574	29
901	3	887	30
902	3	1200	30
902	3	1669	9
903	3	678	30
903	3	1043	20
903	3	1617	9
905	3	1304	29
906	3	678	30
906	3	991	20
907	3	2139	29
908	3	782	30
908	3	1095	20
909	3	2087	29
910	3	1304	29
910	3	1826	20
911	3	678	29
912	3	834	29
912	3	887	30
913	3	1408	29
913	3	1774	20
914	3	1043	30
914	3	1356	20
914	3	1722	9
915	3	1356	29
916	3	626	29
916	3	991	20
916	3	1565	9
917	3	834	30
917	3	2295	20
918	3	1356	29
918	3	1669	20
919	3	1408	29
920	3	574	29
921	3	521	29
922	3	1617	30
922	3	1982	20
923	3	1356	29
924	3	887	29
924	3	939	30
924	3	1252	20
924	3	1565	9
925	3	730	30
925	3	1043	20
926	3	1043	30
926	3	1356	20
926	3	1878	9
927	3	626	29
927	3	1461	20
929	3	678	29
929	3	1043	20
929	3	1774	9
930	3	834	29
931	3	574	29
931	3	887	20
931	3	1304	9
931	3	1617	12
931	3	2087	30
932	3	1252	29
932	3	1826	20
933	3	1408	29
933	3	1774	20
934	3	782	29
934	3	1461	20
935	3	678	30
935	3	991	20
936	3	521	29
937	3	626	29
938	3	782	29
938	3	1565	20
939	3	1304	29
940	3	782	30
940	3	1200	20
940	3	1617	9
941	3	678	29
941	3	730	30
941	3	1461	9
941	3	1826	12
942	3	626	30
942	3	939	20
942	3	1356	9
942	3	1722	12
943	3	521	29
944	3	469	29
944	3	1826	20
945	3	1513	29
946	3	521	29
946	3	1774	20
947	3	678	29
947	3	991	20
947	3	1304	9
947	3	1617	12
947	3	1930	30
948	3	730	29
948	3	782	30
949	3	574	30
949	3	887	20
949	3	1200	9
949	3	1513	12
950	3	626	29
950	3	678	20
950	3	1722	9
951	3	2139	29
952	3	1930	29
953	3	626	29
953	3	939	20
953	3	1617	9
954	3	521	29
954	3	834	20
954	3	1669	9
955	3	1252	29
957	3	1461	29
958	3	782	29
959	3	2295	29
960	3	991	30
960	3	1304	20
961	3	887	30
961	3	1252	20
962	3	2191	29
963	3	730	30
963	3	2243	20
964	3	782	29
964	3	1095	20
964	3	1408	9
964	3	1722	12
965	3	626	29
965	3	1513	20
966	3	521	29
966	3	887	20
966	3	2191	9
967	3	1408	29
968	3	887	30
968	3	1826	20
969	3	469	29
969	3	1252	20
969	3	2087	9
971	3	887	29
971	3	939	30
971	3	1252	20
971	3	2295	9
972	3	626	29
972	3	939	20
972	3	1252	9
972	3	1565	12
972	3	1878	30
973	3	469	29
973	3	887	30
974	3	991	30
975	3	1356	29
976	3	1043	30
976	3	1356	20
976	3	1722	9
977	3	1722	29
978	3	782	29
978	3	834	30
978	3	1148	20
978	3	1774	9
979	3	1408	29
979	3	2139	20
980	3	1774	29
981	3	678	29
981	3	1356	20
981	3	1774	9
982	3	782	30
982	3	1461	20
983	3	574	29
983	3	887	20
984	3	782	29
984	3	1461	20
985	3	1304	29
985	3	1617	20
987	3	1252	29
988	3	887	30
988	3	2139	20
989	3	574	29
989	3	887	20
990	3	1774	29
992	3	1774	29
993	3	574	29
994	3	2139	29
995	3	574	29
995	3	887	20
996	3	1356	29
998	3	1043	20
998	3	1252	29
998	3	1565	9
998	3	1878	12
998	3	2191	30
999	3	1461	29
0	4	626	29
0	4	991	30
1	4	626	29
2	4	834	30
3	4	1095	28
3	4	1356	29
4	4	834	30
4	4	1774	28
5	4	730	30
6	4	991	28
6	4	1252	29
7	4	626	29
7	4	1148	28
8	4	1043	30
9	4	1878	28
9	4	2139	29
10	4	574	29
11	4	2295	28
12	4	887	29
12	4	2087	28
13	4	834	29
13	4	1826	28
14	4	626	29
14	4	678	30
15	4	782	30
16	4	678	29
16	4	1148	28
17	4	626	29
18	4	730	29
18	4	782	30
19	4	1722	28
19	4	1982	29
20	4	834	30
20	4	1408	28
21	4	626	29
21	4	678	30
22	4	678	29
22	4	1200	28
23	4	730	30
24	4	730	30
25	4	1408	28
25	4	1669	29
26	4	1095	30
27	4	678	30
28	4	469	29
28	4	1043	28
29	4	574	29
29	4	1304	28
30	4	1148	28
30	4	1408	29
31	4	887	30
32	4	1043	28
32	4	1304	29
33	4	782	30
33	4	1930	28
34	4	469	29
34	4	991	28
34	4	2295	30
35	4	782	30
35	4	2295	28
36	4	782	30
37	4	1826	30
38	4	939	30
39	4	887	30
40	4	574	29
40	4	1878	28
40	4	1930	30
41	4	1148	28
41	4	1408	29
42	4	1095	30
43	4	730	30
44	4	1408	28
44	4	1669	29
45	4	1043	30
46	4	782	29
47	4	991	28
47	4	1252	29
48	4	1878	28
48	4	2139	29
49	4	730	30
49	4	2295	28
50	4	1356	28
50	4	1617	29
51	4	1461	28
51	4	1722	29
52	4	730	29
52	4	2243	28
53	4	782	30
53	4	1930	28
55	4	887	30
56	4	1095	28
56	4	1356	29
57	4	521	29
57	4	887	30
57	4	1722	28
58	4	939	30
59	4	678	29
59	4	2191	28
60	4	887	29
60	4	1826	28
61	4	730	29
61	4	2035	28
62	4	834	30
62	4	2139	28
63	4	469	29
63	4	939	30
63	4	1252	28
64	4	1826	28
64	4	2087	29
65	4	469	29
65	4	991	28
66	4	1148	28
66	4	1408	29
67	4	1148	30
68	4	1304	28
68	4	1565	29
69	4	626	29
69	4	1095	28
70	4	730	30
71	4	1043	28
71	4	1304	29
73	4	1461	28
73	4	1722	29
74	4	574	29
74	4	1878	28
75	4	678	29
76	4	1200	28
76	4	1461	29
77	4	1252	28
77	4	1513	29
78	4	1148	28
78	4	1408	29
79	4	1356	28
79	4	1617	29
80	4	730	29
81	4	939	30
82	4	1304	30
82	4	2035	28
83	4	834	29
83	4	1252	28
84	4	887	30
85	4	1461	28
85	4	1722	29
86	4	834	29
86	4	1408	28
87	4	678	30
87	4	1982	28
88	4	1148	28
88	4	1408	29
89	4	574	29
89	4	1043	28
90	4	1148	28
90	4	1408	29
91	4	991	30
92	4	730	30
93	4	1148	28
93	4	1408	29
94	4	1617	28
94	4	1878	29
95	4	626	29
95	4	1617	28
96	4	782	29
96	4	1148	28
97	4	1095	28
97	4	1356	29
98	4	1461	28
98	4	1722	29
99	4	782	29
99	4	1356	28
100	4	1148	28
100	4	1408	29
101	4	939	30
102	4	991	30
103	4	626	29
103	4	1200	28
104	4	991	30
105	4	2087	28
106	4	469	29
106	4	991	28
106	4	1878	30
107	4	574	29
107	4	2087	28
107	4	2295	30
108	4	730	30
109	4	1095	28
109	4	1356	29
110	4	626	29
111	4	1565	30
112	4	521	29
112	4	1095	28
113	4	678	30
114	4	1200	30
115	4	1200	28
115	4	1461	29
116	4	1252	28
116	4	1513	29
117	4	1252	28
117	4	1513	29
118	4	1095	28
118	4	1356	29
119	4	1095	28
119	4	1356	29
120	4	1408	30
120	4	2191	28
121	4	1095	28
121	4	1356	29
122	4	678	29
122	4	2139	28
123	4	1826	28
123	4	2087	29
124	4	678	29
125	4	834	30
126	4	626	30
127	4	626	29
127	4	939	30
128	4	678	30
129	4	991	28
129	4	1252	29
130	4	834	30
131	4	939	30
131	4	1252	28
132	4	574	29
133	4	991	30
134	4	1304	30
134	4	1878	28
135	4	730	30
136	4	574	29
136	4	626	30
136	4	1565	28
137	4	469	29
137	4	939	30
137	4	1252	28
138	4	626	29
138	4	1930	28
138	4	2087	30
139	4	730	29
139	4	1669	28
139	4	1982	30
140	4	1565	28
140	4	1826	29
141	4	521	29
141	4	939	30
141	4	1669	28
142	4	574	29
142	4	1356	28
143	4	1148	28
143	4	1408	29
145	4	1095	28
145	4	1356	29
146	4	782	30
147	4	939	30
148	4	1148	28
148	4	1408	29
149	4	730	29
149	4	782	30
149	4	2139	28
150	4	782	30
150	4	2243	28
151	4	626	29
151	4	1408	28
152	4	834	30
152	4	2139	28
153	4	1461	30
153	4	2243	28
154	4	678	29
154	4	1043	28
155	4	574	29
155	4	887	30
155	4	2087	28
156	4	678	30
158	4	887	30
159	4	574	29
159	4	1982	28
159	4	2191	30
160	4	1148	30
161	4	1408	28
161	4	1669	29
162	4	834	29
162	4	1148	28
163	4	834	29
163	4	1669	28
164	4	782	29
165	4	782	30
166	4	1669	28
166	4	1930	29
167	4	1043	28
167	4	1304	29
169	4	626	29
170	4	626	29
171	4	626	29
171	4	1722	28
172	4	991	28
172	4	1252	29
173	4	1148	28
173	4	1408	29
174	4	574	29
174	4	1095	28
175	4	887	30
175	4	2191	28
176	4	521	29
176	4	991	28
177	4	1513	28
177	4	1774	29
178	4	1930	28
178	4	2191	29
179	4	834	30
180	4	991	28
180	4	1252	29
181	4	678	29
181	4	730	30
182	4	521	29
182	4	1513	28
183	4	730	30
183	4	2243	28
184	4	834	29
184	4	1774	28
185	4	834	30
186	4	1982	28
186	4	2243	29
187	4	469	29
187	4	991	28
188	4	834	29
188	4	1878	28
189	4	1095	30
189	4	2139	28
190	4	991	28
190	4	1252	29
191	4	678	29
192	4	1043	28
192	4	1304	29
193	4	991	30
193	4	2295	28
194	4	2087	30
196	4	626	29
196	4	678	30
196	4	1513	28
198	4	991	30
198	4	1304	28
199	4	730	30
199	4	2139	28
200	4	1043	28
200	4	1304	29
201	4	1513	28
201	4	1774	29
202	4	730	29
202	4	1148	28
203	4	521	29
203	4	1043	28
204	4	834	29
204	4	887	30
205	4	1148	28
205	4	1408	29
206	4	626	29
206	4	678	30
206	4	1513	28
207	4	626	29
207	4	2139	28
208	4	678	30
208	4	1356	28
209	4	2035	28
209	4	2295	29
210	4	887	30
211	4	1356	28
211	4	1617	29
212	4	574	29
212	4	1148	28
213	4	1461	28
213	4	1722	29
214	4	574	29
215	4	1095	28
215	4	1356	29
216	4	730	29
216	4	2243	28
217	4	1095	28
217	4	1356	29
218	4	887	30
218	4	1408	28
219	4	1930	28
219	4	2191	29
220	4	1200	28
220	4	1461	29
221	4	469	29
221	4	939	30
221	4	1252	28
222	4	1826	28
222	4	2087	29
223	4	574	29
223	4	1930	28
224	4	574	29
224	4	1148	28
225	4	678	29
225	4	1826	28
225	4	2035	30
226	4	782	30
227	4	1095	30
227	4	2087	28
228	4	626	30
229	4	521	29
229	4	1043	28
230	4	678	30
231	4	626	29
231	4	678	30
232	4	678	29
232	4	991	28
233	4	1148	28
233	4	1408	29
235	4	1356	28
235	4	1617	29
236	4	678	29
236	4	1878	28
237	4	626	29
238	4	834	29
239	4	1043	28
239	4	1304	29
240	4	678	30
240	4	2035	28
241	4	469	29
241	4	991	28
242	4	991	30
242	4	2295	28
243	4	626	29
243	4	678	30
243	4	1878	28
244	4	678	29
244	4	730	30
245	4	1043	28
245	4	1304	29
246	4	1878	28
246	4	2139	29
248	4	678	29
249	4	678	30
250	4	626	29
250	4	1878	28
250	4	2243	30
251	4	939	30
252	4	1200	28
252	4	1461	29
253	4	521	29
253	4	1461	28
255	4	730	29
255	4	1252	28
256	4	521	29
256	4	1043	28
257	4	1043	28
257	4	1304	29
258	4	626	29
259	4	730	30
260	4	782	30
262	4	678	29
262	4	1095	28
263	4	574	29
264	4	887	29
265	4	782	30
266	4	1095	30
267	4	678	30
268	4	782	29
268	4	1095	28
269	4	678	29
270	4	521	29
270	4	1513	28
271	4	834	30
271	4	1304	28
272	4	678	30
272	4	1669	28
273	4	2087	28
274	4	1043	28
274	4	1304	29
275	4	1356	28
275	4	1617	29
276	4	1982	28
276	4	2243	29
277	4	2035	30
278	4	1304	28
278	4	1565	29
279	4	1095	28
279	4	1356	29
280	4	521	29
280	4	1356	28
282	4	1356	28
282	4	1617	29
283	4	1095	28
283	4	1356	29
284	4	626	29
284	4	1148	30
284	4	1669	28
285	4	1043	28
285	4	1304	29
286	4	521	29
286	4	939	30
286	4	1930	28
287	4	1095	28
287	4	1356	29
288	4	834	29
288	4	887	30
289	4	834	29
289	4	2191	28
291	4	1669	30
292	4	1304	28
292	4	1565	29
293	4	521	29
293	4	834	30
293	4	1774	28
294	4	574	29
294	4	991	28
295	4	887	29
295	4	1408	28
296	4	730	30
297	4	1095	28
297	4	1356	29
298	4	574	29
298	4	1095	28
299	4	730	29
300	4	782	29
300	4	1826	28
301	4	521	29
302	4	626	29
302	4	1304	28
303	4	469	29
303	4	834	30
303	4	1669	28
304	4	678	30
306	4	678	30
307	4	1930	30
308	4	469	29
308	4	939	30
308	4	1565	28
309	4	521	29
309	4	834	30
309	4	1722	28
310	4	834	30
310	4	1878	28
311	4	574	29
311	4	1930	28
312	4	782	29
312	4	1408	28
313	4	1408	30
314	4	1148	28
314	4	1408	29
315	4	1095	30
316	4	1930	28
316	4	2191	29
317	4	1148	28
317	4	1408	29
318	4	1252	28
318	4	1513	29
319	4	1513	28
319	4	1774	29
320	4	1148	28
320	4	1408	29
321	4	626	29
322	4	574	30
322	4	1878	28
323	4	1722	28
323	4	1982	29
324	4	1148	28
324	4	1408	29
325	4	1095	28
325	4	1356	29
326	4	574	29
326	4	887	30
327	4	1043	28
327	4	1304	29
328	4	574	29
328	4	1617	28
329	4	1252	28
329	4	1513	29
330	4	521	29
330	4	1043	28
331	4	678	29
332	4	626	29
332	4	1200	28
333	4	678	29
333	4	2243	28
334	4	1095	28
334	4	1356	29
335	4	574	29
335	4	887	30
336	4	678	29
337	4	626	29
337	4	1408	28
338	4	834	29
338	4	1930	28
339	4	730	29
340	4	1043	28
340	4	1304	29
341	4	1095	28
341	4	1356	29
342	4	521	29
342	4	991	28
343	4	626	29
344	4	1878	28
344	4	2139	29
345	4	1043	28
345	4	1304	29
346	4	887	30
346	4	1930	28
347	4	730	29
347	4	1513	28
348	4	626	29
348	4	1200	28
349	4	730	30
349	4	1722	28
350	4	1878	28
350	4	2139	29
351	4	939	30
352	4	834	30
352	4	1408	28
353	4	730	30
354	4	626	30
354	4	1669	28
355	4	887	30
356	4	574	29
356	4	1148	28
357	4	730	30
357	4	1774	28
358	4	782	29
358	4	1148	28
360	4	1617	30
360	4	2191	28
361	4	991	30
362	4	991	28
362	4	1252	29
364	4	678	29
365	4	1408	28
365	4	1669	29
366	4	469	29
366	4	1043	28
367	4	521	29
367	4	1930	28
368	4	626	29
368	4	1722	28
368	4	1878	30
369	4	730	30
369	4	1200	28
370	4	626	29
371	4	782	29
372	4	1095	30
372	4	1669	28
373	4	730	29
374	4	1304	28
374	4	1565	29
375	4	1148	28
375	4	1408	29
376	4	939	30
377	4	1148	28
377	4	1408	29
378	4	887	29
378	4	1252	28
379	4	730	29
379	4	1356	28
380	4	1930	30
381	4	1304	30
382	4	730	29
383	4	1148	28
383	4	1408	29
384	4	887	30
385	4	1095	30
386	4	834	30
387	4	834	30
388	4	1930	28
388	4	2191	29
389	4	730	30
390	4	626	29
391	4	782	30
391	4	2139	28
392	4	678	29
392	4	1826	28
393	4	521	29
393	4	834	30
394	4	1252	30
395	4	1043	30
396	4	678	29
396	4	1148	30
396	4	1617	28
397	4	1095	28
397	4	1356	29
399	4	678	30
400	4	991	30
401	4	1982	28
401	4	2243	29
402	4	1043	30
403	4	1878	28
403	4	2139	29
404	4	1148	30
404	4	1930	28
405	4	991	28
405	4	1252	29
406	4	834	30
407	4	1043	28
407	4	1304	29
409	4	834	29
409	4	1565	28
410	4	678	29
410	4	1617	28
411	4	678	29
411	4	730	30
411	4	1774	28
412	4	626	29
412	4	939	30
412	4	1617	28
413	4	574	29
413	4	1617	28
413	4	1826	30
414	4	887	30
414	4	2087	28
415	4	678	29
416	4	1200	28
416	4	1461	29
417	4	730	30
418	4	991	30
419	4	730	30
419	4	1200	28
420	4	574	29
420	4	1095	28
421	4	1878	28
421	4	2139	29
422	4	678	29
422	4	1774	28
423	4	782	29
423	4	1148	28
424	4	678	30
424	4	1774	28
425	4	1043	30
426	4	887	29
426	4	1200	28
426	4	2191	30
427	4	1930	28
427	4	2191	29
428	4	730	30
429	4	417	29
429	4	834	30
429	4	1148	28
430	4	574	29
430	4	1408	28
431	4	574	29
432	4	834	29
432	4	887	30
432	4	2139	28
433	4	1200	28
433	4	1461	29
434	4	782	29
434	4	834	30
434	4	1826	28
435	4	626	30
436	4	730	29
436	4	782	30
436	4	1774	28
437	4	730	29
437	4	782	30
438	4	417	29
438	4	939	30
438	4	1252	28
439	4	678	29
439	4	1565	28
440	4	469	29
440	4	939	30
440	4	1252	28
441	4	1565	28
441	4	1826	29
442	4	1148	30
442	4	1774	28
443	4	469	29
444	4	1356	28
444	4	1617	29
445	4	574	29
445	4	2243	28
446	4	1878	30
447	4	1356	28
447	4	1617	29
448	4	730	29
448	4	1826	28
449	4	1930	28
449	4	2191	29
450	4	2087	28
451	4	521	29
451	4	1043	28
451	4	1982	30
452	4	887	30
453	4	574	29
453	4	1669	28
453	4	1826	30
454	4	1200	28
454	4	1461	29
455	4	1043	28
455	4	1304	29
455	4	2295	30
456	4	1148	28
456	4	1408	29
457	4	469	29
457	4	991	28
458	4	1461	28
458	4	1722	29
459	4	678	29
459	4	2035	28
460	4	626	29
461	4	626	30
462	4	1095	30
463	4	939	30
463	4	2087	28
464	4	678	29
464	4	1148	28
465	4	678	29
465	4	991	28
466	4	678	29
466	4	730	30
467	4	678	30
468	4	678	29
469	4	521	29
469	4	834	30
469	4	2191	28
470	4	1304	28
470	4	1565	29
471	4	991	28
471	4	1252	29
472	4	834	30
473	4	1095	30
473	4	1617	28
474	4	782	29
474	4	834	30
475	4	678	29
475	4	1565	28
476	4	1148	28
476	4	1408	29
477	4	730	29
478	4	1095	30
480	4	1774	30
481	4	887	30
481	4	1774	28
482	4	939	30
483	4	1513	28
483	4	1774	29
484	4	1930	28
484	4	2191	29
485	4	1043	28
485	4	1304	29
486	4	1148	28
486	4	1408	29
487	4	574	29
488	4	1148	28
488	4	1408	29
489	4	626	29
489	4	2139	28
490	4	521	29
490	4	1043	28
490	4	2035	30
491	4	1200	30
491	4	1826	28
492	4	730	29
492	4	1148	28
492	4	2191	30
493	4	521	29
494	4	834	29
495	4	574	29
495	4	1095	28
496	4	1043	30
496	4	2243	28
497	4	678	30
498	4	1043	30
499	4	782	30
500	4	678	30
500	4	1669	28
501	4	1148	28
501	4	1408	29
502	4	1148	30
502	4	1617	28
503	4	626	29
503	4	1617	28
503	4	1878	30
504	4	1774	28
504	4	2035	29
505	4	1148	28
505	4	1408	29
506	4	834	29
506	4	1304	28
507	4	1461	28
507	4	1722	29
508	4	730	29
508	4	1826	28
508	4	2191	30
510	4	1878	28
510	4	2139	29
512	4	678	29
512	4	1095	28
512	4	2139	30
513	4	730	29
513	4	1148	28
514	4	782	30
515	4	574	29
515	4	887	30
515	4	2191	28
516	4	1148	28
516	4	1408	29
517	4	1148	28
517	4	1408	29
518	4	678	29
518	4	1148	28
519	4	834	30
520	4	574	29
520	4	1930	28
521	4	730	29
521	4	782	30
522	4	1095	30
522	4	1408	28
523	4	730	29
523	4	782	30
524	4	1930	28
524	4	2191	29
525	4	991	28
525	4	1252	29
525	4	2295	30
526	4	1878	28
526	4	2139	29
527	4	678	30
528	4	574	29
529	4	678	29
529	4	1095	30
529	4	1617	28
530	4	1148	28
530	4	1408	29
531	4	1043	28
531	4	1304	29
532	4	678	29
532	4	1148	28
533	4	1878	28
533	4	2139	29
534	4	626	29
534	4	2035	30
535	4	1408	28
535	4	1669	29
536	4	1148	28
536	4	1408	29
537	4	1095	30
538	4	678	29
539	4	626	29
540	4	991	28
540	4	1252	29
541	4	730	30
542	4	730	29
542	4	1200	28
543	4	1043	28
543	4	1304	29
544	4	782	30
544	4	1200	28
545	4	574	29
545	4	2035	28
546	4	1095	28
546	4	1356	29
547	4	939	30
547	4	1982	28
548	4	1148	28
548	4	1408	29
549	4	1148	28
549	4	1408	29
550	4	678	29
550	4	730	30
550	4	1669	28
551	4	678	30
551	4	1774	28
552	4	1200	28
552	4	1461	29
553	4	521	29
553	4	1095	28
554	4	626	30
555	4	521	29
555	4	887	30
555	4	1617	28
556	4	574	29
556	4	1043	28
557	4	1304	28
557	4	1565	29
558	4	678	30
559	4	782	29
559	4	1148	28
560	4	1148	28
560	4	1408	29
561	4	574	29
561	4	1356	28
562	4	730	29
562	4	1148	28
563	4	1095	28
563	4	1356	29
564	4	1148	28
564	4	1408	29
565	4	782	29
565	4	834	30
565	4	1826	28
566	4	782	30
567	4	469	29
567	4	1095	28
568	4	678	30
569	4	678	29
569	4	1148	28
570	4	1148	28
570	4	1408	29
571	4	521	29
571	4	939	30
572	4	1252	28
572	4	1513	29
573	4	2191	28
575	4	521	29
575	4	887	30
575	4	1669	28
576	4	1043	28
576	4	1304	29
577	4	626	29
578	4	782	29
578	4	1408	28
579	4	574	29
580	4	1774	28
580	4	2035	29
581	4	887	29
581	4	1200	28
581	4	2243	30
582	4	1148	30
582	4	1878	28
583	4	678	29
583	4	1617	28
583	4	1826	30
584	4	521	29
584	4	991	28
585	4	626	29
585	4	1043	30
585	4	1565	28
586	4	1095	30
586	4	1408	28
587	4	469	29
587	4	834	30
587	4	1722	28
588	4	939	30
589	4	887	30
590	4	782	30
591	4	1252	28
591	4	1513	29
593	4	1252	30
594	4	574	29
594	4	1252	28
595	4	730	29
595	4	1774	28
595	4	1982	30
596	4	521	29
596	4	1043	28
597	4	1513	30
598	4	521	29
598	4	834	30
599	4	626	29
600	4	1408	28
600	4	1669	29
601	4	782	30
602	4	1095	28
602	4	1356	29
603	4	521	29
604	4	574	29
604	4	1095	28
604	4	2243	30
605	4	1043	28
605	4	1304	29
606	4	1043	30
607	4	626	30
607	4	2295	28
608	4	887	29
610	4	2087	28
611	4	521	29
611	4	1043	28
612	4	1043	28
612	4	1304	29
613	4	1095	28
613	4	1356	29
614	4	1095	28
614	4	1356	29
615	4	574	29
615	4	1148	28
616	4	834	29
616	4	1148	28
617	4	1878	28
617	4	2139	29
618	4	1930	28
618	4	2191	29
619	4	730	29
619	4	1513	28
620	4	678	29
621	4	730	29
621	4	1095	28
622	4	626	30
623	4	887	29
623	4	1461	28
624	4	834	30
625	4	1043	28
625	4	1304	29
626	4	887	29
627	4	939	30
628	4	1095	30
628	4	1565	28
629	4	626	29
629	4	1669	28
630	4	574	29
630	4	1095	28
631	4	939	30
631	4	2087	28
632	4	574	29
632	4	2243	28
633	4	1356	28
633	4	1617	29
634	4	1095	28
634	4	1356	29
635	4	1200	28
635	4	1461	29
636	4	1982	28
636	4	2243	29
637	4	782	29
638	4	1826	28
638	4	2087	29
639	4	782	30
639	4	2191	28
640	4	574	29
640	4	1982	28
641	4	1043	30
642	4	1095	28
642	4	1356	29
643	4	2139	28
644	4	887	30
645	4	1148	30
645	4	1461	28
646	4	626	29
647	4	1200	28
647	4	1461	29
648	4	1148	30
648	4	1617	28
649	4	834	29
649	4	887	30
650	4	1252	28
650	4	1513	29
651	4	939	30
652	4	1043	30
653	4	991	30
654	4	626	29
654	4	1513	28
655	4	521	29
655	4	1043	28
656	4	469	29
656	4	939	30
656	4	1252	28
657	4	887	29
657	4	939	30
658	4	887	29
658	4	939	30
658	4	2035	28
659	4	1043	28
659	4	1304	29
660	4	574	29
660	4	1826	28
661	4	834	29
662	4	1095	30
662	4	1408	28
663	4	782	29
663	4	1252	28
664	4	730	30
664	4	2035	28
665	4	730	29
665	4	782	30
666	4	626	29
667	4	730	30
668	4	730	29
668	4	1200	28
669	4	1356	30
670	4	626	29
670	4	1148	28
671	4	887	29
672	4	626	29
672	4	1356	28
673	4	521	29
673	4	1200	28
674	4	1095	30
674	4	1461	28
675	4	991	28
675	4	1252	29
676	4	574	29
676	4	2035	28
677	4	574	29
677	4	1095	28
678	4	730	30
679	4	1043	28
679	4	1304	29
680	4	782	29
680	4	1148	28
681	4	678	29
681	4	1513	28
682	4	887	30
683	4	1095	28
683	4	1356	29
684	4	834	29
684	4	1148	28
685	4	991	30
686	4	834	30
687	4	1200	28
687	4	1461	29
688	4	1095	28
688	4	1356	29
689	4	1043	28
689	4	1304	29
690	4	991	30
691	4	834	29
691	4	887	30
691	4	1982	28
692	4	991	30
693	4	469	29
693	4	887	30
693	4	1200	28
694	4	939	30
695	4	574	29
696	4	678	29
696	4	1304	28
697	4	782	30
697	4	2243	28
698	4	1304	28
698	4	1565	29
699	4	469	29
699	4	939	30
699	4	1252	28
700	4	1043	30
701	4	678	29
701	4	1095	28
701	4	2243	30
702	4	991	30
703	4	469	29
703	4	1043	28
704	4	1878	28
704	4	2139	29
705	4	782	29
705	4	1252	28
706	4	678	30
707	4	834	30
708	4	1043	28
708	4	1304	29
709	4	887	30
709	4	2139	28
710	4	887	29
710	4	939	30
711	4	991	28
711	4	1252	29
711	4	2295	30
712	4	626	29
712	4	1148	28
713	4	1461	28
713	4	1722	29
714	4	678	29
715	4	574	29
715	4	1095	28
716	4	574	29
717	4	834	29
717	4	1148	28
717	4	2139	30
718	4	782	29
718	4	834	30
718	4	2295	28
719	4	626	29
719	4	1617	28
720	4	1878	28
720	4	2139	29
721	4	1148	30
722	4	469	29
722	4	887	30
722	4	1617	28
723	4	521	29
723	4	1356	28
724	4	521	29
724	4	1930	28
725	4	834	30
726	4	469	29
726	4	991	28
727	4	1095	28
727	4	1356	29
728	4	1774	28
728	4	2035	29
729	4	834	30
730	4	1148	30
730	4	1669	28
731	4	678	29
731	4	730	30
732	4	887	30
733	4	834	29
733	4	887	30
734	4	730	30
735	4	1878	28
735	4	2139	29
736	4	730	29
736	4	1304	28
737	4	782	30
737	4	2087	28
738	4	887	30
738	4	1930	28
739	4	1043	28
739	4	1304	29
741	4	939	30
742	4	626	29
742	4	1878	28
742	4	2035	30
743	4	574	29
743	4	939	30
744	4	1095	28
744	4	1356	29
745	4	782	29
745	4	1826	28
746	4	1148	28
746	4	1408	29
747	4	1252	30
748	4	1878	28
748	4	2139	29
749	4	1095	28
749	4	1356	29
750	4	626	29
750	4	2087	28
751	4	887	29
752	4	678	29
752	4	1095	28
752	4	2191	30
753	4	730	29
753	4	782	30
753	4	1930	28
754	4	574	29
754	4	991	28
755	4	730	29
755	4	782	30
756	4	782	29
756	4	834	30
756	4	1826	28
757	4	1408	28
757	4	1669	29
758	4	626	29
759	4	1148	28
759	4	1408	29
760	4	469	29
760	4	939	30
760	4	1930	28
761	4	469	29
761	4	991	28
762	4	1095	30
763	4	1095	28
763	4	1356	29
765	4	730	29
765	4	782	30
766	4	887	30
767	4	1043	28
767	4	1304	29
768	4	1252	28
768	4	1513	29
769	4	626	29
769	4	1878	28
770	4	1878	28
770	4	2139	29
771	4	1043	28
771	4	1304	29
772	4	574	29
772	4	1826	28
773	4	1252	28
773	4	1513	29
774	4	626	30
775	4	1043	28
775	4	1304	29
776	4	678	30
776	4	1982	28
777	4	1878	28
777	4	2139	29
778	4	678	29
778	4	1826	28
779	4	1878	28
779	4	2139	29
780	4	1930	28
780	4	2191	29
781	4	574	29
781	4	1252	28
782	4	887	30
782	4	2087	28
783	4	1200	28
783	4	1461	29
784	4	730	30
785	4	782	30
785	4	2139	28
786	4	521	29
786	4	2087	28
787	4	1148	28
787	4	1408	29
788	4	782	30
789	4	1043	28
789	4	1304	29
790	4	574	29
790	4	1148	28
791	4	1148	28
791	4	1408	29
792	4	887	30
793	4	678	29
793	4	730	30
793	4	2243	28
794	4	521	29
794	4	939	30
795	4	1252	28
795	4	1513	29
796	4	1148	28
796	4	1408	29
797	4	730	29
798	4	730	29
798	4	1356	28
799	4	2295	28
800	4	1148	28
800	4	1408	29
801	4	1148	28
801	4	1408	29
802	4	834	30
803	4	939	30
804	4	1095	30
805	4	2191	28
806	4	1148	28
806	4	1408	29
807	4	626	29
807	4	1565	28
807	4	1878	30
808	4	1878	28
808	4	2139	29
809	4	1565	28
809	4	1826	29
810	4	678	29
810	4	730	30
811	4	626	29
812	4	782	29
812	4	834	30
812	4	2035	28
813	4	1356	30
815	4	626	30
816	4	887	29
816	4	1252	28
817	4	1982	28
817	4	2243	29
818	4	991	30
819	4	1252	28
819	4	1513	29
820	4	1878	30
820	4	2295	28
821	4	1095	28
821	4	1356	29
822	4	678	29
822	4	730	30
823	4	626	29
823	4	1826	28
823	4	2087	30
824	4	991	28
824	4	1252	29
825	4	730	29
825	4	1095	28
826	4	678	29
826	4	1095	28
827	4	574	29
827	4	1930	28
828	4	1148	28
828	4	1408	29
829	4	1878	28
829	4	2139	29
830	4	887	29
830	4	1304	28
831	4	939	30
831	4	1878	28
832	4	730	29
832	4	1774	28
832	4	2035	30
833	4	1095	28
833	4	1356	29
834	4	678	29
834	4	1095	28
834	4	2139	30
835	4	1043	30
836	4	1930	28
836	4	2191	29
837	4	1043	28
837	4	1304	29
838	4	730	30
838	4	2087	28
839	4	1200	28
839	4	1461	29
840	4	574	30
840	4	1617	28
841	4	834	30
842	4	574	29
842	4	1043	28
842	4	2295	30
843	4	678	29
843	4	730	30
843	4	1722	28
844	4	1043	28
844	4	1304	29
845	4	1095	28
845	4	1356	29
846	4	1252	28
846	4	1513	29
847	4	1095	28
847	4	1356	29
848	4	521	29
848	4	834	30
849	4	1878	28
849	4	2139	29
850	4	782	29
850	4	1722	28
851	4	2035	28
851	4	2295	29
852	4	626	29
853	4	1148	28
853	4	1408	29
854	4	1043	28
854	4	1304	29
855	4	834	30
856	4	1095	30
857	4	1148	28
857	4	1408	29
858	4	1148	28
858	4	1408	29
859	4	626	29
860	4	1356	28
860	4	1617	29
861	4	834	29
861	4	887	30
862	4	1304	28
862	4	1565	29
863	4	834	29
863	4	887	30
864	4	626	30
864	4	1826	28
865	4	730	30
866	4	574	29
867	4	1408	30
867	4	2295	28
868	4	782	30
869	4	730	29
869	4	1095	28
870	4	1043	28
870	4	1304	29
871	4	1043	28
871	4	1304	29
873	4	678	29
873	4	730	30
873	4	1774	28
875	4	991	30
876	4	730	30
877	4	678	30
877	4	1669	28
878	4	1095	28
878	4	1356	29
879	4	1095	30
880	4	626	29
881	4	678	29
882	4	1148	28
882	4	1408	29
883	4	1461	28
883	4	1722	29
884	4	834	30
885	4	678	29
885	4	1722	28
886	4	626	29
886	4	1408	28
887	4	991	30
888	4	730	29
888	4	2243	28
889	4	1148	28
889	4	1408	29
890	4	1148	28
890	4	1408	29
891	4	834	29
891	4	887	30
892	4	1304	28
892	4	1565	29
893	4	887	30
894	4	939	30
895	4	417	29
895	4	887	30
895	4	1252	28
896	4	626	29
897	4	678	30
897	4	1252	28
898	4	834	30
899	4	626	29
899	4	991	28
900	4	678	29
900	4	1200	28
901	4	574	29
901	4	887	30
902	4	1200	30
903	4	678	30
903	4	1200	28
905	4	1043	28
905	4	1304	29
906	4	678	30
907	4	1878	28
907	4	2139	29
908	4	782	30
909	4	1826	28
909	4	2087	29
910	4	1043	28
910	4	1304	29
911	4	678	29
911	4	2191	28
912	4	834	29
912	4	887	30
913	4	1148	28
913	4	1408	29
914	4	1043	30
914	4	1461	28
915	4	1095	28
915	4	1356	29
916	4	626	29
916	4	1095	28
917	4	834	30
917	4	1982	28
918	4	1095	28
918	4	1356	29
919	4	1148	28
919	4	1408	29
920	4	574	29
920	4	1356	28
921	4	521	29
921	4	2243	28
922	4	1617	30
923	4	1095	28
923	4	1356	29
924	4	887	29
924	4	939	30
924	4	1774	28
925	4	730	30
926	4	1043	30
927	4	626	29
927	4	1095	28
929	4	678	29
929	4	1252	28
930	4	834	29
931	4	574	29
931	4	1669	28
931	4	2087	30
932	4	991	28
932	4	1252	29
933	4	1148	28
933	4	1408	29
934	4	782	29
934	4	1200	28
935	4	678	30
936	4	521	29
936	4	1408	28
937	4	626	29
937	4	1878	28
938	4	782	29
938	4	1148	28
939	4	1043	28
939	4	1304	29
940	4	782	30
940	4	1304	28
941	4	678	29
941	4	730	30
941	4	2087	28
942	4	626	30
942	4	2295	28
943	4	521	29
943	4	2139	28
944	4	469	29
944	4	991	28
945	4	1252	28
945	4	1513	29
946	4	521	29
946	4	1043	28
947	4	678	29
947	4	1669	28
947	4	1930	30
948	4	730	29
948	4	782	30
949	4	574	30
949	4	1669	28
950	4	626	29
951	4	1878	28
951	4	2139	29
952	4	1669	28
952	4	1930	29
953	4	626	29
954	4	521	29
955	4	991	28
955	4	1252	29
957	4	1200	28
957	4	1461	29
958	4	782	29
958	4	1722	28
959	4	2035	28
959	4	2295	29
960	4	991	30
961	4	887	30
962	4	1930	28
962	4	2191	29
963	4	730	30
964	4	782	29
964	4	1826	28
965	4	626	29
965	4	1148	28
966	4	521	29
966	4	991	28
967	4	1148	28
967	4	1408	29
968	4	887	30
969	4	469	29
969	4	991	28
971	4	887	29
971	4	939	30
972	4	626	29
972	4	1669	28
972	4	1878	30
973	4	469	29
973	4	887	30
974	4	991	30
975	4	1095	28
975	4	1356	29
976	4	1043	30
977	4	1461	28
977	4	1722	29
978	4	782	29
978	4	834	30
979	4	1148	28
979	4	1408	29
980	4	1513	28
980	4	1774	29
981	4	678	29
981	4	1095	28
982	4	782	30
983	4	574	29
984	4	782	29
984	4	1148	28
985	4	1043	28
985	4	1304	29
986	4	2087	28
987	4	991	28
987	4	1252	29
988	4	887	30
989	4	574	29
990	4	1513	28
990	4	1774	29
992	4	1513	28
992	4	1774	29
993	4	574	29
994	4	1878	28
994	4	2139	29
995	4	574	29
996	4	1095	28
996	4	1356	29
997	4	2139	28
998	4	991	28
998	4	1252	29
998	4	2191	30
999	4	1200	28
999	4	1461	29
0	5	365	24
0	5	626	29
0	5	991	30
1	5	365	24
1	5	626	29
2	5	365	24
2	5	834	30
3	5	1095	28
3	5	1356	29
4	5	365	24
4	5	834	30
4	5	1774	28
4	5	2139	25
5	5	365	24
5	5	730	30
6	5	365	24
6	5	991	28
6	5	1252	29
7	5	626	29
7	5	1148	28
8	5	417	24
8	5	1043	30
9	5	1878	28
9	5	2139	29
10	5	365	24
10	5	574	29
11	5	2295	28
12	5	887	29
12	5	2087	28
13	5	834	29
13	5	1826	28
14	5	365	24
14	5	626	29
14	5	678	30
15	5	365	24
15	5	782	30
16	5	365	24
16	5	678	29
16	5	1148	28
17	5	365	24
17	5	626	29
18	5	365	24
18	5	730	29
18	5	782	30
19	5	1722	28
19	5	1982	29
20	5	417	24
20	5	834	30
20	5	1408	28
21	5	365	24
21	5	626	29
21	5	678	30
22	5	678	29
22	5	1200	28
23	5	365	24
23	5	730	30
24	5	365	24
24	5	730	30
25	5	1408	28
25	5	1669	29
26	5	417	24
26	5	1095	30
27	5	365	24
27	5	678	30
28	5	469	29
28	5	1043	28
29	5	574	29
29	5	1304	28
30	5	1148	28
30	5	1408	29
31	5	365	24
31	5	887	30
32	5	1043	28
32	5	1304	29
33	5	417	24
33	5	782	30
33	5	1930	28
34	5	469	29
34	5	991	28
34	5	2295	30
35	5	365	24
35	5	782	30
35	5	2295	28
36	5	365	24
36	5	782	30
37	5	365	24
37	5	1826	30
38	5	417	24
38	5	939	30
39	5	365	24
39	5	887	30
40	5	365	24
40	5	574	29
40	5	1878	28
40	5	1930	30
40	5	2243	25
41	5	469	24
41	5	1148	28
41	5	1408	29
42	5	521	24
42	5	1095	30
43	5	365	24
43	5	730	30
44	5	1408	28
44	5	1669	29
45	5	417	24
45	5	1043	30
46	5	365	24
46	5	782	29
47	5	991	28
47	5	1252	29
48	5	1878	28
48	5	2139	29
49	5	365	24
49	5	730	30
49	5	2295	28
50	5	1356	28
50	5	1617	29
51	5	1461	28
51	5	1722	29
52	5	730	29
52	5	2243	28
53	5	365	24
53	5	782	30
53	5	1930	28
53	5	2243	25
55	5	365	24
55	5	887	30
56	5	1095	28
56	5	1356	29
57	5	365	24
57	5	521	29
57	5	887	30
57	5	1722	28
58	5	365	24
58	5	939	30
59	5	365	24
59	5	678	29
59	5	2191	28
60	5	887	29
60	5	1826	28
61	5	365	24
61	5	730	29
61	5	2035	28
62	5	365	24
62	5	834	30
62	5	2139	28
63	5	469	29
63	5	939	30
63	5	1252	28
64	5	1826	28
64	5	2087	29
65	5	469	29
65	5	991	28
66	5	1148	28
66	5	1408	29
67	5	521	24
67	5	1148	30
68	5	1304	28
68	5	1565	29
69	5	626	29
69	5	1095	28
70	5	417	24
70	5	730	30
71	5	1043	28
71	5	1304	29
73	5	1461	28
73	5	1722	29
74	5	574	29
74	5	1878	28
75	5	365	24
75	5	678	29
76	5	1200	28
76	5	1461	29
77	5	1252	28
77	5	1513	29
78	5	1148	28
78	5	1408	29
79	5	521	24
79	5	1356	28
79	5	1617	29
80	5	365	24
80	5	730	29
81	5	365	24
81	5	939	30
82	5	469	24
82	5	1304	30
82	5	2035	28
83	5	834	29
83	5	1252	28
84	5	365	24
84	5	887	30
85	5	1461	28
85	5	1722	29
86	5	834	29
86	5	1408	28
87	5	365	24
87	5	678	30
87	5	1982	28
88	5	417	24
88	5	1148	28
88	5	1408	29
89	5	574	29
89	5	1043	28
90	5	1148	28
90	5	1408	29
91	5	417	24
91	5	991	30
92	5	365	24
92	5	730	30
93	5	1148	28
93	5	1408	29
94	5	1617	28
94	5	1878	29
95	5	626	29
95	5	1617	28
96	5	782	29
96	5	1148	28
97	5	1095	28
97	5	1356	29
98	5	1461	28
98	5	1722	29
99	5	782	29
99	5	1356	28
100	5	1148	28
100	5	1408	29
101	5	417	24
101	5	939	30
102	5	417	24
102	5	991	30
103	5	626	29
103	5	1200	28
104	5	365	24
104	5	991	30
105	5	2087	28
106	5	469	29
106	5	991	28
106	5	1878	30
106	5	2191	24
107	5	365	24
107	5	574	29
107	5	2087	28
107	5	2295	30
108	5	365	24
108	5	730	30
109	5	1095	28
109	5	1356	29
110	5	365	24
110	5	626	29
111	5	365	24
111	5	1565	30
112	5	521	29
112	5	1095	28
113	5	365	24
113	5	678	30
114	5	417	24
114	5	1200	30
115	5	1200	28
115	5	1461	29
116	5	1252	28
116	5	1513	29
117	5	1252	28
117	5	1513	29
118	5	1095	28
118	5	1356	29
119	5	1095	28
119	5	1356	29
120	5	521	24
120	5	1408	30
120	5	2191	28
121	5	1095	28
121	5	1356	29
122	5	365	24
122	5	678	29
122	5	2139	28
123	5	1826	28
123	5	2087	29
124	5	365	24
124	5	678	29
125	5	365	24
125	5	834	30
126	5	365	24
126	5	626	30
127	5	365	24
127	5	626	29
127	5	939	30
128	5	365	24
128	5	678	30
129	5	991	28
129	5	1252	29
130	5	365	24
130	5	834	30
131	5	469	24
131	5	939	30
131	5	1252	28
132	5	365	24
132	5	574	29
133	5	365	24
133	5	991	30
134	5	574	24
134	5	1304	30
134	5	1878	28
135	5	365	24
135	5	730	30
136	5	365	24
136	5	574	29
136	5	626	30
136	5	1565	28
137	5	469	29
137	5	939	30
137	5	1252	28
138	5	365	24
138	5	626	29
138	5	1930	28
138	5	2087	30
139	5	365	24
139	5	730	29
139	5	1669	28
139	5	1982	30
139	5	2243	25
140	5	1565	28
140	5	1826	29
141	5	365	24
141	5	521	29
141	5	939	30
141	5	1669	28
142	5	574	29
142	5	1356	28
143	5	1148	28
143	5	1408	29
145	5	1095	28
145	5	1356	29
146	5	365	24
146	5	782	30
147	5	365	24
147	5	939	30
148	5	1148	28
148	5	1408	29
149	5	365	24
149	5	730	29
149	5	782	30
149	5	2139	28
150	5	365	24
150	5	782	30
150	5	2243	28
151	5	626	29
151	5	1408	28
152	5	365	24
152	5	834	30
152	5	2139	28
153	5	469	24
153	5	1461	30
153	5	2243	28
154	5	365	24
154	5	678	29
154	5	1043	28
155	5	365	24
155	5	574	29
155	5	887	30
155	5	2087	28
156	5	365	24
156	5	678	30
158	5	365	24
158	5	887	30
159	5	365	24
159	5	574	29
159	5	1982	28
159	5	2191	30
160	5	469	24
160	5	1148	30
161	5	1408	28
161	5	1669	29
162	5	834	29
162	5	1148	28
163	5	834	29
163	5	1669	28
164	5	365	24
164	5	782	29
165	5	365	24
165	5	782	30
166	5	1669	28
166	5	1930	29
167	5	1043	28
167	5	1304	29
169	5	365	24
169	5	626	29
170	5	365	24
170	5	626	29
171	5	626	29
171	5	1722	28
172	5	991	28
172	5	1252	29
173	5	1148	28
173	5	1408	29
174	5	574	29
174	5	1095	28
175	5	365	24
175	5	887	30
175	5	2191	28
176	5	365	24
176	5	521	29
176	5	991	28
177	5	1513	28
177	5	1774	29
178	5	1930	28
178	5	2191	29
179	5	365	24
179	5	834	30
180	5	991	28
180	5	1252	29
181	5	365	24
181	5	678	29
181	5	730	30
182	5	521	29
182	5	1513	28
183	5	365	24
183	5	730	30
183	5	2243	28
184	5	834	29
184	5	1774	28
185	5	365	24
185	5	834	30
186	5	1982	28
186	5	2243	29
187	5	469	29
187	5	991	28
188	5	834	29
188	5	1878	28
189	5	469	24
189	5	1095	30
189	5	2139	28
190	5	991	28
190	5	1252	29
191	5	365	24
191	5	678	29
192	5	417	24
192	5	1043	28
192	5	1304	29
193	5	417	24
193	5	991	30
193	5	2295	28
194	5	469	24
194	5	2087	30
196	5	365	24
196	5	626	29
196	5	678	30
196	5	1513	28
196	5	1930	25
198	5	469	24
198	5	991	30
198	5	1304	28
199	5	365	24
199	5	730	30
199	5	2139	28
200	5	1043	28
200	5	1304	29
201	5	1513	28
201	5	1774	29
202	5	730	29
202	5	1148	28
203	5	521	29
203	5	1043	28
204	5	365	24
204	5	834	29
204	5	887	30
205	5	1148	28
205	5	1408	29
206	5	365	24
206	5	626	29
206	5	678	30
206	5	1513	28
206	5	1826	25
207	5	365	24
207	5	626	29
207	5	2139	28
208	5	365	24
208	5	678	30
208	5	1356	28
209	5	2035	28
209	5	2295	29
210	5	365	24
210	5	887	30
211	5	1356	28
211	5	1617	29
212	5	574	29
212	5	1148	28
213	5	1461	28
213	5	1722	29
214	5	574	29
215	5	1095	28
215	5	1356	29
216	5	730	29
216	5	2243	28
217	5	1095	28
217	5	1356	29
218	5	469	24
218	5	887	30
218	5	1408	28
219	5	1930	28
219	5	2191	29
220	5	1200	28
220	5	1461	29
221	5	469	29
221	5	939	30
221	5	1252	28
222	5	1826	28
222	5	2087	29
223	5	574	29
223	5	1930	28
224	5	574	29
224	5	1148	28
225	5	365	24
225	5	678	29
225	5	1826	28
225	5	2035	30
226	5	365	24
226	5	782	30
227	5	417	24
227	5	1095	30
227	5	2087	28
228	5	365	24
228	5	626	30
229	5	521	29
229	5	1043	28
230	5	365	24
230	5	678	30
231	5	365	24
231	5	626	29
231	5	678	30
232	5	365	24
232	5	678	29
232	5	991	28
233	5	1148	28
233	5	1408	29
235	5	1356	28
235	5	1617	29
236	5	678	29
236	5	1878	28
237	5	626	29
238	5	834	29
239	5	1043	28
239	5	1304	29
240	5	365	24
240	5	678	30
240	5	2035	28
241	5	469	29
241	5	991	28
242	5	365	24
242	5	991	30
242	5	2295	28
243	5	365	24
243	5	626	29
243	5	678	30
243	5	1878	28
243	5	2295	25
244	5	365	24
244	5	678	29
244	5	730	30
245	5	1043	28
245	5	1304	29
246	5	1878	28
246	5	2139	29
248	5	365	24
248	5	678	29
249	5	365	24
249	5	678	30
250	5	365	24
250	5	626	29
250	5	1878	28
250	5	2243	30
251	5	365	24
251	5	939	30
252	5	1200	28
252	5	1461	29
253	5	521	29
253	5	1461	28
255	5	730	29
255	5	1252	28
256	5	521	29
256	5	1043	28
257	5	1043	28
257	5	1304	29
258	5	365	24
258	5	626	29
259	5	365	24
259	5	730	30
260	5	365	24
260	5	782	30
262	5	678	29
262	5	1095	28
263	5	574	29
264	5	365	24
264	5	887	29
265	5	365	24
265	5	782	30
266	5	365	24
266	5	1095	30
267	5	365	24
267	5	678	30
268	5	782	29
268	5	1095	28
269	5	365	24
269	5	678	29
270	5	521	29
270	5	1513	28
271	5	417	24
271	5	834	30
271	5	1304	28
272	5	365	24
272	5	678	30
272	5	1669	28
272	5	1982	25
273	5	2087	28
274	5	1043	28
274	5	1304	29
275	5	1356	28
275	5	1617	29
276	5	1982	28
276	5	2243	29
277	5	521	24
277	5	2035	30
278	5	1304	28
278	5	1565	29
279	5	1095	28
279	5	1356	29
280	5	521	29
280	5	1356	28
282	5	1356	28
282	5	1617	29
283	5	1095	28
283	5	1356	29
284	5	365	24
284	5	626	29
284	5	1148	30
284	5	1669	28
285	5	1043	28
285	5	1304	29
286	5	365	24
286	5	521	29
286	5	939	30
286	5	1930	28
286	5	2243	25
287	5	1095	28
287	5	1356	29
288	5	365	24
288	5	834	29
288	5	887	30
289	5	834	29
289	5	2191	28
291	5	417	24
291	5	1669	30
292	5	1304	28
292	5	1565	29
293	5	365	24
293	5	521	29
293	5	834	30
293	5	1774	28
294	5	365	24
294	5	574	29
294	5	991	28
295	5	887	29
295	5	1408	28
296	5	365	24
296	5	730	30
297	5	1095	28
297	5	1356	29
298	5	574	29
298	5	1095	28
299	5	365	24
299	5	730	29
300	5	782	29
300	5	1826	28
301	5	365	24
301	5	521	29
302	5	365	24
302	5	626	29
302	5	1304	28
303	5	365	24
303	5	469	29
303	5	834	30
303	5	1669	28
304	5	365	24
304	5	678	30
306	5	365	24
306	5	678	30
307	5	417	24
307	5	1930	30
308	5	469	29
308	5	939	30
308	5	1565	28
309	5	365	24
309	5	521	29
309	5	834	30
309	5	1722	28
309	5	2191	25
310	5	365	24
310	5	834	30
310	5	1878	28
310	5	2191	25
311	5	574	29
311	5	1930	28
312	5	782	29
312	5	1408	28
313	5	469	24
313	5	1408	30
314	5	1148	28
314	5	1408	29
315	5	417	24
315	5	1095	30
316	5	1930	28
316	5	2191	29
317	5	1148	28
317	5	1408	29
318	5	1252	28
318	5	1513	29
319	5	1513	28
319	5	1774	29
320	5	1148	28
320	5	1408	29
321	5	365	24
321	5	626	29
322	5	365	24
322	5	574	30
322	5	1878	28
323	5	1722	28
323	5	1982	29
324	5	1148	28
324	5	1408	29
325	5	1095	28
325	5	1356	29
326	5	365	24
326	5	574	29
326	5	887	30
327	5	1043	28
327	5	1304	29
328	5	574	29
328	5	1617	28
329	5	1252	28
329	5	1513	29
330	5	521	29
330	5	1043	28
331	5	365	24
331	5	678	29
332	5	417	24
332	5	626	29
332	5	1200	28
333	5	365	24
333	5	678	29
333	5	2243	28
334	5	1095	28
334	5	1356	29
335	5	365	24
335	5	574	29
335	5	887	30
336	5	365	24
336	5	678	29
337	5	626	29
337	5	1408	28
338	5	834	29
338	5	1930	28
339	5	365	24
339	5	730	29
340	5	1043	28
340	5	1304	29
341	5	1095	28
341	5	1356	29
342	5	365	24
342	5	521	29
342	5	991	28
343	5	365	24
343	5	626	29
344	5	1878	28
344	5	2139	29
345	5	417	24
345	5	1043	28
345	5	1304	29
346	5	365	24
346	5	887	30
346	5	1930	28
347	5	417	24
347	5	730	29
347	5	1513	28
348	5	365	24
348	5	626	29
348	5	1200	28
349	5	365	24
349	5	730	30
349	5	1722	28
350	5	1878	28
350	5	2139	29
351	5	365	24
351	5	939	30
352	5	365	24
352	5	834	30
352	5	1408	28
353	5	365	24
353	5	730	30
354	5	365	24
354	5	626	30
354	5	1669	28
355	5	365	24
355	5	887	30
356	5	574	29
356	5	1148	28
357	5	365	24
357	5	730	30
357	5	1774	28
358	5	782	29
358	5	1148	28
360	5	469	24
360	5	1617	30
360	5	2191	28
361	5	365	24
361	5	991	30
362	5	991	28
362	5	1252	29
364	5	365	24
364	5	678	29
365	5	1408	28
365	5	1669	29
366	5	469	29
366	5	1043	28
367	5	365	24
367	5	521	29
367	5	1930	28
368	5	365	24
368	5	626	29
368	5	1722	28
368	5	1878	30
368	5	2243	25
369	5	365	24
369	5	730	30
369	5	1200	28
370	5	626	29
371	5	365	24
371	5	782	29
372	5	574	24
372	5	1095	30
372	5	1669	28
373	5	730	29
374	5	1304	28
374	5	1565	29
375	5	1148	28
375	5	1408	29
376	5	365	24
376	5	939	30
377	5	1148	28
377	5	1408	29
378	5	887	29
378	5	1252	28
379	5	417	24
379	5	730	29
379	5	1356	28
380	5	365	24
380	5	1930	30
381	5	365	24
381	5	1304	30
382	5	365	24
382	5	730	29
383	5	1148	28
383	5	1408	29
384	5	365	24
384	5	887	30
385	5	417	24
385	5	1095	30
386	5	365	24
386	5	834	30
387	5	365	24
387	5	834	30
388	5	1930	28
388	5	2191	29
389	5	365	24
389	5	730	30
390	5	365	24
390	5	626	29
391	5	365	24
391	5	782	30
391	5	2139	28
392	5	678	29
392	5	1826	28
393	5	365	24
393	5	521	29
393	5	834	30
394	5	417	24
394	5	1252	30
395	5	417	24
395	5	1043	30
396	5	365	24
396	5	678	29
396	5	1148	30
396	5	1617	28
397	5	1095	28
397	5	1356	29
398	5	417	24
399	5	365	24
399	5	678	30
400	5	365	24
400	5	991	30
401	5	1982	28
401	5	2243	29
402	5	365	24
402	5	1043	30
403	5	1878	28
403	5	2139	29
404	5	521	24
404	5	1148	30
404	5	1930	28
405	5	991	28
405	5	1252	29
406	5	365	24
406	5	834	30
407	5	1043	28
407	5	1304	29
409	5	834	29
409	5	1565	28
410	5	678	29
410	5	1617	28
411	5	365	24
411	5	678	29
411	5	730	30
411	5	1774	28
412	5	365	24
412	5	626	29
412	5	939	30
412	5	1617	28
412	5	1982	25
413	5	365	24
413	5	574	29
413	5	1617	28
413	5	1826	30
414	5	365	24
414	5	887	30
414	5	2087	28
415	5	365	24
415	5	678	29
416	5	1200	28
416	5	1461	29
417	5	365	24
417	5	730	30
418	5	365	24
418	5	991	30
419	5	365	24
419	5	730	30
419	5	1200	28
420	5	574	29
420	5	1095	28
421	5	1878	28
421	5	2139	29
422	5	678	29
422	5	1774	28
423	5	782	29
423	5	1148	28
424	5	365	24
424	5	678	30
424	5	1774	28
424	5	2087	25
425	5	417	24
425	5	1043	30
426	5	887	29
426	5	1200	28
426	5	2191	30
427	5	1930	28
427	5	2191	29
428	5	365	24
428	5	730	30
429	5	417	29
429	5	834	30
429	5	1148	28
430	5	365	24
430	5	574	29
430	5	1408	28
431	5	365	24
431	5	574	29
432	5	365	24
432	5	834	29
432	5	887	30
432	5	2139	28
433	5	417	24
433	5	1200	28
433	5	1461	29
434	5	365	24
434	5	782	29
434	5	834	30
434	5	1826	28
434	5	2139	25
435	5	365	24
435	5	626	30
436	5	365	24
436	5	730	29
436	5	782	30
436	5	1774	28
437	5	365	24
437	5	730	29
437	5	782	30
438	5	417	29
438	5	939	30
438	5	1252	28
439	5	678	29
439	5	1565	28
440	5	469	29
440	5	939	30
440	5	1252	28
441	5	1565	28
441	5	1826	29
442	5	417	24
442	5	1148	30
442	5	1774	28
443	5	469	29
444	5	1356	28
444	5	1617	29
445	5	365	24
445	5	574	29
445	5	2243	28
446	5	574	24
446	5	1878	30
447	5	1356	28
447	5	1617	29
448	5	730	29
448	5	1826	28
449	5	1930	28
449	5	2191	29
450	5	2087	28
451	5	521	29
451	5	1043	28
451	5	1982	30
451	5	2295	24
452	5	365	24
452	5	887	30
453	5	365	24
453	5	574	29
453	5	1669	28
453	5	1826	30
454	5	1200	28
454	5	1461	29
455	5	1043	28
455	5	1304	29
455	5	2295	30
456	5	1148	28
456	5	1408	29
457	5	469	29
457	5	991	28
458	5	1461	28
458	5	1722	29
459	5	678	29
459	5	2035	28
460	5	365	24
460	5	626	29
461	5	365	24
461	5	626	30
462	5	365	24
462	5	1095	30
463	5	365	24
463	5	939	30
463	5	2087	28
464	5	678	29
464	5	1148	28
465	5	365	24
465	5	678	29
465	5	991	28
466	5	365	24
466	5	678	29
466	5	730	30
467	5	365	24
467	5	678	30
468	5	365	24
468	5	678	29
469	5	365	24
469	5	521	29
469	5	834	30
469	5	2191	28
470	5	1304	28
470	5	1565	29
471	5	991	28
471	5	1252	29
472	5	365	24
472	5	834	30
473	5	469	24
473	5	1095	30
473	5	1617	28
474	5	365	24
474	5	782	29
474	5	834	30
475	5	678	29
475	5	1565	28
476	5	1148	28
476	5	1408	29
477	5	730	29
478	5	469	24
478	5	1095	30
480	5	469	24
480	5	1774	30
481	5	365	24
481	5	887	30
481	5	1774	28
482	5	365	24
482	5	939	30
483	5	1513	28
483	5	1774	29
484	5	1930	28
484	5	2191	29
485	5	1043	28
485	5	1304	29
486	5	1148	28
486	5	1408	29
487	5	365	24
487	5	574	29
488	5	1148	28
488	5	1408	29
489	5	365	24
489	5	626	29
489	5	2139	28
490	5	521	29
490	5	1043	28
490	5	2035	30
491	5	417	24
491	5	1200	30
491	5	1826	28
492	5	730	29
492	5	1148	28
492	5	2191	30
493	5	521	29
494	5	365	24
494	5	834	29
495	5	574	29
495	5	1095	28
496	5	417	24
496	5	1043	30
496	5	2243	28
497	5	365	24
497	5	678	30
498	5	417	24
498	5	1043	30
499	5	417	24
499	5	782	30
500	5	365	24
500	5	678	30
500	5	1669	28
501	5	1148	28
501	5	1408	29
502	5	521	24
502	5	1148	30
502	5	1617	28
503	5	365	24
503	5	626	29
503	5	1617	28
503	5	1878	30
503	5	2139	25
504	5	1774	28
504	5	2035	29
505	5	1148	28
505	5	1408	29
506	5	834	29
506	5	1304	28
507	5	1461	28
507	5	1722	29
508	5	365	24
508	5	730	29
508	5	1826	28
508	5	2191	30
510	5	1878	28
510	5	2139	29
512	5	678	29
512	5	1095	28
512	5	2139	30
513	5	730	29
513	5	1148	28
514	5	365	24
514	5	782	30
515	5	365	24
515	5	574	29
515	5	887	30
515	5	2191	28
516	5	1148	28
516	5	1408	29
517	5	1148	28
517	5	1408	29
518	5	678	29
518	5	1148	28
519	5	365	24
519	5	834	30
520	5	365	24
520	5	574	29
520	5	1930	28
521	5	365	24
521	5	730	29
521	5	782	30
522	5	469	24
522	5	1095	30
522	5	1408	28
523	5	365	24
523	5	730	29
523	5	782	30
524	5	1930	28
524	5	2191	29
525	5	365	24
525	5	991	28
525	5	1252	29
525	5	2295	30
526	5	1878	28
526	5	2139	29
527	5	365	24
527	5	678	30
528	5	365	24
528	5	574	29
529	5	365	24
529	5	678	29
529	5	1095	30
529	5	1617	28
530	5	1148	28
530	5	1408	29
531	5	1043	28
531	5	1304	29
532	5	678	29
532	5	1148	28
533	5	1878	28
533	5	2139	29
534	5	365	24
534	5	626	29
534	5	2035	30
535	5	1408	28
535	5	1669	29
536	5	1148	28
536	5	1408	29
537	5	417	24
537	5	1095	30
538	5	365	24
538	5	678	29
539	5	365	24
539	5	626	29
540	5	991	28
540	5	1252	29
541	5	365	24
541	5	730	30
542	5	730	29
542	5	1200	28
543	5	1043	28
543	5	1304	29
544	5	365	24
544	5	782	30
544	5	1200	28
544	5	2295	25
545	5	574	29
545	5	2035	28
546	5	1095	28
546	5	1356	29
547	5	365	24
547	5	939	30
547	5	1982	28
547	5	2295	25
548	5	1148	28
548	5	1408	29
549	5	1148	28
549	5	1408	29
550	5	365	24
550	5	678	29
550	5	730	30
550	5	1669	28
550	5	2243	25
551	5	365	24
551	5	678	30
551	5	1774	28
552	5	1200	28
552	5	1461	29
553	5	521	29
553	5	1095	28
554	5	365	24
554	5	626	30
555	5	365	24
555	5	521	29
555	5	887	30
555	5	1617	28
555	5	2035	25
556	5	574	29
556	5	1043	28
557	5	1304	28
557	5	1565	29
558	5	365	24
558	5	678	30
559	5	782	29
559	5	1148	28
560	5	1148	28
560	5	1408	29
561	5	574	29
561	5	1356	28
562	5	730	29
562	5	1148	28
563	5	417	24
563	5	1095	28
563	5	1356	29
564	5	1148	28
564	5	1408	29
565	5	365	24
565	5	782	29
565	5	834	30
565	5	1826	28
565	5	2139	25
566	5	365	24
566	5	782	30
567	5	469	29
567	5	1095	28
568	5	365	24
568	5	678	30
569	5	678	29
569	5	1148	28
570	5	1148	28
570	5	1408	29
571	5	365	24
571	5	521	29
571	5	939	30
572	5	1252	28
572	5	1513	29
573	5	2191	28
574	5	417	24
575	5	365	24
575	5	521	29
575	5	887	30
575	5	1669	28
576	5	1043	28
576	5	1304	29
577	5	365	24
577	5	626	29
578	5	782	29
578	5	1408	28
579	5	574	29
580	5	1774	28
580	5	2035	29
581	5	887	29
581	5	1200	28
581	5	2243	30
582	5	469	24
582	5	1148	30
582	5	1878	28
583	5	365	24
583	5	678	29
583	5	1617	28
583	5	1826	30
584	5	365	24
584	5	521	29
584	5	991	28
585	5	365	24
585	5	626	29
585	5	1043	30
585	5	1565	28
586	5	469	24
586	5	1095	30
586	5	1408	28
587	5	365	24
587	5	469	29
587	5	834	30
587	5	1722	28
588	5	365	24
588	5	939	30
589	5	365	24
589	5	887	30
590	5	365	24
590	5	782	30
591	5	1252	28
591	5	1513	29
593	5	417	24
593	5	1252	30
594	5	574	29
594	5	1252	28
595	5	365	24
595	5	730	29
595	5	1774	28
595	5	1982	30
595	5	2295	25
596	5	521	29
596	5	1043	28
597	5	469	24
597	5	1513	30
598	5	365	24
598	5	521	29
598	5	834	30
599	5	365	24
599	5	626	29
600	5	1408	28
600	5	1669	29
601	5	365	24
601	5	782	30
602	5	1095	28
602	5	1356	29
603	5	521	29
604	5	574	29
604	5	1095	28
604	5	2243	30
605	5	1043	28
605	5	1304	29
606	5	469	24
606	5	1043	30
607	5	365	24
607	5	626	30
607	5	2295	28
608	5	365	24
608	5	887	29
610	5	2087	28
611	5	521	29
611	5	1043	28
612	5	1043	28
612	5	1304	29
613	5	1095	28
613	5	1356	29
614	5	1095	28
614	5	1356	29
615	5	574	29
615	5	1148	28
616	5	834	29
616	5	1148	28
617	5	1878	28
617	5	2139	29
618	5	1930	28
618	5	2191	29
619	5	730	29
619	5	1513	28
620	5	365	24
620	5	678	29
621	5	730	29
621	5	1095	28
622	5	365	24
622	5	626	30
623	5	887	29
623	5	1461	28
624	5	365	24
624	5	834	30
625	5	1043	28
625	5	1304	29
626	5	365	24
626	5	887	29
627	5	365	24
627	5	939	30
628	5	469	24
628	5	1095	30
628	5	1565	28
629	5	626	29
629	5	1669	28
630	5	574	29
630	5	1095	28
631	5	417	24
631	5	939	30
631	5	2087	28
632	5	365	24
632	5	574	29
632	5	2243	28
633	5	1356	28
633	5	1617	29
634	5	1095	28
634	5	1356	29
635	5	1200	28
635	5	1461	29
636	5	1982	28
636	5	2243	29
637	5	782	29
638	5	1826	28
638	5	2087	29
639	5	365	24
639	5	782	30
639	5	2191	28
640	5	574	29
640	5	1982	28
641	5	365	24
641	5	1043	30
642	5	1095	28
642	5	1356	29
643	5	2139	28
644	5	365	24
644	5	887	30
645	5	574	24
645	5	1148	30
645	5	1461	28
646	5	365	24
646	5	626	29
647	5	1200	28
647	5	1461	29
648	5	521	24
648	5	1148	30
648	5	1617	28
649	5	365	24
649	5	834	29
649	5	887	30
650	5	1252	28
650	5	1513	29
651	5	365	24
651	5	939	30
652	5	417	24
652	5	1043	30
653	5	417	24
653	5	991	30
654	5	626	29
654	5	1513	28
655	5	521	29
655	5	1043	28
656	5	469	29
656	5	939	30
656	5	1252	28
657	5	365	24
657	5	887	29
657	5	939	30
658	5	365	24
658	5	887	29
658	5	939	30
658	5	2035	28
659	5	1043	28
659	5	1304	29
660	5	574	29
660	5	1826	28
661	5	365	24
661	5	834	29
662	5	469	24
662	5	1095	30
662	5	1408	28
663	5	782	29
663	5	1252	28
664	5	365	24
664	5	730	30
664	5	2035	28
665	5	365	24
665	5	730	29
665	5	782	30
666	5	365	24
666	5	626	29
667	5	365	24
667	5	730	30
668	5	730	29
668	5	1200	28
669	5	521	24
669	5	1356	30
670	5	626	29
670	5	1148	28
671	5	887	29
672	5	626	29
672	5	1356	28
673	5	521	29
673	5	1200	28
674	5	469	24
674	5	1095	30
674	5	1461	28
675	5	991	28
675	5	1252	29
676	5	365	24
676	5	574	29
676	5	2035	28
677	5	574	29
677	5	1095	28
678	5	365	24
678	5	730	30
679	5	1043	28
679	5	1304	29
680	5	782	29
680	5	1148	28
681	5	678	29
681	5	1513	28
682	5	365	24
682	5	887	30
683	5	1095	28
683	5	1356	29
684	5	834	29
684	5	1148	28
685	5	365	24
685	5	991	30
686	5	365	24
686	5	834	30
687	5	1200	28
687	5	1461	29
688	5	1095	28
688	5	1356	29
689	5	1043	28
689	5	1304	29
690	5	365	24
690	5	991	30
691	5	365	24
691	5	834	29
691	5	887	30
691	5	1982	28
691	5	2295	25
692	5	365	24
692	5	991	30
693	5	469	29
693	5	887	30
693	5	1200	28
694	5	365	24
694	5	939	30
695	5	365	24
695	5	574	29
696	5	678	29
696	5	1304	28
697	5	365	24
697	5	782	30
697	5	2243	28
698	5	1304	28
698	5	1565	29
699	5	469	29
699	5	939	30
699	5	1252	28
700	5	365	24
700	5	1043	30
701	5	678	29
701	5	1095	28
701	5	2243	30
702	5	417	24
702	5	991	30
703	5	365	24
703	5	469	29
703	5	1043	28
704	5	1878	28
704	5	2139	29
705	5	782	29
705	5	1252	28
706	5	365	24
706	5	678	30
707	5	365	24
707	5	834	30
708	5	1043	28
708	5	1304	29
709	5	365	24
709	5	887	30
709	5	2139	28
710	5	365	24
710	5	887	29
710	5	939	30
711	5	991	28
711	5	1252	29
711	5	2295	30
712	5	626	29
712	5	1148	28
713	5	1461	28
713	5	1722	29
714	5	365	24
714	5	678	29
715	5	574	29
715	5	1095	28
716	5	365	24
716	5	574	29
717	5	834	29
717	5	1148	28
717	5	2139	30
718	5	365	24
718	5	782	29
718	5	834	30
718	5	2295	28
719	5	626	29
719	5	1617	28
720	5	1878	28
720	5	2139	29
721	5	469	24
721	5	1148	30
722	5	365	24
722	5	469	29
722	5	887	30
722	5	1617	28
723	5	521	29
723	5	1356	28
724	5	521	29
724	5	1930	28
725	5	365	24
725	5	834	30
726	5	469	29
726	5	991	28
727	5	1095	28
727	5	1356	29
728	5	1774	28
728	5	2035	29
729	5	365	24
729	5	834	30
730	5	469	24
730	5	1148	30
730	5	1669	28
731	5	365	24
731	5	678	29
731	5	730	30
732	5	365	24
732	5	887	30
733	5	365	24
733	5	834	29
733	5	887	30
734	5	365	24
734	5	730	30
735	5	1878	28
735	5	2139	29
736	5	730	29
736	5	1304	28
737	5	365	24
737	5	782	30
737	5	2087	28
738	5	365	24
738	5	887	30
738	5	1930	28
738	5	2243	25
739	5	1043	28
739	5	1304	29
741	5	417	24
741	5	939	30
742	5	365	24
742	5	626	29
742	5	1878	28
742	5	2035	30
742	5	2295	25
743	5	365	24
743	5	574	29
743	5	939	30
744	5	1095	28
744	5	1356	29
745	5	782	29
745	5	1826	28
746	5	1148	28
746	5	1408	29
747	5	469	24
747	5	1252	30
748	5	1878	28
748	5	2139	29
749	5	1095	28
749	5	1356	29
750	5	417	24
750	5	626	29
750	5	2087	28
751	5	887	29
752	5	678	29
752	5	1095	28
752	5	2191	30
753	5	365	24
753	5	730	29
753	5	782	30
753	5	1930	28
753	5	2243	25
754	5	365	24
754	5	574	29
754	5	991	28
755	5	365	24
755	5	730	29
755	5	782	30
756	5	365	24
756	5	782	29
756	5	834	30
756	5	1826	28
757	5	1408	28
757	5	1669	29
758	5	365	24
758	5	626	29
759	5	1148	28
759	5	1408	29
760	5	469	29
760	5	939	30
760	5	1930	28
761	5	469	29
761	5	991	28
762	5	365	24
762	5	1095	30
763	5	1095	28
763	5	1356	29
764	5	417	24
765	5	365	24
765	5	730	29
765	5	782	30
766	5	365	24
766	5	887	30
767	5	1043	28
767	5	1304	29
768	5	1252	28
768	5	1513	29
769	5	626	29
769	5	1878	28
770	5	1878	28
770	5	2139	29
771	5	1043	28
771	5	1304	29
772	5	574	29
772	5	1826	28
773	5	1252	28
773	5	1513	29
774	5	365	24
774	5	626	30
775	5	1043	28
775	5	1304	29
776	5	365	24
776	5	678	30
776	5	1982	28
777	5	1878	28
777	5	2139	29
778	5	365	24
778	5	678	29
778	5	1826	28
779	5	1878	28
779	5	2139	29
780	5	417	24
780	5	1930	28
780	5	2191	29
781	5	365	24
781	5	574	29
781	5	1252	28
782	5	417	24
782	5	887	30
782	5	2087	28
783	5	1200	28
783	5	1461	29
784	5	365	24
784	5	730	30
785	5	365	24
785	5	782	30
785	5	2139	28
786	5	521	29
786	5	2087	28
787	5	1148	28
787	5	1408	29
788	5	365	24
788	5	782	30
789	5	1043	28
789	5	1304	29
790	5	574	29
790	5	1148	28
791	5	1148	28
791	5	1408	29
792	5	365	24
792	5	887	30
793	5	365	24
793	5	678	29
793	5	730	30
793	5	2243	28
794	5	365	24
794	5	521	29
794	5	939	30
795	5	1252	28
795	5	1513	29
796	5	1148	28
796	5	1408	29
797	5	365	24
797	5	730	29
798	5	730	29
798	5	1356	28
799	5	2295	28
800	5	1148	28
800	5	1408	29
801	5	1148	28
801	5	1408	29
802	5	365	24
802	5	834	30
803	5	417	24
803	5	939	30
804	5	417	24
804	5	1095	30
805	5	2191	28
806	5	1148	28
806	5	1408	29
807	5	365	24
807	5	626	29
807	5	1565	28
807	5	1878	30
808	5	1878	28
808	5	2139	29
809	5	1565	28
809	5	1826	29
810	5	365	24
810	5	678	29
810	5	730	30
811	5	365	24
811	5	626	29
812	5	365	24
812	5	782	29
812	5	834	30
812	5	2035	28
813	5	417	24
813	5	1356	30
814	5	417	24
815	5	365	24
815	5	626	30
816	5	887	29
816	5	1252	28
817	5	1982	28
817	5	2243	29
818	5	417	24
818	5	991	30
819	5	1252	28
819	5	1513	29
820	5	469	24
820	5	1878	30
820	5	2295	28
821	5	1095	28
821	5	1356	29
822	5	365	24
822	5	678	29
822	5	730	30
823	5	365	24
823	5	626	29
823	5	1826	28
823	5	2087	30
824	5	991	28
824	5	1252	29
825	5	730	29
825	5	1095	28
826	5	678	29
826	5	1095	28
827	5	574	29
827	5	1930	28
828	5	1148	28
828	5	1408	29
829	5	1878	28
829	5	2139	29
830	5	887	29
830	5	1304	28
831	5	365	24
831	5	939	30
831	5	1878	28
831	5	2191	25
832	5	365	24
832	5	730	29
832	5	1774	28
832	5	2035	30
832	5	2295	25
833	5	1095	28
833	5	1356	29
834	5	365	24
834	5	678	29
834	5	1095	28
834	5	2139	30
835	5	417	24
835	5	1043	30
836	5	1930	28
836	5	2191	29
837	5	1043	28
837	5	1304	29
838	5	365	24
838	5	730	30
838	5	2087	28
839	5	1200	28
839	5	1461	29
840	5	365	24
840	5	574	30
840	5	1617	28
841	5	365	24
841	5	834	30
842	5	574	29
842	5	1043	28
842	5	2295	30
843	5	365	24
843	5	678	29
843	5	730	30
843	5	1722	28
843	5	2035	25
844	5	1043	28
844	5	1304	29
845	5	1095	28
845	5	1356	29
846	5	1252	28
846	5	1513	29
847	5	1095	28
847	5	1356	29
848	5	365	24
848	5	521	29
848	5	834	30
849	5	1878	28
849	5	2139	29
850	5	365	24
850	5	782	29
850	5	1722	28
851	5	2035	28
851	5	2295	29
852	5	626	29
853	5	1148	28
853	5	1408	29
854	5	1043	28
854	5	1304	29
855	5	365	24
855	5	834	30
856	5	417	24
856	5	1095	30
857	5	1148	28
857	5	1408	29
858	5	469	24
858	5	1148	28
858	5	1408	29
859	5	626	29
860	5	1356	28
860	5	1617	29
861	5	365	24
861	5	834	29
861	5	887	30
862	5	1304	28
862	5	1565	29
863	5	365	24
863	5	834	29
863	5	887	30
864	5	365	24
864	5	626	30
864	5	1826	28
864	5	2243	25
865	5	365	24
865	5	730	30
866	5	365	24
866	5	574	29
867	5	469	24
867	5	1408	30
867	5	2295	28
868	5	365	24
868	5	782	30
869	5	730	29
869	5	1095	28
870	5	1043	28
870	5	1304	29
871	5	1043	28
871	5	1304	29
873	5	365	24
873	5	678	29
873	5	730	30
873	5	1774	28
875	5	365	24
875	5	991	30
876	5	365	24
876	5	730	30
877	5	365	24
877	5	678	30
877	5	1669	28
878	5	1095	28
878	5	1356	29
879	5	469	24
879	5	1095	30
880	5	365	24
880	5	626	29
881	5	678	29
882	5	1148	28
882	5	1408	29
883	5	1461	28
883	5	1722	29
884	5	365	24
884	5	834	30
885	5	365	24
885	5	678	29
885	5	1722	28
886	5	626	29
886	5	1408	28
887	5	417	24
887	5	991	30
888	5	730	29
888	5	2243	28
889	5	1148	28
889	5	1408	29
890	5	1148	28
890	5	1408	29
891	5	365	24
891	5	834	29
891	5	887	30
892	5	1304	28
892	5	1565	29
893	5	365	24
893	5	887	30
894	5	365	24
894	5	939	30
895	5	417	29
895	5	887	30
895	5	1252	28
896	5	365	24
896	5	626	29
897	5	365	24
897	5	678	30
897	5	1252	28
898	5	365	24
898	5	834	30
899	5	365	24
899	5	626	29
899	5	991	28
900	5	678	29
900	5	1200	28
901	5	365	24
901	5	574	29
901	5	887	30
902	5	574	24
902	5	1200	30
903	5	365	24
903	5	678	30
903	5	1200	28
905	5	1043	28
905	5	1304	29
906	5	365	24
906	5	678	30
907	5	1878	28
907	5	2139	29
908	5	365	24
908	5	782	30
909	5	1826	28
909	5	2087	29
910	5	1043	28
910	5	1304	29
911	5	678	29
911	5	2191	28
912	5	365	24
912	5	834	29
912	5	887	30
913	5	1148	28
913	5	1408	29
914	5	521	24
914	5	1043	30
914	5	1461	28
915	5	1095	28
915	5	1356	29
916	5	365	24
916	5	626	29
916	5	1095	28
917	5	469	24
917	5	834	30
917	5	1982	28
918	5	1095	28
918	5	1356	29
919	5	1148	28
919	5	1408	29
920	5	574	29
920	5	1356	28
921	5	521	29
921	5	2243	28
922	5	417	24
922	5	1617	30
923	5	1095	28
923	5	1356	29
924	5	365	24
924	5	887	29
924	5	939	30
924	5	1774	28
925	5	365	24
925	5	730	30
926	5	365	24
926	5	1043	30
927	5	626	29
927	5	1095	28
929	5	365	24
929	5	678	29
929	5	1252	28
930	5	834	29
931	5	365	24
931	5	574	29
931	5	1669	28
931	5	2087	30
932	5	991	28
932	5	1252	29
933	5	1148	28
933	5	1408	29
934	5	782	29
934	5	1200	28
935	5	365	24
935	5	678	30
936	5	521	29
936	5	1408	28
937	5	626	29
937	5	1878	28
938	5	782	29
938	5	1148	28
939	5	1043	28
939	5	1304	29
940	5	417	24
940	5	782	30
940	5	1304	28
941	5	365	24
941	5	678	29
941	5	730	30
941	5	2087	28
942	5	365	24
942	5	626	30
942	5	2295	28
943	5	521	29
943	5	2139	28
944	5	469	29
944	5	991	28
945	5	1252	28
945	5	1513	29
946	5	521	29
946	5	1043	28
947	5	365	24
947	5	678	29
947	5	1669	28
947	5	1930	30
948	5	365	24
948	5	730	29
948	5	782	30
949	5	365	24
949	5	574	30
949	5	1669	28
950	5	365	24
950	5	626	29
951	5	1878	28
951	5	2139	29
952	5	1669	28
952	5	1930	29
953	5	365	24
953	5	626	29
954	5	365	24
954	5	521	29
955	5	991	28
955	5	1252	29
956	5	469	24
957	5	1200	28
957	5	1461	29
958	5	782	29
958	5	1722	28
959	5	2035	28
959	5	2295	29
960	5	417	24
960	5	991	30
961	5	365	24
961	5	887	30
962	5	1930	28
962	5	2191	29
963	5	365	24
963	5	730	30
964	5	365	24
964	5	782	29
964	5	1826	28
965	5	626	29
965	5	1148	28
966	5	365	24
966	5	521	29
966	5	991	28
967	5	1148	28
967	5	1408	29
968	5	417	24
968	5	887	30
969	5	469	29
969	5	991	28
971	5	365	24
971	5	887	29
971	5	939	30
972	5	365	24
972	5	626	29
972	5	1669	28
972	5	1878	30
973	5	469	29
973	5	887	30
974	5	365	24
974	5	991	30
975	5	1095	28
975	5	1356	29
976	5	417	24
976	5	1043	30
977	5	1461	28
977	5	1722	29
978	5	365	24
978	5	782	29
978	5	834	30
979	5	1148	28
979	5	1408	29
980	5	1513	28
980	5	1774	29
981	5	678	29
981	5	1095	28
982	5	365	24
982	5	782	30
983	5	365	24
983	5	574	29
984	5	782	29
984	5	1148	28
985	5	1043	28
985	5	1304	29
986	5	2087	28
987	5	991	28
987	5	1252	29
988	5	365	24
988	5	887	30
989	5	365	24
989	5	574	29
990	5	1513	28
990	5	1774	29
992	5	1513	28
992	5	1774	29
993	5	574	29
994	5	1878	28
994	5	2139	29
995	5	365	24
995	5	574	29
996	5	1095	28
996	5	1356	29
997	5	2139	28
998	5	365	24
998	5	991	28
998	5	1252	29
998	5	2191	30
999	5	1200	28
999	5	1461	29
