Realization	utility	week	infra.
0	0	626	29
1	0	626	29
2	0	782	29
3	0	1200	29
4	0	782	29
4	0	2035	30
5	0	626	29
6	0	417	29
7	0	1043	29
8	0	834	29
10	0	626	29
12	0	1930	29
13	0	1774	29
14	0	626	29
15	0	678	29
16	0	678	29
17	0	626	29
18	0	417	29
19	0	1826	29
20	0	678	29
21	0	417	29
22	0	1095	29
23	0	678	29
24	0	678	29
25	0	1826	29
26	0	730	29
27	0	626	29
28	0	939	29
29	0	1148	29
30	0	1304	29
31	0	782	29
32	0	1095	29
33	0	521	29
34	0	939	29
35	0	730	29
36	0	678	29
37	0	782	29
38	0	782	29
39	0	782	29
40	0	574	29
40	0	2087	30
41	0	939	29
42	0	991	29
43	0	417	29
45	0	730	29
46	0	730	29
47	0	1148	29
48	0	2243	29
49	0	678	29
51	0	1722	29
52	0	2087	29
53	0	730	29
53	0	2087	30
55	0	782	29
56	0	1461	29
57	0	521	29
58	0	782	29
59	0	782	29
60	0	1200	29
61	0	782	29
62	0	782	29
63	0	417	29
64	0	1930	29
65	0	626	29
66	0	1304	29
67	0	887	29
68	0	1565	29
69	0	1043	29
70	0	730	29
71	0	1148	29
73	0	1878	29
74	0	1774	29
75	0	782	29
76	0	1461	29
77	0	1826	29
78	0	1774	29
79	0	991	29
80	0	730	29
81	0	782	29
82	0	834	29
83	0	1356	29
84	0	782	29
86	0	1356	29
87	0	417	29
87	0	2191	30
88	0	887	29
89	0	991	29
90	0	1461	29
91	0	782	29
92	0	678	29
93	0	1513	29
94	0	417	29
95	0	1356	29
96	0	1095	29
97	0	1722	29
98	0	1930	29
99	0	1461	29
100	0	1669	29
101	0	834	29
102	0	782	29
103	0	1148	29
104	0	417	29
106	0	939	29
106	0	2191	30
107	0	574	29
108	0	626	29
109	0	1408	29
110	0	730	29
111	0	782	29
112	0	834	29
113	0	678	29
114	0	782	29
115	0	1513	29
116	0	1513	29
117	0	1513	29
118	0	1200	29
119	0	1408	29
120	0	730	29
121	0	1669	29
122	0	730	29
123	0	2035	29
124	0	678	29
125	0	782	29
126	0	574	29
127	0	678	29
128	0	574	29
129	0	1252	29
130	0	417	29
131	0	887	29
131	0	2191	30
132	0	574	29
133	0	782	29
134	0	1043	29
135	0	678	29
136	0	574	29
136	0	1774	30
137	0	834	29
138	0	626	29
138	0	2139	30
139	0	626	29
139	0	1930	30
140	0	2035	29
141	0	521	29
142	0	1408	29
143	0	1304	29
145	0	1356	29
146	0	730	29
147	0	782	29
148	0	417	29
149	0	678	29
150	0	469	29
151	0	417	29
152	0	782	29
153	0	887	29
154	0	782	29
155	0	521	29
156	0	574	29
158	0	626	29
159	0	574	29
159	0	2243	30
160	0	887	29
161	0	1878	29
162	0	1043	29
163	0	1513	29
164	0	469	29
165	0	730	29
166	0	2087	29
167	0	1513	29
169	0	626	29
170	0	626	29
171	0	1565	29
172	0	1043	29
173	0	1461	29
174	0	991	29
175	0	782	29
176	0	521	29
178	0	2243	29
179	0	730	29
180	0	2295	29
181	0	521	29
182	0	417	29
183	0	730	29
184	0	1669	29
185	0	782	29
186	0	2295	29
187	0	834	29
188	0	1826	29
189	0	939	29
190	0	1200	29
191	0	730	29
192	0	782	29
193	0	782	29
194	0	887	29
196	0	574	29
196	0	1722	30
198	0	782	29
199	0	521	29
200	0	1148	29
201	0	1826	29
202	0	1043	29
203	0	417	29
204	0	782	29
205	0	1408	29
206	0	626	29
206	0	1722	30
207	0	626	29
208	0	574	29
210	0	417	29
211	0	1669	29
212	0	1043	29
213	0	1774	29
215	0	1252	29
216	0	2191	29
217	0	1148	29
218	0	887	29
219	0	417	29
220	0	1669	29
221	0	417	29
222	0	1878	29
223	0	1826	29
224	0	1043	29
225	0	626	29
225	0	2139	30
226	0	730	29
227	0	782	29
228	0	521	29
229	0	991	29
230	0	626	29
231	0	626	29
232	0	782	29
233	0	1513	29
235	0	1774	29
236	0	1774	29
239	0	1408	29
240	0	626	29
240	0	2243	30
241	0	939	29
242	0	782	29
243	0	626	29
243	0	2087	30
244	0	417	29
245	0	1304	29
246	0	2295	29
248	0	782	29
249	0	626	29
250	0	626	29
250	0	2139	30
251	0	782	29
252	0	1982	29
253	0	1252	29
255	0	1148	29
256	0	417	29
257	0	1148	29
258	0	626	29
259	0	626	29
260	0	678	29
262	0	991	29
264	0	782	29
265	0	678	29
266	0	574	29
267	0	626	29
268	0	1043	29
269	0	678	29
270	0	1252	29
271	0	782	29
271	0	2295	30
272	0	626	29
272	0	1878	30
274	0	1252	29
275	0	1982	29
277	0	939	29
278	0	1774	29
279	0	1304	29
280	0	417	29
282	0	1826	29
283	0	1148	29
284	0	678	29
284	0	2087	30
285	0	1304	29
286	0	521	29
286	0	2139	30
287	0	1513	29
288	0	782	29
289	0	417	29
291	0	782	29
292	0	1774	29
293	0	521	29
293	0	2087	30
294	0	574	29
295	0	1304	29
296	0	678	29
298	0	1043	29
299	0	730	29
300	0	417	29
301	0	574	29
302	0	626	29
303	0	678	29
303	0	2139	30
304	0	678	29
306	0	574	29
307	0	834	29
308	0	417	29
309	0	678	29
309	0	1982	30
310	0	782	29
310	0	2087	30
311	0	1982	29
312	0	1304	29
313	0	1304	29
314	0	1461	29
315	0	834	29
316	0	2243	29
317	0	1252	29
318	0	1878	29
319	0	2087	29
320	0	1356	29
321	0	782	29
322	0	521	29
323	0	2139	29
324	0	1617	29
325	0	1565	29
326	0	626	29
327	0	1095	29
328	0	1461	29
329	0	1722	29
330	0	991	29
331	0	626	29
332	0	782	29
333	0	730	29
334	0	1356	29
335	0	574	29
336	0	678	29
337	0	1252	29
338	0	1826	29
339	0	782	29
340	0	1356	29
341	0	1148	29
342	0	574	29
343	0	626	29
344	0	2139	29
345	0	782	29
346	0	417	29
346	0	2139	30
347	0	730	29
348	0	626	29
349	0	730	29
350	0	2191	29
351	0	574	29
352	0	782	29
353	0	730	29
354	0	574	29
355	0	782	29
356	0	1043	29
357	0	782	29
358	0	1043	29
360	0	887	29
361	0	782	29
362	0	2191	29
364	0	678	29
365	0	2243	29
366	0	939	29
367	0	574	29
368	0	574	29
368	0	2087	30
369	0	782	29
371	0	782	29
372	0	1043	29
374	0	1565	29
375	0	1356	29
376	0	782	29
377	0	1304	29
378	0	1200	29
379	0	730	29
380	0	782	29
381	0	834	29
382	0	626	29
383	0	1669	29
384	0	626	29
385	0	782	29
386	0	417	29
387	0	782	29
388	0	2139	29
389	0	678	29
390	0	626	29
391	0	626	29
392	0	1774	29
393	0	521	29
394	0	782	29
395	0	834	29
396	0	574	29
397	0	1148	29
398	0	782	29
399	0	730	29
400	0	678	29
401	0	2295	29
402	0	782	29
403	0	1982	29
404	0	1095	29
405	0	1304	29
406	0	574	29
407	0	1148	29
409	0	1461	29
410	0	1461	29
411	0	417	29
412	0	782	29
412	0	1826	30
413	0	574	29
413	0	2243	30
414	0	730	29
415	0	678	29
416	0	1774	29
417	0	678	29
418	0	730	29
419	0	417	29
420	0	1043	29
421	0	1982	29
422	0	1669	29
423	0	1043	29
424	0	626	29
424	0	1982	30
425	0	782	29
426	0	1043	29
427	0	2243	29
428	0	678	29
429	0	417	29
430	0	574	29
431	0	521	29
432	0	782	29
433	0	887	29
434	0	782	29
434	0	2035	30
435	0	678	29
436	0	678	29
437	0	730	29
438	0	417	29
439	0	1408	29
440	0	730	29
442	0	678	29
443	0	939	29
445	0	574	29
446	0	1774	29
447	0	1774	29
448	0	1722	29
449	0	2243	29
451	0	991	29
451	0	2295	30
452	0	782	29
453	0	521	29
454	0	1617	29
455	0	1304	29
456	0	1304	29
457	0	887	29
459	0	417	29
460	0	626	29
461	0	521	29
462	0	782	29
463	0	782	29
464	0	1043	29
465	0	626	29
466	0	730	29
467	0	626	29
468	0	574	29
469	0	521	29
470	0	1930	29
471	0	1408	29
472	0	782	29
473	0	939	29
474	0	574	29
475	0	1461	29
476	0	1826	29
478	0	939	29
479	0	417	29
480	0	887	29
481	0	782	29
481	0	2243	30
482	0	782	29
484	0	2139	29
485	0	1408	29
486	0	1304	29
487	0	730	29
488	0	1304	29
489	0	574	29
490	0	991	29
490	0	2295	30
491	0	730	29
492	0	1043	29
493	0	939	29
494	0	782	29
495	0	991	29
496	0	834	29
497	0	469	29
498	0	730	29
499	0	782	29
500	0	626	29
501	0	1669	29
502	0	939	29
503	0	574	29
503	0	1826	30
504	0	417	29
505	0	1461	29
506	0	1148	29
507	0	1982	29
508	0	782	29
508	0	2087	30
510	0	2191	29
512	0	1043	29
513	0	1043	29
514	0	678	29
515	0	626	29
516	0	1461	29
517	0	1356	29
518	0	1043	29
519	0	782	29
520	0	574	29
521	0	782	29
522	0	887	29
523	0	678	29
524	0	417	29
525	0	782	29
526	0	1982	29
527	0	626	29
528	0	574	29
529	0	626	29
529	0	2035	30
530	0	1513	29
531	0	1043	29
532	0	1043	29
534	0	626	29
535	0	2191	29
536	0	1774	29
537	0	782	29
538	0	730	29
539	0	626	29
540	0	2087	29
541	0	469	29
542	0	1148	29
543	0	1148	29
544	0	782	29
544	0	2139	30
545	0	1930	29
546	0	1356	29
547	0	782	29
547	0	2191	30
548	0	1722	29
549	0	1304	29
550	0	678	29
550	0	1982	30
551	0	626	29
552	0	1617	29
553	0	991	29
554	0	574	29
555	0	574	29
555	0	1826	30
556	0	991	29
557	0	2191	29
558	0	417	29
559	0	1043	29
560	0	1617	29
561	0	1304	29
562	0	1095	29
563	0	887	29
564	0	417	29
565	0	730	29
565	0	2035	30
566	0	626	29
567	0	782	29
568	0	678	29
569	0	1043	29
570	0	1513	29
571	0	521	29
572	0	1617	29
574	0	834	29
575	0	521	29
575	0	2295	30
576	0	1148	29
577	0	782	29
578	0	1200	29
581	0	1095	29
582	0	939	29
583	0	678	29
583	0	1774	30
584	0	782	29
585	0	626	29
586	0	887	29
587	0	626	29
588	0	678	29
589	0	782	29
590	0	678	29
591	0	1774	29
593	0	834	29
594	0	1356	29
595	0	782	29
595	0	2087	30
596	0	939	29
597	0	939	29
598	0	521	29
599	0	678	29
600	0	1826	29
601	0	730	29
602	0	417	29
603	0	939	29
604	0	1043	29
605	0	1148	29
606	0	887	29
607	0	574	29
608	0	782	29
611	0	991	29
612	0	1148	29
613	0	1669	29
614	0	1148	29
615	0	417	29
616	0	1043	29
617	0	1982	29
619	0	1461	29
620	0	574	29
621	0	1043	29
622	0	574	29
623	0	1461	29
624	0	782	29
625	0	1095	29
626	0	417	29
627	0	782	29
628	0	834	29
629	0	1513	29
630	0	1043	29
631	0	834	29
631	0	2295	30
632	0	574	29
633	0	1930	29
634	0	1408	29
635	0	1461	29
637	0	417	29
638	0	1930	29
639	0	521	29
640	0	1930	29
641	0	782	29
642	0	1252	29
644	0	782	29
645	0	991	29
646	0	626	29
647	0	2191	29
648	0	991	29
649	0	782	29
650	0	1617	29
651	0	626	29
652	0	782	29
653	0	730	29
654	0	1408	29
655	0	991	29
656	0	887	29
657	0	782	29
658	0	782	29
659	0	1304	29
660	0	1774	29
661	0	678	29
662	0	834	29
663	0	1148	29
664	0	678	29
664	0	2191	30
665	0	626	29
666	0	626	29
667	0	678	29
668	0	1252	29
669	0	1043	29
670	0	1043	29
672	0	1200	29
673	0	1095	29
674	0	991	29
675	0	1043	29
676	0	574	29
677	0	991	29
678	0	678	29
679	0	1461	29
680	0	1043	29
681	0	887	29
682	0	521	29
683	0	1408	29
684	0	1043	29
685	0	782	29
686	0	782	29
687	0	1513	29
688	0	1304	29
689	0	1200	29
690	0	834	29
691	0	678	29
691	0	2191	30
692	0	782	29
693	0	417	29
694	0	782	29
695	0	521	29
696	0	1200	29
697	0	782	29
698	0	1669	29
699	0	887	29
700	0	782	29
701	0	1043	29
702	0	834	29
703	0	782	29
704	0	2295	29
705	0	1200	29
706	0	626	29
707	0	574	29
708	0	1095	29
709	0	782	29
710	0	521	29
711	0	1304	29
712	0	1043	29
714	0	678	29
715	0	1043	29
716	0	574	29
717	0	1043	29
718	0	782	29
719	0	1565	29
720	0	2139	29
721	0	991	29
722	0	626	29
723	0	417	29
724	0	939	29
725	0	782	29
726	0	939	29
727	0	1513	29
728	0	1878	29
729	0	782	29
730	0	887	29
731	0	678	29
732	0	782	29
733	0	782	29
734	0	678	29
735	0	2035	29
736	0	1148	29
737	0	678	29
737	0	2295	30
738	0	678	29
738	0	2139	30
739	0	1148	29
741	0	782	29
742	0	678	29
742	0	2087	30
743	0	521	29
744	0	1200	29
745	0	1774	29
746	0	417	29
747	0	834	29
748	0	417	29
749	0	1982	29
750	0	626	29
752	0	1043	29
753	0	574	29
753	0	2139	30
754	0	574	29
755	0	730	29
756	0	574	29
756	0	2243	30
757	0	417	29
758	0	626	29
759	0	417	29
760	0	834	29
761	0	939	29
762	0	521	29
763	0	1252	29
764	0	887	29
765	0	730	29
766	0	782	29
767	0	1200	29
768	0	417	29
769	0	1356	29
770	0	2139	29
771	0	1148	29
772	0	1669	29
773	0	1461	29
774	0	521	29
775	0	1669	29
776	0	626	29
776	0	2243	30
777	0	2087	29
778	0	782	29
779	0	417	29
780	0	782	29
781	0	521	29
782	0	782	29
783	0	1722	29
784	0	678	29
785	0	730	29
786	0	1356	29
787	0	1513	29
788	0	730	29
789	0	1095	29
790	0	1043	29
791	0	1617	29
792	0	782	29
793	0	730	29
794	0	521	29
795	0	1826	29
796	0	1461	29
797	0	730	29
798	0	1252	29
800	0	417	29
801	0	1513	29
802	0	782	29
803	0	782	29
804	0	782	29
806	0	1565	29
807	0	678	29
807	0	1774	30
808	0	2139	29
809	0	1826	29
810	0	678	29
811	0	678	29
812	0	417	29
812	0	2243	30
813	0	834	29
814	0	834	29
815	0	417	29
816	0	1148	29
818	0	834	29
819	0	1617	29
820	0	887	29
821	0	1304	29
822	0	678	29
823	0	730	29
823	0	2087	30
824	0	1043	29
825	0	1043	29
826	0	1043	29
827	0	1826	29
828	0	1461	29
829	0	2035	29
830	0	1408	29
831	0	469	29
831	0	2087	30
832	0	782	29
832	0	2035	30
833	0	1252	29
834	0	678	29
834	0	2139	30
835	0	782	29
836	0	2139	29
837	0	1408	29
838	0	417	29
838	0	2295	30
839	0	1565	29
840	0	417	29
840	0	1774	30
841	0	782	29
842	0	1200	29
843	0	678	29
843	0	1982	30
844	0	1461	29
845	0	1513	29
846	0	1461	29
847	0	1200	29
848	0	521	29
849	0	2243	29
850	0	782	29
853	0	1565	29
854	0	1043	29
855	0	782	29
856	0	678	29
857	0	1565	29
858	0	887	29
861	0	782	29
862	0	1774	29
863	0	782	29
864	0	574	29
864	0	2087	30
865	0	678	29
866	0	678	29
867	0	939	29
868	0	782	29
869	0	417	29
870	0	417	29
871	0	1095	29
873	0	678	29
875	0	417	29
876	0	678	29
877	0	574	29
878	0	1304	29
879	0	834	29
880	0	626	29
882	0	1461	29
883	0	1826	29
884	0	782	29
885	0	678	29
886	0	1356	29
887	0	782	29
888	0	2087	29
889	0	1408	29
890	0	1513	29
891	0	782	29
892	0	1826	29
893	0	782	29
894	0	782	29
895	0	417	29
896	0	626	29
897	0	626	29
898	0	469	29
899	0	626	29
900	0	1148	29
901	0	678	29
902	0	991	29
903	0	417	29
903	0	2243	30
905	0	1356	29
906	0	626	29
907	0	2191	29
908	0	730	29
909	0	1982	29
910	0	1148	29
911	0	2087	29
912	0	782	29
913	0	1461	29
914	0	991	29
915	0	1252	29
916	0	626	29
917	0	782	29
918	0	1200	29
919	0	1617	29
920	0	1252	29
921	0	1200	29
922	0	782	29
923	0	1356	29
924	0	782	29
925	0	678	29
926	0	782	29
926	0	2295	30
927	0	1043	29
929	0	782	29
931	0	782	29
932	0	1200	29
933	0	1252	29
934	0	1148	29
935	0	417	29
936	0	1095	29
937	0	1774	29
938	0	417	29
939	0	1565	29
940	0	782	29
941	0	678	29
942	0	521	29
943	0	2035	29
944	0	887	29
945	0	1722	29
946	0	417	29
947	0	678	29
947	0	2087	30
948	0	678	29
949	0	417	29
950	0	678	29
951	0	417	29
953	0	782	29
954	0	521	29
956	0	1930	29
957	0	417	29
958	0	1565	29
960	0	887	29
961	0	782	29
962	0	2035	29
963	0	678	29
964	0	782	29
964	0	2243	30
965	0	1043	29
966	0	521	29
968	0	834	29
969	0	939	29
971	0	574	29
972	0	626	29
972	0	2191	30
973	0	782	29
974	0	782	29
975	0	1565	29
976	0	782	29
977	0	2191	29
978	0	782	29
979	0	417	29
980	0	1930	29
981	0	1043	29
982	0	678	29
983	0	521	29
984	0	1043	29
985	0	1148	29
987	0	1565	29
988	0	782	29
989	0	730	29
990	0	1826	29
994	0	2035	29
995	0	574	29
996	0	1356	29
998	0	782	29
998	0	2087	30
999	0	1565	29
0	1	626	29
1	1	626	29
2	1	782	29
3	1	1200	29
4	1	782	29
4	1	2035	30
5	1	626	29
6	1	417	29
7	1	1043	29
8	1	834	29
10	1	626	29
12	1	1930	29
13	1	1774	29
14	1	626	29
15	1	678	29
16	1	678	29
17	1	626	29
18	1	417	29
19	1	1826	29
20	1	678	29
21	1	417	29
22	1	1095	29
23	1	678	29
24	1	678	29
25	1	1826	29
26	1	730	29
27	1	626	29
28	1	939	29
29	1	1148	29
30	1	1304	29
31	1	782	29
32	1	1095	29
33	1	521	29
34	1	939	29
35	1	730	29
36	1	678	29
37	1	782	29
38	1	782	29
39	1	782	29
40	1	574	29
40	1	2087	30
41	1	939	29
42	1	991	29
43	1	417	29
45	1	730	29
46	1	730	29
47	1	1148	29
48	1	2243	29
49	1	678	29
51	1	1722	29
52	1	2087	29
53	1	730	29
53	1	2087	30
55	1	782	29
56	1	1461	29
57	1	521	29
58	1	782	29
59	1	782	29
60	1	1200	29
61	1	782	29
62	1	782	29
63	1	417	29
64	1	1930	29
65	1	626	29
66	1	1304	29
67	1	887	29
68	1	1565	29
69	1	1043	29
70	1	730	29
71	1	1148	29
73	1	1878	29
74	1	1774	29
75	1	782	29
76	1	1461	29
77	1	1826	29
78	1	1774	29
79	1	991	29
80	1	730	29
81	1	782	29
82	1	834	29
83	1	1356	29
84	1	782	29
86	1	1356	29
87	1	417	29
87	1	2191	30
88	1	887	29
89	1	991	29
90	1	1461	29
91	1	782	29
92	1	678	29
93	1	1513	29
94	1	417	29
95	1	1356	29
96	1	1095	29
97	1	1722	29
98	1	1930	29
99	1	1461	29
100	1	1669	29
101	1	834	29
102	1	782	29
103	1	1148	29
104	1	417	29
106	1	939	29
106	1	2191	30
107	1	574	29
108	1	626	29
109	1	1408	29
110	1	730	29
111	1	782	29
112	1	834	29
113	1	678	29
114	1	782	29
115	1	1513	29
116	1	1513	29
117	1	1513	29
118	1	1200	29
119	1	1408	29
120	1	730	29
121	1	1669	29
122	1	730	29
123	1	2035	29
124	1	678	29
125	1	782	29
126	1	574	29
127	1	678	29
128	1	574	29
129	1	1252	29
130	1	417	29
131	1	887	29
131	1	2191	30
132	1	574	29
133	1	782	29
134	1	1043	29
135	1	678	29
136	1	574	29
136	1	1774	30
137	1	834	29
138	1	626	29
138	1	2139	30
139	1	626	29
139	1	1930	30
140	1	2035	29
141	1	521	29
142	1	1408	29
143	1	1304	29
145	1	1356	29
146	1	730	29
147	1	782	29
148	1	417	29
149	1	678	29
150	1	469	29
151	1	417	29
152	1	782	29
153	1	887	29
154	1	782	29
155	1	521	29
156	1	574	29
158	1	626	29
159	1	574	29
159	1	2243	30
160	1	887	29
161	1	1878	29
162	1	1043	29
163	1	1513	29
164	1	469	29
165	1	730	29
166	1	2087	29
167	1	1513	29
169	1	626	29
170	1	626	29
171	1	1565	29
172	1	1043	29
173	1	1461	29
174	1	991	29
175	1	782	29
176	1	521	29
178	1	2243	29
179	1	730	29
180	1	2295	29
181	1	521	29
182	1	417	29
183	1	730	29
184	1	1669	29
185	1	782	29
186	1	2295	29
187	1	834	29
188	1	1826	29
189	1	939	29
190	1	1200	29
191	1	730	29
192	1	782	29
193	1	782	29
194	1	887	29
196	1	574	29
196	1	1722	30
198	1	782	29
199	1	521	29
200	1	1148	29
201	1	1826	29
202	1	1043	29
203	1	417	29
204	1	782	29
205	1	1408	29
206	1	626	29
206	1	1722	30
207	1	626	29
208	1	574	29
210	1	417	29
211	1	1669	29
212	1	1043	29
213	1	1774	29
215	1	1252	29
216	1	2191	29
217	1	1148	29
218	1	887	29
219	1	417	29
220	1	1669	29
221	1	417	29
222	1	1878	29
223	1	1826	29
224	1	1043	29
225	1	626	29
225	1	2139	30
226	1	730	29
227	1	782	29
228	1	521	29
229	1	991	29
230	1	626	29
231	1	626	29
232	1	782	29
233	1	1513	29
235	1	1774	29
236	1	1774	29
239	1	1408	29
240	1	626	29
240	1	2243	30
241	1	939	29
242	1	782	29
243	1	626	29
243	1	2087	30
244	1	417	29
245	1	1304	29
246	1	2295	29
248	1	782	29
249	1	626	29
250	1	626	29
250	1	2139	30
251	1	782	29
252	1	1982	29
253	1	1252	29
255	1	1148	29
256	1	417	29
257	1	1148	29
258	1	626	29
259	1	626	29
260	1	678	29
262	1	991	29
264	1	782	29
265	1	678	29
266	1	574	29
267	1	626	29
268	1	1043	29
269	1	678	29
270	1	1252	29
271	1	782	29
271	1	2295	30
272	1	626	29
272	1	1878	30
274	1	1252	29
275	1	1982	29
277	1	939	29
278	1	1774	29
279	1	1304	29
280	1	417	29
282	1	1826	29
283	1	1148	29
284	1	678	29
284	1	2087	30
285	1	1304	29
286	1	521	29
286	1	2139	30
287	1	1513	29
288	1	782	29
289	1	417	29
291	1	782	29
292	1	1774	29
293	1	521	29
293	1	2087	30
294	1	574	29
295	1	1304	29
296	1	678	29
298	1	1043	29
299	1	730	29
300	1	417	29
301	1	574	29
302	1	626	29
303	1	678	29
303	1	2139	30
304	1	678	29
306	1	574	29
307	1	834	29
308	1	417	29
309	1	678	29
309	1	1982	30
310	1	782	29
310	1	2087	30
311	1	1982	29
312	1	1304	29
313	1	1304	29
314	1	1461	29
315	1	834	29
316	1	2243	29
317	1	1252	29
318	1	1878	29
319	1	2087	29
320	1	1356	29
321	1	782	29
322	1	521	29
323	1	2139	29
324	1	1617	29
325	1	1565	29
326	1	626	29
327	1	1095	29
328	1	1461	29
329	1	1722	29
330	1	991	29
331	1	626	29
332	1	782	29
333	1	730	29
334	1	1356	29
335	1	574	29
336	1	678	29
337	1	1252	29
338	1	1826	29
339	1	782	29
340	1	1356	29
341	1	1148	29
342	1	574	29
343	1	626	29
344	1	2139	29
345	1	782	29
346	1	417	29
346	1	2139	30
347	1	730	29
348	1	626	29
349	1	730	29
350	1	2191	29
351	1	574	29
352	1	782	29
353	1	730	29
354	1	574	29
355	1	782	29
356	1	1043	29
357	1	782	29
358	1	1043	29
360	1	887	29
361	1	782	29
362	1	2191	29
364	1	678	29
365	1	2243	29
366	1	939	29
367	1	574	29
368	1	574	29
368	1	2087	30
369	1	782	29
371	1	782	29
372	1	1043	29
374	1	1565	29
375	1	1356	29
376	1	782	29
377	1	1304	29
378	1	1200	29
379	1	730	29
380	1	782	29
381	1	834	29
382	1	626	29
383	1	1669	29
384	1	626	29
385	1	782	29
386	1	417	29
387	1	782	29
388	1	2139	29
389	1	678	29
390	1	626	29
391	1	626	29
392	1	1774	29
393	1	521	29
394	1	782	29
395	1	834	29
396	1	574	29
397	1	1148	29
398	1	782	29
399	1	730	29
400	1	678	29
401	1	2295	29
402	1	782	29
403	1	1982	29
404	1	1095	29
405	1	1304	29
406	1	574	29
407	1	1148	29
409	1	1461	29
410	1	1461	29
411	1	417	29
412	1	782	29
412	1	1826	30
413	1	574	29
413	1	2243	30
414	1	730	29
415	1	678	29
416	1	1774	29
417	1	678	29
418	1	730	29
419	1	417	29
420	1	1043	29
421	1	1982	29
422	1	1669	29
423	1	1043	29
424	1	626	29
424	1	1982	30
425	1	782	29
426	1	1043	29
427	1	2243	29
428	1	678	29
429	1	417	29
430	1	574	29
431	1	521	29
432	1	782	29
433	1	887	29
434	1	782	29
434	1	2035	30
435	1	678	29
436	1	678	29
437	1	730	29
438	1	417	29
439	1	1408	29
440	1	730	29
442	1	678	29
443	1	939	29
445	1	574	29
446	1	1774	29
447	1	1774	29
448	1	1722	29
449	1	2243	29
451	1	991	29
451	1	2295	30
452	1	782	29
453	1	521	29
454	1	1617	29
455	1	1304	29
456	1	1304	29
457	1	887	29
459	1	417	29
460	1	626	29
461	1	521	29
462	1	782	29
463	1	782	29
464	1	1043	29
465	1	626	29
466	1	730	29
467	1	626	29
468	1	574	29
469	1	521	29
470	1	1930	29
471	1	1408	29
472	1	782	29
473	1	939	29
474	1	574	29
475	1	1461	29
476	1	1826	29
478	1	939	29
479	1	417	29
480	1	887	29
481	1	782	29
481	1	2243	30
482	1	782	29
484	1	2139	29
485	1	1408	29
486	1	1304	29
487	1	730	29
488	1	1304	29
489	1	574	29
490	1	991	29
490	1	2295	30
491	1	730	29
492	1	1043	29
493	1	939	29
494	1	782	29
495	1	991	29
496	1	834	29
497	1	469	29
498	1	730	29
499	1	782	29
500	1	626	29
501	1	1669	29
502	1	939	29
503	1	574	29
503	1	1826	30
504	1	417	29
505	1	1461	29
506	1	1148	29
507	1	1982	29
508	1	782	29
508	1	2087	30
510	1	2191	29
512	1	1043	29
513	1	1043	29
514	1	678	29
515	1	626	29
516	1	1461	29
517	1	1356	29
518	1	1043	29
519	1	782	29
520	1	574	29
521	1	782	29
522	1	887	29
523	1	678	29
524	1	417	29
525	1	782	29
526	1	1982	29
527	1	626	29
528	1	574	29
529	1	626	29
529	1	2035	30
530	1	1513	29
531	1	1043	29
532	1	1043	29
534	1	626	29
535	1	2191	29
536	1	1774	29
537	1	782	29
538	1	730	29
539	1	626	29
540	1	2087	29
541	1	469	29
542	1	1148	29
543	1	1148	29
544	1	782	29
544	1	2139	30
545	1	1930	29
546	1	1356	29
547	1	782	29
547	1	2191	30
548	1	1722	29
549	1	1304	29
550	1	678	29
550	1	1982	30
551	1	626	29
552	1	1617	29
553	1	991	29
554	1	574	29
555	1	574	29
555	1	1826	30
556	1	991	29
557	1	2191	29
558	1	417	29
559	1	1043	29
560	1	1617	29
561	1	1304	29
562	1	1095	29
563	1	887	29
564	1	417	29
565	1	730	29
565	1	2035	30
566	1	626	29
567	1	782	29
568	1	678	29
569	1	1043	29
570	1	1513	29
571	1	521	29
572	1	1617	29
574	1	834	29
575	1	521	29
575	1	2295	30
576	1	1148	29
577	1	782	29
578	1	1200	29
581	1	1095	29
582	1	939	29
583	1	678	29
583	1	1774	30
584	1	782	29
585	1	626	29
586	1	887	29
587	1	626	29
588	1	678	29
589	1	782	29
590	1	678	29
591	1	1774	29
593	1	834	29
594	1	1356	29
595	1	782	29
595	1	2087	30
596	1	939	29
597	1	939	29
598	1	521	29
599	1	678	29
600	1	1826	29
601	1	730	29
602	1	417	29
603	1	939	29
604	1	1043	29
605	1	1148	29
606	1	887	29
607	1	574	29
608	1	782	29
611	1	991	29
612	1	1148	29
613	1	1669	29
614	1	1148	29
615	1	417	29
616	1	1043	29
617	1	1982	29
619	1	1461	29
620	1	574	29
621	1	1043	29
622	1	574	29
623	1	1461	29
624	1	782	29
625	1	1095	29
626	1	417	29
627	1	782	29
628	1	834	29
629	1	1513	29
630	1	1043	29
631	1	834	29
631	1	2295	30
632	1	574	29
633	1	1930	29
634	1	1408	29
635	1	1461	29
637	1	417	29
638	1	1930	29
639	1	521	29
640	1	1930	29
641	1	782	29
642	1	1252	29
644	1	782	29
645	1	991	29
646	1	626	29
647	1	2191	29
648	1	991	29
649	1	782	29
650	1	1617	29
651	1	626	29
652	1	782	29
653	1	730	29
654	1	1408	29
655	1	991	29
656	1	887	29
657	1	782	29
658	1	782	29
659	1	1304	29
660	1	1774	29
661	1	678	29
662	1	834	29
663	1	1148	29
664	1	678	29
664	1	2191	30
665	1	626	29
666	1	626	29
667	1	678	29
668	1	1252	29
669	1	1043	29
670	1	1043	29
672	1	1200	29
673	1	1095	29
674	1	991	29
675	1	1043	29
676	1	574	29
677	1	991	29
678	1	678	29
679	1	1461	29
680	1	1043	29
681	1	887	29
682	1	521	29
683	1	1408	29
684	1	1043	29
685	1	782	29
686	1	782	29
687	1	1513	29
688	1	1304	29
689	1	1200	29
690	1	834	29
691	1	678	29
691	1	2191	30
692	1	782	29
693	1	417	29
694	1	782	29
695	1	521	29
696	1	1200	29
697	1	782	29
698	1	1669	29
699	1	887	29
700	1	782	29
701	1	1043	29
702	1	834	29
703	1	782	29
704	1	2295	29
705	1	1200	29
706	1	626	29
707	1	574	29
708	1	1095	29
709	1	782	29
710	1	521	29
711	1	1304	29
712	1	1043	29
714	1	678	29
715	1	1043	29
716	1	574	29
717	1	1043	29
718	1	782	29
719	1	1565	29
720	1	2139	29
721	1	991	29
722	1	626	29
723	1	417	29
724	1	939	29
725	1	782	29
726	1	939	29
727	1	1513	29
728	1	1878	29
729	1	782	29
730	1	887	29
731	1	678	29
732	1	782	29
733	1	782	29
734	1	678	29
735	1	2035	29
736	1	1148	29
737	1	678	29
737	1	2295	30
738	1	678	29
738	1	2139	30
739	1	1148	29
741	1	782	29
742	1	678	29
742	1	2087	30
743	1	521	29
744	1	1200	29
745	1	1774	29
746	1	417	29
747	1	834	29
748	1	417	29
749	1	1982	29
750	1	626	29
752	1	1043	29
753	1	574	29
753	1	2139	30
754	1	574	29
755	1	730	29
756	1	574	29
756	1	2243	30
757	1	417	29
758	1	626	29
759	1	417	29
760	1	834	29
761	1	939	29
762	1	521	29
763	1	1252	29
764	1	887	29
765	1	730	29
766	1	782	29
767	1	1200	29
768	1	417	29
769	1	1356	29
770	1	2139	29
771	1	1148	29
772	1	1669	29
773	1	1461	29
774	1	521	29
775	1	1669	29
776	1	626	29
776	1	2243	30
777	1	2087	29
778	1	782	29
779	1	417	29
780	1	782	29
781	1	521	29
782	1	782	29
783	1	1722	29
784	1	678	29
785	1	730	29
786	1	1356	29
787	1	1513	29
788	1	730	29
789	1	1095	29
790	1	1043	29
791	1	1617	29
792	1	782	29
793	1	730	29
794	1	521	29
795	1	1826	29
796	1	1461	29
797	1	730	29
798	1	1252	29
800	1	417	29
801	1	1513	29
802	1	782	29
803	1	782	29
804	1	782	29
806	1	1565	29
807	1	678	29
807	1	1774	30
808	1	2139	29
809	1	1826	29
810	1	678	29
811	1	678	29
812	1	417	29
812	1	2243	30
813	1	834	29
814	1	834	29
815	1	417	29
816	1	1148	29
818	1	834	29
819	1	1617	29
820	1	887	29
821	1	1304	29
822	1	678	29
823	1	730	29
823	1	2087	30
824	1	1043	29
825	1	1043	29
826	1	1043	29
827	1	1826	29
828	1	1461	29
829	1	2035	29
830	1	1408	29
831	1	469	29
831	1	2087	30
832	1	782	29
832	1	2035	30
833	1	1252	29
834	1	678	29
834	1	2139	30
835	1	782	29
836	1	2139	29
837	1	1408	29
838	1	417	29
838	1	2295	30
839	1	1565	29
840	1	417	29
840	1	1774	30
841	1	782	29
842	1	1200	29
843	1	678	29
843	1	1982	30
844	1	1461	29
845	1	1513	29
846	1	1461	29
847	1	1200	29
848	1	521	29
849	1	2243	29
850	1	782	29
853	1	1565	29
854	1	1043	29
855	1	782	29
856	1	678	29
857	1	1565	29
858	1	887	29
861	1	782	29
862	1	1774	29
863	1	782	29
864	1	574	29
864	1	2087	30
865	1	678	29
866	1	678	29
867	1	939	29
868	1	782	29
869	1	417	29
870	1	417	29
871	1	1095	29
873	1	678	29
875	1	417	29
876	1	678	29
877	1	574	29
878	1	1304	29
879	1	834	29
880	1	626	29
882	1	1461	29
883	1	1826	29
884	1	782	29
885	1	678	29
886	1	1356	29
887	1	782	29
888	1	2087	29
889	1	1408	29
890	1	1513	29
891	1	782	29
892	1	1826	29
893	1	782	29
894	1	782	29
895	1	417	29
896	1	626	29
897	1	626	29
898	1	469	29
899	1	626	29
900	1	1148	29
901	1	678	29
902	1	991	29
903	1	417	29
903	1	2243	30
905	1	1356	29
906	1	626	29
907	1	2191	29
908	1	730	29
909	1	1982	29
910	1	1148	29
911	1	2087	29
912	1	782	29
913	1	1461	29
914	1	991	29
915	1	1252	29
916	1	626	29
917	1	782	29
918	1	1200	29
919	1	1617	29
920	1	1252	29
921	1	1200	29
922	1	782	29
923	1	1356	29
924	1	782	29
925	1	678	29
926	1	782	29
926	1	2295	30
927	1	1043	29
929	1	782	29
931	1	782	29
932	1	1200	29
933	1	1252	29
934	1	1148	29
935	1	417	29
936	1	1095	29
937	1	1774	29
938	1	417	29
939	1	1565	29
940	1	782	29
941	1	678	29
942	1	521	29
943	1	2035	29
944	1	887	29
945	1	1722	29
946	1	417	29
947	1	678	29
947	1	2087	30
948	1	678	29
949	1	417	29
950	1	678	29
951	1	417	29
953	1	782	29
954	1	521	29
956	1	1930	29
957	1	417	29
958	1	1565	29
960	1	887	29
961	1	782	29
962	1	2035	29
963	1	678	29
964	1	782	29
964	1	2243	30
965	1	1043	29
966	1	521	29
968	1	834	29
969	1	939	29
971	1	574	29
972	1	626	29
972	1	2191	30
973	1	782	29
974	1	782	29
975	1	1565	29
976	1	782	29
977	1	2191	29
978	1	782	29
979	1	417	29
980	1	1930	29
981	1	1043	29
982	1	678	29
983	1	521	29
984	1	1043	29
985	1	1148	29
987	1	1565	29
988	1	782	29
989	1	730	29
990	1	1826	29
994	1	2035	29
995	1	574	29
996	1	1356	29
998	1	782	29
998	1	2087	30
999	1	1565	29
0	2	261	26
1	2	261	26
2	2	261	26
3	2	261	26
4	2	261	26
5	2	261	26
6	2	261	26
7	2	261	26
8	2	261	26
9	2	261	26
10	2	261	26
11	2	261	26
12	2	261	26
13	2	261	26
14	2	261	26
15	2	261	26
16	2	261	26
17	2	261	26
18	2	261	26
19	2	261	26
20	2	261	26
21	2	261	26
22	2	261	26
23	2	261	26
24	2	261	26
25	2	261	26
26	2	261	26
27	2	261	26
28	2	261	26
29	2	261	26
30	2	261	26
31	2	261	26
32	2	261	26
33	2	261	26
34	2	261	26
35	2	261	26
36	2	261	26
37	2	261	26
38	2	261	26
39	2	261	26
40	2	261	26
41	2	261	26
42	2	261	26
43	2	261	26
44	2	261	26
45	2	261	26
46	2	261	26
47	2	261	26
48	2	261	26
49	2	261	26
50	2	261	26
51	2	261	26
52	2	261	26
53	2	261	26
54	2	261	26
55	2	261	26
56	2	261	26
57	2	261	26
58	2	261	26
59	2	261	26
60	2	261	26
61	2	261	26
62	2	261	26
63	2	261	26
64	2	261	26
65	2	261	26
66	2	261	26
67	2	261	26
68	2	261	26
69	2	261	26
70	2	261	26
71	2	261	26
72	2	261	26
73	2	261	26
74	2	261	26
75	2	261	26
76	2	261	26
77	2	261	26
78	2	261	26
79	2	261	26
80	2	261	26
81	2	261	26
82	2	261	26
83	2	261	26
84	2	261	26
85	2	261	26
86	2	261	26
87	2	261	26
88	2	261	26
89	2	261	26
90	2	261	26
91	2	261	26
92	2	261	26
93	2	261	26
94	2	261	26
95	2	261	26
96	2	261	26
97	2	261	26
98	2	261	26
99	2	261	26
100	2	261	26
101	2	261	26
102	2	261	26
103	2	261	26
104	2	261	26
105	2	261	26
106	2	261	26
107	2	261	26
108	2	261	26
109	2	261	26
110	2	261	26
111	2	261	26
112	2	261	26
113	2	261	26
114	2	261	26
115	2	261	26
116	2	261	26
117	2	261	26
118	2	261	26
119	2	261	26
120	2	261	26
121	2	261	26
122	2	261	26
123	2	261	26
124	2	261	26
125	2	261	26
126	2	261	26
127	2	261	26
128	2	261	26
129	2	261	26
130	2	261	26
131	2	261	26
132	2	261	26
133	2	261	26
134	2	261	26
135	2	261	26
136	2	261	26
137	2	261	26
138	2	261	26
139	2	261	26
140	2	261	26
141	2	261	26
142	2	261	26
143	2	261	26
144	2	261	26
145	2	261	26
146	2	261	26
147	2	261	26
148	2	261	26
149	2	261	26
150	2	261	26
151	2	261	26
152	2	261	26
153	2	261	26
154	2	261	26
155	2	261	26
156	2	261	26
157	2	261	26
158	2	261	26
159	2	261	26
160	2	261	26
161	2	261	26
162	2	261	26
163	2	261	26
164	2	261	26
165	2	261	26
166	2	261	26
167	2	261	26
168	2	261	26
169	2	261	26
170	2	261	26
171	2	261	26
172	2	261	26
173	2	261	26
174	2	261	26
175	2	261	26
176	2	261	26
177	2	261	26
178	2	261	26
179	2	261	26
180	2	261	26
181	2	261	26
182	2	261	26
183	2	261	26
184	2	261	26
185	2	261	26
186	2	261	26
187	2	261	26
188	2	261	26
189	2	261	26
190	2	261	26
191	2	261	26
192	2	261	26
193	2	261	26
194	2	261	26
195	2	261	26
196	2	261	26
197	2	261	26
198	2	261	26
199	2	261	26
200	2	261	26
201	2	261	26
202	2	261	26
203	2	261	26
204	2	261	26
205	2	261	26
206	2	261	26
207	2	261	26
208	2	261	26
209	2	261	26
210	2	261	26
211	2	261	26
212	2	261	26
213	2	261	26
214	2	261	26
215	2	261	26
216	2	261	26
217	2	261	26
218	2	261	26
219	2	261	26
220	2	261	26
221	2	261	26
222	2	261	26
223	2	261	26
224	2	261	26
225	2	261	26
226	2	261	26
227	2	261	26
228	2	261	26
229	2	261	26
230	2	261	26
231	2	261	26
232	2	261	26
233	2	261	26
234	2	261	26
235	2	261	26
236	2	261	26
237	2	261	26
238	2	261	26
239	2	261	26
240	2	261	26
241	2	261	26
242	2	261	26
243	2	261	26
244	2	261	26
245	2	261	26
246	2	261	26
247	2	261	26
248	2	261	26
249	2	261	26
250	2	261	26
251	2	261	26
252	2	261	26
253	2	261	26
254	2	261	26
255	2	261	26
256	2	261	26
257	2	261	26
258	2	261	26
259	2	261	26
260	2	261	26
261	2	261	26
262	2	261	26
263	2	261	26
264	2	261	26
265	2	261	26
266	2	261	26
267	2	261	26
268	2	261	26
269	2	261	26
270	2	261	26
271	2	261	26
272	2	261	26
273	2	261	26
274	2	261	26
275	2	261	26
276	2	261	26
277	2	261	26
278	2	261	26
279	2	261	26
280	2	261	26
281	2	261	26
282	2	261	26
283	2	261	26
284	2	261	26
285	2	261	26
286	2	261	26
287	2	261	26
288	2	261	26
289	2	261	26
290	2	261	26
291	2	261	26
292	2	261	26
293	2	261	26
294	2	261	26
295	2	261	26
296	2	261	26
297	2	261	26
298	2	261	26
299	2	261	26
300	2	261	26
301	2	261	26
302	2	261	26
303	2	261	26
304	2	261	26
305	2	261	26
306	2	261	26
307	2	261	26
308	2	261	26
309	2	261	26
310	2	261	26
311	2	261	26
312	2	261	26
313	2	261	26
314	2	261	26
315	2	261	26
316	2	261	26
317	2	261	26
318	2	261	26
319	2	261	26
320	2	261	26
321	2	261	26
322	2	261	26
323	2	261	26
324	2	261	26
325	2	261	26
326	2	261	26
327	2	261	26
328	2	261	26
329	2	261	26
330	2	261	26
331	2	261	26
332	2	261	26
333	2	261	26
334	2	261	26
335	2	261	26
336	2	261	26
337	2	261	26
338	2	261	26
339	2	261	26
340	2	261	26
341	2	261	26
342	2	261	26
343	2	261	26
344	2	261	26
345	2	261	26
346	2	261	26
347	2	261	26
348	2	261	26
349	2	261	26
350	2	261	26
351	2	261	26
352	2	261	26
353	2	261	26
354	2	261	26
355	2	261	26
356	2	261	26
357	2	261	26
358	2	261	26
359	2	261	26
360	2	261	26
361	2	261	26
362	2	261	26
363	2	261	26
364	2	261	26
365	2	261	26
366	2	261	26
367	2	261	26
368	2	261	26
369	2	261	26
370	2	261	26
371	2	261	26
372	2	261	26
373	2	261	26
374	2	261	26
375	2	261	26
376	2	261	26
377	2	261	26
378	2	261	26
379	2	261	26
380	2	261	26
381	2	261	26
382	2	261	26
383	2	261	26
384	2	261	26
385	2	261	26
386	2	261	26
387	2	261	26
388	2	261	26
389	2	261	26
390	2	261	26
391	2	261	26
392	2	261	26
393	2	261	26
394	2	261	26
395	2	261	26
396	2	261	26
397	2	261	26
398	2	261	26
399	2	261	26
400	2	261	26
401	2	261	26
402	2	261	26
403	2	261	26
404	2	261	26
405	2	261	26
406	2	261	26
407	2	261	26
408	2	261	26
409	2	261	26
410	2	261	26
411	2	261	26
412	2	261	26
413	2	261	26
414	2	261	26
415	2	261	26
416	2	261	26
417	2	261	26
418	2	261	26
419	2	261	26
420	2	261	26
421	2	261	26
422	2	261	26
423	2	261	26
424	2	261	26
425	2	261	26
426	2	261	26
427	2	261	26
428	2	261	26
429	2	261	26
430	2	261	26
431	2	261	26
432	2	261	26
433	2	261	26
434	2	261	26
435	2	261	26
436	2	261	26
437	2	261	26
438	2	261	26
439	2	261	26
440	2	261	26
441	2	261	26
442	2	261	26
443	2	261	26
444	2	261	26
445	2	261	26
446	2	261	26
447	2	261	26
448	2	261	26
449	2	261	26
450	2	261	26
451	2	261	26
452	2	261	26
453	2	261	26
454	2	261	26
455	2	261	26
456	2	261	26
457	2	261	26
458	2	261	26
459	2	261	26
460	2	261	26
461	2	261	26
462	2	261	26
463	2	261	26
464	2	261	26
465	2	261	26
466	2	261	26
467	2	261	26
468	2	261	26
469	2	261	26
470	2	261	26
471	2	261	26
472	2	261	26
473	2	261	26
474	2	261	26
475	2	261	26
476	2	261	26
477	2	261	26
478	2	261	26
479	2	261	26
480	2	261	26
481	2	261	26
482	2	261	26
483	2	261	26
484	2	261	26
485	2	261	26
486	2	261	26
487	2	261	26
488	2	261	26
489	2	261	26
490	2	261	26
491	2	261	26
492	2	261	26
493	2	261	26
494	2	261	26
495	2	261	26
496	2	261	26
497	2	261	26
498	2	261	26
499	2	261	26
500	2	261	26
501	2	261	26
502	2	261	26
503	2	261	26
504	2	261	26
505	2	261	26
506	2	261	26
507	2	261	26
508	2	261	26
509	2	261	26
510	2	261	26
511	2	261	26
512	2	261	26
513	2	261	26
514	2	261	26
515	2	261	26
516	2	261	26
517	2	261	26
518	2	261	26
519	2	261	26
520	2	261	26
521	2	261	26
522	2	261	26
523	2	261	26
524	2	261	26
525	2	261	26
526	2	261	26
527	2	261	26
528	2	261	26
529	2	261	26
530	2	261	26
531	2	261	26
532	2	261	26
533	2	261	26
534	2	261	26
535	2	261	26
536	2	261	26
537	2	261	26
538	2	261	26
539	2	261	26
540	2	261	26
541	2	261	26
542	2	261	26
543	2	261	26
544	2	261	26
545	2	261	26
546	2	261	26
547	2	261	26
548	2	261	26
549	2	261	26
550	2	261	26
551	2	261	26
552	2	261	26
553	2	261	26
554	2	261	26
555	2	261	26
556	2	261	26
557	2	261	26
558	2	261	26
559	2	261	26
560	2	261	26
561	2	261	26
562	2	261	26
563	2	261	26
564	2	261	26
565	2	261	26
566	2	261	26
567	2	261	26
568	2	261	26
569	2	261	26
570	2	261	26
571	2	261	26
572	2	261	26
573	2	261	26
574	2	261	26
575	2	261	26
576	2	261	26
577	2	261	26
578	2	261	26
579	2	261	26
580	2	261	26
581	2	261	26
582	2	261	26
583	2	261	26
584	2	261	26
585	2	261	26
586	2	261	26
587	2	261	26
588	2	261	26
589	2	261	26
590	2	261	26
591	2	261	26
592	2	261	26
593	2	261	26
594	2	261	26
595	2	261	26
596	2	261	26
597	2	261	26
598	2	261	26
599	2	261	26
600	2	261	26
601	2	261	26
602	2	261	26
603	2	261	26
604	2	261	26
605	2	261	26
606	2	261	26
607	2	261	26
608	2	261	26
609	2	261	26
610	2	261	26
611	2	261	26
612	2	261	26
613	2	261	26
614	2	261	26
615	2	261	26
616	2	261	26
617	2	261	26
618	2	261	26
619	2	261	26
620	2	261	26
621	2	261	26
622	2	261	26
623	2	261	26
624	2	261	26
625	2	261	26
626	2	261	26
627	2	261	26
628	2	261	26
629	2	261	26
630	2	261	26
631	2	261	26
632	2	261	26
633	2	261	26
634	2	261	26
635	2	261	26
636	2	261	26
637	2	261	26
638	2	261	26
639	2	261	26
640	2	261	26
641	2	261	26
642	2	261	26
643	2	261	26
644	2	261	26
645	2	261	26
646	2	261	26
647	2	261	26
648	2	261	26
649	2	261	26
650	2	261	26
651	2	261	26
652	2	261	26
653	2	261	26
654	2	261	26
655	2	261	26
656	2	261	26
657	2	261	26
658	2	261	26
659	2	261	26
660	2	261	26
661	2	261	26
662	2	261	26
663	2	261	26
664	2	261	26
665	2	261	26
666	2	261	26
667	2	261	26
668	2	261	26
669	2	261	26
670	2	261	26
671	2	261	26
672	2	261	26
673	2	261	26
674	2	261	26
675	2	261	26
676	2	261	26
677	2	261	26
678	2	261	26
679	2	261	26
680	2	261	26
681	2	261	26
682	2	261	26
683	2	261	26
684	2	261	26
685	2	261	26
686	2	261	26
687	2	261	26
688	2	261	26
689	2	261	26
690	2	261	26
691	2	261	26
692	2	261	26
693	2	261	26
694	2	261	26
695	2	261	26
696	2	261	26
697	2	261	26
698	2	261	26
699	2	261	26
700	2	261	26
701	2	261	26
702	2	261	26
703	2	261	26
704	2	261	26
705	2	261	26
706	2	261	26
707	2	261	26
708	2	261	26
709	2	261	26
710	2	261	26
711	2	261	26
712	2	261	26
713	2	261	26
714	2	261	26
715	2	261	26
716	2	261	26
717	2	261	26
718	2	261	26
719	2	261	26
720	2	261	26
721	2	261	26
722	2	261	26
723	2	261	26
724	2	261	26
725	2	261	26
726	2	261	26
727	2	261	26
728	2	261	26
729	2	261	26
730	2	261	26
731	2	261	26
732	2	261	26
733	2	261	26
734	2	261	26
735	2	261	26
736	2	261	26
737	2	261	26
738	2	261	26
739	2	261	26
740	2	261	26
741	2	261	26
742	2	261	26
743	2	261	26
744	2	261	26
745	2	261	26
746	2	261	26
747	2	261	26
748	2	261	26
749	2	261	26
750	2	261	26
751	2	261	26
752	2	261	26
753	2	261	26
754	2	261	26
755	2	261	26
756	2	261	26
757	2	261	26
758	2	261	26
759	2	261	26
760	2	261	26
761	2	261	26
762	2	261	26
763	2	261	26
764	2	261	26
765	2	261	26
766	2	261	26
767	2	261	26
768	2	261	26
769	2	261	26
770	2	261	26
771	2	261	26
772	2	261	26
773	2	261	26
774	2	261	26
775	2	261	26
776	2	261	26
777	2	261	26
778	2	261	26
779	2	261	26
780	2	261	26
781	2	261	26
782	2	261	26
783	2	261	26
784	2	261	26
785	2	261	26
786	2	261	26
787	2	261	26
788	2	261	26
789	2	261	26
790	2	261	26
791	2	261	26
792	2	261	26
793	2	261	26
794	2	261	26
795	2	261	26
796	2	261	26
797	2	261	26
798	2	261	26
799	2	261	26
800	2	261	26
801	2	261	26
802	2	261	26
803	2	261	26
804	2	261	26
805	2	261	26
806	2	261	26
807	2	261	26
808	2	261	26
809	2	261	26
810	2	261	26
811	2	261	26
812	2	261	26
813	2	261	26
814	2	261	26
815	2	261	26
816	2	261	26
817	2	261	26
818	2	261	26
819	2	261	26
820	2	261	26
821	2	261	26
822	2	261	26
823	2	261	26
824	2	261	26
825	2	261	26
826	2	261	26
827	2	261	26
828	2	261	26
829	2	261	26
830	2	261	26
831	2	261	26
832	2	261	26
833	2	261	26
834	2	261	26
835	2	261	26
836	2	261	26
837	2	261	26
838	2	261	26
839	2	261	26
840	2	261	26
841	2	261	26
842	2	261	26
843	2	261	26
844	2	261	26
845	2	261	26
846	2	261	26
847	2	261	26
848	2	261	26
849	2	261	26
850	2	261	26
851	2	261	26
852	2	261	26
853	2	261	26
854	2	261	26
855	2	261	26
856	2	261	26
857	2	261	26
858	2	261	26
859	2	261	26
860	2	261	26
861	2	261	26
862	2	261	26
863	2	261	26
864	2	261	26
865	2	261	26
866	2	261	26
867	2	261	26
868	2	261	26
869	2	261	26
870	2	261	26
871	2	261	26
872	2	261	26
873	2	261	26
874	2	261	26
875	2	261	26
876	2	261	26
877	2	261	26
878	2	261	26
879	2	261	26
880	2	261	26
881	2	261	26
882	2	261	26
883	2	261	26
884	2	261	26
885	2	261	26
886	2	261	26
887	2	261	26
888	2	261	26
889	2	261	26
890	2	261	26
891	2	261	26
892	2	261	26
893	2	261	26
894	2	261	26
895	2	261	26
896	2	261	26
897	2	261	26
898	2	261	26
899	2	261	26
900	2	261	26
901	2	261	26
902	2	261	26
903	2	261	26
904	2	261	26
905	2	261	26
906	2	261	26
907	2	261	26
908	2	261	26
909	2	261	26
910	2	261	26
911	2	261	26
912	2	261	26
913	2	261	26
914	2	261	26
915	2	261	26
916	2	261	26
917	2	261	26
918	2	261	26
919	2	261	26
920	2	261	26
921	2	261	26
922	2	261	26
923	2	261	26
924	2	261	26
925	2	261	26
926	2	261	26
927	2	261	26
928	2	261	26
929	2	261	26
930	2	261	26
931	2	261	26
932	2	261	26
933	2	261	26
934	2	261	26
935	2	261	26
936	2	261	26
937	2	261	26
938	2	261	26
939	2	261	26
940	2	261	26
941	2	261	26
942	2	261	26
943	2	261	26
944	2	261	26
945	2	261	26
946	2	261	26
947	2	261	26
948	2	261	26
949	2	261	26
950	2	261	26
951	2	261	26
952	2	261	26
953	2	261	26
954	2	261	26
955	2	261	26
956	2	261	26
957	2	261	26
958	2	261	26
959	2	261	26
960	2	261	26
961	2	261	26
962	2	261	26
963	2	261	26
964	2	261	26
965	2	261	26
966	2	261	26
967	2	261	26
968	2	261	26
969	2	261	26
970	2	261	26
971	2	261	26
972	2	261	26
973	2	261	26
974	2	261	26
975	2	261	26
976	2	261	26
977	2	261	26
978	2	261	26
979	2	261	26
980	2	261	26
981	2	261	26
982	2	261	26
983	2	261	26
984	2	261	26
985	2	261	26
986	2	261	26
987	2	261	26
988	2	261	26
989	2	261	26
990	2	261	26
991	2	261	26
992	2	261	26
993	2	261	26
994	2	261	26
995	2	261	26
996	2	261	26
997	2	261	26
998	2	261	26
999	2	261	26
0	3	626	29
1	3	626	29
2	3	782	29
3	3	1200	29
4	3	782	29
4	3	1461	20
4	3	2035	30
5	3	626	29
6	3	417	29
7	3	1043	29
8	3	834	29
10	3	626	29
12	3	1930	29
13	3	1774	29
14	3	626	29
15	3	678	29
16	3	678	29
17	3	626	29
18	3	417	29
19	3	1826	29
20	3	678	29
21	3	417	29
22	3	1095	29
23	3	678	29
24	3	678	29
25	3	1826	29
26	3	730	29
27	3	626	29
28	3	939	29
29	3	1148	29
30	3	1304	29
31	3	782	29
32	3	1095	29
33	3	521	29
34	3	939	29
35	3	730	29
36	3	678	29
37	3	782	29
38	3	782	29
39	3	782	29
40	3	574	29
40	3	1565	20
40	3	2087	30
41	3	939	29
42	3	991	29
43	3	417	29
45	3	730	29
46	3	730	29
47	3	1148	29
48	3	2243	29
49	3	678	29
51	3	1722	29
52	3	2087	29
53	3	730	29
53	3	2035	20
53	3	2087	30
55	3	782	29
56	3	1461	29
57	3	521	29
57	3	1669	20
58	3	782	29
58	3	1408	20
59	3	782	29
60	3	1200	29
61	3	782	29
62	3	782	29
63	3	417	29
64	3	1930	29
65	3	626	29
66	3	1304	29
67	3	887	29
67	3	1669	20
68	3	1565	29
69	3	1043	29
70	3	730	29
71	3	1148	29
73	3	1878	29
74	3	1774	29
75	3	782	29
76	3	1461	29
77	3	1826	29
78	3	1774	29
79	3	991	29
80	3	730	29
81	3	782	29
82	3	834	29
83	3	1356	29
84	3	782	29
86	3	1356	29
87	3	417	29
87	3	1722	20
87	3	2191	30
88	3	887	29
89	3	991	29
90	3	1461	29
91	3	782	29
92	3	678	29
93	3	1513	29
94	3	417	29
95	3	1356	29
96	3	1095	29
97	3	1722	29
98	3	1930	29
99	3	1461	29
100	3	1669	29
101	3	834	29
102	3	782	29
103	3	1148	29
104	3	417	29
106	3	939	29
106	3	2191	30
107	3	574	29
108	3	626	29
109	3	1408	29
110	3	730	29
111	3	782	29
112	3	834	29
113	3	678	29
114	3	782	29
115	3	1513	29
116	3	1513	29
117	3	1513	29
118	3	1200	29
119	3	1408	29
120	3	730	29
121	3	1669	29
122	3	730	29
122	3	1774	20
123	3	2035	29
124	3	678	29
125	3	782	29
126	3	574	29
127	3	678	29
128	3	574	29
129	3	1252	29
130	3	417	29
131	3	887	29
131	3	2191	30
132	3	574	29
133	3	782	29
134	3	1043	29
135	3	678	29
136	3	574	29
136	3	1356	20
136	3	1774	30
137	3	834	29
138	3	626	29
138	3	2035	20
138	3	2139	30
139	3	626	29
139	3	1304	20
139	3	1878	9
139	3	1930	30
140	3	2035	29
141	3	521	29
141	3	1461	20
142	3	1408	29
143	3	1304	29
145	3	1356	29
146	3	730	29
147	3	782	29
148	3	417	29
149	3	678	29
150	3	469	29
151	3	417	29
152	3	782	29
153	3	887	29
154	3	782	29
155	3	521	29
156	3	574	29
158	3	626	29
159	3	574	29
159	3	1774	20
159	3	2243	30
160	3	887	29
161	3	1878	29
162	3	1043	29
163	3	1513	29
164	3	469	29
165	3	730	29
166	3	2087	29
167	3	1513	29
169	3	626	29
170	3	626	29
171	3	1565	29
172	3	1043	29
173	3	1461	29
174	3	991	29
175	3	782	29
176	3	521	29
178	3	2243	29
179	3	730	29
180	3	2295	29
181	3	521	29
182	3	417	29
183	3	730	29
184	3	1669	29
185	3	782	29
186	3	2295	29
187	3	834	29
188	3	1826	29
189	3	939	29
189	3	1982	20
190	3	1200	29
191	3	730	29
192	3	782	29
193	3	782	29
194	3	887	29
196	3	574	29
196	3	1722	30
198	3	782	29
199	3	521	29
200	3	1148	29
201	3	1826	29
202	3	1043	29
203	3	417	29
204	3	782	29
205	3	1408	29
206	3	626	29
206	3	1304	20
206	3	1722	30
206	3	2035	9
207	3	626	29
208	3	574	29
210	3	417	29
211	3	1669	29
212	3	1043	29
213	3	1774	29
215	3	1252	29
216	3	2191	29
217	3	1148	29
218	3	887	29
219	3	417	29
220	3	1669	29
221	3	417	29
222	3	1878	29
223	3	1826	29
224	3	1043	29
225	3	626	29
225	3	1722	20
225	3	2139	30
226	3	730	29
226	3	1513	20
227	3	782	29
228	3	521	29
228	3	1356	20
229	3	991	29
230	3	626	29
231	3	626	29
232	3	782	29
233	3	1513	29
235	3	1774	29
236	3	1774	29
239	3	1408	29
240	3	626	29
240	3	1826	20
240	3	2243	30
241	3	939	29
242	3	782	29
243	3	626	29
243	3	1617	20
243	3	2087	30
244	3	417	29
245	3	1304	29
246	3	2295	29
248	3	782	29
249	3	626	29
250	3	626	29
250	3	1408	20
250	3	2139	30
251	3	782	29
252	3	1982	29
253	3	1252	29
255	3	1148	29
256	3	417	29
257	3	1148	29
258	3	626	29
259	3	626	29
260	3	678	29
262	3	991	29
264	3	782	29
265	3	678	29
266	3	574	29
267	3	626	29
268	3	1043	29
269	3	678	29
270	3	1252	29
271	3	782	29
271	3	2295	30
272	3	626	29
272	3	1617	20
272	3	1878	30
272	3	2191	9
274	3	1252	29
275	3	1982	29
277	3	939	29
278	3	1774	29
279	3	1304	29
280	3	417	29
282	3	1826	29
283	3	1148	29
284	3	678	29
284	3	1461	20
284	3	2087	30
285	3	1304	29
286	3	521	29
286	3	1513	20
286	3	2139	30
287	3	1513	29
288	3	782	29
289	3	417	29
291	3	782	29
292	3	1774	29
293	3	521	29
293	3	2035	20
293	3	2087	30
294	3	574	29
295	3	1304	29
296	3	678	29
298	3	1043	29
299	3	730	29
300	3	417	29
301	3	574	29
302	3	626	29
303	3	678	29
303	3	1461	20
303	3	2139	30
304	3	678	29
306	3	574	29
307	3	834	29
308	3	417	29
309	3	678	29
309	3	1513	20
309	3	1982	30
310	3	782	29
310	3	2087	30
311	3	1982	29
312	3	1304	29
313	3	1304	29
314	3	1461	29
315	3	834	29
316	3	2243	29
317	3	1252	29
318	3	1878	29
319	3	2087	29
320	3	1356	29
321	3	782	29
322	3	521	29
323	3	2139	29
324	3	1617	29
325	3	1565	29
326	3	626	29
327	3	1095	29
328	3	1461	29
329	3	1722	29
330	3	991	29
331	3	626	29
332	3	782	29
333	3	730	29
333	3	2087	20
334	3	1356	29
335	3	574	29
336	3	678	29
337	3	1252	29
338	3	1826	29
339	3	782	29
340	3	1356	29
341	3	1148	29
342	3	574	29
343	3	626	29
343	3	2139	20
344	3	2139	29
345	3	782	29
346	3	417	29
346	3	2139	30
347	3	730	29
348	3	626	29
349	3	730	29
349	3	1461	20
350	3	2191	29
351	3	574	29
352	3	782	29
353	3	730	29
354	3	574	29
354	3	1408	20
355	3	782	29
356	3	1043	29
357	3	782	29
358	3	1043	29
360	3	887	29
361	3	782	29
362	3	2191	29
364	3	678	29
365	3	2243	29
366	3	939	29
367	3	574	29
368	3	574	29
368	3	1565	20
368	3	2087	30
369	3	782	29
371	3	782	29
372	3	1043	29
374	3	1565	29
375	3	1356	29
376	3	782	29
377	3	1304	29
378	3	1200	29
379	3	730	29
380	3	782	29
381	3	834	29
382	3	626	29
383	3	1669	29
384	3	626	29
385	3	782	29
386	3	417	29
387	3	782	29
387	3	1722	20
388	3	2139	29
389	3	678	29
390	3	626	29
391	3	626	29
392	3	1774	29
393	3	521	29
394	3	782	29
395	3	834	29
396	3	574	29
396	3	1408	20
397	3	1148	29
398	3	782	29
399	3	730	29
400	3	678	29
401	3	2295	29
402	3	782	29
403	3	1982	29
404	3	1095	29
405	3	1304	29
406	3	574	29
407	3	1148	29
409	3	1461	29
410	3	1461	29
411	3	417	29
411	3	1304	20
412	3	782	29
412	3	1356	20
412	3	1826	30
412	3	2191	9
413	3	574	29
413	3	1200	20
413	3	1722	9
413	3	2243	30
414	3	730	29
415	3	678	29
416	3	1774	29
417	3	678	29
418	3	730	29
418	3	1408	20
419	3	417	29
420	3	1043	29
421	3	1982	29
422	3	1669	29
423	3	1043	29
424	3	626	29
424	3	1304	20
424	3	1930	9
424	3	1982	30
425	3	782	29
426	3	1043	29
427	3	2243	29
428	3	678	29
429	3	417	29
430	3	574	29
431	3	521	29
432	3	782	29
433	3	887	29
434	3	782	29
434	3	1722	20
434	3	2035	30
435	3	678	29
436	3	678	29
436	3	1617	20
437	3	730	29
438	3	417	29
439	3	1408	29
440	3	730	29
442	3	678	29
443	3	939	29
445	3	574	29
446	3	1774	29
447	3	1774	29
448	3	1722	29
449	3	2243	29
451	3	991	29
451	3	2295	30
452	3	782	29
453	3	521	29
453	3	1408	20
454	3	1617	29
455	3	1304	29
456	3	1304	29
457	3	887	29
459	3	417	29
460	3	626	29
461	3	521	29
462	3	782	29
463	3	782	29
463	3	1774	20
464	3	1043	29
465	3	626	29
466	3	730	29
467	3	626	29
468	3	574	29
469	3	521	29
469	3	2087	20
470	3	1930	29
471	3	1408	29
472	3	782	29
473	3	939	29
474	3	574	29
475	3	1461	29
476	3	1826	29
478	3	939	29
479	3	417	29
480	3	887	29
481	3	782	29
481	3	1461	20
481	3	2243	30
482	3	782	29
484	3	2139	29
485	3	1408	29
486	3	1304	29
487	3	730	29
488	3	1304	29
489	3	574	29
490	3	991	29
490	3	2087	20
490	3	2295	30
491	3	730	29
492	3	1043	29
493	3	939	29
494	3	782	29
495	3	991	29
496	3	834	29
497	3	469	29
498	3	730	29
499	3	782	29
500	3	626	29
500	3	1408	20
501	3	1669	29
502	3	939	29
503	3	574	29
503	3	1200	20
503	3	1826	30
504	3	417	29
505	3	1461	29
506	3	1148	29
507	3	1982	29
508	3	782	29
508	3	2087	30
510	3	2191	29
512	3	1043	29
513	3	1043	29
514	3	678	29
515	3	626	29
516	3	1461	29
517	3	1356	29
518	3	1043	29
519	3	782	29
520	3	574	29
521	3	782	29
521	3	1461	20
522	3	887	29
523	3	678	29
524	3	417	29
525	3	782	29
525	3	1408	20
526	3	1982	29
527	3	626	29
528	3	574	29
529	3	626	29
529	3	1722	20
529	3	2035	30
530	3	1513	29
531	3	1043	29
532	3	1043	29
534	3	626	29
535	3	2191	29
536	3	1774	29
537	3	782	29
538	3	730	29
539	3	626	29
540	3	2087	29
541	3	469	29
542	3	1148	29
543	3	1148	29
544	3	782	29
544	3	2035	20
544	3	2139	30
545	3	1930	29
546	3	1356	29
547	3	782	29
547	3	2191	30
548	3	1722	29
549	3	1304	29
550	3	678	29
550	3	1513	20
550	3	1982	30
551	3	626	29
551	3	1408	20
552	3	1617	29
553	3	991	29
554	3	574	29
555	3	574	29
555	3	1304	20
555	3	1826	30
556	3	991	29
557	3	2191	29
558	3	417	29
559	3	1043	29
560	3	1617	29
561	3	1304	29
562	3	1095	29
563	3	887	29
564	3	417	29
565	3	730	29
565	3	1930	20
565	3	2035	30
566	3	626	29
567	3	782	29
568	3	678	29
569	3	1043	29
570	3	1513	29
571	3	521	29
572	3	1617	29
574	3	834	29
575	3	521	29
575	3	1408	20
575	3	2295	30
576	3	1148	29
577	3	782	29
578	3	1200	29
581	3	1095	29
582	3	939	29
583	3	678	29
583	3	1356	20
583	3	1774	30
584	3	782	29
585	3	626	29
585	3	1304	20
585	3	1617	9
586	3	887	29
587	3	626	29
587	3	1356	20
588	3	678	29
589	3	782	29
590	3	678	29
591	3	1774	29
593	3	834	29
594	3	1356	29
595	3	782	29
595	3	1722	20
595	3	2087	30
596	3	939	29
597	3	939	29
598	3	521	29
599	3	678	29
600	3	1826	29
601	3	730	29
602	3	417	29
603	3	939	29
604	3	1043	29
605	3	1148	29
606	3	887	29
607	3	574	29
608	3	782	29
611	3	991	29
612	3	1148	29
613	3	1669	29
614	3	1148	29
615	3	417	29
616	3	1043	29
617	3	1982	29
619	3	1461	29
620	3	574	29
621	3	1043	29
622	3	574	29
623	3	1461	29
624	3	782	29
625	3	1095	29
626	3	417	29
627	3	782	29
628	3	834	29
629	3	1513	29
630	3	1043	29
631	3	834	29
631	3	2295	30
632	3	574	29
633	3	1930	29
634	3	1408	29
635	3	1461	29
637	3	417	29
638	3	1930	29
639	3	521	29
640	3	1930	29
641	3	782	29
642	3	1252	29
644	3	782	29
645	3	991	29
646	3	626	29
647	3	2191	29
648	3	991	29
649	3	782	29
650	3	1617	29
651	3	626	29
652	3	782	29
653	3	730	29
654	3	1408	29
655	3	991	29
656	3	887	29
657	3	782	29
658	3	782	29
659	3	1304	29
660	3	1774	29
661	3	678	29
662	3	834	29
663	3	1148	29
664	3	678	29
664	3	1513	20
664	3	2191	30
665	3	626	29
666	3	626	29
667	3	678	29
668	3	1252	29
669	3	1043	29
670	3	1043	29
672	3	1200	29
673	3	1095	29
674	3	991	29
675	3	1043	29
676	3	574	29
677	3	991	29
678	3	678	29
679	3	1461	29
680	3	1043	29
681	3	887	29
682	3	521	29
683	3	1408	29
684	3	1043	29
685	3	782	29
686	3	782	29
687	3	1513	29
688	3	1304	29
689	3	1200	29
690	3	834	29
691	3	678	29
691	3	2139	20
691	3	2191	30
692	3	782	29
692	3	1669	20
693	3	417	29
694	3	782	29
695	3	521	29
696	3	1200	29
697	3	782	29
698	3	1669	29
699	3	887	29
700	3	782	29
701	3	1043	29
702	3	834	29
703	3	782	29
704	3	2295	29
705	3	1200	29
706	3	626	29
707	3	574	29
708	3	1095	29
709	3	782	29
710	3	521	29
711	3	1304	29
712	3	1043	29
714	3	678	29
715	3	1043	29
716	3	574	29
716	3	1461	20
717	3	1043	29
718	3	782	29
719	3	1565	29
720	3	2139	29
721	3	991	29
722	3	626	29
722	3	1356	20
723	3	417	29
724	3	939	29
725	3	782	29
726	3	939	29
727	3	1513	29
728	3	1878	29
729	3	782	29
730	3	887	29
731	3	678	29
732	3	782	29
733	3	782	29
734	3	678	29
735	3	2035	29
736	3	1148	29
737	3	678	29
737	3	2139	20
737	3	2295	30
738	3	678	29
738	3	1982	20
738	3	2139	30
739	3	1148	29
741	3	782	29
742	3	678	29
742	3	1617	20
742	3	2087	30
743	3	521	29
744	3	1200	29
745	3	1774	29
746	3	417	29
747	3	834	29
748	3	417	29
749	3	1982	29
750	3	626	29
752	3	1043	29
753	3	574	29
753	3	1930	20
753	3	2139	30
754	3	574	29
755	3	730	29
756	3	574	29
756	3	2243	30
757	3	417	29
758	3	626	29
759	3	417	29
760	3	834	29
761	3	939	29
762	3	521	29
763	3	1252	29
764	3	887	29
765	3	730	29
766	3	782	29
767	3	1200	29
768	3	417	29
769	3	1356	29
770	3	2139	29
771	3	1148	29
772	3	1669	29
773	3	1461	29
774	3	521	29
775	3	1669	29
776	3	626	29
776	3	1513	20
776	3	2243	30
777	3	2087	29
778	3	782	29
779	3	417	29
780	3	782	29
781	3	521	29
782	3	782	29
783	3	1722	29
784	3	678	29
785	3	730	29
786	3	1356	29
787	3	1513	29
788	3	730	29
789	3	1095	29
790	3	1043	29
791	3	1617	29
792	3	782	29
793	3	730	29
793	3	2139	20
794	3	521	29
795	3	1826	29
796	3	1461	29
797	3	730	29
798	3	1252	29
800	3	417	29
801	3	1513	29
802	3	782	29
803	3	782	29
804	3	782	29
806	3	1565	29
807	3	678	29
807	3	1513	20
807	3	1774	30
808	3	2139	29
809	3	1826	29
810	3	678	29
811	3	678	29
811	3	2139	20
812	3	417	29
812	3	1774	20
812	3	2243	30
813	3	834	29
814	3	834	29
815	3	417	29
816	3	1148	29
818	3	834	29
819	3	1617	29
820	3	887	29
821	3	1304	29
822	3	678	29
823	3	730	29
823	3	1617	20
823	3	2087	30
824	3	1043	29
825	3	1043	29
826	3	1043	29
827	3	1826	29
828	3	1461	29
829	3	2035	29
830	3	1408	29
831	3	469	29
831	3	2087	30
832	3	782	29
832	3	1461	20
832	3	2035	30
833	3	1252	29
834	3	678	29
834	3	2139	30
835	3	782	29
836	3	2139	29
837	3	1408	29
838	3	417	29
838	3	2295	30
839	3	1565	29
840	3	417	29
840	3	1252	20
840	3	1774	30
841	3	782	29
842	3	1200	29
843	3	678	29
843	3	1461	20
843	3	1982	30
843	3	2295	9
844	3	1461	29
845	3	1513	29
846	3	1461	29
847	3	1200	29
848	3	521	29
849	3	2243	29
850	3	782	29
850	3	1669	20
853	3	1565	29
854	3	1043	29
855	3	782	29
856	3	678	29
857	3	1565	29
858	3	887	29
861	3	782	29
862	3	1774	29
863	3	782	29
864	3	574	29
864	3	1617	20
864	3	2087	30
865	3	678	29
866	3	678	29
867	3	939	29
868	3	782	29
869	3	417	29
870	3	417	29
871	3	1095	29
873	3	678	29
875	3	417	29
876	3	678	29
877	3	574	29
877	3	1304	20
877	3	1774	9
878	3	1304	29
879	3	834	29
880	3	626	29
882	3	1461	29
883	3	1826	29
884	3	782	29
885	3	678	29
885	3	1513	20
886	3	1356	29
887	3	782	29
888	3	2087	29
889	3	1408	29
890	3	1513	29
891	3	782	29
892	3	1826	29
893	3	782	29
894	3	782	29
895	3	417	29
896	3	626	29
897	3	626	29
898	3	469	29
899	3	626	29
900	3	1148	29
901	3	678	29
902	3	991	29
903	3	417	29
903	3	2243	30
905	3	1356	29
906	3	626	29
907	3	2191	29
908	3	730	29
909	3	1982	29
910	3	1148	29
911	3	2087	29
912	3	782	29
913	3	1461	29
914	3	991	29
915	3	1252	29
916	3	626	29
917	3	782	29
918	3	1200	29
919	3	1617	29
920	3	1252	29
921	3	1200	29
922	3	782	29
923	3	1356	29
924	3	782	29
924	3	1617	20
925	3	678	29
926	3	782	29
926	3	2295	30
927	3	1043	29
929	3	782	29
931	3	782	29
931	3	1669	20
932	3	1200	29
933	3	1252	29
934	3	1148	29
935	3	417	29
936	3	1095	29
937	3	1774	29
938	3	417	29
939	3	1565	29
940	3	782	29
941	3	678	29
941	3	1565	20
942	3	521	29
942	3	1722	20
943	3	2035	29
944	3	887	29
945	3	1722	29
946	3	417	29
947	3	678	29
947	3	2087	30
948	3	678	29
949	3	417	29
949	3	1356	20
950	3	678	29
951	3	417	29
953	3	782	29
954	3	521	29
956	3	1930	29
957	3	417	29
958	3	1565	29
960	3	887	29
961	3	782	29
962	3	2035	29
963	3	678	29
964	3	782	29
964	3	2243	30
965	3	1043	29
966	3	521	29
968	3	834	29
969	3	939	29
971	3	574	29
972	3	626	29
972	3	1408	20
972	3	2191	30
973	3	782	29
974	3	782	29
975	3	1565	29
976	3	782	29
976	3	2087	20
977	3	2191	29
978	3	782	29
979	3	417	29
980	3	1930	29
981	3	1043	29
982	3	678	29
983	3	521	29
984	3	1043	29
985	3	1148	29
987	3	1565	29
988	3	782	29
989	3	730	29
990	3	1826	29
994	3	2035	29
995	3	574	29
996	3	1356	29
998	3	782	29
998	3	2087	30
999	3	1565	29
0	4	626	29
0	4	2087	28
1	4	626	29
2	4	782	29
3	4	1200	29
4	4	782	29
4	4	1669	28
4	4	2035	30
5	4	626	29
6	4	417	29
6	4	2295	28
7	4	1043	29
8	4	834	29
8	4	2243	28
10	4	626	29
10	4	2243	28
12	4	1930	29
13	4	1774	29
14	4	626	29
15	4	678	29
16	4	678	29
17	4	626	29
17	4	2191	28
18	4	417	29
19	4	1826	29
20	4	678	29
20	4	2087	28
21	4	417	29
22	4	1095	29
23	4	678	29
24	4	678	29
24	4	2139	28
25	4	1565	28
25	4	1826	29
26	4	730	29
27	4	626	29
28	4	939	29
28	4	2191	28
29	4	1148	29
30	4	1304	29
31	4	782	29
32	4	1095	29
33	4	521	29
34	4	939	29
34	4	2191	28
35	4	730	29
35	4	2087	28
36	4	678	29
37	4	782	29
38	4	782	29
39	4	782	29
40	4	574	29
40	4	1669	28
40	4	2087	30
41	4	939	29
41	4	2087	28
42	4	991	29
42	4	2139	28
43	4	417	29
43	4	2191	28
45	4	730	29
46	4	730	29
47	4	1148	29
48	4	1982	28
48	4	2243	29
49	4	678	29
49	4	2035	28
50	4	2191	28
51	4	1461	28
51	4	1722	29
52	4	2087	29
53	4	730	29
53	4	1774	28
53	4	2087	30
55	4	782	29
56	4	1461	29
57	4	521	29
57	4	1565	28
58	4	782	29
59	4	782	29
59	4	2035	28
60	4	939	28
60	4	1200	29
61	4	782	29
62	4	782	29
62	4	1982	28
63	4	417	29
64	4	1930	29
65	4	626	29
66	4	1304	29
67	4	887	29
68	4	1565	29
69	4	1043	29
70	4	730	29
71	4	1148	29
73	4	1878	29
74	4	1774	29
75	4	782	29
76	4	1461	29
77	4	1826	29
78	4	1513	28
78	4	1774	29
79	4	991	29
80	4	730	29
81	4	782	29
82	4	834	29
83	4	1095	28
83	4	1356	29
84	4	782	29
86	4	1356	29
87	4	417	29
87	4	1669	28
87	4	2191	30
88	4	887	29
89	4	991	29
90	4	1461	29
91	4	782	29
92	4	678	29
92	4	2295	28
93	4	1513	29
94	4	417	29
95	4	1095	28
95	4	1356	29
96	4	1095	29
97	4	1461	28
97	4	1722	29
98	4	1669	28
98	4	1930	29
99	4	1200	28
99	4	1461	29
100	4	1669	29
101	4	834	29
102	4	782	29
103	4	1148	29
104	4	417	29
104	4	2087	28
106	4	939	29
106	4	1826	28
106	4	2191	30
107	4	574	29
107	4	2035	28
108	4	626	29
109	4	1408	29
110	4	730	29
111	4	782	29
112	4	834	29
113	4	678	29
114	4	782	29
115	4	1513	29
116	4	1252	28
116	4	1513	29
117	4	1513	29
118	4	1200	29
119	4	1148	28
119	4	1408	29
120	4	730	29
121	4	1408	28
121	4	1669	29
122	4	730	29
122	4	1826	28
123	4	2035	29
124	4	678	29
125	4	782	29
126	4	574	29
127	4	678	29
128	4	574	29
128	4	2191	28
129	4	1252	29
130	4	417	29
131	4	887	29
131	4	1826	28
131	4	2191	30
132	4	574	29
133	4	782	29
134	4	1043	29
135	4	678	29
136	4	574	29
136	4	1461	28
136	4	1774	30
137	4	834	29
138	4	626	29
138	4	1774	28
138	4	2139	30
139	4	626	29
139	4	1565	28
139	4	1930	30
140	4	2035	29
141	4	521	29
141	4	1565	28
142	4	1148	28
142	4	1408	29
143	4	1304	29
145	4	1095	28
145	4	1356	29
146	4	730	29
146	4	2139	28
147	4	782	29
147	4	2295	28
148	4	417	29
149	4	678	29
149	4	1722	28
150	4	469	29
150	4	2087	28
151	4	417	29
152	4	782	29
152	4	1982	28
153	4	887	29
154	4	782	29
154	4	1669	28
155	4	521	29
155	4	2035	28
156	4	574	29
156	4	2035	28
158	4	626	29
159	4	574	29
159	4	1826	28
159	4	2243	30
160	4	887	29
161	4	1878	29
162	4	1043	29
163	4	1513	29
164	4	469	29
165	4	730	29
165	4	1722	28
166	4	1826	28
166	4	2087	29
167	4	1513	29
169	4	626	29
170	4	626	29
170	4	1722	28
171	4	1565	29
172	4	1043	29
173	4	1461	29
174	4	991	29
175	4	782	29
175	4	2035	28
176	4	521	29
178	4	2243	29
179	4	730	29
180	4	2295	29
181	4	521	29
182	4	417	29
183	4	730	29
183	4	2035	28
184	4	1669	29
185	4	782	29
186	4	2295	29
187	4	834	29
188	4	1826	29
189	4	939	29
189	4	1982	28
190	4	1200	29
191	4	730	29
192	4	782	29
193	4	782	29
193	4	2139	28
194	4	887	29
196	4	574	29
196	4	1408	28
196	4	1722	30
197	4	2295	28
198	4	782	29
198	4	2191	28
199	4	521	29
199	4	2035	28
200	4	1148	29
201	4	1826	29
202	4	1043	29
203	4	417	29
204	4	782	29
205	4	1148	28
205	4	1408	29
206	4	626	29
206	4	1408	28
206	4	1722	30
207	4	626	29
207	4	2035	28
208	4	574	29
210	4	417	29
211	4	1669	29
212	4	1043	29
213	4	1774	29
214	4	2087	28
215	4	1252	29
216	4	2191	29
217	4	1148	29
218	4	887	29
219	4	417	29
220	4	1669	29
221	4	417	29
222	4	1878	29
223	4	1826	29
224	4	1043	29
225	4	626	29
225	4	1669	28
225	4	2139	30
226	4	730	29
227	4	782	29
228	4	521	29
229	4	991	29
230	4	626	29
231	4	626	29
232	4	782	29
232	4	1982	28
233	4	1252	28
233	4	1513	29
235	4	1774	29
236	4	1774	29
239	4	1408	29
240	4	626	29
240	4	1826	28
240	4	2243	30
241	4	939	29
242	4	782	29
242	4	2035	28
243	4	626	29
243	4	1722	28
243	4	2087	30
244	4	417	29
245	4	1304	29
246	4	2295	29
248	4	782	29
249	4	626	29
250	4	626	29
250	4	1722	28
250	4	2139	30
251	4	782	29
251	4	2295	28
252	4	1982	29
253	4	1252	29
255	4	1148	29
256	4	417	29
256	4	2295	28
257	4	1148	29
258	4	626	29
258	4	2191	28
259	4	626	29
260	4	678	29
260	4	2243	28
262	4	991	29
264	4	782	29
265	4	678	29
266	4	574	29
267	4	626	29
268	4	1043	29
269	4	678	29
270	4	991	28
270	4	1252	29
271	4	782	29
271	4	1930	28
271	4	2295	30
272	4	626	29
272	4	1565	28
272	4	1878	30
274	4	1252	29
275	4	1982	29
277	4	939	29
278	4	1513	28
278	4	1774	29
279	4	1304	29
280	4	417	29
282	4	1826	29
283	4	1148	29
284	4	678	29
284	4	1513	28
284	4	2087	30
285	4	1043	28
285	4	1304	29
286	4	521	29
286	4	1826	28
286	4	2139	30
287	4	1252	28
287	4	1513	29
288	4	782	29
289	4	417	29
291	4	782	29
292	4	1774	29
293	4	521	29
293	4	1617	28
293	4	2087	30
294	4	574	29
295	4	1304	29
296	4	678	29
297	4	2139	28
298	4	1043	29
299	4	730	29
300	4	417	29
301	4	574	29
302	4	626	29
302	4	2087	28
303	4	678	29
303	4	1565	28
303	4	2139	30
304	4	678	29
306	4	574	29
307	4	834	29
308	4	417	29
309	4	678	29
309	4	1565	28
309	4	1982	30
310	4	782	29
310	4	1774	28
310	4	2087	30
311	4	1722	28
311	4	1982	29
312	4	1304	29
313	4	1304	29
314	4	1461	29
315	4	834	29
315	4	2087	28
316	4	2243	29
317	4	1252	29
318	4	1878	29
319	4	1826	28
319	4	2087	29
320	4	1095	28
320	4	1356	29
321	4	782	29
322	4	521	29
323	4	1878	28
323	4	2139	29
324	4	1356	28
324	4	1617	29
325	4	1304	28
325	4	1565	29
326	4	626	29
326	4	2243	28
327	4	1095	29
328	4	1461	29
329	4	1722	29
330	4	991	29
331	4	626	29
332	4	782	29
333	4	730	29
333	4	2087	28
334	4	1356	29
335	4	574	29
335	4	2243	28
336	4	678	29
336	4	2295	28
337	4	1252	29
338	4	1826	29
339	4	782	29
340	4	1095	28
340	4	1356	29
341	4	1148	29
342	4	574	29
342	4	1617	28
343	4	626	29
343	4	2035	28
344	4	2139	29
345	4	782	29
345	4	2035	28
346	4	417	29
346	4	1774	28
346	4	2139	30
347	4	730	29
348	4	626	29
349	4	730	29
349	4	1565	28
350	4	2191	29
351	4	574	29
352	4	782	29
353	4	730	29
354	4	574	29
354	4	1513	28
355	4	782	29
356	4	1043	29
357	4	782	29
358	4	1043	29
358	4	2295	28
360	4	887	29
361	4	782	29
362	4	2191	29
364	4	678	29
365	4	2243	29
366	4	939	29
367	4	574	29
368	4	574	29
368	4	1565	28
368	4	2087	30
369	4	782	29
369	4	2243	28
371	4	782	29
372	4	1043	29
374	4	1304	28
374	4	1565	29
375	4	1356	29
376	4	782	29
377	4	1304	29
378	4	1200	29
379	4	730	29
380	4	782	29
381	4	834	29
382	4	626	29
383	4	1408	28
383	4	1669	29
384	4	626	29
385	4	782	29
386	4	417	29
387	4	782	29
387	4	1982	28
388	4	2139	29
389	4	678	29
390	4	626	29
390	4	2139	28
391	4	626	29
391	4	2035	28
392	4	1774	29
393	4	521	29
394	4	782	29
395	4	834	29
396	4	574	29
396	4	1513	28
397	4	1148	29
398	4	782	29
399	4	730	29
400	4	678	29
401	4	2295	29
402	4	782	29
403	4	1982	29
404	4	1095	29
405	4	1304	29
406	4	574	29
407	4	1148	29
409	4	1461	29
410	4	1461	29
411	4	417	29
411	4	1617	28
412	4	782	29
412	4	1513	28
412	4	1826	30
413	4	574	29
413	4	1461	28
413	4	2243	30
414	4	730	29
414	4	2035	28
415	4	678	29
415	4	2295	28
416	4	1774	29
417	4	678	29
417	4	2243	28
418	4	730	29
418	4	1669	28
419	4	417	29
420	4	1043	29
421	4	1982	29
422	4	1669	29
423	4	1043	29
423	4	2243	28
424	4	626	29
424	4	1669	28
424	4	1982	30
425	4	782	29
426	4	1043	29
426	4	2087	28
427	4	1982	28
427	4	2243	29
428	4	678	29
429	4	417	29
430	4	574	29
431	4	521	29
432	4	782	29
432	4	1722	28
433	4	887	29
433	4	2295	28
434	4	782	29
434	4	1722	28
434	4	2035	30
435	4	678	29
435	4	2139	28
436	4	678	29
436	4	1669	28
437	4	730	29
438	4	417	29
439	4	1408	29
440	4	730	29
442	4	678	29
443	4	939	29
445	4	574	29
445	4	2139	28
446	4	1774	29
447	4	1774	29
448	4	1722	29
449	4	2243	29
450	4	2087	28
451	4	991	29
451	4	1930	28
451	4	2295	30
452	4	782	29
453	4	521	29
453	4	1565	28
454	4	1617	29
455	4	1043	28
455	4	1304	29
456	4	1304	29
457	4	887	29
459	4	417	29
460	4	626	29
461	4	521	29
461	4	2191	28
462	4	782	29
463	4	782	29
463	4	1722	28
464	4	1043	29
465	4	626	29
466	4	730	29
467	4	626	29
468	4	574	29
469	4	521	29
469	4	1878	28
470	4	1930	29
471	4	1408	29
472	4	782	29
473	4	939	29
474	4	574	29
475	4	1461	29
476	4	1826	29
478	4	939	29
479	4	417	29
480	4	887	29
481	4	782	29
481	4	1669	28
481	4	2243	30
482	4	782	29
484	4	2139	29
485	4	1408	29
486	4	1304	29
487	4	730	29
488	4	1304	29
489	4	574	29
489	4	1669	28
490	4	991	29
490	4	1930	28
490	4	2295	30
491	4	730	29
492	4	1043	29
492	4	2139	28
493	4	939	29
494	4	782	29
495	4	991	29
496	4	834	29
496	4	2035	28
497	4	469	29
498	4	730	29
499	4	782	29
500	4	626	29
500	4	1565	28
501	4	1408	28
501	4	1669	29
502	4	939	29
503	4	574	29
503	4	1461	28
503	4	1826	30
504	4	417	29
505	4	1461	29
506	4	1148	29
507	4	1982	29
508	4	782	29
508	4	1722	28
508	4	2087	30
510	4	1930	28
510	4	2191	29
512	4	1043	29
512	4	2035	28
513	4	1043	29
514	4	678	29
514	4	2295	28
515	4	626	29
515	4	2035	28
516	4	1461	29
517	4	1356	29
518	4	1043	29
519	4	782	29
520	4	574	29
521	4	782	29
521	4	1722	28
522	4	887	29
522	4	1982	28
523	4	678	29
523	4	2191	28
524	4	417	29
525	4	782	29
525	4	1669	28
526	4	1982	29
527	4	626	29
528	4	574	29
529	4	626	29
529	4	1513	28
529	4	2035	30
530	4	1252	28
530	4	1513	29
531	4	1043	29
532	4	1043	29
533	4	2087	28
534	4	626	29
534	4	1722	28
535	4	2191	29
536	4	1513	28
536	4	1774	29
537	4	782	29
537	4	2139	28
538	4	730	29
539	4	626	29
540	4	2087	29
541	4	469	29
542	4	1148	29
543	4	1148	29
544	4	782	29
544	4	1722	28
544	4	2139	30
545	4	1930	29
546	4	1095	28
546	4	1356	29
547	4	782	29
547	4	1878	28
547	4	2191	30
548	4	1722	29
549	4	1304	29
550	4	678	29
550	4	1565	28
550	4	1982	30
551	4	626	29
551	4	1617	28
552	4	1356	28
552	4	1617	29
553	4	991	29
554	4	574	29
554	4	2139	28
555	4	574	29
555	4	1461	28
555	4	1826	30
556	4	991	29
557	4	1930	28
557	4	2191	29
558	4	417	29
559	4	1043	29
560	4	1617	29
561	4	1304	29
562	4	1095	29
563	4	887	29
564	4	417	29
565	4	730	29
565	4	1669	28
565	4	2035	30
566	4	626	29
567	4	782	29
568	4	678	29
569	4	1043	29
570	4	1252	28
570	4	1513	29
571	4	521	29
572	4	1617	29
573	4	2243	28
574	4	834	29
575	4	521	29
575	4	1513	28
575	4	2295	30
576	4	1148	29
577	4	782	29
578	4	1200	29
581	4	1095	29
581	4	2191	28
582	4	939	29
583	4	678	29
583	4	1461	28
583	4	1774	30
584	4	782	29
585	4	626	29
585	4	1513	28
586	4	887	29
587	4	626	29
587	4	1565	28
588	4	678	29
589	4	782	29
589	4	2243	28
590	4	678	29
591	4	1774	29
593	4	834	29
594	4	1095	28
594	4	1356	29
595	4	782	29
595	4	1617	28
595	4	2087	30
596	4	939	29
597	4	939	29
598	4	521	29
599	4	678	29
599	4	2191	28
600	4	1826	29
601	4	730	29
602	4	417	29
603	4	939	29
604	4	1043	29
604	4	2139	28
605	4	1148	29
606	4	887	29
606	4	2191	28
607	4	574	29
607	4	2087	28
608	4	782	29
610	4	2139	28
611	4	991	29
612	4	1148	29
613	4	1669	29
614	4	1148	29
615	4	417	29
616	4	1043	29
617	4	1982	29
619	4	1461	29
620	4	574	29
621	4	1043	29
622	4	574	29
623	4	1200	28
623	4	1461	29
624	4	782	29
625	4	1095	29
626	4	417	29
627	4	782	29
628	4	834	29
628	4	2295	28
629	4	1513	29
630	4	1043	29
631	4	834	29
631	4	1930	28
631	4	2295	30
632	4	574	29
632	4	2087	28
633	4	1669	28
633	4	1930	29
634	4	1148	28
634	4	1408	29
635	4	1461	29
637	4	417	29
638	4	1930	29
639	4	521	29
639	4	1722	28
640	4	1930	29
641	4	782	29
642	4	1252	29
644	4	782	29
645	4	991	29
646	4	626	29
647	4	2191	29
648	4	991	29
649	4	782	29
650	4	1617	29
651	4	626	29
652	4	782	29
652	4	2191	28
653	4	730	29
654	4	1148	28
654	4	1408	29
655	4	991	29
656	4	887	29
657	4	782	29
658	4	782	29
658	4	1878	28
659	4	1043	28
659	4	1304	29
660	4	1774	29
661	4	678	29
662	4	834	29
663	4	1148	29
664	4	678	29
664	4	1826	28
664	4	2191	30
665	4	626	29
666	4	626	29
666	4	2243	28
667	4	678	29
668	4	991	28
668	4	1252	29
669	4	1043	29
669	4	2295	28
670	4	1043	29
672	4	939	28
672	4	1200	29
673	4	1095	29
674	4	991	29
675	4	1043	29
676	4	574	29
676	4	1826	28
677	4	991	29
678	4	678	29
679	4	1461	29
680	4	1043	29
681	4	887	29
682	4	521	29
683	4	1408	29
684	4	1043	29
685	4	782	29
686	4	782	29
687	4	1513	29
688	4	1304	29
689	4	1200	29
690	4	834	29
691	4	678	29
691	4	1774	28
691	4	2191	30
692	4	782	29
692	4	1722	28
693	4	417	29
693	4	2035	28
694	4	782	29
695	4	521	29
695	4	2191	28
696	4	1200	29
697	4	782	29
697	4	2087	28
698	4	1669	29
699	4	887	29
700	4	782	29
701	4	1043	29
702	4	834	29
703	4	782	29
703	4	2087	28
704	4	2295	29
705	4	1200	29
706	4	626	29
707	4	574	29
708	4	1095	29
709	4	782	29
709	4	1930	28
710	4	521	29
710	4	1722	28
711	4	1043	28
711	4	1304	29
712	4	1043	29
714	4	678	29
714	4	2243	28
715	4	1043	29
716	4	574	29
716	4	1669	28
717	4	1043	29
717	4	2035	28
718	4	782	29
718	4	2035	28
719	4	1565	29
720	4	1878	28
720	4	2139	29
721	4	991	29
721	4	2295	28
722	4	626	29
722	4	1513	28
723	4	417	29
724	4	939	29
725	4	782	29
726	4	939	29
727	4	1513	29
728	4	1878	29
729	4	782	29
730	4	887	29
731	4	678	29
732	4	782	29
733	4	782	29
734	4	678	29
734	4	2139	28
735	4	2035	29
736	4	1148	29
737	4	678	29
737	4	1982	28
737	4	2295	30
738	4	678	29
738	4	1774	28
738	4	2139	30
739	4	1148	29
741	4	782	29
742	4	678	29
742	4	1722	28
742	4	2087	30
743	4	521	29
743	4	2243	28
744	4	1200	29
744	4	2243	28
745	4	1774	29
746	4	417	29
747	4	834	29
748	4	417	29
749	4	1982	29
750	4	626	29
752	4	1043	29
752	4	2139	28
753	4	574	29
753	4	1826	28
753	4	2139	30
754	4	574	29
755	4	730	29
756	4	574	29
756	4	1669	28
756	4	2243	30
757	4	417	29
758	4	626	29
759	4	417	29
760	4	834	29
761	4	939	29
762	4	521	29
763	4	1252	29
764	4	887	29
765	4	730	29
766	4	782	29
767	4	1200	29
768	4	417	29
769	4	1095	28
769	4	1356	29
770	4	2139	29
771	4	1148	29
772	4	1669	29
773	4	1461	29
774	4	521	29
774	4	1722	28
775	4	1669	29
776	4	626	29
776	4	1774	28
776	4	2243	30
777	4	2087	29
778	4	782	29
779	4	417	29
780	4	782	29
781	4	521	29
781	4	2087	28
782	4	782	29
783	4	1722	29
784	4	678	29
785	4	730	29
786	4	1095	28
786	4	1356	29
787	4	1513	29
788	4	730	29
789	4	1095	29
790	4	1043	29
791	4	1617	29
792	4	782	29
793	4	730	29
793	4	2087	28
794	4	521	29
795	4	1826	29
796	4	1461	29
797	4	730	29
798	4	1252	29
799	4	2295	28
800	4	417	29
801	4	1513	29
802	4	782	29
803	4	782	29
803	4	2087	28
804	4	782	29
806	4	1565	29
807	4	678	29
807	4	1461	28
807	4	1774	30
808	4	2139	29
809	4	1826	29
810	4	678	29
810	4	2139	28
811	4	678	29
812	4	417	29
812	4	1930	28
812	4	2243	30
813	4	834	29
814	4	834	29
815	4	417	29
816	4	1148	29
817	4	2243	28
818	4	834	29
818	4	2295	28
819	4	1617	29
820	4	887	29
821	4	1043	28
821	4	1304	29
822	4	678	29
822	4	2191	28
823	4	730	29
823	4	1669	28
823	4	2087	30
824	4	1043	29
824	4	2191	28
825	4	1043	29
826	4	1043	29
827	4	1826	29
828	4	1200	28
828	4	1461	29
829	4	2035	29
830	4	1148	28
830	4	1408	29
831	4	469	29
831	4	1722	28
831	4	2087	30
832	4	782	29
832	4	1617	28
832	4	2035	30
833	4	1252	29
834	4	678	29
834	4	1774	28
834	4	2139	30
835	4	782	29
836	4	2139	29
837	4	1408	29
838	4	417	29
838	4	1982	28
838	4	2295	30
839	4	1304	28
839	4	1565	29
840	4	417	29
840	4	1461	28
840	4	1774	30
841	4	782	29
842	4	939	28
842	4	1200	29
843	4	678	29
843	4	1617	28
843	4	1982	30
844	4	1461	29
845	4	1252	28
845	4	1513	29
846	4	1461	29
847	4	1200	29
848	4	521	29
849	4	2243	29
850	4	782	29
850	4	1617	28
853	4	1304	28
853	4	1565	29
854	4	1043	29
855	4	782	29
856	4	678	29
857	4	1565	29
858	4	887	29
861	4	782	29
862	4	1513	28
862	4	1774	29
863	4	782	29
863	4	2243	28
864	4	574	29
864	4	1669	28
864	4	2087	30
865	4	678	29
866	4	678	29
867	4	939	29
868	4	782	29
869	4	417	29
870	4	417	29
871	4	1095	29
873	4	678	29
873	4	1617	28
875	4	417	29
876	4	678	29
877	4	574	29
877	4	1513	28
878	4	1304	29
879	4	834	29
880	4	626	29
880	4	2087	28
881	4	2243	28
882	4	1200	28
882	4	1461	29
883	4	1826	29
884	4	782	29
885	4	678	29
885	4	1565	28
886	4	1356	29
887	4	782	29
888	4	2087	29
889	4	1408	29
890	4	1252	28
890	4	1513	29
891	4	782	29
892	4	1565	28
892	4	1826	29
893	4	782	29
894	4	782	29
895	4	417	29
896	4	626	29
897	4	626	29
898	4	469	29
898	4	1669	28
899	4	626	29
899	4	1878	28
900	4	1148	29
901	4	678	29
902	4	991	29
902	4	2087	28
903	4	417	29
903	4	1930	28
903	4	2243	30
905	4	1095	28
905	4	1356	29
906	4	626	29
907	4	2191	29
908	4	730	29
909	4	1982	29
910	4	1148	29
911	4	1826	28
911	4	2087	29
912	4	782	29
913	4	1200	28
913	4	1461	29
914	4	991	29
915	4	1252	29
916	4	626	29
917	4	782	29
918	4	1200	29
919	4	1617	29
920	4	1252	29
921	4	939	28
921	4	1200	29
922	4	782	29
923	4	1356	29
924	4	782	29
924	4	1669	28
925	4	678	29
926	4	782	29
926	4	1930	28
926	4	2295	30
927	4	1043	29
929	4	782	29
931	4	782	29
931	4	1565	28
932	4	1200	29
933	4	1252	29
934	4	1148	29
935	4	417	29
936	4	1095	29
937	4	1774	29
938	4	417	29
939	4	1565	29
940	4	782	29
940	4	1930	28
941	4	678	29
941	4	1826	28
942	4	521	29
942	4	1669	28
943	4	2035	29
944	4	887	29
945	4	1722	29
946	4	417	29
947	4	678	29
947	4	1565	28
947	4	2087	30
948	4	678	29
949	4	417	29
949	4	1513	28
950	4	678	29
951	4	417	29
953	4	782	29
954	4	521	29
954	4	2035	28
956	4	1930	29
957	4	417	29
958	4	1565	29
960	4	887	29
961	4	782	29
962	4	2035	29
963	4	678	29
964	4	782	29
964	4	1722	28
964	4	2243	30
965	4	1043	29
966	4	521	29
966	4	2191	28
968	4	834	29
969	4	939	29
971	4	574	29
971	4	2139	28
972	4	626	29
972	4	1513	28
972	4	2191	30
973	4	782	29
974	4	782	29
975	4	1304	28
975	4	1565	29
976	4	782	29
976	4	1930	28
977	4	2191	29
978	4	782	29
979	4	417	29
980	4	1930	29
981	4	1043	29
981	4	2295	28
982	4	678	29
983	4	521	29
984	4	1043	29
985	4	1148	29
985	4	2243	28
986	4	2139	28
987	4	1304	28
987	4	1565	29
988	4	782	29
989	4	730	29
990	4	1826	29
992	4	2243	28
994	4	2035	29
995	4	574	29
995	4	2191	28
996	4	1356	29
997	4	2243	28
998	4	782	29
998	4	1722	28
998	4	2087	30
999	4	1565	29
0	5	521	25
0	5	626	29
0	5	1774	27
0	5	2087	28
1	5	521	25
1	5	626	29
2	5	521	25
2	5	782	29
3	5	521	25
3	5	1200	29
4	5	521	25
4	5	782	29
4	5	1408	27
4	5	1669	28
4	5	2035	30
5	5	521	25
5	5	626	29
6	5	417	29
6	5	1774	25
6	5	2035	27
6	5	2295	28
7	5	521	25
7	5	1043	29
8	5	521	25
8	5	834	29
8	5	1513	27
8	5	2243	28
9	5	521	25
10	5	521	25
10	5	626	29
10	5	1930	27
10	5	2243	28
11	5	521	25
12	5	521	25
12	5	1930	29
13	5	521	25
13	5	1774	29
14	5	521	25
14	5	626	29
14	5	2087	27
15	5	521	25
15	5	678	29
15	5	2191	27
16	5	521	25
16	5	678	29
16	5	1722	27
17	5	521	25
17	5	626	29
17	5	1930	27
17	5	2191	28
18	5	417	29
18	5	991	25
18	5	2087	27
19	5	521	25
19	5	1826	29
20	5	521	25
20	5	678	29
20	5	1774	27
20	5	2087	28
21	5	417	29
21	5	834	25
22	5	521	25
22	5	1095	29
23	5	521	25
23	5	678	29
23	5	1982	27
24	5	521	25
24	5	678	29
24	5	1826	27
24	5	2139	28
25	5	521	25
25	5	1565	28
25	5	1826	29
26	5	521	25
26	5	730	29
27	5	521	25
27	5	626	29
27	5	1982	27
28	5	521	25
28	5	939	29
28	5	1565	27
28	5	2191	28
29	5	521	25
29	5	1148	29
30	5	521	25
30	5	1304	29
31	5	521	25
31	5	782	29
32	5	521	25
32	5	1095	29
32	5	2191	27
33	5	521	29
34	5	521	25
34	5	939	29
34	5	1878	27
34	5	2191	28
35	5	521	25
35	5	730	29
35	5	1826	27
35	5	2087	28
36	5	521	25
36	5	678	29
37	5	521	25
37	5	782	29
38	5	521	25
38	5	782	29
39	5	521	25
39	5	782	29
39	5	2243	27
40	5	521	25
40	5	574	29
40	5	1356	27
40	5	1669	28
40	5	2087	30
41	5	521	25
41	5	939	29
41	5	1826	27
41	5	2087	28
42	5	521	25
42	5	991	29
42	5	1669	27
42	5	2139	28
43	5	417	29
43	5	1200	25
43	5	1878	27
43	5	2191	28
44	5	521	25
45	5	521	25
45	5	730	29
46	5	521	25
46	5	730	29
46	5	2243	27
47	5	521	25
47	5	1148	29
48	5	521	25
48	5	1982	28
48	5	2243	29
49	5	521	25
49	5	678	29
49	5	1617	27
49	5	2035	28
50	5	521	25
50	5	2191	28
51	5	521	25
51	5	1461	28
51	5	1722	29
52	5	521	25
52	5	2087	29
53	5	521	25
53	5	730	29
53	5	1513	27
53	5	1774	28
53	5	2087	30
54	5	521	25
55	5	521	25
55	5	782	29
56	5	521	25
56	5	1461	29
57	5	521	29
57	5	1304	27
57	5	1565	28
58	5	521	25
58	5	782	29
58	5	1565	27
59	5	521	25
59	5	782	29
59	5	1722	27
59	5	2035	28
60	5	521	25
60	5	939	28
60	5	1200	29
61	5	521	25
61	5	782	29
62	5	521	25
62	5	782	29
62	5	1722	27
62	5	1982	28
63	5	417	29
63	5	1356	25
64	5	521	25
64	5	1930	29
65	5	521	25
65	5	626	29
66	5	521	25
66	5	1304	29
67	5	521	25
67	5	887	29
67	5	1669	27
68	5	521	25
68	5	1565	29
69	5	521	25
69	5	1043	29
70	5	521	25
70	5	730	29
71	5	521	25
71	5	1148	29
72	5	521	25
73	5	521	25
73	5	1878	29
74	5	521	25
74	5	1774	29
75	5	521	25
75	5	782	29
76	5	521	25
76	5	1461	29
77	5	521	25
77	5	1826	29
78	5	521	25
78	5	1513	28
78	5	1774	29
79	5	521	25
79	5	991	29
79	5	2087	27
80	5	521	25
80	5	730	29
80	5	2139	27
81	5	521	25
81	5	782	29
82	5	521	25
82	5	834	29
83	5	521	25
83	5	1095	28
83	5	1356	29
84	5	521	25
84	5	782	29
84	5	2295	27
85	5	521	25
86	5	521	25
86	5	1356	29
87	5	417	29
87	5	939	25
87	5	1408	27
87	5	1669	28
87	5	2191	30
88	5	521	25
88	5	887	29
88	5	1722	27
89	5	521	25
89	5	991	29
90	5	521	25
90	5	1461	29
91	5	521	25
91	5	782	29
92	5	521	25
92	5	678	29
92	5	1982	27
92	5	2295	28
93	5	521	25
93	5	1513	29
94	5	417	29
95	5	521	25
95	5	1095	28
95	5	1356	29
96	5	521	25
96	5	1095	29
96	5	2087	27
97	5	521	25
97	5	1461	28
97	5	1722	29
98	5	521	25
98	5	1669	28
98	5	1930	29
99	5	521	25
99	5	1200	28
99	5	1461	29
100	5	521	25
100	5	1669	29
101	5	521	25
101	5	834	29
102	5	521	25
102	5	782	29
102	5	2243	27
103	5	521	25
103	5	1148	29
104	5	417	29
104	5	1252	25
104	5	1617	27
104	5	2087	28
105	5	521	25
106	5	521	25
106	5	939	29
106	5	1565	27
106	5	1826	28
106	5	2191	30
107	5	521	25
107	5	574	29
107	5	1774	27
107	5	2035	28
108	5	521	25
108	5	626	29
109	5	521	25
109	5	1408	29
110	5	521	25
110	5	730	29
110	5	1617	27
111	5	521	25
111	5	782	29
112	5	521	25
112	5	834	29
113	5	521	25
113	5	678	29
114	5	521	25
114	5	782	29
115	5	521	25
115	5	1513	29
116	5	521	25
116	5	1252	28
116	5	1513	29
117	5	521	25
117	5	1513	29
118	5	521	25
118	5	1200	29
119	5	521	25
119	5	1148	28
119	5	1408	29
120	5	521	25
120	5	730	29
121	5	521	25
121	5	1408	28
121	5	1669	29
122	5	521	25
122	5	730	29
122	5	1513	27
122	5	1826	28
123	5	521	25
123	5	2035	29
124	5	521	25
124	5	678	29
125	5	521	25
125	5	782	29
125	5	1513	27
126	5	521	25
126	5	574	29
126	5	1461	27
127	5	521	25
127	5	678	29
127	5	1617	27
128	5	521	25
128	5	574	29
128	5	1513	27
128	5	2191	28
129	5	521	25
129	5	1252	29
130	5	417	29
131	5	521	25
131	5	887	29
131	5	1565	27
131	5	1826	28
131	5	2191	30
132	5	521	25
132	5	574	29
133	5	521	25
133	5	782	29
134	5	521	25
134	5	1043	29
134	5	2295	27
135	5	521	25
135	5	678	29
135	5	2087	27
136	5	521	25
136	5	574	29
136	5	1200	27
136	5	1461	28
136	5	1774	30
137	5	521	25
137	5	834	29
138	5	521	25
138	5	626	29
138	5	1461	27
138	5	1774	28
138	5	2139	30
139	5	521	25
139	5	626	29
139	5	1304	27
139	5	1565	28
139	5	1930	30
140	5	521	25
140	5	2035	29
141	5	521	29
141	5	1304	27
141	5	1565	28
142	5	521	25
142	5	1148	28
142	5	1408	29
143	5	521	25
143	5	1304	29
144	5	521	25
145	5	521	25
145	5	1095	28
145	5	1356	29
146	5	521	25
146	5	730	29
146	5	1826	27
146	5	2139	28
147	5	521	25
147	5	782	29
147	5	1930	27
147	5	2295	28
148	5	417	29
149	5	521	25
149	5	678	29
149	5	1408	27
149	5	1722	28
150	5	469	29
150	5	521	25
150	5	1826	27
150	5	2087	28
151	5	417	29
151	5	1930	25
151	5	2243	27
152	5	521	25
152	5	782	29
152	5	1669	27
152	5	1982	28
153	5	521	25
153	5	887	29
154	5	521	25
154	5	782	29
154	5	1408	27
154	5	1669	28
155	5	521	29
155	5	1774	27
155	5	2035	28
156	5	521	25
156	5	574	29
156	5	1669	27
156	5	2035	28
157	5	521	25
158	5	521	25
158	5	626	29
158	5	1669	27
159	5	521	25
159	5	574	29
159	5	1513	27
159	5	1826	28
159	5	2243	30
160	5	521	25
160	5	887	29
161	5	521	25
161	5	1878	29
162	5	521	25
162	5	1043	29
163	5	521	25
163	5	1513	29
164	5	469	29
164	5	521	25
164	5	2191	27
165	5	521	25
165	5	730	29
165	5	1461	27
165	5	1722	28
166	5	521	25
166	5	1826	28
166	5	2087	29
167	5	521	25
167	5	1513	29
168	5	521	25
169	5	521	25
169	5	626	29
170	5	521	25
170	5	626	29
170	5	1408	27
170	5	1722	28
171	5	521	25
171	5	1565	29
172	5	521	25
172	5	1043	29
173	5	521	25
173	5	1461	29
174	5	521	25
174	5	991	29
174	5	2035	27
175	5	521	25
175	5	782	29
175	5	1774	27
175	5	2035	28
176	5	521	29
177	5	521	25
178	5	521	25
178	5	2243	29
179	5	521	25
179	5	730	29
179	5	1722	27
180	5	521	25
180	5	2295	29
181	5	521	29
182	5	417	29
183	5	521	25
183	5	730	29
183	5	1774	27
183	5	2035	28
184	5	521	25
184	5	1669	29
185	5	521	25
185	5	782	29
185	5	1513	27
186	5	521	25
186	5	2295	29
187	5	521	25
187	5	834	29
188	5	521	25
188	5	1826	29
189	5	521	25
189	5	939	29
189	5	1669	27
189	5	1982	28
190	5	521	25
190	5	1200	29
191	5	521	25
191	5	730	29
192	5	521	25
192	5	782	29
192	5	1722	27
193	5	521	25
193	5	782	29
193	5	1878	27
193	5	2139	28
194	5	521	25
194	5	887	29
195	5	521	25
196	5	521	25
196	5	574	29
196	5	1148	27
196	5	1408	28
196	5	1722	30
197	5	521	25
197	5	2295	28
198	5	521	25
198	5	782	29
198	5	1617	27
198	5	2191	28
199	5	521	29
199	5	1774	27
199	5	2035	28
200	5	521	25
200	5	1148	29
200	5	2139	27
201	5	521	25
201	5	1826	29
202	5	521	25
202	5	1043	29
203	5	417	29
203	5	1461	25
203	5	2191	27
204	5	521	25
204	5	782	29
205	5	521	25
205	5	1148	28
205	5	1408	29
206	5	521	25
206	5	626	29
206	5	1148	27
206	5	1408	28
206	5	1722	30
207	5	521	25
207	5	626	29
207	5	1774	27
207	5	2035	28
208	5	521	25
208	5	574	29
209	5	521	25
210	5	417	29
210	5	1513	25
211	5	521	25
211	5	1669	29
212	5	521	25
212	5	1043	29
213	5	521	25
213	5	1774	29
214	5	521	25
214	5	2087	28
215	5	521	25
215	5	1252	29
216	5	521	25
216	5	2191	29
217	5	521	25
217	5	1148	29
218	5	521	25
218	5	887	29
219	5	417	29
220	5	521	25
220	5	1669	29
221	5	417	29
221	5	1513	25
221	5	2295	27
222	5	521	25
222	5	1878	29
223	5	521	25
223	5	1826	29
224	5	521	25
224	5	1043	29
224	5	2139	27
225	5	521	25
225	5	626	29
225	5	1408	27
225	5	1669	28
225	5	2139	30
226	5	521	25
226	5	730	29
226	5	1565	27
227	5	521	25
227	5	782	29
228	5	521	29
228	5	1461	27
229	5	521	25
229	5	991	29
229	5	1722	27
230	5	521	25
230	5	626	29
231	5	521	25
231	5	626	29
231	5	2087	27
232	5	521	25
232	5	782	29
232	5	1513	27
232	5	1982	28
233	5	521	25
233	5	1252	28
233	5	1513	29
234	5	521	25
235	5	521	25
235	5	1774	29
236	5	521	25
236	5	1774	29
237	5	521	25
238	5	521	25
239	5	521	25
239	5	1408	29
240	5	521	25
240	5	626	29
240	5	1565	27
240	5	1826	28
240	5	2243	30
241	5	521	25
241	5	939	29
241	5	1669	27
242	5	521	25
242	5	782	29
242	5	1669	27
242	5	2035	28
243	5	521	25
243	5	626	29
243	5	1408	27
243	5	1722	28
243	5	2087	30
244	5	417	29
244	5	939	25
244	5	1982	27
245	5	521	25
245	5	1304	29
245	5	2243	27
246	5	521	25
246	5	2295	29
247	5	521	25
248	5	521	25
248	5	782	29
249	5	521	25
249	5	626	29
250	5	521	25
250	5	626	29
250	5	1408	27
250	5	1722	28
250	5	2139	30
251	5	521	25
251	5	782	29
251	5	1982	27
251	5	2295	28
252	5	521	25
252	5	1982	29
253	5	521	25
253	5	1252	29
254	5	521	25
255	5	521	25
255	5	1148	29
256	5	417	29
256	5	1565	25
256	5	1982	27
256	5	2295	28
257	5	521	25
257	5	1148	29
257	5	2295	27
258	5	521	25
258	5	626	29
258	5	1930	27
258	5	2191	28
259	5	521	25
259	5	626	29
259	5	2191	27
260	5	521	25
260	5	678	29
260	5	1982	27
260	5	2243	28
261	5	521	25
262	5	521	25
262	5	991	29
263	5	521	25
264	5	521	25
264	5	782	29
264	5	2243	27
265	5	521	25
265	5	678	29
266	5	521	25
266	5	574	29
266	5	1982	27
267	5	521	25
267	5	626	29
268	5	521	25
268	5	1043	29
269	5	521	25
269	5	678	29
269	5	1617	27
270	5	521	25
270	5	991	28
270	5	1252	29
271	5	521	25
271	5	782	29
271	5	1669	27
271	5	1930	28
271	5	2295	30
272	5	521	25
272	5	626	29
272	5	1304	27
272	5	1565	28
272	5	1878	30
273	5	521	25
274	5	521	25
274	5	1252	29
275	5	521	25
275	5	1982	29
276	5	521	25
277	5	521	25
277	5	939	29
278	5	521	25
278	5	1513	28
278	5	1774	29
279	5	521	25
279	5	1304	29
280	5	417	29
280	5	1930	25
281	5	521	25
282	5	521	25
282	5	1826	29
283	5	521	25
283	5	1148	29
283	5	2243	27
284	5	521	25
284	5	678	29
284	5	1252	27
284	5	1513	28
284	5	2087	30
285	5	521	25
285	5	1043	28
285	5	1304	29
286	5	521	29
286	5	1565	27
286	5	1826	28
286	5	2139	30
287	5	521	25
287	5	1252	28
287	5	1513	29
288	5	521	25
288	5	782	29
289	5	417	29
290	5	521	25
291	5	521	25
291	5	782	29
292	5	521	25
292	5	1774	29
293	5	521	29
293	5	1304	27
293	5	1617	28
293	5	2087	30
294	5	521	25
294	5	574	29
295	5	521	25
295	5	1304	29
296	5	521	25
296	5	678	29
297	5	521	25
297	5	2139	28
298	5	521	25
298	5	1043	29
299	5	521	25
299	5	730	29
300	5	417	29
300	5	2191	25
301	5	521	25
301	5	574	29
301	5	2295	27
302	5	521	25
302	5	626	29
302	5	1826	27
302	5	2087	28
303	5	521	25
303	5	678	29
303	5	1252	27
303	5	1565	28
303	5	2139	30
304	5	521	25
304	5	678	29
305	5	521	25
306	5	521	25
306	5	574	29
306	5	1669	27
307	5	521	25
307	5	834	29
308	5	417	29
309	5	521	25
309	5	678	29
309	5	1304	27
309	5	1565	28
309	5	1982	30
310	5	521	25
310	5	782	29
310	5	1513	27
310	5	1774	28
310	5	2087	30
311	5	521	25
311	5	1722	28
311	5	1982	29
312	5	521	25
312	5	1304	29
312	5	2295	27
313	5	521	25
313	5	1304	29
314	5	521	25
314	5	1461	29
315	5	521	25
315	5	834	29
315	5	1774	27
315	5	2087	28
316	5	521	25
316	5	2243	29
317	5	521	25
317	5	1252	29
318	5	521	25
318	5	1878	29
319	5	521	25
319	5	1826	28
319	5	2087	29
320	5	521	25
320	5	1095	28
320	5	1356	29
321	5	521	25
321	5	782	29
322	5	521	29
322	5	2087	27
323	5	521	25
323	5	1878	28
323	5	2139	29
324	5	521	25
324	5	1356	28
324	5	1617	29
325	5	521	25
325	5	1304	28
325	5	1565	29
326	5	521	25
326	5	626	29
326	5	1982	27
326	5	2243	28
327	5	521	25
327	5	1095	29
328	5	521	25
328	5	1461	29
329	5	521	25
329	5	1722	29
330	5	521	25
330	5	991	29
330	5	1669	27
331	5	521	25
331	5	626	29
331	5	2295	27
332	5	521	25
332	5	782	29
332	5	1565	27
333	5	521	25
333	5	730	29
333	5	1826	27
333	5	2087	28
334	5	521	25
334	5	1356	29
335	5	521	25
335	5	574	29
335	5	1930	27
335	5	2243	28
336	5	521	25
336	5	678	29
336	5	1982	27
336	5	2295	28
337	5	521	25
337	5	1252	29
338	5	521	25
338	5	1826	29
339	5	521	25
339	5	782	29
339	5	2139	27
340	5	521	25
340	5	1095	28
340	5	1356	29
341	5	521	25
341	5	1148	29
341	5	2087	27
342	5	521	25
342	5	574	29
342	5	1356	27
342	5	1617	28
343	5	521	25
343	5	626	29
343	5	1722	27
343	5	2035	28
344	5	521	25
344	5	2139	29
345	5	521	25
345	5	782	29
345	5	1617	27
345	5	2035	28
346	5	417	29
346	5	1148	25
346	5	1513	27
346	5	1774	28
346	5	2139	30
347	5	521	25
347	5	730	29
348	5	521	25
348	5	626	29
349	5	521	25
349	5	730	29
349	5	1304	27
349	5	1565	28
350	5	521	25
350	5	2191	29
351	5	521	25
351	5	574	29
352	5	521	25
352	5	782	29
353	5	521	25
353	5	730	29
354	5	521	25
354	5	574	29
354	5	1252	27
354	5	1513	28
355	5	521	25
355	5	782	29
356	5	521	25
356	5	1043	29
356	5	2139	27
357	5	521	25
357	5	782	29
358	5	521	25
358	5	1043	29
358	5	2035	27
358	5	2295	28
359	5	521	25
360	5	521	25
360	5	887	29
361	5	521	25
361	5	782	29
361	5	2087	27
362	5	521	25
362	5	2191	29
363	5	521	25
364	5	521	25
364	5	678	29
365	5	521	25
365	5	2243	29
366	5	521	25
366	5	939	29
366	5	2191	27
367	5	521	25
367	5	574	29
367	5	2243	27
368	5	521	25
368	5	574	29
368	5	1304	27
368	5	1565	28
368	5	2087	30
369	5	521	25
369	5	782	29
369	5	1565	27
369	5	2243	28
370	5	521	25
371	5	521	25
371	5	782	29
372	5	521	25
372	5	1043	29
373	5	521	25
374	5	521	25
374	5	1304	28
374	5	1565	29
375	5	521	25
375	5	1356	29
376	5	521	25
376	5	782	29
377	5	521	25
377	5	1304	29
378	5	521	25
378	5	1200	29
379	5	521	25
379	5	730	29
380	5	521	25
380	5	782	29
381	5	521	25
381	5	834	29
382	5	521	25
382	5	626	29
382	5	2295	27
383	5	521	25
383	5	1408	28
383	5	1669	29
384	5	521	25
384	5	626	29
385	5	521	25
385	5	782	29
386	5	417	29
387	5	521	25
387	5	782	29
387	5	1513	27
387	5	1982	28
388	5	521	25
388	5	2139	29
389	5	521	25
389	5	678	29
390	5	521	25
390	5	626	29
390	5	1826	27
390	5	2139	28
391	5	521	25
391	5	626	29
391	5	1774	27
391	5	2035	28
392	5	521	25
392	5	1774	29
393	5	521	29
393	5	1930	27
394	5	521	25
394	5	782	29
395	5	521	25
395	5	834	29
396	5	521	25
396	5	574	29
396	5	1252	27
396	5	1513	28
397	5	521	25
397	5	1148	29
398	5	521	25
398	5	782	29
399	5	521	25
399	5	730	29
400	5	521	25
400	5	678	29
401	5	521	25
401	5	2295	29
402	5	521	25
402	5	782	29
403	5	521	25
403	5	1982	29
404	5	521	25
404	5	1095	29
405	5	521	25
405	5	1304	29
406	5	521	25
406	5	574	29
406	5	1722	27
407	5	521	25
407	5	1148	29
408	5	521	25
409	5	521	25
409	5	1461	29
410	5	521	25
410	5	1461	29
411	5	417	29
411	5	939	25
411	5	1356	27
411	5	1617	28
412	5	521	25
412	5	782	29
412	5	1252	27
412	5	1513	28
412	5	1826	30
413	5	521	25
413	5	574	29
413	5	1200	27
413	5	1461	28
413	5	2243	30
414	5	521	25
414	5	730	29
414	5	1774	27
414	5	2035	28
415	5	521	25
415	5	678	29
415	5	1982	27
415	5	2295	28
416	5	521	25
416	5	1774	29
417	5	521	25
417	5	678	29
417	5	1982	27
417	5	2243	28
418	5	521	25
418	5	730	29
418	5	1408	27
418	5	1669	28
419	5	417	29
419	5	1200	25
419	5	1565	27
420	5	521	25
420	5	1043	29
420	5	2191	27
421	5	521	25
421	5	1982	29
422	5	521	25
422	5	1669	29
423	5	521	25
423	5	1043	29
423	5	1930	27
423	5	2243	28
424	5	521	25
424	5	626	29
424	5	1408	27
424	5	1669	28
424	5	1982	30
425	5	521	25
425	5	782	29
425	5	2295	27
426	5	521	25
426	5	1043	29
426	5	1826	27
426	5	2087	28
427	5	521	25
427	5	1982	28
427	5	2243	29
428	5	521	25
428	5	678	29
429	5	417	29
429	5	1304	25
429	5	1722	27
430	5	521	25
430	5	574	29
431	5	521	29
431	5	1669	27
432	5	521	25
432	5	782	29
432	5	1461	27
432	5	1722	28
433	5	521	25
433	5	887	29
433	5	1982	27
433	5	2295	28
434	5	521	25
434	5	782	29
434	5	1461	27
434	5	1722	28
434	5	2035	30
435	5	521	25
435	5	678	29
435	5	1617	27
435	5	2139	28
436	5	521	25
436	5	678	29
436	5	1356	27
436	5	1669	28
437	5	521	25
437	5	730	29
437	5	2087	27
438	5	417	29
438	5	1356	25
438	5	1669	27
439	5	521	25
439	5	1408	29
440	5	521	25
440	5	730	29
441	5	521	25
442	5	521	25
442	5	678	29
442	5	2139	27
443	5	521	25
443	5	939	29
444	5	521	25
445	5	521	25
445	5	574	29
445	5	1878	27
445	5	2139	28
446	5	521	25
446	5	1774	29
447	5	521	25
447	5	1774	29
448	5	521	25
448	5	1722	29
449	5	521	25
449	5	2243	29
450	5	521	25
450	5	2087	28
451	5	521	25
451	5	991	29
451	5	1669	27
451	5	1930	28
451	5	2295	30
452	5	521	25
452	5	782	29
453	5	521	29
453	5	1252	27
453	5	1565	28
454	5	521	25
454	5	1617	29
455	5	521	25
455	5	1043	28
455	5	1304	29
456	5	521	25
456	5	1304	29
457	5	521	25
457	5	887	29
458	5	521	25
459	5	417	29
460	5	521	25
460	5	626	29
461	5	521	29
461	5	1669	27
461	5	2191	28
462	5	521	25
462	5	782	29
462	5	2191	27
463	5	521	25
463	5	782	29
463	5	1461	27
463	5	1722	28
464	5	521	25
464	5	1043	29
464	5	2295	27
465	5	521	25
465	5	626	29
465	5	2139	27
466	5	521	25
466	5	730	29
466	5	2035	27
467	5	521	25
467	5	626	29
467	5	2139	27
468	5	521	25
468	5	574	29
468	5	2191	27
469	5	521	29
469	5	1513	27
469	5	1878	28
470	5	521	25
470	5	1930	29
471	5	521	25
471	5	1408	29
472	5	521	25
472	5	782	29
472	5	2139	27
473	5	521	25
473	5	939	29
473	5	2035	27
474	5	521	25
474	5	574	29
474	5	1513	27
475	5	521	25
475	5	1461	29
476	5	521	25
476	5	1826	29
477	5	521	25
478	5	521	25
478	5	939	29
479	5	417	29
480	5	521	25
480	5	887	29
481	5	521	25
481	5	782	29
481	5	1408	27
481	5	1669	28
481	5	2243	30
482	5	521	25
482	5	782	29
483	5	521	25
484	5	521	25
484	5	2139	29
485	5	521	25
485	5	1408	29
486	5	521	25
486	5	1304	29
486	5	2295	27
487	5	521	25
487	5	730	29
487	5	2191	27
488	5	521	25
488	5	1304	29
489	5	521	25
489	5	574	29
489	5	1356	27
489	5	1669	28
490	5	521	25
490	5	991	29
490	5	1669	27
490	5	1930	28
490	5	2295	30
491	5	521	25
491	5	730	29
491	5	2087	27
492	5	521	25
492	5	1043	29
492	5	1878	27
492	5	2139	28
493	5	521	25
493	5	939	29
494	5	521	25
494	5	782	29
495	5	521	25
495	5	991	29
495	5	1669	27
496	5	521	25
496	5	834	29
496	5	1722	27
496	5	2035	28
497	5	469	29
497	5	521	25
498	5	521	25
498	5	730	29
499	5	521	25
499	5	782	29
500	5	521	25
500	5	626	29
500	5	1304	27
500	5	1565	28
501	5	521	25
501	5	1408	28
501	5	1669	29
502	5	521	25
502	5	939	29
503	5	521	25
503	5	574	29
503	5	1200	27
503	5	1461	28
503	5	1826	30
504	5	417	29
505	5	521	25
505	5	1461	29
506	5	521	25
506	5	1148	29
507	5	521	25
507	5	1982	29
508	5	521	25
508	5	782	29
508	5	1408	27
508	5	1722	28
508	5	2087	30
509	5	521	25
510	5	521	25
510	5	1930	28
510	5	2191	29
511	5	521	25
512	5	521	25
512	5	1043	29
512	5	1722	27
512	5	2035	28
513	5	521	25
513	5	1043	29
514	5	521	25
514	5	678	29
514	5	1982	27
514	5	2295	28
515	5	521	25
515	5	626	29
515	5	1774	27
515	5	2035	28
516	5	521	25
516	5	1461	29
517	5	521	25
517	5	1356	29
518	5	521	25
518	5	1043	29
519	5	521	25
519	5	782	29
519	5	1669	27
520	5	521	25
520	5	574	29
521	5	521	25
521	5	782	29
521	5	1408	27
521	5	1722	28
522	5	521	25
522	5	887	29
522	5	1617	27
522	5	1982	28
523	5	521	25
523	5	678	29
523	5	1878	27
523	5	2191	28
524	5	417	29
525	5	521	25
525	5	782	29
525	5	1408	27
525	5	1669	28
526	5	521	25
526	5	1982	29
527	5	521	25
527	5	626	29
528	5	521	25
528	5	574	29
529	5	521	25
529	5	626	29
529	5	1252	27
529	5	1513	28
529	5	2035	30
530	5	521	25
530	5	1252	28
530	5	1513	29
531	5	521	25
531	5	1043	29
531	5	2035	27
532	5	521	25
532	5	1043	29
533	5	521	25
533	5	2087	28
534	5	521	25
534	5	626	29
534	5	1408	27
534	5	1722	28
535	5	521	25
535	5	2191	29
536	5	521	25
536	5	1513	28
536	5	1774	29
537	5	521	25
537	5	782	29
537	5	1878	27
537	5	2139	28
538	5	521	25
538	5	730	29
539	5	521	25
539	5	626	29
540	5	521	25
540	5	2087	29
541	5	469	29
541	5	521	25
541	5	2191	27
542	5	521	25
542	5	1148	29
543	5	521	25
543	5	1148	29
544	5	521	25
544	5	782	29
544	5	1461	27
544	5	1722	28
544	5	2139	30
545	5	521	25
545	5	1930	29
546	5	521	25
546	5	1095	28
546	5	1356	29
547	5	521	25
547	5	782	29
547	5	1617	27
547	5	1878	28
547	5	2191	30
548	5	521	25
548	5	1722	29
549	5	521	25
549	5	1304	29
550	5	521	25
550	5	678	29
550	5	1304	27
550	5	1565	28
550	5	1982	30
551	5	521	25
551	5	626	29
551	5	1356	27
551	5	1617	28
552	5	521	25
552	5	1356	28
552	5	1617	29
553	5	521	25
553	5	991	29
554	5	521	25
554	5	574	29
554	5	1774	27
554	5	2139	28
555	5	521	25
555	5	574	29
555	5	1200	27
555	5	1461	28
555	5	1826	30
556	5	521	25
556	5	991	29
557	5	521	25
557	5	1930	28
557	5	2191	29
558	5	417	29
558	5	1878	25
559	5	521	25
559	5	1043	29
560	5	521	25
560	5	1617	29
561	5	521	25
561	5	1304	29
562	5	521	25
562	5	1095	29
562	5	2191	27
563	5	521	25
563	5	887	29
563	5	1617	27
564	5	417	29
564	5	2087	25
565	5	521	25
565	5	730	29
565	5	1408	27
565	5	1669	28
565	5	2035	30
566	5	521	25
566	5	626	29
567	5	521	25
567	5	782	29
568	5	521	25
568	5	678	29
568	5	1461	27
569	5	521	25
569	5	1043	29
570	5	521	25
570	5	1252	28
570	5	1513	29
571	5	521	29
571	5	2035	27
572	5	521	25
572	5	1617	29
573	5	521	25
573	5	2243	28
574	5	521	25
574	5	834	29
575	5	521	29
575	5	1252	27
575	5	1513	28
575	5	2295	30
576	5	521	25
576	5	1148	29
577	5	521	25
577	5	782	29
578	5	521	25
578	5	1200	29
579	5	521	25
580	5	521	25
581	5	521	25
581	5	1095	29
581	5	1930	27
581	5	2191	28
582	5	521	25
582	5	939	29
582	5	2243	27
583	5	521	25
583	5	678	29
583	5	1200	27
583	5	1461	28
583	5	1774	30
584	5	521	25
584	5	782	29
584	5	2139	27
585	5	521	25
585	5	626	29
585	5	1252	27
585	5	1513	28
586	5	521	25
586	5	887	29
586	5	1617	27
587	5	521	25
587	5	626	29
587	5	1304	27
587	5	1565	28
588	5	521	25
588	5	678	29
588	5	2295	27
589	5	521	25
589	5	782	29
589	5	1669	27
589	5	2243	28
590	5	521	25
590	5	678	29
591	5	521	25
591	5	1774	29
592	5	521	25
593	5	521	25
593	5	834	29
594	5	521	25
594	5	1095	28
594	5	1356	29
595	5	521	25
595	5	782	29
595	5	1356	27
595	5	1617	28
595	5	2087	30
596	5	521	25
596	5	939	29
597	5	521	25
597	5	939	29
598	5	521	29
598	5	2191	27
599	5	521	25
599	5	678	29
599	5	1930	27
599	5	2191	28
600	5	521	25
600	5	1826	29
601	5	521	25
601	5	730	29
602	5	417	29
603	5	521	25
603	5	939	29
604	5	521	25
604	5	1043	29
604	5	1878	27
604	5	2139	28
605	5	521	25
605	5	1148	29
606	5	521	25
606	5	887	29
606	5	1722	27
606	5	2191	28
607	5	521	25
607	5	574	29
607	5	1774	27
607	5	2087	28
608	5	521	25
608	5	782	29
608	5	1982	27
609	5	521	25
610	5	521	25
610	5	2139	28
611	5	521	25
611	5	991	29
612	5	521	25
612	5	1148	29
613	5	521	25
613	5	1669	29
614	5	521	25
614	5	1148	29
615	5	417	29
615	5	1774	25
616	5	521	25
616	5	1043	29
617	5	521	25
617	5	1982	29
618	5	521	25
619	5	521	25
619	5	1461	29
620	5	521	25
620	5	574	29
621	5	521	25
621	5	1043	29
621	5	1722	27
622	5	521	25
622	5	574	29
623	5	521	25
623	5	1200	28
623	5	1461	29
624	5	521	25
624	5	782	29
625	5	521	25
625	5	1095	29
626	5	417	29
626	5	1200	25
626	5	1617	27
627	5	521	25
627	5	782	29
627	5	2087	27
628	5	521	25
628	5	834	29
628	5	1982	27
628	5	2295	28
629	5	521	25
629	5	1513	29
630	5	521	25
630	5	1043	29
631	5	521	25
631	5	834	29
631	5	1669	27
631	5	1930	28
631	5	2295	30
632	5	521	25
632	5	574	29
632	5	1826	27
632	5	2087	28
633	5	521	25
633	5	1669	28
633	5	1930	29
634	5	521	25
634	5	1148	28
634	5	1408	29
635	5	521	25
635	5	1461	29
636	5	521	25
637	5	417	29
638	5	521	25
638	5	1930	29
639	5	521	29
639	5	1461	27
639	5	1722	28
640	5	521	25
640	5	1930	29
641	5	521	25
641	5	782	29
642	5	521	25
642	5	1252	29
643	5	521	25
644	5	521	25
644	5	782	29
645	5	521	25
645	5	991	29
646	5	521	25
646	5	626	29
646	5	1461	27
647	5	521	25
647	5	2191	29
648	5	521	25
648	5	991	29
649	5	521	25
649	5	782	29
649	5	2087	27
650	5	521	25
650	5	1617	29
651	5	521	25
651	5	626	29
652	5	521	25
652	5	782	29
652	5	1878	27
652	5	2191	28
653	5	521	25
653	5	730	29
653	5	2087	27
654	5	521	25
654	5	1148	28
654	5	1408	29
655	5	521	25
655	5	991	29
655	5	2087	27
656	5	521	25
656	5	887	29
657	5	521	25
657	5	782	29
658	5	521	25
658	5	782	29
658	5	1565	27
658	5	1878	28
659	5	521	25
659	5	1043	28
659	5	1304	29
660	5	521	25
660	5	1774	29
661	5	521	25
661	5	678	29
661	5	2139	27
662	5	521	25
662	5	834	29
662	5	1982	27
663	5	521	25
663	5	1148	29
664	5	521	25
664	5	678	29
664	5	1565	27
664	5	1826	28
664	5	2191	30
665	5	521	25
665	5	626	29
666	5	521	25
666	5	626	29
666	5	1982	27
666	5	2243	28
667	5	521	25
667	5	678	29
668	5	521	25
668	5	991	28
668	5	1252	29
669	5	521	25
669	5	1043	29
669	5	2035	27
669	5	2295	28
670	5	521	25
670	5	1043	29
671	5	521	25
672	5	521	25
672	5	939	28
672	5	1200	29
673	5	521	25
673	5	1095	29
674	5	521	25
674	5	991	29
675	5	521	25
675	5	1043	29
676	5	521	25
676	5	574	29
676	5	1513	27
676	5	1826	28
677	5	521	25
677	5	991	29
678	5	521	25
678	5	678	29
678	5	2035	27
679	5	521	25
679	5	1461	29
680	5	521	25
680	5	1043	29
680	5	2087	27
681	5	521	25
681	5	887	29
682	5	521	29
682	5	2191	27
683	5	521	25
683	5	1408	29
684	5	521	25
684	5	1043	29
684	5	2191	27
685	5	521	25
685	5	782	29
686	5	521	25
686	5	782	29
687	5	521	25
687	5	1513	29
688	5	521	25
688	5	1304	29
689	5	521	25
689	5	1200	29
690	5	521	25
690	5	834	29
691	5	521	25
691	5	678	29
691	5	1513	27
691	5	1774	28
691	5	2191	30
692	5	521	25
692	5	782	29
692	5	1461	27
692	5	1722	28
693	5	417	29
693	5	1304	25
693	5	1669	27
693	5	2035	28
694	5	521	25
694	5	782	29
695	5	521	29
695	5	1930	27
695	5	2191	28
696	5	521	25
696	5	1200	29
697	5	521	25
697	5	782	29
697	5	1774	27
697	5	2087	28
698	5	521	25
698	5	1669	29
699	5	521	25
699	5	887	29
700	5	521	25
700	5	782	29
701	5	521	25
701	5	1043	29
702	5	521	25
702	5	834	29
703	5	521	25
703	5	782	29
703	5	1669	27
703	5	2087	28
704	5	521	25
704	5	2295	29
705	5	521	25
705	5	1200	29
705	5	2139	27
706	5	521	25
706	5	626	29
706	5	2139	27
707	5	521	25
707	5	574	29
708	5	521	25
708	5	1095	29
709	5	521	25
709	5	782	29
709	5	1617	27
709	5	1930	28
710	5	521	29
710	5	1461	27
710	5	1722	28
711	5	521	25
711	5	1043	28
711	5	1304	29
712	5	521	25
712	5	1043	29
713	5	521	25
714	5	521	25
714	5	678	29
714	5	1930	27
714	5	2243	28
715	5	521	25
715	5	1043	29
716	5	521	25
716	5	574	29
716	5	1356	27
716	5	1669	28
717	5	521	25
717	5	1043	29
717	5	1722	27
717	5	2035	28
718	5	521	25
718	5	782	29
718	5	1617	27
718	5	2035	28
719	5	521	25
719	5	1565	29
720	5	521	25
720	5	1878	28
720	5	2139	29
721	5	521	25
721	5	991	29
721	5	1982	27
721	5	2295	28
722	5	521	25
722	5	626	29
722	5	1252	27
722	5	1513	28
723	5	417	29
724	5	521	25
724	5	939	29
725	5	521	25
725	5	782	29
725	5	1930	27
726	5	521	25
726	5	939	29
726	5	1617	27
727	5	521	25
727	5	1513	29
728	5	521	25
728	5	1878	29
729	5	521	25
729	5	782	29
730	5	521	25
730	5	887	29
731	5	521	25
731	5	678	29
731	5	2087	27
732	5	521	25
732	5	782	29
733	5	521	25
733	5	782	29
733	5	1669	27
734	5	521	25
734	5	678	29
734	5	1826	27
734	5	2139	28
735	5	521	25
735	5	2035	29
736	5	521	25
736	5	1148	29
737	5	521	25
737	5	678	29
737	5	1722	27
737	5	1982	28
737	5	2295	30
738	5	521	25
738	5	678	29
738	5	1513	27
738	5	1774	28
738	5	2139	30
739	5	521	25
739	5	1148	29
740	5	521	25
741	5	521	25
741	5	782	29
742	5	521	25
742	5	678	29
742	5	1461	27
742	5	1722	28
742	5	2087	30
743	5	521	29
743	5	1930	27
743	5	2243	28
744	5	521	25
744	5	1200	29
744	5	1982	27
744	5	2243	28
745	5	521	25
745	5	1774	29
746	5	417	29
747	5	521	25
747	5	834	29
748	5	417	29
749	5	521	25
749	5	1982	29
750	5	521	25
750	5	626	29
751	5	521	25
752	5	521	25
752	5	1043	29
752	5	1878	27
752	5	2139	28
753	5	521	25
753	5	574	29
753	5	1565	27
753	5	1826	28
753	5	2139	30
754	5	521	25
754	5	574	29
754	5	1722	27
755	5	521	25
755	5	730	29
755	5	2191	27
756	5	521	25
756	5	574	29
756	5	1408	27
756	5	1669	28
756	5	2243	30
757	5	417	29
757	5	2191	25
758	5	521	25
758	5	626	29
758	5	2139	27
759	5	417	29
760	5	521	25
760	5	834	29
761	5	521	25
761	5	939	29
761	5	2295	27
762	5	521	29
763	5	521	25
763	5	1252	29
763	5	2087	27
764	5	521	25
764	5	887	29
765	5	521	25
765	5	730	29
765	5	2087	27
766	5	521	25
766	5	782	29
767	5	521	25
767	5	1200	29
767	5	2243	27
768	5	417	29
769	5	521	25
769	5	1095	28
769	5	1356	29
770	5	521	25
770	5	2139	29
771	5	521	25
771	5	1148	29
772	5	521	25
772	5	1669	29
773	5	521	25
773	5	1461	29
774	5	521	29
774	5	1408	27
774	5	1722	28
775	5	521	25
775	5	1669	29
776	5	521	25
776	5	626	29
776	5	1461	27
776	5	1774	28
776	5	2243	30
777	5	521	25
777	5	2087	29
778	5	521	25
778	5	782	29
779	5	417	29
780	5	521	25
780	5	782	29
781	5	521	29
781	5	1774	27
781	5	2087	28
782	5	521	25
782	5	782	29
783	5	521	25
783	5	1722	29
784	5	521	25
784	5	678	29
784	5	2035	27
785	5	521	25
785	5	730	29
786	5	521	25
786	5	1095	28
786	5	1356	29
787	5	521	25
787	5	1513	29
788	5	521	25
788	5	730	29
789	5	521	25
789	5	1095	29
790	5	521	25
790	5	1043	29
791	5	521	25
791	5	1617	29
792	5	521	25
792	5	782	29
793	5	521	25
793	5	730	29
793	5	1826	27
793	5	2087	28
794	5	521	29
794	5	2243	27
795	5	521	25
795	5	1826	29
796	5	521	25
796	5	1461	29
797	5	521	25
797	5	730	29
798	5	521	25
798	5	1252	29
798	5	2243	27
799	5	521	25
799	5	2295	28
800	5	417	29
801	5	521	25
801	5	1513	29
801	5	2295	27
802	5	521	25
802	5	782	29
803	5	521	25
803	5	782	29
803	5	1722	27
803	5	2087	28
804	5	521	25
804	5	782	29
804	5	2087	27
805	5	521	25
806	5	521	25
806	5	1565	29
807	5	521	25
807	5	678	29
807	5	1200	27
807	5	1461	28
807	5	1774	30
808	5	521	25
808	5	2139	29
809	5	521	25
809	5	1826	29
810	5	521	25
810	5	678	29
810	5	1826	27
810	5	2139	28
811	5	521	25
811	5	678	29
811	5	2087	27
812	5	417	29
812	5	1095	25
812	5	1669	27
812	5	1930	28
812	5	2243	30
813	5	521	25
813	5	834	29
814	5	521	25
814	5	834	29
815	5	417	29
815	5	991	25
816	5	521	25
816	5	1148	29
817	5	521	25
817	5	2243	28
818	5	521	25
818	5	834	29
818	5	1982	27
818	5	2295	28
819	5	521	25
819	5	1617	29
820	5	521	25
820	5	887	29
821	5	521	25
821	5	1043	28
821	5	1304	29
822	5	521	25
822	5	678	29
822	5	1878	27
822	5	2191	28
823	5	521	25
823	5	730	29
823	5	1356	27
823	5	1669	28
823	5	2087	30
824	5	521	25
824	5	1043	29
824	5	1930	27
824	5	2191	28
825	5	521	25
825	5	1043	29
826	5	521	25
826	5	1043	29
827	5	521	25
827	5	1826	29
828	5	521	25
828	5	1200	28
828	5	1461	29
829	5	521	25
829	5	2035	29
830	5	521	25
830	5	1148	28
830	5	1408	29
831	5	469	29
831	5	521	25
831	5	1461	27
831	5	1722	28
831	5	2087	30
832	5	521	25
832	5	782	29
832	5	1356	27
832	5	1617	28
832	5	2035	30
833	5	521	25
833	5	1252	29
834	5	521	25
834	5	678	29
834	5	1513	27
834	5	1774	28
834	5	2139	30
835	5	521	25
835	5	782	29
836	5	521	25
836	5	2139	29
837	5	521	25
837	5	1408	29
838	5	417	29
838	5	991	25
838	5	1722	27
838	5	1982	28
838	5	2295	30
839	5	521	25
839	5	1304	28
839	5	1565	29
840	5	417	29
840	5	887	25
840	5	1200	27
840	5	1461	28
840	5	1774	30
841	5	521	25
841	5	782	29
842	5	521	25
842	5	939	28
842	5	1200	29
843	5	521	25
843	5	678	29
843	5	1356	27
843	5	1617	28
843	5	1982	30
844	5	521	25
844	5	1461	29
845	5	521	25
845	5	1252	28
845	5	1513	29
846	5	521	25
846	5	1461	29
847	5	521	25
847	5	1200	29
847	5	2087	27
848	5	521	29
848	5	1461	27
849	5	521	25
849	5	2243	29
850	5	521	25
850	5	782	29
850	5	1356	27
850	5	1617	28
851	5	521	25
852	5	521	25
853	5	521	25
853	5	1304	28
853	5	1565	29
854	5	521	25
854	5	1043	29
855	5	521	25
855	5	782	29
856	5	521	25
856	5	678	29
857	5	521	25
857	5	1565	29
858	5	521	25
858	5	887	29
859	5	521	25
860	5	521	25
861	5	521	25
861	5	782	29
862	5	521	25
862	5	1513	28
862	5	1774	29
863	5	521	25
863	5	782	29
863	5	1461	27
863	5	2243	28
864	5	521	25
864	5	574	29
864	5	1408	27
864	5	1669	28
864	5	2087	30
865	5	521	25
865	5	678	29
865	5	2243	27
866	5	521	25
866	5	678	29
866	5	2035	27
867	5	521	25
867	5	939	29
868	5	521	25
868	5	782	29
868	5	2139	27
869	5	417	29
869	5	1408	25
869	5	1722	27
870	5	417	29
870	5	1722	25
871	5	521	25
871	5	1095	29
872	5	521	25
873	5	521	25
873	5	678	29
873	5	1356	27
873	5	1617	28
874	5	521	25
875	5	417	29
875	5	1408	25
876	5	521	25
876	5	678	29
877	5	521	25
877	5	574	29
877	5	1252	27
877	5	1513	28
878	5	521	25
878	5	1304	29
879	5	521	25
879	5	834	29
880	5	521	25
880	5	626	29
880	5	1774	27
880	5	2087	28
881	5	521	25
881	5	2243	28
882	5	521	25
882	5	1200	28
882	5	1461	29
883	5	521	25
883	5	1826	29
884	5	521	25
884	5	782	29
885	5	521	25
885	5	678	29
885	5	1304	27
885	5	1565	28
886	5	521	25
886	5	1356	29
887	5	521	25
887	5	782	29
888	5	521	25
888	5	2087	29
889	5	521	25
889	5	1408	29
890	5	521	25
890	5	1252	28
890	5	1513	29
891	5	521	25
891	5	782	29
892	5	521	25
892	5	1565	28
892	5	1826	29
893	5	521	25
893	5	782	29
894	5	521	25
894	5	782	29
895	5	417	29
895	5	1878	25
895	5	2139	27
896	5	521	25
896	5	626	29
897	5	521	25
897	5	626	29
897	5	1722	27
898	5	469	29
898	5	521	25
898	5	1408	27
898	5	1669	28
899	5	521	25
899	5	626	29
899	5	1513	27
899	5	1878	28
900	5	521	25
900	5	1148	29
901	5	521	25
901	5	678	29
902	5	521	25
902	5	991	29
902	5	1722	27
902	5	2087	28
903	5	417	29
903	5	1148	25
903	5	1669	27
903	5	1930	28
903	5	2243	30
904	5	521	25
905	5	521	25
905	5	1095	28
905	5	1356	29
906	5	521	25
906	5	626	29
907	5	521	25
907	5	2191	29
908	5	521	25
908	5	730	29
909	5	521	25
909	5	1982	29
910	5	521	25
910	5	1148	29
911	5	521	25
911	5	1826	28
911	5	2087	29
912	5	521	25
912	5	782	29
913	5	521	25
913	5	1200	28
913	5	1461	29
914	5	521	25
914	5	991	29
915	5	521	25
915	5	1252	29
916	5	521	25
916	5	626	29
916	5	1513	27
917	5	521	25
917	5	782	29
918	5	521	25
918	5	1200	29
919	5	521	25
919	5	1617	29
920	5	521	25
920	5	1252	29
921	5	521	25
921	5	939	28
921	5	1200	29
922	5	521	25
922	5	782	29
922	5	2191	27
923	5	521	25
923	5	1356	29
924	5	521	25
924	5	782	29
924	5	1408	27
924	5	1669	28
925	5	521	25
925	5	678	29
926	5	521	25
926	5	782	29
926	5	1669	27
926	5	1930	28
926	5	2295	30
927	5	521	25
927	5	1043	29
928	5	521	25
929	5	521	25
929	5	782	29
929	5	1930	27
930	5	521	25
931	5	521	25
931	5	782	29
931	5	1304	27
931	5	1565	28
932	5	521	25
932	5	1200	29
932	5	2087	27
933	5	521	25
933	5	1252	29
933	5	2139	27
934	5	521	25
934	5	1148	29
935	5	417	29
935	5	1513	25
936	5	521	25
936	5	1095	29
937	5	521	25
937	5	1774	29
938	5	417	29
938	5	1669	25
939	5	521	25
939	5	1565	29
940	5	521	25
940	5	782	29
940	5	1617	27
940	5	1930	28
941	5	521	25
941	5	678	29
941	5	1513	27
941	5	1826	28
942	5	521	29
942	5	1408	27
942	5	1669	28
943	5	521	25
943	5	2035	29
944	5	521	25
944	5	887	29
944	5	2243	27
945	5	521	25
945	5	1722	29
946	5	417	29
946	5	1669	25
946	5	2191	27
947	5	521	25
947	5	678	29
947	5	1304	27
947	5	1565	28
947	5	2087	30
948	5	521	25
948	5	678	29
949	5	417	29
949	5	834	25
949	5	1252	27
949	5	1513	28
950	5	521	25
950	5	678	29
950	5	2243	27
951	5	417	29
952	5	521	25
953	5	521	25
953	5	782	29
953	5	1617	27
954	5	521	29
954	5	1669	27
954	5	2035	28
955	5	521	25
956	5	521	25
956	5	1930	29
957	5	417	29
958	5	521	25
958	5	1565	29
959	5	521	25
960	5	521	25
960	5	887	29
961	5	521	25
961	5	782	29
961	5	2087	27
962	5	521	25
962	5	2035	29
963	5	521	25
963	5	678	29
963	5	2295	27
964	5	521	25
964	5	782	29
964	5	1461	27
964	5	1722	28
964	5	2243	30
965	5	521	25
965	5	1043	29
966	5	521	29
966	5	1930	27
966	5	2191	28
967	5	521	25
968	5	521	25
968	5	834	29
968	5	2243	27
969	5	521	25
969	5	939	29
970	5	521	25
971	5	521	25
971	5	574	29
971	5	1878	27
971	5	2139	28
972	5	521	25
972	5	626	29
972	5	1252	27
972	5	1513	28
972	5	2191	30
973	5	521	25
973	5	782	29
974	5	521	25
974	5	782	29
975	5	521	25
975	5	1304	28
975	5	1565	29
976	5	521	25
976	5	782	29
976	5	1617	27
976	5	1930	28
977	5	521	25
977	5	2191	29
978	5	521	25
978	5	782	29
978	5	1722	27
979	5	417	29
979	5	1774	25
979	5	2191	27
980	5	521	25
980	5	1930	29
981	5	521	25
981	5	1043	29
981	5	1669	27
981	5	2295	28
982	5	521	25
982	5	678	29
983	5	521	29
984	5	521	25
984	5	1043	29
985	5	521	25
985	5	1148	29
985	5	1982	27
985	5	2243	28
986	5	521	25
986	5	2139	28
987	5	521	25
987	5	1304	28
987	5	1565	29
988	5	521	25
988	5	782	29
989	5	521	25
989	5	730	29
990	5	521	25
990	5	1826	29
991	5	521	25
992	5	521	25
992	5	2243	28
993	5	521	25
994	5	521	25
994	5	2035	29
995	5	521	25
995	5	574	29
995	5	1878	27
995	5	2191	28
996	5	521	25
996	5	1356	29
997	5	521	25
997	5	2243	28
998	5	521	25
998	5	782	29
998	5	1461	27
998	5	1722	28
998	5	2087	30
999	5	521	25
999	5	1565	29
