Realization	utility	week	infra.
0	0	730	29
1	0	730	29
2	0	939	29
3	0	1669	29
4	0	887	29
5	0	782	29
6	0	939	29
7	0	1513	29
8	0	1304	29
10	0	730	29
13	0	2139	29
14	0	730	29
15	0	782	29
16	0	834	29
17	0	730	29
18	0	730	29
20	0	1252	29
21	0	730	29
22	0	1617	29
23	0	730	29
24	0	782	29
26	0	1356	29
27	0	782	29
28	0	1356	29
29	0	1826	29
30	0	1774	29
31	0	887	29
32	0	1617	29
33	0	1356	29
34	0	1408	29
35	0	782	29
36	0	782	29
37	0	1252	29
38	0	1252	29
39	0	887	29
40	0	730	29
41	0	1356	29
42	0	1356	29
43	0	834	29
45	0	1304	29
46	0	782	29
47	0	1617	29
49	0	887	29
51	0	2243	29
53	0	782	29
55	0	939	29
56	0	1930	29
57	0	730	29
58	0	939	29
59	0	730	29
61	0	887	29
62	0	834	29
63	0	1304	29
65	0	1461	29
66	0	1774	29
67	0	1356	29
69	0	1461	29
70	0	2035	29
71	0	1617	29
74	0	2243	29
75	0	782	29
76	0	1982	29
79	0	1513	29
80	0	834	29
81	0	939	29
82	0	1722	29
83	0	1722	29
84	0	887	29
86	0	1878	29
87	0	730	29
88	0	1356	29
89	0	1461	29
90	0	1826	29
92	0	730	29
93	0	2035	29
95	0	2087	29
96	0	1617	29
97	0	2191	29
98	0	2243	29
99	0	1826	29
100	0	2295	29
101	0	1461	29
102	0	1304	29
103	0	1722	29
104	0	939	29
106	0	1356	29
107	0	730	29
108	0	782	29
109	0	1930	29
110	0	782	29
111	0	1252	29
112	0	1669	29
113	0	730	29
114	0	1252	29
115	0	2035	29
116	0	1982	29
117	0	1982	29
118	0	1669	29
119	0	1774	29
120	0	1617	29
122	0	730	29
124	0	730	29
125	0	834	29
126	0	730	29
127	0	730	29
128	0	730	29
129	0	1774	29
130	0	887	29
131	0	1304	29
132	0	730	29
133	0	939	29
134	0	1565	29
135	0	782	29
136	0	730	29
137	0	1356	29
138	0	730	29
139	0	782	29
139	0	2295	30
141	0	730	29
142	0	1930	29
143	0	1826	29
145	0	1669	29
146	0	939	29
147	0	1252	29
148	0	1982	29
149	0	730	29
150	0	834	29
151	0	1826	29
152	0	1252	29
153	0	1774	29
154	0	782	29
155	0	730	29
156	0	730	29
158	0	887	29
159	0	730	29
160	0	1356	29
162	0	1513	29
163	0	2139	29
164	0	782	29
165	0	887	29
167	0	2087	29
169	0	730	29
170	0	730	29
171	0	2139	29
172	0	1513	29
173	0	1982	29
174	0	1461	29
175	0	1252	29
176	0	782	29
179	0	887	29
181	0	730	29
183	0	782	29
185	0	887	29
187	0	1408	29
188	0	2191	29
189	0	1356	29
190	0	1669	29
191	0	730	29
192	0	1252	29
193	0	1252	29
196	0	730	29
196	0	2139	30
198	0	1356	29
199	0	730	29
200	0	1617	29
202	0	1513	29
203	0	1461	29
204	0	834	29
205	0	1826	29
206	0	730	29
206	0	2035	30
207	0	782	29
208	0	834	29
210	0	887	29
212	0	1565	29
213	0	2243	29
215	0	1669	29
217	0	1617	29
218	0	1356	29
220	0	2295	29
221	0	1356	29
224	0	1565	29
225	0	730	29
226	0	834	29
227	0	2087	29
228	0	730	29
229	0	1356	29
230	0	730	29
231	0	730	29
232	0	782	29
233	0	1774	29
235	0	2191	29
236	0	2191	29
239	0	1930	29
240	0	782	29
241	0	1356	29
242	0	1252	29
243	0	730	29
244	0	730	29
245	0	1774	29
248	0	730	29
249	0	730	29
250	0	730	29
251	0	939	29
253	0	1878	29
255	0	1669	29
256	0	1461	29
257	0	1617	29
258	0	730	29
259	0	730	29
260	0	782	29
262	0	1461	29
264	0	834	29
265	0	834	29
266	0	939	29
267	0	730	29
268	0	1461	29
269	0	834	29
270	0	2087	29
271	0	1252	29
272	0	782	29
272	0	2295	30
274	0	1774	29
277	0	2243	29
279	0	1878	29
280	0	1878	29
282	0	2295	29
283	0	1669	29
284	0	730	29
285	0	1565	29
286	0	730	29
287	0	1826	29
288	0	834	29
291	0	2139	29
292	0	2191	29
293	0	730	29
294	0	782	29
295	0	1826	29
296	0	730	29
298	0	1461	29
299	0	730	29
300	0	2191	29
301	0	730	29
302	0	887	29
303	0	730	29
304	0	730	29
306	0	730	29
307	0	2191	29
308	0	1617	29
309	0	730	29
310	0	887	29
312	0	1826	29
313	0	1878	29
314	0	1930	29
315	0	1304	29
317	0	1774	29
320	0	1774	29
321	0	730	29
322	0	834	29
324	0	1878	29
325	0	1878	29
326	0	730	29
327	0	1565	29
328	0	2087	29
329	0	2243	29
330	0	1356	29
331	0	730	29
332	0	1252	29
333	0	730	29
334	0	1826	29
335	0	678	29
336	0	834	29
337	0	1930	29
339	0	782	29
340	0	1617	29
341	0	1617	29
342	0	730	29
343	0	730	29
345	0	1252	29
346	0	939	29
347	0	1304	29
348	0	782	29
349	0	782	29
351	0	939	29
352	0	1304	29
353	0	782	29
354	0	730	29
355	0	834	29
356	0	1565	29
357	0	939	29
358	0	1565	29
360	0	2139	29
361	0	939	29
364	0	730	29
366	0	1408	29
367	0	887	29
368	0	730	29
369	0	834	29
371	0	782	29
372	0	1513	29
374	0	2087	29
375	0	1826	29
376	0	1252	29
377	0	1774	29
378	0	1617	29
379	0	1356	29
380	0	1252	29
381	0	1669	29
382	0	782	29
384	0	887	29
385	0	1513	29
386	0	939	29
387	0	887	29
389	0	730	29
390	0	730	29
391	0	834	29
392	0	2139	29
393	0	730	29
394	0	1408	29
396	0	730	29
397	0	1669	29
398	0	1252	29
399	0	730	29
400	0	887	29
402	0	1252	29
404	0	1669	29
405	0	1826	29
406	0	887	29
407	0	1565	29
409	0	2035	29
410	0	2035	29
411	0	730	29
412	0	730	29
412	0	2243	30
413	0	730	29
414	0	1252	29
415	0	834	29
416	0	2191	29
417	0	887	29
418	0	939	29
419	0	887	29
420	0	1513	29
422	0	2139	29
423	0	1513	29
424	0	782	29
425	0	1252	29
426	0	1513	29
428	0	782	29
429	0	1252	29
430	0	834	29
431	0	730	29
432	0	834	29
433	0	1356	29
434	0	782	29
435	0	730	29
436	0	730	29
437	0	782	29
438	0	1356	29
439	0	2035	29
440	0	1461	29
442	0	1408	29
445	0	730	29
446	0	2087	29
447	0	2243	29
451	0	1408	29
452	0	887	29
453	0	730	29
454	0	2243	29
455	0	1617	29
456	0	1774	29
457	0	1461	29
460	0	782	29
461	0	782	29
462	0	939	29
463	0	887	29
464	0	1513	29
465	0	782	29
466	0	730	29
467	0	730	29
468	0	730	29
469	0	730	29
471	0	1982	29
472	0	782	29
473	0	1408	29
474	0	782	29
475	0	2087	29
478	0	1669	29
480	0	1774	29
481	0	887	29
482	0	939	29
485	0	1930	29
486	0	1774	29
487	0	730	29
488	0	1774	29
489	0	730	29
490	0	1408	29
491	0	1356	29
492	0	1513	29
494	0	834	29
495	0	1408	29
496	0	1356	29
497	0	782	29
498	0	1252	29
499	0	939	29
500	0	730	29
501	0	1930	29
502	0	1461	29
503	0	730	29
503	0	2295	30
505	0	1930	29
506	0	1722	29
508	0	730	29
512	0	1461	29
513	0	1513	29
514	0	887	29
515	0	730	29
516	0	1982	29
517	0	1826	29
518	0	1565	29
519	0	887	29
520	0	1252	29
521	0	730	29
522	0	1356	29
523	0	782	29
525	0	939	29
527	0	730	29
528	0	730	29
529	0	730	29
530	0	1774	29
531	0	1513	29
532	0	1565	29
534	0	730	29
536	0	2087	29
537	0	1252	29
538	0	730	29
539	0	730	29
541	0	782	29
542	0	1617	29
543	0	1565	29
544	0	939	29
546	0	1669	29
547	0	1252	29
549	0	1774	29
550	0	730	29
551	0	782	29
552	0	1982	29
553	0	1461	29
554	0	730	29
555	0	730	29
555	0	2295	30
556	0	1408	29
558	0	782	29
559	0	1513	29
561	0	1774	29
562	0	1513	29
563	0	1356	29
564	0	2087	29
565	0	782	29
566	0	834	29
567	0	1565	29
568	0	730	29
569	0	1513	29
570	0	1774	29
571	0	730	29
572	0	2243	29
575	0	730	29
576	0	1669	29
577	0	730	29
578	0	1826	29
581	0	1565	29
582	0	1461	29
583	0	730	29
584	0	782	29
585	0	730	29
586	0	1356	29
587	0	730	29
588	0	887	29
589	0	939	29
590	0	782	29
591	0	2191	29
593	0	2139	29
594	0	1669	29
595	0	782	29
596	0	1356	29
597	0	1930	29
598	0	730	29
599	0	730	29
600	0	2295	29
601	0	887	29
604	0	1461	29
605	0	1669	29
606	0	1356	29
607	0	730	29
608	0	887	29
611	0	1513	29
612	0	1617	29
614	0	1669	29
615	0	1617	29
616	0	1565	29
619	0	1930	29
620	0	782	29
621	0	1461	29
622	0	730	29
623	0	1930	29
624	0	834	29
625	0	1565	29
626	0	887	29
627	0	939	29
628	0	1356	29
629	0	2087	29
630	0	1513	29
631	0	1304	29
632	0	730	29
633	0	2295	29
634	0	1617	29
635	0	1930	29
639	0	834	29
641	0	1252	29
642	0	1722	29
644	0	887	29
645	0	1408	29
646	0	782	29
648	0	1461	29
649	0	887	29
650	0	2139	29
651	0	939	29
652	0	1252	29
653	0	1252	29
654	0	1982	29
655	0	1461	29
656	0	1356	29
657	0	834	29
658	0	887	29
659	0	1617	29
660	0	2295	29
661	0	834	29
662	0	1356	29
663	0	1669	29
664	0	834	29
665	0	782	29
666	0	730	29
667	0	782	29
668	0	1617	29
669	0	1513	29
670	0	1565	29
672	0	1826	29
673	0	1565	29
674	0	1408	29
675	0	1513	29
676	0	730	29
677	0	1408	29
678	0	887	29
679	0	2035	29
680	0	1461	29
681	0	1930	29
682	0	939	29
683	0	1930	29
684	0	1513	29
685	0	1252	29
686	0	834	29
687	0	1982	29
688	0	1826	29
689	0	1722	29
690	0	1252	29
691	0	834	29
692	0	1252	29
693	0	1304	29
694	0	939	29
695	0	730	29
696	0	1826	29
697	0	834	29
698	0	2139	29
699	0	1356	29
700	0	1252	29
701	0	1461	29
702	0	1930	29
703	0	834	29
705	0	1669	29
706	0	730	29
707	0	887	29
708	0	1565	29
709	0	887	29
710	0	887	29
711	0	1565	29
712	0	1513	29
714	0	730	29
715	0	1513	29
716	0	730	29
717	0	1513	29
718	0	782	29
721	0	1408	29
722	0	730	29
723	0	1930	29
724	0	2295	29
725	0	939	29
726	0	1356	29
727	0	2035	29
729	0	887	29
730	0	1408	29
731	0	730	29
732	0	939	29
733	0	834	29
734	0	730	29
736	0	1722	29
737	0	834	29
738	0	939	29
739	0	1617	29
741	0	1252	29
742	0	730	29
743	0	730	29
744	0	1617	29
745	0	2243	29
746	0	1774	29
747	0	1513	29
750	0	1252	29
752	0	1461	29
753	0	730	29
754	0	782	29
755	0	782	29
756	0	782	29
757	0	2191	29
758	0	730	29
759	0	1982	29
760	0	2035	29
761	0	1565	29
762	0	939	29
763	0	1722	29
765	0	730	29
766	0	834	29
767	0	1617	29
769	0	2295	29
771	0	1669	29
772	0	2139	29
773	0	1982	29
774	0	730	29
775	0	2243	29
776	0	730	29
778	0	887	29
780	0	1252	29
781	0	939	29
782	0	1617	29
783	0	2243	29
784	0	730	29
785	0	1252	29
787	0	2035	29
788	0	834	29
789	0	1565	29
790	0	1617	29
791	0	2139	29
792	0	887	29
793	0	730	29
794	0	730	29
795	0	2243	29
796	0	1982	29
797	0	730	29
798	0	1826	29
800	0	1930	29
801	0	1982	29
802	0	1252	29
803	0	939	29
804	0	1252	29
806	0	2035	29
807	0	730	29
809	0	2295	29
810	0	730	29
811	0	730	29
812	0	782	29
813	0	1408	29
815	0	730	29
816	0	1617	29
818	0	1304	29
819	0	2139	29
820	0	2139	29
821	0	1722	29
822	0	730	29
823	0	730	29
824	0	1513	29
825	0	1513	29
826	0	1461	29
827	0	2295	29
828	0	1826	29
830	0	1774	29
831	0	887	29
832	0	782	29
833	0	1774	29
834	0	834	29
835	0	1304	29
837	0	1930	29
838	0	730	29
839	0	1878	29
840	0	730	29
841	0	834	29
842	0	1461	29
843	0	730	29
843	0	2295	30
844	0	1982	29
845	0	1826	29
846	0	1930	29
847	0	1722	29
848	0	730	29
850	0	834	29
853	0	2139	29
854	0	1513	29
855	0	939	29
856	0	1617	29
857	0	2139	29
858	0	1356	29
861	0	834	29
862	0	2191	29
863	0	834	29
864	0	730	29
865	0	782	29
866	0	730	29
867	0	1669	29
868	0	834	29
869	0	1461	29
870	0	1669	29
871	0	1617	29
873	0	730	29
875	0	939	29
876	0	782	29
877	0	730	29
878	0	1774	29
879	0	1565	29
880	0	730	29
882	0	1774	29
884	0	834	29
885	0	730	29
886	0	1878	29
887	0	1304	29
889	0	1982	29
890	0	1774	29
891	0	834	29
892	0	2139	29
893	0	887	29
894	0	939	29
895	0	1461	29
896	0	834	29
897	0	834	29
898	0	834	29
899	0	782	29
900	0	1669	29
901	0	730	29
902	0	1408	29
903	0	834	29
905	0	1826	29
906	0	782	29
908	0	782	29
910	0	1669	29
912	0	834	29
913	0	1774	29
914	0	1408	29
915	0	1774	29
916	0	834	29
917	0	1878	29
918	0	1722	29
919	0	2087	29
920	0	1878	29
922	0	1565	29
923	0	1826	29
924	0	887	29
925	0	782	29
926	0	939	29
927	0	1461	29
929	0	887	29
931	0	730	29
932	0	1669	29
933	0	1722	29
934	0	1617	29
935	0	834	29
936	0	1878	29
937	0	2191	29
938	0	1565	29
940	0	1304	29
941	0	730	29
942	0	730	29
944	0	1461	29
946	0	1461	29
947	0	782	29
948	0	730	29
949	0	730	29
950	0	730	29
953	0	782	29
954	0	730	29
958	0	2191	29
960	0	1304	29
961	0	1252	29
963	0	834	29
964	0	782	29
965	0	1513	29
966	0	782	29
968	0	1356	29
969	0	1356	29
971	0	834	29
972	0	730	29
974	0	939	29
975	0	1982	29
976	0	1304	29
978	0	834	29
979	0	1826	29
981	0	1461	29
982	0	939	29
983	0	730	29
984	0	1513	29
985	0	1617	29
987	0	2035	29
988	0	939	29
989	0	730	29
990	0	2295	29
995	0	730	29
996	0	1878	29
998	0	1252	29
999	0	2035	29
0	1	730	29
1	1	730	29
2	1	939	29
3	1	1669	29
4	1	887	29
5	1	782	29
6	1	939	29
7	1	1513	29
8	1	1304	29
10	1	730	29
13	1	2139	29
14	1	730	29
15	1	782	29
16	1	834	29
17	1	730	29
18	1	730	29
20	1	1252	29
21	1	730	29
22	1	1617	29
23	1	730	29
24	1	782	29
26	1	1356	29
27	1	782	29
28	1	1356	29
29	1	1826	29
30	1	1774	29
31	1	887	29
32	1	1617	29
33	1	1356	29
34	1	1408	29
35	1	782	29
36	1	782	29
37	1	1252	29
38	1	1252	29
39	1	887	29
40	1	730	29
41	1	1356	29
42	1	1356	29
43	1	834	29
45	1	1304	29
46	1	782	29
47	1	1617	29
49	1	887	29
51	1	2243	29
53	1	782	29
55	1	939	29
56	1	1930	29
57	1	730	29
58	1	939	29
59	1	730	29
61	1	887	29
62	1	834	29
63	1	1304	29
65	1	1461	29
66	1	1774	29
67	1	1356	29
69	1	1461	29
70	1	2035	29
71	1	1617	29
74	1	2243	29
75	1	782	29
76	1	1982	29
79	1	1513	29
80	1	834	29
81	1	939	29
82	1	1722	29
83	1	1722	29
84	1	887	29
86	1	1878	29
87	1	730	29
88	1	1356	29
89	1	1461	29
90	1	1826	29
92	1	730	29
93	1	2035	29
95	1	2087	29
96	1	1617	29
97	1	2191	29
98	1	2243	29
99	1	1826	29
100	1	2295	29
101	1	1461	29
102	1	1304	29
103	1	1722	29
104	1	939	29
106	1	1356	29
107	1	730	29
108	1	782	29
109	1	1930	29
110	1	782	29
111	1	1252	29
112	1	1669	29
113	1	730	29
114	1	1252	29
115	1	2035	29
116	1	1982	29
117	1	1982	29
118	1	1669	29
119	1	1774	29
120	1	1617	29
122	1	730	29
124	1	730	29
125	1	834	29
126	1	730	29
127	1	730	29
128	1	730	29
129	1	1774	29
130	1	887	29
131	1	1304	29
132	1	730	29
133	1	939	29
134	1	1565	29
135	1	782	29
136	1	730	29
137	1	1356	29
138	1	730	29
139	1	782	29
139	1	2295	30
141	1	730	29
142	1	1930	29
143	1	1826	29
145	1	1669	29
146	1	939	29
147	1	1252	29
148	1	1982	29
149	1	730	29
150	1	834	29
151	1	1826	29
152	1	1252	29
153	1	1774	29
154	1	782	29
155	1	730	29
156	1	730	29
158	1	887	29
159	1	730	29
160	1	1356	29
162	1	1513	29
163	1	2139	29
164	1	782	29
165	1	887	29
167	1	2087	29
169	1	730	29
170	1	730	29
171	1	2139	29
172	1	1513	29
173	1	1982	29
174	1	1461	29
175	1	1252	29
176	1	782	29
179	1	887	29
181	1	730	29
183	1	782	29
185	1	887	29
187	1	1408	29
188	1	2191	29
189	1	1356	29
190	1	1669	29
191	1	730	29
192	1	1252	29
193	1	1252	29
196	1	730	29
196	1	2139	30
198	1	1356	29
199	1	730	29
200	1	1617	29
202	1	1513	29
203	1	1461	29
204	1	834	29
205	1	1826	29
206	1	730	29
206	1	2035	30
207	1	782	29
208	1	834	29
210	1	887	29
212	1	1565	29
213	1	2243	29
215	1	1669	29
217	1	1617	29
218	1	1356	29
220	1	2295	29
221	1	1356	29
224	1	1565	29
225	1	730	29
226	1	834	29
227	1	2087	29
228	1	730	29
229	1	1356	29
230	1	730	29
231	1	730	29
232	1	782	29
233	1	1774	29
235	1	2191	29
236	1	2191	29
239	1	1930	29
240	1	782	29
241	1	1356	29
242	1	1252	29
243	1	730	29
244	1	730	29
245	1	1774	29
248	1	730	29
249	1	730	29
250	1	730	29
251	1	939	29
253	1	1878	29
255	1	1669	29
256	1	1461	29
257	1	1617	29
258	1	730	29
259	1	730	29
260	1	782	29
262	1	1461	29
264	1	834	29
265	1	834	29
266	1	939	29
267	1	730	29
268	1	1461	29
269	1	834	29
270	1	2087	29
271	1	1252	29
272	1	782	29
272	1	2295	30
274	1	1774	29
277	1	2243	29
279	1	1878	29
280	1	1878	29
282	1	2295	29
283	1	1669	29
284	1	730	29
285	1	1565	29
286	1	730	29
287	1	1826	29
288	1	834	29
291	1	2139	29
292	1	2191	29
293	1	730	29
294	1	782	29
295	1	1826	29
296	1	730	29
298	1	1461	29
299	1	730	29
300	1	2191	29
301	1	730	29
302	1	887	29
303	1	730	29
304	1	730	29
306	1	730	29
307	1	2191	29
308	1	1617	29
309	1	730	29
310	1	887	29
312	1	1826	29
313	1	1878	29
314	1	1930	29
315	1	1304	29
317	1	1774	29
320	1	1774	29
321	1	730	29
322	1	834	29
324	1	1878	29
325	1	1878	29
326	1	730	29
327	1	1565	29
328	1	2087	29
329	1	2243	29
330	1	1356	29
331	1	730	29
332	1	1252	29
333	1	730	29
334	1	1826	29
335	1	678	29
336	1	834	29
337	1	1930	29
339	1	782	29
340	1	1617	29
341	1	1617	29
342	1	730	29
343	1	730	29
345	1	1252	29
346	1	939	29
347	1	1304	29
348	1	782	29
349	1	782	29
351	1	939	29
352	1	1304	29
353	1	782	29
354	1	730	29
355	1	834	29
356	1	1565	29
357	1	939	29
358	1	1565	29
360	1	2139	29
361	1	939	29
364	1	730	29
366	1	1408	29
367	1	887	29
368	1	730	29
369	1	834	29
371	1	782	29
372	1	1513	29
374	1	2087	29
375	1	1826	29
376	1	1252	29
377	1	1774	29
378	1	1617	29
379	1	1356	29
380	1	1252	29
381	1	1669	29
382	1	782	29
384	1	887	29
385	1	1513	29
386	1	939	29
387	1	887	29
389	1	730	29
390	1	730	29
391	1	834	29
392	1	2139	29
393	1	730	29
394	1	1408	29
396	1	730	29
397	1	1669	29
398	1	1252	29
399	1	730	29
400	1	887	29
402	1	1252	29
404	1	1669	29
405	1	1826	29
406	1	887	29
407	1	1565	29
409	1	2035	29
410	1	2035	29
411	1	730	29
412	1	730	29
412	1	2243	30
413	1	730	29
414	1	1252	29
415	1	834	29
416	1	2191	29
417	1	887	29
418	1	939	29
419	1	887	29
420	1	1513	29
422	1	2139	29
423	1	1513	29
424	1	782	29
425	1	1252	29
426	1	1513	29
428	1	782	29
429	1	1252	29
430	1	834	29
431	1	730	29
432	1	834	29
433	1	1356	29
434	1	782	29
435	1	730	29
436	1	730	29
437	1	782	29
438	1	1356	29
439	1	2035	29
440	1	1461	29
442	1	1408	29
445	1	730	29
446	1	2087	29
447	1	2243	29
451	1	1408	29
452	1	887	29
453	1	730	29
454	1	2243	29
455	1	1617	29
456	1	1774	29
457	1	1461	29
460	1	782	29
461	1	782	29
462	1	939	29
463	1	887	29
464	1	1513	29
465	1	782	29
466	1	730	29
467	1	730	29
468	1	730	29
469	1	730	29
471	1	1982	29
472	1	782	29
473	1	1408	29
474	1	782	29
475	1	2087	29
478	1	1669	29
480	1	1774	29
481	1	887	29
482	1	939	29
485	1	1930	29
486	1	1774	29
487	1	730	29
488	1	1774	29
489	1	730	29
490	1	1408	29
491	1	1356	29
492	1	1513	29
494	1	834	29
495	1	1408	29
496	1	1356	29
497	1	782	29
498	1	1252	29
499	1	939	29
500	1	730	29
501	1	1930	29
502	1	1461	29
503	1	730	29
503	1	2295	30
505	1	1930	29
506	1	1722	29
508	1	730	29
512	1	1461	29
513	1	1513	29
514	1	887	29
515	1	730	29
516	1	1982	29
517	1	1826	29
518	1	1565	29
519	1	887	29
520	1	1252	29
521	1	730	29
522	1	1356	29
523	1	782	29
525	1	939	29
527	1	730	29
528	1	730	29
529	1	730	29
530	1	1774	29
531	1	1513	29
532	1	1565	29
534	1	730	29
536	1	2087	29
537	1	1252	29
538	1	730	29
539	1	730	29
541	1	782	29
542	1	1617	29
543	1	1565	29
544	1	939	29
546	1	1669	29
547	1	1252	29
549	1	1774	29
550	1	730	29
551	1	782	29
552	1	1982	29
553	1	1461	29
554	1	730	29
555	1	730	29
555	1	2295	30
556	1	1408	29
558	1	782	29
559	1	1513	29
561	1	1774	29
562	1	1513	29
563	1	1356	29
564	1	2087	29
565	1	782	29
566	1	834	29
567	1	1565	29
568	1	730	29
569	1	1513	29
570	1	1774	29
571	1	730	29
572	1	2243	29
575	1	730	29
576	1	1669	29
577	1	730	29
578	1	1826	29
581	1	1565	29
582	1	1461	29
583	1	730	29
584	1	782	29
585	1	730	29
586	1	1356	29
587	1	730	29
588	1	887	29
589	1	939	29
590	1	782	29
591	1	2191	29
593	1	2139	29
594	1	1669	29
595	1	782	29
596	1	1356	29
597	1	1930	29
598	1	730	29
599	1	730	29
600	1	2295	29
601	1	887	29
604	1	1461	29
605	1	1669	29
606	1	1356	29
607	1	730	29
608	1	887	29
611	1	1513	29
612	1	1617	29
614	1	1669	29
615	1	1617	29
616	1	1565	29
619	1	1930	29
620	1	782	29
621	1	1461	29
622	1	730	29
623	1	1930	29
624	1	834	29
625	1	1565	29
626	1	887	29
627	1	939	29
628	1	1356	29
629	1	2087	29
630	1	1513	29
631	1	1304	29
632	1	730	29
633	1	2295	29
634	1	1617	29
635	1	1930	29
639	1	834	29
641	1	1252	29
642	1	1722	29
644	1	887	29
645	1	1408	29
646	1	782	29
648	1	1461	29
649	1	887	29
650	1	2139	29
651	1	939	29
652	1	1252	29
653	1	1252	29
654	1	1982	29
655	1	1461	29
656	1	1356	29
657	1	834	29
658	1	887	29
659	1	1617	29
660	1	2295	29
661	1	834	29
662	1	1356	29
663	1	1669	29
664	1	834	29
665	1	782	29
666	1	730	29
667	1	782	29
668	1	1617	29
669	1	1513	29
670	1	1565	29
672	1	1826	29
673	1	1565	29
674	1	1408	29
675	1	1513	29
676	1	730	29
677	1	1408	29
678	1	887	29
679	1	2035	29
680	1	1461	29
681	1	1930	29
682	1	939	29
683	1	1930	29
684	1	1513	29
685	1	1252	29
686	1	834	29
687	1	1982	29
688	1	1826	29
689	1	1722	29
690	1	1252	29
691	1	834	29
692	1	1252	29
693	1	1304	29
694	1	939	29
695	1	730	29
696	1	1826	29
697	1	834	29
698	1	2139	29
699	1	1356	29
700	1	1252	29
701	1	1461	29
702	1	1930	29
703	1	834	29
705	1	1669	29
706	1	730	29
707	1	887	29
708	1	1565	29
709	1	887	29
710	1	887	29
711	1	1565	29
712	1	1513	29
714	1	730	29
715	1	1513	29
716	1	730	29
717	1	1513	29
718	1	782	29
721	1	1408	29
722	1	730	29
723	1	1930	29
724	1	2295	29
725	1	939	29
726	1	1356	29
727	1	2035	29
729	1	887	29
730	1	1408	29
731	1	730	29
732	1	939	29
733	1	834	29
734	1	730	29
736	1	1722	29
737	1	834	29
738	1	939	29
739	1	1617	29
741	1	1252	29
742	1	730	29
743	1	730	29
744	1	1617	29
745	1	2243	29
746	1	1774	29
747	1	1513	29
750	1	1252	29
752	1	1461	29
753	1	730	29
754	1	782	29
755	1	782	29
756	1	782	29
757	1	2191	29
758	1	730	29
759	1	1982	29
760	1	2035	29
761	1	1565	29
762	1	939	29
763	1	1722	29
765	1	730	29
766	1	834	29
767	1	1617	29
769	1	2295	29
771	1	1669	29
772	1	2139	29
773	1	1982	29
774	1	730	29
775	1	2243	29
776	1	730	29
778	1	887	29
780	1	1252	29
781	1	939	29
782	1	1617	29
783	1	2243	29
784	1	730	29
785	1	1252	29
787	1	2035	29
788	1	834	29
789	1	1565	29
790	1	1617	29
791	1	2139	29
792	1	887	29
793	1	730	29
794	1	730	29
795	1	2243	29
796	1	1982	29
797	1	730	29
798	1	1826	29
800	1	1930	29
801	1	1982	29
802	1	1252	29
803	1	939	29
804	1	1252	29
806	1	2035	29
807	1	730	29
809	1	2295	29
810	1	730	29
811	1	730	29
812	1	782	29
813	1	1408	29
815	1	730	29
816	1	1617	29
818	1	1304	29
819	1	2139	29
820	1	2139	29
821	1	1722	29
822	1	730	29
823	1	730	29
824	1	1513	29
825	1	1513	29
826	1	1461	29
827	1	2295	29
828	1	1826	29
830	1	1774	29
831	1	887	29
832	1	782	29
833	1	1774	29
834	1	834	29
835	1	1304	29
837	1	1930	29
838	1	730	29
839	1	1878	29
840	1	730	29
841	1	834	29
842	1	1461	29
843	1	730	29
843	1	2295	30
844	1	1982	29
845	1	1826	29
846	1	1930	29
847	1	1722	29
848	1	730	29
850	1	834	29
853	1	2139	29
854	1	1513	29
855	1	939	29
856	1	1617	29
857	1	2139	29
858	1	1356	29
861	1	834	29
862	1	2191	29
863	1	834	29
864	1	730	29
865	1	782	29
866	1	730	29
867	1	1669	29
868	1	834	29
869	1	1461	29
870	1	1669	29
871	1	1617	29
873	1	730	29
875	1	939	29
876	1	782	29
877	1	730	29
878	1	1774	29
879	1	1565	29
880	1	730	29
882	1	1774	29
884	1	834	29
885	1	730	29
886	1	1878	29
887	1	1304	29
889	1	1982	29
890	1	1774	29
891	1	834	29
892	1	2139	29
893	1	887	29
894	1	939	29
895	1	1461	29
896	1	834	29
897	1	834	29
898	1	834	29
899	1	782	29
900	1	1669	29
901	1	730	29
902	1	1408	29
903	1	834	29
905	1	1826	29
906	1	782	29
908	1	782	29
910	1	1669	29
912	1	834	29
913	1	1774	29
914	1	1408	29
915	1	1774	29
916	1	834	29
917	1	1878	29
918	1	1722	29
919	1	2087	29
920	1	1878	29
922	1	1565	29
923	1	1826	29
924	1	887	29
925	1	782	29
926	1	939	29
927	1	1461	29
929	1	887	29
931	1	730	29
932	1	1669	29
933	1	1722	29
934	1	1617	29
935	1	834	29
936	1	1878	29
937	1	2191	29
938	1	1565	29
940	1	1304	29
941	1	730	29
942	1	730	29
944	1	1461	29
946	1	1461	29
947	1	782	29
948	1	730	29
949	1	730	29
950	1	730	29
953	1	782	29
954	1	730	29
958	1	2191	29
960	1	1304	29
961	1	1252	29
963	1	834	29
964	1	782	29
965	1	1513	29
966	1	782	29
968	1	1356	29
969	1	1356	29
971	1	834	29
972	1	730	29
974	1	939	29
975	1	1982	29
976	1	1304	29
978	1	834	29
979	1	1826	29
981	1	1461	29
982	1	939	29
983	1	730	29
984	1	1513	29
985	1	1617	29
987	1	2035	29
988	1	939	29
989	1	730	29
990	1	2295	29
995	1	730	29
996	1	1878	29
998	1	1252	29
999	1	2035	29
0	2	261	26
1	2	261	26
2	2	261	26
3	2	261	26
4	2	261	26
5	2	261	26
6	2	261	26
7	2	261	26
8	2	261	26
9	2	261	26
10	2	261	26
11	2	261	26
12	2	261	26
13	2	261	26
14	2	261	26
15	2	261	26
16	2	261	26
17	2	261	26
18	2	261	26
19	2	261	26
20	2	261	26
21	2	261	26
22	2	261	26
23	2	261	26
24	2	261	26
25	2	261	26
26	2	261	26
27	2	261	26
28	2	261	26
29	2	261	26
30	2	261	26
31	2	261	26
32	2	261	26
33	2	261	26
34	2	261	26
35	2	261	26
36	2	261	26
37	2	261	26
38	2	261	26
39	2	261	26
40	2	261	26
41	2	261	26
42	2	261	26
43	2	261	26
44	2	261	26
45	2	261	26
46	2	261	26
47	2	261	26
48	2	261	26
49	2	261	26
50	2	261	26
51	2	261	26
52	2	261	26
53	2	261	26
54	2	261	26
55	2	261	26
56	2	261	26
57	2	261	26
58	2	261	26
59	2	261	26
60	2	261	26
61	2	261	26
62	2	261	26
63	2	261	26
64	2	261	26
65	2	261	26
66	2	261	26
67	2	261	26
68	2	261	26
69	2	261	26
70	2	261	26
71	2	261	26
72	2	261	26
73	2	261	26
74	2	261	26
75	2	261	26
76	2	261	26
77	2	261	26
78	2	261	26
79	2	261	26
80	2	261	26
81	2	261	26
82	2	261	26
83	2	261	26
84	2	261	26
85	2	261	26
86	2	261	26
87	2	261	26
88	2	261	26
89	2	261	26
90	2	261	26
91	2	261	26
92	2	261	26
93	2	261	26
94	2	261	26
95	2	261	26
96	2	261	26
97	2	261	26
98	2	261	26
99	2	261	26
100	2	261	26
101	2	261	26
102	2	261	26
103	2	261	26
104	2	261	26
105	2	261	26
106	2	261	26
107	2	261	26
108	2	261	26
109	2	261	26
110	2	261	26
111	2	261	26
112	2	261	26
113	2	261	26
114	2	261	26
115	2	261	26
116	2	261	26
117	2	261	26
118	2	261	26
119	2	261	26
120	2	261	26
121	2	261	26
122	2	261	26
123	2	261	26
124	2	261	26
125	2	261	26
126	2	261	26
127	2	261	26
128	2	261	26
129	2	261	26
130	2	261	26
131	2	261	26
132	2	261	26
133	2	261	26
134	2	261	26
135	2	261	26
136	2	261	26
137	2	261	26
138	2	261	26
139	2	261	26
140	2	261	26
141	2	261	26
142	2	261	26
143	2	261	26
144	2	261	26
145	2	261	26
146	2	261	26
147	2	261	26
148	2	261	26
149	2	261	26
150	2	261	26
151	2	261	26
152	2	261	26
153	2	261	26
154	2	261	26
155	2	261	26
156	2	261	26
157	2	261	26
158	2	261	26
159	2	261	26
160	2	261	26
161	2	261	26
162	2	261	26
163	2	261	26
164	2	261	26
165	2	261	26
166	2	261	26
167	2	261	26
168	2	261	26
169	2	261	26
170	2	261	26
171	2	261	26
172	2	261	26
173	2	261	26
174	2	261	26
175	2	261	26
176	2	261	26
177	2	261	26
178	2	261	26
179	2	261	26
180	2	261	26
181	2	261	26
182	2	261	26
183	2	261	26
184	2	261	26
185	2	261	26
186	2	261	26
187	2	261	26
188	2	261	26
189	2	261	26
190	2	261	26
191	2	261	26
192	2	261	26
193	2	261	26
194	2	261	26
195	2	261	26
196	2	261	26
197	2	261	26
198	2	261	26
199	2	261	26
200	2	261	26
201	2	261	26
202	2	261	26
203	2	261	26
204	2	261	26
205	2	261	26
206	2	261	26
207	2	261	26
208	2	261	26
209	2	261	26
210	2	261	26
211	2	261	26
212	2	261	26
213	2	261	26
214	2	261	26
215	2	261	26
216	2	261	26
217	2	261	26
218	2	261	26
219	2	261	26
220	2	261	26
221	2	261	26
222	2	261	26
223	2	261	26
224	2	261	26
225	2	261	26
226	2	261	26
227	2	261	26
228	2	261	26
229	2	261	26
230	2	261	26
231	2	261	26
232	2	261	26
233	2	261	26
234	2	261	26
235	2	261	26
236	2	261	26
237	2	261	26
238	2	261	26
239	2	261	26
240	2	261	26
241	2	261	26
242	2	261	26
243	2	261	26
244	2	261	26
245	2	261	26
246	2	261	26
247	2	261	26
248	2	261	26
249	2	261	26
250	2	261	26
251	2	261	26
252	2	261	26
253	2	261	26
254	2	261	26
255	2	261	26
256	2	261	26
257	2	261	26
258	2	261	26
259	2	261	26
260	2	261	26
261	2	261	26
262	2	261	26
263	2	261	26
264	2	261	26
265	2	261	26
266	2	261	26
267	2	261	26
268	2	261	26
269	2	261	26
270	2	261	26
271	2	261	26
272	2	261	26
273	2	261	26
274	2	261	26
275	2	261	26
276	2	261	26
277	2	261	26
278	2	261	26
279	2	261	26
280	2	261	26
281	2	261	26
282	2	261	26
283	2	261	26
284	2	261	26
285	2	261	26
286	2	261	26
287	2	261	26
288	2	261	26
289	2	261	26
290	2	261	26
291	2	261	26
292	2	261	26
293	2	261	26
294	2	261	26
295	2	261	26
296	2	261	26
297	2	261	26
298	2	261	26
299	2	261	26
300	2	261	26
301	2	261	26
302	2	261	26
303	2	261	26
304	2	261	26
305	2	261	26
306	2	261	26
307	2	261	26
308	2	261	26
309	2	261	26
310	2	261	26
311	2	261	26
312	2	261	26
313	2	261	26
314	2	261	26
315	2	261	26
316	2	261	26
317	2	261	26
318	2	261	26
319	2	261	26
320	2	261	26
321	2	261	26
322	2	261	26
323	2	261	26
324	2	261	26
325	2	261	26
326	2	261	26
327	2	261	26
328	2	261	26
329	2	261	26
330	2	261	26
331	2	261	26
332	2	261	26
333	2	261	26
334	2	261	26
335	2	261	26
336	2	261	26
337	2	261	26
338	2	261	26
339	2	261	26
340	2	261	26
341	2	261	26
342	2	261	26
343	2	261	26
344	2	261	26
345	2	261	26
346	2	261	26
347	2	261	26
348	2	261	26
349	2	261	26
350	2	261	26
351	2	261	26
352	2	261	26
353	2	261	26
354	2	261	26
355	2	261	26
356	2	261	26
357	2	261	26
358	2	261	26
359	2	261	26
360	2	261	26
361	2	261	26
362	2	261	26
363	2	261	26
364	2	261	26
365	2	261	26
366	2	261	26
367	2	261	26
368	2	261	26
369	2	261	26
370	2	261	26
371	2	261	26
372	2	261	26
373	2	261	26
374	2	261	26
375	2	261	26
376	2	261	26
377	2	261	26
378	2	261	26
379	2	261	26
380	2	261	26
381	2	261	26
382	2	261	26
383	2	261	26
384	2	261	26
385	2	261	26
386	2	261	26
387	2	261	26
388	2	261	26
389	2	261	26
390	2	261	26
391	2	261	26
392	2	261	26
393	2	261	26
394	2	261	26
395	2	261	26
396	2	261	26
397	2	261	26
398	2	261	26
399	2	261	26
400	2	261	26
401	2	261	26
402	2	261	26
403	2	261	26
404	2	261	26
405	2	261	26
406	2	261	26
407	2	261	26
408	2	261	26
409	2	261	26
410	2	261	26
411	2	261	26
412	2	261	26
413	2	261	26
414	2	261	26
415	2	261	26
416	2	261	26
417	2	261	26
418	2	261	26
419	2	261	26
420	2	261	26
421	2	261	26
422	2	261	26
423	2	261	26
424	2	261	26
425	2	261	26
426	2	261	26
427	2	261	26
428	2	261	26
429	2	261	26
430	2	261	26
431	2	261	26
432	2	261	26
433	2	261	26
434	2	261	26
435	2	261	26
436	2	261	26
437	2	261	26
438	2	261	26
439	2	261	26
440	2	261	26
441	2	261	26
442	2	261	26
443	2	261	26
444	2	261	26
445	2	261	26
446	2	261	26
447	2	261	26
448	2	261	26
449	2	261	26
450	2	261	26
451	2	261	26
452	2	261	26
453	2	261	26
454	2	261	26
455	2	261	26
456	2	261	26
457	2	261	26
458	2	261	26
459	2	261	26
460	2	261	26
461	2	261	26
462	2	261	26
463	2	261	26
464	2	261	26
465	2	261	26
466	2	261	26
467	2	261	26
468	2	261	26
469	2	261	26
470	2	261	26
471	2	261	26
472	2	261	26
473	2	261	26
474	2	261	26
475	2	261	26
476	2	261	26
477	2	261	26
478	2	261	26
479	2	261	26
480	2	261	26
481	2	261	26
482	2	261	26
483	2	261	26
484	2	261	26
485	2	261	26
486	2	261	26
487	2	261	26
488	2	261	26
489	2	261	26
490	2	261	26
491	2	261	26
492	2	261	26
493	2	261	26
494	2	261	26
495	2	261	26
496	2	261	26
497	2	261	26
498	2	261	26
499	2	261	26
500	2	261	26
501	2	261	26
502	2	261	26
503	2	261	26
504	2	261	26
505	2	261	26
506	2	261	26
507	2	261	26
508	2	261	26
509	2	261	26
510	2	261	26
511	2	261	26
512	2	261	26
513	2	261	26
514	2	261	26
515	2	261	26
516	2	261	26
517	2	261	26
518	2	261	26
519	2	261	26
520	2	261	26
521	2	261	26
522	2	261	26
523	2	261	26
524	2	261	26
525	2	261	26
526	2	261	26
527	2	261	26
528	2	261	26
529	2	261	26
530	2	261	26
531	2	261	26
532	2	261	26
533	2	261	26
534	2	261	26
535	2	261	26
536	2	261	26
537	2	261	26
538	2	261	26
539	2	261	26
540	2	261	26
541	2	261	26
542	2	261	26
543	2	261	26
544	2	261	26
545	2	261	26
546	2	261	26
547	2	261	26
548	2	261	26
549	2	261	26
550	2	261	26
551	2	261	26
552	2	261	26
553	2	261	26
554	2	261	26
555	2	261	26
556	2	261	26
557	2	261	26
558	2	261	26
559	2	261	26
560	2	261	26
561	2	261	26
562	2	261	26
563	2	261	26
564	2	261	26
565	2	261	26
566	2	261	26
567	2	261	26
568	2	261	26
569	2	261	26
570	2	261	26
571	2	261	26
572	2	261	26
573	2	261	26
574	2	261	26
575	2	261	26
576	2	261	26
577	2	261	26
578	2	261	26
579	2	261	26
580	2	261	26
581	2	261	26
582	2	261	26
583	2	261	26
584	2	261	26
585	2	261	26
586	2	261	26
587	2	261	26
588	2	261	26
589	2	261	26
590	2	261	26
591	2	261	26
592	2	261	26
593	2	261	26
594	2	261	26
595	2	261	26
596	2	261	26
597	2	261	26
598	2	261	26
599	2	261	26
600	2	261	26
601	2	261	26
602	2	261	26
603	2	261	26
604	2	261	26
605	2	261	26
606	2	261	26
607	2	261	26
608	2	261	26
609	2	261	26
610	2	261	26
611	2	261	26
612	2	261	26
613	2	261	26
614	2	261	26
615	2	261	26
616	2	261	26
617	2	261	26
618	2	261	26
619	2	261	26
620	2	261	26
621	2	261	26
622	2	261	26
623	2	261	26
624	2	261	26
625	2	261	26
626	2	261	26
627	2	261	26
628	2	261	26
629	2	261	26
630	2	261	26
631	2	261	26
632	2	261	26
633	2	261	26
634	2	261	26
635	2	261	26
636	2	261	26
637	2	261	26
638	2	261	26
639	2	261	26
640	2	261	26
641	2	261	26
642	2	261	26
643	2	261	26
644	2	261	26
645	2	261	26
646	2	261	26
647	2	261	26
648	2	261	26
649	2	261	26
650	2	261	26
651	2	261	26
652	2	261	26
653	2	261	26
654	2	261	26
655	2	261	26
656	2	261	26
657	2	261	26
658	2	261	26
659	2	261	26
660	2	261	26
661	2	261	26
662	2	261	26
663	2	261	26
664	2	261	26
665	2	261	26
666	2	261	26
667	2	261	26
668	2	261	26
669	2	261	26
670	2	261	26
671	2	261	26
672	2	261	26
673	2	261	26
674	2	261	26
675	2	261	26
676	2	261	26
677	2	261	26
678	2	261	26
679	2	261	26
680	2	261	26
681	2	261	26
682	2	261	26
683	2	261	26
684	2	261	26
685	2	261	26
686	2	261	26
687	2	261	26
688	2	261	26
689	2	261	26
690	2	261	26
691	2	261	26
692	2	261	26
693	2	261	26
694	2	261	26
695	2	261	26
696	2	261	26
697	2	261	26
698	2	261	26
699	2	261	26
700	2	261	26
701	2	261	26
702	2	261	26
703	2	261	26
704	2	261	26
705	2	261	26
706	2	261	26
707	2	261	26
708	2	261	26
709	2	261	26
710	2	261	26
711	2	261	26
712	2	261	26
713	2	261	26
714	2	261	26
715	2	261	26
716	2	261	26
717	2	261	26
718	2	261	26
719	2	261	26
720	2	261	26
721	2	261	26
722	2	261	26
723	2	261	26
724	2	261	26
725	2	261	26
726	2	261	26
727	2	261	26
728	2	261	26
729	2	261	26
730	2	261	26
731	2	261	26
732	2	261	26
733	2	261	26
734	2	261	26
735	2	261	26
736	2	261	26
737	2	261	26
738	2	261	26
739	2	261	26
740	2	261	26
741	2	261	26
742	2	261	26
743	2	261	26
744	2	261	26
745	2	261	26
746	2	261	26
747	2	261	26
748	2	261	26
749	2	261	26
750	2	261	26
751	2	261	26
752	2	261	26
753	2	261	26
754	2	261	26
755	2	261	26
756	2	261	26
757	2	261	26
758	2	261	26
759	2	261	26
760	2	261	26
761	2	261	26
762	2	261	26
763	2	261	26
764	2	261	26
765	2	261	26
766	2	261	26
767	2	261	26
768	2	261	26
769	2	261	26
770	2	261	26
771	2	261	26
772	2	261	26
773	2	261	26
774	2	261	26
775	2	261	26
776	2	261	26
777	2	261	26
778	2	261	26
779	2	261	26
780	2	261	26
781	2	261	26
782	2	261	26
783	2	261	26
784	2	261	26
785	2	261	26
786	2	261	26
787	2	261	26
788	2	261	26
789	2	261	26
790	2	261	26
791	2	261	26
792	2	261	26
793	2	261	26
794	2	261	26
795	2	261	26
796	2	261	26
797	2	261	26
798	2	261	26
799	2	261	26
800	2	261	26
801	2	261	26
802	2	261	26
803	2	261	26
804	2	261	26
805	2	261	26
806	2	261	26
807	2	261	26
808	2	261	26
809	2	261	26
810	2	261	26
811	2	261	26
812	2	261	26
813	2	261	26
814	2	261	26
815	2	261	26
816	2	261	26
817	2	261	26
818	2	261	26
819	2	261	26
820	2	261	26
821	2	261	26
822	2	261	26
823	2	261	26
824	2	261	26
825	2	261	26
826	2	261	26
827	2	261	26
828	2	261	26
829	2	261	26
830	2	261	26
831	2	261	26
832	2	261	26
833	2	261	26
834	2	261	26
835	2	261	26
836	2	261	26
837	2	261	26
838	2	261	26
839	2	261	26
840	2	261	26
841	2	261	26
842	2	261	26
843	2	261	26
844	2	261	26
845	2	261	26
846	2	261	26
847	2	261	26
848	2	261	26
849	2	261	26
850	2	261	26
851	2	261	26
852	2	261	26
853	2	261	26
854	2	261	26
855	2	261	26
856	2	261	26
857	2	261	26
858	2	261	26
859	2	261	26
860	2	261	26
861	2	261	26
862	2	261	26
863	2	261	26
864	2	261	26
865	2	261	26
866	2	261	26
867	2	261	26
868	2	261	26
869	2	261	26
870	2	261	26
871	2	261	26
872	2	261	26
873	2	261	26
874	2	261	26
875	2	261	26
876	2	261	26
877	2	261	26
878	2	261	26
879	2	261	26
880	2	261	26
881	2	261	26
882	2	261	26
883	2	261	26
884	2	261	26
885	2	261	26
886	2	261	26
887	2	261	26
888	2	261	26
889	2	261	26
890	2	261	26
891	2	261	26
892	2	261	26
893	2	261	26
894	2	261	26
895	2	261	26
896	2	261	26
897	2	261	26
898	2	261	26
899	2	261	26
900	2	261	26
901	2	261	26
902	2	261	26
903	2	261	26
904	2	261	26
905	2	261	26
906	2	261	26
907	2	261	26
908	2	261	26
909	2	261	26
910	2	261	26
911	2	261	26
912	2	261	26
913	2	261	26
914	2	261	26
915	2	261	26
916	2	261	26
917	2	261	26
918	2	261	26
919	2	261	26
920	2	261	26
921	2	261	26
922	2	261	26
923	2	261	26
924	2	261	26
925	2	261	26
926	2	261	26
927	2	261	26
928	2	261	26
929	2	261	26
930	2	261	26
931	2	261	26
932	2	261	26
933	2	261	26
934	2	261	26
935	2	261	26
936	2	261	26
937	2	261	26
938	2	261	26
939	2	261	26
940	2	261	26
941	2	261	26
942	2	261	26
943	2	261	26
944	2	261	26
945	2	261	26
946	2	261	26
947	2	261	26
948	2	261	26
949	2	261	26
950	2	261	26
951	2	261	26
952	2	261	26
953	2	261	26
954	2	261	26
955	2	261	26
956	2	261	26
957	2	261	26
958	2	261	26
959	2	261	26
960	2	261	26
961	2	261	26
962	2	261	26
963	2	261	26
964	2	261	26
965	2	261	26
966	2	261	26
967	2	261	26
968	2	261	26
969	2	261	26
970	2	261	26
971	2	261	26
972	2	261	26
973	2	261	26
974	2	261	26
975	2	261	26
976	2	261	26
977	2	261	26
978	2	261	26
979	2	261	26
980	2	261	26
981	2	261	26
982	2	261	26
983	2	261	26
984	2	261	26
985	2	261	26
986	2	261	26
987	2	261	26
988	2	261	26
989	2	261	26
990	2	261	26
991	2	261	26
992	2	261	26
993	2	261	26
994	2	261	26
995	2	261	26
996	2	261	26
997	2	261	26
998	2	261	26
999	2	261	26
0	3	730	29
1	3	730	29
2	3	939	29
3	3	1669	29
4	3	887	29
4	3	1461	20
4	3	1826	9
5	3	782	29
6	3	939	29
7	3	1513	29
8	3	1304	29
8	3	1565	20
10	3	730	29
10	3	2295	20
13	3	2139	29
14	3	730	29
15	3	782	29
16	3	834	29
17	3	730	29
17	3	2139	20
18	3	730	29
20	3	1252	29
20	3	2087	20
21	3	730	29
22	3	1617	29
23	3	730	29
24	3	782	29
24	3	1878	20
26	3	1356	29
27	3	782	29
28	3	1356	29
28	3	1722	20
29	3	1826	29
30	3	1774	29
31	3	887	29
32	3	1617	29
33	3	1356	29
34	3	1408	29
34	3	2191	20
35	3	782	29
35	3	2087	20
36	3	782	29
37	3	1252	29
38	3	1252	29
39	3	887	29
40	3	730	29
40	3	1252	20
40	3	2087	9
41	3	1356	29
41	3	2295	20
42	3	1356	29
43	3	834	29
43	3	2035	20
45	3	1304	29
46	3	782	29
47	3	1617	29
49	3	887	29
49	3	1565	20
51	3	2243	29
53	3	782	29
53	3	1513	20
55	3	939	29
56	3	1930	29
57	3	730	29
57	3	1356	20
57	3	2191	9
58	3	939	29
58	3	1513	20
59	3	730	29
59	3	1878	20
61	3	887	29
62	3	834	29
62	3	1565	20
63	3	1304	29
65	3	1461	29
66	3	1774	29
67	3	1356	29
67	3	1722	20
69	3	1461	29
70	3	2035	29
71	3	1617	29
74	3	2243	29
75	3	782	29
76	3	1982	29
79	3	1513	29
80	3	834	29
81	3	939	29
82	3	1722	29
83	3	1722	29
84	3	887	29
86	3	1878	29
87	3	730	29
87	3	1304	20
87	3	2087	9
88	3	1356	29
88	3	1774	20
89	3	1461	29
90	3	1826	29
92	3	730	29
93	3	2035	29
95	3	2087	29
96	3	1617	29
97	3	2191	29
98	3	2243	29
99	3	1826	29
100	3	2295	29
101	3	1461	29
102	3	1304	29
103	3	1722	29
104	3	939	29
106	3	1356	29
106	3	1669	20
107	3	730	29
107	3	2087	20
108	3	782	29
109	3	1930	29
110	3	782	29
111	3	1252	29
112	3	1669	29
113	3	730	29
114	3	1252	29
115	3	2035	29
116	3	1982	29
117	3	1982	29
118	3	1669	29
119	3	1774	29
120	3	1617	29
122	3	730	29
122	3	1408	20
122	3	2295	9
124	3	730	29
125	3	834	29
125	3	1617	20
126	3	730	29
126	3	1617	20
127	3	730	29
128	3	730	29
128	3	1356	20
129	3	1774	29
130	3	887	29
131	3	1304	29
131	3	1722	20
132	3	730	29
133	3	939	29
134	3	1565	29
135	3	782	29
135	3	1461	20
136	3	730	29
136	3	1043	20
136	3	1461	9
137	3	1356	29
138	3	730	29
138	3	1356	20
138	3	2139	9
139	3	782	29
139	3	1304	20
139	3	1722	9
139	3	2035	12
139	3	2295	30
141	3	730	29
141	3	1252	20
141	3	1722	9
142	3	1930	29
143	3	1826	29
145	3	1669	29
146	3	939	29
147	3	1252	29
147	3	2295	20
148	3	1982	29
149	3	730	29
149	3	1513	20
150	3	834	29
151	3	1826	29
152	3	1252	29
152	3	1722	20
153	3	1774	29
154	3	782	29
154	3	1513	20
155	3	730	29
155	3	1826	20
155	3	2295	9
156	3	730	29
156	3	1513	20
158	3	887	29
158	3	1669	20
159	3	730	29
159	3	1356	20
159	3	2295	9
160	3	1356	29
162	3	1513	29
163	3	2139	29
164	3	782	29
165	3	887	29
165	3	1565	20
167	3	2087	29
169	3	730	29
170	3	730	29
170	3	1304	20
171	3	2139	29
172	3	1513	29
173	3	1982	29
174	3	1461	29
175	3	1252	29
175	3	1826	20
176	3	782	29
179	3	887	29
179	3	1722	20
181	3	730	29
183	3	782	29
183	3	2087	20
185	3	887	29
185	3	1513	20
187	3	1408	29
188	3	2191	29
189	3	1356	29
189	3	1722	20
190	3	1669	29
191	3	730	29
192	3	1252	29
193	3	1252	29
193	3	2139	20
196	3	730	29
196	3	1148	20
196	3	1722	9
196	3	2139	30
198	3	1356	29
198	3	2139	20
199	3	730	29
199	3	1513	20
200	3	1617	29
202	3	1513	29
203	3	1461	29
204	3	834	29
205	3	1826	29
206	3	730	29
206	3	1095	20
206	3	1408	9
206	3	1774	12
206	3	2035	30
207	3	782	29
207	3	2087	20
208	3	834	29
210	3	887	29
212	3	1565	29
213	3	2243	29
215	3	1669	29
217	3	1617	29
218	3	1356	29
220	3	2295	29
221	3	1356	29
224	3	1565	29
225	3	730	29
225	3	1304	20
225	3	2139	9
226	3	834	29
226	3	1513	20
227	3	2087	29
228	3	730	29
228	3	1356	20
229	3	1356	29
230	3	730	29
231	3	730	29
232	3	782	29
232	3	1461	20
233	3	1774	29
235	3	2191	29
236	3	2191	29
239	3	1930	29
240	3	782	29
240	3	1617	20
240	3	2243	9
241	3	1356	29
242	3	1252	29
243	3	730	29
243	3	1252	20
243	3	2139	9
244	3	730	29
245	3	1774	29
248	3	730	29
249	3	730	29
250	3	730	29
250	3	1356	20
250	3	2243	9
251	3	939	29
253	3	1878	29
255	3	1669	29
256	3	1461	29
256	3	2295	20
257	3	1617	29
258	3	730	29
259	3	730	29
260	3	782	29
262	3	1461	29
264	3	834	29
265	3	834	29
266	3	939	29
267	3	730	29
267	3	2295	20
268	3	1461	29
269	3	834	29
270	3	2087	29
271	3	1252	29
271	3	1722	20
272	3	782	29
272	3	1304	20
272	3	1669	9
272	3	2035	12
272	3	2295	30
274	3	1774	29
277	3	2243	29
279	3	1878	29
280	3	1878	29
282	3	2295	29
283	3	1669	29
284	3	730	29
284	3	1200	20
284	3	2087	9
285	3	1565	29
286	3	730	29
286	3	1461	20
286	3	1982	9
287	3	1826	29
288	3	834	29
291	3	2139	29
292	3	2191	29
293	3	730	29
293	3	1200	20
294	3	782	29
295	3	1826	29
296	3	730	29
298	3	1461	29
299	3	730	29
300	3	2191	29
301	3	730	29
302	3	887	29
302	3	2191	20
303	3	730	29
303	3	1200	20
303	3	1982	9
304	3	730	29
306	3	730	29
306	3	1461	20
307	3	2191	29
308	3	1617	29
309	3	730	29
309	3	1304	20
309	3	2035	9
310	3	887	29
310	3	1513	20
312	3	1826	29
313	3	1878	29
314	3	1930	29
315	3	1304	29
315	3	2035	20
317	3	1774	29
320	3	1774	29
321	3	730	29
322	3	834	29
324	3	1878	29
325	3	1878	29
326	3	730	29
327	3	1565	29
328	3	2087	29
329	3	2243	29
330	3	1356	29
330	3	1669	20
331	3	730	29
332	3	1252	29
332	3	1669	20
333	3	730	29
333	3	1826	20
334	3	1826	29
335	3	678	29
335	3	2087	20
336	3	834	29
337	3	1930	29
339	3	782	29
340	3	1617	29
341	3	1617	29
342	3	730	29
342	3	1408	20
343	3	730	29
343	3	1513	20
345	3	1252	29
345	3	1722	20
346	3	939	29
346	3	1565	20
347	3	1304	29
348	3	782	29
348	3	2035	20
349	3	782	29
349	3	1304	20
351	3	939	29
352	3	1304	29
353	3	782	29
354	3	730	29
354	3	1200	20
354	3	1669	9
355	3	834	29
356	3	1565	29
357	3	939	29
358	3	1565	29
360	3	2139	29
361	3	939	29
364	3	730	29
366	3	1408	29
367	3	887	29
368	3	730	29
368	3	1200	20
368	3	2087	9
369	3	834	29
369	3	1513	20
371	3	782	29
372	3	1513	29
374	3	2087	29
375	3	1826	29
376	3	1252	29
377	3	1774	29
378	3	1617	29
379	3	1356	29
380	3	1252	29
381	3	1669	29
382	3	782	29
384	3	887	29
385	3	1513	29
386	3	939	29
387	3	887	29
387	3	1408	20
389	3	730	29
390	3	730	29
391	3	834	29
391	3	2087	20
392	3	2139	29
393	3	730	29
394	3	1408	29
396	3	730	29
396	3	1148	20
396	3	1669	9
397	3	1669	29
398	3	1252	29
399	3	730	29
400	3	887	29
402	3	1252	29
404	3	1669	29
405	3	1826	29
406	3	887	29
407	3	1565	29
409	3	2035	29
410	3	2035	29
411	3	730	29
411	3	1200	20
411	3	1669	9
412	3	730	29
412	3	1200	20
412	3	1565	9
412	3	1982	12
412	3	2243	30
413	3	730	29
413	3	1148	20
413	3	1461	9
413	3	1826	12
414	3	1252	29
414	3	1878	20
415	3	834	29
415	3	1722	20
416	3	2191	29
417	3	887	29
417	3	2295	20
418	3	939	29
418	3	1356	20
419	3	887	29
419	3	1513	20
420	3	1513	29
422	3	2139	29
423	3	1513	29
423	3	2295	20
424	3	782	29
424	3	1304	20
424	3	1722	9
424	3	2191	12
425	3	1252	29
426	3	1513	29
428	3	782	29
429	3	1252	29
430	3	834	29
431	3	730	29
432	3	834	29
432	3	1565	20
433	3	1356	29
434	3	782	29
434	3	1408	20
434	3	1982	9
435	3	730	29
435	3	1722	20
436	3	730	29
436	3	1304	20
437	3	782	29
438	3	1356	29
439	3	2035	29
440	3	1461	29
442	3	1408	29
445	3	730	29
445	3	1930	20
446	3	2087	29
447	3	2243	29
451	3	1408	29
451	3	1826	20
452	3	887	29
453	3	730	29
453	3	1356	20
454	3	2243	29
455	3	1617	29
456	3	1774	29
457	3	1461	29
460	3	782	29
461	3	782	29
461	3	1617	20
462	3	939	29
463	3	887	29
463	3	1565	20
464	3	1513	29
465	3	782	29
466	3	730	29
467	3	730	29
468	3	730	29
469	3	730	29
469	3	1356	20
471	3	1982	29
472	3	782	29
473	3	1408	29
473	3	2191	20
474	3	782	29
474	3	1513	20
475	3	2087	29
478	3	1669	29
480	3	1774	29
481	3	887	29
481	3	1408	20
481	3	2243	9
482	3	939	29
485	3	1930	29
486	3	1774	29
487	3	730	29
488	3	1774	29
489	3	730	29
489	3	1252	20
490	3	1408	29
490	3	1722	20
490	3	2295	9
491	3	1356	29
492	3	1513	29
492	3	2087	20
494	3	834	29
495	3	1408	29
496	3	1356	29
496	3	1617	20
497	3	782	29
498	3	1252	29
499	3	939	29
500	3	730	29
500	3	1148	20
500	3	1722	9
501	3	1930	29
502	3	1461	29
503	3	730	29
503	3	1148	20
503	3	1565	9
503	3	2139	12
503	3	2295	30
505	3	1930	29
506	3	1722	29
508	3	730	29
508	3	1513	20
508	3	2139	9
512	3	1461	29
512	3	2139	20
513	3	1513	29
514	3	887	29
515	3	730	29
515	3	1669	20
516	3	1982	29
517	3	1826	29
518	3	1565	29
519	3	887	29
519	3	1669	20
520	3	1252	29
521	3	730	29
521	3	1408	20
522	3	1356	29
522	3	1774	20
523	3	782	29
523	3	2191	20
525	3	939	29
525	3	1408	20
525	3	2295	9
527	3	730	29
528	3	730	29
529	3	730	29
529	3	1252	20
530	3	1774	29
531	3	1513	29
532	3	1565	29
534	3	730	29
534	3	1356	20
536	3	2087	29
537	3	1252	29
537	3	2295	20
538	3	730	29
539	3	730	29
541	3	782	29
542	3	1617	29
543	3	1565	29
544	3	939	29
544	3	1461	20
544	3	2087	9
546	3	1669	29
547	3	1252	29
547	3	1565	20
549	3	1774	29
550	3	730	29
550	3	1252	20
550	3	1878	9
551	3	782	29
551	3	1304	20
552	3	1982	29
553	3	1461	29
554	3	730	29
554	3	2295	20
555	3	730	29
555	3	1148	20
555	3	1617	9
555	3	2087	12
555	3	2295	30
556	3	1408	29
558	3	782	29
559	3	1513	29
561	3	1774	29
562	3	1513	29
563	3	1356	29
564	3	2087	29
565	3	782	29
565	3	1356	20
565	3	1930	9
565	3	2295	12
566	3	834	29
567	3	1565	29
568	3	730	29
568	3	1304	20
569	3	1513	29
570	3	1774	29
571	3	730	29
571	3	2087	20
572	3	2243	29
575	3	730	29
575	3	1200	20
575	3	1722	9
576	3	1669	29
577	3	730	29
578	3	1826	29
581	3	1565	29
582	3	1461	29
583	3	730	29
583	3	1200	20
583	3	1722	9
584	3	782	29
585	3	730	29
585	3	1148	20
585	3	1513	9
586	3	1356	29
586	3	1722	20
587	3	730	29
587	3	1200	20
588	3	887	29
589	3	939	29
590	3	782	29
591	3	2191	29
593	3	2139	29
594	3	1669	29
595	3	782	29
595	3	1356	20
595	3	2191	9
596	3	1356	29
597	3	1930	29
598	3	730	29
599	3	730	29
599	3	2139	20
600	3	2295	29
601	3	887	29
604	3	1461	29
604	3	2295	20
605	3	1669	29
606	3	1356	29
606	3	1774	20
607	3	730	29
607	3	1982	20
608	3	887	29
611	3	1513	29
612	3	1617	29
614	3	1669	29
615	3	1617	29
616	3	1565	29
619	3	1930	29
620	3	782	29
621	3	1461	29
622	3	730	29
623	3	1930	29
624	3	834	29
625	3	1565	29
626	3	887	29
626	3	1722	20
627	3	939	29
628	3	1356	29
629	3	2087	29
630	3	1513	29
631	3	1304	29
631	3	1878	20
632	3	730	29
632	3	2243	20
633	3	2295	29
634	3	1617	29
635	3	1930	29
639	3	834	29
639	3	1513	20
641	3	1252	29
642	3	1722	29
644	3	887	29
645	3	1408	29
646	3	782	29
646	3	1408	20
648	3	1461	29
649	3	887	29
650	3	2139	29
651	3	939	29
652	3	1252	29
653	3	1252	29
654	3	1982	29
655	3	1461	29
656	3	1356	29
657	3	834	29
658	3	887	29
658	3	1513	20
659	3	1617	29
660	3	2295	29
661	3	834	29
662	3	1356	29
663	3	1669	29
664	3	834	29
664	3	1461	20
664	3	2087	9
665	3	782	29
666	3	730	29
666	3	2243	20
667	3	782	29
668	3	1617	29
669	3	1513	29
670	3	1565	29
672	3	1826	29
673	3	1565	29
674	3	1408	29
675	3	1513	29
676	3	730	29
676	3	1356	20
677	3	1408	29
677	3	2191	20
678	3	887	29
679	3	2035	29
680	3	1461	29
681	3	1930	29
682	3	939	29
683	3	1930	29
684	3	1513	29
685	3	1252	29
686	3	834	29
687	3	1982	29
688	3	1826	29
689	3	1722	29
690	3	1252	29
691	3	834	29
691	3	1669	20
691	3	2295	9
692	3	1252	29
692	3	1513	20
693	3	1304	29
693	3	1774	20
694	3	939	29
695	3	730	29
695	3	2087	20
696	3	1826	29
697	3	834	29
698	3	2139	29
699	3	1356	29
700	3	1252	29
701	3	1461	29
701	3	2295	20
702	3	1930	29
703	3	834	29
703	3	1722	20
705	3	1669	29
706	3	730	29
707	3	887	29
708	3	1565	29
709	3	887	29
709	3	1826	20
710	3	887	29
710	3	1461	20
711	3	1565	29
712	3	1513	29
714	3	730	29
715	3	1513	29
716	3	730	29
716	3	1252	20
717	3	1513	29
717	3	1774	20
718	3	782	29
718	3	1513	20
721	3	1408	29
722	3	730	29
722	3	1252	20
722	3	1722	9
723	3	1930	29
724	3	2295	29
725	3	939	29
726	3	1356	29
726	3	1722	20
727	3	2035	29
729	3	887	29
730	3	1408	29
731	3	730	29
732	3	939	29
733	3	834	29
733	3	1669	20
734	3	730	29
734	3	1878	20
736	3	1722	29
737	3	834	29
737	3	1930	20
738	3	939	29
738	3	1513	20
738	3	2087	9
739	3	1617	29
741	3	1252	29
742	3	730	29
742	3	1252	20
742	3	1982	9
743	3	730	29
743	3	2139	20
744	3	1617	29
745	3	2243	29
746	3	1774	29
747	3	1513	29
750	3	1252	29
752	3	1461	29
752	3	2087	20
753	3	730	29
753	3	1461	20
753	3	2035	9
754	3	782	29
755	3	782	29
755	3	2087	20
756	3	782	29
756	3	1356	20
757	3	2191	29
758	3	730	29
759	3	1982	29
760	3	2035	29
761	3	1565	29
762	3	939	29
763	3	1722	29
765	3	730	29
766	3	834	29
767	3	1617	29
769	3	2295	29
771	3	1669	29
772	3	2139	29
773	3	1982	29
774	3	730	29
774	3	1513	20
775	3	2243	29
776	3	730	29
776	3	1356	20
776	3	2035	9
778	3	887	29
780	3	1252	29
781	3	939	29
781	3	1982	20
782	3	1617	29
783	3	2243	29
784	3	730	29
785	3	1252	29
787	3	2035	29
788	3	834	29
789	3	1565	29
790	3	1617	29
791	3	2139	29
792	3	887	29
793	3	730	29
793	3	1982	20
794	3	730	29
795	3	2243	29
796	3	1982	29
797	3	730	29
798	3	1826	29
800	3	1930	29
801	3	1982	29
802	3	1252	29
803	3	939	29
803	3	2087	20
804	3	1252	29
806	3	2035	29
807	3	730	29
807	3	1148	20
807	3	1722	9
809	3	2295	29
810	3	730	29
810	3	2295	20
811	3	730	29
811	3	2087	20
812	3	782	29
812	3	1513	20
813	3	1408	29
815	3	730	29
816	3	1617	29
818	3	1304	29
818	3	2035	20
819	3	2139	29
820	3	2139	29
821	3	1722	29
822	3	730	29
823	3	730	29
823	3	1356	20
823	3	2139	9
824	3	1513	29
825	3	1513	29
826	3	1461	29
827	3	2295	29
828	3	1826	29
830	3	1774	29
831	3	887	29
831	3	1461	20
831	3	1982	9
832	3	782	29
832	3	1408	20
832	3	2035	9
833	3	1774	29
834	3	834	29
834	3	1461	20
834	3	2295	9
835	3	1304	29
837	3	1930	29
838	3	730	29
838	3	1669	20
839	3	1878	29
840	3	730	29
840	3	1148	20
840	3	1722	9
841	3	834	29
842	3	1461	29
843	3	730	29
843	3	1200	20
843	3	1774	9
843	3	2295	30
844	3	1982	29
845	3	1826	29
846	3	1930	29
847	3	1722	29
848	3	730	29
848	3	1356	20
850	3	834	29
850	3	1356	20
850	3	1722	9
853	3	2139	29
854	3	1513	29
855	3	939	29
856	3	1617	29
857	3	2139	29
858	3	1356	29
861	3	834	29
862	3	2191	29
863	3	834	29
863	3	1513	20
864	3	730	29
864	3	1356	20
864	3	2087	9
865	3	782	29
866	3	730	29
866	3	2295	20
867	3	1669	29
868	3	834	29
869	3	1461	29
870	3	1669	29
871	3	1617	29
873	3	730	29
873	3	1304	20
875	3	939	29
876	3	782	29
877	3	730	29
877	3	1200	20
877	3	1722	9
878	3	1774	29
879	3	1565	29
880	3	730	29
880	3	1513	20
882	3	1774	29
884	3	834	29
885	3	730	29
885	3	1304	20
886	3	1878	29
887	3	1304	29
889	3	1982	29
890	3	1774	29
891	3	834	29
892	3	2139	29
893	3	887	29
894	3	939	29
895	3	1461	29
896	3	834	29
897	3	834	29
898	3	834	29
898	3	1565	20
899	3	782	29
899	3	1513	20
900	3	1669	29
901	3	730	29
902	3	1408	29
903	3	834	29
903	3	1930	20
905	3	1826	29
906	3	782	29
908	3	782	29
910	3	1669	29
912	3	834	29
913	3	1774	29
914	3	1408	29
915	3	1774	29
916	3	834	29
916	3	1461	20
917	3	1878	29
918	3	1722	29
919	3	2087	29
920	3	1878	29
922	3	1565	29
923	3	1826	29
924	3	887	29
924	3	1356	20
925	3	782	29
926	3	939	29
926	3	1878	20
927	3	1461	29
929	3	887	29
931	3	730	29
931	3	1252	20
931	3	1669	9
932	3	1669	29
933	3	1722	29
934	3	1617	29
935	3	834	29
936	3	1878	29
937	3	2191	29
938	3	1565	29
940	3	1304	29
940	3	1722	20
941	3	730	29
941	3	1461	20
941	3	2087	9
942	3	730	29
942	3	1356	20
944	3	1461	29
946	3	1461	29
947	3	782	29
947	3	1304	20
947	3	2243	9
948	3	730	29
949	3	730	29
949	3	1148	20
949	3	1722	9
950	3	730	29
950	3	1722	20
953	3	782	29
953	3	1565	20
954	3	730	29
954	3	1982	20
958	3	2191	29
960	3	1304	29
961	3	1252	29
963	3	834	29
964	3	782	29
964	3	1408	20
965	3	1513	29
966	3	782	29
968	3	1356	29
969	3	1356	29
969	3	1982	20
971	3	834	29
972	3	730	29
972	3	1200	20
972	3	1774	9
974	3	939	29
975	3	1982	29
976	3	1304	29
976	3	1722	20
978	3	834	29
978	3	1669	20
979	3	1826	29
981	3	1461	29
981	3	1722	20
982	3	939	29
983	3	730	29
984	3	1513	29
985	3	1617	29
985	3	2139	20
987	3	2035	29
988	3	939	29
989	3	730	29
990	3	2295	29
995	3	730	29
996	3	1878	29
998	3	1252	29
998	3	1513	20
998	3	2087	9
999	3	2035	29
0	4	730	29
0	4	2087	28
1	4	730	29
2	4	939	29
3	4	1356	28
3	4	1669	29
4	4	887	29
4	4	1669	28
5	4	782	29
6	4	939	29
6	4	2243	28
7	4	1200	28
7	4	1513	29
8	4	991	28
8	4	1304	29
10	4	730	29
10	4	2243	28
12	4	2243	28
13	4	1826	28
13	4	2139	29
14	4	730	29
15	4	782	29
16	4	834	29
17	4	730	29
17	4	2191	28
18	4	730	29
19	4	2035	28
20	4	939	28
20	4	1252	29
21	4	730	29
22	4	1304	28
22	4	1617	29
23	4	730	29
24	4	782	29
24	4	2139	28
25	4	2035	28
26	4	1043	28
26	4	1356	29
27	4	782	29
28	4	1043	28
28	4	1356	29
29	4	1513	28
29	4	1826	29
30	4	1461	28
30	4	1774	29
31	4	887	29
32	4	1304	28
32	4	1617	29
33	4	1043	28
33	4	1356	29
34	4	1095	28
34	4	1408	29
35	4	782	29
35	4	2087	28
36	4	782	29
37	4	939	28
37	4	1252	29
38	4	939	28
38	4	1252	29
39	4	887	29
40	4	730	29
40	4	1669	28
41	4	1043	28
41	4	1356	29
42	4	1043	28
42	4	1356	29
43	4	834	29
43	4	2191	28
45	4	991	28
45	4	1304	29
46	4	782	29
47	4	1304	28
47	4	1617	29
49	4	887	29
49	4	2035	28
51	4	1930	28
51	4	2243	29
53	4	782	29
53	4	1774	28
55	4	939	29
56	4	1617	28
56	4	1930	29
57	4	730	29
57	4	1565	28
58	4	939	29
59	4	730	29
59	4	2035	28
60	4	2087	28
61	4	887	29
62	4	834	29
62	4	1930	28
63	4	991	28
63	4	1304	29
64	4	2139	28
65	4	1148	28
65	4	1461	29
66	4	1461	28
66	4	1774	29
67	4	1043	28
67	4	1356	29
69	4	1148	28
69	4	1461	29
70	4	1722	28
70	4	2035	29
71	4	1304	28
71	4	1617	29
73	4	2139	28
74	4	1930	28
74	4	2243	29
75	4	782	29
76	4	1669	28
76	4	1982	29
77	4	2035	28
79	4	1200	28
79	4	1513	29
80	4	834	29
81	4	939	29
82	4	1408	28
82	4	1722	29
83	4	1408	28
83	4	1722	29
84	4	887	29
86	4	1565	28
86	4	1878	29
87	4	730	29
87	4	1669	28
88	4	1043	28
88	4	1356	29
89	4	1148	28
89	4	1461	29
90	4	1513	28
90	4	1826	29
91	4	2087	28
92	4	730	29
92	4	2243	28
93	4	1722	28
93	4	2035	29
94	4	2243	28
95	4	1774	28
95	4	2087	29
96	4	1304	28
96	4	1617	29
97	4	1878	28
97	4	2191	29
98	4	1930	28
98	4	2243	29
99	4	1513	28
99	4	1826	29
100	4	1982	28
100	4	2295	29
101	4	1148	28
101	4	1461	29
102	4	991	28
102	4	1304	29
103	4	1408	28
103	4	1722	29
104	4	939	29
104	4	2139	28
106	4	1043	28
106	4	1356	29
107	4	730	29
107	4	1930	28
108	4	782	29
109	4	1617	28
109	4	1930	29
110	4	782	29
111	4	939	28
111	4	1252	29
112	4	1356	28
112	4	1669	29
113	4	730	29
114	4	939	28
114	4	1252	29
115	4	1722	28
115	4	2035	29
116	4	1669	28
116	4	1982	29
117	4	1669	28
117	4	1982	29
118	4	1356	28
118	4	1669	29
119	4	1461	28
119	4	1774	29
120	4	1304	28
120	4	1617	29
121	4	2243	28
122	4	730	29
122	4	1878	28
123	4	2243	28
124	4	730	29
125	4	834	29
126	4	730	29
126	4	2191	28
127	4	730	29
128	4	730	29
128	4	2191	28
129	4	1461	28
129	4	1774	29
130	4	887	29
131	4	991	28
131	4	1304	29
132	4	730	29
133	4	939	29
134	4	1252	28
134	4	1565	29
135	4	782	29
136	4	730	29
136	4	1408	28
137	4	1043	28
137	4	1356	29
138	4	730	29
138	4	1774	28
139	4	782	29
139	4	1513	28
139	4	2295	30
140	4	2295	28
141	4	730	29
141	4	1513	28
142	4	1617	28
142	4	1930	29
143	4	1513	28
143	4	1826	29
145	4	1356	28
145	4	1669	29
146	4	939	29
146	4	2139	28
147	4	939	28
147	4	1252	29
148	4	1669	28
148	4	1982	29
149	4	730	29
149	4	1722	28
150	4	834	29
150	4	2087	28
151	4	1513	28
151	4	1826	29
152	4	939	28
152	4	1252	29
153	4	1461	28
153	4	1774	29
154	4	782	29
154	4	1669	28
155	4	730	29
155	4	1930	28
156	4	730	29
156	4	2035	28
158	4	887	29
159	4	730	29
159	4	1826	28
160	4	1043	28
160	4	1356	29
161	4	2139	28
162	4	1200	28
162	4	1513	29
163	4	1826	28
163	4	2139	29
164	4	782	29
165	4	887	29
165	4	1722	28
166	4	2035	28
167	4	1774	28
167	4	2087	29
169	4	730	29
170	4	730	29
170	4	1669	28
171	4	1826	28
171	4	2139	29
172	4	1200	28
172	4	1513	29
173	4	1669	28
173	4	1982	29
174	4	1148	28
174	4	1461	29
175	4	939	28
175	4	1252	29
176	4	782	29
179	4	887	29
181	4	730	29
183	4	782	29
183	4	2035	28
185	4	887	29
187	4	1095	28
187	4	1408	29
188	4	1878	28
188	4	2191	29
189	4	1043	28
189	4	1356	29
190	4	1356	28
190	4	1669	29
191	4	730	29
192	4	939	28
192	4	1252	29
193	4	939	28
193	4	1252	29
194	4	2243	28
196	4	730	29
196	4	1408	28
196	4	2139	30
198	4	1043	28
198	4	1356	29
199	4	730	29
199	4	1930	28
200	4	1304	28
200	4	1617	29
201	4	2035	28
202	4	1200	28
202	4	1513	29
203	4	1148	28
203	4	1461	29
204	4	834	29
205	4	1513	28
205	4	1826	29
206	4	730	29
206	4	1408	28
206	4	2035	30
207	4	782	29
207	4	1982	28
208	4	834	29
210	4	887	29
212	4	1252	28
212	4	1565	29
213	4	1930	28
213	4	2243	29
215	4	1356	28
215	4	1669	29
217	4	1304	28
217	4	1617	29
218	4	1043	28
218	4	1356	29
220	4	1982	28
220	4	2295	29
221	4	1043	28
221	4	1356	29
222	4	2035	28
223	4	2035	28
224	4	1252	28
224	4	1565	29
225	4	730	29
225	4	1617	28
226	4	834	29
227	4	1774	28
227	4	2087	29
228	4	730	29
228	4	1722	28
229	4	1043	28
229	4	1356	29
230	4	730	29
231	4	730	29
232	4	782	29
232	4	1826	28
233	4	1461	28
233	4	1774	29
235	4	1878	28
235	4	2191	29
236	4	1878	28
236	4	2191	29
239	4	1617	28
239	4	1930	29
240	4	782	29
240	4	1826	28
241	4	1043	28
241	4	1356	29
242	4	939	28
242	4	1252	29
243	4	730	29
243	4	1669	28
244	4	730	29
245	4	1461	28
245	4	1774	29
248	4	730	29
249	4	730	29
250	4	730	29
250	4	1722	28
251	4	939	29
251	4	2295	28
252	4	2243	28
253	4	1565	28
253	4	1878	29
255	4	1356	28
255	4	1669	29
256	4	1148	28
256	4	1461	29
257	4	1304	28
257	4	1617	29
258	4	730	29
258	4	2191	28
259	4	730	29
260	4	782	29
260	4	2191	28
262	4	1148	28
262	4	1461	29
264	4	834	29
265	4	834	29
266	4	939	29
267	4	730	29
268	4	1148	28
268	4	1461	29
269	4	834	29
270	4	1774	28
270	4	2087	29
271	4	939	28
271	4	1252	29
272	4	782	29
272	4	1565	28
272	4	2295	30
274	4	1461	28
274	4	1774	29
275	4	2191	28
277	4	1930	28
277	4	2243	29
278	4	2035	28
279	4	1565	28
279	4	1878	29
280	4	1565	28
280	4	1878	29
282	4	1982	28
282	4	2295	29
283	4	1356	28
283	4	1669	29
284	4	730	29
284	4	1513	28
285	4	1252	28
285	4	1565	29
286	4	730	29
286	4	1826	28
287	4	1513	28
287	4	1826	29
288	4	834	29
291	4	1826	28
291	4	2139	29
292	4	1878	28
292	4	2191	29
293	4	730	29
293	4	1565	28
294	4	782	29
295	4	1513	28
295	4	1826	29
296	4	730	29
298	4	1148	28
298	4	1461	29
299	4	730	29
300	4	1878	28
300	4	2191	29
301	4	730	29
302	4	887	29
302	4	2087	28
303	4	730	29
303	4	1513	28
304	4	730	29
306	4	730	29
307	4	1878	28
307	4	2191	29
308	4	1304	28
308	4	1617	29
309	4	730	29
309	4	1565	28
310	4	887	29
310	4	1722	28
311	4	2087	28
312	4	1513	28
312	4	1826	29
313	4	1565	28
313	4	1878	29
314	4	1617	28
314	4	1930	29
315	4	991	28
315	4	1304	29
317	4	1461	28
317	4	1774	29
318	4	2139	28
319	4	2191	28
320	4	1461	28
320	4	1774	29
321	4	730	29
322	4	834	29
323	4	2087	28
324	4	1565	28
324	4	1878	29
325	4	1565	28
325	4	1878	29
326	4	730	29
326	4	2191	28
327	4	1252	28
327	4	1565	29
328	4	1774	28
328	4	2087	29
329	4	1930	28
329	4	2243	29
330	4	1043	28
330	4	1356	29
331	4	730	29
332	4	939	28
332	4	1252	29
333	4	730	29
333	4	2087	28
334	4	1513	28
334	4	1826	29
335	4	678	29
335	4	2243	28
336	4	834	29
336	4	2243	28
337	4	1617	28
337	4	1930	29
338	4	2035	28
339	4	782	29
340	4	1304	28
340	4	1617	29
341	4	1304	28
341	4	1617	29
342	4	730	29
342	4	1617	28
343	4	730	29
343	4	2087	28
345	4	939	28
345	4	1252	29
346	4	939	29
346	4	1722	28
347	4	991	28
347	4	1304	29
348	4	782	29
349	4	782	29
349	4	1565	28
351	4	939	29
352	4	991	28
352	4	1304	29
353	4	782	29
354	4	730	29
354	4	1513	28
355	4	834	29
356	4	1252	28
356	4	1565	29
357	4	939	29
358	4	1252	28
358	4	1565	29
360	4	1826	28
360	4	2139	29
361	4	939	29
364	4	730	29
366	4	1095	28
366	4	1408	29
367	4	887	29
368	4	730	29
368	4	1565	28
369	4	834	29
369	4	2139	28
371	4	782	29
372	4	1200	28
372	4	1513	29
374	4	1774	28
374	4	2087	29
375	4	1513	28
375	4	1826	29
376	4	939	28
376	4	1252	29
377	4	1461	28
377	4	1774	29
378	4	1304	28
378	4	1617	29
379	4	1043	28
379	4	1356	29
380	4	939	28
380	4	1252	29
381	4	1356	28
381	4	1669	29
382	4	782	29
384	4	887	29
385	4	1200	28
385	4	1513	29
386	4	939	29
387	4	887	29
387	4	1930	28
388	4	2243	28
389	4	730	29
390	4	730	29
390	4	2139	28
391	4	834	29
391	4	1982	28
392	4	1826	28
392	4	2139	29
393	4	730	29
394	4	1095	28
394	4	1408	29
396	4	730	29
396	4	1461	28
397	4	1356	28
397	4	1669	29
398	4	939	28
398	4	1252	29
399	4	730	29
400	4	887	29
402	4	939	28
402	4	1252	29
403	4	2191	28
404	4	1356	28
404	4	1669	29
405	4	1513	28
405	4	1826	29
406	4	887	29
407	4	1252	28
407	4	1565	29
409	4	1722	28
409	4	2035	29
410	4	1722	28
410	4	2035	29
411	4	730	29
411	4	1617	28
412	4	730	29
412	4	1513	28
412	4	2243	30
413	4	730	29
413	4	1461	28
414	4	939	28
414	4	1252	29
415	4	834	29
415	4	2243	28
416	4	1878	28
416	4	2191	29
417	4	887	29
417	4	2243	28
418	4	939	29
418	4	1669	28
419	4	887	29
420	4	1200	28
420	4	1513	29
421	4	2139	28
422	4	1826	28
422	4	2139	29
423	4	1200	28
423	4	1513	29
424	4	782	29
424	4	1669	28
425	4	939	28
425	4	1252	29
426	4	1200	28
426	4	1513	29
427	4	2243	28
428	4	782	29
429	4	939	28
429	4	1252	29
430	4	834	29
431	4	730	29
432	4	834	29
432	4	1722	28
433	4	1043	28
433	4	1356	29
434	4	782	29
434	4	1669	28
435	4	730	29
435	4	2139	28
436	4	730	29
436	4	1617	28
437	4	782	29
438	4	1043	28
438	4	1356	29
439	4	1722	28
439	4	2035	29
440	4	1148	28
440	4	1461	29
442	4	1095	28
442	4	1408	29
445	4	730	29
445	4	2087	28
446	4	1774	28
446	4	2087	29
447	4	1930	28
447	4	2243	29
451	4	1095	28
451	4	1408	29
452	4	887	29
453	4	730	29
453	4	1513	28
454	4	1930	28
454	4	2243	29
455	4	1304	28
455	4	1617	29
456	4	1461	28
456	4	1774	29
457	4	1148	28
457	4	1461	29
459	4	2087	28
460	4	782	29
461	4	782	29
461	4	2191	28
462	4	939	29
463	4	887	29
463	4	1722	28
464	4	1200	28
464	4	1513	29
465	4	782	29
466	4	730	29
467	4	730	29
468	4	730	29
469	4	730	29
469	4	1826	28
470	4	2139	28
471	4	1669	28
471	4	1982	29
472	4	782	29
473	4	1095	28
473	4	1408	29
474	4	782	29
474	4	2243	28
475	4	1774	28
475	4	2087	29
476	4	2087	28
478	4	1356	28
478	4	1669	29
480	4	1461	28
480	4	1774	29
481	4	887	29
481	4	1617	28
482	4	939	29
484	4	2295	28
485	4	1617	28
485	4	1930	29
486	4	1461	28
486	4	1774	29
487	4	730	29
488	4	1461	28
488	4	1774	29
489	4	730	29
489	4	1617	28
490	4	1095	28
490	4	1408	29
491	4	1043	28
491	4	1356	29
492	4	1200	28
492	4	1513	29
494	4	834	29
495	4	1095	28
495	4	1408	29
496	4	1043	28
496	4	1356	29
497	4	782	29
498	4	939	28
498	4	1252	29
499	4	939	29
500	4	730	29
500	4	1513	28
501	4	1617	28
501	4	1930	29
502	4	1148	28
502	4	1461	29
503	4	730	29
503	4	1461	28
503	4	2295	30
505	4	1617	28
505	4	1930	29
506	4	1408	28
506	4	1722	29
507	4	2295	28
508	4	730	29
508	4	1722	28
510	4	2191	28
512	4	1148	28
512	4	1461	29
513	4	1200	28
513	4	1513	29
514	4	887	29
514	4	2295	28
515	4	730	29
515	4	1982	28
516	4	1669	28
516	4	1982	29
517	4	1513	28
517	4	1826	29
518	4	1252	28
518	4	1565	29
519	4	887	29
520	4	939	28
520	4	1252	29
521	4	730	29
521	4	1669	28
522	4	1043	28
522	4	1356	29
523	4	782	29
523	4	2139	28
525	4	939	29
525	4	1669	28
526	4	2139	28
527	4	730	29
528	4	730	29
529	4	730	29
529	4	1461	28
530	4	1461	28
530	4	1774	29
531	4	1200	28
531	4	1513	29
532	4	1252	28
532	4	1565	29
533	4	2295	28
534	4	730	29
534	4	1722	28
536	4	1774	28
536	4	2087	29
537	4	939	28
537	4	1252	29
538	4	730	29
539	4	730	29
540	4	2295	28
541	4	782	29
542	4	1304	28
542	4	1617	29
543	4	1252	28
543	4	1565	29
544	4	939	29
544	4	1722	28
546	4	1356	28
546	4	1669	29
547	4	939	28
547	4	1252	29
549	4	1461	28
549	4	1774	29
550	4	730	29
550	4	1513	28
551	4	782	29
551	4	1617	28
552	4	1669	28
552	4	1982	29
553	4	1148	28
553	4	1461	29
554	4	730	29
554	4	2139	28
555	4	730	29
555	4	1461	28
555	4	2295	30
556	4	1095	28
556	4	1408	29
557	4	2243	28
558	4	782	29
559	4	1200	28
559	4	1513	29
561	4	1461	28
561	4	1774	29
562	4	1200	28
562	4	1513	29
563	4	1043	28
563	4	1356	29
564	4	1774	28
564	4	2087	29
565	4	782	29
565	4	1669	28
566	4	834	29
567	4	1252	28
567	4	1565	29
568	4	730	29
568	4	1722	28
569	4	1200	28
569	4	1513	29
570	4	1461	28
570	4	1774	29
571	4	730	29
572	4	1930	28
572	4	2243	29
575	4	730	29
575	4	1513	28
576	4	1356	28
576	4	1669	29
577	4	730	29
578	4	1513	28
578	4	1826	29
581	4	1252	28
581	4	1565	29
582	4	1148	28
582	4	1461	29
583	4	730	29
583	4	1461	28
584	4	782	29
585	4	730	29
585	4	1461	28
586	4	1043	28
586	4	1356	29
587	4	730	29
587	4	1565	28
588	4	887	29
589	4	939	29
589	4	2191	28
590	4	782	29
591	4	1878	28
591	4	2191	29
593	4	1826	28
593	4	2139	29
594	4	1356	28
594	4	1669	29
595	4	782	29
595	4	1617	28
596	4	1043	28
596	4	1356	29
597	4	1617	28
597	4	1930	29
598	4	730	29
599	4	730	29
599	4	2191	28
600	4	1982	28
600	4	2295	29
601	4	887	29
604	4	1148	28
604	4	1461	29
605	4	1356	28
605	4	1669	29
606	4	1043	28
606	4	1356	29
607	4	730	29
607	4	2035	28
608	4	887	29
611	4	1200	28
611	4	1513	29
612	4	1304	28
612	4	1617	29
613	4	2191	28
614	4	1356	28
614	4	1669	29
615	4	1304	28
615	4	1617	29
616	4	1252	28
616	4	1565	29
617	4	2139	28
619	4	1617	28
619	4	1930	29
620	4	782	29
621	4	1148	28
621	4	1461	29
622	4	730	29
623	4	1617	28
623	4	1930	29
624	4	834	29
625	4	1252	28
625	4	1565	29
626	4	887	29
627	4	939	29
628	4	1043	28
628	4	1356	29
629	4	1774	28
629	4	2087	29
630	4	1200	28
630	4	1513	29
631	4	991	28
631	4	1304	29
632	4	730	29
632	4	2035	28
633	4	1982	28
633	4	2295	29
634	4	1304	28
634	4	1617	29
635	4	1617	28
635	4	1930	29
638	4	2035	28
639	4	834	29
639	4	1722	28
640	4	2087	28
641	4	939	28
641	4	1252	29
642	4	1408	28
642	4	1722	29
644	4	887	29
645	4	1095	28
645	4	1408	29
646	4	782	29
646	4	1722	28
648	4	1148	28
648	4	1461	29
649	4	887	29
650	4	1826	28
650	4	2139	29
651	4	939	29
652	4	939	28
652	4	1252	29
653	4	939	28
653	4	1252	29
654	4	1669	28
654	4	1982	29
655	4	1148	28
655	4	1461	29
656	4	1043	28
656	4	1356	29
657	4	834	29
658	4	887	29
658	4	1826	28
659	4	1304	28
659	4	1617	29
660	4	1982	28
660	4	2295	29
661	4	834	29
662	4	1043	28
662	4	1356	29
663	4	1356	28
663	4	1669	29
664	4	834	29
664	4	1826	28
665	4	782	29
666	4	730	29
666	4	2243	28
667	4	782	29
668	4	1304	28
668	4	1617	29
669	4	1200	28
669	4	1513	29
670	4	1252	28
670	4	1565	29
672	4	1513	28
672	4	1826	29
673	4	1252	28
673	4	1565	29
674	4	1095	28
674	4	1408	29
675	4	1200	28
675	4	1513	29
676	4	730	29
676	4	1774	28
677	4	1095	28
677	4	1408	29
678	4	887	29
679	4	1722	28
679	4	2035	29
680	4	1148	28
680	4	1461	29
681	4	1617	28
681	4	1930	29
682	4	939	29
683	4	1617	28
683	4	1930	29
684	4	1200	28
684	4	1513	29
685	4	939	28
685	4	1252	29
686	4	834	29
687	4	1669	28
687	4	1982	29
688	4	1513	28
688	4	1826	29
689	4	1408	28
689	4	1722	29
690	4	939	28
690	4	1252	29
691	4	834	29
691	4	1774	28
692	4	939	28
692	4	1252	29
693	4	991	28
693	4	1304	29
694	4	939	29
695	4	730	29
695	4	2191	28
696	4	1513	28
696	4	1826	29
697	4	834	29
697	4	2035	28
698	4	1826	28
698	4	2139	29
699	4	1043	28
699	4	1356	29
700	4	939	28
700	4	1252	29
701	4	1148	28
701	4	1461	29
702	4	1617	28
702	4	1930	29
703	4	834	29
703	4	2087	28
705	4	1356	28
705	4	1669	29
706	4	730	29
707	4	887	29
708	4	1252	28
708	4	1565	29
709	4	887	29
709	4	1930	28
710	4	887	29
710	4	1722	28
711	4	1252	28
711	4	1565	29
712	4	1200	28
712	4	1513	29
714	4	730	29
714	4	2243	28
715	4	1200	28
715	4	1513	29
716	4	730	29
716	4	1669	28
717	4	1200	28
717	4	1513	29
718	4	782	29
718	4	2035	28
721	4	1095	28
721	4	1408	29
722	4	730	29
722	4	1461	28
723	4	1617	28
723	4	1930	29
724	4	1982	28
724	4	2295	29
725	4	939	29
726	4	1043	28
726	4	1356	29
727	4	1722	28
727	4	2035	29
728	4	2035	28
729	4	887	29
730	4	1095	28
730	4	1408	29
731	4	730	29
732	4	939	29
733	4	834	29
734	4	730	29
734	4	2139	28
735	4	2191	28
736	4	1408	28
736	4	1722	29
737	4	834	29
737	4	1930	28
738	4	939	29
738	4	1774	28
739	4	1304	28
739	4	1617	29
741	4	939	28
741	4	1252	29
742	4	730	29
742	4	1722	28
743	4	730	29
743	4	2243	28
744	4	1304	28
744	4	1617	29
745	4	1930	28
745	4	2243	29
746	4	1461	28
746	4	1774	29
747	4	1200	28
747	4	1513	29
750	4	939	28
750	4	1252	29
752	4	1148	28
752	4	1461	29
753	4	730	29
753	4	1826	28
754	4	782	29
755	4	782	29
756	4	782	29
756	4	1669	28
757	4	1878	28
757	4	2191	29
758	4	730	29
759	4	1669	28
759	4	1982	29
760	4	1722	28
760	4	2035	29
761	4	1252	28
761	4	1565	29
762	4	939	29
763	4	1408	28
763	4	1722	29
765	4	730	29
766	4	834	29
767	4	1304	28
767	4	1617	29
768	4	2035	28
769	4	1982	28
769	4	2295	29
771	4	1356	28
771	4	1669	29
772	4	1826	28
772	4	2139	29
773	4	1669	28
773	4	1982	29
774	4	730	29
774	4	1722	28
775	4	1930	28
775	4	2243	29
776	4	730	29
776	4	1774	28
777	4	2295	28
778	4	887	29
779	4	2139	28
780	4	939	28
780	4	1252	29
781	4	939	29
781	4	2035	28
782	4	1304	28
782	4	1617	29
783	4	1930	28
783	4	2243	29
784	4	730	29
784	4	2295	28
785	4	939	28
785	4	1252	29
787	4	1722	28
787	4	2035	29
788	4	834	29
789	4	1252	28
789	4	1565	29
790	4	1304	28
790	4	1617	29
791	4	1826	28
791	4	2139	29
792	4	887	29
793	4	730	29
793	4	2087	28
794	4	730	29
795	4	1930	28
795	4	2243	29
796	4	1669	28
796	4	1982	29
797	4	730	29
798	4	1513	28
798	4	1826	29
800	4	1617	28
800	4	1930	29
801	4	1669	28
801	4	1982	29
802	4	939	28
802	4	1252	29
803	4	939	29
803	4	2139	28
804	4	939	28
804	4	1252	29
806	4	1722	28
806	4	2035	29
807	4	730	29
807	4	1461	28
808	4	2295	28
809	4	1982	28
809	4	2295	29
810	4	730	29
810	4	2139	28
811	4	730	29
811	4	2295	28
812	4	782	29
812	4	1878	28
813	4	1095	28
813	4	1408	29
814	4	2243	28
815	4	730	29
816	4	1304	28
816	4	1617	29
818	4	991	28
818	4	1304	29
819	4	1826	28
819	4	2139	29
820	4	1826	28
820	4	2139	29
821	4	1408	28
821	4	1722	29
822	4	730	29
822	4	2191	28
823	4	730	29
823	4	1669	28
824	4	1200	28
824	4	1513	29
825	4	1200	28
825	4	1513	29
826	4	1148	28
826	4	1461	29
827	4	1982	28
827	4	2295	29
828	4	1513	28
828	4	1826	29
829	4	2191	28
830	4	1461	28
830	4	1774	29
831	4	887	29
831	4	1722	28
832	4	782	29
832	4	1617	28
833	4	1461	28
833	4	1774	29
834	4	834	29
834	4	1774	28
835	4	991	28
835	4	1304	29
836	4	2295	28
837	4	1617	28
837	4	1930	29
838	4	730	29
838	4	1930	28
839	4	1565	28
839	4	1878	29
840	4	730	29
840	4	1408	28
841	4	834	29
842	4	1148	28
842	4	1461	29
843	4	730	29
843	4	1565	28
843	4	2295	30
844	4	1669	28
844	4	1982	29
845	4	1513	28
845	4	1826	29
846	4	1617	28
846	4	1930	29
847	4	1408	28
847	4	1722	29
848	4	730	29
848	4	1722	28
850	4	834	29
850	4	1565	28
853	4	1826	28
853	4	2139	29
854	4	1200	28
854	4	1513	29
855	4	939	29
856	4	1304	28
856	4	1617	29
857	4	1826	28
857	4	2139	29
858	4	1043	28
858	4	1356	29
861	4	834	29
862	4	1878	28
862	4	2191	29
863	4	834	29
863	4	2139	28
864	4	730	29
864	4	1669	28
865	4	782	29
866	4	730	29
867	4	1356	28
867	4	1669	29
868	4	834	29
869	4	1148	28
869	4	1461	29
870	4	1356	28
870	4	1669	29
871	4	1304	28
871	4	1617	29
873	4	730	29
873	4	1617	28
875	4	939	29
876	4	782	29
877	4	730	29
877	4	1513	28
878	4	1461	28
878	4	1774	29
879	4	1252	28
879	4	1565	29
880	4	730	29
880	4	2087	28
882	4	1461	28
882	4	1774	29
883	4	2035	28
884	4	834	29
885	4	730	29
885	4	1565	28
886	4	1565	28
886	4	1878	29
887	4	991	28
887	4	1304	29
889	4	1669	28
889	4	1982	29
890	4	1461	28
890	4	1774	29
891	4	834	29
892	4	1826	28
892	4	2139	29
893	4	887	29
894	4	939	29
895	4	1148	28
895	4	1461	29
896	4	834	29
897	4	834	29
898	4	834	29
898	4	1669	28
899	4	782	29
899	4	1826	28
900	4	1356	28
900	4	1669	29
901	4	730	29
902	4	1095	28
902	4	1408	29
903	4	834	29
903	4	1878	28
905	4	1513	28
905	4	1826	29
906	4	782	29
908	4	782	29
909	4	2191	28
910	4	1356	28
910	4	1669	29
912	4	834	29
913	4	1461	28
913	4	1774	29
914	4	1095	28
914	4	1408	29
915	4	1461	28
915	4	1774	29
916	4	834	29
917	4	1565	28
917	4	1878	29
918	4	1408	28
918	4	1722	29
919	4	1774	28
919	4	2087	29
920	4	1565	28
920	4	1878	29
922	4	1252	28
922	4	1565	29
923	4	1513	28
923	4	1826	29
924	4	887	29
924	4	1617	28
925	4	782	29
926	4	939	29
926	4	1930	28
927	4	1148	28
927	4	1461	29
929	4	887	29
931	4	730	29
931	4	1513	28
932	4	1356	28
932	4	1669	29
933	4	1408	28
933	4	1722	29
934	4	1304	28
934	4	1617	29
935	4	834	29
936	4	1565	28
936	4	1878	29
937	4	1878	28
937	4	2191	29
938	4	1252	28
938	4	1565	29
940	4	991	28
940	4	1304	29
941	4	730	29
941	4	1826	28
942	4	730	29
942	4	1669	28
944	4	1148	28
944	4	1461	29
946	4	1148	28
946	4	1461	29
947	4	782	29
947	4	1565	28
948	4	730	29
949	4	730	29
949	4	1461	28
950	4	730	29
953	4	782	29
954	4	730	29
954	4	2087	28
956	4	2243	28
958	4	1878	28
958	4	2191	29
960	4	991	28
960	4	1304	29
961	4	939	28
961	4	1252	29
962	4	2191	28
963	4	834	29
964	4	782	29
964	4	1669	28
965	4	1200	28
965	4	1513	29
966	4	782	29
966	4	2139	28
968	4	1043	28
968	4	1356	29
969	4	1043	28
969	4	1356	29
971	4	834	29
971	4	2139	28
972	4	730	29
972	4	1513	28
974	4	939	29
975	4	1669	28
975	4	1982	29
976	4	991	28
976	4	1304	29
978	4	834	29
978	4	2295	28
979	4	1513	28
979	4	1826	29
980	4	2139	28
981	4	1148	28
981	4	1461	29
982	4	939	29
983	4	730	29
984	4	1200	28
984	4	1513	29
985	4	1304	28
985	4	1617	29
987	4	1722	28
987	4	2035	29
988	4	939	29
989	4	730	29
990	4	1982	28
990	4	2295	29
994	4	2295	28
995	4	730	29
995	4	2191	28
996	4	1565	28
996	4	1878	29
998	4	939	28
998	4	1252	29
999	4	1722	28
999	4	2035	29
0	5	417	24
0	5	730	29
0	5	2087	28
1	5	417	24
1	5	730	29
2	5	417	24
2	5	939	29
3	5	417	24
3	5	1356	28
3	5	1669	29
4	5	417	24
4	5	887	29
4	5	1669	28
4	5	2139	25
5	5	417	24
5	5	782	29
6	5	417	24
6	5	939	29
6	5	2243	28
7	5	417	24
7	5	1200	28
7	5	1513	29
8	5	417	24
8	5	991	28
8	5	1304	29
9	5	417	24
10	5	417	24
10	5	730	29
10	5	2243	28
11	5	417	24
12	5	417	24
12	5	2243	28
13	5	417	24
13	5	1826	28
13	5	2139	29
14	5	417	24
14	5	730	29
15	5	417	24
15	5	782	29
16	5	417	24
16	5	834	29
17	5	417	24
17	5	730	29
17	5	2191	28
18	5	417	24
18	5	730	29
19	5	417	24
19	5	2035	28
20	5	417	24
20	5	939	28
20	5	1252	29
21	5	417	24
21	5	730	29
22	5	417	24
22	5	1304	28
22	5	1617	29
23	5	417	24
23	5	730	29
24	5	417	24
24	5	782	29
24	5	2139	28
25	5	417	24
25	5	2035	28
26	5	417	24
26	5	1043	28
26	5	1356	29
27	5	417	24
27	5	782	29
28	5	417	24
28	5	1043	28
28	5	1356	29
29	5	417	24
29	5	1513	28
29	5	1826	29
30	5	417	24
30	5	1461	28
30	5	1774	29
31	5	417	24
31	5	887	29
32	5	417	24
32	5	1304	28
32	5	1617	29
33	5	417	24
33	5	1043	28
33	5	1356	29
34	5	417	24
34	5	1095	28
34	5	1408	29
35	5	417	24
35	5	782	29
35	5	2087	28
36	5	417	24
36	5	782	29
37	5	417	24
37	5	939	28
37	5	1252	29
38	5	417	24
38	5	939	28
38	5	1252	29
39	5	417	24
39	5	887	29
40	5	417	24
40	5	730	29
40	5	1669	28
40	5	2295	25
41	5	417	24
41	5	1043	28
41	5	1356	29
42	5	417	24
42	5	1043	28
42	5	1356	29
43	5	417	24
43	5	834	29
43	5	2191	28
44	5	417	24
45	5	417	24
45	5	991	28
45	5	1304	29
46	5	417	24
46	5	782	29
47	5	417	24
47	5	1304	28
47	5	1617	29
48	5	417	24
49	5	417	24
49	5	887	29
49	5	2035	28
50	5	417	24
51	5	417	24
51	5	1930	28
51	5	2243	29
52	5	417	24
53	5	417	24
53	5	782	29
53	5	1774	28
53	5	2191	25
54	5	417	24
55	5	417	24
55	5	939	29
56	5	417	24
56	5	1617	28
56	5	1930	29
57	5	417	24
57	5	730	29
57	5	1565	28
58	5	417	24
58	5	939	29
59	5	417	24
59	5	730	29
59	5	2035	28
60	5	417	24
60	5	2087	28
61	5	417	24
61	5	887	29
62	5	417	24
62	5	834	29
62	5	1930	28
63	5	417	24
63	5	991	28
63	5	1304	29
64	5	417	24
64	5	2139	28
65	5	417	24
65	5	1148	28
65	5	1461	29
66	5	417	24
66	5	1461	28
66	5	1774	29
67	5	417	24
67	5	1043	28
67	5	1356	29
68	5	417	24
69	5	417	24
69	5	1148	28
69	5	1461	29
70	5	417	24
70	5	1722	28
70	5	2035	29
71	5	417	24
71	5	1304	28
71	5	1617	29
72	5	417	24
73	5	417	24
73	5	2139	28
74	5	417	24
74	5	1930	28
74	5	2243	29
75	5	417	24
75	5	782	29
76	5	417	24
76	5	1669	28
76	5	1982	29
77	5	417	24
77	5	2035	28
78	5	417	24
79	5	417	24
79	5	1200	28
79	5	1513	29
80	5	417	24
80	5	834	29
81	5	417	24
81	5	939	29
82	5	417	24
82	5	1408	28
82	5	1722	29
83	5	417	24
83	5	1408	28
83	5	1722	29
84	5	417	24
84	5	887	29
85	5	417	24
86	5	417	24
86	5	1565	28
86	5	1878	29
87	5	417	24
87	5	730	29
87	5	1669	28
88	5	417	24
88	5	1043	28
88	5	1356	29
89	5	417	24
89	5	1148	28
89	5	1461	29
90	5	417	24
90	5	1513	28
90	5	1826	29
91	5	417	24
91	5	2087	28
92	5	417	24
92	5	730	29
92	5	2243	28
93	5	417	24
93	5	1722	28
93	5	2035	29
94	5	417	24
94	5	2243	28
95	5	417	24
95	5	1774	28
95	5	2087	29
96	5	417	24
96	5	1304	28
96	5	1617	29
97	5	417	24
97	5	1878	28
97	5	2191	29
98	5	417	24
98	5	1930	28
98	5	2243	29
99	5	417	24
99	5	1513	28
99	5	1826	29
100	5	417	24
100	5	1982	28
100	5	2295	29
101	5	417	24
101	5	1148	28
101	5	1461	29
102	5	417	24
102	5	991	28
102	5	1304	29
103	5	417	24
103	5	1408	28
103	5	1722	29
104	5	417	24
104	5	939	29
104	5	2139	28
105	5	417	24
106	5	417	24
106	5	1043	28
106	5	1356	29
106	5	2295	25
107	5	417	24
107	5	730	29
107	5	1930	28
108	5	417	24
108	5	782	29
109	5	417	24
109	5	1617	28
109	5	1930	29
110	5	417	24
110	5	782	29
111	5	417	24
111	5	939	28
111	5	1252	29
112	5	417	24
112	5	1356	28
112	5	1669	29
113	5	417	24
113	5	730	29
114	5	417	24
114	5	939	28
114	5	1252	29
115	5	417	24
115	5	1722	28
115	5	2035	29
116	5	417	24
116	5	1669	28
116	5	1982	29
117	5	417	24
117	5	1669	28
117	5	1982	29
118	5	417	24
118	5	1356	28
118	5	1669	29
119	5	417	24
119	5	1461	28
119	5	1774	29
120	5	417	24
120	5	1304	28
120	5	1617	29
121	5	417	24
121	5	2243	28
122	5	417	24
122	5	730	29
122	5	1878	28
123	5	417	24
123	5	2243	28
124	5	417	24
124	5	730	29
125	5	417	24
125	5	834	29
126	5	417	24
126	5	730	29
126	5	2191	28
127	5	417	24
127	5	730	29
128	5	417	24
128	5	730	29
128	5	2191	28
129	5	417	24
129	5	1461	28
129	5	1774	29
130	5	417	24
130	5	887	29
131	5	417	24
131	5	991	28
131	5	1304	29
132	5	417	24
132	5	730	29
133	5	417	24
133	5	939	29
134	5	417	24
134	5	1252	28
134	5	1565	29
135	5	417	24
135	5	782	29
136	5	417	24
136	5	730	29
136	5	1408	28
137	5	417	24
137	5	1043	28
137	5	1356	29
138	5	417	24
138	5	730	29
138	5	1774	28
139	5	417	24
139	5	782	29
139	5	1513	28
139	5	2035	25
139	5	2295	30
140	5	417	24
140	5	2295	28
141	5	417	24
141	5	730	29
141	5	1513	28
142	5	417	24
142	5	1617	28
142	5	1930	29
143	5	417	24
143	5	1513	28
143	5	1826	29
144	5	417	24
145	5	417	24
145	5	1356	28
145	5	1669	29
146	5	417	24
146	5	939	29
146	5	2139	28
147	5	417	24
147	5	939	28
147	5	1252	29
148	5	417	24
148	5	1669	28
148	5	1982	29
149	5	417	24
149	5	730	29
149	5	1722	28
150	5	417	24
150	5	834	29
150	5	2087	28
151	5	417	24
151	5	1513	28
151	5	1826	29
152	5	417	24
152	5	939	28
152	5	1252	29
153	5	417	24
153	5	1461	28
153	5	1774	29
154	5	417	24
154	5	782	29
154	5	1669	28
155	5	417	24
155	5	730	29
155	5	1930	28
156	5	417	24
156	5	730	29
156	5	2035	28
157	5	417	24
158	5	417	24
158	5	887	29
159	5	417	24
159	5	730	29
159	5	1826	28
160	5	417	24
160	5	1043	28
160	5	1356	29
161	5	417	24
161	5	2139	28
162	5	417	24
162	5	1200	28
162	5	1513	29
163	5	417	24
163	5	1826	28
163	5	2139	29
164	5	417	24
164	5	782	29
165	5	417	24
165	5	887	29
165	5	1722	28
166	5	417	24
166	5	2035	28
167	5	417	24
167	5	1774	28
167	5	2087	29
168	5	417	24
169	5	417	24
169	5	730	29
170	5	417	24
170	5	730	29
170	5	1669	28
171	5	417	24
171	5	1826	28
171	5	2139	29
172	5	417	24
172	5	1200	28
172	5	1513	29
173	5	417	24
173	5	1669	28
173	5	1982	29
174	5	417	24
174	5	1148	28
174	5	1461	29
175	5	417	24
175	5	939	28
175	5	1252	29
176	5	417	24
176	5	782	29
177	5	417	24
178	5	417	24
179	5	417	24
179	5	887	29
180	5	417	24
181	5	417	24
181	5	730	29
182	5	417	24
183	5	417	24
183	5	782	29
183	5	2035	28
184	5	417	24
185	5	417	24
185	5	887	29
186	5	417	24
187	5	417	24
187	5	1095	28
187	5	1408	29
188	5	417	24
188	5	1878	28
188	5	2191	29
189	5	417	24
189	5	1043	28
189	5	1356	29
190	5	417	24
190	5	1356	28
190	5	1669	29
191	5	417	24
191	5	730	29
192	5	417	24
192	5	939	28
192	5	1252	29
193	5	417	24
193	5	939	28
193	5	1252	29
194	5	417	24
194	5	2243	28
195	5	417	24
196	5	417	24
196	5	730	29
196	5	1408	28
196	5	1878	25
196	5	2139	30
197	5	417	24
198	5	417	24
198	5	1043	28
198	5	1356	29
199	5	417	24
199	5	730	29
199	5	1930	28
200	5	417	24
200	5	1304	28
200	5	1617	29
201	5	417	24
201	5	2035	28
202	5	417	24
202	5	1200	28
202	5	1513	29
203	5	417	24
203	5	1148	28
203	5	1461	29
204	5	417	24
204	5	834	29
205	5	417	24
205	5	1513	28
205	5	1826	29
206	5	417	24
206	5	730	29
206	5	1408	28
206	5	1826	25
206	5	2035	30
207	5	417	24
207	5	782	29
207	5	1982	28
208	5	417	24
208	5	834	29
209	5	417	24
210	5	417	24
210	5	887	29
211	5	417	24
212	5	417	24
212	5	1252	28
212	5	1565	29
213	5	417	24
213	5	1930	28
213	5	2243	29
214	5	417	24
215	5	417	24
215	5	1356	28
215	5	1669	29
216	5	417	24
217	5	417	24
217	5	1304	28
217	5	1617	29
218	5	417	24
218	5	1043	28
218	5	1356	29
219	5	417	24
220	5	417	24
220	5	1982	28
220	5	2295	29
221	5	417	24
221	5	1043	28
221	5	1356	29
222	5	417	24
222	5	2035	28
223	5	417	24
223	5	2035	28
224	5	417	24
224	5	1252	28
224	5	1565	29
225	5	417	24
225	5	730	29
225	5	1617	28
226	5	417	24
226	5	834	29
227	5	417	24
227	5	1774	28
227	5	2087	29
228	5	417	24
228	5	730	29
228	5	1722	28
229	5	417	24
229	5	1043	28
229	5	1356	29
230	5	417	24
230	5	730	29
231	5	417	24
231	5	730	29
232	5	417	24
232	5	782	29
232	5	1826	28
233	5	417	24
233	5	1461	28
233	5	1774	29
234	5	417	24
235	5	417	24
235	5	1878	28
235	5	2191	29
236	5	417	24
236	5	1878	28
236	5	2191	29
237	5	417	24
238	5	417	24
239	5	417	24
239	5	1617	28
239	5	1930	29
240	5	417	24
240	5	782	29
240	5	1826	28
241	5	417	24
241	5	1043	28
241	5	1356	29
242	5	417	24
242	5	939	28
242	5	1252	29
243	5	417	24
243	5	730	29
243	5	1669	28
244	5	417	24
244	5	730	29
245	5	417	24
245	5	1461	28
245	5	1774	29
246	5	417	24
247	5	417	24
248	5	417	24
248	5	730	29
249	5	417	24
249	5	730	29
250	5	417	24
250	5	730	29
250	5	1722	28
251	5	417	24
251	5	939	29
251	5	2295	28
252	5	417	24
252	5	2243	28
253	5	417	24
253	5	1565	28
253	5	1878	29
254	5	417	24
255	5	417	24
255	5	1356	28
255	5	1669	29
256	5	417	24
256	5	1148	28
256	5	1461	29
257	5	417	24
257	5	1304	28
257	5	1617	29
258	5	417	24
258	5	730	29
258	5	2191	28
259	5	417	24
259	5	730	29
260	5	417	24
260	5	782	29
260	5	2191	28
261	5	417	24
262	5	417	24
262	5	1148	28
262	5	1461	29
263	5	417	24
264	5	417	24
264	5	834	29
265	5	417	24
265	5	834	29
266	5	417	24
266	5	939	29
267	5	417	24
267	5	730	29
268	5	417	24
268	5	1148	28
268	5	1461	29
269	5	417	24
269	5	834	29
270	5	417	24
270	5	1774	28
270	5	2087	29
271	5	417	24
271	5	939	28
271	5	1252	29
272	5	417	24
272	5	782	29
272	5	1565	28
272	5	2035	25
272	5	2295	30
273	5	417	24
274	5	417	24
274	5	1461	28
274	5	1774	29
275	5	417	24
275	5	2191	28
276	5	417	24
277	5	417	24
277	5	1930	28
277	5	2243	29
278	5	417	24
278	5	2035	28
279	5	417	24
279	5	1565	28
279	5	1878	29
280	5	417	24
280	5	1565	28
280	5	1878	29
281	5	417	24
282	5	417	24
282	5	1982	28
282	5	2295	29
283	5	417	24
283	5	1356	28
283	5	1669	29
284	5	417	24
284	5	730	29
284	5	1513	28
285	5	417	24
285	5	1252	28
285	5	1565	29
286	5	417	24
286	5	730	29
286	5	1826	28
286	5	2295	25
287	5	417	24
287	5	1513	28
287	5	1826	29
288	5	417	24
288	5	834	29
289	5	417	24
290	5	417	24
291	5	417	24
291	5	1826	28
291	5	2139	29
292	5	417	24
292	5	1878	28
292	5	2191	29
293	5	417	24
293	5	730	29
293	5	1565	28
293	5	2295	25
294	5	417	24
294	5	782	29
295	5	417	24
295	5	1513	28
295	5	1826	29
296	5	417	24
296	5	730	29
297	5	417	24
298	5	417	24
298	5	1148	28
298	5	1461	29
299	5	417	24
299	5	730	29
300	5	417	24
300	5	1878	28
300	5	2191	29
301	5	417	24
301	5	730	29
302	5	417	24
302	5	887	29
302	5	2087	28
303	5	417	24
303	5	730	29
303	5	1513	28
304	5	417	24
304	5	730	29
305	5	417	24
306	5	417	24
306	5	730	29
307	5	417	24
307	5	1878	28
307	5	2191	29
308	5	417	24
308	5	1304	28
308	5	1617	29
309	5	417	24
309	5	730	29
309	5	1565	28
309	5	2139	25
310	5	417	24
310	5	887	29
310	5	1722	28
310	5	2191	25
311	5	417	24
311	5	2087	28
312	5	417	24
312	5	1513	28
312	5	1826	29
313	5	417	24
313	5	1565	28
313	5	1878	29
314	5	417	24
314	5	1617	28
314	5	1930	29
315	5	417	24
315	5	991	28
315	5	1304	29
316	5	417	24
317	5	417	24
317	5	1461	28
317	5	1774	29
318	5	417	24
318	5	2139	28
319	5	417	24
319	5	2191	28
320	5	417	24
320	5	1461	28
320	5	1774	29
321	5	417	24
321	5	730	29
322	5	417	24
322	5	834	29
323	5	417	24
323	5	2087	28
324	5	417	24
324	5	1565	28
324	5	1878	29
325	5	417	24
325	5	1565	28
325	5	1878	29
326	5	417	24
326	5	730	29
326	5	2191	28
327	5	417	24
327	5	1252	28
327	5	1565	29
328	5	417	24
328	5	1774	28
328	5	2087	29
329	5	417	24
329	5	1930	28
329	5	2243	29
330	5	417	24
330	5	1043	28
330	5	1356	29
331	5	417	24
331	5	730	29
332	5	417	24
332	5	939	28
332	5	1252	29
333	5	417	24
333	5	730	29
333	5	2087	28
334	5	417	24
334	5	1513	28
334	5	1826	29
335	5	417	24
335	5	678	29
335	5	2243	28
336	5	417	24
336	5	834	29
336	5	2243	28
337	5	417	24
337	5	1617	28
337	5	1930	29
338	5	417	24
338	5	2035	28
339	5	417	24
339	5	782	29
340	5	417	24
340	5	1304	28
340	5	1617	29
341	5	417	24
341	5	1304	28
341	5	1617	29
342	5	417	24
342	5	730	29
342	5	1617	28
343	5	417	24
343	5	730	29
343	5	2087	28
344	5	417	24
345	5	417	24
345	5	939	28
345	5	1252	29
346	5	417	24
346	5	939	29
346	5	1722	28
347	5	417	24
347	5	991	28
347	5	1304	29
348	5	417	24
348	5	782	29
349	5	417	24
349	5	782	29
349	5	1565	28
350	5	417	24
351	5	417	24
351	5	939	29
352	5	417	24
352	5	991	28
352	5	1304	29
353	5	417	24
353	5	782	29
354	5	417	24
354	5	730	29
354	5	1513	28
355	5	417	24
355	5	834	29
356	5	417	24
356	5	1252	28
356	5	1565	29
357	5	417	24
357	5	939	29
358	5	417	24
358	5	1252	28
358	5	1565	29
359	5	417	24
360	5	417	24
360	5	1826	28
360	5	2139	29
361	5	417	24
361	5	939	29
362	5	417	24
363	5	417	24
364	5	417	24
364	5	730	29
365	5	417	24
366	5	417	24
366	5	1095	28
366	5	1408	29
367	5	417	24
367	5	887	29
368	5	417	24
368	5	730	29
368	5	1565	28
368	5	2295	25
369	5	417	24
369	5	834	29
369	5	2139	28
370	5	417	24
371	5	417	24
371	5	782	29
372	5	417	24
372	5	1200	28
372	5	1513	29
373	5	417	24
374	5	417	24
374	5	1774	28
374	5	2087	29
375	5	417	24
375	5	1513	28
375	5	1826	29
376	5	417	24
376	5	939	28
376	5	1252	29
377	5	417	24
377	5	1461	28
377	5	1774	29
378	5	417	24
378	5	1304	28
378	5	1617	29
379	5	417	24
379	5	1043	28
379	5	1356	29
380	5	417	24
380	5	939	28
380	5	1252	29
381	5	417	24
381	5	1356	28
381	5	1669	29
382	5	417	24
382	5	782	29
383	5	417	24
384	5	417	24
384	5	887	29
385	5	417	24
385	5	1200	28
385	5	1513	29
386	5	417	24
386	5	939	29
387	5	417	24
387	5	887	29
387	5	1930	28
388	5	417	24
388	5	2243	28
389	5	417	24
389	5	730	29
390	5	417	24
390	5	730	29
390	5	2139	28
391	5	417	24
391	5	834	29
391	5	1982	28
392	5	417	24
392	5	1826	28
392	5	2139	29
393	5	417	24
393	5	730	29
394	5	417	24
394	5	1095	28
394	5	1408	29
395	5	417	24
396	5	417	24
396	5	730	29
396	5	1461	28
397	5	417	24
397	5	1356	28
397	5	1669	29
398	5	417	24
398	5	939	28
398	5	1252	29
399	5	417	24
399	5	730	29
400	5	417	24
400	5	887	29
401	5	417	24
402	5	417	24
402	5	939	28
402	5	1252	29
403	5	417	24
403	5	2191	28
404	5	417	24
404	5	1356	28
404	5	1669	29
405	5	417	24
405	5	1513	28
405	5	1826	29
406	5	417	24
406	5	887	29
407	5	417	24
407	5	1252	28
407	5	1565	29
408	5	417	24
409	5	417	24
409	5	1722	28
409	5	2035	29
410	5	417	24
410	5	1722	28
410	5	2035	29
411	5	417	24
411	5	730	29
411	5	1617	28
412	5	417	24
412	5	730	29
412	5	1513	28
412	5	1982	25
412	5	2243	30
413	5	417	24
413	5	730	29
413	5	1461	28
414	5	417	24
414	5	939	28
414	5	1252	29
415	5	417	24
415	5	834	29
415	5	2243	28
416	5	417	24
416	5	1878	28
416	5	2191	29
417	5	417	24
417	5	887	29
417	5	2243	28
418	5	417	24
418	5	939	29
418	5	1669	28
419	5	417	24
419	5	887	29
420	5	417	24
420	5	1200	28
420	5	1513	29
421	5	417	24
421	5	2139	28
422	5	417	24
422	5	1826	28
422	5	2139	29
423	5	417	24
423	5	1200	28
423	5	1513	29
424	5	417	24
424	5	782	29
424	5	1669	28
424	5	2087	25
425	5	417	24
425	5	939	28
425	5	1252	29
426	5	417	24
426	5	1200	28
426	5	1513	29
427	5	417	24
427	5	2243	28
428	5	417	24
428	5	782	29
429	5	417	24
429	5	939	28
429	5	1252	29
430	5	417	24
430	5	834	29
431	5	417	24
431	5	730	29
432	5	417	24
432	5	834	29
432	5	1722	28
433	5	417	24
433	5	1043	28
433	5	1356	29
434	5	417	24
434	5	782	29
434	5	1669	28
434	5	2139	25
435	5	417	24
435	5	730	29
435	5	2139	28
436	5	417	24
436	5	730	29
436	5	1617	28
437	5	417	24
437	5	782	29
438	5	417	24
438	5	1043	28
438	5	1356	29
439	5	417	24
439	5	1722	28
439	5	2035	29
440	5	417	24
440	5	1148	28
440	5	1461	29
441	5	417	24
442	5	417	24
442	5	1095	28
442	5	1408	29
443	5	417	24
444	5	417	24
445	5	417	24
445	5	730	29
445	5	2087	28
446	5	417	24
446	5	1774	28
446	5	2087	29
447	5	417	24
447	5	1930	28
447	5	2243	29
448	5	417	24
449	5	417	24
450	5	417	24
451	5	417	24
451	5	1095	28
451	5	1408	29
452	5	417	24
452	5	887	29
453	5	417	24
453	5	730	29
453	5	1513	28
454	5	417	24
454	5	1930	28
454	5	2243	29
455	5	417	24
455	5	1304	28
455	5	1617	29
456	5	417	24
456	5	1461	28
456	5	1774	29
457	5	417	24
457	5	1148	28
457	5	1461	29
458	5	417	24
459	5	417	24
459	5	2087	28
460	5	417	24
460	5	782	29
461	5	417	24
461	5	782	29
461	5	2191	28
462	5	417	24
462	5	939	29
463	5	417	24
463	5	887	29
463	5	1722	28
464	5	417	24
464	5	1200	28
464	5	1513	29
465	5	417	24
465	5	782	29
466	5	417	24
466	5	730	29
467	5	417	24
467	5	730	29
468	5	417	24
468	5	730	29
469	5	417	24
469	5	730	29
469	5	1826	28
470	5	417	24
470	5	2139	28
471	5	417	24
471	5	1669	28
471	5	1982	29
472	5	417	24
472	5	782	29
473	5	417	24
473	5	1095	28
473	5	1408	29
474	5	417	24
474	5	782	29
474	5	2243	28
475	5	417	24
475	5	1774	28
475	5	2087	29
476	5	417	24
476	5	2087	28
477	5	417	24
478	5	417	24
478	5	1356	28
478	5	1669	29
479	5	417	24
480	5	417	24
480	5	1461	28
480	5	1774	29
481	5	417	24
481	5	887	29
481	5	1617	28
482	5	417	24
482	5	939	29
483	5	417	24
484	5	417	24
484	5	2295	28
485	5	417	24
485	5	1617	28
485	5	1930	29
486	5	417	24
486	5	1461	28
486	5	1774	29
487	5	417	24
487	5	730	29
488	5	417	24
488	5	1461	28
488	5	1774	29
489	5	417	24
489	5	730	29
489	5	1617	28
490	5	417	24
490	5	1095	28
490	5	1408	29
491	5	417	24
491	5	1043	28
491	5	1356	29
492	5	417	24
492	5	1200	28
492	5	1513	29
493	5	417	24
494	5	417	24
494	5	834	29
495	5	417	24
495	5	1095	28
495	5	1408	29
496	5	417	24
496	5	1043	28
496	5	1356	29
497	5	417	24
497	5	782	29
498	5	417	24
498	5	939	28
498	5	1252	29
499	5	417	24
499	5	939	29
500	5	417	24
500	5	730	29
500	5	1513	28
501	5	417	24
501	5	1617	28
501	5	1930	29
502	5	417	24
502	5	1148	28
502	5	1461	29
503	5	417	24
503	5	730	29
503	5	1461	28
503	5	2035	25
503	5	2295	30
504	5	417	24
505	5	417	24
505	5	1617	28
505	5	1930	29
506	5	417	24
506	5	1408	28
506	5	1722	29
507	5	417	24
507	5	2295	28
508	5	417	24
508	5	730	29
508	5	1722	28
508	5	2191	25
509	5	417	24
510	5	417	24
510	5	2191	28
511	5	417	24
512	5	417	24
512	5	1148	28
512	5	1461	29
513	5	417	24
513	5	1200	28
513	5	1513	29
514	5	417	24
514	5	887	29
514	5	2295	28
515	5	417	24
515	5	730	29
515	5	1982	28
516	5	417	24
516	5	1669	28
516	5	1982	29
517	5	417	24
517	5	1513	28
517	5	1826	29
518	5	417	24
518	5	1252	28
518	5	1565	29
519	5	417	24
519	5	887	29
520	5	417	24
520	5	939	28
520	5	1252	29
521	5	417	24
521	5	730	29
521	5	1669	28
522	5	417	24
522	5	1043	28
522	5	1356	29
523	5	417	24
523	5	782	29
523	5	2139	28
524	5	417	24
525	5	417	24
525	5	939	29
525	5	1669	28
526	5	417	24
526	5	2139	28
527	5	417	24
527	5	730	29
528	5	417	24
528	5	730	29
529	5	417	24
529	5	730	29
529	5	1461	28
530	5	417	24
530	5	1461	28
530	5	1774	29
531	5	417	24
531	5	1200	28
531	5	1513	29
532	5	417	24
532	5	1252	28
532	5	1565	29
533	5	417	24
533	5	2295	28
534	5	417	24
534	5	730	29
534	5	1722	28
535	5	417	24
536	5	417	24
536	5	1774	28
536	5	2087	29
537	5	417	24
537	5	939	28
537	5	1252	29
538	5	417	24
538	5	730	29
539	5	417	24
539	5	730	29
540	5	417	24
540	5	2295	28
541	5	417	24
541	5	782	29
542	5	417	24
542	5	1304	28
542	5	1617	29
543	5	417	24
543	5	1252	28
543	5	1565	29
544	5	417	24
544	5	939	29
544	5	1722	28
544	5	2295	25
545	5	417	24
546	5	417	24
546	5	1356	28
546	5	1669	29
547	5	417	24
547	5	939	28
547	5	1252	29
548	5	417	24
549	5	417	24
549	5	1461	28
549	5	1774	29
550	5	417	24
550	5	730	29
550	5	1513	28
550	5	2191	25
551	5	417	24
551	5	782	29
551	5	1617	28
552	5	417	24
552	5	1669	28
552	5	1982	29
553	5	417	24
553	5	1148	28
553	5	1461	29
554	5	417	24
554	5	730	29
554	5	2139	28
555	5	417	24
555	5	730	29
555	5	1461	28
555	5	2035	25
555	5	2295	30
556	5	417	24
556	5	1095	28
556	5	1408	29
557	5	417	24
557	5	2243	28
558	5	417	24
558	5	782	29
559	5	417	24
559	5	1200	28
559	5	1513	29
560	5	417	24
561	5	417	24
561	5	1461	28
561	5	1774	29
562	5	417	24
562	5	1200	28
562	5	1513	29
563	5	417	24
563	5	1043	28
563	5	1356	29
564	5	417	24
564	5	1774	28
564	5	2087	29
565	5	417	24
565	5	782	29
565	5	1669	28
565	5	2139	25
566	5	417	24
566	5	834	29
567	5	417	24
567	5	1252	28
567	5	1565	29
568	5	417	24
568	5	730	29
568	5	1722	28
569	5	417	24
569	5	1200	28
569	5	1513	29
570	5	417	24
570	5	1461	28
570	5	1774	29
571	5	417	24
571	5	730	29
572	5	417	24
572	5	1930	28
572	5	2243	29
573	5	417	24
574	5	417	24
575	5	417	24
575	5	730	29
575	5	1513	28
576	5	417	24
576	5	1356	28
576	5	1669	29
577	5	417	24
577	5	730	29
578	5	417	24
578	5	1513	28
578	5	1826	29
579	5	417	24
580	5	417	24
581	5	417	24
581	5	1252	28
581	5	1565	29
582	5	417	24
582	5	1148	28
582	5	1461	29
583	5	417	24
583	5	730	29
583	5	1461	28
584	5	417	24
584	5	782	29
585	5	417	24
585	5	730	29
585	5	1461	28
586	5	417	24
586	5	1043	28
586	5	1356	29
587	5	417	24
587	5	730	29
587	5	1565	28
588	5	417	24
588	5	887	29
589	5	417	24
589	5	939	29
589	5	2191	28
590	5	417	24
590	5	782	29
591	5	417	24
591	5	1878	28
591	5	2191	29
592	5	417	24
593	5	417	24
593	5	1826	28
593	5	2139	29
594	5	417	24
594	5	1356	28
594	5	1669	29
595	5	417	24
595	5	782	29
595	5	1617	28
595	5	2295	25
596	5	417	24
596	5	1043	28
596	5	1356	29
597	5	417	24
597	5	1617	28
597	5	1930	29
598	5	417	24
598	5	730	29
599	5	417	24
599	5	730	29
599	5	2191	28
600	5	417	24
600	5	1982	28
600	5	2295	29
601	5	417	24
601	5	887	29
602	5	417	24
603	5	417	24
604	5	417	24
604	5	1148	28
604	5	1461	29
605	5	417	24
605	5	1356	28
605	5	1669	29
606	5	417	24
606	5	1043	28
606	5	1356	29
607	5	417	24
607	5	730	29
607	5	2035	28
608	5	417	24
608	5	887	29
609	5	417	24
610	5	417	24
611	5	417	24
611	5	1200	28
611	5	1513	29
612	5	417	24
612	5	1304	28
612	5	1617	29
613	5	417	24
613	5	2191	28
614	5	417	24
614	5	1356	28
614	5	1669	29
615	5	417	24
615	5	1304	28
615	5	1617	29
616	5	417	24
616	5	1252	28
616	5	1565	29
617	5	417	24
617	5	2139	28
618	5	417	24
619	5	417	24
619	5	1617	28
619	5	1930	29
620	5	417	24
620	5	782	29
621	5	417	24
621	5	1148	28
621	5	1461	29
622	5	417	24
622	5	730	29
623	5	417	24
623	5	1617	28
623	5	1930	29
624	5	417	24
624	5	834	29
625	5	417	24
625	5	1252	28
625	5	1565	29
626	5	417	24
626	5	887	29
627	5	417	24
627	5	939	29
628	5	417	24
628	5	1043	28
628	5	1356	29
629	5	417	24
629	5	1774	28
629	5	2087	29
630	5	417	24
630	5	1200	28
630	5	1513	29
631	5	417	24
631	5	991	28
631	5	1304	29
632	5	417	24
632	5	730	29
632	5	2035	28
633	5	417	24
633	5	1982	28
633	5	2295	29
634	5	417	24
634	5	1304	28
634	5	1617	29
635	5	417	24
635	5	1617	28
635	5	1930	29
636	5	417	24
637	5	417	24
638	5	417	24
638	5	2035	28
639	5	417	24
639	5	834	29
639	5	1722	28
640	5	417	24
640	5	2087	28
641	5	417	24
641	5	939	28
641	5	1252	29
642	5	417	24
642	5	1408	28
642	5	1722	29
643	5	417	24
644	5	417	24
644	5	887	29
645	5	417	24
645	5	1095	28
645	5	1408	29
646	5	417	24
646	5	782	29
646	5	1722	28
647	5	417	24
648	5	417	24
648	5	1148	28
648	5	1461	29
649	5	417	24
649	5	887	29
650	5	417	24
650	5	1826	28
650	5	2139	29
651	5	417	24
651	5	939	29
652	5	417	24
652	5	939	28
652	5	1252	29
653	5	417	24
653	5	939	28
653	5	1252	29
654	5	417	24
654	5	1669	28
654	5	1982	29
655	5	417	24
655	5	1148	28
655	5	1461	29
656	5	417	24
656	5	1043	28
656	5	1356	29
657	5	417	24
657	5	834	29
658	5	417	24
658	5	887	29
658	5	1826	28
659	5	417	24
659	5	1304	28
659	5	1617	29
660	5	417	24
660	5	1982	28
660	5	2295	29
661	5	417	24
661	5	834	29
662	5	417	24
662	5	1043	28
662	5	1356	29
663	5	417	24
663	5	1356	28
663	5	1669	29
664	5	417	24
664	5	834	29
664	5	1826	28
665	5	417	24
665	5	782	29
666	5	417	24
666	5	730	29
666	5	2243	28
667	5	417	24
667	5	782	29
668	5	417	24
668	5	1304	28
668	5	1617	29
669	5	417	24
669	5	1200	28
669	5	1513	29
670	5	417	24
670	5	1252	28
670	5	1565	29
671	5	417	24
672	5	417	24
672	5	1513	28
672	5	1826	29
673	5	417	24
673	5	1252	28
673	5	1565	29
674	5	417	24
674	5	1095	28
674	5	1408	29
675	5	417	24
675	5	1200	28
675	5	1513	29
676	5	417	24
676	5	730	29
676	5	1774	28
677	5	417	24
677	5	1095	28
677	5	1408	29
678	5	417	24
678	5	887	29
679	5	417	24
679	5	1722	28
679	5	2035	29
680	5	417	24
680	5	1148	28
680	5	1461	29
681	5	417	24
681	5	1617	28
681	5	1930	29
682	5	417	24
682	5	939	29
683	5	417	24
683	5	1617	28
683	5	1930	29
684	5	417	24
684	5	1200	28
684	5	1513	29
685	5	417	24
685	5	939	28
685	5	1252	29
686	5	417	24
686	5	834	29
687	5	417	24
687	5	1669	28
687	5	1982	29
688	5	417	24
688	5	1513	28
688	5	1826	29
689	5	417	24
689	5	1408	28
689	5	1722	29
690	5	417	24
690	5	939	28
690	5	1252	29
691	5	417	24
691	5	834	29
691	5	1774	28
692	5	417	24
692	5	939	28
692	5	1252	29
693	5	417	24
693	5	991	28
693	5	1304	29
694	5	417	24
694	5	939	29
695	5	417	24
695	5	730	29
695	5	2191	28
696	5	417	24
696	5	1513	28
696	5	1826	29
697	5	417	24
697	5	834	29
697	5	2035	28
698	5	417	24
698	5	1826	28
698	5	2139	29
699	5	417	24
699	5	1043	28
699	5	1356	29
700	5	417	24
700	5	939	28
700	5	1252	29
701	5	417	24
701	5	1148	28
701	5	1461	29
702	5	417	24
702	5	1617	28
702	5	1930	29
703	5	417	24
703	5	834	29
703	5	2087	28
704	5	417	24
705	5	417	24
705	5	1356	28
705	5	1669	29
706	5	417	24
706	5	730	29
707	5	417	24
707	5	887	29
708	5	417	24
708	5	1252	28
708	5	1565	29
709	5	417	24
709	5	887	29
709	5	1930	28
710	5	417	24
710	5	887	29
710	5	1722	28
711	5	417	24
711	5	1252	28
711	5	1565	29
712	5	417	24
712	5	1200	28
712	5	1513	29
713	5	417	24
714	5	417	24
714	5	730	29
714	5	2243	28
715	5	417	24
715	5	1200	28
715	5	1513	29
716	5	417	24
716	5	730	29
716	5	1669	28
717	5	417	24
717	5	1200	28
717	5	1513	29
718	5	417	24
718	5	782	29
718	5	2035	28
719	5	417	24
720	5	417	24
721	5	417	24
721	5	1095	28
721	5	1408	29
722	5	417	24
722	5	730	29
722	5	1461	28
723	5	417	24
723	5	1617	28
723	5	1930	29
724	5	417	24
724	5	1982	28
724	5	2295	29
725	5	417	24
725	5	939	29
726	5	417	24
726	5	1043	28
726	5	1356	29
727	5	417	24
727	5	1722	28
727	5	2035	29
728	5	417	24
728	5	2035	28
729	5	417	24
729	5	887	29
730	5	417	24
730	5	1095	28
730	5	1408	29
731	5	417	24
731	5	730	29
732	5	417	24
732	5	939	29
733	5	417	24
733	5	834	29
734	5	417	24
734	5	730	29
734	5	2139	28
735	5	417	24
735	5	2191	28
736	5	417	24
736	5	1408	28
736	5	1722	29
737	5	417	24
737	5	834	29
737	5	1930	28
738	5	417	24
738	5	939	29
738	5	1774	28
738	5	2191	25
739	5	417	24
739	5	1304	28
739	5	1617	29
740	5	417	24
741	5	417	24
741	5	939	28
741	5	1252	29
742	5	417	24
742	5	730	29
742	5	1722	28
742	5	2191	25
743	5	417	24
743	5	730	29
743	5	2243	28
744	5	417	24
744	5	1304	28
744	5	1617	29
745	5	417	24
745	5	1930	28
745	5	2243	29
746	5	417	24
746	5	1461	28
746	5	1774	29
747	5	417	24
747	5	1200	28
747	5	1513	29
748	5	417	24
749	5	417	24
750	5	417	24
750	5	939	28
750	5	1252	29
751	5	417	24
752	5	417	24
752	5	1148	28
752	5	1461	29
753	5	417	24
753	5	730	29
753	5	1826	28
753	5	2295	25
754	5	417	24
754	5	782	29
755	5	417	24
755	5	782	29
756	5	417	24
756	5	782	29
756	5	1669	28
757	5	417	24
757	5	1878	28
757	5	2191	29
758	5	417	24
758	5	730	29
759	5	417	24
759	5	1669	28
759	5	1982	29
760	5	417	24
760	5	1722	28
760	5	2035	29
761	5	417	24
761	5	1252	28
761	5	1565	29
762	5	417	24
762	5	939	29
763	5	417	24
763	5	1408	28
763	5	1722	29
764	5	417	24
765	5	417	24
765	5	730	29
766	5	417	24
766	5	834	29
767	5	417	24
767	5	1304	28
767	5	1617	29
768	5	417	24
768	5	2035	28
769	5	417	24
769	5	1982	28
769	5	2295	29
770	5	417	24
771	5	417	24
771	5	1356	28
771	5	1669	29
772	5	417	24
772	5	1826	28
772	5	2139	29
773	5	417	24
773	5	1669	28
773	5	1982	29
774	5	417	24
774	5	730	29
774	5	1722	28
775	5	417	24
775	5	1930	28
775	5	2243	29
776	5	417	24
776	5	730	29
776	5	1774	28
777	5	417	24
777	5	2295	28
778	5	417	24
778	5	887	29
779	5	417	24
779	5	2139	28
780	5	417	24
780	5	939	28
780	5	1252	29
781	5	417	24
781	5	939	29
781	5	2035	28
782	5	417	24
782	5	1304	28
782	5	1617	29
783	5	417	24
783	5	1930	28
783	5	2243	29
784	5	417	24
784	5	730	29
784	5	2295	28
785	5	417	24
785	5	939	28
785	5	1252	29
786	5	417	24
787	5	417	24
787	5	1722	28
787	5	2035	29
788	5	417	24
788	5	834	29
789	5	417	24
789	5	1252	28
789	5	1565	29
790	5	417	24
790	5	1304	28
790	5	1617	29
791	5	417	24
791	5	1826	28
791	5	2139	29
792	5	417	24
792	5	887	29
793	5	417	24
793	5	730	29
793	5	2087	28
794	5	417	24
794	5	730	29
795	5	417	24
795	5	1930	28
795	5	2243	29
796	5	417	24
796	5	1669	28
796	5	1982	29
797	5	417	24
797	5	730	29
798	5	417	24
798	5	1513	28
798	5	1826	29
799	5	417	24
800	5	417	24
800	5	1617	28
800	5	1930	29
801	5	417	24
801	5	1669	28
801	5	1982	29
802	5	417	24
802	5	939	28
802	5	1252	29
803	5	417	24
803	5	939	29
803	5	2139	28
804	5	417	24
804	5	939	28
804	5	1252	29
805	5	417	24
806	5	417	24
806	5	1722	28
806	5	2035	29
807	5	417	24
807	5	730	29
807	5	1461	28
808	5	417	24
808	5	2295	28
809	5	417	24
809	5	1982	28
809	5	2295	29
810	5	417	24
810	5	730	29
810	5	2139	28
811	5	417	24
811	5	730	29
811	5	2295	28
812	5	417	24
812	5	782	29
812	5	1878	28
813	5	417	24
813	5	1095	28
813	5	1408	29
814	5	417	24
814	5	2243	28
815	5	417	24
815	5	730	29
816	5	417	24
816	5	1304	28
816	5	1617	29
817	5	417	24
818	5	417	24
818	5	991	28
818	5	1304	29
819	5	417	24
819	5	1826	28
819	5	2139	29
820	5	417	24
820	5	1826	28
820	5	2139	29
821	5	417	24
821	5	1408	28
821	5	1722	29
822	5	417	24
822	5	730	29
822	5	2191	28
823	5	417	24
823	5	730	29
823	5	1669	28
823	5	2191	25
824	5	417	24
824	5	1200	28
824	5	1513	29
825	5	417	24
825	5	1200	28
825	5	1513	29
826	5	417	24
826	5	1148	28
826	5	1461	29
827	5	417	24
827	5	1982	28
827	5	2295	29
828	5	417	24
828	5	1513	28
828	5	1826	29
829	5	417	24
829	5	2191	28
830	5	417	24
830	5	1461	28
830	5	1774	29
831	5	417	24
831	5	887	29
831	5	1722	28
831	5	2191	25
832	5	417	24
832	5	782	29
832	5	1617	28
832	5	2139	25
833	5	417	24
833	5	1461	28
833	5	1774	29
834	5	417	24
834	5	834	29
834	5	1774	28
834	5	2295	25
835	5	417	24
835	5	991	28
835	5	1304	29
836	5	417	24
836	5	2295	28
837	5	417	24
837	5	1617	28
837	5	1930	29
838	5	417	24
838	5	730	29
838	5	1930	28
839	5	417	24
839	5	1565	28
839	5	1878	29
840	5	417	24
840	5	730	29
840	5	1408	28
841	5	417	24
841	5	834	29
842	5	417	24
842	5	1148	28
842	5	1461	29
843	5	417	24
843	5	730	29
843	5	1565	28
843	5	2035	25
843	5	2295	30
844	5	417	24
844	5	1669	28
844	5	1982	29
845	5	417	24
845	5	1513	28
845	5	1826	29
846	5	417	24
846	5	1617	28
846	5	1930	29
847	5	417	24
847	5	1408	28
847	5	1722	29
848	5	417	24
848	5	730	29
848	5	1722	28
849	5	417	24
850	5	417	24
850	5	834	29
850	5	1565	28
851	5	417	24
852	5	417	24
853	5	417	24
853	5	1826	28
853	5	2139	29
854	5	417	24
854	5	1200	28
854	5	1513	29
855	5	417	24
855	5	939	29
856	5	417	24
856	5	1304	28
856	5	1617	29
857	5	417	24
857	5	1826	28
857	5	2139	29
858	5	417	24
858	5	1043	28
858	5	1356	29
859	5	417	24
860	5	417	24
861	5	417	24
861	5	834	29
862	5	417	24
862	5	1878	28
862	5	2191	29
863	5	417	24
863	5	834	29
863	5	2139	28
864	5	417	24
864	5	730	29
864	5	1669	28
864	5	2295	25
865	5	417	24
865	5	782	29
866	5	417	24
866	5	730	29
867	5	417	24
867	5	1356	28
867	5	1669	29
868	5	417	24
868	5	834	29
869	5	417	24
869	5	1148	28
869	5	1461	29
870	5	417	24
870	5	1356	28
870	5	1669	29
871	5	417	24
871	5	1304	28
871	5	1617	29
872	5	417	24
873	5	417	24
873	5	730	29
873	5	1617	28
874	5	417	24
875	5	417	24
875	5	939	29
876	5	417	24
876	5	782	29
877	5	417	24
877	5	730	29
877	5	1513	28
878	5	417	24
878	5	1461	28
878	5	1774	29
879	5	417	24
879	5	1252	28
879	5	1565	29
880	5	417	24
880	5	730	29
880	5	2087	28
881	5	417	24
882	5	417	24
882	5	1461	28
882	5	1774	29
883	5	417	24
883	5	2035	28
884	5	417	24
884	5	834	29
885	5	417	24
885	5	730	29
885	5	1565	28
886	5	417	24
886	5	1565	28
886	5	1878	29
887	5	417	24
887	5	991	28
887	5	1304	29
888	5	417	24
889	5	417	24
889	5	1669	28
889	5	1982	29
890	5	417	24
890	5	1461	28
890	5	1774	29
891	5	417	24
891	5	834	29
892	5	417	24
892	5	1826	28
892	5	2139	29
893	5	417	24
893	5	887	29
894	5	417	24
894	5	939	29
895	5	417	24
895	5	1148	28
895	5	1461	29
896	5	417	24
896	5	834	29
897	5	417	24
897	5	834	29
898	5	417	24
898	5	834	29
898	5	1669	28
899	5	417	24
899	5	782	29
899	5	1826	28
900	5	417	24
900	5	1356	28
900	5	1669	29
901	5	417	24
901	5	730	29
902	5	417	24
902	5	1095	28
902	5	1408	29
903	5	417	24
903	5	834	29
903	5	1878	28
904	5	417	24
905	5	417	24
905	5	1513	28
905	5	1826	29
906	5	417	24
906	5	782	29
907	5	417	24
908	5	417	24
908	5	782	29
909	5	417	24
909	5	2191	28
910	5	417	24
910	5	1356	28
910	5	1669	29
911	5	417	24
912	5	417	24
912	5	834	29
913	5	417	24
913	5	1461	28
913	5	1774	29
914	5	417	24
914	5	1095	28
914	5	1408	29
915	5	417	24
915	5	1461	28
915	5	1774	29
916	5	417	24
916	5	834	29
917	5	417	24
917	5	1565	28
917	5	1878	29
918	5	417	24
918	5	1408	28
918	5	1722	29
919	5	417	24
919	5	1774	28
919	5	2087	29
920	5	417	24
920	5	1565	28
920	5	1878	29
921	5	417	24
922	5	417	24
922	5	1252	28
922	5	1565	29
923	5	417	24
923	5	1513	28
923	5	1826	29
924	5	417	24
924	5	887	29
924	5	1617	28
925	5	417	24
925	5	782	29
926	5	417	24
926	5	939	29
926	5	1930	28
927	5	417	24
927	5	1148	28
927	5	1461	29
928	5	417	24
929	5	417	24
929	5	887	29
930	5	417	24
931	5	417	24
931	5	730	29
931	5	1513	28
932	5	417	24
932	5	1356	28
932	5	1669	29
933	5	417	24
933	5	1408	28
933	5	1722	29
934	5	417	24
934	5	1304	28
934	5	1617	29
935	5	417	24
935	5	834	29
936	5	417	24
936	5	1565	28
936	5	1878	29
937	5	417	24
937	5	1878	28
937	5	2191	29
938	5	417	24
938	5	1252	28
938	5	1565	29
939	5	417	24
940	5	417	24
940	5	991	28
940	5	1304	29
941	5	417	24
941	5	730	29
941	5	1826	28
942	5	417	24
942	5	730	29
942	5	1669	28
943	5	417	24
944	5	417	24
944	5	1148	28
944	5	1461	29
945	5	417	24
946	5	417	24
946	5	1148	28
946	5	1461	29
947	5	417	24
947	5	782	29
947	5	1565	28
947	5	2295	25
948	5	417	24
948	5	730	29
949	5	417	24
949	5	730	29
949	5	1461	28
950	5	417	24
950	5	730	29
951	5	417	24
952	5	417	24
953	5	417	24
953	5	782	29
954	5	417	24
954	5	730	29
954	5	2087	28
955	5	417	24
956	5	417	24
956	5	2243	28
957	5	417	24
958	5	417	24
958	5	1878	28
958	5	2191	29
959	5	417	24
960	5	417	24
960	5	991	28
960	5	1304	29
961	5	417	24
961	5	939	28
961	5	1252	29
962	5	417	24
962	5	2191	28
963	5	417	24
963	5	834	29
964	5	417	24
964	5	782	29
964	5	1669	28
965	5	417	24
965	5	1200	28
965	5	1513	29
966	5	417	24
966	5	782	29
966	5	2139	28
967	5	417	24
968	5	417	24
968	5	1043	28
968	5	1356	29
969	5	417	24
969	5	1043	28
969	5	1356	29
970	5	417	24
971	5	417	24
971	5	834	29
971	5	2139	28
972	5	417	24
972	5	730	29
972	5	1513	28
973	5	417	24
974	5	417	24
974	5	939	29
975	5	417	24
975	5	1669	28
975	5	1982	29
976	5	417	24
976	5	991	28
976	5	1304	29
977	5	417	24
978	5	417	24
978	5	834	29
978	5	2295	28
979	5	417	24
979	5	1513	28
979	5	1826	29
980	5	417	24
980	5	2139	28
981	5	417	24
981	5	1148	28
981	5	1461	29
982	5	417	24
982	5	939	29
983	5	417	24
983	5	730	29
984	5	417	24
984	5	1200	28
984	5	1513	29
985	5	417	24
985	5	1304	28
985	5	1617	29
986	5	417	24
987	5	417	24
987	5	1722	28
987	5	2035	29
988	5	417	24
988	5	939	29
989	5	417	24
989	5	730	29
990	5	417	24
990	5	1982	28
990	5	2295	29
991	5	417	24
992	5	417	24
993	5	417	24
994	5	417	24
994	5	2295	28
995	5	417	24
995	5	730	29
995	5	2191	28
996	5	417	24
996	5	1565	28
996	5	1878	29
997	5	417	24
998	5	417	24
998	5	939	28
998	5	1252	29
998	5	2191	25
999	5	417	24
999	5	1722	28
999	5	2035	29
