Realization	utility	week	infra.
0	0	678	29
1	0	678	29
2	0	521	29
3	0	1461	29
4	0	782	29
4	0	2295	30
5	0	574	29
6	0	521	29
7	0	1252	29
8	0	678	29
10	0	574	29
12	0	1617	29
13	0	1408	29
14	0	574	29
15	0	730	29
16	0	678	29
17	0	626	29
18	0	574	29
19	0	1930	29
20	0	730	29
21	0	574	29
22	0	939	29
23	0	574	29
24	0	574	29
25	0	1617	29
26	0	678	29
27	0	574	29
28	0	730	29
29	0	1043	29
30	0	1565	29
31	0	782	29
32	0	1408	29
33	0	782	29
34	0	887	29
35	0	678	29
36	0	730	29
37	0	626	29
38	0	782	29
39	0	678	29
40	0	626	29
41	0	939	29
42	0	1043	29
43	0	521	29
44	0	1930	29
45	0	782	29
46	0	782	29
47	0	1252	29
48	0	2295	29
49	0	521	29
50	0	1826	29
51	0	1878	29
52	0	1252	29
53	0	574	29
55	0	834	29
56	0	1461	29
57	0	574	29
58	0	626	29
59	0	626	29
60	0	1461	29
61	0	678	29
62	0	626	29
63	0	678	29
64	0	2191	29
65	0	521	29
66	0	1304	29
67	0	782	29
68	0	1565	29
69	0	521	29
70	0	782	29
71	0	1408	29
73	0	521	29
74	0	1878	29
75	0	678	29
76	0	521	29
77	0	1774	29
78	0	1617	29
79	0	782	29
80	0	678	29
81	0	678	29
82	0	730	29
83	0	1356	29
84	0	678	29
85	0	2035	29
86	0	1304	29
87	0	574	29
87	0	2139	30
88	0	678	29
89	0	1043	29
90	0	1617	29
91	0	834	29
92	0	574	29
93	0	1565	29
94	0	521	29
95	0	1356	29
96	0	1304	29
97	0	521	29
98	0	1930	29
99	0	1356	29
100	0	1669	29
101	0	887	29
102	0	678	29
103	0	1095	29
104	0	574	29
106	0	730	29
107	0	626	29
108	0	678	29
109	0	1408	29
110	0	678	29
111	0	782	29
112	0	730	29
113	0	574	29
114	0	626	29
115	0	1513	29
116	0	1722	29
117	0	1669	29
118	0	1252	29
119	0	1252	29
120	0	834	29
121	0	1461	29
122	0	678	29
123	0	521	29
124	0	730	29
125	0	574	29
126	0	574	29
127	0	678	29
128	0	574	29
129	0	521	29
130	0	574	29
131	0	782	29
132	0	626	29
133	0	574	29
134	0	834	29
135	0	574	29
136	0	574	29
136	0	1878	30
137	0	730	29
138	0	626	29
139	0	678	29
139	0	2035	30
140	0	2087	29
141	0	678	29
142	0	1200	29
143	0	1513	29
145	0	521	29
146	0	782	29
147	0	626	29
148	0	1617	29
149	0	678	29
150	0	574	29
151	0	469	29
152	0	626	29
153	0	834	29
154	0	626	29
155	0	574	29
156	0	574	29
158	0	678	29
159	0	626	29
160	0	939	29
161	0	1878	29
162	0	1304	29
163	0	1408	29
164	0	521	29
165	0	521	29
166	0	1878	29
167	0	1513	29
169	0	678	29
170	0	626	29
171	0	1408	29
172	0	1200	29
173	0	1461	29
174	0	1095	29
175	0	887	29
176	0	574	29
177	0	1669	29
178	0	2295	29
179	0	782	29
180	0	2243	29
181	0	574	29
182	0	730	29
183	0	626	29
184	0	1408	29
185	0	782	29
187	0	1095	29
188	0	1617	29
189	0	730	29
190	0	1252	29
191	0	678	29
192	0	834	29
193	0	626	29
194	0	730	29
196	0	574	29
196	0	1930	30
198	0	678	29
199	0	574	29
200	0	1408	29
201	0	2087	29
202	0	1252	29
203	0	834	29
204	0	574	29
205	0	1461	29
206	0	574	29
206	0	1878	30
207	0	678	29
208	0	574	29
210	0	626	29
211	0	1774	29
212	0	834	29
213	0	1878	29
214	0	887	29
215	0	521	29
216	0	1252	29
217	0	1200	29
218	0	887	29
219	0	521	29
220	0	1669	29
221	0	521	29
222	0	1878	29
223	0	521	29
224	0	887	29
225	0	626	29
226	0	574	29
227	0	834	29
228	0	574	29
229	0	730	29
230	0	574	29
231	0	574	29
232	0	626	29
233	0	1304	29
235	0	1774	29
236	0	521	29
237	0	1408	29
239	0	1461	29
240	0	574	29
241	0	730	29
242	0	626	29
243	0	574	29
244	0	521	29
245	0	1408	29
248	0	574	29
249	0	574	29
250	0	574	29
251	0	626	29
252	0	1722	29
253	0	834	29
255	0	1148	29
256	0	782	29
257	0	1356	29
258	0	678	29
259	0	574	29
260	0	574	29
262	0	887	29
263	0	1043	29
264	0	730	29
265	0	678	29
266	0	626	29
267	0	574	29
268	0	1304	29
269	0	730	29
270	0	1043	29
271	0	834	29
272	0	574	29
272	0	2035	30
274	0	1408	29
275	0	1878	29
277	0	1878	29
278	0	1774	29
279	0	1513	29
280	0	782	29
282	0	1826	29
283	0	1461	29
284	0	626	29
285	0	1200	29
286	0	521	29
287	0	1356	29
288	0	730	29
289	0	521	29
291	0	678	29
292	0	1774	29
293	0	574	29
294	0	626	29
295	0	1200	29
296	0	574	29
297	0	1669	29
298	0	887	29
299	0	626	29
300	0	521	29
301	0	574	29
302	0	678	29
303	0	574	29
303	0	2139	30
304	0	574	29
306	0	574	29
307	0	730	29
308	0	521	29
309	0	574	29
310	0	834	29
311	0	887	29
312	0	1200	29
313	0	939	29
314	0	1565	29
315	0	834	29
317	0	1513	29
318	0	1774	29
319	0	2087	29
320	0	1252	29
321	0	678	29
322	0	574	29
323	0	2139	29
324	0	1617	29
325	0	1513	29
326	0	626	29
327	0	1356	29
328	0	834	29
329	0	1617	29
330	0	782	29
331	0	678	29
332	0	834	29
333	0	626	29
334	0	1513	29
335	0	626	29
336	0	730	29
337	0	887	29
338	0	1669	29
339	0	678	29
340	0	1408	29
341	0	1200	29
342	0	574	29
343	0	626	29
344	0	2243	29
345	0	521	29
346	0	574	29
347	0	678	29
348	0	730	29
349	0	678	29
350	0	2295	29
351	0	626	29
352	0	626	29
353	0	678	29
354	0	574	29
355	0	678	29
356	0	887	29
357	0	730	29
358	0	1200	29
360	0	730	29
361	0	574	29
362	0	2295	29
364	0	626	29
365	0	1930	29
366	0	782	29
367	0	626	29
368	0	626	29
368	0	1930	30
369	0	730	29
370	0	887	29
371	0	574	29
372	0	834	29
374	0	1774	29
375	0	521	29
376	0	626	29
377	0	1513	29
378	0	1304	29
379	0	730	29
380	0	678	29
381	0	834	29
382	0	678	29
383	0	1669	29
384	0	834	29
385	0	834	29
386	0	626	29
387	0	574	29
388	0	2087	29
389	0	678	29
390	0	574	29
391	0	678	29
392	0	1252	29
393	0	574	29
394	0	834	29
395	0	939	29
396	0	626	29
397	0	1461	29
398	0	730	29
399	0	574	29
400	0	574	29
401	0	2191	29
402	0	626	29
403	0	2087	29
404	0	1148	29
405	0	1408	29
406	0	626	29
407	0	1408	29
409	0	1408	29
410	0	1252	29
411	0	574	29
412	0	678	29
412	0	1930	30
413	0	626	29
413	0	1930	30
414	0	626	29
415	0	678	29
416	0	1722	29
417	0	574	29
418	0	730	29
419	0	574	29
420	0	887	29
421	0	2087	29
422	0	1513	29
423	0	1148	29
424	0	574	29
424	0	2035	30
425	0	626	29
426	0	1095	29
427	0	2295	29
428	0	678	29
429	0	469	29
430	0	626	29
431	0	626	29
432	0	782	29
433	0	939	29
434	0	678	29
434	0	2243	30
435	0	521	29
436	0	678	29
437	0	574	29
438	0	678	29
439	0	1356	29
440	0	730	29
441	0	2139	29
442	0	678	29
443	0	991	29
444	0	1878	29
445	0	626	29
446	0	782	29
447	0	521	29
448	0	1356	29
451	0	782	29
452	0	521	29
453	0	626	29
454	0	1617	29
455	0	1252	29
456	0	1304	29
457	0	730	29
458	0	2035	29
459	0	469	29
460	0	626	29
461	0	574	29
462	0	834	29
463	0	782	29
464	0	939	29
465	0	678	29
466	0	574	29
467	0	574	29
468	0	626	29
469	0	574	29
470	0	1826	29
471	0	1408	29
472	0	574	29
473	0	730	29
474	0	574	29
475	0	939	29
476	0	1565	29
478	0	887	29
480	0	730	29
481	0	574	29
482	0	834	29
483	0	1982	29
484	0	2087	29
485	0	1408	29
486	0	1565	29
487	0	626	29
488	0	1565	29
489	0	626	29
490	0	834	29
491	0	678	29
492	0	1252	29
493	0	730	29
494	0	678	29
495	0	1095	29
496	0	678	29
497	0	574	29
498	0	626	29
499	0	626	29
500	0	574	29
501	0	1565	29
502	0	1095	29
503	0	626	29
503	0	1878	30
505	0	1565	29
506	0	1356	29
507	0	1930	29
508	0	678	29
510	0	1982	29
512	0	939	29
513	0	1252	29
514	0	730	29
515	0	626	29
516	0	1617	29
517	0	1565	29
518	0	1304	29
519	0	574	29
520	0	626	29
521	0	626	29
522	0	782	29
523	0	678	29
525	0	626	29
526	0	2191	29
527	0	521	29
528	0	626	29
529	0	678	29
530	0	1513	29
531	0	1356	29
532	0	1148	29
533	0	2295	29
534	0	678	29
535	0	1982	29
536	0	1565	29
537	0	887	29
538	0	574	29
539	0	626	29
540	0	521	29
541	0	574	29
542	0	1252	29
543	0	1408	29
544	0	626	29
545	0	782	29
546	0	1461	29
547	0	626	29
548	0	1617	29
549	0	1356	29
550	0	574	29
551	0	626	29
552	0	1617	29
553	0	521	29
554	0	574	29
555	0	574	29
555	0	1930	30
556	0	834	29
557	0	1982	29
558	0	521	29
559	0	1304	29
560	0	1617	29
561	0	1095	29
562	0	1304	29
563	0	521	29
564	0	1617	29
565	0	574	29
566	0	678	29
567	0	521	29
568	0	574	29
569	0	1200	29
570	0	1565	29
571	0	574	29
572	0	1461	29
573	0	2295	29
574	0	887	29
575	0	574	29
576	0	1408	29
577	0	678	29
578	0	521	29
579	0	991	29
581	0	1148	29
582	0	939	29
583	0	678	29
584	0	574	29
585	0	626	29
585	0	1826	30
586	0	730	29
587	0	574	29
588	0	574	29
589	0	678	29
590	0	730	29
591	0	1722	29
593	0	678	29
594	0	1148	29
595	0	626	29
596	0	991	29
597	0	730	29
598	0	574	29
599	0	626	29
600	0	1930	29
601	0	782	29
602	0	521	29
603	0	782	29
604	0	1095	29
605	0	521	29
606	0	678	29
607	0	574	29
608	0	574	29
611	0	782	29
612	0	1408	29
613	0	1513	29
614	0	1252	29
615	0	469	29
616	0	1304	29
617	0	2191	29
619	0	1252	29
620	0	626	29
621	0	1148	29
622	0	626	29
623	0	1252	29
624	0	574	29
625	0	1252	29
626	0	574	29
627	0	782	29
628	0	678	29
629	0	521	29
630	0	834	29
631	0	939	29
632	0	626	29
633	0	521	29
634	0	1461	29
635	0	1513	29
637	0	1513	29
638	0	1982	29
639	0	574	29
640	0	834	29
641	0	626	29
642	0	1461	29
644	0	834	29
645	0	782	29
646	0	678	29
647	0	1774	29
648	0	782	29
649	0	626	29
650	0	1774	29
651	0	626	29
652	0	782	29
653	0	782	29
654	0	887	29
655	0	782	29
656	0	678	29
657	0	834	29
658	0	782	29
659	0	1408	29
660	0	1513	29
661	0	678	29
662	0	730	29
663	0	1304	29
664	0	678	29
665	0	678	29
666	0	678	29
667	0	678	29
668	0	1043	29
669	0	834	29
670	0	1043	29
671	0	1565	29
672	0	887	29
673	0	834	29
674	0	782	29
675	0	1304	29
676	0	626	29
677	0	1043	29
678	0	626	29
679	0	1461	29
680	0	1304	29
681	0	1252	29
682	0	521	29
683	0	1513	29
684	0	1304	29
685	0	626	29
686	0	730	29
687	0	1565	29
688	0	1513	29
689	0	1461	29
690	0	521	29
691	0	678	29
692	0	626	29
693	0	678	29
694	0	834	29
695	0	574	29
696	0	939	29
697	0	574	29
698	0	1774	29
699	0	730	29
700	0	626	29
701	0	1095	29
702	0	678	29
703	0	574	29
704	0	2243	29
705	0	1252	29
706	0	626	29
707	0	730	29
708	0	1252	29
709	0	574	29
710	0	782	29
711	0	1356	29
712	0	887	29
714	0	678	29
715	0	834	29
716	0	626	29
717	0	1304	29
718	0	574	29
719	0	1148	29
720	0	2243	29
721	0	730	29
722	0	574	29
723	0	782	29
724	0	1878	29
725	0	834	29
726	0	730	29
727	0	1513	29
728	0	2139	29
729	0	730	29
730	0	1043	29
731	0	574	29
732	0	626	29
733	0	678	29
734	0	521	29
735	0	2087	29
736	0	1304	29
737	0	678	29
738	0	626	29
739	0	1408	29
741	0	834	29
742	0	678	29
743	0	574	29
744	0	1461	29
745	0	1722	29
746	0	469	29
747	0	939	29
748	0	2295	29
749	0	1669	29
750	0	678	29
751	0	1461	29
752	0	939	29
753	0	626	29
754	0	626	29
755	0	626	29
756	0	626	29
757	0	469	29
758	0	626	29
759	0	469	29
760	0	678	29
761	0	1095	29
762	0	626	29
763	0	1461	29
764	0	678	29
765	0	574	29
766	0	834	29
767	0	1408	29
768	0	1722	29
769	0	834	29
770	0	521	29
771	0	1408	29
772	0	887	29
773	0	1617	29
774	0	574	29
775	0	1513	29
776	0	574	29
777	0	2295	29
778	0	730	29
779	0	2243	29
780	0	626	29
781	0	626	29
782	0	678	29
783	0	1722	29
784	0	574	29
785	0	782	29
786	0	991	29
787	0	1461	29
788	0	521	29
789	0	1356	29
790	0	887	29
791	0	1461	29
792	0	782	29
793	0	574	29
794	0	574	29
795	0	1930	29
796	0	1565	29
797	0	730	29
798	0	1304	29
800	0	1565	29
801	0	1617	29
802	0	521	29
803	0	626	29
804	0	521	29
806	0	1513	29
807	0	678	29
808	0	2295	29
809	0	2035	29
810	0	574	29
811	0	574	29
812	0	574	29
813	0	887	29
814	0	991	29
815	0	469	29
816	0	1356	29
818	0	887	29
819	0	1722	29
820	0	730	29
821	0	1200	29
822	0	574	29
823	0	678	29
824	0	1304	29
825	0	1304	29
826	0	939	29
827	0	834	29
828	0	1304	29
829	0	2035	29
830	0	1200	29
831	0	574	29
831	0	2139	30
832	0	730	29
833	0	1461	29
834	0	730	29
835	0	678	29
837	0	1461	29
838	0	574	29
839	0	1617	29
840	0	574	29
841	0	574	29
842	0	991	29
843	0	626	29
843	0	1982	30
844	0	1461	29
845	0	1513	29
846	0	1669	29
847	0	1252	29
848	0	574	29
849	0	2087	29
850	0	574	29
852	0	939	29
853	0	1617	29
854	0	1356	29
855	0	626	29
856	0	678	29
857	0	1617	29
858	0	730	29
859	0	1565	29
860	0	1617	29
861	0	678	29
862	0	1513	29
863	0	574	29
864	0	574	29
865	0	521	29
866	0	626	29
867	0	782	29
868	0	574	29
869	0	1304	29
870	0	1148	29
871	0	1408	29
873	0	574	29
875	0	626	29
876	0	678	29
877	0	574	29
878	0	1356	29
879	0	730	29
880	0	678	29
881	0	939	29
882	0	1513	29
883	0	1982	29
884	0	730	29
885	0	730	29
886	0	939	29
887	0	834	29
888	0	2139	29
889	0	1617	29
890	0	1304	29
891	0	678	29
892	0	1774	29
893	0	574	29
894	0	626	29
895	0	678	29
896	0	678	29
897	0	521	29
898	0	730	29
899	0	678	29
900	0	939	29
901	0	626	29
902	0	887	29
903	0	574	29
905	0	1408	29
906	0	574	29
907	0	2295	29
908	0	678	29
909	0	2191	29
910	0	1408	29
911	0	939	29
912	0	574	29
913	0	1565	29
914	0	1043	29
915	0	1513	29
916	0	574	29
917	0	730	29
918	0	1252	29
919	0	1565	29
920	0	1043	29
921	0	939	29
922	0	939	29
923	0	1513	29
924	0	574	29
925	0	678	29
926	0	626	29
927	0	939	29
929	0	678	29
931	0	626	29
932	0	1356	29
933	0	1565	29
934	0	1304	29
935	0	574	29
936	0	521	29
937	0	887	29
938	0	1304	29
939	0	1513	29
940	0	678	29
941	0	574	29
942	0	574	29
943	0	2035	29
944	0	730	29
945	0	1617	29
946	0	782	29
947	0	730	29
947	0	2243	30
948	0	678	29
949	0	521	29
949	0	1878	30
950	0	678	29
953	0	678	29
954	0	574	29
956	0	1043	29
957	0	1722	29
958	0	1408	29
960	0	887	29
961	0	626	29
962	0	2087	29
963	0	730	29
964	0	574	29
965	0	887	29
966	0	574	29
967	0	1617	29
968	0	730	29
969	0	521	29
971	0	730	29
972	0	574	29
972	0	1930	30
973	0	521	29
974	0	626	29
975	0	1408	29
976	0	521	29
977	0	2087	29
978	0	782	29
979	0	1565	29
980	0	1930	29
981	0	939	29
982	0	626	29
983	0	574	29
984	0	1200	29
985	0	1408	29
987	0	1356	29
988	0	626	29
989	0	574	29
990	0	521	29
992	0	2087	29
993	0	887	29
994	0	521	29
995	0	626	29
996	0	1461	29
997	0	2295	29
998	0	521	29
999	0	1669	29
0	1	678	29
1	1	678	29
2	1	521	29
3	1	1461	29
4	1	782	29
4	1	2295	30
5	1	574	29
6	1	521	29
7	1	1252	29
8	1	678	29
10	1	574	29
12	1	1617	29
13	1	1408	29
14	1	574	29
15	1	730	29
16	1	678	29
17	1	626	29
18	1	574	29
19	1	1930	29
20	1	730	29
21	1	574	29
22	1	939	29
23	1	574	29
24	1	574	29
25	1	1617	29
26	1	678	29
27	1	574	29
28	1	730	29
29	1	1043	29
30	1	1565	29
31	1	782	29
32	1	1408	29
33	1	782	29
34	1	887	29
35	1	678	29
36	1	730	29
37	1	626	29
38	1	782	29
39	1	678	29
40	1	626	29
41	1	939	29
42	1	1043	29
43	1	521	29
44	1	1930	29
45	1	782	29
46	1	782	29
47	1	1252	29
48	1	2295	29
49	1	521	29
50	1	1826	29
51	1	1878	29
52	1	1252	29
53	1	574	29
55	1	834	29
56	1	1461	29
57	1	574	29
58	1	626	29
59	1	626	29
60	1	1461	29
61	1	678	29
62	1	626	29
63	1	678	29
64	1	2191	29
65	1	521	29
66	1	1304	29
67	1	782	29
68	1	1565	29
69	1	521	29
70	1	782	29
71	1	1408	29
73	1	521	29
74	1	1878	29
75	1	678	29
76	1	521	29
77	1	1774	29
78	1	1617	29
79	1	782	29
80	1	678	29
81	1	678	29
82	1	730	29
83	1	1356	29
84	1	678	29
85	1	2035	29
86	1	1304	29
87	1	574	29
87	1	2139	30
88	1	678	29
89	1	1043	29
90	1	1617	29
91	1	834	29
92	1	574	29
93	1	1565	29
94	1	521	29
95	1	1356	29
96	1	1304	29
97	1	521	29
98	1	1930	29
99	1	1356	29
100	1	1669	29
101	1	887	29
102	1	678	29
103	1	1095	29
104	1	574	29
106	1	730	29
107	1	626	29
108	1	678	29
109	1	1408	29
110	1	678	29
111	1	782	29
112	1	730	29
113	1	574	29
114	1	626	29
115	1	1513	29
116	1	1722	29
117	1	1669	29
118	1	1252	29
119	1	1252	29
120	1	834	29
121	1	1461	29
122	1	678	29
123	1	521	29
124	1	730	29
125	1	574	29
126	1	574	29
127	1	678	29
128	1	574	29
129	1	521	29
130	1	574	29
131	1	782	29
132	1	626	29
133	1	574	29
134	1	834	29
135	1	574	29
136	1	574	29
136	1	1878	30
137	1	730	29
138	1	626	29
139	1	678	29
139	1	2035	30
140	1	2087	29
141	1	678	29
142	1	1200	29
143	1	1513	29
145	1	521	29
146	1	782	29
147	1	626	29
148	1	1617	29
149	1	678	29
150	1	574	29
151	1	469	29
152	1	626	29
153	1	834	29
154	1	626	29
155	1	574	29
156	1	574	29
158	1	678	29
159	1	626	29
160	1	939	29
161	1	1878	29
162	1	1304	29
163	1	1408	29
164	1	521	29
165	1	521	29
166	1	1878	29
167	1	1513	29
169	1	678	29
170	1	626	29
171	1	1408	29
172	1	1200	29
173	1	1461	29
174	1	1095	29
175	1	887	29
176	1	574	29
177	1	1669	29
178	1	2295	29
179	1	782	29
180	1	2243	29
181	1	574	29
182	1	730	29
183	1	626	29
184	1	1408	29
185	1	782	29
187	1	1095	29
188	1	1617	29
189	1	730	29
190	1	1252	29
191	1	678	29
192	1	834	29
193	1	626	29
194	1	730	29
196	1	574	29
196	1	1930	30
198	1	678	29
199	1	574	29
200	1	1408	29
201	1	2087	29
202	1	1252	29
203	1	834	29
204	1	574	29
205	1	1461	29
206	1	574	29
206	1	1878	30
207	1	678	29
208	1	574	29
210	1	626	29
211	1	1774	29
212	1	834	29
213	1	1878	29
214	1	887	29
215	1	521	29
216	1	1252	29
217	1	1200	29
218	1	887	29
219	1	521	29
220	1	1669	29
221	1	521	29
222	1	1878	29
223	1	521	29
224	1	887	29
225	1	626	29
226	1	574	29
227	1	834	29
228	1	574	29
229	1	730	29
230	1	574	29
231	1	574	29
232	1	626	29
233	1	1304	29
235	1	1774	29
236	1	521	29
237	1	1408	29
239	1	1461	29
240	1	574	29
241	1	730	29
242	1	626	29
243	1	574	29
244	1	521	29
245	1	1408	29
248	1	574	29
249	1	574	29
250	1	574	29
251	1	626	29
252	1	1722	29
253	1	834	29
255	1	1148	29
256	1	782	29
257	1	1356	29
258	1	678	29
259	1	574	29
260	1	574	29
262	1	887	29
263	1	1043	29
264	1	730	29
265	1	678	29
266	1	626	29
267	1	574	29
268	1	1304	29
269	1	730	29
270	1	1043	29
271	1	834	29
272	1	574	29
272	1	2035	30
274	1	1408	29
275	1	1878	29
277	1	1878	29
278	1	1774	29
279	1	1513	29
280	1	782	29
282	1	1826	29
283	1	1461	29
284	1	626	29
285	1	1200	29
286	1	521	29
287	1	1356	29
288	1	730	29
289	1	521	29
291	1	678	29
292	1	1774	29
293	1	574	29
294	1	626	29
295	1	1200	29
296	1	574	29
297	1	1669	29
298	1	887	29
299	1	626	29
300	1	521	29
301	1	574	29
302	1	678	29
303	1	574	29
303	1	2139	30
304	1	574	29
306	1	574	29
307	1	730	29
308	1	521	29
309	1	574	29
310	1	834	29
311	1	887	29
312	1	1200	29
313	1	939	29
314	1	1565	29
315	1	834	29
317	1	1513	29
318	1	1774	29
319	1	2087	29
320	1	1252	29
321	1	678	29
322	1	574	29
323	1	2139	29
324	1	1617	29
325	1	1513	29
326	1	626	29
327	1	1356	29
328	1	834	29
329	1	1617	29
330	1	782	29
331	1	678	29
332	1	834	29
333	1	626	29
334	1	1513	29
335	1	626	29
336	1	730	29
337	1	887	29
338	1	1669	29
339	1	678	29
340	1	1408	29
341	1	1200	29
342	1	574	29
343	1	626	29
344	1	2243	29
345	1	521	29
346	1	574	29
347	1	678	29
348	1	730	29
349	1	678	29
350	1	2295	29
351	1	626	29
352	1	626	29
353	1	678	29
354	1	574	29
355	1	678	29
356	1	887	29
357	1	730	29
358	1	1200	29
360	1	730	29
361	1	574	29
362	1	2295	29
364	1	626	29
365	1	1930	29
366	1	782	29
367	1	626	29
368	1	626	29
368	1	1930	30
369	1	730	29
370	1	887	29
371	1	574	29
372	1	834	29
374	1	1774	29
375	1	521	29
376	1	626	29
377	1	1513	29
378	1	1304	29
379	1	730	29
380	1	678	29
381	1	834	29
382	1	678	29
383	1	1669	29
384	1	834	29
385	1	834	29
386	1	626	29
387	1	574	29
388	1	2087	29
389	1	678	29
390	1	574	29
391	1	678	29
392	1	1252	29
393	1	574	29
394	1	834	29
395	1	939	29
396	1	626	29
397	1	1461	29
398	1	730	29
399	1	574	29
400	1	574	29
401	1	2191	29
402	1	626	29
403	1	2087	29
404	1	1148	29
405	1	1408	29
406	1	626	29
407	1	1408	29
409	1	1408	29
410	1	1252	29
411	1	574	29
412	1	678	29
412	1	1930	30
413	1	626	29
413	1	1930	30
414	1	626	29
415	1	678	29
416	1	1722	29
417	1	574	29
418	1	730	29
419	1	574	29
420	1	887	29
421	1	2087	29
422	1	1513	29
423	1	1148	29
424	1	574	29
424	1	2035	30
425	1	626	29
426	1	1095	29
427	1	2295	29
428	1	678	29
429	1	469	29
430	1	626	29
431	1	626	29
432	1	782	29
433	1	939	29
434	1	678	29
434	1	2243	30
435	1	521	29
436	1	678	29
437	1	574	29
438	1	678	29
439	1	1356	29
440	1	730	29
441	1	2139	29
442	1	678	29
443	1	991	29
444	1	1878	29
445	1	626	29
446	1	782	29
447	1	521	29
448	1	1356	29
451	1	782	29
452	1	521	29
453	1	626	29
454	1	1617	29
455	1	1252	29
456	1	1304	29
457	1	730	29
458	1	2035	29
459	1	469	29
460	1	626	29
461	1	574	29
462	1	834	29
463	1	782	29
464	1	939	29
465	1	678	29
466	1	574	29
467	1	574	29
468	1	626	29
469	1	574	29
470	1	1826	29
471	1	1408	29
472	1	574	29
473	1	730	29
474	1	574	29
475	1	939	29
476	1	1565	29
478	1	887	29
480	1	730	29
481	1	574	29
482	1	834	29
483	1	1982	29
484	1	2087	29
485	1	1408	29
486	1	1565	29
487	1	626	29
488	1	1565	29
489	1	626	29
490	1	834	29
491	1	678	29
492	1	1252	29
493	1	730	29
494	1	678	29
495	1	1095	29
496	1	678	29
497	1	574	29
498	1	626	29
499	1	626	29
500	1	574	29
501	1	1565	29
502	1	1095	29
503	1	626	29
503	1	1878	30
505	1	1565	29
506	1	1356	29
507	1	1930	29
508	1	678	29
510	1	1982	29
512	1	939	29
513	1	1252	29
514	1	730	29
515	1	626	29
516	1	1617	29
517	1	1565	29
518	1	1304	29
519	1	574	29
520	1	626	29
521	1	626	29
522	1	782	29
523	1	678	29
525	1	626	29
526	1	2191	29
527	1	521	29
528	1	626	29
529	1	678	29
530	1	1513	29
531	1	1356	29
532	1	1148	29
533	1	2295	29
534	1	678	29
535	1	1982	29
536	1	1565	29
537	1	887	29
538	1	574	29
539	1	626	29
540	1	521	29
541	1	574	29
542	1	1252	29
543	1	1408	29
544	1	626	29
545	1	782	29
546	1	1461	29
547	1	626	29
548	1	1617	29
549	1	1356	29
550	1	574	29
551	1	626	29
552	1	1617	29
553	1	521	29
554	1	574	29
555	1	574	29
555	1	1930	30
556	1	834	29
557	1	1982	29
558	1	521	29
559	1	1304	29
560	1	1617	29
561	1	1095	29
562	1	1304	29
563	1	521	29
564	1	1617	29
565	1	574	29
566	1	678	29
567	1	521	29
568	1	574	29
569	1	1200	29
570	1	1565	29
571	1	574	29
572	1	1461	29
573	1	2295	29
574	1	887	29
575	1	574	29
576	1	1408	29
577	1	678	29
578	1	521	29
579	1	991	29
581	1	1148	29
582	1	939	29
583	1	678	29
584	1	574	29
585	1	626	29
585	1	1826	30
586	1	730	29
587	1	574	29
588	1	574	29
589	1	678	29
590	1	730	29
591	1	1722	29
593	1	678	29
594	1	1148	29
595	1	626	29
596	1	991	29
597	1	730	29
598	1	574	29
599	1	626	29
600	1	1930	29
601	1	782	29
602	1	521	29
603	1	782	29
604	1	1095	29
605	1	521	29
606	1	678	29
607	1	574	29
608	1	574	29
611	1	782	29
612	1	1408	29
613	1	1513	29
614	1	1252	29
615	1	469	29
616	1	1304	29
617	1	2191	29
619	1	1252	29
620	1	626	29
621	1	1148	29
622	1	626	29
623	1	1252	29
624	1	574	29
625	1	1252	29
626	1	574	29
627	1	782	29
628	1	678	29
629	1	521	29
630	1	834	29
631	1	939	29
632	1	626	29
633	1	521	29
634	1	1461	29
635	1	1513	29
637	1	1513	29
638	1	1982	29
639	1	574	29
640	1	834	29
641	1	626	29
642	1	1461	29
644	1	834	29
645	1	782	29
646	1	678	29
647	1	1774	29
648	1	782	29
649	1	626	29
650	1	1774	29
651	1	626	29
652	1	782	29
653	1	782	29
654	1	887	29
655	1	782	29
656	1	678	29
657	1	834	29
658	1	782	29
659	1	1408	29
660	1	1513	29
661	1	678	29
662	1	730	29
663	1	1304	29
664	1	678	29
665	1	678	29
666	1	678	29
667	1	678	29
668	1	1043	29
669	1	834	29
670	1	1043	29
671	1	1565	29
672	1	887	29
673	1	834	29
674	1	782	29
675	1	1304	29
676	1	626	29
677	1	1043	29
678	1	626	29
679	1	1461	29
680	1	1304	29
681	1	1252	29
682	1	521	29
683	1	1513	29
684	1	1304	29
685	1	626	29
686	1	730	29
687	1	1565	29
688	1	1513	29
689	1	1461	29
690	1	521	29
691	1	678	29
692	1	626	29
693	1	678	29
694	1	834	29
695	1	574	29
696	1	939	29
697	1	574	29
698	1	1774	29
699	1	730	29
700	1	626	29
701	1	1095	29
702	1	678	29
703	1	574	29
704	1	2243	29
705	1	1252	29
706	1	626	29
707	1	730	29
708	1	1252	29
709	1	574	29
710	1	782	29
711	1	1356	29
712	1	887	29
714	1	678	29
715	1	834	29
716	1	626	29
717	1	1304	29
718	1	574	29
719	1	1148	29
720	1	2243	29
721	1	730	29
722	1	574	29
723	1	782	29
724	1	1878	29
725	1	834	29
726	1	730	29
727	1	1513	29
728	1	2139	29
729	1	730	29
730	1	1043	29
731	1	574	29
732	1	626	29
733	1	678	29
734	1	521	29
735	1	2087	29
736	1	1304	29
737	1	678	29
738	1	626	29
739	1	1408	29
741	1	834	29
742	1	678	29
743	1	574	29
744	1	1461	29
745	1	1722	29
746	1	469	29
747	1	939	29
748	1	2295	29
749	1	1669	29
750	1	678	29
751	1	1461	29
752	1	939	29
753	1	626	29
754	1	626	29
755	1	626	29
756	1	626	29
757	1	469	29
758	1	626	29
759	1	469	29
760	1	678	29
761	1	1095	29
762	1	626	29
763	1	1461	29
764	1	678	29
765	1	574	29
766	1	834	29
767	1	1408	29
768	1	1722	29
769	1	834	29
770	1	521	29
771	1	1408	29
772	1	887	29
773	1	1617	29
774	1	574	29
775	1	1513	29
776	1	574	29
777	1	2295	29
778	1	730	29
779	1	2243	29
780	1	626	29
781	1	626	29
782	1	678	29
783	1	1722	29
784	1	574	29
785	1	782	29
786	1	991	29
787	1	1461	29
788	1	521	29
789	1	1356	29
790	1	887	29
791	1	1461	29
792	1	782	29
793	1	574	29
794	1	574	29
795	1	1930	29
796	1	1565	29
797	1	730	29
798	1	1304	29
800	1	1565	29
801	1	1617	29
802	1	521	29
803	1	626	29
804	1	521	29
806	1	1513	29
807	1	678	29
808	1	2295	29
809	1	2035	29
810	1	574	29
811	1	574	29
812	1	574	29
813	1	887	29
814	1	991	29
815	1	469	29
816	1	1356	29
818	1	887	29
819	1	1722	29
820	1	730	29
821	1	1200	29
822	1	574	29
823	1	678	29
824	1	1304	29
825	1	1304	29
826	1	939	29
827	1	834	29
828	1	1304	29
829	1	2035	29
830	1	1200	29
831	1	574	29
831	1	2139	30
832	1	730	29
833	1	1461	29
834	1	730	29
835	1	678	29
837	1	1461	29
838	1	574	29
839	1	1617	29
840	1	574	29
841	1	574	29
842	1	991	29
843	1	626	29
843	1	1982	30
844	1	1461	29
845	1	1513	29
846	1	1669	29
847	1	1252	29
848	1	574	29
849	1	2087	29
850	1	574	29
852	1	939	29
853	1	1617	29
854	1	1356	29
855	1	626	29
856	1	678	29
857	1	1617	29
858	1	730	29
859	1	1565	29
860	1	1617	29
861	1	678	29
862	1	1513	29
863	1	574	29
864	1	574	29
865	1	521	29
866	1	626	29
867	1	782	29
868	1	574	29
869	1	1304	29
870	1	1148	29
871	1	1408	29
873	1	574	29
875	1	626	29
876	1	678	29
877	1	574	29
878	1	1356	29
879	1	730	29
880	1	678	29
881	1	939	29
882	1	1513	29
883	1	1982	29
884	1	730	29
885	1	730	29
886	1	939	29
887	1	834	29
888	1	2139	29
889	1	1617	29
890	1	1304	29
891	1	678	29
892	1	1774	29
893	1	574	29
894	1	626	29
895	1	678	29
896	1	678	29
897	1	521	29
898	1	730	29
899	1	678	29
900	1	939	29
901	1	626	29
902	1	887	29
903	1	574	29
905	1	1408	29
906	1	574	29
907	1	2295	29
908	1	678	29
909	1	2191	29
910	1	1408	29
911	1	939	29
912	1	574	29
913	1	1565	29
914	1	1043	29
915	1	1513	29
916	1	574	29
917	1	730	29
918	1	1252	29
919	1	1565	29
920	1	1043	29
921	1	939	29
922	1	939	29
923	1	1513	29
924	1	574	29
925	1	678	29
926	1	626	29
927	1	939	29
929	1	678	29
931	1	626	29
932	1	1356	29
933	1	1565	29
934	1	1304	29
935	1	574	29
936	1	521	29
937	1	887	29
938	1	1304	29
939	1	1513	29
940	1	678	29
941	1	574	29
942	1	574	29
943	1	2035	29
944	1	730	29
945	1	1617	29
946	1	782	29
947	1	730	29
947	1	2243	30
948	1	678	29
949	1	521	29
949	1	1878	30
950	1	678	29
953	1	678	29
954	1	574	29
956	1	1043	29
957	1	1722	29
958	1	1408	29
960	1	887	29
961	1	626	29
962	1	2087	29
963	1	730	29
964	1	574	29
965	1	887	29
966	1	574	29
967	1	1617	29
968	1	730	29
969	1	521	29
971	1	730	29
972	1	574	29
972	1	1930	30
973	1	521	29
974	1	626	29
975	1	1408	29
976	1	521	29
977	1	2087	29
978	1	782	29
979	1	1565	29
980	1	1930	29
981	1	939	29
982	1	626	29
983	1	574	29
984	1	1200	29
985	1	1408	29
987	1	1356	29
988	1	626	29
989	1	574	29
990	1	521	29
992	1	2087	29
993	1	887	29
994	1	521	29
995	1	626	29
996	1	1461	29
997	1	2295	29
998	1	521	29
999	1	1669	29
0	2	313	26
0	2	730	33
0	2	1148	13
1	2	313	26
1	2	730	33
1	2	1148	13
2	2	313	26
3	2	313	26
3	2	2191	33
4	2	313	26
4	2	939	33
4	2	1252	13
5	2	313	26
5	2	834	33
6	2	313	26
6	2	1043	33
6	2	2139	13
7	2	313	26
7	2	1565	33
8	2	313	26
8	2	1200	33
8	2	1461	13
9	2	313	26
10	2	313	26
10	2	678	33
10	2	1148	13
11	2	313	26
12	2	313	26
13	2	313	26
14	2	313	26
14	2	730	33
14	2	1148	13
15	2	313	26
15	2	782	33
15	2	1565	13
16	2	313	26
16	2	887	33
16	2	1356	13
17	2	313	26
17	2	730	33
17	2	1148	13
18	2	313	26
18	2	782	33
18	2	1669	13
19	2	313	26
20	2	313	26
20	2	1095	33
20	2	1565	13
21	2	313	26
21	2	678	33
21	2	1148	13
22	2	313	26
23	2	313	26
23	2	782	33
23	2	1148	13
24	2	313	26
24	2	834	33
24	2	1148	13
25	2	313	26
26	2	313	26
26	2	1408	33
27	2	313	26
27	2	782	33
27	2	1200	13
28	2	313	26
28	2	1252	33
28	2	1513	13
29	2	313	26
30	2	313	26
31	2	313	26
31	2	939	33
32	2	313	26
32	2	1722	33
33	2	313	26
33	2	1774	33
34	2	313	26
34	2	1356	33
34	2	1982	13
35	2	313	26
35	2	782	33
35	2	1252	13
36	2	313	26
36	2	834	33
36	2	1461	13
37	2	313	26
38	2	313	26
38	2	1617	33
39	2	313	26
39	2	991	33
39	2	1722	13
40	2	313	26
40	2	730	33
40	2	1148	13
41	2	313	26
41	2	1408	33
41	2	1774	13
42	2	313	26
42	2	1304	33
42	2	1617	13
43	2	313	26
43	2	834	33
43	2	1304	13
44	2	313	26
45	2	313	26
45	2	1148	33
45	2	1565	13
46	2	313	26
46	2	887	33
46	2	2243	13
47	2	313	26
48	2	313	26
49	2	313	26
49	2	939	33
49	2	1356	13
50	2	313	26
51	2	313	26
52	2	313	26
53	2	313	26
53	2	834	33
53	2	1200	13
54	2	313	26
55	2	313	26
55	2	2295	33
56	2	313	26
57	2	313	26
57	2	730	33
57	2	1148	13
58	2	313	26
58	2	1043	33
58	2	1408	13
59	2	313	26
59	2	782	33
59	2	1148	13
60	2	313	26
61	2	313	26
61	2	1408	33
62	2	313	26
62	2	887	33
62	2	1304	13
63	2	313	26
63	2	1304	33
63	2	1669	13
64	2	313	26
65	2	313	26
65	2	1461	33
66	2	313	26
67	2	313	26
67	2	1356	33
67	2	1669	13
68	2	313	26
69	2	313	26
69	2	1513	33
70	2	313	26
71	2	313	26
71	2	1722	33
72	2	313	26
73	2	313	26
74	2	313	26
75	2	313	26
75	2	834	33
75	2	1356	13
76	2	313	26
77	2	313	26
78	2	313	26
79	2	313	26
79	2	1617	33
80	2	313	26
80	2	887	33
80	2	1722	13
81	2	313	26
81	2	2035	33
82	2	313	26
83	2	313	26
84	2	313	26
84	2	939	33
85	2	313	26
86	2	313	26
87	2	313	26
87	2	782	33
87	2	1148	13
88	2	313	26
88	2	1304	33
88	2	1617	13
89	2	313	26
89	2	1461	33
90	2	313	26
91	2	313	26
92	2	313	26
92	2	730	33
92	2	1148	13
93	2	313	26
94	2	313	26
95	2	313	26
96	2	313	26
96	2	1722	33
97	2	313	26
98	2	313	26
99	2	313	26
100	2	313	26
101	2	313	26
101	2	1513	33
102	2	313	26
102	2	1304	33
103	2	313	26
104	2	313	26
104	2	991	33
104	2	1408	13
105	2	313	26
106	2	313	26
106	2	1200	33
106	2	1513	13
107	2	313	26
107	2	730	33
107	2	1148	13
108	2	313	26
108	2	834	33
108	2	1565	13
109	2	313	26
110	2	313	26
110	2	834	33
110	2	1148	13
111	2	313	26
112	2	313	26
113	2	313	26
113	2	730	33
113	2	1148	13
114	2	313	26
114	2	2087	33
115	2	313	26
116	2	313	26
117	2	313	26
118	2	313	26
119	2	313	26
120	2	313	26
121	2	313	26
122	2	313	26
122	2	782	33
122	2	1148	13
123	2	313	26
124	2	313	26
124	2	782	33
124	2	1148	13
125	2	313	26
125	2	939	33
125	2	1304	13
126	2	313	26
126	2	782	33
126	2	1148	13
127	2	313	26
127	2	782	33
127	2	1148	13
128	2	313	26
128	2	678	33
128	2	1148	13
129	2	313	26
130	2	313	26
131	2	313	26
131	2	1148	33
131	2	1461	13
132	2	313	26
132	2	730	33
132	2	2035	13
133	2	313	26
133	2	991	33
133	2	1722	13
134	2	313	26
134	2	2035	33
135	2	313	26
135	2	887	33
135	2	1356	13
136	2	313	26
136	2	678	33
136	2	1148	13
137	2	313	26
137	2	1304	33
137	2	1722	13
138	2	313	26
138	2	678	33
138	2	1148	13
139	2	313	26
139	2	834	33
139	2	1148	13
140	2	313	26
141	2	313	26
141	2	782	33
141	2	1148	13
142	2	313	26
143	2	313	26
144	2	313	26
145	2	313	26
146	2	313	26
146	2	1043	33
146	2	1617	13
147	2	313	26
147	2	1200	33
147	2	1617	13
148	2	313	26
149	2	313	26
149	2	782	33
149	2	1148	13
150	2	313	26
150	2	887	33
150	2	1408	13
151	2	313	26
152	2	313	26
152	2	1043	33
152	2	1461	13
153	2	313	26
154	2	313	26
154	2	887	33
154	2	1148	13
155	2	313	26
155	2	730	33
155	2	1148	13
156	2	313	26
156	2	782	33
156	2	1148	13
157	2	313	26
158	2	313	26
158	2	939	33
158	2	1356	13
159	2	313	26
159	2	678	33
159	2	1148	13
160	2	313	26
160	2	1356	33
160	2	1722	13
161	2	313	26
162	2	313	26
162	2	1565	33
163	2	313	26
164	2	313	26
164	2	834	33
165	2	313	26
165	2	939	33
165	2	1252	13
166	2	313	26
167	2	313	26
168	2	313	26
169	2	313	26
169	2	782	33
170	2	313	26
170	2	730	33
170	2	1148	13
171	2	313	26
172	2	313	26
172	2	1617	33
173	2	313	26
174	2	313	26
174	2	1513	33
175	2	313	26
175	2	1148	33
175	2	1513	13
176	2	313	26
176	2	782	33
177	2	313	26
178	2	313	26
179	2	313	26
179	2	939	33
179	2	1461	13
180	2	313	26
181	2	313	26
181	2	730	33
181	2	1148	13
182	2	313	26
183	2	313	26
183	2	834	33
183	2	1252	13
184	2	313	26
185	2	313	26
185	2	887	33
185	2	1356	13
186	2	313	26
187	2	313	26
187	2	1408	33
188	2	313	26
189	2	313	26
189	2	1304	33
189	2	1669	13
190	2	313	26
191	2	313	26
191	2	782	33
192	2	313	26
192	2	1148	33
192	2	1461	13
193	2	313	26
193	2	1252	33
193	2	1826	13
194	2	313	26
195	2	313	26
196	2	313	26
196	2	730	33
196	2	1148	13
197	2	313	26
198	2	313	26
198	2	1252	33
198	2	1513	13
199	2	313	26
199	2	782	33
199	2	1148	13
200	2	313	26
201	2	313	26
202	2	313	26
202	2	1617	33
203	2	313	26
203	2	1513	33
204	2	313	26
204	2	887	33
204	2	1408	13
205	2	313	26
206	2	313	26
206	2	678	33
206	2	1148	13
207	2	313	26
207	2	834	33
207	2	1148	13
208	2	313	26
208	2	887	33
208	2	1408	13
209	2	313	26
210	2	313	26
210	2	1043	33
211	2	313	26
212	2	313	26
212	2	1774	33
213	2	313	26
214	2	313	26
215	2	313	26
216	2	313	26
217	2	313	26
218	2	313	26
218	2	1304	33
218	2	1669	13
219	2	313	26
220	2	313	26
221	2	313	26
221	2	1356	33
222	2	313	26
223	2	313	26
224	2	313	26
224	2	1722	33
225	2	313	26
225	2	782	33
225	2	1148	13
226	2	313	26
226	2	887	33
226	2	1252	13
227	2	313	26
228	2	313	26
228	2	834	33
228	2	1148	13
229	2	313	26
229	2	1304	33
229	2	1722	13
230	2	313	26
230	2	730	33
230	2	1148	13
231	2	313	26
231	2	678	33
231	2	1148	13
232	2	313	26
232	2	834	33
232	2	1148	13
233	2	313	26
234	2	313	26
235	2	313	26
236	2	313	26
237	2	313	26
238	2	313	26
239	2	313	26
240	2	313	26
240	2	782	33
240	2	1148	13
241	2	313	26
241	2	1252	33
241	2	1617	13
242	2	313	26
242	2	1148	33
242	2	1513	13
243	2	313	26
243	2	678	33
243	2	1148	13
244	2	313	26
244	2	730	33
244	2	1148	13
245	2	313	26
246	2	313	26
247	2	313	26
248	2	313	26
248	2	730	33
248	2	1148	13
249	2	313	26
249	2	730	33
249	2	1148	13
250	2	313	26
250	2	730	33
250	2	1148	13
251	2	313	26
251	2	1095	33
251	2	1982	13
252	2	313	26
253	2	313	26
254	2	313	26
255	2	313	26
256	2	313	26
256	2	1513	33
257	2	313	26
258	2	313	26
258	2	730	33
258	2	1148	13
259	2	313	26
259	2	782	33
259	2	1148	13
260	2	313	26
260	2	834	33
260	2	1878	13
261	2	313	26
262	2	313	26
262	2	1408	33
262	2	1722	13
263	2	313	26
264	2	313	26
264	2	939	33
264	2	2243	13
265	2	313	26
265	2	887	33
266	2	313	26
266	2	1200	33
266	2	1982	13
267	2	313	26
267	2	782	33
267	2	2035	13
268	2	313	26
268	2	1565	33
269	2	313	26
269	2	887	33
269	2	1304	13
270	2	313	26
271	2	313	26
271	2	1148	33
271	2	1565	13
272	2	313	26
272	2	782	33
272	2	1148	13
273	2	313	26
274	2	313	26
275	2	313	26
276	2	313	26
277	2	313	26
278	2	313	26
279	2	313	26
280	2	313	26
281	2	313	26
282	2	313	26
283	2	313	26
284	2	313	26
284	2	678	33
284	2	1148	13
285	2	313	26
285	2	1722	33
286	2	313	26
286	2	782	33
286	2	1148	13
287	2	313	26
288	2	313	26
288	2	887	33
289	2	313	26
290	2	313	26
291	2	313	26
292	2	313	26
293	2	313	26
293	2	678	33
293	2	1148	13
294	2	313	26
294	2	834	33
295	2	313	26
296	2	313	26
296	2	834	33
296	2	1356	13
297	2	313	26
298	2	313	26
298	2	1565	33
299	2	313	26
299	2	782	33
300	2	313	26
301	2	313	26
301	2	730	33
301	2	1148	13
302	2	313	26
302	2	1043	33
302	2	1617	13
303	2	313	26
303	2	730	33
303	2	1148	13
304	2	313	26
304	2	782	33
304	2	1148	13
305	2	313	26
306	2	313	26
306	2	730	33
306	2	1148	13
307	2	313	26
308	2	313	26
309	2	313	26
309	2	730	33
309	2	1148	13
310	2	313	26
310	2	939	33
310	2	1304	13
311	2	313	26
312	2	313	26
313	2	313	26
314	2	313	26
315	2	313	26
315	2	1252	33
315	2	1617	13
316	2	313	26
317	2	313	26
318	2	313	26
319	2	313	26
320	2	313	26
321	2	313	26
321	2	730	33
321	2	1148	13
322	2	313	26
322	2	887	33
322	2	2295	13
323	2	313	26
324	2	313	26
325	2	313	26
326	2	313	26
326	2	730	33
326	2	1148	13
327	2	313	26
327	2	1617	33
328	2	313	26
329	2	313	26
330	2	313	26
330	2	1304	33
330	2	1617	13
331	2	313	26
331	2	782	33
331	2	1878	13
332	2	313	26
332	2	1043	33
332	2	1461	13
333	2	313	26
333	2	730	33
333	2	1148	13
334	2	313	26
335	2	313	26
335	2	730	33
335	2	1148	13
336	2	313	26
336	2	887	33
336	2	1669	13
337	2	313	26
338	2	313	26
339	2	313	26
339	2	834	33
339	2	2295	13
340	2	313	26
341	2	313	26
341	2	2191	33
342	2	313	26
342	2	782	33
342	2	1148	13
343	2	313	26
343	2	678	33
343	2	1148	13
344	2	313	26
345	2	313	26
345	2	1095	33
345	2	1408	13
346	2	313	26
346	2	991	33
346	2	1304	13
347	2	313	26
347	2	1304	33
348	2	313	26
348	2	887	33
348	2	1408	13
349	2	313	26
349	2	834	33
349	2	1148	13
350	2	313	26
351	2	313	26
352	2	313	26
352	2	1252	33
352	2	1669	13
353	2	313	26
353	2	834	33
353	2	1565	13
354	2	313	26
354	2	730	33
354	2	1148	13
355	2	313	26
355	2	939	33
356	2	313	26
356	2	1722	33
357	2	313	26
357	2	1252	33
358	2	313	26
358	2	1669	33
359	2	313	26
360	2	313	26
361	2	313	26
361	2	1043	33
361	2	1722	13
362	2	313	26
363	2	313	26
364	2	313	26
364	2	782	33
365	2	313	26
366	2	313	26
366	2	1461	33
367	2	313	26
367	2	939	33
368	2	313	26
368	2	730	33
368	2	1148	13
369	2	313	26
369	2	939	33
369	2	1304	13
370	2	313	26
371	2	313	26
371	2	834	33
371	2	1669	13
372	2	313	26
372	2	1669	33
373	2	313	26
374	2	313	26
375	2	313	26
376	2	313	26
376	2	1930	33
377	2	313	26
378	2	313	26
379	2	313	26
379	2	1304	33
379	2	1669	13
380	2	313	26
381	2	313	26
381	2	2139	33
382	2	313	26
382	2	834	33
383	2	313	26
384	2	313	26
384	2	939	33
384	2	1722	13
385	2	313	26
385	2	2139	33
386	2	313	26
387	2	313	26
387	2	939	33
387	2	1304	13
388	2	313	26
389	2	313	26
389	2	782	33
389	2	1617	13
390	2	313	26
390	2	678	33
390	2	1148	13
391	2	313	26
391	2	887	33
391	2	1356	13
392	2	313	26
393	2	313	26
393	2	678	33
393	2	1148	13
394	2	313	26
394	2	1774	33
395	2	313	26
396	2	313	26
396	2	730	33
396	2	1148	13
397	2	313	26
398	2	313	26
399	2	313	26
399	2	730	33
399	2	1148	13
400	2	313	26
400	2	1095	33
401	2	313	26
402	2	313	26
402	2	1148	33
402	2	1565	13
403	2	313	26
404	2	313	26
405	2	313	26
406	2	313	26
406	2	939	33
406	2	1408	13
407	2	313	26
407	2	1722	33
408	2	313	26
409	2	313	26
410	2	313	26
411	2	313	26
411	2	782	33
411	2	1148	13
412	2	313	26
412	2	730	33
412	2	1148	13
413	2	313	26
413	2	730	33
413	2	1148	13
414	2	313	26
414	2	1095	33
414	2	1513	13
415	2	313	26
415	2	887	33
415	2	1408	13
416	2	313	26
417	2	313	26
417	2	939	33
417	2	1878	13
418	2	313	26
418	2	991	33
418	2	1356	13
419	2	313	26
419	2	939	33
419	2	1304	13
420	2	313	26
420	2	1669	33
421	2	313	26
422	2	313	26
423	2	313	26
423	2	1513	33
424	2	313	26
424	2	834	33
424	2	1148	13
425	2	313	26
425	2	1930	33
426	2	313	26
426	2	1565	33
427	2	313	26
428	2	313	26
428	2	782	33
429	2	313	26
429	2	1200	33
429	2	1565	13
430	2	313	26
430	2	887	33
430	2	1617	13
431	2	313	26
431	2	730	33
431	2	1148	13
432	2	313	26
432	2	939	33
432	2	1252	13
433	2	313	26
433	2	1356	33
433	2	2139	13
434	2	313	26
434	2	834	33
434	2	1148	13
435	2	313	26
435	2	730	33
435	2	1148	13
436	2	313	26
436	2	730	33
436	2	1148	13
437	2	313	26
437	2	782	33
437	2	2035	13
438	2	313	26
438	2	1304	33
438	2	1617	13
439	2	313	26
440	2	313	26
440	2	1826	33
441	2	313	26
442	2	313	26
442	2	1513	33
443	2	313	26
444	2	313	26
445	2	313	26
445	2	782	33
445	2	1148	13
446	2	313	26
447	2	313	26
448	2	313	26
449	2	313	26
450	2	313	26
451	2	313	26
451	2	1356	33
451	2	1669	13
452	2	313	26
452	2	939	33
453	2	313	26
453	2	730	33
453	2	1148	13
454	2	313	26
455	2	313	26
455	2	1774	33
456	2	313	26
457	2	313	26
457	2	1617	33
458	2	313	26
459	2	313	26
460	2	313	26
460	2	782	33
460	2	2087	13
461	2	313	26
461	2	782	33
461	2	1148	13
462	2	313	26
462	2	1356	33
463	2	313	26
463	2	991	33
463	2	1304	13
464	2	313	26
464	2	1617	33
465	2	313	26
465	2	834	33
465	2	1982	13
466	2	313	26
466	2	782	33
466	2	1148	13
467	2	313	26
467	2	782	33
467	2	1148	13
468	2	313	26
468	2	782	33
468	2	1148	13
469	2	313	26
469	2	678	33
469	2	1148	13
470	2	313	26
471	2	313	26
472	2	313	26
472	2	834	33
472	2	1669	13
473	2	313	26
473	2	1461	33
474	2	313	26
474	2	834	33
474	2	1148	13
475	2	313	26
476	2	313	26
477	2	313	26
478	2	313	26
479	2	313	26
480	2	313	26
481	2	313	26
481	2	939	33
481	2	1200	13
482	2	313	26
482	2	1722	33
483	2	313	26
484	2	313	26
485	2	313	26
486	2	313	26
487	2	313	26
487	2	730	33
487	2	1148	13
488	2	313	26
489	2	313	26
489	2	730	33
489	2	1148	13
490	2	313	26
490	2	1356	33
490	2	1669	13
491	2	313	26
491	2	1461	33
492	2	313	26
492	2	1565	33
493	2	313	26
494	2	313	26
494	2	887	33
495	2	313	26
495	2	1356	33
495	2	1669	13
496	2	313	26
496	2	1252	33
496	2	1617	13
497	2	313	26
497	2	782	33
498	2	313	26
498	2	1408	33
499	2	313	26
500	2	313	26
500	2	730	33
500	2	1148	13
501	2	313	26
502	2	313	26
502	2	1565	33
503	2	313	26
503	2	730	33
503	2	1148	13
504	2	313	26
505	2	313	26
506	2	313	26
507	2	313	26
508	2	313	26
508	2	782	33
508	2	1148	13
509	2	313	26
510	2	313	26
511	2	313	26
512	2	313	26
512	2	1461	33
512	2	2139	13
513	2	313	26
513	2	1617	33
514	2	313	26
514	2	939	33
514	2	1826	13
515	2	313	26
515	2	730	33
515	2	1148	13
516	2	313	26
517	2	313	26
518	2	313	26
518	2	1617	33
519	2	313	26
519	2	887	33
519	2	1252	13
520	2	313	26
520	2	2087	33
521	2	313	26
521	2	782	33
521	2	1148	13
522	2	313	26
522	2	1252	33
522	2	1565	13
523	2	313	26
523	2	782	33
523	2	1304	13
524	2	313	26
525	2	313	26
525	2	1043	33
525	2	1304	13
526	2	313	26
527	2	313	26
527	2	730	33
527	2	1148	13
528	2	313	26
528	2	730	33
528	2	1148	13
529	2	313	26
529	2	730	33
529	2	1148	13
530	2	313	26
531	2	313	26
531	2	1617	33
532	2	313	26
532	2	1722	33
533	2	313	26
534	2	313	26
534	2	730	33
534	2	1148	13
535	2	313	26
536	2	313	26
537	2	313	26
537	2	1200	33
537	2	1617	13
538	2	313	26
538	2	730	33
538	2	1148	13
539	2	313	26
539	2	730	33
539	2	1148	13
540	2	313	26
541	2	313	26
541	2	887	33
541	2	2087	13
542	2	313	26
543	2	313	26
543	2	1722	33
544	2	313	26
544	2	1043	33
544	2	1356	13
545	2	313	26
546	2	313	26
547	2	313	26
547	2	1095	33
547	2	1461	13
548	2	313	26
549	2	313	26
550	2	313	26
550	2	730	33
550	2	1148	13
551	2	313	26
551	2	782	33
551	2	1148	13
552	2	313	26
553	2	313	26
553	2	1513	33
554	2	313	26
554	2	678	33
554	2	1148	13
555	2	313	26
555	2	730	33
555	2	1148	13
556	2	313	26
556	2	1356	33
556	2	1669	13
557	2	313	26
558	2	313	26
558	2	834	33
559	2	313	26
559	2	1617	33
560	2	313	26
561	2	313	26
562	2	313	26
562	2	1617	33
563	2	313	26
563	2	1252	33
563	2	1513	13
564	2	313	26
565	2	313	26
565	2	834	33
565	2	1148	13
566	2	313	26
566	2	887	33
567	2	313	26
568	2	313	26
568	2	782	33
568	2	1148	13
569	2	313	26
569	2	1617	33
570	2	313	26
571	2	313	26
571	2	782	33
571	2	1148	13
572	2	313	26
573	2	313	26
574	2	313	26
575	2	313	26
575	2	730	33
575	2	1148	13
576	2	313	26
577	2	313	26
577	2	730	33
577	2	1148	13
578	2	313	26
579	2	313	26
580	2	313	26
581	2	313	26
581	2	1669	33
582	2	313	26
582	2	1722	33
583	2	313	26
583	2	730	33
583	2	1148	13
584	2	313	26
584	2	834	33
585	2	313	26
585	2	730	33
585	2	1148	13
586	2	313	26
586	2	1252	33
586	2	1513	13
587	2	313	26
587	2	730	33
587	2	1148	13
588	2	313	26
588	2	991	33
588	2	1617	13
589	2	313	26
589	2	1043	33
589	2	1461	13
590	2	313	26
590	2	887	33
590	2	1408	13
591	2	313	26
592	2	313	26
593	2	313	26
594	2	313	26
594	2	2243	33
595	2	313	26
595	2	834	33
595	2	1148	13
596	2	313	26
596	2	1356	33
596	2	1722	13
597	2	313	26
598	2	313	26
598	2	678	33
598	2	1148	13
599	2	313	26
599	2	730	33
599	2	1148	13
600	2	313	26
601	2	313	26
601	2	939	33
602	2	313	26
603	2	313	26
604	2	313	26
604	2	1565	33
605	2	313	26
606	2	313	26
606	2	1304	33
606	2	1617	13
607	2	313	26
607	2	782	33
607	2	1148	13
608	2	313	26
608	2	939	33
608	2	1408	13
609	2	313	26
610	2	313	26
611	2	313	26
611	2	1722	33
612	2	313	26
612	2	2191	33
613	2	313	26
614	2	313	26
615	2	313	26
616	2	313	26
616	2	1722	33
617	2	313	26
618	2	313	26
619	2	313	26
620	2	313	26
620	2	834	33
621	2	313	26
621	2	1461	33
622	2	313	26
622	2	730	33
623	2	313	26
624	2	313	26
624	2	887	33
625	2	313	26
625	2	1722	33
626	2	313	26
626	2	939	33
626	2	1356	13
627	2	313	26
627	2	1148	33
627	2	1565	13
628	2	313	26
628	2	1408	33
628	2	2191	13
629	2	313	26
630	2	313	26
630	2	1669	33
631	2	313	26
631	2	1252	33
631	2	1617	13
632	2	313	26
632	2	678	33
632	2	1148	13
633	2	313	26
634	2	313	26
635	2	313	26
636	2	313	26
637	2	313	26
638	2	313	26
639	2	313	26
639	2	887	33
639	2	1200	13
640	2	313	26
641	2	313	26
642	2	313	26
643	2	313	26
644	2	313	26
644	2	939	33
645	2	313	26
645	2	1356	33
645	2	1669	13
646	2	313	26
646	2	834	33
646	2	1148	13
647	2	313	26
648	2	313	26
648	2	1513	33
649	2	313	26
649	2	887	33
649	2	1513	13
650	2	313	26
651	2	313	26
652	2	313	26
652	2	1252	33
652	2	1722	13
653	2	313	26
653	2	1252	33
653	2	1669	13
654	2	313	26
655	2	313	26
655	2	1565	33
656	2	313	26
656	2	1356	33
656	2	2243	13
657	2	313	26
657	2	939	33
658	2	313	26
658	2	939	33
658	2	1304	13
659	2	313	26
660	2	313	26
661	2	313	26
661	2	834	33
661	2	1408	13
662	2	313	26
662	2	1356	33
662	2	1722	13
663	2	313	26
664	2	313	26
664	2	887	33
664	2	1252	13
665	2	313	26
665	2	834	33
665	2	1252	13
666	2	313	26
666	2	730	33
666	2	1148	13
667	2	313	26
667	2	834	33
668	2	313	26
668	2	1982	33
669	2	313	26
669	2	1565	33
670	2	313	26
670	2	1669	33
671	2	313	26
672	2	313	26
673	2	313	26
674	2	313	26
674	2	1408	33
674	2	1930	13
675	2	313	26
675	2	1565	33
676	2	313	26
676	2	782	33
676	2	1148	13
677	2	313	26
677	2	1408	33
677	2	1669	13
678	2	313	26
678	2	887	33
678	2	1826	13
679	2	313	26
680	2	313	26
680	2	1513	33
681	2	313	26
682	2	313	26
682	2	1408	33
683	2	313	26
684	2	313	26
684	2	1513	33
685	2	313	26
686	2	313	26
686	2	939	33
687	2	313	26
688	2	313	26
689	2	313	26
690	2	313	26
691	2	313	26
691	2	939	33
691	2	1200	13
692	2	313	26
692	2	1095	33
692	2	1356	13
693	2	313	26
693	2	1200	33
693	2	1565	13
694	2	313	26
694	2	1148	33
694	2	1617	13
695	2	313	26
695	2	678	33
695	2	1148	13
696	2	313	26
697	2	313	26
697	2	887	33
697	2	1356	13
698	2	313	26
699	2	313	26
699	2	1408	33
700	2	313	26
701	2	313	26
701	2	1461	33
701	2	1982	13
702	2	313	26
703	2	313	26
703	2	834	33
703	2	1200	13
704	2	313	26
705	2	313	26
705	2	2191	33
706	2	313	26
706	2	782	33
706	2	1148	13
707	2	313	26
707	2	939	33
708	2	313	26
708	2	1722	33
709	2	313	26
709	2	939	33
709	2	1408	13
710	2	313	26
710	2	939	33
710	2	1304	13
711	2	313	26
711	2	1722	33
712	2	313	26
712	2	1617	33
713	2	313	26
714	2	313	26
714	2	730	33
714	2	1148	13
715	2	313	26
715	2	1722	33
716	2	313	26
716	2	678	33
716	2	1148	13
717	2	313	26
717	2	1513	33
718	2	313	26
718	2	887	33
718	2	1252	13
719	2	313	26
720	2	313	26
721	2	313	26
721	2	1304	33
721	2	1722	13
722	2	313	26
722	2	730	33
722	2	1148	13
723	2	313	26
724	2	313	26
725	2	313	26
725	2	1043	33
725	2	1461	13
726	2	313	26
726	2	1252	33
726	2	1513	13
727	2	313	26
728	2	313	26
729	2	313	26
729	2	939	33
730	2	313	26
730	2	1513	33
731	2	313	26
731	2	730	33
731	2	1148	13
732	2	313	26
732	2	1722	33
733	2	313	26
733	2	887	33
733	2	1304	13
734	2	313	26
734	2	730	33
734	2	1148	13
735	2	313	26
736	2	313	26
737	2	313	26
737	2	887	33
737	2	1356	13
738	2	313	26
738	2	939	33
738	2	1356	13
739	2	313	26
740	2	313	26
741	2	313	26
741	2	1408	33
742	2	313	26
742	2	730	33
742	2	1148	13
743	2	313	26
743	2	782	33
743	2	1148	13
744	2	313	26
744	2	2191	33
745	2	313	26
746	2	313	26
747	2	313	26
748	2	313	26
749	2	313	26
750	2	313	26
751	2	313	26
752	2	313	26
752	2	1513	33
752	2	2191	13
753	2	313	26
753	2	782	33
753	2	1148	13
754	2	313	26
754	2	782	33
754	2	1148	13
755	2	313	26
755	2	782	33
755	2	1148	13
756	2	313	26
756	2	834	33
756	2	1148	13
757	2	313	26
758	2	313	26
758	2	678	33
758	2	1148	13
759	2	313	26
760	2	313	26
761	2	313	26
761	2	2087	33
762	2	313	26
762	2	1200	33
762	2	1774	13
763	2	313	26
764	2	313	26
765	2	313	26
765	2	782	33
765	2	1774	13
766	2	313	26
766	2	939	33
767	2	313	26
768	2	313	26
769	2	313	26
770	2	313	26
771	2	313	26
772	2	313	26
773	2	313	26
774	2	313	26
774	2	782	33
774	2	1148	13
775	2	313	26
776	2	313	26
776	2	730	33
776	2	1148	13
777	2	313	26
778	2	313	26
778	2	939	33
779	2	313	26
780	2	313	26
781	2	313	26
781	2	1095	33
781	2	1513	13
782	2	313	26
782	2	2191	33
783	2	313	26
784	2	313	26
784	2	834	33
784	2	1669	13
785	2	313	26
786	2	313	26
787	2	313	26
788	2	313	26
788	2	939	33
788	2	1722	13
789	2	313	26
789	2	1617	33
790	2	313	26
790	2	2035	33
791	2	313	26
792	2	313	26
793	2	313	26
793	2	730	33
793	2	1148	13
794	2	313	26
794	2	782	33
794	2	2087	13
795	2	313	26
796	2	313	26
797	2	313	26
797	2	782	33
797	2	2295	13
798	2	313	26
799	2	313	26
800	2	313	26
801	2	313	26
802	2	313	26
802	2	1095	33
802	2	1774	13
803	2	313	26
803	2	1095	33
803	2	1513	13
804	2	313	26
804	2	1513	33
805	2	313	26
806	2	313	26
807	2	313	26
807	2	730	33
807	2	1148	13
808	2	313	26
809	2	313	26
810	2	313	26
810	2	730	33
810	2	1148	13
811	2	313	26
811	2	730	33
811	2	1148	13
812	2	313	26
812	2	834	33
812	2	1200	13
813	2	313	26
813	2	1617	33
814	2	313	26
815	2	313	26
815	2	782	33
816	2	313	26
817	2	313	26
818	2	313	26
818	2	1356	33
818	2	2139	13
819	2	313	26
820	2	313	26
821	2	313	26
822	2	313	26
822	2	678	33
822	2	1148	13
823	2	313	26
823	2	730	33
823	2	1148	13
824	2	313	26
824	2	1617	33
825	2	313	26
825	2	1617	33
826	2	313	26
826	2	1565	33
827	2	313	26
828	2	313	26
829	2	313	26
830	2	313	26
831	2	313	26
831	2	939	33
831	2	1304	13
832	2	313	26
832	2	834	33
832	2	1148	13
833	2	313	26
834	2	313	26
834	2	834	33
834	2	1252	13
835	2	313	26
835	2	1878	33
836	2	313	26
837	2	313	26
838	2	313	26
838	2	782	33
838	2	1148	13
839	2	313	26
840	2	313	26
840	2	678	33
840	2	1148	13
841	2	313	26
841	2	939	33
842	2	313	26
842	2	1461	33
843	2	313	26
843	2	730	33
843	2	1148	13
844	2	313	26
845	2	313	26
846	2	313	26
847	2	313	26
848	2	313	26
848	2	678	33
848	2	1148	13
849	2	313	26
850	2	313	26
850	2	887	33
850	2	1148	13
851	2	313	26
852	2	313	26
853	2	313	26
854	2	313	26
854	2	1617	33
855	2	313	26
856	2	313	26
857	2	313	26
858	2	313	26
858	2	1356	33
858	2	1722	13
859	2	313	26
860	2	313	26
861	2	313	26
861	2	834	33
862	2	313	26
863	2	313	26
863	2	887	33
863	2	1200	13
864	2	313	26
864	2	782	33
864	2	1148	13
865	2	313	26
865	2	834	33
865	2	1513	13
866	2	313	26
866	2	782	33
866	2	1148	13
867	2	313	26
868	2	313	26
868	2	887	33
868	2	1722	13
869	2	313	26
869	2	1513	33
870	2	313	26
871	2	313	26
872	2	313	26
873	2	313	26
873	2	730	33
873	2	1148	13
874	2	313	26
875	2	313	26
875	2	939	33
875	2	1617	13
876	2	313	26
876	2	834	33
877	2	313	26
877	2	730	33
877	2	1148	13
878	2	313	26
879	2	313	26
879	2	2087	33
880	2	313	26
880	2	730	33
880	2	1148	13
881	2	313	26
882	2	313	26
883	2	313	26
884	2	313	26
884	2	887	33
885	2	313	26
885	2	782	33
885	2	1148	13
886	2	313	26
887	2	313	26
887	2	1304	33
888	2	313	26
889	2	313	26
890	2	313	26
891	2	313	26
891	2	887	33
892	2	313	26
893	2	313	26
894	2	313	26
894	2	1617	33
895	2	313	26
895	2	1826	33
896	2	313	26
896	2	887	33
897	2	313	26
897	2	887	33
897	2	1304	13
898	2	313	26
898	2	887	33
898	2	1200	13
899	2	313	26
899	2	834	33
899	2	1148	13
900	2	313	26
901	2	313	26
901	2	730	33
901	2	1148	13
902	2	313	26
902	2	1356	33
902	2	1722	13
903	2	313	26
903	2	887	33
903	2	1356	13
904	2	313	26
905	2	313	26
906	2	313	26
906	2	834	33
907	2	313	26
908	2	313	26
908	2	834	33
908	2	1356	13
909	2	313	26
910	2	313	26
911	2	313	26
912	2	313	26
912	2	939	33
913	2	313	26
914	2	313	26
914	2	1356	33
914	2	1722	13
915	2	313	26
916	2	313	26
916	2	887	33
916	2	1252	13
917	2	313	26
918	2	313	26
919	2	313	26
920	2	313	26
921	2	313	26
922	2	313	26
922	2	1982	33
923	2	313	26
924	2	313	26
924	2	939	33
924	2	1200	13
925	2	313	26
925	2	834	33
926	2	313	26
926	2	1043	33
926	2	1461	13
927	2	313	26
927	2	1565	33
928	2	313	26
929	2	313	26
929	2	939	33
929	2	1461	13
930	2	313	26
931	2	313	26
931	2	782	33
931	2	1148	13
932	2	313	26
933	2	313	26
934	2	313	26
935	2	313	26
935	2	887	33
935	2	1617	13
936	2	313	26
937	2	313	26
938	2	313	26
938	2	1722	33
939	2	313	26
940	2	313	26
940	2	1148	33
940	2	1513	13
941	2	313	26
941	2	782	33
941	2	1148	13
942	2	313	26
942	2	782	33
942	2	1148	13
943	2	313	26
944	2	313	26
944	2	1669	33
945	2	313	26
946	2	313	26
946	2	1617	33
947	2	313	26
947	2	834	33
947	2	1148	13
948	2	313	26
948	2	782	33
948	2	1148	13
949	2	313	26
949	2	678	33
949	2	1148	13
950	2	313	26
950	2	730	33
950	2	1148	13
951	2	313	26
952	2	313	26
953	2	313	26
953	2	782	33
953	2	1148	13
954	2	313	26
954	2	730	33
954	2	1148	13
955	2	313	26
956	2	313	26
957	2	313	26
958	2	313	26
959	2	313	26
960	2	313	26
960	2	1356	33
961	2	313	26
961	2	1200	33
961	2	1722	13
962	2	313	26
963	2	313	26
963	2	887	33
964	2	313	26
964	2	887	33
964	2	1148	13
965	2	313	26
965	2	1617	33
966	2	313	26
966	2	834	33
966	2	1617	13
967	2	313	26
968	2	313	26
968	2	1617	33
969	2	313	26
969	2	1356	33
969	2	1722	13
970	2	313	26
971	2	313	26
971	2	887	33
971	2	1408	13
972	2	313	26
972	2	730	33
972	2	1148	13
973	2	313	26
974	2	313	26
975	2	313	26
976	2	313	26
976	2	1148	33
976	2	1513	13
977	2	313	26
978	2	313	26
978	2	834	33
978	2	1304	13
979	2	313	26
980	2	313	26
981	2	313	26
981	2	1408	33
981	2	1722	13
982	2	313	26
982	2	939	33
983	2	313	26
983	2	782	33
983	2	1148	13
984	2	313	26
984	2	1617	33
985	2	313	26
985	2	1669	33
986	2	313	26
987	2	313	26
988	2	313	26
988	2	1565	33
989	2	313	26
989	2	782	33
989	2	2191	13
990	2	313	26
991	2	313	26
992	2	313	26
993	2	313	26
994	2	313	26
995	2	313	26
995	2	678	33
995	2	1148	13
996	2	313	26
997	2	313	26
998	2	313	26
998	2	1043	33
998	2	1304	13
999	2	313	26
0	3	678	29
0	3	939	20
1	3	678	29
1	3	939	20
2	3	521	29
3	3	1461	29
3	3	1722	20
4	3	782	29
4	3	1148	20
4	3	1722	9
4	3	2087	12
4	3	2295	30
5	3	574	29
6	3	521	29
6	3	2087	20
7	3	1252	29
7	3	1565	20
8	3	678	29
8	3	1304	20
8	3	1722	9
10	3	574	29
10	3	887	20
12	3	1617	29
13	3	1408	29
14	3	574	29
14	3	887	20
15	3	730	29
16	3	678	29
16	3	1252	20
17	3	626	29
17	3	939	20
18	3	574	29
18	3	1669	20
19	3	1930	29
20	3	730	29
20	3	1408	20
21	3	574	29
21	3	834	20
22	3	939	29
23	3	574	29
23	3	1095	20
24	3	574	29
24	3	939	20
25	3	1617	29
26	3	678	29
27	3	574	29
27	3	1200	20
28	3	730	29
28	3	1356	20
28	3	1774	9
29	3	1043	29
30	3	1565	29
31	3	782	29
32	3	1408	29
32	3	1722	20
33	3	782	29
34	3	887	29
34	3	1513	20
35	3	678	29
35	3	1148	20
36	3	730	29
36	3	1356	20
37	3	626	29
38	3	782	29
39	3	678	29
40	3	626	29
40	3	887	20
40	3	1565	9
40	3	2087	12
41	3	939	29
41	3	1513	20
42	3	1043	29
42	3	1565	20
43	3	521	29
43	3	1304	20
44	3	1930	29
45	3	782	29
45	3	1408	20
46	3	782	29
47	3	1252	29
48	3	2295	29
49	3	521	29
49	3	1148	20
49	3	1774	9
50	3	1826	29
51	3	1878	29
52	3	1252	29
53	3	574	29
53	3	1148	20
53	3	1930	9
53	3	2295	12
55	3	834	29
56	3	1461	29
57	3	574	29
57	3	939	20
57	3	1513	9
58	3	626	29
58	3	1200	20
58	3	1774	9
59	3	626	29
59	3	1043	20
60	3	1461	29
61	3	678	29
62	3	626	29
62	3	1200	20
62	3	2191	9
63	3	678	29
63	3	1408	20
64	3	2191	29
65	3	521	29
66	3	1304	29
67	3	782	29
67	3	1408	20
68	3	1565	29
69	3	521	29
70	3	782	29
71	3	1408	29
73	3	521	29
74	3	1878	29
75	3	678	29
75	3	939	20
76	3	521	29
77	3	1774	29
78	3	1617	29
79	3	782	29
79	3	2295	20
80	3	678	29
81	3	678	29
82	3	730	29
83	3	1356	29
84	3	678	29
84	3	2295	20
85	3	2035	29
86	3	1304	29
87	3	574	29
87	3	939	20
87	3	1617	9
87	3	1878	12
87	3	2139	30
88	3	678	29
88	3	1408	20
89	3	1043	29
90	3	1617	29
91	3	834	29
92	3	574	29
92	3	939	20
93	3	1565	29
94	3	521	29
95	3	1356	29
96	3	1304	29
96	3	1722	20
97	3	521	29
98	3	1930	29
99	3	1356	29
100	3	1669	29
101	3	887	29
102	3	678	29
102	3	2035	20
103	3	1095	29
104	3	574	29
104	3	1461	20
106	3	730	29
106	3	1356	20
106	3	1774	9
107	3	626	29
107	3	887	20
107	3	1930	9
108	3	678	29
109	3	1408	29
110	3	678	29
110	3	1043	20
111	3	782	29
112	3	730	29
113	3	574	29
113	3	939	20
114	3	626	29
115	3	1513	29
116	3	1722	29
117	3	1669	29
118	3	1252	29
119	3	1252	29
119	3	2295	20
120	3	834	29
121	3	1461	29
122	3	678	29
122	3	991	20
122	3	1774	9
123	3	521	29
124	3	730	29
124	3	991	20
125	3	574	29
125	3	1304	20
126	3	574	29
126	3	939	20
126	3	1722	9
127	3	678	29
127	3	1043	20
128	3	574	29
128	3	887	20
128	3	1774	9
129	3	521	29
130	3	574	29
131	3	782	29
131	3	1356	20
131	3	2139	9
132	3	626	29
132	3	939	20
133	3	574	29
134	3	834	29
134	3	2035	20
135	3	574	29
135	3	1200	20
136	3	574	29
136	3	834	20
136	3	1356	9
136	3	1617	12
136	3	1878	30
137	3	730	29
137	3	1774	20
138	3	626	29
138	3	887	20
138	3	1669	9
138	3	1930	12
139	3	678	29
139	3	1095	20
139	3	1513	9
139	3	1774	12
139	3	2035	30
140	3	2087	29
141	3	678	29
141	3	991	20
141	3	1513	9
142	3	1200	29
143	3	1513	29
145	3	521	29
146	3	782	29
146	3	1408	20
147	3	626	29
147	3	1513	20
148	3	1617	29
149	3	678	29
149	3	991	20
150	3	574	29
150	3	1356	20
151	3	469	29
152	3	626	29
152	3	1304	20
152	3	2139	9
153	3	834	29
154	3	626	29
154	3	1095	20
154	3	1774	9
155	3	574	29
155	3	939	20
155	3	2087	9
156	3	574	29
156	3	1095	20
156	3	2243	9
158	3	678	29
158	3	1304	20
159	3	626	29
159	3	887	20
159	3	1826	9
160	3	939	29
160	3	1513	20
161	3	1878	29
162	3	1304	29
162	3	1565	20
163	3	1408	29
164	3	521	29
164	3	2295	20
165	3	521	29
165	3	1200	20
166	3	1878	29
167	3	1513	29
169	3	678	29
169	3	939	20
170	3	626	29
170	3	887	20
170	3	1565	9
171	3	1408	29
172	3	1200	29
172	3	1669	20
173	3	1461	29
174	3	1095	29
174	3	1826	20
175	3	887	29
175	3	1408	20
175	3	2191	9
176	3	574	29
177	3	1669	29
178	3	2295	29
179	3	782	29
179	3	1304	20
180	3	2243	29
181	3	574	29
181	3	939	20
182	3	730	29
183	3	626	29
183	3	1513	20
184	3	1408	29
185	3	782	29
185	3	1252	20
185	3	1774	9
187	3	1095	29
188	3	1617	29
189	3	730	29
189	3	1461	20
189	3	2191	9
190	3	1252	29
191	3	678	29
192	3	834	29
192	3	1252	20
193	3	626	29
193	3	1513	20
194	3	730	29
196	3	574	29
196	3	887	20
196	3	1408	9
196	3	1669	12
196	3	1930	30
198	3	678	29
198	3	1356	20
199	3	574	29
199	3	991	20
199	3	1930	9
200	3	1408	29
201	3	2087	29
202	3	1252	29
202	3	1565	20
203	3	834	29
204	3	574	29
204	3	1200	20
205	3	1461	29
206	3	574	29
206	3	834	20
206	3	1356	9
206	3	1617	12
206	3	1878	30
207	3	678	29
207	3	1148	20
208	3	574	29
208	3	1408	20
210	3	626	29
210	3	1565	20
211	3	1774	29
212	3	834	29
212	3	1722	20
213	3	1878	29
214	3	887	29
215	3	521	29
216	3	1252	29
217	3	1200	29
218	3	887	29
218	3	1408	20
219	3	521	29
220	3	1669	29
221	3	521	29
221	3	1565	20
222	3	1878	29
223	3	521	29
224	3	887	29
224	3	2295	20
225	3	626	29
225	3	939	20
225	3	1565	9
226	3	574	29
226	3	1200	20
227	3	834	29
228	3	574	29
228	3	991	20
228	3	1617	9
229	3	730	29
229	3	1461	20
230	3	574	29
230	3	887	20
231	3	574	29
231	3	887	20
232	3	626	29
232	3	1095	20
233	3	1304	29
235	3	1774	29
236	3	521	29
237	3	1408	29
239	3	1461	29
240	3	574	29
240	3	1095	20
240	3	2087	9
241	3	730	29
241	3	1513	20
242	3	626	29
242	3	1513	20
243	3	574	29
243	3	887	20
243	3	1617	9
243	3	2295	12
244	3	521	29
244	3	939	20
245	3	1408	29
248	3	574	29
248	3	939	20
249	3	574	29
249	3	887	20
250	3	574	29
250	3	939	20
250	3	1722	9
250	3	2295	12
251	3	626	29
251	3	2035	20
252	3	1722	29
253	3	834	29
255	3	1148	29
256	3	782	29
256	3	1565	20
257	3	1356	29
258	3	678	29
258	3	939	20
259	3	574	29
259	3	1095	20
260	3	574	29
260	3	2035	20
262	3	887	29
262	3	1461	20
263	3	1043	29
264	3	730	29
265	3	678	29
266	3	626	29
266	3	1513	20
267	3	574	29
267	3	887	20
268	3	1304	29
269	3	730	29
269	3	1148	20
270	3	1043	29
271	3	834	29
271	3	1408	20
271	3	2295	9
272	3	574	29
272	3	1043	20
272	3	1513	9
272	3	1774	12
272	3	2035	30
274	3	1408	29
275	3	1878	29
277	3	1878	29
278	3	1774	29
279	3	1513	29
280	3	782	29
282	3	1826	29
283	3	1461	29
284	3	626	29
284	3	887	20
284	3	1408	9
284	3	1669	12
285	3	1200	29
285	3	1669	20
286	3	521	29
286	3	1043	20
286	3	1722	9
286	3	2139	12
287	3	1356	29
288	3	730	29
289	3	521	29
291	3	678	29
292	3	1774	29
293	3	574	29
293	3	834	20
293	3	1565	9
293	3	2295	12
294	3	626	29
295	3	1200	29
296	3	574	29
296	3	1148	20
297	3	1669	29
298	3	887	29
298	3	1722	20
299	3	626	29
300	3	521	29
301	3	574	29
301	3	887	20
302	3	678	29
302	3	1826	20
303	3	574	29
303	3	887	20
303	3	1461	9
303	3	1722	12
303	3	2139	30
304	3	574	29
304	3	939	20
306	3	574	29
306	3	939	20
307	3	730	29
308	3	521	29
309	3	574	29
309	3	887	20
309	3	1513	9
309	3	2087	12
310	3	834	29
310	3	1252	20
310	3	1774	9
310	3	2295	12
311	3	887	29
312	3	1200	29
313	3	939	29
314	3	1565	29
315	3	834	29
315	3	1565	20
317	3	1513	29
318	3	1774	29
319	3	2087	29
320	3	1252	29
321	3	678	29
321	3	939	20
322	3	574	29
322	3	2243	20
323	3	2139	29
324	3	1617	29
325	3	1513	29
326	3	626	29
326	3	887	20
327	3	1356	29
327	3	2139	20
328	3	834	29
329	3	1617	29
330	3	782	29
330	3	1408	20
331	3	678	29
332	3	834	29
332	3	1408	20
333	3	626	29
333	3	939	20
333	3	2295	9
334	3	1513	29
335	3	626	29
335	3	887	20
336	3	730	29
336	3	1461	20
337	3	887	29
338	3	1669	29
339	3	678	29
339	3	2295	20
340	3	1408	29
341	3	1200	29
341	3	2035	20
342	3	574	29
342	3	1043	20
342	3	1565	9
343	3	626	29
343	3	887	20
344	3	2243	29
345	3	521	29
345	3	1461	20
346	3	574	29
346	3	1200	20
346	3	1826	9
347	3	678	29
347	3	1722	20
348	3	730	29
348	3	1356	20
349	3	678	29
349	3	1043	20
349	3	1617	9
350	3	2295	29
351	3	626	29
352	3	626	29
352	3	1461	20
353	3	678	29
353	3	1408	20
354	3	574	29
354	3	887	20
354	3	1461	9
354	3	1722	12
355	3	678	29
356	3	887	29
357	3	730	29
358	3	1200	29
358	3	2139	20
360	3	730	29
361	3	574	29
361	3	1408	20
362	3	2295	29
364	3	626	29
365	3	1930	29
366	3	782	29
366	3	1565	20
367	3	626	29
368	3	626	29
368	3	887	20
368	3	1408	9
368	3	1669	12
368	3	1930	30
369	3	730	29
369	3	1200	20
369	3	1774	9
370	3	887	29
371	3	574	29
371	3	1461	20
372	3	834	29
372	3	1722	20
374	3	1774	29
375	3	521	29
376	3	626	29
377	3	1513	29
378	3	1304	29
379	3	730	29
379	3	1461	20
380	3	678	29
381	3	834	29
382	3	678	29
382	3	2295	20
383	3	1669	29
384	3	834	29
384	3	1461	20
385	3	834	29
386	3	626	29
387	3	574	29
387	3	1148	20
387	3	1617	9
388	3	2087	29
389	3	678	29
390	3	574	29
390	3	887	20
391	3	678	29
391	3	1461	20
392	3	1252	29
393	3	574	29
393	3	887	20
394	3	834	29
395	3	939	29
396	3	626	29
396	3	887	20
396	3	1356	9
396	3	1617	12
397	3	1461	29
397	3	2295	20
398	3	730	29
399	3	574	29
399	3	939	20
400	3	574	29
400	3	1722	20
401	3	2191	29
402	3	626	29
402	3	1408	20
403	3	2087	29
404	3	1148	29
405	3	1408	29
406	3	626	29
406	3	1356	20
407	3	1408	29
409	3	1408	29
410	3	1252	29
411	3	574	29
411	3	939	20
411	3	1513	9
411	3	2243	12
412	3	678	29
412	3	939	20
412	3	1408	9
412	3	1669	12
412	3	1930	30
413	3	626	29
413	3	887	20
413	3	1408	9
413	3	1669	12
413	3	1930	30
414	3	626	29
414	3	1565	20
414	3	2191	9
415	3	678	29
415	3	1148	20
416	3	1722	29
417	3	574	29
417	3	1774	20
418	3	730	29
418	3	1200	20
418	3	1617	9
419	3	574	29
419	3	1095	20
419	3	1774	9
420	3	887	29
420	3	2295	20
421	3	2087	29
422	3	1513	29
423	3	1148	29
423	3	1617	20
424	3	574	29
424	3	991	20
424	3	1513	9
424	3	1774	12
424	3	2035	30
425	3	626	29
426	3	1095	29
426	3	1982	20
427	3	2295	29
428	3	678	29
429	3	469	29
429	3	1408	20
430	3	626	29
430	3	1408	20
431	3	626	29
431	3	887	20
432	3	782	29
432	3	1148	20
433	3	939	29
433	3	2087	20
434	3	678	29
434	3	1095	20
434	3	1565	9
434	3	1982	12
434	3	2243	30
435	3	521	29
435	3	991	20
436	3	678	29
436	3	939	20
436	3	1565	9
437	3	574	29
437	3	1878	20
438	3	678	29
438	3	1356	20
439	3	1356	29
440	3	730	29
441	3	2139	29
442	3	678	29
442	3	1878	20
443	3	991	29
444	3	1878	29
445	3	626	29
445	3	939	20
446	3	782	29
447	3	521	29
448	3	1356	29
451	3	782	29
451	3	1461	20
452	3	521	29
453	3	626	29
453	3	939	20
453	3	1461	9
454	3	1617	29
455	3	1252	29
455	3	2035	20
456	3	1304	29
457	3	730	29
458	3	2035	29
459	3	469	29
460	3	626	29
460	3	939	20
461	3	574	29
461	3	1095	20
462	3	834	29
463	3	782	29
463	3	1200	20
463	3	1774	9
464	3	939	29
464	3	1722	20
465	3	678	29
466	3	574	29
466	3	939	20
467	3	574	29
467	3	1930	20
468	3	626	29
468	3	1043	20
469	3	574	29
469	3	834	20
469	3	1617	9
470	3	1826	29
471	3	1408	29
472	3	574	29
473	3	730	29
473	3	1617	20
474	3	574	29
474	3	1148	20
475	3	939	29
476	3	1565	29
478	3	887	29
480	3	730	29
481	3	574	29
481	3	1148	20
481	3	1565	9
482	3	834	29
483	3	1982	29
484	3	2087	29
485	3	1408	29
486	3	1565	29
487	3	626	29
487	3	939	20
488	3	1565	29
489	3	626	29
489	3	887	20
489	3	1565	9
490	3	834	29
490	3	1408	20
490	3	2139	9
491	3	678	29
491	3	2295	20
492	3	1252	29
492	3	1617	20
493	3	730	29
494	3	678	29
495	3	1095	29
495	3	1617	20
496	3	678	29
496	3	1408	20
496	3	2087	9
497	3	574	29
498	3	626	29
499	3	626	29
500	3	574	29
500	3	939	20
500	3	1408	9
500	3	1669	12
501	3	1565	29
502	3	1095	29
502	3	2243	20
503	3	626	29
503	3	887	20
503	3	1356	9
503	3	1617	12
503	3	1878	30
505	3	1565	29
506	3	1356	29
507	3	1930	29
508	3	678	29
508	3	991	20
508	3	1930	9
510	3	1982	29
512	3	939	29
512	3	1513	20
513	3	1252	29
514	3	730	29
514	3	1774	20
515	3	626	29
515	3	887	20
515	3	1826	9
516	3	1617	29
517	3	1565	29
518	3	1304	29
519	3	574	29
519	3	1252	20
520	3	626	29
521	3	626	29
521	3	991	20
521	3	1669	9
522	3	782	29
522	3	1408	20
523	3	678	29
523	3	1148	20
525	3	626	29
525	3	1200	20
525	3	1617	9
526	3	2191	29
527	3	521	29
527	3	887	20
528	3	626	29
528	3	887	20
529	3	678	29
529	3	939	20
529	3	1461	9
529	3	1722	12
530	3	1513	29
530	3	2243	20
531	3	1356	29
531	3	1722	20
532	3	1148	29
533	3	2295	29
534	3	678	29
534	3	939	20
534	3	1565	9
534	3	2295	12
535	3	1982	29
536	3	1565	29
537	3	887	29
537	3	1878	20
538	3	574	29
538	3	887	20
539	3	626	29
539	3	887	20
540	3	521	29
541	3	574	29
541	3	2035	20
542	3	1252	29
543	3	1408	29
543	3	1774	20
544	3	626	29
544	3	1148	20
544	3	1722	9
544	3	2295	12
545	3	782	29
546	3	1461	29
547	3	626	29
547	3	1304	20
547	3	1826	9
548	3	1617	29
549	3	1356	29
550	3	574	29
550	3	991	20
550	3	1461	9
550	3	2295	12
551	3	626	29
551	3	1043	20
551	3	1513	9
551	3	2087	12
552	3	1617	29
553	3	521	29
554	3	574	29
554	3	887	20
555	3	574	29
555	3	939	20
555	3	1408	9
555	3	1669	12
555	3	1930	30
556	3	834	29
556	3	1408	20
557	3	1982	29
558	3	521	29
559	3	1304	29
559	3	1617	20
560	3	1617	29
561	3	1095	29
562	3	1304	29
562	3	1617	20
563	3	521	29
563	3	1461	20
564	3	1617	29
565	3	574	29
565	3	1095	20
565	3	1565	9
565	3	2087	12
566	3	678	29
567	3	521	29
568	3	574	29
568	3	991	20
568	3	1722	9
569	3	1200	29
570	3	1565	29
571	3	574	29
571	3	1095	20
572	3	1461	29
573	3	2295	29
574	3	887	29
575	3	574	29
575	3	887	20
575	3	1461	9
576	3	1408	29
577	3	678	29
577	3	939	20
578	3	521	29
579	3	991	29
581	3	1148	29
581	3	1722	20
582	3	939	29
583	3	678	29
583	3	939	20
583	3	1408	9
583	3	1722	12
584	3	574	29
585	3	626	29
585	3	887	20
585	3	1304	9
585	3	1565	12
585	3	1826	30
586	3	730	29
586	3	1356	20
587	3	574	29
587	3	834	20
587	3	1408	9
588	3	574	29
588	3	1722	20
589	3	678	29
589	3	1356	20
590	3	730	29
590	3	1408	20
591	3	1722	29
593	3	678	29
594	3	1148	29
595	3	626	29
595	3	1043	20
595	3	1565	9
595	3	1826	12
596	3	991	29
596	3	1461	20
597	3	730	29
598	3	574	29
598	3	834	20
599	3	626	29
599	3	887	20
600	3	1930	29
601	3	782	29
602	3	521	29
603	3	782	29
604	3	1095	29
604	3	1826	20
605	3	521	29
606	3	678	29
606	3	1408	20
607	3	574	29
607	3	1095	20
608	3	574	29
608	3	1304	20
611	3	782	29
612	3	1408	29
613	3	1513	29
614	3	1252	29
615	3	469	29
616	3	1304	29
617	3	2191	29
619	3	1252	29
620	3	626	29
621	3	1148	29
621	3	1565	20
622	3	626	29
622	3	939	20
623	3	1252	29
624	3	574	29
625	3	1252	29
626	3	574	29
626	3	1356	20
627	3	782	29
627	3	1878	20
628	3	678	29
628	3	1565	20
629	3	521	29
630	3	834	29
630	3	2243	20
631	3	939	29
631	3	1617	20
631	3	2295	9
632	3	626	29
632	3	887	20
633	3	521	29
634	3	1461	29
635	3	1513	29
637	3	1513	29
638	3	1982	29
639	3	574	29
639	3	1148	20
639	3	2087	9
640	3	834	29
641	3	626	29
642	3	1461	29
644	3	834	29
645	3	782	29
645	3	1461	20
646	3	678	29
646	3	991	20
646	3	1617	9
647	3	1774	29
648	3	782	29
649	3	626	29
649	3	1565	20
650	3	1774	29
651	3	626	29
652	3	782	29
652	3	1513	20
653	3	782	29
653	3	1461	20
654	3	887	29
655	3	782	29
655	3	1930	20
656	3	678	29
657	3	834	29
658	3	782	29
658	3	1095	20
658	3	1722	9
659	3	1408	29
660	3	1513	29
661	3	678	29
661	3	1304	20
662	3	730	29
662	3	1461	20
663	3	1304	29
664	3	678	29
664	3	1148	20
664	3	1774	9
664	3	2295	12
665	3	678	29
665	3	1148	20
666	3	678	29
666	3	939	20
667	3	678	29
668	3	1043	29
668	3	2191	20
669	3	834	29
669	3	2035	20
670	3	1043	29
670	3	1878	20
671	3	1565	29
672	3	887	29
673	3	834	29
674	3	782	29
674	3	1461	20
675	3	1304	29
675	3	1722	20
676	3	626	29
676	3	1095	20
676	3	1617	9
677	3	1043	29
677	3	1461	20
678	3	626	29
678	3	1461	20
679	3	1461	29
680	3	1304	29
680	3	1565	20
681	3	1252	29
682	3	521	29
682	3	2243	20
683	3	1513	29
684	3	1304	29
684	3	1669	20
685	3	626	29
686	3	730	29
687	3	1565	29
688	3	1513	29
689	3	1461	29
690	3	521	29
691	3	678	29
691	3	1200	20
691	3	1774	9
691	3	2139	12
692	3	626	29
692	3	1200	20
692	3	1722	9
693	3	678	29
693	3	1356	20
694	3	834	29
694	3	1408	20
695	3	574	29
695	3	887	20
696	3	939	29
697	3	574	29
697	3	1252	20
698	3	1774	29
699	3	730	29
700	3	626	29
701	3	1095	29
701	3	1722	20
702	3	678	29
703	3	574	29
703	3	1148	20
704	3	2243	29
705	3	1252	29
705	3	2087	20
706	3	626	29
706	3	991	20
707	3	730	29
708	3	1252	29
709	3	574	29
709	3	1252	20
710	3	782	29
710	3	1200	20
710	3	1722	9
711	3	1356	29
711	3	2087	20
712	3	887	29
714	3	678	29
714	3	939	20
715	3	834	29
716	3	626	29
716	3	887	20
716	3	1617	9
717	3	1304	29
717	3	1565	20
718	3	574	29
718	3	1148	20
718	3	1774	9
719	3	1148	29
720	3	2243	29
721	3	730	29
721	3	1565	20
722	3	574	29
722	3	887	20
722	3	1408	9
723	3	782	29
724	3	1878	29
725	3	834	29
725	3	1304	20
726	3	730	29
726	3	1356	20
727	3	1513	29
728	3	2139	29
729	3	730	29
730	3	1043	29
731	3	574	29
731	3	887	20
732	3	626	29
733	3	678	29
733	3	1200	20
734	3	521	29
734	3	1095	20
735	3	2087	29
736	3	1304	29
737	3	678	29
737	3	1513	20
738	3	626	29
738	3	1200	20
738	3	1722	9
738	3	2191	12
739	3	1408	29
741	3	834	29
742	3	678	29
742	3	939	20
742	3	1617	9
742	3	2139	12
743	3	574	29
743	3	1356	20
744	3	1461	29
744	3	2139	20
745	3	1722	29
746	3	469	29
747	3	939	29
748	3	2295	29
749	3	1669	29
750	3	678	29
751	3	1461	29
752	3	939	29
752	3	1565	20
753	3	626	29
753	3	991	20
753	3	1774	9
753	3	2087	12
754	3	626	29
754	3	1148	20
755	3	626	29
755	3	887	20
756	3	626	29
756	3	1043	20
756	3	1617	9
757	3	469	29
758	3	626	29
758	3	887	20
759	3	469	29
760	3	678	29
761	3	1095	29
761	3	2087	20
762	3	626	29
762	3	1722	20
763	3	1461	29
763	3	2191	20
764	3	678	29
765	3	574	29
765	3	2035	20
766	3	834	29
767	3	1408	29
768	3	1722	29
769	3	834	29
770	3	521	29
771	3	1408	29
772	3	887	29
773	3	1617	29
774	3	574	29
774	3	1043	20
775	3	1513	29
776	3	574	29
776	3	887	20
776	3	1565	9
776	3	2243	12
777	3	2295	29
778	3	730	29
779	3	2243	29
780	3	626	29
781	3	626	29
781	3	1513	20
782	3	678	29
783	3	1722	29
784	3	574	29
784	3	991	20
785	3	782	29
786	3	991	29
787	3	1461	29
788	3	521	29
788	3	1513	20
789	3	1356	29
789	3	1669	20
790	3	887	29
791	3	1461	29
792	3	782	29
793	3	574	29
793	3	887	20
794	3	574	29
794	3	939	20
795	3	1930	29
796	3	1565	29
797	3	730	29
798	3	1304	29
798	3	1982	20
800	3	1565	29
801	3	1617	29
802	3	521	29
802	3	1565	20
803	3	626	29
803	3	1200	20
803	3	2139	9
804	3	521	29
804	3	1826	20
806	3	1513	29
807	3	678	29
807	3	939	20
807	3	1408	9
807	3	1669	12
808	3	2295	29
809	3	2035	29
810	3	574	29
810	3	887	20
811	3	574	29
811	3	939	20
812	3	574	29
812	3	1095	20
812	3	1774	9
813	3	887	29
814	3	991	29
815	3	469	29
816	3	1356	29
818	3	887	29
818	3	1617	20
819	3	1722	29
820	3	730	29
821	3	1200	29
822	3	574	29
822	3	887	20
823	3	678	29
823	3	939	20
823	3	1565	9
823	3	2243	12
824	3	1304	29
824	3	2087	20
825	3	1304	29
825	3	1617	20
826	3	939	29
827	3	834	29
828	3	1304	29
829	3	2035	29
830	3	1200	29
831	3	574	29
831	3	1148	20
831	3	1617	9
831	3	1878	12
831	3	2139	30
832	3	730	29
832	3	1095	20
832	3	1617	9
832	3	2243	12
833	3	1461	29
834	3	730	29
834	3	1148	20
834	3	1722	9
834	3	2295	12
835	3	678	29
837	3	1461	29
838	3	574	29
838	3	1095	20
839	3	1617	29
840	3	574	29
840	3	834	20
840	3	1304	9
840	3	1565	12
841	3	574	29
842	3	991	29
842	3	1774	20
843	3	626	29
843	3	991	20
843	3	1461	9
843	3	1722	12
843	3	1982	30
844	3	1461	29
845	3	1513	29
846	3	1669	29
847	3	1252	29
847	3	2243	20
848	3	574	29
848	3	887	20
848	3	1617	9
849	3	2087	29
850	3	574	29
850	3	1095	20
850	3	1565	9
852	3	939	29
853	3	1617	29
853	3	2295	20
854	3	1356	29
854	3	1617	20
855	3	626	29
856	3	678	29
857	3	1617	29
858	3	730	29
858	3	1461	20
859	3	1565	29
860	3	1617	29
861	3	678	29
862	3	1513	29
863	3	574	29
863	3	1148	20
863	3	1722	9
864	3	574	29
864	3	991	20
864	3	1774	9
864	3	2191	12
865	3	521	29
865	3	1461	20
866	3	626	29
866	3	939	20
867	3	782	29
868	3	574	29
868	3	2295	20
869	3	1304	29
869	3	1565	20
870	3	1148	29
871	3	1408	29
873	3	574	29
873	3	939	20
873	3	1617	9
875	3	626	29
875	3	1565	20
876	3	678	29
877	3	574	29
877	3	887	20
877	3	1461	9
878	3	1356	29
878	3	2139	20
879	3	730	29
880	3	678	29
880	3	939	20
881	3	939	29
882	3	1513	29
883	3	1982	29
884	3	730	29
885	3	730	29
885	3	1043	20
885	3	1513	9
886	3	939	29
887	3	834	29
888	3	2139	29
889	3	1617	29
890	3	1304	29
891	3	678	29
892	3	1774	29
893	3	574	29
894	3	626	29
895	3	678	29
896	3	678	29
897	3	521	29
897	3	1252	20
898	3	730	29
898	3	1148	20
899	3	678	29
899	3	1095	20
899	3	1930	9
900	3	939	29
901	3	626	29
901	3	887	20
902	3	887	29
902	3	1408	20
903	3	574	29
903	3	1252	20
905	3	1408	29
906	3	574	29
907	3	2295	29
908	3	678	29
908	3	1408	20
909	3	2191	29
910	3	1408	29
911	3	939	29
912	3	574	29
913	3	1565	29
914	3	1043	29
914	3	1513	20
915	3	1513	29
916	3	574	29
916	3	1200	20
917	3	730	29
918	3	1252	29
919	3	1565	29
920	3	1043	29
921	3	939	29
922	3	939	29
922	3	2139	20
923	3	1513	29
924	3	574	29
924	3	1148	20
924	3	1669	9
925	3	678	29
926	3	626	29
926	3	1513	20
926	3	2295	9
927	3	939	29
927	3	1617	20
929	3	678	29
929	3	1356	20
931	3	626	29
931	3	991	20
931	3	1461	9
932	3	1356	29
932	3	2243	20
933	3	1565	29
934	3	1304	29
935	3	574	29
935	3	1513	20
936	3	521	29
937	3	887	29
938	3	1304	29
938	3	2035	20
939	3	1513	29
940	3	678	29
940	3	1304	20
940	3	2295	9
941	3	574	29
941	3	991	20
941	3	1774	9
941	3	2139	12
942	3	574	29
942	3	991	20
942	3	1617	9
943	3	2035	29
944	3	730	29
944	3	2139	20
945	3	1617	29
946	3	782	29
947	3	730	29
947	3	991	20
947	3	1461	9
947	3	1722	12
947	3	2243	30
948	3	678	29
948	3	1304	20
949	3	521	29
949	3	887	20
949	3	1356	9
949	3	1617	12
949	3	1878	30
950	3	678	29
950	3	939	20
953	3	678	29
953	3	1095	20
954	3	574	29
954	3	887	20
956	3	1043	29
957	3	1722	29
958	3	1408	29
960	3	887	29
960	3	1461	20
961	3	626	29
961	3	1461	20
962	3	2087	29
963	3	730	29
964	3	574	29
964	3	1095	20
964	3	1617	9
965	3	887	29
966	3	574	29
966	3	1461	20
967	3	1617	29
968	3	730	29
968	3	2295	20
969	3	521	29
969	3	1461	20
971	3	730	29
971	3	1356	20
972	3	574	29
972	3	887	20
972	3	1408	9
972	3	1669	12
972	3	1930	30
973	3	521	29
974	3	626	29
975	3	1408	29
976	3	521	29
976	3	1356	20
976	3	2243	9
977	3	2087	29
978	3	782	29
978	3	1200	20
979	3	1565	29
980	3	1930	29
981	3	939	29
981	3	1513	20
982	3	626	29
983	3	574	29
983	3	1408	20
984	3	1200	29
985	3	1408	29
985	3	1722	20
987	3	1356	29
988	3	626	29
989	3	574	29
989	3	2295	20
990	3	521	29
992	3	2087	29
993	3	887	29
994	3	521	29
995	3	626	29
995	3	887	20
996	3	1461	29
997	3	2295	29
998	3	521	29
998	3	1200	20
998	3	1722	9
998	3	2087	12
999	3	1669	29
0	4	678	29
0	4	1356	28
1	4	678	29
2	4	521	29
3	4	1148	28
3	4	1461	29
4	4	782	29
4	4	1356	28
4	4	2295	30
5	4	574	29
5	4	1982	28
6	4	521	29
6	4	1617	28
7	4	939	28
7	4	1252	29
8	4	678	29
8	4	1252	28
10	4	574	29
10	4	1878	28
12	4	1304	28
12	4	1617	29
13	4	1095	28
13	4	1408	29
14	4	574	29
14	4	1461	28
15	4	730	29
15	4	1930	28
16	4	678	29
16	4	1513	28
17	4	626	29
17	4	1826	28
18	4	574	29
18	4	1461	28
19	4	1930	29
20	4	730	29
20	4	1617	28
21	4	574	29
21	4	2295	28
22	4	939	29
22	4	1878	28
23	4	574	29
23	4	991	28
24	4	574	29
24	4	1095	28
25	4	1565	28
25	4	1617	29
26	4	678	29
26	4	1461	28
27	4	574	29
27	4	1148	28
28	4	730	29
28	4	1304	28
29	4	1043	29
29	4	2295	28
30	4	1252	28
30	4	1565	29
31	4	782	29
31	4	2243	28
32	4	1095	28
32	4	1408	29
33	4	782	29
33	4	2243	28
34	4	887	29
34	4	1774	28
35	4	678	29
35	4	1669	28
36	4	730	29
36	4	1669	28
37	4	626	29
37	4	2087	28
38	4	782	29
39	4	678	29
39	4	1878	28
40	4	626	29
40	4	1200	28
41	4	939	29
41	4	1722	28
42	4	1043	29
42	4	1617	28
43	4	521	29
43	4	1148	28
44	4	1617	28
44	4	1930	29
45	4	782	29
45	4	1617	28
46	4	782	29
46	4	2087	28
47	4	1252	29
48	4	1982	28
48	4	2295	29
49	4	521	29
49	4	1200	28
50	4	1513	28
50	4	1826	29
51	4	1878	29
52	4	939	28
52	4	1252	29
53	4	574	29
53	4	1095	28
55	4	834	29
56	4	1148	28
56	4	1461	29
57	4	574	29
57	4	1200	28
58	4	626	29
58	4	1200	28
59	4	626	29
59	4	1513	28
60	4	1148	28
60	4	1461	29
61	4	678	29
62	4	626	29
62	4	1513	28
63	4	678	29
63	4	1356	28
64	4	1878	28
64	4	2191	29
65	4	521	29
65	4	1617	28
66	4	1252	28
66	4	1304	29
67	4	782	29
67	4	1356	28
68	4	1565	29
69	4	521	29
69	4	1774	28
70	4	782	29
71	4	1095	28
71	4	1408	29
73	4	521	29
74	4	1878	29
75	4	678	29
76	4	521	29
77	4	1461	28
77	4	1774	29
78	4	1304	28
78	4	1617	29
79	4	782	29
79	4	1722	28
80	4	678	29
80	4	1930	28
81	4	678	29
81	4	2295	28
82	4	730	29
82	4	1982	28
83	4	1043	28
83	4	1356	29
84	4	678	29
84	4	2191	28
85	4	1722	28
85	4	2035	29
86	4	1304	29
87	4	574	29
87	4	939	28
87	4	2139	30
88	4	678	29
88	4	1304	28
89	4	1043	29
89	4	1982	28
90	4	1304	28
90	4	1617	29
91	4	834	29
92	4	574	29
92	4	939	28
93	4	1252	28
93	4	1565	29
94	4	521	29
95	4	1356	29
96	4	991	28
96	4	1304	29
97	4	521	29
98	4	1617	28
98	4	1930	29
99	4	1043	28
99	4	1356	29
100	4	1669	29
101	4	887	29
102	4	678	29
102	4	1982	28
103	4	1095	29
104	4	574	29
104	4	1200	28
105	4	2243	28
106	4	730	29
106	4	1252	28
107	4	626	29
107	4	1513	28
108	4	678	29
109	4	1408	29
110	4	678	29
110	4	1461	28
111	4	782	29
111	4	2295	28
112	4	730	29
112	4	2087	28
113	4	574	29
113	4	939	28
114	4	626	29
114	4	2035	28
115	4	1513	29
116	4	1408	28
116	4	1722	29
117	4	1356	28
117	4	1669	29
118	4	1252	29
119	4	1252	29
119	4	2087	28
120	4	834	29
120	4	1930	28
121	4	1461	29
122	4	678	29
122	4	1356	28
123	4	521	29
124	4	730	29
124	4	1826	28
125	4	574	29
125	4	1148	28
126	4	574	29
126	4	939	28
127	4	678	29
127	4	1408	28
128	4	574	29
128	4	1200	28
129	4	521	29
130	4	574	29
131	4	782	29
131	4	1513	28
132	4	626	29
132	4	2295	28
133	4	574	29
133	4	1408	28
134	4	834	29
134	4	1774	28
135	4	574	29
135	4	1148	28
136	4	574	29
136	4	1148	28
136	4	1878	30
137	4	730	29
137	4	1408	28
138	4	626	29
138	4	1252	28
139	4	678	29
139	4	1252	28
139	4	2035	30
140	4	1774	28
140	4	2087	29
141	4	678	29
141	4	1252	28
142	4	1200	29
143	4	1200	28
143	4	1513	29
145	4	521	29
145	4	1617	28
146	4	782	29
146	4	1617	28
147	4	626	29
147	4	1356	28
148	4	1304	28
148	4	1617	29
149	4	678	29
149	4	1252	28
150	4	574	29
150	4	1252	28
151	4	469	29
151	4	1930	28
152	4	626	29
152	4	1252	28
153	4	834	29
154	4	626	29
154	4	1356	28
155	4	574	29
155	4	939	28
156	4	574	29
156	4	991	28
158	4	678	29
158	4	1565	28
159	4	626	29
159	4	1304	28
160	4	939	29
160	4	1617	28
161	4	1565	28
161	4	1878	29
162	4	991	28
162	4	1304	29
163	4	1095	28
163	4	1408	29
164	4	521	29
164	4	1878	28
165	4	521	29
165	4	1148	28
166	4	1878	29
167	4	1200	28
167	4	1513	29
169	4	678	29
170	4	626	29
170	4	1252	28
171	4	1408	29
172	4	1200	29
172	4	1617	28
173	4	1461	29
174	4	1095	29
174	4	1826	28
175	4	887	29
175	4	1617	28
176	4	574	29
176	4	1826	28
177	4	1669	29
178	4	1982	28
178	4	2295	29
179	4	782	29
179	4	1565	28
180	4	1930	28
180	4	2243	29
181	4	574	29
182	4	730	29
183	4	626	29
183	4	1669	28
184	4	1095	28
184	4	1408	29
185	4	782	29
185	4	1461	28
186	4	2139	28
187	4	1095	29
188	4	1304	28
188	4	1617	29
189	4	730	29
189	4	1356	28
190	4	1252	29
191	4	678	29
192	4	834	29
192	4	1565	28
193	4	626	29
193	4	1461	28
194	4	730	29
196	4	574	29
196	4	1200	28
196	4	1930	30
198	4	678	29
198	4	1304	28
199	4	574	29
199	4	991	28
200	4	1095	28
200	4	1408	29
201	4	1774	28
201	4	2087	29
202	4	939	28
202	4	1252	29
203	4	834	29
203	4	1461	28
204	4	574	29
204	4	1200	28
205	4	1461	29
205	4	2087	28
206	4	574	29
206	4	1095	28
206	4	1878	30
207	4	678	29
207	4	1565	28
208	4	574	29
208	4	1200	28
209	4	2191	28
210	4	626	29
210	4	1408	28
211	4	1461	28
211	4	1774	29
212	4	834	29
212	4	1669	28
213	4	1565	28
213	4	1878	29
214	4	887	29
215	4	521	29
215	4	1669	28
216	4	939	28
216	4	1252	29
217	4	1148	28
217	4	1200	29
218	4	887	29
218	4	1669	28
219	4	521	29
220	4	1356	28
220	4	1669	29
221	4	521	29
221	4	1461	28
222	4	1878	29
223	4	521	29
224	4	887	29
224	4	1669	28
225	4	626	29
225	4	1252	28
226	4	574	29
226	4	1148	28
227	4	834	29
228	4	574	29
228	4	1043	28
229	4	730	29
229	4	1408	28
230	4	574	29
230	4	939	28
231	4	574	29
231	4	2035	28
232	4	626	29
232	4	1356	28
233	4	1252	28
233	4	1304	29
235	4	1461	28
235	4	1774	29
236	4	521	29
236	4	2139	28
237	4	1408	29
239	4	1148	28
239	4	1461	29
240	4	574	29
240	4	1043	28
241	4	730	29
241	4	1304	28
242	4	626	29
242	4	1252	28
243	4	574	29
243	4	1304	28
244	4	521	29
244	4	939	28
245	4	1095	28
245	4	1408	29
246	4	2035	28
248	4	574	29
248	4	939	28
249	4	574	29
250	4	574	29
250	4	1304	28
251	4	626	29
251	4	1461	28
252	4	1408	28
252	4	1722	29
253	4	834	29
253	4	1982	28
255	4	1148	29
256	4	782	29
256	4	1513	28
257	4	1043	28
257	4	1356	29
258	4	678	29
258	4	1826	28
259	4	574	29
259	4	939	28
260	4	574	29
260	4	1565	28
262	4	887	29
262	4	1408	28
263	4	1043	29
264	4	730	29
264	4	2035	28
265	4	678	29
266	4	626	29
266	4	1461	28
267	4	574	29
267	4	939	28
268	4	991	28
268	4	1304	29
269	4	730	29
269	4	1461	28
270	4	1043	29
271	4	834	29
271	4	1513	28
272	4	574	29
272	4	991	28
272	4	2035	30
273	4	2243	28
274	4	1095	28
274	4	1408	29
275	4	1565	28
275	4	1878	29
276	4	2139	28
277	4	1878	29
278	4	1461	28
278	4	1774	29
279	4	1200	28
279	4	1513	29
280	4	782	29
280	4	1982	28
282	4	1513	28
282	4	1826	29
283	4	1148	28
283	4	1461	29
284	4	626	29
284	4	1148	28
285	4	1200	29
285	4	1722	28
286	4	521	29
286	4	991	28
287	4	1356	29
288	4	730	29
289	4	521	29
291	4	678	29
292	4	1461	28
292	4	1774	29
293	4	574	29
293	4	1148	28
294	4	626	29
295	4	1200	29
295	4	2191	28
296	4	574	29
296	4	1148	28
297	4	1356	28
297	4	1669	29
298	4	887	29
298	4	1565	28
299	4	626	29
300	4	521	29
300	4	2139	28
301	4	574	29
301	4	1617	28
302	4	678	29
302	4	1722	28
303	4	574	29
303	4	1252	28
303	4	2139	30
304	4	574	29
304	4	939	28
306	4	574	29
306	4	1513	28
307	4	730	29
307	4	2295	28
308	4	521	29
309	4	574	29
309	4	1200	28
310	4	834	29
310	4	1356	28
311	4	887	29
312	4	1200	29
312	4	2087	28
313	4	939	29
314	4	1252	28
314	4	1565	29
315	4	834	29
315	4	1617	28
316	4	2035	28
317	4	1200	28
317	4	1513	29
318	4	1774	29
319	4	1774	28
319	4	2087	29
320	4	1252	29
321	4	678	29
322	4	574	29
322	4	1826	28
323	4	1826	28
323	4	2139	29
324	4	1304	28
324	4	1617	29
325	4	1200	28
325	4	1513	29
326	4	626	29
326	4	1930	28
327	4	1043	28
327	4	1356	29
328	4	834	29
328	4	2139	28
329	4	1617	29
330	4	782	29
330	4	1356	28
331	4	678	29
331	4	2087	28
332	4	834	29
332	4	1513	28
333	4	626	29
333	4	1774	28
334	4	1200	28
334	4	1513	29
335	4	626	29
335	4	1774	28
336	4	730	29
336	4	1826	28
337	4	887	29
337	4	2139	28
338	4	1356	28
338	4	1669	29
339	4	678	29
339	4	2087	28
340	4	1095	28
340	4	1408	29
341	4	1200	29
341	4	1826	28
342	4	574	29
342	4	991	28
343	4	626	29
343	4	1304	28
344	4	1930	28
344	4	2243	29
345	4	521	29
345	4	1252	28
346	4	574	29
346	4	1148	28
347	4	678	29
347	4	1513	28
348	4	730	29
348	4	1617	28
349	4	678	29
349	4	1252	28
350	4	1982	28
350	4	2295	29
351	4	626	29
352	4	626	29
352	4	1356	28
353	4	678	29
354	4	574	29
354	4	1252	28
355	4	678	29
356	4	887	29
356	4	1669	28
357	4	730	29
358	4	1200	29
358	4	1826	28
360	4	730	29
360	4	2139	28
361	4	574	29
361	4	1408	28
362	4	1982	28
362	4	2295	29
364	4	626	29
365	4	1617	28
365	4	1930	29
366	4	782	29
366	4	1461	28
367	4	626	29
367	4	2139	28
368	4	626	29
368	4	1148	28
368	4	1930	30
369	4	730	29
369	4	1408	28
370	4	887	29
371	4	574	29
371	4	1356	28
372	4	834	29
372	4	1617	28
374	4	1461	28
374	4	1774	29
375	4	521	29
376	4	626	29
376	4	1982	28
377	4	1200	28
377	4	1513	29
378	4	991	28
378	4	1304	29
379	4	730	29
379	4	1408	28
380	4	678	29
381	4	834	29
381	4	2243	28
382	4	678	29
382	4	2139	28
383	4	1356	28
383	4	1669	29
384	4	834	29
385	4	834	29
386	4	626	29
387	4	574	29
387	4	1148	28
388	4	2035	28
388	4	2087	29
389	4	678	29
390	4	574	29
390	4	1826	28
391	4	678	29
391	4	1565	28
392	4	939	28
392	4	1252	29
393	4	574	29
393	4	1617	28
394	4	834	29
395	4	939	29
396	4	626	29
396	4	1148	28
397	4	1148	28
397	4	1461	29
398	4	730	29
399	4	574	29
399	4	939	28
400	4	574	29
400	4	1617	28
401	4	2139	28
401	4	2191	29
402	4	626	29
402	4	1356	28
403	4	2087	29
404	4	1148	29
404	4	2243	28
405	4	1095	28
405	4	1408	29
406	4	626	29
406	4	1565	28
407	4	1095	28
407	4	1408	29
409	4	1095	28
409	4	1408	29
410	4	939	28
410	4	1252	29
411	4	574	29
411	4	991	28
412	4	678	29
412	4	1200	28
412	4	1930	30
413	4	626	29
413	4	1148	28
413	4	1930	30
414	4	626	29
414	4	1304	28
415	4	678	29
415	4	1669	28
416	4	1408	28
416	4	1722	29
417	4	574	29
417	4	1513	28
418	4	730	29
418	4	1408	28
419	4	574	29
419	4	1148	28
420	4	887	29
420	4	1617	28
421	4	2087	29
422	4	1513	29
423	4	1148	29
423	4	1722	28
424	4	574	29
424	4	1043	28
424	4	2035	30
425	4	626	29
425	4	1878	28
426	4	1043	28
426	4	1095	29
427	4	1982	28
427	4	2295	29
428	4	678	29
429	4	469	29
429	4	1304	28
430	4	626	29
430	4	2295	28
431	4	626	29
431	4	1356	28
432	4	782	29
432	4	1408	28
433	4	939	29
433	4	1826	28
434	4	678	29
434	4	1304	28
434	4	2243	30
435	4	521	29
435	4	939	28
436	4	678	29
436	4	1252	28
437	4	574	29
437	4	1774	28
438	4	678	29
438	4	1304	28
439	4	1356	29
440	4	730	29
440	4	1826	28
441	4	1826	28
441	4	2139	29
442	4	678	29
442	4	1617	28
443	4	991	29
444	4	1565	28
444	4	1878	29
445	4	626	29
445	4	1774	28
446	4	782	29
446	4	2087	28
447	4	521	29
447	4	2295	28
448	4	1043	28
448	4	1356	29
449	4	2035	28
451	4	782	29
451	4	1356	28
452	4	521	29
452	4	1982	28
453	4	626	29
453	4	1200	28
454	4	1304	28
454	4	1617	29
455	4	1252	29
455	4	1774	28
456	4	1252	28
456	4	1304	29
457	4	730	29
457	4	1669	28
458	4	1722	28
458	4	2035	29
459	4	469	29
460	4	626	29
460	4	2139	28
461	4	574	29
461	4	1043	28
462	4	834	29
462	4	2035	28
463	4	782	29
463	4	1304	28
464	4	939	29
464	4	1565	28
465	4	678	29
465	4	1982	28
466	4	574	29
466	4	939	28
467	4	574	29
467	4	1408	28
468	4	626	29
468	4	2035	28
469	4	574	29
469	4	1408	28
470	4	1513	28
470	4	1826	29
471	4	1095	28
471	4	1408	29
472	4	574	29
472	4	1356	28
473	4	730	29
473	4	1513	28
474	4	574	29
474	4	1095	28
475	4	939	29
475	4	2035	28
476	4	1565	29
478	4	887	29
480	4	730	29
481	4	574	29
481	4	1148	28
482	4	834	29
483	4	1669	28
483	4	1982	29
484	4	2035	28
484	4	2087	29
485	4	1408	29
486	4	1252	28
486	4	1565	29
487	4	626	29
487	4	2035	28
488	4	1252	28
488	4	1565	29
489	4	626	29
489	4	1200	28
490	4	834	29
490	4	1356	28
491	4	678	29
491	4	1669	28
492	4	939	28
492	4	1252	29
493	4	730	29
494	4	678	29
495	4	1095	29
495	4	1565	28
496	4	678	29
496	4	1304	28
497	4	574	29
498	4	626	29
498	4	1669	28
499	4	626	29
500	4	574	29
500	4	939	28
501	4	1252	28
501	4	1565	29
502	4	1095	29
502	4	2243	28
503	4	626	29
503	4	1148	28
503	4	1878	30
505	4	1252	28
505	4	1565	29
506	4	1043	28
506	4	1356	29
507	4	1617	28
507	4	1930	29
508	4	678	29
508	4	1304	28
510	4	1930	28
510	4	1982	29
512	4	939	29
512	4	1461	28
513	4	939	28
513	4	1252	29
514	4	730	29
514	4	1826	28
515	4	626	29
515	4	1408	28
516	4	1304	28
516	4	1617	29
517	4	1252	28
517	4	1565	29
518	4	991	28
518	4	1304	29
519	4	574	29
519	4	1200	28
520	4	626	29
520	4	1982	28
521	4	626	29
521	4	1304	28
522	4	782	29
522	4	1304	28
523	4	678	29
523	4	1774	28
524	4	2087	28
525	4	626	29
525	4	1148	28
526	4	1878	28
526	4	2191	29
527	4	521	29
527	4	939	28
528	4	626	29
528	4	1565	28
529	4	678	29
529	4	1148	28
530	4	1200	28
530	4	1513	29
531	4	1043	28
531	4	1356	29
532	4	1148	29
533	4	1982	28
533	4	2295	29
534	4	678	29
534	4	1304	28
535	4	1982	29
536	4	1252	28
536	4	1565	29
537	4	887	29
537	4	1669	28
538	4	574	29
538	4	939	28
539	4	626	29
540	4	521	29
541	4	574	29
541	4	1722	28
542	4	939	28
542	4	1252	29
543	4	1095	28
543	4	1408	29
544	4	626	29
544	4	1200	28
545	4	782	29
546	4	1148	28
546	4	1461	29
547	4	626	29
547	4	1252	28
548	4	1304	28
548	4	1617	29
549	4	1356	29
550	4	574	29
550	4	939	28
551	4	626	29
551	4	1252	28
552	4	1304	28
552	4	1617	29
553	4	521	29
553	4	1617	28
554	4	574	29
554	4	1408	28
555	4	574	29
555	4	1148	28
555	4	1930	30
556	4	834	29
556	4	1356	28
557	4	1982	29
558	4	521	29
558	4	1878	28
559	4	991	28
559	4	1304	29
560	4	1304	28
560	4	1617	29
561	4	1095	29
562	4	991	28
562	4	1304	29
563	4	521	29
563	4	1304	28
564	4	1304	28
564	4	1617	29
565	4	574	29
565	4	1043	28
566	4	678	29
567	4	521	29
567	4	2139	28
568	4	574	29
568	4	939	28
569	4	1200	29
570	4	1252	28
570	4	1565	29
571	4	574	29
571	4	939	28
572	4	1408	28
572	4	1461	29
573	4	2295	29
574	4	887	29
575	4	574	29
575	4	1095	28
576	4	1095	28
576	4	1408	29
577	4	678	29
577	4	1461	28
578	4	521	29
578	4	1982	28
579	4	991	29
580	4	2035	28
581	4	1148	29
581	4	1826	28
582	4	939	29
582	4	2035	28
583	4	678	29
583	4	1148	28
584	4	574	29
584	4	1826	28
585	4	626	29
585	4	1148	28
585	4	1826	30
586	4	730	29
586	4	1304	28
587	4	574	29
587	4	1148	28
588	4	574	29
588	4	1356	28
589	4	678	29
589	4	1565	28
590	4	730	29
590	4	1617	28
591	4	1722	29
593	4	678	29
593	4	2295	28
594	4	1148	29
594	4	2139	28
595	4	626	29
595	4	1252	28
596	4	991	29
596	4	1669	28
597	4	730	29
597	4	2295	28
598	4	574	29
598	4	1930	28
599	4	626	29
599	4	1826	28
600	4	1617	28
600	4	1930	29
601	4	782	29
602	4	521	29
603	4	782	29
604	4	1095	29
604	4	1826	28
605	4	521	29
605	4	1722	28
606	4	678	29
606	4	1356	28
607	4	574	29
607	4	1043	28
608	4	574	29
608	4	1200	28
610	4	2191	28
611	4	782	29
611	4	1722	28
612	4	1095	28
612	4	1408	29
613	4	1513	29
614	4	1252	29
615	4	469	29
615	4	1722	28
616	4	991	28
616	4	1304	29
617	4	1878	28
617	4	2191	29
618	4	2035	28
619	4	939	28
619	4	1252	29
620	4	626	29
620	4	2295	28
621	4	1148	29
621	4	1669	28
622	4	626	29
623	4	1252	29
624	4	574	29
624	4	1722	28
625	4	1252	29
626	4	574	29
626	4	1200	28
627	4	782	29
627	4	1669	28
628	4	678	29
628	4	1461	28
629	4	521	29
629	4	2087	28
630	4	834	29
630	4	1669	28
631	4	939	29
631	4	1617	28
632	4	626	29
632	4	1513	28
633	4	521	29
634	4	1148	28
634	4	1461	29
635	4	1513	29
636	4	2139	28
637	4	1200	28
637	4	1513	29
638	4	1982	29
639	4	574	29
639	4	1095	28
640	4	834	29
641	4	626	29
642	4	1148	28
642	4	1461	29
643	4	2295	28
644	4	834	29
645	4	782	29
645	4	1408	28
646	4	678	29
646	4	1356	28
647	4	1461	28
647	4	1774	29
648	4	782	29
648	4	1565	28
649	4	626	29
649	4	1669	28
650	4	1461	28
650	4	1774	29
651	4	626	29
652	4	782	29
652	4	1774	28
653	4	782	29
653	4	1774	28
654	4	887	29
654	4	2191	28
655	4	782	29
655	4	1565	28
656	4	678	29
656	4	1461	28
657	4	834	29
658	4	782	29
658	4	1461	28
659	4	1095	28
659	4	1408	29
660	4	1513	29
661	4	678	29
661	4	1617	28
662	4	730	29
662	4	1408	28
663	4	991	28
663	4	1304	29
664	4	678	29
664	4	1461	28
665	4	678	29
665	4	1982	28
666	4	678	29
666	4	1930	28
667	4	678	29
668	4	1043	29
668	4	1982	28
669	4	834	29
669	4	1617	28
670	4	1043	29
670	4	1930	28
671	4	1252	28
671	4	1565	29
672	4	887	29
672	4	1982	28
673	4	834	29
673	4	1878	28
674	4	782	29
674	4	1408	28
675	4	991	28
675	4	1304	29
676	4	626	29
676	4	1356	28
677	4	1043	29
677	4	1617	28
678	4	626	29
678	4	1930	28
679	4	1148	28
679	4	1461	29
680	4	991	28
680	4	1304	29
681	4	939	28
681	4	1252	29
682	4	521	29
682	4	1826	28
683	4	1200	28
683	4	1513	29
684	4	991	28
684	4	1304	29
685	4	626	29
685	4	2087	28
686	4	730	29
687	4	1565	29
688	4	1200	28
688	4	1513	29
689	4	1148	28
689	4	1461	29
690	4	521	29
691	4	678	29
691	4	1356	28
692	4	626	29
692	4	1200	28
693	4	678	29
693	4	1304	28
694	4	834	29
694	4	1722	28
695	4	574	29
695	4	1878	28
696	4	939	29
696	4	2243	28
697	4	574	29
697	4	1200	28
698	4	1461	28
698	4	1774	29
699	4	730	29
699	4	1461	28
700	4	626	29
701	4	1095	29
701	4	1617	28
702	4	678	29
703	4	574	29
703	4	1095	28
704	4	1930	28
704	4	2243	29
705	4	939	28
705	4	1252	29
706	4	626	29
706	4	1982	28
707	4	730	29
708	4	1252	29
708	4	1982	28
709	4	574	29
709	4	1200	28
710	4	782	29
710	4	1408	28
711	4	1043	28
711	4	1356	29
712	4	887	29
712	4	1617	28
714	4	678	29
714	4	1826	28
715	4	834	29
715	4	1722	28
716	4	626	29
716	4	1200	28
717	4	991	28
717	4	1304	29
718	4	574	29
718	4	1095	28
719	4	1148	29
720	4	1930	28
720	4	2243	29
721	4	730	29
721	4	1408	28
722	4	574	29
722	4	1148	28
723	4	782	29
723	4	2295	28
724	4	1878	29
725	4	834	29
725	4	1565	28
726	4	730	29
726	4	1304	28
727	4	1200	28
727	4	1513	29
728	4	1826	28
728	4	2139	29
729	4	730	29
729	4	2295	28
730	4	1043	29
731	4	574	29
731	4	2035	28
732	4	626	29
732	4	1982	28
733	4	678	29
733	4	1513	28
734	4	521	29
734	4	939	28
735	4	2087	29
736	4	991	28
736	4	1304	29
737	4	678	29
737	4	1565	28
738	4	626	29
738	4	1200	28
739	4	1095	28
739	4	1408	29
741	4	834	29
742	4	678	29
742	4	1252	28
743	4	574	29
743	4	1043	28
744	4	1148	28
744	4	1461	29
745	4	1722	29
746	4	469	29
747	4	939	29
748	4	1982	28
748	4	2295	29
749	4	1669	29
750	4	678	29
751	4	1148	28
751	4	1461	29
752	4	939	29
752	4	1513	28
753	4	626	29
753	4	1408	28
754	4	626	29
754	4	1513	28
755	4	626	29
755	4	1930	28
756	4	626	29
756	4	1304	28
757	4	469	29
757	4	2191	28
758	4	626	29
758	4	1513	28
759	4	469	29
760	4	678	29
761	4	1095	29
761	4	2087	28
762	4	626	29
762	4	1408	28
763	4	1148	28
763	4	1461	29
764	4	678	29
765	4	574	29
765	4	1461	28
766	4	834	29
767	4	1095	28
767	4	1408	29
768	4	1408	28
768	4	1722	29
769	4	834	29
770	4	521	29
771	4	1095	28
771	4	1408	29
772	4	887	29
772	4	2243	28
773	4	1617	29
774	4	574	29
774	4	991	28
775	4	1200	28
775	4	1513	29
776	4	574	29
776	4	1356	28
777	4	1982	28
777	4	2295	29
778	4	730	29
778	4	2191	28
779	4	1930	28
779	4	2243	29
780	4	626	29
780	4	2191	28
781	4	626	29
781	4	1304	28
782	4	678	29
782	4	1982	28
783	4	1408	28
783	4	1722	29
784	4	574	29
784	4	1565	28
785	4	782	29
786	4	991	29
787	4	1461	29
787	4	2191	28
788	4	521	29
788	4	1356	28
789	4	1043	28
789	4	1356	29
790	4	887	29
790	4	1774	28
791	4	1461	29
792	4	782	29
793	4	574	29
793	4	939	28
794	4	574	29
794	4	939	28
795	4	1617	28
795	4	1930	29
796	4	1565	29
797	4	730	29
798	4	991	28
798	4	1304	29
800	4	1252	28
800	4	1565	29
801	4	1304	28
801	4	1617	29
802	4	521	29
802	4	1408	28
803	4	626	29
803	4	1304	28
804	4	521	29
804	4	1774	28
806	4	1513	29
807	4	678	29
807	4	1148	28
808	4	1982	28
808	4	2295	29
809	4	1722	28
809	4	2035	29
810	4	574	29
810	4	1669	28
811	4	574	29
811	4	939	28
812	4	574	29
812	4	1095	28
813	4	887	29
814	4	991	29
815	4	469	29
816	4	1043	28
816	4	1356	29
817	4	2087	28
818	4	887	29
818	4	1878	28
819	4	1408	28
819	4	1722	29
820	4	730	29
820	4	2243	28
821	4	1148	28
821	4	1200	29
822	4	574	29
822	4	1878	28
823	4	678	29
823	4	1252	28
824	4	991	28
824	4	1304	29
825	4	991	28
825	4	1304	29
826	4	939	29
826	4	1513	28
827	4	834	29
828	4	1304	29
828	4	2191	28
829	4	1982	28
829	4	2035	29
830	4	1200	29
831	4	574	29
831	4	1148	28
831	4	2139	30
832	4	730	29
832	4	1304	28
833	4	1148	28
833	4	1461	29
834	4	730	29
834	4	1408	28
835	4	678	29
835	4	1930	28
836	4	2035	28
837	4	1148	28
837	4	1461	29
838	4	574	29
838	4	1043	28
839	4	1304	28
839	4	1617	29
840	4	574	29
840	4	1200	28
841	4	574	29
842	4	991	29
842	4	1722	28
843	4	626	29
843	4	1200	28
843	4	1982	30
844	4	1148	28
844	4	1461	29
845	4	1200	28
845	4	1513	29
846	4	1356	28
846	4	1669	29
847	4	1252	29
847	4	1930	28
848	4	574	29
848	4	1252	28
849	4	2087	29
850	4	574	29
850	4	1043	28
852	4	939	29
853	4	1304	28
853	4	1617	29
854	4	1043	28
854	4	1356	29
855	4	626	29
855	4	2295	28
856	4	678	29
856	4	2295	28
857	4	1304	28
857	4	1617	29
858	4	730	29
858	4	1408	28
859	4	1565	29
860	4	1565	28
860	4	1617	29
861	4	678	29
862	4	1461	28
862	4	1513	29
863	4	574	29
863	4	1095	28
864	4	574	29
864	4	1252	28
865	4	521	29
865	4	1356	28
866	4	626	29
866	4	1826	28
867	4	782	29
867	4	2087	28
868	4	574	29
868	4	1408	28
869	4	991	28
869	4	1304	29
870	4	1095	28
870	4	1148	29
871	4	1095	28
871	4	1408	29
873	4	574	29
873	4	939	28
875	4	626	29
875	4	1356	28
876	4	678	29
877	4	574	29
877	4	1252	28
878	4	1356	29
878	4	2243	28
879	4	730	29
880	4	678	29
880	4	1461	28
881	4	939	29
882	4	1200	28
882	4	1513	29
883	4	1669	28
883	4	1982	29
884	4	730	29
884	4	2191	28
885	4	730	29
885	4	1252	28
886	4	939	29
886	4	2035	28
887	4	834	29
888	4	1826	28
888	4	2139	29
889	4	1304	28
889	4	1617	29
890	4	1252	28
890	4	1304	29
891	4	678	29
892	4	1461	28
892	4	1774	29
893	4	574	29
894	4	626	29
894	4	1930	28
895	4	678	29
895	4	1826	28
896	4	678	29
897	4	521	29
897	4	1148	28
898	4	730	29
898	4	1304	28
899	4	678	29
899	4	1356	28
900	4	939	29
900	4	1826	28
901	4	626	29
901	4	2295	28
902	4	887	29
902	4	1356	28
903	4	574	29
903	4	1148	28
905	4	1408	29
906	4	574	29
907	4	1982	28
907	4	2295	29
908	4	678	29
908	4	1669	28
909	4	1878	28
909	4	2191	29
910	4	1095	28
910	4	1408	29
911	4	939	29
912	4	574	29
913	4	1252	28
913	4	1565	29
914	4	1043	29
914	4	1669	28
915	4	1200	28
915	4	1513	29
916	4	574	29
916	4	1095	28
917	4	730	29
917	4	1982	28
918	4	1200	28
918	4	1252	29
919	4	1252	28
919	4	1565	29
920	4	1043	29
921	4	939	29
922	4	939	29
922	4	2087	28
923	4	1200	28
923	4	1513	29
924	4	574	29
924	4	1095	28
925	4	678	29
926	4	626	29
926	4	1252	28
927	4	939	29
927	4	1878	28
929	4	678	29
929	4	1617	28
931	4	626	29
931	4	1252	28
932	4	1043	28
932	4	1356	29
933	4	1252	28
933	4	1565	29
934	4	991	28
934	4	1304	29
935	4	574	29
935	4	1408	28
936	4	521	29
936	4	2035	28
937	4	887	29
937	4	2139	28
938	4	991	28
938	4	1304	29
939	4	1200	28
939	4	1513	29
940	4	678	29
940	4	1252	28
941	4	574	29
941	4	991	28
942	4	574	29
942	4	991	28
943	4	2035	29
944	4	730	29
944	4	1722	28
945	4	1617	29
946	4	782	29
946	4	1617	28
947	4	730	29
947	4	1252	28
947	4	2243	30
948	4	678	29
948	4	1774	28
949	4	521	29
949	4	1148	28
949	4	1878	30
950	4	678	29
950	4	1513	28
951	4	2295	28
952	4	2087	28
953	4	678	29
953	4	1461	28
954	4	574	29
954	4	1617	28
956	4	1043	29
957	4	1408	28
957	4	1722	29
958	4	1095	28
958	4	1408	29
960	4	887	29
960	4	1878	28
961	4	626	29
961	4	1408	28
962	4	2087	29
963	4	730	29
963	4	2191	28
964	4	574	29
964	4	1095	28
965	4	887	29
965	4	1565	28
966	4	574	29
966	4	1304	28
967	4	1304	28
967	4	1617	29
968	4	730	29
968	4	2087	28
969	4	521	29
969	4	1408	28
971	4	730	29
971	4	1669	28
972	4	574	29
972	4	1200	28
972	4	1930	30
973	4	521	29
974	4	626	29
975	4	1408	29
976	4	521	29
976	4	1252	28
977	4	1774	28
977	4	2087	29
978	4	782	29
978	4	1513	28
979	4	1252	28
979	4	1565	29
980	4	1930	29
981	4	939	29
981	4	1408	28
982	4	626	29
983	4	574	29
983	4	939	28
984	4	1200	29
984	4	2139	28
985	4	1095	28
985	4	1408	29
986	4	2191	28
987	4	1356	29
988	4	626	29
988	4	1878	28
989	4	574	29
989	4	1878	28
990	4	521	29
992	4	1774	28
992	4	2087	29
993	4	887	29
994	4	521	29
995	4	626	29
995	4	1774	28
996	4	1148	28
996	4	1461	29
997	4	2243	28
997	4	2295	29
998	4	521	29
998	4	1200	28
999	4	1356	28
999	4	1669	29
0	5	521	24
0	5	678	29
0	5	1356	28
1	5	469	24
1	5	678	29
2	5	521	29
3	5	1148	28
3	5	1461	29
4	5	521	24
4	5	782	29
4	5	1356	28
4	5	2295	30
5	5	574	29
5	5	1982	28
6	5	521	29
6	5	1617	28
7	5	939	28
7	5	1252	29
8	5	678	29
8	5	1252	28
9	5	469	24
10	5	574	29
10	5	887	24
10	5	1878	28
11	5	469	24
12	5	1304	28
12	5	1617	29
13	5	1095	28
13	5	1408	29
14	5	574	29
14	5	887	24
14	5	1461	28
15	5	417	24
15	5	730	29
15	5	1930	28
16	5	521	24
16	5	678	29
16	5	1513	28
17	5	417	24
17	5	626	29
17	5	1826	28
18	5	574	29
18	5	1461	28
19	5	469	24
19	5	1930	29
20	5	417	24
20	5	730	29
20	5	1617	28
21	5	574	29
21	5	887	24
21	5	2295	28
22	5	939	29
22	5	1878	28
23	5	574	29
23	5	991	28
24	5	574	29
24	5	1095	28
25	5	1565	28
25	5	1617	29
26	5	678	29
26	5	1461	28
27	5	574	29
27	5	1148	28
28	5	730	29
28	5	1304	28
29	5	417	24
29	5	1043	29
29	5	2295	28
30	5	1252	28
30	5	1565	29
31	5	469	24
31	5	782	29
31	5	2243	28
32	5	1095	28
32	5	1408	29
33	5	417	24
33	5	782	29
33	5	2243	28
34	5	417	24
34	5	887	29
34	5	1774	28
35	5	469	24
35	5	678	29
35	5	1669	28
36	5	417	24
36	5	730	29
36	5	1669	28
37	5	626	29
37	5	2087	28
38	5	469	24
38	5	782	29
39	5	521	24
39	5	678	29
39	5	1878	28
40	5	521	24
40	5	626	29
40	5	1200	28
41	5	469	24
41	5	939	29
41	5	1722	28
42	5	469	24
42	5	1043	29
42	5	1617	28
43	5	521	29
43	5	1148	28
44	5	1617	28
44	5	1930	29
45	5	417	24
45	5	782	29
45	5	1617	28
46	5	417	24
46	5	782	29
46	5	2087	28
47	5	469	24
47	5	1252	29
48	5	1982	28
48	5	2295	29
49	5	521	29
49	5	1200	28
50	5	1513	28
50	5	1826	29
51	5	417	24
51	5	1878	29
52	5	939	28
52	5	1252	29
53	5	574	29
53	5	1095	28
55	5	469	24
55	5	834	29
56	5	1148	28
56	5	1461	29
57	5	417	24
57	5	574	29
57	5	1200	28
58	5	626	29
58	5	1200	28
59	5	469	24
59	5	626	29
59	5	1513	28
60	5	1148	28
60	5	1461	29
61	5	521	24
61	5	678	29
62	5	469	24
62	5	626	29
62	5	1513	28
63	5	678	29
63	5	1356	28
64	5	1878	28
64	5	2191	29
65	5	521	29
65	5	1617	28
66	5	1252	28
66	5	1304	29
67	5	782	29
67	5	1356	28
68	5	417	24
68	5	1565	29
69	5	417	24
69	5	521	29
69	5	1774	28
70	5	417	24
70	5	782	29
71	5	1095	28
71	5	1408	29
73	5	521	29
74	5	469	24
74	5	1878	29
75	5	521	24
75	5	678	29
76	5	521	29
77	5	1461	28
77	5	1774	29
78	5	1304	28
78	5	1617	29
79	5	782	29
79	5	1722	28
80	5	521	24
80	5	678	29
80	5	1930	28
81	5	469	24
81	5	678	29
81	5	2295	28
82	5	730	29
82	5	1982	28
83	5	1043	28
83	5	1356	29
84	5	469	24
84	5	678	29
84	5	2191	28
85	5	1722	28
85	5	2035	29
86	5	417	24
86	5	1304	29
87	5	574	29
87	5	939	28
87	5	2139	30
88	5	678	29
88	5	1304	28
89	5	469	24
89	5	1043	29
89	5	1982	28
90	5	1304	28
90	5	1617	29
91	5	417	24
91	5	834	29
92	5	574	29
92	5	939	28
93	5	1252	28
93	5	1565	29
94	5	521	29
95	5	469	24
95	5	1356	29
96	5	991	28
96	5	1304	29
97	5	521	29
98	5	1617	28
98	5	1930	29
99	5	1043	28
99	5	1356	29
100	5	469	24
100	5	1669	29
101	5	417	24
101	5	887	29
102	5	469	24
102	5	678	29
102	5	1982	28
103	5	417	24
103	5	1095	29
104	5	574	29
104	5	1200	28
105	5	2243	28
106	5	730	29
106	5	1252	28
107	5	521	24
107	5	626	29
107	5	1513	28
108	5	521	24
108	5	678	29
109	5	417	24
109	5	1408	29
110	5	521	24
110	5	678	29
110	5	1461	28
111	5	469	24
111	5	782	29
111	5	2295	28
112	5	730	29
112	5	2087	28
113	5	574	29
113	5	939	28
114	5	626	29
114	5	2035	28
115	5	469	24
115	5	1513	29
116	5	1408	28
116	5	1722	29
117	5	1356	28
117	5	1669	29
118	5	469	24
118	5	1252	29
119	5	469	24
119	5	1252	29
119	5	2087	28
120	5	834	29
120	5	1930	28
121	5	417	24
121	5	1461	29
122	5	521	24
122	5	678	29
122	5	1356	28
123	5	521	29
124	5	521	24
124	5	730	29
124	5	1826	28
125	5	574	29
125	5	1148	28
126	5	574	29
126	5	939	28
127	5	469	24
127	5	678	29
127	5	1408	28
128	5	574	29
128	5	887	24
128	5	1200	28
129	5	521	29
130	5	574	29
131	5	469	24
131	5	782	29
131	5	1513	28
132	5	521	24
132	5	626	29
132	5	2295	28
133	5	574	29
133	5	1408	28
134	5	834	29
134	5	1774	28
135	5	574	29
135	5	1148	28
136	5	574	29
136	5	887	24
136	5	1148	28
136	5	1878	30
137	5	730	29
137	5	1408	28
138	5	521	24
138	5	626	29
138	5	1252	28
139	5	417	24
139	5	678	29
139	5	1252	28
139	5	2035	30
140	5	1774	28
140	5	2087	29
141	5	417	24
141	5	678	29
141	5	1252	28
142	5	417	24
142	5	1200	29
143	5	1200	28
143	5	1513	29
145	5	521	29
145	5	1617	28
146	5	521	24
146	5	782	29
146	5	1617	28
147	5	626	29
147	5	1356	28
148	5	1304	28
148	5	1617	29
149	5	417	24
149	5	678	29
149	5	1252	28
150	5	574	29
150	5	1252	28
151	5	469	29
151	5	1930	28
152	5	626	29
152	5	1252	28
153	5	417	24
153	5	834	29
154	5	521	24
154	5	626	29
154	5	1356	28
155	5	574	29
155	5	939	28
156	5	574	29
156	5	991	28
157	5	417	24
158	5	417	24
158	5	678	29
158	5	1565	28
159	5	521	24
159	5	626	29
159	5	1304	28
160	5	469	24
160	5	939	29
160	5	1617	28
161	5	1565	28
161	5	1878	29
162	5	991	28
162	5	1304	29
163	5	1095	28
163	5	1408	29
164	5	521	29
164	5	1878	28
165	5	521	29
165	5	1148	28
166	5	469	24
166	5	1878	29
167	5	1200	28
167	5	1513	29
169	5	469	24
169	5	678	29
170	5	521	24
170	5	626	29
170	5	1252	28
171	5	469	24
171	5	1408	29
172	5	469	24
172	5	1200	29
172	5	1617	28
173	5	417	24
173	5	1461	29
174	5	417	24
174	5	1095	29
174	5	1826	28
175	5	417	24
175	5	887	29
175	5	1617	28
176	5	574	29
176	5	1826	28
177	5	1669	29
178	5	1982	28
178	5	2295	29
179	5	469	24
179	5	782	29
179	5	1565	28
180	5	1930	28
180	5	2243	29
181	5	469	24
181	5	574	29
182	5	730	29
183	5	417	24
183	5	626	29
183	5	1669	28
184	5	1095	28
184	5	1408	29
185	5	417	24
185	5	782	29
185	5	1461	28
186	5	2139	28
187	5	417	24
187	5	1095	29
188	5	1304	28
188	5	1617	29
189	5	730	29
189	5	1356	28
190	5	417	24
190	5	1252	29
191	5	521	24
191	5	678	29
192	5	574	24
192	5	834	29
192	5	1565	28
193	5	626	29
193	5	1461	28
194	5	730	29
196	5	574	29
196	5	887	24
196	5	1200	28
196	5	1930	30
196	5	2191	25
197	5	417	24
198	5	678	29
198	5	1304	28
199	5	574	29
199	5	991	28
200	5	1095	28
200	5	1408	29
201	5	1774	28
201	5	2087	29
202	5	939	28
202	5	1252	29
203	5	834	29
203	5	1461	28
204	5	574	29
204	5	1200	28
205	5	417	24
205	5	1461	29
205	5	2087	28
206	5	574	29
206	5	887	24
206	5	1095	28
206	5	1878	30
206	5	2139	25
207	5	417	24
207	5	678	29
207	5	1565	28
208	5	574	29
208	5	1200	28
209	5	2191	28
210	5	626	29
210	5	1408	28
211	5	1461	28
211	5	1774	29
212	5	834	29
212	5	1669	28
213	5	1565	28
213	5	1878	29
214	5	887	29
215	5	521	29
215	5	1669	28
216	5	939	28
216	5	1252	29
217	5	1148	28
217	5	1200	29
218	5	469	24
218	5	887	29
218	5	1669	28
219	5	521	29
220	5	1356	28
220	5	1669	29
221	5	521	29
221	5	1461	28
222	5	417	24
222	5	1878	29
223	5	521	29
224	5	887	29
224	5	1669	28
225	5	469	24
225	5	626	29
225	5	1252	28
226	5	574	29
226	5	1148	28
227	5	469	24
227	5	834	29
228	5	574	29
228	5	1043	28
229	5	730	29
229	5	1408	28
230	5	574	29
230	5	939	28
231	5	574	29
231	5	887	24
231	5	2035	28
232	5	521	24
232	5	626	29
232	5	1356	28
233	5	1252	28
233	5	1304	29
235	5	1461	28
235	5	1774	29
236	5	521	29
236	5	2139	28
237	5	417	24
237	5	1408	29
239	5	1148	28
239	5	1461	29
240	5	574	29
240	5	1043	28
241	5	730	29
241	5	1304	28
242	5	626	29
242	5	1252	28
243	5	574	29
243	5	887	24
243	5	1304	28
244	5	521	29
244	5	939	28
245	5	1095	28
245	5	1408	29
246	5	2035	28
248	5	574	29
248	5	939	28
249	5	574	29
249	5	887	24
250	5	469	24
250	5	574	29
250	5	1304	28
251	5	626	29
251	5	1461	28
252	5	1408	28
252	5	1722	29
253	5	834	29
253	5	1982	28
255	5	417	24
255	5	1148	29
256	5	782	29
256	5	1513	28
257	5	1043	28
257	5	1356	29
258	5	521	24
258	5	678	29
258	5	1826	28
259	5	574	29
259	5	939	28
260	5	574	29
260	5	1565	28
261	5	469	24
262	5	887	29
262	5	1408	28
263	5	417	24
263	5	1043	29
264	5	521	24
264	5	730	29
264	5	2035	28
265	5	417	24
265	5	678	29
266	5	626	29
266	5	1461	28
267	5	574	29
267	5	939	28
268	5	991	28
268	5	1304	29
269	5	469	24
269	5	730	29
269	5	1461	28
270	5	417	24
270	5	1043	29
271	5	417	24
271	5	834	29
271	5	1513	28
272	5	574	29
272	5	991	28
272	5	2035	30
272	5	2295	24
273	5	2243	28
274	5	1095	28
274	5	1408	29
275	5	1565	28
275	5	1878	29
276	5	2139	28
277	5	417	24
277	5	1878	29
278	5	1461	28
278	5	1774	29
279	5	1200	28
279	5	1513	29
280	5	782	29
280	5	1982	28
281	5	469	24
282	5	1513	28
282	5	1826	29
283	5	1148	28
283	5	1461	29
284	5	521	24
284	5	626	29
284	5	1148	28
285	5	417	24
285	5	1200	29
285	5	1722	28
286	5	521	29
286	5	991	28
287	5	469	24
287	5	1356	29
288	5	521	24
288	5	730	29
289	5	521	29
291	5	678	29
292	5	1461	28
292	5	1774	29
293	5	417	24
293	5	574	29
293	5	1148	28
294	5	469	24
294	5	626	29
295	5	417	24
295	5	1200	29
295	5	2191	28
296	5	574	29
296	5	1148	28
297	5	1356	28
297	5	1669	29
298	5	887	29
298	5	1565	28
299	5	521	24
299	5	626	29
300	5	521	29
300	5	2139	28
301	5	469	24
301	5	574	29
301	5	1617	28
302	5	521	24
302	5	678	29
302	5	1722	28
303	5	574	29
303	5	887	24
303	5	1252	28
303	5	2139	30
304	5	574	29
304	5	939	28
306	5	574	29
306	5	887	24
306	5	1513	28
307	5	730	29
307	5	2295	28
308	5	521	29
309	5	417	24
309	5	574	29
309	5	1200	28
310	5	417	24
310	5	834	29
310	5	1356	28
311	5	887	29
312	5	469	24
312	5	1200	29
312	5	2087	28
313	5	417	24
313	5	939	29
314	5	1252	28
314	5	1565	29
315	5	469	24
315	5	834	29
315	5	1617	28
316	5	2035	28
317	5	1200	28
317	5	1513	29
318	5	469	24
318	5	1774	29
319	5	1774	28
319	5	2087	29
320	5	1252	29
321	5	521	24
321	5	678	29
322	5	574	29
322	5	1826	28
323	5	1826	28
323	5	2139	29
324	5	1304	28
324	5	1617	29
325	5	1200	28
325	5	1513	29
326	5	521	24
326	5	626	29
326	5	1930	28
327	5	1043	28
327	5	1356	29
328	5	834	29
328	5	2139	28
329	5	417	24
329	5	1617	29
330	5	782	29
330	5	1356	28
331	5	521	24
331	5	678	29
331	5	2087	28
332	5	574	24
332	5	834	29
332	5	1513	28
333	5	469	24
333	5	626	29
333	5	1774	28
334	5	1200	28
334	5	1513	29
335	5	469	24
335	5	626	29
335	5	1774	28
336	5	521	24
336	5	730	29
336	5	1826	28
337	5	887	29
337	5	2139	28
338	5	1356	28
338	5	1669	29
339	5	521	24
339	5	678	29
339	5	2087	28
340	5	1095	28
340	5	1408	29
341	5	469	24
341	5	1200	29
341	5	1826	28
342	5	574	29
342	5	991	28
343	5	521	24
343	5	626	29
343	5	1304	28
344	5	1930	28
344	5	2243	29
345	5	521	29
345	5	1252	28
346	5	574	29
346	5	1148	28
347	5	678	29
347	5	1513	28
348	5	417	24
348	5	730	29
348	5	1617	28
349	5	521	24
349	5	678	29
349	5	1252	28
350	5	1982	28
350	5	2295	29
351	5	626	29
352	5	626	29
352	5	1356	28
353	5	521	24
353	5	678	29
354	5	574	29
354	5	887	24
354	5	1252	28
355	5	521	24
355	5	678	29
356	5	887	29
356	5	1669	28
357	5	469	24
357	5	730	29
358	5	417	24
358	5	1200	29
358	5	1826	28
360	5	730	29
360	5	2139	28
361	5	574	29
361	5	1408	28
362	5	1982	28
362	5	2295	29
364	5	521	24
364	5	626	29
365	5	1617	28
365	5	1930	29
366	5	782	29
366	5	1461	28
367	5	417	24
367	5	626	29
367	5	2139	28
368	5	521	24
368	5	626	29
368	5	1148	28
368	5	1930	30
369	5	417	24
369	5	730	29
369	5	1408	28
370	5	887	29
371	5	574	29
371	5	1356	28
372	5	834	29
372	5	1617	28
373	5	417	24
374	5	1461	28
374	5	1774	29
375	5	521	29
376	5	626	29
376	5	1982	28
377	5	1200	28
377	5	1513	29
378	5	991	28
378	5	1304	29
379	5	730	29
379	5	1408	28
380	5	678	29
381	5	417	24
381	5	834	29
381	5	2243	28
382	5	521	24
382	5	678	29
382	5	2139	28
383	5	1356	28
383	5	1669	29
384	5	521	24
384	5	834	29
385	5	469	24
385	5	834	29
386	5	626	29
387	5	574	29
387	5	1148	28
388	5	2035	28
388	5	2087	29
389	5	521	24
389	5	678	29
390	5	574	29
390	5	887	24
390	5	1826	28
391	5	417	24
391	5	678	29
391	5	1565	28
392	5	939	28
392	5	1252	29
393	5	574	29
393	5	887	24
393	5	1617	28
394	5	417	24
394	5	834	29
395	5	417	24
395	5	939	29
396	5	521	24
396	5	626	29
396	5	1148	28
397	5	1148	28
397	5	1461	29
398	5	417	24
398	5	730	29
399	5	574	29
399	5	939	28
400	5	574	29
400	5	1617	28
401	5	2139	28
401	5	2191	29
402	5	626	29
402	5	1356	28
403	5	417	24
403	5	2087	29
404	5	469	24
404	5	1148	29
404	5	2243	28
405	5	1095	28
405	5	1408	29
406	5	521	24
406	5	626	29
406	5	1565	28
407	5	1095	28
407	5	1408	29
409	5	1095	28
409	5	1408	29
410	5	939	28
410	5	1252	29
411	5	574	29
411	5	991	28
412	5	469	24
412	5	678	29
412	5	1200	28
412	5	1930	30
412	5	2191	25
413	5	521	24
413	5	626	29
413	5	1148	28
413	5	1930	30
414	5	626	29
414	5	1304	28
415	5	521	24
415	5	678	29
415	5	1669	28
416	5	1408	28
416	5	1722	29
417	5	574	29
417	5	1513	28
418	5	469	24
418	5	730	29
418	5	1408	28
419	5	574	29
419	5	1148	28
420	5	887	29
420	5	1617	28
421	5	417	24
421	5	2087	29
422	5	417	24
422	5	1513	29
423	5	417	24
423	5	1148	29
423	5	1722	28
424	5	574	29
424	5	1043	28
424	5	2035	30
424	5	2295	24
425	5	626	29
425	5	1878	28
426	5	1043	28
426	5	1095	29
427	5	1982	28
427	5	2295	29
428	5	469	24
428	5	678	29
429	5	469	29
429	5	1304	28
430	5	417	24
430	5	626	29
430	5	2295	28
431	5	469	24
431	5	626	29
431	5	1356	28
432	5	521	24
432	5	782	29
432	5	1408	28
433	5	469	24
433	5	939	29
433	5	1826	28
434	5	521	24
434	5	678	29
434	5	1304	28
434	5	2243	30
435	5	521	29
435	5	939	28
436	5	521	24
436	5	678	29
436	5	1252	28
437	5	574	29
437	5	1774	28
438	5	678	29
438	5	1304	28
439	5	417	24
439	5	1356	29
440	5	730	29
440	5	1826	28
441	5	1826	28
441	5	2139	29
442	5	678	29
442	5	1617	28
443	5	417	24
443	5	991	29
444	5	1565	28
444	5	1878	29
445	5	521	24
445	5	626	29
445	5	1774	28
446	5	782	29
446	5	2087	28
447	5	521	29
447	5	2295	28
448	5	1043	28
448	5	1356	29
449	5	2035	28
450	5	417	24
451	5	782	29
451	5	1356	28
452	5	521	29
452	5	1982	28
453	5	469	24
453	5	626	29
453	5	1200	28
454	5	1304	28
454	5	1617	29
455	5	417	24
455	5	1252	29
455	5	1774	28
456	5	1252	28
456	5	1304	29
457	5	730	29
457	5	1669	28
458	5	1722	28
458	5	2035	29
459	5	469	29
460	5	521	24
460	5	626	29
460	5	2139	28
461	5	574	29
461	5	1043	28
462	5	417	24
462	5	834	29
462	5	2035	28
463	5	417	24
463	5	782	29
463	5	1304	28
464	5	939	29
464	5	1565	28
465	5	521	24
465	5	678	29
465	5	1982	28
466	5	574	29
466	5	939	28
467	5	574	29
467	5	1408	28
468	5	521	24
468	5	626	29
468	5	2035	28
469	5	574	29
469	5	887	24
469	5	1408	28
470	5	1513	28
470	5	1826	29
471	5	1095	28
471	5	1408	29
472	5	574	29
472	5	1356	28
473	5	730	29
473	5	1513	28
474	5	574	29
474	5	1095	28
475	5	939	29
475	5	2035	28
476	5	469	24
476	5	1565	29
477	5	417	24
478	5	417	24
478	5	887	29
480	5	730	29
481	5	574	29
481	5	1148	28
482	5	574	24
482	5	834	29
483	5	1669	28
483	5	1982	29
484	5	2035	28
484	5	2087	29
485	5	417	24
485	5	1408	29
486	5	1252	28
486	5	1565	29
487	5	521	24
487	5	626	29
487	5	2035	28
488	5	1252	28
488	5	1565	29
489	5	521	24
489	5	626	29
489	5	1200	28
490	5	834	29
490	5	1356	28
491	5	678	29
491	5	1669	28
492	5	939	28
492	5	1252	29
493	5	730	29
494	5	417	24
494	5	678	29
495	5	417	24
495	5	1095	29
495	5	1565	28
496	5	678	29
496	5	1304	28
497	5	574	29
498	5	626	29
498	5	1669	28
499	5	626	29
500	5	574	29
500	5	939	28
501	5	1252	28
501	5	1565	29
502	5	417	24
502	5	1095	29
502	5	2243	28
503	5	521	24
503	5	626	29
503	5	1148	28
503	5	1878	30
503	5	2295	25
505	5	1252	28
505	5	1565	29
506	5	1043	28
506	5	1356	29
507	5	1617	28
507	5	1930	29
508	5	469	24
508	5	678	29
508	5	1304	28
509	5	469	24
510	5	1930	28
510	5	1982	29
512	5	939	29
512	5	1461	28
513	5	939	28
513	5	1252	29
514	5	521	24
514	5	730	29
514	5	1826	28
515	5	469	24
515	5	626	29
515	5	1408	28
516	5	1304	28
516	5	1617	29
517	5	1252	28
517	5	1565	29
518	5	991	28
518	5	1304	29
519	5	574	29
519	5	1200	28
520	5	626	29
520	5	1982	28
521	5	417	24
521	5	626	29
521	5	1304	28
522	5	782	29
522	5	1304	28
523	5	521	24
523	5	678	29
523	5	1774	28
524	5	2087	28
525	5	626	29
525	5	1148	28
526	5	1878	28
526	5	2191	29
527	5	521	29
527	5	939	28
528	5	521	24
528	5	626	29
528	5	1565	28
529	5	521	24
529	5	678	29
529	5	1148	28
530	5	1200	28
530	5	1513	29
531	5	1043	28
531	5	1356	29
532	5	469	24
532	5	1148	29
533	5	1982	28
533	5	2295	29
534	5	521	24
534	5	678	29
534	5	1304	28
535	5	417	24
535	5	1982	29
536	5	1252	28
536	5	1565	29
537	5	417	24
537	5	887	29
537	5	1669	28
538	5	574	29
538	5	939	28
539	5	417	24
539	5	626	29
540	5	521	29
541	5	574	29
541	5	1722	28
542	5	939	28
542	5	1252	29
543	5	1095	28
543	5	1408	29
544	5	626	29
544	5	1200	28
545	5	782	29
546	5	1148	28
546	5	1461	29
547	5	626	29
547	5	1252	28
548	5	1304	28
548	5	1617	29
549	5	417	24
549	5	1356	29
550	5	574	29
550	5	939	28
551	5	417	24
551	5	626	29
551	5	1252	28
552	5	1304	28
552	5	1617	29
553	5	521	29
553	5	1617	28
554	5	417	24
554	5	574	29
554	5	1408	28
555	5	417	24
555	5	574	29
555	5	1148	28
555	5	1930	30
556	5	834	29
556	5	1356	28
557	5	417	24
557	5	1982	29
558	5	521	29
558	5	1878	28
559	5	991	28
559	5	1304	29
560	5	1304	28
560	5	1617	29
561	5	417	24
561	5	1095	29
562	5	991	28
562	5	1304	29
563	5	521	29
563	5	1304	28
564	5	1304	28
564	5	1617	29
565	5	574	29
565	5	1043	28
565	5	2243	24
566	5	417	24
566	5	678	29
567	5	521	29
567	5	2139	28
568	5	574	29
568	5	939	28
569	5	417	24
569	5	1200	29
570	5	1252	28
570	5	1565	29
571	5	574	29
571	5	939	28
572	5	1408	28
572	5	1461	29
573	5	2295	29
574	5	417	24
574	5	887	29
575	5	574	29
575	5	887	24
575	5	1095	28
576	5	1095	28
576	5	1408	29
577	5	521	24
577	5	678	29
577	5	1461	28
578	5	521	29
578	5	1982	28
579	5	417	24
579	5	991	29
580	5	2035	28
581	5	469	24
581	5	1148	29
581	5	1826	28
582	5	469	24
582	5	939	29
582	5	2035	28
583	5	521	24
583	5	678	29
583	5	1148	28
584	5	574	29
584	5	1826	28
585	5	469	24
585	5	626	29
585	5	1148	28
585	5	1826	30
586	5	730	29
586	5	1304	28
587	5	417	24
587	5	574	29
587	5	1148	28
588	5	574	29
588	5	1356	28
589	5	417	24
589	5	678	29
589	5	1565	28
590	5	521	24
590	5	730	29
590	5	1617	28
591	5	469	24
591	5	1722	29
593	5	678	29
593	5	2295	28
594	5	417	24
594	5	1148	29
594	5	2139	28
595	5	469	24
595	5	626	29
595	5	1252	28
596	5	469	24
596	5	991	29
596	5	1669	28
597	5	730	29
597	5	2295	28
598	5	469	24
598	5	574	29
598	5	1930	28
599	5	469	24
599	5	626	29
599	5	1826	28
600	5	1617	28
600	5	1930	29
601	5	469	24
601	5	782	29
602	5	521	29
603	5	782	29
604	5	417	24
604	5	1095	29
604	5	1826	28
605	5	521	29
605	5	1722	28
606	5	678	29
606	5	1356	28
607	5	574	29
607	5	1043	28
608	5	574	29
608	5	1200	28
609	5	469	24
610	5	2191	28
611	5	782	29
611	5	1722	28
612	5	1095	28
612	5	1408	29
613	5	469	24
613	5	1513	29
614	5	469	24
614	5	1252	29
615	5	469	29
615	5	1722	28
616	5	991	28
616	5	1304	29
617	5	1878	28
617	5	2191	29
618	5	2035	28
619	5	939	28
619	5	1252	29
620	5	521	24
620	5	626	29
620	5	2295	28
621	5	417	24
621	5	1148	29
621	5	1669	28
622	5	417	24
622	5	626	29
623	5	417	24
623	5	1252	29
624	5	574	29
624	5	1722	28
625	5	469	24
625	5	1252	29
626	5	574	29
626	5	1200	28
627	5	469	24
627	5	782	29
627	5	1669	28
628	5	678	29
628	5	1461	28
629	5	521	29
629	5	2087	28
630	5	834	29
630	5	1669	28
631	5	417	24
631	5	939	29
631	5	1617	28
632	5	521	24
632	5	626	29
632	5	1513	28
633	5	417	24
633	5	521	29
634	5	1148	28
634	5	1461	29
635	5	469	24
635	5	1513	29
636	5	2139	28
637	5	1200	28
637	5	1513	29
638	5	417	24
638	5	1982	29
639	5	574	29
639	5	1095	28
640	5	834	29
641	5	626	29
642	5	1148	28
642	5	1461	29
643	5	2295	28
644	5	469	24
644	5	834	29
645	5	782	29
645	5	1408	28
646	5	521	24
646	5	678	29
646	5	1356	28
647	5	1461	28
647	5	1774	29
648	5	782	29
648	5	1565	28
649	5	521	24
649	5	626	29
649	5	1669	28
650	5	1461	28
650	5	1774	29
651	5	626	29
652	5	469	24
652	5	782	29
652	5	1774	28
653	5	417	24
653	5	782	29
653	5	1774	28
654	5	887	29
654	5	2191	28
655	5	782	29
655	5	1565	28
656	5	678	29
656	5	1461	28
657	5	417	24
657	5	834	29
658	5	521	24
658	5	782	29
658	5	1461	28
659	5	1095	28
659	5	1408	29
660	5	469	24
660	5	1513	29
661	5	469	24
661	5	678	29
661	5	1617	28
662	5	730	29
662	5	1408	28
663	5	991	28
663	5	1304	29
664	5	469	24
664	5	678	29
664	5	1461	28
665	5	521	24
665	5	678	29
665	5	1982	28
666	5	521	24
666	5	678	29
666	5	1930	28
667	5	417	24
667	5	678	29
668	5	417	24
668	5	1043	29
668	5	1982	28
669	5	834	29
669	5	1617	28
670	5	417	24
670	5	1043	29
670	5	1930	28
671	5	1252	28
671	5	1565	29
672	5	887	29
672	5	1982	28
673	5	834	29
673	5	1878	28
674	5	782	29
674	5	1408	28
675	5	991	28
675	5	1304	29
676	5	417	24
676	5	626	29
676	5	1356	28
677	5	469	24
677	5	1043	29
677	5	1617	28
678	5	521	24
678	5	626	29
678	5	1930	28
679	5	1148	28
679	5	1461	29
680	5	991	28
680	5	1304	29
681	5	939	28
681	5	1252	29
682	5	521	29
682	5	1826	28
683	5	1200	28
683	5	1513	29
684	5	991	28
684	5	1304	29
685	5	626	29
685	5	2087	28
686	5	417	24
686	5	730	29
687	5	469	24
687	5	1565	29
688	5	1200	28
688	5	1513	29
689	5	1148	28
689	5	1461	29
690	5	521	29
691	5	417	24
691	5	678	29
691	5	1356	28
692	5	626	29
692	5	1200	28
693	5	678	29
693	5	1304	28
694	5	574	24
694	5	834	29
694	5	1722	28
695	5	469	24
695	5	574	29
695	5	1878	28
696	5	939	29
696	5	2243	28
697	5	574	29
697	5	1200	28
698	5	1461	28
698	5	1774	29
699	5	730	29
699	5	1461	28
700	5	626	29
701	5	417	24
701	5	1095	29
701	5	1617	28
702	5	678	29
703	5	574	29
703	5	1095	28
704	5	1930	28
704	5	2243	29
705	5	939	28
705	5	1252	29
706	5	417	24
706	5	626	29
706	5	1982	28
707	5	417	24
707	5	730	29
708	5	469	24
708	5	1252	29
708	5	1982	28
709	5	574	29
709	5	1200	28
710	5	417	24
710	5	782	29
710	5	1408	28
711	5	1043	28
711	5	1356	29
712	5	887	29
712	5	1617	28
714	5	521	24
714	5	678	29
714	5	1826	28
715	5	834	29
715	5	1722	28
716	5	469	24
716	5	626	29
716	5	1200	28
717	5	991	28
717	5	1304	29
717	5	2295	24
718	5	574	29
718	5	1095	28
719	5	469	24
719	5	1148	29
720	5	1930	28
720	5	2243	29
721	5	730	29
721	5	1408	28
722	5	574	29
722	5	887	24
722	5	1148	28
723	5	782	29
723	5	2295	28
724	5	417	24
724	5	1878	29
725	5	469	24
725	5	834	29
725	5	1565	28
726	5	730	29
726	5	1304	28
727	5	1200	28
727	5	1513	29
728	5	1826	28
728	5	2139	29
729	5	521	24
729	5	730	29
729	5	2295	28
730	5	417	24
730	5	1043	29
731	5	574	29
731	5	887	24
731	5	2035	28
732	5	626	29
732	5	1982	28
733	5	521	24
733	5	678	29
733	5	1513	28
734	5	521	29
734	5	939	28
735	5	417	24
735	5	2087	29
736	5	991	28
736	5	1304	29
737	5	521	24
737	5	678	29
737	5	1565	28
738	5	626	29
738	5	1200	28
739	5	1095	28
739	5	1408	29
741	5	417	24
741	5	834	29
742	5	521	24
742	5	678	29
742	5	1252	28
743	5	574	29
743	5	1043	28
744	5	1148	28
744	5	1461	29
745	5	469	24
745	5	1722	29
746	5	469	29
747	5	417	24
747	5	939	29
748	5	1982	28
748	5	2295	29
749	5	417	24
749	5	1669	29
750	5	574	24
750	5	678	29
751	5	1148	28
751	5	1461	29
752	5	939	29
752	5	1513	28
753	5	417	24
753	5	626	29
753	5	1408	28
754	5	417	24
754	5	626	29
754	5	1513	28
755	5	417	24
755	5	626	29
755	5	1930	28
756	5	417	24
756	5	626	29
756	5	1304	28
757	5	469	29
757	5	2191	28
758	5	521	24
758	5	626	29
758	5	1513	28
759	5	469	29
760	5	678	29
761	5	417	24
761	5	1095	29
761	5	2087	28
762	5	626	29
762	5	1408	28
763	5	1148	28
763	5	1461	29
764	5	678	29
765	5	574	29
765	5	1461	28
766	5	417	24
766	5	834	29
767	5	1095	28
767	5	1408	29
768	5	1408	28
768	5	1722	29
769	5	834	29
770	5	521	29
771	5	1095	28
771	5	1408	29
772	5	887	29
772	5	2243	28
773	5	417	24
773	5	1617	29
774	5	574	29
774	5	991	28
775	5	1200	28
775	5	1513	29
776	5	574	29
776	5	887	24
776	5	1356	28
777	5	1982	28
777	5	2295	29
778	5	521	24
778	5	730	29
778	5	2191	28
779	5	1930	28
779	5	2243	29
780	5	626	29
780	5	2191	28
781	5	626	29
781	5	1304	28
782	5	678	29
782	5	1982	28
783	5	1408	28
783	5	1722	29
784	5	574	29
784	5	1565	28
785	5	469	24
785	5	782	29
786	5	417	24
786	5	991	29
787	5	417	24
787	5	1461	29
787	5	2191	28
788	5	521	29
788	5	1356	28
789	5	1043	28
789	5	1356	29
790	5	887	29
790	5	1774	28
791	5	469	24
791	5	1461	29
792	5	521	24
792	5	782	29
793	5	574	29
793	5	939	28
794	5	574	29
794	5	939	28
795	5	1617	28
795	5	1930	29
796	5	469	24
796	5	1565	29
797	5	521	24
797	5	730	29
798	5	991	28
798	5	1304	29
799	5	417	24
800	5	1252	28
800	5	1565	29
801	5	1304	28
801	5	1617	29
802	5	521	29
802	5	1408	28
803	5	626	29
803	5	1304	28
804	5	521	29
804	5	1774	28
805	5	469	24
806	5	417	24
806	5	1513	29
807	5	521	24
807	5	678	29
807	5	1148	28
808	5	1982	28
808	5	2295	29
809	5	1722	28
809	5	2035	29
810	5	574	29
810	5	887	24
810	5	1669	28
811	5	574	29
811	5	939	28
812	5	574	29
812	5	1095	28
813	5	469	24
813	5	887	29
814	5	469	24
814	5	991	29
815	5	469	29
816	5	1043	28
816	5	1356	29
817	5	2087	28
818	5	469	24
818	5	887	29
818	5	1878	28
819	5	1408	28
819	5	1722	29
820	5	730	29
820	5	2243	28
821	5	1148	28
821	5	1200	29
822	5	574	29
822	5	887	24
822	5	1878	28
823	5	521	24
823	5	678	29
823	5	1252	28
824	5	991	28
824	5	1304	29
825	5	991	28
825	5	1304	29
826	5	939	29
826	5	1513	28
827	5	834	29
828	5	417	24
828	5	1304	29
828	5	2191	28
829	5	1982	28
829	5	2035	29
830	5	469	24
830	5	1200	29
831	5	574	29
831	5	1148	28
831	5	2139	30
832	5	521	24
832	5	730	29
832	5	1304	28
833	5	1148	28
833	5	1461	29
834	5	469	24
834	5	730	29
834	5	1408	28
835	5	678	29
835	5	1930	28
836	5	2035	28
837	5	1148	28
837	5	1461	29
838	5	574	29
838	5	1043	28
839	5	1304	28
839	5	1617	29
840	5	574	29
840	5	887	24
840	5	1200	28
841	5	574	29
842	5	417	24
842	5	991	29
842	5	1722	28
843	5	521	24
843	5	626	29
843	5	1200	28
843	5	1982	30
844	5	1148	28
844	5	1461	29
845	5	1200	28
845	5	1513	29
846	5	1356	28
846	5	1669	29
847	5	469	24
847	5	1252	29
847	5	1930	28
848	5	574	29
848	5	887	24
848	5	1252	28
849	5	417	24
849	5	2087	29
850	5	574	29
850	5	1043	28
851	5	469	24
852	5	939	29
853	5	1304	28
853	5	1617	29
854	5	1043	28
854	5	1356	29
855	5	626	29
855	5	2295	28
856	5	678	29
856	5	2295	28
857	5	1304	28
857	5	1617	29
858	5	730	29
858	5	1408	28
859	5	469	24
859	5	1565	29
860	5	1565	28
860	5	1617	29
861	5	521	24
861	5	678	29
862	5	1461	28
862	5	1513	29
863	5	574	29
863	5	1095	28
864	5	417	24
864	5	574	29
864	5	1252	28
865	5	521	29
865	5	1356	28
866	5	521	24
866	5	626	29
866	5	1826	28
867	5	782	29
867	5	2087	28
868	5	574	29
868	5	1408	28
869	5	991	28
869	5	1304	29
870	5	1095	28
870	5	1148	29
871	5	1095	28
871	5	1408	29
873	5	574	29
873	5	939	28
875	5	626	29
875	5	1356	28
876	5	469	24
876	5	678	29
877	5	574	29
877	5	887	24
877	5	1252	28
878	5	417	24
878	5	1356	29
878	5	2243	28
879	5	469	24
879	5	730	29
880	5	521	24
880	5	678	29
880	5	1461	28
881	5	939	29
882	5	1200	28
882	5	1513	29
883	5	1669	28
883	5	1982	29
884	5	521	24
884	5	730	29
884	5	2191	28
885	5	469	24
885	5	730	29
885	5	1252	28
886	5	939	29
886	5	2035	28
887	5	417	24
887	5	834	29
888	5	1826	28
888	5	2139	29
889	5	1304	28
889	5	1617	29
890	5	1252	28
890	5	1304	29
891	5	521	24
891	5	678	29
892	5	1461	28
892	5	1774	29
893	5	574	29
894	5	626	29
894	5	1930	28
895	5	678	29
895	5	1826	28
896	5	521	24
896	5	678	29
897	5	521	29
897	5	1148	28
898	5	417	24
898	5	730	29
898	5	1304	28
899	5	469	24
899	5	678	29
899	5	1356	28
900	5	939	29
900	5	1826	28
901	5	521	24
901	5	626	29
901	5	2295	28
902	5	887	29
902	5	1356	28
903	5	574	29
903	5	1148	28
905	5	417	24
905	5	1408	29
906	5	574	29
907	5	1982	28
907	5	2295	29
908	5	469	24
908	5	678	29
908	5	1669	28
909	5	1878	28
909	5	2191	29
910	5	1095	28
910	5	1408	29
911	5	939	29
912	5	574	29
913	5	1252	28
913	5	1565	29
914	5	469	24
914	5	1043	29
914	5	1669	28
915	5	1200	28
915	5	1513	29
916	5	574	29
916	5	1095	28
917	5	730	29
917	5	1982	28
918	5	1200	28
918	5	1252	29
919	5	1252	28
919	5	1565	29
920	5	469	24
920	5	1043	29
921	5	417	24
921	5	939	29
922	5	469	24
922	5	939	29
922	5	2087	28
923	5	1200	28
923	5	1513	29
924	5	574	29
924	5	1095	28
925	5	417	24
925	5	678	29
926	5	626	29
926	5	1252	28
927	5	469	24
927	5	939	29
927	5	1878	28
928	5	469	24
929	5	417	24
929	5	678	29
929	5	1617	28
931	5	469	24
931	5	626	29
931	5	1252	28
932	5	1043	28
932	5	1356	29
933	5	1252	28
933	5	1565	29
934	5	991	28
934	5	1304	29
935	5	574	29
935	5	1408	28
936	5	521	29
936	5	2035	28
937	5	887	29
937	5	2139	28
938	5	991	28
938	5	1304	29
939	5	1200	28
939	5	1513	29
940	5	678	29
940	5	1252	28
941	5	574	29
941	5	991	28
942	5	574	29
942	5	991	28
943	5	417	24
943	5	2035	29
944	5	730	29
944	5	1722	28
945	5	469	24
945	5	1617	29
946	5	782	29
946	5	1617	28
947	5	521	24
947	5	730	29
947	5	1252	28
947	5	2243	30
948	5	521	24
948	5	678	29
948	5	1774	28
949	5	521	29
949	5	887	24
949	5	1148	28
949	5	1878	30
950	5	521	24
950	5	678	29
950	5	1513	28
951	5	2295	28
952	5	2087	28
953	5	521	24
953	5	678	29
953	5	1461	28
954	5	574	29
954	5	887	24
954	5	1617	28
955	5	469	24
956	5	417	24
956	5	1043	29
957	5	1408	28
957	5	1722	29
958	5	1095	28
958	5	1408	29
960	5	417	24
960	5	887	29
960	5	1878	28
961	5	626	29
961	5	1408	28
962	5	469	24
962	5	2087	29
963	5	417	24
963	5	730	29
963	5	2191	28
964	5	574	29
964	5	1095	28
965	5	887	29
965	5	1565	28
966	5	574	29
966	5	1304	28
967	5	1304	28
967	5	1617	29
968	5	417	24
968	5	730	29
968	5	2087	28
969	5	521	29
969	5	1408	28
971	5	417	24
971	5	730	29
971	5	1669	28
972	5	574	29
972	5	887	24
972	5	1200	28
972	5	1930	30
973	5	521	29
974	5	626	29
975	5	417	24
975	5	1408	29
976	5	521	29
976	5	1252	28
977	5	1774	28
977	5	2087	29
978	5	417	24
978	5	782	29
978	5	1513	28
979	5	1252	28
979	5	1565	29
980	5	417	24
980	5	1930	29
981	5	939	29
981	5	1408	28
982	5	626	29
983	5	574	29
983	5	939	28
984	5	417	24
984	5	1200	29
984	5	2139	28
985	5	1095	28
985	5	1408	29
986	5	2191	28
987	5	417	24
987	5	1356	29
988	5	626	29
988	5	1878	28
989	5	574	29
989	5	1878	28
990	5	521	29
991	5	417	24
992	5	1774	28
992	5	2087	29
993	5	887	29
994	5	521	29
995	5	469	24
995	5	626	29
995	5	1774	28
996	5	1148	28
996	5	1461	29
997	5	2243	28
997	5	2295	29
998	5	521	29
998	5	1200	28
999	5	1356	28
999	5	1669	29
